{
  "UAV1": {
    "repulsionCoefficient": 2.236928939819336,
    "entropyCoefficient": 1.5075396299362183,
    "distanceCoefficient": 2.017789125442505,
    "leaderRangeCoefficient": 3.486936330795288,
    "directionRetentionCoefficient": 2.0038869380950928
  },
  "UAV2": {
    "repulsionCoefficient": 2.236928939819336,
    "entropyCoefficient": 1.5075396299362183,
    "distanceCoefficient": 2.017789125442505,
    "leaderRangeCoefficient": 3.486936330795288,
    "directionRetentionCoefficient": 2.0038869380950928
  },
  "UAV3": {
    "repulsionCoefficient": 2.236928939819336,
    "entropyCoefficient": 1.5075396299362183,
    "distanceCoefficient": 2.017789125442505,
    "leaderRangeCoefficient": 3.486936330795288,
    "directionRetentionCoefficient": 2.0038869380950928
  }
}