{
  "UAV1": {
    "repulsionCoefficient": 2.8837993144989014,
    "entropyCoefficient": 1.8277556896209717,
    "distanceCoefficient": 3.4749107360839844,
    "leaderRangeCoefficient": 3.794290542602539,
    "directionRetentionCoefficient": 3.2037932872772217
  },
  "UAV2": {
    "repulsionCoefficient": 2.8837993144989014,
    "entropyCoefficient": 1.8277556896209717,
    "distanceCoefficient": 3.4749107360839844,
    "leaderRangeCoefficient": 3.794290542602539,
    "directionRetentionCoefficient": 3.2037932872772217
  },
  "UAV3": {
    "repulsionCoefficient": 2.8837993144989014,
    "entropyCoefficient": 1.8277556896209717,
    "distanceCoefficient": 3.4749107360839844,
    "leaderRangeCoefficient": 3.794290542602539,
    "directionRetentionCoefficient": 3.2037932872772217
  }
}