{
  "UAV1": {
    "repulsionCoefficient": 3.342770576477051,
    "entropyCoefficient": 1.804598093032837,
    "distanceCoefficient": 2.7791988849639893,
    "leaderRangeCoefficient": 3.6895594596862793,
    "directionRetentionCoefficient": 1.7502961158752441
  },
  "UAV2": {
    "repulsionCoefficient": 3.342770576477051,
    "entropyCoefficient": 1.804598093032837,
    "distanceCoefficient": 2.7791988849639893,
    "leaderRangeCoefficient": 3.6895594596862793,
    "directionRetentionCoefficient": 1.7502961158752441
  },
  "UAV3": {
    "repulsionCoefficient": 3.342770576477051,
    "entropyCoefficient": 1.804598093032837,
    "distanceCoefficient": 2.7791988849639893,
    "leaderRangeCoefficient": 3.6895594596862793,
    "directionRetentionCoefficient": 1.7502961158752441
  }
}