{
  "UAV1": {
    "repulsionCoefficient": 3.1250522136688232,
    "entropyCoefficient": 2.265930414199829,
    "distanceCoefficient": 3.449106216430664,
    "leaderRangeCoefficient": 2.2348194122314453,
    "directionRetentionCoefficient": 2.9806807041168213
  },
  "UAV2": {
    "repulsionCoefficient": 3.1250522136688232,
    "entropyCoefficient": 2.265930414199829,
    "distanceCoefficient": 3.449106216430664,
    "leaderRangeCoefficient": 2.2348194122314453,
    "directionRetentionCoefficient": 2.9806807041168213
  },
  "UAV3": {
    "repulsionCoefficient": 3.1250522136688232,
    "entropyCoefficient": 2.265930414199829,
    "distanceCoefficient": 3.449106216430664,
    "leaderRangeCoefficient": 2.2348194122314453,
    "directionRetentionCoefficient": 2.9806807041168213
  }
}