timestamp,elapsed_time,scanned_count,unscanned_count,total_count,scan_ratio,global_avg_entropy,global_scan_ratio,entropy_bins,entropy_hist,entropy_cdf,repulsion_coefficient,entropy_coefficient,distance_coefficient,leader_range_coefficient,direction_retention_coefficient,hl_action,hl_goal_x,hl_goal_y,hl_goal_z,algorithm_type,env_type,control_mode,UAV1_x,UAV1_y,UAV1_z,UAV1_roll,UAV1_pitch,UAV1_yaw,UAV2_x,UAV2_y,UAV2_z,UAV2_roll,UAV2_pitch,UAV2_yaw,UAV3_x,UAV3_y,UAV3_z,UAV3_roll,UAV3_pitch,UAV3_yaw,UAV1_battery_voltage,UAV2_battery_voltage,UAV3_battery_voltage
2026-02-04 20:17:09,1.00,4,348,352,1.14%,79.98,0.25%,"[0, 5, 10, 15, 20, 25, 30, 35, 40, 45, 50, 55, 60, 65, 70, 75, 80, 85, 90, 95, 100]","[4, 0, 0, 0, 0, 0, 0, 0, 0, 0, 0, 0, 0, 0, 0, 0, 1609, 0, 0, 0]","[0.0024798512089274642, 0.0024798512089274642, 0.0024798512089274642, 0.0024798512089274642, 0.0024798512089274642, 0.0024798512089274642, 0.0024798512089274642, 0.0024798512089274642, 0.0024798512089274642, 0.0024798512089274642, 0.0024798512089274642, 0.0024798512089274642, 0.0024798512089274642, 0.0024798512089274642, 0.0024798512089274642, 0.0024798512089274642, 1.0, 1.0, 1.0, 1.0]",4.0,2.0,2.0,2.0,2.0,,,,,hrl_dqn_apf,hierarchical,dqn,-10.001,1.581,-0.759,0.00,0.00,0.00,-14.299,1.548,-0.590,0.00,0.00,0.00,-20.110,1.539,-0.590,0.00,0.00,0.00,4.200,4.200,4.200
2026-02-04 20:17:10,2.01,4,348,352,1.14%,80.15,0.25%,"[0, 5, 10, 15, 20, 25, 30, 35, 40, 45, 50, 55, 60, 65, 70, 75, 80, 85, 90, 95, 100]","[4, 0, 0, 0, 0, 0, 0, 0, 0, 0, 0, 0, 0, 0, 0, 0, 1609, 0, 0, 0]","[0.0024798512089274642, 0.0024798512089274642, 0.0024798512089274642, 0.0024798512089274642, 0.0024798512089274642, 0.0024798512089274642, 0.0024798512089274642, 0.0024798512089274642, 0.0024798512089274642, 0.0024798512089274642, 0.0024798512089274642, 0.0024798512089274642, 0.0024798512089274642, 0.0024798512089274642, 0.0024798512089274642, 0.0024798512089274642, 1.0, 1.0, 1.0, 1.0]",4.0,2.0,2.0,2.0,2.0,,,,,hrl_dqn_apf,hierarchical,dqn,-10.001,1.581,-0.759,0.00,0.00,0.00,-14.299,1.548,-0.590,0.00,0.00,0.00,-20.110,1.544,-0.590,0.00,0.00,0.00,4.200,4.200,4.200
2026-02-04 20:17:11,3.02,4,349,353,1.13%,80.49,0.25%,"[0, 5, 10, 15, 20, 25, 30, 35, 40, 45, 50, 55, 60, 65, 70, 75, 80, 85, 90, 95, 100]","[4, 0, 0, 0, 0, 0, 0, 0, 0, 0, 0, 0, 0, 0, 0, 0, 1609, 0, 0, 0]","[0.0024798512089274642, 0.0024798512089274642, 0.0024798512089274642, 0.0024798512089274642, 0.0024798512089274642, 0.0024798512089274642, 0.0024798512089274642, 0.0024798512089274642, 0.0024798512089274642, 0.0024798512089274642, 0.0024798512089274642, 0.0024798512089274642, 0.0024798512089274642, 0.0024798512089274642, 0.0024798512089274642, 0.0024798512089274642, 1.0, 1.0, 1.0, 1.0]",4.0,2.0,2.0,2.0,2.0,,,,,hrl_dqn_apf,hierarchical,dqn,-10.001,1.581,-0.759,0.00,0.00,0.00,-14.299,1.548,-0.590,0.00,0.00,0.00,-20.110,1.547,-0.590,0.00,0.00,0.00,4.200,4.200,4.200
2026-02-04 20:17:12,4.03,4,349,353,1.13%,80.66,0.25%,"[0, 5, 10, 15, 20, 25, 30, 35, 40, 45, 50, 55, 60, 65, 70, 75, 80, 85, 90, 95, 100]","[4, 0, 0, 0, 0, 0, 0, 0, 0, 0, 0, 0, 0, 0, 0, 0, 1609, 0, 0, 0]","[0.0024798512089274642, 0.0024798512089274642, 0.0024798512089274642, 0.0024798512089274642, 0.0024798512089274642, 0.0024798512089274642, 0.0024798512089274642, 0.0024798512089274642, 0.0024798512089274642, 0.0024798512089274642, 0.0024798512089274642, 0.0024798512089274642, 0.0024798512089274642, 0.0024798512089274642, 0.0024798512089274642, 0.0024798512089274642, 1.0, 1.0, 1.0, 1.0]",4.0,2.0,2.0,2.0,2.0,11,-23.68076,8.0,0.0,hrl_dqn_apf,hierarchical,dqn,-9.998,1.573,-0.760,0.00,0.00,0.00,-14.302,1.539,-0.590,0.00,0.00,0.00,-20.110,1.539,-0.593,0.00,0.00,0.00,4.197,4.197,4.197
2026-02-04 20:17:13,5.03,4,351,355,1.13%,80.81,0.25%,"[0, 5, 10, 15, 20, 25, 30, 35, 40, 45, 50, 55, 60, 65, 70, 75, 80, 85, 90, 95, 100]","[4, 0, 0, 0, 0, 0, 1, 0, 0, 0, 0, 0, 0, 0, 0, 0, 1608, 0, 0, 0]","[0.0024798512089274642, 0.0024798512089274642, 0.0024798512089274642, 0.0024798512089274642, 0.0024798512089274642, 0.0024798512089274642, 0.0030998140111593306, 0.0030998140111593306, 0.0030998140111593306, 0.0030998140111593306, 0.0030998140111593306, 0.0030998140111593306, 0.0030998140111593306, 0.0030998140111593306, 0.0030998140111593306, 0.0030998140111593306, 1.0, 1.0, 1.0, 1.0]",4.0,2.0,2.0,2.0,2.0,18,-11.60089,8.0,6.0,hrl_dqn_apf,hierarchical,dqn,-9.696,1.552,-0.771,0.00,0.00,0.00,-14.604,1.511,-0.578,0.00,0.00,0.00,-20.110,1.514,-0.895,0.00,0.00,0.00,4.194,4.194,4.194
2026-02-04 20:17:14,6.03,7,350,357,1.96%,81.00,0.43%,"[0, 5, 10, 15, 20, 25, 30, 35, 40, 45, 50, 55, 60, 65, 70, 75, 80, 85, 90, 95, 100]","[6, 1, 0, 0, 0, 0, 1, 0, 0, 0, 0, 0, 0, 0, 0, 0, 1261, 344, 0, 0]","[0.0037197768133911966, 0.0043397396156230625, 0.0043397396156230625, 0.0043397396156230625, 0.0043397396156230625, 0.0043397396156230625, 0.0049597024178549285, 0.0049597024178549285, 0.0049597024178549285, 0.0049597024178549285, 0.0049597024178549285, 0.0049597024178549285, 0.0049597024178549285, 0.0049597024178549285, 0.0049597024178549285, 0.0049597024178549285, 0.7867327960322381, 1.0, 1.0, 1.0]",4.0,2.0,2.0,2.0,2.0,10,-29.52168,8.0,0.0,hrl_dqn_apf,hierarchical,dqn,-8.452,1.791,-0.822,0.00,0.00,0.00,-15.848,1.741,-0.528,0.00,0.00,0.00,-20.110,2.258,-1.498,0.00,0.00,0.00,4.191,4.191,4.191
2026-02-04 20:17:15,7.04,8,353,361,2.22%,81.10,0.50%,"[0, 5, 10, 15, 20, 25, 30, 35, 40, 45, 50, 55, 60, 65, 70, 75, 80, 85, 90, 95, 100]","[7, 1, 0, 0, 0, 0, 0, 1, 0, 0, 1, 0, 0, 0, 0, 0, 1261, 342, 0, 0]","[0.0043397396156230625, 0.0049597024178549285, 0.0049597024178549285, 0.0049597024178549285, 0.0049597024178549285, 0.0049597024178549285, 0.0049597024178549285, 0.005579665220086794, 0.005579665220086794, 0.005579665220086794, 0.006199628022318661, 0.006199628022318661, 0.006199628022318661, 0.006199628022318661, 0.006199628022318661, 0.006199628022318661, 0.7879727216367018, 1.0, 1.0, 1.0]",4.0,2.0,2.0,2.0,2.0,22,-17.36023,8.0,12.0,hrl_dqn_apf,hierarchical,dqn,-8.199,2.201,-0.832,0.00,0.00,0.00,-16.084,2.028,-0.512,0.00,0.00,0.00,-20.131,2.538,-1.553,0.00,0.00,0.00,4.188,4.188,4.188
2026-02-04 20:17:16,8.04,10,355,365,2.74%,81.23,0.62%,"[0, 5, 10, 15, 20, 25, 30, 35, 40, 45, 50, 55, 60, 65, 70, 75, 80, 85, 90, 95, 100]","[8, 2, 0, 0, 0, 0, 0, 0, 0, 0, 0, 0, 0, 0, 0, 0, 1261, 342, 0, 0]","[0.0049597024178549285, 0.006199628022318661, 0.006199628022318661, 0.006199628022318661, 0.006199628022318661, 0.006199628022318661, 0.006199628022318661, 0.006199628022318661, 0.006199628022318661, 0.006199628022318661, 0.006199628022318661, 0.006199628022318661, 0.006199628022318661, 0.006199628022318661, 0.006199628022318661, 0.006199628022318661, 0.7879727216367018, 1.0, 1.0, 1.0]",4.0,2.0,2.0,2.0,2.0,6,-23.28349,8.0,-6.0,hrl_dqn_apf,hierarchical,dqn,-8.115,2.621,-0.836,0.00,0.00,0.00,-15.768,2.015,-0.415,0.00,0.00,0.00,-20.540,2.605,-1.665,0.00,0.00,0.00,4.185,4.185,4.185
2026-02-04 20:17:17,9.05,11,352,363,3.03%,81.34,0.68%,"[0, 5, 10, 15, 20, 25, 30, 35, 40, 45, 50, 55, 60, 65, 70, 75, 80, 85, 90, 95, 100]","[9, 1, 1, 0, 0, 0, 0, 0, 0, 0, 0, 1, 0, 0, 0, 0, 1260, 341, 0, 0]","[0.005579665220086794, 0.006199628022318661, 0.006819590824550527, 0.006819590824550527, 0.006819590824550527, 0.006819590824550527, 0.006819590824550527, 0.006819590824550527, 0.006819590824550527, 0.006819590824550527, 0.006819590824550527, 0.007439553626782393, 0.007439553626782393, 0.007439553626782393, 0.007439553626782393, 0.007439553626782393, 0.7885926844389337, 1.0, 1.0, 1.0]",4.0,2.0,2.0,2.0,2.0,18,-11.199829999999999,8.0,6.0,hrl_dqn_apf,hierarchical,dqn,-8.091,3.020,-0.837,0.00,0.00,0.00,-15.151,1.963,-0.256,0.00,0.00,0.00,-21.183,2.649,-1.828,0.00,0.00,0.00,4.182,4.182,4.182
2026-02-04 20:17:18,10.05,13,356,369,3.52%,81.61,0.81%,"[0, 5, 10, 15, 20, 25, 30, 35, 40, 45, 50, 55, 60, 65, 70, 75, 80, 85, 90, 95, 100]","[9, 3, 1, 0, 0, 0, 0, 0, 0, 0, 0, 0, 0, 0, 0, 0, 1256, 7, 337, 0]","[0.005579665220086794, 0.007439553626782393, 0.008059516429014259, 0.008059516429014259, 0.008059516429014259, 0.008059516429014259, 0.008059516429014259, 0.008059516429014259, 0.008059516429014259, 0.008059516429014259, 0.008059516429014259, 0.008059516429014259, 0.008059516429014259, 0.008059516429014259, 0.008059516429014259, 0.008059516429014259, 0.7867327960322381, 0.7910725356478612, 1.0, 1.0]",4.0,2.0,2.0,2.0,2.0,18,-11.119489999999999,8.0,6.0,hrl_dqn_apf,hierarchical,dqn,-8.081,3.815,-0.838,0.00,0.00,0.00,-14.456,2.758,-0.073,0.00,0.00,0.00,-21.890,3.454,-2.014,0.00,0.00,0.00,4.179,4.179,4.179
2026-02-04 20:17:19,11.05,13,356,369,3.52%,81.79,0.81%,"[0, 5, 10, 15, 20, 25, 30, 35, 40, 45, 50, 55, 60, 65, 70, 75, 80, 85, 90, 95, 100]","[9, 2, 2, 0, 0, 0, 0, 0, 0, 0, 0, 0, 0, 0, 0, 0, 1256, 7, 337, 0]","[0.005579665220086794, 0.006819590824550527, 0.008059516429014259, 0.008059516429014259, 0.008059516429014259, 0.008059516429014259, 0.008059516429014259, 0.008059516429014259, 0.008059516429014259, 0.008059516429014259, 0.008059516429014259, 0.008059516429014259, 0.008059516429014259, 0.008059516429014259, 0.008059516429014259, 0.008059516429014259, 0.7867327960322381, 0.7910725356478612, 1.0, 1.0]",4.0,2.0,2.0,2.0,2.0,22,-16.95912,8.0,12.0,hrl_dqn_apf,hierarchical,dqn,-8.081,4.211,-0.838,0.00,0.00,0.00,-14.400,3.159,-0.058,0.00,0.00,0.00,-21.947,3.853,-2.029,0.00,0.00,0.00,4.176,4.176,4.176
2026-02-04 20:17:20,12.06,13,356,369,3.52%,81.97,0.81%,"[0, 5, 10, 15, 20, 25, 30, 35, 40, 45, 50, 55, 60, 65, 70, 75, 80, 85, 90, 95, 100]","[8, 3, 2, 0, 0, 0, 0, 0, 0, 0, 0, 0, 0, 0, 0, 0, 1252, 11, 337, 0]","[0.0049597024178549285, 0.006819590824550527, 0.008059516429014259, 0.008059516429014259, 0.008059516429014259, 0.008059516429014259, 0.008059516429014259, 0.008059516429014259, 0.008059516429014259, 0.008059516429014259, 0.008059516429014259, 0.008059516429014259, 0.008059516429014259, 0.008059516429014259, 0.008059516429014259, 0.008059516429014259, 0.7842529448233106, 0.7910725356478612, 1.0, 1.0]",4.0,2.0,2.0,2.0,2.0,21,-22.87912,8.0,12.0,hrl_dqn_apf,hierarchical,dqn,-8.080,4.609,-0.838,0.00,0.00,0.00,-14.383,3.560,-0.053,0.00,0.00,0.00,-21.964,4.253,-2.034,0.00,0.00,0.00,4.173,4.173,4.173
2026-02-04 20:17:21,13.06,13,356,369,3.52%,82.15,0.81%,"[0, 5, 10, 15, 20, 25, 30, 35, 40, 45, 50, 55, 60, 65, 70, 75, 80, 85, 90, 95, 100]","[8, 3, 2, 0, 0, 0, 0, 0, 0, 0, 0, 0, 0, 0, 0, 0, 1250, 12, 338, 0]","[0.0049597024178549285, 0.006819590824550527, 0.008059516429014259, 0.008059516429014259, 0.008059516429014259, 0.008059516429014259, 0.008059516429014259, 0.008059516429014259, 0.008059516429014259, 0.008059516429014259, 0.008059516429014259, 0.008059516429014259, 0.008059516429014259, 0.008059516429014259, 0.008059516429014259, 0.008059516429014259, 0.7830130192188469, 0.7904525728456293, 1.0, 1.0]",4.0,2.0,2.0,2.0,2.0,2,-16.79918,8.0,-12.0,hrl_dqn_apf,hierarchical,dqn,-8.080,5.003,-0.838,0.00,0.00,0.00,-14.378,3.955,-0.052,0.00,0.00,0.00,-21.970,4.648,-2.035,0.00,0.00,0.00,4.170,4.170,4.170
2026-02-04 20:17:22,14.06,13,360,373,3.49%,82.52,0.81%,"[0, 5, 10, 15, 20, 25, 30, 35, 40, 45, 50, 55, 60, 65, 70, 75, 80, 85, 90, 95, 100]","[5, 6, 1, 1, 0, 0, 0, 0, 0, 0, 0, 0, 0, 0, 0, 0, 1246, 14, 340, 0]","[0.0030998140111593306, 0.006819590824550527, 0.007439553626782393, 0.008059516429014259, 0.008059516429014259, 0.008059516429014259, 0.008059516429014259, 0.008059516429014259, 0.008059516429014259, 0.008059516429014259, 0.008059516429014259, 0.008059516429014259, 0.008059516429014259, 0.008059516429014259, 0.008059516429014259, 0.008059516429014259, 0.7805331680099195, 0.7892126472411656, 1.0, 1.0]",4.0,2.0,2.0,2.0,2.0,2,-16.63866,8.0,-12.0,hrl_dqn_apf,hierarchical,dqn,-8.080,5.796,-0.838,0.00,0.00,0.00,-14.376,4.748,-0.051,0.00,0.00,0.00,-21.972,5.441,-2.036,0.00,0.00,0.00,4.167,4.167,4.167
2026-02-04 20:17:23,15.06,13,360,373,3.49%,82.70,0.81%,"[0, 5, 10, 15, 20, 25, 30, 35, 40, 45, 50, 55, 60, 65, 70, 75, 80, 85, 90, 95, 100]","[4, 6, 2, 1, 0, 0, 0, 0, 0, 0, 0, 0, 0, 0, 0, 0, 1242, 16, 7, 335]","[0.0024798512089274642, 0.006199628022318661, 0.007439553626782393, 0.008059516429014259, 0.008059516429014259, 0.008059516429014259, 0.008059516429014259, 0.008059516429014259, 0.008059516429014259, 0.008059516429014259, 0.008059516429014259, 0.008059516429014259, 0.008059516429014259, 0.008059516429014259, 0.008059516429014259, 0.008059516429014259, 0.778053316800992, 0.7879727216367018, 0.7923124612523249, 1.0]",4.0,2.0,2.0,2.0,2.0,13,-10.558430000000001,8.0,0.0,hrl_dqn_apf,hierarchical,dqn,-8.080,6.192,-0.838,0.00,0.00,0.00,-14.375,5.144,-0.051,0.00,0.00,0.00,-21.972,5.837,-2.036,0.00,0.00,0.00,4.164,4.164,4.164
2026-02-04 20:17:24,16.07,13,360,373,3.49%,82.89,0.81%,"[0, 5, 10, 15, 20, 25, 30, 35, 40, 45, 50, 55, 60, 65, 70, 75, 80, 85, 90, 95, 100]","[3, 6, 2, 2, 0, 0, 0, 0, 0, 0, 0, 0, 0, 0, 0, 0, 1242, 16, 7, 335]","[0.0018598884066955983, 0.005579665220086794, 0.006819590824550527, 0.008059516429014259, 0.008059516429014259, 0.008059516429014259, 0.008059516429014259, 0.008059516429014259, 0.008059516429014259, 0.008059516429014259, 0.008059516429014259, 0.008059516429014259, 0.008059516429014259, 0.008059516429014259, 0.008059516429014259, 0.008059516429014259, 0.778053316800992, 0.7879727216367018, 0.7923124612523249, 1.0]",4.0,2.0,2.0,2.0,2.0,11,-22.4781,8.0,0.0,hrl_dqn_apf,hierarchical,dqn,-8.082,6.551,-0.838,0.00,0.00,0.00,-14.375,5.541,-0.051,0.00,0.00,0.00,-21.972,6.234,-2.036,0.00,0.00,0.00,4.161,4.161,4.161
2026-02-04 20:17:25,17.07,13,361,374,3.48%,83.06,0.81%,"[0, 5, 10, 15, 20, 25, 30, 35, 40, 45, 50, 55, 60, 65, 70, 75, 80, 85, 90, 95, 100]","[4, 5, 2, 2, 0, 0, 0, 0, 0, 0, 0, 0, 0, 0, 0, 0, 1242, 16, 7, 335]","[0.0024798512089274642, 0.005579665220086794, 0.006819590824550527, 0.008059516429014259, 0.008059516429014259, 0.008059516429014259, 0.008059516429014259, 0.008059516429014259, 0.008059516429014259, 0.008059516429014259, 0.008059516429014259, 0.008059516429014259, 0.008059516429014259, 0.008059516429014259, 0.008059516429014259, 0.008059516429014259, 0.778053316800992, 0.7879727216367018, 0.7923124612523249, 1.0]",4.0,2.0,2.0,2.0,2.0,18,-10.398330000000001,8.0,6.0,hrl_dqn_apf,hierarchical,dqn,-8.369,6.576,-0.838,0.00,0.00,0.00,-14.375,5.938,-0.051,0.00,0.00,0.00,-21.972,6.631,-2.036,0.00,0.00,0.00,4.158,4.158,4.158
2026-02-04 20:17:26,18.08,13,363,376,3.46%,83.42,0.81%,"[0, 5, 10, 15, 20, 25, 30, 35, 40, 45, 50, 55, 60, 65, 70, 75, 80, 85, 90, 95, 100]","[6, 2, 3, 1, 1, 0, 0, 0, 0, 0, 0, 0, 0, 0, 0, 0, 1240, 10, 14, 336]","[0.0037197768133911966, 0.0049597024178549285, 0.006819590824550527, 0.007439553626782393, 0.008059516429014259, 0.008059516429014259, 0.008059516429014259, 0.008059516429014259, 0.008059516429014259, 0.008059516429014259, 0.008059516429014259, 0.008059516429014259, 0.008059516429014259, 0.008059516429014259, 0.008059516429014259, 0.008059516429014259, 0.7768133911965283, 0.7830130192188469, 0.791692498450093, 1.0]",4.0,2.0,2.0,2.0,2.0,5,-28.23827,8.0,-6.0,hrl_dqn_apf,hierarchical,dqn,-9.704,6.567,-0.838,0.00,0.00,0.00,-14.458,6.511,-0.051,0.00,0.00,0.00,-21.238,6.714,-2.036,0.00,0.00,0.00,4.155,4.155,4.155
2026-02-04 20:17:27,19.08,13,365,378,3.44%,83.60,0.81%,"[0, 5, 10, 15, 20, 25, 30, 35, 40, 45, 50, 55, 60, 65, 70, 75, 80, 85, 90, 95, 100]","[7, 1, 3, 1, 1, 0, 0, 0, 0, 0, 0, 0, 0, 0, 0, 0, 1236, 14, 12, 338]","[0.0043397396156230625, 0.0049597024178549285, 0.006819590824550527, 0.007439553626782393, 0.008059516429014259, 0.008059516429014259, 0.008059516429014259, 0.008059516429014259, 0.008059516429014259, 0.008059516429014259, 0.008059516429014259, 0.008059516429014259, 0.008059516429014259, 0.008059516429014259, 0.008059516429014259, 0.008059516429014259, 0.7743335399876008, 0.7830130192188469, 0.7904525728456293, 1.0]",4.0,2.0,2.0,2.0,2.0,15,-28.15779,8.0,6.0,hrl_dqn_apf,hierarchical,dqn,-10.456,6.563,-0.838,0.00,0.00,0.00,-14.950,6.518,-0.051,0.00,0.00,0.00,-20.531,6.709,-2.036,0.00,0.00,0.00,4.152,4.152,4.152
2026-02-04 20:17:28,20.08,13,365,378,3.44%,83.75,0.81%,"[0, 5, 10, 15, 20, 25, 30, 35, 40, 45, 50, 55, 60, 65, 70, 75, 80, 85, 90, 95, 100]","[7, 0, 4, 1, 1, 0, 0, 0, 0, 0, 0, 0, 1, 0, 0, 0, 1237, 10, 14, 338]","[0.0043397396156230625, 0.0043397396156230625, 0.006819590824550527, 0.007439553626782393, 0.008059516429014259, 0.008059516429014259, 0.008059516429014259, 0.008059516429014259, 0.008059516429014259, 0.008059516429014259, 0.008059516429014259, 0.008059516429014259, 0.008679479231246125, 0.008679479231246125, 0.008679479231246125, 0.008679479231246125, 0.7755734655920645, 0.7817730936143832, 0.7904525728456293, 1.0]",4.0,2.0,2.0,2.0,2.0,8,-10.078009999999999,8.0,-6.0,hrl_dqn_apf,hierarchical,dqn,-11.208,6.567,-0.838,0.00,0.00,0.00,-15.633,6.512,-0.050,0.00,0.00,0.00,-19.786,6.704,-2.036,0.00,0.00,0.00,4.149,4.149,4.149
2026-02-04 20:17:29,21.09,15,365,380,3.95%,83.84,0.93%,"[0, 5, 10, 15, 20, 25, 30, 35, 40, 45, 50, 55, 60, 65, 70, 75, 80, 85, 90, 95, 100]","[10, 0, 3, 1, 1, 0, 0, 0, 0, 0, 0, 0, 0, 0, 0, 0, 1236, 8, 16, 338]","[0.006199628022318661, 0.006199628022318661, 0.008059516429014259, 0.008679479231246125, 0.009299442033477991, 0.009299442033477991, 0.009299442033477991, 0.009299442033477991, 0.009299442033477991, 0.009299442033477991, 0.009299442033477991, 0.009299442033477991, 0.009299442033477991, 0.009299442033477991, 0.009299442033477991, 0.009299442033477991, 0.7755734655920645, 0.7805331680099195, 0.7904525728456293, 1.0]",4.0,2.0,2.0,2.0,2.0,4,-3.9177300000000006,8.0,-12.0,hrl_dqn_apf,hierarchical,dqn,-11.374,6.723,-0.892,0.00,0.00,0.00,-16.388,6.504,0.002,0.00,0.00,0.00,-19.010,6.700,-2.036,0.00,0.00,0.00,4.146,4.146,4.146
2026-02-04 20:17:30,22.10,16,368,384,4.17%,84.11,0.99%,"[0, 5, 10, 15, 20, 25, 30, 35, 40, 45, 50, 55, 60, 65, 70, 75, 80, 85, 90, 95, 100]","[10, 1, 3, 1, 1, 0, 0, 0, 0, 0, 1, 0, 0, 0, 0, 0, 1235, 9, 10, 342]","[0.006199628022318661, 0.006819590824550527, 0.008679479231246125, 0.009299442033477991, 0.009919404835709857, 0.009919404835709857, 0.009919404835709857, 0.009919404835709857, 0.009919404835709857, 0.009919404835709857, 0.010539367637941723, 0.010539367637941723, 0.010539367637941723, 0.010539367637941723, 0.010539367637941723, 0.010539367637941723, 0.7761934283942964, 0.7817730936143832, 0.7879727216367018, 1.0]",4.0,2.0,2.0,2.0,2.0,19,-3.83737,8.0,6.0,hrl_dqn_apf,hierarchical,dqn,-10.427,6.838,-1.114,0.00,0.00,0.00,-17.406,6.505,0.758,0.00,0.00,0.00,-18.886,6.919,-2.396,0.00,0.00,0.00,4.143,4.143,4.143
2026-02-04 20:17:31,23.10,17,365,382,4.45%,84.27,1.05%,"[0, 5, 10, 15, 20, 25, 30, 35, 40, 45, 50, 55, 60, 65, 70, 75, 80, 85, 90, 95, 100]","[10, 2, 2, 2, 0, 1, 0, 0, 0, 0, 0, 0, 0, 0, 0, 0, 1233, 11, 8, 344]","[0.006199628022318661, 0.007439553626782393, 0.008679479231246125, 0.009919404835709857, 0.009919404835709857, 0.010539367637941723, 0.010539367637941723, 0.010539367637941723, 0.010539367637941723, 0.010539367637941723, 0.010539367637941723, 0.010539367637941723, 0.010539367637941723, 0.010539367637941723, 0.010539367637941723, 0.010539367637941723, 0.7749535027898327, 0.7817730936143832, 0.7867327960322381, 1.0]",4.0,2.0,2.0,2.0,2.0,18,-9.7599,8.0,6.0,hrl_dqn_apf,hierarchical,dqn,-10.656,6.911,-1.132,0.00,0.00,0.00,-17.296,6.476,1.386,0.00,0.00,0.00,-19.303,6.971,-2.919,0.00,0.00,0.00,4.140,4.140,4.140
2026-02-04 20:17:32,24.10,17,369,386,4.40%,84.41,1.05%,"[0, 5, 10, 15, 20, 25, 30, 35, 40, 45, 50, 55, 60, 65, 70, 75, 80, 85, 90, 95, 100]","[8, 4, 1, 3, 0, 1, 0, 0, 0, 0, 1, 0, 0, 0, 1, 0, 1231, 7, 14, 342]","[0.0049597024178549285, 0.007439553626782393, 0.008059516429014259, 0.009919404835709857, 0.009919404835709857, 0.010539367637941723, 0.010539367637941723, 0.010539367637941723, 0.010539367637941723, 0.010539367637941723, 0.011159330440173589, 0.011159330440173589, 0.011159330440173589, 0.011159330440173589, 0.011779293242405457, 0.011779293242405457, 0.7749535027898327, 0.7792932424054557, 0.7879727216367018, 1.0]",4.0,2.0,2.0,2.0,2.0,24,-3.6770300000000002,8.0,12.0,hrl_dqn_apf,hierarchical,dqn,-10.869,6.949,-0.737,0.00,0.00,0.00,-17.012,6.427,2.046,0.00,0.00,0.00,-19.676,7.017,-3.549,0.00,0.00,0.00,4.137,4.137,4.137
2026-02-04 20:17:33,25.11,20,368,388,5.15%,84.48,1.24%,"[0, 5, 10, 15, 20, 25, 30, 35, 40, 45, 50, 55, 60, 65, 70, 75, 80, 85, 90, 95, 100]","[9, 5, 0, 5, 0, 1, 0, 0, 0, 0, 0, 0, 0, 0, 0, 0, 1231, 7, 10, 345]","[0.005579665220086794, 0.008679479231246125, 0.008679479231246125, 0.011779293242405457, 0.011779293242405457, 0.012399256044637322, 0.012399256044637322, 0.012399256044637322, 0.012399256044637322, 0.012399256044637322, 0.012399256044637322, 0.012399256044637322, 0.012399256044637322, 0.012399256044637322, 0.012399256044637322, 0.012399256044637322, 0.7755734655920645, 0.7799132052076876, 0.7861128332300062, 1.0]",4.0,2.0,2.0,2.0,2.0,15,-27.597,8.0,6.0,hrl_dqn_apf,hierarchical,dqn,-10.939,6.951,-0.080,0.00,0.00,0.00,-16.694,6.382,2.731,0.00,0.00,0.00,-20.021,7.055,-4.226,0.00,0.00,0.00,4.134,4.134,4.134
2026-02-04 20:17:34,26.11,23,365,388,5.93%,84.63,1.43%,"[0, 5, 10, 15, 20, 25, 30, 35, 40, 45, 50, 55, 60, 65, 70, 75, 80, 85, 90, 95, 100]","[10, 6, 0, 4, 1, 2, 0, 0, 0, 0, 0, 0, 0, 1, 0, 1, 1225, 12, 9, 342]","[0.006199628022318661, 0.009919404835709857, 0.009919404835709857, 0.012399256044637322, 0.013019218846869188, 0.01425914445133292, 0.01425914445133292, 0.01425914445133292, 0.01425914445133292, 0.01425914445133292, 0.01425914445133292, 0.01425914445133292, 0.01425914445133292, 0.014879107253564786, 0.014879107253564786, 0.015499070055796652, 0.7749535027898327, 0.782393056416615, 0.7879727216367018, 1.0]",4.0,2.0,2.0,2.0,2.0,5,-27.51677,8.0,-6.0,hrl_dqn_apf,hierarchical,dqn,-11.060,6.997,1.315,0.00,0.00,0.00,-17.115,6.506,3.439,0.00,0.00,0.00,-20.369,7.230,-4.174,0.00,0.00,0.00,4.131,4.131,4.131
2026-02-04 20:17:35,27.11,24,364,388,6.19%,84.75,1.49%,"[0, 5, 10, 15, 20, 25, 30, 35, 40, 45, 50, 55, 60, 65, 70, 75, 80, 85, 90, 95, 100]","[10, 8, 1, 3, 1, 1, 0, 0, 0, 0, 0, 0, 0, 1, 0, 0, 1223, 14, 9, 342]","[0.006199628022318661, 0.011159330440173589, 0.011779293242405457, 0.013639181649101054, 0.01425914445133292, 0.014879107253564786, 0.014879107253564786, 0.014879107253564786, 0.014879107253564786, 0.014879107253564786, 0.014879107253564786, 0.014879107253564786, 0.014879107253564786, 0.015499070055796652, 0.015499070055796652, 0.015499070055796652, 0.7737135771853689, 0.782393056416615, 0.7879727216367018, 1.0]",4.0,2.0,2.0,2.0,2.0,20,-27.35647,8.0,12.0,hrl_dqn_apf,hierarchical,dqn,-11.560,7.031,1.585,0.00,0.00,0.00,-17.797,6.506,3.496,0.00,0.00,0.00,-20.368,7.255,-3.549,0.00,0.00,0.00,4.128,4.128,4.128
2026-02-04 20:17:36,28.12,24,366,390,6.15%,84.90,1.49%,"[0, 5, 10, 15, 20, 25, 30, 35, 40, 45, 50, 55, 60, 65, 70, 75, 80, 85, 90, 95, 100]","[9, 9, 1, 2, 2, 1, 0, 1, 0, 0, 0, 0, 0, 1, 0, 0, 1223, 14, 9, 341]","[0.005579665220086794, 0.011159330440173589, 0.011779293242405457, 0.013019218846869188, 0.01425914445133292, 0.014879107253564786, 0.014879107253564786, 0.015499070055796652, 0.015499070055796652, 0.015499070055796652, 0.015499070055796652, 0.015499070055796652, 0.015499070055796652, 0.016119032858028518, 0.016119032858028518, 0.016119032858028518, 0.7743335399876008, 0.7830130192188469, 0.7885926844389337, 1.0]",4.0,2.0,2.0,2.0,2.0,17,-15.27659,8.0,6.0,hrl_dqn_apf,hierarchical,dqn,-12.249,7.032,1.669,0.00,0.00,0.00,-18.533,6.510,3.514,0.00,0.00,0.00,-19.970,7.304,-3.214,0.00,0.00,0.00,4.125,4.125,4.125
2026-02-04 20:17:37,29.12,24,366,390,6.15%,84.99,1.49%,"[0, 5, 10, 15, 20, 25, 30, 35, 40, 45, 50, 55, 60, 65, 70, 75, 80, 85, 90, 95, 100]","[10, 6, 4, 1, 3, 0, 2, 0, 0, 0, 0, 1, 0, 1, 0, 0, 1219, 14, 7, 345]","[0.006199628022318661, 0.009919404835709857, 0.012399256044637322, 0.013019218846869188, 0.014879107253564786, 0.014879107253564786, 0.016119032858028518, 0.016119032858028518, 0.016119032858028518, 0.016119032858028518, 0.016119032858028518, 0.016738995660260384, 0.016738995660260384, 0.01735895846249225, 0.01735895846249225, 0.01735895846249225, 0.7730936143831371, 0.7817730936143832, 0.7861128332300062, 1.0]",4.0,2.0,2.0,2.0,2.0,12,-15.19652,8.0,0.0,hrl_dqn_apf,hierarchical,dqn,-12.989,7.029,1.695,0.00,0.00,0.00,-18.701,6.660,3.519,0.00,0.00,0.00,-19.602,7.342,-2.819,0.00,0.00,0.00,4.122,4.122,4.122
2026-02-04 20:17:38,30.12,25,366,391,6.39%,85.30,1.55%,"[0, 5, 10, 15, 20, 25, 30, 35, 40, 45, 50, 55, 60, 65, 70, 75, 80, 85, 90, 95, 100]","[10, 7, 5, 0, 2, 1, 2, 0, 0, 0, 0, 0, 1, 0, 1, 0, 1217, 16, 7, 344]","[0.006199628022318661, 0.010539367637941723, 0.013639181649101054, 0.013639181649101054, 0.014879107253564786, 0.015499070055796652, 0.016738995660260384, 0.016738995660260384, 0.016738995660260384, 0.016738995660260384, 0.016738995660260384, 0.016738995660260384, 0.01735895846249225, 0.01735895846249225, 0.017978921264724116, 0.017978921264724116, 0.7724736515809052, 0.782393056416615, 0.7867327960322381, 1.0]",4.0,2.0,2.0,2.0,2.0,9,-3.116250000000001,8.0,-6.0,hrl_dqn_apf,hierarchical,dqn,-13.694,7.170,1.049,0.00,0.00,0.00,-18.281,6.718,2.785,0.00,0.00,0.00,-19.440,7.442,-1.616,0.00,0.00,0.00,4.119,4.119,4.119
2026-02-04 20:17:39,31.12,26,365,391,6.65%,85.45,1.61%,"[0, 5, 10, 15, 20, 25, 30, 35, 40, 45, 50, 55, 60, 65, 70, 75, 80, 85, 90, 95, 100]","[9, 8, 6, 0, 2, 1, 1, 1, 0, 0, 0, 0, 0, 0, 1, 0, 1217, 10, 12, 345]","[0.005579665220086794, 0.010539367637941723, 0.01425914445133292, 0.01425914445133292, 0.015499070055796652, 0.016119032858028518, 0.016738995660260384, 0.01735895846249225, 0.01735895846249225, 0.01735895846249225, 0.01735895846249225, 0.01735895846249225, 0.01735895846249225, 0.01735895846249225, 0.017978921264724116, 0.017978921264724116, 0.7724736515809052, 0.7786732796032239, 0.7861128332300062, 1.0]",4.0,2.0,2.0,2.0,2.0,13,-8.95606,8.0,0.0,hrl_dqn_apf,hierarchical,dqn,-13.263,7.209,0.825,0.00,0.00,0.00,-18.240,6.740,2.132,0.00,0.00,0.00,-19.435,7.537,-1.842,0.00,0.00,0.00,4.116,4.116,4.116
2026-02-04 20:17:40,32.13,26,367,393,6.62%,85.63,1.61%,"[0, 5, 10, 15, 20, 25, 30, 35, 40, 45, 50, 55, 60, 65, 70, 75, 80, 85, 90, 95, 100]","[8, 7, 7, 1, 2, 1, 1, 1, 0, 0, 0, 0, 0, 0, 1, 0, 1217, 8, 14, 345]","[0.0049597024178549285, 0.009299442033477991, 0.013639181649101054, 0.01425914445133292, 0.015499070055796652, 0.016119032858028518, 0.016738995660260384, 0.01735895846249225, 0.01735895846249225, 0.01735895846249225, 0.01735895846249225, 0.01735895846249225, 0.01735895846249225, 0.01735895846249225, 0.017978921264724116, 0.017978921264724116, 0.7724736515809052, 0.7774333539987601, 0.7861128332300062, 1.0]",4.0,2.0,2.0,2.0,2.0,17,-14.87587,8.0,6.0,hrl_dqn_apf,hierarchical,dqn,-12.585,7.217,0.754,0.00,0.00,0.00,-18.200,6.782,2.191,0.00,0.00,0.00,-19.537,7.610,-2.454,0.00,0.00,0.00,4.113,4.113,4.113
2026-02-04 20:17:41,33.13,27,368,395,6.84%,85.77,1.67%,"[0, 5, 10, 15, 20, 25, 30, 35, 40, 45, 50, 55, 60, 65, 70, 75, 80, 85, 90, 95, 100]","[7, 6, 9, 2, 2, 1, 1, 1, 0, 0, 0, 0, 0, 0, 1, 0, 1211, 14, 14, 344]","[0.0043397396156230625, 0.008059516429014259, 0.013639181649101054, 0.014879107253564786, 0.016119032858028518, 0.016738995660260384, 0.01735895846249225, 0.017978921264724116, 0.017978921264724116, 0.017978921264724116, 0.017978921264724116, 0.017978921264724116, 0.017978921264724116, 0.017978921264724116, 0.018598884066955982, 0.018598884066955982, 0.7693738375697459, 0.778053316800992, 0.7867327960322381, 1.0]",4.0,2.0,2.0,2.0,2.0,23,-8.79545,8.0,12.0,hrl_dqn_apf,hierarchical,dqn,-12.453,7.358,0.734,0.00,0.00,0.00,-18.086,6.716,2.731,0.00,0.00,0.00,-19.716,7.685,-3.150,0.00,0.00,0.00,4.110,4.110,4.110
2026-02-04 20:17:42,34.13,27,366,393,6.87%,86.11,1.67%,"[0, 5, 10, 15, 20, 25, 30, 35, 40, 45, 50, 55, 60, 65, 70, 75, 80, 85, 90, 95, 100]","[9, 3, 8, 4, 1, 2, 0, 2, 0, 0, 0, 0, 0, 0, 1, 1, 1211, 8, 16, 347]","[0.005579665220086794, 0.007439553626782393, 0.012399256044637322, 0.014879107253564786, 0.015499070055796652, 0.016738995660260384, 0.016738995660260384, 0.017978921264724116, 0.017978921264724116, 0.017978921264724116, 0.017978921264724116, 0.017978921264724116, 0.017978921264724116, 0.017978921264724116, 0.018598884066955982, 0.019218846869187848, 0.7699938003719777, 0.7749535027898327, 0.7848729076255425, 1.0]",4.0,2.0,2.0,2.0,2.0,6,-20.635350000000003,8.0,-6.0,hrl_dqn_apf,hierarchical,dqn,-12.875,7.415,1.478,0.00,0.00,0.00,-17.987,6.763,4.070,0.00,0.00,0.00,-19.267,7.811,-3.980,0.00,0.00,0.00,4.107,4.107,4.107
2026-02-04 20:17:43,35.14,30,369,399,7.52%,86.16,1.86%,"[0, 5, 10, 15, 20, 25, 30, 35, 40, 45, 50, 55, 60, 65, 70, 75, 80, 85, 90, 95, 100]","[10, 3, 7, 5, 1, 4, 0, 1, 1, 0, 0, 0, 0, 0, 1, 0, 1210, 9, 16, 345]","[0.006199628022318661, 0.008059516429014259, 0.012399256044637322, 0.015499070055796652, 0.016119032858028518, 0.018598884066955982, 0.018598884066955982, 0.019218846869187848, 0.019838809671419714, 0.019838809671419714, 0.019838809671419714, 0.019838809671419714, 0.019838809671419714, 0.019838809671419714, 0.02045877247365158, 0.02045877247365158, 0.7706137631742096, 0.7761934283942964, 0.7861128332300062, 1.0]",4.0,2.0,2.0,2.0,2.0,24,-2.55509,8.0,12.0,hrl_dqn_apf,hierarchical,dqn,-12.942,7.437,2.156,0.00,0.00,0.00,-18.410,6.827,4.339,0.00,0.00,0.00,-19.064,7.829,-4.533,0.00,0.00,0.00,4.104,4.104,4.104
2026-02-04 20:17:44,36.14,30,371,401,7.48%,86.28,1.86%,"[0, 5, 10, 15, 20, 25, 30, 35, 40, 45, 50, 55, 60, 65, 70, 75, 80, 85, 90, 95, 100]","[11, 2, 8, 6, 0, 3, 1, 1, 0, 0, 0, 0, 0, 1, 0, 1, 1210, 9, 12, 348]","[0.006819590824550527, 0.008059516429014259, 0.013019218846869188, 0.016738995660260384, 0.016738995660260384, 0.018598884066955982, 0.019218846869187848, 0.019838809671419714, 0.019838809671419714, 0.019838809671419714, 0.019838809671419714, 0.019838809671419714, 0.019838809671419714, 0.02045877247365158, 0.02045877247365158, 0.021078735275883446, 0.7712337259764415, 0.7768133911965283, 0.7842529448233106, 1.0]",4.0,2.0,2.0,2.0,2.0,17,-14.47494,8.0,6.0,hrl_dqn_apf,hierarchical,dqn,-13.357,7.485,2.509,0.00,0.00,0.00,-18.289,6.919,4.420,0.00,0.00,0.00,-18.998,7.830,-5.235,0.00,0.00,0.00,4.101,4.101,4.101
2026-02-04 20:17:45,37.15,31,368,399,7.77%,86.39,1.92%,"[0, 5, 10, 15, 20, 25, 30, 35, 40, 45, 50, 55, 60, 65, 70, 75, 80, 85, 90, 95, 100]","[12, 1, 8, 6, 1, 3, 1, 2, 0, 0, 0, 0, 0, 0, 0, 1, 1210, 9, 8, 351]","[0.007439553626782393, 0.008059516429014259, 0.013019218846869188, 0.016738995660260384, 0.01735895846249225, 0.019218846869187848, 0.019838809671419714, 0.021078735275883446, 0.021078735275883446, 0.021078735275883446, 0.021078735275883446, 0.021078735275883446, 0.021078735275883446, 0.021078735275883446, 0.021078735275883446, 0.02169869807811531, 0.7718536887786733, 0.7774333539987601, 0.782393056416615, 1.0]",4.0,2.0,2.0,2.0,2.0,24,-2.3948400000000003,8.0,12.0,hrl_dqn_apf,hierarchical,dqn,-13.729,7.523,2.909,0.00,0.00,0.00,-17.720,6.928,4.445,0.00,0.00,0.00,-18.686,7.898,-5.692,0.00,0.00,0.00,4.098,4.098,4.098
2026-02-04 20:17:46,38.15,31,374,405,7.65%,86.57,1.92%,"[0, 5, 10, 15, 20, 25, 30, 35, 40, 45, 50, 55, 60, 65, 70, 75, 80, 85, 90, 95, 100]","[9, 5, 5, 8, 3, 1, 4, 0, 1, 0, 1, 0, 0, 0, 0, 2, 1206, 8, 12, 348]","[0.005579665220086794, 0.008679479231246125, 0.011779293242405457, 0.016738995660260384, 0.018598884066955982, 0.019218846869187848, 0.02169869807811531, 0.02169869807811531, 0.022318660880347178, 0.022318660880347178, 0.022938623682579044, 0.022938623682579044, 0.022938623682579044, 0.022938623682579044, 0.022938623682579044, 0.02417854928704278, 0.7718536887786733, 0.7768133911965283, 0.7842529448233106, 1.0]",4.0,2.0,2.0,2.0,2.0,24,-2.234489999999999,8.0,12.0,hrl_dqn_apf,hierarchical,dqn,-13.807,7.627,4.183,0.00,0.00,0.00,-17.079,7.027,3.815,0.00,0.00,0.00,-18.067,8.000,-5.141,0.00,0.00,0.00,4.095,4.095,4.095
2026-02-04 20:17:47,39.15,33,372,405,8.15%,86.67,2.05%,"[0, 5, 10, 15, 20, 25, 30, 35, 40, 45, 50, 55, 60, 65, 70, 75, 80, 85, 90, 95, 100]","[11, 6, 3, 8, 4, 1, 4, 0, 1, 0, 0, 0, 0, 0, 0, 2, 1206, 7, 8, 352]","[0.006819590824550527, 0.010539367637941723, 0.012399256044637322, 0.01735895846249225, 0.019838809671419714, 0.02045877247365158, 0.022938623682579044, 0.022938623682579044, 0.023558586484810913, 0.023558586484810913, 0.023558586484810913, 0.023558586484810913, 0.023558586484810913, 0.023558586484810913, 0.023558586484810913, 0.024798512089274645, 0.7724736515809052, 0.7768133911965283, 0.7817730936143832, 1.0]",4.0,2.0,2.0,2.0,2.0,21,-20.154139999999998,8.0,12.0,hrl_dqn_apf,hierarchical,dqn,-13.332,7.735,4.356,0.00,0.00,0.00,-17.504,7.001,3.689,0.00,0.00,0.00,-18.043,8.026,-4.473,0.00,0.00,0.00,4.092,4.092,4.092
2026-02-04 20:17:48,40.16,33,372,405,8.15%,86.81,2.05%,"[0, 5, 10, 15, 20, 25, 30, 35, 40, 45, 50, 55, 60, 65, 70, 75, 80, 85, 90, 95, 100]","[11, 7, 3, 7, 5, 0, 4, 0, 1, 0, 0, 0, 1, 0, 0, 2, 1200, 12, 9, 351]","[0.006819590824550527, 0.011159330440173589, 0.013019218846869188, 0.01735895846249225, 0.02045877247365158, 0.02045877247365158, 0.022938623682579044, 0.022938623682579044, 0.023558586484810913, 0.023558586484810913, 0.023558586484810913, 0.023558586484810913, 0.02417854928704278, 0.02417854928704278, 0.02417854928704278, 0.02541847489150651, 0.7693738375697459, 0.7768133911965283, 0.782393056416615, 1.0]",4.0,2.0,2.0,2.0,2.0,9,-2.074159999999999,8.0,-6.0,hrl_dqn_apf,hierarchical,dqn,-12.657,7.807,4.423,0.00,0.00,0.00,-18.165,6.928,3.636,0.00,0.00,0.00,-18.432,8.083,-4.126,0.00,0.00,0.00,4.089,4.089,4.089
2026-02-04 20:17:49,41.16,34,371,405,8.40%,86.97,2.11%,"[0, 5, 10, 15, 20, 25, 30, 35, 40, 45, 50, 55, 60, 65, 70, 75, 80, 85, 90, 95, 100]","[12, 6, 2, 8, 6, 0, 2, 2, 1, 0, 0, 0, 0, 0, 0, 1, 1199, 14, 9, 351]","[0.007439553626782393, 0.011159330440173589, 0.012399256044637322, 0.01735895846249225, 0.021078735275883446, 0.021078735275883446, 0.022318660880347178, 0.023558586484810913, 0.02417854928704278, 0.02417854928704278, 0.02417854928704278, 0.02417854928704278, 0.02417854928704278, 0.02417854928704278, 0.02417854928704278, 0.024798512089274645, 0.7681339119652821, 0.7768133911965283, 0.782393056416615, 1.0]",4.0,2.0,2.0,2.0,2.0,18,-7.9140999999999995,8.0,6.0,hrl_dqn_apf,hierarchical,dqn,-11.926,7.873,4.517,0.00,0.00,0.00,-18.892,6.857,3.546,0.00,0.00,0.00,-19.083,8.087,-4.016,0.00,0.00,0.00,4.086,4.086,4.086
2026-02-04 20:17:50,42.16,35,372,407,8.60%,87.28,2.17%,"[0, 5, 10, 15, 20, 25, 30, 35, 40, 45, 50, 55, 60, 65, 70, 75, 80, 85, 90, 95, 100]","[10, 9, 1, 5, 9, 1, 2, 2, 1, 0, 0, 0, 0, 0, 0, 1, 1195, 16, 5, 356]","[0.006199628022318661, 0.011779293242405457, 0.012399256044637322, 0.015499070055796652, 0.021078735275883446, 0.02169869807811531, 0.022938623682579044, 0.02417854928704278, 0.024798512089274645, 0.024798512089274645, 0.024798512089274645, 0.024798512089274645, 0.024798512089274645, 0.024798512089274645, 0.024798512089274645, 0.02541847489150651, 0.7662740235585865, 0.7761934283942964, 0.7792932424054557, 1.0]",4.0,2.0,2.0,2.0,2.0,14,-1.83385,8.0,0.0,hrl_dqn_apf,hierarchical,dqn,-10.401,7.875,4.638,0.00,0.00,0.00,-18.904,7.025,3.428,0.00,0.00,0.00,-19.079,8.256,-3.973,0.00,0.00,0.00,4.083,4.083,4.083
2026-02-04 20:17:51,43.16,35,372,407,8.60%,87.44,2.17%,"[0, 5, 10, 15, 20, 25, 30, 35, 40, 45, 50, 55, 60, 65, 70, 75, 80, 85, 90, 95, 100]","[9, 8, 3, 5, 8, 2, 1, 4, 0, 1, 0, 0, 0, 0, 0, 0, 1194, 16, 7, 355]","[0.005579665220086794, 0.010539367637941723, 0.012399256044637322, 0.015499070055796652, 0.02045877247365158, 0.02169869807811531, 0.022318660880347178, 0.024798512089274645, 0.024798512089274645, 0.02541847489150651, 0.02541847489150651, 0.02541847489150651, 0.02541847489150651, 0.02541847489150651, 0.02541847489150651, 0.02541847489150651, 0.7656540607563547, 0.7755734655920645, 0.7799132052076876, 1.0]",4.0,2.0,2.0,2.0,2.0,24,-1.7539300000000004,8.0,12.0,hrl_dqn_apf,hierarchical,dqn,-9.639,7.871,4.648,0.00,0.00,0.00,-18.251,7.026,3.418,0.00,0.00,0.00,-18.425,8.256,-3.970,0.00,0.00,0.00,4.080,4.080,4.080
2026-02-04 20:17:52,44.17,36,372,408,8.82%,87.58,2.23%,"[0, 5, 10, 15, 20, 25, 30, 35, 40, 45, 50, 55, 60, 65, 70, 75, 80, 85, 90, 95, 100]","[10, 6, 5, 4, 7, 4, 1, 3, 0, 1, 0, 0, 0, 0, 0, 0, 1194, 17, 7, 354]","[0.006199628022318661, 0.009919404835709857, 0.013019218846869188, 0.015499070055796652, 0.019838809671419714, 0.022318660880347178, 0.022938623682579044, 0.024798512089274645, 0.024798512089274645, 0.02541847489150651, 0.02541847489150651, 0.02541847489150651, 0.02541847489150651, 0.02541847489150651, 0.02541847489150651, 0.02541847489150651, 0.7656540607563547, 0.7761934283942964, 0.7805331680099195, 1.0]",4.0,2.0,2.0,2.0,2.0,4,-1.6734200000000001,8.0,-12.0,hrl_dqn_apf,hierarchical,dqn,-8.879,7.873,4.648,0.00,0.00,0.00,-17.518,7.024,3.416,0.00,0.00,0.00,-17.692,8.253,-3.969,0.00,0.00,0.00,4.077,4.077,4.077
2026-02-04 20:17:53,45.18,38,370,408,9.31%,87.68,2.36%,"[0, 5, 10, 15, 20, 25, 30, 35, 40, 45, 50, 55, 60, 65, 70, 75, 80, 85, 90, 95, 100]","[8, 9, 5, 3, 8, 5, 0, 4, 0, 1, 0, 0, 0, 0, 0, 0, 1194, 12, 11, 353]","[0.0049597024178549285, 0.010539367637941723, 0.013639181649101054, 0.015499070055796652, 0.02045877247365158, 0.023558586484810913, 0.023558586484810913, 0.026038437693738377, 0.026038437693738377, 0.026658400495970243, 0.026658400495970243, 0.026658400495970243, 0.026658400495970243, 0.026658400495970243, 0.026658400495970243, 0.026658400495970243, 0.7668939863608184, 0.7743335399876008, 0.7811531308121513, 1.0]",4.0,2.0,2.0,2.0,2.0,15,-25.59374,8.0,6.0,hrl_dqn_apf,hierarchical,dqn,-8.415,7.947,4.347,0.00,0.00,0.00,-16.766,7.021,3.415,0.00,0.00,0.00,-16.939,8.250,-3.969,0.00,0.00,0.00,4.074,4.074,4.074
2026-02-04 20:17:54,46.19,41,367,408,10.05%,87.80,2.54%,"[0, 5, 10, 15, 20, 25, 30, 35, 40, 45, 50, 55, 60, 65, 70, 75, 80, 85, 90, 95, 100]","[11, 7, 7, 2, 8, 6, 0, 2, 2, 1, 0, 0, 1, 0, 0, 0, 1187, 14, 14, 351]","[0.006819590824550527, 0.011159330440173589, 0.015499070055796652, 0.016738995660260384, 0.02169869807811531, 0.02541847489150651, 0.02541847489150651, 0.026658400495970243, 0.027898326100433975, 0.02851828890266584, 0.02851828890266584, 0.02851828890266584, 0.029138251704897707, 0.029138251704897707, 0.029138251704897707, 0.029138251704897707, 0.7650340979541228, 0.7737135771853689, 0.782393056416615, 1.0]",4.0,2.0,2.0,2.0,2.0,0,-25.51295,8.0,-12.0,hrl_dqn_apf,hierarchical,dqn,-8.304,8.008,3.091,0.00,0.00,0.00,-15.981,7.108,2.663,0.00,0.00,0.00,-16.153,8.337,-3.219,0.00,0.00,0.00,4.071,4.071,4.071
2026-02-04 20:17:55,47.20,41,369,410,10.00%,87.87,2.54%,"[0, 5, 10, 15, 20, 25, 30, 35, 40, 45, 50, 55, 60, 65, 70, 75, 80, 85, 90, 95, 100]","[10, 7, 8, 1, 5, 10, 1, 2, 3, 1, 0, 0, 1, 1, 0, 0, 1187, 12, 14, 350]","[0.006199628022318661, 0.010539367637941723, 0.015499070055796652, 0.016119032858028518, 0.019218846869187848, 0.02541847489150651, 0.026038437693738377, 0.02727836329820211, 0.029138251704897707, 0.029758214507129573, 0.029758214507129573, 0.029758214507129573, 0.03037817730936144, 0.030998140111593304, 0.030998140111593304, 0.030998140111593304, 0.7668939863608184, 0.7743335399876008, 0.7830130192188469, 1.0]",4.0,2.0,2.0,2.0,2.0,2,-13.35249,8.0,-12.0,hrl_dqn_apf,hierarchical,dqn,-8.757,8.045,2.799,0.00,0.00,0.00,-15.918,7.107,1.957,0.00,0.00,0.00,-16.062,8.358,-2.541,0.00,0.00,0.00,4.068,4.068,4.068
2026-02-04 20:17:57,48.20,42,366,408,10.29%,87.90,2.60%,"[0, 5, 10, 15, 20, 25, 30, 35, 40, 45, 50, 55, 60, 65, 70, 75, 80, 85, 90, 95, 100]","[10, 6, 8, 3, 6, 9, 1, 1, 4, 2, 0, 1, 1, 0, 0, 0, 1187, 9, 16, 349]","[0.006199628022318661, 0.009919404835709857, 0.014879107253564786, 0.016738995660260384, 0.02045877247365158, 0.026038437693738377, 0.026658400495970243, 0.02727836329820211, 0.029758214507129573, 0.030998140111593304, 0.030998140111593304, 0.03161810291382517, 0.032238065716057036, 0.032238065716057036, 0.032238065716057036, 0.032238065716057036, 0.7681339119652821, 0.7737135771853689, 0.7836329820210788, 1.0]",4.0,2.0,2.0,2.0,2.0,19,-1.2725399999999993,8.0,6.0,hrl_dqn_apf,hierarchical,dqn,-9.044,8.077,2.315,0.00,0.00,0.00,-15.897,7.099,1.213,0.00,0.00,0.00,-15.641,8.423,-2.191,0.00,0.00,0.00,4.064,4.065,4.065
2026-02-04 20:17:58,49.21,41,371,412,9.95%,87.98,2.54%,"[0, 5, 10, 15, 20, 25, 30, 35, 40, 45, 50, 55, 60, 65, 70, 75, 80, 85, 90, 95, 100]","[10, 8, 6, 5, 6, 6, 5, 1, 3, 1, 1, 0, 1, 0, 0, 0, 1185, 11, 16, 348]","[0.006199628022318661, 0.011159330440173589, 0.014879107253564786, 0.017978921264724116, 0.02169869807811531, 0.02541847489150651, 0.02851828890266584, 0.029138251704897707, 0.030998140111593304, 0.03161810291382517, 0.032238065716057036, 0.032238065716057036, 0.0328580285182889, 0.0328580285182889, 0.0328580285182889, 0.0328580285182889, 0.7675139491630503, 0.7743335399876008, 0.7842529448233106, 1.0]",4.0,2.0,2.0,2.0,2.0,20,-25.19233,8.0,12.0,hrl_dqn_apf,hierarchical,dqn,-9.136,8.078,1.634,0.00,0.00,0.00,-15.882,7.140,1.039,0.00,0.00,0.00,-15.273,8.618,-2.382,0.00,0.00,0.00,4.062,4.062,4.062
2026-02-04 20:17:59,50.21,42,370,412,10.19%,88.24,2.60%,"[0, 5, 10, 15, 20, 25, 30, 35, 40, 45, 50, 55, 60, 65, 70, 75, 80, 85, 90, 95, 100]","[8, 9, 8, 7, 4, 6, 7, 0, 3, 1, 0, 1, 1, 0, 0, 0, 1185, 10, 10, 353]","[0.0049597024178549285, 0.010539367637941723, 0.015499070055796652, 0.019838809671419714, 0.022318660880347178, 0.026038437693738377, 0.03037817730936144, 0.03037817730936144, 0.032238065716057036, 0.0328580285182889, 0.0328580285182889, 0.03347799132052077, 0.034097954122752634, 0.034097954122752634, 0.034097954122752634, 0.034097954122752634, 0.768753874767514, 0.7749535027898327, 0.7811531308121513, 1.0]",4.0,2.0,2.0,2.0,2.0,20,-25.032,8.0,12.0,hrl_dqn_apf,hierarchical,dqn,-9.261,8.123,0.225,0.00,0.00,0.00,-15.909,6.964,2.181,0.00,0.00,0.00,-15.163,8.878,-3.598,0.00,0.00,0.00,4.058,4.058,4.058
2026-02-04 20:18:00,51.22,43,371,414,10.39%,88.40,2.67%,"[0, 5, 10, 15, 20, 25, 30, 35, 40, 45, 50, 55, 60, 65, 70, 75, 80, 85, 90, 95, 100]","[9, 8, 8, 6, 4, 8, 7, 0, 2, 2, 0, 0, 0, 1, 0, 0, 1183, 8, 12, 355]","[0.005579665220086794, 0.010539367637941723, 0.015499070055796652, 0.019218846869187848, 0.02169869807811531, 0.026658400495970243, 0.030998140111593304, 0.030998140111593304, 0.032238065716057036, 0.03347799132052077, 0.03347799132052077, 0.03347799132052077, 0.03347799132052077, 0.034097954122752634, 0.034097954122752634, 0.034097954122752634, 0.7675139491630503, 0.7724736515809052, 0.7799132052076876, 1.0]",4.0,2.0,2.0,2.0,2.0,24,-0.9522399999999998,8.0,12.0,hrl_dqn_apf,hierarchical,dqn,-9.773,8.159,-0.053,0.00,0.00,0.00,-15.893,6.994,2.908,0.00,0.00,0.00,-15.613,8.941,-3.834,0.00,0.00,0.00,4.056,4.056,4.056
2026-02-04 20:18:01,52.22,40,378,418,9.57%,88.60,2.48%,"[0, 5, 10, 15, 20, 25, 30, 35, 40, 45, 50, 55, 60, 65, 70, 75, 80, 85, 90, 95, 100]","[9, 8, 8, 7, 2, 6, 9, 1, 2, 2, 0, 0, 0, 1, 0, 0, 1181, 8, 12, 357]","[0.005579665220086794, 0.010539367637941723, 0.015499070055796652, 0.019838809671419714, 0.021078735275883446, 0.024798512089274645, 0.03037817730936144, 0.030998140111593304, 0.032238065716057036, 0.03347799132052077, 0.03347799132052077, 0.03347799132052077, 0.03347799132052077, 0.034097954122752634, 0.034097954122752634, 0.034097954122752634, 0.7662740235585865, 0.7712337259764415, 0.7786732796032239, 1.0]",4.0,2.0,2.0,2.0,2.0,2,-12.87185,8.0,-12.0,hrl_dqn_apf,hierarchical,dqn,-10.460,8.159,-0.137,0.00,0.00,0.00,-15.490,7.055,3.256,0.00,0.00,0.00,-15.891,8.998,-3.500,0.00,0.00,0.00,4.052,4.052,4.052
2026-02-04 20:18:02,53.22,40,378,418,9.57%,88.77,2.48%,"[0, 5, 10, 15, 20, 25, 30, 35, 40, 45, 50, 55, 60, 65, 70, 75, 80, 85, 90, 95, 100]","[10, 7, 7, 7, 4, 5, 9, 2, 2, 1, 0, 0, 0, 1, 0, 0, 1181, 7, 11, 359]","[0.006199628022318661, 0.010539367637941723, 0.014879107253564786, 0.019218846869187848, 0.02169869807811531, 0.024798512089274645, 0.03037817730936144, 0.03161810291382517, 0.0328580285182889, 0.03347799132052077, 0.03347799132052077, 0.03347799132052077, 0.03347799132052077, 0.034097954122752634, 0.034097954122752634, 0.034097954122752634, 0.7662740235585865, 0.7706137631742096, 0.7774333539987601, 1.0]",4.0,2.0,2.0,2.0,2.0,16,-18.79153,8.0,6.0,hrl_dqn_apf,hierarchical,dqn,-11.203,8.156,-0.163,0.00,0.00,0.00,-15.123,7.138,3.065,0.00,0.00,0.00,-15.980,9.001,-2.862,0.00,0.00,0.00,4.050,4.050,4.050
2026-02-04 20:18:03,54.22,39,379,418,9.33%,89.12,2.42%,"[0, 5, 10, 15, 20, 25, 30, 35, 40, 45, 50, 55, 60, 65, 70, 75, 80, 85, 90, 95, 100]","[13, 4, 8, 7, 4, 3, 8, 5, 1, 1, 0, 0, 0, 1, 0, 0, 1173, 14, 10, 361]","[0.008059516429014259, 0.010539367637941723, 0.015499070055796652, 0.019838809671419714, 0.022318660880347178, 0.02417854928704278, 0.029138251704897707, 0.032238065716057036, 0.0328580285182889, 0.03347799132052077, 0.03347799132052077, 0.03347799132052077, 0.03347799132052077, 0.034097954122752634, 0.034097954122752634, 0.034097954122752634, 0.7613143211407316, 0.7699938003719777, 0.7761934283942964, 1.0]",4.0,2.0,2.0,2.0,2.0,24,-0.6313600000000008,8.0,12.0,hrl_dqn_apf,hierarchical,dqn,-12.537,8.282,-0.205,0.00,0.00,0.00,-15.030,7.169,1.913,0.00,0.00,0.00,-16.101,9.115,-1.515,0.00,0.00,0.00,4.046,4.046,4.046
2026-02-04 20:18:04,55.23,39,385,424,9.20%,89.33,2.42%,"[0, 5, 10, 15, 20, 25, 30, 35, 40, 45, 50, 55, 60, 65, 70, 75, 80, 85, 90, 95, 100]","[11, 4, 8, 8, 5, 3, 7, 6, 0, 2, 0, 0, 0, 1, 0, 0, 1173, 14, 10, 361]","[0.006819590824550527, 0.009299442033477991, 0.01425914445133292, 0.019218846869187848, 0.022318660880347178, 0.02417854928704278, 0.02851828890266584, 0.032238065716057036, 0.032238065716057036, 0.03347799132052077, 0.03347799132052077, 0.03347799132052077, 0.03347799132052077, 0.034097954122752634, 0.034097954122752634, 0.034097954122752634, 0.7613143211407316, 0.7699938003719777, 0.7761934283942964, 1.0]",4.0,2.0,2.0,2.0,2.0,6,-18.55134,8.0,-6.0,hrl_dqn_apf,hierarchical,dqn,-12.334,8.398,-0.368,0.00,0.00,0.00,-15.385,7.102,1.986,0.00,0.00,0.00,-16.551,9.273,-1.472,0.00,0.00,0.00,4.043,4.043,4.043
2026-02-04 20:18:05,56.23,39,381,420,9.29%,89.47,2.42%,"[0, 5, 10, 15, 20, 25, 30, 35, 40, 45, 50, 55, 60, 65, 70, 75, 80, 85, 90, 95, 100]","[12, 3, 8, 8, 5, 3, 6, 7, 0, 1, 1, 1, 0, 0, 1, 0, 1171, 14, 10, 362]","[0.007439553626782393, 0.009299442033477991, 0.01425914445133292, 0.019218846869187848, 0.022318660880347178, 0.02417854928704278, 0.027898326100433975, 0.032238065716057036, 0.032238065716057036, 0.0328580285182889, 0.03347799132052077, 0.034097954122752634, 0.034097954122752634, 0.034097954122752634, 0.0347179169249845, 0.0347179169249845, 0.7606943583384997, 0.7693738375697459, 0.7755734655920645, 1.0]",4.0,2.0,2.0,2.0,2.0,9,-0.47109000000000023,8.0,-6.0,hrl_dqn_apf,hierarchical,dqn,-11.754,8.447,-0.562,0.00,0.00,0.00,-15.771,6.930,2.457,0.00,0.00,0.00,-17.106,9.435,-1.793,0.00,0.00,0.00,4.041,4.041,4.041
2026-02-04 20:18:06,57.23,39,381,420,9.29%,89.62,2.42%,"[0, 5, 10, 15, 20, 25, 30, 35, 40, 45, 50, 55, 60, 65, 70, 75, 80, 85, 90, 95, 100]","[13, 3, 8, 7, 7, 1, 7, 6, 1, 1, 1, 0, 0, 0, 1, 0, 1167, 16, 8, 366]","[0.008059516429014259, 0.009919404835709857, 0.014879107253564786, 0.019218846869187848, 0.023558586484810913, 0.02417854928704278, 0.02851828890266584, 0.032238065716057036, 0.0328580285182889, 0.03347799132052077, 0.034097954122752634, 0.034097954122752634, 0.034097954122752634, 0.034097954122752634, 0.0347179169249845, 0.0347179169249845, 0.7582145071295723, 0.7681339119652821, 0.7730936143831371, 1.0]",4.0,2.0,2.0,2.0,2.0,23,-6.3110599999999994,8.0,12.0,hrl_dqn_apf,hierarchical,dqn,-11.062,8.501,-0.771,0.00,0.00,0.00,-16.111,6.735,3.091,0.00,0.00,0.00,-17.663,9.605,-2.268,0.00,0.00,0.00,4.037,4.037,4.037
2026-02-04 20:18:07,58.24,40,381,421,9.50%,90.00,2.48%,"[0, 5, 10, 15, 20, 25, 30, 35, 40, 45, 50, 55, 60, 65, 70, 75, 80, 85, 90, 95, 100]","[12, 5, 6, 6, 7, 4, 5, 5, 3, 1, 1, 0, 0, 0, 1, 0, 1167, 12, 11, 367]","[0.007439553626782393, 0.010539367637941723, 0.01425914445133292, 0.017978921264724116, 0.022318660880347178, 0.024798512089274645, 0.027898326100433975, 0.030998140111593304, 0.0328580285182889, 0.03347799132052077, 0.034097954122752634, 0.034097954122752634, 0.034097954122752634, 0.034097954122752634, 0.0347179169249845, 0.0347179169249845, 0.7582145071295723, 0.7656540607563547, 0.7724736515809052, 1.0]",4.0,2.0,2.0,2.0,2.0,2,-12.23087,8.0,-12.0,hrl_dqn_apf,hierarchical,dqn,-9.772,8.608,-1.007,0.00,0.00,0.00,-17.187,6.762,3.794,0.00,0.00,0.00,-17.567,9.810,-2.717,0.00,0.00,0.00,4.034,4.035,4.035
2026-02-04 20:18:08,59.24,41,380,421,9.74%,90.19,2.54%,"[0, 5, 10, 15, 20, 25, 30, 35, 40, 45, 50, 55, 60, 65, 70, 75, 80, 85, 90, 95, 100]","[11, 7, 3, 9, 6, 5, 3, 5, 4, 1, 1, 0, 0, 0, 1, 0, 1167, 10, 12, 368]","[0.006819590824550527, 0.011159330440173589, 0.013019218846869188, 0.018598884066955982, 0.022318660880347178, 0.02541847489150651, 0.02727836329820211, 0.03037817730936144, 0.0328580285182889, 0.03347799132052077, 0.034097954122752634, 0.034097954122752634, 0.034097954122752634, 0.034097954122752634, 0.0347179169249845, 0.0347179169249845, 0.7582145071295723, 0.7644141351518909, 0.7718536887786733, 1.0]",4.0,2.0,2.0,2.0,2.0,17,-12.1504,8.0,6.0,hrl_dqn_apf,hierarchical,dqn,-10.002,8.680,-1.026,0.00,0.00,0.00,-17.889,6.791,3.822,0.00,0.00,0.00,-17.364,9.843,-2.291,0.00,0.00,0.00,4.031,4.031,4.031
2026-02-04 20:18:09,60.25,41,380,421,9.74%,90.39,2.54%,"[0, 5, 10, 15, 20, 25, 30, 35, 40, 45, 50, 55, 60, 65, 70, 75, 80, 85, 90, 95, 100]","[12, 7, 3, 5, 8, 6, 3, 4, 5, 0, 2, 0, 0, 0, 1, 0, 1165, 10, 14, 368]","[0.007439553626782393, 0.011779293242405457, 0.013639181649101054, 0.016738995660260384, 0.02169869807811531, 0.02541847489150651, 0.02727836329820211, 0.029758214507129573, 0.0328580285182889, 0.0328580285182889, 0.034097954122752634, 0.034097954122752634, 0.034097954122752634, 0.034097954122752634, 0.0347179169249845, 0.0347179169249845, 0.7569745815251085, 0.7631742095474272, 0.7718536887786733, 1.0]",4.0,2.0,2.0,2.0,2.0,6,-18.07047,8.0,-6.0,hrl_dqn_apf,hierarchical,dqn,-10.606,8.686,-1.030,0.00,0.00,0.00,-18.243,6.854,3.437,0.00,0.00,0.00,-16.907,9.877,-2.014,0.00,0.00,0.00,4.028,4.028,4.028
2026-02-04 20:18:10,61.26,40,383,423,9.46%,90.58,2.48%,"[0, 5, 10, 15, 20, 25, 30, 35, 40, 45, 50, 55, 60, 65, 70, 75, 80, 85, 90, 95, 100]","[13, 5, 3, 7, 8, 4, 3, 4, 6, 0, 1, 1, 0, 0, 1, 0, 1161, 12, 14, 370]","[0.008059516429014259, 0.011159330440173589, 0.013019218846869188, 0.01735895846249225, 0.022318660880347178, 0.024798512089274645, 0.026658400495970243, 0.029138251704897707, 0.0328580285182889, 0.0328580285182889, 0.03347799132052077, 0.034097954122752634, 0.034097954122752634, 0.034097954122752634, 0.0347179169249845, 0.0347179169249845, 0.7544947303161811, 0.7619342839429635, 0.7706137631742096, 1.0]",4.0,2.0,2.0,2.0,2.0,16,-17.9101,8.0,6.0,hrl_dqn_apf,hierarchical,dqn,-11.040,8.752,-0.739,0.00,0.00,0.00,-18.062,6.937,3.069,0.00,0.00,0.00,-16.234,9.878,-1.924,0.00,0.00,0.00,4.025,4.025,4.025
2026-02-04 20:18:11,62.27,40,379,419,9.55%,90.98,2.48%,"[0, 5, 10, 15, 20, 25, 30, 35, 40, 45, 50, 55, 60, 65, 70, 75, 80, 85, 90, 95, 100]","[12, 5, 4, 5, 6, 8, 1, 4, 7, 1, 1, 1, 0, 0, 0, 1, 1161, 8, 16, 372]","[0.007439553626782393, 0.010539367637941723, 0.013019218846869188, 0.016119032858028518, 0.019838809671419714, 0.024798512089274645, 0.02541847489150651, 0.027898326100433975, 0.032238065716057036, 0.0328580285182889, 0.03347799132052077, 0.034097954122752634, 0.034097954122752634, 0.034097954122752634, 0.034097954122752634, 0.0347179169249845, 0.7544947303161811, 0.759454432734036, 0.7693738375697459, 1.0]",4.0,2.0,2.0,2.0,2.0,19,0.16949999999999932,8.0,6.0,hrl_dqn_apf,hierarchical,dqn,-11.979,8.797,-0.125,0.00,0.00,0.00,-16.840,6.998,3.000,0.00,0.00,0.00,-15.373,9.979,-2.555,0.00,0.00,0.00,4.022,4.022,4.022
2026-02-04 20:18:12,63.27,38,383,421,9.03%,91.18,2.36%,"[0, 5, 10, 15, 20, 25, 30, 35, 40, 45, 50, 55, 60, 65, 70, 75, 80, 85, 90, 95, 100]","[12, 3, 5, 5, 6, 7, 3, 4, 5, 3, 1, 1, 0, 0, 0, 1, 1160, 9, 16, 372]","[0.007439553626782393, 0.009299442033477991, 0.012399256044637322, 0.015499070055796652, 0.019218846869187848, 0.023558586484810913, 0.02541847489150651, 0.027898326100433975, 0.030998140111593304, 0.0328580285182889, 0.03347799132052077, 0.034097954122752634, 0.034097954122752634, 0.034097954122752634, 0.034097954122752634, 0.0347179169249845, 0.7538747675139492, 0.759454432734036, 0.7693738375697459, 1.0]",4.0,2.0,2.0,2.0,2.0,17,-11.74798,8.0,6.0,hrl_dqn_apf,hierarchical,dqn,-12.651,8.803,-0.053,0.00,0.00,0.00,-16.579,7.067,3.433,0.00,0.00,0.00,-14.865,10.073,-2.791,0.00,0.00,0.00,4.019,4.019,4.019
2026-02-04 20:18:13,64.28,38,383,421,9.03%,91.37,2.36%,"[0, 5, 10, 15, 20, 25, 30, 35, 40, 45, 50, 55, 60, 65, 70, 75, 80, 85, 90, 95, 100]","[13, 3, 5, 3, 8, 6, 4, 2, 5, 4, 1, 1, 0, 0, 0, 1, 1160, 9, 10, 378]","[0.008059516429014259, 0.009919404835709857, 0.013019218846869188, 0.014879107253564786, 0.019838809671419714, 0.023558586484810913, 0.026038437693738377, 0.02727836329820211, 0.03037817730936144, 0.0328580285182889, 0.03347799132052077, 0.034097954122752634, 0.034097954122752634, 0.034097954122752634, 0.034097954122752634, 0.0347179169249845, 0.7538747675139492, 0.759454432734036, 0.7656540607563547, 1.0]",4.0,2.0,2.0,2.0,2.0,13,-5.667949999999999,8.0,0.0,hrl_dqn_apf,hierarchical,dqn,-12.648,8.780,0.210,0.00,0.00,0.00,-16.502,7.153,3.282,0.00,0.00,0.00,-14.918,10.265,-3.102,0.00,0.00,0.00,4.016,4.016,4.016
2026-02-04 20:18:14,65.29,39,384,423,9.22%,91.56,2.42%,"[0, 5, 10, 15, 20, 25, 30, 35, 40, 45, 50, 55, 60, 65, 70, 75, 80, 85, 90, 95, 100]","[13, 3, 5, 3, 7, 8, 3, 2, 4, 5, 0, 2, 0, 0, 0, 1, 1158, 9, 10, 380]","[0.008059516429014259, 0.009919404835709857, 0.013019218846869188, 0.014879107253564786, 0.019218846869187848, 0.02417854928704278, 0.026038437693738377, 0.02727836329820211, 0.029758214507129573, 0.0328580285182889, 0.0328580285182889, 0.034097954122752634, 0.034097954122752634, 0.034097954122752634, 0.034097954122752634, 0.0347179169249845, 0.7526348419094855, 0.7582145071295723, 0.7644141351518909, 1.0]",4.0,2.0,2.0,2.0,2.0,5,-23.58773,8.0,-6.0,hrl_dqn_apf,hierarchical,dqn,-12.269,8.648,0.662,0.00,0.00,0.00,-16.479,7.160,2.703,0.00,0.00,0.00,-15.314,10.407,-3.569,0.00,0.00,0.00,4.013,4.013,4.013
2026-02-04 20:18:15,66.29,36,391,427,8.43%,91.93,2.23%,"[0, 5, 10, 15, 20, 25, 30, 35, 40, 45, 50, 55, 60, 65, 70, 75, 80, 85, 90, 95, 100]","[11, 6, 3, 3, 6, 7, 5, 1, 5, 6, 0, 1, 1, 0, 0, 0, 1157, 7, 10, 384]","[0.006819590824550527, 0.010539367637941723, 0.012399256044637322, 0.01425914445133292, 0.017978921264724116, 0.022318660880347178, 0.02541847489150651, 0.026038437693738377, 0.029138251704897707, 0.0328580285182889, 0.0328580285182889, 0.03347799132052077, 0.034097954122752634, 0.034097954122752634, 0.034097954122752634, 0.034097954122752634, 0.7513949163050218, 0.7557346559206448, 0.7619342839429635, 1.0]",4.0,2.0,2.0,2.0,2.0,13,-5.5077,8.0,0.0,hrl_dqn_apf,hierarchical,dqn,-11.337,8.557,1.737,0.00,0.00,0.00,-15.893,7.240,2.021,0.00,0.00,0.00,-16.162,10.364,-4.682,0.00,0.00,0.00,4.010,4.010,4.010
2026-02-04 20:18:16,67.29,37,390,427,8.67%,92.03,2.29%,"[0, 5, 10, 15, 20, 25, 30, 35, 40, 45, 50, 55, 60, 65, 70, 75, 80, 85, 90, 95, 100]","[10, 6, 3, 4, 7, 7, 6, 1, 3, 6, 2, 1, 1, 0, 0, 0, 1153, 11, 8, 384]","[0.006199628022318661, 0.009919404835709857, 0.011779293242405457, 0.01425914445133292, 0.018598884066955982, 0.022938623682579044, 0.026658400495970243, 0.02727836329820211, 0.029138251704897707, 0.0328580285182889, 0.034097954122752634, 0.0347179169249845, 0.035337879727216366, 0.035337879727216366, 0.035337879727216366, 0.035337879727216366, 0.750154990700558, 0.7569745815251085, 0.7619342839429635, 1.0]",4.0,2.0,2.0,2.0,2.0,16,-17.34714,8.0,6.0,hrl_dqn_apf,hierarchical,dqn,-10.691,8.690,1.850,0.00,0.00,0.00,-16.176,7.184,2.068,0.00,0.00,0.00,-16.325,9.960,-4.906,0.00,0.00,0.00,4.007,4.007,4.007
2026-02-04 20:18:17,68.30,36,391,427,8.43%,92.17,2.23%,"[0, 5, 10, 15, 20, 25, 30, 35, 40, 45, 50, 55, 60, 65, 70, 75, 80, 85, 90, 95, 100]","[11, 7, 2, 6, 4, 6, 8, 2, 3, 5, 1, 1, 1, 0, 0, 0, 1151, 12, 9, 384]","[0.006819590824550527, 0.011159330440173589, 0.012399256044637322, 0.016119032858028518, 0.018598884066955982, 0.022318660880347178, 0.02727836329820211, 0.02851828890266584, 0.03037817730936144, 0.03347799132052077, 0.034097954122752634, 0.0347179169249845, 0.035337879727216366, 0.035337879727216366, 0.035337879727216366, 0.035337879727216366, 0.7489150650960942, 0.7563546187228767, 0.7619342839429635, 1.0]",4.0,2.0,2.0,2.0,2.0,11,-17.267319999999998,8.0,0.0,hrl_dqn_apf,hierarchical,dqn,-9.971,8.797,1.830,0.00,0.00,0.00,-16.789,7.096,2.138,0.00,0.00,0.00,-16.376,9.598,-4.971,0.00,0.00,0.00,4.004,4.004,4.004
2026-02-04 20:18:18,69.30,36,393,429,8.39%,92.37,2.23%,"[0, 5, 10, 15, 20, 25, 30, 35, 40, 45, 50, 55, 60, 65, 70, 75, 80, 85, 90, 95, 100]","[11, 8, 2, 4, 4, 7, 8, 2, 2, 4, 3, 1, 1, 0, 0, 0, 1149, 14, 9, 384]","[0.006819590824550527, 0.011779293242405457, 0.013019218846869188, 0.015499070055796652, 0.017978921264724116, 0.022318660880347178, 0.02727836329820211, 0.02851828890266584, 0.029758214507129573, 0.032238065716057036, 0.034097954122752634, 0.0347179169249845, 0.035337879727216366, 0.035337879727216366, 0.035337879727216366, 0.035337879727216366, 0.7476751394916304, 0.7563546187228767, 0.7619342839429635, 1.0]",4.0,2.0,2.0,2.0,2.0,21,-17.1871,8.0,12.0,hrl_dqn_apf,hierarchical,dqn,-9.832,8.942,1.809,0.00,0.00,0.00,-16.894,7.234,2.174,0.00,0.00,0.00,-16.390,9.653,-4.676,0.00,0.00,0.00,4.001,4.001,4.001
2026-02-04 20:18:19,70.30,34,393,427,7.96%,92.77,2.11%,"[0, 5, 10, 15, 20, 25, 30, 35, 40, 45, 50, 55, 60, 65, 70, 75, 80, 85, 90, 95, 100]","[8, 11, 2, 3, 3, 7, 8, 4, 2, 2, 5, 0, 1, 1, 0, 0, 1145, 14, 7, 390]","[0.0049597024178549285, 0.011779293242405457, 0.013019218846869188, 0.014879107253564786, 0.016738995660260384, 0.021078735275883446, 0.026038437693738377, 0.02851828890266584, 0.029758214507129573, 0.030998140111593304, 0.034097954122752634, 0.034097954122752634, 0.0347179169249845, 0.035337879727216366, 0.035337879727216366, 0.035337879727216366, 0.745195288282703, 0.7538747675139492, 0.7582145071295723, 1.0]",4.0,2.0,2.0,2.0,2.0,15,-23.02673,8.0,6.0,hrl_dqn_apf,hierarchical,dqn,-10.992,8.959,1.799,0.00,0.00,0.00,-16.470,7.290,2.951,0.00,0.00,0.00,-16.396,9.766,-3.527,0.00,0.00,0.00,3.998,3.998,3.998
2026-02-04 20:18:20,71.30,33,394,427,7.73%,92.98,2.05%,"[0, 5, 10, 15, 20, 25, 30, 35, 40, 45, 50, 55, 60, 65, 70, 75, 80, 85, 90, 95, 100]","[9, 7, 5, 3, 3, 6, 8, 4, 2, 3, 5, 0, 1, 1, 0, 0, 1142, 17, 7, 390]","[0.005579665220086794, 0.009919404835709857, 0.013019218846869188, 0.014879107253564786, 0.016738995660260384, 0.02045877247365158, 0.02541847489150651, 0.027898326100433975, 0.029138251704897707, 0.030998140111593304, 0.034097954122752634, 0.034097954122752634, 0.0347179169249845, 0.035337879727216366, 0.035337879727216366, 0.035337879727216366, 0.7433353998760074, 0.7538747675139492, 0.7582145071295723, 1.0]",4.0,2.0,2.0,2.0,2.0,4,1.0532400000000006,8.0,-12.0,hrl_dqn_apf,hierarchical,dqn,-11.731,8.956,1.798,0.00,0.00,0.00,-16.432,7.343,3.591,0.00,0.00,0.00,-16.365,9.838,-3.743,0.00,0.00,0.00,3.995,3.995,3.995
2026-02-04 20:18:21,72.31,33,395,428,7.71%,93.16,2.05%,"[0, 5, 10, 15, 20, 25, 30, 35, 40, 45, 50, 55, 60, 65, 70, 75, 80, 85, 90, 95, 100]","[9, 6, 6, 3, 4, 5, 8, 4, 1, 3, 5, 1, 1, 1, 0, 0, 1142, 17, 7, 390]","[0.005579665220086794, 0.009299442033477991, 0.013019218846869188, 0.014879107253564786, 0.01735895846249225, 0.02045877247365158, 0.02541847489150651, 0.027898326100433975, 0.02851828890266584, 0.03037817730936144, 0.03347799132052077, 0.034097954122752634, 0.0347179169249845, 0.035337879727216366, 0.035337879727216366, 0.035337879727216366, 0.7433353998760074, 0.7538747675139492, 0.7582145071295723, 1.0]",4.0,2.0,2.0,2.0,2.0,3,-4.86655,8.0,-12.0,hrl_dqn_apf,hierarchical,dqn,-12.488,8.953,1.798,0.00,0.00,0.00,-16.420,7.451,3.512,0.00,0.00,0.00,-15.951,9.873,-3.949,0.00,0.00,0.00,3.992,3.992,3.992
2026-02-04 20:18:22,73.31,33,393,426,7.75%,93.34,2.05%,"[0, 5, 10, 15, 20, 25, 30, 35, 40, 45, 50, 55, 60, 65, 70, 75, 80, 85, 90, 95, 100]","[10, 5, 7, 3, 4, 4, 7, 4, 2, 3, 5, 1, 1, 1, 0, 0, 1142, 11, 12, 391]","[0.006199628022318661, 0.009299442033477991, 0.013639181649101054, 0.015499070055796652, 0.017978921264724116, 0.02045877247365158, 0.024798512089274645, 0.02727836329820211, 0.02851828890266584, 0.03037817730936144, 0.03347799132052077, 0.034097954122752634, 0.0347179169249845, 0.035337879727216366, 0.035337879727216366, 0.035337879727216366, 0.7433353998760074, 0.750154990700558, 0.7575945443273404, 1.0]",4.0,2.0,2.0,2.0,2.0,2,-10.78627,8.0,-12.0,hrl_dqn_apf,hierarchical,dqn,-13.247,8.950,1.797,0.00,0.00,0.00,-16.416,7.461,2.955,0.00,0.00,0.00,-15.292,9.874,-4.017,0.00,0.00,0.00,3.989,3.989,3.989
2026-02-04 20:18:23,74.32,33,393,426,7.75%,93.62,2.05%,"[0, 5, 10, 15, 20, 25, 30, 35, 40, 45, 50, 55, 60, 65, 70, 75, 80, 85, 90, 95, 100]","[13, 2, 9, 1, 5, 3, 7, 4, 3, 2, 4, 3, 1, 1, 0, 0, 1136, 15, 14, 390]","[0.008059516429014259, 0.009299442033477991, 0.014879107253564786, 0.015499070055796652, 0.018598884066955982, 0.02045877247365158, 0.024798512089274645, 0.02727836329820211, 0.029138251704897707, 0.03037817730936144, 0.0328580285182889, 0.0347179169249845, 0.035337879727216366, 0.03595784252944823, 0.03595784252944823, 0.03595784252944823, 0.7402355858648481, 0.749535027898326, 0.7582145071295723, 1.0]",4.0,2.0,2.0,2.0,2.0,2,-10.62619,8.0,-12.0,hrl_dqn_apf,hierarchical,dqn,-13.312,9.417,1.501,0.00,0.00,0.00,-17.109,7.271,2.532,0.00,0.00,0.00,-14.545,9.952,-4.800,0.00,0.00,0.00,3.986,3.986,3.986
2026-02-04 20:18:24,75.33,32,392,424,7.55%,93.77,1.98%,"[0, 5, 10, 15, 20, 25, 30, 35, 40, 45, 50, 55, 60, 65, 70, 75, 80, 85, 90, 95, 100]","[12, 3, 8, 2, 3, 4, 6, 6, 3, 2, 3, 4, 1, 2, 0, 0, 1136, 11, 14, 393]","[0.007439553626782393, 0.009299442033477991, 0.01425914445133292, 0.015499070055796652, 0.01735895846249225, 0.019838809671419714, 0.023558586484810913, 0.02727836329820211, 0.029138251704897707, 0.03037817730936144, 0.032238065716057036, 0.0347179169249845, 0.035337879727216366, 0.0365778053316801, 0.0365778053316801, 0.0365778053316801, 0.7408555486670799, 0.7476751394916304, 0.7563546187228767, 1.0]",4.0,2.0,2.0,2.0,2.0,12,-10.54608,8.0,0.0,hrl_dqn_apf,hierarchical,dqn,-12.691,9.620,1.281,0.00,0.00,0.00,-17.782,7.069,2.691,0.00,0.00,0.00,-14.484,9.951,-5.511,0.00,0.00,0.00,3.983,3.983,3.983
2026-02-04 20:18:25,76.33,31,387,418,7.42%,93.92,1.92%,"[0, 5, 10, 15, 20, 25, 30, 35, 40, 45, 50, 55, 60, 65, 70, 75, 80, 85, 90, 95, 100]","[12, 4, 6, 3, 3, 3, 6, 7, 3, 2, 3, 5, 1, 1, 1, 0, 1136, 8, 17, 392]","[0.007439553626782393, 0.009919404835709857, 0.013639181649101054, 0.015499070055796652, 0.01735895846249225, 0.019218846869187848, 0.022938623682579044, 0.02727836329820211, 0.029138251704897707, 0.03037817730936144, 0.032238065716057036, 0.035337879727216366, 0.03595784252944823, 0.0365778053316801, 0.037197768133911964, 0.037197768133911964, 0.7414755114693118, 0.7464352138871667, 0.7569745815251085, 1.0]",4.0,2.0,2.0,2.0,2.0,16,-16.4658,8.0,6.0,hrl_dqn_apf,hierarchical,dqn,-11.969,9.787,1.067,0.00,0.00,0.00,-18.509,6.904,2.887,0.00,0.00,0.00,-14.466,9.960,-6.268,0.00,0.00,0.00,3.980,3.980,3.980
2026-02-04 20:18:26,77.33,32,392,424,7.55%,94.10,1.98%,"[0, 5, 10, 15, 20, 25, 30, 35, 40, 45, 50, 55, 60, 65, 70, 75, 80, 85, 90, 95, 100]","[12, 4, 5, 4, 4, 3, 5, 7, 3, 1, 4, 4, 1, 2, 1, 0, 1135, 9, 17, 392]","[0.007439553626782393, 0.009919404835709857, 0.013019218846869188, 0.015499070055796652, 0.017978921264724116, 0.019838809671419714, 0.022938623682579044, 0.02727836329820211, 0.029138251704897707, 0.029758214507129573, 0.032238065716057036, 0.0347179169249845, 0.035337879727216366, 0.0365778053316801, 0.037197768133911964, 0.037197768133911964, 0.7408555486670799, 0.7464352138871667, 0.7569745815251085, 1.0]",4.0,2.0,2.0,2.0,2.0,4,1.6943800000000007,8.0,-12.0,hrl_dqn_apf,hierarchical,dqn,-11.234,9.780,0.939,0.00,0.00,0.00,-18.619,7.056,3.005,0.00,0.00,0.00,-14.461,10.108,-6.403,0.00,0.00,0.00,3.977,3.977,3.977
2026-02-04 20:18:27,78.33,31,393,424,7.31%,94.50,1.92%,"[0, 5, 10, 15, 20, 25, 30, 35, 40, 45, 50, 55, 60, 65, 70, 75, 80, 85, 90, 95, 100]","[11, 6, 3, 5, 2, 4, 5, 6, 4, 2, 3, 4, 2, 2, 1, 0, 1133, 11, 9, 400]","[0.006819590824550527, 0.010539367637941723, 0.012399256044637322, 0.015499070055796652, 0.016738995660260384, 0.019218846869187848, 0.022318660880347178, 0.026038437693738377, 0.02851828890266584, 0.029758214507129573, 0.03161810291382517, 0.034097954122752634, 0.035337879727216366, 0.0365778053316801, 0.037197768133911964, 0.037197768133911964, 0.7396156230626162, 0.7464352138871667, 0.7520148791072536, 1.0]",4.0,2.0,2.0,2.0,2.0,5,-22.2256,8.0,-6.0,hrl_dqn_apf,hierarchical,dqn,-10.472,9.871,1.655,0.00,0.00,0.00,-17.444,7.080,3.057,0.00,0.00,0.00,-14.458,9.886,-5.333,0.00,0.00,0.00,3.974,3.974,3.974
2026-02-04 20:18:28,79.33,32,394,426,7.51%,94.66,1.98%,"[0, 5, 10, 15, 20, 25, 30, 35, 40, 45, 50, 55, 60, 65, 70, 75, 80, 85, 90, 95, 100]","[12, 6, 2, 6, 1, 5, 3, 8, 3, 3, 2, 4, 3, 1, 1, 0, 1131, 7, 15, 400]","[0.007439553626782393, 0.011159330440173589, 0.012399256044637322, 0.016119032858028518, 0.016738995660260384, 0.019838809671419714, 0.02169869807811531, 0.026658400495970243, 0.02851828890266584, 0.03037817730936144, 0.03161810291382517, 0.034097954122752634, 0.03595784252944823, 0.0365778053316801, 0.037197768133911964, 0.037197768133911964, 0.7383756974581525, 0.7427154370737755, 0.7520148791072536, 1.0]",4.0,2.0,2.0,2.0,2.0,15,-22.14524,8.0,6.0,hrl_dqn_apf,hierarchical,dqn,-10.411,9.869,2.359,0.00,0.00,0.00,-16.738,7.108,3.026,0.00,0.00,0.00,-14.420,9.653,-5.091,0.00,0.00,0.00,3.971,3.971,3.971
2026-02-04 20:18:29,80.34,32,396,428,7.48%,94.85,1.98%,"[0, 5, 10, 15, 20, 25, 30, 35, 40, 45, 50, 55, 60, 65, 70, 75, 80, 85, 90, 95, 100]","[11, 6, 2, 6, 2, 5, 3, 5, 6, 3, 2, 3, 4, 0, 2, 0, 1131, 7, 11, 404]","[0.006819590824550527, 0.010539367637941723, 0.011779293242405457, 0.015499070055796652, 0.016738995660260384, 0.019838809671419714, 0.02169869807811531, 0.024798512089274645, 0.02851828890266584, 0.03037817730936144, 0.03161810291382517, 0.03347799132052077, 0.03595784252944823, 0.03595784252944823, 0.037197768133911964, 0.037197768133911964, 0.7383756974581525, 0.7427154370737755, 0.749535027898326, 1.0]",4.0,2.0,2.0,2.0,2.0,11,-16.06542,8.0,0.0,hrl_dqn_apf,hierarchical,dqn,-10.396,9.872,3.103,0.00,0.00,0.00,-16.387,7.157,2.611,0.00,0.00,0.00,-13.994,9.691,-5.022,0.00,0.00,0.00,3.968,3.969,3.969
2026-02-04 20:18:30,81.34,30,397,427,7.03%,95.01,1.86%,"[0, 5, 10, 15, 20, 25, 30, 35, 40, 45, 50, 55, 60, 65, 70, 75, 80, 85, 90, 95, 100]","[10, 7, 2, 5, 3, 3, 3, 7, 6, 3, 2, 3, 5, 0, 1, 1, 1131, 7, 9, 405]","[0.006199628022318661, 0.010539367637941723, 0.011779293242405457, 0.014879107253564786, 0.016738995660260384, 0.018598884066955982, 0.02045877247365158, 0.024798512089274645, 0.02851828890266584, 0.03037817730936144, 0.03161810291382517, 0.03347799132052077, 0.0365778053316801, 0.0365778053316801, 0.037197768133911964, 0.03781773093614383, 0.7389956602603843, 0.7433353998760074, 0.7489150650960942, 1.0]",4.0,2.0,2.0,2.0,2.0,11,-16.06542,8.0,0.0,hrl_dqn_apf,hierarchical,dqn,-10.641,9.942,3.522,0.00,0.00,0.00,-16.038,7.192,2.281,0.00,0.00,0.00,-13.417,9.696,-5.002,0.00,0.00,0.00,3.968,3.969,3.969
2026-02-04 20:18:31,82.34,28,395,423,6.62%,130.23,6.62%,"[0, 5, 10, 15, 20, 25, 30, 35, 40, 45, 50, 55, 60, 65, 70, 75, 80, 85, 90, 95, 100]","[9, 8, 1, 3, 4, 3, 4, 5, 6, 5, 0, 3, 4, 1, 1, 0, 6, 12, 7, 341]","[0.02127659574468085, 0.04018912529550828, 0.0425531914893617, 0.04964539007092199, 0.0591016548463357, 0.06619385342789598, 0.07565011820330969, 0.08747044917257683, 0.1016548463356974, 0.11347517730496454, 0.11347517730496454, 0.12056737588652482, 0.13002364066193853, 0.13238770685579196, 0.1347517730496454, 0.1347517730496454, 0.14893617021276595, 0.1773049645390071, 0.1938534278959811, 1.0]",4.0,2.0,2.0,2.0,2.0,11,-16.06542,8.0,0.0,hrl_dqn_apf,hierarchical,dqn,-10.000,0.125,-0.760,0.00,0.00,0.00,-14.300,0.040,-0.590,0.00,0.00,0.00,-20.110,0.040,-0.590,0.00,0.00,0.00,4.200,4.200,4.200
2026-02-04 20:18:32,83.35,27,396,423,6.38%,130.32,6.29%,"[0, 5, 10, 15, 20, 25, 30, 35, 40, 45, 50, 55, 60, 65, 70, 75, 80, 85, 90, 95, 100]","[8, 6, 4, 3, 4, 2, 4, 5, 6, 5, 1, 3, 3, 2, 1, 0, 12, 12, 7, 341]","[0.018648018648018648, 0.03263403263403263, 0.04195804195804196, 0.04895104895104895, 0.05827505827505827, 0.06293706293706294, 0.07226107226107226, 0.08391608391608392, 0.0979020979020979, 0.10955710955710955, 0.11188811188811189, 0.11888111888111888, 0.1258741258741259, 0.13053613053613053, 0.13286713286713286, 0.13286713286713286, 0.16083916083916083, 0.1888111888111888, 0.20512820512820512, 1.0]",4.0,2.0,2.0,2.0,2.0,11,-16.06542,8.0,0.0,hrl_dqn_apf,hierarchical,dqn,-10.000,0.481,-0.760,0.00,0.00,0.00,-14.300,0.040,-0.590,0.00,0.00,0.00,-20.110,0.040,-0.590,0.00,0.00,0.00,4.200,4.200,4.200
2026-02-04 20:18:33,84.35,27,396,423,6.38%,131.11,6.29%,"[0, 5, 10, 15, 20, 25, 30, 35, 40, 45, 50, 55, 60, 65, 70, 75, 80, 85, 90, 95, 100]","[5, 7, 6, 3, 4, 2, 4, 3, 8, 3, 3, 2, 4, 2, 1, 0, 8, 12, 5, 347]","[0.011655011655011656, 0.027972027972027972, 0.04195804195804196, 0.04895104895104895, 0.05827505827505827, 0.06293706293706294, 0.07226107226107226, 0.07925407925407925, 0.0979020979020979, 0.1048951048951049, 0.11188811188811189, 0.11655011655011654, 0.1258741258741259, 0.13053613053613053, 0.13286713286713286, 0.13286713286713286, 0.15151515151515152, 0.1794871794871795, 0.19114219114219114, 1.0]",4.0,2.0,2.0,2.0,2.0,11,-16.06542,8.0,0.0,hrl_dqn_apf,hierarchical,dqn,-10.000,0.860,-0.760,0.00,0.00,0.00,-14.300,0.040,-0.590,0.00,0.00,0.00,-20.110,0.040,-0.590,0.00,0.00,0.00,4.200,4.200,4.200
2026-02-04 20:18:34,85.35,26,397,423,6.15%,131.90,6.06%,"[0, 5, 10, 15, 20, 25, 30, 35, 40, 45, 50, 55, 60, 65, 70, 75, 80, 85, 90, 95, 100]","[2, 9, 6, 3, 4, 2, 5, 3, 6, 5, 3, 2, 3, 3, 0, 1, 6, 14, 5, 347]","[0.004662004662004662, 0.02564102564102564, 0.039627039627039624, 0.046620046620046623, 0.055944055944055944, 0.06060606060606061, 0.07226107226107226, 0.07925407925407925, 0.09324009324009325, 0.1048951048951049, 0.11188811188811189, 0.11655011655011654, 0.12354312354312354, 0.13053613053613053, 0.13053613053613053, 0.13286713286713286, 0.14685314685314685, 0.1794871794871795, 0.19114219114219114, 1.0]",4.0,2.0,2.0,2.0,2.0,11,-16.06542,8.0,0.0,hrl_dqn_apf,hierarchical,dqn,-10.000,1.250,-0.760,0.00,0.00,0.00,-14.300,0.040,-0.590,0.00,0.00,0.00,-20.110,0.040,-0.590,0.00,0.00,0.00,4.200,4.200,4.200
2026-02-04 20:18:35,86.35,26,396,422,6.16%,133.36,6.05%,"[0, 5, 10, 15, 20, 25, 30, 35, 40, 45, 50, 55, 60, 65, 70, 75, 80, 85, 90, 95, 100]","[0, 10, 7, 2, 3, 4, 3, 3, 6, 6, 4, 0, 4, 4, 0, 1, 7, 8, 11, 347]","[0.0, 0.023255813953488372, 0.03953488372093023, 0.044186046511627906, 0.05116279069767442, 0.06046511627906977, 0.06744186046511629, 0.07441860465116279, 0.08837209302325581, 0.10232558139534884, 0.11162790697674418, 0.11162790697674418, 0.12093023255813953, 0.13023255813953488, 0.13023255813953488, 0.1325581395348837, 0.14883720930232558, 0.16744186046511628, 0.1930232558139535, 1.0]",4.0,2.0,2.0,2.0,2.0,11,-16.06542,8.0,0.0,hrl_dqn_apf,hierarchical,dqn,-10.000,1.530,-0.760,0.00,0.00,0.00,-14.300,0.040,-0.590,0.00,0.00,0.00,-20.110,0.040,-0.590,0.00,0.00,0.00,4.200,4.200,4.200
2026-02-04 20:18:36,87.35,25,393,418,5.98%,134.14,5.81%,"[0, 5, 10, 15, 20, 25, 30, 35, 40, 45, 50, 55, 60, 65, 70, 75, 80, 85, 90, 95, 100]","[0, 9, 8, 1, 4, 3, 3, 4, 5, 7, 4, 0, 3, 4, 1, 1, 7, 6, 12, 348]","[0.0, 0.020930232558139535, 0.03953488372093023, 0.04186046511627907, 0.05116279069767442, 0.05813953488372093, 0.06511627906976744, 0.07441860465116279, 0.08604651162790698, 0.10232558139534884, 0.11162790697674418, 0.11162790697674418, 0.1186046511627907, 0.12790697674418605, 0.13023255813953488, 0.1325581395348837, 0.14883720930232558, 0.16279069767441862, 0.19069767441860466, 1.0]",4.0,2.0,2.0,2.0,2.0,11,-16.06542,8.0,0.0,hrl_dqn_apf,hierarchical,dqn,-10.000,1.541,-0.760,0.00,0.00,0.00,-14.300,0.040,-0.590,0.00,0.00,0.00,-20.110,0.040,-0.590,0.00,0.00,0.00,4.200,4.200,4.200
2026-02-04 20:18:37,88.35,25,397,422,5.92%,134.42,5.76%,"[0, 5, 10, 15, 20, 25, 30, 35, 40, 45, 50, 55, 60, 65, 70, 75, 80, 85, 90, 95, 100]","[0, 8, 6, 4, 3, 4, 2, 5, 4, 6, 5, 1, 3, 3, 2, 1, 5, 12, 12, 348]","[0.0, 0.018433179723502304, 0.03225806451612903, 0.041474654377880185, 0.04838709677419355, 0.0576036866359447, 0.06221198156682028, 0.07373271889400922, 0.08294930875576037, 0.0967741935483871, 0.10829493087557604, 0.11059907834101383, 0.1175115207373272, 0.12442396313364056, 0.12903225806451613, 0.1313364055299539, 0.14285714285714285, 0.17050691244239632, 0.19815668202764977, 1.0]",4.0,2.0,2.0,2.0,2.0,11,-16.06542,8.0,0.0,hrl_dqn_apf,hierarchical,dqn,-10.000,1.553,-0.760,0.00,0.00,0.00,-14.299,0.186,-0.590,0.00,0.00,0.00,-20.110,0.040,-0.590,0.00,0.00,0.00,4.200,4.200,4.200
2026-02-04 20:18:38,89.35,25,395,420,5.95%,135.20,5.76%,"[0, 5, 10, 15, 20, 25, 30, 35, 40, 45, 50, 55, 60, 65, 70, 75, 80, 85, 90, 95, 100]","[0, 5, 9, 4, 3, 4, 2, 4, 4, 7, 4, 2, 2, 4, 2, 1, 5, 10, 12, 350]","[0.0, 0.01152073732718894, 0.03225806451612903, 0.041474654377880185, 0.04838709677419355, 0.0576036866359447, 0.06221198156682028, 0.07142857142857142, 0.08064516129032258, 0.0967741935483871, 0.10599078341013825, 0.11059907834101383, 0.1152073732718894, 0.12442396313364056, 0.12903225806451613, 0.1313364055299539, 0.14285714285714285, 0.16589861751152074, 0.1935483870967742, 1.0]",4.0,2.0,2.0,2.0,2.0,11,-16.06542,8.0,0.0,hrl_dqn_apf,hierarchical,dqn,-10.000,1.560,-0.760,0.00,0.00,0.00,-14.298,0.557,-0.590,0.00,0.00,0.00,-20.110,0.040,-0.590,0.00,0.00,0.00,4.200,4.200,4.200
2026-02-04 20:18:39,90.35,24,396,420,5.71%,135.97,5.45%,"[0, 5, 10, 15, 20, 25, 30, 35, 40, 45, 50, 55, 60, 65, 70, 75, 80, 85, 90, 95, 100]","[0, 2, 9, 6, 2, 5, 2, 3, 3, 7, 6, 3, 2, 2, 4, 0, 11, 7, 14, 352]","[0.0, 0.004545454545454545, 0.025, 0.038636363636363635, 0.04318181818181818, 0.05454545454545454, 0.05909090909090909, 0.0659090909090909, 0.07272727272727272, 0.08863636363636364, 0.10227272727272728, 0.10909090909090909, 0.11363636363636363, 0.11818181818181818, 0.12727272727272726, 0.12727272727272726, 0.15227272727272728, 0.16818181818181818, 0.2, 1.0]",4.0,2.0,2.0,2.0,2.0,11,-16.06542,8.0,0.0,hrl_dqn_apf,hierarchical,dqn,-10.000,1.566,-0.760,0.00,0.00,0.00,-14.299,1.330,-0.590,0.00,0.00,0.00,-20.110,0.040,-0.590,0.00,0.00,0.00,4.200,4.200,4.200
2026-02-04 20:18:40,91.36,23,399,422,5.45%,136.48,5.20%,"[0, 5, 10, 15, 20, 25, 30, 35, 40, 45, 50, 55, 60, 65, 70, 75, 80, 85, 90, 95, 100]","[0, 0, 10, 7, 2, 4, 3, 3, 3, 6, 6, 4, 1, 3, 4, 0, 13, 7, 10, 356]","[0.0, 0.0, 0.02262443438914027, 0.038461538461538464, 0.042986425339366516, 0.05203619909502263, 0.058823529411764705, 0.06561085972850679, 0.07239819004524888, 0.08597285067873303, 0.09954751131221719, 0.1085972850678733, 0.11085972850678733, 0.11764705882352941, 0.12669683257918551, 0.12669683257918551, 0.15610859728506787, 0.17194570135746606, 0.19457013574660634, 1.0]",4.0,2.0,2.0,2.0,2.0,11,-16.06542,8.0,0.0,hrl_dqn_apf,hierarchical,dqn,-10.000,1.566,-0.760,0.00,0.00,0.00,-14.299,1.565,-0.590,0.00,0.00,0.00,-20.110,0.040,-0.590,0.00,0.00,0.00,4.200,4.200,4.200
2026-02-04 20:18:41,92.36,22,398,420,5.24%,137.24,4.98%,"[0, 5, 10, 15, 20, 25, 30, 35, 40, 45, 50, 55, 60, 65, 70, 75, 80, 85, 90, 95, 100]","[0, 0, 10, 7, 1, 4, 3, 3, 4, 5, 7, 4, 0, 3, 4, 1, 13, 7, 6, 360]","[0.0, 0.0, 0.02262443438914027, 0.038461538461538464, 0.04072398190045249, 0.049773755656108594, 0.05656108597285068, 0.06334841628959276, 0.07239819004524888, 0.083710407239819, 0.09954751131221719, 0.1085972850678733, 0.1085972850678733, 0.11538461538461539, 0.1244343891402715, 0.12669683257918551, 0.15610859728506787, 0.17194570135746606, 0.18552036199095023, 1.0]",4.0,2.0,2.0,2.0,2.0,11,-16.06542,8.0,0.0,hrl_dqn_apf,hierarchical,dqn,-10.000,1.567,-0.760,0.00,0.00,0.00,-14.300,1.536,-0.590,0.00,0.00,0.00,-20.110,0.040,-0.590,0.00,0.00,0.00,4.200,4.200,4.200
2026-02-04 20:18:42,93.36,21,401,422,4.98%,137.49,4.71%,"[0, 5, 10, 15, 20, 25, 30, 35, 40, 45, 50, 55, 60, 65, 70, 75, 80, 85, 90, 95, 100]","[0, 0, 8, 7, 3, 3, 4, 2, 5, 4, 7, 4, 1, 3, 4, 1, 15, 3, 12, 360]","[0.0, 0.0, 0.017937219730941704, 0.033632286995515695, 0.04035874439461883, 0.04708520179372197, 0.05605381165919283, 0.06053811659192825, 0.07174887892376682, 0.08071748878923767, 0.09641255605381166, 0.10538116591928251, 0.10762331838565023, 0.11434977578475336, 0.12331838565022421, 0.12556053811659193, 0.1591928251121076, 0.16591928251121077, 0.19282511210762332, 1.0]",4.0,2.0,2.0,2.0,2.0,11,-16.06542,8.0,0.0,hrl_dqn_apf,hierarchical,dqn,-10.000,1.567,-0.760,0.00,0.00,0.00,-14.299,1.548,-0.590,0.00,0.00,0.00,-20.110,0.040,-0.590,0.00,0.00,0.00,4.200,4.200,4.200
2026-02-04 20:18:43,94.36,20,403,423,4.73%,138.74,4.46%,"[0, 5, 10, 15, 20, 25, 30, 35, 40, 45, 50, 55, 60, 65, 70, 75, 80, 85, 90, 95, 100]","[0, 0, 4, 8, 6, 2, 4, 2, 5, 3, 7, 4, 3, 2, 4, 2, 15, 5, 6, 366]","[0.0, 0.0, 0.008928571428571428, 0.026785714285714284, 0.04017857142857143, 0.044642857142857144, 0.05357142857142857, 0.05803571428571429, 0.06919642857142858, 0.07589285714285714, 0.09151785714285714, 0.10044642857142858, 0.10714285714285714, 0.11160714285714286, 0.12053571428571429, 0.125, 0.15848214285714285, 0.16964285714285715, 0.18303571428571427, 1.0]",4.0,2.0,2.0,2.0,2.0,11,-16.06542,8.0,0.0,hrl_dqn_apf,hierarchical,dqn,-10.000,1.567,-0.760,0.00,0.00,0.00,-14.299,1.566,-0.590,0.00,0.00,0.00,-20.110,0.618,-0.589,0.00,0.00,0.00,4.200,4.200,4.200
2026-02-04 20:18:44,95.37,19,404,423,4.49%,139.50,4.24%,"[0, 5, 10, 15, 20, 25, 30, 35, 40, 45, 50, 55, 60, 65, 70, 75, 80, 85, 90, 95, 100]","[0, 0, 2, 9, 6, 2, 5, 2, 3, 3, 7, 6, 3, 2, 3, 3, 8, 12, 6, 366]","[0.0, 0.0, 0.004464285714285714, 0.024553571428571428, 0.03794642857142857, 0.04241071428571429, 0.05357142857142857, 0.05803571428571429, 0.06473214285714286, 0.07142857142857142, 0.08705357142857142, 0.10044642857142858, 0.10714285714285714, 0.11160714285714286, 0.11830357142857142, 0.125, 0.14285714285714285, 0.16964285714285715, 0.18303571428571427, 1.0]",4.0,2.0,2.0,2.0,2.0,11,-16.06542,8.0,0.0,hrl_dqn_apf,hierarchical,dqn,-10.000,1.567,-0.760,0.00,0.00,0.00,-14.299,1.569,-0.590,0.00,0.00,0.00,-20.110,1.001,-0.589,0.00,0.00,0.00,4.200,4.200,4.200
2026-02-04 20:18:45,96.37,19,404,423,4.49%,140.26,4.24%,"[0, 5, 10, 15, 20, 25, 30, 35, 40, 45, 50, 55, 60, 65, 70, 75, 80, 85, 90, 95, 100]","[0, 0, 0, 10, 7, 2, 5, 2, 3, 3, 6, 7, 3, 1, 3, 4, 6, 13, 7, 366]","[0.0, 0.0, 0.0, 0.022321428571428572, 0.03794642857142857, 0.04241071428571429, 0.05357142857142857, 0.05803571428571429, 0.06473214285714286, 0.07142857142857142, 0.08482142857142858, 0.10044642857142858, 0.10714285714285714, 0.109375, 0.11607142857142858, 0.125, 0.13839285714285715, 0.16741071428571427, 0.18303571428571427, 1.0]",4.0,2.0,2.0,2.0,2.0,11,-16.06542,8.0,0.0,hrl_dqn_apf,hierarchical,dqn,-10.000,1.567,-0.760,0.00,0.00,0.00,-14.299,1.571,-0.590,0.00,0.00,0.00,-20.110,1.395,-0.590,0.00,0.00,0.00,4.200,4.200,4.200
2026-02-04 20:18:46,97.37,18,407,425,4.24%,140.23,3.96%,"[0, 5, 10, 15, 20, 25, 30, 35, 40, 45, 50, 55, 60, 65, 70, 75, 80, 85, 90, 95, 100]","[0, 0, 0, 10, 7, 1, 4, 3, 4, 3, 5, 7, 4, 0, 4, 3, 13, 13, 7, 366]","[0.0, 0.0, 0.0, 0.022026431718061675, 0.037444933920704845, 0.039647577092511016, 0.048458149779735685, 0.05506607929515418, 0.06387665198237885, 0.07048458149779736, 0.08149779735682819, 0.09691629955947137, 0.10572687224669604, 0.10572687224669604, 0.1145374449339207, 0.1211453744493392, 0.14977973568281938, 0.17841409691629956, 0.19383259911894274, 1.0]",4.0,2.0,2.0,2.0,2.0,11,-16.06542,8.0,0.0,hrl_dqn_apf,hierarchical,dqn,-10.000,1.567,-0.760,0.00,0.00,0.00,-14.299,1.571,-0.590,0.00,0.00,0.00,-20.110,1.550,-0.590,0.00,0.00,0.00,4.200,4.200,4.200
2026-02-04 20:18:47,98.37,18,405,423,4.26%,141.73,3.96%,"[0, 5, 10, 15, 20, 25, 30, 35, 40, 45, 50, 55, 60, 65, 70, 75, 80, 85, 90, 95, 100]","[0, 0, 0, 7, 7, 4, 3, 4, 2, 4, 5, 6, 5, 1, 3, 3, 8, 15, 5, 372]","[0.0, 0.0, 0.0, 0.015418502202643172, 0.030837004405286344, 0.039647577092511016, 0.046255506607929514, 0.05506607929515418, 0.05947136563876652, 0.06828193832599119, 0.07929515418502203, 0.09251101321585903, 0.10352422907488987, 0.10572687224669604, 0.11233480176211454, 0.11894273127753303, 0.13656387665198239, 0.1696035242290749, 0.18061674008810572, 1.0]",4.0,2.0,2.0,2.0,2.0,11,-16.06542,8.0,0.0,hrl_dqn_apf,hierarchical,dqn,-10.000,1.567,-0.760,0.00,0.00,0.00,-14.299,1.572,-0.590,0.00,0.00,0.00,-20.110,1.551,-0.590,0.00,0.00,0.00,4.200,4.200,4.200
2026-02-04 20:18:48,99.37,18,406,424,4.25%,142.33,3.96%,"[0, 5, 10, 15, 20, 25, 30, 35, 40, 45, 50, 55, 60, 65, 70, 75, 80, 85, 90, 95, 100]","[0, 0, 0, 4, 8, 6, 2, 5, 1, 5, 3, 8, 3, 3, 2, 4, 9, 15, 5, 372]","[0.0, 0.0, 0.0, 0.008791208791208791, 0.026373626373626374, 0.03956043956043956, 0.04395604395604396, 0.054945054945054944, 0.05714285714285714, 0.06813186813186813, 0.07472527472527472, 0.09230769230769231, 0.0989010989010989, 0.1054945054945055, 0.10989010989010989, 0.11868131868131868, 0.13846153846153847, 0.17142857142857143, 0.1824175824175824, 1.0]",4.0,2.0,2.0,2.0,2.0,11,-16.06542,8.0,0.0,hrl_dqn_apf,hierarchical,dqn,-10.000,1.567,-0.760,0.00,0.00,0.00,-14.299,1.572,-0.590,0.00,0.00,0.00,-20.110,1.561,-0.590,0.00,0.00,0.00,4.200,4.200,4.200
2026-02-04 20:18:49,100.37,0,354,354,0.00%,80.00,0.00%,"[0, 5, 10, 15, 20, 25, 30, 35, 40, 45, 50, 55, 60, 65, 70, 75, 80, 85, 90, 95, 100]","[0, 0, 0, 0, 0, 0, 0, 0, 0, 0, 0, 0, 0, 0, 0, 0, 1613, 0, 0, 0]","[0.0, 0.0, 0.0, 0.0, 0.0, 0.0, 0.0, 0.0, 0.0, 0.0, 0.0, 0.0, 0.0, 0.0, 0.0, 0.0, 1.0, 1.0, 1.0, 1.0]",4.0,2.0,2.0,2.0,2.0,11,-16.06542,8.0,0.0,hrl_dqn_apf,hierarchical,dqn,-10.000,1.567,-0.760,0.00,0.00,0.00,-14.299,1.572,-0.590,0.00,0.00,0.00,-20.110,1.567,-0.590,0.00,0.00,0.00,4.200,4.200,4.200
2026-02-04 20:18:50,101.38,0,354,354,0.00%,80.00,0.00%,"[0, 5, 10, 15, 20, 25, 30, 35, 40, 45, 50, 55, 60, 65, 70, 75, 80, 85, 90, 95, 100]","[0, 0, 0, 0, 0, 0, 0, 0, 0, 0, 0, 0, 0, 0, 0, 0, 1613, 0, 0, 0]","[0.0, 0.0, 0.0, 0.0, 0.0, 0.0, 0.0, 0.0, 0.0, 0.0, 0.0, 0.0, 0.0, 0.0, 0.0, 0.0, 1.0, 1.0, 1.0, 1.0]",4.0,2.0,2.0,2.0,2.0,11,-16.06542,8.0,0.0,hrl_dqn_apf,hierarchical,dqn,-10.000,1.567,-0.760,0.00,0.00,0.00,-14.299,1.572,-0.590,0.00,0.00,0.00,-20.110,1.569,-0.590,0.00,0.00,0.00,4.200,4.200,4.200
2026-02-04 20:18:51,102.38,4,348,352,1.14%,79.98,0.25%,"[0, 5, 10, 15, 20, 25, 30, 35, 40, 45, 50, 55, 60, 65, 70, 75, 80, 85, 90, 95, 100]","[4, 0, 0, 0, 0, 0, 0, 0, 0, 0, 0, 0, 0, 0, 0, 0, 1609, 0, 0, 0]","[0.0024798512089274642, 0.0024798512089274642, 0.0024798512089274642, 0.0024798512089274642, 0.0024798512089274642, 0.0024798512089274642, 0.0024798512089274642, 0.0024798512089274642, 0.0024798512089274642, 0.0024798512089274642, 0.0024798512089274642, 0.0024798512089274642, 0.0024798512089274642, 0.0024798512089274642, 0.0024798512089274642, 0.0024798512089274642, 1.0, 1.0, 1.0, 1.0]",4.0,2.0,2.0,2.0,2.0,11,-16.06542,8.0,0.0,hrl_dqn_apf,hierarchical,dqn,-10.000,1.567,-0.760,0.00,0.00,0.00,-14.299,1.572,-0.590,0.00,0.00,0.00,-20.110,1.571,-0.590,0.00,0.00,0.00,4.200,4.200,4.200
2026-02-04 20:18:52,103.39,4,348,352,1.14%,80.15,0.25%,"[0, 5, 10, 15, 20, 25, 30, 35, 40, 45, 50, 55, 60, 65, 70, 75, 80, 85, 90, 95, 100]","[4, 0, 0, 0, 0, 0, 0, 0, 0, 0, 0, 0, 0, 0, 0, 0, 1609, 0, 0, 0]","[0.0024798512089274642, 0.0024798512089274642, 0.0024798512089274642, 0.0024798512089274642, 0.0024798512089274642, 0.0024798512089274642, 0.0024798512089274642, 0.0024798512089274642, 0.0024798512089274642, 0.0024798512089274642, 0.0024798512089274642, 0.0024798512089274642, 0.0024798512089274642, 0.0024798512089274642, 0.0024798512089274642, 0.0024798512089274642, 1.0, 1.0, 1.0, 1.0]",4.0,2.0,2.0,2.0,2.0,11,-16.06542,8.0,0.0,hrl_dqn_apf,hierarchical,dqn,-10.000,1.567,-0.760,0.00,0.00,0.00,-14.299,1.572,-0.590,0.00,0.00,0.00,-20.110,1.572,-0.590,0.00,0.00,0.00,4.200,4.200,4.200
2026-02-04 20:18:54,105.39,0,349,349,0.00%,83.19,0.00%,"[0, 5, 10, 15, 20, 25, 30, 35, 40, 45, 50, 55, 60, 65, 70, 75, 80, 85, 90, 95, 100]","[0, 0, 0, 0, 0, 0, 0, 0, 0, 0, 0, 0, 0, 0, 0, 0, 349, 0, 0, 0]","[0.0, 0.0, 0.0, 0.0, 0.0, 0.0, 0.0, 0.0, 0.0, 0.0, 0.0, 0.0, 0.0, 0.0, 0.0, 0.0, 1.0, 1.0, 1.0, 1.0]",4.0,2.0,2.0,2.0,2.0,11,-16.06542,8.0,0.0,hrl_dqn_apf,hierarchical,dqn,-10.000,0.095,-0.758,0.00,0.00,0.00,-14.300,0.035,-0.590,0.00,0.00,0.00,-20.110,0.035,-0.590,0.00,0.00,0.00,4.200,4.200,4.200
2026-02-04 20:18:55,106.39,0,351,351,0.00%,84.77,0.00%,"[0, 5, 10, 15, 20, 25, 30, 35, 40, 45, 50, 55, 60, 65, 70, 75, 80, 85, 90, 95, 100]","[0, 0, 0, 0, 0, 0, 0, 0, 0, 0, 0, 0, 0, 0, 0, 0, 351, 0, 0, 0]","[0.0, 0.0, 0.0, 0.0, 0.0, 0.0, 0.0, 0.0, 0.0, 0.0, 0.0, 0.0, 0.0, 0.0, 0.0, 0.0, 1.0, 1.0, 1.0, 1.0]",4.0,2.0,2.0,2.0,2.0,11,-16.06542,8.0,0.0,hrl_dqn_apf,hierarchical,dqn,-10.000,0.827,-0.758,0.00,0.00,0.00,-14.300,0.035,-0.590,0.00,0.00,0.00,-20.110,0.035,-0.590,0.00,0.00,0.00,4.200,4.200,4.200
2026-02-04 20:18:56,107.39,0,353,353,0.00%,85.55,0.00%,"[0, 5, 10, 15, 20, 25, 30, 35, 40, 45, 50, 55, 60, 65, 70, 75, 80, 85, 90, 95, 100]","[0, 0, 0, 0, 0, 0, 0, 0, 0, 0, 0, 0, 0, 0, 0, 0, 5, 348, 0, 0]","[0.0, 0.0, 0.0, 0.0, 0.0, 0.0, 0.0, 0.0, 0.0, 0.0, 0.0, 0.0, 0.0, 0.0, 0.0, 0.0, 0.014164305949008499, 1.0, 1.0, 1.0]",4.0,2.0,2.0,2.0,2.0,11,-16.06542,8.0,0.0,hrl_dqn_apf,hierarchical,dqn,-10.000,1.217,-0.758,0.00,0.00,0.00,-14.300,0.035,-0.590,0.00,0.00,0.00,-20.110,0.035,-0.590,0.00,0.00,0.00,4.200,4.200,4.200
2026-02-04 20:18:57,108.39,0,353,353,0.00%,86.35,0.00%,"[0, 5, 10, 15, 20, 25, 30, 35, 40, 45, 50, 55, 60, 65, 70, 75, 80, 85, 90, 95, 100]","[0, 0, 0, 0, 0, 0, 0, 0, 0, 0, 0, 0, 0, 0, 0, 0, 5, 348, 0, 0]","[0.0, 0.0, 0.0, 0.0, 0.0, 0.0, 0.0, 0.0, 0.0, 0.0, 0.0, 0.0, 0.0, 0.0, 0.0, 0.0, 0.014164305949008499, 1.0, 1.0, 1.0]",4.0,2.0,2.0,2.0,2.0,11,-16.06542,8.0,0.0,hrl_dqn_apf,hierarchical,dqn,-10.000,1.563,-0.758,0.00,0.00,0.00,-14.300,0.035,-0.590,0.00,0.00,0.00,-20.110,0.035,-0.590,0.00,0.00,0.00,4.200,4.200,4.200
2026-02-04 20:18:58,109.39,0,357,357,0.00%,87.07,0.00%,"[0, 5, 10, 15, 20, 25, 30, 35, 40, 45, 50, 55, 60, 65, 70, 75, 80, 85, 90, 95, 100]","[0, 0, 0, 0, 0, 0, 0, 0, 0, 0, 0, 0, 0, 0, 0, 0, 9, 348, 0, 0]","[0.0, 0.0, 0.0, 0.0, 0.0, 0.0, 0.0, 0.0, 0.0, 0.0, 0.0, 0.0, 0.0, 0.0, 0.0, 0.0, 0.025210084033613446, 1.0, 1.0, 1.0]",4.0,2.0,2.0,2.0,2.0,11,-16.06542,8.0,0.0,hrl_dqn_apf,hierarchical,dqn,-10.000,1.523,-0.758,0.00,0.00,0.00,-14.300,0.035,-0.590,0.00,0.00,0.00,-20.110,0.035,-0.590,0.00,0.00,0.00,4.200,4.200,4.200
2026-02-04 20:18:59,110.40,0,359,359,0.00%,88.59,0.00%,"[0, 5, 10, 15, 20, 25, 30, 35, 40, 45, 50, 55, 60, 65, 70, 75, 80, 85, 90, 95, 100]","[0, 0, 0, 0, 0, 0, 0, 0, 0, 0, 0, 0, 0, 0, 0, 0, 12, 349, 0, 0]","[0.0, 0.0, 0.0, 0.0, 0.0, 0.0, 0.0, 0.0, 0.0, 0.0, 0.0, 0.0, 0.0, 0.0, 0.0, 0.0, 0.0332409972299169, 1.0, 1.0, 1.0]",4.0,2.0,2.0,2.0,2.0,11,-16.06542,8.0,0.0,hrl_dqn_apf,hierarchical,dqn,-10.000,1.544,-0.758,0.00,0.00,0.00,-14.300,0.156,-0.590,0.00,0.00,0.00,-20.110,0.035,-0.590,0.00,0.00,0.00,4.200,4.200,4.200
2026-02-04 20:19:00,111.40,0,361,361,0.00%,89.34,0.00%,"[0, 5, 10, 15, 20, 25, 30, 35, 40, 45, 50, 55, 60, 65, 70, 75, 80, 85, 90, 95, 100]","[0, 0, 0, 0, 0, 0, 0, 0, 0, 0, 0, 0, 0, 0, 0, 0, 12, 351, 0, 0]","[0.0, 0.0, 0.0, 0.0, 0.0, 0.0, 0.0, 0.0, 0.0, 0.0, 0.0, 0.0, 0.0, 0.0, 0.0, 0.0, 0.03305785123966942, 1.0, 1.0, 1.0]",4.0,2.0,2.0,2.0,2.0,11,-16.06542,8.0,0.0,hrl_dqn_apf,hierarchical,dqn,-10.000,1.552,-0.758,0.00,0.00,0.00,-14.300,0.516,-0.590,0.00,0.00,0.00,-20.110,0.035,-0.590,0.00,0.00,0.00,4.200,4.200,4.200
2026-02-04 20:19:01,112.40,0,365,365,0.00%,90.03,0.00%,"[0, 5, 10, 15, 20, 25, 30, 35, 40, 45, 50, 55, 60, 65, 70, 75, 80, 85, 90, 95, 100]","[0, 0, 0, 0, 0, 0, 0, 0, 0, 0, 0, 0, 0, 0, 0, 0, 14, 7, 346, 0]","[0.0, 0.0, 0.0, 0.0, 0.0, 0.0, 0.0, 0.0, 0.0, 0.0, 0.0, 0.0, 0.0, 0.0, 0.0, 0.0, 0.03814713896457766, 0.05722070844686648, 1.0, 1.0]",4.0,2.0,2.0,2.0,2.0,11,-16.06542,8.0,0.0,hrl_dqn_apf,hierarchical,dqn,-10.000,1.556,-0.758,0.00,0.00,0.00,-14.300,0.896,-0.590,0.00,0.00,0.00,-20.110,0.035,-0.590,0.00,0.00,0.00,4.200,4.200,4.200
2026-02-04 20:19:02,113.40,0,365,365,0.00%,90.83,0.00%,"[0, 5, 10, 15, 20, 25, 30, 35, 40, 45, 50, 55, 60, 65, 70, 75, 80, 85, 90, 95, 100]","[0, 0, 0, 0, 0, 0, 0, 0, 0, 0, 0, 0, 0, 0, 0, 0, 14, 7, 346, 0]","[0.0, 0.0, 0.0, 0.0, 0.0, 0.0, 0.0, 0.0, 0.0, 0.0, 0.0, 0.0, 0.0, 0.0, 0.0, 0.0, 0.03814713896457766, 0.05722070844686648, 1.0, 1.0]",4.0,2.0,2.0,2.0,2.0,11,-16.06542,8.0,0.0,hrl_dqn_apf,hierarchical,dqn,-10.000,1.558,-0.758,0.00,0.00,0.00,-14.300,1.286,-0.590,0.00,0.00,0.00,-20.110,0.035,-0.590,0.00,0.00,0.00,4.200,4.200,4.200
2026-02-04 20:19:03,114.40,0,365,365,0.00%,92.42,0.00%,"[0, 5, 10, 15, 20, 25, 30, 35, 40, 45, 50, 55, 60, 65, 70, 75, 80, 85, 90, 95, 100]","[0, 0, 0, 0, 0, 0, 0, 0, 0, 0, 0, 0, 0, 0, 0, 0, 8, 12, 347, 0]","[0.0, 0.0, 0.0, 0.0, 0.0, 0.0, 0.0, 0.0, 0.0, 0.0, 0.0, 0.0, 0.0, 0.0, 0.0, 0.0, 0.021798365122615803, 0.05449591280653951, 1.0, 1.0]",4.0,2.0,2.0,2.0,2.0,11,-16.06542,8.0,0.0,hrl_dqn_apf,hierarchical,dqn,-10.000,1.559,-0.758,0.00,0.00,0.00,-14.300,1.528,-0.590,0.00,0.00,0.00,-20.110,0.035,-0.590,0.00,0.00,0.00,4.200,4.200,4.200
2026-02-04 20:19:04,115.40,0,367,367,0.00%,93.14,0.00%,"[0, 5, 10, 15, 20, 25, 30, 35, 40, 45, 50, 55, 60, 65, 70, 75, 80, 85, 90, 95, 100]","[0, 0, 0, 0, 0, 0, 0, 0, 0, 0, 0, 0, 0, 0, 0, 0, 8, 14, 347, 0]","[0.0, 0.0, 0.0, 0.0, 0.0, 0.0, 0.0, 0.0, 0.0, 0.0, 0.0, 0.0, 0.0, 0.0, 0.0, 0.0, 0.02168021680216802, 0.05962059620596206, 1.0, 1.0]",4.0,2.0,2.0,2.0,2.0,11,-16.06542,8.0,0.0,hrl_dqn_apf,hierarchical,dqn,-10.000,1.559,-0.758,0.00,0.00,0.00,-14.300,1.540,-0.590,0.00,0.00,0.00,-20.110,0.035,-0.590,0.00,0.00,0.00,4.200,4.200,4.200
2026-02-04 20:19:05,116.40,0,369,369,0.00%,93.80,0.00%,"[0, 5, 10, 15, 20, 25, 30, 35, 40, 45, 50, 55, 60, 65, 70, 75, 80, 85, 90, 95, 100]","[0, 0, 0, 0, 0, 0, 0, 0, 0, 0, 0, 0, 0, 0, 0, 0, 10, 14, 349, 0]","[0.0, 0.0, 0.0, 0.0, 0.0, 0.0, 0.0, 0.0, 0.0, 0.0, 0.0, 0.0, 0.0, 0.0, 0.0, 0.0, 0.02680965147453083, 0.064343163538874, 1.0, 1.0]",4.0,2.0,2.0,2.0,2.0,11,-16.06542,8.0,0.0,hrl_dqn_apf,hierarchical,dqn,-10.000,1.559,-0.758,0.00,0.00,0.00,-14.300,1.552,-0.590,0.00,0.00,0.00,-20.110,0.215,-0.590,0.00,0.00,0.00,4.200,4.200,4.200
2026-02-04 20:19:06,117.41,0,369,369,0.00%,94.59,0.00%,"[0, 5, 10, 15, 20, 25, 30, 35, 40, 45, 50, 55, 60, 65, 70, 75, 80, 85, 90, 95, 100]","[0, 0, 0, 0, 0, 0, 0, 0, 0, 0, 0, 0, 0, 0, 0, 0, 6, 16, 7, 344]","[0.0, 0.0, 0.0, 0.0, 0.0, 0.0, 0.0, 0.0, 0.0, 0.0, 0.0, 0.0, 0.0, 0.0, 0.0, 0.0, 0.0160857908847185, 0.058981233243967826, 0.0777479892761394, 1.0]",4.0,2.0,2.0,2.0,2.0,11,-16.06542,8.0,0.0,hrl_dqn_apf,hierarchical,dqn,-10.000,1.559,-0.758,0.00,0.00,0.00,-14.300,1.559,-0.590,0.00,0.00,0.00,-20.110,0.579,-0.590,0.00,0.00,0.00,4.200,4.200,4.200
2026-02-04 20:19:07,118.41,0,370,370,0.00%,96.13,0.00%,"[0, 5, 10, 15, 20, 25, 30, 35, 40, 45, 50, 55, 60, 65, 70, 75, 80, 85, 90, 95, 100]","[0, 0, 0, 0, 0, 0, 0, 0, 0, 0, 0, 0, 0, 0, 0, 0, 7, 16, 7, 344]","[0.0, 0.0, 0.0, 0.0, 0.0, 0.0, 0.0, 0.0, 0.0, 0.0, 0.0, 0.0, 0.0, 0.0, 0.0, 0.0, 0.01871657754010695, 0.06149732620320856, 0.08021390374331551, 1.0]",4.0,2.0,2.0,2.0,2.0,11,-16.06542,8.0,0.0,hrl_dqn_apf,hierarchical,dqn,-10.000,1.559,-0.758,0.00,0.00,0.00,-14.300,1.564,-0.590,0.00,0.00,0.00,-20.110,1.363,-0.590,0.00,0.00,0.00,4.200,4.200,4.200
2026-02-04 20:19:08,119.41,0,370,370,0.00%,96.93,0.00%,"[0, 5, 10, 15, 20, 25, 30, 35, 40, 45, 50, 55, 60, 65, 70, 75, 80, 85, 90, 95, 100]","[0, 0, 0, 0, 0, 0, 0, 0, 0, 0, 0, 0, 0, 0, 0, 0, 7, 10, 12, 345]","[0.0, 0.0, 0.0, 0.0, 0.0, 0.0, 0.0, 0.0, 0.0, 0.0, 0.0, 0.0, 0.0, 0.0, 0.0, 0.0, 0.01871657754010695, 0.045454545454545456, 0.07754010695187166, 1.0]",4.0,2.0,2.0,2.0,2.0,11,-16.06542,8.0,0.0,hrl_dqn_apf,hierarchical,dqn,-10.000,1.559,-0.758,0.00,0.00,0.00,-14.300,1.565,-0.590,0.00,0.00,0.00,-20.110,1.549,-0.590,0.00,0.00,0.00,4.200,4.200,4.200
2026-02-04 20:19:09,120.41,0,372,372,0.00%,97.63,0.00%,"[0, 5, 10, 15, 20, 25, 30, 35, 40, 45, 50, 55, 60, 65, 70, 75, 80, 85, 90, 95, 100]","[0, 0, 0, 0, 0, 0, 0, 0, 0, 0, 0, 0, 0, 0, 0, 0, 7, 10, 14, 345]","[0.0, 0.0, 0.0, 0.0, 0.0, 0.0, 0.0, 0.0, 0.0, 0.0, 0.0, 0.0, 0.0, 0.0, 0.0, 0.0, 0.018617021276595744, 0.04521276595744681, 0.08244680851063829, 1.0]",4.0,2.0,2.0,2.0,2.0,11,-16.06542,8.0,0.0,hrl_dqn_apf,hierarchical,dqn,-10.000,1.559,-0.758,0.00,0.00,0.00,-14.300,1.565,-0.590,0.00,0.00,0.00,-20.110,1.530,-0.590,0.00,0.00,0.00,4.200,4.200,4.200
2026-02-04 20:19:10,121.41,0,374,374,0.00%,98.32,0.00%,"[0, 5, 10, 15, 20, 25, 30, 35, 40, 45, 50, 55, 60, 65, 70, 75, 80, 85, 90, 95, 100]","[0, 0, 0, 0, 0, 0, 0, 0, 0, 0, 0, 0, 0, 0, 0, 0, 5, 14, 14, 345]","[0.0, 0.0, 0.0, 0.0, 0.0, 0.0, 0.0, 0.0, 0.0, 0.0, 0.0, 0.0, 0.0, 0.0, 0.0, 0.0, 0.013227513227513227, 0.05026455026455026, 0.0873015873015873, 1.0]",4.0,2.0,2.0,2.0,2.0,11,-16.06542,8.0,0.0,hrl_dqn_apf,hierarchical,dqn,-10.000,1.559,-0.758,0.00,0.00,0.00,-14.300,1.565,-0.590,0.00,0.00,0.00,-20.110,1.543,-0.590,0.00,0.00,0.00,4.200,4.200,4.200
2026-02-04 20:19:11,122.41,0,354,354,0.00%,80.00,0.00%,"[0, 5, 10, 15, 20, 25, 30, 35, 40, 45, 50, 55, 60, 65, 70, 75, 80, 85, 90, 95, 100]","[0, 0, 0, 0, 0, 0, 0, 0, 0, 0, 0, 0, 0, 0, 0, 0, 1613, 0, 0, 0]","[0.0, 0.0, 0.0, 0.0, 0.0, 0.0, 0.0, 0.0, 0.0, 0.0, 0.0, 0.0, 0.0, 0.0, 0.0, 0.0, 1.0, 1.0, 1.0, 1.0]",4.0,2.0,2.0,2.0,2.0,11,-16.06542,8.0,0.0,hrl_dqn_apf,hierarchical,dqn,-10.000,1.559,-0.758,0.00,0.00,0.00,-14.300,1.565,-0.590,0.00,0.00,0.00,-20.110,1.559,-0.590,0.00,0.00,0.00,4.200,4.200,4.200
2026-02-04 20:19:12,123.42,0,354,354,0.00%,80.00,0.00%,"[0, 5, 10, 15, 20, 25, 30, 35, 40, 45, 50, 55, 60, 65, 70, 75, 80, 85, 90, 95, 100]","[0, 0, 0, 0, 0, 0, 0, 0, 0, 0, 0, 0, 0, 0, 0, 0, 1613, 0, 0, 0]","[0.0, 0.0, 0.0, 0.0, 0.0, 0.0, 0.0, 0.0, 0.0, 0.0, 0.0, 0.0, 0.0, 0.0, 0.0, 0.0, 1.0, 1.0, 1.0, 1.0]",4.0,2.0,2.0,2.0,2.0,11,-16.06542,8.0,0.0,hrl_dqn_apf,hierarchical,dqn,-10.000,1.559,-0.758,0.00,0.00,0.00,-14.300,1.565,-0.590,0.00,0.00,0.00,-20.110,1.562,-0.590,0.00,0.00,0.00,4.200,4.200,4.200
2026-02-04 20:19:13,124.43,0,354,354,0.00%,80.00,0.00%,"[0, 5, 10, 15, 20, 25, 30, 35, 40, 45, 50, 55, 60, 65, 70, 75, 80, 85, 90, 95, 100]","[0, 0, 0, 0, 0, 0, 0, 0, 0, 0, 0, 0, 0, 0, 0, 0, 1613, 0, 0, 0]","[0.0, 0.0, 0.0, 0.0, 0.0, 0.0, 0.0, 0.0, 0.0, 0.0, 0.0, 0.0, 0.0, 0.0, 0.0, 0.0, 1.0, 1.0, 1.0, 1.0]",4.0,2.0,2.0,2.0,2.0,11,-16.06542,8.0,0.0,hrl_dqn_apf,hierarchical,dqn,-10.000,1.559,-0.758,0.00,0.00,0.00,-14.300,1.565,-0.590,0.00,0.00,0.00,-20.110,1.564,-0.590,0.00,0.00,0.00,4.200,4.200,4.200
2026-02-04 20:19:14,125.43,4,348,352,1.14%,79.98,0.25%,"[0, 5, 10, 15, 20, 25, 30, 35, 40, 45, 50, 55, 60, 65, 70, 75, 80, 85, 90, 95, 100]","[4, 0, 0, 0, 0, 0, 0, 0, 0, 0, 0, 0, 0, 0, 0, 0, 1609, 0, 0, 0]","[0.0024798512089274642, 0.0024798512089274642, 0.0024798512089274642, 0.0024798512089274642, 0.0024798512089274642, 0.0024798512089274642, 0.0024798512089274642, 0.0024798512089274642, 0.0024798512089274642, 0.0024798512089274642, 0.0024798512089274642, 0.0024798512089274642, 0.0024798512089274642, 0.0024798512089274642, 0.0024798512089274642, 0.0024798512089274642, 1.0, 1.0, 1.0, 1.0]",4.0,2.0,2.0,2.0,2.0,11,-16.06542,8.0,0.0,hrl_dqn_apf,hierarchical,dqn,-10.000,1.559,-0.758,0.00,0.00,0.00,-14.300,1.565,-0.590,0.00,0.00,0.00,-20.110,1.565,-0.590,0.00,0.00,0.00,4.200,4.200,4.200
2026-02-04 20:19:15,126.43,4,349,353,1.13%,80.32,0.25%,"[0, 5, 10, 15, 20, 25, 30, 35, 40, 45, 50, 55, 60, 65, 70, 75, 80, 85, 90, 95, 100]","[4, 0, 0, 0, 0, 0, 0, 0, 0, 0, 0, 0, 0, 0, 0, 0, 1609, 0, 0, 0]","[0.0024798512089274642, 0.0024798512089274642, 0.0024798512089274642, 0.0024798512089274642, 0.0024798512089274642, 0.0024798512089274642, 0.0024798512089274642, 0.0024798512089274642, 0.0024798512089274642, 0.0024798512089274642, 0.0024798512089274642, 0.0024798512089274642, 0.0024798512089274642, 0.0024798512089274642, 0.0024798512089274642, 0.0024798512089274642, 1.0, 1.0, 1.0, 1.0]",4.0,2.0,2.0,2.0,2.0,11,-16.06542,8.0,0.0,hrl_dqn_apf,hierarchical,dqn,-10.000,0.035,-0.758,0.00,0.00,0.00,-14.300,0.040,-0.590,0.00,0.00,0.00,-20.110,0.040,-0.590,0.00,0.00,0.00,4.200,4.200,4.200
2026-02-04 20:19:16,127.43,0,349,349,0.00%,83.19,0.00%,"[0, 5, 10, 15, 20, 25, 30, 35, 40, 45, 50, 55, 60, 65, 70, 75, 80, 85, 90, 95, 100]","[0, 0, 0, 0, 0, 0, 0, 0, 0, 0, 0, 0, 0, 0, 0, 0, 349, 0, 0, 0]","[0.0, 0.0, 0.0, 0.0, 0.0, 0.0, 0.0, 0.0, 0.0, 0.0, 0.0, 0.0, 0.0, 0.0, 0.0, 0.0, 1.0, 1.0, 1.0, 1.0]",4.0,2.0,2.0,2.0,2.0,11,-16.06542,8.0,0.0,hrl_dqn_apf,hierarchical,dqn,-10.000,0.065,-0.758,0.00,0.00,0.00,-14.300,0.040,-0.590,0.00,0.00,0.00,-20.110,0.040,-0.590,0.00,0.00,0.00,4.200,4.200,4.200
2026-02-04 20:19:17,128.43,0,349,349,0.00%,83.99,0.00%,"[0, 5, 10, 15, 20, 25, 30, 35, 40, 45, 50, 55, 60, 65, 70, 75, 80, 85, 90, 95, 100]","[0, 0, 0, 0, 0, 0, 0, 0, 0, 0, 0, 0, 0, 0, 0, 0, 349, 0, 0, 0]","[0.0, 0.0, 0.0, 0.0, 0.0, 0.0, 0.0, 0.0, 0.0, 0.0, 0.0, 0.0, 0.0, 0.0, 0.0, 0.0, 1.0, 1.0, 1.0, 1.0]",4.0,2.0,2.0,2.0,2.0,11,-16.06542,8.0,0.0,hrl_dqn_apf,hierarchical,dqn,-10.000,0.412,-0.758,0.00,0.00,0.00,-14.300,0.040,-0.590,0.00,0.00,0.00,-20.110,0.040,-0.590,0.00,0.00,0.00,4.200,4.200,4.200
2026-02-04 20:19:18,129.44,0,351,351,0.00%,84.77,0.00%,"[0, 5, 10, 15, 20, 25, 30, 35, 40, 45, 50, 55, 60, 65, 70, 75, 80, 85, 90, 95, 100]","[0, 0, 0, 0, 0, 0, 0, 0, 0, 0, 0, 0, 0, 0, 0, 0, 351, 0, 0, 0]","[0.0, 0.0, 0.0, 0.0, 0.0, 0.0, 0.0, 0.0, 0.0, 0.0, 0.0, 0.0, 0.0, 0.0, 0.0, 0.0, 1.0, 1.0, 1.0, 1.0]",4.0,2.0,2.0,2.0,2.0,11,-16.06542,8.0,0.0,hrl_dqn_apf,hierarchical,dqn,-10.000,0.788,-0.758,0.00,0.00,0.00,-14.300,0.040,-0.590,0.00,0.00,0.00,-20.110,0.040,-0.590,0.00,0.00,0.00,4.200,4.200,4.200
2026-02-04 20:19:19,130.44,0,353,353,0.00%,86.34,0.00%,"[0, 5, 10, 15, 20, 25, 30, 35, 40, 45, 50, 55, 60, 65, 70, 75, 80, 85, 90, 95, 100]","[0, 0, 0, 0, 0, 0, 0, 0, 0, 0, 0, 0, 0, 0, 0, 0, 5, 348, 0, 0]","[0.0, 0.0, 0.0, 0.0, 0.0, 0.0, 0.0, 0.0, 0.0, 0.0, 0.0, 0.0, 0.0, 0.0, 0.0, 0.0, 0.014164305949008499, 1.0, 1.0, 1.0]",4.0,2.0,2.0,2.0,2.0,11,-16.06542,8.0,0.0,hrl_dqn_apf,hierarchical,dqn,-10.000,1.564,-0.758,0.00,0.00,0.00,-14.300,0.040,-0.590,0.00,0.00,0.00,-20.110,0.040,-0.590,0.00,0.00,0.00,4.200,4.200,4.200
2026-02-04 20:19:20,131.44,0,357,357,0.00%,87.07,0.00%,"[0, 5, 10, 15, 20, 25, 30, 35, 40, 45, 50, 55, 60, 65, 70, 75, 80, 85, 90, 95, 100]","[0, 0, 0, 0, 0, 0, 0, 0, 0, 0, 0, 0, 0, 0, 0, 0, 9, 348, 0, 0]","[0.0, 0.0, 0.0, 0.0, 0.0, 0.0, 0.0, 0.0, 0.0, 0.0, 0.0, 0.0, 0.0, 0.0, 0.0, 0.0, 0.025210084033613446, 1.0, 1.0, 1.0]",4.0,2.0,2.0,2.0,2.0,11,-16.06542,8.0,0.0,hrl_dqn_apf,hierarchical,dqn,-10.000,1.529,-0.758,0.00,0.00,0.00,-14.300,0.040,-0.590,0.00,0.00,0.00,-20.110,0.040,-0.590,0.00,0.00,0.00,4.200,4.200,4.200
2026-02-04 20:19:21,132.44,0,361,361,0.00%,87.79,0.00%,"[0, 5, 10, 15, 20, 25, 30, 35, 40, 45, 50, 55, 60, 65, 70, 75, 80, 85, 90, 95, 100]","[0, 0, 0, 0, 0, 0, 0, 0, 0, 0, 0, 0, 0, 0, 0, 0, 12, 349, 0, 0]","[0.0, 0.0, 0.0, 0.0, 0.0, 0.0, 0.0, 0.0, 0.0, 0.0, 0.0, 0.0, 0.0, 0.0, 0.0, 0.0, 0.0332409972299169, 1.0, 1.0, 1.0]",4.0,2.0,2.0,2.0,2.0,11,-16.06542,8.0,0.0,hrl_dqn_apf,hierarchical,dqn,-10.000,1.536,-0.758,0.00,0.00,0.00,-14.300,0.040,-0.590,0.00,0.00,0.00,-20.110,0.040,-0.590,0.00,0.00,0.00,4.200,4.200,4.200
2026-02-04 20:19:22,133.44,0,359,359,0.00%,88.59,0.00%,"[0, 5, 10, 15, 20, 25, 30, 35, 40, 45, 50, 55, 60, 65, 70, 75, 80, 85, 90, 95, 100]","[0, 0, 0, 0, 0, 0, 0, 0, 0, 0, 0, 0, 0, 0, 0, 0, 12, 349, 0, 0]","[0.0, 0.0, 0.0, 0.0, 0.0, 0.0, 0.0, 0.0, 0.0, 0.0, 0.0, 0.0, 0.0, 0.0, 0.0, 0.0, 0.0332409972299169, 1.0, 1.0, 1.0]",4.0,2.0,2.0,2.0,2.0,11,-16.06542,8.0,0.0,hrl_dqn_apf,hierarchical,dqn,-10.000,1.549,-0.758,0.00,0.00,0.00,-14.300,0.131,-0.590,0.00,0.00,0.00,-20.110,0.040,-0.590,0.00,0.00,0.00,4.200,4.200,4.200
2026-02-04 20:19:23,134.44,0,365,365,0.00%,90.02,0.00%,"[0, 5, 10, 15, 20, 25, 30, 35, 40, 45, 50, 55, 60, 65, 70, 75, 80, 85, 90, 95, 100]","[0, 0, 0, 0, 0, 0, 0, 0, 0, 0, 0, 0, 0, 0, 0, 0, 14, 7, 346, 0]","[0.0, 0.0, 0.0, 0.0, 0.0, 0.0, 0.0, 0.0, 0.0, 0.0, 0.0, 0.0, 0.0, 0.0, 0.0, 0.0, 0.03814713896457766, 0.05722070844686648, 1.0, 1.0]",4.0,2.0,2.0,2.0,2.0,11,-16.06542,8.0,0.0,hrl_dqn_apf,hierarchical,dqn,-10.000,1.561,-0.758,0.00,0.00,0.00,-14.300,0.860,-0.590,0.00,0.00,0.00,-20.110,0.040,-0.590,0.00,0.00,0.00,4.200,4.200,4.200
2026-02-04 20:19:24,135.45,0,365,365,0.00%,90.83,0.00%,"[0, 5, 10, 15, 20, 25, 30, 35, 40, 45, 50, 55, 60, 65, 70, 75, 80, 85, 90, 95, 100]","[0, 0, 0, 0, 0, 0, 0, 0, 0, 0, 0, 0, 0, 0, 0, 0, 14, 7, 346, 0]","[0.0, 0.0, 0.0, 0.0, 0.0, 0.0, 0.0, 0.0, 0.0, 0.0, 0.0, 0.0, 0.0, 0.0, 0.0, 0.0, 0.03814713896457766, 0.05722070844686648, 1.0, 1.0]",4.0,2.0,2.0,2.0,2.0,11,-16.06542,8.0,0.0,hrl_dqn_apf,hierarchical,dqn,-10.000,1.563,-0.758,0.00,0.00,0.00,-14.300,1.249,-0.590,0.00,0.00,0.00,-20.110,0.040,-0.590,0.00,0.00,0.00,4.200,4.200,4.200
2026-02-04 20:19:25,136.45,0,365,365,0.00%,91.62,0.00%,"[0, 5, 10, 15, 20, 25, 30, 35, 40, 45, 50, 55, 60, 65, 70, 75, 80, 85, 90, 95, 100]","[0, 0, 0, 0, 0, 0, 0, 0, 0, 0, 0, 0, 0, 0, 0, 0, 10, 11, 346, 0]","[0.0, 0.0, 0.0, 0.0, 0.0, 0.0, 0.0, 0.0, 0.0, 0.0, 0.0, 0.0, 0.0, 0.0, 0.0, 0.0, 0.027247956403269755, 0.05722070844686648, 1.0, 1.0]",4.0,2.0,2.0,2.0,2.0,11,-16.06542,8.0,0.0,hrl_dqn_apf,hierarchical,dqn,-10.000,1.564,-0.758,0.00,0.00,0.00,-14.300,1.573,-0.590,0.00,0.00,0.00,-20.110,0.040,-0.590,0.00,0.00,0.00,4.200,4.200,4.200
2026-02-04 20:19:26,137.45,0,365,365,0.00%,92.42,0.00%,"[0, 5, 10, 15, 20, 25, 30, 35, 40, 45, 50, 55, 60, 65, 70, 75, 80, 85, 90, 95, 100]","[0, 0, 0, 0, 0, 0, 0, 0, 0, 0, 0, 0, 0, 0, 0, 0, 8, 12, 347, 0]","[0.0, 0.0, 0.0, 0.0, 0.0, 0.0, 0.0, 0.0, 0.0, 0.0, 0.0, 0.0, 0.0, 0.0, 0.0, 0.0, 0.021798365122615803, 0.05449591280653951, 1.0, 1.0]",4.0,2.0,2.0,2.0,2.0,11,-16.06542,8.0,0.0,hrl_dqn_apf,hierarchical,dqn,-10.000,1.564,-0.758,0.00,0.00,0.00,-14.300,1.533,-0.590,0.00,0.00,0.00,-20.110,0.040,-0.590,0.00,0.00,0.00,4.200,4.200,4.200
2026-02-04 20:19:27,138.45,0,369,369,0.00%,93.80,0.00%,"[0, 5, 10, 15, 20, 25, 30, 35, 40, 45, 50, 55, 60, 65, 70, 75, 80, 85, 90, 95, 100]","[0, 0, 0, 0, 0, 0, 0, 0, 0, 0, 0, 0, 0, 0, 0, 0, 10, 14, 349, 0]","[0.0, 0.0, 0.0, 0.0, 0.0, 0.0, 0.0, 0.0, 0.0, 0.0, 0.0, 0.0, 0.0, 0.0, 0.0, 0.0, 0.02680965147453083, 0.064343163538874, 1.0, 1.0]",4.0,2.0,2.0,2.0,2.0,11,-16.06542,8.0,0.0,hrl_dqn_apf,hierarchical,dqn,-10.000,1.565,-0.758,0.00,0.00,0.00,-14.300,1.555,-0.590,0.00,0.00,0.00,-20.110,0.181,-0.590,0.00,0.00,0.00,4.200,4.200,4.200
2026-02-04 20:19:28,139.45,0,369,369,0.00%,94.60,0.00%,"[0, 5, 10, 15, 20, 25, 30, 35, 40, 45, 50, 55, 60, 65, 70, 75, 80, 85, 90, 95, 100]","[0, 0, 0, 0, 0, 0, 0, 0, 0, 0, 0, 0, 0, 0, 0, 0, 6, 16, 7, 344]","[0.0, 0.0, 0.0, 0.0, 0.0, 0.0, 0.0, 0.0, 0.0, 0.0, 0.0, 0.0, 0.0, 0.0, 0.0, 0.0, 0.0160857908847185, 0.058981233243967826, 0.0777479892761394, 1.0]",4.0,2.0,2.0,2.0,2.0,11,-16.06542,8.0,0.0,hrl_dqn_apf,hierarchical,dqn,-10.000,1.565,-0.758,0.00,0.00,0.00,-14.300,1.563,-0.590,0.00,0.00,0.00,-20.110,0.543,-0.590,0.00,0.00,0.00,4.200,4.200,4.200
2026-02-04 20:19:29,140.45,0,369,369,0.00%,95.39,0.00%,"[0, 5, 10, 15, 20, 25, 30, 35, 40, 45, 50, 55, 60, 65, 70, 75, 80, 85, 90, 95, 100]","[0, 0, 0, 0, 0, 0, 0, 0, 0, 0, 0, 0, 0, 0, 0, 0, 6, 16, 7, 344]","[0.0, 0.0, 0.0, 0.0, 0.0, 0.0, 0.0, 0.0, 0.0, 0.0, 0.0, 0.0, 0.0, 0.0, 0.0, 0.0, 0.0160857908847185, 0.058981233243967826, 0.0777479892761394, 1.0]",4.0,2.0,2.0,2.0,2.0,11,-16.06542,8.0,0.0,hrl_dqn_apf,hierarchical,dqn,-10.000,1.565,-0.758,0.00,0.00,0.00,-14.300,1.566,-0.590,0.00,0.00,0.00,-20.110,0.934,-0.590,0.00,0.00,0.00,4.200,4.200,4.200
2026-02-04 20:19:30,141.46,0,370,370,0.00%,96.14,0.00%,"[0, 5, 10, 15, 20, 25, 30, 35, 40, 45, 50, 55, 60, 65, 70, 75, 80, 85, 90, 95, 100]","[0, 0, 0, 0, 0, 0, 0, 0, 0, 0, 0, 0, 0, 0, 0, 0, 7, 16, 7, 344]","[0.0, 0.0, 0.0, 0.0, 0.0, 0.0, 0.0, 0.0, 0.0, 0.0, 0.0, 0.0, 0.0, 0.0, 0.0, 0.0, 0.01871657754010695, 0.06149732620320856, 0.08021390374331551, 1.0]",4.0,2.0,2.0,2.0,2.0,11,-16.06542,8.0,0.0,hrl_dqn_apf,hierarchical,dqn,-10.000,1.565,-0.758,0.00,0.00,0.00,-14.300,1.568,-0.590,0.00,0.00,0.00,-20.110,1.325,-0.590,0.00,0.00,0.00,4.200,4.200,4.200
2026-02-04 20:19:31,142.46,0,372,372,0.00%,97.63,0.00%,"[0, 5, 10, 15, 20, 25, 30, 35, 40, 45, 50, 55, 60, 65, 70, 75, 80, 85, 90, 95, 100]","[0, 0, 0, 0, 0, 0, 0, 0, 0, 0, 0, 0, 0, 0, 0, 0, 7, 10, 14, 345]","[0.0, 0.0, 0.0, 0.0, 0.0, 0.0, 0.0, 0.0, 0.0, 0.0, 0.0, 0.0, 0.0, 0.0, 0.0, 0.0, 0.018617021276595744, 0.04521276595744681, 0.08244680851063829, 1.0]",4.0,2.0,2.0,2.0,2.0,11,-16.06542,8.0,0.0,hrl_dqn_apf,hierarchical,dqn,-10.000,1.565,-0.758,0.00,0.00,0.00,-14.300,1.570,-0.590,0.00,0.00,0.00,-20.110,1.534,-0.590,0.00,0.00,0.00,4.200,4.200,4.200
2026-02-04 20:19:32,143.46,0,374,374,0.00%,98.33,0.00%,"[0, 5, 10, 15, 20, 25, 30, 35, 40, 45, 50, 55, 60, 65, 70, 75, 80, 85, 90, 95, 100]","[0, 0, 0, 0, 0, 0, 0, 0, 0, 0, 0, 0, 0, 0, 0, 0, 5, 14, 12, 347]","[0.0, 0.0, 0.0, 0.0, 0.0, 0.0, 0.0, 0.0, 0.0, 0.0, 0.0, 0.0, 0.0, 0.0, 0.0, 0.0, 0.013227513227513227, 0.05026455026455026, 0.082010582010582, 1.0]",4.0,2.0,2.0,2.0,2.0,11,-16.06542,8.0,0.0,hrl_dqn_apf,hierarchical,dqn,-10.000,1.565,-0.758,0.00,0.00,0.00,-14.300,1.570,-0.590,0.00,0.00,0.00,-20.110,1.547,-0.590,0.00,0.00,0.00,4.200,4.200,4.200
2026-02-04 20:19:33,144.46,0,374,374,0.00%,99.12,0.00%,"[0, 5, 10, 15, 20, 25, 30, 35, 40, 45, 50, 55, 60, 65, 70, 75, 80, 85, 90, 95, 100]","[0, 0, 0, 0, 0, 0, 0, 0, 0, 0, 0, 0, 0, 0, 0, 0, 5, 10, 14, 349]","[0.0, 0.0, 0.0, 0.0, 0.0, 0.0, 0.0, 0.0, 0.0, 0.0, 0.0, 0.0, 0.0, 0.0, 0.0, 0.0, 0.013227513227513227, 0.03968253968253968, 0.07671957671957672, 1.0]",4.0,2.0,2.0,2.0,2.0,11,-16.06542,8.0,0.0,hrl_dqn_apf,hierarchical,dqn,-10.000,1.565,-0.758,0.00,0.00,0.00,-14.300,1.570,-0.590,0.00,0.00,0.00,-20.110,1.558,-0.590,0.00,0.00,0.00,4.200,4.200,4.200
2026-02-04 20:19:34,145.46,0,354,354,0.00%,80.00,0.00%,"[0, 5, 10, 15, 20, 25, 30, 35, 40, 45, 50, 55, 60, 65, 70, 75, 80, 85, 90, 95, 100]","[0, 0, 0, 0, 0, 0, 0, 0, 0, 0, 0, 0, 0, 0, 0, 0, 1613, 0, 0, 0]","[0.0, 0.0, 0.0, 0.0, 0.0, 0.0, 0.0, 0.0, 0.0, 0.0, 0.0, 0.0, 0.0, 0.0, 0.0, 0.0, 1.0, 1.0, 1.0, 1.0]",4.0,2.0,2.0,2.0,2.0,11,-16.06542,8.0,0.0,hrl_dqn_apf,hierarchical,dqn,-10.000,1.565,-0.758,0.00,0.00,0.00,-14.300,1.570,-0.590,0.00,0.00,0.00,-20.110,1.564,-0.590,0.00,0.00,0.00,4.200,4.200,4.200
2026-02-04 20:19:35,146.47,0,354,354,0.00%,80.00,0.00%,"[0, 5, 10, 15, 20, 25, 30, 35, 40, 45, 50, 55, 60, 65, 70, 75, 80, 85, 90, 95, 100]","[0, 0, 0, 0, 0, 0, 0, 0, 0, 0, 0, 0, 0, 0, 0, 0, 1613, 0, 0, 0]","[0.0, 0.0, 0.0, 0.0, 0.0, 0.0, 0.0, 0.0, 0.0, 0.0, 0.0, 0.0, 0.0, 0.0, 0.0, 0.0, 1.0, 1.0, 1.0, 1.0]",4.0,2.0,2.0,2.0,2.0,11,-16.06542,8.0,0.0,hrl_dqn_apf,hierarchical,dqn,-10.000,1.565,-0.758,0.00,0.00,0.00,-14.300,1.570,-0.590,0.00,0.00,0.00,-20.110,1.569,-0.590,0.00,0.00,0.00,4.200,4.200,4.200
2026-02-04 20:19:36,147.47,0,354,354,0.00%,80.00,0.00%,"[0, 5, 10, 15, 20, 25, 30, 35, 40, 45, 50, 55, 60, 65, 70, 75, 80, 85, 90, 95, 100]","[0, 0, 0, 0, 0, 0, 0, 0, 0, 0, 0, 0, 0, 0, 0, 0, 1613, 0, 0, 0]","[0.0, 0.0, 0.0, 0.0, 0.0, 0.0, 0.0, 0.0, 0.0, 0.0, 0.0, 0.0, 0.0, 0.0, 0.0, 0.0, 1.0, 1.0, 1.0, 1.0]",4.0,2.0,2.0,2.0,2.0,11,-16.06542,8.0,0.0,hrl_dqn_apf,hierarchical,dqn,-10.000,1.565,-0.758,0.00,0.00,0.00,-14.300,1.570,-0.590,0.00,0.00,0.00,-20.110,1.570,-0.590,0.00,0.00,0.00,4.200,4.200,4.200
2026-02-04 20:19:37,148.47,4,348,352,1.14%,79.98,0.25%,"[0, 5, 10, 15, 20, 25, 30, 35, 40, 45, 50, 55, 60, 65, 70, 75, 80, 85, 90, 95, 100]","[4, 0, 0, 0, 0, 0, 0, 0, 0, 0, 0, 0, 0, 0, 0, 0, 1609, 0, 0, 0]","[0.0024798512089274642, 0.0024798512089274642, 0.0024798512089274642, 0.0024798512089274642, 0.0024798512089274642, 0.0024798512089274642, 0.0024798512089274642, 0.0024798512089274642, 0.0024798512089274642, 0.0024798512089274642, 0.0024798512089274642, 0.0024798512089274642, 0.0024798512089274642, 0.0024798512089274642, 0.0024798512089274642, 0.0024798512089274642, 1.0, 1.0, 1.0, 1.0]",4.0,2.0,2.0,2.0,2.0,11,-16.06542,8.0,0.0,hrl_dqn_apf,hierarchical,dqn,-10.000,1.565,-0.758,0.00,0.00,0.00,-14.300,1.570,-0.590,0.00,0.00,0.00,-20.110,1.570,-0.590,0.00,0.00,0.00,4.200,4.200,4.200
2026-02-04 20:19:39,150.47,0,349,349,0.00%,83.19,0.00%,"[0, 5, 10, 15, 20, 25, 30, 35, 40, 45, 50, 55, 60, 65, 70, 75, 80, 85, 90, 95, 100]","[0, 0, 0, 0, 0, 0, 0, 0, 0, 0, 0, 0, 0, 0, 0, 0, 349, 0, 0, 0]","[0.0, 0.0, 0.0, 0.0, 0.0, 0.0, 0.0, 0.0, 0.0, 0.0, 0.0, 0.0, 0.0, 0.0, 0.0, 0.0, 1.0, 1.0, 1.0, 1.0]",4.0,2.0,2.0,2.0,2.0,11,-16.06542,8.0,0.0,hrl_dqn_apf,hierarchical,dqn,-10.001,0.380,-0.760,0.00,0.00,0.00,-14.300,0.046,-0.590,0.00,0.00,0.00,-20.110,0.046,-0.590,0.00,0.00,0.00,4.200,4.200,4.200
2026-02-04 20:19:40,151.47,0,349,349,0.00%,83.99,0.00%,"[0, 5, 10, 15, 20, 25, 30, 35, 40, 45, 50, 55, 60, 65, 70, 75, 80, 85, 90, 95, 100]","[0, 0, 0, 0, 0, 0, 0, 0, 0, 0, 0, 0, 0, 0, 0, 0, 349, 0, 0, 0]","[0.0, 0.0, 0.0, 0.0, 0.0, 0.0, 0.0, 0.0, 0.0, 0.0, 0.0, 0.0, 0.0, 0.0, 0.0, 0.0, 1.0, 1.0, 1.0, 1.0]",4.0,2.0,2.0,2.0,2.0,11,-16.06542,8.0,0.0,hrl_dqn_apf,hierarchical,dqn,-10.001,0.753,-0.760,0.00,0.00,0.00,-14.300,0.046,-0.590,0.00,0.00,0.00,-20.110,0.046,-0.590,0.00,0.00,0.00,4.200,4.200,4.200
2026-02-04 20:19:41,152.48,0,351,351,0.00%,84.77,0.00%,"[0, 5, 10, 15, 20, 25, 30, 35, 40, 45, 50, 55, 60, 65, 70, 75, 80, 85, 90, 95, 100]","[0, 0, 0, 0, 0, 0, 0, 0, 0, 0, 0, 0, 0, 0, 0, 0, 351, 0, 0, 0]","[0.0, 0.0, 0.0, 0.0, 0.0, 0.0, 0.0, 0.0, 0.0, 0.0, 0.0, 0.0, 0.0, 0.0, 0.0, 0.0, 1.0, 1.0, 1.0, 1.0]",4.0,2.0,2.0,2.0,2.0,11,-16.06542,8.0,0.0,hrl_dqn_apf,hierarchical,dqn,-10.001,1.141,-0.760,0.00,0.00,0.00,-14.300,0.046,-0.590,0.00,0.00,0.00,-20.110,0.046,-0.590,0.00,0.00,0.00,4.200,4.200,4.200
2026-02-04 20:19:42,153.48,0,353,353,0.00%,85.55,0.00%,"[0, 5, 10, 15, 20, 25, 30, 35, 40, 45, 50, 55, 60, 65, 70, 75, 80, 85, 90, 95, 100]","[0, 0, 0, 0, 0, 0, 0, 0, 0, 0, 0, 0, 0, 0, 0, 0, 5, 348, 0, 0]","[0.0, 0.0, 0.0, 0.0, 0.0, 0.0, 0.0, 0.0, 0.0, 0.0, 0.0, 0.0, 0.0, 0.0, 0.0, 0.0, 0.014164305949008499, 1.0, 1.0, 1.0]",4.0,2.0,2.0,2.0,2.0,11,-16.06542,8.0,0.0,hrl_dqn_apf,hierarchical,dqn,-10.001,1.544,-0.760,0.00,0.00,0.00,-14.300,0.046,-0.590,0.00,0.00,0.00,-20.110,0.046,-0.590,0.00,0.00,0.00,4.200,4.200,4.200
2026-02-04 20:19:43,154.70,0,357,357,0.00%,87.07,0.00%,"[0, 5, 10, 15, 20, 25, 30, 35, 40, 45, 50, 55, 60, 65, 70, 75, 80, 85, 90, 95, 100]","[0, 0, 0, 0, 0, 0, 0, 0, 0, 0, 0, 0, 0, 0, 0, 0, 9, 348, 0, 0]","[0.0, 0.0, 0.0, 0.0, 0.0, 0.0, 0.0, 0.0, 0.0, 0.0, 0.0, 0.0, 0.0, 0.0, 0.0, 0.0, 0.025210084033613446, 1.0, 1.0, 1.0]",4.0,2.0,2.0,2.0,2.0,11,-16.06542,8.0,0.0,hrl_dqn_apf,hierarchical,dqn,-10.001,1.544,-0.760,0.00,0.00,0.00,-14.300,0.046,-0.590,0.00,0.00,0.00,-20.110,0.046,-0.590,0.00,0.00,0.00,4.200,4.200,4.200
2026-02-04 20:19:44,155.70,0,361,361,0.00%,87.79,0.00%,"[0, 5, 10, 15, 20, 25, 30, 35, 40, 45, 50, 55, 60, 65, 70, 75, 80, 85, 90, 95, 100]","[0, 0, 0, 0, 0, 0, 0, 0, 0, 0, 0, 0, 0, 0, 0, 0, 12, 349, 0, 0]","[0.0, 0.0, 0.0, 0.0, 0.0, 0.0, 0.0, 0.0, 0.0, 0.0, 0.0, 0.0, 0.0, 0.0, 0.0, 0.0, 0.0332409972299169, 1.0, 1.0, 1.0]",4.0,2.0,2.0,2.0,2.0,11,-16.06542,8.0,0.0,hrl_dqn_apf,hierarchical,dqn,-10.001,1.558,-0.760,0.00,0.00,0.00,-14.300,0.099,-0.590,0.00,0.00,0.00,-20.110,0.046,-0.590,0.00,0.00,0.00,4.200,4.200,4.200
2026-02-04 20:19:45,156.70,0,359,359,0.00%,88.59,0.00%,"[0, 5, 10, 15, 20, 25, 30, 35, 40, 45, 50, 55, 60, 65, 70, 75, 80, 85, 90, 95, 100]","[0, 0, 0, 0, 0, 0, 0, 0, 0, 0, 0, 0, 0, 0, 0, 0, 12, 349, 0, 0]","[0.0, 0.0, 0.0, 0.0, 0.0, 0.0, 0.0, 0.0, 0.0, 0.0, 0.0, 0.0, 0.0, 0.0, 0.0, 0.0, 0.0332409972299169, 1.0, 1.0, 1.0]",4.0,2.0,2.0,2.0,2.0,11,-16.06542,8.0,0.0,hrl_dqn_apf,hierarchical,dqn,-10.001,1.566,-0.760,0.00,0.00,0.00,-14.300,0.451,-0.590,0.00,0.00,0.00,-20.110,0.046,-0.590,0.00,0.00,0.00,4.200,4.200,4.200
2026-02-04 20:19:46,157.70,0,365,365,0.00%,90.03,0.00%,"[0, 5, 10, 15, 20, 25, 30, 35, 40, 45, 50, 55, 60, 65, 70, 75, 80, 85, 90, 95, 100]","[0, 0, 0, 0, 0, 0, 0, 0, 0, 0, 0, 0, 0, 0, 0, 0, 14, 7, 346, 0]","[0.0, 0.0, 0.0, 0.0, 0.0, 0.0, 0.0, 0.0, 0.0, 0.0, 0.0, 0.0, 0.0, 0.0, 0.0, 0.0, 0.03814713896457766, 0.05722070844686648, 1.0, 1.0]",4.0,2.0,2.0,2.0,2.0,11,-16.06542,8.0,0.0,hrl_dqn_apf,hierarchical,dqn,-10.001,1.573,-0.760,0.00,0.00,0.00,-14.300,1.216,-0.590,0.00,0.00,0.00,-20.110,0.046,-0.590,0.00,0.00,0.00,4.200,4.200,4.200
2026-02-04 20:19:47,158.70,0,365,365,0.00%,90.83,0.00%,"[0, 5, 10, 15, 20, 25, 30, 35, 40, 45, 50, 55, 60, 65, 70, 75, 80, 85, 90, 95, 100]","[0, 0, 0, 0, 0, 0, 0, 0, 0, 0, 0, 0, 0, 0, 0, 0, 14, 7, 346, 0]","[0.0, 0.0, 0.0, 0.0, 0.0, 0.0, 0.0, 0.0, 0.0, 0.0, 0.0, 0.0, 0.0, 0.0, 0.0, 0.0, 0.03814713896457766, 0.05722070844686648, 1.0, 1.0]",4.0,2.0,2.0,2.0,2.0,11,-16.06542,8.0,0.0,hrl_dqn_apf,hierarchical,dqn,-10.001,1.574,-0.760,0.00,0.00,0.00,-14.300,1.579,-0.590,0.00,0.00,0.00,-20.110,0.046,-0.590,0.00,0.00,0.00,4.200,4.200,4.200
2026-02-04 20:19:48,159.70,0,365,365,0.00%,91.63,0.00%,"[0, 5, 10, 15, 20, 25, 30, 35, 40, 45, 50, 55, 60, 65, 70, 75, 80, 85, 90, 95, 100]","[0, 0, 0, 0, 0, 0, 0, 0, 0, 0, 0, 0, 0, 0, 0, 0, 10, 11, 346, 0]","[0.0, 0.0, 0.0, 0.0, 0.0, 0.0, 0.0, 0.0, 0.0, 0.0, 0.0, 0.0, 0.0, 0.0, 0.0, 0.0, 0.027247956403269755, 0.05722070844686648, 1.0, 1.0]",4.0,2.0,2.0,2.0,2.0,11,-16.06542,8.0,0.0,hrl_dqn_apf,hierarchical,dqn,-10.001,1.574,-0.760,0.00,0.00,0.00,-14.300,1.540,-0.590,0.00,0.00,0.00,-20.110,0.046,-0.590,0.00,0.00,0.00,4.200,4.200,4.200
2026-02-04 20:19:49,160.70,0,365,365,0.00%,92.42,0.00%,"[0, 5, 10, 15, 20, 25, 30, 35, 40, 45, 50, 55, 60, 65, 70, 75, 80, 85, 90, 95, 100]","[0, 0, 0, 0, 0, 0, 0, 0, 0, 0, 0, 0, 0, 0, 0, 0, 8, 12, 347, 0]","[0.0, 0.0, 0.0, 0.0, 0.0, 0.0, 0.0, 0.0, 0.0, 0.0, 0.0, 0.0, 0.0, 0.0, 0.0, 0.0, 0.021798365122615803, 0.05449591280653951, 1.0, 1.0]",4.0,2.0,2.0,2.0,2.0,11,-16.06542,8.0,0.0,hrl_dqn_apf,hierarchical,dqn,-10.001,1.575,-0.760,0.00,0.00,0.00,-14.300,1.548,-0.590,0.00,0.00,0.00,-20.110,0.046,-0.590,0.00,0.00,0.00,4.200,4.200,4.200
2026-02-04 20:19:50,161.71,0,369,369,0.00%,93.80,0.00%,"[0, 5, 10, 15, 20, 25, 30, 35, 40, 45, 50, 55, 60, 65, 70, 75, 80, 85, 90, 95, 100]","[0, 0, 0, 0, 0, 0, 0, 0, 0, 0, 0, 0, 0, 0, 0, 0, 10, 14, 349, 0]","[0.0, 0.0, 0.0, 0.0, 0.0, 0.0, 0.0, 0.0, 0.0, 0.0, 0.0, 0.0, 0.0, 0.0, 0.0, 0.0, 0.02680965147453083, 0.064343163538874, 1.0, 1.0]",4.0,2.0,2.0,2.0,2.0,11,-16.06542,8.0,0.0,hrl_dqn_apf,hierarchical,dqn,-10.001,1.575,-0.760,0.00,0.00,0.00,-14.300,1.568,-0.590,0.00,0.00,0.00,-20.110,0.513,-0.590,0.00,0.00,0.00,4.200,4.200,4.200
2026-02-04 20:19:51,162.71,0,369,369,0.00%,94.60,0.00%,"[0, 5, 10, 15, 20, 25, 30, 35, 40, 45, 50, 55, 60, 65, 70, 75, 80, 85, 90, 95, 100]","[0, 0, 0, 0, 0, 0, 0, 0, 0, 0, 0, 0, 0, 0, 0, 0, 6, 16, 7, 344]","[0.0, 0.0, 0.0, 0.0, 0.0, 0.0, 0.0, 0.0, 0.0, 0.0, 0.0, 0.0, 0.0, 0.0, 0.0, 0.0, 0.0160857908847185, 0.058981233243967826, 0.0777479892761394, 1.0]",4.0,2.0,2.0,2.0,2.0,11,-16.06542,8.0,0.0,hrl_dqn_apf,hierarchical,dqn,-10.001,1.575,-0.760,0.00,0.00,0.00,-14.300,1.572,-0.590,0.00,0.00,0.00,-20.110,0.892,-0.590,0.00,0.00,0.00,4.200,4.200,4.200
2026-02-04 20:19:52,163.71,0,369,369,0.00%,95.39,0.00%,"[0, 5, 10, 15, 20, 25, 30, 35, 40, 45, 50, 55, 60, 65, 70, 75, 80, 85, 90, 95, 100]","[0, 0, 0, 0, 0, 0, 0, 0, 0, 0, 0, 0, 0, 0, 0, 0, 6, 16, 7, 344]","[0.0, 0.0, 0.0, 0.0, 0.0, 0.0, 0.0, 0.0, 0.0, 0.0, 0.0, 0.0, 0.0, 0.0, 0.0, 0.0, 0.0160857908847185, 0.058981233243967826, 0.0777479892761394, 1.0]",4.0,2.0,2.0,2.0,2.0,11,-16.06542,8.0,0.0,hrl_dqn_apf,hierarchical,dqn,-10.001,1.575,-0.760,0.00,0.00,0.00,-14.300,1.574,-0.590,0.00,0.00,0.00,-20.110,1.275,-0.590,0.00,0.00,0.00,4.200,4.200,4.200
2026-02-04 20:19:53,164.71,0,370,370,0.00%,96.14,0.00%,"[0, 5, 10, 15, 20, 25, 30, 35, 40, 45, 50, 55, 60, 65, 70, 75, 80, 85, 90, 95, 100]","[0, 0, 0, 0, 0, 0, 0, 0, 0, 0, 0, 0, 0, 0, 0, 0, 7, 16, 7, 344]","[0.0, 0.0, 0.0, 0.0, 0.0, 0.0, 0.0, 0.0, 0.0, 0.0, 0.0, 0.0, 0.0, 0.0, 0.0, 0.0, 0.01871657754010695, 0.06149732620320856, 0.08021390374331551, 1.0]",4.0,2.0,2.0,2.0,2.0,11,-16.06542,8.0,0.0,hrl_dqn_apf,hierarchical,dqn,-10.001,1.575,-0.760,0.00,0.00,0.00,-14.300,1.575,-0.590,0.00,0.00,0.00,-20.110,1.578,-0.590,0.00,0.00,0.00,4.200,4.200,4.200
2026-02-04 20:19:54,165.71,0,372,372,0.00%,97.63,0.00%,"[0, 5, 10, 15, 20, 25, 30, 35, 40, 45, 50, 55, 60, 65, 70, 75, 80, 85, 90, 95, 100]","[0, 0, 0, 0, 0, 0, 0, 0, 0, 0, 0, 0, 0, 0, 0, 0, 7, 10, 14, 345]","[0.0, 0.0, 0.0, 0.0, 0.0, 0.0, 0.0, 0.0, 0.0, 0.0, 0.0, 0.0, 0.0, 0.0, 0.0, 0.0, 0.018617021276595744, 0.04521276595744681, 0.08244680851063829, 1.0]",4.0,2.0,2.0,2.0,2.0,11,-16.06542,8.0,0.0,hrl_dqn_apf,hierarchical,dqn,-10.001,1.575,-0.760,0.00,0.00,0.00,-14.300,1.576,-0.590,0.00,0.00,0.00,-20.110,1.550,-0.590,0.00,0.00,0.00,4.200,4.200,4.200
2026-02-04 20:19:55,166.71,0,374,374,0.00%,98.33,0.00%,"[0, 5, 10, 15, 20, 25, 30, 35, 40, 45, 50, 55, 60, 65, 70, 75, 80, 85, 90, 95, 100]","[0, 0, 0, 0, 0, 0, 0, 0, 0, 0, 0, 0, 0, 0, 0, 0, 5, 14, 12, 347]","[0.0, 0.0, 0.0, 0.0, 0.0, 0.0, 0.0, 0.0, 0.0, 0.0, 0.0, 0.0, 0.0, 0.0, 0.0, 0.0, 0.013227513227513227, 0.05026455026455026, 0.082010582010582, 1.0]",4.0,2.0,2.0,2.0,2.0,11,-16.06542,8.0,0.0,hrl_dqn_apf,hierarchical,dqn,-10.001,1.575,-0.760,0.00,0.00,0.00,-14.300,1.576,-0.590,0.00,0.00,0.00,-20.110,1.562,-0.590,0.00,0.00,0.00,4.200,4.200,4.200
2026-02-04 20:19:56,167.71,0,354,354,0.00%,80.00,0.00%,"[0, 5, 10, 15, 20, 25, 30, 35, 40, 45, 50, 55, 60, 65, 70, 75, 80, 85, 90, 95, 100]","[0, 0, 0, 0, 0, 0, 0, 0, 0, 0, 0, 0, 0, 0, 0, 0, 1613, 0, 0, 0]","[0.0, 0.0, 0.0, 0.0, 0.0, 0.0, 0.0, 0.0, 0.0, 0.0, 0.0, 0.0, 0.0, 0.0, 0.0, 0.0, 1.0, 1.0, 1.0, 1.0]",4.0,2.0,2.0,2.0,2.0,11,-16.06542,8.0,0.0,hrl_dqn_apf,hierarchical,dqn,-10.001,1.575,-0.760,0.00,0.00,0.00,-14.300,1.576,-0.590,0.00,0.00,0.00,-20.110,1.569,-0.590,0.00,0.00,0.00,4.200,4.200,4.200
