timestamp,elapsed_time,scanned_count,unscanned_count,total_count,scan_ratio,global_avg_entropy,global_scan_ratio,entropy_bins,entropy_hist,entropy_cdf,repulsion_coefficient,entropy_coefficient,distance_coefficient,leader_range_coefficient,direction_retention_coefficient,hl_action,hl_goal_x,hl_goal_y,hl_goal_z,algorithm_type,env_type,control_mode,UAV1_x,UAV1_y,UAV1_z,UAV1_roll,UAV1_pitch,UAV1_yaw,UAV2_x,UAV2_y,UAV2_z,UAV2_roll,UAV2_pitch,UAV2_yaw,UAV3_x,UAV3_y,UAV3_z,UAV3_roll,UAV3_pitch,UAV3_yaw,UAV1_battery_voltage,UAV2_battery_voltage,UAV3_battery_voltage
2026-02-04 11:14:49,1.00,0,354,354,0.00%,80.00,0.00%,"[0, 5, 10, 15, 20, 25, 30, 35, 40, 45, 50, 55, 60, 65, 70, 75, 80, 85, 90, 95, 100]","[0, 0, 0, 0, 0, 0, 0, 0, 0, 0, 0, 0, 0, 0, 0, 0, 1613, 0, 0, 0]","[0.0, 0.0, 0.0, 0.0, 0.0, 0.0, 0.0, 0.0, 0.0, 0.0, 0.0, 0.0, 0.0, 0.0, 0.0, 0.0, 1.0, 1.0, 1.0, 1.0]",4.0,2.0,2.0,2.0,2.0,,,,,hrl_dqn_apf,hierarchical,dqn,-10.000,1.559,-0.758,0.00,0.00,0.00,-14.300,1.561,-0.590,0.00,0.00,0.00,-20.110,1.561,-0.590,0.00,0.00,0.00,4.200,4.200,4.200
2026-02-04 11:14:50,2.00,4,348,352,1.14%,80.15,0.25%,"[0, 5, 10, 15, 20, 25, 30, 35, 40, 45, 50, 55, 60, 65, 70, 75, 80, 85, 90, 95, 100]","[4, 0, 0, 0, 0, 0, 0, 0, 0, 0, 0, 0, 0, 0, 0, 0, 1609, 0, 0, 0]","[0.0024798512089274642, 0.0024798512089274642, 0.0024798512089274642, 0.0024798512089274642, 0.0024798512089274642, 0.0024798512089274642, 0.0024798512089274642, 0.0024798512089274642, 0.0024798512089274642, 0.0024798512089274642, 0.0024798512089274642, 0.0024798512089274642, 0.0024798512089274642, 0.0024798512089274642, 0.0024798512089274642, 0.0024798512089274642, 1.0, 1.0, 1.0, 1.0]",4.0,2.0,2.0,2.0,2.0,,,,,hrl_dqn_apf,hierarchical,dqn,-10.000,1.559,-0.758,0.00,0.00,0.00,-14.300,1.561,-0.590,0.00,0.00,0.00,-20.110,1.561,-0.590,0.00,0.00,0.00,4.200,4.200,4.200
2026-02-04 11:14:51,3.01,4,349,353,1.13%,80.32,0.25%,"[0, 5, 10, 15, 20, 25, 30, 35, 40, 45, 50, 55, 60, 65, 70, 75, 80, 85, 90, 95, 100]","[4, 0, 0, 0, 0, 0, 0, 0, 0, 0, 0, 0, 0, 0, 0, 0, 1609, 0, 0, 0]","[0.0024798512089274642, 0.0024798512089274642, 0.0024798512089274642, 0.0024798512089274642, 0.0024798512089274642, 0.0024798512089274642, 0.0024798512089274642, 0.0024798512089274642, 0.0024798512089274642, 0.0024798512089274642, 0.0024798512089274642, 0.0024798512089274642, 0.0024798512089274642, 0.0024798512089274642, 0.0024798512089274642, 0.0024798512089274642, 1.0, 1.0, 1.0, 1.0]",4.0,2.0,2.0,2.0,2.0,,,,,hrl_dqn_apf,hierarchical,dqn,-10.000,1.559,-0.758,0.00,0.00,0.00,-14.300,1.561,-0.590,0.00,0.00,0.00,-20.110,1.561,-0.590,0.00,0.00,0.00,4.200,4.200,4.200
2026-02-04 11:14:52,4.01,4,349,353,1.13%,80.49,0.25%,"[0, 5, 10, 15, 20, 25, 30, 35, 40, 45, 50, 55, 60, 65, 70, 75, 80, 85, 90, 95, 100]","[4, 0, 0, 0, 0, 0, 0, 0, 0, 0, 0, 0, 0, 0, 0, 0, 1609, 0, 0, 0]","[0.0024798512089274642, 0.0024798512089274642, 0.0024798512089274642, 0.0024798512089274642, 0.0024798512089274642, 0.0024798512089274642, 0.0024798512089274642, 0.0024798512089274642, 0.0024798512089274642, 0.0024798512089274642, 0.0024798512089274642, 0.0024798512089274642, 0.0024798512089274642, 0.0024798512089274642, 0.0024798512089274642, 0.0024798512089274642, 1.0, 1.0, 1.0, 1.0]",4.0,2.0,2.0,2.0,2.0,,,,,hrl_dqn_apf,hierarchical,dqn,-10.000,1.559,-0.758,0.00,0.00,0.00,-14.300,1.561,-0.590,0.00,0.00,0.00,-20.110,1.561,-0.590,0.00,0.00,0.00,4.198,4.198,4.198
2026-02-04 11:14:53,5.01,4,349,353,1.13%,80.67,0.25%,"[0, 5, 10, 15, 20, 25, 30, 35, 40, 45, 50, 55, 60, 65, 70, 75, 80, 85, 90, 95, 100]","[4, 0, 0, 0, 0, 0, 0, 0, 0, 0, 0, 0, 0, 0, 0, 0, 1609, 0, 0, 0]","[0.0024798512089274642, 0.0024798512089274642, 0.0024798512089274642, 0.0024798512089274642, 0.0024798512089274642, 0.0024798512089274642, 0.0024798512089274642, 0.0024798512089274642, 0.0024798512089274642, 0.0024798512089274642, 0.0024798512089274642, 0.0024798512089274642, 0.0024798512089274642, 0.0024798512089274642, 0.0024798512089274642, 0.0024798512089274642, 1.0, 1.0, 1.0, 1.0]",4.0,2.0,2.0,2.0,2.0,6,-23.76037,8.0,-6.0,hrl_dqn_apf,hierarchical,dqn,-9.989,1.546,-0.758,0.00,0.00,0.00,-14.310,1.547,-0.590,0.00,0.00,0.00,-20.110,1.548,-0.600,0.00,0.00,0.00,4.195,4.195,4.195
2026-02-04 11:14:54,6.01,7,350,357,1.96%,80.87,0.43%,"[0, 5, 10, 15, 20, 25, 30, 35, 40, 45, 50, 55, 60, 65, 70, 75, 80, 85, 90, 95, 100]","[5, 2, 0, 0, 0, 0, 0, 0, 0, 0, 0, 0, 0, 0, 0, 0, 1261, 345, 0, 0]","[0.0030998140111593306, 0.0043397396156230625, 0.0043397396156230625, 0.0043397396156230625, 0.0043397396156230625, 0.0043397396156230625, 0.0043397396156230625, 0.0043397396156230625, 0.0043397396156230625, 0.0043397396156230625, 0.0043397396156230625, 0.0043397396156230625, 0.0043397396156230625, 0.0043397396156230625, 0.0043397396156230625, 0.0043397396156230625, 0.7861128332300062, 1.0, 1.0, 1.0]",4.0,2.0,2.0,2.0,2.0,6,-23.76037,8.0,-6.0,hrl_dqn_apf,hierarchical,dqn,-9.004,1.502,-0.797,0.00,0.00,0.00,-15.296,1.503,-0.551,0.00,0.00,0.00,-20.110,1.504,-1.584,0.00,0.00,0.00,4.192,4.192,4.192
2026-02-04 11:14:55,7.01,8,349,357,2.24%,81.00,0.50%,"[0, 5, 10, 15, 20, 25, 30, 35, 40, 45, 50, 55, 60, 65, 70, 75, 80, 85, 90, 95, 100]","[6, 1, 0, 0, 0, 1, 0, 0, 0, 0, 0, 0, 0, 0, 0, 1, 1261, 343, 0, 0]","[0.0037197768133911966, 0.0043397396156230625, 0.0043397396156230625, 0.0043397396156230625, 0.0043397396156230625, 0.0049597024178549285, 0.0049597024178549285, 0.0049597024178549285, 0.0049597024178549285, 0.0049597024178549285, 0.0049597024178549285, 0.0049597024178549285, 0.0049597024178549285, 0.0049597024178549285, 0.0049597024178549285, 0.005579665220086794, 0.78735275883447, 1.0, 1.0, 1.0]",4.0,2.0,2.0,2.0,2.0,0,-29.59992,8.0,-12.0,hrl_dqn_apf,hierarchical,dqn,-8.410,1.809,-0.821,0.00,0.00,0.00,-15.890,1.810,-0.526,0.00,0.00,0.00,-20.110,1.516,-2.026,0.00,0.00,0.00,4.189,4.189,4.189
2026-02-04 11:14:56,8.02,11,350,361,3.05%,80.99,0.68%,"[0, 5, 10, 15, 20, 25, 30, 35, 40, 45, 50, 55, 60, 65, 70, 75, 80, 85, 90, 95, 100]","[8, 2, 0, 0, 0, 1, 0, 0, 1, 0, 0, 0, 0, 0, 0, 0, 1261, 340, 0, 0]","[0.0049597024178549285, 0.006199628022318661, 0.006199628022318661, 0.006199628022318661, 0.006199628022318661, 0.006819590824550527, 0.006819590824550527, 0.006819590824550527, 0.007439553626782393, 0.007439553626782393, 0.007439553626782393, 0.007439553626782393, 0.007439553626782393, 0.007439553626782393, 0.007439553626782393, 0.007439553626782393, 0.7892126472411656, 1.0, 1.0, 1.0]",4.0,2.0,2.0,2.0,2.0,13,-11.43967,8.0,0.0,hrl_dqn_apf,hierarchical,dqn,-8.184,2.224,-0.830,0.00,0.00,0.00,-16.075,2.083,-0.501,0.00,0.00,0.00,-20.159,1.524,-2.598,0.00,0.00,0.00,4.186,4.186,4.186
2026-02-04 11:14:57,9.02,12,353,365,3.29%,81.10,0.74%,"[0, 5, 10, 15, 20, 25, 30, 35, 40, 45, 50, 55, 60, 65, 70, 75, 80, 85, 90, 95, 100]","[10, 2, 0, 0, 0, 0, 0, 0, 0, 1, 0, 0, 0, 0, 0, 0, 1260, 340, 0, 0]","[0.006199628022318661, 0.007439553626782393, 0.007439553626782393, 0.007439553626782393, 0.007439553626782393, 0.007439553626782393, 0.007439553626782393, 0.007439553626782393, 0.007439553626782393, 0.008059516429014259, 0.008059516429014259, 0.008059516429014259, 0.008059516429014259, 0.008059516429014259, 0.008059516429014259, 0.008059516429014259, 0.7892126472411656, 1.0, 1.0, 1.0]",4.0,2.0,2.0,2.0,2.0,13,-11.43967,8.0,0.0,hrl_dqn_apf,hierarchical,dqn,-8.114,2.626,-0.833,0.00,0.00,0.00,-15.729,2.143,-0.346,0.00,0.00,0.00,-20.583,1.515,-3.025,0.00,0.00,0.00,4.183,4.183,4.183
2026-02-04 11:14:58,10.02,14,351,365,3.84%,81.40,0.87%,"[0, 5, 10, 15, 20, 25, 30, 35, 40, 45, 50, 55, 60, 65, 70, 75, 80, 85, 90, 95, 100]","[10, 3, 0, 0, 0, 1, 0, 0, 0, 0, 0, 0, 0, 0, 0, 0, 1258, 341, 0, 0]","[0.006199628022318661, 0.008059516429014259, 0.008059516429014259, 0.008059516429014259, 0.008059516429014259, 0.008679479231246125, 0.008679479231246125, 0.008679479231246125, 0.008679479231246125, 0.008679479231246125, 0.008679479231246125, 0.008679479231246125, 0.008679479231246125, 0.008679479231246125, 0.008679479231246125, 0.008679479231246125, 0.7885926844389337, 1.0, 1.0, 1.0]",4.0,2.0,2.0,2.0,2.0,17,-17.27912,8.0,6.0,hrl_dqn_apf,hierarchical,dqn,-8.085,3.419,-0.835,0.00,0.00,0.00,-14.684,2.610,0.151,0.00,0.00,0.00,-21.652,1.881,-3.626,0.00,0.00,0.00,4.180,4.180,4.180
2026-02-04 11:14:59,11.03,13,356,369,3.52%,81.57,0.81%,"[0, 5, 10, 15, 20, 25, 30, 35, 40, 45, 50, 55, 60, 65, 70, 75, 80, 85, 90, 95, 100]","[8, 4, 1, 0, 0, 0, 1, 0, 0, 0, 0, 0, 0, 0, 0, 0, 1256, 7, 336, 0]","[0.0049597024178549285, 0.007439553626782393, 0.008059516429014259, 0.008059516429014259, 0.008059516429014259, 0.008059516429014259, 0.008679479231246125, 0.008679479231246125, 0.008679479231246125, 0.008679479231246125, 0.008679479231246125, 0.008679479231246125, 0.008679479231246125, 0.008679479231246125, 0.008679479231246125, 0.008679479231246125, 0.78735275883447, 0.791692498450093, 1.0, 1.0]",4.0,2.0,2.0,2.0,2.0,17,-17.27912,8.0,6.0,hrl_dqn_apf,hierarchical,dqn,-8.083,3.813,-0.835,0.00,0.00,0.00,-14.530,3.019,0.229,0.00,0.00,0.00,-21.807,2.295,-3.710,0.00,0.00,0.00,4.177,4.177,4.177
2026-02-04 11:15:00,12.03,13,356,369,3.52%,81.75,0.81%,"[0, 5, 10, 15, 20, 25, 30, 35, 40, 45, 50, 55, 60, 65, 70, 75, 80, 85, 90, 95, 100]","[8, 4, 1, 0, 0, 0, 1, 0, 0, 0, 0, 0, 0, 0, 0, 0, 1256, 7, 336, 0]","[0.0049597024178549285, 0.007439553626782393, 0.008059516429014259, 0.008059516429014259, 0.008059516429014259, 0.008059516429014259, 0.008679479231246125, 0.008679479231246125, 0.008679479231246125, 0.008679479231246125, 0.008679479231246125, 0.008679479231246125, 0.008679479231246125, 0.008679479231246125, 0.008679479231246125, 0.008679479231246125, 0.78735275883447, 0.791692498450093, 1.0, 1.0]",4.0,2.0,2.0,2.0,2.0,10,-29.11914,8.0,0.0,hrl_dqn_apf,hierarchical,dqn,-8.083,4.206,-0.835,0.00,0.00,0.00,-14.482,3.415,0.253,0.00,0.00,0.00,-21.855,2.693,-3.736,0.00,0.00,0.00,4.174,4.174,4.174
2026-02-04 11:15:01,13.04,13,356,369,3.52%,81.94,0.81%,"[0, 5, 10, 15, 20, 25, 30, 35, 40, 45, 50, 55, 60, 65, 70, 75, 80, 85, 90, 95, 100]","[6, 5, 2, 0, 0, 0, 1, 0, 0, 0, 0, 0, 0, 0, 0, 0, 1252, 11, 336, 0]","[0.0037197768133911966, 0.006819590824550527, 0.008059516429014259, 0.008059516429014259, 0.008059516429014259, 0.008059516429014259, 0.008679479231246125, 0.008679479231246125, 0.008679479231246125, 0.008679479231246125, 0.008679479231246125, 0.008679479231246125, 0.008679479231246125, 0.008679479231246125, 0.008679479231246125, 0.008679479231246125, 0.7848729076255425, 0.791692498450093, 1.0, 1.0]",4.0,2.0,2.0,2.0,2.0,24,-4.958819999999999,8.0,12.0,hrl_dqn_apf,hierarchical,dqn,-8.082,4.612,-0.835,0.00,0.00,0.00,-14.467,3.823,0.261,0.00,0.00,0.00,-21.870,3.101,-3.745,0.00,0.00,0.00,4.171,4.171,4.171
2026-02-04 11:15:02,14.04,13,358,371,3.50%,82.30,0.81%,"[0, 5, 10, 15, 20, 25, 30, 35, 40, 45, 50, 55, 60, 65, 70, 75, 80, 85, 90, 95, 100]","[4, 7, 2, 0, 0, 0, 1, 0, 0, 0, 0, 0, 0, 0, 0, 0, 1248, 14, 337, 0]","[0.0024798512089274642, 0.006819590824550527, 0.008059516429014259, 0.008059516429014259, 0.008059516429014259, 0.008059516429014259, 0.008679479231246125, 0.008679479231246125, 0.008679479231246125, 0.008679479231246125, 0.008679479231246125, 0.008679479231246125, 0.008679479231246125, 0.008679479231246125, 0.008679479231246125, 0.008679479231246125, 0.782393056416615, 0.7910725356478612, 1.0, 1.0]",4.0,2.0,2.0,2.0,2.0,24,-4.958819999999999,8.0,12.0,hrl_dqn_apf,hierarchical,dqn,-8.082,5.394,-0.835,0.00,0.00,0.00,-14.461,4.606,0.264,0.00,0.00,0.00,-21.876,3.885,-3.748,0.00,0.00,0.00,4.168,4.168,4.168
2026-02-04 11:15:03,15.04,13,360,373,3.49%,82.49,0.81%,"[0, 5, 10, 15, 20, 25, 30, 35, 40, 45, 50, 55, 60, 65, 70, 75, 80, 85, 90, 95, 100]","[4, 7, 2, 0, 0, 0, 1, 0, 0, 0, 0, 0, 0, 0, 0, 0, 1246, 14, 339, 0]","[0.0024798512089274642, 0.006819590824550527, 0.008059516429014259, 0.008059516429014259, 0.008059516429014259, 0.008059516429014259, 0.008679479231246125, 0.008679479231246125, 0.008679479231246125, 0.008679479231246125, 0.008679479231246125, 0.008679479231246125, 0.008679479231246125, 0.008679479231246125, 0.008679479231246125, 0.008679479231246125, 0.7811531308121513, 0.7898326100433974, 1.0, 1.0]",4.0,2.0,2.0,2.0,2.0,5,-28.79811,8.0,-6.0,hrl_dqn_apf,hierarchical,dqn,-8.082,5.789,-0.835,0.00,0.00,0.00,-14.461,5.000,0.264,0.00,0.00,0.00,-21.877,4.279,-3.748,0.00,0.00,0.00,4.165,4.165,4.165
2026-02-04 11:15:04,16.04,13,360,373,3.49%,82.67,0.81%,"[0, 5, 10, 15, 20, 25, 30, 35, 40, 45, 50, 55, 60, 65, 70, 75, 80, 85, 90, 95, 100]","[4, 5, 3, 1, 0, 0, 0, 1, 0, 0, 0, 0, 0, 0, 0, 0, 1242, 16, 7, 334]","[0.0024798512089274642, 0.005579665220086794, 0.007439553626782393, 0.008059516429014259, 0.008059516429014259, 0.008059516429014259, 0.008059516429014259, 0.008679479231246125, 0.008679479231246125, 0.008679479231246125, 0.008679479231246125, 0.008679479231246125, 0.008679479231246125, 0.008679479231246125, 0.008679479231246125, 0.008679479231246125, 0.7786732796032239, 0.7885926844389337, 0.7929324240545568, 1.0]",4.0,2.0,2.0,2.0,2.0,14,-4.63814,8.0,0.0,hrl_dqn_apf,hierarchical,dqn,-8.082,6.184,-0.835,0.00,0.00,0.00,-14.460,5.396,0.264,0.00,0.00,0.00,-21.877,4.675,-3.748,0.00,0.00,0.00,4.162,4.162,4.162
2026-02-04 11:15:05,17.04,13,360,373,3.49%,82.85,0.81%,"[0, 5, 10, 15, 20, 25, 30, 35, 40, 45, 50, 55, 60, 65, 70, 75, 80, 85, 90, 95, 100]","[4, 4, 4, 1, 0, 0, 0, 1, 0, 0, 0, 0, 0, 0, 0, 0, 1242, 16, 7, 334]","[0.0024798512089274642, 0.0049597024178549285, 0.007439553626782393, 0.008059516429014259, 0.008059516429014259, 0.008059516429014259, 0.008059516429014259, 0.008679479231246125, 0.008679479231246125, 0.008679479231246125, 0.008679479231246125, 0.008679479231246125, 0.008679479231246125, 0.008679479231246125, 0.008679479231246125, 0.008679479231246125, 0.7786732796032239, 0.7885926844389337, 0.7929324240545568, 1.0]",4.0,2.0,2.0,2.0,2.0,14,-4.63814,8.0,0.0,hrl_dqn_apf,hierarchical,dqn,-8.092,6.497,-0.835,0.00,0.00,0.00,-14.460,5.791,0.265,0.00,0.00,0.00,-21.877,5.071,-3.748,0.00,0.00,0.00,4.159,4.159,4.159
2026-02-04 11:15:06,18.05,13,361,374,3.48%,83.21,0.81%,"[0, 5, 10, 15, 20, 25, 30, 35, 40, 45, 50, 55, 60, 65, 70, 75, 80, 85, 90, 95, 100]","[4, 3, 4, 2, 0, 0, 0, 1, 0, 0, 0, 0, 0, 0, 0, 0, 1242, 10, 12, 335]","[0.0024798512089274642, 0.0043397396156230625, 0.006819590824550527, 0.008059516429014259, 0.008059516429014259, 0.008059516429014259, 0.008059516429014259, 0.008679479231246125, 0.008679479231246125, 0.008679479231246125, 0.008679479231246125, 0.008679479231246125, 0.008679479231246125, 0.008679479231246125, 0.008679479231246125, 0.008679479231246125, 0.7786732796032239, 0.7848729076255425, 0.7923124612523249, 1.0]",4.0,2.0,2.0,2.0,2.0,20,-28.47786,8.0,12.0,hrl_dqn_apf,hierarchical,dqn,-9.074,6.512,-0.835,0.00,0.00,0.00,-14.460,6.584,0.265,0.00,0.00,0.00,-21.877,5.863,-3.748,0.00,0.00,0.00,4.156,4.156,4.156
2026-02-04 11:15:07,19.05,13,363,376,3.46%,83.39,0.81%,"[0, 5, 10, 15, 20, 25, 30, 35, 40, 45, 50, 55, 60, 65, 70, 75, 80, 85, 90, 95, 100]","[5, 1, 5, 2, 0, 0, 0, 1, 0, 0, 0, 0, 0, 0, 0, 0, 1240, 10, 14, 335]","[0.0030998140111593306, 0.0037197768133911966, 0.006819590824550527, 0.008059516429014259, 0.008059516429014259, 0.008059516429014259, 0.008059516429014259, 0.008679479231246125, 0.008679479231246125, 0.008679479231246125, 0.008679479231246125, 0.008679479231246125, 0.008679479231246125, 0.008679479231246125, 0.008679479231246125, 0.008679479231246125, 0.7774333539987601, 0.7836329820210788, 0.7923124612523249, 1.0]",4.0,2.0,2.0,2.0,2.0,10,-28.31744,8.0,0.0,hrl_dqn_apf,hierarchical,dqn,-9.803,6.507,-0.835,0.00,0.00,0.00,-14.336,6.716,0.265,0.00,0.00,0.00,-21.877,6.261,-3.748,0.00,0.00,0.00,4.153,4.153,4.153
2026-02-04 11:15:08,20.06,13,365,378,3.44%,83.58,0.81%,"[0, 5, 10, 15, 20, 25, 30, 35, 40, 45, 50, 55, 60, 65, 70, 75, 80, 85, 90, 95, 100]","[5, 1, 5, 2, 0, 0, 0, 1, 0, 0, 0, 0, 0, 0, 0, 0, 1236, 14, 12, 337]","[0.0030998140111593306, 0.0037197768133911966, 0.006819590824550527, 0.008059516429014259, 0.008059516429014259, 0.008059516429014259, 0.008059516429014259, 0.008679479231246125, 0.008679479231246125, 0.008679479231246125, 0.008679479231246125, 0.008679479231246125, 0.008679479231246125, 0.008679479231246125, 0.008679479231246125, 0.008679479231246125, 0.7749535027898327, 0.7836329820210788, 0.7910725356478612, 1.0]",4.0,2.0,2.0,2.0,2.0,10,-28.31744,8.0,0.0,hrl_dqn_apf,hierarchical,dqn,-10.441,6.575,-0.849,0.00,0.00,0.00,-13.919,6.776,0.278,0.00,0.00,0.00,-21.877,6.484,-3.699,0.00,0.00,0.00,4.150,4.150,4.150
2026-02-04 11:15:09,21.06,13,365,378,3.44%,83.76,0.81%,"[0, 5, 10, 15, 20, 25, 30, 35, 40, 45, 50, 55, 60, 65, 70, 75, 80, 85, 90, 95, 100]","[5, 1, 4, 2, 1, 0, 0, 1, 0, 0, 0, 0, 0, 0, 0, 0, 1236, 10, 14, 339]","[0.0030998140111593306, 0.0037197768133911966, 0.006199628022318661, 0.007439553626782393, 0.008059516429014259, 0.008059516429014259, 0.008059516429014259, 0.008679479231246125, 0.008679479231246125, 0.008679479231246125, 0.008679479231246125, 0.008679479231246125, 0.008679479231246125, 0.008679479231246125, 0.008679479231246125, 0.008679479231246125, 0.7749535027898327, 0.7811531308121513, 0.7898326100433974, 1.0]",4.0,2.0,2.0,2.0,2.0,21,-22.15745,8.0,12.0,hrl_dqn_apf,hierarchical,dqn,-10.314,6.646,-0.956,0.00,0.00,0.00,-14.109,6.862,0.386,0.00,0.00,0.00,-21.877,6.494,-3.259,0.00,0.00,0.00,4.147,4.147,4.147
2026-02-04 11:15:10,22.07,15,367,382,3.93%,84.00,0.93%,"[0, 5, 10, 15, 20, 25, 30, 35, 40, 45, 50, 55, 60, 65, 70, 75, 80, 85, 90, 95, 100]","[8, 0, 2, 4, 1, 0, 0, 0, 1, 0, 0, 0, 0, 0, 0, 0, 1235, 10, 16, 336]","[0.0049597024178549285, 0.0049597024178549285, 0.006199628022318661, 0.008679479231246125, 0.009299442033477991, 0.009299442033477991, 0.009299442033477991, 0.009299442033477991, 0.009919404835709857, 0.009919404835709857, 0.009919404835709857, 0.009919404835709857, 0.009919404835709857, 0.009919404835709857, 0.009919404835709857, 0.009919404835709857, 0.7755734655920645, 0.7817730936143832, 0.791692498450093, 1.0]",4.0,2.0,2.0,2.0,2.0,9,-3.9972200000000004,8.0,-6.0,hrl_dqn_apf,hierarchical,dqn,-9.090,6.606,-1.373,0.00,0.00,0.00,-15.359,6.906,0.804,0.00,0.00,0.00,-21.641,6.556,-2.087,0.00,0.00,0.00,4.144,4.144,4.144
2026-02-04 11:15:11,23.07,16,368,384,4.17%,84.11,0.99%,"[0, 5, 10, 15, 20, 25, 30, 35, 40, 45, 50, 55, 60, 65, 70, 75, 80, 85, 90, 95, 100]","[8, 2, 1, 3, 2, 0, 0, 0, 1, 0, 0, 0, 1, 0, 0, 0, 1235, 9, 10, 341]","[0.0049597024178549285, 0.006199628022318661, 0.006819590824550527, 0.008679479231246125, 0.009919404835709857, 0.009919404835709857, 0.009919404835709857, 0.009919404835709857, 0.010539367637941723, 0.010539367637941723, 0.010539367637941723, 0.010539367637941723, 0.011159330440173589, 0.011159330440173589, 0.011159330440173589, 0.011159330440173589, 0.7768133911965283, 0.782393056416615, 0.7885926844389337, 1.0]",4.0,2.0,2.0,2.0,2.0,9,-3.9972200000000004,8.0,-6.0,hrl_dqn_apf,hierarchical,dqn,-8.645,6.710,-1.532,0.00,0.00,0.00,-15.949,6.949,1.140,0.00,0.00,0.00,-21.049,6.568,-1.916,0.00,0.00,0.00,4.141,4.141,4.141
2026-02-04 11:15:12,24.07,16,366,382,4.19%,84.28,0.99%,"[0, 5, 10, 15, 20, 25, 30, 35, 40, 45, 50, 55, 60, 65, 70, 75, 80, 85, 90, 95, 100]","[10, 1, 0, 3, 2, 0, 0, 0, 1, 0, 0, 0, 0, 1, 0, 0, 1233, 11, 8, 343]","[0.006199628022318661, 0.006819590824550527, 0.006819590824550527, 0.008679479231246125, 0.009919404835709857, 0.009919404835709857, 0.009919404835709857, 0.009919404835709857, 0.010539367637941723, 0.010539367637941723, 0.010539367637941723, 0.010539367637941723, 0.010539367637941723, 0.011159330440173589, 0.011159330440173589, 0.011159330440173589, 0.7755734655920645, 0.782393056416615, 0.78735275883447, 1.0]",4.0,2.0,2.0,2.0,2.0,5,-27.91687,8.0,-6.0,hrl_dqn_apf,hierarchical,dqn,-8.950,6.762,-1.519,0.00,0.00,0.00,-16.174,6.965,1.749,0.00,0.00,0.00,-20.335,6.566,-1.862,0.00,0.00,0.00,4.138,4.138,4.138
2026-02-04 11:15:13,25.08,17,369,386,4.40%,84.40,1.05%,"[0, 5, 10, 15, 20, 25, 30, 35, 40, 45, 50, 55, 60, 65, 70, 75, 80, 85, 90, 95, 100]","[11, 1, 0, 3, 2, 0, 0, 0, 1, 0, 0, 0, 0, 1, 0, 0, 1231, 7, 14, 342]","[0.006819590824550527, 0.007439553626782393, 0.007439553626782393, 0.009299442033477991, 0.010539367637941723, 0.010539367637941723, 0.010539367637941723, 0.010539367637941723, 0.011159330440173589, 0.011159330440173589, 0.011159330440173589, 0.011159330440173589, 0.011159330440173589, 0.011779293242405457, 0.011779293242405457, 0.011779293242405457, 0.7749535027898327, 0.7792932424054557, 0.7879727216367018, 1.0]",4.0,2.0,2.0,2.0,2.0,21,-21.75674,8.0,12.0,hrl_dqn_apf,hierarchical,dqn,-9.339,6.774,-1.518,0.00,0.00,0.00,-16.245,6.964,2.469,0.00,0.00,0.00,-19.585,6.563,-1.846,0.00,0.00,0.00,4.135,4.135,4.135
2026-02-04 11:15:14,26.08,19,369,388,4.90%,84.61,1.18%,"[0, 5, 10, 15, 20, 25, 30, 35, 40, 45, 50, 55, 60, 65, 70, 75, 80, 85, 90, 95, 100]","[12, 3, 0, 1, 2, 1, 0, 0, 0, 1, 0, 1, 0, 1, 0, 0, 1231, 7, 8, 345]","[0.007439553626782393, 0.009299442033477991, 0.009299442033477991, 0.009919404835709857, 0.011159330440173589, 0.011779293242405457, 0.011779293242405457, 0.011779293242405457, 0.011779293242405457, 0.012399256044637322, 0.012399256044637322, 0.013019218846869188, 0.013019218846869188, 0.013639181649101054, 0.013639181649101054, 0.013639181649101054, 0.7768133911965283, 0.7811531308121513, 0.7861128332300062, 1.0]",4.0,2.0,2.0,2.0,2.0,21,-21.75674,8.0,12.0,hrl_dqn_apf,hierarchical,dqn,-9.339,6.913,-1.517,0.00,0.00,0.00,-16.273,6.957,3.995,0.00,0.00,0.00,-18.529,6.710,-1.839,0.00,0.00,0.00,4.132,4.132,4.132
2026-02-04 11:15:15,27.09,19,369,388,4.90%,84.75,1.18%,"[0, 5, 10, 15, 20, 25, 30, 35, 40, 45, 50, 55, 60, 65, 70, 75, 80, 85, 90, 95, 100]","[11, 4, 0, 1, 2, 1, 0, 1, 1, 1, 0, 0, 0, 1, 0, 0, 1225, 12, 9, 344]","[0.006819590824550527, 0.009299442033477991, 0.009299442033477991, 0.009919404835709857, 0.011159330440173589, 0.011779293242405457, 0.011779293242405457, 0.012399256044637322, 0.013019218846869188, 0.013639181649101054, 0.013639181649101054, 0.013639181649101054, 0.013639181649101054, 0.01425914445133292, 0.01425914445133292, 0.01425914445133292, 0.7737135771853689, 0.7811531308121513, 0.7867327960322381, 1.0]",4.0,2.0,2.0,2.0,2.0,10,-27.59687,8.0,0.0,hrl_dqn_apf,hierarchical,dqn,-9.354,6.982,-1.516,0.00,0.00,0.00,-16.275,6.954,4.754,0.00,0.00,0.00,-18.948,6.741,-1.838,0.00,0.00,0.00,4.129,4.129,4.129
2026-02-04 11:15:16,28.09,20,368,388,5.15%,84.90,1.24%,"[0, 5, 10, 15, 20, 25, 30, 35, 40, 45, 50, 55, 60, 65, 70, 75, 80, 85, 90, 95, 100]","[9, 6, 1, 1, 2, 1, 0, 0, 1, 1, 0, 0, 0, 1, 0, 0, 1224, 14, 9, 343]","[0.005579665220086794, 0.009299442033477991, 0.009919404835709857, 0.010539367637941723, 0.011779293242405457, 0.012399256044637322, 0.012399256044637322, 0.012399256044637322, 0.013019218846869188, 0.013639181649101054, 0.013639181649101054, 0.013639181649101054, 0.013639181649101054, 0.01425914445133292, 0.01425914445133292, 0.01425914445133292, 0.7730936143831371, 0.7817730936143832, 0.78735275883447, 1.0]",4.0,2.0,2.0,2.0,2.0,17,-15.43614,8.0,6.0,hrl_dqn_apf,hierarchical,dqn,-9.383,7.033,-1.461,0.00,0.00,0.00,-16.276,6.951,5.514,0.00,0.00,0.00,-19.612,6.741,-1.838,0.00,0.00,0.00,4.126,4.126,4.126
2026-02-04 11:15:17,29.09,21,369,390,5.38%,85.04,1.30%,"[0, 5, 10, 15, 20, 25, 30, 35, 40, 45, 50, 55, 60, 65, 70, 75, 80, 85, 90, 95, 100]","[10, 6, 1, 0, 3, 1, 0, 0, 1, 1, 0, 0, 0, 0, 1, 0, 1223, 14, 9, 343]","[0.006199628022318661, 0.009919404835709857, 0.010539367637941723, 0.010539367637941723, 0.012399256044637322, 0.013019218846869188, 0.013019218846869188, 0.013019218846869188, 0.013639181649101054, 0.01425914445133292, 0.01425914445133292, 0.01425914445133292, 0.01425914445133292, 0.01425914445133292, 0.014879107253564786, 0.014879107253564786, 0.7730936143831371, 0.7817730936143832, 0.78735275883447, 1.0]",4.0,2.0,2.0,2.0,2.0,17,-15.43614,8.0,6.0,hrl_dqn_apf,hierarchical,dqn,-9.451,7.054,-1.006,0.00,0.00,0.00,-16.276,6.978,6.252,0.00,0.00,0.00,-20.349,6.738,-1.838,0.00,0.00,0.00,4.123,4.123,4.123
2026-02-04 11:15:18,30.09,22,368,390,5.64%,85.36,1.36%,"[0, 5, 10, 15, 20, 25, 30, 35, 40, 45, 50, 55, 60, 65, 70, 75, 80, 85, 90, 95, 100]","[12, 6, 1, 0, 3, 0, 0, 0, 1, 1, 0, 0, 0, 0, 0, 0, 1217, 16, 7, 349]","[0.007439553626782393, 0.011159330440173589, 0.011779293242405457, 0.011779293242405457, 0.013639181649101054, 0.013639181649101054, 0.013639181649101054, 0.013639181649101054, 0.01425914445133292, 0.014879107253564786, 0.014879107253564786, 0.014879107253564786, 0.014879107253564786, 0.014879107253564786, 0.014879107253564786, 0.014879107253564786, 0.7693738375697459, 0.7792932424054557, 0.7836329820210788, 1.0]",4.0,2.0,2.0,2.0,2.0,5,-27.276130000000002,8.0,-6.0,hrl_dqn_apf,hierarchical,dqn,-9.482,7.050,0.402,0.00,0.00,0.00,-16.276,7.131,5.793,0.00,0.00,0.00,-21.861,6.731,-1.838,0.00,0.00,0.00,4.120,4.120,4.120
2026-02-04 11:15:19,31.10,22,369,391,5.63%,85.49,1.36%,"[0, 5, 10, 15, 20, 25, 30, 35, 40, 45, 50, 55, 60, 65, 70, 75, 80, 85, 90, 95, 100]","[11, 7, 1, 0, 1, 2, 0, 0, 1, 1, 1, 0, 0, 0, 0, 0, 1217, 17, 7, 347]","[0.006819590824550527, 0.011159330440173589, 0.011779293242405457, 0.011779293242405457, 0.012399256044637322, 0.013639181649101054, 0.013639181649101054, 0.013639181649101054, 0.01425914445133292, 0.014879107253564786, 0.015499070055796652, 0.015499070055796652, 0.015499070055796652, 0.015499070055796652, 0.015499070055796652, 0.015499070055796652, 0.7699938003719777, 0.7805331680099195, 0.7848729076255425, 1.0]",4.0,2.0,2.0,2.0,2.0,5,-27.115740000000002,8.0,-6.0,hrl_dqn_apf,hierarchical,dqn,-9.615,7.108,1.030,0.00,0.00,0.00,-16.276,7.130,5.100,0.00,0.00,0.00,-22.623,6.728,-1.838,0.00,0.00,0.00,4.117,4.117,4.117
2026-02-04 11:15:20,32.10,25,366,391,6.39%,85.54,1.55%,"[0, 5, 10, 15, 20, 25, 30, 35, 40, 45, 50, 55, 60, 65, 70, 75, 80, 85, 90, 95, 100]","[10, 6, 4, 1, 1, 3, 0, 0, 0, 1, 1, 0, 0, 1, 0, 0, 1217, 10, 12, 346]","[0.006199628022318661, 0.009919404835709857, 0.012399256044637322, 0.013019218846869188, 0.013639181649101054, 0.015499070055796652, 0.015499070055796652, 0.015499070055796652, 0.015499070055796652, 0.016119032858028518, 0.016738995660260384, 0.016738995660260384, 0.016738995660260384, 0.01735895846249225, 0.01735895846249225, 0.01735895846249225, 0.7718536887786733, 0.778053316800992, 0.7854928704277744, 1.0]",4.0,2.0,2.0,2.0,2.0,5,-27.115740000000002,8.0,-6.0,hrl_dqn_apf,hierarchical,dqn,-10.146,7.134,1.267,0.00,0.00,0.00,-16.276,7.126,4.358,0.00,0.00,0.00,-23.384,6.725,-1.839,0.00,0.00,0.00,4.114,4.114,4.114
2026-02-04 11:15:21,33.11,26,367,393,6.62%,85.65,1.61%,"[0, 5, 10, 15, 20, 25, 30, 35, 40, 45, 50, 55, 60, 65, 70, 75, 80, 85, 90, 95, 100]","[12, 4, 5, 2, 1, 2, 0, 0, 0, 1, 1, 0, 0, 0, 1, 0, 1217, 8, 14, 345]","[0.007439553626782393, 0.009919404835709857, 0.013019218846869188, 0.01425914445133292, 0.014879107253564786, 0.016119032858028518, 0.016119032858028518, 0.016119032858028518, 0.016119032858028518, 0.016738995660260384, 0.01735895846249225, 0.01735895846249225, 0.01735895846249225, 0.01735895846249225, 0.017978921264724116, 0.017978921264724116, 0.7724736515809052, 0.7774333539987601, 0.7861128332300062, 1.0]",4.0,2.0,2.0,2.0,2.0,22,-14.95504,8.0,12.0,hrl_dqn_apf,hierarchical,dqn,-10.831,7.144,1.352,0.00,0.00,0.00,-16.287,7.137,3.614,0.00,0.00,0.00,-24.133,6.736,-1.849,0.00,0.00,0.00,4.111,4.111,4.111
2026-02-04 11:15:22,34.11,28,367,395,7.09%,85.78,1.74%,"[0, 5, 10, 15, 20, 25, 30, 35, 40, 45, 50, 55, 60, 65, 70, 75, 80, 85, 90, 95, 100]","[11, 4, 8, 2, 0, 3, 2, 0, 0, 2, 1, 0, 0, 0, 0, 0, 1211, 10, 16, 343]","[0.006819590824550527, 0.009299442033477991, 0.01425914445133292, 0.015499070055796652, 0.015499070055796652, 0.01735895846249225, 0.018598884066955982, 0.018598884066955982, 0.018598884066955982, 0.019838809671419714, 0.02045877247365158, 0.02045877247365158, 0.02045877247365158, 0.02045877247365158, 0.02045877247365158, 0.02045877247365158, 0.7712337259764415, 0.7774333539987601, 0.78735275883447, 1.0]",4.0,2.0,2.0,2.0,2.0,22,-14.95504,8.0,12.0,hrl_dqn_apf,hierarchical,dqn,-11.360,7.210,2.354,0.00,0.00,0.00,-17.035,7.290,3.299,0.00,0.00,0.00,-24.685,6.811,-2.823,0.00,0.00,0.00,4.108,4.108,4.108
2026-02-04 11:15:23,35.12,29,364,393,7.38%,85.89,1.80%,"[0, 5, 10, 15, 20, 25, 30, 35, 40, 45, 50, 55, 60, 65, 70, 75, 80, 85, 90, 95, 100]","[12, 5, 7, 2, 0, 3, 1, 0, 0, 3, 1, 0, 0, 0, 0, 0, 1211, 8, 17, 343]","[0.007439553626782393, 0.010539367637941723, 0.014879107253564786, 0.016119032858028518, 0.016119032858028518, 0.017978921264724116, 0.018598884066955982, 0.018598884066955982, 0.018598884066955982, 0.02045877247365158, 0.021078735275883446, 0.021078735275883446, 0.021078735275883446, 0.021078735275883446, 0.021078735275883446, 0.021078735275883446, 0.7718536887786733, 0.7768133911965283, 0.78735275883447, 1.0]",4.0,2.0,2.0,2.0,2.0,23,-8.79482,8.0,12.0,hrl_dqn_apf,hierarchical,dqn,-11.401,7.208,3.076,0.00,0.00,0.00,-17.180,7.305,3.845,0.00,0.00,0.00,-24.728,6.809,-3.543,0.00,0.00,0.00,4.108,4.108,4.108
2026-02-04 11:15:24,36.13,30,369,399,7.52%,85.99,1.86%,"[0, 5, 10, 15, 20, 25, 30, 35, 40, 45, 50, 55, 60, 65, 70, 75, 80, 85, 90, 95, 100]","[10, 8, 8, 2, 0, 2, 2, 0, 0, 2, 0, 1, 0, 0, 0, 0, 1210, 10, 16, 342]","[0.006199628022318661, 0.011159330440173589, 0.016119032858028518, 0.01735895846249225, 0.01735895846249225, 0.018598884066955982, 0.019838809671419714, 0.019838809671419714, 0.019838809671419714, 0.021078735275883446, 0.021078735275883446, 0.02169869807811531, 0.02169869807811531, 0.02169869807811531, 0.02169869807811531, 0.02169869807811531, 0.7718536887786733, 0.778053316800992, 0.7879727216367018, 1.0]",4.0,2.0,2.0,2.0,2.0,23,-8.79482,8.0,12.0,hrl_dqn_apf,hierarchical,dqn,-11.415,7.168,3.846,0.00,0.00,0.00,-17.227,7.303,4.565,0.00,0.00,0.00,-24.742,6.769,-4.313,0.00,0.00,0.00,4.200,4.200,4.200
2026-02-04 11:15:25,37.14,30,371,401,7.48%,86.06,1.86%,"[0, 5, 10, 15, 20, 25, 30, 35, 40, 45, 50, 55, 60, 65, 70, 75, 80, 85, 90, 95, 100]","[10, 10, 4, 4, 1, 1, 3, 0, 0, 2, 0, 2, 0, 0, 0, 1, 1210, 9, 12, 344]","[0.006199628022318661, 0.012399256044637322, 0.014879107253564786, 0.01735895846249225, 0.017978921264724116, 0.018598884066955982, 0.02045877247365158, 0.02045877247365158, 0.02045877247365158, 0.02169869807811531, 0.02169869807811531, 0.022938623682579044, 0.022938623682579044, 0.022938623682579044, 0.022938623682579044, 0.023558586484810913, 0.7737135771853689, 0.7792932424054557, 0.7867327960322381, 1.0]",4.0,2.0,2.0,2.0,2.0,23,-8.79482,8.0,12.0,hrl_dqn_apf,hierarchical,dqn,-11.419,7.117,4.607,0.00,0.00,0.00,-17.241,7.300,5.313,0.00,0.00,0.00,-24.746,6.718,-5.073,0.00,0.00,0.00,4.200,4.200,4.200
2026-02-04 11:15:26,38.14,34,369,403,8.44%,86.21,2.11%,"[0, 5, 10, 15, 20, 25, 30, 35, 40, 45, 50, 55, 60, 65, 70, 75, 80, 85, 90, 95, 100]","[12, 9, 3, 6, 2, 2, 2, 1, 0, 1, 1, 1, 0, 0, 0, 0, 1207, 7, 14, 345]","[0.007439553626782393, 0.013019218846869188, 0.014879107253564786, 0.018598884066955982, 0.019838809671419714, 0.021078735275883446, 0.022318660880347178, 0.022938623682579044, 0.022938623682579044, 0.023558586484810913, 0.02417854928704278, 0.024798512089274645, 0.024798512089274645, 0.024798512089274645, 0.024798512089274645, 0.024798512089274645, 0.7730936143831371, 0.7774333539987601, 0.7861128332300062, 1.0]",4.0,2.0,2.0,2.0,2.0,23,-8.79482,8.0,12.0,hrl_dqn_apf,hierarchical,dqn,-11.421,7.083,6.126,0.00,0.00,0.00,-17.247,7.294,6.828,0.00,0.00,0.00,-24.748,6.684,-6.593,0.00,0.00,0.00,4.200,4.200,4.200
2026-02-04 11:15:28,39.15,35,370,405,8.64%,86.23,2.17%,"[0, 5, 10, 15, 20, 25, 30, 35, 40, 45, 50, 55, 60, 65, 70, 75, 80, 85, 90, 95, 100]","[11, 10, 3, 7, 4, 0, 3, 1, 0, 0, 2, 1, 0, 1, 0, 1, 1207, 7, 12, 343]","[0.006819590824550527, 0.013019218846869188, 0.014879107253564786, 0.019218846869187848, 0.02169869807811531, 0.02169869807811531, 0.023558586484810913, 0.02417854928704278, 0.02417854928704278, 0.02417854928704278, 0.02541847489150651, 0.026038437693738377, 0.026038437693738377, 0.026658400495970243, 0.026658400495970243, 0.02727836329820211, 0.7755734655920645, 0.7799132052076876, 0.78735275883447, 1.0]",4.0,2.0,2.0,2.0,2.0,23,-8.79482,8.0,12.0,hrl_dqn_apf,hierarchical,dqn,-11.421,7.077,6.858,0.00,0.00,0.00,-17.248,7.291,7.559,0.00,0.00,0.00,-24.748,6.678,-7.325,0.00,0.00,0.00,4.200,4.200,4.200
2026-02-04 11:15:29,40.15,36,369,405,8.89%,86.29,2.23%,"[0, 5, 10, 15, 20, 25, 30, 35, 40, 45, 50, 55, 60, 65, 70, 75, 80, 85, 90, 95, 100]","[12, 10, 5, 7, 2, 0, 3, 1, 1, 0, 2, 1, 0, 1, 0, 0, 1207, 8, 8, 345]","[0.007439553626782393, 0.013639181649101054, 0.016738995660260384, 0.021078735275883446, 0.022318660880347178, 0.022318660880347178, 0.02417854928704278, 0.024798512089274645, 0.02541847489150651, 0.02541847489150651, 0.026658400495970243, 0.02727836329820211, 0.02727836329820211, 0.027898326100433975, 0.027898326100433975, 0.027898326100433975, 0.7761934283942964, 0.7811531308121513, 0.7861128332300062, 1.0]",4.0,2.0,2.0,2.0,2.0,23,-8.79482,8.0,12.0,hrl_dqn_apf,hierarchical,dqn,-11.422,7.072,7.621,0.00,0.00,0.00,-17.248,7.288,8.323,0.00,0.00,0.00,-24.748,6.673,-8.088,0.00,0.00,0.00,4.200,4.200,4.200
2026-02-04 11:15:30,41.17,39,366,405,9.63%,86.39,2.42%,"[0, 5, 10, 15, 20, 25, 30, 35, 40, 45, 50, 55, 60, 65, 70, 75, 80, 85, 90, 95, 100]","[11, 10, 9, 5, 4, 0, 1, 4, 1, 0, 2, 0, 1, 1, 1, 0, 1199, 14, 10, 340]","[0.006819590824550527, 0.013019218846869188, 0.018598884066955982, 0.02169869807811531, 0.02417854928704278, 0.02417854928704278, 0.024798512089274645, 0.02727836329820211, 0.027898326100433975, 0.027898326100433975, 0.029138251704897707, 0.029138251704897707, 0.029758214507129573, 0.03037817730936144, 0.030998140111593304, 0.030998140111593304, 0.7743335399876008, 0.7830130192188469, 0.7892126472411656, 1.0]",4.0,2.0,2.0,2.0,2.0,23,-8.79482,8.0,12.0,hrl_dqn_apf,hierarchical,dqn,-11.422,7.065,9.142,0.00,0.00,0.00,-17.248,7.282,9.843,0.00,0.00,0.00,-24.748,6.666,-9.609,0.00,0.00,0.00,4.200,4.200,4.200
2026-02-04 11:15:31,42.17,42,367,409,10.27%,86.45,2.60%,"[0, 5, 10, 15, 20, 25, 30, 35, 40, 45, 50, 55, 60, 65, 70, 75, 80, 85, 90, 95, 100]","[10, 11, 11, 3, 5, 2, 1, 3, 0, 0, 1, 2, 1, 1, 1, 0, 1198, 15, 9, 339]","[0.006199628022318661, 0.013019218846869188, 0.019838809671419714, 0.02169869807811531, 0.024798512089274645, 0.026038437693738377, 0.026658400495970243, 0.02851828890266584, 0.02851828890266584, 0.02851828890266584, 0.029138251704897707, 0.03037817730936144, 0.030998140111593304, 0.03161810291382517, 0.032238065716057036, 0.032238065716057036, 0.7749535027898327, 0.7842529448233106, 0.7898326100433974, 1.0]",4.0,2.0,2.0,2.0,2.0,23,-8.79482,8.0,12.0,hrl_dqn_apf,hierarchical,dqn,-11.422,7.062,9.891,0.00,0.00,0.00,-17.248,7.279,10.592,0.00,0.00,0.00,-24.748,6.663,-10.358,0.00,0.00,0.00,4.200,4.200,4.200
2026-02-04 11:15:32,43.18,0,354,354,0.00%,80.00,0.00%,"[0, 5, 10, 15, 20, 25, 30, 35, 40, 45, 50, 55, 60, 65, 70, 75, 80, 85, 90, 95, 100]","[0, 0, 0, 0, 0, 0, 0, 0, 0, 0, 0, 0, 0, 0, 0, 0, 1613, 0, 0, 0]","[0.0, 0.0, 0.0, 0.0, 0.0, 0.0, 0.0, 0.0, 0.0, 0.0, 0.0, 0.0, 0.0, 0.0, 0.0, 0.0, 1.0, 1.0, 1.0, 1.0]",4.0,2.0,2.0,2.0,2.0,23,-8.79482,8.0,12.0,hrl_dqn_apf,hierarchical,dqn,-11.423,7.059,10.652,0.00,0.00,0.00,-17.248,7.276,11.353,0.00,0.00,0.00,-24.748,6.660,-11.118,0.00,0.00,0.00,4.200,4.200,4.200
2026-02-04 11:15:33,44.18,0,354,354,0.00%,80.00,0.00%,"[0, 5, 10, 15, 20, 25, 30, 35, 40, 45, 50, 55, 60, 65, 70, 75, 80, 85, 90, 95, 100]","[0, 0, 0, 0, 0, 0, 0, 0, 0, 0, 0, 0, 0, 0, 0, 0, 1613, 0, 0, 0]","[0.0, 0.0, 0.0, 0.0, 0.0, 0.0, 0.0, 0.0, 0.0, 0.0, 0.0, 0.0, 0.0, 0.0, 0.0, 0.0, 1.0, 1.0, 1.0, 1.0]",4.0,2.0,2.0,2.0,2.0,23,-8.79482,8.0,12.0,hrl_dqn_apf,hierarchical,dqn,-11.423,7.056,11.412,0.00,0.00,0.00,-17.248,7.273,12.113,0.00,0.00,0.00,-24.748,6.657,-11.879,0.00,0.00,0.00,4.200,4.200,4.200
2026-02-04 11:15:34,45.19,3,349,352,0.85%,80.00,0.19%,"[0, 5, 10, 15, 20, 25, 30, 35, 40, 45, 50, 55, 60, 65, 70, 75, 80, 85, 90, 95, 100]","[2, 0, 0, 0, 1, 0, 1, 0, 0, 0, 0, 0, 0, 1, 0, 0, 1608, 0, 0, 0]","[0.0012399256044637321, 0.0012399256044637321, 0.0012399256044637321, 0.0012399256044637321, 0.0018598884066955983, 0.0018598884066955983, 0.0024798512089274642, 0.0024798512089274642, 0.0024798512089274642, 0.0024798512089274642, 0.0024798512089274642, 0.0024798512089274642, 0.0024798512089274642, 0.0030998140111593306, 0.0030998140111593306, 0.0030998140111593306, 1.0, 1.0, 1.0, 1.0]",4.0,2.0,2.0,2.0,2.0,23,-8.79482,8.0,12.0,hrl_dqn_apf,hierarchical,dqn,-11.423,7.050,12.910,0.00,0.00,0.00,-17.248,7.267,13.612,0.00,0.00,0.00,-24.748,6.651,-13.377,0.00,0.00,0.00,4.200,4.200,4.200
2026-02-04 11:15:35,46.19,5,347,352,1.42%,80.07,0.37%,"[0, 5, 10, 15, 20, 25, 30, 35, 40, 45, 50, 55, 60, 65, 70, 75, 80, 85, 90, 95, 100]","[3, 0, 0, 0, 1, 2, 0, 0, 0, 0, 0, 1, 0, 1, 0, 1, 1604, 0, 0, 0]","[0.0018598884066955983, 0.0018598884066955983, 0.0018598884066955983, 0.0018598884066955983, 0.0024798512089274642, 0.0037197768133911966, 0.0037197768133911966, 0.0037197768133911966, 0.0037197768133911966, 0.0037197768133911966, 0.0037197768133911966, 0.0043397396156230625, 0.0043397396156230625, 0.0049597024178549285, 0.0049597024178549285, 0.005579665220086794, 1.0, 1.0, 1.0, 1.0]",4.0,2.0,2.0,2.0,2.0,23,-8.79482,8.0,12.0,hrl_dqn_apf,hierarchical,dqn,-11.424,7.047,13.691,0.00,0.00,0.00,-17.248,7.264,14.392,0.00,0.00,0.00,-24.748,6.648,-14.158,0.00,0.00,0.00,4.200,4.200,4.200
2026-02-04 11:15:36,47.20,5,348,353,1.42%,80.12,0.43%,"[0, 5, 10, 15, 20, 25, 30, 35, 40, 45, 50, 55, 60, 65, 70, 75, 80, 85, 90, 95, 100]","[6, 0, 0, 0, 1, 0, 1, 0, 1, 0, 0, 0, 0, 1, 0, 0, 1603, 0, 0, 0]","[0.0037197768133911966, 0.0037197768133911966, 0.0037197768133911966, 0.0037197768133911966, 0.0043397396156230625, 0.0043397396156230625, 0.0049597024178549285, 0.0049597024178549285, 0.005579665220086794, 0.005579665220086794, 0.005579665220086794, 0.005579665220086794, 0.005579665220086794, 0.006199628022318661, 0.006199628022318661, 0.006199628022318661, 1.0, 1.0, 1.0, 1.0]",4.0,2.0,2.0,2.0,2.0,23,-8.79482,8.0,12.0,hrl_dqn_apf,hierarchical,dqn,-11.424,7.041,14.454,0.00,0.00,0.00,-17.248,7.261,15.156,0.00,0.00,0.00,-24.748,6.641,-14.921,0.00,0.00,0.00,4.200,4.200,4.200
2026-02-04 11:15:37,48.20,5,348,353,1.42%,80.20,0.56%,"[0, 5, 10, 15, 20, 25, 30, 35, 40, 45, 50, 55, 60, 65, 70, 75, 80, 85, 90, 95, 100]","[7, 1, 0, 0, 1, 0, 1, 0, 0, 1, 0, 0, 0, 1, 0, 0, 1601, 0, 0, 0]","[0.0043397396156230625, 0.0049597024178549285, 0.0049597024178549285, 0.0049597024178549285, 0.005579665220086794, 0.005579665220086794, 0.006199628022318661, 0.006199628022318661, 0.006199628022318661, 0.006819590824550527, 0.006819590824550527, 0.006819590824550527, 0.006819590824550527, 0.007439553626782393, 0.007439553626782393, 0.007439553626782393, 1.0, 1.0, 1.0, 1.0]",4.0,2.0,2.0,2.0,2.0,23,-8.79482,8.0,12.0,hrl_dqn_apf,hierarchical,dqn,-11.424,6.971,15.214,0.00,0.00,0.00,-17.248,7.258,15.916,0.00,0.00,0.00,-24.748,6.571,-15.681,0.00,0.00,0.00,4.200,4.200,4.200
2026-02-04 11:15:38,49.21,5,350,355,1.41%,80.34,0.81%,"[0, 5, 10, 15, 20, 25, 30, 35, 40, 45, 50, 55, 60, 65, 70, 75, 80, 85, 90, 95, 100]","[11, 0, 1, 0, 0, 1, 1, 1, 0, 0, 0, 1, 0, 1, 0, 0, 1596, 0, 0, 0]","[0.006819590824550527, 0.006819590824550527, 0.007439553626782393, 0.007439553626782393, 0.007439553626782393, 0.008059516429014259, 0.008679479231246125, 0.009299442033477991, 0.009299442033477991, 0.009299442033477991, 0.009299442033477991, 0.009919404835709857, 0.009919404835709857, 0.010539367637941723, 0.010539367637941723, 0.010539367637941723, 1.0, 1.0, 1.0, 1.0]",4.0,2.0,2.0,2.0,2.0,23,-8.79482,8.0,12.0,hrl_dqn_apf,hierarchical,dqn,-11.425,6.925,16.735,0.00,0.00,0.00,-17.248,7.252,17.437,0.00,0.00,0.00,-24.748,6.526,-17.201,0.00,0.00,0.00,4.200,4.200,4.200
2026-02-04 11:15:39,50.21,5,352,357,1.40%,80.42,0.93%,"[0, 5, 10, 15, 20, 25, 30, 35, 40, 45, 50, 55, 60, 65, 70, 75, 80, 85, 90, 95, 100]","[13, 0, 0, 1, 0, 1, 1, 1, 0, 0, 0, 1, 0, 0, 1, 0, 1249, 345, 0, 0]","[0.008059516429014259, 0.008059516429014259, 0.008059516429014259, 0.008679479231246125, 0.008679479231246125, 0.009299442033477991, 0.009919404835709857, 0.010539367637941723, 0.010539367637941723, 0.010539367637941723, 0.010539367637941723, 0.011159330440173589, 0.011159330440173589, 0.011159330440173589, 0.011779293242405457, 0.011779293242405457, 0.7861128332300062, 1.0, 1.0, 1.0]",4.0,2.0,2.0,2.0,2.0,23,-8.79482,8.0,12.0,hrl_dqn_apf,hierarchical,dqn,-11.425,6.917,17.498,0.00,0.00,0.00,-17.248,7.249,18.201,0.00,0.00,0.00,-24.748,6.518,-17.965,0.00,0.00,0.00,4.200,4.200,4.200
2026-02-04 11:15:40,51.22,5,352,357,1.40%,80.51,0.99%,"[0, 5, 10, 15, 20, 25, 30, 35, 40, 45, 50, 55, 60, 65, 70, 75, 80, 85, 90, 95, 100]","[13, 2, 0, 0, 0, 1, 1, 1, 0, 1, 1, 0, 0, 0, 1, 0, 1247, 345, 0, 0]","[0.008059516429014259, 0.009299442033477991, 0.009299442033477991, 0.009299442033477991, 0.009299442033477991, 0.009919404835709857, 0.010539367637941723, 0.011159330440173589, 0.011159330440173589, 0.011779293242405457, 0.012399256044637322, 0.012399256044637322, 0.012399256044637322, 0.012399256044637322, 0.013019218846869188, 0.013019218846869188, 0.7861128332300062, 1.0, 1.0, 1.0]",4.0,2.0,2.0,2.0,2.0,23,-8.79482,8.0,12.0,hrl_dqn_apf,hierarchical,dqn,-11.425,6.912,18.259,0.00,0.00,0.00,-17.248,7.246,18.961,0.00,0.00,0.00,-24.748,6.513,-18.725,0.00,0.00,0.00,4.200,4.200,4.200
2026-02-04 11:15:41,52.22,5,356,361,1.39%,80.56,1.18%,"[0, 5, 10, 15, 20, 25, 30, 35, 40, 45, 50, 55, 60, 65, 70, 75, 80, 85, 90, 95, 100]","[13, 4, 0, 0, 1, 1, 2, 1, 0, 0, 0, 0, 0, 1, 1, 0, 1244, 345, 0, 0]","[0.008059516429014259, 0.010539367637941723, 0.010539367637941723, 0.010539367637941723, 0.011159330440173589, 0.011779293242405457, 0.013019218846869188, 0.013639181649101054, 0.013639181649101054, 0.013639181649101054, 0.013639181649101054, 0.013639181649101054, 0.013639181649101054, 0.01425914445133292, 0.014879107253564786, 0.014879107253564786, 0.7861128332300062, 1.0, 1.0, 1.0]",4.0,2.0,2.0,2.0,2.0,23,-8.79482,8.0,12.0,hrl_dqn_apf,hierarchical,dqn,-11.425,6.908,19.022,0.00,0.00,0.00,-17.248,7.243,19.724,0.00,0.00,0.00,-24.748,6.509,-19.488,0.00,0.00,0.00,4.200,4.200,4.200
2026-02-04 11:15:42,53.22,4,359,363,1.10%,80.74,1.36%,"[0, 5, 10, 15, 20, 25, 30, 35, 40, 45, 50, 55, 60, 65, 70, 75, 80, 85, 90, 95, 100]","[17, 4, 0, 0, 0, 1, 2, 0, 1, 0, 0, 0, 2, 0, 1, 0, 1239, 346, 0, 0]","[0.010539367637941723, 0.013019218846869188, 0.013019218846869188, 0.013019218846869188, 0.013019218846869188, 0.013639181649101054, 0.014879107253564786, 0.014879107253564786, 0.015499070055796652, 0.015499070055796652, 0.015499070055796652, 0.015499070055796652, 0.016738995660260384, 0.016738995660260384, 0.01735895846249225, 0.01735895846249225, 0.7854928704277744, 1.0, 1.0, 1.0]",4.0,2.0,2.0,2.0,2.0,23,-8.79482,8.0,12.0,hrl_dqn_apf,hierarchical,dqn,-11.426,6.901,20.546,0.00,0.00,0.00,-17.248,7.236,21.248,0.00,0.00,0.00,-24.748,6.502,-21.012,0.00,0.00,0.00,4.200,4.200,4.200
2026-02-04 11:15:43,54.22,0,354,354,0.00%,80.00,0.00%,"[0, 5, 10, 15, 20, 25, 30, 35, 40, 45, 50, 55, 60, 65, 70, 75, 80, 85, 90, 95, 100]","[0, 0, 0, 0, 0, 0, 0, 0, 0, 0, 0, 0, 0, 0, 0, 0, 1613, 0, 0, 0]","[0.0, 0.0, 0.0, 0.0, 0.0, 0.0, 0.0, 0.0, 0.0, 0.0, 0.0, 0.0, 0.0, 0.0, 0.0, 0.0, 1.0, 1.0, 1.0, 1.0]",4.0,2.0,2.0,2.0,2.0,23,-8.79482,8.0,12.0,hrl_dqn_apf,hierarchical,dqn,-11.426,6.898,21.304,0.00,0.00,0.00,-17.248,7.233,22.006,0.00,0.00,0.00,-24.748,6.499,-21.770,0.00,0.00,0.00,4.200,4.200,4.200
2026-02-04 11:15:44,55.23,0,354,354,0.00%,80.00,0.00%,"[0, 5, 10, 15, 20, 25, 30, 35, 40, 45, 50, 55, 60, 65, 70, 75, 80, 85, 90, 95, 100]","[0, 0, 0, 0, 0, 0, 0, 0, 0, 0, 0, 0, 0, 0, 0, 0, 1613, 0, 0, 0]","[0.0, 0.0, 0.0, 0.0, 0.0, 0.0, 0.0, 0.0, 0.0, 0.0, 0.0, 0.0, 0.0, 0.0, 0.0, 0.0, 1.0, 1.0, 1.0, 1.0]",4.0,2.0,2.0,2.0,2.0,23,-8.79482,8.0,12.0,hrl_dqn_apf,hierarchical,dqn,-11.426,6.895,22.064,0.00,0.00,0.00,-17.248,7.230,22.767,0.00,0.00,0.00,-24.748,6.496,-22.531,0.00,0.00,0.00,4.200,4.200,4.200
2026-02-04 11:15:45,56.23,0,354,354,0.00%,80.00,0.00%,"[0, 5, 10, 15, 20, 25, 30, 35, 40, 45, 50, 55, 60, 65, 70, 75, 80, 85, 90, 95, 100]","[0, 0, 0, 0, 0, 0, 0, 0, 0, 0, 0, 0, 0, 0, 0, 0, 1613, 0, 0, 0]","[0.0, 0.0, 0.0, 0.0, 0.0, 0.0, 0.0, 0.0, 0.0, 0.0, 0.0, 0.0, 0.0, 0.0, 0.0, 0.0, 1.0, 1.0, 1.0, 1.0]",4.0,2.0,2.0,2.0,2.0,23,-8.79482,8.0,12.0,hrl_dqn_apf,hierarchical,dqn,-11.427,6.892,22.828,0.00,0.00,0.00,-17.248,7.227,23.530,0.00,0.00,0.00,-24.748,6.493,-23.294,0.00,0.00,0.00,4.200,4.200,4.200
2026-02-04 11:15:46,57.23,0,352,352,0.00%,80.01,0.19%,"[0, 5, 10, 15, 20, 25, 30, 35, 40, 45, 50, 55, 60, 65, 70, 75, 80, 85, 90, 95, 100]","[1, 1, 1, 0, 0, 0, 0, 0, 0, 0, 1, 1, 0, 0, 0, 0, 1608, 0, 0, 0]","[0.0006199628022318661, 0.0012399256044637321, 0.0018598884066955983, 0.0018598884066955983, 0.0018598884066955983, 0.0018598884066955983, 0.0018598884066955983, 0.0018598884066955983, 0.0018598884066955983, 0.0018598884066955983, 0.0024798512089274642, 0.0030998140111593306, 0.0030998140111593306, 0.0030998140111593306, 0.0030998140111593306, 0.0030998140111593306, 1.0, 1.0, 1.0, 1.0]",4.0,2.0,2.0,2.0,2.0,23,-8.79482,8.0,12.0,hrl_dqn_apf,hierarchical,dqn,-11.427,6.886,24.349,0.00,0.00,0.00,-17.248,7.221,25.051,0.00,0.00,0.00,-24.748,6.487,-24.815,0.00,0.00,0.00,4.200,4.200,4.200
2026-02-04 11:15:47,58.23,0,352,352,0.00%,80.10,0.31%,"[0, 5, 10, 15, 20, 25, 30, 35, 40, 45, 50, 55, 60, 65, 70, 75, 80, 85, 90, 95, 100]","[3, 1, 1, 0, 0, 0, 0, 0, 0, 0, 0, 1, 0, 0, 0, 0, 1607, 0, 0, 0]","[0.0018598884066955983, 0.0024798512089274642, 0.0030998140111593306, 0.0030998140111593306, 0.0030998140111593306, 0.0030998140111593306, 0.0030998140111593306, 0.0030998140111593306, 0.0030998140111593306, 0.0030998140111593306, 0.0030998140111593306, 0.0037197768133911966, 0.0037197768133911966, 0.0037197768133911966, 0.0037197768133911966, 0.0037197768133911966, 1.0, 1.0, 1.0, 1.0]",4.0,2.0,2.0,2.0,2.0,23,-8.79482,8.0,12.0,hrl_dqn_apf,hierarchical,dqn,-11.427,6.883,25.109,0.00,0.00,0.00,-17.248,7.218,25.811,0.00,0.00,0.00,-24.748,6.484,-25.576,0.00,0.00,0.00,4.200,4.200,4.200
2026-02-04 11:15:48,59.24,0,353,353,0.00%,80.27,0.31%,"[0, 5, 10, 15, 20, 25, 30, 35, 40, 45, 50, 55, 60, 65, 70, 75, 80, 85, 90, 95, 100]","[4, 1, 0, 0, 0, 0, 0, 0, 0, 0, 0, 1, 0, 0, 0, 0, 1607, 0, 0, 0]","[0.0024798512089274642, 0.0030998140111593306, 0.0030998140111593306, 0.0030998140111593306, 0.0030998140111593306, 0.0030998140111593306, 0.0030998140111593306, 0.0030998140111593306, 0.0030998140111593306, 0.0030998140111593306, 0.0030998140111593306, 0.0037197768133911966, 0.0037197768133911966, 0.0037197768133911966, 0.0037197768133911966, 0.0037197768133911966, 1.0, 1.0, 1.0, 1.0]",4.0,2.0,2.0,2.0,2.0,23,-8.79482,8.0,12.0,hrl_dqn_apf,hierarchical,dqn,-11.428,6.828,25.869,0.00,0.00,0.00,-17.248,7.164,26.571,0.00,0.00,0.00,-24.748,6.428,-26.335,0.00,0.00,0.00,4.200,4.200,4.200
2026-02-04 11:15:49,60.25,0,353,353,0.00%,80.44,0.31%,"[0, 5, 10, 15, 20, 25, 30, 35, 40, 45, 50, 55, 60, 65, 70, 75, 80, 85, 90, 95, 100]","[4, 1, 0, 0, 0, 0, 0, 0, 0, 0, 0, 1, 0, 0, 0, 0, 1607, 0, 0, 0]","[0.0024798512089274642, 0.0030998140111593306, 0.0030998140111593306, 0.0030998140111593306, 0.0030998140111593306, 0.0030998140111593306, 0.0030998140111593306, 0.0030998140111593306, 0.0030998140111593306, 0.0030998140111593306, 0.0030998140111593306, 0.0037197768133911966, 0.0037197768133911966, 0.0037197768133911966, 0.0037197768133911966, 0.0037197768133911966, 1.0, 1.0, 1.0, 1.0]",4.0,2.0,2.0,2.0,2.0,23,-8.79482,8.0,12.0,hrl_dqn_apf,hierarchical,dqn,-11.428,6.785,26.649,0.00,0.00,0.00,-17.248,7.120,27.351,0.00,0.00,0.00,-24.748,6.386,-27.115,0.00,0.00,0.00,4.200,4.200,4.200
2026-02-04 11:15:50,61.25,0,355,355,0.00%,80.79,0.31%,"[0, 5, 10, 15, 20, 25, 30, 35, 40, 45, 50, 55, 60, 65, 70, 75, 80, 85, 90, 95, 100]","[4, 1, 0, 0, 0, 0, 0, 0, 0, 0, 0, 1, 0, 0, 0, 0, 1607, 0, 0, 0]","[0.0024798512089274642, 0.0030998140111593306, 0.0030998140111593306, 0.0030998140111593306, 0.0030998140111593306, 0.0030998140111593306, 0.0030998140111593306, 0.0030998140111593306, 0.0030998140111593306, 0.0030998140111593306, 0.0030998140111593306, 0.0037197768133911966, 0.0037197768133911966, 0.0037197768133911966, 0.0037197768133911966, 0.0037197768133911966, 1.0, 1.0, 1.0, 1.0]",4.0,2.0,2.0,2.0,2.0,23,-8.79482,8.0,12.0,hrl_dqn_apf,hierarchical,dqn,-11.428,6.757,28.173,0.00,0.00,0.00,-17.248,7.092,28.875,0.00,0.00,0.00,-24.748,6.357,-28.639,0.00,0.00,0.00,4.200,4.200,4.200
2026-02-04 11:15:51,62.26,0,357,357,0.00%,80.97,0.31%,"[0, 5, 10, 15, 20, 25, 30, 35, 40, 45, 50, 55, 60, 65, 70, 75, 80, 85, 90, 95, 100]","[4, 1, 0, 0, 0, 0, 0, 0, 0, 0, 0, 1, 0, 0, 0, 0, 1255, 352, 0, 0]","[0.0024798512089274642, 0.0030998140111593306, 0.0030998140111593306, 0.0030998140111593306, 0.0030998140111593306, 0.0030998140111593306, 0.0030998140111593306, 0.0030998140111593306, 0.0030998140111593306, 0.0030998140111593306, 0.0030998140111593306, 0.0037197768133911966, 0.0037197768133911966, 0.0037197768133911966, 0.0037197768133911966, 0.0037197768133911966, 0.7817730936143832, 1.0, 1.0, 1.0]",4.0,2.0,2.0,2.0,2.0,23,-8.79482,8.0,12.0,hrl_dqn_apf,hierarchical,dqn,-11.429,6.751,28.933,0.00,0.00,0.00,-17.248,7.086,29.635,0.00,0.00,0.00,-24.748,6.352,-29.399,0.00,0.00,0.00,4.200,4.200,4.200
2026-02-04 11:15:52,63.26,0,357,357,0.00%,81.15,0.31%,"[0, 5, 10, 15, 20, 25, 30, 35, 40, 45, 50, 55, 60, 65, 70, 75, 80, 85, 90, 95, 100]","[4, 1, 0, 0, 0, 0, 0, 0, 0, 0, 0, 1, 0, 0, 0, 0, 1255, 352, 0, 0]","[0.0024798512089274642, 0.0030998140111593306, 0.0030998140111593306, 0.0030998140111593306, 0.0030998140111593306, 0.0030998140111593306, 0.0030998140111593306, 0.0030998140111593306, 0.0030998140111593306, 0.0030998140111593306, 0.0030998140111593306, 0.0037197768133911966, 0.0037197768133911966, 0.0037197768133911966, 0.0037197768133911966, 0.0037197768133911966, 0.7817730936143832, 1.0, 1.0, 1.0]",4.0,2.0,2.0,2.0,2.0,23,-8.79482,8.0,12.0,hrl_dqn_apf,hierarchical,dqn,-11.429,6.747,29.691,0.00,0.00,0.00,-17.248,7.082,30.393,0.00,0.00,0.00,-24.748,6.347,-30.157,0.00,0.00,0.00,4.200,4.200,4.200
2026-02-04 11:15:53,64.28,0,361,361,0.00%,81.33,0.31%,"[0, 5, 10, 15, 20, 25, 30, 35, 40, 45, 50, 55, 60, 65, 70, 75, 80, 85, 90, 95, 100]","[4, 1, 0, 0, 0, 0, 0, 0, 0, 0, 0, 1, 0, 0, 0, 0, 1255, 352, 0, 0]","[0.0024798512089274642, 0.0030998140111593306, 0.0030998140111593306, 0.0030998140111593306, 0.0030998140111593306, 0.0030998140111593306, 0.0030998140111593306, 0.0030998140111593306, 0.0030998140111593306, 0.0030998140111593306, 0.0030998140111593306, 0.0037197768133911966, 0.0037197768133911966, 0.0037197768133911966, 0.0037197768133911966, 0.0037197768133911966, 0.7817730936143832, 1.0, 1.0, 1.0]",4.0,2.0,2.0,2.0,2.0,23,-8.79482,8.0,12.0,hrl_dqn_apf,hierarchical,dqn,-11.429,6.743,30.454,0.00,0.00,0.00,-17.248,7.078,31.156,0.00,0.00,0.00,-24.748,6.344,-30.920,0.00,0.00,0.00,4.200,4.200,4.200
2026-02-04 11:15:54,65.28,0,354,354,0.00%,80.00,0.00%,"[0, 5, 10, 15, 20, 25, 30, 35, 40, 45, 50, 55, 60, 65, 70, 75, 80, 85, 90, 95, 100]","[0, 0, 0, 0, 0, 0, 0, 0, 0, 0, 0, 0, 0, 0, 0, 0, 1613, 0, 0, 0]","[0.0, 0.0, 0.0, 0.0, 0.0, 0.0, 0.0, 0.0, 0.0, 0.0, 0.0, 0.0, 0.0, 0.0, 0.0, 0.0, 1.0, 1.0, 1.0, 1.0]",4.0,2.0,2.0,2.0,2.0,23,-8.79482,8.0,12.0,hrl_dqn_apf,hierarchical,dqn,-11.430,6.737,31.975,0.00,0.00,0.00,-17.248,7.072,32.677,0.00,0.00,0.00,-24.748,6.338,-32.441,0.00,0.00,0.00,4.200,4.200,4.200
2026-02-04 11:15:55,66.29,0,354,354,0.00%,80.00,0.00%,"[0, 5, 10, 15, 20, 25, 30, 35, 40, 45, 50, 55, 60, 65, 70, 75, 80, 85, 90, 95, 100]","[0, 0, 0, 0, 0, 0, 0, 0, 0, 0, 0, 0, 0, 0, 0, 0, 1613, 0, 0, 0]","[0.0, 0.0, 0.0, 0.0, 0.0, 0.0, 0.0, 0.0, 0.0, 0.0, 0.0, 0.0, 0.0, 0.0, 0.0, 0.0, 1.0, 1.0, 1.0, 1.0]",4.0,2.0,2.0,2.0,2.0,23,-8.79482,8.0,12.0,hrl_dqn_apf,hierarchical,dqn,-11.430,6.734,32.735,0.00,0.00,0.00,-17.248,7.069,33.437,0.00,0.00,0.00,-24.748,6.335,-33.201,0.00,0.00,0.00,4.200,4.200,4.200
2026-02-04 11:15:56,67.29,0,354,354,0.00%,80.00,0.00%,"[0, 5, 10, 15, 20, 25, 30, 35, 40, 45, 50, 55, 60, 65, 70, 75, 80, 85, 90, 95, 100]","[0, 0, 0, 0, 0, 0, 0, 0, 0, 0, 0, 0, 0, 0, 0, 0, 1613, 0, 0, 0]","[0.0, 0.0, 0.0, 0.0, 0.0, 0.0, 0.0, 0.0, 0.0, 0.0, 0.0, 0.0, 0.0, 0.0, 0.0, 0.0, 1.0, 1.0, 1.0, 1.0]",4.0,2.0,2.0,2.0,2.0,23,-8.79482,8.0,12.0,hrl_dqn_apf,hierarchical,dqn,-11.430,6.731,33.495,0.00,0.00,0.00,-17.248,7.066,34.197,0.00,0.00,0.00,-24.748,6.332,-33.961,0.00,0.00,0.00,4.200,4.200,4.200
2026-02-04 11:15:57,68.30,0,354,354,0.00%,80.00,0.00%,"[0, 5, 10, 15, 20, 25, 30, 35, 40, 45, 50, 55, 60, 65, 70, 75, 80, 85, 90, 95, 100]","[0, 0, 0, 0, 0, 0, 0, 0, 0, 0, 0, 0, 0, 0, 0, 0, 1613, 0, 0, 0]","[0.0, 0.0, 0.0, 0.0, 0.0, 0.0, 0.0, 0.0, 0.0, 0.0, 0.0, 0.0, 0.0, 0.0, 0.0, 0.0, 1.0, 1.0, 1.0, 1.0]",4.0,2.0,2.0,2.0,2.0,23,-8.79482,8.0,12.0,hrl_dqn_apf,hierarchical,dqn,-11.430,6.728,34.255,0.00,0.00,0.00,-17.248,7.063,34.957,0.00,0.00,0.00,-24.748,6.328,-34.721,0.00,0.00,0.00,4.200,4.200,4.200
2026-02-04 11:15:58,69.31,0,352,352,0.00%,80.35,0.00%,"[0, 5, 10, 15, 20, 25, 30, 35, 40, 45, 50, 55, 60, 65, 70, 75, 80, 85, 90, 95, 100]","[0, 0, 0, 0, 0, 0, 0, 0, 0, 0, 0, 0, 0, 0, 0, 0, 1613, 0, 0, 0]","[0.0, 0.0, 0.0, 0.0, 0.0, 0.0, 0.0, 0.0, 0.0, 0.0, 0.0, 0.0, 0.0, 0.0, 0.0, 0.0, 1.0, 1.0, 1.0, 1.0]",4.0,2.0,2.0,2.0,2.0,23,-8.79482,8.0,12.0,hrl_dqn_apf,hierarchical,dqn,-11.431,6.722,35.778,0.00,0.00,0.00,-17.248,7.057,36.480,0.00,0.00,0.00,-24.748,6.322,-36.244,0.00,0.00,0.00,4.200,4.200,4.200
2026-02-04 11:15:59,70.31,0,353,353,0.00%,80.52,0.00%,"[0, 5, 10, 15, 20, 25, 30, 35, 40, 45, 50, 55, 60, 65, 70, 75, 80, 85, 90, 95, 100]","[0, 0, 0, 0, 0, 0, 0, 0, 0, 0, 0, 0, 0, 0, 0, 0, 1613, 0, 0, 0]","[0.0, 0.0, 0.0, 0.0, 0.0, 0.0, 0.0, 0.0, 0.0, 0.0, 0.0, 0.0, 0.0, 0.0, 0.0, 0.0, 1.0, 1.0, 1.0, 1.0]",4.0,2.0,2.0,2.0,2.0,23,-8.79482,8.0,12.0,hrl_dqn_apf,hierarchical,dqn,-11.431,6.692,36.541,0.00,0.00,0.00,-17.248,7.028,37.243,0.00,0.00,0.00,-24.748,6.319,-37.007,0.00,0.00,0.00,4.200,4.200,4.200
2026-02-04 11:16:00,71.31,0,353,353,0.00%,80.70,0.00%,"[0, 5, 10, 15, 20, 25, 30, 35, 40, 45, 50, 55, 60, 65, 70, 75, 80, 85, 90, 95, 100]","[0, 0, 0, 0, 0, 0, 0, 0, 0, 0, 0, 0, 0, 0, 0, 0, 1613, 0, 0, 0]","[0.0, 0.0, 0.0, 0.0, 0.0, 0.0, 0.0, 0.0, 0.0, 0.0, 0.0, 0.0, 0.0, 0.0, 0.0, 0.0, 1.0, 1.0, 1.0, 1.0]",4.0,2.0,2.0,2.0,2.0,23,-8.79482,8.0,12.0,hrl_dqn_apf,hierarchical,dqn,-11.431,6.635,37.301,0.00,0.00,0.00,-17.248,6.971,38.003,0.00,0.00,0.00,-24.748,6.316,-37.767,0.00,0.00,0.00,4.200,4.200,4.200
2026-02-04 11:16:01,72.31,0,353,353,0.00%,80.87,0.00%,"[0, 5, 10, 15, 20, 25, 30, 35, 40, 45, 50, 55, 60, 65, 70, 75, 80, 85, 90, 95, 100]","[0, 0, 0, 0, 0, 0, 0, 0, 0, 0, 0, 0, 0, 0, 0, 0, 1613, 0, 0, 0]","[0.0, 0.0, 0.0, 0.0, 0.0, 0.0, 0.0, 0.0, 0.0, 0.0, 0.0, 0.0, 0.0, 0.0, 0.0, 0.0, 1.0, 1.0, 1.0, 1.0]",4.0,2.0,2.0,2.0,2.0,23,-8.79482,8.0,12.0,hrl_dqn_apf,hierarchical,dqn,-11.432,6.609,38.078,0.00,0.00,0.00,-17.248,6.945,38.780,0.00,0.00,0.00,-24.748,6.313,-38.544,0.00,0.00,0.00,4.200,4.200,4.200
2026-02-04 11:16:02,73.32,0,357,357,0.00%,81.23,0.00%,"[0, 5, 10, 15, 20, 25, 30, 35, 40, 45, 50, 55, 60, 65, 70, 75, 80, 85, 90, 95, 100]","[0, 0, 0, 0, 0, 0, 0, 0, 0, 0, 0, 0, 0, 0, 0, 0, 1261, 352, 0, 0]","[0.0, 0.0, 0.0, 0.0, 0.0, 0.0, 0.0, 0.0, 0.0, 0.0, 0.0, 0.0, 0.0, 0.0, 0.0, 0.0, 0.7817730936143832, 1.0, 1.0, 1.0]",4.0,2.0,2.0,2.0,2.0,23,-8.79482,8.0,12.0,hrl_dqn_apf,hierarchical,dqn,-11.432,6.590,39.601,0.00,0.00,0.00,-17.248,6.926,40.303,0.00,0.00,0.00,-24.748,6.307,-40.067,0.00,0.00,0.00,4.200,4.200,4.200
2026-02-04 11:16:03,74.32,0,357,357,0.00%,81.40,0.00%,"[0, 5, 10, 15, 20, 25, 30, 35, 40, 45, 50, 55, 60, 65, 70, 75, 80, 85, 90, 95, 100]","[0, 0, 0, 0, 0, 0, 0, 0, 0, 0, 0, 0, 0, 0, 0, 0, 1261, 352, 0, 0]","[0.0, 0.0, 0.0, 0.0, 0.0, 0.0, 0.0, 0.0, 0.0, 0.0, 0.0, 0.0, 0.0, 0.0, 0.0, 0.0, 0.7817730936143832, 1.0, 1.0, 1.0]",4.0,2.0,2.0,2.0,2.0,23,-8.79482,8.0,12.0,hrl_dqn_apf,hierarchical,dqn,-11.432,6.586,40.361,0.00,0.00,0.00,-17.248,6.921,41.063,0.00,0.00,0.00,-24.748,6.304,-40.827,0.00,0.00,0.00,4.200,4.200,4.200
2026-02-04 11:16:04,75.32,0,361,361,0.00%,81.58,0.00%,"[0, 5, 10, 15, 20, 25, 30, 35, 40, 45, 50, 55, 60, 65, 70, 75, 80, 85, 90, 95, 100]","[0, 0, 0, 0, 0, 0, 0, 0, 0, 0, 0, 0, 0, 0, 0, 0, 1261, 352, 0, 0]","[0.0, 0.0, 0.0, 0.0, 0.0, 0.0, 0.0, 0.0, 0.0, 0.0, 0.0, 0.0, 0.0, 0.0, 0.0, 0.0, 0.7817730936143832, 1.0, 1.0, 1.0]",4.0,2.0,2.0,2.0,2.0,23,-8.79482,8.0,12.0,hrl_dqn_apf,hierarchical,dqn,-11.433,6.582,41.124,0.00,0.00,0.00,-17.248,6.917,41.826,0.00,0.00,0.00,-24.748,6.301,-41.590,0.00,0.00,0.00,4.200,4.200,4.200
2026-02-04 11:16:05,76.33,0,365,365,0.00%,81.76,0.00%,"[0, 5, 10, 15, 20, 25, 30, 35, 40, 45, 50, 55, 60, 65, 70, 75, 80, 85, 90, 95, 100]","[0, 0, 0, 0, 0, 0, 0, 0, 0, 0, 0, 0, 0, 0, 0, 0, 1260, 353, 0, 0]","[0.0, 0.0, 0.0, 0.0, 0.0, 0.0, 0.0, 0.0, 0.0, 0.0, 0.0, 0.0, 0.0, 0.0, 0.0, 0.0, 0.7811531308121513, 1.0, 1.0, 1.0]",4.0,2.0,2.0,2.0,2.0,23,-8.79482,8.0,12.0,hrl_dqn_apf,hierarchical,dqn,-11.433,6.579,41.881,0.00,0.00,0.00,-17.248,6.914,42.583,0.00,0.00,0.00,-24.748,6.298,-42.347,0.00,0.00,0.00,4.200,4.200,4.200
2026-02-04 11:16:06,77.34,0,354,354,0.00%,80.00,0.00%,"[0, 5, 10, 15, 20, 25, 30, 35, 40, 45, 50, 55, 60, 65, 70, 75, 80, 85, 90, 95, 100]","[0, 0, 0, 0, 0, 0, 0, 0, 0, 0, 0, 0, 0, 0, 0, 0, 1613, 0, 0, 0]","[0.0, 0.0, 0.0, 0.0, 0.0, 0.0, 0.0, 0.0, 0.0, 0.0, 0.0, 0.0, 0.0, 0.0, 0.0, 0.0, 1.0, 1.0, 1.0, 1.0]",4.0,2.0,2.0,2.0,2.0,23,-8.79482,8.0,12.0,hrl_dqn_apf,hierarchical,dqn,-11.433,6.573,43.395,0.00,0.00,0.00,-17.248,6.908,44.097,0.00,0.00,0.00,-24.748,6.292,-43.861,0.00,0.00,0.00,4.200,4.200,4.200
2026-02-04 11:16:07,78.34,0,354,354,0.00%,80.00,0.00%,"[0, 5, 10, 15, 20, 25, 30, 35, 40, 45, 50, 55, 60, 65, 70, 75, 80, 85, 90, 95, 100]","[0, 0, 0, 0, 0, 0, 0, 0, 0, 0, 0, 0, 0, 0, 0, 0, 1613, 0, 0, 0]","[0.0, 0.0, 0.0, 0.0, 0.0, 0.0, 0.0, 0.0, 0.0, 0.0, 0.0, 0.0, 0.0, 0.0, 0.0, 0.0, 1.0, 1.0, 1.0, 1.0]",4.0,2.0,2.0,2.0,2.0,23,-8.79482,8.0,12.0,hrl_dqn_apf,hierarchical,dqn,-11.434,6.570,44.158,0.00,0.00,0.00,-17.248,6.905,44.860,0.00,0.00,0.00,-24.748,6.289,-44.624,0.00,0.00,0.00,4.200,4.200,4.200
2026-02-04 11:16:08,79.34,0,354,354,0.00%,80.00,0.00%,"[0, 5, 10, 15, 20, 25, 30, 35, 40, 45, 50, 55, 60, 65, 70, 75, 80, 85, 90, 95, 100]","[0, 0, 0, 0, 0, 0, 0, 0, 0, 0, 0, 0, 0, 0, 0, 0, 1613, 0, 0, 0]","[0.0, 0.0, 0.0, 0.0, 0.0, 0.0, 0.0, 0.0, 0.0, 0.0, 0.0, 0.0, 0.0, 0.0, 0.0, 0.0, 1.0, 1.0, 1.0, 1.0]",4.0,2.0,2.0,2.0,2.0,23,-8.79482,8.0,12.0,hrl_dqn_apf,hierarchical,dqn,-11.434,6.566,44.921,0.00,0.00,0.00,-17.248,6.902,45.623,0.00,0.00,0.00,-24.748,6.286,-45.387,0.00,0.00,0.00,4.200,4.200,4.200
2026-02-04 11:16:09,80.34,0,352,352,0.00%,80.17,0.00%,"[0, 5, 10, 15, 20, 25, 30, 35, 40, 45, 50, 55, 60, 65, 70, 75, 80, 85, 90, 95, 100]","[0, 0, 0, 0, 0, 0, 0, 0, 0, 0, 0, 0, 0, 0, 0, 0, 1613, 0, 0, 0]","[0.0, 0.0, 0.0, 0.0, 0.0, 0.0, 0.0, 0.0, 0.0, 0.0, 0.0, 0.0, 0.0, 0.0, 0.0, 0.0, 1.0, 1.0, 1.0, 1.0]",4.0,2.0,2.0,2.0,2.0,23,-8.79482,8.0,12.0,hrl_dqn_apf,hierarchical,dqn,-11.434,6.563,45.678,0.00,0.00,0.00,-17.248,6.899,46.380,0.00,0.00,0.00,-24.748,6.283,-46.144,0.00,0.00,0.00,4.168,4.168,4.197
2026-02-04 11:16:10,81.35,0,353,353,0.00%,80.52,0.00%,"[0, 5, 10, 15, 20, 25, 30, 35, 40, 45, 50, 55, 60, 65, 70, 75, 80, 85, 90, 95, 100]","[0, 0, 0, 0, 0, 0, 0, 0, 0, 0, 0, 0, 0, 0, 0, 0, 1613, 0, 0, 0]","[0.0, 0.0, 0.0, 0.0, 0.0, 0.0, 0.0, 0.0, 0.0, 0.0, 0.0, 0.0, 0.0, 0.0, 0.0, 0.0, 1.0, 1.0, 1.0, 1.0]",4.0,2.0,2.0,2.0,2.0,23,-8.79482,8.0,12.0,hrl_dqn_apf,hierarchical,dqn,-11.435,6.557,47.198,0.00,0.00,0.00,-17.248,6.893,47.900,0.00,0.00,0.00,-24.748,6.277,-47.664,0.00,0.00,0.00,4.165,4.165,4.194
2026-02-04 11:16:11,82.35,0,353,353,0.00%,80.70,0.00%,"[0, 5, 10, 15, 20, 25, 30, 35, 40, 45, 50, 55, 60, 65, 70, 75, 80, 85, 90, 95, 100]","[0, 0, 0, 0, 0, 0, 0, 0, 0, 0, 0, 0, 0, 0, 0, 0, 1613, 0, 0, 0]","[0.0, 0.0, 0.0, 0.0, 0.0, 0.0, 0.0, 0.0, 0.0, 0.0, 0.0, 0.0, 0.0, 0.0, 0.0, 0.0, 1.0, 1.0, 1.0, 1.0]",4.0,2.0,2.0,2.0,2.0,22,-17.92083,8.0,12.0,hrl_dqn_apf,hierarchical,dqn,-11.435,6.706,47.503,0.00,0.00,0.00,-17.248,7.041,48.205,0.00,0.00,0.00,-24.748,6.274,-48.427,0.00,0.00,0.00,4.162,4.162,4.191
2026-02-04 11:16:12,83.35,0,353,353,0.00%,80.87,0.00%,"[0, 5, 10, 15, 20, 25, 30, 35, 40, 45, 50, 55, 60, 65, 70, 75, 80, 85, 90, 95, 100]","[0, 0, 0, 0, 0, 0, 0, 0, 0, 0, 0, 0, 0, 0, 0, 0, 1613, 0, 0, 0]","[0.0, 0.0, 0.0, 0.0, 0.0, 0.0, 0.0, 0.0, 0.0, 0.0, 0.0, 0.0, 0.0, 0.0, 0.0, 0.0, 1.0, 1.0, 1.0, 1.0]",4.0,2.0,2.0,2.0,2.0,7,-17.76103,8.0,-6.0,hrl_dqn_apf,hierarchical,dqn,-11.435,6.739,47.093,0.00,0.00,0.00,-17.248,7.074,47.795,0.00,0.00,0.00,-24.748,6.271,-49.187,0.00,0.00,0.00,4.159,4.159,4.188
2026-02-04 11:16:13,84.35,0,355,355,0.00%,81.05,0.00%,"[0, 5, 10, 15, 20, 25, 30, 35, 40, 45, 50, 55, 60, 65, 70, 75, 80, 85, 90, 95, 100]","[0, 0, 0, 0, 0, 0, 0, 0, 0, 0, 0, 0, 0, 0, 0, 0, 1613, 0, 0, 0]","[0.0, 0.0, 0.0, 0.0, 0.0, 0.0, 0.0, 0.0, 0.0, 0.0, 0.0, 0.0, 0.0, 0.0, 0.0, 0.0, 1.0, 1.0, 1.0, 1.0]",4.0,2.0,2.0,2.0,2.0,7,-17.76103,8.0,-6.0,hrl_dqn_apf,hierarchical,dqn,-11.435,6.739,46.429,0.00,0.00,0.00,-17.248,7.074,47.132,0.00,0.00,0.00,-24.748,6.267,-49.950,0.00,0.00,0.00,4.156,4.156,4.185
2026-02-04 11:16:14,85.35,0,357,357,0.00%,81.40,0.00%,"[0, 5, 10, 15, 20, 25, 30, 35, 40, 45, 50, 55, 60, 65, 70, 75, 80, 85, 90, 95, 100]","[0, 0, 0, 0, 0, 0, 0, 0, 0, 0, 0, 0, 0, 0, 0, 0, 1261, 352, 0, 0]","[0.0, 0.0, 0.0, 0.0, 0.0, 0.0, 0.0, 0.0, 0.0, 0.0, 0.0, 0.0, 0.0, 0.0, 0.0, 0.0, 0.7817730936143832, 1.0, 1.0, 1.0]",4.0,2.0,2.0,2.0,2.0,22,-17.60086,8.0,12.0,hrl_dqn_apf,hierarchical,dqn,-11.435,6.732,44.940,0.00,0.00,0.00,-17.248,7.068,45.643,0.00,0.00,0.00,-24.748,6.432,-50.728,0.00,0.00,0.00,4.153,4.153,4.182
2026-02-04 11:16:15,86.36,0,361,361,0.00%,81.58,0.00%,"[0, 5, 10, 15, 20, 25, 30, 35, 40, 45, 50, 55, 60, 65, 70, 75, 80, 85, 90, 95, 100]","[0, 0, 0, 0, 0, 0, 0, 0, 0, 0, 0, 0, 0, 0, 0, 0, 1261, 352, 0, 0]","[0.0, 0.0, 0.0, 0.0, 0.0, 0.0, 0.0, 0.0, 0.0, 0.0, 0.0, 0.0, 0.0, 0.0, 0.0, 0.0, 0.7817730936143832, 1.0, 1.0, 1.0]",4.0,2.0,2.0,2.0,2.0,22,-17.60086,8.0,12.0,hrl_dqn_apf,hierarchical,dqn,-11.434,6.729,44.185,0.00,0.00,0.00,-17.248,7.065,44.887,0.00,0.00,0.00,-24.748,6.447,-50.216,0.00,0.00,0.00,4.150,4.150,4.179
2026-02-04 11:16:16,87.36,0,365,365,0.00%,81.76,0.00%,"[0, 5, 10, 15, 20, 25, 30, 35, 40, 45, 50, 55, 60, 65, 70, 75, 80, 85, 90, 95, 100]","[0, 0, 0, 0, 0, 0, 0, 0, 0, 0, 0, 0, 0, 0, 0, 0, 1260, 353, 0, 0]","[0.0, 0.0, 0.0, 0.0, 0.0, 0.0, 0.0, 0.0, 0.0, 0.0, 0.0, 0.0, 0.0, 0.0, 0.0, 0.0, 0.7811531308121513, 1.0, 1.0, 1.0]",4.0,2.0,2.0,2.0,2.0,15,-29.44049,8.0,6.0,hrl_dqn_apf,hierarchical,dqn,-11.434,6.726,43.405,0.00,0.00,0.00,-17.248,7.061,44.107,0.00,0.00,0.00,-24.748,6.446,-49.505,0.00,0.00,0.00,4.147,4.147,4.176
2026-02-04 11:16:17,88.37,0,363,363,0.00%,81.94,0.00%,"[0, 5, 10, 15, 20, 25, 30, 35, 40, 45, 50, 55, 60, 65, 70, 75, 80, 85, 90, 95, 100]","[0, 0, 0, 0, 0, 0, 0, 0, 0, 0, 0, 0, 0, 0, 0, 0, 1260, 353, 0, 0]","[0.0, 0.0, 0.0, 0.0, 0.0, 0.0, 0.0, 0.0, 0.0, 0.0, 0.0, 0.0, 0.0, 0.0, 0.0, 0.0, 0.7811531308121513, 1.0, 1.0, 1.0]",4.0,2.0,2.0,2.0,2.0,17,-17.28034,8.0,6.0,hrl_dqn_apf,hierarchical,dqn,-11.434,6.723,42.642,0.00,0.00,0.00,-17.248,7.058,43.344,0.00,0.00,0.00,-24.748,6.443,-48.761,0.00,0.00,0.00,4.144,4.144,4.173
2026-02-04 11:16:18,89.37,0,369,369,0.00%,82.31,0.00%,"[0, 5, 10, 15, 20, 25, 30, 35, 40, 45, 50, 55, 60, 65, 70, 75, 80, 85, 90, 95, 100]","[0, 0, 0, 0, 0, 0, 0, 0, 0, 0, 0, 0, 0, 0, 0, 0, 1256, 7, 350, 0]","[0.0, 0.0, 0.0, 0.0, 0.0, 0.0, 0.0, 0.0, 0.0, 0.0, 0.0, 0.0, 0.0, 0.0, 0.0, 0.0, 0.7786732796032239, 0.7830130192188469, 1.0, 1.0]",4.0,2.0,2.0,2.0,2.0,17,-17.28034,8.0,6.0,hrl_dqn_apf,hierarchical,dqn,-11.433,6.717,41.136,0.00,0.00,0.00,-17.248,7.052,41.839,0.00,0.00,0.00,-24.748,6.436,-47.260,0.00,0.00,0.00,4.141,4.141,4.170
2026-02-04 11:16:19,90.37,0,369,369,0.00%,82.49,0.00%,"[0, 5, 10, 15, 20, 25, 30, 35, 40, 45, 50, 55, 60, 65, 70, 75, 80, 85, 90, 95, 100]","[0, 0, 0, 0, 0, 0, 0, 0, 0, 0, 0, 0, 0, 0, 0, 0, 1256, 7, 350, 0]","[0.0, 0.0, 0.0, 0.0, 0.0, 0.0, 0.0, 0.0, 0.0, 0.0, 0.0, 0.0, 0.0, 0.0, 0.0, 0.0, 0.7786732796032239, 0.7830130192188469, 1.0, 1.0]",4.0,2.0,2.0,2.0,2.0,14,-5.1203,8.0,0.0,hrl_dqn_apf,hierarchical,dqn,-11.433,6.714,40.391,0.00,0.00,0.00,-17.248,7.049,41.093,0.00,0.00,0.00,-24.748,6.433,-46.515,0.00,0.00,0.00,4.138,4.138,4.167
2026-02-04 11:16:20,91.38,0,369,369,0.00%,82.68,0.00%,"[0, 5, 10, 15, 20, 25, 30, 35, 40, 45, 50, 55, 60, 65, 70, 75, 80, 85, 90, 95, 100]","[0, 0, 0, 0, 0, 0, 0, 0, 0, 0, 0, 0, 0, 0, 0, 0, 1252, 11, 350, 0]","[0.0, 0.0, 0.0, 0.0, 0.0, 0.0, 0.0, 0.0, 0.0, 0.0, 0.0, 0.0, 0.0, 0.0, 0.0, 0.0, 0.7761934283942964, 0.7830130192188469, 1.0, 1.0]",4.0,2.0,2.0,2.0,2.0,13,-10.958950000000002,8.0,0.0,hrl_dqn_apf,hierarchical,dqn,-11.433,6.711,39.633,0.00,0.00,0.00,-17.248,7.046,40.336,0.00,0.00,0.00,-24.748,6.430,-45.757,0.00,0.00,0.00,4.135,4.135,4.164
2026-02-04 11:16:21,92.38,0,369,369,0.00%,82.86,0.00%,"[0, 5, 10, 15, 20, 25, 30, 35, 40, 45, 50, 55, 60, 65, 70, 75, 80, 85, 90, 95, 100]","[0, 0, 0, 0, 0, 0, 0, 0, 0, 0, 0, 0, 0, 0, 0, 0, 1250, 12, 351, 0]","[0.0, 0.0, 0.0, 0.0, 0.0, 0.0, 0.0, 0.0, 0.0, 0.0, 0.0, 0.0, 0.0, 0.0, 0.0, 0.0, 0.7749535027898327, 0.782393056416615, 1.0, 1.0]",4.0,2.0,2.0,2.0,2.0,13,-10.958950000000002,8.0,0.0,hrl_dqn_apf,hierarchical,dqn,-11.433,6.708,38.876,0.00,0.00,0.00,-17.248,7.043,39.578,0.00,0.00,0.00,-24.748,6.427,-45.000,0.00,0.00,0.00,4.132,4.132,4.161
2026-02-04 11:16:22,93.39,0,373,373,0.00%,83.23,0.00%,"[0, 5, 10, 15, 20, 25, 30, 35, 40, 45, 50, 55, 60, 65, 70, 75, 80, 85, 90, 95, 100]","[0, 0, 0, 0, 0, 0, 0, 0, 0, 0, 0, 0, 0, 0, 0, 0, 1246, 14, 353, 0]","[0.0, 0.0, 0.0, 0.0, 0.0, 0.0, 0.0, 0.0, 0.0, 0.0, 0.0, 0.0, 0.0, 0.0, 0.0, 0.0, 0.7724736515809052, 0.7811531308121513, 1.0, 1.0]",4.0,2.0,2.0,2.0,2.0,4,-4.798719999999999,8.0,-12.0,hrl_dqn_apf,hierarchical,dqn,-11.432,6.702,37.353,0.00,0.00,0.00,-17.248,7.037,38.056,0.00,0.00,0.00,-24.748,6.421,-43.477,0.00,0.00,0.00,4.129,4.129,4.158
2026-02-04 11:16:23,94.40,0,373,373,0.00%,83.41,0.00%,"[0, 5, 10, 15, 20, 25, 30, 35, 40, 45, 50, 55, 60, 65, 70, 75, 80, 85, 90, 95, 100]","[0, 0, 0, 0, 0, 0, 0, 0, 0, 0, 0, 0, 0, 0, 0, 0, 1242, 16, 7, 348]","[0.0, 0.0, 0.0, 0.0, 0.0, 0.0, 0.0, 0.0, 0.0, 0.0, 0.0, 0.0, 0.0, 0.0, 0.0, 0.0, 0.7699938003719777, 0.7799132052076876, 0.7842529448233106, 1.0]",4.0,2.0,2.0,2.0,2.0,6,-22.63836,8.0,-6.0,hrl_dqn_apf,hierarchical,dqn,-11.432,6.699,36.573,0.00,0.00,0.00,-17.248,7.034,37.276,0.00,0.00,0.00,-24.748,6.418,-42.697,0.00,0.00,0.00,4.126,4.126,4.155
2026-02-04 11:16:24,95.40,0,373,373,0.00%,83.60,0.00%,"[0, 5, 10, 15, 20, 25, 30, 35, 40, 45, 50, 55, 60, 65, 70, 75, 80, 85, 90, 95, 100]","[0, 0, 0, 0, 0, 0, 0, 0, 0, 0, 0, 0, 0, 0, 0, 0, 1242, 16, 7, 348]","[0.0, 0.0, 0.0, 0.0, 0.0, 0.0, 0.0, 0.0, 0.0, 0.0, 0.0, 0.0, 0.0, 0.0, 0.0, 0.0, 0.7699938003719777, 0.7799132052076876, 0.7842529448233106, 1.0]",4.0,2.0,2.0,2.0,2.0,6,-22.63836,8.0,-6.0,hrl_dqn_apf,hierarchical,dqn,-11.432,6.696,35.813,0.00,0.00,0.00,-17.248,7.031,36.516,0.00,0.00,0.00,-24.748,6.415,-41.937,0.00,0.00,0.00,4.123,4.123,4.152
2026-02-04 11:16:25,96.41,0,374,374,0.00%,83.79,0.00%,"[0, 5, 10, 15, 20, 25, 30, 35, 40, 45, 50, 55, 60, 65, 70, 75, 80, 85, 90, 95, 100]","[0, 0, 0, 0, 0, 0, 0, 0, 0, 0, 0, 0, 0, 0, 0, 0, 1242, 16, 7, 348]","[0.0, 0.0, 0.0, 0.0, 0.0, 0.0, 0.0, 0.0, 0.0, 0.0, 0.0, 0.0, 0.0, 0.0, 0.0, 0.0, 0.7699938003719777, 0.7799132052076876, 0.7842529448233106, 1.0]",4.0,2.0,2.0,2.0,2.0,3,-10.47787,8.0,-12.0,hrl_dqn_apf,hierarchical,dqn,-11.431,6.693,35.053,0.00,0.00,0.00,-17.248,7.028,35.756,0.00,0.00,0.00,-24.748,6.412,-41.177,0.00,0.00,0.00,4.120,4.120,4.148
2026-02-04 11:16:26,97.42,0,376,376,0.00%,84.16,0.00%,"[0, 5, 10, 15, 20, 25, 30, 35, 40, 45, 50, 55, 60, 65, 70, 75, 80, 85, 90, 95, 100]","[0, 0, 0, 0, 0, 0, 0, 0, 0, 0, 0, 0, 0, 0, 0, 0, 1240, 10, 14, 349]","[0.0, 0.0, 0.0, 0.0, 0.0, 0.0, 0.0, 0.0, 0.0, 0.0, 0.0, 0.0, 0.0, 0.0, 0.0, 0.0, 0.768753874767514, 0.7749535027898327, 0.7836329820210788, 1.0]",4.0,2.0,2.0,2.0,2.0,12,-16.39803,8.0,0.0,hrl_dqn_apf,hierarchical,dqn,-11.431,6.687,33.530,0.00,0.00,0.00,-17.248,7.022,34.233,0.00,0.00,0.00,-24.748,6.406,-39.654,0.00,0.00,0.00,4.117,4.117,4.146
2026-02-04 11:16:27,98.43,0,378,378,0.00%,84.34,0.00%,"[0, 5, 10, 15, 20, 25, 30, 35, 40, 45, 50, 55, 60, 65, 70, 75, 80, 85, 90, 95, 100]","[0, 0, 0, 0, 0, 0, 0, 0, 0, 0, 0, 0, 0, 0, 0, 0, 1236, 14, 12, 351]","[0.0, 0.0, 0.0, 0.0, 0.0, 0.0, 0.0, 0.0, 0.0, 0.0, 0.0, 0.0, 0.0, 0.0, 0.0, 0.0, 0.7662740235585865, 0.7749535027898327, 0.782393056416615, 1.0]",4.0,2.0,2.0,2.0,2.0,12,-16.39803,8.0,0.0,hrl_dqn_apf,hierarchical,dqn,-11.431,6.684,32.788,0.00,0.00,0.00,-17.248,7.019,33.490,0.00,0.00,0.00,-24.748,6.403,-38.912,0.00,0.00,0.00,4.114,4.114,4.142
2026-02-04 11:16:28,99.44,0,378,378,0.00%,84.53,0.00%,"[0, 5, 10, 15, 20, 25, 30, 35, 40, 45, 50, 55, 60, 65, 70, 75, 80, 85, 90, 95, 100]","[0, 0, 0, 0, 0, 0, 0, 0, 0, 0, 0, 0, 0, 0, 0, 0, 1236, 10, 14, 353]","[0.0, 0.0, 0.0, 0.0, 0.0, 0.0, 0.0, 0.0, 0.0, 0.0, 0.0, 0.0, 0.0, 0.0, 0.0, 0.0, 0.7662740235585865, 0.7724736515809052, 0.7811531308121513, 1.0]",4.0,2.0,2.0,2.0,2.0,18,-10.237639999999999,8.0,6.0,hrl_dqn_apf,hierarchical,dqn,-11.430,6.681,32.039,0.00,0.00,0.00,-17.248,7.016,32.741,0.00,0.00,0.00,-24.748,6.400,-38.163,0.00,0.00,0.00,4.111,4.111,4.140
2026-02-04 11:16:29,100.44,0,380,380,0.00%,84.72,0.00%,"[0, 5, 10, 15, 20, 25, 30, 35, 40, 45, 50, 55, 60, 65, 70, 75, 80, 85, 90, 95, 100]","[0, 0, 0, 0, 0, 0, 0, 0, 0, 0, 0, 0, 0, 0, 0, 0, 1236, 8, 16, 353]","[0.0, 0.0, 0.0, 0.0, 0.0, 0.0, 0.0, 0.0, 0.0, 0.0, 0.0, 0.0, 0.0, 0.0, 0.0, 0.0, 0.7662740235585865, 0.7712337259764415, 0.7811531308121513, 1.0]",4.0,2.0,2.0,2.0,2.0,18,-10.077200000000001,8.0,6.0,hrl_dqn_apf,hierarchical,dqn,-11.430,6.678,31.276,0.00,0.00,0.00,-17.248,7.013,31.978,0.00,0.00,0.00,-24.748,6.397,-37.400,0.00,0.00,0.00,4.108,4.108,4.136
2026-02-04 11:16:30,101.45,0,384,384,0.00%,85.10,0.00%,"[0, 5, 10, 15, 20, 25, 30, 35, 40, 45, 50, 55, 60, 65, 70, 75, 80, 85, 90, 95, 100]","[0, 0, 0, 0, 0, 0, 0, 0, 0, 0, 0, 0, 0, 0, 0, 0, 1235, 9, 10, 359]","[0.0, 0.0, 0.0, 0.0, 0.0, 0.0, 0.0, 0.0, 0.0, 0.0, 0.0, 0.0, 0.0, 0.0, 0.0, 0.0, 0.7656540607563547, 0.7712337259764415, 0.7774333539987601, 1.0]",4.0,2.0,2.0,2.0,2.0,18,-10.077200000000001,8.0,6.0,hrl_dqn_apf,hierarchical,dqn,-11.430,6.672,29.755,0.00,0.00,0.00,-17.248,7.007,30.457,0.00,0.00,0.00,-24.748,6.391,-35.880,0.00,0.00,0.00,4.105,4.105,4.133
2026-02-04 11:16:31,102.45,0,382,382,0.00%,85.29,0.00%,"[0, 5, 10, 15, 20, 25, 30, 35, 40, 45, 50, 55, 60, 65, 70, 75, 80, 85, 90, 95, 100]","[0, 0, 0, 0, 0, 0, 0, 0, 0, 0, 0, 0, 0, 0, 0, 0, 1233, 11, 8, 361]","[0.0, 0.0, 0.0, 0.0, 0.0, 0.0, 0.0, 0.0, 0.0, 0.0, 0.0, 0.0, 0.0, 0.0, 0.0, 0.0, 0.7644141351518909, 0.7712337259764415, 0.7761934283942964, 1.0]",4.0,2.0,2.0,2.0,2.0,16,-21.91714,8.0,6.0,hrl_dqn_apf,hierarchical,dqn,-11.429,6.668,28.994,0.00,0.00,0.00,-17.248,7.004,29.697,0.00,0.00,0.00,-24.748,6.388,-35.120,0.00,0.00,0.00,4.102,4.102,4.130
2026-02-04 11:16:32,103.46,0,386,386,0.00%,85.48,0.00%,"[0, 5, 10, 15, 20, 25, 30, 35, 40, 45, 50, 55, 60, 65, 70, 75, 80, 85, 90, 95, 100]","[0, 0, 0, 0, 0, 0, 0, 0, 0, 0, 0, 0, 0, 0, 0, 0, 1231, 7, 14, 361]","[0.0, 0.0, 0.0, 0.0, 0.0, 0.0, 0.0, 0.0, 0.0, 0.0, 0.0, 0.0, 0.0, 0.0, 0.0, 0.0, 0.7631742095474272, 0.7675139491630503, 0.7761934283942964, 1.0]",4.0,2.0,2.0,2.0,2.0,13,-9.75689,8.0,0.0,hrl_dqn_apf,hierarchical,dqn,-11.429,6.665,28.231,0.00,0.00,0.00,-17.248,7.001,28.933,0.00,0.00,0.00,-24.748,6.385,-34.357,0.00,0.00,0.00,4.099,4.099,4.127
2026-02-04 11:16:33,104.47,0,388,388,0.00%,85.87,0.00%,"[0, 5, 10, 15, 20, 25, 30, 35, 40, 45, 50, 55, 60, 65, 70, 75, 80, 85, 90, 95, 100]","[0, 0, 0, 0, 0, 0, 0, 0, 0, 0, 0, 0, 0, 0, 0, 0, 1231, 7, 8, 367]","[0.0, 0.0, 0.0, 0.0, 0.0, 0.0, 0.0, 0.0, 0.0, 0.0, 0.0, 0.0, 0.0, 0.0, 0.0, 0.0, 0.7631742095474272, 0.7675139491630503, 0.7724736515809052, 1.0]",4.0,2.0,2.0,2.0,2.0,13,-9.75689,8.0,0.0,hrl_dqn_apf,hierarchical,dqn,-11.429,6.659,26.735,0.00,0.00,0.00,-17.248,6.995,27.438,0.00,0.00,0.00,-24.748,6.379,-32.863,0.00,0.00,0.00,4.096,4.096,4.124
2026-02-04 11:16:34,105.47,0,388,388,0.00%,86.06,0.00%,"[0, 5, 10, 15, 20, 25, 30, 35, 40, 45, 50, 55, 60, 65, 70, 75, 80, 85, 90, 95, 100]","[0, 0, 0, 0, 0, 0, 0, 0, 0, 0, 0, 0, 0, 0, 0, 0, 1225, 12, 9, 367]","[0.0, 0.0, 0.0, 0.0, 0.0, 0.0, 0.0, 0.0, 0.0, 0.0, 0.0, 0.0, 0.0, 0.0, 0.0, 0.0, 0.759454432734036, 0.7668939863608184, 0.7724736515809052, 1.0]",4.0,2.0,2.0,2.0,2.0,10,-27.59645,8.0,0.0,hrl_dqn_apf,hierarchical,dqn,-11.428,6.656,25.975,0.00,0.00,0.00,-17.248,6.992,26.677,0.00,0.00,0.00,-24.748,6.376,-32.103,0.00,0.00,0.00,4.093,4.093,4.121
2026-02-04 11:16:35,106.48,0,388,388,0.00%,86.20,0.06%,"[0, 5, 10, 15, 20, 25, 30, 35, 40, 45, 50, 55, 60, 65, 70, 75, 80, 85, 90, 95, 100]","[0, 1, 0, 0, 0, 0, 0, 0, 0, 0, 0, 0, 0, 1, 0, 0, 1221, 14, 9, 367]","[0.0, 0.0006199628022318661, 0.0006199628022318661, 0.0006199628022318661, 0.0006199628022318661, 0.0006199628022318661, 0.0006199628022318661, 0.0006199628022318661, 0.0006199628022318661, 0.0006199628022318661, 0.0006199628022318661, 0.0006199628022318661, 0.0006199628022318661, 0.0012399256044637321, 0.0012399256044637321, 0.0012399256044637321, 0.7582145071295723, 0.7668939863608184, 0.7724736515809052, 1.0]",4.0,2.0,2.0,2.0,2.0,6,-21.436590000000002,8.0,-6.0,hrl_dqn_apf,hierarchical,dqn,-11.428,6.653,25.194,0.00,0.00,0.00,-17.248,6.989,25.897,0.00,0.00,0.00,-24.748,6.373,-31.322,0.00,0.00,0.00,4.090,4.090,4.118
2026-02-04 11:16:36,107.49,0,390,390,0.00%,86.33,0.12%,"[0, 5, 10, 15, 20, 25, 30, 35, 40, 45, 50, 55, 60, 65, 70, 75, 80, 85, 90, 95, 100]","[2, 0, 0, 0, 0, 0, 0, 0, 0, 1, 0, 0, 0, 0, 0, 0, 1220, 14, 9, 367]","[0.0012399256044637321, 0.0012399256044637321, 0.0012399256044637321, 0.0012399256044637321, 0.0012399256044637321, 0.0012399256044637321, 0.0012399256044637321, 0.0012399256044637321, 0.0012399256044637321, 0.0018598884066955983, 0.0018598884066955983, 0.0018598884066955983, 0.0018598884066955983, 0.0018598884066955983, 0.0018598884066955983, 0.0018598884066955983, 0.7582145071295723, 0.7668939863608184, 0.7724736515809052, 1.0]",4.0,2.0,2.0,2.0,2.0,6,-21.436590000000002,8.0,-6.0,hrl_dqn_apf,hierarchical,dqn,-11.428,6.650,24.434,0.00,0.00,0.00,-17.248,6.986,25.136,0.00,0.00,0.00,-24.748,6.369,-30.562,0.00,0.00,0.00,4.087,4.087,4.115
2026-02-04 11:16:37,108.49,0,390,390,0.00%,86.57,0.31%,"[0, 5, 10, 15, 20, 25, 30, 35, 40, 45, 50, 55, 60, 65, 70, 75, 80, 85, 90, 95, 100]","[4, 0, 0, 1, 0, 0, 1, 0, 0, 0, 0, 0, 0, 0, 0, 0, 1211, 16, 7, 373]","[0.0024798512089274642, 0.0024798512089274642, 0.0024798512089274642, 0.0030998140111593306, 0.0030998140111593306, 0.0030998140111593306, 0.0037197768133911966, 0.0037197768133911966, 0.0037197768133911966, 0.0037197768133911966, 0.0037197768133911966, 0.0037197768133911966, 0.0037197768133911966, 0.0037197768133911966, 0.0037197768133911966, 0.0037197768133911966, 0.7544947303161811, 0.7644141351518909, 0.768753874767514, 1.0]",4.0,2.0,2.0,2.0,2.0,2,-15.27622,8.0,-12.0,hrl_dqn_apf,hierarchical,dqn,-11.427,6.644,22.910,0.00,0.00,0.00,-17.248,6.979,23.613,0.00,0.00,0.00,-24.748,6.363,-29.038,0.00,0.00,0.00,4.084,4.084,4.112
2026-02-04 11:16:38,109.50,0,391,391,0.00%,86.69,0.37%,"[0, 5, 10, 15, 20, 25, 30, 35, 40, 45, 50, 55, 60, 65, 70, 75, 80, 85, 90, 95, 100]","[6, 0, 0, 0, 0, 0, 1, 0, 0, 0, 0, 0, 1, 0, 0, 0, 1209, 16, 7, 373]","[0.0037197768133911966, 0.0037197768133911966, 0.0037197768133911966, 0.0037197768133911966, 0.0037197768133911966, 0.0037197768133911966, 0.0043397396156230625, 0.0043397396156230625, 0.0043397396156230625, 0.0043397396156230625, 0.0043397396156230625, 0.0043397396156230625, 0.0049597024178549285, 0.0049597024178549285, 0.0049597024178549285, 0.0049597024178549285, 0.7544947303161811, 0.7644141351518909, 0.768753874767514, 1.0]",4.0,2.0,2.0,2.0,2.0,2,-15.27622,8.0,-12.0,hrl_dqn_apf,hierarchical,dqn,-11.427,6.641,22.149,0.00,0.00,0.00,-17.248,6.976,22.852,0.00,0.00,0.00,-24.748,6.360,-28.277,0.00,0.00,0.00,4.081,4.081,4.109
2026-02-04 11:16:39,110.51,0,391,391,0.00%,86.85,0.43%,"[0, 5, 10, 15, 20, 25, 30, 35, 40, 45, 50, 55, 60, 65, 70, 75, 80, 85, 90, 95, 100]","[7, 0, 0, 0, 0, 0, 1, 0, 0, 0, 0, 0, 0, 0, 0, 1, 1208, 10, 12, 374]","[0.0043397396156230625, 0.0043397396156230625, 0.0043397396156230625, 0.0043397396156230625, 0.0043397396156230625, 0.0043397396156230625, 0.0049597024178549285, 0.0049597024178549285, 0.0049597024178549285, 0.0049597024178549285, 0.0049597024178549285, 0.0049597024178549285, 0.0049597024178549285, 0.0049597024178549285, 0.0049597024178549285, 0.005579665220086794, 0.7544947303161811, 0.7606943583384997, 0.7681339119652821, 1.0]",4.0,2.0,2.0,2.0,2.0,12,-15.11571,8.0,0.0,hrl_dqn_apf,hierarchical,dqn,-11.427,6.638,21.389,0.00,0.00,0.00,-17.248,6.973,22.091,0.00,0.00,0.00,-24.748,6.357,-27.517,0.00,0.00,0.00,4.078,4.078,4.106
2026-02-04 11:16:40,111.51,0,393,393,0.00%,86.93,0.56%,"[0, 5, 10, 15, 20, 25, 30, 35, 40, 45, 50, 55, 60, 65, 70, 75, 80, 85, 90, 95, 100]","[8, 0, 0, 0, 0, 1, 2, 0, 0, 0, 0, 0, 0, 0, 0, 0, 1206, 8, 14, 374]","[0.0049597024178549285, 0.0049597024178549285, 0.0049597024178549285, 0.0049597024178549285, 0.0049597024178549285, 0.005579665220086794, 0.006819590824550527, 0.006819590824550527, 0.006819590824550527, 0.006819590824550527, 0.006819590824550527, 0.006819590824550527, 0.006819590824550527, 0.006819590824550527, 0.006819590824550527, 0.006819590824550527, 0.7544947303161811, 0.759454432734036, 0.7681339119652821, 1.0]",4.0,2.0,2.0,2.0,2.0,4,-2.955590000000001,8.0,-12.0,hrl_dqn_apf,hierarchical,dqn,-11.427,6.635,20.628,0.00,0.00,0.00,-17.248,6.970,21.331,0.00,0.00,0.00,-24.748,6.354,-26.756,0.00,0.00,0.00,4.076,4.076,4.105
2026-02-04 11:16:41,112.52,0,395,395,0.00%,87.16,0.74%,"[0, 5, 10, 15, 20, 25, 30, 35, 40, 45, 50, 55, 60, 65, 70, 75, 80, 85, 90, 95, 100]","[11, 0, 0, 1, 0, 0, 2, 0, 0, 0, 0, 0, 0, 0, 0, 0, 1197, 10, 16, 376]","[0.006819590824550527, 0.006819590824550527, 0.006819590824550527, 0.007439553626782393, 0.007439553626782393, 0.007439553626782393, 0.008679479231246125, 0.008679479231246125, 0.008679479231246125, 0.008679479231246125, 0.008679479231246125, 0.008679479231246125, 0.008679479231246125, 0.008679479231246125, 0.008679479231246125, 0.008679479231246125, 0.7507749535027899, 0.7569745815251085, 0.7668939863608184, 1.0]",4.0,2.0,2.0,2.0,2.0,4,-2.955590000000001,8.0,-12.0,hrl_dqn_apf,hierarchical,dqn,-11.426,6.597,19.105,0.00,0.00,0.00,-17.248,6.932,19.807,0.00,0.00,0.00,-24.748,6.311,-25.233,0.00,0.00,0.00,4.200,4.200,4.200
2026-02-04 11:16:42,113.53,0,393,393,0.00%,87.24,0.81%,"[0, 5, 10, 15, 20, 25, 30, 35, 40, 45, 50, 55, 60, 65, 70, 75, 80, 85, 90, 95, 100]","[12, 0, 1, 0, 0, 0, 2, 1, 1, 1, 0, 0, 0, 0, 0, 0, 1193, 8, 16, 378]","[0.007439553626782393, 0.007439553626782393, 0.008059516429014259, 0.008059516429014259, 0.008059516429014259, 0.008059516429014259, 0.009299442033477991, 0.009919404835709857, 0.010539367637941723, 0.011159330440173589, 0.011159330440173589, 0.011159330440173589, 0.011159330440173589, 0.011159330440173589, 0.011159330440173589, 0.011159330440173589, 0.7507749535027899, 0.7557346559206448, 0.7656540607563547, 1.0]",4.0,2.0,2.0,2.0,2.0,4,-2.955590000000001,8.0,-12.0,hrl_dqn_apf,hierarchical,dqn,-11.426,6.543,18.345,0.00,0.00,0.00,-17.248,6.878,19.047,0.00,0.00,0.00,-24.748,6.260,-24.473,0.00,0.00,0.00,4.200,4.200,4.200
2026-02-04 11:16:43,114.53,0,399,399,0.00%,87.33,0.99%,"[0, 5, 10, 15, 20, 25, 30, 35, 40, 45, 50, 55, 60, 65, 70, 75, 80, 85, 90, 95, 100]","[15, 0, 0, 0, 0, 1, 3, 0, 0, 0, 0, 0, 0, 0, 0, 0, 1191, 9, 16, 378]","[0.009299442033477991, 0.009299442033477991, 0.009299442033477991, 0.009299442033477991, 0.009299442033477991, 0.009919404835709857, 0.011779293242405457, 0.011779293242405457, 0.011779293242405457, 0.011779293242405457, 0.011779293242405457, 0.011779293242405457, 0.011779293242405457, 0.011779293242405457, 0.011779293242405457, 0.011779293242405457, 0.750154990700558, 0.7557346559206448, 0.7656540607563547, 1.0]",4.0,2.0,2.0,2.0,2.0,4,-2.955590000000001,8.0,-12.0,hrl_dqn_apf,hierarchical,dqn,-11.426,6.519,17.581,0.00,0.00,0.00,-17.248,6.855,18.284,0.00,0.00,0.00,-24.748,6.237,-23.710,0.00,0.00,0.00,4.200,4.200,4.200
2026-02-04 11:16:44,115.54,0,401,401,0.00%,87.44,1.05%,"[0, 5, 10, 15, 20, 25, 30, 35, 40, 45, 50, 55, 60, 65, 70, 75, 80, 85, 90, 95, 100]","[16, 1, 0, 0, 0, 0, 4, 0, 0, 0, 0, 0, 0, 0, 0, 0, 1189, 9, 12, 382]","[0.009919404835709857, 0.010539367637941723, 0.010539367637941723, 0.010539367637941723, 0.010539367637941723, 0.010539367637941723, 0.013019218846869188, 0.013019218846869188, 0.013019218846869188, 0.013019218846869188, 0.013019218846869188, 0.013019218846869188, 0.013019218846869188, 0.013019218846869188, 0.013019218846869188, 0.013019218846869188, 0.750154990700558, 0.7557346559206448, 0.7631742095474272, 1.0]",4.0,2.0,2.0,2.0,2.0,4,-2.955590000000001,8.0,-12.0,hrl_dqn_apf,hierarchical,dqn,-11.425,6.508,16.824,0.00,0.00,0.00,-17.248,6.843,17.526,0.00,0.00,0.00,-24.748,6.226,-22.953,0.00,0.00,0.00,4.200,4.200,4.200
2026-02-04 11:16:45,116.54,0,403,403,0.00%,87.61,1.30%,"[0, 5, 10, 15, 20, 25, 30, 35, 40, 45, 50, 55, 60, 65, 70, 75, 80, 85, 90, 95, 100]","[21, 0, 0, 0, 0, 0, 4, 1, 0, 0, 0, 0, 0, 0, 0, 0, 1180, 7, 14, 386]","[0.013019218846869188, 0.013019218846869188, 0.013019218846869188, 0.013019218846869188, 0.013019218846869188, 0.013019218846869188, 0.015499070055796652, 0.016119032858028518, 0.016119032858028518, 0.016119032858028518, 0.016119032858028518, 0.016119032858028518, 0.016119032858028518, 0.016119032858028518, 0.016119032858028518, 0.016119032858028518, 0.7476751394916304, 0.7520148791072536, 0.7606943583384997, 1.0]",4.0,2.0,2.0,2.0,2.0,4,-2.955590000000001,8.0,-12.0,hrl_dqn_apf,hierarchical,dqn,-11.425,6.497,15.303,0.00,0.00,0.00,-17.248,6.832,16.005,0.00,0.00,0.00,-24.748,6.215,-21.431,0.00,0.00,0.00,4.200,4.200,4.200
2026-02-04 11:16:46,117.55,1,404,405,0.25%,87.73,1.43%,"[0, 5, 10, 15, 20, 25, 30, 35, 40, 45, 50, 55, 60, 65, 70, 75, 80, 85, 90, 95, 100]","[22, 0, 0, 0, 0, 1, 4, 0, 1, 0, 0, 0, 0, 0, 0, 0, 1179, 7, 11, 388]","[0.013639181649101054, 0.013639181649101054, 0.013639181649101054, 0.013639181649101054, 0.013639181649101054, 0.01425914445133292, 0.016738995660260384, 0.016738995660260384, 0.01735895846249225, 0.01735895846249225, 0.01735895846249225, 0.01735895846249225, 0.01735895846249225, 0.01735895846249225, 0.01735895846249225, 0.01735895846249225, 0.7482951022938623, 0.7526348419094855, 0.759454432734036, 1.0]",4.0,2.0,2.0,2.0,2.0,4,-2.955590000000001,8.0,-12.0,hrl_dqn_apf,hierarchical,dqn,-11.424,6.493,14.525,0.00,0.00,0.00,-17.248,6.828,15.228,0.00,0.00,0.00,-24.748,6.212,-20.654,0.00,0.00,0.00,4.200,4.200,4.200
2026-02-04 11:16:47,118.56,1,404,405,0.25%,87.83,1.49%,"[0, 5, 10, 15, 20, 25, 30, 35, 40, 45, 50, 55, 60, 65, 70, 75, 80, 85, 90, 95, 100]","[24, 0, 0, 0, 0, 0, 4, 0, 0, 0, 0, 0, 0, 0, 2, 0, 1178, 7, 7, 391]","[0.014879107253564786, 0.014879107253564786, 0.014879107253564786, 0.014879107253564786, 0.014879107253564786, 0.014879107253564786, 0.01735895846249225, 0.01735895846249225, 0.01735895846249225, 0.01735895846249225, 0.01735895846249225, 0.01735895846249225, 0.01735895846249225, 0.01735895846249225, 0.018598884066955982, 0.018598884066955982, 0.7489150650960942, 0.7532548047117174, 0.7575945443273404, 1.0]",4.0,2.0,2.0,2.0,2.0,4,-2.955590000000001,8.0,-12.0,hrl_dqn_apf,hierarchical,dqn,-11.424,6.490,13.762,0.00,0.00,0.00,-17.248,6.825,14.464,0.00,0.00,0.00,-24.748,6.208,-19.890,0.00,0.00,0.00,4.200,4.200,4.200
2026-02-04 11:16:48,119.56,0,354,354,0.00%,80.00,0.00%,"[0, 5, 10, 15, 20, 25, 30, 35, 40, 45, 50, 55, 60, 65, 70, 75, 80, 85, 90, 95, 100]","[0, 0, 0, 0, 0, 0, 0, 0, 0, 0, 0, 0, 0, 0, 0, 0, 1613, 0, 0, 0]","[0.0, 0.0, 0.0, 0.0, 0.0, 0.0, 0.0, 0.0, 0.0, 0.0, 0.0, 0.0, 0.0, 0.0, 0.0, 0.0, 1.0, 1.0, 1.0, 1.0]",4.0,2.0,2.0,2.0,2.0,4,-2.955590000000001,8.0,-12.0,hrl_dqn_apf,hierarchical,dqn,-11.424,6.486,13.005,0.00,0.00,0.00,-17.248,6.822,13.707,0.00,0.00,0.00,-24.748,6.205,-19.133,0.00,0.00,0.00,4.200,4.200,4.200
2026-02-04 11:16:49,120.57,0,354,354,0.00%,80.00,0.00%,"[0, 5, 10, 15, 20, 25, 30, 35, 40, 45, 50, 55, 60, 65, 70, 75, 80, 85, 90, 95, 100]","[0, 0, 0, 0, 0, 0, 0, 0, 0, 0, 0, 0, 0, 0, 0, 0, 1613, 0, 0, 0]","[0.0, 0.0, 0.0, 0.0, 0.0, 0.0, 0.0, 0.0, 0.0, 0.0, 0.0, 0.0, 0.0, 0.0, 0.0, 0.0, 1.0, 1.0, 1.0, 1.0]",4.0,2.0,2.0,2.0,2.0,4,-2.955590000000001,8.0,-12.0,hrl_dqn_apf,hierarchical,dqn,-11.423,6.480,11.484,0.00,0.00,0.00,-17.248,6.816,12.186,0.00,0.00,0.00,-24.748,6.199,-17.612,0.00,0.00,0.00,4.200,4.200,4.200
2026-02-04 11:16:50,121.58,0,354,354,0.00%,80.00,0.00%,"[0, 5, 10, 15, 20, 25, 30, 35, 40, 45, 50, 55, 60, 65, 70, 75, 80, 85, 90, 95, 100]","[0, 0, 0, 0, 0, 0, 0, 0, 0, 0, 0, 0, 0, 0, 0, 0, 1613, 0, 0, 0]","[0.0, 0.0, 0.0, 0.0, 0.0, 0.0, 0.0, 0.0, 0.0, 0.0, 0.0, 0.0, 0.0, 0.0, 0.0, 0.0, 1.0, 1.0, 1.0, 1.0]",4.0,2.0,2.0,2.0,2.0,4,-2.955590000000001,8.0,-12.0,hrl_dqn_apf,hierarchical,dqn,-11.423,6.477,10.733,0.00,0.00,0.00,-17.248,6.813,11.434,0.00,0.00,0.00,-24.748,6.196,-16.860,0.00,0.00,0.00,4.200,4.200,4.200
2026-02-04 11:16:51,122.58,2,350,352,0.57%,80.00,0.19%,"[0, 5, 10, 15, 20, 25, 30, 35, 40, 45, 50, 55, 60, 65, 70, 75, 80, 85, 90, 95, 100]","[2, 0, 1, 0, 0, 0, 0, 0, 1, 0, 0, 0, 0, 1, 0, 0, 1608, 0, 0, 0]","[0.0012399256044637321, 0.0012399256044637321, 0.0018598884066955983, 0.0018598884066955983, 0.0018598884066955983, 0.0018598884066955983, 0.0018598884066955983, 0.0018598884066955983, 0.0024798512089274642, 0.0024798512089274642, 0.0024798512089274642, 0.0024798512089274642, 0.0024798512089274642, 0.0030998140111593306, 0.0030998140111593306, 0.0030998140111593306, 1.0, 1.0, 1.0, 1.0]",4.0,2.0,2.0,2.0,2.0,4,-2.955590000000001,8.0,-12.0,hrl_dqn_apf,hierarchical,dqn,-11.423,6.474,9.970,0.00,0.00,0.00,-17.248,6.810,10.670,0.00,0.00,0.00,-24.748,6.193,-16.096,0.00,0.00,0.00,4.200,4.200,4.200
2026-02-04 11:16:52,123.59,3,349,352,0.85%,80.09,0.31%,"[0, 5, 10, 15, 20, 25, 30, 35, 40, 45, 50, 55, 60, 65, 70, 75, 80, 85, 90, 95, 100]","[4, 0, 1, 0, 0, 0, 0, 0, 0, 0, 0, 0, 1, 0, 0, 0, 1607, 0, 0, 0]","[0.0024798512089274642, 0.0024798512089274642, 0.0030998140111593306, 0.0030998140111593306, 0.0030998140111593306, 0.0030998140111593306, 0.0030998140111593306, 0.0030998140111593306, 0.0030998140111593306, 0.0030998140111593306, 0.0030998140111593306, 0.0030998140111593306, 0.0037197768133911966, 0.0037197768133911966, 0.0037197768133911966, 0.0037197768133911966, 1.0, 1.0, 1.0, 1.0]",4.0,2.0,2.0,2.0,2.0,4,-2.955590000000001,8.0,-12.0,hrl_dqn_apf,hierarchical,dqn,-11.423,6.471,9.209,0.00,0.00,0.00,-17.248,6.807,9.910,0.00,0.00,0.00,-24.748,6.190,-15.336,0.00,0.00,0.00,4.200,4.200,4.200
2026-02-04 11:16:53,124.60,6,347,353,1.70%,80.20,0.56%,"[0, 5, 10, 15, 20, 25, 30, 35, 40, 45, 50, 55, 60, 65, 70, 75, 80, 85, 90, 95, 100]","[8, 0, 0, 1, 0, 0, 1, 0, 0, 0, 0, 1, 0, 0, 0, 0, 1602, 0, 0, 0]","[0.0049597024178549285, 0.0049597024178549285, 0.0049597024178549285, 0.005579665220086794, 0.005579665220086794, 0.005579665220086794, 0.006199628022318661, 0.006199628022318661, 0.006199628022318661, 0.006199628022318661, 0.006199628022318661, 0.006819590824550527, 0.006819590824550527, 0.006819590824550527, 0.006819590824550527, 0.006819590824550527, 1.0, 1.0, 1.0, 1.0]",4.0,2.0,2.0,2.0,2.0,4,-2.955590000000001,8.0,-12.0,hrl_dqn_apf,hierarchical,dqn,-11.422,6.396,7.686,0.00,0.00,0.00,-17.248,6.731,8.386,0.00,0.00,0.00,-24.748,6.112,-13.813,0.00,0.00,0.00,4.200,4.200,4.200
2026-02-04 11:16:54,125.60,8,345,353,2.27%,80.29,0.68%,"[0, 5, 10, 15, 20, 25, 30, 35, 40, 45, 50, 55, 60, 65, 70, 75, 80, 85, 90, 95, 100]","[10, 0, 0, 1, 0, 0, 0, 1, 0, 0, 0, 0, 0, 0, 1, 0, 1600, 0, 0, 0]","[0.006199628022318661, 0.006199628022318661, 0.006199628022318661, 0.006819590824550527, 0.006819590824550527, 0.006819590824550527, 0.006819590824550527, 0.007439553626782393, 0.007439553626782393, 0.007439553626782393, 0.007439553626782393, 0.007439553626782393, 0.007439553626782393, 0.007439553626782393, 0.008059516429014259, 0.008059516429014259, 1.0, 1.0, 1.0, 1.0]",4.0,2.0,2.0,2.0,2.0,4,-2.955590000000001,8.0,-12.0,hrl_dqn_apf,hierarchical,dqn,-11.422,6.364,6.929,0.00,0.00,0.00,-17.248,6.700,7.629,0.00,0.00,0.00,-24.748,6.081,-13.056,0.00,0.00,0.00,4.200,4.200,4.200
2026-02-04 11:16:55,126.61,10,345,355,2.82%,80.32,0.81%,"[0, 5, 10, 15, 20, 25, 30, 35, 40, 45, 50, 55, 60, 65, 70, 75, 80, 85, 90, 95, 100]","[11, 0, 0, 1, 0, 1, 1, 2, 0, 0, 0, 0, 0, 0, 0, 0, 1597, 0, 0, 0]","[0.006819590824550527, 0.006819590824550527, 0.006819590824550527, 0.007439553626782393, 0.007439553626782393, 0.008059516429014259, 0.008679479231246125, 0.009919404835709857, 0.009919404835709857, 0.009919404835709857, 0.009919404835709857, 0.009919404835709857, 0.009919404835709857, 0.009919404835709857, 0.009919404835709857, 0.009919404835709857, 1.0, 1.0, 1.0, 1.0]",4.0,2.0,2.0,2.0,2.0,4,-2.955590000000001,8.0,-12.0,hrl_dqn_apf,hierarchical,dqn,-11.422,6.349,6.169,0.00,0.00,0.00,-17.248,6.685,6.869,0.00,0.00,0.00,-24.748,6.067,-12.296,0.00,0.00,0.00,4.200,4.200,4.200
2026-02-04 11:16:56,127.61,12,345,357,3.36%,80.40,0.93%,"[0, 5, 10, 15, 20, 25, 30, 35, 40, 45, 50, 55, 60, 65, 70, 75, 80, 85, 90, 95, 100]","[13, 0, 1, 1, 0, 0, 0, 2, 0, 0, 0, 0, 0, 0, 1, 0, 1258, 337, 0, 0]","[0.008059516429014259, 0.008059516429014259, 0.008679479231246125, 0.009299442033477991, 0.009299442033477991, 0.009299442033477991, 0.009299442033477991, 0.010539367637941723, 0.010539367637941723, 0.010539367637941723, 0.010539367637941723, 0.010539367637941723, 0.010539367637941723, 0.010539367637941723, 0.011159330440173589, 0.011159330440173589, 0.7910725356478612, 1.0, 1.0, 1.0]",4.0,2.0,2.0,2.0,2.0,4,-2.955590000000001,8.0,-12.0,hrl_dqn_apf,hierarchical,dqn,-11.421,6.342,5.417,0.00,0.00,0.00,-17.248,6.677,6.117,0.00,0.00,0.00,-24.748,6.059,-11.544,0.00,0.00,0.00,4.200,4.200,4.200
2026-02-04 11:16:57,128.62,15,346,361,4.16%,80.52,1.12%,"[0, 5, 10, 15, 20, 25, 30, 35, 40, 45, 50, 55, 60, 65, 70, 75, 80, 85, 90, 95, 100]","[14, 2, 1, 1, 0, 0, 0, 3, 1, 1, 0, 0, 0, 0, 0, 0, 1258, 332, 0, 0]","[0.008679479231246125, 0.009919404835709857, 0.010539367637941723, 0.011159330440173589, 0.011159330440173589, 0.011159330440173589, 0.011159330440173589, 0.013019218846869188, 0.013639181649101054, 0.01425914445133292, 0.01425914445133292, 0.01425914445133292, 0.01425914445133292, 0.01425914445133292, 0.01425914445133292, 0.01425914445133292, 0.7941723496590205, 1.0, 1.0, 1.0]",4.0,2.0,2.0,2.0,2.0,4,-2.955590000000001,8.0,-12.0,hrl_dqn_apf,hierarchical,dqn,-11.421,6.333,3.893,0.00,0.00,0.00,-17.248,6.668,4.593,0.00,0.00,0.00,-24.748,6.051,-10.021,0.00,0.00,0.00,4.200,4.200,4.200
2026-02-04 11:16:58,129.62,18,347,365,4.93%,80.60,1.30%,"[0, 5, 10, 15, 20, 25, 30, 35, 40, 45, 50, 55, 60, 65, 70, 75, 80, 85, 90, 95, 100]","[16, 3, 0, 1, 0, 1, 0, 3, 0, 0, 0, 0, 0, 0, 0, 0, 1257, 332, 0, 0]","[0.009919404835709857, 0.011779293242405457, 0.011779293242405457, 0.012399256044637322, 0.012399256044637322, 0.013019218846869188, 0.013019218846869188, 0.014879107253564786, 0.014879107253564786, 0.014879107253564786, 0.014879107253564786, 0.014879107253564786, 0.014879107253564786, 0.014879107253564786, 0.014879107253564786, 0.014879107253564786, 0.7941723496590205, 1.0, 1.0, 1.0]",4.0,2.0,2.0,2.0,2.0,4,-2.955590000000001,8.0,-12.0,hrl_dqn_apf,hierarchical,dqn,-11.421,6.329,3.133,0.00,0.00,0.00,-17.248,6.664,3.833,0.00,0.00,0.00,-24.748,6.047,-9.261,0.00,0.00,0.00,4.200,4.200,4.200
2026-02-04 11:16:59,130.62,18,345,363,4.96%,80.68,1.36%,"[0, 5, 10, 15, 20, 25, 30, 35, 40, 45, 50, 55, 60, 65, 70, 75, 80, 85, 90, 95, 100]","[16, 5, 0, 0, 1, 0, 1, 1, 2, 0, 0, 0, 0, 0, 0, 0, 1257, 330, 0, 0]","[0.009919404835709857, 0.013019218846869188, 0.013019218846869188, 0.013019218846869188, 0.013639181649101054, 0.013639181649101054, 0.01425914445133292, 0.014879107253564786, 0.016119032858028518, 0.016119032858028518, 0.016119032858028518, 0.016119032858028518, 0.016119032858028518, 0.016119032858028518, 0.016119032858028518, 0.016119032858028518, 0.7954122752634842, 1.0, 1.0, 1.0]",4.0,2.0,2.0,2.0,2.0,4,-2.955590000000001,8.0,-12.0,hrl_dqn_apf,hierarchical,dqn,-11.420,6.326,2.372,0.00,0.00,0.00,-17.248,6.661,3.073,0.00,0.00,0.00,-24.748,6.044,-8.500,0.00,0.00,0.00,4.200,4.200,4.200
2026-02-04 11:17:00,131.62,0,354,354,0.00%,80.00,0.00%,"[0, 5, 10, 15, 20, 25, 30, 35, 40, 45, 50, 55, 60, 65, 70, 75, 80, 85, 90, 95, 100]","[0, 0, 0, 0, 0, 0, 0, 0, 0, 0, 0, 0, 0, 0, 0, 0, 1613, 0, 0, 0]","[0.0, 0.0, 0.0, 0.0, 0.0, 0.0, 0.0, 0.0, 0.0, 0.0, 0.0, 0.0, 0.0, 0.0, 0.0, 0.0, 1.0, 1.0, 1.0, 1.0]",4.0,2.0,2.0,2.0,2.0,4,-2.955590000000001,8.0,-12.0,hrl_dqn_apf,hierarchical,dqn,-11.420,6.323,1.615,0.00,0.00,0.00,-17.248,6.658,2.315,0.00,0.00,0.00,-24.748,6.041,-7.743,0.00,0.00,0.00,4.200,4.200,4.200
2026-02-04 11:17:01,132.63,0,354,354,0.00%,80.00,0.00%,"[0, 5, 10, 15, 20, 25, 30, 35, 40, 45, 50, 55, 60, 65, 70, 75, 80, 85, 90, 95, 100]","[0, 0, 0, 0, 0, 0, 0, 0, 0, 0, 0, 0, 0, 0, 0, 0, 1613, 0, 0, 0]","[0.0, 0.0, 0.0, 0.0, 0.0, 0.0, 0.0, 0.0, 0.0, 0.0, 0.0, 0.0, 0.0, 0.0, 0.0, 0.0, 1.0, 1.0, 1.0, 1.0]",4.0,2.0,2.0,2.0,2.0,4,-2.955590000000001,8.0,-12.0,hrl_dqn_apf,hierarchical,dqn,-11.420,6.317,0.094,0.00,0.00,0.00,-17.248,6.652,0.794,0.00,0.00,0.00,-24.748,6.035,-6.222,0.00,0.00,0.00,4.200,4.200,4.200
2026-02-04 11:17:02,133.63,0,354,354,0.00%,80.00,0.00%,"[0, 5, 10, 15, 20, 25, 30, 35, 40, 45, 50, 55, 60, 65, 70, 75, 80, 85, 90, 95, 100]","[0, 0, 0, 0, 0, 0, 0, 0, 0, 0, 0, 0, 0, 0, 0, 0, 1613, 0, 0, 0]","[0.0, 0.0, 0.0, 0.0, 0.0, 0.0, 0.0, 0.0, 0.0, 0.0, 0.0, 0.0, 0.0, 0.0, 0.0, 0.0, 1.0, 1.0, 1.0, 1.0]",4.0,2.0,2.0,2.0,2.0,4,-2.955590000000001,8.0,-12.0,hrl_dqn_apf,hierarchical,dqn,-11.419,6.314,-0.687,0.00,0.00,0.00,-17.248,6.649,0.014,0.00,0.00,0.00,-24.748,6.032,-5.442,0.00,0.00,0.00,4.200,4.200,4.200
2026-02-04 11:17:03,134.64,3,349,352,0.85%,79.99,0.19%,"[0, 5, 10, 15, 20, 25, 30, 35, 40, 45, 50, 55, 60, 65, 70, 75, 80, 85, 90, 95, 100]","[2, 0, 0, 0, 1, 0, 0, 0, 1, 0, 1, 0, 0, 0, 1, 1, 1606, 0, 0, 0]","[0.0012399256044637321, 0.0012399256044637321, 0.0012399256044637321, 0.0012399256044637321, 0.0018598884066955983, 0.0018598884066955983, 0.0018598884066955983, 0.0018598884066955983, 0.0024798512089274642, 0.0024798512089274642, 0.0030998140111593306, 0.0030998140111593306, 0.0030998140111593306, 0.0030998140111593306, 0.0037197768133911966, 0.0043397396156230625, 1.0, 1.0, 1.0, 1.0]",4.0,2.0,2.0,2.0,2.0,4,-2.955590000000001,8.0,-12.0,hrl_dqn_apf,hierarchical,dqn,-11.419,6.311,-1.447,0.00,0.00,0.00,-17.248,6.646,-0.747,0.00,0.00,0.00,-24.748,6.029,-4.681,0.00,0.00,0.00,4.200,4.200,4.200
2026-02-04 11:17:04,135.64,5,347,352,1.42%,80.09,0.31%,"[0, 5, 10, 15, 20, 25, 30, 35, 40, 45, 50, 55, 60, 65, 70, 75, 80, 85, 90, 95, 100]","[3, 0, 0, 0, 0, 2, 0, 0, 0, 0, 1, 1, 0, 0, 1, 1, 1604, 0, 0, 0]","[0.0018598884066955983, 0.0018598884066955983, 0.0018598884066955983, 0.0018598884066955983, 0.0018598884066955983, 0.0030998140111593306, 0.0030998140111593306, 0.0030998140111593306, 0.0030998140111593306, 0.0030998140111593306, 0.0037197768133911966, 0.0043397396156230625, 0.0043397396156230625, 0.0043397396156230625, 0.0049597024178549285, 0.005579665220086794, 1.0, 1.0, 1.0, 1.0]",4.0,2.0,2.0,2.0,2.0,4,-2.955590000000001,8.0,-12.0,hrl_dqn_apf,hierarchical,dqn,-11.419,6.308,-2.193,0.00,0.00,0.00,-17.248,6.643,-1.493,0.00,0.00,0.00,-24.748,6.026,-3.935,0.00,0.00,0.00,4.200,4.200,4.200
2026-02-04 11:17:05,136.65,9,344,353,2.55%,80.19,0.56%,"[0, 5, 10, 15, 20, 25, 30, 35, 40, 45, 50, 55, 60, 65, 70, 75, 80, 85, 90, 95, 100]","[8, 0, 0, 0, 0, 1, 1, 0, 0, 0, 0, 1, 1, 0, 0, 2, 1599, 0, 0, 0]","[0.0049597024178549285, 0.0049597024178549285, 0.0049597024178549285, 0.0049597024178549285, 0.0049597024178549285, 0.005579665220086794, 0.006199628022318661, 0.006199628022318661, 0.006199628022318661, 0.006199628022318661, 0.006199628022318661, 0.006819590824550527, 0.007439553626782393, 0.007439553626782393, 0.007439553626782393, 0.008679479231246125, 1.0, 1.0, 1.0, 1.0]",4.0,2.0,2.0,2.0,2.0,4,-2.955590000000001,8.0,-12.0,hrl_dqn_apf,hierarchical,dqn,-11.418,6.210,-3.696,0.00,0.00,0.00,-17.248,6.546,-2.995,0.00,0.00,0.00,-24.748,5.928,-2.433,0.00,0.00,0.00,4.200,4.200,4.200
2026-02-04 11:17:06,137.66,10,343,353,2.83%,80.29,0.62%,"[0, 5, 10, 15, 20, 25, 30, 35, 40, 45, 50, 55, 60, 65, 70, 75, 80, 85, 90, 95, 100]","[9, 0, 0, 0, 0, 1, 0, 1, 1, 0, 0, 1, 0, 1, 0, 2, 1597, 0, 0, 0]","[0.005579665220086794, 0.005579665220086794, 0.005579665220086794, 0.005579665220086794, 0.005579665220086794, 0.006199628022318661, 0.006199628022318661, 0.006819590824550527, 0.007439553626782393, 0.007439553626782393, 0.007439553626782393, 0.008059516429014259, 0.008059516429014259, 0.008679479231246125, 0.008679479231246125, 0.009919404835709857, 1.0, 1.0, 1.0, 1.0]",4.0,2.0,2.0,2.0,2.0,4,-2.955590000000001,8.0,-12.0,hrl_dqn_apf,hierarchical,dqn,-11.418,6.191,-4.450,0.00,0.00,0.00,-17.248,6.527,-3.750,0.00,0.00,0.00,-24.748,5.909,-1.678,0.00,0.00,0.00,4.200,4.200,4.200
2026-02-04 11:17:07,138.66,12,343,355,3.38%,80.38,0.74%,"[0, 5, 10, 15, 20, 25, 30, 35, 40, 45, 50, 55, 60, 65, 70, 75, 80, 85, 90, 95, 100]","[11, 0, 0, 0, 0, 1, 0, 1, 0, 0, 0, 1, 1, 0, 0, 2, 1596, 0, 0, 0]","[0.006819590824550527, 0.006819590824550527, 0.006819590824550527, 0.006819590824550527, 0.006819590824550527, 0.007439553626782393, 0.007439553626782393, 0.008059516429014259, 0.008059516429014259, 0.008059516429014259, 0.008059516429014259, 0.008679479231246125, 0.009299442033477991, 0.009299442033477991, 0.009299442033477991, 0.010539367637941723, 1.0, 1.0, 1.0, 1.0]",4.0,2.0,2.0,2.0,2.0,4,-2.955590000000001,8.0,-12.0,hrl_dqn_apf,hierarchical,dqn,-11.418,6.182,-5.213,0.00,0.00,0.00,-17.248,6.517,-4.513,0.00,0.00,0.00,-24.748,5.900,-0.915,0.00,0.00,0.00,4.200,4.200,4.200
2026-02-04 11:17:08,139.67,15,342,357,4.20%,80.40,0.93%,"[0, 5, 10, 15, 20, 25, 30, 35, 40, 45, 50, 55, 60, 65, 70, 75, 80, 85, 90, 95, 100]","[12, 0, 1, 1, 0, 1, 0, 2, 0, 0, 0, 1, 0, 0, 0, 2, 1262, 331, 0, 0]","[0.007439553626782393, 0.007439553626782393, 0.008059516429014259, 0.008679479231246125, 0.008679479231246125, 0.009299442033477991, 0.009299442033477991, 0.010539367637941723, 0.010539367637941723, 0.010539367637941723, 0.010539367637941723, 0.011159330440173589, 0.011159330440173589, 0.011159330440173589, 0.011159330440173589, 0.012399256044637322, 0.7947923124612524, 1.0, 1.0, 1.0]",4.0,2.0,2.0,2.0,2.0,4,-2.955590000000001,8.0,-12.0,hrl_dqn_apf,hierarchical,dqn,-11.418,6.176,-5.974,0.00,0.00,0.00,-17.248,6.511,-5.274,0.00,0.00,0.00,-24.748,5.894,-0.155,0.00,0.00,0.00,4.200,4.200,4.200
2026-02-04 11:17:09,140.67,17,344,361,4.71%,80.57,1.05%,"[0, 5, 10, 15, 20, 25, 30, 35, 40, 45, 50, 55, 60, 65, 70, 75, 80, 85, 90, 95, 100]","[14, 3, 0, 0, 0, 0, 1, 2, 0, 0, 0, 0, 1, 0, 1, 1, 1262, 328, 0, 0]","[0.008679479231246125, 0.010539367637941723, 0.010539367637941723, 0.010539367637941723, 0.010539367637941723, 0.010539367637941723, 0.011159330440173589, 0.012399256044637322, 0.012399256044637322, 0.012399256044637322, 0.012399256044637322, 0.012399256044637322, 0.013019218846869188, 0.013019218846869188, 0.013639181649101054, 0.01425914445133292, 0.796652200867948, 1.0, 1.0, 1.0]",4.0,2.0,2.0,2.0,2.0,4,-2.955590000000001,8.0,-12.0,hrl_dqn_apf,hierarchical,dqn,-11.417,6.168,-7.515,0.00,0.00,0.00,-17.248,6.504,-6.814,0.00,0.00,0.00,-24.748,5.886,1.386,0.00,0.00,0.00,4.200,4.200,4.200
2026-02-04 11:17:10,141.68,19,346,365,5.21%,80.60,1.18%,"[0, 5, 10, 15, 20, 25, 30, 35, 40, 45, 50, 55, 60, 65, 70, 75, 80, 85, 90, 95, 100]","[13, 5, 0, 0, 0, 1, 2, 3, 0, 0, 0, 0, 1, 0, 0, 0, 1262, 326, 0, 0]","[0.008059516429014259, 0.011159330440173589, 0.011159330440173589, 0.011159330440173589, 0.011159330440173589, 0.011779293242405457, 0.013019218846869188, 0.014879107253564786, 0.014879107253564786, 0.014879107253564786, 0.014879107253564786, 0.014879107253564786, 0.015499070055796652, 0.015499070055796652, 0.015499070055796652, 0.015499070055796652, 0.7978921264724117, 1.0, 1.0, 1.0]",4.0,2.0,2.0,2.0,2.0,4,-2.955590000000001,8.0,-12.0,hrl_dqn_apf,hierarchical,dqn,-11.417,6.165,-8.275,0.00,0.00,0.00,-17.248,6.500,-7.575,0.00,0.00,0.00,-24.748,5.883,2.147,0.00,0.00,0.00,4.200,4.200,4.200
2026-02-04 11:17:11,142.68,0,354,354,0.00%,80.00,0.00%,"[0, 5, 10, 15, 20, 25, 30, 35, 40, 45, 50, 55, 60, 65, 70, 75, 80, 85, 90, 95, 100]","[0, 0, 0, 0, 0, 0, 0, 0, 0, 0, 0, 0, 0, 0, 0, 0, 1613, 0, 0, 0]","[0.0, 0.0, 0.0, 0.0, 0.0, 0.0, 0.0, 0.0, 0.0, 0.0, 0.0, 0.0, 0.0, 0.0, 0.0, 0.0, 1.0, 1.0, 1.0, 1.0]",4.0,2.0,2.0,2.0,2.0,4,-2.955590000000001,8.0,-12.0,hrl_dqn_apf,hierarchical,dqn,-11.417,6.162,-9.032,0.00,0.00,0.00,-17.248,6.497,-8.332,0.00,0.00,0.00,-24.748,5.880,2.904,0.00,0.00,0.00,4.200,4.200,4.200
2026-02-04 11:17:12,143.69,0,354,354,0.00%,80.00,0.00%,"[0, 5, 10, 15, 20, 25, 30, 35, 40, 45, 50, 55, 60, 65, 70, 75, 80, 85, 90, 95, 100]","[0, 0, 0, 0, 0, 0, 0, 0, 0, 0, 0, 0, 0, 0, 0, 0, 1613, 0, 0, 0]","[0.0, 0.0, 0.0, 0.0, 0.0, 0.0, 0.0, 0.0, 0.0, 0.0, 0.0, 0.0, 0.0, 0.0, 0.0, 0.0, 1.0, 1.0, 1.0, 1.0]",4.0,2.0,2.0,2.0,2.0,4,-2.955590000000001,8.0,-12.0,hrl_dqn_apf,hierarchical,dqn,-11.416,6.159,-9.793,0.00,0.00,0.00,-17.248,6.494,-9.093,0.00,0.00,0.00,-24.748,5.877,3.665,0.00,0.00,0.00,4.200,4.200,4.200
2026-02-04 11:17:13,144.69,0,354,354,0.00%,80.00,0.00%,"[0, 5, 10, 15, 20, 25, 30, 35, 40, 45, 50, 55, 60, 65, 70, 75, 80, 85, 90, 95, 100]","[0, 0, 0, 0, 0, 0, 0, 0, 0, 0, 0, 0, 0, 0, 0, 0, 1613, 0, 0, 0]","[0.0, 0.0, 0.0, 0.0, 0.0, 0.0, 0.0, 0.0, 0.0, 0.0, 0.0, 0.0, 0.0, 0.0, 0.0, 0.0, 1.0, 1.0, 1.0, 1.0]",4.0,2.0,2.0,2.0,2.0,4,-2.955590000000001,8.0,-12.0,hrl_dqn_apf,hierarchical,dqn,-11.416,6.153,-11.313,0.00,0.00,0.00,-17.248,6.488,-10.613,0.00,0.00,0.00,-24.748,5.871,5.185,0.00,0.00,0.00,4.200,4.200,4.200
2026-02-04 11:17:14,145.69,3,349,352,0.85%,80.00,0.19%,"[0, 5, 10, 15, 20, 25, 30, 35, 40, 45, 50, 55, 60, 65, 70, 75, 80, 85, 90, 95, 100]","[2, 0, 0, 0, 1, 0, 0, 0, 1, 0, 0, 0, 1, 0, 0, 0, 1608, 0, 0, 0]","[0.0012399256044637321, 0.0012399256044637321, 0.0012399256044637321, 0.0012399256044637321, 0.0018598884066955983, 0.0018598884066955983, 0.0018598884066955983, 0.0018598884066955983, 0.0024798512089274642, 0.0024798512089274642, 0.0024798512089274642, 0.0024798512089274642, 0.0030998140111593306, 0.0030998140111593306, 0.0030998140111593306, 0.0030998140111593306, 1.0, 1.0, 1.0, 1.0]",4.0,2.0,2.0,2.0,2.0,4,-2.955590000000001,8.0,-12.0,hrl_dqn_apf,hierarchical,dqn,-11.416,6.150,-12.076,0.00,0.00,0.00,-17.248,6.485,-11.376,0.00,0.00,0.00,-24.748,5.868,5.949,0.00,0.00,0.00,4.200,4.200,4.200
2026-02-04 11:17:15,146.70,4,348,352,1.14%,80.05,0.25%,"[0, 5, 10, 15, 20, 25, 30, 35, 40, 45, 50, 55, 60, 65, 70, 75, 80, 85, 90, 95, 100]","[3, 0, 1, 0, 0, 0, 0, 0, 3, 0, 1, 0, 1, 0, 0, 0, 1604, 0, 0, 0]","[0.0018598884066955983, 0.0018598884066955983, 0.0024798512089274642, 0.0024798512089274642, 0.0024798512089274642, 0.0024798512089274642, 0.0024798512089274642, 0.0024798512089274642, 0.0043397396156230625, 0.0043397396156230625, 0.0049597024178549285, 0.0049597024178549285, 0.005579665220086794, 0.005579665220086794, 0.005579665220086794, 0.005579665220086794, 1.0, 1.0, 1.0, 1.0]",4.0,2.0,2.0,2.0,2.0,4,-2.955590000000001,8.0,-12.0,hrl_dqn_apf,hierarchical,dqn,-11.415,6.147,-12.819,0.00,0.00,0.00,-17.248,6.482,-12.119,0.00,0.00,0.00,-24.748,5.865,6.692,0.00,0.00,0.00,4.200,4.200,4.200
2026-02-04 11:17:16,147.70,6,347,353,1.70%,80.12,0.37%,"[0, 5, 10, 15, 20, 25, 30, 35, 40, 45, 50, 55, 60, 65, 70, 75, 80, 85, 90, 95, 100]","[6, 0, 0, 0, 0, 0, 2, 0, 1, 0, 0, 0, 1, 0, 0, 0, 1603, 0, 0, 0]","[0.0037197768133911966, 0.0037197768133911966, 0.0037197768133911966, 0.0037197768133911966, 0.0037197768133911966, 0.0037197768133911966, 0.0049597024178549285, 0.0049597024178549285, 0.005579665220086794, 0.005579665220086794, 0.005579665220086794, 0.005579665220086794, 0.006199628022318661, 0.006199628022318661, 0.006199628022318661, 0.006199628022318661, 1.0, 1.0, 1.0, 1.0]",4.0,2.0,2.0,2.0,2.0,4,-2.955590000000001,8.0,-12.0,hrl_dqn_apf,hierarchical,dqn,-11.415,6.115,-13.579,0.00,0.00,0.00,-17.248,6.453,-12.879,0.00,0.00,0.00,-24.748,5.840,7.452,0.00,0.00,0.00,4.200,4.200,4.200
2026-02-04 11:17:17,148.70,8,345,353,2.27%,80.27,0.56%,"[0, 5, 10, 15, 20, 25, 30, 35, 40, 45, 50, 55, 60, 65, 70, 75, 80, 85, 90, 95, 100]","[9, 0, 0, 0, 0, 0, 2, 0, 1, 0, 0, 2, 1, 1, 0, 0, 1597, 0, 0, 0]","[0.005579665220086794, 0.005579665220086794, 0.005579665220086794, 0.005579665220086794, 0.005579665220086794, 0.005579665220086794, 0.006819590824550527, 0.006819590824550527, 0.007439553626782393, 0.007439553626782393, 0.007439553626782393, 0.008679479231246125, 0.009299442033477991, 0.009919404835709857, 0.009919404835709857, 0.009919404835709857, 1.0, 1.0, 1.0, 1.0]",4.0,2.0,2.0,2.0,2.0,4,-2.955590000000001,8.0,-12.0,hrl_dqn_apf,hierarchical,dqn,-11.415,6.034,-15.096,0.00,0.00,0.00,-17.248,6.370,-14.397,0.00,0.00,0.00,-24.748,5.754,8.970,0.00,0.00,0.00,4.200,4.200,4.200
2026-02-04 11:17:18,149.71,10,345,355,2.82%,80.31,0.74%,"[0, 5, 10, 15, 20, 25, 30, 35, 40, 45, 50, 55, 60, 65, 70, 75, 80, 85, 90, 95, 100]","[12, 0, 0, 0, 0, 0, 2, 0, 2, 0, 0, 0, 1, 0, 0, 0, 1596, 0, 0, 0]","[0.007439553626782393, 0.007439553626782393, 0.007439553626782393, 0.007439553626782393, 0.007439553626782393, 0.007439553626782393, 0.008679479231246125, 0.008679479231246125, 0.009919404835709857, 0.009919404835709857, 0.009919404835709857, 0.009919404835709857, 0.010539367637941723, 0.010539367637941723, 0.010539367637941723, 0.010539367637941723, 1.0, 1.0, 1.0, 1.0]",4.0,2.0,2.0,2.0,2.0,4,-2.955590000000001,8.0,-12.0,hrl_dqn_apf,hierarchical,dqn,-11.414,6.022,-15.860,0.00,0.00,0.00,-17.248,6.358,-15.160,0.00,0.00,0.00,-24.748,5.741,9.733,0.00,0.00,0.00,4.200,4.200,4.200
2026-02-04 11:17:19,150.72,10,347,357,2.80%,80.41,0.87%,"[0, 5, 10, 15, 20, 25, 30, 35, 40, 45, 50, 55, 60, 65, 70, 75, 80, 85, 90, 95, 100]","[13, 0, 0, 0, 1, 0, 1, 1, 0, 1, 1, 0, 0, 1, 0, 0, 1257, 337, 0, 0]","[0.008059516429014259, 0.008059516429014259, 0.008059516429014259, 0.008059516429014259, 0.008679479231246125, 0.008679479231246125, 0.009299442033477991, 0.009919404835709857, 0.009919404835709857, 0.010539367637941723, 0.011159330440173589, 0.011159330440173589, 0.011159330440173589, 0.011779293242405457, 0.011779293242405457, 0.011779293242405457, 0.7910725356478612, 1.0, 1.0, 1.0]",4.0,2.0,2.0,2.0,2.0,4,-2.955590000000001,8.0,-12.0,hrl_dqn_apf,hierarchical,dqn,-11.414,6.015,-16.620,0.00,0.00,0.00,-17.248,6.351,-15.920,0.00,0.00,0.00,-24.748,5.734,10.493,0.00,0.00,0.00,4.200,4.200,4.200
2026-02-04 11:17:20,151.72,11,346,357,3.08%,80.50,0.93%,"[0, 5, 10, 15, 20, 25, 30, 35, 40, 45, 50, 55, 60, 65, 70, 75, 80, 85, 90, 95, 100]","[14, 1, 0, 0, 0, 0, 0, 3, 0, 1, 0, 0, 0, 2, 1, 0, 1255, 336, 0, 0]","[0.008679479231246125, 0.009299442033477991, 0.009299442033477991, 0.009299442033477991, 0.009299442033477991, 0.009299442033477991, 0.009299442033477991, 0.011159330440173589, 0.011159330440173589, 0.011779293242405457, 0.011779293242405457, 0.011779293242405457, 0.011779293242405457, 0.013019218846869188, 0.013639181649101054, 0.013639181649101054, 0.791692498450093, 1.0, 1.0, 1.0]",4.0,2.0,2.0,2.0,2.0,4,-2.955590000000001,8.0,-12.0,hrl_dqn_apf,hierarchical,dqn,-11.414,6.011,-17.383,0.00,0.00,0.00,-17.248,6.346,-16.683,0.00,0.00,0.00,-24.748,5.729,11.256,0.00,0.00,0.00,4.200,4.200,4.200
2026-02-04 11:17:21,152.72,12,353,365,3.29%,80.62,1.24%,"[0, 5, 10, 15, 20, 25, 30, 35, 40, 45, 50, 55, 60, 65, 70, 75, 80, 85, 90, 95, 100]","[13, 6, 0, 0, 0, 1, 1, 2, 0, 1, 0, 0, 0, 2, 0, 0, 1251, 336, 0, 0]","[0.008059516429014259, 0.011779293242405457, 0.011779293242405457, 0.011779293242405457, 0.011779293242405457, 0.012399256044637322, 0.013019218846869188, 0.01425914445133292, 0.01425914445133292, 0.014879107253564786, 0.014879107253564786, 0.014879107253564786, 0.014879107253564786, 0.016119032858028518, 0.016119032858028518, 0.016119032858028518, 0.791692498450093, 1.0, 1.0, 1.0]",4.0,2.0,2.0,2.0,2.0,4,-2.955590000000001,8.0,-12.0,hrl_dqn_apf,hierarchical,dqn,-11.413,6.004,-18.904,0.00,0.00,0.00,-17.248,6.339,-18.204,0.00,0.00,0.00,-24.748,5.722,12.777,0.00,0.00,0.00,4.200,4.200,4.200
2026-02-04 11:17:22,153.73,12,351,363,3.31%,80.72,1.36%,"[0, 5, 10, 15, 20, 25, 30, 35, 40, 45, 50, 55, 60, 65, 70, 75, 80, 85, 90, 95, 100]","[14, 7, 0, 0, 0, 1, 0, 2, 0, 2, 0, 0, 0, 1, 0, 1, 1249, 336, 0, 0]","[0.008679479231246125, 0.013019218846869188, 0.013019218846869188, 0.013019218846869188, 0.013019218846869188, 0.013639181649101054, 0.013639181649101054, 0.014879107253564786, 0.014879107253564786, 0.016119032858028518, 0.016119032858028518, 0.016119032858028518, 0.016119032858028518, 0.016738995660260384, 0.016738995660260384, 0.01735895846249225, 0.791692498450093, 1.0, 1.0, 1.0]",4.0,2.0,2.0,2.0,2.0,4,-2.955590000000001,8.0,-12.0,hrl_dqn_apf,hierarchical,dqn,-11.413,6.000,-19.688,0.00,0.00,0.00,-17.248,6.336,-18.988,0.00,0.00,0.00,-24.748,5.719,13.560,0.00,0.00,0.00,4.200,4.200,4.200
2026-02-04 11:17:23,154.73,0,354,354,0.00%,80.00,0.00%,"[0, 5, 10, 15, 20, 25, 30, 35, 40, 45, 50, 55, 60, 65, 70, 75, 80, 85, 90, 95, 100]","[0, 0, 0, 0, 0, 0, 0, 0, 0, 0, 0, 0, 0, 0, 0, 0, 1613, 0, 0, 0]","[0.0, 0.0, 0.0, 0.0, 0.0, 0.0, 0.0, 0.0, 0.0, 0.0, 0.0, 0.0, 0.0, 0.0, 0.0, 0.0, 1.0, 1.0, 1.0, 1.0]",4.0,2.0,2.0,2.0,2.0,4,-2.955590000000001,8.0,-12.0,hrl_dqn_apf,hierarchical,dqn,-11.413,5.997,-20.426,0.00,0.00,0.00,-17.248,6.333,-19.725,0.00,0.00,0.00,-24.748,5.716,14.297,0.00,0.00,0.00,4.200,4.200,4.200
2026-02-04 11:17:24,155.73,0,354,354,0.00%,80.00,0.00%,"[0, 5, 10, 15, 20, 25, 30, 35, 40, 45, 50, 55, 60, 65, 70, 75, 80, 85, 90, 95, 100]","[0, 0, 0, 0, 0, 0, 0, 0, 0, 0, 0, 0, 0, 0, 0, 0, 1613, 0, 0, 0]","[0.0, 0.0, 0.0, 0.0, 0.0, 0.0, 0.0, 0.0, 0.0, 0.0, 0.0, 0.0, 0.0, 0.0, 0.0, 0.0, 1.0, 1.0, 1.0, 1.0]",4.0,2.0,2.0,2.0,2.0,4,-2.955590000000001,8.0,-12.0,hrl_dqn_apf,hierarchical,dqn,-11.412,5.991,-21.949,0.00,0.00,0.00,-17.248,6.327,-21.249,0.00,0.00,0.00,-24.748,5.710,15.821,0.00,0.00,0.00,4.200,4.200,4.200
2026-02-04 11:17:25,156.73,0,352,352,0.00%,79.97,0.19%,"[0, 5, 10, 15, 20, 25, 30, 35, 40, 45, 50, 55, 60, 65, 70, 75, 80, 85, 90, 95, 100]","[1, 0, 0, 1, 1, 0, 1, 2, 0, 0, 0, 0, 0, 0, 0, 1, 1606, 0, 0, 0]","[0.0006199628022318661, 0.0006199628022318661, 0.0006199628022318661, 0.0012399256044637321, 0.0018598884066955983, 0.0018598884066955983, 0.0024798512089274642, 0.0037197768133911966, 0.0037197768133911966, 0.0037197768133911966, 0.0037197768133911966, 0.0037197768133911966, 0.0037197768133911966, 0.0037197768133911966, 0.0037197768133911966, 0.0043397396156230625, 1.0, 1.0, 1.0, 1.0]",4.0,2.0,2.0,2.0,2.0,4,-2.955590000000001,8.0,-12.0,hrl_dqn_apf,hierarchical,dqn,-11.412,5.988,-22.710,0.00,0.00,0.00,-17.248,6.324,-22.013,0.00,0.00,0.00,-24.748,5.707,16.584,0.00,0.00,0.00,4.200,4.200,4.200
2026-02-04 11:17:26,157.74,0,352,352,0.00%,80.06,0.25%,"[0, 5, 10, 15, 20, 25, 30, 35, 40, 45, 50, 55, 60, 65, 70, 75, 80, 85, 90, 95, 100]","[4, 0, 0, 0, 0, 0, 1, 2, 0, 0, 0, 1, 0, 0, 0, 0, 1605, 0, 0, 0]","[0.0024798512089274642, 0.0024798512089274642, 0.0024798512089274642, 0.0024798512089274642, 0.0024798512089274642, 0.0024798512089274642, 0.0030998140111593306, 0.0043397396156230625, 0.0043397396156230625, 0.0043397396156230625, 0.0043397396156230625, 0.0049597024178549285, 0.0049597024178549285, 0.0049597024178549285, 0.0049597024178549285, 0.0049597024178549285, 1.0, 1.0, 1.0, 1.0]",4.0,2.0,2.0,2.0,2.0,4,-2.955590000000001,8.0,-12.0,hrl_dqn_apf,hierarchical,dqn,-11.412,5.986,-23.473,0.00,0.00,0.00,-17.248,6.321,-22.773,0.00,0.00,0.00,-24.748,5.704,17.344,0.00,0.00,0.00,4.167,4.167,4.195
2026-02-04 11:17:27,158.74,0,353,353,0.00%,80.14,0.37%,"[0, 5, 10, 15, 20, 25, 30, 35, 40, 45, 50, 55, 60, 65, 70, 75, 80, 85, 90, 95, 100]","[6, 0, 0, 0, 0, 0, 1, 2, 0, 0, 0, 0, 0, 0, 0, 1, 1603, 0, 0, 0]","[0.0037197768133911966, 0.0037197768133911966, 0.0037197768133911966, 0.0037197768133911966, 0.0037197768133911966, 0.0037197768133911966, 0.0043397396156230625, 0.005579665220086794, 0.005579665220086794, 0.005579665220086794, 0.005579665220086794, 0.005579665220086794, 0.005579665220086794, 0.005579665220086794, 0.005579665220086794, 0.006199628022318661, 1.0, 1.0, 1.0, 1.0]",4.0,2.0,2.0,2.0,2.0,4,-5.92118,8.0,-12.0,hrl_dqn_apf,hierarchical,dqn,-11.412,6.409,-23.998,0.00,0.00,0.00,-17.248,6.318,-23.531,0.00,0.00,0.00,-24.748,5.854,17.631,0.00,0.00,0.00,4.164,4.164,4.192
2026-02-04 11:17:28,159.74,0,353,353,0.00%,80.37,0.50%,"[0, 5, 10, 15, 20, 25, 30, 35, 40, 45, 50, 55, 60, 65, 70, 75, 80, 85, 90, 95, 100]","[7, 0, 1, 0, 0, 0, 2, 2, 0, 0, 0, 0, 0, 0, 0, 0, 1601, 0, 0, 0]","[0.0043397396156230625, 0.0043397396156230625, 0.0049597024178549285, 0.0049597024178549285, 0.0049597024178549285, 0.0049597024178549285, 0.006199628022318661, 0.007439553626782393, 0.007439553626782393, 0.007439553626782393, 0.007439553626782393, 0.007439553626782393, 0.007439553626782393, 0.007439553626782393, 0.007439553626782393, 0.007439553626782393, 1.0, 1.0, 1.0, 1.0]",4.0,2.0,2.0,2.0,2.0,4,-5.92118,8.0,-12.0,hrl_dqn_apf,hierarchical,dqn,-11.412,6.604,-23.617,0.00,0.00,0.00,-17.248,6.390,-24.927,0.00,0.00,0.00,-24.748,5.885,16.571,0.00,0.00,0.00,4.161,4.161,4.189
2026-02-04 11:17:29,160.75,0,355,355,0.00%,80.52,0.56%,"[0, 5, 10, 15, 20, 25, 30, 35, 40, 45, 50, 55, 60, 65, 70, 75, 80, 85, 90, 95, 100]","[9, 0, 0, 0, 0, 0, 2, 1, 0, 0, 0, 0, 0, 0, 0, 0, 1601, 0, 0, 0]","[0.005579665220086794, 0.005579665220086794, 0.005579665220086794, 0.005579665220086794, 0.005579665220086794, 0.005579665220086794, 0.006819590824550527, 0.007439553626782393, 0.007439553626782393, 0.007439553626782393, 0.007439553626782393, 0.007439553626782393, 0.007439553626782393, 0.007439553626782393, 0.007439553626782393, 0.007439553626782393, 1.0, 1.0, 1.0, 1.0]",4.0,2.0,2.0,2.0,2.0,3,-11.761320000000001,8.0,-12.0,hrl_dqn_apf,hierarchical,dqn,-11.412,6.601,-22.944,0.00,0.00,0.00,-17.248,6.488,-24.801,0.00,0.00,0.00,-24.748,5.882,15.838,0.00,0.00,0.00,4.158,4.158,4.186
2026-02-04 11:17:30,161.75,0,357,357,0.00%,80.68,0.68%,"[0, 5, 10, 15, 20, 25, 30, 35, 40, 45, 50, 55, 60, 65, 70, 75, 80, 85, 90, 95, 100]","[9, 0, 0, 0, 0, 2, 1, 0, 0, 0, 0, 0, 0, 0, 1, 0, 1248, 352, 0, 0]","[0.005579665220086794, 0.005579665220086794, 0.005579665220086794, 0.005579665220086794, 0.005579665220086794, 0.006819590824550527, 0.007439553626782393, 0.007439553626782393, 0.007439553626782393, 0.007439553626782393, 0.007439553626782393, 0.007439553626782393, 0.007439553626782393, 0.007439553626782393, 0.008059516429014259, 0.008059516429014259, 0.7817730936143832, 1.0, 1.0, 1.0]",4.0,2.0,2.0,2.0,2.0,3,-11.761320000000001,8.0,-12.0,hrl_dqn_apf,hierarchical,dqn,-11.412,6.597,-22.205,0.00,0.00,0.00,-17.248,6.496,-24.227,0.00,0.00,0.00,-24.748,5.881,15.083,0.00,0.00,0.00,4.155,4.155,4.183
2026-02-04 11:17:31,162.76,0,357,357,0.00%,80.78,0.74%,"[0, 5, 10, 15, 20, 25, 30, 35, 40, 45, 50, 55, 60, 65, 70, 75, 80, 85, 90, 95, 100]","[12, 0, 0, 0, 0, 0, 1, 0, 0, 0, 0, 0, 0, 0, 0, 0, 1248, 352, 0, 0]","[0.007439553626782393, 0.007439553626782393, 0.007439553626782393, 0.007439553626782393, 0.007439553626782393, 0.007439553626782393, 0.008059516429014259, 0.008059516429014259, 0.008059516429014259, 0.008059516429014259, 0.008059516429014259, 0.008059516429014259, 0.008059516429014259, 0.008059516429014259, 0.008059516429014259, 0.008059516429014259, 0.7817730936143832, 1.0, 1.0, 1.0]",4.0,2.0,2.0,2.0,2.0,13,-11.601209999999998,8.0,0.0,hrl_dqn_apf,hierarchical,dqn,-11.412,6.594,-21.451,0.00,0.00,0.00,-17.248,6.493,-23.518,0.00,0.00,0.00,-24.748,6.308,14.562,0.00,0.00,0.00,4.152,4.152,4.180
2026-02-04 11:17:32,163.76,0,365,365,0.00%,81.07,0.81%,"[0, 5, 10, 15, 20, 25, 30, 35, 40, 45, 50, 55, 60, 65, 70, 75, 80, 85, 90, 95, 100]","[13, 0, 0, 0, 0, 0, 1, 0, 0, 0, 0, 0, 0, 1, 0, 0, 1246, 352, 0, 0]","[0.008059516429014259, 0.008059516429014259, 0.008059516429014259, 0.008059516429014259, 0.008059516429014259, 0.008059516429014259, 0.008679479231246125, 0.008679479231246125, 0.008679479231246125, 0.008679479231246125, 0.008679479231246125, 0.008679479231246125, 0.008679479231246125, 0.009299442033477991, 0.009299442033477991, 0.009299442033477991, 0.7817730936143832, 1.0, 1.0, 1.0]",4.0,2.0,2.0,2.0,2.0,19,-5.440660000000001,8.0,6.0,hrl_dqn_apf,hierarchical,dqn,-11.412,6.587,-19.932,0.00,0.00,0.00,-17.248,6.487,-22.015,0.00,0.00,0.00,-24.748,6.435,13.676,0.00,0.00,0.00,4.149,4.149,4.177
2026-02-04 11:17:33,164.76,0,363,363,0.00%,81.14,0.99%,"[0, 5, 10, 15, 20, 25, 30, 35, 40, 45, 50, 55, 60, 65, 70, 75, 80, 85, 90, 95, 100]","[16, 0, 0, 0, 0, 0, 0, 0, 0, 0, 0, 0, 0, 0, 0, 0, 1245, 352, 0, 0]","[0.009919404835709857, 0.009919404835709857, 0.009919404835709857, 0.009919404835709857, 0.009919404835709857, 0.009919404835709857, 0.009919404835709857, 0.009919404835709857, 0.009919404835709857, 0.009919404835709857, 0.009919404835709857, 0.009919404835709857, 0.009919404835709857, 0.009919404835709857, 0.009919404835709857, 0.009919404835709857, 0.7817730936143832, 1.0, 1.0, 1.0]",4.0,2.0,2.0,2.0,2.0,19,-5.440660000000001,8.0,6.0,hrl_dqn_apf,hierarchical,dqn,-11.413,6.584,-19.172,0.00,0.00,0.00,-17.248,6.484,-21.256,0.00,0.00,0.00,-24.748,6.430,12.966,0.00,0.00,0.00,4.146,4.146,4.174
2026-02-04 11:17:34,165.76,1,364,365,0.27%,81.22,1.12%,"[0, 5, 10, 15, 20, 25, 30, 35, 40, 45, 50, 55, 60, 65, 70, 75, 80, 85, 90, 95, 100]","[16, 1, 0, 0, 0, 1, 0, 0, 0, 1, 0, 0, 0, 0, 0, 0, 1241, 353, 0, 0]","[0.009919404835709857, 0.010539367637941723, 0.010539367637941723, 0.010539367637941723, 0.010539367637941723, 0.011159330440173589, 0.011159330440173589, 0.011159330440173589, 0.011159330440173589, 0.011779293242405457, 0.011779293242405457, 0.011779293242405457, 0.011779293242405457, 0.011779293242405457, 0.011779293242405457, 0.011779293242405457, 0.7811531308121513, 1.0, 1.0, 1.0]",4.0,2.0,2.0,2.0,2.0,9,-5.28069,8.0,-6.0,hrl_dqn_apf,hierarchical,dqn,-11.413,6.581,-18.411,0.00,0.00,0.00,-17.248,6.481,-20.496,0.00,0.00,0.00,-24.748,6.426,12.219,0.00,0.00,0.00,4.143,4.143,4.171
2026-02-04 11:17:35,166.77,1,368,369,0.27%,81.35,1.18%,"[0, 5, 10, 15, 20, 25, 30, 35, 40, 45, 50, 55, 60, 65, 70, 75, 80, 85, 90, 95, 100]","[19, 0, 0, 0, 0, 0, 0, 0, 0, 0, 0, 0, 0, 0, 0, 0, 1239, 6, 349, 0]","[0.011779293242405457, 0.011779293242405457, 0.011779293242405457, 0.011779293242405457, 0.011779293242405457, 0.011779293242405457, 0.011779293242405457, 0.011779293242405457, 0.011779293242405457, 0.011779293242405457, 0.011779293242405457, 0.011779293242405457, 0.011779293242405457, 0.011779293242405457, 0.011779293242405457, 0.011779293242405457, 0.7799132052076876, 0.7836329820210788, 1.0, 1.0]",4.0,2.0,2.0,2.0,2.0,18,-11.12058,8.0,6.0,hrl_dqn_apf,hierarchical,dqn,-11.413,6.578,-17.648,0.00,0.00,0.00,-17.248,6.478,-19.733,0.00,0.00,0.00,-24.518,6.498,11.685,0.00,0.00,0.00,4.140,4.140,4.168
2026-02-04 11:17:36,167.77,2,367,369,0.54%,81.43,1.43%,"[0, 5, 10, 15, 20, 25, 30, 35, 40, 45, 50, 55, 60, 65, 70, 75, 80, 85, 90, 95, 100]","[22, 0, 0, 1, 0, 0, 2, 0, 0, 0, 0, 0, 1, 0, 0, 1, 1230, 10, 346, 0]","[0.013639181649101054, 0.013639181649101054, 0.013639181649101054, 0.01425914445133292, 0.01425914445133292, 0.01425914445133292, 0.015499070055796652, 0.015499070055796652, 0.015499070055796652, 0.015499070055796652, 0.015499070055796652, 0.015499070055796652, 0.016119032858028518, 0.016119032858028518, 0.016119032858028518, 0.016738995660260384, 0.7792932424054557, 0.7854928704277744, 1.0, 1.0]",4.0,2.0,2.0,2.0,2.0,18,-11.12058,8.0,6.0,hrl_dqn_apf,hierarchical,dqn,-11.414,6.572,-16.135,0.00,0.00,0.00,-17.248,6.472,-18.220,0.00,0.00,0.00,-23.225,6.511,11.449,0.00,0.00,0.00,4.137,4.137,4.165
2026-02-04 11:17:37,168.77,3,366,369,0.81%,81.50,1.55%,"[0, 5, 10, 15, 20, 25, 30, 35, 40, 45, 50, 55, 60, 65, 70, 75, 80, 85, 90, 95, 100]","[25, 0, 0, 0, 0, 0, 2, 0, 0, 0, 0, 0, 1, 0, 0, 0, 1228, 11, 346, 0]","[0.015499070055796652, 0.015499070055796652, 0.015499070055796652, 0.015499070055796652, 0.015499070055796652, 0.015499070055796652, 0.016738995660260384, 0.016738995660260384, 0.016738995660260384, 0.016738995660260384, 0.016738995660260384, 0.016738995660260384, 0.01735895846249225, 0.01735895846249225, 0.01735895846249225, 0.01735895846249225, 0.7786732796032239, 0.7854928704277744, 1.0, 1.0]",4.0,2.0,2.0,2.0,2.0,24,-4.96011,8.0,12.0,hrl_dqn_apf,hierarchical,dqn,-11.414,6.569,-15.361,0.00,0.00,0.00,-17.248,6.469,-17.445,0.00,0.00,0.00,-22.463,6.508,11.431,0.00,0.00,0.00,4.134,4.134,4.162
2026-02-04 11:17:38,169.77,4,367,371,1.08%,81.53,1.74%,"[0, 5, 10, 15, 20, 25, 30, 35, 40, 45, 50, 55, 60, 65, 70, 75, 80, 85, 90, 95, 100]","[26, 0, 0, 1, 0, 1, 2, 0, 1, 0, 0, 0, 0, 1, 0, 0, 1223, 13, 345, 0]","[0.016119032858028518, 0.016119032858028518, 0.016119032858028518, 0.016738995660260384, 0.016738995660260384, 0.01735895846249225, 0.018598884066955982, 0.018598884066955982, 0.019218846869187848, 0.019218846869187848, 0.019218846869187848, 0.019218846869187848, 0.019218846869187848, 0.019838809671419714, 0.019838809671419714, 0.019838809671419714, 0.778053316800992, 0.7861128332300062, 1.0, 1.0]",4.0,2.0,2.0,2.0,2.0,20,-28.80013,8.0,12.0,hrl_dqn_apf,hierarchical,dqn,-11.414,6.566,-14.603,0.00,0.00,0.00,-17.248,6.466,-16.688,0.00,0.00,0.00,-21.709,6.505,11.426,0.00,0.00,0.00,4.131,4.131,4.159
2026-02-04 11:17:39,170.78,5,368,373,1.34%,81.58,1.80%,"[0, 5, 10, 15, 20, 25, 30, 35, 40, 45, 50, 55, 60, 65, 70, 75, 80, 85, 90, 95, 100]","[29, 0, 0, 0, 0, 0, 4, 0, 0, 0, 1, 0, 0, 0, 0, 0, 1220, 14, 345, 0]","[0.017978921264724116, 0.017978921264724116, 0.017978921264724116, 0.017978921264724116, 0.017978921264724116, 0.017978921264724116, 0.02045877247365158, 0.02045877247365158, 0.02045877247365158, 0.02045877247365158, 0.021078735275883446, 0.021078735275883446, 0.021078735275883446, 0.021078735275883446, 0.021078735275883446, 0.021078735275883446, 0.7774333539987601, 0.7861128332300062, 1.0, 1.0]",4.0,2.0,2.0,2.0,2.0,20,-28.80013,8.0,12.0,hrl_dqn_apf,hierarchical,dqn,-11.414,6.563,-13.840,0.00,0.00,0.00,-17.248,6.463,-15.924,0.00,0.00,0.00,-20.947,6.502,11.424,0.00,0.00,0.00,4.128,4.128,4.156
2026-02-04 11:17:40,171.78,8,365,373,2.14%,81.71,2.05%,"[0, 5, 10, 15, 20, 25, 30, 35, 40, 45, 50, 55, 60, 65, 70, 75, 80, 85, 90, 95, 100]","[32, 1, 0, 0, 0, 0, 2, 1, 1, 0, 1, 0, 0, 0, 1, 0, 1216, 15, 7, 336]","[0.019838809671419714, 0.02045877247365158, 0.02045877247365158, 0.02045877247365158, 0.02045877247365158, 0.02045877247365158, 0.02169869807811531, 0.022318660880347178, 0.022938623682579044, 0.022938623682579044, 0.023558586484810913, 0.023558586484810913, 0.023558586484810913, 0.023558586484810913, 0.02417854928704278, 0.02417854928704278, 0.778053316800992, 0.78735275883447, 0.791692498450093, 1.0]",4.0,2.0,2.0,2.0,2.0,1,-22.63987,8.0,-12.0,hrl_dqn_apf,hierarchical,dqn,-11.415,6.557,-12.319,0.00,0.00,0.00,-17.248,6.456,-14.403,0.00,0.00,0.00,-20.081,6.588,10.755,0.00,0.00,0.00,4.125,4.125,4.153
2026-02-04 11:17:41,172.79,10,364,374,2.67%,81.79,2.17%,"[0, 5, 10, 15, 20, 25, 30, 35, 40, 45, 50, 55, 60, 65, 70, 75, 80, 85, 90, 95, 100]","[34, 1, 0, 0, 0, 0, 2, 1, 0, 1, 0, 1, 0, 0, 0, 0, 1216, 16, 7, 334]","[0.021078735275883446, 0.02169869807811531, 0.02169869807811531, 0.02169869807811531, 0.02169869807811531, 0.02169869807811531, 0.022938623682579044, 0.023558586484810913, 0.023558586484810913, 0.02417854928704278, 0.02417854928704278, 0.024798512089274645, 0.024798512089274645, 0.024798512089274645, 0.024798512089274645, 0.024798512089274645, 0.7786732796032239, 0.7885926844389337, 0.7929324240545568, 1.0]",4.0,2.0,2.0,2.0,2.0,8,-10.47947,8.0,-6.0,hrl_dqn_apf,hierarchical,dqn,-11.415,6.554,-11.558,0.00,0.00,0.00,-17.248,6.453,-13.643,0.00,0.00,0.00,-20.007,6.588,10.059,0.00,0.00,0.00,4.122,4.122,4.150
2026-02-04 11:17:42,173.79,13,361,374,3.48%,81.83,2.36%,"[0, 5, 10, 15, 20, 25, 30, 35, 40, 45, 50, 55, 60, 65, 70, 75, 80, 85, 90, 95, 100]","[34, 2, 1, 0, 1, 0, 2, 1, 0, 1, 0, 0, 0, 0, 0, 1, 1216, 9, 12, 333]","[0.021078735275883446, 0.022318660880347178, 0.022938623682579044, 0.022938623682579044, 0.023558586484810913, 0.023558586484810913, 0.024798512089274645, 0.02541847489150651, 0.02541847489150651, 0.026038437693738377, 0.026038437693738377, 0.026038437693738377, 0.026038437693738377, 0.026038437693738377, 0.026038437693738377, 0.026658400495970243, 0.7805331680099195, 0.7861128332300062, 0.7935523868567886, 1.0]",4.0,2.0,2.0,2.0,2.0,8,-10.47947,8.0,-6.0,hrl_dqn_apf,hierarchical,dqn,-11.415,6.551,-10.795,0.00,0.00,0.00,-17.248,6.450,-12.879,0.00,0.00,0.00,-19.983,6.585,9.313,0.00,0.00,0.00,4.119,4.119,4.147
2026-02-04 11:17:43,174.79,13,363,376,3.46%,81.90,2.36%,"[0, 5, 10, 15, 20, 25, 30, 35, 40, 45, 50, 55, 60, 65, 70, 75, 80, 85, 90, 95, 100]","[35, 3, 0, 0, 0, 0, 3, 1, 0, 1, 0, 1, 0, 1, 0, 1, 1214, 10, 14, 329]","[0.02169869807811531, 0.023558586484810913, 0.023558586484810913, 0.023558586484810913, 0.023558586484810913, 0.023558586484810913, 0.02541847489150651, 0.026038437693738377, 0.026038437693738377, 0.026658400495970243, 0.026658400495970243, 0.02727836329820211, 0.02727836329820211, 0.027898326100433975, 0.027898326100433975, 0.02851828890266584, 0.7811531308121513, 0.78735275883447, 0.7960322380657161, 1.0]",4.0,2.0,2.0,2.0,2.0,17,-16.31949,8.0,6.0,hrl_dqn_apf,hierarchical,dqn,-11.416,6.548,-10.034,0.00,0.00,0.00,-17.248,6.447,-12.119,0.00,0.00,0.00,-19.976,6.582,8.558,0.00,0.00,0.00,4.116,4.116,4.144
2026-02-04 11:17:44,175.79,18,360,378,4.76%,82.01,2.67%,"[0, 5, 10, 15, 20, 25, 30, 35, 40, 45, 50, 55, 60, 65, 70, 75, 80, 85, 90, 95, 100]","[37, 5, 0, 0, 0, 1, 2, 2, 0, 2, 0, 0, 0, 0, 0, 0, 1211, 9, 14, 330]","[0.022938623682579044, 0.026038437693738377, 0.026038437693738377, 0.026038437693738377, 0.026038437693738377, 0.026658400495970243, 0.027898326100433975, 0.029138251704897707, 0.029138251704897707, 0.03037817730936144, 0.03037817730936144, 0.03037817730936144, 0.03037817730936144, 0.03037817730936144, 0.03037817730936144, 0.03037817730936144, 0.7811531308121513, 0.7867327960322381, 0.7954122752634842, 1.0]",4.0,2.0,2.0,2.0,2.0,0,-28.15931,8.0,-12.0,hrl_dqn_apf,hierarchical,dqn,-11.416,6.542,-8.510,0.00,0.00,0.00,-17.248,6.441,-10.595,0.00,0.00,0.00,-19.973,6.576,7.036,0.00,0.00,0.00,4.113,4.113,4.141
2026-02-04 11:17:45,176.80,18,362,380,4.74%,82.09,2.73%,"[0, 5, 10, 15, 20, 25, 30, 35, 40, 45, 50, 55, 60, 65, 70, 75, 80, 85, 90, 95, 100]","[38, 6, 0, 0, 0, 0, 2, 0, 1, 1, 2, 0, 0, 0, 1, 0, 1212, 7, 16, 327]","[0.023558586484810913, 0.02727836329820211, 0.02727836329820211, 0.02727836329820211, 0.02727836329820211, 0.02727836329820211, 0.02851828890266584, 0.02851828890266584, 0.029138251704897707, 0.029758214507129573, 0.030998140111593304, 0.030998140111593304, 0.030998140111593304, 0.030998140111593304, 0.03161810291382517, 0.03161810291382517, 0.7830130192188469, 0.78735275883447, 0.7972721636701798, 1.0]",4.0,2.0,2.0,2.0,2.0,0,-28.15931,8.0,-12.0,hrl_dqn_apf,hierarchical,dqn,-11.417,6.539,-7.750,0.00,0.00,0.00,-17.248,6.438,-9.835,0.00,0.00,0.00,-19.973,6.573,6.275,0.00,0.00,0.00,4.110,4.110,4.138
2026-02-04 11:17:46,177.80,21,361,382,5.50%,82.12,2.91%,"[0, 5, 10, 15, 20, 25, 30, 35, 40, 45, 50, 55, 60, 65, 70, 75, 80, 85, 90, 95, 100]","[39, 8, 0, 0, 0, 0, 2, 0, 1, 0, 3, 0, 0, 0, 0, 0, 1210, 9, 16, 325]","[0.02417854928704278, 0.029138251704897707, 0.029138251704897707, 0.029138251704897707, 0.029138251704897707, 0.029138251704897707, 0.03037817730936144, 0.03037817730936144, 0.030998140111593304, 0.030998140111593304, 0.0328580285182889, 0.0328580285182889, 0.0328580285182889, 0.0328580285182889, 0.0328580285182889, 0.0328580285182889, 0.7830130192188469, 0.7885926844389337, 0.7985120892746436, 1.0]",4.0,2.0,2.0,2.0,2.0,23,-10.079080000000001,8.0,12.0,hrl_dqn_apf,hierarchical,dqn,-11.417,6.536,-6.986,0.00,0.00,0.00,-17.248,6.435,-9.071,0.00,0.00,0.00,-19.973,6.570,5.512,0.00,0.00,0.00,4.107,4.107,4.135
2026-02-04 11:17:47,178.81,22,362,384,5.73%,82.19,2.98%,"[0, 5, 10, 15, 20, 25, 30, 35, 40, 45, 50, 55, 60, 65, 70, 75, 80, 85, 90, 95, 100]","[37, 10, 1, 0, 0, 0, 2, 1, 1, 0, 4, 0, 0, 0, 0, 0, 1210, 8, 10, 329]","[0.022938623682579044, 0.029138251704897707, 0.029758214507129573, 0.029758214507129573, 0.029758214507129573, 0.029758214507129573, 0.030998140111593304, 0.03161810291382517, 0.032238065716057036, 0.032238065716057036, 0.0347179169249845, 0.0347179169249845, 0.0347179169249845, 0.0347179169249845, 0.0347179169249845, 0.0347179169249845, 0.7848729076255425, 0.7898326100433974, 0.7960322380657161, 1.0]",4.0,2.0,2.0,2.0,2.0,23,-10.079080000000001,8.0,12.0,hrl_dqn_apf,hierarchical,dqn,-11.417,6.533,-6.226,0.00,0.00,0.00,-17.248,6.432,-8.311,0.00,0.00,0.00,-19.973,6.567,4.752,0.00,0.00,0.00,4.104,4.104,4.132
2026-02-04 11:17:48,179.82,27,359,386,6.99%,82.29,3.29%,"[0, 5, 10, 15, 20, 25, 30, 35, 40, 45, 50, 55, 60, 65, 70, 75, 80, 85, 90, 95, 100]","[38, 11, 3, 1, 0, 0, 2, 0, 1, 0, 2, 2, 0, 0, 0, 0, 1206, 6, 14, 327]","[0.023558586484810913, 0.03037817730936144, 0.032238065716057036, 0.0328580285182889, 0.0328580285182889, 0.0328580285182889, 0.034097954122752634, 0.034097954122752634, 0.0347179169249845, 0.0347179169249845, 0.03595784252944823, 0.037197768133911964, 0.037197768133911964, 0.037197768133911964, 0.037197768133911964, 0.037197768133911964, 0.7848729076255425, 0.7885926844389337, 0.7972721636701798, 1.0]",4.0,2.0,2.0,2.0,2.0,23,-9.91911,8.0,12.0,hrl_dqn_apf,hierarchical,dqn,-11.418,6.527,-4.705,0.00,0.00,0.00,-17.248,6.426,-6.790,0.00,0.00,0.00,-19.973,6.639,3.335,0.00,0.00,0.00,4.100,4.100,4.129
2026-02-04 11:17:49,180.82,28,360,388,7.22%,82.40,3.35%,"[0, 5, 10, 15, 20, 25, 30, 35, 40, 45, 50, 55, 60, 65, 70, 75, 80, 85, 90, 95, 100]","[37, 12, 4, 0, 1, 0, 2, 0, 1, 0, 2, 2, 0, 1, 0, 0, 1206, 6, 10, 329]","[0.022938623682579044, 0.03037817730936144, 0.0328580285182889, 0.0328580285182889, 0.03347799132052077, 0.03347799132052077, 0.0347179169249845, 0.0347179169249845, 0.035337879727216366, 0.035337879727216366, 0.0365778053316801, 0.03781773093614383, 0.03781773093614383, 0.038437693738375696, 0.038437693738375696, 0.038437693738375696, 0.7861128332300062, 0.7898326100433974, 0.7960322380657161, 1.0]",4.0,2.0,2.0,2.0,2.0,16,-21.75899,8.0,6.0,hrl_dqn_apf,hierarchical,dqn,-11.418,6.524,-3.982,0.00,0.00,0.00,-17.248,6.423,-6.067,0.00,0.00,0.00,-19.973,6.735,3.440,0.00,0.00,0.00,4.097,4.097,4.126
2026-02-04 11:17:50,181.82,29,359,388,7.47%,82.53,3.41%,"[0, 5, 10, 15, 20, 25, 30, 35, 40, 45, 50, 55, 60, 65, 70, 75, 80, 85, 90, 95, 100]","[38, 12, 5, 0, 0, 0, 2, 0, 0, 1, 0, 4, 0, 0, 0, 0, 1205, 7, 8, 331]","[0.023558586484810913, 0.030998140111593304, 0.034097954122752634, 0.034097954122752634, 0.034097954122752634, 0.034097954122752634, 0.035337879727216366, 0.035337879727216366, 0.035337879727216366, 0.03595784252944823, 0.03595784252944823, 0.038437693738375696, 0.038437693738375696, 0.038437693738375696, 0.038437693738375696, 0.038437693738375696, 0.7854928704277744, 0.7898326100433974, 0.7947923124612524, 1.0]",4.0,2.0,2.0,2.0,2.0,16,-21.75899,8.0,6.0,hrl_dqn_apf,hierarchical,dqn,-11.418,6.521,-3.222,0.00,0.00,0.00,-17.248,6.420,-5.306,0.00,0.00,0.00,-19.973,6.744,4.001,0.00,0.00,0.00,4.095,4.095,4.123
2026-02-04 11:17:51,182.83,30,358,388,7.73%,82.60,3.47%,"[0, 5, 10, 15, 20, 25, 30, 35, 40, 45, 50, 55, 60, 65, 70, 75, 80, 85, 90, 95, 100]","[36, 13, 6, 0, 0, 1, 2, 1, 0, 1, 0, 5, 0, 0, 0, 0, 1199, 12, 9, 328]","[0.022318660880347178, 0.03037817730936144, 0.034097954122752634, 0.034097954122752634, 0.034097954122752634, 0.0347179169249845, 0.03595784252944823, 0.0365778053316801, 0.0365778053316801, 0.037197768133911964, 0.037197768133911964, 0.040297582145071294, 0.040297582145071294, 0.040297582145071294, 0.040297582145071294, 0.040297582145071294, 0.7836329820210788, 0.7910725356478612, 0.796652200867948, 1.0]",4.0,2.0,2.0,2.0,2.0,9,-3.5985300000000002,8.0,-6.0,hrl_dqn_apf,hierarchical,dqn,-11.202,6.593,-2.673,0.00,0.00,0.00,-17.248,6.417,-4.546,0.00,0.00,0.00,-19.973,6.742,4.706,0.00,0.00,0.00,4.091,4.091,4.120
2026-02-04 11:17:52,183.83,33,357,390,8.46%,82.82,3.60%,"[0, 5, 10, 15, 20, 25, 30, 35, 40, 45, 50, 55, 60, 65, 70, 75, 80, 85, 90, 95, 100]","[37, 11, 8, 2, 0, 0, 2, 0, 1, 1, 0, 5, 0, 0, 0, 0, 1197, 15, 9, 325]","[0.022938623682579044, 0.029758214507129573, 0.0347179169249845, 0.03595784252944823, 0.03595784252944823, 0.03595784252944823, 0.037197768133911964, 0.037197768133911964, 0.03781773093614383, 0.038437693738375696, 0.038437693738375696, 0.041537507749535026, 0.041537507749535026, 0.041537507749535026, 0.041537507749535026, 0.041537507749535026, 0.7836329820210788, 0.7929324240545568, 0.7985120892746436, 1.0]",4.0,2.0,2.0,2.0,2.0,1,-21.43863,8.0,-12.0,hrl_dqn_apf,hierarchical,dqn,-9.890,6.607,-2.426,0.00,0.00,0.00,-17.248,6.595,-4.292,0.00,0.00,0.00,-20.638,6.826,5.574,0.00,0.00,0.00,4.089,4.089,4.117
2026-02-04 11:17:53,184.84,35,355,390,8.97%,82.92,3.72%,"[0, 5, 10, 15, 20, 25, 30, 35, 40, 45, 50, 55, 60, 65, 70, 75, 80, 85, 90, 95, 100]","[36, 11, 9, 4, 0, 0, 2, 0, 0, 2, 0, 2, 2, 1, 0, 0, 1193, 14, 7, 330]","[0.022318660880347178, 0.029138251704897707, 0.0347179169249845, 0.037197768133911964, 0.037197768133911964, 0.037197768133911964, 0.038437693738375696, 0.038437693738375696, 0.038437693738375696, 0.03967761934283943, 0.03967761934283943, 0.04091754494730316, 0.04215747055176689, 0.04277743335399876, 0.04277743335399876, 0.04277743335399876, 0.782393056416615, 0.7910725356478612, 0.7954122752634842, 1.0]",4.0,2.0,2.0,2.0,2.0,1,-21.43863,8.0,-12.0,hrl_dqn_apf,hierarchical,dqn,-9.375,6.614,-2.411,0.00,0.00,0.00,-17.248,6.598,-4.914,0.00,0.00,0.00,-21.322,6.840,5.635,0.00,0.00,0.00,4.085,4.085,4.114
2026-02-04 11:17:54,185.84,36,354,390,9.23%,83.03,3.78%,"[0, 5, 10, 15, 20, 25, 30, 35, 40, 45, 50, 55, 60, 65, 70, 75, 80, 85, 90, 95, 100]","[36, 10, 11, 4, 0, 0, 2, 0, 0, 1, 0, 2, 2, 1, 1, 0, 1191, 16, 8, 328]","[0.022318660880347178, 0.02851828890266584, 0.035337879727216366, 0.03781773093614383, 0.03781773093614383, 0.03781773093614383, 0.03905765654060756, 0.03905765654060756, 0.03905765654060756, 0.03967761934283943, 0.03967761934283943, 0.04091754494730316, 0.04215747055176689, 0.04277743335399876, 0.04339739615623062, 0.04339739615623062, 0.7817730936143832, 0.791692498450093, 0.796652200867948, 1.0]",4.0,2.0,2.0,2.0,2.0,4,-3.2787000000000006,8.0,-12.0,hrl_dqn_apf,hierarchical,dqn,-8.817,6.623,-2.405,0.00,0.00,0.00,-17.248,6.595,-5.636,0.00,0.00,0.00,-21.719,6.909,5.303,0.00,0.00,0.00,4.083,4.083,4.111
2026-02-04 11:17:55,186.85,38,353,391,9.72%,83.13,3.91%,"[0, 5, 10, 15, 20, 25, 30, 35, 40, 45, 50, 55, 60, 65, 70, 75, 80, 85, 90, 95, 100]","[36, 10, 12, 5, 0, 0, 2, 0, 0, 0, 1, 0, 4, 1, 0, 0, 1191, 15, 8, 328]","[0.022318660880347178, 0.02851828890266584, 0.03595784252944823, 0.03905765654060756, 0.03905765654060756, 0.03905765654060756, 0.040297582145071294, 0.040297582145071294, 0.040297582145071294, 0.040297582145071294, 0.04091754494730316, 0.04091754494730316, 0.04339739615623062, 0.04401735895846249, 0.04401735895846249, 0.04401735895846249, 0.782393056416615, 0.791692498450093, 0.796652200867948, 1.0]",4.0,2.0,2.0,2.0,2.0,23,-9.11745,8.0,12.0,hrl_dqn_apf,hierarchical,dqn,-8.331,6.686,-2.181,0.00,0.00,0.00,-17.248,6.592,-6.386,0.00,0.00,0.00,-21.612,6.992,4.897,0.00,0.00,0.00,4.079,4.079,4.108
2026-02-04 11:17:56,187.85,41,352,393,10.43%,83.36,4.09%,"[0, 5, 10, 15, 20, 25, 30, 35, 40, 45, 50, 55, 60, 65, 70, 75, 80, 85, 90, 95, 100]","[38, 7, 13, 8, 0, 0, 2, 0, 0, 0, 1, 0, 3, 0, 0, 0, 1191, 7, 15, 328]","[0.023558586484810913, 0.027898326100433975, 0.03595784252944823, 0.04091754494730316, 0.04091754494730316, 0.04091754494730316, 0.04215747055176689, 0.04215747055176689, 0.04215747055176689, 0.04215747055176689, 0.04277743335399876, 0.04277743335399876, 0.044637321760694355, 0.044637321760694355, 0.044637321760694355, 0.044637321760694355, 0.7830130192188469, 0.78735275883447, 0.796652200867948, 1.0]",4.0,2.0,2.0,2.0,2.0,23,-9.11745,8.0,12.0,hrl_dqn_apf,hierarchical,dqn,-8.105,6.699,-0.880,0.00,0.00,0.00,-17.294,6.623,-7.857,0.00,0.00,0.00,-20.356,7.005,4.708,0.00,0.00,0.00,4.077,4.077,4.105
2026-02-04 11:17:57,188.85,41,354,395,10.38%,83.50,4.09%,"[0, 5, 10, 15, 20, 25, 30, 35, 40, 45, 50, 55, 60, 65, 70, 75, 80, 85, 90, 95, 100]","[37, 8, 12, 8, 1, 0, 2, 0, 1, 0, 1, 0, 3, 0, 0, 0, 1186, 12, 15, 327]","[0.022938623682579044, 0.027898326100433975, 0.035337879727216366, 0.040297582145071294, 0.04091754494730316, 0.04091754494730316, 0.04215747055176689, 0.04215747055176689, 0.04277743335399876, 0.04277743335399876, 0.04339739615623062, 0.04339739615623062, 0.04525728456292622, 0.04525728456292622, 0.04525728456292622, 0.04525728456292622, 0.7805331680099195, 0.7879727216367018, 0.7972721636701798, 1.0]",4.0,2.0,2.0,2.0,2.0,6,-20.95748,8.0,-6.0,hrl_dqn_apf,hierarchical,dqn,-8.089,6.696,-0.141,0.00,0.00,0.00,-17.726,6.672,-8.185,0.00,0.00,0.00,-19.620,7.002,4.694,0.00,0.00,0.00,4.076,4.076,4.104
2026-02-04 11:17:58,189.86,42,353,395,10.63%,83.63,4.15%,"[0, 5, 10, 15, 20, 25, 30, 35, 40, 45, 50, 55, 60, 65, 70, 75, 80, 85, 90, 95, 100]","[36, 8, 11, 10, 2, 0, 2, 0, 0, 0, 1, 1, 2, 1, 0, 0, 1186, 8, 17, 328]","[0.022318660880347178, 0.02727836329820211, 0.034097954122752634, 0.040297582145071294, 0.041537507749535026, 0.041537507749535026, 0.04277743335399876, 0.04277743335399876, 0.04277743335399876, 0.04277743335399876, 0.04339739615623062, 0.04401735895846249, 0.04525728456292622, 0.04587724736515809, 0.04587724736515809, 0.04587724736515809, 0.7811531308121513, 0.7861128332300062, 0.796652200867948, 1.0]",4.0,2.0,2.0,2.0,2.0,6,-20.95748,8.0,-6.0,hrl_dqn_apf,hierarchical,dqn,-8.084,6.670,0.610,0.00,0.00,0.00,-18.385,6.653,-8.290,0.00,0.00,0.00,-18.870,6.999,4.690,0.00,0.00,0.00,4.200,4.200,4.200
2026-02-04 11:17:59,190.86,43,350,393,10.94%,83.70,4.28%,"[0, 5, 10, 15, 20, 25, 30, 35, 40, 45, 50, 55, 60, 65, 70, 75, 80, 85, 90, 95, 100]","[36, 9, 8, 11, 4, 1, 2, 0, 1, 0, 1, 0, 2, 1, 0, 0, 1186, 6, 17, 328]","[0.022318660880347178, 0.027898326100433975, 0.0328580285182889, 0.03967761934283943, 0.04215747055176689, 0.04277743335399876, 0.04401735895846249, 0.04401735895846249, 0.044637321760694355, 0.044637321760694355, 0.04525728456292622, 0.04525728456292622, 0.04649721016738995, 0.047117172969621826, 0.047117172969621826, 0.047117172969621826, 0.782393056416615, 0.7861128332300062, 0.796652200867948, 1.0]",4.0,2.0,2.0,2.0,2.0,6,-20.95748,8.0,-6.0,hrl_dqn_apf,hierarchical,dqn,-8.083,6.612,1.349,0.00,0.00,0.00,-19.098,6.596,-8.324,0.00,0.00,0.00,-18.131,6.996,4.688,0.00,0.00,0.00,4.200,4.200,4.200
2026-02-04 11:18:00,191.87,46,355,401,11.47%,83.86,4.46%,"[0, 5, 10, 15, 20, 25, 30, 35, 40, 45, 50, 55, 60, 65, 70, 75, 80, 85, 90, 95, 100]","[36, 11, 6, 13, 6, 0, 3, 0, 0, 0, 0, 1, 0, 3, 0, 0, 1185, 7, 12, 330]","[0.022318660880347178, 0.029138251704897707, 0.0328580285182889, 0.04091754494730316, 0.044637321760694355, 0.044637321760694355, 0.04649721016738995, 0.04649721016738995, 0.04649721016738995, 0.04649721016738995, 0.04649721016738995, 0.047117172969621826, 0.047117172969621826, 0.048977061376317424, 0.048977061376317424, 0.048977061376317424, 0.7836329820210788, 0.7879727216367018, 0.7954122752634842, 1.0]",4.0,2.0,2.0,2.0,2.0,6,-20.95748,8.0,-6.0,hrl_dqn_apf,hierarchical,dqn,-8.083,6.593,2.405,0.00,0.00,0.00,-20.609,6.556,-8.339,0.00,0.00,0.00,-16.610,6.990,4.687,0.00,0.00,0.00,4.200,4.200,4.200
2026-02-04 11:18:01,192.87,47,352,399,11.78%,83.96,4.53%,"[0, 5, 10, 15, 20, 25, 30, 35, 40, 45, 50, 55, 60, 65, 70, 75, 80, 85, 90, 95, 100]","[35, 12, 6, 13, 7, 0, 2, 0, 1, 0, 0, 1, 0, 3, 0, 0, 1185, 7, 8, 333]","[0.02169869807811531, 0.029138251704897707, 0.0328580285182889, 0.04091754494730316, 0.04525728456292622, 0.04525728456292622, 0.04649721016738995, 0.04649721016738995, 0.047117172969621826, 0.047117172969621826, 0.047117172969621826, 0.04773713577185369, 0.04773713577185369, 0.04959702417854929, 0.04959702417854929, 0.04959702417854929, 0.7842529448233106, 0.7885926844389337, 0.7935523868567886, 1.0]",4.0,2.0,2.0,2.0,2.0,6,-20.95748,8.0,-6.0,hrl_dqn_apf,hierarchical,dqn,-8.083,6.587,3.107,0.00,0.00,0.00,-21.360,6.549,-8.340,0.00,0.00,0.00,-15.859,6.987,4.687,0.00,0.00,0.00,4.200,4.200,4.200
2026-02-04 11:18:02,193.88,50,353,403,12.41%,84.03,4.71%,"[0, 5, 10, 15, 20, 25, 30, 35, 40, 45, 50, 55, 60, 65, 70, 75, 80, 85, 90, 95, 100]","[34, 12, 7, 14, 9, 0, 2, 0, 0, 0, 0, 1, 0, 3, 0, 0, 1181, 6, 13, 331]","[0.021078735275883446, 0.02851828890266584, 0.0328580285182889, 0.041537507749535026, 0.047117172969621826, 0.047117172969621826, 0.04835709857408556, 0.04835709857408556, 0.04835709857408556, 0.04835709857408556, 0.04835709857408556, 0.048977061376317424, 0.048977061376317424, 0.05083694978301302, 0.05083694978301302, 0.05083694978301302, 0.7830130192188469, 0.7867327960322381, 0.7947923124612524, 1.0]",4.0,2.0,2.0,2.0,2.0,6,-20.95748,8.0,-6.0,hrl_dqn_apf,hierarchical,dqn,-8.083,6.583,3.854,0.00,0.00,0.00,-22.120,6.544,-8.340,0.00,0.00,0.00,-15.098,6.984,4.687,0.00,0.00,0.00,4.200,4.200,4.200
2026-02-04 11:18:03,194.88,50,355,405,12.35%,84.10,4.71%,"[0, 5, 10, 15, 20, 25, 30, 35, 40, 45, 50, 55, 60, 65, 70, 75, 80, 85, 90, 95, 100]","[35, 11, 7, 11, 11, 1, 3, 0, 0, 0, 0, 2, 0, 3, 0, 0, 1182, 6, 11, 330]","[0.02169869807811531, 0.02851828890266584, 0.0328580285182889, 0.03967761934283943, 0.04649721016738995, 0.047117172969621826, 0.048977061376317424, 0.048977061376317424, 0.048977061376317424, 0.048977061376317424, 0.048977061376317424, 0.050216986980781156, 0.050216986980781156, 0.052076875387476754, 0.052076875387476754, 0.052076875387476754, 0.7848729076255425, 0.7885926844389337, 0.7954122752634842, 1.0]",4.0,2.0,2.0,2.0,2.0,6,-20.95748,8.0,-6.0,hrl_dqn_apf,hierarchical,dqn,-8.083,6.579,4.610,0.00,0.00,0.00,-22.881,6.540,-8.341,0.00,0.00,0.00,-14.338,6.981,4.687,0.00,0.00,0.00,4.200,4.200,4.200
2026-02-04 11:18:04,195.89,54,351,405,13.33%,84.25,4.96%,"[0, 5, 10, 15, 20, 25, 30, 35, 40, 45, 50, 55, 60, 65, 70, 75, 80, 85, 90, 95, 100]","[35, 11, 9, 9, 13, 3, 2, 1, 0, 0, 0, 1, 0, 2, 2, 0, 1175, 11, 8, 331]","[0.02169869807811531, 0.02851828890266584, 0.034097954122752634, 0.03967761934283943, 0.04773713577185369, 0.04959702417854929, 0.05083694978301302, 0.05145691258524489, 0.05145691258524489, 0.05145691258524489, 0.05145691258524489, 0.052076875387476754, 0.052076875387476754, 0.053316800991940486, 0.05455672659640422, 0.05455672659640422, 0.7830130192188469, 0.7898326100433974, 0.7947923124612524, 1.0]",4.0,2.0,2.0,2.0,2.0,6,-20.95748,8.0,-6.0,hrl_dqn_apf,hierarchical,dqn,-8.083,6.577,5.957,0.00,0.00,0.00,-24.402,6.534,-8.341,0.00,0.00,0.00,-12.817,6.975,4.687,0.00,0.00,0.00,4.200,4.200,4.200
2026-02-04 11:18:05,196.89,0,354,354,0.00%,80.00,0.00%,"[0, 5, 10, 15, 20, 25, 30, 35, 40, 45, 50, 55, 60, 65, 70, 75, 80, 85, 90, 95, 100]","[0, 0, 0, 0, 0, 0, 0, 0, 0, 0, 0, 0, 0, 0, 0, 0, 1613, 0, 0, 0]","[0.0, 0.0, 0.0, 0.0, 0.0, 0.0, 0.0, 0.0, 0.0, 0.0, 0.0, 0.0, 0.0, 0.0, 0.0, 0.0, 1.0, 1.0, 1.0, 1.0]",4.0,2.0,2.0,2.0,2.0,6,-20.95748,8.0,-6.0,hrl_dqn_apf,hierarchical,dqn,-8.083,6.589,6.468,0.00,0.00,0.00,-25.165,6.531,-8.341,0.00,0.00,0.00,-12.053,6.972,4.686,0.00,0.00,0.00,4.200,4.200,4.200
2026-02-04 11:18:06,197.89,0,354,354,0.00%,80.00,0.00%,"[0, 5, 10, 15, 20, 25, 30, 35, 40, 45, 50, 55, 60, 65, 70, 75, 80, 85, 90, 95, 100]","[0, 0, 0, 0, 0, 0, 0, 0, 0, 0, 0, 0, 0, 0, 0, 0, 1613, 0, 0, 0]","[0.0, 0.0, 0.0, 0.0, 0.0, 0.0, 0.0, 0.0, 0.0, 0.0, 0.0, 0.0, 0.0, 0.0, 0.0, 0.0, 1.0, 1.0, 1.0, 1.0]",4.0,2.0,2.0,2.0,2.0,6,-20.95748,8.0,-6.0,hrl_dqn_apf,hierarchical,dqn,-8.083,6.588,7.155,0.00,0.00,0.00,-25.923,6.527,-8.342,0.00,0.00,0.00,-11.295,6.968,4.686,0.00,0.00,0.00,4.200,4.200,4.200
2026-02-04 11:18:07,198.89,0,354,354,0.00%,80.00,0.00%,"[0, 5, 10, 15, 20, 25, 30, 35, 40, 45, 50, 55, 60, 65, 70, 75, 80, 85, 90, 95, 100]","[0, 0, 0, 0, 0, 0, 0, 0, 0, 0, 0, 0, 0, 0, 0, 0, 1613, 0, 0, 0]","[0.0, 0.0, 0.0, 0.0, 0.0, 0.0, 0.0, 0.0, 0.0, 0.0, 0.0, 0.0, 0.0, 0.0, 0.0, 0.0, 1.0, 1.0, 1.0, 1.0]",4.0,2.0,2.0,2.0,2.0,6,-20.95748,8.0,-6.0,hrl_dqn_apf,hierarchical,dqn,-8.083,6.586,7.898,0.00,0.00,0.00,-26.686,6.524,-8.342,0.00,0.00,0.00,-10.532,6.965,4.686,0.00,0.00,0.00,4.200,4.200,4.200
2026-02-04 11:18:08,199.90,3,349,352,0.85%,80.18,0.19%,"[0, 5, 10, 15, 20, 25, 30, 35, 40, 45, 50, 55, 60, 65, 70, 75, 80, 85, 90, 95, 100]","[2, 0, 0, 1, 0, 0, 0, 0, 0, 0, 0, 1, 0, 0, 1, 1, 1607, 0, 0, 0]","[0.0012399256044637321, 0.0012399256044637321, 0.0012399256044637321, 0.0018598884066955983, 0.0018598884066955983, 0.0018598884066955983, 0.0018598884066955983, 0.0018598884066955983, 0.0018598884066955983, 0.0018598884066955983, 0.0018598884066955983, 0.0024798512089274642, 0.0024798512089274642, 0.0024798512089274642, 0.0030998140111593306, 0.0037197768133911966, 1.0, 1.0, 1.0, 1.0]",4.0,2.0,2.0,2.0,2.0,6,-20.95748,8.0,-6.0,hrl_dqn_apf,hierarchical,dqn,-8.081,6.581,9.416,0.00,0.00,0.00,-28.204,6.518,-8.343,0.00,0.00,0.00,-9.019,6.954,4.691,0.00,0.00,0.00,4.200,4.200,4.200
2026-02-04 11:18:09,200.91,4,349,353,1.13%,80.30,0.25%,"[0, 5, 10, 15, 20, 25, 30, 35, 40, 45, 50, 55, 60, 65, 70, 75, 80, 85, 90, 95, 100]","[4, 0, 0, 0, 0, 0, 0, 0, 0, 0, 0, 1, 0, 0, 0, 2, 1606, 0, 0, 0]","[0.0024798512089274642, 0.0024798512089274642, 0.0024798512089274642, 0.0024798512089274642, 0.0024798512089274642, 0.0024798512089274642, 0.0024798512089274642, 0.0024798512089274642, 0.0024798512089274642, 0.0024798512089274642, 0.0024798512089274642, 0.0030998140111593306, 0.0030998140111593306, 0.0030998140111593306, 0.0030998140111593306, 0.0043397396156230625, 1.0, 1.0, 1.0, 1.0]",4.0,2.0,2.0,2.0,2.0,6,-20.95748,8.0,-6.0,hrl_dqn_apf,hierarchical,dqn,-8.081,6.577,10.196,0.00,0.00,0.00,-28.985,6.515,-8.343,0.00,0.00,0.00,-8.238,6.951,4.690,0.00,0.00,0.00,4.200,4.200,4.200
2026-02-04 11:18:10,201.91,5,348,353,1.42%,80.41,0.31%,"[0, 5, 10, 15, 20, 25, 30, 35, 40, 45, 50, 55, 60, 65, 70, 75, 80, 85, 90, 95, 100]","[5, 0, 0, 0, 0, 0, 0, 0, 0, 0, 0, 2, 0, 0, 0, 1, 1605, 0, 0, 0]","[0.0030998140111593306, 0.0030998140111593306, 0.0030998140111593306, 0.0030998140111593306, 0.0030998140111593306, 0.0030998140111593306, 0.0030998140111593306, 0.0030998140111593306, 0.0030998140111593306, 0.0030998140111593306, 0.0030998140111593306, 0.0043397396156230625, 0.0043397396156230625, 0.0043397396156230625, 0.0043397396156230625, 0.0049597024178549285, 1.0, 1.0, 1.0, 1.0]",4.0,2.0,2.0,2.0,2.0,6,-20.95748,8.0,-6.0,hrl_dqn_apf,hierarchical,dqn,-8.081,6.511,10.955,0.00,0.00,0.00,-29.744,6.449,-8.343,0.00,0.00,0.00,-7.479,6.884,4.690,0.00,0.00,0.00,4.200,4.200,4.200
2026-02-04 11:18:11,202.92,6,347,353,1.70%,80.52,0.43%,"[0, 5, 10, 15, 20, 25, 30, 35, 40, 45, 50, 55, 60, 65, 70, 75, 80, 85, 90, 95, 100]","[6, 0, 0, 0, 0, 1, 0, 0, 0, 0, 0, 0, 1, 0, 0, 1, 1604, 0, 0, 0]","[0.0037197768133911966, 0.0037197768133911966, 0.0037197768133911966, 0.0037197768133911966, 0.0037197768133911966, 0.0043397396156230625, 0.0043397396156230625, 0.0043397396156230625, 0.0043397396156230625, 0.0043397396156230625, 0.0043397396156230625, 0.0043397396156230625, 0.0049597024178549285, 0.0049597024178549285, 0.0049597024178549285, 0.005579665220086794, 1.0, 1.0, 1.0, 1.0]",4.0,2.0,2.0,2.0,2.0,6,-20.95748,8.0,-6.0,hrl_dqn_apf,hierarchical,dqn,-8.081,6.476,11.718,0.00,0.00,0.00,-30.507,6.413,-8.343,0.00,0.00,0.00,-6.715,6.848,4.690,0.00,0.00,0.00,4.200,4.200,4.200
2026-02-04 11:18:12,203.92,7,350,357,1.96%,80.75,0.56%,"[0, 5, 10, 15, 20, 25, 30, 35, 40, 45, 50, 55, 60, 65, 70, 75, 80, 85, 90, 95, 100]","[8, 1, 0, 0, 0, 0, 0, 0, 0, 0, 0, 0, 1, 0, 0, 0, 1260, 343, 0, 0]","[0.0049597024178549285, 0.005579665220086794, 0.005579665220086794, 0.005579665220086794, 0.005579665220086794, 0.005579665220086794, 0.005579665220086794, 0.005579665220086794, 0.005579665220086794, 0.005579665220086794, 0.005579665220086794, 0.005579665220086794, 0.006199628022318661, 0.006199628022318661, 0.006199628022318661, 0.006199628022318661, 0.78735275883447, 1.0, 1.0, 1.0]",4.0,2.0,2.0,2.0,2.0,6,-20.95748,8.0,-6.0,hrl_dqn_apf,hierarchical,dqn,-8.081,6.451,13.236,0.00,0.00,0.00,-32.025,6.389,-8.344,0.00,0.00,0.00,-5.197,6.823,4.690,0.00,0.00,0.00,4.200,4.200,4.200
2026-02-04 11:18:13,204.92,7,350,357,1.96%,80.87,0.56%,"[0, 5, 10, 15, 20, 25, 30, 35, 40, 45, 50, 55, 60, 65, 70, 75, 80, 85, 90, 95, 100]","[8, 1, 0, 0, 0, 0, 1, 0, 1, 0, 0, 0, 1, 0, 0, 0, 1259, 342, 0, 0]","[0.0049597024178549285, 0.005579665220086794, 0.005579665220086794, 0.005579665220086794, 0.005579665220086794, 0.005579665220086794, 0.006199628022318661, 0.006199628022318661, 0.006819590824550527, 0.006819590824550527, 0.006819590824550527, 0.006819590824550527, 0.007439553626782393, 0.007439553626782393, 0.007439553626782393, 0.007439553626782393, 0.7879727216367018, 1.0, 1.0, 1.0]",4.0,2.0,2.0,2.0,2.0,6,-20.95748,8.0,-6.0,hrl_dqn_apf,hierarchical,dqn,-8.081,6.445,13.999,0.00,0.00,0.00,-32.788,6.383,-8.344,0.00,0.00,0.00,-4.433,6.818,4.690,0.00,0.00,0.00,4.200,4.200,4.200
2026-02-04 11:18:14,205.92,9,352,361,2.49%,81.00,0.68%,"[0, 5, 10, 15, 20, 25, 30, 35, 40, 45, 50, 55, 60, 65, 70, 75, 80, 85, 90, 95, 100]","[9, 2, 0, 0, 0, 0, 0, 0, 0, 0, 0, 0, 1, 0, 0, 0, 1259, 342, 0, 0]","[0.005579665220086794, 0.006819590824550527, 0.006819590824550527, 0.006819590824550527, 0.006819590824550527, 0.006819590824550527, 0.006819590824550527, 0.006819590824550527, 0.006819590824550527, 0.006819590824550527, 0.006819590824550527, 0.006819590824550527, 0.007439553626782393, 0.007439553626782393, 0.007439553626782393, 0.007439553626782393, 0.7879727216367018, 1.0, 1.0, 1.0]",4.0,2.0,2.0,2.0,2.0,6,-20.95748,8.0,-6.0,hrl_dqn_apf,hierarchical,dqn,-8.081,6.441,14.760,0.00,0.00,0.00,-33.548,6.379,-8.344,0.00,0.00,0.00,-3.673,6.814,4.690,0.00,0.00,0.00,4.200,4.200,4.200
2026-02-04 11:18:15,206.92,9,356,365,2.47%,81.10,0.81%,"[0, 5, 10, 15, 20, 25, 30, 35, 40, 45, 50, 55, 60, 65, 70, 75, 80, 85, 90, 95, 100]","[8, 3, 1, 1, 0, 0, 0, 0, 0, 0, 0, 0, 1, 0, 0, 0, 1256, 343, 0, 0]","[0.0049597024178549285, 0.006819590824550527, 0.007439553626782393, 0.008059516429014259, 0.008059516429014259, 0.008059516429014259, 0.008059516429014259, 0.008059516429014259, 0.008059516429014259, 0.008059516429014259, 0.008059516429014259, 0.008059516429014259, 0.008679479231246125, 0.008679479231246125, 0.008679479231246125, 0.008679479231246125, 0.78735275883447, 1.0, 1.0, 1.0]",4.0,2.0,2.0,2.0,2.0,6,-20.95748,8.0,-6.0,hrl_dqn_apf,hierarchical,dqn,-8.081,6.438,15.520,0.00,0.00,0.00,-34.308,6.376,-8.345,0.00,0.00,0.00,-2.913,6.811,4.689,0.00,0.00,0.00,4.200,4.200,4.200
2026-02-04 11:18:16,207.93,0,354,354,0.00%,80.00,0.00%,"[0, 5, 10, 15, 20, 25, 30, 35, 40, 45, 50, 55, 60, 65, 70, 75, 80, 85, 90, 95, 100]","[0, 0, 0, 0, 0, 0, 0, 0, 0, 0, 0, 0, 0, 0, 0, 0, 1613, 0, 0, 0]","[0.0, 0.0, 0.0, 0.0, 0.0, 0.0, 0.0, 0.0, 0.0, 0.0, 0.0, 0.0, 0.0, 0.0, 0.0, 0.0, 1.0, 1.0, 1.0, 1.0]",4.0,2.0,2.0,2.0,2.0,6,-20.95748,8.0,-6.0,hrl_dqn_apf,hierarchical,dqn,-8.081,6.432,17.041,0.00,0.00,0.00,-35.828,6.370,-8.345,0.00,0.00,0.00,-1.392,6.804,4.689,0.00,0.00,0.00,4.200,4.200,4.200
2026-02-04 11:18:17,208.93,0,354,354,0.00%,80.00,0.00%,"[0, 5, 10, 15, 20, 25, 30, 35, 40, 45, 50, 55, 60, 65, 70, 75, 80, 85, 90, 95, 100]","[0, 0, 0, 0, 0, 0, 0, 0, 0, 0, 0, 0, 0, 0, 0, 0, 1613, 0, 0, 0]","[0.0, 0.0, 0.0, 0.0, 0.0, 0.0, 0.0, 0.0, 0.0, 0.0, 0.0, 0.0, 0.0, 0.0, 0.0, 0.0, 1.0, 1.0, 1.0, 1.0]",4.0,2.0,2.0,2.0,2.0,6,-20.95748,8.0,-6.0,hrl_dqn_apf,hierarchical,dqn,-8.081,6.429,17.805,0.00,0.00,0.00,-36.591,6.367,-8.345,0.00,0.00,0.00,-0.629,6.801,4.689,0.00,0.00,0.00,4.200,4.200,4.200
2026-02-04 11:18:18,209.94,0,354,354,0.00%,80.00,0.00%,"[0, 5, 10, 15, 20, 25, 30, 35, 40, 45, 50, 55, 60, 65, 70, 75, 80, 85, 90, 95, 100]","[0, 0, 0, 0, 0, 0, 0, 0, 0, 0, 0, 0, 0, 0, 0, 0, 1613, 0, 0, 0]","[0.0, 0.0, 0.0, 0.0, 0.0, 0.0, 0.0, 0.0, 0.0, 0.0, 0.0, 0.0, 0.0, 0.0, 0.0, 0.0, 1.0, 1.0, 1.0, 1.0]",4.0,2.0,2.0,2.0,2.0,6,-20.95748,8.0,-6.0,hrl_dqn_apf,hierarchical,dqn,-8.081,6.426,18.568,0.00,0.00,0.00,-37.354,6.363,-8.346,0.00,0.00,0.00,0.135,6.798,4.689,0.00,0.00,0.00,4.200,4.200,4.200
2026-02-04 11:18:19,210.95,0,354,354,0.00%,80.00,0.00%,"[0, 5, 10, 15, 20, 25, 30, 35, 40, 45, 50, 55, 60, 65, 70, 75, 80, 85, 90, 95, 100]","[0, 0, 0, 0, 0, 0, 0, 0, 0, 0, 0, 0, 0, 0, 0, 0, 1613, 0, 0, 0]","[0.0, 0.0, 0.0, 0.0, 0.0, 0.0, 0.0, 0.0, 0.0, 0.0, 0.0, 0.0, 0.0, 0.0, 0.0, 0.0, 1.0, 1.0, 1.0, 1.0]",4.0,2.0,2.0,2.0,2.0,6,-20.95748,8.0,-6.0,hrl_dqn_apf,hierarchical,dqn,-8.081,6.423,19.328,0.00,0.00,0.00,-38.114,6.360,-8.346,0.00,0.00,0.00,0.895,6.795,4.689,0.00,0.00,0.00,4.200,4.200,4.200
2026-02-04 11:18:20,211.95,0,352,352,0.00%,80.18,0.19%,"[0, 5, 10, 15, 20, 25, 30, 35, 40, 45, 50, 55, 60, 65, 70, 75, 80, 85, 90, 95, 100]","[2, 0, 1, 0, 0, 0, 1, 0, 0, 0, 0, 0, 0, 0, 0, 1, 1608, 0, 0, 0]","[0.0012399256044637321, 0.0012399256044637321, 0.0018598884066955983, 0.0018598884066955983, 0.0018598884066955983, 0.0018598884066955983, 0.0024798512089274642, 0.0024798512089274642, 0.0024798512089274642, 0.0024798512089274642, 0.0024798512089274642, 0.0024798512089274642, 0.0024798512089274642, 0.0024798512089274642, 0.0024798512089274642, 0.0030998140111593306, 1.0, 1.0, 1.0, 1.0]",4.0,2.0,2.0,2.0,2.0,6,-20.95748,8.0,-6.0,hrl_dqn_apf,hierarchical,dqn,-8.081,6.417,20.847,0.00,0.00,0.00,-39.631,6.354,-8.346,0.00,0.00,0.00,2.413,6.789,4.689,0.00,0.00,0.00,4.200,4.200,4.200
2026-02-04 11:18:21,212.96,0,353,353,0.00%,80.29,0.31%,"[0, 5, 10, 15, 20, 25, 30, 35, 40, 45, 50, 55, 60, 65, 70, 75, 80, 85, 90, 95, 100]","[4, 0, 1, 0, 0, 0, 0, 0, 0, 0, 0, 0, 0, 0, 0, 0, 1608, 0, 0, 0]","[0.0024798512089274642, 0.0024798512089274642, 0.0030998140111593306, 0.0030998140111593306, 0.0030998140111593306, 0.0030998140111593306, 0.0030998140111593306, 0.0030998140111593306, 0.0030998140111593306, 0.0030998140111593306, 0.0030998140111593306, 0.0030998140111593306, 0.0030998140111593306, 0.0030998140111593306, 0.0030998140111593306, 0.0030998140111593306, 1.0, 1.0, 1.0, 1.0]",4.0,2.0,2.0,2.0,2.0,6,-20.95748,8.0,-6.0,hrl_dqn_apf,hierarchical,dqn,-8.081,6.375,21.610,0.00,0.00,0.00,-40.394,6.314,-8.347,0.00,0.00,0.00,3.176,6.747,4.688,0.00,0.00,0.00,4.200,4.200,4.200
2026-02-04 11:18:22,213.96,0,353,353,0.00%,80.41,0.37%,"[0, 5, 10, 15, 20, 25, 30, 35, 40, 45, 50, 55, 60, 65, 70, 75, 80, 85, 90, 95, 100]","[4, 0, 1, 1, 0, 0, 0, 0, 0, 0, 0, 1, 0, 0, 0, 0, 1606, 0, 0, 0]","[0.0024798512089274642, 0.0024798512089274642, 0.0030998140111593306, 0.0037197768133911966, 0.0037197768133911966, 0.0037197768133911966, 0.0037197768133911966, 0.0037197768133911966, 0.0037197768133911966, 0.0037197768133911966, 0.0037197768133911966, 0.0043397396156230625, 0.0043397396156230625, 0.0043397396156230625, 0.0043397396156230625, 0.0043397396156230625, 1.0, 1.0, 1.0, 1.0]",4.0,2.0,2.0,2.0,2.0,6,-20.95748,8.0,-6.0,hrl_dqn_apf,hierarchical,dqn,-8.081,6.325,22.387,0.00,0.00,0.00,-41.171,6.263,-8.347,0.00,0.00,0.00,3.953,6.697,4.688,0.00,0.00,0.00,4.200,4.200,4.200
2026-02-04 11:18:23,214.96,0,353,353,0.00%,80.54,0.43%,"[0, 5, 10, 15, 20, 25, 30, 35, 40, 45, 50, 55, 60, 65, 70, 75, 80, 85, 90, 95, 100]","[6, 0, 1, 0, 0, 0, 0, 0, 0, 0, 0, 0, 0, 0, 0, 0, 1606, 0, 0, 0]","[0.0037197768133911966, 0.0037197768133911966, 0.0043397396156230625, 0.0043397396156230625, 0.0043397396156230625, 0.0043397396156230625, 0.0043397396156230625, 0.0043397396156230625, 0.0043397396156230625, 0.0043397396156230625, 0.0043397396156230625, 0.0043397396156230625, 0.0043397396156230625, 0.0043397396156230625, 0.0043397396156230625, 0.0043397396156230625, 1.0, 1.0, 1.0, 1.0]",4.0,2.0,2.0,2.0,2.0,6,-20.95748,8.0,-6.0,hrl_dqn_apf,hierarchical,dqn,-8.081,6.303,23.150,0.00,0.00,0.00,-41.934,6.241,-8.347,0.00,0.00,0.00,4.716,6.675,4.688,0.00,0.00,0.00,4.200,4.200,4.200
2026-02-04 11:18:24,215.96,0,357,357,0.00%,80.78,0.56%,"[0, 5, 10, 15, 20, 25, 30, 35, 40, 45, 50, 55, 60, 65, 70, 75, 80, 85, 90, 95, 100]","[8, 0, 1, 0, 0, 0, 0, 0, 0, 0, 0, 0, 0, 2, 0, 0, 1250, 352, 0, 0]","[0.0049597024178549285, 0.0049597024178549285, 0.005579665220086794, 0.005579665220086794, 0.005579665220086794, 0.005579665220086794, 0.005579665220086794, 0.005579665220086794, 0.005579665220086794, 0.005579665220086794, 0.005579665220086794, 0.005579665220086794, 0.005579665220086794, 0.006819590824550527, 0.006819590824550527, 0.006819590824550527, 0.7817730936143832, 1.0, 1.0, 1.0]",4.0,2.0,2.0,2.0,2.0,6,-20.95748,8.0,-6.0,hrl_dqn_apf,hierarchical,dqn,-8.081,6.285,24.668,0.00,0.00,0.00,-43.451,6.223,-8.348,0.00,0.00,0.00,6.234,6.658,4.688,0.00,0.00,0.00,4.200,4.200,4.200
2026-02-04 11:18:25,216.97,0,357,357,0.00%,80.87,0.68%,"[0, 5, 10, 15, 20, 25, 30, 35, 40, 45, 50, 55, 60, 65, 70, 75, 80, 85, 90, 95, 100]","[10, 0, 1, 0, 0, 0, 0, 0, 0, 0, 0, 0, 0, 0, 0, 0, 1250, 352, 0, 0]","[0.006199628022318661, 0.006199628022318661, 0.006819590824550527, 0.006819590824550527, 0.006819590824550527, 0.006819590824550527, 0.006819590824550527, 0.006819590824550527, 0.006819590824550527, 0.006819590824550527, 0.006819590824550527, 0.006819590824550527, 0.006819590824550527, 0.006819590824550527, 0.006819590824550527, 0.006819590824550527, 0.7817730936143832, 1.0, 1.0, 1.0]",4.0,2.0,2.0,2.0,2.0,6,-20.95748,8.0,-6.0,hrl_dqn_apf,hierarchical,dqn,-8.081,6.281,25.429,0.00,0.00,0.00,-44.211,6.219,-8.348,0.00,0.00,0.00,6.327,6.690,4.688,0.00,0.00,0.00,4.200,4.200,4.200
2026-02-04 11:18:26,217.97,0,361,361,0.00%,81.05,0.68%,"[0, 5, 10, 15, 20, 25, 30, 35, 40, 45, 50, 55, 60, 65, 70, 75, 80, 85, 90, 95, 100]","[10, 0, 1, 0, 0, 0, 0, 0, 0, 0, 0, 0, 0, 0, 0, 0, 1250, 352, 0, 0]","[0.006199628022318661, 0.006199628022318661, 0.006819590824550527, 0.006819590824550527, 0.006819590824550527, 0.006819590824550527, 0.006819590824550527, 0.006819590824550527, 0.006819590824550527, 0.006819590824550527, 0.006819590824550527, 0.006819590824550527, 0.006819590824550527, 0.006819590824550527, 0.006819590824550527, 0.006819590824550527, 0.7817730936143832, 1.0, 1.0, 1.0]",4.0,2.0,2.0,2.0,2.0,6,-20.95748,8.0,-6.0,hrl_dqn_apf,hierarchical,dqn,-8.081,6.277,26.189,0.00,0.00,0.00,-44.971,6.215,-8.348,0.00,0.00,0.00,6.319,6.747,4.688,0.00,0.00,0.00,4.200,4.200,4.200
2026-02-04 11:18:27,218.97,0,354,354,0.00%,80.00,0.00%,"[0, 5, 10, 15, 20, 25, 30, 35, 40, 45, 50, 55, 60, 65, 70, 75, 80, 85, 90, 95, 100]","[0, 0, 0, 0, 0, 0, 0, 0, 0, 0, 0, 0, 0, 0, 0, 0, 1613, 0, 0, 0]","[0.0, 0.0, 0.0, 0.0, 0.0, 0.0, 0.0, 0.0, 0.0, 0.0, 0.0, 0.0, 0.0, 0.0, 0.0, 0.0, 1.0, 1.0, 1.0, 1.0]",4.0,2.0,2.0,2.0,2.0,6,-20.95748,8.0,-6.0,hrl_dqn_apf,hierarchical,dqn,-8.081,6.272,27.539,0.00,0.00,0.00,-46.320,6.210,-8.349,0.00,0.00,0.00,6.311,6.850,4.688,0.00,0.00,0.00,4.200,4.200,4.200
2026-02-04 11:18:28,219.98,0,354,354,0.00%,80.00,0.00%,"[0, 5, 10, 15, 20, 25, 30, 35, 40, 45, 50, 55, 60, 65, 70, 75, 80, 85, 90, 95, 100]","[0, 0, 0, 0, 0, 0, 0, 0, 0, 0, 0, 0, 0, 0, 0, 0, 1613, 0, 0, 0]","[0.0, 0.0, 0.0, 0.0, 0.0, 0.0, 0.0, 0.0, 0.0, 0.0, 0.0, 0.0, 0.0, 0.0, 0.0, 0.0, 1.0, 1.0, 1.0, 1.0]",4.0,2.0,2.0,2.0,2.0,6,-20.95748,8.0,-6.0,hrl_dqn_apf,hierarchical,dqn,-8.081,6.268,28.468,0.00,0.00,0.00,-47.249,6.206,-8.349,0.00,0.00,0.00,6.308,6.921,4.688,0.00,0.00,0.00,4.200,4.200,4.200
2026-02-04 11:18:29,220.98,0,354,354,0.00%,80.00,0.00%,"[0, 5, 10, 15, 20, 25, 30, 35, 40, 45, 50, 55, 60, 65, 70, 75, 80, 85, 90, 95, 100]","[0, 0, 0, 0, 0, 0, 0, 0, 0, 0, 0, 0, 0, 0, 0, 0, 1613, 0, 0, 0]","[0.0, 0.0, 0.0, 0.0, 0.0, 0.0, 0.0, 0.0, 0.0, 0.0, 0.0, 0.0, 0.0, 0.0, 0.0, 0.0, 1.0, 1.0, 1.0, 1.0]",4.0,2.0,2.0,2.0,2.0,6,-20.95748,8.0,-6.0,hrl_dqn_apf,hierarchical,dqn,-8.081,6.265,29.229,0.00,0.00,0.00,-48.009,6.203,-8.349,0.00,0.00,0.00,6.326,6.980,4.688,0.00,0.00,0.00,4.200,4.200,4.200
2026-02-04 11:18:30,221.99,0,354,354,0.00%,80.00,0.00%,"[0, 5, 10, 15, 20, 25, 30, 35, 40, 45, 50, 55, 60, 65, 70, 75, 80, 85, 90, 95, 100]","[0, 0, 0, 0, 0, 0, 0, 0, 0, 0, 0, 0, 0, 0, 0, 0, 1613, 0, 0, 0]","[0.0, 0.0, 0.0, 0.0, 0.0, 0.0, 0.0, 0.0, 0.0, 0.0, 0.0, 0.0, 0.0, 0.0, 0.0, 0.0, 1.0, 1.0, 1.0, 1.0]",4.0,2.0,2.0,2.0,2.0,6,-20.95748,8.0,-6.0,hrl_dqn_apf,hierarchical,dqn,-8.081,6.262,29.986,0.00,0.00,0.00,-48.766,6.200,-8.349,0.00,0.00,0.00,6.319,7.037,4.688,0.00,0.00,0.00,4.200,4.200,4.200
2026-02-04 11:18:31,222.99,0,352,352,0.00%,80.07,0.12%,"[0, 5, 10, 15, 20, 25, 30, 35, 40, 45, 50, 55, 60, 65, 70, 75, 80, 85, 90, 95, 100]","[2, 0, 0, 0, 0, 0, 0, 0, 0, 0, 0, 0, 0, 0, 0, 0, 1611, 0, 0, 0]","[0.0012399256044637321, 0.0012399256044637321, 0.0012399256044637321, 0.0012399256044637321, 0.0012399256044637321, 0.0012399256044637321, 0.0012399256044637321, 0.0012399256044637321, 0.0012399256044637321, 0.0012399256044637321, 0.0012399256044637321, 0.0012399256044637321, 0.0012399256044637321, 0.0012399256044637321, 0.0012399256044637321, 0.0012399256044637321, 1.0, 1.0, 1.0, 1.0]",4.0,2.0,2.0,2.0,2.0,6,-20.95748,8.0,-6.0,hrl_dqn_apf,hierarchical,dqn,-8.081,6.259,30.747,0.00,0.00,0.00,-49.526,6.197,-8.350,0.00,0.00,0.00,6.319,7.096,4.688,0.00,0.00,0.00,4.200,4.200,4.200
2026-02-04 11:18:32,223.99,0,353,353,0.00%,80.42,0.12%,"[0, 5, 10, 15, 20, 25, 30, 35, 40, 45, 50, 55, 60, 65, 70, 75, 80, 85, 90, 95, 100]","[2, 0, 0, 0, 0, 0, 0, 0, 0, 0, 0, 0, 0, 0, 0, 0, 1611, 0, 0, 0]","[0.0012399256044637321, 0.0012399256044637321, 0.0012399256044637321, 0.0012399256044637321, 0.0012399256044637321, 0.0012399256044637321, 0.0012399256044637321, 0.0012399256044637321, 0.0012399256044637321, 0.0012399256044637321, 0.0012399256044637321, 0.0012399256044637321, 0.0012399256044637321, 0.0012399256044637321, 0.0012399256044637321, 0.0012399256044637321, 1.0, 1.0, 1.0, 1.0]",4.0,2.0,2.0,2.0,2.0,6,-20.95748,8.0,-6.0,hrl_dqn_apf,hierarchical,dqn,-8.081,6.242,32.279,0.00,0.00,0.00,-51.057,6.181,-8.350,0.00,0.00,0.00,6.316,7.205,4.688,0.00,0.00,0.00,4.200,4.200,4.200
2026-02-04 11:18:33,225.00,0,353,353,0.00%,80.60,0.12%,"[0, 5, 10, 15, 20, 25, 30, 35, 40, 45, 50, 55, 60, 65, 70, 75, 80, 85, 90, 95, 100]","[2, 0, 0, 0, 0, 0, 0, 0, 0, 0, 0, 0, 0, 0, 0, 0, 1611, 0, 0, 0]","[0.0012399256044637321, 0.0012399256044637321, 0.0012399256044637321, 0.0012399256044637321, 0.0012399256044637321, 0.0012399256044637321, 0.0012399256044637321, 0.0012399256044637321, 0.0012399256044637321, 0.0012399256044637321, 0.0012399256044637321, 0.0012399256044637321, 0.0012399256044637321, 0.0012399256044637321, 0.0012399256044637321, 0.0012399256044637321, 1.0, 1.0, 1.0, 1.0]",4.0,2.0,2.0,2.0,2.0,6,-20.95748,8.0,-6.0,hrl_dqn_apf,hierarchical,dqn,-8.082,6.176,33.045,0.00,0.00,0.00,-51.823,6.114,-8.350,0.00,0.00,0.00,6.309,7.204,4.688,0.00,0.00,0.00,4.200,4.200,4.200
2026-02-04 11:18:34,226.01,0,353,353,0.00%,80.77,0.12%,"[0, 5, 10, 15, 20, 25, 30, 35, 40, 45, 50, 55, 60, 65, 70, 75, 80, 85, 90, 95, 100]","[2, 0, 0, 0, 0, 0, 0, 0, 0, 0, 0, 0, 0, 0, 0, 0, 1611, 0, 0, 0]","[0.0012399256044637321, 0.0012399256044637321, 0.0012399256044637321, 0.0012399256044637321, 0.0012399256044637321, 0.0012399256044637321, 0.0012399256044637321, 0.0012399256044637321, 0.0012399256044637321, 0.0012399256044637321, 0.0012399256044637321, 0.0012399256044637321, 0.0012399256044637321, 0.0012399256044637321, 0.0012399256044637321, 0.0012399256044637321, 1.0, 1.0, 1.0, 1.0]",4.0,2.0,2.0,2.0,2.0,6,-20.95748,8.0,-6.0,hrl_dqn_apf,hierarchical,dqn,-8.082,6.147,33.802,0.00,0.00,0.00,-52.580,6.085,-8.351,0.00,0.00,0.00,6.331,7.238,4.688,0.00,0.00,0.00,4.200,4.200,4.200
2026-02-04 11:18:35,227.01,0,355,355,0.00%,80.95,0.12%,"[0, 5, 10, 15, 20, 25, 30, 35, 40, 45, 50, 55, 60, 65, 70, 75, 80, 85, 90, 95, 100]","[2, 0, 0, 0, 0, 0, 0, 0, 0, 0, 0, 0, 0, 0, 0, 0, 1611, 0, 0, 0]","[0.0012399256044637321, 0.0012399256044637321, 0.0012399256044637321, 0.0012399256044637321, 0.0012399256044637321, 0.0012399256044637321, 0.0012399256044637321, 0.0012399256044637321, 0.0012399256044637321, 0.0012399256044637321, 0.0012399256044637321, 0.0012399256044637321, 0.0012399256044637321, 0.0012399256044637321, 0.0012399256044637321, 0.0012399256044637321, 1.0, 1.0, 1.0, 1.0]",4.0,2.0,2.0,2.0,2.0,6,-20.95748,8.0,-6.0,hrl_dqn_apf,hierarchical,dqn,-8.082,6.133,34.565,0.00,0.00,0.00,-53.343,6.071,-8.351,0.00,0.00,0.00,6.326,7.285,4.688,0.00,0.00,0.00,4.200,4.200,4.200
2026-02-04 11:18:36,228.01,0,357,357,0.00%,81.30,0.12%,"[0, 5, 10, 15, 20, 25, 30, 35, 40, 45, 50, 55, 60, 65, 70, 75, 80, 85, 90, 95, 100]","[2, 0, 0, 0, 0, 0, 0, 0, 0, 0, 0, 0, 0, 0, 0, 0, 1259, 352, 0, 0]","[0.0012399256044637321, 0.0012399256044637321, 0.0012399256044637321, 0.0012399256044637321, 0.0012399256044637321, 0.0012399256044637321, 0.0012399256044637321, 0.0012399256044637321, 0.0012399256044637321, 0.0012399256044637321, 0.0012399256044637321, 0.0012399256044637321, 0.0012399256044637321, 0.0012399256044637321, 0.0012399256044637321, 0.0012399256044637321, 0.7817730936143832, 1.0, 1.0, 1.0]",4.0,2.0,2.0,2.0,2.0,6,-20.95748,8.0,-6.0,hrl_dqn_apf,hierarchical,dqn,-8.082,6.120,36.085,0.00,0.00,0.00,-54.863,6.058,-8.351,0.00,0.00,0.00,6.320,7.395,4.688,0.00,0.00,0.00,4.200,4.200,4.200
2026-02-04 11:18:37,229.01,0,361,361,0.00%,81.48,0.12%,"[0, 5, 10, 15, 20, 25, 30, 35, 40, 45, 50, 55, 60, 65, 70, 75, 80, 85, 90, 95, 100]","[2, 0, 0, 0, 0, 0, 0, 0, 0, 0, 0, 0, 0, 0, 0, 0, 1259, 352, 0, 0]","[0.0012399256044637321, 0.0012399256044637321, 0.0012399256044637321, 0.0012399256044637321, 0.0012399256044637321, 0.0012399256044637321, 0.0012399256044637321, 0.0012399256044637321, 0.0012399256044637321, 0.0012399256044637321, 0.0012399256044637321, 0.0012399256044637321, 0.0012399256044637321, 0.0012399256044637321, 0.0012399256044637321, 0.0012399256044637321, 0.7817730936143832, 1.0, 1.0, 1.0]",4.0,2.0,2.0,2.0,2.0,6,-20.95748,8.0,-6.0,hrl_dqn_apf,hierarchical,dqn,-8.082,6.117,36.845,0.00,0.00,0.00,-55.623,6.055,-8.352,0.00,0.00,0.00,6.313,7.451,4.688,0.00,0.00,0.00,4.200,4.200,4.200
2026-02-04 11:18:38,230.02,0,365,365,0.00%,81.66,0.12%,"[0, 5, 10, 15, 20, 25, 30, 35, 40, 45, 50, 55, 60, 65, 70, 75, 80, 85, 90, 95, 100]","[2, 0, 0, 0, 0, 0, 0, 0, 0, 0, 0, 0, 0, 0, 0, 0, 1258, 353, 0, 0]","[0.0012399256044637321, 0.0012399256044637321, 0.0012399256044637321, 0.0012399256044637321, 0.0012399256044637321, 0.0012399256044637321, 0.0012399256044637321, 0.0012399256044637321, 0.0012399256044637321, 0.0012399256044637321, 0.0012399256044637321, 0.0012399256044637321, 0.0012399256044637321, 0.0012399256044637321, 0.0012399256044637321, 0.0012399256044637321, 0.7811531308121513, 1.0, 1.0, 1.0]",4.0,2.0,2.0,2.0,2.0,6,-20.95748,8.0,-6.0,hrl_dqn_apf,hierarchical,dqn,-8.082,6.113,37.605,0.00,0.00,0.00,-56.383,6.051,-8.352,0.00,0.00,0.00,6.310,7.509,4.688,0.00,0.00,0.00,4.200,4.200,4.200
2026-02-04 11:18:39,231.02,0,354,354,0.00%,80.00,0.00%,"[0, 5, 10, 15, 20, 25, 30, 35, 40, 45, 50, 55, 60, 65, 70, 75, 80, 85, 90, 95, 100]","[0, 0, 0, 0, 0, 0, 0, 0, 0, 0, 0, 0, 0, 0, 0, 0, 1613, 0, 0, 0]","[0.0, 0.0, 0.0, 0.0, 0.0, 0.0, 0.0, 0.0, 0.0, 0.0, 0.0, 0.0, 0.0, 0.0, 0.0, 0.0, 1.0, 1.0, 1.0, 1.0]",4.0,2.0,2.0,2.0,2.0,6,-20.95748,8.0,-6.0,hrl_dqn_apf,hierarchical,dqn,-8.082,6.107,39.125,0.00,0.00,0.00,-57.903,6.045,-8.352,0.00,0.00,0.00,6.324,7.625,4.688,0.00,0.00,0.00,4.200,4.200,4.200
2026-02-04 11:18:40,232.02,0,354,354,0.00%,80.00,0.00%,"[0, 5, 10, 15, 20, 25, 30, 35, 40, 45, 50, 55, 60, 65, 70, 75, 80, 85, 90, 95, 100]","[0, 0, 0, 0, 0, 0, 0, 0, 0, 0, 0, 0, 0, 0, 0, 0, 1613, 0, 0, 0]","[0.0, 0.0, 0.0, 0.0, 0.0, 0.0, 0.0, 0.0, 0.0, 0.0, 0.0, 0.0, 0.0, 0.0, 0.0, 0.0, 1.0, 1.0, 1.0, 1.0]",4.0,2.0,2.0,2.0,2.0,6,-20.95748,8.0,-6.0,hrl_dqn_apf,hierarchical,dqn,-8.082,6.104,39.888,0.00,0.00,0.00,-58.666,6.042,-8.353,0.00,0.00,0.00,6.317,7.683,4.688,0.00,0.00,0.00,4.200,4.200,4.200
2026-02-04 11:18:41,233.02,0,354,354,0.00%,80.00,0.00%,"[0, 5, 10, 15, 20, 25, 30, 35, 40, 45, 50, 55, 60, 65, 70, 75, 80, 85, 90, 95, 100]","[0, 0, 0, 0, 0, 0, 0, 0, 0, 0, 0, 0, 0, 0, 0, 0, 1613, 0, 0, 0]","[0.0, 0.0, 0.0, 0.0, 0.0, 0.0, 0.0, 0.0, 0.0, 0.0, 0.0, 0.0, 0.0, 0.0, 0.0, 0.0, 1.0, 1.0, 1.0, 1.0]",4.0,2.0,2.0,2.0,2.0,6,-20.95748,8.0,-6.0,hrl_dqn_apf,hierarchical,dqn,-8.082,6.101,40.648,0.00,0.00,0.00,-59.426,6.039,-8.353,0.00,0.00,0.00,6.310,7.739,4.688,0.00,0.00,0.00,4.200,4.200,4.200
2026-02-04 11:18:42,234.03,0,354,354,0.00%,80.00,0.00%,"[0, 5, 10, 15, 20, 25, 30, 35, 40, 45, 50, 55, 60, 65, 70, 75, 80, 85, 90, 95, 100]","[0, 0, 0, 0, 0, 0, 0, 0, 0, 0, 0, 0, 0, 0, 0, 0, 1613, 0, 0, 0]","[0.0, 0.0, 0.0, 0.0, 0.0, 0.0, 0.0, 0.0, 0.0, 0.0, 0.0, 0.0, 0.0, 0.0, 0.0, 0.0, 1.0, 1.0, 1.0, 1.0]",4.0,2.0,2.0,2.0,2.0,6,-20.95748,8.0,-6.0,hrl_dqn_apf,hierarchical,dqn,-8.082,6.098,41.408,0.00,0.00,0.00,-60.186,6.036,-8.353,0.00,0.00,0.00,6.307,7.796,4.688,0.00,0.00,0.00,4.200,4.200,4.200
2026-02-04 11:18:43,235.03,0,352,352,0.00%,80.07,0.12%,"[0, 5, 10, 15, 20, 25, 30, 35, 40, 45, 50, 55, 60, 65, 70, 75, 80, 85, 90, 95, 100]","[2, 0, 0, 0, 0, 0, 0, 0, 0, 0, 0, 0, 0, 0, 0, 0, 1611, 0, 0, 0]","[0.0012399256044637321, 0.0012399256044637321, 0.0012399256044637321, 0.0012399256044637321, 0.0012399256044637321, 0.0012399256044637321, 0.0012399256044637321, 0.0012399256044637321, 0.0012399256044637321, 0.0012399256044637321, 0.0012399256044637321, 0.0012399256044637321, 0.0012399256044637321, 0.0012399256044637321, 0.0012399256044637321, 0.0012399256044637321, 1.0, 1.0, 1.0, 1.0]",4.0,2.0,2.0,2.0,2.0,6,-20.95748,8.0,-6.0,hrl_dqn_apf,hierarchical,dqn,-8.082,6.095,42.168,0.00,0.00,0.00,-60.946,6.033,-8.353,0.00,0.00,0.00,6.324,7.855,4.688,0.00,0.00,0.00,4.166,4.166,4.195
2026-02-04 11:18:44,236.04,0,353,353,0.00%,80.39,0.12%,"[0, 5, 10, 15, 20, 25, 30, 35, 40, 45, 50, 55, 60, 65, 70, 75, 80, 85, 90, 95, 100]","[2, 0, 0, 0, 0, 0, 1, 0, 0, 0, 0, 0, 0, 0, 0, 0, 1610, 0, 0, 0]","[0.0012399256044637321, 0.0012399256044637321, 0.0012399256044637321, 0.0012399256044637321, 0.0012399256044637321, 0.0012399256044637321, 0.0018598884066955983, 0.0018598884066955983, 0.0018598884066955983, 0.0018598884066955983, 0.0018598884066955983, 0.0018598884066955983, 0.0018598884066955983, 0.0018598884066955983, 0.0018598884066955983, 0.0018598884066955983, 1.0, 1.0, 1.0, 1.0]",4.0,2.0,2.0,2.0,2.0,20,-30.0,8.0,12.0,hrl_dqn_apf,hierarchical,dqn,-8.082,6.272,42.455,0.00,0.00,0.00,-61.860,6.119,-8.971,0.00,0.00,0.00,6.321,7.911,4.062,0.00,0.00,0.00,4.163,4.163,4.192
2026-02-04 11:18:45,237.04,0,353,353,0.00%,80.55,0.19%,"[0, 5, 10, 15, 20, 25, 30, 35, 40, 45, 50, 55, 60, 65, 70, 75, 80, 85, 90, 95, 100]","[3, 0, 0, 0, 0, 0, 0, 0, 0, 0, 0, 0, 0, 0, 0, 0, 1610, 0, 0, 0]","[0.0018598884066955983, 0.0018598884066955983, 0.0018598884066955983, 0.0018598884066955983, 0.0018598884066955983, 0.0018598884066955983, 0.0018598884066955983, 0.0018598884066955983, 0.0018598884066955983, 0.0018598884066955983, 0.0018598884066955983, 0.0018598884066955983, 0.0018598884066955983, 0.0018598884066955983, 0.0018598884066955983, 0.0018598884066955983, 1.0, 1.0, 1.0, 1.0]",4.0,2.0,2.0,2.0,2.0,20,-30.0,8.0,12.0,hrl_dqn_apf,hierarchical,dqn,-8.082,6.276,41.839,0.00,0.00,0.00,-61.935,6.128,-9.657,0.00,0.00,0.00,6.324,7.909,3.367,0.00,0.00,0.00,4.160,4.160,4.189
2026-02-04 11:18:46,238.04,0,353,353,0.00%,80.70,0.19%,"[0, 5, 10, 15, 20, 25, 30, 35, 40, 45, 50, 55, 60, 65, 70, 75, 80, 85, 90, 95, 100]","[3, 0, 0, 0, 0, 0, 0, 0, 0, 1, 0, 0, 0, 0, 0, 0, 1609, 0, 0, 0]","[0.0018598884066955983, 0.0018598884066955983, 0.0018598884066955983, 0.0018598884066955983, 0.0018598884066955983, 0.0018598884066955983, 0.0018598884066955983, 0.0018598884066955983, 0.0018598884066955983, 0.0024798512089274642, 0.0024798512089274642, 0.0024798512089274642, 0.0024798512089274642, 0.0024798512089274642, 0.0024798512089274642, 0.0024798512089274642, 1.0, 1.0, 1.0, 1.0]",4.0,2.0,2.0,2.0,2.0,21,-23.84178,8.0,12.0,hrl_dqn_apf,hierarchical,dqn,-8.082,6.273,41.122,0.00,0.00,0.00,-61.639,6.201,-10.081,0.00,0.00,0.00,6.325,7.906,2.628,0.00,0.00,0.00,4.157,4.157,4.186
2026-02-04 11:18:47,239.04,0,355,355,0.00%,80.80,0.31%,"[0, 5, 10, 15, 20, 25, 30, 35, 40, 45, 50, 55, 60, 65, 70, 75, 80, 85, 90, 95, 100]","[5, 0, 0, 0, 0, 0, 0, 0, 0, 0, 0, 0, 0, 0, 0, 0, 1608, 0, 0, 0]","[0.0030998140111593306, 0.0030998140111593306, 0.0030998140111593306, 0.0030998140111593306, 0.0030998140111593306, 0.0030998140111593306, 0.0030998140111593306, 0.0030998140111593306, 0.0030998140111593306, 0.0030998140111593306, 0.0030998140111593306, 0.0030998140111593306, 0.0030998140111593306, 0.0030998140111593306, 0.0030998140111593306, 0.0030998140111593306, 1.0, 1.0, 1.0, 1.0]",4.0,2.0,2.0,2.0,2.0,0,-29.68163,8.0,-12.0,hrl_dqn_apf,hierarchical,dqn,-8.082,6.270,40.373,0.00,0.00,0.00,-61.020,6.209,-10.220,0.00,0.00,0.00,6.103,7.978,2.092,0.00,0.00,0.00,4.154,4.154,4.183
2026-02-04 11:18:48,240.05,0,357,357,0.00%,81.12,0.37%,"[0, 5, 10, 15, 20, 25, 30, 35, 40, 45, 50, 55, 60, 65, 70, 75, 80, 85, 90, 95, 100]","[5, 0, 0, 0, 0, 1, 0, 0, 0, 0, 0, 0, 0, 0, 0, 0, 1255, 352, 0, 0]","[0.0030998140111593306, 0.0030998140111593306, 0.0030998140111593306, 0.0030998140111593306, 0.0030998140111593306, 0.0037197768133911966, 0.0037197768133911966, 0.0037197768133911966, 0.0037197768133911966, 0.0037197768133911966, 0.0037197768133911966, 0.0037197768133911966, 0.0037197768133911966, 0.0037197768133911966, 0.0037197768133911966, 0.0037197768133911966, 0.7817730936143832, 1.0, 1.0, 1.0]",4.0,2.0,2.0,2.0,2.0,0,-29.68163,8.0,-12.0,hrl_dqn_apf,hierarchical,dqn,-8.082,6.264,38.853,0.00,0.00,0.00,-59.546,6.204,-10.277,0.00,0.00,0.00,4.802,7.992,1.851,0.00,0.00,0.00,4.151,4.151,4.180
2026-02-04 11:18:49,241.05,0,361,361,0.00%,81.24,0.43%,"[0, 5, 10, 15, 20, 25, 30, 35, 40, 45, 50, 55, 60, 65, 70, 75, 80, 85, 90, 95, 100]","[6, 1, 0, 0, 0, 0, 0, 0, 0, 0, 0, 0, 0, 0, 0, 0, 1254, 352, 0, 0]","[0.0037197768133911966, 0.0043397396156230625, 0.0043397396156230625, 0.0043397396156230625, 0.0043397396156230625, 0.0043397396156230625, 0.0043397396156230625, 0.0043397396156230625, 0.0043397396156230625, 0.0043397396156230625, 0.0043397396156230625, 0.0043397396156230625, 0.0043397396156230625, 0.0043397396156230625, 0.0043397396156230625, 0.0043397396156230625, 0.7817730936143832, 1.0, 1.0, 1.0]",4.0,2.0,2.0,2.0,2.0,5,-29.52125,8.0,-6.0,hrl_dqn_apf,hierarchical,dqn,-8.082,6.261,38.073,0.00,0.00,0.00,-58.769,6.201,-10.281,0.00,0.00,0.00,4.035,7.989,1.833,0.00,0.00,0.00,4.148,4.148,4.176
2026-02-04 11:18:50,242.05,0,365,365,0.00%,81.37,0.50%,"[0, 5, 10, 15, 20, 25, 30, 35, 40, 45, 50, 55, 60, 65, 70, 75, 80, 85, 90, 95, 100]","[7, 1, 0, 0, 0, 0, 0, 0, 0, 0, 0, 0, 0, 0, 0, 1, 1251, 353, 0, 0]","[0.0043397396156230625, 0.0049597024178549285, 0.0049597024178549285, 0.0049597024178549285, 0.0049597024178549285, 0.0049597024178549285, 0.0049597024178549285, 0.0049597024178549285, 0.0049597024178549285, 0.0049597024178549285, 0.0049597024178549285, 0.0049597024178549285, 0.0049597024178549285, 0.0049597024178549285, 0.0049597024178549285, 0.005579665220086794, 0.7811531308121513, 1.0, 1.0, 1.0]",4.0,2.0,2.0,2.0,2.0,13,-11.361270000000001,8.0,0.0,hrl_dqn_apf,hierarchical,dqn,-8.082,6.258,37.313,0.00,0.00,0.00,-58.009,6.198,-10.282,0.00,0.00,0.00,3.278,7.986,1.828,0.00,0.00,0.00,4.145,4.145,4.174
2026-02-04 11:18:51,243.06,0,363,363,0.00%,81.49,0.56%,"[0, 5, 10, 15, 20, 25, 30, 35, 40, 45, 50, 55, 60, 65, 70, 75, 80, 85, 90, 95, 100]","[9, 0, 0, 0, 0, 0, 0, 0, 0, 0, 0, 0, 0, 0, 0, 1, 1250, 353, 0, 0]","[0.005579665220086794, 0.005579665220086794, 0.005579665220086794, 0.005579665220086794, 0.005579665220086794, 0.005579665220086794, 0.005579665220086794, 0.005579665220086794, 0.005579665220086794, 0.005579665220086794, 0.005579665220086794, 0.005579665220086794, 0.005579665220086794, 0.005579665220086794, 0.005579665220086794, 0.006199628022318661, 0.7811531308121513, 1.0, 1.0, 1.0]",4.0,2.0,2.0,2.0,2.0,13,-11.361270000000001,8.0,0.0,hrl_dqn_apf,hierarchical,dqn,-8.082,6.255,36.553,0.00,0.00,0.00,-57.249,6.195,-10.282,0.00,0.00,0.00,2.519,7.982,1.826,0.00,0.00,0.00,4.142,4.142,4.170
2026-02-04 11:18:52,244.06,0,369,369,0.00%,81.81,0.62%,"[0, 5, 10, 15, 20, 25, 30, 35, 40, 45, 50, 55, 60, 65, 70, 75, 80, 85, 90, 95, 100]","[10, 0, 0, 0, 0, 0, 0, 0, 0, 0, 0, 0, 0, 0, 0, 0, 1246, 7, 350, 0]","[0.006199628022318661, 0.006199628022318661, 0.006199628022318661, 0.006199628022318661, 0.006199628022318661, 0.006199628022318661, 0.006199628022318661, 0.006199628022318661, 0.006199628022318661, 0.006199628022318661, 0.006199628022318661, 0.006199628022318661, 0.006199628022318661, 0.006199628022318661, 0.006199628022318661, 0.006199628022318661, 0.7786732796032239, 0.7830130192188469, 1.0, 1.0]",4.0,2.0,2.0,2.0,2.0,4,-5.201039999999999,8.0,-12.0,hrl_dqn_apf,hierarchical,dqn,-8.082,6.249,35.033,0.00,0.00,0.00,-55.729,6.189,-10.282,0.00,0.00,0.00,1.643,8.069,1.167,0.00,0.00,0.00,4.139,4.139,4.167
2026-02-04 11:18:53,245.07,0,369,369,0.00%,81.97,0.62%,"[0, 5, 10, 15, 20, 25, 30, 35, 40, 45, 50, 55, 60, 65, 70, 75, 80, 85, 90, 95, 100]","[10, 0, 0, 0, 0, 0, 0, 0, 0, 1, 0, 0, 0, 0, 0, 0, 1245, 7, 350, 0]","[0.006199628022318661, 0.006199628022318661, 0.006199628022318661, 0.006199628022318661, 0.006199628022318661, 0.006199628022318661, 0.006199628022318661, 0.006199628022318661, 0.006199628022318661, 0.006819590824550527, 0.006819590824550527, 0.006819590824550527, 0.006819590824550527, 0.006819590824550527, 0.006819590824550527, 0.006819590824550527, 0.7786732796032239, 0.7830130192188469, 1.0, 1.0]",4.0,2.0,2.0,2.0,2.0,22,-17.04044,8.0,12.0,hrl_dqn_apf,hierarchical,dqn,-8.082,6.245,34.273,0.00,0.00,0.00,-54.969,6.186,-10.282,0.00,0.00,0.00,1.568,8.069,0.472,0.00,0.00,0.00,4.136,4.136,4.164
2026-02-04 11:18:54,246.07,0,369,369,0.00%,82.13,0.68%,"[0, 5, 10, 15, 20, 25, 30, 35, 40, 45, 50, 55, 60, 65, 70, 75, 80, 85, 90, 95, 100]","[11, 0, 0, 0, 0, 0, 0, 0, 0, 0, 0, 0, 0, 0, 0, 0, 1241, 11, 350, 0]","[0.006819590824550527, 0.006819590824550527, 0.006819590824550527, 0.006819590824550527, 0.006819590824550527, 0.006819590824550527, 0.006819590824550527, 0.006819590824550527, 0.006819590824550527, 0.006819590824550527, 0.006819590824550527, 0.006819590824550527, 0.006819590824550527, 0.006819590824550527, 0.006819590824550527, 0.006819590824550527, 0.7761934283942964, 0.7830130192188469, 1.0, 1.0]",4.0,2.0,2.0,2.0,2.0,22,-17.04044,8.0,12.0,hrl_dqn_apf,hierarchical,dqn,-8.082,6.242,33.507,0.00,0.00,0.00,-54.203,6.183,-10.282,0.00,0.00,0.00,1.544,8.066,-0.277,0.00,0.00,0.00,4.133,4.133,4.161
2026-02-04 11:18:55,247.07,0,369,369,0.00%,82.28,0.68%,"[0, 5, 10, 15, 20, 25, 30, 35, 40, 45, 50, 55, 60, 65, 70, 75, 80, 85, 90, 95, 100]","[11, 0, 0, 0, 0, 0, 1, 0, 0, 0, 0, 0, 0, 0, 0, 0, 1238, 12, 351, 0]","[0.006819590824550527, 0.006819590824550527, 0.006819590824550527, 0.006819590824550527, 0.006819590824550527, 0.006819590824550527, 0.007439553626782393, 0.007439553626782393, 0.007439553626782393, 0.007439553626782393, 0.007439553626782393, 0.007439553626782393, 0.007439553626782393, 0.007439553626782393, 0.007439553626782393, 0.007439553626782393, 0.7749535027898327, 0.782393056416615, 1.0, 1.0]",4.0,2.0,2.0,2.0,2.0,7,-16.88041,8.0,-6.0,hrl_dqn_apf,hierarchical,dqn,-8.082,6.239,32.730,0.00,0.00,0.00,-53.426,6.179,-10.282,0.00,0.00,0.00,1.537,8.063,-1.049,0.00,0.00,0.00,4.130,4.130,4.158
2026-02-04 11:18:56,248.07,0,373,373,0.00%,82.58,0.81%,"[0, 5, 10, 15, 20, 25, 30, 35, 40, 45, 50, 55, 60, 65, 70, 75, 80, 85, 90, 95, 100]","[13, 0, 0, 0, 0, 0, 0, 0, 0, 0, 0, 0, 0, 0, 0, 0, 1233, 14, 353, 0]","[0.008059516429014259, 0.008059516429014259, 0.008059516429014259, 0.008059516429014259, 0.008059516429014259, 0.008059516429014259, 0.008059516429014259, 0.008059516429014259, 0.008059516429014259, 0.008059516429014259, 0.008059516429014259, 0.008059516429014259, 0.008059516429014259, 0.008059516429014259, 0.008059516429014259, 0.008059516429014259, 0.7724736515809052, 0.7811531308121513, 1.0, 1.0]",4.0,2.0,2.0,2.0,2.0,4,-4.718219999999999,8.0,-12.0,hrl_dqn_apf,hierarchical,dqn,-8.082,6.233,31.206,0.00,0.00,0.00,-51.903,6.173,-10.282,0.00,0.00,0.00,1.534,8.057,-2.571,0.00,0.00,0.00,4.127,4.127,4.155
2026-02-04 11:18:57,249.08,0,373,373,0.00%,82.75,0.81%,"[0, 5, 10, 15, 20, 25, 30, 35, 40, 45, 50, 55, 60, 65, 70, 75, 80, 85, 90, 95, 100]","[13, 0, 0, 0, 0, 0, 0, 0, 0, 1, 0, 0, 0, 0, 0, 0, 1228, 16, 7, 348]","[0.008059516429014259, 0.008059516429014259, 0.008059516429014259, 0.008059516429014259, 0.008059516429014259, 0.008059516429014259, 0.008059516429014259, 0.008059516429014259, 0.008059516429014259, 0.008679479231246125, 0.008679479231246125, 0.008679479231246125, 0.008679479231246125, 0.008679479231246125, 0.008679479231246125, 0.008679479231246125, 0.7699938003719777, 0.7799132052076876, 0.7842529448233106, 1.0]",4.0,2.0,2.0,2.0,2.0,4,-4.718219999999999,8.0,-12.0,hrl_dqn_apf,hierarchical,dqn,-8.082,6.230,30.446,0.00,0.00,0.00,-51.143,6.170,-10.282,0.00,0.00,0.00,1.534,8.054,-3.332,0.00,0.00,0.00,4.124,4.124,4.152
2026-02-04 11:18:58,250.08,0,373,373,0.00%,82.90,0.87%,"[0, 5, 10, 15, 20, 25, 30, 35, 40, 45, 50, 55, 60, 65, 70, 75, 80, 85, 90, 95, 100]","[14, 0, 0, 0, 0, 0, 0, 0, 0, 0, 0, 0, 0, 0, 1, 0, 1227, 16, 7, 348]","[0.008679479231246125, 0.008679479231246125, 0.008679479231246125, 0.008679479231246125, 0.008679479231246125, 0.008679479231246125, 0.008679479231246125, 0.008679479231246125, 0.008679479231246125, 0.008679479231246125, 0.008679479231246125, 0.008679479231246125, 0.008679479231246125, 0.008679479231246125, 0.009299442033477991, 0.009299442033477991, 0.7699938003719777, 0.7799132052076876, 0.7842529448233106, 1.0]",4.0,2.0,2.0,2.0,2.0,6,-22.55797,8.0,-6.0,hrl_dqn_apf,hierarchical,dqn,-8.082,6.227,29.683,0.00,0.00,0.00,-50.380,6.167,-10.282,0.00,0.00,0.00,1.534,8.050,-4.095,0.00,0.00,0.00,4.121,4.121,4.149
2026-02-04 11:18:59,251.09,0,374,374,0.00%,83.04,0.93%,"[0, 5, 10, 15, 20, 25, 30, 35, 40, 45, 50, 55, 60, 65, 70, 75, 80, 85, 90, 95, 100]","[15, 0, 0, 0, 0, 0, 0, 0, 0, 0, 0, 0, 0, 0, 0, 0, 1227, 16, 7, 348]","[0.009299442033477991, 0.009299442033477991, 0.009299442033477991, 0.009299442033477991, 0.009299442033477991, 0.009299442033477991, 0.009299442033477991, 0.009299442033477991, 0.009299442033477991, 0.009299442033477991, 0.009299442033477991, 0.009299442033477991, 0.009299442033477991, 0.009299442033477991, 0.009299442033477991, 0.009299442033477991, 0.7699938003719777, 0.7799132052076876, 0.7842529448233106, 1.0]",4.0,2.0,2.0,2.0,2.0,6,-22.55797,8.0,-6.0,hrl_dqn_apf,hierarchical,dqn,-8.082,6.224,28.922,0.00,0.00,0.00,-49.620,6.164,-10.282,0.00,0.00,0.00,1.534,8.047,-4.855,0.00,0.00,0.00,4.118,4.118,4.146
2026-02-04 11:19:00,252.10,0,376,376,0.00%,83.36,0.99%,"[0, 5, 10, 15, 20, 25, 30, 35, 40, 45, 50, 55, 60, 65, 70, 75, 80, 85, 90, 95, 100]","[16, 0, 0, 0, 0, 0, 0, 0, 0, 0, 0, 0, 0, 0, 0, 0, 1224, 10, 14, 349]","[0.009919404835709857, 0.009919404835709857, 0.009919404835709857, 0.009919404835709857, 0.009919404835709857, 0.009919404835709857, 0.009919404835709857, 0.009919404835709857, 0.009919404835709857, 0.009919404835709857, 0.009919404835709857, 0.009919404835709857, 0.009919404835709857, 0.009919404835709857, 0.009919404835709857, 0.009919404835709857, 0.768753874767514, 0.7749535027898327, 0.7836329820210788, 1.0]",4.0,2.0,2.0,2.0,2.0,22,-16.39795,8.0,12.0,hrl_dqn_apf,hierarchical,dqn,-8.082,6.218,27.407,0.00,0.00,0.00,-48.106,6.158,-10.282,0.00,0.00,0.00,1.534,8.124,-6.255,0.00,0.00,0.00,4.115,4.115,4.143
2026-02-04 11:19:01,253.11,0,378,378,0.00%,83.55,0.99%,"[0, 5, 10, 15, 20, 25, 30, 35, 40, 45, 50, 55, 60, 65, 70, 75, 80, 85, 90, 95, 100]","[16, 0, 0, 0, 0, 0, 0, 0, 0, 0, 0, 0, 0, 0, 0, 0, 1220, 14, 12, 351]","[0.009919404835709857, 0.009919404835709857, 0.009919404835709857, 0.009919404835709857, 0.009919404835709857, 0.009919404835709857, 0.009919404835709857, 0.009919404835709857, 0.009919404835709857, 0.009919404835709857, 0.009919404835709857, 0.009919404835709857, 0.009919404835709857, 0.009919404835709857, 0.009919404835709857, 0.009919404835709857, 0.7662740235585865, 0.7749535027898327, 0.782393056416615, 1.0]",4.0,2.0,2.0,2.0,2.0,24,-4.2374800000000015,8.0,12.0,hrl_dqn_apf,hierarchical,dqn,-8.082,6.215,26.646,0.00,0.00,0.00,-47.346,6.155,-10.282,0.00,0.00,0.00,1.534,8.218,-6.113,0.00,0.00,0.00,4.112,4.112,4.140
2026-02-04 11:19:02,254.11,0,378,378,0.00%,83.74,0.99%,"[0, 5, 10, 15, 20, 25, 30, 35, 40, 45, 50, 55, 60, 65, 70, 75, 80, 85, 90, 95, 100]","[16, 0, 0, 0, 0, 0, 0, 0, 0, 0, 0, 0, 0, 0, 0, 0, 1220, 10, 14, 353]","[0.009919404835709857, 0.009919404835709857, 0.009919404835709857, 0.009919404835709857, 0.009919404835709857, 0.009919404835709857, 0.009919404835709857, 0.009919404835709857, 0.009919404835709857, 0.009919404835709857, 0.009919404835709857, 0.009919404835709857, 0.009919404835709857, 0.009919404835709857, 0.009919404835709857, 0.009919404835709857, 0.7662740235585865, 0.7724736515809052, 0.7811531308121513, 1.0]",4.0,2.0,2.0,2.0,2.0,24,-4.2374800000000015,8.0,12.0,hrl_dqn_apf,hierarchical,dqn,-8.082,6.212,25.868,0.00,0.00,0.00,-46.569,6.152,-10.282,0.00,0.00,0.00,1.534,8.225,-5.520,0.00,0.00,0.00,4.109,4.109,4.137
2026-02-04 11:19:03,255.12,0,382,382,0.00%,84.04,1.05%,"[0, 5, 10, 15, 20, 25, 30, 35, 40, 45, 50, 55, 60, 65, 70, 75, 80, 85, 90, 95, 100]","[17, 0, 0, 0, 0, 0, 0, 1, 0, 0, 0, 0, 0, 0, 0, 0, 1217, 9, 16, 353]","[0.010539367637941723, 0.010539367637941723, 0.010539367637941723, 0.010539367637941723, 0.010539367637941723, 0.010539367637941723, 0.010539367637941723, 0.011159330440173589, 0.011159330440173589, 0.011159330440173589, 0.011159330440173589, 0.011159330440173589, 0.011159330440173589, 0.011159330440173589, 0.011159330440173589, 0.011159330440173589, 0.7656540607563547, 0.7712337259764415, 0.7811531308121513, 1.0]",4.0,2.0,2.0,2.0,2.0,21,-22.1572,8.0,12.0,hrl_dqn_apf,hierarchical,dqn,-8.202,6.266,24.463,0.00,0.00,0.00,-45.046,6.146,-10.282,0.00,0.00,0.00,1.534,8.220,-4.059,0.00,0.00,0.00,4.106,4.106,4.134
2026-02-04 11:19:04,256.12,0,384,384,0.00%,84.21,1.12%,"[0, 5, 10, 15, 20, 25, 30, 35, 40, 45, 50, 55, 60, 65, 70, 75, 80, 85, 90, 95, 100]","[18, 0, 0, 0, 0, 0, 0, 0, 0, 0, 0, 0, 0, 0, 0, 0, 1217, 9, 10, 359]","[0.011159330440173589, 0.011159330440173589, 0.011159330440173589, 0.011159330440173589, 0.011159330440173589, 0.011159330440173589, 0.011159330440173589, 0.011159330440173589, 0.011159330440173589, 0.011159330440173589, 0.011159330440173589, 0.011159330440173589, 0.011159330440173589, 0.011159330440173589, 0.011159330440173589, 0.011159330440173589, 0.7656540607563547, 0.7712337259764415, 0.7774333539987601, 1.0]",4.0,2.0,2.0,2.0,2.0,18,-9.99714,8.0,6.0,hrl_dqn_apf,hierarchical,dqn,-8.724,6.295,24.215,0.00,0.00,0.00,-44.286,6.143,-10.282,0.00,0.00,0.00,1.534,8.216,-3.302,0.00,0.00,0.00,4.103,4.103,4.131
2026-02-04 11:19:05,257.12,0,382,382,0.00%,84.36,1.18%,"[0, 5, 10, 15, 20, 25, 30, 35, 40, 45, 50, 55, 60, 65, 70, 75, 80, 85, 90, 95, 100]","[18, 0, 0, 0, 1, 0, 0, 0, 0, 0, 0, 0, 0, 0, 0, 0, 1214, 11, 8, 361]","[0.011159330440173589, 0.011159330440173589, 0.011159330440173589, 0.011159330440173589, 0.011779293242405457, 0.011779293242405457, 0.011779293242405457, 0.011779293242405457, 0.011779293242405457, 0.011779293242405457, 0.011779293242405457, 0.011779293242405457, 0.011779293242405457, 0.011779293242405457, 0.011779293242405457, 0.011779293242405457, 0.7644141351518909, 0.7712337259764415, 0.7761934283942964, 1.0]",4.0,2.0,2.0,2.0,2.0,18,-9.99714,8.0,6.0,hrl_dqn_apf,hierarchical,dqn,-9.420,6.295,24.138,0.00,0.00,0.00,-43.523,6.140,-10.282,0.00,0.00,0.00,1.519,8.231,-2.555,0.00,0.00,0.00,4.100,4.100,4.128
2026-02-04 11:19:06,258.13,0,386,386,0.00%,84.54,1.18%,"[0, 5, 10, 15, 20, 25, 30, 35, 40, 45, 50, 55, 60, 65, 70, 75, 80, 85, 90, 95, 100]","[19, 0, 0, 0, 0, 0, 0, 0, 0, 0, 0, 0, 0, 0, 0, 0, 1212, 7, 14, 361]","[0.011779293242405457, 0.011779293242405457, 0.011779293242405457, 0.011779293242405457, 0.011779293242405457, 0.011779293242405457, 0.011779293242405457, 0.011779293242405457, 0.011779293242405457, 0.011779293242405457, 0.011779293242405457, 0.011779293242405457, 0.011779293242405457, 0.011779293242405457, 0.011779293242405457, 0.011779293242405457, 0.7631742095474272, 0.7675139491630503, 0.7761934283942964, 1.0]",4.0,2.0,2.0,2.0,2.0,13,-9.837,8.0,0.0,hrl_dqn_apf,hierarchical,dqn,-10.161,6.292,24.114,0.00,0.00,0.00,-42.763,6.137,-10.282,0.00,0.00,0.00,1.151,8.296,-2.156,0.00,0.00,0.00,4.097,4.097,4.125
2026-02-04 11:19:07,259.13,0,388,388,0.00%,84.82,1.30%,"[0, 5, 10, 15, 20, 25, 30, 35, 40, 45, 50, 55, 60, 65, 70, 75, 80, 85, 90, 95, 100]","[21, 0, 0, 0, 0, 0, 0, 0, 0, 0, 0, 0, 0, 1, 0, 0, 1209, 7, 8, 367]","[0.013019218846869188, 0.013019218846869188, 0.013019218846869188, 0.013019218846869188, 0.013019218846869188, 0.013019218846869188, 0.013019218846869188, 0.013019218846869188, 0.013019218846869188, 0.013019218846869188, 0.013019218846869188, 0.013019218846869188, 0.013019218846869188, 0.013639181649101054, 0.013639181649101054, 0.013639181649101054, 0.7631742095474272, 0.7675139491630503, 0.7724736515809052, 1.0]",4.0,2.0,2.0,2.0,2.0,7,-15.67655,8.0,-6.0,hrl_dqn_apf,hierarchical,dqn,-10.891,6.377,23.317,0.00,0.00,0.00,-41.257,6.131,-10.282,0.00,0.00,0.00,-0.206,8.300,-1.989,0.00,0.00,0.00,4.094,4.094,4.122
2026-02-04 11:19:08,260.13,0,388,388,0.00%,84.93,1.36%,"[0, 5, 10, 15, 20, 25, 30, 35, 40, 45, 50, 55, 60, 65, 70, 75, 80, 85, 90, 95, 100]","[22, 0, 0, 0, 0, 0, 0, 0, 1, 0, 0, 0, 1, 0, 0, 0, 1202, 11, 9, 367]","[0.013639181649101054, 0.013639181649101054, 0.013639181649101054, 0.013639181649101054, 0.013639181649101054, 0.013639181649101054, 0.013639181649101054, 0.013639181649101054, 0.01425914445133292, 0.01425914445133292, 0.01425914445133292, 0.01425914445133292, 0.014879107253564786, 0.014879107253564786, 0.014879107253564786, 0.014879107253564786, 0.7600743955362679, 0.7668939863608184, 0.7724736515809052, 1.0]",4.0,2.0,2.0,2.0,2.0,7,-15.67655,8.0,-6.0,hrl_dqn_apf,hierarchical,dqn,-10.950,6.376,22.604,0.00,0.00,0.00,-40.494,6.128,-10.282,0.00,0.00,0.00,-0.960,8.297,-1.976,0.00,0.00,0.00,4.091,4.091,4.119
2026-02-04 11:19:09,261.14,1,387,388,0.26%,85.05,1.49%,"[0, 5, 10, 15, 20, 25, 30, 35, 40, 45, 50, 55, 60, 65, 70, 75, 80, 85, 90, 95, 100]","[23, 0, 0, 0, 1, 0, 0, 0, 1, 0, 0, 0, 0, 0, 0, 0, 1199, 13, 9, 367]","[0.01425914445133292, 0.01425914445133292, 0.01425914445133292, 0.01425914445133292, 0.014879107253564786, 0.014879107253564786, 0.014879107253564786, 0.014879107253564786, 0.015499070055796652, 0.015499070055796652, 0.015499070055796652, 0.015499070055796652, 0.015499070055796652, 0.015499070055796652, 0.015499070055796652, 0.015499070055796652, 0.7588344699318041, 0.7668939863608184, 0.7724736515809052, 1.0]",4.0,2.0,2.0,2.0,2.0,0,-27.51661,8.0,-12.0,hrl_dqn_apf,hierarchical,dqn,-10.969,6.373,21.861,0.00,0.00,0.00,-39.737,6.125,-10.282,0.00,0.00,0.00,-1.715,8.294,-1.972,0.00,0.00,0.00,4.088,4.088,4.116
2026-02-04 11:19:10,262.14,1,389,390,0.26%,85.17,1.49%,"[0, 5, 10, 15, 20, 25, 30, 35, 40, 45, 50, 55, 60, 65, 70, 75, 80, 85, 90, 95, 100]","[24, 0, 0, 0, 0, 0, 0, 0, 1, 0, 1, 0, 1, 0, 0, 0, 1199, 13, 9, 365]","[0.014879107253564786, 0.014879107253564786, 0.014879107253564786, 0.014879107253564786, 0.014879107253564786, 0.014879107253564786, 0.014879107253564786, 0.014879107253564786, 0.015499070055796652, 0.015499070055796652, 0.016119032858028518, 0.016119032858028518, 0.016738995660260384, 0.016738995660260384, 0.016738995660260384, 0.016738995660260384, 0.7600743955362679, 0.7681339119652821, 0.7737135771853689, 1.0]",4.0,2.0,2.0,2.0,2.0,20,-27.35651,8.0,12.0,hrl_dqn_apf,hierarchical,dqn,-10.974,6.370,21.101,0.00,0.00,0.00,-38.974,6.122,-10.282,0.00,0.00,0.00,-2.478,8.291,-1.971,0.00,0.00,0.00,4.085,4.085,4.113
2026-02-04 11:19:11,263.14,2,388,390,0.51%,85.38,1.61%,"[0, 5, 10, 15, 20, 25, 30, 35, 40, 45, 50, 55, 60, 65, 70, 75, 80, 85, 90, 95, 100]","[26, 0, 0, 0, 0, 0, 0, 1, 0, 1, 2, 0, 1, 0, 0, 0, 1192, 15, 6, 369]","[0.016119032858028518, 0.016119032858028518, 0.016119032858028518, 0.016119032858028518, 0.016119032858028518, 0.016119032858028518, 0.016119032858028518, 0.016738995660260384, 0.016738995660260384, 0.01735895846249225, 0.018598884066955982, 0.018598884066955982, 0.019218846869187848, 0.019218846869187848, 0.019218846869187848, 0.019218846869187848, 0.7582145071295723, 0.7675139491630503, 0.7712337259764415, 1.0]",4.0,2.0,2.0,2.0,2.0,20,-27.35651,8.0,12.0,hrl_dqn_apf,hierarchical,dqn,-10.977,6.364,19.579,0.00,0.00,0.00,-37.451,6.115,-10.282,0.00,0.00,0.00,-4.001,8.285,-1.971,0.00,0.00,0.00,4.082,4.082,4.110
2026-02-04 11:19:13,264.15,3,388,391,0.77%,85.51,1.74%,"[0, 5, 10, 15, 20, 25, 30, 35, 40, 45, 50, 55, 60, 65, 70, 75, 80, 85, 90, 95, 100]","[28, 0, 0, 0, 0, 0, 0, 0, 0, 1, 1, 0, 1, 0, 0, 0, 1192, 15, 6, 369]","[0.01735895846249225, 0.01735895846249225, 0.01735895846249225, 0.01735895846249225, 0.01735895846249225, 0.01735895846249225, 0.01735895846249225, 0.01735895846249225, 0.01735895846249225, 0.017978921264724116, 0.018598884066955982, 0.018598884066955982, 0.019218846869187848, 0.019218846869187848, 0.019218846869187848, 0.019218846869187848, 0.7582145071295723, 0.7675139491630503, 0.7712337259764415, 1.0]",4.0,2.0,2.0,2.0,2.0,7,-15.19605,8.0,-6.0,hrl_dqn_apf,hierarchical,dqn,-10.977,6.361,18.818,0.00,0.00,0.00,-36.691,6.112,-10.282,0.00,0.00,0.00,-4.761,8.282,-1.971,0.00,0.00,0.00,4.079,4.079,4.107
2026-02-04 11:19:14,265.15,3,388,391,0.77%,85.61,1.80%,"[0, 5, 10, 15, 20, 25, 30, 35, 40, 45, 50, 55, 60, 65, 70, 75, 80, 85, 90, 95, 100]","[28, 0, 0, 0, 0, 1, 0, 0, 1, 1, 0, 1, 1, 1, 0, 0, 1191, 9, 11, 368]","[0.01735895846249225, 0.01735895846249225, 0.01735895846249225, 0.01735895846249225, 0.01735895846249225, 0.017978921264724116, 0.017978921264724116, 0.017978921264724116, 0.018598884066955982, 0.019218846869187848, 0.019218846869187848, 0.019838809671419714, 0.02045877247365158, 0.021078735275883446, 0.021078735275883446, 0.021078735275883446, 0.759454432734036, 0.7650340979541228, 0.7718536887786733, 1.0]",4.0,2.0,2.0,2.0,2.0,18,-9.03585,8.0,6.0,hrl_dqn_apf,hierarchical,dqn,-10.977,6.358,18.058,0.00,0.00,0.00,-35.931,6.109,-10.282,0.00,0.00,0.00,-5.522,8.278,-1.971,0.00,0.00,0.00,4.076,4.076,4.105
2026-02-04 11:19:15,266.16,5,388,393,1.27%,85.72,1.86%,"[0, 5, 10, 15, 20, 25, 30, 35, 40, 45, 50, 55, 60, 65, 70, 75, 80, 85, 90, 95, 100]","[30, 0, 0, 0, 0, 0, 0, 0, 0, 1, 1, 1, 0, 2, 0, 0, 1190, 8, 13, 367]","[0.018598884066955982, 0.018598884066955982, 0.018598884066955982, 0.018598884066955982, 0.018598884066955982, 0.018598884066955982, 0.018598884066955982, 0.018598884066955982, 0.018598884066955982, 0.019218846869187848, 0.019838809671419714, 0.02045877247365158, 0.02045877247365158, 0.02169869807811531, 0.02169869807811531, 0.02169869807811531, 0.759454432734036, 0.7644141351518909, 0.7724736515809052, 1.0]",4.0,2.0,2.0,2.0,2.0,18,-9.03585,8.0,6.0,hrl_dqn_apf,hierarchical,dqn,-10.977,6.355,17.323,0.00,0.00,0.00,-35.197,6.106,-10.282,0.00,0.00,0.00,-6.257,8.276,-1.971,0.00,0.00,0.00,4.200,4.200,4.200
2026-02-04 11:19:16,267.16,6,389,395,1.52%,85.98,1.98%,"[0, 5, 10, 15, 20, 25, 30, 35, 40, 45, 50, 55, 60, 65, 70, 75, 80, 85, 90, 95, 100]","[31, 1, 0, 0, 0, 0, 0, 0, 1, 0, 1, 1, 0, 3, 0, 0, 1183, 10, 15, 367]","[0.019218846869187848, 0.019838809671419714, 0.019838809671419714, 0.019838809671419714, 0.019838809671419714, 0.019838809671419714, 0.019838809671419714, 0.019838809671419714, 0.02045877247365158, 0.02045877247365158, 0.021078735275883446, 0.02169869807811531, 0.02169869807811531, 0.023558586484810913, 0.023558586484810913, 0.023558586484810913, 0.7569745815251085, 0.7631742095474272, 0.7724736515809052, 1.0]",4.0,2.0,2.0,2.0,2.0,18,-9.03585,8.0,6.0,hrl_dqn_apf,hierarchical,dqn,-10.977,6.349,15.799,0.00,0.00,0.00,-33.674,6.100,-10.282,0.00,0.00,0.00,-6.503,8.275,-1.975,0.00,0.00,0.00,4.200,4.200,4.200
2026-02-04 11:19:17,268.17,6,387,393,1.53%,86.14,2.05%,"[0, 5, 10, 15, 20, 25, 30, 35, 40, 45, 50, 55, 60, 65, 70, 75, 80, 85, 90, 95, 100]","[31, 2, 0, 0, 0, 0, 0, 0, 0, 0, 1, 1, 0, 3, 1, 0, 1183, 7, 15, 369]","[0.019218846869187848, 0.02045877247365158, 0.02045877247365158, 0.02045877247365158, 0.02045877247365158, 0.02045877247365158, 0.02045877247365158, 0.02045877247365158, 0.02045877247365158, 0.02045877247365158, 0.021078735275883446, 0.02169869807811531, 0.02169869807811531, 0.023558586484810913, 0.02417854928704278, 0.02417854928704278, 0.7575945443273404, 0.7619342839429635, 0.7712337259764415, 1.0]",4.0,2.0,2.0,2.0,2.0,18,-9.03585,8.0,6.0,hrl_dqn_apf,hierarchical,dqn,-10.977,6.346,15.018,0.00,0.00,0.00,-32.894,6.097,-10.282,0.00,0.00,0.00,-6.502,8.314,-1.975,0.00,0.00,0.00,4.200,4.200,4.200
2026-02-04 11:19:18,269.18,7,392,399,1.75%,86.29,2.11%,"[0, 5, 10, 15, 20, 25, 30, 35, 40, 45, 50, 55, 60, 65, 70, 75, 80, 85, 90, 95, 100]","[32, 2, 0, 0, 0, 0, 0, 0, 0, 0, 1, 1, 0, 2, 1, 0, 1182, 8, 15, 369]","[0.019838809671419714, 0.021078735275883446, 0.021078735275883446, 0.021078735275883446, 0.021078735275883446, 0.021078735275883446, 0.021078735275883446, 0.021078735275883446, 0.021078735275883446, 0.021078735275883446, 0.02169869807811531, 0.022318660880347178, 0.022318660880347178, 0.023558586484810913, 0.02417854928704278, 0.02417854928704278, 0.7569745815251085, 0.7619342839429635, 0.7712337259764415, 1.0]",4.0,2.0,2.0,2.0,2.0,18,-9.03585,8.0,6.0,hrl_dqn_apf,hierarchical,dqn,-10.977,6.343,14.258,0.00,0.00,0.00,-32.134,6.094,-10.282,0.00,0.00,0.00,-6.497,8.363,-1.975,0.00,0.00,0.00,4.200,4.200,4.200
2026-02-04 11:19:19,270.18,7,394,401,1.75%,86.47,2.11%,"[0, 5, 10, 15, 20, 25, 30, 35, 40, 45, 50, 55, 60, 65, 70, 75, 80, 85, 90, 95, 100]","[31, 3, 0, 0, 0, 0, 0, 0, 0, 0, 1, 0, 1, 2, 1, 0, 1183, 8, 11, 372]","[0.019218846869187848, 0.021078735275883446, 0.021078735275883446, 0.021078735275883446, 0.021078735275883446, 0.021078735275883446, 0.021078735275883446, 0.021078735275883446, 0.021078735275883446, 0.021078735275883446, 0.02169869807811531, 0.02169869807811531, 0.022318660880347178, 0.023558586484810913, 0.02417854928704278, 0.02417854928704278, 0.7575945443273404, 0.7625542467451953, 0.7693738375697459, 1.0]",4.0,2.0,2.0,2.0,2.0,18,-9.03585,8.0,6.0,hrl_dqn_apf,hierarchical,dqn,-10.977,6.339,13.495,0.00,0.00,0.00,-31.371,6.091,-10.282,0.00,0.00,0.00,-6.499,8.419,-1.975,0.00,0.00,0.00,4.200,4.200,4.200
2026-02-04 11:19:20,271.18,8,395,403,1.99%,86.76,2.17%,"[0, 5, 10, 15, 20, 25, 30, 35, 40, 45, 50, 55, 60, 65, 70, 75, 80, 85, 90, 95, 100]","[30, 4, 1, 0, 0, 0, 1, 0, 0, 0, 1, 0, 1, 0, 3, 0, 1179, 6, 12, 375]","[0.018598884066955982, 0.021078735275883446, 0.02169869807811531, 0.02169869807811531, 0.02169869807811531, 0.02169869807811531, 0.022318660880347178, 0.022318660880347178, 0.022318660880347178, 0.022318660880347178, 0.022938623682579044, 0.022938623682579044, 0.023558586484810913, 0.023558586484810913, 0.02541847489150651, 0.02541847489150651, 0.7563546187228767, 0.7600743955362679, 0.7675139491630503, 1.0]",4.0,2.0,2.0,2.0,2.0,18,-9.03585,8.0,6.0,hrl_dqn_apf,hierarchical,dqn,-10.977,6.333,11.991,0.00,0.00,0.00,-29.867,6.085,-10.282,0.00,0.00,0.00,-6.519,8.532,-1.975,0.00,0.00,0.00,4.200,4.200,4.200
2026-02-04 11:19:21,272.18,9,396,405,2.22%,86.94,2.23%,"[0, 5, 10, 15, 20, 25, 30, 35, 40, 45, 50, 55, 60, 65, 70, 75, 80, 85, 90, 95, 100]","[31, 4, 1, 0, 0, 0, 0, 0, 0, 0, 1, 0, 1, 0, 3, 0, 1179, 6, 10, 377]","[0.019218846869187848, 0.02169869807811531, 0.022318660880347178, 0.022318660880347178, 0.022318660880347178, 0.022318660880347178, 0.022318660880347178, 0.022318660880347178, 0.022318660880347178, 0.022318660880347178, 0.022938623682579044, 0.022938623682579044, 0.023558586484810913, 0.023558586484810913, 0.02541847489150651, 0.02541847489150651, 0.7563546187228767, 0.7600743955362679, 0.7662740235585865, 1.0]",4.0,2.0,2.0,2.0,2.0,18,-9.03585,8.0,6.0,hrl_dqn_apf,hierarchical,dqn,-10.977,6.330,11.230,0.00,0.00,0.00,-29.106,6.082,-10.282,0.00,0.00,0.00,-6.512,8.589,-1.975,0.00,0.00,0.00,4.200,4.200,4.200
2026-02-04 11:19:22,273.18,10,395,405,2.47%,87.09,2.29%,"[0, 5, 10, 15, 20, 25, 30, 35, 40, 45, 50, 55, 60, 65, 70, 75, 80, 85, 90, 95, 100]","[31, 3, 2, 0, 0, 1, 0, 0, 0, 0, 0, 1, 1, 0, 2, 1, 1179, 6, 7, 379]","[0.019218846869187848, 0.021078735275883446, 0.022318660880347178, 0.022318660880347178, 0.022318660880347178, 0.022938623682579044, 0.022938623682579044, 0.022938623682579044, 0.022938623682579044, 0.022938623682579044, 0.022938623682579044, 0.023558586484810913, 0.02417854928704278, 0.02417854928704278, 0.02541847489150651, 0.026038437693738377, 0.7569745815251085, 0.7606943583384997, 0.7650340979541228, 1.0]",4.0,2.0,2.0,2.0,2.0,18,-9.03585,8.0,6.0,hrl_dqn_apf,hierarchical,dqn,-10.977,6.327,10.467,0.00,0.00,0.00,-28.343,6.079,-10.282,0.00,0.00,0.00,-6.508,8.646,-1.975,0.00,0.00,0.00,4.200,4.200,4.200
2026-02-04 11:19:23,274.19,0,354,354,0.00%,80.00,0.00%,"[0, 5, 10, 15, 20, 25, 30, 35, 40, 45, 50, 55, 60, 65, 70, 75, 80, 85, 90, 95, 100]","[0, 0, 0, 0, 0, 0, 0, 0, 0, 0, 0, 0, 0, 0, 0, 0, 1613, 0, 0, 0]","[0.0, 0.0, 0.0, 0.0, 0.0, 0.0, 0.0, 0.0, 0.0, 0.0, 0.0, 0.0, 0.0, 0.0, 0.0, 0.0, 1.0, 1.0, 1.0, 1.0]",4.0,2.0,2.0,2.0,2.0,18,-9.03585,8.0,6.0,hrl_dqn_apf,hierarchical,dqn,-10.977,6.324,9.706,0.00,0.00,0.00,-27.583,6.076,-10.282,0.00,0.00,0.00,-6.502,8.704,-1.975,0.00,0.00,0.00,4.200,4.200,4.200
2026-02-04 11:19:24,275.19,0,354,354,0.00%,80.00,0.00%,"[0, 5, 10, 15, 20, 25, 30, 35, 40, 45, 50, 55, 60, 65, 70, 75, 80, 85, 90, 95, 100]","[0, 0, 0, 0, 0, 0, 0, 0, 0, 0, 0, 0, 0, 0, 0, 0, 1613, 0, 0, 0]","[0.0, 0.0, 0.0, 0.0, 0.0, 0.0, 0.0, 0.0, 0.0, 0.0, 0.0, 0.0, 0.0, 0.0, 0.0, 0.0, 1.0, 1.0, 1.0, 1.0]",4.0,2.0,2.0,2.0,2.0,18,-9.03585,8.0,6.0,hrl_dqn_apf,hierarchical,dqn,-10.977,6.318,8.185,0.00,0.00,0.00,-26.061,6.070,-10.282,0.00,0.00,0.00,-6.496,8.818,-1.975,0.00,0.00,0.00,4.200,4.200,4.200
2026-02-04 11:19:25,276.19,3,349,352,0.85%,80.01,0.19%,"[0, 5, 10, 15, 20, 25, 30, 35, 40, 45, 50, 55, 60, 65, 70, 75, 80, 85, 90, 95, 100]","[2, 0, 0, 0, 1, 0, 0, 0, 0, 1, 0, 0, 0, 0, 1, 0, 1608, 0, 0, 0]","[0.0012399256044637321, 0.0012399256044637321, 0.0012399256044637321, 0.0012399256044637321, 0.0018598884066955983, 0.0018598884066955983, 0.0018598884066955983, 0.0018598884066955983, 0.0018598884066955983, 0.0024798512089274642, 0.0024798512089274642, 0.0024798512089274642, 0.0024798512089274642, 0.0024798512089274642, 0.0030998140111593306, 0.0030998140111593306, 1.0, 1.0, 1.0, 1.0]",4.0,2.0,2.0,2.0,2.0,18,-9.03585,8.0,6.0,hrl_dqn_apf,hierarchical,dqn,-10.977,6.315,7.422,0.00,0.00,0.00,-25.298,6.067,-10.282,0.00,0.00,0.00,-6.519,8.877,-1.975,0.00,0.00,0.00,4.200,4.200,4.200
2026-02-04 11:19:26,277.19,4,348,352,1.14%,80.11,0.25%,"[0, 5, 10, 15, 20, 25, 30, 35, 40, 45, 50, 55, 60, 65, 70, 75, 80, 85, 90, 95, 100]","[4, 0, 0, 0, 0, 0, 0, 0, 0, 2, 0, 0, 0, 0, 0, 0, 1607, 0, 0, 0]","[0.0024798512089274642, 0.0024798512089274642, 0.0024798512089274642, 0.0024798512089274642, 0.0024798512089274642, 0.0024798512089274642, 0.0024798512089274642, 0.0024798512089274642, 0.0024798512089274642, 0.0037197768133911966, 0.0037197768133911966, 0.0037197768133911966, 0.0037197768133911966, 0.0037197768133911966, 0.0037197768133911966, 0.0037197768133911966, 1.0, 1.0, 1.0, 1.0]",4.0,2.0,2.0,2.0,2.0,18,-9.03585,8.0,6.0,hrl_dqn_apf,hierarchical,dqn,-10.977,6.312,6.659,0.00,0.00,0.00,-24.535,6.064,-10.282,0.00,0.00,0.00,-6.514,8.934,-1.975,0.00,0.00,0.00,4.200,4.200,4.200
2026-02-04 11:19:27,278.20,6,347,353,1.70%,80.19,0.37%,"[0, 5, 10, 15, 20, 25, 30, 35, 40, 45, 50, 55, 60, 65, 70, 75, 80, 85, 90, 95, 100]","[5, 0, 1, 0, 0, 0, 0, 0, 0, 1, 0, 0, 1, 0, 0, 0, 1605, 0, 0, 0]","[0.0030998140111593306, 0.0030998140111593306, 0.0037197768133911966, 0.0037197768133911966, 0.0037197768133911966, 0.0037197768133911966, 0.0037197768133911966, 0.0037197768133911966, 0.0037197768133911966, 0.0043397396156230625, 0.0043397396156230625, 0.0043397396156230625, 0.0049597024178549285, 0.0049597024178549285, 0.0049597024178549285, 0.0049597024178549285, 1.0, 1.0, 1.0, 1.0]",4.0,2.0,2.0,2.0,2.0,18,-9.03585,8.0,6.0,hrl_dqn_apf,hierarchical,dqn,-10.977,6.309,5.898,0.00,0.00,0.00,-23.774,6.061,-10.282,0.00,0.00,0.00,-6.514,8.992,-1.975,0.00,0.00,0.00,4.200,4.200,4.200
2026-02-04 11:19:28,279.20,9,344,353,2.55%,80.37,0.56%,"[0, 5, 10, 15, 20, 25, 30, 35, 40, 45, 50, 55, 60, 65, 70, 75, 80, 85, 90, 95, 100]","[9, 0, 0, 0, 0, 0, 0, 0, 0, 2, 0, 0, 0, 0, 0, 0, 1602, 0, 0, 0]","[0.005579665220086794, 0.005579665220086794, 0.005579665220086794, 0.005579665220086794, 0.005579665220086794, 0.005579665220086794, 0.005579665220086794, 0.005579665220086794, 0.005579665220086794, 0.006819590824550527, 0.006819590824550527, 0.006819590824550527, 0.006819590824550527, 0.006819590824550527, 0.006819590824550527, 0.006819590824550527, 1.0, 1.0, 1.0, 1.0]",4.0,2.0,2.0,2.0,2.0,18,-9.03585,8.0,6.0,hrl_dqn_apf,hierarchical,dqn,-10.976,6.205,4.382,0.00,0.00,0.00,-22.257,5.957,-10.282,0.00,0.00,0.00,-6.502,9.018,-1.975,0.00,0.00,0.00,4.200,4.200,4.200
2026-02-04 11:19:29,280.20,12,343,355,3.38%,80.44,0.74%,"[0, 5, 10, 15, 20, 25, 30, 35, 40, 45, 50, 55, 60, 65, 70, 75, 80, 85, 90, 95, 100]","[10, 0, 0, 0, 1, 1, 0, 0, 0, 0, 1, 0, 0, 0, 0, 0, 1600, 0, 0, 0]","[0.006199628022318661, 0.006199628022318661, 0.006199628022318661, 0.006199628022318661, 0.006819590824550527, 0.007439553626782393, 0.007439553626782393, 0.007439553626782393, 0.007439553626782393, 0.007439553626782393, 0.008059516429014259, 0.008059516429014259, 0.008059516429014259, 0.008059516429014259, 0.008059516429014259, 0.008059516429014259, 1.0, 1.0, 1.0, 1.0]",4.0,2.0,2.0,2.0,2.0,18,-9.03585,8.0,6.0,hrl_dqn_apf,hierarchical,dqn,-10.976,6.190,3.618,0.00,0.00,0.00,-21.494,5.942,-10.282,0.00,0.00,0.00,-6.501,9.063,-1.975,0.00,0.00,0.00,4.200,4.200,4.200
2026-02-04 11:19:30,281.20,12,345,357,3.36%,80.53,0.74%,"[0, 5, 10, 15, 20, 25, 30, 35, 40, 45, 50, 55, 60, 65, 70, 75, 80, 85, 90, 95, 100]","[12, 0, 0, 0, 0, 0, 0, 1, 0, 1, 1, 0, 0, 0, 0, 0, 1261, 337, 0, 0]","[0.007439553626782393, 0.007439553626782393, 0.007439553626782393, 0.007439553626782393, 0.007439553626782393, 0.007439553626782393, 0.007439553626782393, 0.008059516429014259, 0.008059516429014259, 0.008679479231246125, 0.009299442033477991, 0.009299442033477991, 0.009299442033477991, 0.009299442033477991, 0.009299442033477991, 0.009299442033477991, 0.7910725356478612, 1.0, 1.0, 1.0]",4.0,2.0,2.0,2.0,2.0,18,-9.03585,8.0,6.0,hrl_dqn_apf,hierarchical,dqn,-10.976,6.182,2.841,0.00,0.00,0.00,-20.717,5.934,-10.282,0.00,0.00,0.00,-6.497,9.117,-1.975,0.00,0.00,0.00,4.200,4.200,4.200
2026-02-04 11:19:31,282.20,15,342,357,4.20%,80.61,0.93%,"[0, 5, 10, 15, 20, 25, 30, 35, 40, 45, 50, 55, 60, 65, 70, 75, 80, 85, 90, 95, 100]","[13, 2, 0, 0, 0, 0, 0, 0, 0, 0, 1, 0, 0, 0, 0, 0, 1261, 336, 0, 0]","[0.008059516429014259, 0.009299442033477991, 0.009299442033477991, 0.009299442033477991, 0.009299442033477991, 0.009299442033477991, 0.009299442033477991, 0.009299442033477991, 0.009299442033477991, 0.009299442033477991, 0.009919404835709857, 0.009919404835709857, 0.009919404835709857, 0.009919404835709857, 0.009919404835709857, 0.009919404835709857, 0.791692498450093, 1.0, 1.0, 1.0]",4.0,2.0,2.0,2.0,2.0,18,-9.03585,8.0,6.0,hrl_dqn_apf,hierarchical,dqn,-10.976,6.176,2.080,0.00,0.00,0.00,-19.956,5.928,-10.282,0.00,0.00,0.00,-6.494,9.172,-1.975,0.00,0.00,0.00,4.200,4.200,4.200
2026-02-04 11:19:32,283.21,18,347,365,4.93%,80.78,1.12%,"[0, 5, 10, 15, 20, 25, 30, 35, 40, 45, 50, 55, 60, 65, 70, 75, 80, 85, 90, 95, 100]","[13, 5, 0, 0, 0, 0, 0, 0, 0, 0, 1, 0, 1, 0, 0, 0, 1260, 333, 0, 0]","[0.008059516429014259, 0.011159330440173589, 0.011159330440173589, 0.011159330440173589, 0.011159330440173589, 0.011159330440173589, 0.011159330440173589, 0.011159330440173589, 0.011159330440173589, 0.011159330440173589, 0.011779293242405457, 0.011779293242405457, 0.012399256044637322, 0.012399256044637322, 0.012399256044637322, 0.012399256044637322, 0.7935523868567886, 1.0, 1.0, 1.0]",4.0,2.0,2.0,2.0,2.0,18,-9.03585,8.0,6.0,hrl_dqn_apf,hierarchical,dqn,-10.976,6.169,0.554,0.00,0.00,0.00,-18.429,5.921,-10.282,0.00,0.00,0.00,-6.516,9.289,-1.975,0.00,0.00,0.00,4.200,4.200,4.200
2026-02-04 11:19:33,284.21,20,343,363,5.51%,80.85,1.24%,"[0, 5, 10, 15, 20, 25, 30, 35, 40, 45, 50, 55, 60, 65, 70, 75, 80, 85, 90, 95, 100]","[13, 7, 0, 0, 0, 0, 0, 0, 0, 0, 1, 0, 1, 0, 0, 0, 1260, 331, 0, 0]","[0.008059516429014259, 0.012399256044637322, 0.012399256044637322, 0.012399256044637322, 0.012399256044637322, 0.012399256044637322, 0.012399256044637322, 0.012399256044637322, 0.012399256044637322, 0.012399256044637322, 0.013019218846869188, 0.013019218846869188, 0.013639181649101054, 0.013639181649101054, 0.013639181649101054, 0.013639181649101054, 0.7947923124612524, 1.0, 1.0, 1.0]",4.0,2.0,2.0,2.0,2.0,18,-9.03585,8.0,6.0,hrl_dqn_apf,hierarchical,dqn,-10.976,6.166,-0.186,0.00,0.00,0.00,-17.689,5.918,-10.282,0.00,0.00,0.00,-6.505,9.344,-1.975,0.00,0.00,0.00,4.200,4.200,4.200
2026-02-04 11:19:34,285.21,0,354,354,0.00%,80.00,0.00%,"[0, 5, 10, 15, 20, 25, 30, 35, 40, 45, 50, 55, 60, 65, 70, 75, 80, 85, 90, 95, 100]","[0, 0, 0, 0, 0, 0, 0, 0, 0, 0, 0, 0, 0, 0, 0, 0, 1613, 0, 0, 0]","[0.0, 0.0, 0.0, 0.0, 0.0, 0.0, 0.0, 0.0, 0.0, 0.0, 0.0, 0.0, 0.0, 0.0, 0.0, 0.0, 1.0, 1.0, 1.0, 1.0]",4.0,2.0,2.0,2.0,2.0,18,-9.03585,8.0,6.0,hrl_dqn_apf,hierarchical,dqn,-10.976,6.163,-0.987,0.00,0.00,0.00,-16.888,5.915,-10.282,0.00,0.00,0.00,-6.504,9.404,-1.975,0.00,0.00,0.00,4.200,4.200,4.200
2026-02-04 11:19:35,286.21,0,354,354,0.00%,80.00,0.00%,"[0, 5, 10, 15, 20, 25, 30, 35, 40, 45, 50, 55, 60, 65, 70, 75, 80, 85, 90, 95, 100]","[0, 0, 0, 0, 0, 0, 0, 0, 0, 0, 0, 0, 0, 0, 0, 0, 1613, 0, 0, 0]","[0.0, 0.0, 0.0, 0.0, 0.0, 0.0, 0.0, 0.0, 0.0, 0.0, 0.0, 0.0, 0.0, 0.0, 0.0, 0.0, 1.0, 1.0, 1.0, 1.0]",4.0,2.0,2.0,2.0,2.0,18,-9.03585,8.0,6.0,hrl_dqn_apf,hierarchical,dqn,-10.976,6.160,-1.747,0.00,0.00,0.00,-16.128,5.912,-10.282,0.00,0.00,0.00,-6.501,9.460,-1.975,0.00,0.00,0.00,4.200,4.200,4.200
2026-02-04 11:19:36,287.22,0,354,354,0.00%,80.00,0.00%,"[0, 5, 10, 15, 20, 25, 30, 35, 40, 45, 50, 55, 60, 65, 70, 75, 80, 85, 90, 95, 100]","[0, 0, 0, 0, 0, 0, 0, 0, 0, 0, 0, 0, 0, 0, 0, 0, 1613, 0, 0, 0]","[0.0, 0.0, 0.0, 0.0, 0.0, 0.0, 0.0, 0.0, 0.0, 0.0, 0.0, 0.0, 0.0, 0.0, 0.0, 0.0, 1.0, 1.0, 1.0, 1.0]",4.0,2.0,2.0,2.0,2.0,18,-9.03585,8.0,6.0,hrl_dqn_apf,hierarchical,dqn,-10.976,6.154,-3.271,0.00,0.00,0.00,-14.604,5.906,-10.282,0.00,0.00,0.00,-6.517,9.577,-1.975,0.00,0.00,0.00,4.200,4.200,4.200
2026-02-04 11:19:37,288.22,3,349,352,0.85%,80.00,0.19%,"[0, 5, 10, 15, 20, 25, 30, 35, 40, 45, 50, 55, 60, 65, 70, 75, 80, 85, 90, 95, 100]","[2, 0, 1, 0, 0, 0, 0, 1, 0, 0, 0, 0, 0, 0, 0, 1, 1608, 0, 0, 0]","[0.0012399256044637321, 0.0012399256044637321, 0.0018598884066955983, 0.0018598884066955983, 0.0018598884066955983, 0.0018598884066955983, 0.0018598884066955983, 0.0024798512089274642, 0.0024798512089274642, 0.0024798512089274642, 0.0024798512089274642, 0.0024798512089274642, 0.0024798512089274642, 0.0024798512089274642, 0.0024798512089274642, 0.0030998140111593306, 1.0, 1.0, 1.0, 1.0]",4.0,2.0,2.0,2.0,2.0,18,-9.03585,8.0,6.0,hrl_dqn_apf,hierarchical,dqn,-10.976,6.151,-4.034,0.00,0.00,0.00,-13.841,5.903,-10.282,0.00,0.00,0.00,-6.510,9.634,-1.975,0.00,0.00,0.00,4.200,4.200,4.200
2026-02-04 11:19:38,289.22,6,346,352,1.70%,80.06,0.37%,"[0, 5, 10, 15, 20, 25, 30, 35, 40, 45, 50, 55, 60, 65, 70, 75, 80, 85, 90, 95, 100]","[4, 1, 1, 0, 0, 0, 0, 0, 0, 0, 0, 0, 0, 0, 0, 0, 1607, 0, 0, 0]","[0.0024798512089274642, 0.0030998140111593306, 0.0037197768133911966, 0.0037197768133911966, 0.0037197768133911966, 0.0037197768133911966, 0.0037197768133911966, 0.0037197768133911966, 0.0037197768133911966, 0.0037197768133911966, 0.0037197768133911966, 0.0037197768133911966, 0.0037197768133911966, 0.0037197768133911966, 0.0037197768133911966, 0.0037197768133911966, 1.0, 1.0, 1.0, 1.0]",4.0,2.0,2.0,2.0,2.0,18,-9.03585,8.0,6.0,hrl_dqn_apf,hierarchical,dqn,-10.976,6.148,-4.795,0.00,0.00,0.00,-13.081,5.900,-10.282,0.00,0.00,0.00,-6.503,9.692,-1.975,0.00,0.00,0.00,4.200,4.200,4.200
2026-02-04 11:19:39,290.23,7,346,353,1.98%,80.18,0.43%,"[0, 5, 10, 15, 20, 25, 30, 35, 40, 45, 50, 55, 60, 65, 70, 75, 80, 85, 90, 95, 100]","[5, 0, 1, 0, 1, 0, 0, 0, 0, 0, 0, 0, 0, 0, 1, 1, 1604, 0, 0, 0]","[0.0030998140111593306, 0.0030998140111593306, 0.0037197768133911966, 0.0037197768133911966, 0.0043397396156230625, 0.0043397396156230625, 0.0043397396156230625, 0.0043397396156230625, 0.0043397396156230625, 0.0043397396156230625, 0.0043397396156230625, 0.0043397396156230625, 0.0043397396156230625, 0.0043397396156230625, 0.0049597024178549285, 0.005579665220086794, 1.0, 1.0, 1.0, 1.0]",4.0,2.0,2.0,2.0,2.0,18,-9.03585,8.0,6.0,hrl_dqn_apf,hierarchical,dqn,-10.976,6.096,-5.557,0.00,0.00,0.00,-12.318,5.848,-10.282,0.00,0.00,0.00,-6.498,9.707,-1.975,0.00,0.00,0.00,4.200,4.200,4.200
2026-02-04 11:19:40,291.23,11,342,353,3.12%,80.32,0.68%,"[0, 5, 10, 15, 20, 25, 30, 35, 40, 45, 50, 55, 60, 65, 70, 75, 80, 85, 90, 95, 100]","[8, 0, 3, 0, 0, 0, 0, 0, 0, 0, 0, 0, 1, 0, 0, 0, 1601, 0, 0, 0]","[0.0049597024178549285, 0.0049597024178549285, 0.006819590824550527, 0.006819590824550527, 0.006819590824550527, 0.006819590824550527, 0.006819590824550527, 0.006819590824550527, 0.006819590824550527, 0.006819590824550527, 0.006819590824550527, 0.006819590824550527, 0.007439553626782393, 0.007439553626782393, 0.007439553626782393, 0.007439553626782393, 1.0, 1.0, 1.0, 1.0]",4.0,2.0,2.0,2.0,2.0,18,-9.03585,8.0,6.0,hrl_dqn_apf,hierarchical,dqn,-10.975,6.032,-7.072,0.00,0.00,0.00,-10.804,5.784,-10.282,0.00,0.00,0.00,-6.512,9.766,-1.975,0.00,0.00,0.00,4.200,4.200,4.200
2026-02-04 11:19:41,292.24,12,343,355,3.38%,80.44,0.74%,"[0, 5, 10, 15, 20, 25, 30, 35, 40, 45, 50, 55, 60, 65, 70, 75, 80, 85, 90, 95, 100]","[11, 0, 1, 0, 0, 0, 0, 0, 0, 0, 0, 0, 0, 0, 0, 1, 1600, 0, 0, 0]","[0.006819590824550527, 0.006819590824550527, 0.007439553626782393, 0.007439553626782393, 0.007439553626782393, 0.007439553626782393, 0.007439553626782393, 0.007439553626782393, 0.007439553626782393, 0.007439553626782393, 0.007439553626782393, 0.007439553626782393, 0.007439553626782393, 0.007439553626782393, 0.007439553626782393, 0.008059516429014259, 1.0, 1.0, 1.0, 1.0]",4.0,2.0,2.0,2.0,2.0,18,-9.03585,8.0,6.0,hrl_dqn_apf,hierarchical,dqn,-10.975,6.022,-7.835,0.00,0.00,0.00,-10.040,5.774,-10.282,0.00,0.00,0.00,-6.512,9.817,-1.975,0.00,0.00,0.00,4.200,4.200,4.200
2026-02-04 11:19:42,293.24,14,343,357,3.92%,80.49,0.87%,"[0, 5, 10, 15, 20, 25, 30, 35, 40, 45, 50, 55, 60, 65, 70, 75, 80, 85, 90, 95, 100]","[12, 1, 0, 1, 0, 0, 0, 0, 0, 0, 1, 0, 0, 0, 0, 0, 1261, 337, 0, 0]","[0.007439553626782393, 0.008059516429014259, 0.008059516429014259, 0.008679479231246125, 0.008679479231246125, 0.008679479231246125, 0.008679479231246125, 0.008679479231246125, 0.008679479231246125, 0.008679479231246125, 0.009299442033477991, 0.009299442033477991, 0.009299442033477991, 0.009299442033477991, 0.009299442033477991, 0.009299442033477991, 0.7910725356478612, 1.0, 1.0, 1.0]",4.0,2.0,2.0,2.0,2.0,18,-9.03585,8.0,6.0,hrl_dqn_apf,hierarchical,dqn,-10.975,6.016,-8.595,0.00,0.00,0.00,-9.280,5.768,-10.282,0.00,0.00,0.00,-6.506,9.871,-1.975,0.00,0.00,0.00,4.200,4.200,4.200
2026-02-04 11:19:43,294.24,15,342,357,4.20%,80.62,0.93%,"[0, 5, 10, 15, 20, 25, 30, 35, 40, 45, 50, 55, 60, 65, 70, 75, 80, 85, 90, 95, 100]","[12, 2, 0, 1, 0, 0, 0, 0, 0, 0, 0, 0, 1, 0, 0, 0, 1261, 336, 0, 0]","[0.007439553626782393, 0.008679479231246125, 0.008679479231246125, 0.009299442033477991, 0.009299442033477991, 0.009299442033477991, 0.009299442033477991, 0.009299442033477991, 0.009299442033477991, 0.009299442033477991, 0.009299442033477991, 0.009299442033477991, 0.009919404835709857, 0.009919404835709857, 0.009919404835709857, 0.009919404835709857, 0.791692498450093, 1.0, 1.0, 1.0]",4.0,2.0,2.0,2.0,2.0,18,-9.03585,8.0,6.0,hrl_dqn_apf,hierarchical,dqn,-10.975,6.012,-9.361,0.00,0.00,0.00,-8.514,5.764,-10.282,0.00,0.00,0.00,-6.502,9.929,-1.975,0.00,0.00,0.00,4.200,4.200,4.200
2026-02-04 11:19:44,295.24,17,348,365,4.66%,80.86,1.05%,"[0, 5, 10, 15, 20, 25, 30, 35, 40, 45, 50, 55, 60, 65, 70, 75, 80, 85, 90, 95, 100]","[11, 5, 0, 1, 0, 0, 0, 0, 0, 0, 1, 0, 0, 0, 0, 0, 1260, 335, 0, 0]","[0.006819590824550527, 0.009919404835709857, 0.009919404835709857, 0.010539367637941723, 0.010539367637941723, 0.010539367637941723, 0.010539367637941723, 0.010539367637941723, 0.010539367637941723, 0.010539367637941723, 0.011159330440173589, 0.011159330440173589, 0.011159330440173589, 0.011159330440173589, 0.011159330440173589, 0.011159330440173589, 0.7923124612523249, 1.0, 1.0, 1.0]",4.0,2.0,2.0,2.0,2.0,18,-9.03585,8.0,6.0,hrl_dqn_apf,hierarchical,dqn,-10.975,6.005,-10.879,0.00,0.00,0.00,-6.996,5.757,-10.282,0.00,0.00,0.00,-6.495,10.043,-1.975,0.00,0.00,0.00,4.200,4.200,4.200
2026-02-04 11:19:45,296.25,0,354,354,0.00%,80.00,0.00%,"[0, 5, 10, 15, 20, 25, 30, 35, 40, 45, 50, 55, 60, 65, 70, 75, 80, 85, 90, 95, 100]","[0, 0, 0, 0, 0, 0, 0, 0, 0, 0, 0, 0, 0, 0, 0, 0, 1613, 0, 0, 0]","[0.0, 0.0, 0.0, 0.0, 0.0, 0.0, 0.0, 0.0, 0.0, 0.0, 0.0, 0.0, 0.0, 0.0, 0.0, 0.0, 1.0, 1.0, 1.0, 1.0]",4.0,2.0,2.0,2.0,2.0,18,-9.03585,8.0,6.0,hrl_dqn_apf,hierarchical,dqn,-10.975,6.002,-11.639,0.00,0.00,0.00,-6.236,5.754,-10.282,0.00,0.00,0.00,-6.514,10.101,-1.975,0.00,0.00,0.00,4.200,4.200,4.200
2026-02-04 11:19:46,297.25,0,354,354,0.00%,80.00,0.00%,"[0, 5, 10, 15, 20, 25, 30, 35, 40, 45, 50, 55, 60, 65, 70, 75, 80, 85, 90, 95, 100]","[0, 0, 0, 0, 0, 0, 0, 0, 0, 0, 0, 0, 0, 0, 0, 0, 1613, 0, 0, 0]","[0.0, 0.0, 0.0, 0.0, 0.0, 0.0, 0.0, 0.0, 0.0, 0.0, 0.0, 0.0, 0.0, 0.0, 0.0, 0.0, 1.0, 1.0, 1.0, 1.0]",4.0,2.0,2.0,2.0,2.0,18,-9.03585,8.0,6.0,hrl_dqn_apf,hierarchical,dqn,-10.975,5.999,-12.402,0.00,0.00,0.00,-5.473,5.751,-10.282,0.00,0.00,0.00,-6.508,10.159,-1.975,0.00,0.00,0.00,4.200,4.200,4.200
2026-02-04 11:19:47,298.25,0,354,354,0.00%,80.00,0.00%,"[0, 5, 10, 15, 20, 25, 30, 35, 40, 45, 50, 55, 60, 65, 70, 75, 80, 85, 90, 95, 100]","[0, 0, 0, 0, 0, 0, 0, 0, 0, 0, 0, 0, 0, 0, 0, 0, 1613, 0, 0, 0]","[0.0, 0.0, 0.0, 0.0, 0.0, 0.0, 0.0, 0.0, 0.0, 0.0, 0.0, 0.0, 0.0, 0.0, 0.0, 0.0, 1.0, 1.0, 1.0, 1.0]",4.0,2.0,2.0,2.0,2.0,18,-9.03585,8.0,6.0,hrl_dqn_apf,hierarchical,dqn,-10.975,5.996,-13.163,0.00,0.00,0.00,-4.712,5.748,-10.282,0.00,0.00,0.00,-6.503,10.216,-1.975,0.00,0.00,0.00,4.200,4.200,4.200
2026-02-04 11:19:48,299.25,1,351,352,0.28%,80.01,0.19%,"[0, 5, 10, 15, 20, 25, 30, 35, 40, 45, 50, 55, 60, 65, 70, 75, 80, 85, 90, 95, 100]","[3, 0, 0, 0, 0, 0, 0, 0, 0, 0, 0, 1, 0, 0, 0, 0, 1609, 0, 0, 0]","[0.0018598884066955983, 0.0018598884066955983, 0.0018598884066955983, 0.0018598884066955983, 0.0018598884066955983, 0.0018598884066955983, 0.0018598884066955983, 0.0018598884066955983, 0.0018598884066955983, 0.0018598884066955983, 0.0018598884066955983, 0.0024798512089274642, 0.0024798512089274642, 0.0024798512089274642, 0.0024798512089274642, 0.0024798512089274642, 1.0, 1.0, 1.0, 1.0]",4.0,2.0,2.0,2.0,2.0,18,-9.03585,8.0,6.0,hrl_dqn_apf,hierarchical,dqn,-10.975,5.990,-14.683,0.00,0.00,0.00,-3.191,5.742,-10.282,0.00,0.00,0.00,-6.499,10.332,-1.975,0.00,0.00,0.00,4.200,4.200,4.200
2026-02-04 11:19:49,300.26,1,351,352,0.28%,80.09,0.25%,"[0, 5, 10, 15, 20, 25, 30, 35, 40, 45, 50, 55, 60, 65, 70, 75, 80, 85, 90, 95, 100]","[4, 0, 0, 0, 0, 0, 0, 1, 0, 0, 1, 1, 0, 0, 0, 0, 1606, 0, 0, 0]","[0.0024798512089274642, 0.0024798512089274642, 0.0024798512089274642, 0.0024798512089274642, 0.0024798512089274642, 0.0024798512089274642, 0.0024798512089274642, 0.0030998140111593306, 0.0030998140111593306, 0.0030998140111593306, 0.0037197768133911966, 0.0043397396156230625, 0.0043397396156230625, 0.0043397396156230625, 0.0043397396156230625, 0.0043397396156230625, 1.0, 1.0, 1.0, 1.0]",4.0,2.0,2.0,2.0,2.0,18,-9.03585,8.0,6.0,hrl_dqn_apf,hierarchical,dqn,-10.975,5.987,-15.446,0.00,0.00,0.00,-2.428,5.739,-10.282,0.00,0.00,0.00,-6.517,10.391,-1.975,0.00,0.00,0.00,4.200,4.200,4.200
2026-02-04 11:19:50,301.26,1,352,353,0.28%,80.19,0.37%,"[0, 5, 10, 15, 20, 25, 30, 35, 40, 45, 50, 55, 60, 65, 70, 75, 80, 85, 90, 95, 100]","[6, 0, 0, 0, 0, 0, 0, 0, 0, 0, 0, 2, 1, 0, 0, 0, 1604, 0, 0, 0]","[0.0037197768133911966, 0.0037197768133911966, 0.0037197768133911966, 0.0037197768133911966, 0.0037197768133911966, 0.0037197768133911966, 0.0037197768133911966, 0.0037197768133911966, 0.0037197768133911966, 0.0037197768133911966, 0.0037197768133911966, 0.0049597024178549285, 0.005579665220086794, 0.005579665220086794, 0.005579665220086794, 0.005579665220086794, 1.0, 1.0, 1.0, 1.0]",4.0,2.0,2.0,2.0,2.0,18,-9.03585,8.0,6.0,hrl_dqn_apf,hierarchical,dqn,-10.975,5.967,-16.207,0.00,0.00,0.00,-1.668,5.736,-10.282,0.00,0.00,0.00,-6.513,10.447,-1.975,0.00,0.00,0.00,4.200,4.200,4.200
2026-02-04 11:19:51,302.26,1,352,353,0.28%,80.26,0.50%,"[0, 5, 10, 15, 20, 25, 30, 35, 40, 45, 50, 55, 60, 65, 70, 75, 80, 85, 90, 95, 100]","[8, 0, 0, 0, 0, 0, 0, 1, 0, 0, 0, 1, 0, 0, 0, 0, 1603, 0, 0, 0]","[0.0049597024178549285, 0.0049597024178549285, 0.0049597024178549285, 0.0049597024178549285, 0.0049597024178549285, 0.0049597024178549285, 0.0049597024178549285, 0.005579665220086794, 0.005579665220086794, 0.005579665220086794, 0.005579665220086794, 0.006199628022318661, 0.006199628022318661, 0.006199628022318661, 0.006199628022318661, 0.006199628022318661, 1.0, 1.0, 1.0, 1.0]",4.0,2.0,2.0,2.0,2.0,18,-9.03585,8.0,6.0,hrl_dqn_apf,hierarchical,dqn,-10.975,5.905,-16.967,0.00,0.00,0.00,-0.907,5.733,-10.282,0.00,0.00,0.00,-6.508,10.505,-1.975,0.00,0.00,0.00,4.200,4.200,4.200
2026-02-04 11:19:52,303.26,1,354,355,0.28%,80.44,0.74%,"[0, 5, 10, 15, 20, 25, 30, 35, 40, 45, 50, 55, 60, 65, 70, 75, 80, 85, 90, 95, 100]","[11, 0, 0, 0, 1, 0, 0, 0, 0, 0, 0, 1, 0, 1, 0, 0, 1599, 0, 0, 0]","[0.006819590824550527, 0.006819590824550527, 0.006819590824550527, 0.006819590824550527, 0.007439553626782393, 0.007439553626782393, 0.007439553626782393, 0.007439553626782393, 0.007439553626782393, 0.007439553626782393, 0.007439553626782393, 0.008059516429014259, 0.008059516429014259, 0.008679479231246125, 0.008679479231246125, 0.008679479231246125, 1.0, 1.0, 1.0, 1.0]",4.0,2.0,2.0,2.0,2.0,18,-9.03585,8.0,6.0,hrl_dqn_apf,hierarchical,dqn,-10.975,5.863,-18.510,0.00,0.00,0.00,0.636,5.726,-10.282,0.00,0.00,0.00,-6.499,10.621,-1.975,0.00,0.00,0.00,4.200,4.200,4.200
2026-02-04 11:19:53,304.26,1,356,357,0.28%,80.54,0.81%,"[0, 5, 10, 15, 20, 25, 30, 35, 40, 45, 50, 55, 60, 65, 70, 75, 80, 85, 90, 95, 100]","[13, 0, 0, 0, 0, 0, 0, 1, 0, 0, 0, 1, 0, 0, 0, 0, 1247, 351, 0, 0]","[0.008059516429014259, 0.008059516429014259, 0.008059516429014259, 0.008059516429014259, 0.008059516429014259, 0.008059516429014259, 0.008059516429014259, 0.008679479231246125, 0.008679479231246125, 0.008679479231246125, 0.008679479231246125, 0.009299442033477991, 0.009299442033477991, 0.009299442033477991, 0.009299442033477991, 0.009299442033477991, 0.782393056416615, 1.0, 1.0, 1.0]",4.0,2.0,2.0,2.0,2.0,18,-9.03585,8.0,6.0,hrl_dqn_apf,hierarchical,dqn,-10.975,5.856,-19.274,0.00,0.00,0.00,1.400,5.723,-10.282,0.00,0.00,0.00,-6.499,10.678,-1.975,0.00,0.00,0.00,4.200,4.200,4.200
2026-02-04 11:19:54,305.27,1,356,357,0.28%,80.64,0.93%,"[0, 5, 10, 15, 20, 25, 30, 35, 40, 45, 50, 55, 60, 65, 70, 75, 80, 85, 90, 95, 100]","[14, 1, 0, 0, 0, 0, 0, 0, 0, 0, 0, 1, 1, 0, 0, 0, 1245, 351, 0, 0]","[0.008679479231246125, 0.009299442033477991, 0.009299442033477991, 0.009299442033477991, 0.009299442033477991, 0.009299442033477991, 0.009299442033477991, 0.009299442033477991, 0.009299442033477991, 0.009299442033477991, 0.009299442033477991, 0.009919404835709857, 0.010539367637941723, 0.010539367637941723, 0.010539367637941723, 0.010539367637941723, 0.782393056416615, 1.0, 1.0, 1.0]",4.0,2.0,2.0,2.0,2.0,18,-9.03585,8.0,6.0,hrl_dqn_apf,hierarchical,dqn,-10.975,5.852,-20.031,0.00,0.00,0.00,2.157,5.720,-10.282,0.00,0.00,0.00,-6.515,10.737,-1.975,0.00,0.00,0.00,4.200,4.200,4.200
2026-02-04 11:19:55,306.27,1,360,361,0.28%,80.73,1.05%,"[0, 5, 10, 15, 20, 25, 30, 35, 40, 45, 50, 55, 60, 65, 70, 75, 80, 85, 90, 95, 100]","[16, 0, 0, 0, 1, 0, 0, 0, 0, 0, 0, 1, 0, 0, 1, 0, 1243, 351, 0, 0]","[0.009919404835709857, 0.009919404835709857, 0.009919404835709857, 0.009919404835709857, 0.010539367637941723, 0.010539367637941723, 0.010539367637941723, 0.010539367637941723, 0.010539367637941723, 0.010539367637941723, 0.010539367637941723, 0.011159330440173589, 0.011159330440173589, 0.011159330440173589, 0.011779293242405457, 0.011779293242405457, 0.782393056416615, 1.0, 1.0, 1.0]",4.0,2.0,2.0,2.0,2.0,18,-9.03585,8.0,6.0,hrl_dqn_apf,hierarchical,dqn,-10.975,5.848,-20.792,0.00,0.00,0.00,2.917,5.717,-10.282,0.00,0.00,0.00,-6.511,10.794,-1.975,0.00,0.00,0.00,4.200,4.200,4.200
2026-02-04 11:19:56,307.27,1,362,363,0.28%,80.92,1.24%,"[0, 5, 10, 15, 20, 25, 30, 35, 40, 45, 50, 55, 60, 65, 70, 75, 80, 85, 90, 95, 100]","[19, 1, 0, 0, 0, 0, 0, 0, 0, 0, 0, 2, 0, 0, 1, 0, 1238, 352, 0, 0]","[0.011779293242405457, 0.012399256044637322, 0.012399256044637322, 0.012399256044637322, 0.012399256044637322, 0.012399256044637322, 0.012399256044637322, 0.012399256044637322, 0.012399256044637322, 0.012399256044637322, 0.012399256044637322, 0.013639181649101054, 0.013639181649101054, 0.013639181649101054, 0.01425914445133292, 0.01425914445133292, 0.7817730936143832, 1.0, 1.0, 1.0]",4.0,2.0,2.0,2.0,2.0,18,-9.03585,8.0,6.0,hrl_dqn_apf,hierarchical,dqn,-10.975,5.841,-22.316,0.00,0.00,0.00,4.441,5.711,-10.282,0.00,0.00,0.00,-6.502,10.906,-1.975,0.00,0.00,0.00,4.200,4.200,4.200
2026-02-04 11:19:57,308.27,0,354,354,0.00%,80.00,0.00%,"[0, 5, 10, 15, 20, 25, 30, 35, 40, 45, 50, 55, 60, 65, 70, 75, 80, 85, 90, 95, 100]","[0, 0, 0, 0, 0, 0, 0, 0, 0, 0, 0, 0, 0, 0, 0, 0, 1613, 0, 0, 0]","[0.0, 0.0, 0.0, 0.0, 0.0, 0.0, 0.0, 0.0, 0.0, 0.0, 0.0, 0.0, 0.0, 0.0, 0.0, 0.0, 1.0, 1.0, 1.0, 1.0]",4.0,2.0,2.0,2.0,2.0,18,-9.03585,8.0,6.0,hrl_dqn_apf,hierarchical,dqn,-10.975,5.838,-23.076,0.00,0.00,0.00,5.202,5.708,-10.282,0.00,0.00,0.00,-6.496,10.964,-1.975,0.00,0.00,0.00,4.200,4.200,4.200
2026-02-04 11:19:58,309.28,0,354,354,0.00%,80.00,0.00%,"[0, 5, 10, 15, 20, 25, 30, 35, 40, 45, 50, 55, 60, 65, 70, 75, 80, 85, 90, 95, 100]","[0, 0, 0, 0, 0, 0, 0, 0, 0, 0, 0, 0, 0, 0, 0, 0, 1613, 0, 0, 0]","[0.0, 0.0, 0.0, 0.0, 0.0, 0.0, 0.0, 0.0, 0.0, 0.0, 0.0, 0.0, 0.0, 0.0, 0.0, 0.0, 1.0, 1.0, 1.0, 1.0]",4.0,2.0,2.0,2.0,2.0,18,-9.03585,8.0,6.0,hrl_dqn_apf,hierarchical,dqn,-10.975,5.835,-23.840,0.00,0.00,0.00,5.965,5.705,-10.282,0.00,0.00,0.00,-6.493,11.021,-1.975,0.00,0.00,0.00,4.200,4.200,4.200
2026-02-04 11:19:59,310.28,0,354,354,0.00%,80.00,0.00%,"[0, 5, 10, 15, 20, 25, 30, 35, 40, 45, 50, 55, 60, 65, 70, 75, 80, 85, 90, 95, 100]","[0, 0, 0, 0, 0, 0, 0, 0, 0, 0, 0, 0, 0, 0, 0, 0, 1613, 0, 0, 0]","[0.0, 0.0, 0.0, 0.0, 0.0, 0.0, 0.0, 0.0, 0.0, 0.0, 0.0, 0.0, 0.0, 0.0, 0.0, 0.0, 1.0, 1.0, 1.0, 1.0]",4.0,2.0,2.0,2.0,2.0,18,-9.03585,8.0,6.0,hrl_dqn_apf,hierarchical,dqn,-10.975,5.832,-24.600,0.00,0.00,0.00,6.725,5.702,-10.282,0.00,0.00,0.00,-6.515,11.080,-1.975,0.00,0.00,0.00,4.200,4.200,4.200
2026-02-04 11:20:00,311.28,1,351,352,0.28%,80.12,0.25%,"[0, 5, 10, 15, 20, 25, 30, 35, 40, 45, 50, 55, 60, 65, 70, 75, 80, 85, 90, 95, 100]","[3, 0, 0, 1, 0, 0, 0, 0, 1, 0, 0, 1, 0, 1, 0, 0, 1606, 0, 0, 0]","[0.0018598884066955983, 0.0018598884066955983, 0.0018598884066955983, 0.0024798512089274642, 0.0024798512089274642, 0.0024798512089274642, 0.0024798512089274642, 0.0024798512089274642, 0.0030998140111593306, 0.0030998140111593306, 0.0030998140111593306, 0.0037197768133911966, 0.0037197768133911966, 0.0043397396156230625, 0.0043397396156230625, 0.0043397396156230625, 1.0, 1.0, 1.0, 1.0]",4.0,2.0,2.0,2.0,2.0,18,-9.03585,8.0,6.0,hrl_dqn_apf,hierarchical,dqn,-10.975,5.826,-26.124,0.00,0.00,0.00,8.249,5.696,-10.282,0.00,0.00,0.00,-6.502,11.195,-1.975,0.00,0.00,0.00,4.168,4.168,4.196
2026-02-04 11:20:01,312.29,1,352,353,0.28%,80.22,0.37%,"[0, 5, 10, 15, 20, 25, 30, 35, 40, 45, 50, 55, 60, 65, 70, 75, 80, 85, 90, 95, 100]","[4, 0, 0, 2, 0, 0, 0, 0, 0, 0, 0, 1, 0, 1, 0, 0, 1605, 0, 0, 0]","[0.0024798512089274642, 0.0024798512089274642, 0.0024798512089274642, 0.0037197768133911966, 0.0037197768133911966, 0.0037197768133911966, 0.0037197768133911966, 0.0037197768133911966, 0.0037197768133911966, 0.0037197768133911966, 0.0037197768133911966, 0.0043397396156230625, 0.0043397396156230625, 0.0049597024178549285, 0.0049597024178549285, 0.0049597024178549285, 1.0, 1.0, 1.0, 1.0]",4.0,2.0,2.0,2.0,2.0,18,-9.03585,8.0,6.0,hrl_dqn_apf,hierarchical,dqn,-10.975,6.006,-26.811,0.00,0.00,0.00,8.939,5.728,-10.324,0.00,0.00,0.00,-6.499,11.240,-2.030,0.00,0.00,0.00,4.165,4.165,4.193
2026-02-04 11:20:02,313.30,1,352,353,0.28%,80.39,0.37%,"[0, 5, 10, 15, 20, 25, 30, 35, 40, 45, 50, 55, 60, 65, 70, 75, 80, 85, 90, 95, 100]","[5, 0, 0, 1, 0, 0, 0, 0, 0, 0, 0, 1, 0, 1, 0, 0, 1605, 0, 0, 0]","[0.0030998140111593306, 0.0030998140111593306, 0.0030998140111593306, 0.0037197768133911966, 0.0037197768133911966, 0.0037197768133911966, 0.0037197768133911966, 0.0037197768133911966, 0.0037197768133911966, 0.0037197768133911966, 0.0037197768133911966, 0.0043397396156230625, 0.0043397396156230625, 0.0049597024178549285, 0.0049597024178549285, 0.0049597024178549285, 1.0, 1.0, 1.0, 1.0]",4.0,2.0,2.0,2.0,2.0,13,-11.920729999999999,8.0,0.0,hrl_dqn_apf,hierarchical,dqn,-10.975,6.386,-27.141,0.00,0.00,0.00,9.278,5.779,-10.758,0.00,0.00,0.00,-6.495,11.261,-2.479,0.00,0.00,0.00,4.162,4.162,4.190
2026-02-04 11:20:03,314.30,1,352,353,0.28%,80.53,0.37%,"[0, 5, 10, 15, 20, 25, 30, 35, 40, 45, 50, 55, 60, 65, 70, 75, 80, 85, 90, 95, 100]","[5, 0, 0, 1, 0, 0, 0, 0, 0, 1, 0, 1, 1, 1, 0, 0, 1603, 0, 0, 0]","[0.0030998140111593306, 0.0030998140111593306, 0.0030998140111593306, 0.0037197768133911966, 0.0037197768133911966, 0.0037197768133911966, 0.0037197768133911966, 0.0037197768133911966, 0.0037197768133911966, 0.0043397396156230625, 0.0043397396156230625, 0.0049597024178549285, 0.005579665220086794, 0.006199628022318661, 0.006199628022318661, 0.006199628022318661, 1.0, 1.0, 1.0, 1.0]",4.0,2.0,2.0,2.0,2.0,15,-29.76091,8.0,6.0,hrl_dqn_apf,hierarchical,dqn,-10.975,6.441,-26.933,0.00,0.00,0.00,9.384,5.782,-11.424,0.00,0.00,0.00,-6.496,11.260,-3.152,0.00,0.00,0.00,4.159,4.159,4.187
2026-02-04 11:20:04,315.31,3,354,357,0.84%,80.78,0.56%,"[0, 5, 10, 15, 20, 25, 30, 35, 40, 45, 50, 55, 60, 65, 70, 75, 80, 85, 90, 95, 100]","[7, 0, 0, 1, 0, 1, 0, 0, 0, 0, 0, 1, 0, 1, 0, 0, 1253, 349, 0, 0]","[0.0043397396156230625, 0.0043397396156230625, 0.0043397396156230625, 0.0049597024178549285, 0.0049597024178549285, 0.005579665220086794, 0.005579665220086794, 0.005579665220086794, 0.005579665220086794, 0.005579665220086794, 0.005579665220086794, 0.006199628022318661, 0.006199628022318661, 0.006819590824550527, 0.006819590824550527, 0.006819590824550527, 0.7836329820210788, 1.0, 1.0, 1.0]",4.0,2.0,2.0,2.0,2.0,15,-29.76091,8.0,6.0,hrl_dqn_apf,hierarchical,dqn,-10.975,6.439,-25.628,0.00,0.00,0.00,9.324,6.360,-12.132,0.00,0.00,0.00,-6.496,10.976,-4.369,0.00,0.00,0.00,4.156,4.156,4.184
2026-02-04 11:20:05,316.31,3,354,357,0.84%,80.91,0.56%,"[0, 5, 10, 15, 20, 25, 30, 35, 40, 45, 50, 55, 60, 65, 70, 75, 80, 85, 90, 95, 100]","[8, 0, 0, 1, 0, 0, 0, 0, 1, 0, 0, 1, 0, 1, 0, 0, 1252, 349, 0, 0]","[0.0049597024178549285, 0.0049597024178549285, 0.0049597024178549285, 0.005579665220086794, 0.005579665220086794, 0.005579665220086794, 0.005579665220086794, 0.005579665220086794, 0.006199628022318661, 0.006199628022318661, 0.006199628022318661, 0.006819590824550527, 0.006819590824550527, 0.007439553626782393, 0.007439553626782393, 0.007439553626782393, 0.7836329820210788, 1.0, 1.0, 1.0]",4.0,2.0,2.0,2.0,2.0,22,-17.60054,8.0,12.0,hrl_dqn_apf,hierarchical,dqn,-10.975,6.435,-24.878,0.00,0.00,0.00,8.817,6.370,-12.193,0.00,0.00,0.00,-6.495,10.562,-4.348,0.00,0.00,0.00,4.153,4.153,4.181
2026-02-04 11:20:06,317.31,3,358,361,0.83%,81.03,0.68%,"[0, 5, 10, 15, 20, 25, 30, 35, 40, 45, 50, 55, 60, 65, 70, 75, 80, 85, 90, 95, 100]","[10, 0, 0, 1, 0, 0, 0, 0, 0, 0, 0, 0, 0, 1, 0, 0, 1252, 349, 0, 0]","[0.006199628022318661, 0.006199628022318661, 0.006199628022318661, 0.006819590824550527, 0.006819590824550527, 0.006819590824550527, 0.006819590824550527, 0.006819590824550527, 0.006819590824550527, 0.006819590824550527, 0.006819590824550527, 0.006819590824550527, 0.006819590824550527, 0.007439553626782393, 0.007439553626782393, 0.007439553626782393, 0.7836329820210788, 1.0, 1.0, 1.0]",4.0,2.0,2.0,2.0,2.0,8,-11.440190000000001,8.0,-6.0,hrl_dqn_apf,hierarchical,dqn,-10.975,6.432,-24.121,0.00,0.00,0.00,8.127,6.366,-12.212,0.00,0.00,0.00,-6.495,10.155,-4.337,0.00,0.00,0.00,4.150,4.150,4.178
2026-02-04 11:20:07,318.31,3,362,365,0.82%,81.19,0.68%,"[0, 5, 10, 15, 20, 25, 30, 35, 40, 45, 50, 55, 60, 65, 70, 75, 80, 85, 90, 95, 100]","[10, 0, 0, 1, 0, 0, 0, 0, 0, 1, 0, 0, 0, 1, 0, 1, 1249, 350, 0, 0]","[0.006199628022318661, 0.006199628022318661, 0.006199628022318661, 0.006819590824550527, 0.006819590824550527, 0.006819590824550527, 0.006819590824550527, 0.006819590824550527, 0.006819590824550527, 0.007439553626782393, 0.007439553626782393, 0.007439553626782393, 0.007439553626782393, 0.008059516429014259, 0.008059516429014259, 0.008679479231246125, 0.7830130192188469, 1.0, 1.0, 1.0]",4.0,2.0,2.0,2.0,2.0,8,-11.440190000000001,8.0,-6.0,hrl_dqn_apf,hierarchical,dqn,-10.975,6.428,-23.342,0.00,0.00,0.00,7.369,6.361,-12.218,0.00,0.00,0.00,-6.495,9.742,-4.334,0.00,0.00,0.00,4.147,4.147,4.175
2026-02-04 11:20:08,319.32,3,362,365,0.82%,81.40,0.93%,"[0, 5, 10, 15, 20, 25, 30, 35, 40, 45, 50, 55, 60, 65, 70, 75, 80, 85, 90, 95, 100]","[11, 1, 0, 2, 0, 1, 0, 0, 0, 0, 0, 0, 0, 1, 0, 0, 1245, 352, 0, 0]","[0.006819590824550527, 0.007439553626782393, 0.007439553626782393, 0.008679479231246125, 0.008679479231246125, 0.009299442033477991, 0.009299442033477991, 0.009299442033477991, 0.009299442033477991, 0.009299442033477991, 0.009299442033477991, 0.009299442033477991, 0.009299442033477991, 0.009919404835709857, 0.009919404835709857, 0.009919404835709857, 0.7817730936143832, 1.0, 1.0, 1.0]",4.0,2.0,2.0,2.0,2.0,16,-23.28012,8.0,6.0,hrl_dqn_apf,hierarchical,dqn,-10.975,6.422,-21.804,0.00,0.00,0.00,5.838,6.355,-12.220,0.00,0.00,0.00,-6.495,9.292,-4.163,0.00,0.00,0.00,4.144,4.144,4.172
2026-02-04 11:20:09,320.33,3,366,369,0.81%,81.56,0.93%,"[0, 5, 10, 15, 20, 25, 30, 35, 40, 45, 50, 55, 60, 65, 70, 75, 80, 85, 90, 95, 100]","[13, 1, 0, 1, 0, 0, 0, 0, 0, 0, 0, 0, 0, 1, 0, 0, 1243, 7, 347, 0]","[0.008059516429014259, 0.008679479231246125, 0.008679479231246125, 0.009299442033477991, 0.009299442033477991, 0.009299442033477991, 0.009299442033477991, 0.009299442033477991, 0.009299442033477991, 0.009299442033477991, 0.009299442033477991, 0.009299442033477991, 0.009299442033477991, 0.009919404835709857, 0.009919404835709857, 0.009919404835709857, 0.7805331680099195, 0.7848729076255425, 1.0, 1.0]",4.0,2.0,2.0,2.0,2.0,1,-23.1176,8.0,-12.0,hrl_dqn_apf,hierarchical,dqn,-10.975,6.419,-21.040,0.00,0.00,0.00,5.075,6.351,-12.220,0.00,0.00,0.00,-6.497,9.341,-3.698,0.00,0.00,0.00,4.141,4.141,4.169
2026-02-04 11:20:10,321.33,3,366,369,0.81%,81.65,1.05%,"[0, 5, 10, 15, 20, 25, 30, 35, 40, 45, 50, 55, 60, 65, 70, 75, 80, 85, 90, 95, 100]","[13, 2, 0, 2, 0, 0, 0, 0, 0, 0, 0, 0, 0, 1, 0, 0, 1241, 7, 347, 0]","[0.008059516429014259, 0.009299442033477991, 0.009299442033477991, 0.010539367637941723, 0.010539367637941723, 0.010539367637941723, 0.010539367637941723, 0.010539367637941723, 0.010539367637941723, 0.010539367637941723, 0.010539367637941723, 0.010539367637941723, 0.010539367637941723, 0.011159330440173589, 0.011159330440173589, 0.011159330440173589, 0.7805331680099195, 0.7848729076255425, 1.0, 1.0]",4.0,2.0,2.0,2.0,2.0,1,-23.1176,8.0,-12.0,hrl_dqn_apf,hierarchical,dqn,-10.975,6.416,-20.280,0.00,0.00,0.00,4.315,6.348,-12.220,0.00,0.00,0.00,-6.515,9.416,-3.493,0.00,0.00,0.00,4.138,4.138,4.166
2026-02-04 11:20:11,322.33,3,366,369,0.81%,81.79,1.05%,"[0, 5, 10, 15, 20, 25, 30, 35, 40, 45, 50, 55, 60, 65, 70, 75, 80, 85, 90, 95, 100]","[15, 1, 0, 1, 0, 0, 1, 0, 0, 0, 0, 0, 0, 1, 0, 0, 1236, 11, 347, 0]","[0.009299442033477991, 0.009919404835709857, 0.009919404835709857, 0.010539367637941723, 0.010539367637941723, 0.010539367637941723, 0.011159330440173589, 0.011159330440173589, 0.011159330440173589, 0.011159330440173589, 0.011159330440173589, 0.011159330440173589, 0.011159330440173589, 0.011779293242405457, 0.011779293242405457, 0.011779293242405457, 0.778053316800992, 0.7848729076255425, 1.0, 1.0]",4.0,2.0,2.0,2.0,2.0,19,-4.95711,8.0,6.0,hrl_dqn_apf,hierarchical,dqn,-10.975,6.413,-19.517,0.00,0.00,0.00,3.552,6.345,-12.220,0.00,0.00,0.00,-6.513,9.476,-3.434,0.00,0.00,0.00,4.135,4.135,4.163
2026-02-04 11:20:12,323.34,3,370,373,0.80%,82.05,1.24%,"[0, 5, 10, 15, 20, 25, 30, 35, 40, 45, 50, 55, 60, 65, 70, 75, 80, 85, 90, 95, 100]","[17, 1, 0, 1, 1, 0, 0, 0, 0, 0, 0, 0, 0, 1, 1, 0, 1229, 14, 348, 0]","[0.010539367637941723, 0.011159330440173589, 0.011159330440173589, 0.011779293242405457, 0.012399256044637322, 0.012399256044637322, 0.012399256044637322, 0.012399256044637322, 0.012399256044637322, 0.012399256044637322, 0.012399256044637322, 0.012399256044637322, 0.012399256044637322, 0.013019218846869188, 0.013639181649101054, 0.013639181649101054, 0.7755734655920645, 0.7842529448233106, 1.0, 1.0]",4.0,2.0,2.0,2.0,2.0,19,-4.95711,8.0,6.0,hrl_dqn_apf,hierarchical,dqn,-10.975,6.407,-17.993,0.00,0.00,0.00,2.148,6.400,-12.097,0.00,0.00,0.00,-6.502,9.592,-3.411,0.00,0.00,0.00,4.132,4.132,4.160
2026-02-04 11:20:13,324.34,3,370,373,0.80%,82.15,1.30%,"[0, 5, 10, 15, 20, 25, 30, 35, 40, 45, 50, 55, 60, 65, 70, 75, 80, 85, 90, 95, 100]","[19, 0, 1, 1, 0, 0, 0, 0, 1, 0, 0, 0, 0, 1, 0, 1, 1225, 14, 350, 0]","[0.011779293242405457, 0.011779293242405457, 0.012399256044637322, 0.013019218846869188, 0.013019218846869188, 0.013019218846869188, 0.013019218846869188, 0.013019218846869188, 0.013639181649101054, 0.013639181649101054, 0.013639181649101054, 0.013639181649101054, 0.013639181649101054, 0.01425914445133292, 0.01425914445133292, 0.014879107253564786, 0.7743335399876008, 0.7830130192188469, 1.0, 1.0]",4.0,2.0,2.0,2.0,2.0,19,-4.79702,8.0,6.0,hrl_dqn_apf,hierarchical,dqn,-10.975,6.404,-17.232,0.00,0.00,0.00,1.902,6.429,-11.572,0.00,0.00,0.00,-6.498,9.638,-3.345,0.00,0.00,0.00,4.129,4.129,4.157
2026-02-04 11:20:14,325.34,3,370,373,0.80%,82.25,1.43%,"[0, 5, 10, 15, 20, 25, 30, 35, 40, 45, 50, 55, 60, 65, 70, 75, 80, 85, 90, 95, 100]","[21, 1, 0, 1, 0, 0, 0, 0, 0, 0, 0, 0, 0, 1, 0, 0, 1221, 16, 7, 345]","[0.013019218846869188, 0.013639181649101054, 0.013639181649101054, 0.01425914445133292, 0.01425914445133292, 0.01425914445133292, 0.01425914445133292, 0.01425914445133292, 0.01425914445133292, 0.01425914445133292, 0.01425914445133292, 0.01425914445133292, 0.01425914445133292, 0.014879107253564786, 0.014879107253564786, 0.014879107253564786, 0.7718536887786733, 0.7817730936143832, 0.7861128332300062, 1.0]",4.0,2.0,2.0,2.0,2.0,18,-10.63682,8.0,6.0,hrl_dqn_apf,hierarchical,dqn,-10.975,6.401,-16.472,0.00,0.00,0.00,1.825,6.429,-10.878,0.00,0.00,0.00,-6.494,9.657,-2.887,0.00,0.00,0.00,4.126,4.126,4.154
2026-02-04 11:20:15,326.34,3,370,373,0.80%,82.40,1.43%,"[0, 5, 10, 15, 20, 25, 30, 35, 40, 45, 50, 55, 60, 65, 70, 75, 80, 85, 90, 95, 100]","[21, 1, 0, 1, 0, 0, 1, 0, 0, 0, 0, 0, 1, 1, 0, 0, 1219, 16, 7, 345]","[0.013019218846869188, 0.013639181649101054, 0.013639181649101054, 0.01425914445133292, 0.01425914445133292, 0.01425914445133292, 0.014879107253564786, 0.014879107253564786, 0.014879107253564786, 0.014879107253564786, 0.014879107253564786, 0.014879107253564786, 0.015499070055796652, 0.016119032858028518, 0.016119032858028518, 0.016119032858028518, 0.7718536887786733, 0.7817730936143832, 0.7861128332300062, 1.0]",4.0,2.0,2.0,2.0,2.0,18,-10.63682,8.0,6.0,hrl_dqn_apf,hierarchical,dqn,-10.975,6.398,-15.711,0.00,0.00,0.00,1.801,6.426,-10.136,0.00,0.00,0.00,-6.495,9.657,-2.211,0.00,0.00,0.00,4.123,4.123,4.151
2026-02-04 11:20:16,327.34,4,370,374,1.07%,82.57,1.74%,"[0, 5, 10, 15, 20, 25, 30, 35, 40, 45, 50, 55, 60, 65, 70, 75, 80, 85, 90, 95, 100]","[25, 1, 0, 1, 1, 0, 0, 0, 0, 0, 0, 0, 0, 1, 0, 0, 1217, 10, 12, 345]","[0.015499070055796652, 0.016119032858028518, 0.016119032858028518, 0.016738995660260384, 0.01735895846249225, 0.01735895846249225, 0.01735895846249225, 0.01735895846249225, 0.01735895846249225, 0.01735895846249225, 0.01735895846249225, 0.01735895846249225, 0.01735895846249225, 0.017978921264724116, 0.017978921264724116, 0.017978921264724116, 0.7724736515809052, 0.7786732796032239, 0.7861128332300062, 1.0]",4.0,2.0,2.0,2.0,2.0,13,-10.476289999999999,8.0,0.0,hrl_dqn_apf,hierarchical,dqn,-10.975,6.392,-14.184,0.00,0.00,0.00,1.669,6.480,-8.737,0.00,0.00,0.00,-6.492,9.713,-1.755,0.00,0.00,0.00,4.120,4.120,4.148
2026-02-04 11:20:17,328.34,4,372,376,1.06%,82.68,1.74%,"[0, 5, 10, 15, 20, 25, 30, 35, 40, 45, 50, 55, 60, 65, 70, 75, 80, 85, 90, 95, 100]","[26, 1, 0, 1, 0, 0, 1, 0, 0, 0, 0, 1, 0, 1, 0, 0, 1214, 10, 13, 345]","[0.016119032858028518, 0.016738995660260384, 0.016738995660260384, 0.01735895846249225, 0.01735895846249225, 0.01735895846249225, 0.017978921264724116, 0.017978921264724116, 0.017978921264724116, 0.017978921264724116, 0.017978921264724116, 0.018598884066955982, 0.018598884066955982, 0.019218846869187848, 0.019218846869187848, 0.019218846869187848, 0.7718536887786733, 0.778053316800992, 0.7861128332300062, 1.0]",4.0,2.0,2.0,2.0,2.0,7,-16.31658,8.0,-6.0,hrl_dqn_apf,hierarchical,dqn,-10.976,6.389,-13.424,0.00,0.00,0.00,1.144,6.508,-8.491,0.00,0.00,0.00,-6.492,9.773,-1.740,0.00,0.00,0.00,4.117,4.117,4.145
2026-02-04 11:20:18,329.35,5,373,378,1.32%,82.81,1.86%,"[0, 5, 10, 15, 20, 25, 30, 35, 40, 45, 50, 55, 60, 65, 70, 75, 80, 85, 90, 95, 100]","[28, 1, 0, 1, 0, 0, 0, 0, 0, 0, 0, 0, 0, 1, 0, 0, 1210, 15, 11, 346]","[0.01735895846249225, 0.017978921264724116, 0.017978921264724116, 0.018598884066955982, 0.018598884066955982, 0.018598884066955982, 0.018598884066955982, 0.018598884066955982, 0.018598884066955982, 0.018598884066955982, 0.018598884066955982, 0.018598884066955982, 0.018598884066955982, 0.019218846869187848, 0.019218846869187848, 0.019218846869187848, 0.7693738375697459, 0.7786732796032239, 0.7854928704277744, 1.0]",4.0,2.0,2.0,2.0,2.0,7,-16.31658,8.0,-6.0,hrl_dqn_apf,hierarchical,dqn,-10.976,6.386,-12.660,0.00,0.00,0.00,0.447,6.508,-8.415,0.00,0.00,0.00,-6.507,9.821,-1.751,0.00,0.00,0.00,4.114,4.114,4.142
2026-02-04 11:20:19,330.35,6,372,378,1.59%,82.91,1.92%,"[0, 5, 10, 15, 20, 25, 30, 35, 40, 45, 50, 55, 60, 65, 70, 75, 80, 85, 90, 95, 100]","[28, 1, 1, 1, 0, 0, 0, 1, 0, 0, 0, 0, 0, 1, 0, 0, 1209, 10, 14, 347]","[0.01735895846249225, 0.017978921264724116, 0.018598884066955982, 0.019218846869187848, 0.019218846869187848, 0.019218846869187848, 0.019218846869187848, 0.019838809671419714, 0.019838809671419714, 0.019838809671419714, 0.019838809671419714, 0.019838809671419714, 0.019838809671419714, 0.02045877247365158, 0.02045877247365158, 0.02045877247365158, 0.7699938003719777, 0.7761934283942964, 0.7848729076255425, 1.0]",4.0,2.0,2.0,2.0,2.0,13,-10.2363,8.0,0.0,hrl_dqn_apf,hierarchical,dqn,-10.976,6.382,-11.883,0.00,0.00,0.00,-0.312,6.505,-8.391,0.00,0.00,0.00,-6.503,9.875,-1.750,0.00,0.00,0.00,4.111,4.111,4.139
2026-02-04 11:20:20,331.35,7,375,382,1.83%,83.16,2.11%,"[0, 5, 10, 15, 20, 25, 30, 35, 40, 45, 50, 55, 60, 65, 70, 75, 80, 85, 90, 95, 100]","[30, 1, 1, 1, 1, 0, 0, 0, 0, 0, 0, 0, 0, 1, 0, 0, 1207, 9, 16, 346]","[0.018598884066955982, 0.019218846869187848, 0.019838809671419714, 0.02045877247365158, 0.021078735275883446, 0.021078735275883446, 0.021078735275883446, 0.021078735275883446, 0.021078735275883446, 0.021078735275883446, 0.021078735275883446, 0.021078735275883446, 0.021078735275883446, 0.02169869807811531, 0.02169869807811531, 0.02169869807811531, 0.7699938003719777, 0.7755734655920645, 0.7854928704277744, 1.0]",4.0,2.0,2.0,2.0,2.0,7,-16.07579,8.0,-6.0,hrl_dqn_apf,hierarchical,dqn,-10.976,6.376,-10.359,0.00,0.00,0.00,-1.829,6.499,-8.381,0.00,0.00,0.00,-6.492,9.991,-1.747,0.00,0.00,0.00,4.108,4.108,4.136
2026-02-04 11:20:21,332.35,8,376,384,2.08%,83.29,2.17%,"[0, 5, 10, 15, 20, 25, 30, 35, 40, 45, 50, 55, 60, 65, 70, 75, 80, 85, 90, 95, 100]","[31, 1, 1, 2, 0, 0, 0, 0, 0, 0, 0, 0, 0, 1, 0, 0, 1207, 9, 10, 351]","[0.019218846869187848, 0.019838809671419714, 0.02045877247365158, 0.02169869807811531, 0.02169869807811531, 0.02169869807811531, 0.02169869807811531, 0.02169869807811531, 0.02169869807811531, 0.02169869807811531, 0.02169869807811531, 0.02169869807811531, 0.02169869807811531, 0.022318660880347178, 0.022318660880347178, 0.022318660880347178, 0.7706137631742096, 0.7761934283942964, 0.782393056416615, 1.0]",4.0,2.0,2.0,2.0,2.0,7,-16.07579,8.0,-6.0,hrl_dqn_apf,hierarchical,dqn,-11.029,6.414,-9.648,0.00,0.00,0.00,-2.540,6.537,-8.328,0.00,0.00,0.00,-6.511,10.050,-1.747,0.00,0.00,0.00,4.105,4.105,4.133
2026-02-04 11:20:22,333.36,9,375,384,2.34%,83.42,2.23%,"[0, 5, 10, 15, 20, 25, 30, 35, 40, 45, 50, 55, 60, 65, 70, 75, 80, 85, 90, 95, 100]","[32, 1, 1, 1, 0, 1, 0, 0, 0, 0, 0, 0, 0, 2, 0, 0, 1203, 11, 8, 353]","[0.019838809671419714, 0.02045877247365158, 0.021078735275883446, 0.02169869807811531, 0.02169869807811531, 0.022318660880347178, 0.022318660880347178, 0.022318660880347178, 0.022318660880347178, 0.022318660880347178, 0.022318660880347178, 0.022318660880347178, 0.022318660880347178, 0.023558586484810913, 0.023558586484810913, 0.023558586484810913, 0.7693738375697459, 0.7761934283942964, 0.7811531308121513, 1.0]",4.0,2.0,2.0,2.0,2.0,14,-3.9156999999999993,8.0,0.0,hrl_dqn_apf,hierarchical,dqn,-11.478,6.460,-9.328,0.00,0.00,0.00,-2.860,6.583,-7.878,0.00,0.00,0.00,-6.497,9.981,-1.747,0.00,0.00,0.00,4.102,4.102,4.130
2026-02-04 11:20:23,334.36,10,376,386,2.59%,83.54,2.29%,"[0, 5, 10, 15, 20, 25, 30, 35, 40, 45, 50, 55, 60, 65, 70, 75, 80, 85, 90, 95, 100]","[33, 1, 1, 1, 0, 1, 0, 0, 0, 0, 0, 1, 0, 1, 0, 0, 1201, 7, 14, 352]","[0.02045877247365158, 0.021078735275883446, 0.02169869807811531, 0.022318660880347178, 0.022318660880347178, 0.022938623682579044, 0.022938623682579044, 0.022938623682579044, 0.022938623682579044, 0.022938623682579044, 0.022938623682579044, 0.023558586484810913, 0.023558586484810913, 0.02417854928704278, 0.02417854928704278, 0.02417854928704278, 0.768753874767514, 0.7730936143831371, 0.7817730936143832, 1.0]",4.0,2.0,2.0,2.0,2.0,21,-21.75544,8.0,12.0,hrl_dqn_apf,hierarchical,dqn,-12.148,6.462,-9.228,0.00,0.00,0.00,-2.961,6.585,-7.207,0.00,0.00,0.00,-6.497,9.587,-1.747,0.00,0.00,0.00,4.099,4.099,4.127
2026-02-04 11:20:24,335.36,12,376,388,3.09%,83.78,2.42%,"[0, 5, 10, 15, 20, 25, 30, 35, 40, 45, 50, 55, 60, 65, 70, 75, 80, 85, 90, 95, 100]","[34, 1, 1, 2, 0, 1, 0, 0, 0, 0, 0, 1, 0, 1, 0, 1, 1201, 7, 8, 355]","[0.021078735275883446, 0.02169869807811531, 0.022318660880347178, 0.023558586484810913, 0.023558586484810913, 0.02417854928704278, 0.02417854928704278, 0.02417854928704278, 0.02417854928704278, 0.02417854928704278, 0.02417854928704278, 0.024798512089274645, 0.024798512089274645, 0.02541847489150651, 0.02541847489150651, 0.026038437693738377, 0.7706137631742096, 0.7749535027898327, 0.7799132052076876, 1.0]",4.0,2.0,2.0,2.0,2.0,21,-21.75544,8.0,12.0,hrl_dqn_apf,hierarchical,dqn,-13.388,6.577,-9.187,0.00,0.00,0.00,-3.002,6.580,-5.715,0.00,0.00,0.00,-6.501,9.704,-1.747,0.00,0.00,0.00,4.096,4.096,4.124
2026-02-04 11:20:25,336.36,13,375,388,3.35%,83.87,2.48%,"[0, 5, 10, 15, 20, 25, 30, 35, 40, 45, 50, 55, 60, 65, 70, 75, 80, 85, 90, 95, 100]","[34, 2, 1, 2, 0, 1, 1, 1, 0, 0, 0, 0, 0, 1, 0, 0, 1197, 10, 9, 354]","[0.021078735275883446, 0.022318660880347178, 0.022938623682579044, 0.02417854928704278, 0.02417854928704278, 0.024798512089274645, 0.02541847489150651, 0.026038437693738377, 0.026038437693738377, 0.026038437693738377, 0.026038437693738377, 0.026038437693738377, 0.026038437693738377, 0.026658400495970243, 0.026658400495970243, 0.026658400495970243, 0.768753874767514, 0.7749535027898327, 0.7805331680099195, 1.0]",4.0,2.0,2.0,2.0,2.0,4,-3.595179999999999,8.0,-12.0,hrl_dqn_apf,hierarchical,dqn,-13.101,6.636,-9.184,0.00,0.00,0.00,-3.005,6.577,-4.956,0.00,0.00,0.00,-6.498,9.764,-1.747,0.00,0.00,0.00,4.093,4.093,4.121
2026-02-04 11:20:26,337.37,15,373,388,3.87%,84.03,2.60%,"[0, 5, 10, 15, 20, 25, 30, 35, 40, 45, 50, 55, 60, 65, 70, 75, 80, 85, 90, 95, 100]","[34, 3, 1, 2, 1, 1, 0, 0, 0, 0, 0, 0, 0, 1, 0, 0, 1195, 12, 9, 354]","[0.021078735275883446, 0.022938623682579044, 0.023558586484810913, 0.024798512089274645, 0.02541847489150651, 0.026038437693738377, 0.026038437693738377, 0.026038437693738377, 0.026038437693738377, 0.026038437693738377, 0.026038437693738377, 0.026038437693738377, 0.026038437693738377, 0.026658400495970243, 0.026658400495970243, 0.026658400495970243, 0.7675139491630503, 0.7749535027898327, 0.7805331680099195, 1.0]",4.0,2.0,2.0,2.0,2.0,15,-27.43513,8.0,6.0,hrl_dqn_apf,hierarchical,dqn,-12.474,6.638,-9.183,0.00,0.00,0.00,-3.017,6.586,-4.203,0.00,0.00,0.00,-6.493,9.823,-1.747,0.00,0.00,0.00,4.090,4.090,4.118
2026-02-04 11:20:27,338.37,16,374,390,4.10%,84.15,2.60%,"[0, 5, 10, 15, 20, 25, 30, 35, 40, 45, 50, 55, 60, 65, 70, 75, 80, 85, 90, 95, 100]","[34, 3, 1, 2, 2, 0, 1, 0, 0, 0, 0, 0, 0, 1, 0, 0, 1196, 12, 9, 352]","[0.021078735275883446, 0.022938623682579044, 0.023558586484810913, 0.024798512089274645, 0.026038437693738377, 0.026038437693738377, 0.026658400495970243, 0.026658400495970243, 0.026658400495970243, 0.026658400495970243, 0.026658400495970243, 0.026658400495970243, 0.026658400495970243, 0.02727836329820211, 0.02727836329820211, 0.02727836329820211, 0.768753874767514, 0.7761934283942964, 0.7817730936143832, 1.0]",4.0,2.0,2.0,2.0,2.0,15,-27.43513,8.0,6.0,hrl_dqn_apf,hierarchical,dqn,-11.751,6.636,-9.183,0.00,0.00,0.00,-3.363,6.655,-3.783,0.00,0.00,0.00,-6.515,9.882,-1.747,0.00,0.00,0.00,4.087,4.087,4.115
2026-02-04 11:20:28,339.38,16,374,390,4.10%,84.44,2.60%,"[0, 5, 10, 15, 20, 25, 30, 35, 40, 45, 50, 55, 60, 65, 70, 75, 80, 85, 90, 95, 100]","[35, 2, 2, 2, 0, 1, 2, 0, 0, 0, 0, 0, 0, 1, 1, 1, 1189, 14, 8, 355]","[0.02169869807811531, 0.022938623682579044, 0.02417854928704278, 0.02541847489150651, 0.02541847489150651, 0.026038437693738377, 0.02727836329820211, 0.02727836329820211, 0.02727836329820211, 0.02727836329820211, 0.02727836329820211, 0.02727836329820211, 0.02727836329820211, 0.027898326100433975, 0.02851828890266584, 0.029138251704897707, 0.7662740235585865, 0.7749535027898327, 0.7799132052076876, 1.0]",4.0,2.0,2.0,2.0,2.0,17,-15.27497,8.0,6.0,hrl_dqn_apf,hierarchical,dqn,-10.241,6.629,-9.183,0.00,0.00,0.00,-4.510,6.557,-3.679,0.00,0.00,0.00,-6.497,10.184,-1.745,0.00,0.00,0.00,4.084,4.084,4.112
2026-02-04 11:20:29,340.38,18,373,391,4.60%,84.56,2.73%,"[0, 5, 10, 15, 20, 25, 30, 35, 40, 45, 50, 55, 60, 65, 70, 75, 80, 85, 90, 95, 100]","[35, 3, 2, 2, 1, 1, 1, 0, 0, 0, 0, 0, 0, 1, 1, 1, 1189, 14, 7, 355]","[0.02169869807811531, 0.023558586484810913, 0.024798512089274645, 0.026038437693738377, 0.026658400495970243, 0.02727836329820211, 0.027898326100433975, 0.027898326100433975, 0.027898326100433975, 0.027898326100433975, 0.027898326100433975, 0.027898326100433975, 0.027898326100433975, 0.02851828890266584, 0.029138251704897707, 0.029758214507129573, 0.7668939863608184, 0.7755734655920645, 0.7799132052076876, 1.0]",4.0,2.0,2.0,2.0,2.0,24,-3.1144800000000004,8.0,12.0,hrl_dqn_apf,hierarchical,dqn,-9.530,6.664,-9.136,0.00,0.00,0.00,-4.335,6.301,-3.986,0.00,0.00,0.00,-6.684,10.517,-1.657,0.00,0.00,0.00,4.081,4.081,4.109
2026-02-04 11:20:30,341.38,18,373,391,4.60%,84.63,2.73%,"[0, 5, 10, 15, 20, 25, 30, 35, 40, 45, 50, 55, 60, 65, 70, 75, 80, 85, 90, 95, 100]","[35, 3, 2, 2, 1, 1, 2, 0, 0, 1, 0, 0, 0, 2, 1, 1, 1189, 10, 10, 353]","[0.02169869807811531, 0.023558586484810913, 0.024798512089274645, 0.026038437693738377, 0.026658400495970243, 0.02727836329820211, 0.02851828890266584, 0.02851828890266584, 0.02851828890266584, 0.029138251704897707, 0.029138251704897707, 0.029138251704897707, 0.029138251704897707, 0.03037817730936144, 0.030998140111593304, 0.03161810291382517, 0.768753874767514, 0.7749535027898327, 0.7811531308121513, 1.0]",4.0,2.0,2.0,2.0,2.0,24,-3.1144800000000004,8.0,12.0,hrl_dqn_apf,hierarchical,dqn,-9.200,6.713,-8.693,0.00,0.00,0.00,-3.890,6.042,-4.451,0.00,0.00,0.00,-7.112,10.679,-1.275,0.00,0.00,0.00,4.078,4.078,4.106
2026-02-04 11:20:31,342.38,21,372,393,5.34%,84.73,2.91%,"[0, 5, 10, 15, 20, 25, 30, 35, 40, 45, 50, 55, 60, 65, 70, 75, 80, 85, 90, 95, 100]","[37, 3, 3, 2, 1, 1, 1, 0, 0, 0, 0, 0, 0, 1, 1, 1, 1189, 8, 12, 353]","[0.022938623682579044, 0.024798512089274645, 0.026658400495970243, 0.027898326100433975, 0.02851828890266584, 0.029138251704897707, 0.029758214507129573, 0.029758214507129573, 0.029758214507129573, 0.029758214507129573, 0.029758214507129573, 0.029758214507129573, 0.029758214507129573, 0.03037817730936144, 0.030998140111593304, 0.03161810291382517, 0.768753874767514, 0.7737135771853689, 0.7811531308121513, 1.0]",4.0,2.0,2.0,2.0,2.0,3,-8.9545,8.0,-12.0,hrl_dqn_apf,hierarchical,dqn,-9.379,6.731,-8.349,0.00,0.00,0.00,-3.605,6.070,-5.072,0.00,0.00,0.00,-7.377,10.255,-1.033,0.00,0.00,0.00,4.076,4.076,4.105
2026-02-04 11:20:32,343.38,22,373,395,5.57%,85.06,2.98%,"[0, 5, 10, 15, 20, 25, 30, 35, 40, 45, 50, 55, 60, 65, 70, 75, 80, 85, 90, 95, 100]","[35, 5, 3, 2, 1, 2, 0, 1, 0, 0, 0, 0, 0, 1, 0, 2, 1184, 9, 14, 354]","[0.02169869807811531, 0.024798512089274645, 0.026658400495970243, 0.027898326100433975, 0.02851828890266584, 0.029758214507129573, 0.029758214507129573, 0.03037817730936144, 0.03037817730936144, 0.03037817730936144, 0.03037817730936144, 0.03037817730936144, 0.03037817730936144, 0.030998140111593304, 0.030998140111593304, 0.032238065716057036, 0.7662740235585865, 0.7718536887786733, 0.7805331680099195, 1.0]",4.0,2.0,2.0,2.0,2.0,3,-8.9545,8.0,-12.0,hrl_dqn_apf,hierarchical,dqn,-9.835,6.739,-7.356,0.00,0.00,0.00,-3.483,6.041,-6.540,0.00,0.00,0.00,-7.490,9.393,-0.930,0.00,0.00,0.00,4.200,4.200,4.200
2026-02-04 11:20:33,344.39,21,372,393,5.34%,85.20,2.91%,"[0, 5, 10, 15, 20, 25, 30, 35, 40, 45, 50, 55, 60, 65, 70, 75, 80, 85, 90, 95, 100]","[36, 5, 2, 3, 1, 0, 1, 1, 0, 0, 1, 0, 0, 1, 0, 1, 1185, 7, 14, 355]","[0.022318660880347178, 0.02541847489150651, 0.026658400495970243, 0.02851828890266584, 0.029138251704897707, 0.029138251704897707, 0.029758214507129573, 0.03037817730936144, 0.03037817730936144, 0.03037817730936144, 0.030998140111593304, 0.030998140111593304, 0.030998140111593304, 0.03161810291382517, 0.03161810291382517, 0.032238065716057036, 0.7668939863608184, 0.7712337259764415, 0.7799132052076876, 1.0]",4.0,2.0,2.0,2.0,2.0,3,-8.9545,8.0,-12.0,hrl_dqn_apf,hierarchical,dqn,-9.881,6.688,-6.635,0.00,0.00,0.00,-3.474,5.988,-7.299,0.00,0.00,0.00,-7.499,8.944,-0.922,0.00,0.00,0.00,4.200,4.200,4.200
2026-02-04 11:20:34,345.39,24,375,399,6.02%,85.30,3.04%,"[0, 5, 10, 15, 20, 25, 30, 35, 40, 45, 50, 55, 60, 65, 70, 75, 80, 85, 90, 95, 100]","[36, 6, 2, 4, 0, 1, 1, 1, 0, 0, 0, 0, 0, 1, 0, 1, 1184, 8, 14, 354]","[0.022318660880347178, 0.026038437693738377, 0.02727836329820211, 0.029758214507129573, 0.029758214507129573, 0.03037817730936144, 0.030998140111593304, 0.03161810291382517, 0.03161810291382517, 0.03161810291382517, 0.03161810291382517, 0.03161810291382517, 0.03161810291382517, 0.032238065716057036, 0.032238065716057036, 0.0328580285182889, 0.7668939863608184, 0.7718536887786733, 0.7805331680099195, 1.0]",4.0,2.0,2.0,2.0,2.0,3,-8.9545,8.0,-12.0,hrl_dqn_apf,hierarchical,dqn,-9.895,6.665,-5.878,0.00,0.00,0.00,-3.471,5.964,-8.067,0.00,0.00,0.00,-7.502,8.518,-0.919,0.00,0.00,0.00,4.200,4.200,4.200
2026-02-04 11:20:35,346.39,25,376,401,6.23%,85.45,3.10%,"[0, 5, 10, 15, 20, 25, 30, 35, 40, 45, 50, 55, 60, 65, 70, 75, 80, 85, 90, 95, 100]","[34, 9, 1, 4, 1, 1, 1, 0, 0, 0, 0, 0, 0, 2, 0, 1, 1184, 8, 11, 356]","[0.021078735275883446, 0.026658400495970243, 0.02727836329820211, 0.029758214507129573, 0.03037817730936144, 0.030998140111593304, 0.03161810291382517, 0.03161810291382517, 0.03161810291382517, 0.03161810291382517, 0.03161810291382517, 0.03161810291382517, 0.03161810291382517, 0.0328580285182889, 0.0328580285182889, 0.03347799132052077, 0.7675139491630503, 0.7724736515809052, 0.7792932424054557, 1.0]",4.0,2.0,2.0,2.0,2.0,3,-8.9545,8.0,-12.0,hrl_dqn_apf,hierarchical,dqn,-9.900,6.653,-5.120,0.00,0.00,0.00,-3.470,5.952,-8.827,0.00,0.00,0.00,-7.502,8.108,-0.919,0.00,0.00,0.00,4.200,4.200,4.200
2026-02-04 11:20:36,347.39,28,375,403,6.95%,85.63,3.29%,"[0, 5, 10, 15, 20, 25, 30, 35, 40, 45, 50, 55, 60, 65, 70, 75, 80, 85, 90, 95, 100]","[34, 9, 3, 4, 2, 1, 1, 0, 1, 0, 1, 0, 0, 1, 0, 1, 1178, 7, 12, 358]","[0.021078735275883446, 0.026658400495970243, 0.02851828890266584, 0.030998140111593304, 0.032238065716057036, 0.0328580285182889, 0.03347799132052077, 0.03347799132052077, 0.034097954122752634, 0.034097954122752634, 0.0347179169249845, 0.0347179169249845, 0.0347179169249845, 0.035337879727216366, 0.035337879727216366, 0.03595784252944823, 0.7662740235585865, 0.7706137631742096, 0.778053316800992, 1.0]",4.0,2.0,2.0,2.0,2.0,3,-8.9545,8.0,-12.0,hrl_dqn_apf,hierarchical,dqn,-9.902,6.642,-3.598,0.00,0.00,0.00,-3.469,5.941,-10.351,0.00,0.00,0.00,-7.503,7.297,-0.918,0.00,0.00,0.00,4.200,4.200,4.200
2026-02-04 11:20:37,348.40,29,376,405,7.16%,85.75,3.41%,"[0, 5, 10, 15, 20, 25, 30, 35, 40, 45, 50, 55, 60, 65, 70, 75, 80, 85, 90, 95, 100]","[35, 9, 4, 4, 2, 1, 1, 0, 0, 0, 0, 0, 0, 1, 0, 0, 1180, 7, 11, 358]","[0.02169869807811531, 0.02727836329820211, 0.029758214507129573, 0.032238065716057036, 0.03347799132052077, 0.034097954122752634, 0.0347179169249845, 0.0347179169249845, 0.0347179169249845, 0.0347179169249845, 0.0347179169249845, 0.0347179169249845, 0.0347179169249845, 0.035337879727216366, 0.035337879727216366, 0.035337879727216366, 0.7668939863608184, 0.7712337259764415, 0.778053316800992, 1.0]",4.0,2.0,2.0,2.0,2.0,3,-8.9545,8.0,-12.0,hrl_dqn_apf,hierarchical,dqn,-9.903,6.639,-2.835,0.00,0.00,0.00,-3.469,5.938,-11.114,0.00,0.00,0.00,-7.503,6.893,-0.918,0.00,0.00,0.00,4.200,4.200,4.200
2026-02-04 11:20:38,349.41,30,375,405,7.41%,85.87,3.47%,"[0, 5, 10, 15, 20, 25, 30, 35, 40, 45, 50, 55, 60, 65, 70, 75, 80, 85, 90, 95, 100]","[35, 9, 5, 3, 3, 1, 0, 1, 0, 0, 2, 0, 0, 1, 0, 0, 1176, 8, 7, 362]","[0.02169869807811531, 0.02727836329820211, 0.03037817730936144, 0.032238065716057036, 0.034097954122752634, 0.0347179169249845, 0.0347179169249845, 0.035337879727216366, 0.035337879727216366, 0.035337879727216366, 0.0365778053316801, 0.0365778053316801, 0.0365778053316801, 0.037197768133911964, 0.037197768133911964, 0.037197768133911964, 0.7662740235585865, 0.7712337259764415, 0.7755734655920645, 1.0]",4.0,2.0,2.0,2.0,2.0,3,-8.9545,8.0,-12.0,hrl_dqn_apf,hierarchical,dqn,-9.903,6.635,-2.077,0.00,0.00,0.00,-3.469,5.934,-11.871,0.00,0.00,0.00,-7.503,6.492,-0.918,0.00,0.00,0.00,4.200,4.200,4.200
2026-02-04 11:20:39,350.41,0,354,354,0.00%,80.00,0.00%,"[0, 5, 10, 15, 20, 25, 30, 35, 40, 45, 50, 55, 60, 65, 70, 75, 80, 85, 90, 95, 100]","[0, 0, 0, 0, 0, 0, 0, 0, 0, 0, 0, 0, 0, 0, 0, 0, 1613, 0, 0, 0]","[0.0, 0.0, 0.0, 0.0, 0.0, 0.0, 0.0, 0.0, 0.0, 0.0, 0.0, 0.0, 0.0, 0.0, 0.0, 0.0, 1.0, 1.0, 1.0, 1.0]",4.0,2.0,2.0,2.0,2.0,3,-8.9545,8.0,-12.0,hrl_dqn_apf,hierarchical,dqn,-9.903,6.630,-0.725,0.00,0.00,0.00,-3.469,5.929,-13.223,0.00,0.00,0.00,-7.503,5.777,-0.918,0.00,0.00,0.00,4.200,4.200,4.200
2026-02-04 11:20:40,351.42,0,354,354,0.00%,80.00,0.00%,"[0, 5, 10, 15, 20, 25, 30, 35, 40, 45, 50, 55, 60, 65, 70, 75, 80, 85, 90, 95, 100]","[0, 0, 0, 0, 0, 0, 0, 0, 0, 0, 0, 0, 0, 0, 0, 0, 1613, 0, 0, 0]","[0.0, 0.0, 0.0, 0.0, 0.0, 0.0, 0.0, 0.0, 0.0, 0.0, 0.0, 0.0, 0.0, 0.0, 0.0, 0.0, 1.0, 1.0, 1.0, 1.0]",4.0,2.0,2.0,2.0,2.0,3,-8.9545,8.0,-12.0,hrl_dqn_apf,hierarchical,dqn,-9.904,6.626,0.207,0.00,0.00,0.00,-3.469,5.925,-14.155,0.00,0.00,0.00,-7.503,5.284,-0.918,0.00,0.00,0.00,4.200,4.200,4.200
2026-02-04 11:20:41,352.42,0,354,354,0.00%,80.00,0.00%,"[0, 5, 10, 15, 20, 25, 30, 35, 40, 45, 50, 55, 60, 65, 70, 75, 80, 85, 90, 95, 100]","[0, 0, 0, 0, 0, 0, 0, 0, 0, 0, 0, 0, 0, 0, 0, 0, 1613, 0, 0, 0]","[0.0, 0.0, 0.0, 0.0, 0.0, 0.0, 0.0, 0.0, 0.0, 0.0, 0.0, 0.0, 0.0, 0.0, 0.0, 0.0, 1.0, 1.0, 1.0, 1.0]",4.0,2.0,2.0,2.0,2.0,3,-8.9545,8.0,-12.0,hrl_dqn_apf,hierarchical,dqn,-9.904,6.623,0.970,0.00,0.00,0.00,-3.469,5.922,-14.918,0.00,0.00,0.00,-7.503,4.881,-0.918,0.00,0.00,0.00,4.200,4.200,4.200
2026-02-04 11:20:42,353.42,2,350,352,0.57%,80.02,0.19%,"[0, 5, 10, 15, 20, 25, 30, 35, 40, 45, 50, 55, 60, 65, 70, 75, 80, 85, 90, 95, 100]","[3, 0, 0, 0, 0, 0, 0, 0, 0, 0, 0, 0, 0, 1, 0, 0, 1609, 0, 0, 0]","[0.0018598884066955983, 0.0018598884066955983, 0.0018598884066955983, 0.0018598884066955983, 0.0018598884066955983, 0.0018598884066955983, 0.0018598884066955983, 0.0018598884066955983, 0.0018598884066955983, 0.0018598884066955983, 0.0018598884066955983, 0.0018598884066955983, 0.0018598884066955983, 0.0024798512089274642, 0.0024798512089274642, 0.0024798512089274642, 1.0, 1.0, 1.0, 1.0]",4.0,2.0,2.0,2.0,2.0,3,-8.9545,8.0,-12.0,hrl_dqn_apf,hierarchical,dqn,-9.904,6.620,1.731,0.00,0.00,0.00,-3.469,5.919,-15.678,0.00,0.00,0.00,-7.503,4.479,-0.918,0.00,0.00,0.00,4.200,4.200,4.200
2026-02-04 11:20:43,354.42,3,349,352,0.85%,80.14,0.25%,"[0, 5, 10, 15, 20, 25, 30, 35, 40, 45, 50, 55, 60, 65, 70, 75, 80, 85, 90, 95, 100]","[4, 0, 0, 0, 0, 0, 0, 0, 0, 0, 0, 0, 0, 0, 1, 1, 1607, 0, 0, 0]","[0.0024798512089274642, 0.0024798512089274642, 0.0024798512089274642, 0.0024798512089274642, 0.0024798512089274642, 0.0024798512089274642, 0.0024798512089274642, 0.0024798512089274642, 0.0024798512089274642, 0.0024798512089274642, 0.0024798512089274642, 0.0024798512089274642, 0.0024798512089274642, 0.0024798512089274642, 0.0030998140111593306, 0.0037197768133911966, 1.0, 1.0, 1.0, 1.0]",4.0,2.0,2.0,2.0,2.0,3,-8.9545,8.0,-12.0,hrl_dqn_apf,hierarchical,dqn,-9.904,6.617,2.494,0.00,0.00,0.00,-3.469,5.916,-16.442,0.00,0.00,0.00,-7.503,4.075,-0.918,0.00,0.00,0.00,4.200,4.200,4.200
2026-02-04 11:20:44,355.43,4,349,353,1.13%,80.30,0.50%,"[0, 5, 10, 15, 20, 25, 30, 35, 40, 45, 50, 55, 60, 65, 70, 75, 80, 85, 90, 95, 100]","[8, 0, 0, 0, 0, 0, 0, 0, 0, 0, 0, 0, 0, 0, 0, 0, 1605, 0, 0, 0]","[0.0049597024178549285, 0.0049597024178549285, 0.0049597024178549285, 0.0049597024178549285, 0.0049597024178549285, 0.0049597024178549285, 0.0049597024178549285, 0.0049597024178549285, 0.0049597024178549285, 0.0049597024178549285, 0.0049597024178549285, 0.0049597024178549285, 0.0049597024178549285, 0.0049597024178549285, 0.0049597024178549285, 0.0049597024178549285, 1.0, 1.0, 1.0, 1.0]",4.0,2.0,2.0,2.0,2.0,3,-8.9545,8.0,-12.0,hrl_dqn_apf,hierarchical,dqn,-9.905,6.538,4.034,0.00,0.00,0.00,-3.469,5.837,-17.982,0.00,0.00,0.00,-7.503,3.192,-0.918,0.00,0.00,0.00,4.200,4.200,4.200
2026-02-04 11:20:45,356.43,5,348,353,1.42%,80.42,0.56%,"[0, 5, 10, 15, 20, 25, 30, 35, 40, 45, 50, 55, 60, 65, 70, 75, 80, 85, 90, 95, 100]","[9, 0, 0, 0, 0, 0, 0, 0, 0, 0, 0, 0, 0, 0, 0, 0, 1604, 0, 0, 0]","[0.005579665220086794, 0.005579665220086794, 0.005579665220086794, 0.005579665220086794, 0.005579665220086794, 0.005579665220086794, 0.005579665220086794, 0.005579665220086794, 0.005579665220086794, 0.005579665220086794, 0.005579665220086794, 0.005579665220086794, 0.005579665220086794, 0.005579665220086794, 0.005579665220086794, 0.005579665220086794, 1.0, 1.0, 1.0, 1.0]",4.0,2.0,2.0,2.0,2.0,3,-8.9545,8.0,-12.0,hrl_dqn_apf,hierarchical,dqn,-9.905,6.508,4.797,0.00,0.00,0.00,-3.469,5.807,-18.745,0.00,0.00,0.00,-7.503,2.761,-0.918,0.00,0.00,0.00,4.200,4.200,4.200
2026-02-04 11:20:46,357.43,5,350,355,1.41%,80.49,0.68%,"[0, 5, 10, 15, 20, 25, 30, 35, 40, 45, 50, 55, 60, 65, 70, 75, 80, 85, 90, 95, 100]","[9, 2, 0, 0, 0, 0, 0, 0, 0, 0, 0, 0, 1, 0, 0, 0, 1601, 0, 0, 0]","[0.005579665220086794, 0.006819590824550527, 0.006819590824550527, 0.006819590824550527, 0.006819590824550527, 0.006819590824550527, 0.006819590824550527, 0.006819590824550527, 0.006819590824550527, 0.006819590824550527, 0.006819590824550527, 0.006819590824550527, 0.007439553626782393, 0.007439553626782393, 0.007439553626782393, 0.007439553626782393, 1.0, 1.0, 1.0, 1.0]",4.0,2.0,2.0,2.0,2.0,3,-8.9545,8.0,-12.0,hrl_dqn_apf,hierarchical,dqn,-9.905,6.494,5.557,0.00,0.00,0.00,-3.469,5.793,-19.505,0.00,0.00,0.00,-7.503,2.348,-0.918,0.00,0.00,0.00,4.200,4.200,4.200
2026-02-04 11:20:47,358.44,6,351,357,1.68%,80.58,0.81%,"[0, 5, 10, 15, 20, 25, 30, 35, 40, 45, 50, 55, 60, 65, 70, 75, 80, 85, 90, 95, 100]","[12, 1, 0, 0, 0, 0, 0, 0, 0, 0, 0, 0, 0, 0, 0, 0, 1254, 346, 0, 0]","[0.007439553626782393, 0.008059516429014259, 0.008059516429014259, 0.008059516429014259, 0.008059516429014259, 0.008059516429014259, 0.008059516429014259, 0.008059516429014259, 0.008059516429014259, 0.008059516429014259, 0.008059516429014259, 0.008059516429014259, 0.008059516429014259, 0.008059516429014259, 0.008059516429014259, 0.008059516429014259, 0.7854928704277744, 1.0, 1.0, 1.0]",4.0,2.0,2.0,2.0,2.0,3,-8.9545,8.0,-12.0,hrl_dqn_apf,hierarchical,dqn,-9.906,6.486,6.320,0.00,0.00,0.00,-3.469,5.785,-20.268,0.00,0.00,0.00,-7.503,1.940,-0.918,0.00,0.00,0.00,4.200,4.200,4.200
2026-02-04 11:20:48,359.44,7,354,361,1.94%,80.79,0.99%,"[0, 5, 10, 15, 20, 25, 30, 35, 40, 45, 50, 55, 60, 65, 70, 75, 80, 85, 90, 95, 100]","[13, 1, 0, 2, 0, 0, 0, 0, 0, 0, 0, 0, 0, 0, 0, 1, 1252, 344, 0, 0]","[0.008059516429014259, 0.008679479231246125, 0.008679479231246125, 0.009919404835709857, 0.009919404835709857, 0.009919404835709857, 0.009919404835709857, 0.009919404835709857, 0.009919404835709857, 0.009919404835709857, 0.009919404835709857, 0.009919404835709857, 0.009919404835709857, 0.009919404835709857, 0.009919404835709857, 0.010539367637941723, 0.7867327960322381, 1.0, 1.0, 1.0]",4.0,2.0,2.0,2.0,2.0,3,-8.9545,8.0,-12.0,hrl_dqn_apf,hierarchical,dqn,-9.906,6.478,7.844,0.00,0.00,0.00,-3.469,5.777,-21.792,0.00,0.00,0.00,-7.503,1.131,-0.918,0.00,0.00,0.00,4.200,4.200,4.200
2026-02-04 11:20:49,360.45,8,357,365,2.19%,80.86,1.12%,"[0, 5, 10, 15, 20, 25, 30, 35, 40, 45, 50, 55, 60, 65, 70, 75, 80, 85, 90, 95, 100]","[15, 2, 0, 0, 1, 0, 0, 0, 0, 0, 0, 0, 0, 0, 0, 0, 1250, 345, 0, 0]","[0.009299442033477991, 0.010539367637941723, 0.010539367637941723, 0.010539367637941723, 0.011159330440173589, 0.011159330440173589, 0.011159330440173589, 0.011159330440173589, 0.011159330440173589, 0.011159330440173589, 0.011159330440173589, 0.011159330440173589, 0.011159330440173589, 0.011159330440173589, 0.011159330440173589, 0.011159330440173589, 0.7861128332300062, 1.0, 1.0, 1.0]",4.0,2.0,2.0,2.0,2.0,3,-8.9545,8.0,-12.0,hrl_dqn_apf,hierarchical,dqn,-9.906,6.474,8.604,0.00,0.00,0.00,-3.469,5.773,-22.553,0.00,0.00,0.00,-7.526,0.761,-0.918,0.00,0.00,0.00,4.200,4.200,4.200
2026-02-04 11:20:50,361.45,8,355,363,2.20%,80.99,1.12%,"[0, 5, 10, 15, 20, 25, 30, 35, 40, 45, 50, 55, 60, 65, 70, 75, 80, 85, 90, 95, 100]","[15, 3, 0, 0, 0, 0, 1, 0, 0, 0, 0, 0, 0, 0, 0, 0, 1250, 344, 0, 0]","[0.009299442033477991, 0.011159330440173589, 0.011159330440173589, 0.011159330440173589, 0.011159330440173589, 0.011159330440173589, 0.011779293242405457, 0.011779293242405457, 0.011779293242405457, 0.011779293242405457, 0.011779293242405457, 0.011779293242405457, 0.011779293242405457, 0.011779293242405457, 0.011779293242405457, 0.011779293242405457, 0.7867327960322381, 1.0, 1.0, 1.0]",4.0,2.0,2.0,2.0,2.0,3,-8.9545,8.0,-12.0,hrl_dqn_apf,hierarchical,dqn,-9.907,6.471,9.368,0.00,0.00,0.00,-3.469,5.770,-23.316,0.00,0.00,0.00,-7.685,0.359,-0.917,0.00,0.00,0.00,4.200,4.200,4.200
2026-02-04 11:20:51,362.46,0,354,354,0.00%,80.00,0.00%,"[0, 5, 10, 15, 20, 25, 30, 35, 40, 45, 50, 55, 60, 65, 70, 75, 80, 85, 90, 95, 100]","[0, 0, 0, 0, 0, 0, 0, 0, 0, 0, 0, 0, 0, 0, 0, 0, 1613, 0, 0, 0]","[0.0, 0.0, 0.0, 0.0, 0.0, 0.0, 0.0, 0.0, 0.0, 0.0, 0.0, 0.0, 0.0, 0.0, 0.0, 0.0, 1.0, 1.0, 1.0, 1.0]",4.0,2.0,2.0,2.0,2.0,3,-8.9545,8.0,-12.0,hrl_dqn_apf,hierarchical,dqn,-9.907,6.468,10.125,0.00,0.00,0.00,-3.469,5.767,-24.074,0.00,0.00,0.00,-7.731,0.055,-0.917,0.00,0.00,0.00,4.200,4.200,4.200
2026-02-04 11:20:52,363.46,0,354,354,0.00%,80.00,0.00%,"[0, 5, 10, 15, 20, 25, 30, 35, 40, 45, 50, 55, 60, 65, 70, 75, 80, 85, 90, 95, 100]","[0, 0, 0, 0, 0, 0, 0, 0, 0, 0, 0, 0, 0, 0, 0, 0, 1613, 0, 0, 0]","[0.0, 0.0, 0.0, 0.0, 0.0, 0.0, 0.0, 0.0, 0.0, 0.0, 0.0, 0.0, 0.0, 0.0, 0.0, 0.0, 1.0, 1.0, 1.0, 1.0]",4.0,2.0,2.0,2.0,2.0,3,-8.9545,8.0,-12.0,hrl_dqn_apf,hierarchical,dqn,-9.907,6.462,11.649,0.00,0.00,0.00,-3.469,5.761,-25.598,0.00,0.00,0.00,-7.731,0.055,-0.917,0.00,0.00,0.00,4.200,4.200,4.200
2026-02-04 11:20:53,364.46,0,354,354,0.00%,80.00,0.00%,"[0, 5, 10, 15, 20, 25, 30, 35, 40, 45, 50, 55, 60, 65, 70, 75, 80, 85, 90, 95, 100]","[0, 0, 0, 0, 0, 0, 0, 0, 0, 0, 0, 0, 0, 0, 0, 0, 1613, 0, 0, 0]","[0.0, 0.0, 0.0, 0.0, 0.0, 0.0, 0.0, 0.0, 0.0, 0.0, 0.0, 0.0, 0.0, 0.0, 0.0, 0.0, 1.0, 1.0, 1.0, 1.0]",4.0,2.0,2.0,2.0,2.0,3,-8.9545,8.0,-12.0,hrl_dqn_apf,hierarchical,dqn,-9.908,6.459,12.413,0.00,0.00,0.00,-3.469,5.758,-26.361,0.00,0.00,0.00,-7.731,0.055,-0.917,0.00,0.00,0.00,4.200,4.200,4.200
2026-02-04 11:20:54,365.46,1,351,352,0.28%,80.06,0.12%,"[0, 5, 10, 15, 20, 25, 30, 35, 40, 45, 50, 55, 60, 65, 70, 75, 80, 85, 90, 95, 100]","[1, 0, 1, 0, 0, 0, 0, 0, 0, 1, 0, 0, 0, 0, 0, 0, 1610, 0, 0, 0]","[0.0006199628022318661, 0.0006199628022318661, 0.0012399256044637321, 0.0012399256044637321, 0.0012399256044637321, 0.0012399256044637321, 0.0012399256044637321, 0.0012399256044637321, 0.0012399256044637321, 0.0018598884066955983, 0.0018598884066955983, 0.0018598884066955983, 0.0018598884066955983, 0.0018598884066955983, 0.0018598884066955983, 0.0018598884066955983, 1.0, 1.0, 1.0, 1.0]",4.0,2.0,2.0,2.0,2.0,3,-8.9545,8.0,-12.0,hrl_dqn_apf,hierarchical,dqn,-9.908,6.456,13.173,0.00,0.00,0.00,-3.469,5.755,-27.122,0.00,0.00,0.00,-7.731,0.055,-0.917,0.00,0.00,0.00,4.200,4.200,4.200
2026-02-04 11:20:55,366.47,1,351,352,0.28%,80.20,0.12%,"[0, 5, 10, 15, 20, 25, 30, 35, 40, 45, 50, 55, 60, 65, 70, 75, 80, 85, 90, 95, 100]","[2, 0, 0, 0, 0, 0, 0, 0, 0, 2, 0, 0, 0, 0, 0, 0, 1609, 0, 0, 0]","[0.0012399256044637321, 0.0012399256044637321, 0.0012399256044637321, 0.0012399256044637321, 0.0012399256044637321, 0.0012399256044637321, 0.0012399256044637321, 0.0012399256044637321, 0.0012399256044637321, 0.0024798512089274642, 0.0024798512089274642, 0.0024798512089274642, 0.0024798512089274642, 0.0024798512089274642, 0.0024798512089274642, 0.0024798512089274642, 1.0, 1.0, 1.0, 1.0]",4.0,2.0,2.0,2.0,2.0,3,-8.9545,8.0,-12.0,hrl_dqn_apf,hierarchical,dqn,-9.908,6.453,13.940,0.00,0.00,0.00,-3.469,5.752,-27.888,0.00,0.00,0.00,-7.731,0.055,-0.917,0.00,0.00,0.00,4.200,4.200,4.200
2026-02-04 11:20:56,367.47,1,352,353,0.28%,80.49,0.25%,"[0, 5, 10, 15, 20, 25, 30, 35, 40, 45, 50, 55, 60, 65, 70, 75, 80, 85, 90, 95, 100]","[3, 0, 0, 0, 0, 1, 0, 0, 0, 1, 0, 0, 0, 0, 0, 0, 1608, 0, 0, 0]","[0.0018598884066955983, 0.0018598884066955983, 0.0018598884066955983, 0.0018598884066955983, 0.0018598884066955983, 0.0024798512089274642, 0.0024798512089274642, 0.0024798512089274642, 0.0024798512089274642, 0.0030998140111593306, 0.0030998140111593306, 0.0030998140111593306, 0.0030998140111593306, 0.0030998140111593306, 0.0030998140111593306, 0.0030998140111593306, 1.0, 1.0, 1.0, 1.0]",4.0,2.0,2.0,2.0,2.0,3,-8.9545,8.0,-12.0,hrl_dqn_apf,hierarchical,dqn,-9.909,6.354,15.476,0.00,0.00,0.00,-3.469,5.653,-29.425,0.00,0.00,0.00,-7.731,0.055,-0.917,0.00,0.00,0.00,4.200,4.200,4.200
2026-02-04 11:20:57,368.47,1,352,353,0.28%,80.64,0.25%,"[0, 5, 10, 15, 20, 25, 30, 35, 40, 45, 50, 55, 60, 65, 70, 75, 80, 85, 90, 95, 100]","[4, 0, 0, 0, 0, 0, 0, 0, 0, 1, 0, 1, 0, 0, 0, 0, 1607, 0, 0, 0]","[0.0024798512089274642, 0.0024798512089274642, 0.0024798512089274642, 0.0024798512089274642, 0.0024798512089274642, 0.0024798512089274642, 0.0024798512089274642, 0.0024798512089274642, 0.0024798512089274642, 0.0030998140111593306, 0.0030998140111593306, 0.0037197768133911966, 0.0037197768133911966, 0.0037197768133911966, 0.0037197768133911966, 0.0037197768133911966, 1.0, 1.0, 1.0, 1.0]",4.0,2.0,2.0,2.0,2.0,3,-8.9545,8.0,-12.0,hrl_dqn_apf,hierarchical,dqn,-9.909,6.336,16.237,0.00,0.00,0.00,-3.469,5.635,-30.185,0.00,0.00,0.00,-7.731,0.055,-0.917,0.00,0.00,0.00,4.200,4.200,4.200
2026-02-04 11:20:58,369.48,1,354,355,0.28%,80.78,0.31%,"[0, 5, 10, 15, 20, 25, 30, 35, 40, 45, 50, 55, 60, 65, 70, 75, 80, 85, 90, 95, 100]","[5, 0, 0, 0, 0, 0, 0, 0, 0, 1, 0, 0, 0, 0, 0, 0, 1607, 0, 0, 0]","[0.0030998140111593306, 0.0030998140111593306, 0.0030998140111593306, 0.0030998140111593306, 0.0030998140111593306, 0.0030998140111593306, 0.0030998140111593306, 0.0030998140111593306, 0.0030998140111593306, 0.0037197768133911966, 0.0037197768133911966, 0.0037197768133911966, 0.0037197768133911966, 0.0037197768133911966, 0.0037197768133911966, 0.0037197768133911966, 1.0, 1.0, 1.0, 1.0]",4.0,2.0,2.0,2.0,2.0,3,-8.9545,8.0,-12.0,hrl_dqn_apf,hierarchical,dqn,-9.909,6.326,17.000,0.00,0.00,0.00,-3.469,5.625,-30.948,0.00,0.00,0.00,-7.731,0.055,-0.917,0.00,0.00,0.00,4.200,4.200,4.200
2026-02-04 11:20:59,370.48,2,355,357,0.56%,80.93,0.31%,"[0, 5, 10, 15, 20, 25, 30, 35, 40, 45, 50, 55, 60, 65, 70, 75, 80, 85, 90, 95, 100]","[5, 0, 0, 0, 0, 0, 0, 1, 0, 0, 1, 0, 0, 0, 0, 0, 1256, 350, 0, 0]","[0.0030998140111593306, 0.0030998140111593306, 0.0030998140111593306, 0.0030998140111593306, 0.0030998140111593306, 0.0030998140111593306, 0.0030998140111593306, 0.0037197768133911966, 0.0037197768133911966, 0.0037197768133911966, 0.0043397396156230625, 0.0043397396156230625, 0.0043397396156230625, 0.0043397396156230625, 0.0043397396156230625, 0.0043397396156230625, 0.7830130192188469, 1.0, 1.0, 1.0]",4.0,2.0,2.0,2.0,2.0,3,-8.9545,8.0,-12.0,hrl_dqn_apf,hierarchical,dqn,-9.909,6.321,17.761,0.00,0.00,0.00,-3.469,5.620,-31.709,0.00,0.00,0.00,-7.731,0.055,-0.917,0.00,0.00,0.00,4.200,4.200,4.200
2026-02-04 11:21:00,371.48,2,359,361,0.55%,81.21,0.43%,"[0, 5, 10, 15, 20, 25, 30, 35, 40, 45, 50, 55, 60, 65, 70, 75, 80, 85, 90, 95, 100]","[7, 0, 0, 0, 0, 0, 0, 0, 0, 0, 1, 0, 0, 0, 0, 0, 1255, 350, 0, 0]","[0.0043397396156230625, 0.0043397396156230625, 0.0043397396156230625, 0.0043397396156230625, 0.0043397396156230625, 0.0043397396156230625, 0.0043397396156230625, 0.0043397396156230625, 0.0043397396156230625, 0.0043397396156230625, 0.0049597024178549285, 0.0049597024178549285, 0.0049597024178549285, 0.0049597024178549285, 0.0049597024178549285, 0.0049597024178549285, 0.7830130192188469, 1.0, 1.0, 1.0]",4.0,2.0,2.0,2.0,2.0,3,-8.9545,8.0,-12.0,hrl_dqn_apf,hierarchical,dqn,-9.910,6.313,19.285,0.00,0.00,0.00,-3.469,5.612,-33.232,0.00,0.00,0.00,-7.731,0.055,-0.917,0.00,0.00,0.00,4.200,4.200,4.200
2026-02-04 11:21:01,372.48,2,363,365,0.55%,81.37,0.43%,"[0, 5, 10, 15, 20, 25, 30, 35, 40, 45, 50, 55, 60, 65, 70, 75, 80, 85, 90, 95, 100]","[7, 0, 0, 0, 0, 0, 0, 0, 0, 1, 1, 0, 0, 0, 0, 0, 1253, 351, 0, 0]","[0.0043397396156230625, 0.0043397396156230625, 0.0043397396156230625, 0.0043397396156230625, 0.0043397396156230625, 0.0043397396156230625, 0.0043397396156230625, 0.0043397396156230625, 0.0043397396156230625, 0.0049597024178549285, 0.005579665220086794, 0.005579665220086794, 0.005579665220086794, 0.005579665220086794, 0.005579665220086794, 0.005579665220086794, 0.782393056416615, 1.0, 1.0, 1.0]",4.0,2.0,2.0,2.0,2.0,3,-8.9545,8.0,-12.0,hrl_dqn_apf,hierarchical,dqn,-9.910,6.310,20.045,0.00,0.00,0.00,-3.469,5.609,-33.992,0.00,0.00,0.00,-7.731,0.055,-0.917,0.00,0.00,0.00,4.200,4.200,4.200
2026-02-04 11:21:02,373.49,0,354,354,0.00%,80.00,0.00%,"[0, 5, 10, 15, 20, 25, 30, 35, 40, 45, 50, 55, 60, 65, 70, 75, 80, 85, 90, 95, 100]","[0, 0, 0, 0, 0, 0, 0, 0, 0, 0, 0, 0, 0, 0, 0, 0, 1613, 0, 0, 0]","[0.0, 0.0, 0.0, 0.0, 0.0, 0.0, 0.0, 0.0, 0.0, 0.0, 0.0, 0.0, 0.0, 0.0, 0.0, 0.0, 1.0, 1.0, 1.0, 1.0]",4.0,2.0,2.0,2.0,2.0,3,-8.9545,8.0,-12.0,hrl_dqn_apf,hierarchical,dqn,-9.910,6.307,20.809,0.00,0.00,0.00,-3.469,5.606,-34.755,0.00,0.00,0.00,-7.731,0.055,-0.917,0.00,0.00,0.00,4.200,4.200,4.200
2026-02-04 11:21:03,374.49,0,354,354,0.00%,80.00,0.00%,"[0, 5, 10, 15, 20, 25, 30, 35, 40, 45, 50, 55, 60, 65, 70, 75, 80, 85, 90, 95, 100]","[0, 0, 0, 0, 0, 0, 0, 0, 0, 0, 0, 0, 0, 0, 0, 0, 1613, 0, 0, 0]","[0.0, 0.0, 0.0, 0.0, 0.0, 0.0, 0.0, 0.0, 0.0, 0.0, 0.0, 0.0, 0.0, 0.0, 0.0, 0.0, 1.0, 1.0, 1.0, 1.0]",4.0,2.0,2.0,2.0,2.0,3,-8.9545,8.0,-12.0,hrl_dqn_apf,hierarchical,dqn,-9.911,6.301,22.332,0.00,0.00,0.00,-3.469,5.600,-36.278,0.00,0.00,0.00,-7.731,0.055,-0.917,0.00,0.00,0.00,4.200,4.200,4.200
2026-02-04 11:21:04,375.50,0,354,354,0.00%,80.00,0.00%,"[0, 5, 10, 15, 20, 25, 30, 35, 40, 45, 50, 55, 60, 65, 70, 75, 80, 85, 90, 95, 100]","[0, 0, 0, 0, 0, 0, 0, 0, 0, 0, 0, 0, 0, 0, 0, 0, 1613, 0, 0, 0]","[0.0, 0.0, 0.0, 0.0, 0.0, 0.0, 0.0, 0.0, 0.0, 0.0, 0.0, 0.0, 0.0, 0.0, 0.0, 0.0, 1.0, 1.0, 1.0, 1.0]",4.0,2.0,2.0,2.0,2.0,3,-8.9545,8.0,-12.0,hrl_dqn_apf,hierarchical,dqn,-9.911,6.298,23.093,0.00,0.00,0.00,-3.469,5.597,-37.038,0.00,0.00,0.00,-7.731,0.055,-0.917,0.00,0.00,0.00,4.200,4.200,4.200
2026-02-04 11:21:05,376.50,1,351,352,0.28%,80.06,0.12%,"[0, 5, 10, 15, 20, 25, 30, 35, 40, 45, 50, 55, 60, 65, 70, 75, 80, 85, 90, 95, 100]","[1, 0, 1, 0, 0, 0, 0, 0, 1, 0, 0, 0, 0, 0, 0, 0, 1610, 0, 0, 0]","[0.0006199628022318661, 0.0006199628022318661, 0.0012399256044637321, 0.0012399256044637321, 0.0012399256044637321, 0.0012399256044637321, 0.0012399256044637321, 0.0012399256044637321, 0.0018598884066955983, 0.0018598884066955983, 0.0018598884066955983, 0.0018598884066955983, 0.0018598884066955983, 0.0018598884066955983, 0.0018598884066955983, 0.0018598884066955983, 1.0, 1.0, 1.0, 1.0]",4.0,2.0,2.0,2.0,2.0,3,-8.9545,8.0,-12.0,hrl_dqn_apf,hierarchical,dqn,-9.912,6.295,23.856,0.00,0.00,0.00,-3.469,5.594,-37.801,0.00,0.00,0.00,-7.731,0.055,-0.917,0.00,0.00,0.00,4.200,4.200,4.200
2026-02-04 11:21:06,377.50,1,351,352,0.28%,80.22,0.12%,"[0, 5, 10, 15, 20, 25, 30, 35, 40, 45, 50, 55, 60, 65, 70, 75, 80, 85, 90, 95, 100]","[2, 0, 0, 0, 0, 0, 0, 0, 1, 0, 0, 0, 0, 0, 0, 1, 1609, 0, 0, 0]","[0.0012399256044637321, 0.0012399256044637321, 0.0012399256044637321, 0.0012399256044637321, 0.0012399256044637321, 0.0012399256044637321, 0.0012399256044637321, 0.0012399256044637321, 0.0018598884066955983, 0.0018598884066955983, 0.0018598884066955983, 0.0018598884066955983, 0.0018598884066955983, 0.0018598884066955983, 0.0018598884066955983, 0.0024798512089274642, 1.0, 1.0, 1.0, 1.0]",4.0,2.0,2.0,2.0,2.0,3,-8.9545,8.0,-12.0,hrl_dqn_apf,hierarchical,dqn,-9.912,6.292,24.620,0.00,0.00,0.00,-3.469,5.591,-38.564,0.00,0.00,0.00,-7.731,0.055,-0.917,0.00,0.00,0.00,4.200,4.200,4.200
2026-02-04 11:21:07,378.50,1,352,353,0.28%,80.35,0.19%,"[0, 5, 10, 15, 20, 25, 30, 35, 40, 45, 50, 55, 60, 65, 70, 75, 80, 85, 90, 95, 100]","[3, 0, 0, 0, 0, 0, 0, 0, 1, 0, 0, 0, 0, 0, 0, 0, 1609, 0, 0, 0]","[0.0018598884066955983, 0.0018598884066955983, 0.0018598884066955983, 0.0018598884066955983, 0.0018598884066955983, 0.0018598884066955983, 0.0018598884066955983, 0.0018598884066955983, 0.0024798512089274642, 0.0024798512089274642, 0.0024798512089274642, 0.0024798512089274642, 0.0024798512089274642, 0.0024798512089274642, 0.0024798512089274642, 0.0024798512089274642, 1.0, 1.0, 1.0, 1.0]",4.0,2.0,2.0,2.0,2.0,3,-8.9545,8.0,-12.0,hrl_dqn_apf,hierarchical,dqn,-9.912,6.288,25.397,0.00,0.00,0.00,-3.469,5.587,-39.341,0.00,0.00,0.00,-7.731,0.055,-0.917,0.00,0.00,0.00,4.200,4.200,4.200
2026-02-04 11:21:08,379.51,1,352,353,0.28%,80.70,0.19%,"[0, 5, 10, 15, 20, 25, 30, 35, 40, 45, 50, 55, 60, 65, 70, 75, 80, 85, 90, 95, 100]","[3, 0, 0, 0, 0, 0, 0, 0, 1, 0, 0, 0, 0, 0, 0, 0, 1609, 0, 0, 0]","[0.0018598884066955983, 0.0018598884066955983, 0.0018598884066955983, 0.0018598884066955983, 0.0018598884066955983, 0.0018598884066955983, 0.0018598884066955983, 0.0018598884066955983, 0.0024798512089274642, 0.0024798512089274642, 0.0024798512089274642, 0.0024798512089274642, 0.0024798512089274642, 0.0024798512089274642, 0.0024798512089274642, 0.0024798512089274642, 1.0, 1.0, 1.0, 1.0]",4.0,2.0,2.0,2.0,2.0,3,-8.9545,8.0,-12.0,hrl_dqn_apf,hierarchical,dqn,-9.913,6.282,26.921,0.00,0.00,0.00,-3.469,5.581,-40.864,0.00,0.00,0.00,-7.731,0.055,-0.917,0.00,0.00,0.00,4.200,4.200,4.200
2026-02-04 11:21:09,380.51,1,354,355,0.28%,80.88,0.19%,"[0, 5, 10, 15, 20, 25, 30, 35, 40, 45, 50, 55, 60, 65, 70, 75, 80, 85, 90, 95, 100]","[3, 0, 0, 0, 0, 0, 0, 0, 1, 0, 0, 0, 0, 0, 0, 0, 1609, 0, 0, 0]","[0.0018598884066955983, 0.0018598884066955983, 0.0018598884066955983, 0.0018598884066955983, 0.0018598884066955983, 0.0018598884066955983, 0.0018598884066955983, 0.0018598884066955983, 0.0024798512089274642, 0.0024798512089274642, 0.0024798512089274642, 0.0024798512089274642, 0.0024798512089274642, 0.0024798512089274642, 0.0024798512089274642, 0.0024798512089274642, 1.0, 1.0, 1.0, 1.0]",4.0,2.0,2.0,2.0,2.0,3,-8.9545,8.0,-12.0,hrl_dqn_apf,hierarchical,dqn,-9.913,6.279,27.685,0.00,0.00,0.00,-3.469,5.578,-41.627,0.00,0.00,0.00,-7.731,0.055,-0.917,0.00,0.00,0.00,4.200,4.200,4.200
2026-02-04 11:21:10,381.52,1,356,357,0.28%,81.06,0.19%,"[0, 5, 10, 15, 20, 25, 30, 35, 40, 45, 50, 55, 60, 65, 70, 75, 80, 85, 90, 95, 100]","[3, 0, 0, 0, 0, 0, 0, 0, 1, 0, 0, 0, 0, 0, 0, 0, 1258, 351, 0, 0]","[0.0018598884066955983, 0.0018598884066955983, 0.0018598884066955983, 0.0018598884066955983, 0.0018598884066955983, 0.0018598884066955983, 0.0018598884066955983, 0.0018598884066955983, 0.0024798512089274642, 0.0024798512089274642, 0.0024798512089274642, 0.0024798512089274642, 0.0024798512089274642, 0.0024798512089274642, 0.0024798512089274642, 0.0024798512089274642, 0.782393056416615, 1.0, 1.0, 1.0]",4.0,2.0,2.0,2.0,2.0,3,-8.9545,8.0,-12.0,hrl_dqn_apf,hierarchical,dqn,-9.913,6.276,28.445,0.00,0.00,0.00,-3.469,5.575,-42.387,0.00,0.00,0.00,-7.731,0.055,-0.917,0.00,0.00,0.00,4.200,4.200,4.200
2026-02-04 11:21:11,382.52,1,356,357,0.28%,81.23,0.19%,"[0, 5, 10, 15, 20, 25, 30, 35, 40, 45, 50, 55, 60, 65, 70, 75, 80, 85, 90, 95, 100]","[3, 0, 0, 0, 0, 0, 0, 0, 1, 0, 0, 0, 0, 0, 0, 0, 1258, 351, 0, 0]","[0.0018598884066955983, 0.0018598884066955983, 0.0018598884066955983, 0.0018598884066955983, 0.0018598884066955983, 0.0018598884066955983, 0.0018598884066955983, 0.0018598884066955983, 0.0024798512089274642, 0.0024798512089274642, 0.0024798512089274642, 0.0024798512089274642, 0.0024798512089274642, 0.0024798512089274642, 0.0024798512089274642, 0.0024798512089274642, 0.782393056416615, 1.0, 1.0, 1.0]",4.0,2.0,2.0,2.0,2.0,3,-8.9545,8.0,-12.0,hrl_dqn_apf,hierarchical,dqn,-9.913,6.273,29.209,0.00,0.00,0.00,-3.469,5.572,-43.149,0.00,0.00,0.00,-7.731,0.055,-0.917,0.00,0.00,0.00,4.200,4.200,4.200
2026-02-04 11:21:12,383.52,1,364,365,0.27%,81.59,0.19%,"[0, 5, 10, 15, 20, 25, 30, 35, 40, 45, 50, 55, 60, 65, 70, 75, 80, 85, 90, 95, 100]","[3, 0, 0, 0, 0, 0, 0, 0, 1, 0, 0, 0, 0, 0, 0, 0, 1257, 352, 0, 0]","[0.0018598884066955983, 0.0018598884066955983, 0.0018598884066955983, 0.0018598884066955983, 0.0018598884066955983, 0.0018598884066955983, 0.0018598884066955983, 0.0018598884066955983, 0.0024798512089274642, 0.0024798512089274642, 0.0024798512089274642, 0.0024798512089274642, 0.0024798512089274642, 0.0024798512089274642, 0.0024798512089274642, 0.0024798512089274642, 0.7817730936143832, 1.0, 1.0, 1.0]",4.0,2.0,2.0,2.0,2.0,3,-8.9545,8.0,-12.0,hrl_dqn_apf,hierarchical,dqn,-9.914,6.267,30.750,0.00,0.00,0.00,-3.469,5.566,-44.689,0.00,0.00,0.00,-7.731,0.055,-0.917,0.00,0.00,0.00,4.200,4.200,4.200
2026-02-04 11:21:13,384.52,1,362,363,0.28%,81.77,0.19%,"[0, 5, 10, 15, 20, 25, 30, 35, 40, 45, 50, 55, 60, 65, 70, 75, 80, 85, 90, 95, 100]","[3, 0, 0, 0, 0, 0, 0, 0, 1, 0, 0, 0, 0, 0, 0, 0, 1257, 352, 0, 0]","[0.0018598884066955983, 0.0018598884066955983, 0.0018598884066955983, 0.0018598884066955983, 0.0018598884066955983, 0.0018598884066955983, 0.0018598884066955983, 0.0018598884066955983, 0.0024798512089274642, 0.0024798512089274642, 0.0024798512089274642, 0.0024798512089274642, 0.0024798512089274642, 0.0024798512089274642, 0.0024798512089274642, 0.0024798512089274642, 0.7817730936143832, 1.0, 1.0, 1.0]",4.0,2.0,2.0,2.0,2.0,3,-8.9545,8.0,-12.0,hrl_dqn_apf,hierarchical,dqn,-9.914,6.264,31.513,0.00,0.00,0.00,-3.469,5.563,-45.452,0.00,0.00,0.00,-7.731,0.055,-0.917,0.00,0.00,0.00,4.200,4.200,4.200
2026-02-04 11:21:14,385.53,0,354,354,0.00%,80.00,0.00%,"[0, 5, 10, 15, 20, 25, 30, 35, 40, 45, 50, 55, 60, 65, 70, 75, 80, 85, 90, 95, 100]","[0, 0, 0, 0, 0, 0, 0, 0, 0, 0, 0, 0, 0, 0, 0, 0, 1613, 0, 0, 0]","[0.0, 0.0, 0.0, 0.0, 0.0, 0.0, 0.0, 0.0, 0.0, 0.0, 0.0, 0.0, 0.0, 0.0, 0.0, 0.0, 1.0, 1.0, 1.0, 1.0]",4.0,2.0,2.0,2.0,2.0,3,-8.9545,8.0,-12.0,hrl_dqn_apf,hierarchical,dqn,-9.914,6.261,32.273,0.00,0.00,0.00,-3.469,5.560,-46.212,0.00,0.00,0.00,-7.731,0.055,-0.917,0.00,0.00,0.00,4.200,4.200,4.200
2026-02-04 11:21:15,386.54,0,354,354,0.00%,80.00,0.00%,"[0, 5, 10, 15, 20, 25, 30, 35, 40, 45, 50, 55, 60, 65, 70, 75, 80, 85, 90, 95, 100]","[0, 0, 0, 0, 0, 0, 0, 0, 0, 0, 0, 0, 0, 0, 0, 0, 1613, 0, 0, 0]","[0.0, 0.0, 0.0, 0.0, 0.0, 0.0, 0.0, 0.0, 0.0, 0.0, 0.0, 0.0, 0.0, 0.0, 0.0, 0.0, 1.0, 1.0, 1.0, 1.0]",4.0,2.0,2.0,2.0,2.0,3,-8.9545,8.0,-12.0,hrl_dqn_apf,hierarchical,dqn,-9.915,6.255,33.796,0.00,0.00,0.00,-3.469,5.554,-47.735,0.00,0.00,0.00,-7.731,0.055,-0.917,0.00,0.00,0.00,4.200,4.200,4.200
2026-02-04 11:21:16,387.55,1,351,352,0.28%,80.12,0.06%,"[0, 5, 10, 15, 20, 25, 30, 35, 40, 45, 50, 55, 60, 65, 70, 75, 80, 85, 90, 95, 100]","[1, 0, 0, 0, 0, 0, 0, 0, 0, 0, 0, 0, 0, 0, 0, 0, 1612, 0, 0, 0]","[0.0006199628022318661, 0.0006199628022318661, 0.0006199628022318661, 0.0006199628022318661, 0.0006199628022318661, 0.0006199628022318661, 0.0006199628022318661, 0.0006199628022318661, 0.0006199628022318661, 0.0006199628022318661, 0.0006199628022318661, 0.0006199628022318661, 0.0006199628022318661, 0.0006199628022318661, 0.0006199628022318661, 0.0006199628022318661, 1.0, 1.0, 1.0, 1.0]",4.0,2.0,2.0,2.0,2.0,3,-8.9545,8.0,-12.0,hrl_dqn_apf,hierarchical,dqn,-9.915,6.252,34.556,0.00,0.00,0.00,-3.469,5.551,-48.495,0.00,0.00,0.00,-7.731,0.055,-0.917,0.00,0.00,0.00,4.200,4.200,4.200
2026-02-04 11:21:17,388.55,1,351,352,0.28%,80.30,0.06%,"[0, 5, 10, 15, 20, 25, 30, 35, 40, 45, 50, 55, 60, 65, 70, 75, 80, 85, 90, 95, 100]","[1, 0, 0, 0, 0, 0, 0, 0, 0, 0, 0, 0, 0, 0, 0, 0, 1612, 0, 0, 0]","[0.0006199628022318661, 0.0006199628022318661, 0.0006199628022318661, 0.0006199628022318661, 0.0006199628022318661, 0.0006199628022318661, 0.0006199628022318661, 0.0006199628022318661, 0.0006199628022318661, 0.0006199628022318661, 0.0006199628022318661, 0.0006199628022318661, 0.0006199628022318661, 0.0006199628022318661, 0.0006199628022318661, 0.0006199628022318661, 1.0, 1.0, 1.0, 1.0]",4.0,2.0,2.0,2.0,2.0,3,-8.9545,8.0,-12.0,hrl_dqn_apf,hierarchical,dqn,-9.915,6.249,35.319,0.00,0.00,0.00,-3.469,5.548,-49.258,0.00,0.00,0.00,-7.731,0.055,-0.917,0.00,0.00,0.00,4.167,4.167,4.195
2026-02-04 11:21:18,389.56,1,352,353,0.28%,80.47,0.06%,"[0, 5, 10, 15, 20, 25, 30, 35, 40, 45, 50, 55, 60, 65, 70, 75, 80, 85, 90, 95, 100]","[1, 0, 0, 0, 0, 0, 0, 0, 0, 0, 0, 0, 0, 0, 0, 0, 1612, 0, 0, 0]","[0.0006199628022318661, 0.0006199628022318661, 0.0006199628022318661, 0.0006199628022318661, 0.0006199628022318661, 0.0006199628022318661, 0.0006199628022318661, 0.0006199628022318661, 0.0006199628022318661, 0.0006199628022318661, 0.0006199628022318661, 0.0006199628022318661, 0.0006199628022318661, 0.0006199628022318661, 0.0006199628022318661, 0.0006199628022318661, 1.0, 1.0, 1.0, 1.0]",4.0,2.0,2.0,2.0,2.0,0,-29.92136,8.0,-12.0,hrl_dqn_apf,hierarchical,dqn,-9.916,6.275,36.055,0.00,0.00,0.00,-3.469,5.545,-50.018,0.00,0.00,0.00,-7.731,0.055,-0.917,0.00,0.00,0.00,4.164,4.164,4.192
2026-02-04 11:21:19,390.56,1,352,353,0.28%,80.82,0.06%,"[0, 5, 10, 15, 20, 25, 30, 35, 40, 45, 50, 55, 60, 65, 70, 75, 80, 85, 90, 95, 100]","[1, 0, 0, 0, 0, 0, 0, 0, 0, 0, 0, 0, 0, 0, 0, 0, 1612, 0, 0, 0]","[0.0006199628022318661, 0.0006199628022318661, 0.0006199628022318661, 0.0006199628022318661, 0.0006199628022318661, 0.0006199628022318661, 0.0006199628022318661, 0.0006199628022318661, 0.0006199628022318661, 0.0006199628022318661, 0.0006199628022318661, 0.0006199628022318661, 0.0006199628022318661, 0.0006199628022318661, 0.0006199628022318661, 0.0006199628022318661, 1.0, 1.0, 1.0, 1.0]",4.0,2.0,2.0,2.0,2.0,0,-29.92136,8.0,-12.0,hrl_dqn_apf,hierarchical,dqn,-9.916,6.428,35.597,0.00,0.00,0.00,-3.469,5.974,-51.300,0.00,0.00,0.00,-7.731,0.055,-0.917,0.00,0.00,0.00,4.161,4.161,4.189
2026-02-04 11:21:20,391.57,1,354,355,0.28%,81.00,0.06%,"[0, 5, 10, 15, 20, 25, 30, 35, 40, 45, 50, 55, 60, 65, 70, 75, 80, 85, 90, 95, 100]","[1, 0, 0, 0, 0, 0, 0, 0, 0, 0, 0, 0, 0, 0, 0, 0, 1612, 0, 0, 0]","[0.0006199628022318661, 0.0006199628022318661, 0.0006199628022318661, 0.0006199628022318661, 0.0006199628022318661, 0.0006199628022318661, 0.0006199628022318661, 0.0006199628022318661, 0.0006199628022318661, 0.0006199628022318661, 0.0006199628022318661, 0.0006199628022318661, 0.0006199628022318661, 0.0006199628022318661, 0.0006199628022318661, 0.0006199628022318661, 1.0, 1.0, 1.0, 1.0]",4.0,2.0,2.0,2.0,2.0,1,-23.76142,8.0,-12.0,hrl_dqn_apf,hierarchical,dqn,-9.916,6.427,34.906,0.00,0.00,0.00,-3.469,6.387,-51.474,0.00,0.00,0.00,-7.731,0.055,-0.917,0.00,0.00,0.00,4.158,4.158,4.186
2026-02-04 11:21:21,392.57,1,356,357,0.28%,81.17,0.06%,"[0, 5, 10, 15, 20, 25, 30, 35, 40, 45, 50, 55, 60, 65, 70, 75, 80, 85, 90, 95, 100]","[1, 0, 0, 0, 0, 0, 0, 0, 0, 0, 0, 0, 0, 0, 0, 0, 1261, 351, 0, 0]","[0.0006199628022318661, 0.0006199628022318661, 0.0006199628022318661, 0.0006199628022318661, 0.0006199628022318661, 0.0006199628022318661, 0.0006199628022318661, 0.0006199628022318661, 0.0006199628022318661, 0.0006199628022318661, 0.0006199628022318661, 0.0006199628022318661, 0.0006199628022318661, 0.0006199628022318661, 0.0006199628022318661, 0.0006199628022318661, 0.782393056416615, 1.0, 1.0, 1.0]",4.0,2.0,2.0,2.0,2.0,16,-23.60114,8.0,6.0,hrl_dqn_apf,hierarchical,dqn,-9.915,6.424,34.179,0.00,0.00,0.00,-3.469,6.624,-51.488,0.00,0.00,0.00,-7.731,0.073,-0.917,0.00,0.00,0.00,4.155,4.155,4.183
2026-02-04 11:21:22,393.58,1,356,357,0.28%,81.35,0.06%,"[0, 5, 10, 15, 20, 25, 30, 35, 40, 45, 50, 55, 60, 65, 70, 75, 80, 85, 90, 95, 100]","[1, 0, 0, 0, 0, 0, 0, 0, 0, 0, 0, 0, 0, 0, 0, 0, 1261, 351, 0, 0]","[0.0006199628022318661, 0.0006199628022318661, 0.0006199628022318661, 0.0006199628022318661, 0.0006199628022318661, 0.0006199628022318661, 0.0006199628022318661, 0.0006199628022318661, 0.0006199628022318661, 0.0006199628022318661, 0.0006199628022318661, 0.0006199628022318661, 0.0006199628022318661, 0.0006199628022318661, 0.0006199628022318661, 0.0006199628022318661, 0.782393056416615, 1.0, 1.0, 1.0]",4.0,2.0,2.0,2.0,2.0,16,-23.60114,8.0,6.0,hrl_dqn_apf,hierarchical,dqn,-9.915,6.421,33.407,0.00,0.00,0.00,-3.469,6.641,-51.061,0.00,0.00,0.00,-7.731,0.279,-0.917,0.00,0.00,0.00,4.152,4.152,4.180
2026-02-04 11:21:23,394.58,1,364,365,0.27%,81.71,0.06%,"[0, 5, 10, 15, 20, 25, 30, 35, 40, 45, 50, 55, 60, 65, 70, 75, 80, 85, 90, 95, 100]","[1, 0, 0, 0, 0, 0, 0, 0, 0, 0, 0, 0, 0, 0, 0, 0, 1260, 352, 0, 0]","[0.0006199628022318661, 0.0006199628022318661, 0.0006199628022318661, 0.0006199628022318661, 0.0006199628022318661, 0.0006199628022318661, 0.0006199628022318661, 0.0006199628022318661, 0.0006199628022318661, 0.0006199628022318661, 0.0006199628022318661, 0.0006199628022318661, 0.0006199628022318661, 0.0006199628022318661, 0.0006199628022318661, 0.0006199628022318661, 0.7817730936143832, 1.0, 1.0, 1.0]",4.0,2.0,2.0,2.0,2.0,8,-11.442730000000001,8.0,-6.0,hrl_dqn_apf,hierarchical,dqn,-9.915,6.415,31.879,0.00,0.00,0.00,-3.469,6.632,-49.657,0.00,0.00,0.00,-7.731,0.959,-0.917,0.00,0.00,0.00,4.149,4.149,4.177
2026-02-04 11:21:24,395.58,1,362,363,0.28%,81.89,0.06%,"[0, 5, 10, 15, 20, 25, 30, 35, 40, 45, 50, 55, 60, 65, 70, 75, 80, 85, 90, 95, 100]","[1, 0, 0, 0, 0, 0, 0, 0, 0, 0, 0, 0, 0, 0, 0, 0, 1260, 352, 0, 0]","[0.0006199628022318661, 0.0006199628022318661, 0.0006199628022318661, 0.0006199628022318661, 0.0006199628022318661, 0.0006199628022318661, 0.0006199628022318661, 0.0006199628022318661, 0.0006199628022318661, 0.0006199628022318661, 0.0006199628022318661, 0.0006199628022318661, 0.0006199628022318661, 0.0006199628022318661, 0.0006199628022318661, 0.0006199628022318661, 0.7817730936143832, 1.0, 1.0, 1.0]",4.0,2.0,2.0,2.0,2.0,8,-11.442730000000001,8.0,-6.0,hrl_dqn_apf,hierarchical,dqn,-9.914,6.411,31.102,0.00,0.00,0.00,-3.469,6.628,-48.886,0.00,0.00,0.00,-7.731,1.349,-0.917,0.00,0.00,0.00,4.146,4.146,4.174
2026-02-04 11:21:25,396.58,1,364,365,0.27%,82.07,0.06%,"[0, 5, 10, 15, 20, 25, 30, 35, 40, 45, 50, 55, 60, 65, 70, 75, 80, 85, 90, 95, 100]","[1, 0, 0, 0, 0, 0, 0, 0, 0, 0, 0, 0, 0, 0, 0, 0, 1258, 354, 0, 0]","[0.0006199628022318661, 0.0006199628022318661, 0.0006199628022318661, 0.0006199628022318661, 0.0006199628022318661, 0.0006199628022318661, 0.0006199628022318661, 0.0006199628022318661, 0.0006199628022318661, 0.0006199628022318661, 0.0006199628022318661, 0.0006199628022318661, 0.0006199628022318661, 0.0006199628022318661, 0.0006199628022318661, 0.0006199628022318661, 0.7805331680099195, 1.0, 1.0, 1.0]",4.0,2.0,2.0,2.0,2.0,20,-29.28064,8.0,12.0,hrl_dqn_apf,hierarchical,dqn,-9.914,6.408,30.341,0.00,0.00,0.00,-3.469,6.625,-48.128,0.00,0.00,0.00,-7.731,1.739,-0.917,0.00,0.00,0.00,4.143,4.143,4.171
2026-02-04 11:21:26,397.58,1,368,369,0.27%,82.25,0.06%,"[0, 5, 10, 15, 20, 25, 30, 35, 40, 45, 50, 55, 60, 65, 70, 75, 80, 85, 90, 95, 100]","[1, 0, 0, 0, 0, 0, 0, 0, 0, 0, 0, 0, 0, 0, 0, 0, 1256, 7, 349, 0]","[0.0006199628022318661, 0.0006199628022318661, 0.0006199628022318661, 0.0006199628022318661, 0.0006199628022318661, 0.0006199628022318661, 0.0006199628022318661, 0.0006199628022318661, 0.0006199628022318661, 0.0006199628022318661, 0.0006199628022318661, 0.0006199628022318661, 0.0006199628022318661, 0.0006199628022318661, 0.0006199628022318661, 0.0006199628022318661, 0.7792932424054557, 0.7836329820210788, 1.0, 1.0]",4.0,2.0,2.0,2.0,2.0,21,-23.11993,8.0,12.0,hrl_dqn_apf,hierarchical,dqn,-9.914,6.405,29.581,0.00,0.00,0.00,-3.469,6.622,-47.368,0.00,0.00,0.00,-7.731,2.132,-0.917,0.00,0.00,0.00,4.140,4.140,4.168
2026-02-04 11:21:27,398.59,1,368,369,0.27%,82.62,0.06%,"[0, 5, 10, 15, 20, 25, 30, 35, 40, 45, 50, 55, 60, 65, 70, 75, 80, 85, 90, 95, 100]","[1, 0, 0, 0, 0, 0, 0, 0, 0, 0, 0, 0, 0, 0, 0, 0, 1252, 11, 349, 0]","[0.0006199628022318661, 0.0006199628022318661, 0.0006199628022318661, 0.0006199628022318661, 0.0006199628022318661, 0.0006199628022318661, 0.0006199628022318661, 0.0006199628022318661, 0.0006199628022318661, 0.0006199628022318661, 0.0006199628022318661, 0.0006199628022318661, 0.0006199628022318661, 0.0006199628022318661, 0.0006199628022318661, 0.0006199628022318661, 0.7768133911965283, 0.7836329820210788, 1.0, 1.0]",4.0,2.0,2.0,2.0,2.0,21,-23.11993,8.0,12.0,hrl_dqn_apf,hierarchical,dqn,-9.913,6.399,28.054,0.00,0.00,0.00,-3.469,6.616,-45.842,0.00,0.00,0.00,-7.731,2.925,-0.917,0.00,0.00,0.00,4.137,4.137,4.165
2026-02-04 11:21:28,399.59,1,368,369,0.27%,82.80,0.06%,"[0, 5, 10, 15, 20, 25, 30, 35, 40, 45, 50, 55, 60, 65, 70, 75, 80, 85, 90, 95, 100]","[1, 0, 0, 0, 0, 0, 0, 0, 0, 0, 0, 0, 0, 0, 0, 0, 1250, 12, 350, 0]","[0.0006199628022318661, 0.0006199628022318661, 0.0006199628022318661, 0.0006199628022318661, 0.0006199628022318661, 0.0006199628022318661, 0.0006199628022318661, 0.0006199628022318661, 0.0006199628022318661, 0.0006199628022318661, 0.0006199628022318661, 0.0006199628022318661, 0.0006199628022318661, 0.0006199628022318661, 0.0006199628022318661, 0.0006199628022318661, 0.7755734655920645, 0.7830130192188469, 1.0, 1.0]",4.0,2.0,2.0,2.0,2.0,22,-16.9593,8.0,12.0,hrl_dqn_apf,hierarchical,dqn,-9.913,6.396,27.293,0.00,0.00,0.00,-3.469,6.613,-45.082,0.00,0.00,0.00,-7.731,3.320,-0.917,0.00,0.00,0.00,4.134,4.134,4.162
2026-02-04 11:21:29,400.60,1,370,371,0.27%,82.98,0.06%,"[0, 5, 10, 15, 20, 25, 30, 35, 40, 45, 50, 55, 60, 65, 70, 75, 80, 85, 90, 95, 100]","[1, 0, 0, 0, 0, 0, 0, 0, 0, 0, 0, 0, 0, 0, 0, 0, 1248, 14, 350, 0]","[0.0006199628022318661, 0.0006199628022318661, 0.0006199628022318661, 0.0006199628022318661, 0.0006199628022318661, 0.0006199628022318661, 0.0006199628022318661, 0.0006199628022318661, 0.0006199628022318661, 0.0006199628022318661, 0.0006199628022318661, 0.0006199628022318661, 0.0006199628022318661, 0.0006199628022318661, 0.0006199628022318661, 0.0006199628022318661, 0.7743335399876008, 0.7830130192188469, 1.0, 1.0]",4.0,2.0,2.0,2.0,2.0,16,-22.79937,8.0,6.0,hrl_dqn_apf,hierarchical,dqn,-9.913,6.393,26.533,0.00,0.00,0.00,-3.469,6.609,-44.322,0.00,0.00,0.00,-7.731,3.716,-0.917,0.00,0.00,0.00,4.131,4.131,4.159
2026-02-04 11:21:30,401.61,1,372,373,0.27%,83.16,0.06%,"[0, 5, 10, 15, 20, 25, 30, 35, 40, 45, 50, 55, 60, 65, 70, 75, 80, 85, 90, 95, 100]","[1, 0, 0, 0, 0, 0, 0, 0, 0, 0, 0, 0, 0, 0, 1, 0, 1245, 14, 352, 0]","[0.0006199628022318661, 0.0006199628022318661, 0.0006199628022318661, 0.0006199628022318661, 0.0006199628022318661, 0.0006199628022318661, 0.0006199628022318661, 0.0006199628022318661, 0.0006199628022318661, 0.0006199628022318661, 0.0006199628022318661, 0.0006199628022318661, 0.0006199628022318661, 0.0006199628022318661, 0.0012399256044637321, 0.0012399256044637321, 0.7730936143831371, 0.7817730936143832, 1.0, 1.0]",4.0,2.0,2.0,2.0,2.0,16,-22.79937,8.0,6.0,hrl_dqn_apf,hierarchical,dqn,-9.913,6.390,25.769,0.00,0.00,0.00,-3.469,6.606,-43.559,0.00,0.00,0.00,-7.731,4.113,-0.917,0.00,0.00,0.00,4.127,4.127,4.156
2026-02-04 11:21:31,402.61,1,372,373,0.27%,83.45,0.19%,"[0, 5, 10, 15, 20, 25, 30, 35, 40, 45, 50, 55, 60, 65, 70, 75, 80, 85, 90, 95, 100]","[2, 0, 0, 0, 1, 0, 0, 0, 0, 0, 0, 0, 0, 0, 0, 0, 1240, 16, 7, 347]","[0.0012399256044637321, 0.0012399256044637321, 0.0012399256044637321, 0.0012399256044637321, 0.0018598884066955983, 0.0018598884066955983, 0.0018598884066955983, 0.0018598884066955983, 0.0018598884066955983, 0.0018598884066955983, 0.0018598884066955983, 0.0018598884066955983, 0.0018598884066955983, 0.0018598884066955983, 0.0018598884066955983, 0.0018598884066955983, 0.7706137631742096, 0.7805331680099195, 0.7848729076255425, 1.0]",4.0,2.0,2.0,2.0,2.0,2,-16.63904,8.0,-12.0,hrl_dqn_apf,hierarchical,dqn,-9.912,6.384,24.245,0.00,0.00,0.00,-3.469,6.600,-42.037,0.00,0.00,0.00,-7.731,4.906,-0.917,0.00,0.00,0.00,4.125,4.125,4.153
2026-02-04 11:21:32,403.62,1,373,374,0.27%,83.62,0.19%,"[0, 5, 10, 15, 20, 25, 30, 35, 40, 45, 50, 55, 60, 65, 70, 75, 80, 85, 90, 95, 100]","[3, 0, 0, 0, 0, 0, 0, 0, 0, 0, 0, 0, 0, 0, 0, 0, 1240, 16, 7, 347]","[0.0018598884066955983, 0.0018598884066955983, 0.0018598884066955983, 0.0018598884066955983, 0.0018598884066955983, 0.0018598884066955983, 0.0018598884066955983, 0.0018598884066955983, 0.0018598884066955983, 0.0018598884066955983, 0.0018598884066955983, 0.0018598884066955983, 0.0018598884066955983, 0.0018598884066955983, 0.0018598884066955983, 0.0018598884066955983, 0.7706137631742096, 0.7805331680099195, 0.7848729076255425, 1.0]",4.0,2.0,2.0,2.0,2.0,10,-28.5587,8.0,0.0,hrl_dqn_apf,hierarchical,dqn,-9.912,6.381,23.485,0.00,0.00,0.00,-3.469,6.597,-41.277,0.00,0.00,0.00,-7.731,5.301,-0.917,0.00,0.00,0.00,4.121,4.121,4.150
2026-02-04 11:21:33,404.62,1,373,374,0.27%,83.76,0.25%,"[0, 5, 10, 15, 20, 25, 30, 35, 40, 45, 50, 55, 60, 65, 70, 75, 80, 85, 90, 95, 100]","[4, 0, 0, 0, 0, 0, 0, 0, 0, 0, 0, 0, 0, 0, 0, 0, 1239, 10, 12, 348]","[0.0024798512089274642, 0.0024798512089274642, 0.0024798512089274642, 0.0024798512089274642, 0.0024798512089274642, 0.0024798512089274642, 0.0024798512089274642, 0.0024798512089274642, 0.0024798512089274642, 0.0024798512089274642, 0.0024798512089274642, 0.0024798512089274642, 0.0024798512089274642, 0.0024798512089274642, 0.0024798512089274642, 0.0024798512089274642, 0.7706137631742096, 0.7768133911965283, 0.7842529448233106, 1.0]",4.0,2.0,2.0,2.0,2.0,10,-28.5587,8.0,0.0,hrl_dqn_apf,hierarchical,dqn,-9.912,6.378,22.724,0.00,0.00,0.00,-3.469,6.594,-40.517,0.00,0.00,0.00,-7.731,5.697,-0.917,0.00,0.00,0.00,4.119,4.119,4.147
2026-02-04 11:21:34,405.63,1,375,376,0.27%,83.92,0.25%,"[0, 5, 10, 15, 20, 25, 30, 35, 40, 45, 50, 55, 60, 65, 70, 75, 80, 85, 90, 95, 100]","[4, 0, 0, 0, 0, 0, 0, 1, 0, 0, 0, 0, 0, 0, 0, 0, 1236, 10, 14, 348]","[0.0024798512089274642, 0.0024798512089274642, 0.0024798512089274642, 0.0024798512089274642, 0.0024798512089274642, 0.0024798512089274642, 0.0024798512089274642, 0.0030998140111593306, 0.0030998140111593306, 0.0030998140111593306, 0.0030998140111593306, 0.0030998140111593306, 0.0030998140111593306, 0.0030998140111593306, 0.0030998140111593306, 0.0030998140111593306, 0.7693738375697459, 0.7755734655920645, 0.7842529448233106, 1.0]",4.0,2.0,2.0,2.0,2.0,8,-10.398589999999999,8.0,-6.0,hrl_dqn_apf,hierarchical,dqn,-9.911,6.375,21.970,0.00,0.00,0.00,-3.469,6.591,-39.762,0.00,0.00,0.00,-7.731,6.090,-0.917,0.00,0.00,0.00,4.115,4.115,4.144
2026-02-04 11:21:35,406.63,1,377,378,0.26%,84.23,0.37%,"[0, 5, 10, 15, 20, 25, 30, 35, 40, 45, 50, 55, 60, 65, 70, 75, 80, 85, 90, 95, 100]","[5, 0, 0, 1, 0, 0, 0, 0, 0, 0, 0, 0, 0, 0, 0, 0, 1231, 10, 14, 352]","[0.0030998140111593306, 0.0030998140111593306, 0.0030998140111593306, 0.0037197768133911966, 0.0037197768133911966, 0.0037197768133911966, 0.0037197768133911966, 0.0037197768133911966, 0.0037197768133911966, 0.0037197768133911966, 0.0037197768133911966, 0.0037197768133911966, 0.0037197768133911966, 0.0037197768133911966, 0.0037197768133911966, 0.0037197768133911966, 0.7668939863608184, 0.7730936143831371, 0.7817730936143832, 1.0]",4.0,2.0,2.0,2.0,2.0,23,-10.23856,8.0,12.0,hrl_dqn_apf,hierarchical,dqn,-9.911,6.369,20.429,0.00,0.00,0.00,-3.469,6.585,-38.222,0.00,0.00,0.00,-7.731,6.496,-0.648,0.00,0.00,0.00,4.112,4.112,4.141
2026-02-04 11:21:36,407.63,1,379,380,0.26%,84.35,0.37%,"[0, 5, 10, 15, 20, 25, 30, 35, 40, 45, 50, 55, 60, 65, 70, 75, 80, 85, 90, 95, 100]","[6, 0, 0, 0, 0, 0, 0, 1, 0, 0, 1, 0, 0, 0, 0, 0, 1230, 8, 16, 351]","[0.0037197768133911966, 0.0037197768133911966, 0.0037197768133911966, 0.0037197768133911966, 0.0037197768133911966, 0.0037197768133911966, 0.0037197768133911966, 0.0043397396156230625, 0.0043397396156230625, 0.0043397396156230625, 0.0049597024178549285, 0.0049597024178549285, 0.0049597024178549285, 0.0049597024178549285, 0.0049597024178549285, 0.0049597024178549285, 0.7675139491630503, 0.7724736515809052, 0.782393056416615, 1.0]",4.0,2.0,2.0,2.0,2.0,23,-10.23856,8.0,12.0,hrl_dqn_apf,hierarchical,dqn,-10.047,6.430,19.799,0.00,0.00,0.00,-3.469,6.582,-37.459,0.00,0.00,0.00,-7.731,6.493,-0.038,0.00,0.00,0.00,4.109,4.109,4.138
2026-02-04 11:21:37,408.63,2,380,382,0.52%,84.45,0.50%,"[0, 5, 10, 15, 20, 25, 30, 35, 40, 45, 50, 55, 60, 65, 70, 75, 80, 85, 90, 95, 100]","[8, 0, 0, 0, 0, 0, 0, 0, 0, 0, 0, 1, 0, 0, 1, 0, 1228, 9, 16, 350]","[0.0049597024178549285, 0.0049597024178549285, 0.0049597024178549285, 0.0049597024178549285, 0.0049597024178549285, 0.0049597024178549285, 0.0049597024178549285, 0.0049597024178549285, 0.0049597024178549285, 0.0049597024178549285, 0.0049597024178549285, 0.005579665220086794, 0.005579665220086794, 0.005579665220086794, 0.006199628022318661, 0.006199628022318661, 0.7675139491630503, 0.7730936143831371, 0.7830130192188469, 1.0]",4.0,2.0,2.0,2.0,2.0,15,-28.07796,8.0,6.0,hrl_dqn_apf,hierarchical,dqn,-10.582,6.455,19.564,0.00,0.00,0.00,-3.469,6.579,-36.699,0.00,0.00,0.00,-7.731,6.488,0.680,0.00,0.00,0.00,4.107,4.106,4.135
2026-02-04 11:21:38,409.63,3,381,384,0.78%,84.56,0.62%,"[0, 5, 10, 15, 20, 25, 30, 35, 40, 45, 50, 55, 60, 65, 70, 75, 80, 85, 90, 95, 100]","[10, 0, 0, 0, 0, 0, 0, 0, 0, 0, 0, 0, 0, 0, 0, 0, 1228, 9, 10, 356]","[0.006199628022318661, 0.006199628022318661, 0.006199628022318661, 0.006199628022318661, 0.006199628022318661, 0.006199628022318661, 0.006199628022318661, 0.006199628022318661, 0.006199628022318661, 0.006199628022318661, 0.006199628022318661, 0.006199628022318661, 0.006199628022318661, 0.006199628022318661, 0.006199628022318661, 0.006199628022318661, 0.7675139491630503, 0.7730936143831371, 0.7792932424054557, 1.0]",4.0,2.0,2.0,2.0,2.0,2,-15.91801,8.0,-12.0,hrl_dqn_apf,hierarchical,dqn,-11.279,6.455,19.491,0.00,0.00,0.00,-3.469,6.576,-35.939,0.00,0.00,0.00,-7.731,6.483,1.429,0.00,0.00,0.00,4.103,4.103,4.132
2026-02-04 11:21:39,410.64,3,383,386,0.78%,84.89,0.68%,"[0, 5, 10, 15, 20, 25, 30, 35, 40, 45, 50, 55, 60, 65, 70, 75, 80, 85, 90, 95, 100]","[11, 0, 0, 0, 0, 0, 0, 0, 0, 0, 0, 0, 0, 0, 0, 0, 1223, 7, 14, 358]","[0.006819590824550527, 0.006819590824550527, 0.006819590824550527, 0.006819590824550527, 0.006819590824550527, 0.006819590824550527, 0.006819590824550527, 0.006819590824550527, 0.006819590824550527, 0.006819590824550527, 0.006819590824550527, 0.006819590824550527, 0.006819590824550527, 0.006819590824550527, 0.006819590824550527, 0.006819590824550527, 0.7650340979541228, 0.7693738375697459, 0.778053316800992, 1.0]",4.0,2.0,2.0,2.0,2.0,2,-15.91801,8.0,-12.0,hrl_dqn_apf,hierarchical,dqn,-12.780,6.449,19.461,0.00,0.00,0.00,-3.469,6.570,-34.416,0.00,0.00,0.00,-7.732,6.565,1.604,0.00,0.00,0.00,4.101,4.101,4.129
2026-02-04 11:21:40,411.64,3,385,388,0.77%,85.06,0.68%,"[0, 5, 10, 15, 20, 25, 30, 35, 40, 45, 50, 55, 60, 65, 70, 75, 80, 85, 90, 95, 100]","[11, 0, 0, 0, 0, 0, 1, 0, 0, 0, 0, 0, 0, 0, 0, 0, 1222, 7, 10, 362]","[0.006819590824550527, 0.006819590824550527, 0.006819590824550527, 0.006819590824550527, 0.006819590824550527, 0.006819590824550527, 0.007439553626782393, 0.007439553626782393, 0.007439553626782393, 0.007439553626782393, 0.007439553626782393, 0.007439553626782393, 0.007439553626782393, 0.007439553626782393, 0.007439553626782393, 0.007439553626782393, 0.7650340979541228, 0.7693738375697459, 0.7755734655920645, 1.0]",4.0,2.0,2.0,2.0,2.0,24,-3.7578700000000005,8.0,12.0,hrl_dqn_apf,hierarchical,dqn,-13.545,6.446,19.458,0.00,0.00,0.00,-3.469,6.567,-33.651,0.00,0.00,0.00,-7.732,6.624,1.599,0.00,0.00,0.00,4.097,4.097,4.126
2026-02-04 11:21:41,412.64,3,385,388,0.77%,85.23,0.74%,"[0, 5, 10, 15, 20, 25, 30, 35, 40, 45, 50, 55, 60, 65, 70, 75, 80, 85, 90, 95, 100]","[11, 1, 0, 0, 0, 0, 0, 0, 0, 0, 0, 0, 0, 0, 0, 0, 1222, 7, 8, 364]","[0.006819590824550527, 0.007439553626782393, 0.007439553626782393, 0.007439553626782393, 0.007439553626782393, 0.007439553626782393, 0.007439553626782393, 0.007439553626782393, 0.007439553626782393, 0.007439553626782393, 0.007439553626782393, 0.007439553626782393, 0.007439553626782393, 0.007439553626782393, 0.007439553626782393, 0.007439553626782393, 0.7650340979541228, 0.7693738375697459, 0.7743335399876008, 1.0]",4.0,2.0,2.0,2.0,2.0,15,-27.59711,8.0,6.0,hrl_dqn_apf,hierarchical,dqn,-14.302,6.443,19.457,0.00,0.00,0.00,-3.469,6.564,-32.893,0.00,0.00,0.00,-7.732,6.680,1.591,0.00,0.00,0.00,4.094,4.094,4.123
2026-02-04 11:21:42,413.66,3,385,388,0.77%,85.38,0.81%,"[0, 5, 10, 15, 20, 25, 30, 35, 40, 45, 50, 55, 60, 65, 70, 75, 80, 85, 90, 95, 100]","[11, 1, 0, 1, 0, 0, 0, 0, 0, 0, 0, 0, 0, 0, 0, 0, 1215, 12, 9, 364]","[0.006819590824550527, 0.007439553626782393, 0.007439553626782393, 0.008059516429014259, 0.008059516429014259, 0.008059516429014259, 0.008059516429014259, 0.008059516429014259, 0.008059516429014259, 0.008059516429014259, 0.008059516429014259, 0.008059516429014259, 0.008059516429014259, 0.008059516429014259, 0.008059516429014259, 0.008059516429014259, 0.7613143211407316, 0.768753874767514, 0.7743335399876008, 1.0]",4.0,2.0,2.0,2.0,2.0,15,-27.59711,8.0,6.0,hrl_dqn_apf,hierarchical,dqn,-15.051,6.455,19.445,0.00,0.00,0.00,-3.469,6.561,-32.133,0.00,0.00,0.00,-7.732,6.738,1.586,0.00,0.00,0.00,4.091,4.091,4.120
2026-02-04 11:21:43,414.66,3,387,390,0.77%,85.74,0.81%,"[0, 5, 10, 15, 20, 25, 30, 35, 40, 45, 50, 55, 60, 65, 70, 75, 80, 85, 90, 95, 100]","[11, 2, 0, 0, 0, 0, 0, 0, 0, 1, 0, 0, 0, 0, 0, 0, 1212, 14, 9, 364]","[0.006819590824550527, 0.008059516429014259, 0.008059516429014259, 0.008059516429014259, 0.008059516429014259, 0.008059516429014259, 0.008059516429014259, 0.008059516429014259, 0.008059516429014259, 0.008679479231246125, 0.008679479231246125, 0.008679479231246125, 0.008679479231246125, 0.008679479231246125, 0.008679479231246125, 0.008679479231246125, 0.7600743955362679, 0.768753874767514, 0.7743335399876008, 1.0]",4.0,2.0,2.0,2.0,2.0,18,-9.4371,8.0,6.0,hrl_dqn_apf,hierarchical,dqn,-15.599,6.529,18.450,0.00,0.00,0.00,-3.469,6.555,-30.610,0.00,0.00,0.00,-7.732,6.853,1.586,0.00,0.00,0.00,4.088,4.088,4.117
2026-02-04 11:21:44,415.66,3,387,390,0.77%,85.90,0.87%,"[0, 5, 10, 15, 20, 25, 30, 35, 40, 45, 50, 55, 60, 65, 70, 75, 80, 85, 90, 95, 100]","[12, 2, 0, 0, 0, 0, 0, 0, 0, 0, 0, 0, 0, 0, 0, 0, 1208, 14, 7, 370]","[0.007439553626782393, 0.008679479231246125, 0.008679479231246125, 0.008679479231246125, 0.008679479231246125, 0.008679479231246125, 0.008679479231246125, 0.008679479231246125, 0.008679479231246125, 0.008679479231246125, 0.008679479231246125, 0.008679479231246125, 0.008679479231246125, 0.008679479231246125, 0.008679479231246125, 0.008679479231246125, 0.7575945443273404, 0.7662740235585865, 0.7706137631742096, 1.0]",4.0,2.0,2.0,2.0,2.0,9,-3.2769600000000008,8.0,-6.0,hrl_dqn_apf,hierarchical,dqn,-15.641,6.526,17.721,0.00,0.00,0.00,-3.469,6.551,-29.846,0.00,0.00,0.00,-7.732,6.894,1.500,0.00,0.00,0.00,4.085,4.085,4.114
2026-02-04 11:21:45,416.67,3,387,390,0.77%,86.06,0.93%,"[0, 5, 10, 15, 20, 25, 30, 35, 40, 45, 50, 55, 60, 65, 70, 75, 80, 85, 90, 95, 100]","[12, 2, 0, 0, 1, 0, 0, 0, 0, 0, 0, 0, 0, 0, 0, 0, 1205, 16, 7, 370]","[0.007439553626782393, 0.008679479231246125, 0.008679479231246125, 0.008679479231246125, 0.009299442033477991, 0.009299442033477991, 0.009299442033477991, 0.009299442033477991, 0.009299442033477991, 0.009299442033477991, 0.009299442033477991, 0.009299442033477991, 0.009299442033477991, 0.009299442033477991, 0.009299442033477991, 0.009299442033477991, 0.7563546187228767, 0.7662740235585865, 0.7706137631742096, 1.0]",4.0,2.0,2.0,2.0,2.0,9,-3.2769600000000008,8.0,-6.0,hrl_dqn_apf,hierarchical,dqn,-15.653,6.523,16.972,0.00,0.00,0.00,-3.469,6.548,-29.089,0.00,0.00,0.00,-7.732,6.912,1.010,0.00,0.00,0.00,4.082,4.082,4.111
2026-02-04 11:21:46,417.68,3,388,391,0.77%,86.22,0.93%,"[0, 5, 10, 15, 20, 25, 30, 35, 40, 45, 50, 55, 60, 65, 70, 75, 80, 85, 90, 95, 100]","[14, 0, 1, 0, 0, 0, 0, 0, 0, 0, 0, 0, 1, 0, 0, 0, 1204, 16, 7, 370]","[0.008679479231246125, 0.008679479231246125, 0.009299442033477991, 0.009299442033477991, 0.009299442033477991, 0.009299442033477991, 0.009299442033477991, 0.009299442033477991, 0.009299442033477991, 0.009299442033477991, 0.009299442033477991, 0.009299442033477991, 0.009919404835709857, 0.009919404835709857, 0.009919404835709857, 0.009919404835709857, 0.7563546187228767, 0.7662740235585865, 0.7706137631742096, 1.0]",4.0,2.0,2.0,2.0,2.0,21,-21.1166,8.0,12.0,hrl_dqn_apf,hierarchical,dqn,-15.668,6.534,16.222,0.00,0.00,0.00,-3.469,6.545,-28.325,0.00,0.00,0.00,-7.732,6.911,0.323,0.00,0.00,0.00,4.079,4.079,4.108
2026-02-04 11:21:47,418.68,3,390,393,0.76%,86.55,0.99%,"[0, 5, 10, 15, 20, 25, 30, 35, 40, 45, 50, 55, 60, 65, 70, 75, 80, 85, 90, 95, 100]","[16, 0, 0, 0, 0, 0, 0, 0, 0, 0, 0, 0, 1, 0, 0, 0, 1203, 8, 14, 371]","[0.009919404835709857, 0.009919404835709857, 0.009919404835709857, 0.009919404835709857, 0.009919404835709857, 0.009919404835709857, 0.009919404835709857, 0.009919404835709857, 0.009919404835709857, 0.009919404835709857, 0.009919404835709857, 0.009919404835709857, 0.010539367637941723, 0.010539367637941723, 0.010539367637941723, 0.010539367637941723, 0.7563546187228767, 0.7613143211407316, 0.7699938003719777, 1.0]",4.0,2.0,2.0,2.0,2.0,21,-21.1166,8.0,12.0,hrl_dqn_apf,hierarchical,dqn,-16.676,6.608,15.669,0.00,0.00,0.00,-3.469,6.539,-26.781,0.00,0.00,0.00,-7.732,6.904,-1.194,0.00,0.00,0.00,4.076,4.076,4.105
2026-02-04 11:21:48,419.69,3,392,395,0.76%,86.71,1.05%,"[0, 5, 10, 15, 20, 25, 30, 35, 40, 45, 50, 55, 60, 65, 70, 75, 80, 85, 90, 95, 100]","[17, 0, 0, 0, 0, 0, 0, 0, 0, 0, 0, 0, 0, 0, 0, 0, 1197, 14, 14, 371]","[0.010539367637941723, 0.010539367637941723, 0.010539367637941723, 0.010539367637941723, 0.010539367637941723, 0.010539367637941723, 0.010539367637941723, 0.010539367637941723, 0.010539367637941723, 0.010539367637941723, 0.010539367637941723, 0.010539367637941723, 0.010539367637941723, 0.010539367637941723, 0.010539367637941723, 0.010539367637941723, 0.7526348419094855, 0.7613143211407316, 0.7699938003719777, 1.0]",4.0,2.0,2.0,2.0,2.0,16,-20.95674,8.0,6.0,hrl_dqn_apf,hierarchical,dqn,-17.403,6.606,15.629,0.00,0.00,0.00,-3.469,6.536,-26.021,0.00,0.00,0.00,-7.732,6.909,-1.714,0.00,0.00,0.00,4.076,4.076,4.105
2026-02-04 11:21:49,420.69,3,392,395,0.76%,86.81,1.12%,"[0, 5, 10, 15, 20, 25, 30, 35, 40, 45, 50, 55, 60, 65, 70, 75, 80, 85, 90, 95, 100]","[18, 0, 0, 0, 0, 0, 0, 0, 0, 0, 1, 1, 0, 0, 0, 0, 1195, 10, 16, 372]","[0.011159330440173589, 0.011159330440173589, 0.011159330440173589, 0.011159330440173589, 0.011159330440173589, 0.011159330440173589, 0.011159330440173589, 0.011159330440173589, 0.011159330440173589, 0.011159330440173589, 0.011779293242405457, 0.012399256044637322, 0.012399256044637322, 0.012399256044637322, 0.012399256044637322, 0.012399256044637322, 0.7532548047117174, 0.759454432734036, 0.7693738375697459, 1.0]",4.0,2.0,2.0,2.0,2.0,16,-20.95674,8.0,6.0,hrl_dqn_apf,hierarchical,dqn,-18.154,6.562,15.616,0.00,0.00,0.00,-3.469,6.492,-25.260,0.00,0.00,0.00,-7.732,6.918,-2.272,0.00,0.00,0.00,4.200,4.200,4.200
2026-02-04 11:21:50,421.70,4,389,393,1.02%,86.92,1.24%,"[0, 5, 10, 15, 20, 25, 30, 35, 40, 45, 50, 55, 60, 65, 70, 75, 80, 85, 90, 95, 100]","[20, 0, 0, 0, 0, 0, 0, 0, 0, 0, 0, 0, 0, 0, 0, 0, 1195, 8, 16, 374]","[0.012399256044637322, 0.012399256044637322, 0.012399256044637322, 0.012399256044637322, 0.012399256044637322, 0.012399256044637322, 0.012399256044637322, 0.012399256044637322, 0.012399256044637322, 0.012399256044637322, 0.012399256044637322, 0.012399256044637322, 0.012399256044637322, 0.012399256044637322, 0.012399256044637322, 0.012399256044637322, 0.7532548047117174, 0.7582145071295723, 0.7681339119652821, 1.0]",4.0,2.0,2.0,2.0,2.0,16,-20.95674,8.0,6.0,hrl_dqn_apf,hierarchical,dqn,-18.915,6.514,15.611,0.00,0.00,0.00,-3.469,6.444,-24.498,0.00,0.00,0.00,-7.731,6.917,-2.977,0.00,0.00,0.00,4.200,4.200,4.200
2026-02-04 11:21:51,422.70,5,396,401,1.25%,87.05,1.55%,"[0, 5, 10, 15, 20, 25, 30, 35, 40, 45, 50, 55, 60, 65, 70, 75, 80, 85, 90, 95, 100]","[23, 1, 0, 1, 0, 0, 0, 0, 0, 0, 0, 0, 0, 0, 0, 0, 1190, 9, 13, 376]","[0.01425914445133292, 0.014879107253564786, 0.014879107253564786, 0.015499070055796652, 0.015499070055796652, 0.015499070055796652, 0.015499070055796652, 0.015499070055796652, 0.015499070055796652, 0.015499070055796652, 0.015499070055796652, 0.015499070055796652, 0.015499070055796652, 0.015499070055796652, 0.015499070055796652, 0.015499070055796652, 0.7532548047117174, 0.7588344699318041, 0.7668939863608184, 1.0]",4.0,2.0,2.0,2.0,2.0,16,-20.95674,8.0,6.0,hrl_dqn_apf,hierarchical,dqn,-20.434,6.481,15.609,0.00,0.00,0.00,-3.469,6.411,-22.977,0.00,0.00,0.00,-7.731,6.911,-4.477,0.00,0.00,0.00,4.200,4.200,4.200
2026-02-04 11:21:52,423.70,6,393,399,1.50%,87.15,1.67%,"[0, 5, 10, 15, 20, 25, 30, 35, 40, 45, 50, 55, 60, 65, 70, 75, 80, 85, 90, 95, 100]","[23, 2, 1, 0, 0, 1, 0, 0, 0, 0, 0, 0, 0, 0, 0, 0, 1189, 9, 8, 380]","[0.01425914445133292, 0.015499070055796652, 0.016119032858028518, 0.016119032858028518, 0.016119032858028518, 0.016738995660260384, 0.016738995660260384, 0.016738995660260384, 0.016738995660260384, 0.016738995660260384, 0.016738995660260384, 0.016738995660260384, 0.016738995660260384, 0.016738995660260384, 0.016738995660260384, 0.016738995660260384, 0.7538747675139492, 0.759454432734036, 0.7644141351518909, 1.0]",4.0,2.0,2.0,2.0,2.0,16,-20.95674,8.0,6.0,hrl_dqn_apf,hierarchical,dqn,-21.198,6.475,15.609,0.00,0.00,0.00,-3.469,6.405,-22.213,0.00,0.00,0.00,-7.733,6.909,-5.247,0.00,0.00,0.00,4.200,4.200,4.200
2026-02-04 11:21:53,424.70,6,397,403,1.49%,87.21,1.80%,"[0, 5, 10, 15, 20, 25, 30, 35, 40, 45, 50, 55, 60, 65, 70, 75, 80, 85, 90, 95, 100]","[25, 2, 0, 0, 2, 0, 1, 0, 0, 0, 0, 0, 0, 0, 0, 0, 1183, 7, 14, 379]","[0.015499070055796652, 0.016738995660260384, 0.016738995660260384, 0.016738995660260384, 0.017978921264724116, 0.017978921264724116, 0.018598884066955982, 0.018598884066955982, 0.018598884066955982, 0.018598884066955982, 0.018598884066955982, 0.018598884066955982, 0.018598884066955982, 0.018598884066955982, 0.018598884066955982, 0.018598884066955982, 0.7520148791072536, 0.7563546187228767, 0.7650340979541228, 1.0]",4.0,2.0,2.0,2.0,2.0,16,-20.95674,8.0,6.0,hrl_dqn_apf,hierarchical,dqn,-21.958,6.471,15.609,0.00,0.00,0.00,-3.469,6.401,-21.453,0.00,0.00,0.00,-7.730,6.919,-5.682,0.00,0.00,0.00,4.200,4.200,4.200
2026-02-04 11:21:54,425.71,7,398,405,1.73%,87.29,1.98%,"[0, 5, 10, 15, 20, 25, 30, 35, 40, 45, 50, 55, 60, 65, 70, 75, 80, 85, 90, 95, 100]","[27, 3, 1, 0, 0, 1, 0, 0, 0, 0, 0, 0, 0, 0, 0, 0, 1181, 7, 12, 381]","[0.016738995660260384, 0.018598884066955982, 0.019218846869187848, 0.019218846869187848, 0.019218846869187848, 0.019838809671419714, 0.019838809671419714, 0.019838809671419714, 0.019838809671419714, 0.019838809671419714, 0.019838809671419714, 0.019838809671419714, 0.019838809671419714, 0.019838809671419714, 0.019838809671419714, 0.019838809671419714, 0.7520148791072536, 0.7563546187228767, 0.7637941723496591, 1.0]",4.0,2.0,2.0,2.0,2.0,16,-20.95674,8.0,6.0,hrl_dqn_apf,hierarchical,dqn,-22.722,6.467,15.608,0.00,0.00,0.00,-3.469,6.397,-20.690,0.00,0.00,0.00,-7.730,6.923,-6.304,0.00,0.00,0.00,4.200,4.200,4.200
2026-02-04 11:21:55,426.71,0,354,354,0.00%,80.00,0.00%,"[0, 5, 10, 15, 20, 25, 30, 35, 40, 45, 50, 55, 60, 65, 70, 75, 80, 85, 90, 95, 100]","[0, 0, 0, 0, 0, 0, 0, 0, 0, 0, 0, 0, 0, 0, 0, 0, 1613, 0, 0, 0]","[0.0, 0.0, 0.0, 0.0, 0.0, 0.0, 0.0, 0.0, 0.0, 0.0, 0.0, 0.0, 0.0, 0.0, 0.0, 0.0, 1.0, 1.0, 1.0, 1.0]",4.0,2.0,2.0,2.0,2.0,16,-20.95674,8.0,6.0,hrl_dqn_apf,hierarchical,dqn,-24.243,6.461,15.608,0.00,0.00,0.00,-3.469,6.391,-19.168,0.00,0.00,0.00,-7.730,6.918,-7.775,0.00,0.00,0.00,4.200,4.200,4.200
2026-02-04 11:21:56,427.71,0,354,354,0.00%,80.00,0.00%,"[0, 5, 10, 15, 20, 25, 30, 35, 40, 45, 50, 55, 60, 65, 70, 75, 80, 85, 90, 95, 100]","[0, 0, 0, 0, 0, 0, 0, 0, 0, 0, 0, 0, 0, 0, 0, 0, 1613, 0, 0, 0]","[0.0, 0.0, 0.0, 0.0, 0.0, 0.0, 0.0, 0.0, 0.0, 0.0, 0.0, 0.0, 0.0, 0.0, 0.0, 0.0, 1.0, 1.0, 1.0, 1.0]",4.0,2.0,2.0,2.0,2.0,16,-20.95674,8.0,6.0,hrl_dqn_apf,hierarchical,dqn,-25.003,6.458,15.608,0.00,0.00,0.00,-3.469,6.388,-18.408,0.00,0.00,0.00,-7.730,6.914,-8.564,0.00,0.00,0.00,4.200,4.200,4.200
2026-02-04 11:21:57,428.71,0,354,354,0.00%,80.00,0.00%,"[0, 5, 10, 15, 20, 25, 30, 35, 40, 45, 50, 55, 60, 65, 70, 75, 80, 85, 90, 95, 100]","[0, 0, 0, 0, 0, 0, 0, 0, 0, 0, 0, 0, 0, 0, 0, 0, 1613, 0, 0, 0]","[0.0, 0.0, 0.0, 0.0, 0.0, 0.0, 0.0, 0.0, 0.0, 0.0, 0.0, 0.0, 0.0, 0.0, 0.0, 0.0, 1.0, 1.0, 1.0, 1.0]",4.0,2.0,2.0,2.0,2.0,16,-20.95674,8.0,6.0,hrl_dqn_apf,hierarchical,dqn,-25.764,6.455,15.607,0.00,0.00,0.00,-3.469,6.385,-17.647,0.00,0.00,0.00,-7.731,6.913,-9.298,0.00,0.00,0.00,4.200,4.200,4.200
2026-02-04 11:21:58,429.72,0,354,354,0.00%,80.00,0.00%,"[0, 5, 10, 15, 20, 25, 30, 35, 40, 45, 50, 55, 60, 65, 70, 75, 80, 85, 90, 95, 100]","[0, 0, 0, 0, 0, 0, 0, 0, 0, 0, 0, 0, 0, 0, 0, 0, 1613, 0, 0, 0]","[0.0, 0.0, 0.0, 0.0, 0.0, 0.0, 0.0, 0.0, 0.0, 0.0, 0.0, 0.0, 0.0, 0.0, 0.0, 0.0, 1.0, 1.0, 1.0, 1.0]",4.0,2.0,2.0,2.0,2.0,16,-20.95674,8.0,6.0,hrl_dqn_apf,hierarchical,dqn,-26.527,6.452,15.607,0.00,0.00,0.00,-3.469,6.382,-16.884,0.00,0.00,0.00,-7.731,6.910,-10.061,0.00,0.00,0.00,4.200,4.200,4.200
2026-02-04 11:21:59,430.72,1,351,352,0.28%,80.17,0.12%,"[0, 5, 10, 15, 20, 25, 30, 35, 40, 45, 50, 55, 60, 65, 70, 75, 80, 85, 90, 95, 100]","[2, 0, 0, 0, 0, 0, 2, 0, 0, 0, 0, 0, 0, 1, 1, 0, 1607, 0, 0, 0]","[0.0012399256044637321, 0.0012399256044637321, 0.0012399256044637321, 0.0012399256044637321, 0.0012399256044637321, 0.0012399256044637321, 0.0024798512089274642, 0.0024798512089274642, 0.0024798512089274642, 0.0024798512089274642, 0.0024798512089274642, 0.0024798512089274642, 0.0024798512089274642, 0.0030998140111593306, 0.0037197768133911966, 0.0037197768133911966, 1.0, 1.0, 1.0, 1.0]",4.0,2.0,2.0,2.0,2.0,16,-20.95674,8.0,6.0,hrl_dqn_apf,hierarchical,dqn,-28.048,6.446,15.607,0.00,0.00,0.00,-3.469,6.375,-15.363,0.00,0.00,0.00,-7.730,6.903,-11.582,0.00,0.00,0.00,4.200,4.200,4.200
2026-02-04 11:22:00,431.73,1,352,353,0.28%,80.28,0.19%,"[0, 5, 10, 15, 20, 25, 30, 35, 40, 45, 50, 55, 60, 65, 70, 75, 80, 85, 90, 95, 100]","[3, 0, 0, 0, 0, 0, 2, 0, 0, 0, 0, 1, 1, 0, 1, 0, 1605, 0, 0, 0]","[0.0018598884066955983, 0.0018598884066955983, 0.0018598884066955983, 0.0018598884066955983, 0.0018598884066955983, 0.0018598884066955983, 0.0030998140111593306, 0.0030998140111593306, 0.0030998140111593306, 0.0030998140111593306, 0.0030998140111593306, 0.0037197768133911966, 0.0043397396156230625, 0.0043397396156230625, 0.0049597024178549285, 0.0049597024178549285, 1.0, 1.0, 1.0, 1.0]",4.0,2.0,2.0,2.0,2.0,16,-20.95674,8.0,6.0,hrl_dqn_apf,hierarchical,dqn,-28.809,6.434,15.606,0.00,0.00,0.00,-3.469,6.364,-14.603,0.00,0.00,0.00,-7.730,6.892,-12.342,0.00,0.00,0.00,4.200,4.200,4.200
2026-02-04 11:22:01,432.74,1,352,353,0.28%,80.33,0.37%,"[0, 5, 10, 15, 20, 25, 30, 35, 40, 45, 50, 55, 60, 65, 70, 75, 80, 85, 90, 95, 100]","[5, 1, 0, 0, 0, 0, 2, 0, 0, 0, 0, 0, 1, 0, 0, 1, 1603, 0, 0, 0]","[0.0030998140111593306, 0.0037197768133911966, 0.0037197768133911966, 0.0037197768133911966, 0.0037197768133911966, 0.0037197768133911966, 0.0049597024178549285, 0.0049597024178549285, 0.0049597024178549285, 0.0049597024178549285, 0.0049597024178549285, 0.0049597024178549285, 0.005579665220086794, 0.005579665220086794, 0.005579665220086794, 0.006199628022318661, 1.0, 1.0, 1.0, 1.0]",4.0,2.0,2.0,2.0,2.0,16,-20.95674,8.0,6.0,hrl_dqn_apf,hierarchical,dqn,-29.574,6.367,15.606,0.00,0.00,0.00,-3.469,6.297,-13.837,0.00,0.00,0.00,-7.730,6.825,-13.108,0.00,0.00,0.00,4.200,4.200,4.200
2026-02-04 11:22:02,433.74,1,352,353,0.28%,80.46,0.43%,"[0, 5, 10, 15, 20, 25, 30, 35, 40, 45, 50, 55, 60, 65, 70, 75, 80, 85, 90, 95, 100]","[7, 0, 0, 0, 0, 0, 2, 0, 0, 0, 0, 0, 0, 0, 0, 2, 1602, 0, 0, 0]","[0.0043397396156230625, 0.0043397396156230625, 0.0043397396156230625, 0.0043397396156230625, 0.0043397396156230625, 0.0043397396156230625, 0.005579665220086794, 0.005579665220086794, 0.005579665220086794, 0.005579665220086794, 0.005579665220086794, 0.005579665220086794, 0.005579665220086794, 0.005579665220086794, 0.005579665220086794, 0.006819590824550527, 1.0, 1.0, 1.0, 1.0]",4.0,2.0,2.0,2.0,2.0,16,-20.95674,8.0,6.0,hrl_dqn_apf,hierarchical,dqn,-30.351,6.337,15.606,0.00,0.00,0.00,-3.469,6.267,-13.060,0.00,0.00,0.00,-7.730,6.794,-13.885,0.00,0.00,0.00,4.200,4.200,4.200
2026-02-04 11:22:03,434.74,1,356,357,0.28%,80.62,0.68%,"[0, 5, 10, 15, 20, 25, 30, 35, 40, 45, 50, 55, 60, 65, 70, 75, 80, 85, 90, 95, 100]","[10, 0, 0, 1, 0, 0, 2, 0, 0, 0, 0, 0, 0, 0, 1, 1, 1248, 350, 0, 0]","[0.006199628022318661, 0.006199628022318661, 0.006199628022318661, 0.006819590824550527, 0.006819590824550527, 0.006819590824550527, 0.008059516429014259, 0.008059516429014259, 0.008059516429014259, 0.008059516429014259, 0.008059516429014259, 0.008059516429014259, 0.008059516429014259, 0.008059516429014259, 0.008679479231246125, 0.009299442033477991, 0.7830130192188469, 1.0, 1.0, 1.0]",4.0,2.0,2.0,2.0,2.0,16,-20.95674,8.0,6.0,hrl_dqn_apf,hierarchical,dqn,-31.875,6.315,15.605,0.00,0.00,0.00,-3.469,6.245,-11.536,0.00,0.00,0.00,-7.729,6.773,-15.409,0.00,0.00,0.00,4.200,4.200,4.200
2026-02-04 11:22:04,435.75,1,356,357,0.28%,80.74,0.74%,"[0, 5, 10, 15, 20, 25, 30, 35, 40, 45, 50, 55, 60, 65, 70, 75, 80, 85, 90, 95, 100]","[12, 0, 0, 0, 0, 0, 2, 0, 0, 0, 0, 0, 0, 0, 0, 1, 1248, 350, 0, 0]","[0.007439553626782393, 0.007439553626782393, 0.007439553626782393, 0.007439553626782393, 0.007439553626782393, 0.007439553626782393, 0.008679479231246125, 0.008679479231246125, 0.008679479231246125, 0.008679479231246125, 0.008679479231246125, 0.008679479231246125, 0.008679479231246125, 0.008679479231246125, 0.008679479231246125, 0.009299442033477991, 0.7830130192188469, 1.0, 1.0, 1.0]",4.0,2.0,2.0,2.0,2.0,16,-20.95674,8.0,6.0,hrl_dqn_apf,hierarchical,dqn,-32.635,6.310,15.605,0.00,0.00,0.00,-3.469,6.240,-10.776,0.00,0.00,0.00,-7.729,6.768,-16.169,0.00,0.00,0.00,4.200,4.200,4.200
2026-02-04 11:22:05,436.75,2,359,361,0.55%,80.88,0.81%,"[0, 5, 10, 15, 20, 25, 30, 35, 40, 45, 50, 55, 60, 65, 70, 75, 80, 85, 90, 95, 100]","[11, 2, 0, 0, 0, 0, 2, 0, 0, 0, 0, 0, 0, 0, 0, 1, 1247, 350, 0, 0]","[0.006819590824550527, 0.008059516429014259, 0.008059516429014259, 0.008059516429014259, 0.008059516429014259, 0.008059516429014259, 0.009299442033477991, 0.009299442033477991, 0.009299442033477991, 0.009299442033477991, 0.009299442033477991, 0.009299442033477991, 0.009299442033477991, 0.009299442033477991, 0.009299442033477991, 0.009919404835709857, 0.7830130192188469, 1.0, 1.0, 1.0]",4.0,2.0,2.0,2.0,2.0,16,-20.95674,8.0,6.0,hrl_dqn_apf,hierarchical,dqn,-33.395,6.307,15.605,0.00,0.00,0.00,-3.469,6.236,-10.016,0.00,0.00,0.00,-7.729,6.764,-16.930,0.00,0.00,0.00,4.200,4.200,4.200
2026-02-04 11:22:06,437.75,2,363,365,0.55%,80.92,0.99%,"[0, 5, 10, 15, 20, 25, 30, 35, 40, 45, 50, 55, 60, 65, 70, 75, 80, 85, 90, 95, 100]","[14, 1, 0, 0, 0, 1, 2, 0, 0, 0, 0, 0, 0, 0, 0, 0, 1244, 351, 0, 0]","[0.008679479231246125, 0.009299442033477991, 0.009299442033477991, 0.009299442033477991, 0.009299442033477991, 0.009919404835709857, 0.011159330440173589, 0.011159330440173589, 0.011159330440173589, 0.011159330440173589, 0.011159330440173589, 0.011159330440173589, 0.011159330440173589, 0.011159330440173589, 0.011159330440173589, 0.011159330440173589, 0.782393056416615, 1.0, 1.0, 1.0]",4.0,2.0,2.0,2.0,2.0,16,-20.95674,8.0,6.0,hrl_dqn_apf,hierarchical,dqn,-34.158,6.303,15.604,0.00,0.00,0.00,-3.469,6.233,-9.253,0.00,0.00,0.00,-7.728,6.761,-17.693,0.00,0.00,0.00,4.200,4.200,4.200
2026-02-04 11:22:07,438.76,0,354,354,0.00%,80.00,0.00%,"[0, 5, 10, 15, 20, 25, 30, 35, 40, 45, 50, 55, 60, 65, 70, 75, 80, 85, 90, 95, 100]","[0, 0, 0, 0, 0, 0, 0, 0, 0, 0, 0, 0, 0, 0, 0, 0, 1613, 0, 0, 0]","[0.0, 0.0, 0.0, 0.0, 0.0, 0.0, 0.0, 0.0, 0.0, 0.0, 0.0, 0.0, 0.0, 0.0, 0.0, 0.0, 1.0, 1.0, 1.0, 1.0]",4.0,2.0,2.0,2.0,2.0,16,-20.95674,8.0,6.0,hrl_dqn_apf,hierarchical,dqn,-35.681,6.297,15.604,0.00,0.00,0.00,-3.469,6.227,-7.729,0.00,0.00,0.00,-7.728,6.755,-19.217,0.00,0.00,0.00,4.200,4.200,4.200
2026-02-04 11:22:08,439.76,0,354,354,0.00%,80.00,0.00%,"[0, 5, 10, 15, 20, 25, 30, 35, 40, 45, 50, 55, 60, 65, 70, 75, 80, 85, 90, 95, 100]","[0, 0, 0, 0, 0, 0, 0, 0, 0, 0, 0, 0, 0, 0, 0, 0, 1613, 0, 0, 0]","[0.0, 0.0, 0.0, 0.0, 0.0, 0.0, 0.0, 0.0, 0.0, 0.0, 0.0, 0.0, 0.0, 0.0, 0.0, 0.0, 1.0, 1.0, 1.0, 1.0]",4.0,2.0,2.0,2.0,2.0,16,-20.95674,8.0,6.0,hrl_dqn_apf,hierarchical,dqn,-36.441,6.294,15.604,0.00,0.00,0.00,-3.469,6.224,-6.969,0.00,0.00,0.00,-7.728,6.752,-19.977,0.00,0.00,0.00,4.200,4.200,4.200
2026-02-04 11:22:09,440.76,0,354,354,0.00%,80.00,0.00%,"[0, 5, 10, 15, 20, 25, 30, 35, 40, 45, 50, 55, 60, 65, 70, 75, 80, 85, 90, 95, 100]","[0, 0, 0, 0, 0, 0, 0, 0, 0, 0, 0, 0, 0, 0, 0, 0, 1613, 0, 0, 0]","[0.0, 0.0, 0.0, 0.0, 0.0, 0.0, 0.0, 0.0, 0.0, 0.0, 0.0, 0.0, 0.0, 0.0, 0.0, 0.0, 1.0, 1.0, 1.0, 1.0]",4.0,2.0,2.0,2.0,2.0,16,-20.95674,8.0,6.0,hrl_dqn_apf,hierarchical,dqn,-37.201,6.291,15.603,0.00,0.00,0.00,-3.469,6.221,-6.208,0.00,0.00,0.00,-7.727,6.749,-20.738,0.00,0.00,0.00,4.200,4.200,4.200
2026-02-04 11:22:10,441.76,0,354,354,0.00%,80.00,0.00%,"[0, 5, 10, 15, 20, 25, 30, 35, 40, 45, 50, 55, 60, 65, 70, 75, 80, 85, 90, 95, 100]","[0, 0, 0, 0, 0, 0, 0, 0, 0, 0, 0, 0, 0, 0, 0, 0, 1613, 0, 0, 0]","[0.0, 0.0, 0.0, 0.0, 0.0, 0.0, 0.0, 0.0, 0.0, 0.0, 0.0, 0.0, 0.0, 0.0, 0.0, 0.0, 1.0, 1.0, 1.0, 1.0]",4.0,2.0,2.0,2.0,2.0,16,-20.95674,8.0,6.0,hrl_dqn_apf,hierarchical,dqn,-37.964,6.288,15.603,0.00,0.00,0.00,-3.469,6.218,-5.445,0.00,0.00,0.00,-7.727,6.746,-21.501,0.00,0.00,0.00,4.200,4.200,4.200
2026-02-04 11:22:11,442.77,1,351,352,0.28%,80.10,0.25%,"[0, 5, 10, 15, 20, 25, 30, 35, 40, 45, 50, 55, 60, 65, 70, 75, 80, 85, 90, 95, 100]","[3, 0, 1, 0, 0, 0, 1, 0, 0, 0, 0, 1, 0, 0, 1, 0, 1606, 0, 0, 0]","[0.0018598884066955983, 0.0018598884066955983, 0.0024798512089274642, 0.0024798512089274642, 0.0024798512089274642, 0.0024798512089274642, 0.0030998140111593306, 0.0030998140111593306, 0.0030998140111593306, 0.0030998140111593306, 0.0030998140111593306, 0.0037197768133911966, 0.0037197768133911966, 0.0037197768133911966, 0.0043397396156230625, 0.0043397396156230625, 1.0, 1.0, 1.0, 1.0]",4.0,2.0,2.0,2.0,2.0,16,-20.95674,8.0,6.0,hrl_dqn_apf,hierarchical,dqn,-39.493,6.282,15.603,0.00,0.00,0.00,-3.469,6.212,-3.916,0.00,0.00,0.00,-7.727,6.739,-23.031,0.00,0.00,0.00,4.200,4.200,4.200
2026-02-04 11:22:12,443.77,2,351,353,0.57%,80.24,0.31%,"[0, 5, 10, 15, 20, 25, 30, 35, 40, 45, 50, 55, 60, 65, 70, 75, 80, 85, 90, 95, 100]","[4, 0, 1, 0, 0, 0, 0, 0, 1, 0, 0, 1, 0, 0, 1, 0, 1605, 0, 0, 0]","[0.0024798512089274642, 0.0024798512089274642, 0.0030998140111593306, 0.0030998140111593306, 0.0030998140111593306, 0.0030998140111593306, 0.0030998140111593306, 0.0030998140111593306, 0.0037197768133911966, 0.0037197768133911966, 0.0037197768133911966, 0.0043397396156230625, 0.0043397396156230625, 0.0043397396156230625, 0.0049597024178549285, 0.0049597024178549285, 1.0, 1.0, 1.0, 1.0]",4.0,2.0,2.0,2.0,2.0,16,-20.95674,8.0,6.0,hrl_dqn_apf,hierarchical,dqn,-40.247,6.222,15.602,0.00,0.00,0.00,-3.469,6.152,-3.162,0.00,0.00,0.00,-7.726,6.680,-23.785,0.00,0.00,0.00,4.200,4.200,4.200
2026-02-04 11:22:13,444.78,2,351,353,0.57%,80.32,0.37%,"[0, 5, 10, 15, 20, 25, 30, 35, 40, 45, 50, 55, 60, 65, 70, 75, 80, 85, 90, 95, 100]","[5, 0, 1, 0, 0, 0, 0, 2, 0, 0, 0, 1, 1, 1, 1, 0, 1601, 0, 0, 0]","[0.0030998140111593306, 0.0030998140111593306, 0.0037197768133911966, 0.0037197768133911966, 0.0037197768133911966, 0.0037197768133911966, 0.0037197768133911966, 0.0049597024178549285, 0.0049597024178549285, 0.0049597024178549285, 0.0049597024178549285, 0.005579665220086794, 0.006199628022318661, 0.006819590824550527, 0.007439553626782393, 0.007439553626782393, 1.0, 1.0, 1.0, 1.0]",4.0,2.0,2.0,2.0,2.0,16,-20.95674,8.0,6.0,hrl_dqn_apf,hierarchical,dqn,-41.010,6.183,15.602,0.00,0.00,0.00,-3.469,6.113,-2.399,0.00,0.00,0.00,-7.726,6.641,-24.548,0.00,0.00,0.00,4.200,4.200,4.200
2026-02-04 11:22:14,445.78,3,350,353,0.85%,80.38,0.56%,"[0, 5, 10, 15, 20, 25, 30, 35, 40, 45, 50, 55, 60, 65, 70, 75, 80, 85, 90, 95, 100]","[8, 0, 1, 0, 0, 0, 0, 0, 0, 1, 0, 1, 0, 1, 1, 0, 1600, 0, 0, 0]","[0.0049597024178549285, 0.0049597024178549285, 0.005579665220086794, 0.005579665220086794, 0.005579665220086794, 0.005579665220086794, 0.005579665220086794, 0.005579665220086794, 0.005579665220086794, 0.006199628022318661, 0.006199628022318661, 0.006819590824550527, 0.006819590824550527, 0.007439553626782393, 0.008059516429014259, 0.008059516429014259, 1.0, 1.0, 1.0, 1.0]",4.0,2.0,2.0,2.0,2.0,16,-20.95674,8.0,6.0,hrl_dqn_apf,hierarchical,dqn,-41.770,6.165,15.602,0.00,0.00,0.00,-3.469,6.095,-1.638,0.00,0.00,0.00,-7.726,6.623,-25.308,0.00,0.00,0.00,4.200,4.200,4.200
2026-02-04 11:22:15,446.79,5,352,357,1.40%,80.67,0.62%,"[0, 5, 10, 15, 20, 25, 30, 35, 40, 45, 50, 55, 60, 65, 70, 75, 80, 85, 90, 95, 100]","[9, 0, 1, 0, 0, 0, 0, 0, 0, 0, 2, 1, 0, 1, 1, 0, 1251, 347, 0, 0]","[0.005579665220086794, 0.005579665220086794, 0.006199628022318661, 0.006199628022318661, 0.006199628022318661, 0.006199628022318661, 0.006199628022318661, 0.006199628022318661, 0.006199628022318661, 0.006199628022318661, 0.007439553626782393, 0.008059516429014259, 0.008059516429014259, 0.008679479231246125, 0.009299442033477991, 0.009299442033477991, 0.7848729076255425, 1.0, 1.0, 1.0]",4.0,2.0,2.0,2.0,2.0,16,-20.95674,8.0,6.0,hrl_dqn_apf,hierarchical,dqn,-43.293,6.150,15.601,0.00,0.00,0.00,-3.469,6.080,-0.115,0.00,0.00,0.00,-7.725,6.608,-26.832,0.00,0.00,0.00,4.200,4.200,4.200
2026-02-04 11:22:16,447.79,7,350,357,1.96%,80.76,0.74%,"[0, 5, 10, 15, 20, 25, 30, 35, 40, 45, 50, 55, 60, 65, 70, 75, 80, 85, 90, 95, 100]","[10, 1, 1, 0, 0, 0, 0, 0, 0, 0, 0, 1, 1, 1, 1, 0, 1251, 346, 0, 0]","[0.006199628022318661, 0.006819590824550527, 0.007439553626782393, 0.007439553626782393, 0.007439553626782393, 0.007439553626782393, 0.007439553626782393, 0.007439553626782393, 0.007439553626782393, 0.007439553626782393, 0.007439553626782393, 0.008059516429014259, 0.008679479231246125, 0.009299442033477991, 0.009919404835709857, 0.009919404835709857, 0.7854928704277744, 1.0, 1.0, 1.0]",4.0,2.0,2.0,2.0,2.0,16,-20.95674,8.0,6.0,hrl_dqn_apf,hierarchical,dqn,-44.056,6.146,15.601,0.00,0.00,0.00,-3.469,6.076,0.648,0.00,0.00,0.00,-7.725,6.604,-27.596,0.00,0.00,0.00,4.200,4.200,4.200
2026-02-04 11:22:17,448.80,8,353,361,2.22%,80.90,0.81%,"[0, 5, 10, 15, 20, 25, 30, 35, 40, 45, 50, 55, 60, 65, 70, 75, 80, 85, 90, 95, 100]","[11, 1, 1, 0, 0, 0, 0, 0, 0, 0, 0, 1, 0, 1, 1, 0, 1251, 346, 0, 0]","[0.006819590824550527, 0.007439553626782393, 0.008059516429014259, 0.008059516429014259, 0.008059516429014259, 0.008059516429014259, 0.008059516429014259, 0.008059516429014259, 0.008059516429014259, 0.008059516429014259, 0.008059516429014259, 0.008679479231246125, 0.008679479231246125, 0.009299442033477991, 0.009919404835709857, 0.009919404835709857, 0.7854928704277744, 1.0, 1.0, 1.0]",4.0,2.0,2.0,2.0,2.0,16,-20.95674,8.0,6.0,hrl_dqn_apf,hierarchical,dqn,-44.816,6.142,15.601,0.00,0.00,0.00,-3.469,6.072,1.409,0.00,0.00,0.00,-7.725,6.600,-28.356,0.00,0.00,0.00,4.200,4.200,4.200
2026-02-04 11:22:18,449.80,0,354,354,0.00%,80.00,0.00%,"[0, 5, 10, 15, 20, 25, 30, 35, 40, 45, 50, 55, 60, 65, 70, 75, 80, 85, 90, 95, 100]","[0, 0, 0, 0, 0, 0, 0, 0, 0, 0, 0, 0, 0, 0, 0, 0, 1613, 0, 0, 0]","[0.0, 0.0, 0.0, 0.0, 0.0, 0.0, 0.0, 0.0, 0.0, 0.0, 0.0, 0.0, 0.0, 0.0, 0.0, 0.0, 1.0, 1.0, 1.0, 1.0]",4.0,2.0,2.0,2.0,2.0,16,-20.95674,8.0,6.0,hrl_dqn_apf,hierarchical,dqn,-46.167,6.137,15.600,0.00,0.00,0.00,-3.469,6.067,2.761,0.00,0.00,0.00,-7.724,6.595,-29.708,0.00,0.00,0.00,4.200,4.200,4.200
2026-02-04 11:22:19,450.81,0,354,354,0.00%,80.00,0.00%,"[0, 5, 10, 15, 20, 25, 30, 35, 40, 45, 50, 55, 60, 65, 70, 75, 80, 85, 90, 95, 100]","[0, 0, 0, 0, 0, 0, 0, 0, 0, 0, 0, 0, 0, 0, 0, 0, 1613, 0, 0, 0]","[0.0, 0.0, 0.0, 0.0, 0.0, 0.0, 0.0, 0.0, 0.0, 0.0, 0.0, 0.0, 0.0, 0.0, 0.0, 0.0, 1.0, 1.0, 1.0, 1.0]",4.0,2.0,2.0,2.0,2.0,16,-20.95674,8.0,6.0,hrl_dqn_apf,hierarchical,dqn,-47.119,6.133,15.600,0.00,0.00,0.00,-3.469,6.063,3.713,0.00,0.00,0.00,-7.724,6.591,-30.661,0.00,0.00,0.00,4.200,4.200,4.200
2026-02-04 11:22:20,451.81,0,354,354,0.00%,80.00,0.00%,"[0, 5, 10, 15, 20, 25, 30, 35, 40, 45, 50, 55, 60, 65, 70, 75, 80, 85, 90, 95, 100]","[0, 0, 0, 0, 0, 0, 0, 0, 0, 0, 0, 0, 0, 0, 0, 0, 1613, 0, 0, 0]","[0.0, 0.0, 0.0, 0.0, 0.0, 0.0, 0.0, 0.0, 0.0, 0.0, 0.0, 0.0, 0.0, 0.0, 0.0, 0.0, 1.0, 1.0, 1.0, 1.0]",4.0,2.0,2.0,2.0,2.0,16,-20.95674,8.0,6.0,hrl_dqn_apf,hierarchical,dqn,-47.879,6.130,15.600,0.00,0.00,0.00,-3.469,6.060,4.473,0.00,0.00,0.00,-7.724,6.588,-31.421,0.00,0.00,0.00,4.200,4.200,4.200
2026-02-04 11:22:21,452.81,0,354,354,0.00%,80.00,0.00%,"[0, 5, 10, 15, 20, 25, 30, 35, 40, 45, 50, 55, 60, 65, 70, 75, 80, 85, 90, 95, 100]","[0, 0, 0, 0, 0, 0, 0, 0, 0, 0, 0, 0, 0, 0, 0, 0, 1613, 0, 0, 0]","[0.0, 0.0, 0.0, 0.0, 0.0, 0.0, 0.0, 0.0, 0.0, 0.0, 0.0, 0.0, 0.0, 0.0, 0.0, 0.0, 1.0, 1.0, 1.0, 1.0]",4.0,2.0,2.0,2.0,2.0,16,-20.95674,8.0,6.0,hrl_dqn_apf,hierarchical,dqn,-48.639,6.127,15.600,0.00,0.00,0.00,-3.469,6.057,5.234,0.00,0.00,0.00,-7.724,6.585,-32.181,0.00,0.00,0.00,4.200,4.200,4.200
2026-02-04 11:22:22,453.81,0,352,352,0.00%,80.12,0.06%,"[0, 5, 10, 15, 20, 25, 30, 35, 40, 45, 50, 55, 60, 65, 70, 75, 80, 85, 90, 95, 100]","[1, 0, 0, 0, 0, 0, 0, 0, 0, 0, 0, 0, 0, 0, 0, 0, 1612, 0, 0, 0]","[0.0006199628022318661, 0.0006199628022318661, 0.0006199628022318661, 0.0006199628022318661, 0.0006199628022318661, 0.0006199628022318661, 0.0006199628022318661, 0.0006199628022318661, 0.0006199628022318661, 0.0006199628022318661, 0.0006199628022318661, 0.0006199628022318661, 0.0006199628022318661, 0.0006199628022318661, 0.0006199628022318661, 0.0006199628022318661, 1.0, 1.0, 1.0, 1.0]",4.0,2.0,2.0,2.0,2.0,16,-20.95674,8.0,6.0,hrl_dqn_apf,hierarchical,dqn,-49.399,6.124,15.599,0.00,0.00,0.00,-3.469,6.054,5.994,0.00,0.00,0.00,-7.723,6.582,-32.941,0.00,0.00,0.00,4.200,4.200,4.200
2026-02-04 11:22:23,454.82,0,353,353,0.00%,80.38,0.19%,"[0, 5, 10, 15, 20, 25, 30, 35, 40, 45, 50, 55, 60, 65, 70, 75, 80, 85, 90, 95, 100]","[2, 1, 0, 0, 0, 0, 0, 0, 0, 0, 0, 0, 0, 0, 0, 0, 1610, 0, 0, 0]","[0.0012399256044637321, 0.0018598884066955983, 0.0018598884066955983, 0.0018598884066955983, 0.0018598884066955983, 0.0018598884066955983, 0.0018598884066955983, 0.0018598884066955983, 0.0018598884066955983, 0.0018598884066955983, 0.0018598884066955983, 0.0018598884066955983, 0.0018598884066955983, 0.0018598884066955983, 0.0018598884066955983, 0.0018598884066955983, 1.0, 1.0, 1.0, 1.0]",4.0,2.0,2.0,2.0,2.0,16,-20.95674,8.0,6.0,hrl_dqn_apf,hierarchical,dqn,-50.922,6.118,15.599,0.00,0.00,0.00,-3.469,6.048,7.518,0.00,0.00,0.00,-7.723,6.540,-34.464,0.00,0.00,0.00,4.200,4.200,4.200
2026-02-04 11:22:24,455.83,0,353,353,0.00%,80.50,0.25%,"[0, 5, 10, 15, 20, 25, 30, 35, 40, 45, 50, 55, 60, 65, 70, 75, 80, 85, 90, 95, 100]","[3, 1, 0, 0, 0, 0, 0, 0, 0, 0, 0, 0, 0, 0, 0, 0, 1609, 0, 0, 0]","[0.0018598884066955983, 0.0024798512089274642, 0.0024798512089274642, 0.0024798512089274642, 0.0024798512089274642, 0.0024798512089274642, 0.0024798512089274642, 0.0024798512089274642, 0.0024798512089274642, 0.0024798512089274642, 0.0024798512089274642, 0.0024798512089274642, 0.0024798512089274642, 0.0024798512089274642, 0.0024798512089274642, 0.0024798512089274642, 1.0, 1.0, 1.0, 1.0]",4.0,2.0,2.0,2.0,2.0,16,-20.95674,8.0,6.0,hrl_dqn_apf,hierarchical,dqn,-51.684,6.115,15.599,0.00,0.00,0.00,-3.469,6.045,8.281,0.00,0.00,0.00,-7.723,6.488,-35.227,0.00,0.00,0.00,4.200,4.200,4.200
2026-02-04 11:22:25,456.83,0,353,353,0.00%,80.67,0.25%,"[0, 5, 10, 15, 20, 25, 30, 35, 40, 45, 50, 55, 60, 65, 70, 75, 80, 85, 90, 95, 100]","[4, 0, 0, 0, 0, 0, 0, 0, 0, 0, 0, 0, 0, 0, 0, 0, 1609, 0, 0, 0]","[0.0024798512089274642, 0.0024798512089274642, 0.0024798512089274642, 0.0024798512089274642, 0.0024798512089274642, 0.0024798512089274642, 0.0024798512089274642, 0.0024798512089274642, 0.0024798512089274642, 0.0024798512089274642, 0.0024798512089274642, 0.0024798512089274642, 0.0024798512089274642, 0.0024798512089274642, 0.0024798512089274642, 0.0024798512089274642, 1.0, 1.0, 1.0, 1.0]",4.0,2.0,2.0,2.0,2.0,16,-20.95674,8.0,6.0,hrl_dqn_apf,hierarchical,dqn,-52.445,6.112,15.598,0.00,0.00,0.00,-3.469,6.041,9.041,0.00,0.00,0.00,-7.722,6.465,-35.987,0.00,0.00,0.00,4.200,4.200,4.200
2026-02-04 11:22:26,457.84,0,355,355,0.00%,80.77,0.37%,"[0, 5, 10, 15, 20, 25, 30, 35, 40, 45, 50, 55, 60, 65, 70, 75, 80, 85, 90, 95, 100]","[4, 0, 0, 2, 0, 0, 0, 0, 0, 0, 0, 0, 0, 0, 0, 0, 1607, 0, 0, 0]","[0.0024798512089274642, 0.0024798512089274642, 0.0024798512089274642, 0.0037197768133911966, 0.0037197768133911966, 0.0037197768133911966, 0.0037197768133911966, 0.0037197768133911966, 0.0037197768133911966, 0.0037197768133911966, 0.0037197768133911966, 0.0037197768133911966, 0.0037197768133911966, 0.0037197768133911966, 0.0037197768133911966, 0.0037197768133911966, 1.0, 1.0, 1.0, 1.0]",4.0,2.0,2.0,2.0,2.0,16,-20.95674,8.0,6.0,hrl_dqn_apf,hierarchical,dqn,-53.207,6.108,15.598,0.00,0.00,0.00,-3.469,6.038,9.804,0.00,0.00,0.00,-7.722,6.453,-36.750,0.00,0.00,0.00,4.200,4.200,4.200
2026-02-04 11:22:27,458.84,0,357,357,0.00%,81.06,0.43%,"[0, 5, 10, 15, 20, 25, 30, 35, 40, 45, 50, 55, 60, 65, 70, 75, 80, 85, 90, 95, 100]","[7, 0, 0, 0, 0, 0, 0, 0, 0, 0, 0, 0, 0, 0, 0, 0, 1254, 352, 0, 0]","[0.0043397396156230625, 0.0043397396156230625, 0.0043397396156230625, 0.0043397396156230625, 0.0043397396156230625, 0.0043397396156230625, 0.0043397396156230625, 0.0043397396156230625, 0.0043397396156230625, 0.0043397396156230625, 0.0043397396156230625, 0.0043397396156230625, 0.0043397396156230625, 0.0043397396156230625, 0.0043397396156230625, 0.0043397396156230625, 0.7817730936143832, 1.0, 1.0, 1.0]",4.0,2.0,2.0,2.0,2.0,16,-20.95674,8.0,6.0,hrl_dqn_apf,hierarchical,dqn,-54.727,6.102,15.598,0.00,0.00,0.00,-3.469,6.032,11.325,0.00,0.00,0.00,-7.722,6.443,-38.270,0.00,0.00,0.00,4.200,4.200,4.200
2026-02-04 11:22:28,459.84,1,360,361,0.28%,81.17,0.56%,"[0, 5, 10, 15, 20, 25, 30, 35, 40, 45, 50, 55, 60, 65, 70, 75, 80, 85, 90, 95, 100]","[7, 0, 0, 0, 0, 2, 0, 0, 0, 0, 0, 0, 0, 0, 0, 0, 1252, 352, 0, 0]","[0.0043397396156230625, 0.0043397396156230625, 0.0043397396156230625, 0.0043397396156230625, 0.0043397396156230625, 0.005579665220086794, 0.005579665220086794, 0.005579665220086794, 0.005579665220086794, 0.005579665220086794, 0.005579665220086794, 0.005579665220086794, 0.005579665220086794, 0.005579665220086794, 0.005579665220086794, 0.005579665220086794, 0.7817730936143832, 1.0, 1.0, 1.0]",4.0,2.0,2.0,2.0,2.0,16,-20.95674,8.0,6.0,hrl_dqn_apf,hierarchical,dqn,-55.490,6.099,15.597,0.00,0.00,0.00,-3.469,6.029,12.088,0.00,0.00,0.00,-7.721,6.439,-39.033,0.00,0.00,0.00,4.200,4.200,4.200
2026-02-04 11:22:29,460.85,2,363,365,0.55%,81.29,0.56%,"[0, 5, 10, 15, 20, 25, 30, 35, 40, 45, 50, 55, 60, 65, 70, 75, 80, 85, 90, 95, 100]","[9, 0, 0, 0, 0, 0, 1, 0, 0, 0, 0, 0, 0, 0, 0, 0, 1250, 353, 0, 0]","[0.005579665220086794, 0.005579665220086794, 0.005579665220086794, 0.005579665220086794, 0.005579665220086794, 0.005579665220086794, 0.006199628022318661, 0.006199628022318661, 0.006199628022318661, 0.006199628022318661, 0.006199628022318661, 0.006199628022318661, 0.006199628022318661, 0.006199628022318661, 0.006199628022318661, 0.006199628022318661, 0.7811531308121513, 1.0, 1.0, 1.0]",4.0,2.0,2.0,2.0,2.0,16,-20.95674,8.0,6.0,hrl_dqn_apf,hierarchical,dqn,-56.250,6.096,15.597,0.00,0.00,0.00,-3.469,6.026,12.848,0.00,0.00,0.00,-7.721,6.436,-39.793,0.00,0.00,0.00,4.200,4.200,4.200
2026-02-04 11:22:30,461.85,0,354,354,0.00%,80.00,0.00%,"[0, 5, 10, 15, 20, 25, 30, 35, 40, 45, 50, 55, 60, 65, 70, 75, 80, 85, 90, 95, 100]","[0, 0, 0, 0, 0, 0, 0, 0, 0, 0, 0, 0, 0, 0, 0, 0, 1613, 0, 0, 0]","[0.0, 0.0, 0.0, 0.0, 0.0, 0.0, 0.0, 0.0, 0.0, 0.0, 0.0, 0.0, 0.0, 0.0, 0.0, 0.0, 1.0, 1.0, 1.0, 1.0]",4.0,2.0,2.0,2.0,2.0,16,-20.95674,8.0,6.0,hrl_dqn_apf,hierarchical,dqn,-57.773,6.090,15.597,0.00,0.00,0.00,-3.469,6.020,14.372,0.00,0.00,0.00,-7.721,6.429,-41.315,0.00,0.00,0.00,4.200,4.200,4.200
2026-02-04 11:22:31,462.85,0,354,354,0.00%,80.00,0.00%,"[0, 5, 10, 15, 20, 25, 30, 35, 40, 45, 50, 55, 60, 65, 70, 75, 80, 85, 90, 95, 100]","[0, 0, 0, 0, 0, 0, 0, 0, 0, 0, 0, 0, 0, 0, 0, 0, 1613, 0, 0, 0]","[0.0, 0.0, 0.0, 0.0, 0.0, 0.0, 0.0, 0.0, 0.0, 0.0, 0.0, 0.0, 0.0, 0.0, 0.0, 0.0, 1.0, 1.0, 1.0, 1.0]",4.0,2.0,2.0,2.0,2.0,16,-20.95674,8.0,6.0,hrl_dqn_apf,hierarchical,dqn,-58.533,6.087,15.596,0.00,0.00,0.00,-3.469,6.017,15.132,0.00,0.00,0.00,-7.720,6.426,-42.075,0.00,0.00,0.00,4.200,4.200,4.200
2026-02-04 11:22:32,463.85,0,354,354,0.00%,80.00,0.00%,"[0, 5, 10, 15, 20, 25, 30, 35, 40, 45, 50, 55, 60, 65, 70, 75, 80, 85, 90, 95, 100]","[0, 0, 0, 0, 0, 0, 0, 0, 0, 0, 0, 0, 0, 0, 0, 0, 1613, 0, 0, 0]","[0.0, 0.0, 0.0, 0.0, 0.0, 0.0, 0.0, 0.0, 0.0, 0.0, 0.0, 0.0, 0.0, 0.0, 0.0, 0.0, 1.0, 1.0, 1.0, 1.0]",4.0,2.0,2.0,2.0,2.0,16,-20.95674,8.0,6.0,hrl_dqn_apf,hierarchical,dqn,-59.293,6.084,15.596,0.00,0.00,0.00,-3.469,6.014,15.892,0.00,0.00,0.00,-7.720,6.423,-42.836,0.00,0.00,0.00,4.200,4.200,4.200
2026-02-04 11:22:33,464.86,0,352,352,0.00%,80.11,0.06%,"[0, 5, 10, 15, 20, 25, 30, 35, 40, 45, 50, 55, 60, 65, 70, 75, 80, 85, 90, 95, 100]","[0, 0, 0, 0, 0, 1, 0, 0, 0, 0, 2, 0, 0, 0, 0, 0, 1610, 0, 0, 0]","[0.0, 0.0, 0.0, 0.0, 0.0, 0.0006199628022318661, 0.0006199628022318661, 0.0006199628022318661, 0.0006199628022318661, 0.0006199628022318661, 0.0018598884066955983, 0.0018598884066955983, 0.0018598884066955983, 0.0018598884066955983, 0.0018598884066955983, 0.0018598884066955983, 1.0, 1.0, 1.0, 1.0]",4.0,2.0,2.0,2.0,2.0,16,-20.95674,8.0,6.0,hrl_dqn_apf,hierarchical,dqn,-60.056,6.081,15.596,0.00,0.00,0.00,-3.469,6.011,16.656,0.00,0.00,0.00,-7.720,6.420,-43.598,0.00,0.00,0.00,4.168,4.168,4.197
2026-02-04 11:22:34,465.86,0,353,353,0.00%,80.34,0.25%,"[0, 5, 10, 15, 20, 25, 30, 35, 40, 45, 50, 55, 60, 65, 70, 75, 80, 85, 90, 95, 100]","[3, 0, 0, 0, 0, 1, 0, 0, 0, 0, 0, 0, 0, 0, 0, 0, 1609, 0, 0, 0]","[0.0018598884066955983, 0.0018598884066955983, 0.0018598884066955983, 0.0018598884066955983, 0.0018598884066955983, 0.0024798512089274642, 0.0024798512089274642, 0.0024798512089274642, 0.0024798512089274642, 0.0024798512089274642, 0.0024798512089274642, 0.0024798512089274642, 0.0024798512089274642, 0.0024798512089274642, 0.0024798512089274642, 0.0024798512089274642, 1.0, 1.0, 1.0, 1.0]",4.0,2.0,2.0,2.0,2.0,16,-20.95674,8.0,6.0,hrl_dqn_apf,hierarchical,dqn,-60.923,6.241,15.595,0.00,0.00,0.00,-3.469,6.170,17.540,0.00,0.00,0.00,-7.719,6.414,-45.116,0.00,0.00,0.00,4.165,4.165,4.194
2026-02-04 11:22:35,466.87,0,353,353,0.00%,80.52,0.25%,"[0, 5, 10, 15, 20, 25, 30, 35, 40, 45, 50, 55, 60, 65, 70, 75, 80, 85, 90, 95, 100]","[3, 0, 0, 0, 0, 1, 0, 0, 0, 0, 0, 0, 0, 0, 0, 0, 1609, 0, 0, 0]","[0.0018598884066955983, 0.0018598884066955983, 0.0018598884066955983, 0.0018598884066955983, 0.0018598884066955983, 0.0024798512089274642, 0.0024798512089274642, 0.0024798512089274642, 0.0024798512089274642, 0.0024798512089274642, 0.0024798512089274642, 0.0024798512089274642, 0.0024798512089274642, 0.0024798512089274642, 0.0024798512089274642, 0.0024798512089274642, 1.0, 1.0, 1.0, 1.0]",4.0,2.0,2.0,2.0,2.0,5,-29.92123,8.0,-6.0,hrl_dqn_apf,hierarchical,dqn,-60.435,6.261,15.595,0.00,0.00,0.00,-3.469,6.190,17.058,0.00,0.00,0.00,-7.719,6.411,-45.878,0.00,0.00,0.00,4.162,4.162,4.191
2026-02-04 11:22:36,467.87,0,353,353,0.00%,80.69,0.25%,"[0, 5, 10, 15, 20, 25, 30, 35, 40, 45, 50, 55, 60, 65, 70, 75, 80, 85, 90, 95, 100]","[3, 0, 0, 0, 0, 1, 0, 0, 0, 0, 0, 0, 0, 0, 0, 0, 1609, 0, 0, 0]","[0.0018598884066955983, 0.0018598884066955983, 0.0018598884066955983, 0.0018598884066955983, 0.0018598884066955983, 0.0024798512089274642, 0.0024798512089274642, 0.0024798512089274642, 0.0024798512089274642, 0.0024798512089274642, 0.0024798512089274642, 0.0024798512089274642, 0.0024798512089274642, 0.0024798512089274642, 0.0024798512089274642, 0.0024798512089274642, 1.0, 1.0, 1.0, 1.0]",4.0,2.0,2.0,2.0,2.0,5,-29.92123,8.0,-6.0,hrl_dqn_apf,hierarchical,dqn,-59.752,6.259,15.595,0.00,0.00,0.00,-3.569,6.237,16.474,0.00,0.00,0.00,-7.719,6.408,-46.638,0.00,0.00,0.00,4.159,4.159,4.188
2026-02-04 11:22:37,468.88,0,355,355,0.00%,80.85,0.25%,"[0, 5, 10, 15, 20, 25, 30, 35, 40, 45, 50, 55, 60, 65, 70, 75, 80, 85, 90, 95, 100]","[4, 0, 0, 0, 0, 0, 0, 0, 0, 0, 0, 0, 0, 0, 0, 0, 1609, 0, 0, 0]","[0.0024798512089274642, 0.0024798512089274642, 0.0024798512089274642, 0.0024798512089274642, 0.0024798512089274642, 0.0024798512089274642, 0.0024798512089274642, 0.0024798512089274642, 0.0024798512089274642, 0.0024798512089274642, 0.0024798512089274642, 0.0024798512089274642, 0.0024798512089274642, 0.0024798512089274642, 0.0024798512089274642, 0.0024798512089274642, 1.0, 1.0, 1.0, 1.0]",4.0,2.0,2.0,2.0,2.0,16,-23.76114,8.0,6.0,hrl_dqn_apf,hierarchical,dqn,-58.993,6.256,15.596,0.00,0.00,0.00,-4.090,6.267,16.227,0.00,0.00,0.00,-7.718,6.405,-47.418,0.00,0.00,0.00,4.156,4.156,4.185
2026-02-04 11:22:38,469.88,0,357,357,0.00%,81.13,0.31%,"[0, 5, 10, 15, 20, 25, 30, 35, 40, 45, 50, 55, 60, 65, 70, 75, 80, 85, 90, 95, 100]","[5, 0, 0, 0, 0, 0, 0, 1, 0, 0, 0, 0, 0, 0, 0, 0, 1255, 352, 0, 0]","[0.0030998140111593306, 0.0030998140111593306, 0.0030998140111593306, 0.0030998140111593306, 0.0030998140111593306, 0.0030998140111593306, 0.0030998140111593306, 0.0037197768133911966, 0.0037197768133911966, 0.0037197768133911966, 0.0037197768133911966, 0.0037197768133911966, 0.0037197768133911966, 0.0037197768133911966, 0.0037197768133911966, 0.0037197768133911966, 0.7817730936143832, 1.0, 1.0, 1.0]",4.0,2.0,2.0,2.0,2.0,1,-23.60095,8.0,-12.0,hrl_dqn_apf,hierarchical,dqn,-57.482,6.250,15.596,0.00,0.00,0.00,-5.518,6.264,16.130,0.00,0.00,0.00,-7.718,6.565,-48.293,0.00,0.00,0.00,4.153,4.153,4.182
2026-02-04 11:22:39,470.89,0,361,361,0.00%,81.24,0.43%,"[0, 5, 10, 15, 20, 25, 30, 35, 40, 45, 50, 55, 60, 65, 70, 75, 80, 85, 90, 95, 100]","[6, 0, 1, 0, 0, 0, 0, 0, 0, 0, 0, 0, 0, 0, 0, 0, 1254, 352, 0, 0]","[0.0037197768133911966, 0.0037197768133911966, 0.0043397396156230625, 0.0043397396156230625, 0.0043397396156230625, 0.0043397396156230625, 0.0043397396156230625, 0.0043397396156230625, 0.0043397396156230625, 0.0043397396156230625, 0.0043397396156230625, 0.0043397396156230625, 0.0043397396156230625, 0.0043397396156230625, 0.0043397396156230625, 0.0043397396156230625, 0.7817730936143832, 1.0, 1.0, 1.0]",4.0,2.0,2.0,2.0,2.0,1,-23.60095,8.0,-12.0,hrl_dqn_apf,hierarchical,dqn,-56.719,6.247,15.597,0.00,0.00,0.00,-6.276,6.260,16.123,0.00,0.00,0.00,-7.718,6.584,-47.808,0.00,0.00,0.00,4.150,4.150,4.179
2026-02-04 11:22:40,471.90,0,365,365,0.00%,81.38,0.50%,"[0, 5, 10, 15, 20, 25, 30, 35, 40, 45, 50, 55, 60, 65, 70, 75, 80, 85, 90, 95, 100]","[7, 0, 0, 0, 0, 1, 0, 0, 0, 0, 0, 0, 0, 0, 0, 1, 1251, 353, 0, 0]","[0.0043397396156230625, 0.0043397396156230625, 0.0043397396156230625, 0.0043397396156230625, 0.0043397396156230625, 0.0049597024178549285, 0.0049597024178549285, 0.0049597024178549285, 0.0049597024178549285, 0.0049597024178549285, 0.0049597024178549285, 0.0049597024178549285, 0.0049597024178549285, 0.0049597024178549285, 0.0049597024178549285, 0.005579665220086794, 0.7811531308121513, 1.0, 1.0, 1.0]",4.0,2.0,2.0,2.0,2.0,11,-23.44036,8.0,0.0,hrl_dqn_apf,hierarchical,dqn,-55.959,6.244,15.597,0.00,0.00,0.00,-7.035,6.257,16.121,0.00,0.00,0.00,-7.718,6.583,-47.125,0.00,0.00,0.00,4.147,4.147,4.176
2026-02-04 11:22:41,472.90,0,363,363,0.00%,81.50,0.56%,"[0, 5, 10, 15, 20, 25, 30, 35, 40, 45, 50, 55, 60, 65, 70, 75, 80, 85, 90, 95, 100]","[9, 0, 0, 0, 0, 0, 0, 0, 0, 0, 0, 0, 0, 0, 0, 0, 1251, 353, 0, 0]","[0.005579665220086794, 0.005579665220086794, 0.005579665220086794, 0.005579665220086794, 0.005579665220086794, 0.005579665220086794, 0.005579665220086794, 0.005579665220086794, 0.005579665220086794, 0.005579665220086794, 0.005579665220086794, 0.005579665220086794, 0.005579665220086794, 0.005579665220086794, 0.005579665220086794, 0.005579665220086794, 0.7811531308121513, 1.0, 1.0, 1.0]",4.0,2.0,2.0,2.0,2.0,16,-23.28013,8.0,6.0,hrl_dqn_apf,hierarchical,dqn,-55.199,6.241,15.597,0.00,0.00,0.00,-7.795,6.254,16.120,0.00,0.00,0.00,-7.718,6.580,-46.386,0.00,0.00,0.00,4.144,4.144,4.173
2026-02-04 11:22:42,473.91,0,369,369,0.00%,81.76,0.68%,"[0, 5, 10, 15, 20, 25, 30, 35, 40, 45, 50, 55, 60, 65, 70, 75, 80, 85, 90, 95, 100]","[11, 0, 0, 0, 0, 0, 0, 0, 0, 0, 0, 0, 0, 0, 1, 0, 1244, 7, 350, 0]","[0.006819590824550527, 0.006819590824550527, 0.006819590824550527, 0.006819590824550527, 0.006819590824550527, 0.006819590824550527, 0.006819590824550527, 0.006819590824550527, 0.006819590824550527, 0.006819590824550527, 0.006819590824550527, 0.006819590824550527, 0.006819590824550527, 0.006819590824550527, 0.007439553626782393, 0.007439553626782393, 0.7786732796032239, 0.7830130192188469, 1.0, 1.0]",4.0,2.0,2.0,2.0,2.0,16,-23.28013,8.0,6.0,hrl_dqn_apf,hierarchical,dqn,-53.676,6.235,15.598,0.00,0.00,0.00,-9.319,6.248,16.120,0.00,0.00,0.00,-7.719,6.574,-44.870,0.00,0.00,0.00,4.141,4.141,4.170
2026-02-04 11:22:43,474.91,0,369,369,0.00%,81.88,0.74%,"[0, 5, 10, 15, 20, 25, 30, 35, 40, 45, 50, 55, 60, 65, 70, 75, 80, 85, 90, 95, 100]","[12, 0, 0, 0, 0, 0, 0, 0, 0, 1, 0, 0, 0, 0, 0, 0, 1243, 7, 350, 0]","[0.007439553626782393, 0.007439553626782393, 0.007439553626782393, 0.007439553626782393, 0.007439553626782393, 0.007439553626782393, 0.007439553626782393, 0.007439553626782393, 0.007439553626782393, 0.008059516429014259, 0.008059516429014259, 0.008059516429014259, 0.008059516429014259, 0.008059516429014259, 0.008059516429014259, 0.008059516429014259, 0.7786732796032239, 0.7830130192188469, 1.0, 1.0]",4.0,2.0,2.0,2.0,2.0,5,-29.11985,8.0,-6.0,hrl_dqn_apf,hierarchical,dqn,-52.916,6.232,15.598,0.00,0.00,0.00,-10.079,6.245,16.120,0.00,0.00,0.00,-7.719,6.571,-44.110,0.00,0.00,0.00,4.138,4.138,4.167
2026-02-04 11:22:44,475.92,0,369,369,0.00%,82.02,0.81%,"[0, 5, 10, 15, 20, 25, 30, 35, 40, 45, 50, 55, 60, 65, 70, 75, 80, 85, 90, 95, 100]","[13, 0, 0, 0, 0, 0, 0, 0, 0, 0, 0, 0, 1, 0, 0, 0, 1238, 11, 350, 0]","[0.008059516429014259, 0.008059516429014259, 0.008059516429014259, 0.008059516429014259, 0.008059516429014259, 0.008059516429014259, 0.008059516429014259, 0.008059516429014259, 0.008059516429014259, 0.008059516429014259, 0.008059516429014259, 0.008059516429014259, 0.008679479231246125, 0.008679479231246125, 0.008679479231246125, 0.008679479231246125, 0.7761934283942964, 0.7830130192188469, 1.0, 1.0]",4.0,2.0,2.0,2.0,2.0,24,-4.959520000000001,8.0,12.0,hrl_dqn_apf,hierarchical,dqn,-52.153,6.229,15.598,0.00,0.00,0.00,-10.842,6.242,16.120,0.00,0.00,0.00,-7.719,6.568,-43.347,0.00,0.00,0.00,4.135,4.135,4.164
2026-02-04 11:22:45,476.92,0,369,369,0.00%,82.13,0.87%,"[0, 5, 10, 15, 20, 25, 30, 35, 40, 45, 50, 55, 60, 65, 70, 75, 80, 85, 90, 95, 100]","[14, 0, 0, 0, 0, 0, 1, 0, 0, 0, 0, 0, 0, 0, 0, 0, 1235, 12, 351, 0]","[0.008679479231246125, 0.008679479231246125, 0.008679479231246125, 0.008679479231246125, 0.008679479231246125, 0.008679479231246125, 0.009299442033477991, 0.009299442033477991, 0.009299442033477991, 0.009299442033477991, 0.009299442033477991, 0.009299442033477991, 0.009299442033477991, 0.009299442033477991, 0.009299442033477991, 0.009299442033477991, 0.7749535027898327, 0.782393056416615, 1.0, 1.0]",4.0,2.0,2.0,2.0,2.0,24,-4.959520000000001,8.0,12.0,hrl_dqn_apf,hierarchical,dqn,-51.391,6.226,15.598,0.00,0.00,0.00,-11.570,6.271,16.083,0.00,0.00,0.00,-7.720,6.565,-42.584,0.00,0.00,0.00,4.132,4.132,4.161
2026-02-04 11:22:46,477.92,0,373,373,0.00%,82.48,0.93%,"[0, 5, 10, 15, 20, 25, 30, 35, 40, 45, 50, 55, 60, 65, 70, 75, 80, 85, 90, 95, 100]","[15, 0, 0, 0, 0, 0, 0, 0, 0, 0, 0, 0, 0, 0, 1, 0, 1230, 14, 353, 0]","[0.009299442033477991, 0.009299442033477991, 0.009299442033477991, 0.009299442033477991, 0.009299442033477991, 0.009299442033477991, 0.009299442033477991, 0.009299442033477991, 0.009299442033477991, 0.009299442033477991, 0.009299442033477991, 0.009299442033477991, 0.009299442033477991, 0.009299442033477991, 0.009919404835709857, 0.009919404835709857, 0.7724736515809052, 0.7811531308121513, 1.0, 1.0]",4.0,2.0,2.0,2.0,2.0,12,-16.79954,8.0,0.0,hrl_dqn_apf,hierarchical,dqn,-49.868,6.219,15.599,0.00,0.00,0.00,-12.028,6.328,14.997,0.00,0.00,0.00,-7.720,6.559,-41.061,0.00,0.00,0.00,4.129,4.129,4.158
2026-02-04 11:22:47,478.93,1,372,373,0.27%,82.62,0.99%,"[0, 5, 10, 15, 20, 25, 30, 35, 40, 45, 50, 55, 60, 65, 70, 75, 80, 85, 90, 95, 100]","[16, 0, 0, 0, 0, 0, 0, 0, 0, 0, 0, 0, 0, 0, 0, 0, 1226, 16, 7, 348]","[0.009919404835709857, 0.009919404835709857, 0.009919404835709857, 0.009919404835709857, 0.009919404835709857, 0.009919404835709857, 0.009919404835709857, 0.009919404835709857, 0.009919404835709857, 0.009919404835709857, 0.009919404835709857, 0.009919404835709857, 0.009919404835709857, 0.009919404835709857, 0.009919404835709857, 0.009919404835709857, 0.7699938003719777, 0.7799132052076876, 0.7842529448233106, 1.0]",4.0,2.0,2.0,2.0,2.0,18,-10.63925,8.0,6.0,hrl_dqn_apf,hierarchical,dqn,-49.111,6.216,15.599,0.00,0.00,0.00,-12.062,6.326,14.264,0.00,0.00,0.00,-7.720,6.556,-40.301,0.00,0.00,0.00,4.126,4.126,4.155
2026-02-04 11:22:48,479.94,1,372,373,0.27%,82.77,0.99%,"[0, 5, 10, 15, 20, 25, 30, 35, 40, 45, 50, 55, 60, 65, 70, 75, 80, 85, 90, 95, 100]","[16, 0, 0, 0, 0, 0, 0, 0, 0, 1, 0, 0, 0, 0, 0, 0, 1226, 16, 7, 347]","[0.009919404835709857, 0.009919404835709857, 0.009919404835709857, 0.009919404835709857, 0.009919404835709857, 0.009919404835709857, 0.009919404835709857, 0.009919404835709857, 0.009919404835709857, 0.010539367637941723, 0.010539367637941723, 0.010539367637941723, 0.010539367637941723, 0.010539367637941723, 0.010539367637941723, 0.010539367637941723, 0.7706137631742096, 0.7805331680099195, 0.7848729076255425, 1.0]",4.0,2.0,2.0,2.0,2.0,18,-10.63925,8.0,6.0,hrl_dqn_apf,hierarchical,dqn,-48.348,6.213,15.599,0.00,0.00,0.00,-12.073,6.323,13.511,0.00,0.00,0.00,-7.721,6.553,-39.541,0.00,0.00,0.00,4.123,4.123,4.152
2026-02-04 11:22:49,480.94,2,372,374,0.53%,82.93,1.05%,"[0, 5, 10, 15, 20, 25, 30, 35, 40, 45, 50, 55, 60, 65, 70, 75, 80, 85, 90, 95, 100]","[17, 0, 0, 0, 0, 0, 0, 0, 0, 0, 0, 0, 0, 0, 0, 0, 1226, 16, 7, 347]","[0.010539367637941723, 0.010539367637941723, 0.010539367637941723, 0.010539367637941723, 0.010539367637941723, 0.010539367637941723, 0.010539367637941723, 0.010539367637941723, 0.010539367637941723, 0.010539367637941723, 0.010539367637941723, 0.010539367637941723, 0.010539367637941723, 0.010539367637941723, 0.010539367637941723, 0.010539367637941723, 0.7706137631742096, 0.7805331680099195, 0.7848729076255425, 1.0]",4.0,2.0,2.0,2.0,2.0,9,-4.55903,8.0,-6.0,hrl_dqn_apf,hierarchical,dqn,-47.568,6.210,15.600,0.00,0.00,0.00,-12.076,6.319,12.733,0.00,0.00,0.00,-7.721,6.549,-38.761,0.00,0.00,0.00,4.120,4.120,4.149
2026-02-04 11:22:50,481.95,3,373,376,0.80%,83.22,1.12%,"[0, 5, 10, 15, 20, 25, 30, 35, 40, 45, 50, 55, 60, 65, 70, 75, 80, 85, 90, 95, 100]","[18, 0, 0, 0, 0, 0, 0, 0, 0, 0, 0, 0, 1, 0, 0, 0, 1225, 9, 14, 346]","[0.011159330440173589, 0.011159330440173589, 0.011159330440173589, 0.011159330440173589, 0.011159330440173589, 0.011159330440173589, 0.011159330440173589, 0.011159330440173589, 0.011159330440173589, 0.011159330440173589, 0.011159330440173589, 0.011159330440173589, 0.011779293242405457, 0.011779293242405457, 0.011779293242405457, 0.011779293242405457, 0.7712337259764415, 0.7768133911965283, 0.7854928704277744, 1.0]",4.0,2.0,2.0,2.0,2.0,3,-10.39893,8.0,-12.0,hrl_dqn_apf,hierarchical,dqn,-46.045,6.204,15.600,0.00,0.00,0.00,-12.077,6.313,11.210,0.00,0.00,0.00,-7.721,6.543,-37.238,0.00,0.00,0.00,4.117,4.117,4.146
2026-02-04 11:22:51,482.95,4,374,378,1.06%,83.37,1.18%,"[0, 5, 10, 15, 20, 25, 30, 35, 40, 45, 50, 55, 60, 65, 70, 75, 80, 85, 90, 95, 100]","[19, 0, 0, 0, 0, 0, 0, 0, 0, 0, 0, 0, 0, 0, 0, 0, 1221, 13, 12, 348]","[0.011779293242405457, 0.011779293242405457, 0.011779293242405457, 0.011779293242405457, 0.011779293242405457, 0.011779293242405457, 0.011779293242405457, 0.011779293242405457, 0.011779293242405457, 0.011779293242405457, 0.011779293242405457, 0.011779293242405457, 0.011779293242405457, 0.011779293242405457, 0.011779293242405457, 0.011779293242405457, 0.768753874767514, 0.7768133911965283, 0.7842529448233106, 1.0]",4.0,2.0,2.0,2.0,2.0,3,-10.39893,8.0,-12.0,hrl_dqn_apf,hierarchical,dqn,-45.282,6.201,15.600,0.00,0.00,0.00,-12.077,6.310,10.446,0.00,0.00,0.00,-7.722,6.540,-36.475,0.00,0.00,0.00,4.114,4.114,4.143
2026-02-04 11:22:52,483.96,4,374,378,1.06%,83.51,1.18%,"[0, 5, 10, 15, 20, 25, 30, 35, 40, 45, 50, 55, 60, 65, 70, 75, 80, 85, 90, 95, 100]","[19, 0, 0, 0, 0, 0, 1, 0, 0, 0, 0, 0, 0, 0, 0, 0, 1221, 9, 14, 349]","[0.011779293242405457, 0.011779293242405457, 0.011779293242405457, 0.011779293242405457, 0.011779293242405457, 0.011779293242405457, 0.012399256044637322, 0.012399256044637322, 0.012399256044637322, 0.012399256044637322, 0.012399256044637322, 0.012399256044637322, 0.012399256044637322, 0.012399256044637322, 0.012399256044637322, 0.012399256044637322, 0.7693738375697459, 0.7749535027898327, 0.7836329820210788, 1.0]",4.0,2.0,2.0,2.0,2.0,19,-4.240849999999998,8.0,6.0,hrl_dqn_apf,hierarchical,dqn,-44.522,6.198,15.601,0.00,0.00,0.00,-12.077,6.307,9.686,0.00,0.00,0.00,-7.722,6.537,-35.715,0.00,0.00,0.00,4.111,4.111,4.140
2026-02-04 11:22:53,484.97,5,375,380,1.32%,83.66,1.24%,"[0, 5, 10, 15, 20, 25, 30, 35, 40, 45, 50, 55, 60, 65, 70, 75, 80, 85, 90, 95, 100]","[19, 1, 0, 0, 0, 0, 0, 0, 0, 0, 0, 0, 0, 0, 0, 1, 1221, 7, 16, 348]","[0.011779293242405457, 0.012399256044637322, 0.012399256044637322, 0.012399256044637322, 0.012399256044637322, 0.012399256044637322, 0.012399256044637322, 0.012399256044637322, 0.012399256044637322, 0.012399256044637322, 0.012399256044637322, 0.012399256044637322, 0.012399256044637322, 0.012399256044637322, 0.012399256044637322, 0.013019218846869188, 0.7699938003719777, 0.7743335399876008, 0.7842529448233106, 1.0]",4.0,2.0,2.0,2.0,2.0,5,-28.07737,8.0,-6.0,hrl_dqn_apf,hierarchical,dqn,-43.804,6.231,15.558,0.00,0.00,0.00,-12.077,6.304,8.926,0.00,0.00,0.00,-7.722,6.534,-34.955,0.00,0.00,0.00,4.108,4.108,4.136
2026-02-04 11:22:54,485.98,6,378,384,1.56%,83.96,1.30%,"[0, 5, 10, 15, 20, 25, 30, 35, 40, 45, 50, 55, 60, 65, 70, 75, 80, 85, 90, 95, 100]","[19, 2, 0, 0, 0, 0, 0, 0, 0, 1, 0, 0, 0, 0, 0, 0, 1220, 8, 10, 353]","[0.011779293242405457, 0.013019218846869188, 0.013019218846869188, 0.013019218846869188, 0.013019218846869188, 0.013019218846869188, 0.013019218846869188, 0.013019218846869188, 0.013019218846869188, 0.013639181649101054, 0.013639181649101054, 0.013639181649101054, 0.013639181649101054, 0.013639181649101054, 0.013639181649101054, 0.013639181649101054, 0.7699938003719777, 0.7749535027898327, 0.7811531308121513, 1.0]",4.0,2.0,2.0,2.0,2.0,5,-28.07737,8.0,-6.0,hrl_dqn_apf,hierarchical,dqn,-43.360,6.284,14.457,0.00,0.00,0.00,-12.077,6.298,7.402,0.00,0.00,0.00,-7.723,6.528,-33.433,0.00,0.00,0.00,4.105,4.105,4.134
2026-02-04 11:22:55,486.98,7,375,382,1.83%,84.11,1.36%,"[0, 5, 10, 15, 20, 25, 30, 35, 40, 45, 50, 55, 60, 65, 70, 75, 80, 85, 90, 95, 100]","[20, 2, 0, 0, 0, 0, 0, 0, 0, 0, 0, 0, 0, 0, 0, 0, 1218, 10, 9, 354]","[0.012399256044637322, 0.013639181649101054, 0.013639181649101054, 0.013639181649101054, 0.013639181649101054, 0.013639181649101054, 0.013639181649101054, 0.013639181649101054, 0.013639181649101054, 0.013639181649101054, 0.013639181649101054, 0.013639181649101054, 0.013639181649101054, 0.013639181649101054, 0.013639181649101054, 0.013639181649101054, 0.768753874767514, 0.7749535027898327, 0.7805331680099195, 1.0]",4.0,2.0,2.0,2.0,2.0,0,-27.917479999999998,8.0,-12.0,hrl_dqn_apf,hierarchical,dqn,-43.327,6.282,13.720,0.00,0.00,0.00,-12.077,6.295,6.639,0.00,0.00,0.00,-7.723,6.525,-32.670,0.00,0.00,0.00,4.102,4.102,4.130
2026-02-04 11:22:56,487.98,8,378,386,2.07%,84.26,1.43%,"[0, 5, 10, 15, 20, 25, 30, 35, 40, 45, 50, 55, 60, 65, 70, 75, 80, 85, 90, 95, 100]","[19, 3, 1, 0, 0, 0, 0, 0, 0, 0, 0, 0, 0, 0, 0, 0, 1216, 7, 13, 354]","[0.011779293242405457, 0.013639181649101054, 0.01425914445133292, 0.01425914445133292, 0.01425914445133292, 0.01425914445133292, 0.01425914445133292, 0.01425914445133292, 0.01425914445133292, 0.01425914445133292, 0.01425914445133292, 0.01425914445133292, 0.01425914445133292, 0.01425914445133292, 0.01425914445133292, 0.01425914445133292, 0.7681339119652821, 0.7724736515809052, 0.7805331680099195, 1.0]",4.0,2.0,2.0,2.0,2.0,2,-15.75709,8.0,-12.0,hrl_dqn_apf,hierarchical,dqn,-43.317,6.278,12.967,0.00,0.00,0.00,-12.077,6.292,5.878,0.00,0.00,0.00,-7.723,6.522,-31.910,0.00,0.00,0.00,4.099,4.099,4.128
2026-02-04 11:22:57,488.98,8,380,388,2.06%,84.42,1.43%,"[0, 5, 10, 15, 20, 25, 30, 35, 40, 45, 50, 55, 60, 65, 70, 75, 80, 85, 90, 95, 100]","[19, 4, 0, 0, 0, 0, 0, 0, 0, 0, 0, 0, 1, 0, 0, 0, 1216, 7, 9, 357]","[0.011779293242405457, 0.01425914445133292, 0.01425914445133292, 0.01425914445133292, 0.01425914445133292, 0.01425914445133292, 0.01425914445133292, 0.01425914445133292, 0.01425914445133292, 0.01425914445133292, 0.01425914445133292, 0.01425914445133292, 0.014879107253564786, 0.014879107253564786, 0.014879107253564786, 0.014879107253564786, 0.768753874767514, 0.7730936143831371, 0.7786732796032239, 1.0]",4.0,2.0,2.0,2.0,2.0,2,-15.75709,8.0,-12.0,hrl_dqn_apf,hierarchical,dqn,-43.313,6.275,12.188,0.00,0.00,0.00,-12.077,6.289,5.098,0.00,0.00,0.00,-7.723,6.519,-31.129,0.00,0.00,0.00,4.096,4.096,4.124
2026-02-04 11:22:58,489.99,10,378,388,2.58%,84.71,1.55%,"[0, 5, 10, 15, 20, 25, 30, 35, 40, 45, 50, 55, 60, 65, 70, 75, 80, 85, 90, 95, 100]","[19, 4, 1, 0, 0, 1, 0, 0, 0, 0, 0, 0, 0, 0, 0, 0, 1210, 12, 8, 358]","[0.011779293242405457, 0.01425914445133292, 0.014879107253564786, 0.014879107253564786, 0.014879107253564786, 0.015499070055796652, 0.015499070055796652, 0.015499070055796652, 0.015499070055796652, 0.015499070055796652, 0.015499070055796652, 0.015499070055796652, 0.015499070055796652, 0.015499070055796652, 0.015499070055796652, 0.015499070055796652, 0.7656540607563547, 0.7730936143831371, 0.778053316800992, 1.0]",4.0,2.0,2.0,2.0,2.0,5,-27.59667,8.0,-6.0,hrl_dqn_apf,hierarchical,dqn,-43.311,6.269,10.665,0.00,0.00,0.00,-12.077,6.283,3.574,0.00,0.00,0.00,-7.724,6.513,-29.605,0.00,0.00,0.00,4.093,4.093,4.122
2026-02-04 11:22:59,490.99,10,378,388,2.58%,84.87,1.55%,"[0, 5, 10, 15, 20, 25, 30, 35, 40, 45, 50, 55, 60, 65, 70, 75, 80, 85, 90, 95, 100]","[19, 4, 2, 0, 0, 0, 0, 0, 0, 0, 0, 0, 0, 0, 0, 1, 1208, 14, 8, 357]","[0.011779293242405457, 0.01425914445133292, 0.015499070055796652, 0.015499070055796652, 0.015499070055796652, 0.015499070055796652, 0.015499070055796652, 0.015499070055796652, 0.015499070055796652, 0.015499070055796652, 0.015499070055796652, 0.015499070055796652, 0.015499070055796652, 0.015499070055796652, 0.015499070055796652, 0.016119032858028518, 0.7650340979541228, 0.7737135771853689, 0.7786732796032239, 1.0]",4.0,2.0,2.0,2.0,2.0,4,-3.436629999999999,8.0,-12.0,hrl_dqn_apf,hierarchical,dqn,-43.311,6.266,9.905,0.00,0.00,0.00,-12.077,6.280,2.814,0.00,0.00,0.00,-7.724,6.510,-28.845,0.00,0.00,0.00,4.090,4.090,4.118
2026-02-04 11:23:00,492.00,11,379,390,2.82%,85.02,1.61%,"[0, 5, 10, 15, 20, 25, 30, 35, 40, 45, 50, 55, 60, 65, 70, 75, 80, 85, 90, 95, 100]","[20, 4, 2, 0, 0, 0, 0, 0, 0, 0, 0, 0, 0, 0, 0, 0, 1208, 14, 8, 357]","[0.012399256044637322, 0.014879107253564786, 0.016119032858028518, 0.016119032858028518, 0.016119032858028518, 0.016119032858028518, 0.016119032858028518, 0.016119032858028518, 0.016119032858028518, 0.016119032858028518, 0.016119032858028518, 0.016119032858028518, 0.016119032858028518, 0.016119032858028518, 0.016119032858028518, 0.016119032858028518, 0.7650340979541228, 0.7737135771853689, 0.7786732796032239, 1.0]",4.0,2.0,2.0,2.0,2.0,4,-3.436629999999999,8.0,-12.0,hrl_dqn_apf,hierarchical,dqn,-43.311,6.263,9.145,0.00,0.00,0.00,-12.077,6.277,2.053,0.00,0.00,0.00,-7.724,6.507,-28.084,0.00,0.00,0.00,4.087,4.087,4.115
2026-02-04 11:23:01,493.01,11,379,390,2.82%,85.17,1.61%,"[0, 5, 10, 15, 20, 25, 30, 35, 40, 45, 50, 55, 60, 65, 70, 75, 80, 85, 90, 95, 100]","[19, 4, 3, 0, 0, 0, 0, 1, 0, 0, 0, 0, 0, 0, 0, 0, 1204, 14, 7, 361]","[0.011779293242405457, 0.01425914445133292, 0.016119032858028518, 0.016119032858028518, 0.016119032858028518, 0.016119032858028518, 0.016119032858028518, 0.016738995660260384, 0.016738995660260384, 0.016738995660260384, 0.016738995660260384, 0.016738995660260384, 0.016738995660260384, 0.016738995660260384, 0.016738995660260384, 0.016738995660260384, 0.7631742095474272, 0.7718536887786733, 0.7761934283942964, 1.0]",4.0,2.0,2.0,2.0,2.0,0,-27.27565,8.0,-12.0,hrl_dqn_apf,hierarchical,dqn,-43.265,6.297,8.427,0.00,0.00,0.00,-12.077,6.274,1.290,0.00,0.00,0.00,-7.762,6.536,-27.358,0.00,0.00,0.00,4.084,4.084,4.112
2026-02-04 11:23:02,494.01,13,378,391,3.32%,85.47,1.74%,"[0, 5, 10, 15, 20, 25, 30, 35, 40, 45, 50, 55, 60, 65, 70, 75, 80, 85, 90, 95, 100]","[19, 4, 5, 0, 0, 0, 0, 0, 0, 0, 0, 0, 0, 0, 0, 0, 1202, 16, 7, 360]","[0.011779293242405457, 0.01425914445133292, 0.01735895846249225, 0.01735895846249225, 0.01735895846249225, 0.01735895846249225, 0.01735895846249225, 0.01735895846249225, 0.01735895846249225, 0.01735895846249225, 0.01735895846249225, 0.01735895846249225, 0.01735895846249225, 0.01735895846249225, 0.01735895846249225, 0.01735895846249225, 0.7625542467451953, 0.7724736515809052, 0.7768133911965283, 1.0]",4.0,2.0,2.0,2.0,2.0,0,-27.27565,8.0,-12.0,hrl_dqn_apf,hierarchical,dqn,-42.141,6.349,7.991,0.00,0.00,0.00,-12.077,6.267,-0.251,0.00,0.00,0.00,-8.865,6.593,-26.901,0.00,0.00,0.00,4.081,4.081,4.109
2026-02-04 11:23:03,495.01,13,378,391,3.32%,85.62,1.74%,"[0, 5, 10, 15, 20, 25, 30, 35, 40, 45, 50, 55, 60, 65, 70, 75, 80, 85, 90, 95, 100]","[19, 4, 4, 1, 0, 0, 0, 0, 0, 0, 1, 0, 0, 0, 0, 0, 1202, 10, 12, 360]","[0.011779293242405457, 0.01425914445133292, 0.016738995660260384, 0.01735895846249225, 0.01735895846249225, 0.01735895846249225, 0.01735895846249225, 0.01735895846249225, 0.01735895846249225, 0.01735895846249225, 0.017978921264724116, 0.017978921264724116, 0.017978921264724116, 0.017978921264724116, 0.017978921264724116, 0.017978921264724116, 0.7631742095474272, 0.7693738375697459, 0.7768133911965283, 1.0]",4.0,2.0,2.0,2.0,2.0,12,-15.11505,8.0,0.0,hrl_dqn_apf,hierarchical,dqn,-41.403,6.347,7.960,0.00,0.00,0.00,-12.077,6.264,-1.014,0.00,0.00,0.00,-9.602,6.590,-26.868,0.00,0.00,0.00,4.078,4.078,4.106
2026-02-04 11:23:04,496.01,14,379,393,3.56%,85.78,1.80%,"[0, 5, 10, 15, 20, 25, 30, 35, 40, 45, 50, 55, 60, 65, 70, 75, 80, 85, 90, 95, 100]","[20, 4, 4, 1, 0, 0, 0, 0, 0, 0, 0, 0, 0, 0, 0, 0, 1202, 8, 14, 360]","[0.012399256044637322, 0.014879107253564786, 0.01735895846249225, 0.017978921264724116, 0.017978921264724116, 0.017978921264724116, 0.017978921264724116, 0.017978921264724116, 0.017978921264724116, 0.017978921264724116, 0.017978921264724116, 0.017978921264724116, 0.017978921264724116, 0.017978921264724116, 0.017978921264724116, 0.017978921264724116, 0.7631742095474272, 0.7681339119652821, 0.7768133911965283, 1.0]",4.0,2.0,2.0,2.0,2.0,22,-14.95454,8.0,12.0,hrl_dqn_apf,hierarchical,dqn,-40.652,6.343,7.950,0.00,0.00,0.00,-12.077,6.377,-1.550,0.00,0.00,0.00,-10.352,6.587,-26.858,0.00,0.00,0.00,4.076,4.076,4.105
2026-02-04 11:23:05,497.02,14,381,395,3.54%,85.98,1.80%,"[0, 5, 10, 15, 20, 25, 30, 35, 40, 45, 50, 55, 60, 65, 70, 75, 80, 85, 90, 95, 100]","[19, 4, 4, 2, 0, 0, 0, 0, 0, 0, 0, 0, 0, 0, 0, 0, 1196, 14, 14, 360]","[0.011779293242405457, 0.01425914445133292, 0.016738995660260384, 0.017978921264724116, 0.017978921264724116, 0.017978921264724116, 0.017978921264724116, 0.017978921264724116, 0.017978921264724116, 0.017978921264724116, 0.017978921264724116, 0.017978921264724116, 0.017978921264724116, 0.017978921264724116, 0.017978921264724116, 0.017978921264724116, 0.759454432734036, 0.7681339119652821, 0.7768133911965283, 1.0]",4.0,2.0,2.0,2.0,2.0,22,-14.95454,8.0,12.0,hrl_dqn_apf,hierarchical,dqn,-39.896,6.340,7.948,0.00,0.00,0.00,-12.077,6.442,-1.294,0.00,0.00,0.00,-11.108,6.584,-26.855,0.00,0.00,0.00,4.200,4.200,4.200
2026-02-04 11:23:06,498.03,14,379,393,3.56%,86.37,1.80%,"[0, 5, 10, 15, 20, 25, 30, 35, 40, 45, 50, 55, 60, 65, 70, 75, 80, 85, 90, 95, 100]","[18, 4, 4, 3, 0, 0, 0, 0, 0, 0, 0, 0, 0, 0, 0, 0, 1196, 8, 16, 364]","[0.011159330440173589, 0.013639181649101054, 0.016119032858028518, 0.017978921264724116, 0.017978921264724116, 0.017978921264724116, 0.017978921264724116, 0.017978921264724116, 0.017978921264724116, 0.017978921264724116, 0.017978921264724116, 0.017978921264724116, 0.017978921264724116, 0.017978921264724116, 0.017978921264724116, 0.017978921264724116, 0.759454432734036, 0.7644141351518909, 0.7743335399876008, 1.0]",4.0,2.0,2.0,2.0,2.0,22,-14.95454,8.0,12.0,hrl_dqn_apf,hierarchical,dqn,-38.377,6.247,7.947,0.00,0.00,0.00,-12.077,6.354,0.035,0.00,0.00,0.00,-12.627,6.488,-26.855,0.00,0.00,0.00,4.200,4.200,4.200
2026-02-04 11:23:07,499.03,14,385,399,3.51%,86.56,1.80%,"[0, 5, 10, 15, 20, 25, 30, 35, 40, 45, 50, 55, 60, 65, 70, 75, 80, 85, 90, 95, 100]","[18, 3, 4, 4, 0, 0, 0, 0, 0, 0, 0, 0, 0, 0, 0, 0, 1195, 9, 16, 364]","[0.011159330440173589, 0.013019218846869188, 0.015499070055796652, 0.017978921264724116, 0.017978921264724116, 0.017978921264724116, 0.017978921264724116, 0.017978921264724116, 0.017978921264724116, 0.017978921264724116, 0.017978921264724116, 0.017978921264724116, 0.017978921264724116, 0.017978921264724116, 0.017978921264724116, 0.017978921264724116, 0.7588344699318041, 0.7644141351518909, 0.7743335399876008, 1.0]",4.0,2.0,2.0,2.0,2.0,22,-14.95454,8.0,12.0,hrl_dqn_apf,hierarchical,dqn,-37.614,6.226,7.947,0.00,0.00,0.00,-12.077,6.334,0.786,0.00,0.00,0.00,-13.390,6.468,-26.855,0.00,0.00,0.00,4.200,4.200,4.200
2026-02-04 11:23:08,500.04,14,387,401,3.49%,86.76,1.80%,"[0, 5, 10, 15, 20, 25, 30, 35, 40, 45, 50, 55, 60, 65, 70, 75, 80, 85, 90, 95, 100]","[18, 2, 4, 4, 1, 0, 0, 0, 0, 0, 0, 0, 0, 0, 0, 0, 1195, 9, 12, 368]","[0.011159330440173589, 0.012399256044637322, 0.014879107253564786, 0.01735895846249225, 0.017978921264724116, 0.017978921264724116, 0.017978921264724116, 0.017978921264724116, 0.017978921264724116, 0.017978921264724116, 0.017978921264724116, 0.017978921264724116, 0.017978921264724116, 0.017978921264724116, 0.017978921264724116, 0.017978921264724116, 0.7588344699318041, 0.7644141351518909, 0.7718536887786733, 1.0]",4.0,2.0,2.0,2.0,2.0,22,-14.95454,8.0,12.0,hrl_dqn_apf,hierarchical,dqn,-36.854,6.215,7.947,0.00,0.00,0.00,-12.077,6.324,1.543,0.00,0.00,0.00,-14.150,6.458,-26.855,0.00,0.00,0.00,4.200,4.200,4.200
2026-02-04 11:23:09,501.05,14,385,399,3.51%,86.95,1.80%,"[0, 5, 10, 15, 20, 25, 30, 35, 40, 45, 50, 55, 60, 65, 70, 75, 80, 85, 90, 95, 100]","[19, 1, 4, 4, 1, 0, 0, 0, 0, 0, 0, 0, 0, 0, 0, 0, 1195, 9, 8, 372]","[0.011779293242405457, 0.012399256044637322, 0.014879107253564786, 0.01735895846249225, 0.017978921264724116, 0.017978921264724116, 0.017978921264724116, 0.017978921264724116, 0.017978921264724116, 0.017978921264724116, 0.017978921264724116, 0.017978921264724116, 0.017978921264724116, 0.017978921264724116, 0.017978921264724116, 0.017978921264724116, 0.7588344699318041, 0.7644141351518909, 0.7693738375697459, 1.0]",4.0,2.0,2.0,2.0,2.0,22,-14.95454,8.0,12.0,hrl_dqn_apf,hierarchical,dqn,-36.091,6.209,7.948,0.00,0.00,0.00,-12.077,6.318,2.306,0.00,0.00,0.00,-14.913,6.452,-26.855,0.00,0.00,0.00,4.200,4.200,4.200
2026-02-04 11:23:10,502.06,14,391,405,3.46%,87.34,1.80%,"[0, 5, 10, 15, 20, 25, 30, 35, 40, 45, 50, 55, 60, 65, 70, 75, 80, 85, 90, 95, 100]","[20, 0, 2, 4, 3, 0, 0, 0, 0, 0, 0, 0, 0, 0, 0, 0, 1191, 7, 12, 374]","[0.012399256044637322, 0.012399256044637322, 0.013639181649101054, 0.016119032858028518, 0.017978921264724116, 0.017978921264724116, 0.017978921264724116, 0.017978921264724116, 0.017978921264724116, 0.017978921264724116, 0.017978921264724116, 0.017978921264724116, 0.017978921264724116, 0.017978921264724116, 0.017978921264724116, 0.017978921264724116, 0.7563546187228767, 0.7606943583384997, 0.7681339119652821, 1.0]",4.0,2.0,2.0,2.0,2.0,22,-14.95454,8.0,12.0,hrl_dqn_apf,hierarchical,dqn,-34.571,6.201,7.948,0.00,0.00,0.00,-12.077,6.310,3.826,0.00,0.00,0.00,-16.434,6.444,-26.855,0.00,0.00,0.00,4.200,4.200,4.200
2026-02-04 11:23:11,503.06,14,391,405,3.46%,87.54,1.80%,"[0, 5, 10, 15, 20, 25, 30, 35, 40, 45, 50, 55, 60, 65, 70, 75, 80, 85, 90, 95, 100]","[20, 1, 1, 4, 3, 0, 0, 0, 0, 0, 0, 0, 0, 0, 0, 0, 1191, 7, 8, 378]","[0.012399256044637322, 0.013019218846869188, 0.013639181649101054, 0.016119032858028518, 0.017978921264724116, 0.017978921264724116, 0.017978921264724116, 0.017978921264724116, 0.017978921264724116, 0.017978921264724116, 0.017978921264724116, 0.017978921264724116, 0.017978921264724116, 0.017978921264724116, 0.017978921264724116, 0.017978921264724116, 0.7563546187228767, 0.7606943583384997, 0.7656540607563547, 1.0]",4.0,2.0,2.0,2.0,2.0,22,-14.95454,8.0,12.0,hrl_dqn_apf,hierarchical,dqn,-33.808,6.198,7.948,0.00,0.00,0.00,-12.077,6.307,4.589,0.00,0.00,0.00,-17.197,6.441,-26.855,0.00,0.00,0.00,4.200,4.200,4.200
2026-02-04 11:23:12,504.07,0,354,354,0.00%,80.00,0.00%,"[0, 5, 10, 15, 20, 25, 30, 35, 40, 45, 50, 55, 60, 65, 70, 75, 80, 85, 90, 95, 100]","[0, 0, 0, 0, 0, 0, 0, 0, 0, 0, 0, 0, 0, 0, 0, 0, 1613, 0, 0, 0]","[0.0, 0.0, 0.0, 0.0, 0.0, 0.0, 0.0, 0.0, 0.0, 0.0, 0.0, 0.0, 0.0, 0.0, 0.0, 0.0, 1.0, 1.0, 1.0, 1.0]",4.0,2.0,2.0,2.0,2.0,22,-14.95454,8.0,12.0,hrl_dqn_apf,hierarchical,dqn,-33.045,6.195,7.949,0.00,0.00,0.00,-12.077,6.304,5.353,0.00,0.00,0.00,-17.961,6.438,-26.855,0.00,0.00,0.00,4.200,4.200,4.200
2026-02-04 11:23:13,505.07,0,354,354,0.00%,80.00,0.00%,"[0, 5, 10, 15, 20, 25, 30, 35, 40, 45, 50, 55, 60, 65, 70, 75, 80, 85, 90, 95, 100]","[0, 0, 0, 0, 0, 0, 0, 0, 0, 0, 0, 0, 0, 0, 0, 0, 1613, 0, 0, 0]","[0.0, 0.0, 0.0, 0.0, 0.0, 0.0, 0.0, 0.0, 0.0, 0.0, 0.0, 0.0, 0.0, 0.0, 0.0, 0.0, 1.0, 1.0, 1.0, 1.0]",4.0,2.0,2.0,2.0,2.0,22,-14.95454,8.0,12.0,hrl_dqn_apf,hierarchical,dqn,-32.268,6.192,7.949,0.00,0.00,0.00,-12.077,6.301,6.130,0.00,0.00,0.00,-18.738,6.435,-26.855,0.00,0.00,0.00,4.200,4.200,4.200
2026-02-04 11:23:14,506.08,0,354,354,0.00%,80.00,0.00%,"[0, 5, 10, 15, 20, 25, 30, 35, 40, 45, 50, 55, 60, 65, 70, 75, 80, 85, 90, 95, 100]","[0, 0, 0, 0, 0, 0, 0, 0, 0, 0, 0, 0, 0, 0, 0, 0, 1613, 0, 0, 0]","[0.0, 0.0, 0.0, 0.0, 0.0, 0.0, 0.0, 0.0, 0.0, 0.0, 0.0, 0.0, 0.0, 0.0, 0.0, 0.0, 1.0, 1.0, 1.0, 1.0]",4.0,2.0,2.0,2.0,2.0,22,-14.95454,8.0,12.0,hrl_dqn_apf,hierarchical,dqn,-30.744,6.186,7.949,0.00,0.00,0.00,-12.077,6.295,7.654,0.00,0.00,0.00,-20.262,6.429,-26.855,0.00,0.00,0.00,4.200,4.200,4.200
2026-02-04 11:23:15,507.08,1,351,352,0.28%,80.11,0.06%,"[0, 5, 10, 15, 20, 25, 30, 35, 40, 45, 50, 55, 60, 65, 70, 75, 80, 85, 90, 95, 100]","[1, 0, 0, 0, 0, 0, 0, 0, 0, 0, 0, 1, 0, 0, 0, 0, 1611, 0, 0, 0]","[0.0006199628022318661, 0.0006199628022318661, 0.0006199628022318661, 0.0006199628022318661, 0.0006199628022318661, 0.0006199628022318661, 0.0006199628022318661, 0.0006199628022318661, 0.0006199628022318661, 0.0006199628022318661, 0.0006199628022318661, 0.0012399256044637321, 0.0012399256044637321, 0.0012399256044637321, 0.0012399256044637321, 0.0012399256044637321, 1.0, 1.0, 1.0, 1.0]",4.0,2.0,2.0,2.0,2.0,22,-14.95454,8.0,12.0,hrl_dqn_apf,hierarchical,dqn,-29.981,6.183,7.950,0.00,0.00,0.00,-12.077,6.292,8.417,0.00,0.00,0.00,-21.026,6.426,-26.855,0.00,0.00,0.00,4.200,4.200,4.200
2026-02-04 11:23:16,508.08,1,351,352,0.28%,80.26,0.06%,"[0, 5, 10, 15, 20, 25, 30, 35, 40, 45, 50, 55, 60, 65, 70, 75, 80, 85, 90, 95, 100]","[1, 0, 0, 0, 0, 0, 0, 0, 0, 0, 1, 1, 0, 0, 0, 0, 1610, 0, 0, 0]","[0.0006199628022318661, 0.0006199628022318661, 0.0006199628022318661, 0.0006199628022318661, 0.0006199628022318661, 0.0006199628022318661, 0.0006199628022318661, 0.0006199628022318661, 0.0006199628022318661, 0.0006199628022318661, 0.0012399256044637321, 0.0018598884066955983, 0.0018598884066955983, 0.0018598884066955983, 0.0018598884066955983, 0.0018598884066955983, 1.0, 1.0, 1.0, 1.0]",4.0,2.0,2.0,2.0,2.0,22,-14.95454,8.0,12.0,hrl_dqn_apf,hierarchical,dqn,-29.220,6.180,7.950,0.00,0.00,0.00,-12.077,6.289,9.178,0.00,0.00,0.00,-21.786,6.423,-26.855,0.00,0.00,0.00,4.200,4.200,4.200
2026-02-04 11:23:17,509.08,2,351,353,0.57%,80.41,0.12%,"[0, 5, 10, 15, 20, 25, 30, 35, 40, 45, 50, 55, 60, 65, 70, 75, 80, 85, 90, 95, 100]","[2, 0, 0, 0, 0, 0, 0, 0, 0, 0, 0, 1, 0, 0, 0, 0, 1610, 0, 0, 0]","[0.0012399256044637321, 0.0012399256044637321, 0.0012399256044637321, 0.0012399256044637321, 0.0012399256044637321, 0.0012399256044637321, 0.0012399256044637321, 0.0012399256044637321, 0.0012399256044637321, 0.0012399256044637321, 0.0012399256044637321, 0.0018598884066955983, 0.0018598884066955983, 0.0018598884066955983, 0.0018598884066955983, 0.0018598884066955983, 1.0, 1.0, 1.0, 1.0]",4.0,2.0,2.0,2.0,2.0,22,-14.95454,8.0,12.0,hrl_dqn_apf,hierarchical,dqn,-28.457,6.154,7.950,0.00,0.00,0.00,-12.077,6.267,9.941,0.00,0.00,0.00,-22.550,6.401,-26.855,0.00,0.00,0.00,4.200,4.200,4.200
2026-02-04 11:23:18,510.08,3,350,353,0.85%,80.70,0.19%,"[0, 5, 10, 15, 20, 25, 30, 35, 40, 45, 50, 55, 60, 65, 70, 75, 80, 85, 90, 95, 100]","[3, 0, 0, 0, 0, 0, 0, 0, 0, 0, 0, 1, 0, 1, 0, 0, 1608, 0, 0, 0]","[0.0018598884066955983, 0.0018598884066955983, 0.0018598884066955983, 0.0018598884066955983, 0.0018598884066955983, 0.0018598884066955983, 0.0018598884066955983, 0.0018598884066955983, 0.0018598884066955983, 0.0018598884066955983, 0.0018598884066955983, 0.0024798512089274642, 0.0024798512089274642, 0.0030998140111593306, 0.0030998140111593306, 0.0030998140111593306, 1.0, 1.0, 1.0, 1.0]",4.0,2.0,2.0,2.0,2.0,22,-14.95454,8.0,12.0,hrl_dqn_apf,hierarchical,dqn,-26.935,6.068,7.951,0.00,0.00,0.00,-12.077,6.178,11.464,0.00,0.00,0.00,-24.073,6.313,-26.855,0.00,0.00,0.00,4.200,4.200,4.200
2026-02-04 11:23:19,511.09,4,351,355,1.13%,80.82,0.25%,"[0, 5, 10, 15, 20, 25, 30, 35, 40, 45, 50, 55, 60, 65, 70, 75, 80, 85, 90, 95, 100]","[4, 0, 0, 0, 0, 0, 0, 0, 0, 0, 0, 1, 0, 0, 1, 0, 1607, 0, 0, 0]","[0.0024798512089274642, 0.0024798512089274642, 0.0024798512089274642, 0.0024798512089274642, 0.0024798512089274642, 0.0024798512089274642, 0.0024798512089274642, 0.0024798512089274642, 0.0024798512089274642, 0.0024798512089274642, 0.0024798512089274642, 0.0030998140111593306, 0.0030998140111593306, 0.0030998140111593306, 0.0037197768133911966, 0.0037197768133911966, 1.0, 1.0, 1.0, 1.0]",4.0,2.0,2.0,2.0,2.0,22,-14.95454,8.0,12.0,hrl_dqn_apf,hierarchical,dqn,-26.174,6.056,7.951,0.00,0.00,0.00,-12.077,6.165,12.224,0.00,0.00,0.00,-24.833,6.300,-26.855,0.00,0.00,0.00,4.200,4.200,4.200
2026-02-04 11:23:20,512.09,6,351,357,1.68%,80.92,0.37%,"[0, 5, 10, 15, 20, 25, 30, 35, 40, 45, 50, 55, 60, 65, 70, 75, 80, 85, 90, 95, 100]","[5, 0, 0, 0, 0, 1, 0, 0, 0, 0, 0, 0, 1, 0, 0, 0, 1261, 345, 0, 0]","[0.0030998140111593306, 0.0030998140111593306, 0.0030998140111593306, 0.0030998140111593306, 0.0030998140111593306, 0.0037197768133911966, 0.0037197768133911966, 0.0037197768133911966, 0.0037197768133911966, 0.0037197768133911966, 0.0037197768133911966, 0.0037197768133911966, 0.0043397396156230625, 0.0043397396156230625, 0.0043397396156230625, 0.0043397396156230625, 0.7861128332300062, 1.0, 1.0, 1.0]",4.0,2.0,2.0,2.0,2.0,22,-14.95454,8.0,12.0,hrl_dqn_apf,hierarchical,dqn,-25.411,6.049,7.951,0.00,0.00,0.00,-12.077,6.158,12.987,0.00,0.00,0.00,-25.596,6.292,-26.855,0.00,0.00,0.00,4.200,4.200,4.200
2026-02-04 11:23:21,513.10,7,350,357,1.96%,81.02,0.43%,"[0, 5, 10, 15, 20, 25, 30, 35, 40, 45, 50, 55, 60, 65, 70, 75, 80, 85, 90, 95, 100]","[6, 0, 0, 0, 0, 1, 0, 0, 0, 0, 0, 1, 1, 0, 1, 0, 1260, 343, 0, 0]","[0.0037197768133911966, 0.0037197768133911966, 0.0037197768133911966, 0.0037197768133911966, 0.0037197768133911966, 0.0043397396156230625, 0.0043397396156230625, 0.0043397396156230625, 0.0043397396156230625, 0.0043397396156230625, 0.0043397396156230625, 0.0049597024178549285, 0.005579665220086794, 0.005579665220086794, 0.006199628022318661, 0.006199628022318661, 0.78735275883447, 1.0, 1.0, 1.0]",4.0,2.0,2.0,2.0,2.0,22,-14.95454,8.0,12.0,hrl_dqn_apf,hierarchical,dqn,-24.650,6.044,7.952,0.00,0.00,0.00,-12.077,6.153,13.748,0.00,0.00,0.00,-26.357,6.288,-26.855,0.00,0.00,0.00,4.200,4.200,4.200
2026-02-04 11:23:22,514.10,8,357,365,2.19%,81.21,0.56%,"[0, 5, 10, 15, 20, 25, 30, 35, 40, 45, 50, 55, 60, 65, 70, 75, 80, 85, 90, 95, 100]","[6, 2, 0, 0, 0, 1, 1, 1, 0, 1, 0, 0, 1, 0, 0, 0, 1258, 342, 0, 0]","[0.0037197768133911966, 0.0049597024178549285, 0.0049597024178549285, 0.0049597024178549285, 0.0049597024178549285, 0.005579665220086794, 0.006199628022318661, 0.006819590824550527, 0.006819590824550527, 0.007439553626782393, 0.007439553626782393, 0.007439553626782393, 0.008059516429014259, 0.008059516429014259, 0.008059516429014259, 0.008059516429014259, 0.7879727216367018, 1.0, 1.0, 1.0]",4.0,2.0,2.0,2.0,2.0,22,-14.95454,8.0,12.0,hrl_dqn_apf,hierarchical,dqn,-23.109,6.037,7.952,0.00,0.00,0.00,-12.077,6.146,15.288,0.00,0.00,0.00,-27.898,6.280,-26.855,0.00,0.00,0.00,4.200,4.200,4.200
2026-02-04 11:23:23,515.10,8,355,363,2.20%,81.33,0.62%,"[0, 5, 10, 15, 20, 25, 30, 35, 40, 45, 50, 55, 60, 65, 70, 75, 80, 85, 90, 95, 100]","[8, 2, 0, 0, 0, 0, 2, 0, 0, 0, 0, 0, 1, 0, 0, 1, 1258, 341, 0, 0]","[0.0049597024178549285, 0.006199628022318661, 0.006199628022318661, 0.006199628022318661, 0.006199628022318661, 0.006199628022318661, 0.007439553626782393, 0.007439553626782393, 0.007439553626782393, 0.007439553626782393, 0.007439553626782393, 0.007439553626782393, 0.008059516429014259, 0.008059516429014259, 0.008059516429014259, 0.008679479231246125, 0.7885926844389337, 1.0, 1.0, 1.0]",4.0,2.0,2.0,2.0,2.0,22,-14.95454,8.0,12.0,hrl_dqn_apf,hierarchical,dqn,-22.349,6.034,7.952,0.00,0.00,0.00,-12.077,6.143,16.048,0.00,0.00,0.00,-28.659,6.277,-26.855,0.00,0.00,0.00,4.200,4.200,4.200
2026-02-04 11:23:24,516.10,0,354,354,0.00%,80.00,0.00%,"[0, 5, 10, 15, 20, 25, 30, 35, 40, 45, 50, 55, 60, 65, 70, 75, 80, 85, 90, 95, 100]","[0, 0, 0, 0, 0, 0, 0, 0, 0, 0, 0, 0, 0, 0, 0, 0, 1613, 0, 0, 0]","[0.0, 0.0, 0.0, 0.0, 0.0, 0.0, 0.0, 0.0, 0.0, 0.0, 0.0, 0.0, 0.0, 0.0, 0.0, 0.0, 1.0, 1.0, 1.0, 1.0]",4.0,2.0,2.0,2.0,2.0,22,-14.95454,8.0,12.0,hrl_dqn_apf,hierarchical,dqn,-21.585,6.031,7.953,0.00,0.00,0.00,-12.077,6.140,16.812,0.00,0.00,0.00,-29.422,6.274,-26.855,0.00,0.00,0.00,4.200,4.200,4.200
2026-02-04 11:23:25,517.11,0,354,354,0.00%,80.00,0.00%,"[0, 5, 10, 15, 20, 25, 30, 35, 40, 45, 50, 55, 60, 65, 70, 75, 80, 85, 90, 95, 100]","[0, 0, 0, 0, 0, 0, 0, 0, 0, 0, 0, 0, 0, 0, 0, 0, 1613, 0, 0, 0]","[0.0, 0.0, 0.0, 0.0, 0.0, 0.0, 0.0, 0.0, 0.0, 0.0, 0.0, 0.0, 0.0, 0.0, 0.0, 0.0, 1.0, 1.0, 1.0, 1.0]",4.0,2.0,2.0,2.0,2.0,22,-14.95454,8.0,12.0,hrl_dqn_apf,hierarchical,dqn,-20.825,6.028,7.953,0.00,0.00,0.00,-12.077,6.137,17.572,0.00,0.00,0.00,-30.183,6.271,-26.855,0.00,0.00,0.00,4.200,4.200,4.200
2026-02-04 11:23:26,518.12,1,351,352,0.28%,80.04,0.12%,"[0, 5, 10, 15, 20, 25, 30, 35, 40, 45, 50, 55, 60, 65, 70, 75, 80, 85, 90, 95, 100]","[0, 0, 1, 1, 0, 0, 0, 1, 1, 0, 0, 0, 0, 0, 1, 0, 1608, 0, 0, 0]","[0.0, 0.0, 0.0006199628022318661, 0.0012399256044637321, 0.0012399256044637321, 0.0012399256044637321, 0.0012399256044637321, 0.0018598884066955983, 0.0024798512089274642, 0.0024798512089274642, 0.0024798512089274642, 0.0024798512089274642, 0.0024798512089274642, 0.0024798512089274642, 0.0030998140111593306, 0.0030998140111593306, 1.0, 1.0, 1.0, 1.0]",4.0,2.0,2.0,2.0,2.0,22,-14.95454,8.0,12.0,hrl_dqn_apf,hierarchical,dqn,-19.301,6.021,7.953,0.00,0.00,0.00,-12.077,6.131,19.096,0.00,0.00,0.00,-31.706,6.265,-26.855,0.00,0.00,0.00,4.200,4.200,4.200
2026-02-04 11:23:27,519.12,3,349,352,0.85%,80.13,0.25%,"[0, 5, 10, 15, 20, 25, 30, 35, 40, 45, 50, 55, 60, 65, 70, 75, 80, 85, 90, 95, 100]","[2, 0, 0, 1, 0, 1, 0, 1, 0, 0, 0, 1, 0, 0, 0, 0, 1607, 0, 0, 0]","[0.0012399256044637321, 0.0012399256044637321, 0.0012399256044637321, 0.0018598884066955983, 0.0018598884066955983, 0.0024798512089274642, 0.0024798512089274642, 0.0030998140111593306, 0.0030998140111593306, 0.0030998140111593306, 0.0030998140111593306, 0.0037197768133911966, 0.0037197768133911966, 0.0037197768133911966, 0.0037197768133911966, 0.0037197768133911966, 1.0, 1.0, 1.0, 1.0]",4.0,2.0,2.0,2.0,2.0,22,-14.95454,8.0,12.0,hrl_dqn_apf,hierarchical,dqn,-18.540,6.018,7.954,0.00,0.00,0.00,-12.077,6.128,19.857,0.00,0.00,0.00,-32.467,6.262,-26.855,0.00,0.00,0.00,4.200,4.200,4.200
2026-02-04 11:23:28,520.12,4,349,353,1.13%,80.22,0.37%,"[0, 5, 10, 15, 20, 25, 30, 35, 40, 45, 50, 55, 60, 65, 70, 75, 80, 85, 90, 95, 100]","[3, 0, 0, 1, 0, 2, 0, 1, 0, 0, 0, 0, 1, 0, 0, 0, 1605, 0, 0, 0]","[0.0018598884066955983, 0.0018598884066955983, 0.0018598884066955983, 0.0024798512089274642, 0.0024798512089274642, 0.0037197768133911966, 0.0037197768133911966, 0.0043397396156230625, 0.0043397396156230625, 0.0043397396156230625, 0.0043397396156230625, 0.0043397396156230625, 0.0049597024178549285, 0.0049597024178549285, 0.0049597024178549285, 0.0049597024178549285, 1.0, 1.0, 1.0, 1.0]",4.0,2.0,2.0,2.0,2.0,22,-14.95454,8.0,12.0,hrl_dqn_apf,hierarchical,dqn,-17.777,6.015,7.954,0.00,0.00,0.00,-12.077,6.125,20.620,0.00,0.00,0.00,-33.230,6.259,-26.855,0.00,0.00,0.00,4.200,4.200,4.200
2026-02-04 11:23:29,521.14,5,348,353,1.42%,80.33,0.50%,"[0, 5, 10, 15, 20, 25, 30, 35, 40, 45, 50, 55, 60, 65, 70, 75, 80, 85, 90, 95, 100]","[4, 0, 0, 1, 0, 3, 0, 1, 0, 0, 0, 0, 0, 0, 0, 0, 1604, 0, 0, 0]","[0.0024798512089274642, 0.0024798512089274642, 0.0024798512089274642, 0.0030998140111593306, 0.0030998140111593306, 0.0049597024178549285, 0.0049597024178549285, 0.005579665220086794, 0.005579665220086794, 0.005579665220086794, 0.005579665220086794, 0.005579665220086794, 0.005579665220086794, 0.005579665220086794, 0.005579665220086794, 0.005579665220086794, 1.0, 1.0, 1.0, 1.0]",4.0,2.0,2.0,2.0,2.0,22,-14.95454,8.0,12.0,hrl_dqn_apf,hierarchical,dqn,-17.017,5.951,7.954,0.00,0.00,0.00,-12.077,6.062,21.380,0.00,0.00,0.00,-33.989,6.192,-26.855,0.00,0.00,0.00,4.200,4.200,4.200
2026-02-04 11:23:30,522.15,7,348,355,1.97%,80.52,0.68%,"[0, 5, 10, 15, 20, 25, 30, 35, 40, 45, 50, 55, 60, 65, 70, 75, 80, 85, 90, 95, 100]","[7, 0, 0, 1, 1, 2, 0, 1, 0, 0, 0, 0, 0, 0, 0, 0, 1601, 0, 0, 0]","[0.0043397396156230625, 0.0043397396156230625, 0.0043397396156230625, 0.0049597024178549285, 0.005579665220086794, 0.006819590824550527, 0.006819590824550527, 0.007439553626782393, 0.007439553626782393, 0.007439553626782393, 0.007439553626782393, 0.007439553626782393, 0.007439553626782393, 0.007439553626782393, 0.007439553626782393, 0.007439553626782393, 1.0, 1.0, 1.0, 1.0]",4.0,2.0,2.0,2.0,2.0,22,-14.95454,8.0,12.0,hrl_dqn_apf,hierarchical,dqn,-15.571,5.899,7.955,0.00,0.00,0.00,-12.077,6.009,22.826,0.00,0.00,0.00,-35.435,6.142,-26.855,0.00,0.00,0.00,4.200,4.200,4.200
2026-02-04 11:23:32,523.15,8,349,357,2.24%,80.62,0.74%,"[0, 5, 10, 15, 20, 25, 30, 35, 40, 45, 50, 55, 60, 65, 70, 75, 80, 85, 90, 95, 100]","[7, 0, 0, 1, 0, 4, 0, 1, 1, 0, 1, 0, 0, 0, 0, 0, 1255, 343, 0, 0]","[0.0043397396156230625, 0.0043397396156230625, 0.0043397396156230625, 0.0049597024178549285, 0.0049597024178549285, 0.007439553626782393, 0.007439553626782393, 0.008059516429014259, 0.008679479231246125, 0.008679479231246125, 0.009299442033477991, 0.009299442033477991, 0.009299442033477991, 0.009299442033477991, 0.009299442033477991, 0.009299442033477991, 0.78735275883447, 1.0, 1.0, 1.0]",4.0,2.0,2.0,2.0,2.0,22,-14.95454,8.0,12.0,hrl_dqn_apf,hierarchical,dqn,-14.825,5.890,7.955,0.00,0.00,0.00,-12.077,5.999,23.573,0.00,0.00,0.00,-36.183,6.133,-26.855,0.00,0.00,0.00,4.200,4.200,4.200
2026-02-04 11:23:33,524.15,6,351,357,1.68%,80.73,0.68%,"[0, 5, 10, 15, 20, 25, 30, 35, 40, 45, 50, 55, 60, 65, 70, 75, 80, 85, 90, 95, 100]","[9, 0, 0, 0, 1, 1, 3, 1, 0, 0, 0, 0, 0, 0, 0, 1, 1255, 342, 0, 0]","[0.005579665220086794, 0.005579665220086794, 0.005579665220086794, 0.005579665220086794, 0.006199628022318661, 0.006819590824550527, 0.008679479231246125, 0.009299442033477991, 0.009299442033477991, 0.009299442033477991, 0.009299442033477991, 0.009299442033477991, 0.009299442033477991, 0.009299442033477991, 0.009299442033477991, 0.009919404835709857, 0.7879727216367018, 1.0, 1.0, 1.0]",4.0,2.0,2.0,2.0,2.0,22,-14.95454,8.0,12.0,hrl_dqn_apf,hierarchical,dqn,-14.062,5.884,7.955,0.00,0.00,0.00,-12.077,5.994,24.336,0.00,0.00,0.00,-36.943,6.127,-26.855,0.00,0.00,0.00,4.200,4.200,4.200
2026-02-04 11:23:34,525.15,6,355,361,1.66%,80.80,0.74%,"[0, 5, 10, 15, 20, 25, 30, 35, 40, 45, 50, 55, 60, 65, 70, 75, 80, 85, 90, 95, 100]","[8, 1, 1, 0, 1, 1, 5, 1, 0, 0, 0, 0, 0, 0, 0, 0, 1254, 341, 0, 0]","[0.0049597024178549285, 0.005579665220086794, 0.006199628022318661, 0.006199628022318661, 0.006819590824550527, 0.007439553626782393, 0.010539367637941723, 0.011159330440173589, 0.011159330440173589, 0.011159330440173589, 0.011159330440173589, 0.011159330440173589, 0.011159330440173589, 0.011159330440173589, 0.011159330440173589, 0.011159330440173589, 0.7885926844389337, 1.0, 1.0, 1.0]",4.0,2.0,2.0,2.0,2.0,22,-14.95454,8.0,12.0,hrl_dqn_apf,hierarchical,dqn,-13.302,5.880,7.955,0.00,0.00,0.00,-12.077,5.990,25.096,0.00,0.00,0.00,-37.703,6.123,-26.855,0.00,0.00,0.00,4.200,4.200,4.200
2026-02-04 11:23:35,526.16,8,355,363,2.20%,81.06,0.87%,"[0, 5, 10, 15, 20, 25, 30, 35, 40, 45, 50, 55, 60, 65, 70, 75, 80, 85, 90, 95, 100]","[9, 2, 0, 1, 1, 1, 5, 1, 0, 0, 0, 0, 0, 0, 0, 0, 1253, 340, 0, 0]","[0.005579665220086794, 0.006819590824550527, 0.006819590824550527, 0.007439553626782393, 0.008059516429014259, 0.008679479231246125, 0.011779293242405457, 0.012399256044637322, 0.012399256044637322, 0.012399256044637322, 0.012399256044637322, 0.012399256044637322, 0.012399256044637322, 0.012399256044637322, 0.012399256044637322, 0.012399256044637322, 0.7892126472411656, 1.0, 1.0, 1.0]",4.0,2.0,2.0,2.0,2.0,22,-14.95454,8.0,12.0,hrl_dqn_apf,hierarchical,dqn,-11.787,5.873,7.956,0.00,0.00,0.00,-12.077,5.983,26.612,0.00,0.00,0.00,-39.218,6.116,-26.855,0.00,0.00,0.00,4.200,4.200,4.200
2026-02-04 11:23:36,527.17,0,354,354,0.00%,80.00,0.00%,"[0, 5, 10, 15, 20, 25, 30, 35, 40, 45, 50, 55, 60, 65, 70, 75, 80, 85, 90, 95, 100]","[0, 0, 0, 0, 0, 0, 0, 0, 0, 0, 0, 0, 0, 0, 0, 0, 1613, 0, 0, 0]","[0.0, 0.0, 0.0, 0.0, 0.0, 0.0, 0.0, 0.0, 0.0, 0.0, 0.0, 0.0, 0.0, 0.0, 0.0, 0.0, 1.0, 1.0, 1.0, 1.0]",4.0,2.0,2.0,2.0,2.0,22,-14.95454,8.0,12.0,hrl_dqn_apf,hierarchical,dqn,-11.027,5.870,7.956,0.00,0.00,0.00,-12.077,5.980,27.372,0.00,0.00,0.00,-39.978,6.113,-26.855,0.00,0.00,0.00,4.200,4.200,4.200
2026-02-04 11:23:37,528.17,0,354,354,0.00%,80.00,0.00%,"[0, 5, 10, 15, 20, 25, 30, 35, 40, 45, 50, 55, 60, 65, 70, 75, 80, 85, 90, 95, 100]","[0, 0, 0, 0, 0, 0, 0, 0, 0, 0, 0, 0, 0, 0, 0, 0, 1613, 0, 0, 0]","[0.0, 0.0, 0.0, 0.0, 0.0, 0.0, 0.0, 0.0, 0.0, 0.0, 0.0, 0.0, 0.0, 0.0, 0.0, 0.0, 1.0, 1.0, 1.0, 1.0]",4.0,2.0,2.0,2.0,2.0,22,-14.95454,8.0,12.0,hrl_dqn_apf,hierarchical,dqn,-10.264,5.867,7.956,0.00,0.00,0.00,-12.077,5.977,28.136,0.00,0.00,0.00,-40.741,6.110,-26.855,0.00,0.00,0.00,4.200,4.200,4.200
2026-02-04 11:23:38,529.18,0,354,354,0.00%,80.00,0.00%,"[0, 5, 10, 15, 20, 25, 30, 35, 40, 45, 50, 55, 60, 65, 70, 75, 80, 85, 90, 95, 100]","[0, 0, 0, 0, 0, 0, 0, 0, 0, 0, 0, 0, 0, 0, 0, 0, 1613, 0, 0, 0]","[0.0, 0.0, 0.0, 0.0, 0.0, 0.0, 0.0, 0.0, 0.0, 0.0, 0.0, 0.0, 0.0, 0.0, 0.0, 0.0, 1.0, 1.0, 1.0, 1.0]",4.0,2.0,2.0,2.0,2.0,22,-14.95454,8.0,12.0,hrl_dqn_apf,hierarchical,dqn,-9.123,5.879,7.956,0.00,0.00,0.00,-12.077,5.971,29.668,0.00,0.00,0.00,-42.272,6.104,-26.855,0.00,0.00,0.00,4.200,4.200,4.200
2026-02-04 11:23:39,530.19,1,351,352,0.28%,80.12,0.06%,"[0, 5, 10, 15, 20, 25, 30, 35, 40, 45, 50, 55, 60, 65, 70, 75, 80, 85, 90, 95, 100]","[1, 0, 0, 0, 0, 0, 0, 0, 0, 0, 0, 0, 0, 1, 0, 0, 1611, 0, 0, 0]","[0.0006199628022318661, 0.0006199628022318661, 0.0006199628022318661, 0.0006199628022318661, 0.0006199628022318661, 0.0006199628022318661, 0.0006199628022318661, 0.0006199628022318661, 0.0006199628022318661, 0.0006199628022318661, 0.0006199628022318661, 0.0006199628022318661, 0.0006199628022318661, 0.0012399256044637321, 0.0012399256044637321, 0.0012399256044637321, 1.0, 1.0, 1.0, 1.0]",4.0,2.0,2.0,2.0,2.0,22,-14.95454,8.0,12.0,hrl_dqn_apf,hierarchical,dqn,-8.451,5.879,7.956,0.00,0.00,0.00,-12.077,5.967,30.432,0.00,0.00,0.00,-43.035,6.101,-26.855,0.00,0.00,0.00,4.200,4.200,4.200
2026-02-04 11:23:40,531.19,3,349,352,0.85%,80.23,0.19%,"[0, 5, 10, 15, 20, 25, 30, 35, 40, 45, 50, 55, 60, 65, 70, 75, 80, 85, 90, 95, 100]","[1, 0, 0, 0, 2, 0, 0, 0, 0, 0, 0, 0, 0, 0, 0, 0, 1610, 0, 0, 0]","[0.0006199628022318661, 0.0006199628022318661, 0.0006199628022318661, 0.0006199628022318661, 0.0018598884066955983, 0.0018598884066955983, 0.0018598884066955983, 0.0018598884066955983, 0.0018598884066955983, 0.0018598884066955983, 0.0018598884066955983, 0.0018598884066955983, 0.0018598884066955983, 0.0018598884066955983, 0.0018598884066955983, 0.0018598884066955983, 1.0, 1.0, 1.0, 1.0]",4.0,2.0,2.0,2.0,2.0,22,-14.95454,8.0,12.0,hrl_dqn_apf,hierarchical,dqn,-7.715,5.877,7.957,0.00,0.00,0.00,-12.077,5.964,31.192,0.00,0.00,0.00,-43.795,6.098,-26.855,0.00,0.00,0.00,4.200,4.200,4.200
2026-02-04 11:23:41,532.20,3,350,353,0.85%,80.37,0.19%,"[0, 5, 10, 15, 20, 25, 30, 35, 40, 45, 50, 55, 60, 65, 70, 75, 80, 85, 90, 95, 100]","[2, 0, 0, 0, 1, 0, 0, 0, 0, 0, 0, 1, 0, 0, 0, 0, 1609, 0, 0, 0]","[0.0012399256044637321, 0.0012399256044637321, 0.0012399256044637321, 0.0012399256044637321, 0.0018598884066955983, 0.0018598884066955983, 0.0018598884066955983, 0.0018598884066955983, 0.0018598884066955983, 0.0018598884066955983, 0.0018598884066955983, 0.0024798512089274642, 0.0024798512089274642, 0.0024798512089274642, 0.0024798512089274642, 0.0024798512089274642, 1.0, 1.0, 1.0, 1.0]",4.0,2.0,2.0,2.0,2.0,22,-14.95454,8.0,12.0,hrl_dqn_apf,hierarchical,dqn,-6.962,5.837,7.957,0.00,0.00,0.00,-12.077,5.921,31.952,0.00,0.00,0.00,-44.555,6.054,-26.855,0.00,0.00,0.00,4.200,4.200,4.200
2026-02-04 11:23:42,533.20,5,348,353,1.42%,80.62,0.31%,"[0, 5, 10, 15, 20, 25, 30, 35, 40, 45, 50, 55, 60, 65, 70, 75, 80, 85, 90, 95, 100]","[3, 0, 0, 0, 0, 2, 0, 0, 0, 1, 0, 0, 0, 0, 1, 0, 1606, 0, 0, 0]","[0.0018598884066955983, 0.0018598884066955983, 0.0018598884066955983, 0.0018598884066955983, 0.0018598884066955983, 0.0030998140111593306, 0.0030998140111593306, 0.0030998140111593306, 0.0030998140111593306, 0.0037197768133911966, 0.0037197768133911966, 0.0037197768133911966, 0.0037197768133911966, 0.0037197768133911966, 0.0043397396156230625, 0.0043397396156230625, 1.0, 1.0, 1.0, 1.0]",4.0,2.0,2.0,2.0,2.0,22,-14.95454,8.0,12.0,hrl_dqn_apf,hierarchical,dqn,-5.437,5.764,7.956,0.00,0.00,0.00,-12.077,5.850,33.472,0.00,0.00,0.00,-46.075,5.983,-26.855,0.00,0.00,0.00,4.200,4.200,4.200
2026-02-04 11:23:43,534.21,5,350,355,1.41%,80.75,0.37%,"[0, 5, 10, 15, 20, 25, 30, 35, 40, 45, 50, 55, 60, 65, 70, 75, 80, 85, 90, 95, 100]","[4, 0, 0, 0, 0, 2, 1, 0, 0, 0, 0, 0, 0, 0, 0, 0, 1606, 0, 0, 0]","[0.0024798512089274642, 0.0024798512089274642, 0.0024798512089274642, 0.0024798512089274642, 0.0024798512089274642, 0.0037197768133911966, 0.0043397396156230625, 0.0043397396156230625, 0.0043397396156230625, 0.0043397396156230625, 0.0043397396156230625, 0.0043397396156230625, 0.0043397396156230625, 0.0043397396156230625, 0.0043397396156230625, 0.0043397396156230625, 1.0, 1.0, 1.0, 1.0]",4.0,2.0,2.0,2.0,2.0,22,-14.95454,8.0,12.0,hrl_dqn_apf,hierarchical,dqn,-4.676,5.753,7.956,0.00,0.00,0.00,-12.077,5.839,34.232,0.00,0.00,0.00,-46.835,5.973,-26.855,0.00,0.00,0.00,4.200,4.200,4.200
2026-02-04 11:23:44,535.22,5,352,357,1.40%,80.87,0.43%,"[0, 5, 10, 15, 20, 25, 30, 35, 40, 45, 50, 55, 60, 65, 70, 75, 80, 85, 90, 95, 100]","[4, 0, 0, 0, 0, 3, 1, 0, 0, 0, 0, 1, 0, 0, 0, 0, 1258, 346, 0, 0]","[0.0024798512089274642, 0.0024798512089274642, 0.0024798512089274642, 0.0024798512089274642, 0.0024798512089274642, 0.0043397396156230625, 0.0049597024178549285, 0.0049597024178549285, 0.0049597024178549285, 0.0049597024178549285, 0.0049597024178549285, 0.005579665220086794, 0.005579665220086794, 0.005579665220086794, 0.005579665220086794, 0.005579665220086794, 0.7854928704277744, 1.0, 1.0, 1.0]",4.0,2.0,2.0,2.0,2.0,22,-14.95454,8.0,12.0,hrl_dqn_apf,hierarchical,dqn,-3.916,5.747,7.956,0.00,0.00,0.00,-12.077,5.833,34.992,0.00,0.00,0.00,-47.595,5.966,-26.855,0.00,0.00,0.00,4.200,4.200,4.200
2026-02-04 11:23:45,536.22,4,353,357,1.12%,81.02,0.43%,"[0, 5, 10, 15, 20, 25, 30, 35, 40, 45, 50, 55, 60, 65, 70, 75, 80, 85, 90, 95, 100]","[4, 1, 0, 0, 1, 1, 2, 0, 0, 0, 0, 0, 0, 0, 0, 0, 1258, 346, 0, 0]","[0.0024798512089274642, 0.0030998140111593306, 0.0030998140111593306, 0.0030998140111593306, 0.0037197768133911966, 0.0043397396156230625, 0.005579665220086794, 0.005579665220086794, 0.005579665220086794, 0.005579665220086794, 0.005579665220086794, 0.005579665220086794, 0.005579665220086794, 0.005579665220086794, 0.005579665220086794, 0.005579665220086794, 0.7854928704277744, 1.0, 1.0, 1.0]",4.0,2.0,2.0,2.0,2.0,22,-14.95454,8.0,12.0,hrl_dqn_apf,hierarchical,dqn,-3.153,5.742,7.957,0.00,0.00,0.00,-12.077,5.828,35.755,0.00,0.00,0.00,-48.358,5.962,-26.855,0.00,0.00,0.00,4.200,4.200,4.200
2026-02-04 11:23:46,537.22,5,360,365,1.37%,81.29,0.50%,"[0, 5, 10, 15, 20, 25, 30, 35, 40, 45, 50, 55, 60, 65, 70, 75, 80, 85, 90, 95, 100]","[4, 2, 0, 0, 0, 2, 3, 0, 0, 0, 0, 0, 0, 0, 0, 1, 1254, 347, 0, 0]","[0.0024798512089274642, 0.0037197768133911966, 0.0037197768133911966, 0.0037197768133911966, 0.0037197768133911966, 0.0049597024178549285, 0.006819590824550527, 0.006819590824550527, 0.006819590824550527, 0.006819590824550527, 0.006819590824550527, 0.006819590824550527, 0.006819590824550527, 0.006819590824550527, 0.006819590824550527, 0.007439553626782393, 0.7848729076255425, 1.0, 1.0, 1.0]",4.0,2.0,2.0,2.0,2.0,22,-14.95454,8.0,12.0,hrl_dqn_apf,hierarchical,dqn,-1.641,5.735,7.957,0.00,0.00,0.00,-12.077,5.822,37.267,0.00,0.00,0.00,-49.869,5.955,-26.855,0.00,0.00,0.00,4.200,4.200,4.200
2026-02-04 11:23:47,538.22,0,354,354,0.00%,80.00,0.00%,"[0, 5, 10, 15, 20, 25, 30, 35, 40, 45, 50, 55, 60, 65, 70, 75, 80, 85, 90, 95, 100]","[0, 0, 0, 0, 0, 0, 0, 0, 0, 0, 0, 0, 0, 0, 0, 0, 1613, 0, 0, 0]","[0.0, 0.0, 0.0, 0.0, 0.0, 0.0, 0.0, 0.0, 0.0, 0.0, 0.0, 0.0, 0.0, 0.0, 0.0, 0.0, 1.0, 1.0, 1.0, 1.0]",4.0,2.0,2.0,2.0,2.0,22,-14.95454,8.0,12.0,hrl_dqn_apf,hierarchical,dqn,-0.880,5.732,7.957,0.00,0.00,0.00,-12.077,5.818,38.027,0.00,0.00,0.00,-50.629,5.952,-26.855,0.00,0.00,0.00,4.200,4.200,4.200
2026-02-04 11:23:48,539.23,0,354,354,0.00%,80.00,0.00%,"[0, 5, 10, 15, 20, 25, 30, 35, 40, 45, 50, 55, 60, 65, 70, 75, 80, 85, 90, 95, 100]","[0, 0, 0, 0, 0, 0, 0, 0, 0, 0, 0, 0, 0, 0, 0, 0, 1613, 0, 0, 0]","[0.0, 0.0, 0.0, 0.0, 0.0, 0.0, 0.0, 0.0, 0.0, 0.0, 0.0, 0.0, 0.0, 0.0, 0.0, 0.0, 1.0, 1.0, 1.0, 1.0]",4.0,2.0,2.0,2.0,2.0,22,-14.95454,8.0,12.0,hrl_dqn_apf,hierarchical,dqn,-0.120,5.729,7.958,0.00,0.00,0.00,-12.077,5.815,38.787,0.00,0.00,0.00,-51.389,5.949,-26.855,0.00,0.00,0.00,4.200,4.200,4.200
2026-02-04 11:23:49,540.23,0,354,354,0.00%,80.00,0.00%,"[0, 5, 10, 15, 20, 25, 30, 35, 40, 45, 50, 55, 60, 65, 70, 75, 80, 85, 90, 95, 100]","[0, 0, 0, 0, 0, 0, 0, 0, 0, 0, 0, 0, 0, 0, 0, 0, 1613, 0, 0, 0]","[0.0, 0.0, 0.0, 0.0, 0.0, 0.0, 0.0, 0.0, 0.0, 0.0, 0.0, 0.0, 0.0, 0.0, 0.0, 0.0, 1.0, 1.0, 1.0, 1.0]",4.0,2.0,2.0,2.0,2.0,22,-14.95454,8.0,12.0,hrl_dqn_apf,hierarchical,dqn,0.658,5.726,7.958,0.00,0.00,0.00,-12.077,5.812,39.564,0.00,0.00,0.00,-52.166,5.946,-26.855,0.00,0.00,0.00,4.200,4.200,4.200
2026-02-04 11:23:50,541.23,0,352,352,0.00%,80.11,0.06%,"[0, 5, 10, 15, 20, 25, 30, 35, 40, 45, 50, 55, 60, 65, 70, 75, 80, 85, 90, 95, 100]","[1, 0, 0, 0, 0, 0, 0, 0, 0, 0, 1, 0, 0, 0, 0, 0, 1611, 0, 0, 0]","[0.0006199628022318661, 0.0006199628022318661, 0.0006199628022318661, 0.0006199628022318661, 0.0006199628022318661, 0.0006199628022318661, 0.0006199628022318661, 0.0006199628022318661, 0.0006199628022318661, 0.0006199628022318661, 0.0012399256044637321, 0.0012399256044637321, 0.0012399256044637321, 0.0012399256044637321, 0.0012399256044637321, 0.0012399256044637321, 1.0, 1.0, 1.0, 1.0]",4.0,2.0,2.0,2.0,2.0,22,-14.95454,8.0,12.0,hrl_dqn_apf,hierarchical,dqn,2.170,5.720,7.958,0.00,0.00,0.00,-12.077,5.806,41.075,0.00,0.00,0.00,-53.678,5.940,-26.855,0.00,0.00,0.00,4.200,4.200,4.200
2026-02-04 11:23:51,542.23,0,352,352,0.00%,80.25,0.06%,"[0, 5, 10, 15, 20, 25, 30, 35, 40, 45, 50, 55, 60, 65, 70, 75, 80, 85, 90, 95, 100]","[1, 0, 0, 0, 0, 0, 0, 1, 0, 0, 1, 0, 0, 1, 0, 0, 1609, 0, 0, 0]","[0.0006199628022318661, 0.0006199628022318661, 0.0006199628022318661, 0.0006199628022318661, 0.0006199628022318661, 0.0006199628022318661, 0.0006199628022318661, 0.0012399256044637321, 0.0012399256044637321, 0.0012399256044637321, 0.0018598884066955983, 0.0018598884066955983, 0.0018598884066955983, 0.0024798512089274642, 0.0024798512089274642, 0.0024798512089274642, 1.0, 1.0, 1.0, 1.0]",4.0,2.0,2.0,2.0,2.0,22,-14.95454,8.0,12.0,hrl_dqn_apf,hierarchical,dqn,2.933,5.720,7.959,0.00,0.00,0.00,-12.077,5.803,41.838,0.00,0.00,0.00,-54.441,5.937,-26.855,0.00,0.00,0.00,4.167,4.167,4.195
2026-02-04 11:23:52,543.24,0,353,353,0.00%,80.37,0.19%,"[0, 5, 10, 15, 20, 25, 30, 35, 40, 45, 50, 55, 60, 65, 70, 75, 80, 85, 90, 95, 100]","[2, 0, 0, 0, 0, 1, 0, 0, 0, 0, 1, 0, 0, 0, 0, 0, 1609, 0, 0, 0]","[0.0012399256044637321, 0.0012399256044637321, 0.0012399256044637321, 0.0012399256044637321, 0.0012399256044637321, 0.0018598884066955983, 0.0018598884066955983, 0.0018598884066955983, 0.0018598884066955983, 0.0018598884066955983, 0.0024798512089274642, 0.0024798512089274642, 0.0024798512089274642, 0.0024798512089274642, 0.0024798512089274642, 0.0024798512089274642, 1.0, 1.0, 1.0, 1.0]",4.0,2.0,2.0,2.0,2.0,20,-29.92057,8.0,12.0,hrl_dqn_apf,hierarchical,dqn,3.443,6.139,7.959,0.00,0.00,0.00,-12.077,5.946,42.177,0.00,0.00,0.00,-54.986,6.007,-27.054,0.00,0.00,0.00,4.164,4.164,4.192
2026-02-04 11:23:53,544.24,0,353,353,0.00%,80.55,0.19%,"[0, 5, 10, 15, 20, 25, 30, 35, 40, 45, 50, 55, 60, 65, 70, 75, 80, 85, 90, 95, 100]","[2, 0, 0, 0, 0, 1, 0, 0, 0, 0, 1, 0, 0, 0, 0, 0, 1609, 0, 0, 0]","[0.0012399256044637321, 0.0012399256044637321, 0.0012399256044637321, 0.0012399256044637321, 0.0012399256044637321, 0.0018598884066955983, 0.0018598884066955983, 0.0018598884066955983, 0.0018598884066955983, 0.0018598884066955983, 0.0024798512089274642, 0.0024798512089274642, 0.0024798512089274642, 0.0024798512089274642, 0.0024798512089274642, 0.0024798512089274642, 1.0, 1.0, 1.0, 1.0]",4.0,2.0,2.0,2.0,2.0,20,-29.92057,8.0,12.0,hrl_dqn_apf,hierarchical,dqn,3.508,6.323,7.959,0.00,0.00,0.00,-12.077,5.984,41.782,0.00,0.00,0.00,-55.186,6.024,-27.646,0.00,0.00,0.00,4.161,4.161,4.189
2026-02-04 11:23:54,545.24,0,355,355,0.00%,80.89,0.19%,"[0, 5, 10, 15, 20, 25, 30, 35, 40, 45, 50, 55, 60, 65, 70, 75, 80, 85, 90, 95, 100]","[3, 0, 0, 0, 0, 0, 0, 0, 0, 0, 1, 0, 0, 0, 0, 0, 1609, 0, 0, 0]","[0.0018598884066955983, 0.0018598884066955983, 0.0018598884066955983, 0.0018598884066955983, 0.0018598884066955983, 0.0018598884066955983, 0.0018598884066955983, 0.0018598884066955983, 0.0018598884066955983, 0.0018598884066955983, 0.0024798512089274642, 0.0024798512089274642, 0.0024798512089274642, 0.0024798512089274642, 0.0024798512089274642, 0.0024798512089274642, 1.0, 1.0, 1.0, 1.0]",4.0,2.0,2.0,2.0,2.0,3,-11.761679999999998,8.0,-12.0,hrl_dqn_apf,hierarchical,dqn,2.357,6.335,7.959,0.00,0.00,0.00,-12.077,6.530,40.853,0.00,0.00,0.00,-55.258,6.029,-29.100,0.00,0.00,0.00,4.158,4.158,4.186
2026-02-04 11:23:55,546.24,0,357,357,0.00%,81.06,0.19%,"[0, 5, 10, 15, 20, 25, 30, 35, 40, 45, 50, 55, 60, 65, 70, 75, 80, 85, 90, 95, 100]","[3, 0, 0, 0, 0, 0, 0, 0, 0, 0, 1, 0, 0, 0, 0, 0, 1257, 352, 0, 0]","[0.0018598884066955983, 0.0018598884066955983, 0.0018598884066955983, 0.0018598884066955983, 0.0018598884066955983, 0.0018598884066955983, 0.0018598884066955983, 0.0018598884066955983, 0.0018598884066955983, 0.0018598884066955983, 0.0024798512089274642, 0.0024798512089274642, 0.0024798512089274642, 0.0024798512089274642, 0.0024798512089274642, 0.0024798512089274642, 0.7817730936143832, 1.0, 1.0, 1.0]",4.0,2.0,2.0,2.0,2.0,3,-11.761679999999998,8.0,-12.0,hrl_dqn_apf,hierarchical,dqn,1.619,6.332,7.959,0.00,0.00,0.00,-12.077,6.538,40.437,0.00,0.00,0.00,-54.938,6.101,-29.536,0.00,0.00,0.00,4.155,4.155,4.183
2026-02-04 11:23:56,547.25,0,357,357,0.00%,81.17,0.31%,"[0, 5, 10, 15, 20, 25, 30, 35, 40, 45, 50, 55, 60, 65, 70, 75, 80, 85, 90, 95, 100]","[4, 0, 0, 0, 0, 1, 0, 0, 0, 0, 0, 0, 0, 0, 0, 0, 1256, 352, 0, 0]","[0.0024798512089274642, 0.0024798512089274642, 0.0024798512089274642, 0.0024798512089274642, 0.0024798512089274642, 0.0030998140111593306, 0.0030998140111593306, 0.0030998140111593306, 0.0030998140111593306, 0.0030998140111593306, 0.0030998140111593306, 0.0030998140111593306, 0.0030998140111593306, 0.0030998140111593306, 0.0030998140111593306, 0.0030998140111593306, 0.7817730936143832, 1.0, 1.0, 1.0]",4.0,2.0,2.0,2.0,2.0,3,-11.600249999999999,8.0,-12.0,hrl_dqn_apf,hierarchical,dqn,0.862,6.328,7.958,0.00,0.00,0.00,-12.077,6.534,39.780,0.00,0.00,0.00,-54.308,6.109,-29.679,0.00,0.00,0.00,4.152,4.152,4.180
2026-02-04 11:23:57,548.25,0,361,361,0.00%,81.33,0.31%,"[0, 5, 10, 15, 20, 25, 30, 35, 40, 45, 50, 55, 60, 65, 70, 75, 80, 85, 90, 95, 100]","[5, 0, 0, 0, 0, 0, 0, 0, 0, 0, 0, 0, 1, 0, 0, 0, 1255, 352, 0, 0]","[0.0030998140111593306, 0.0030998140111593306, 0.0030998140111593306, 0.0030998140111593306, 0.0030998140111593306, 0.0030998140111593306, 0.0030998140111593306, 0.0030998140111593306, 0.0030998140111593306, 0.0030998140111593306, 0.0030998140111593306, 0.0030998140111593306, 0.0037197768133911966, 0.0037197768133911966, 0.0037197768133911966, 0.0037197768133911966, 0.7817730936143832, 1.0, 1.0, 1.0]",4.0,2.0,2.0,2.0,2.0,6,-23.43977,8.0,-6.0,hrl_dqn_apf,hierarchical,dqn,0.104,6.325,7.958,0.00,0.00,0.00,-12.077,6.530,39.049,0.00,0.00,0.00,-53.585,6.107,-29.722,0.00,0.00,0.00,4.149,4.149,4.177
2026-02-04 11:23:58,549.26,0,363,363,0.00%,81.59,0.43%,"[0, 5, 10, 15, 20, 25, 30, 35, 40, 45, 50, 55, 60, 65, 70, 75, 80, 85, 90, 95, 100]","[6, 0, 0, 0, 0, 1, 0, 0, 0, 1, 0, 0, 0, 0, 0, 1, 1251, 353, 0, 0]","[0.0037197768133911966, 0.0037197768133911966, 0.0037197768133911966, 0.0037197768133911966, 0.0037197768133911966, 0.0043397396156230625, 0.0043397396156230625, 0.0043397396156230625, 0.0043397396156230625, 0.0049597024178549285, 0.0049597024178549285, 0.0049597024178549285, 0.0049597024178549285, 0.0049597024178549285, 0.0049597024178549285, 0.005579665220086794, 0.7811531308121513, 1.0, 1.0, 1.0]",4.0,2.0,2.0,2.0,2.0,6,-23.43977,8.0,-6.0,hrl_dqn_apf,hierarchical,dqn,-1.420,6.319,7.958,0.00,0.00,0.00,-12.077,6.522,37.535,0.00,0.00,0.00,-52.074,6.101,-29.740,0.00,0.00,0.00,4.146,4.146,4.174
2026-02-04 11:23:59,550.26,0,365,365,0.00%,81.71,0.56%,"[0, 5, 10, 15, 20, 25, 30, 35, 40, 45, 50, 55, 60, 65, 70, 75, 80, 85, 90, 95, 100]","[7, 0, 0, 0, 0, 2, 0, 0, 0, 0, 0, 0, 0, 0, 0, 0, 1249, 355, 0, 0]","[0.0043397396156230625, 0.0043397396156230625, 0.0043397396156230625, 0.0043397396156230625, 0.0043397396156230625, 0.005579665220086794, 0.005579665220086794, 0.005579665220086794, 0.005579665220086794, 0.005579665220086794, 0.005579665220086794, 0.005579665220086794, 0.005579665220086794, 0.005579665220086794, 0.005579665220086794, 0.005579665220086794, 0.7799132052076876, 1.0, 1.0, 1.0]",4.0,2.0,2.0,2.0,2.0,1,-23.27971,8.0,-12.0,hrl_dqn_apf,hierarchical,dqn,-2.183,6.316,7.957,0.00,0.00,0.00,-12.077,6.519,36.772,0.00,0.00,0.00,-51.312,6.098,-29.741,0.00,0.00,0.00,4.143,4.143,4.171
2026-02-04 11:24:00,551.26,0,369,369,0.00%,81.86,0.56%,"[0, 5, 10, 15, 20, 25, 30, 35, 40, 45, 50, 55, 60, 65, 70, 75, 80, 85, 90, 95, 100]","[7, 0, 0, 0, 0, 2, 1, 0, 0, 0, 0, 0, 1, 0, 0, 0, 1245, 7, 350, 0]","[0.0043397396156230625, 0.0043397396156230625, 0.0043397396156230625, 0.0043397396156230625, 0.0043397396156230625, 0.005579665220086794, 0.006199628022318661, 0.006199628022318661, 0.006199628022318661, 0.006199628022318661, 0.006199628022318661, 0.006199628022318661, 0.006819590824550527, 0.006819590824550527, 0.006819590824550527, 0.006819590824550527, 0.7786732796032239, 0.7830130192188469, 1.0, 1.0]",4.0,2.0,2.0,2.0,2.0,0,-29.11962,8.0,-12.0,hrl_dqn_apf,hierarchical,dqn,-2.946,6.312,7.957,0.00,0.00,0.00,-12.077,6.516,36.009,0.00,0.00,0.00,-50.549,6.095,-29.741,0.00,0.00,0.00,4.140,4.140,4.168
2026-02-04 11:24:01,552.27,0,369,369,0.00%,82.00,0.68%,"[0, 5, 10, 15, 20, 25, 30, 35, 40, 45, 50, 55, 60, 65, 70, 75, 80, 85, 90, 95, 100]","[8, 0, 0, 0, 0, 3, 0, 0, 0, 0, 0, 0, 0, 0, 0, 0, 1245, 7, 350, 0]","[0.0049597024178549285, 0.0049597024178549285, 0.0049597024178549285, 0.0049597024178549285, 0.0049597024178549285, 0.006819590824550527, 0.006819590824550527, 0.006819590824550527, 0.006819590824550527, 0.006819590824550527, 0.006819590824550527, 0.006819590824550527, 0.006819590824550527, 0.006819590824550527, 0.006819590824550527, 0.006819590824550527, 0.7786732796032239, 0.7830130192188469, 1.0, 1.0]",4.0,2.0,2.0,2.0,2.0,0,-29.11962,8.0,-12.0,hrl_dqn_apf,hierarchical,dqn,-3.706,6.309,7.957,0.00,0.00,0.00,-12.077,6.513,35.249,0.00,0.00,0.00,-49.789,6.092,-29.741,0.00,0.00,0.00,4.137,4.137,4.165
2026-02-04 11:24:02,553.27,1,368,369,0.27%,82.28,0.74%,"[0, 5, 10, 15, 20, 25, 30, 35, 40, 45, 50, 55, 60, 65, 70, 75, 80, 85, 90, 95, 100]","[9, 0, 0, 0, 0, 3, 1, 0, 0, 0, 0, 0, 0, 0, 0, 0, 1239, 10, 351, 0]","[0.005579665220086794, 0.005579665220086794, 0.005579665220086794, 0.005579665220086794, 0.005579665220086794, 0.007439553626782393, 0.008059516429014259, 0.008059516429014259, 0.008059516429014259, 0.008059516429014259, 0.008059516429014259, 0.008059516429014259, 0.008059516429014259, 0.008059516429014259, 0.008059516429014259, 0.008059516429014259, 0.7761934283942964, 0.782393056416615, 1.0, 1.0]",4.0,2.0,2.0,2.0,2.0,16,-22.95892,8.0,6.0,hrl_dqn_apf,hierarchical,dqn,-5.247,6.303,7.956,0.00,0.00,0.00,-12.077,6.507,33.709,0.00,0.00,0.00,-48.249,6.086,-29.741,0.00,0.00,0.00,4.134,4.134,4.162
2026-02-04 11:24:03,554.28,1,370,371,0.27%,82.40,0.74%,"[0, 5, 10, 15, 20, 25, 30, 35, 40, 45, 50, 55, 60, 65, 70, 75, 80, 85, 90, 95, 100]","[9, 0, 0, 0, 0, 3, 1, 1, 0, 1, 0, 0, 0, 0, 0, 0, 1237, 12, 349, 0]","[0.005579665220086794, 0.005579665220086794, 0.005579665220086794, 0.005579665220086794, 0.005579665220086794, 0.007439553626782393, 0.008059516429014259, 0.008679479231246125, 0.008679479231246125, 0.009299442033477991, 0.009299442033477991, 0.009299442033477991, 0.009299442033477991, 0.009299442033477991, 0.009299442033477991, 0.009299442033477991, 0.7761934283942964, 0.7836329820210788, 1.0, 1.0]",4.0,2.0,2.0,2.0,2.0,8,-10.798749999999998,8.0,-6.0,hrl_dqn_apf,hierarchical,dqn,-6.010,6.300,7.956,0.00,0.00,0.00,-12.077,6.504,32.947,0.00,0.00,0.00,-47.486,6.083,-29.741,0.00,0.00,0.00,4.131,4.131,4.159
2026-02-04 11:24:04,555.29,2,371,373,0.54%,82.55,0.81%,"[0, 5, 10, 15, 20, 25, 30, 35, 40, 45, 50, 55, 60, 65, 70, 75, 80, 85, 90, 95, 100]","[10, 0, 0, 0, 0, 3, 1, 1, 0, 0, 0, 0, 0, 0, 0, 0, 1235, 12, 351, 0]","[0.006199628022318661, 0.006199628022318661, 0.006199628022318661, 0.006199628022318661, 0.006199628022318661, 0.008059516429014259, 0.008679479231246125, 0.009299442033477991, 0.009299442033477991, 0.009299442033477991, 0.009299442033477991, 0.009299442033477991, 0.009299442033477991, 0.009299442033477991, 0.009299442033477991, 0.009299442033477991, 0.7749535027898327, 0.782393056416615, 1.0, 1.0]",4.0,2.0,2.0,2.0,2.0,8,-10.798749999999998,8.0,-6.0,hrl_dqn_apf,hierarchical,dqn,-6.574,6.303,7.956,0.00,0.00,0.00,-12.077,6.501,32.187,0.00,0.00,0.00,-46.936,6.154,-29.526,0.00,0.00,0.00,4.128,4.128,4.156
2026-02-04 11:24:05,556.29,2,371,373,0.54%,82.69,0.81%,"[0, 5, 10, 15, 20, 25, 30, 35, 40, 45, 50, 55, 60, 65, 70, 75, 80, 85, 90, 95, 100]","[10, 0, 0, 0, 0, 3, 2, 1, 0, 0, 0, 0, 0, 0, 0, 1, 1231, 14, 7, 344]","[0.006199628022318661, 0.006199628022318661, 0.006199628022318661, 0.006199628022318661, 0.006199628022318661, 0.008059516429014259, 0.009299442033477991, 0.009919404835709857, 0.009919404835709857, 0.009919404835709857, 0.009919404835709857, 0.009919404835709857, 0.009919404835709857, 0.009919404835709857, 0.009919404835709857, 0.010539367637941723, 0.7737135771853689, 0.782393056416615, 0.7867327960322381, 1.0]",4.0,2.0,2.0,2.0,2.0,20,-28.71857,8.0,12.0,hrl_dqn_apf,hierarchical,dqn,-7.111,6.314,7.956,0.00,0.00,0.00,-12.077,6.498,31.420,0.00,0.00,0.00,-46.746,6.170,-28.938,0.00,0.00,0.00,4.125,4.125,4.153
2026-02-04 11:24:06,557.30,4,370,374,1.07%,82.96,0.93%,"[0, 5, 10, 15, 20, 25, 30, 35, 40, 45, 50, 55, 60, 65, 70, 75, 80, 85, 90, 95, 100]","[11, 0, 0, 0, 1, 3, 0, 1, 2, 0, 0, 0, 0, 0, 1, 0, 1231, 14, 7, 342]","[0.006819590824550527, 0.006819590824550527, 0.006819590824550527, 0.006819590824550527, 0.007439553626782393, 0.009299442033477991, 0.009299442033477991, 0.009919404835709857, 0.011159330440173589, 0.011159330440173589, 0.011159330440173589, 0.011159330440173589, 0.011159330440173589, 0.011159330440173589, 0.011779293242405457, 0.011779293242405457, 0.7749535027898327, 0.7836329820210788, 0.7879727216367018, 1.0]",4.0,2.0,2.0,2.0,2.0,15,-28.55799,8.0,6.0,hrl_dqn_apf,hierarchical,dqn,-8.546,6.310,7.955,0.00,0.00,0.00,-12.077,6.492,29.902,0.00,0.00,0.00,-46.669,6.166,-27.483,0.00,0.00,0.00,4.122,4.122,4.150
2026-02-04 11:24:07,558.30,5,369,374,1.34%,83.09,0.99%,"[0, 5, 10, 15, 20, 25, 30, 35, 40, 45, 50, 55, 60, 65, 70, 75, 80, 85, 90, 95, 100]","[12, 0, 0, 0, 1, 3, 0, 1, 2, 0, 0, 0, 0, 0, 0, 0, 1231, 10, 10, 343]","[0.007439553626782393, 0.007439553626782393, 0.007439553626782393, 0.007439553626782393, 0.008059516429014259, 0.009919404835709857, 0.009919404835709857, 0.010539367637941723, 0.011779293242405457, 0.011779293242405457, 0.011779293242405457, 0.011779293242405457, 0.011779293242405457, 0.011779293242405457, 0.011779293242405457, 0.011779293242405457, 0.7749535027898327, 0.7811531308121513, 0.78735275883447, 1.0]",4.0,2.0,2.0,2.0,2.0,15,-28.55799,8.0,6.0,hrl_dqn_apf,hierarchical,dqn,-9.304,6.307,7.955,0.00,0.00,0.00,-12.077,6.488,29.139,0.00,0.00,0.00,-46.664,6.163,-26.724,0.00,0.00,0.00,4.119,4.119,4.147
2026-02-04 11:24:08,559.31,5,371,376,1.33%,83.22,0.99%,"[0, 5, 10, 15, 20, 25, 30, 35, 40, 45, 50, 55, 60, 65, 70, 75, 80, 85, 90, 95, 100]","[11, 1, 0, 0, 1, 3, 0, 1, 3, 0, 0, 0, 1, 0, 0, 0, 1229, 10, 12, 341]","[0.006819590824550527, 0.007439553626782393, 0.007439553626782393, 0.007439553626782393, 0.008059516429014259, 0.009919404835709857, 0.009919404835709857, 0.010539367637941723, 0.012399256044637322, 0.012399256044637322, 0.012399256044637322, 0.012399256044637322, 0.013019218846869188, 0.013019218846869188, 0.013019218846869188, 0.013019218846869188, 0.7749535027898327, 0.7811531308121513, 0.7885926844389337, 1.0]",4.0,2.0,2.0,2.0,2.0,11,-22.39795,8.0,0.0,hrl_dqn_apf,hierarchical,dqn,-10.072,6.304,7.957,0.00,0.00,0.00,-12.077,6.485,28.378,0.00,0.00,0.00,-46.662,6.160,-25.964,0.00,0.00,0.00,4.116,4.116,4.144
2026-02-04 11:24:09,560.31,6,372,378,1.59%,83.37,1.05%,"[0, 5, 10, 15, 20, 25, 30, 35, 40, 45, 50, 55, 60, 65, 70, 75, 80, 85, 90, 95, 100]","[12, 1, 0, 0, 0, 4, 0, 1, 2, 1, 0, 0, 0, 0, 0, 0, 1225, 14, 10, 343]","[0.007439553626782393, 0.008059516429014259, 0.008059516429014259, 0.008059516429014259, 0.008059516429014259, 0.010539367637941723, 0.010539367637941723, 0.011159330440173589, 0.012399256044637322, 0.013019218846869188, 0.013019218846869188, 0.013019218846869188, 0.013019218846869188, 0.013019218846869188, 0.013019218846869188, 0.013019218846869188, 0.7724736515809052, 0.7811531308121513, 0.78735275883447, 1.0]",4.0,2.0,2.0,2.0,2.0,3,-10.23782,8.0,-12.0,hrl_dqn_apf,hierarchical,dqn,-10.835,6.301,7.957,0.00,0.00,0.00,-12.077,6.482,27.615,0.00,0.00,0.00,-46.548,6.216,-25.313,0.00,0.00,0.00,4.113,4.113,4.141
2026-02-04 11:24:10,561.31,8,372,380,2.11%,83.64,1.12%,"[0, 5, 10, 15, 20, 25, 30, 35, 40, 45, 50, 55, 60, 65, 70, 75, 80, 85, 90, 95, 100]","[12, 2, 0, 0, 0, 4, 0, 1, 2, 2, 0, 0, 0, 0, 0, 0, 1225, 9, 14, 342]","[0.007439553626782393, 0.008679479231246125, 0.008679479231246125, 0.008679479231246125, 0.008679479231246125, 0.011159330440173589, 0.011159330440173589, 0.011779293242405457, 0.013019218846869188, 0.01425914445133292, 0.01425914445133292, 0.01425914445133292, 0.01425914445133292, 0.01425914445133292, 0.01425914445133292, 0.01425914445133292, 0.7737135771853689, 0.7792932424054557, 0.7879727216367018, 1.0]",4.0,2.0,2.0,2.0,2.0,3,-10.23782,8.0,-12.0,hrl_dqn_apf,hierarchical,dqn,-12.358,6.295,7.956,0.00,0.00,0.00,-12.077,6.476,26.091,0.00,0.00,0.00,-45.338,6.246,-24.981,0.00,0.00,0.00,4.110,4.110,4.138
2026-02-04 11:24:11,562.31,9,373,382,2.36%,83.72,1.18%,"[0, 5, 10, 15, 20, 25, 30, 35, 40, 45, 50, 55, 60, 65, 70, 75, 80, 85, 90, 95, 100]","[11, 3, 1, 0, 0, 4, 0, 1, 1, 5, 0, 0, 0, 0, 0, 0, 1223, 9, 14, 341]","[0.006819590824550527, 0.008679479231246125, 0.009299442033477991, 0.009299442033477991, 0.009299442033477991, 0.011779293242405457, 0.011779293242405457, 0.012399256044637322, 0.013019218846869188, 0.016119032858028518, 0.016119032858028518, 0.016119032858028518, 0.016119032858028518, 0.016119032858028518, 0.016119032858028518, 0.016119032858028518, 0.7743335399876008, 0.7799132052076876, 0.7885926844389337, 1.0]",4.0,2.0,2.0,2.0,2.0,10,-28.07739,8.0,0.0,hrl_dqn_apf,hierarchical,dqn,-13.119,6.292,7.956,0.00,0.00,0.00,-12.077,6.473,25.331,0.00,0.00,0.00,-44.596,6.243,-24.956,0.00,0.00,0.00,4.107,4.107,4.135
2026-02-04 11:24:12,563.32,10,374,384,2.60%,83.86,1.24%,"[0, 5, 10, 15, 20, 25, 30, 35, 40, 45, 50, 55, 60, 65, 70, 75, 80, 85, 90, 95, 100]","[13, 3, 0, 0, 0, 4, 0, 0, 1, 5, 0, 0, 0, 1, 1, 0, 1222, 9, 10, 344]","[0.008059516429014259, 0.009919404835709857, 0.009919404835709857, 0.009919404835709857, 0.009919404835709857, 0.012399256044637322, 0.012399256044637322, 0.012399256044637322, 0.013019218846869188, 0.016119032858028518, 0.016119032858028518, 0.016119032858028518, 0.016119032858028518, 0.016738995660260384, 0.01735895846249225, 0.01735895846249225, 0.7749535027898327, 0.7805331680099195, 0.7867327960322381, 1.0]",4.0,2.0,2.0,2.0,2.0,0,-27.91747,8.0,-12.0,hrl_dqn_apf,hierarchical,dqn,-13.882,6.289,7.956,0.00,0.00,0.00,-12.077,6.470,24.567,0.00,0.00,0.00,-43.838,6.240,-24.948,0.00,0.00,0.00,4.104,4.104,4.132
2026-02-04 11:24:13,564.32,11,371,382,2.88%,83.94,1.36%,"[0, 5, 10, 15, 20, 25, 30, 35, 40, 45, 50, 55, 60, 65, 70, 75, 80, 85, 90, 95, 100]","[13, 3, 1, 0, 1, 4, 0, 0, 1, 6, 0, 0, 0, 0, 0, 0, 1220, 11, 8, 345]","[0.008059516429014259, 0.009919404835709857, 0.010539367637941723, 0.010539367637941723, 0.011159330440173589, 0.013639181649101054, 0.013639181649101054, 0.013639181649101054, 0.01425914445133292, 0.017978921264724116, 0.017978921264724116, 0.017978921264724116, 0.017978921264724116, 0.017978921264724116, 0.017978921264724116, 0.017978921264724116, 0.7743335399876008, 0.7811531308121513, 0.7861128332300062, 1.0]",4.0,2.0,2.0,2.0,2.0,0,-27.91747,8.0,-12.0,hrl_dqn_apf,hierarchical,dqn,-14.643,6.286,7.955,0.00,0.00,0.00,-12.077,6.467,23.807,0.00,0.00,0.00,-43.079,6.237,-24.946,0.00,0.00,0.00,4.101,4.101,4.129
2026-02-04 11:24:14,565.32,10,378,388,2.58%,84.16,1.36%,"[0, 5, 10, 15, 20, 25, 30, 35, 40, 45, 50, 55, 60, 65, 70, 75, 80, 85, 90, 95, 100]","[14, 5, 1, 0, 0, 2, 2, 0, 1, 4, 3, 0, 0, 0, 0, 1, 1216, 7, 10, 347]","[0.008679479231246125, 0.011779293242405457, 0.012399256044637322, 0.012399256044637322, 0.012399256044637322, 0.013639181649101054, 0.014879107253564786, 0.014879107253564786, 0.015499070055796652, 0.017978921264724116, 0.019838809671419714, 0.019838809671419714, 0.019838809671419714, 0.019838809671419714, 0.019838809671419714, 0.02045877247365158, 0.7743335399876008, 0.7786732796032239, 0.7848729076255425, 1.0]",4.0,2.0,2.0,2.0,2.0,22,-15.75711,8.0,12.0,hrl_dqn_apf,hierarchical,dqn,-16.174,6.295,7.942,0.00,0.00,0.00,-12.077,6.461,22.263,0.00,0.00,0.00,-41.998,6.320,-24.473,0.00,0.00,0.00,4.098,4.098,4.126
2026-02-04 11:24:15,566.32,10,378,388,2.58%,84.26,1.43%,"[0, 5, 10, 15, 20, 25, 30, 35, 40, 45, 50, 55, 60, 65, 70, 75, 80, 85, 90, 95, 100]","[16, 3, 2, 0, 0, 2, 2, 1, 1, 3, 4, 0, 0, 0, 0, 0, 1216, 7, 8, 348]","[0.009919404835709857, 0.011779293242405457, 0.013019218846869188, 0.013019218846869188, 0.013019218846869188, 0.01425914445133292, 0.015499070055796652, 0.016119032858028518, 0.016738995660260384, 0.018598884066955982, 0.021078735275883446, 0.021078735275883446, 0.021078735275883446, 0.021078735275883446, 0.021078735275883446, 0.021078735275883446, 0.7749535027898327, 0.7792932424054557, 0.7842529448233106, 1.0]",4.0,2.0,2.0,2.0,2.0,1,-21.596629999999998,8.0,-12.0,hrl_dqn_apf,hierarchical,dqn,-16.586,6.362,7.586,0.00,0.00,0.00,-12.077,6.458,21.502,0.00,0.00,0.00,-41.890,6.323,-23.808,0.00,0.00,0.00,4.095,4.095,4.123
2026-02-04 11:24:16,567.33,11,377,388,2.84%,84.40,1.49%,"[0, 5, 10, 15, 20, 25, 30, 35, 40, 45, 50, 55, 60, 65, 70, 75, 80, 85, 90, 95, 100]","[15, 5, 2, 0, 0, 2, 2, 1, 0, 1, 7, 0, 0, 0, 0, 0, 1211, 10, 9, 348]","[0.009299442033477991, 0.012399256044637322, 0.013639181649101054, 0.013639181649101054, 0.013639181649101054, 0.014879107253564786, 0.016119032858028518, 0.016738995660260384, 0.016738995660260384, 0.01735895846249225, 0.02169869807811531, 0.02169869807811531, 0.02169869807811531, 0.02169869807811531, 0.02169869807811531, 0.02169869807811531, 0.7724736515809052, 0.7786732796032239, 0.7842529448233106, 1.0]",4.0,2.0,2.0,2.0,2.0,1,-21.596629999999998,8.0,-12.0,hrl_dqn_apf,hierarchical,dqn,-16.718,6.369,6.943,0.00,0.00,0.00,-12.077,6.455,20.739,0.00,0.00,0.00,-41.857,6.320,-23.071,0.00,0.00,0.00,4.092,4.092,4.120
2026-02-04 11:24:17,568.33,11,377,388,2.84%,84.55,1.55%,"[0, 5, 10, 15, 20, 25, 30, 35, 40, 45, 50, 55, 60, 65, 70, 75, 80, 85, 90, 95, 100]","[16, 4, 3, 0, 0, 2, 2, 0, 0, 1, 7, 0, 0, 0, 1, 0, 1209, 12, 9, 347]","[0.009919404835709857, 0.012399256044637322, 0.01425914445133292, 0.01425914445133292, 0.01425914445133292, 0.015499070055796652, 0.016738995660260384, 0.016738995660260384, 0.016738995660260384, 0.01735895846249225, 0.02169869807811531, 0.02169869807811531, 0.02169869807811531, 0.02169869807811531, 0.022318660880347178, 0.022318660880347178, 0.7718536887786733, 0.7792932424054557, 0.7848729076255425, 1.0]",4.0,2.0,2.0,2.0,2.0,4,-3.4366000000000003,8.0,-12.0,hrl_dqn_apf,hierarchical,dqn,-16.759,6.366,6.216,0.00,0.00,0.00,-12.077,6.452,19.978,0.00,0.00,0.00,-41.847,6.317,-22.318,0.00,0.00,0.00,4.089,4.089,4.117
2026-02-04 11:24:18,569.34,13,377,390,3.33%,84.77,1.74%,"[0, 5, 10, 15, 20, 25, 30, 35, 40, 45, 50, 55, 60, 65, 70, 75, 80, 85, 90, 95, 100]","[16, 5, 3, 2, 0, 2, 2, 0, 0, 2, 7, 0, 0, 0, 0, 0, 1203, 12, 7, 352]","[0.009919404835709857, 0.013019218846869188, 0.014879107253564786, 0.016119032858028518, 0.016119032858028518, 0.01735895846249225, 0.018598884066955982, 0.018598884066955982, 0.018598884066955982, 0.019838809671419714, 0.02417854928704278, 0.02417854928704278, 0.02417854928704278, 0.02417854928704278, 0.02417854928704278, 0.02417854928704278, 0.7699938003719777, 0.7774333539987601, 0.7817730936143832, 1.0]",4.0,2.0,2.0,2.0,2.0,3,-9.27614,8.0,-12.0,hrl_dqn_apf,hierarchical,dqn,-16.776,6.360,4.704,0.00,0.00,0.00,-12.077,6.446,18.454,0.00,0.00,0.00,-41.374,6.400,-21.258,0.00,0.00,0.00,4.086,4.086,4.114
2026-02-04 11:24:19,570.34,13,377,390,3.33%,84.91,1.80%,"[0, 5, 10, 15, 20, 25, 30, 35, 40, 45, 50, 55, 60, 65, 70, 75, 80, 85, 90, 95, 100]","[18, 4, 4, 1, 0, 2, 1, 1, 0, 1, 4, 3, 0, 0, 0, 0, 1202, 14, 7, 351]","[0.011159330440173589, 0.013639181649101054, 0.016119032858028518, 0.016738995660260384, 0.016738995660260384, 0.017978921264724116, 0.018598884066955982, 0.019218846869187848, 0.019218846869187848, 0.019838809671419714, 0.022318660880347178, 0.02417854928704278, 0.02417854928704278, 0.02417854928704278, 0.02417854928704278, 0.02417854928704278, 0.7693738375697459, 0.778053316800992, 0.782393056416615, 1.0]",4.0,2.0,2.0,2.0,2.0,3,-9.27614,8.0,-12.0,hrl_dqn_apf,hierarchical,dqn,-16.777,6.357,3.942,0.00,0.00,0.00,-12.077,6.443,17.691,0.00,0.00,0.00,-40.707,6.403,-21.150,0.00,0.00,0.00,4.083,4.083,4.111
2026-02-04 11:24:20,571.35,14,377,391,3.58%,85.01,1.92%,"[0, 5, 10, 15, 20, 25, 30, 35, 40, 45, 50, 55, 60, 65, 70, 75, 80, 85, 90, 95, 100]","[17, 6, 3, 2, 1, 2, 0, 2, 0, 1, 4, 3, 0, 0, 0, 0, 1200, 14, 7, 351]","[0.010539367637941723, 0.01425914445133292, 0.016119032858028518, 0.01735895846249225, 0.017978921264724116, 0.019218846869187848, 0.019218846869187848, 0.02045877247365158, 0.02045877247365158, 0.021078735275883446, 0.023558586484810913, 0.02541847489150651, 0.02541847489150651, 0.02541847489150651, 0.02541847489150651, 0.02541847489150651, 0.7693738375697459, 0.778053316800992, 0.782393056416615, 1.0]",4.0,2.0,2.0,2.0,2.0,12,-15.1155,8.0,0.0,hrl_dqn_apf,hierarchical,dqn,-16.777,6.354,3.181,0.00,0.00,0.00,-12.077,6.440,16.930,0.00,0.00,0.00,-39.974,6.400,-21.117,0.00,0.00,0.00,4.080,4.080,4.108
2026-02-04 11:24:21,572.35,15,376,391,3.84%,85.13,1.98%,"[0, 5, 10, 15, 20, 25, 30, 35, 40, 45, 50, 55, 60, 65, 70, 75, 80, 85, 90, 95, 100]","[19, 3, 5, 2, 0, 3, 0, 2, 0, 0, 1, 7, 1, 0, 0, 0, 1199, 10, 10, 351]","[0.011779293242405457, 0.013639181649101054, 0.016738995660260384, 0.017978921264724116, 0.017978921264724116, 0.019838809671419714, 0.019838809671419714, 0.021078735275883446, 0.021078735275883446, 0.021078735275883446, 0.02169869807811531, 0.026038437693738377, 0.026658400495970243, 0.026658400495970243, 0.026658400495970243, 0.026658400495970243, 0.7699938003719777, 0.7761934283942964, 0.782393056416615, 1.0]",4.0,2.0,2.0,2.0,2.0,12,-15.1155,8.0,0.0,hrl_dqn_apf,hierarchical,dqn,-16.777,6.351,2.421,0.00,0.00,0.00,-12.077,6.437,16.167,0.00,0.00,0.00,-39.218,6.397,-21.106,0.00,0.00,0.00,4.076,4.076,4.105
2026-02-04 11:24:22,573.36,16,379,395,4.05%,85.37,2.11%,"[0, 5, 10, 15, 20, 25, 30, 35, 40, 45, 50, 55, 60, 65, 70, 75, 80, 85, 90, 95, 100]","[20, 3, 5, 4, 0, 2, 0, 2, 0, 0, 2, 7, 0, 0, 0, 0, 1193, 14, 12, 349]","[0.012399256044637322, 0.01425914445133292, 0.01735895846249225, 0.019838809671419714, 0.019838809671419714, 0.021078735275883446, 0.021078735275883446, 0.022318660880347178, 0.022318660880347178, 0.022318660880347178, 0.023558586484810913, 0.027898326100433975, 0.027898326100433975, 0.027898326100433975, 0.027898326100433975, 0.027898326100433975, 0.7675139491630503, 0.7761934283942964, 0.7836329820210788, 1.0]",4.0,2.0,2.0,2.0,2.0,4,-2.95561,8.0,-12.0,hrl_dqn_apf,hierarchical,dqn,-16.776,6.345,0.900,0.00,0.00,0.00,-12.077,6.430,14.649,0.00,0.00,0.00,-37.702,6.391,-21.102,0.00,0.00,0.00,4.076,4.076,4.105
2026-02-04 11:24:23,574.37,17,378,395,4.30%,85.48,2.17%,"[0, 5, 10, 15, 20, 25, 30, 35, 40, 45, 50, 55, 60, 65, 70, 75, 80, 85, 90, 95, 100]","[21, 4, 4, 3, 1, 2, 0, 2, 1, 0, 1, 7, 0, 0, 0, 0, 1193, 10, 14, 350]","[0.013019218846869188, 0.015499070055796652, 0.017978921264724116, 0.019838809671419714, 0.02045877247365158, 0.02169869807811531, 0.02169869807811531, 0.022938623682579044, 0.023558586484810913, 0.023558586484810913, 0.02417854928704278, 0.02851828890266584, 0.02851828890266584, 0.02851828890266584, 0.02851828890266584, 0.02851828890266584, 0.7681339119652821, 0.7743335399876008, 0.7830130192188469, 1.0]",4.0,2.0,2.0,2.0,2.0,4,-2.95561,8.0,-12.0,hrl_dqn_apf,hierarchical,dqn,-16.776,6.342,0.137,0.00,0.00,0.00,-12.077,6.374,13.886,0.00,0.00,0.00,-36.939,6.388,-21.101,0.00,0.00,0.00,4.200,4.200,4.200
2026-02-04 11:24:24,575.37,19,374,393,4.83%,85.60,2.29%,"[0, 5, 10, 15, 20, 25, 30, 35, 40, 45, 50, 55, 60, 65, 70, 75, 80, 85, 90, 95, 100]","[22, 3, 4, 4, 1, 3, 0, 1, 1, 0, 1, 4, 3, 0, 0, 0, 1193, 8, 14, 351]","[0.013639181649101054, 0.015499070055796652, 0.017978921264724116, 0.02045877247365158, 0.021078735275883446, 0.022938623682579044, 0.022938623682579044, 0.023558586484810913, 0.02417854928704278, 0.02417854928704278, 0.024798512089274645, 0.02727836329820211, 0.029138251704897707, 0.029138251704897707, 0.029138251704897707, 0.029138251704897707, 0.768753874767514, 0.7737135771853689, 0.782393056416615, 1.0]",4.0,2.0,2.0,2.0,2.0,4,-2.95561,8.0,-12.0,hrl_dqn_apf,hierarchical,dqn,-16.775,6.339,-0.624,0.00,0.00,0.00,-12.077,6.333,13.126,0.00,0.00,0.00,-36.179,6.385,-21.101,0.00,0.00,0.00,4.200,4.200,4.200
2026-02-04 11:24:25,576.37,21,378,399,5.26%,85.70,2.29%,"[0, 5, 10, 15, 20, 25, 30, 35, 40, 45, 50, 55, 60, 65, 70, 75, 80, 85, 90, 95, 100]","[22, 4, 4, 3, 2, 2, 1, 0, 2, 0, 1, 4, 3, 0, 0, 1, 1192, 9, 14, 349]","[0.013639181649101054, 0.016119032858028518, 0.018598884066955982, 0.02045877247365158, 0.02169869807811531, 0.022938623682579044, 0.023558586484810913, 0.023558586484810913, 0.024798512089274645, 0.024798512089274645, 0.02541847489150651, 0.027898326100433975, 0.029758214507129573, 0.029758214507129573, 0.029758214507129573, 0.03037817730936144, 0.7693738375697459, 0.7749535027898327, 0.7836329820210788, 1.0]",4.0,2.0,2.0,2.0,2.0,4,-2.95561,8.0,-12.0,hrl_dqn_apf,hierarchical,dqn,-16.775,6.336,-1.404,0.00,0.00,0.00,-12.077,6.314,12.345,0.00,0.00,0.00,-35.399,6.382,-21.101,0.00,0.00,0.00,4.200,4.200,4.200
2026-02-04 11:24:26,577.37,24,375,399,6.02%,85.91,2.48%,"[0, 5, 10, 15, 20, 25, 30, 35, 40, 45, 50, 55, 60, 65, 70, 75, 80, 85, 90, 95, 100]","[24, 4, 3, 4, 3, 2, 0, 0, 3, 0, 0, 1, 7, 0, 0, 0, 1192, 9, 8, 353]","[0.014879107253564786, 0.01735895846249225, 0.019218846869187848, 0.02169869807811531, 0.023558586484810913, 0.024798512089274645, 0.024798512089274645, 0.024798512089274645, 0.026658400495970243, 0.026658400495970243, 0.026658400495970243, 0.02727836329820211, 0.03161810291382517, 0.03161810291382517, 0.03161810291382517, 0.03161810291382517, 0.7706137631742096, 0.7761934283942964, 0.7811531308121513, 1.0]",4.0,2.0,2.0,2.0,2.0,4,-2.95561,8.0,-12.0,hrl_dqn_apf,hierarchical,dqn,-16.774,6.330,-2.928,0.00,0.00,0.00,-12.077,6.299,10.822,0.00,0.00,0.00,-33.876,6.376,-21.101,0.00,0.00,0.00,4.200,4.200,4.200
2026-02-04 11:24:27,578.38,25,378,403,6.20%,86.03,2.54%,"[0, 5, 10, 15, 20, 25, 30, 35, 40, 45, 50, 55, 60, 65, 70, 75, 80, 85, 90, 95, 100]","[24, 4, 3, 5, 3, 2, 0, 0, 2, 1, 0, 1, 7, 0, 0, 0, 1188, 7, 15, 351]","[0.014879107253564786, 0.01735895846249225, 0.019218846869187848, 0.022318660880347178, 0.02417854928704278, 0.02541847489150651, 0.02541847489150651, 0.02541847489150651, 0.026658400495970243, 0.02727836329820211, 0.02727836329820211, 0.027898326100433975, 0.032238065716057036, 0.032238065716057036, 0.032238065716057036, 0.032238065716057036, 0.768753874767514, 0.7730936143831371, 0.782393056416615, 1.0]",4.0,2.0,2.0,2.0,2.0,4,-2.95561,8.0,-12.0,hrl_dqn_apf,hierarchical,dqn,-16.773,6.327,-3.691,0.00,0.00,0.00,-12.077,6.295,10.059,0.00,0.00,0.00,-33.113,6.373,-21.101,0.00,0.00,0.00,4.200,4.200,4.200
2026-02-04 11:24:28,579.38,27,378,405,6.67%,86.12,2.67%,"[0, 5, 10, 15, 20, 25, 30, 35, 40, 45, 50, 55, 60, 65, 70, 75, 80, 85, 90, 95, 100]","[24, 4, 5, 4, 3, 3, 0, 0, 2, 0, 0, 1, 7, 0, 1, 0, 1188, 7, 12, 352]","[0.014879107253564786, 0.01735895846249225, 0.02045877247365158, 0.022938623682579044, 0.024798512089274645, 0.026658400495970243, 0.026658400495970243, 0.026658400495970243, 0.027898326100433975, 0.027898326100433975, 0.027898326100433975, 0.02851828890266584, 0.0328580285182889, 0.0328580285182889, 0.03347799132052077, 0.03347799132052077, 0.7699938003719777, 0.7743335399876008, 0.7817730936143832, 1.0]",4.0,2.0,2.0,2.0,2.0,4,-2.95561,8.0,-12.0,hrl_dqn_apf,hierarchical,dqn,-16.773,6.324,-4.454,0.00,0.00,0.00,-12.077,6.291,9.296,0.00,0.00,0.00,-32.350,6.370,-21.101,0.00,0.00,0.00,4.200,4.200,4.200
2026-02-04 11:24:29,580.39,0,354,354,0.00%,80.00,0.00%,"[0, 5, 10, 15, 20, 25, 30, 35, 40, 45, 50, 55, 60, 65, 70, 75, 80, 85, 90, 95, 100]","[0, 0, 0, 0, 0, 0, 0, 0, 0, 0, 0, 0, 0, 0, 0, 0, 1613, 0, 0, 0]","[0.0, 0.0, 0.0, 0.0, 0.0, 0.0, 0.0, 0.0, 0.0, 0.0, 0.0, 0.0, 0.0, 0.0, 0.0, 0.0, 1.0, 1.0, 1.0, 1.0]",4.0,2.0,2.0,2.0,2.0,4,-2.95561,8.0,-12.0,hrl_dqn_apf,hierarchical,dqn,-16.772,6.318,-5.803,0.00,0.00,0.00,-12.077,6.286,7.947,0.00,0.00,0.00,-31.001,6.364,-21.101,0.00,0.00,0.00,4.200,4.200,4.200
2026-02-04 11:24:30,581.39,0,354,354,0.00%,80.00,0.00%,"[0, 5, 10, 15, 20, 25, 30, 35, 40, 45, 50, 55, 60, 65, 70, 75, 80, 85, 90, 95, 100]","[0, 0, 0, 0, 0, 0, 0, 0, 0, 0, 0, 0, 0, 0, 0, 0, 1613, 0, 0, 0]","[0.0, 0.0, 0.0, 0.0, 0.0, 0.0, 0.0, 0.0, 0.0, 0.0, 0.0, 0.0, 0.0, 0.0, 0.0, 0.0, 1.0, 1.0, 1.0, 1.0]",4.0,2.0,2.0,2.0,2.0,4,-2.95561,8.0,-12.0,hrl_dqn_apf,hierarchical,dqn,-16.771,6.315,-6.724,0.00,0.00,0.00,-12.077,6.282,7.026,0.00,0.00,0.00,-30.081,6.361,-21.101,0.00,0.00,0.00,4.200,4.200,4.200
2026-02-04 11:24:31,582.39,0,354,354,0.00%,80.00,0.00%,"[0, 5, 10, 15, 20, 25, 30, 35, 40, 45, 50, 55, 60, 65, 70, 75, 80, 85, 90, 95, 100]","[0, 0, 0, 0, 0, 0, 0, 0, 0, 0, 0, 0, 0, 0, 0, 0, 1613, 0, 0, 0]","[0.0, 0.0, 0.0, 0.0, 0.0, 0.0, 0.0, 0.0, 0.0, 0.0, 0.0, 0.0, 0.0, 0.0, 0.0, 0.0, 1.0, 1.0, 1.0, 1.0]",4.0,2.0,2.0,2.0,2.0,4,-2.95561,8.0,-12.0,hrl_dqn_apf,hierarchical,dqn,-16.770,6.312,-7.484,0.00,0.00,0.00,-12.077,6.279,6.266,0.00,0.00,0.00,-29.320,6.357,-21.101,0.00,0.00,0.00,4.200,4.200,4.200
2026-02-04 11:24:32,583.40,0,354,354,0.00%,80.00,0.00%,"[0, 5, 10, 15, 20, 25, 30, 35, 40, 45, 50, 55, 60, 65, 70, 75, 80, 85, 90, 95, 100]","[0, 0, 0, 0, 0, 0, 0, 0, 0, 0, 0, 0, 0, 0, 0, 0, 1613, 0, 0, 0]","[0.0, 0.0, 0.0, 0.0, 0.0, 0.0, 0.0, 0.0, 0.0, 0.0, 0.0, 0.0, 0.0, 0.0, 0.0, 0.0, 1.0, 1.0, 1.0, 1.0]",4.0,2.0,2.0,2.0,2.0,4,-2.95561,8.0,-12.0,hrl_dqn_apf,hierarchical,dqn,-16.770,6.309,-8.236,0.00,0.00,0.00,-12.077,6.276,5.514,0.00,0.00,0.00,-28.568,6.354,-21.101,0.00,0.00,0.00,4.200,4.200,4.200
2026-02-04 11:24:33,584.40,2,350,352,0.57%,80.05,0.12%,"[0, 5, 10, 15, 20, 25, 30, 35, 40, 45, 50, 55, 60, 65, 70, 75, 80, 85, 90, 95, 100]","[2, 0, 0, 0, 0, 0, 0, 0, 0, 0, 1, 0, 1, 0, 0, 0, 1609, 0, 0, 0]","[0.0012399256044637321, 0.0012399256044637321, 0.0012399256044637321, 0.0012399256044637321, 0.0012399256044637321, 0.0012399256044637321, 0.0012399256044637321, 0.0012399256044637321, 0.0012399256044637321, 0.0012399256044637321, 0.0018598884066955983, 0.0018598884066955983, 0.0024798512089274642, 0.0024798512089274642, 0.0024798512089274642, 0.0024798512089274642, 1.0, 1.0, 1.0, 1.0]",4.0,2.0,2.0,2.0,2.0,4,-2.95561,8.0,-12.0,hrl_dqn_apf,hierarchical,dqn,-16.769,6.306,-8.985,0.00,0.00,0.00,-12.077,6.273,4.765,0.00,0.00,0.00,-27.819,6.351,-21.101,0.00,0.00,0.00,4.200,4.200,4.200
2026-02-04 11:24:34,585.40,4,349,353,1.13%,80.29,0.25%,"[0, 5, 10, 15, 20, 25, 30, 35, 40, 45, 50, 55, 60, 65, 70, 75, 80, 85, 90, 95, 100]","[4, 0, 0, 0, 0, 0, 0, 0, 0, 0, 1, 1, 0, 0, 0, 0, 1607, 0, 0, 0]","[0.0024798512089274642, 0.0024798512089274642, 0.0024798512089274642, 0.0024798512089274642, 0.0024798512089274642, 0.0024798512089274642, 0.0024798512089274642, 0.0024798512089274642, 0.0024798512089274642, 0.0024798512089274642, 0.0030998140111593306, 0.0037197768133911966, 0.0037197768133911966, 0.0037197768133911966, 0.0037197768133911966, 0.0037197768133911966, 1.0, 1.0, 1.0, 1.0]",4.0,2.0,2.0,2.0,2.0,4,-2.95561,8.0,-12.0,hrl_dqn_apf,hierarchical,dqn,-16.768,6.299,-10.501,0.00,0.00,0.00,-12.077,6.232,3.250,0.00,0.00,0.00,-26.304,6.315,-21.101,0.00,0.00,0.00,4.200,4.200,4.200
2026-02-04 11:24:35,586.41,6,347,353,1.70%,80.35,0.43%,"[0, 5, 10, 15, 20, 25, 30, 35, 40, 45, 50, 55, 60, 65, 70, 75, 80, 85, 90, 95, 100]","[5, 0, 0, 1, 0, 1, 0, 0, 0, 0, 0, 1, 0, 0, 0, 2, 1603, 0, 0, 0]","[0.0030998140111593306, 0.0030998140111593306, 0.0030998140111593306, 0.0037197768133911966, 0.0037197768133911966, 0.0043397396156230625, 0.0043397396156230625, 0.0043397396156230625, 0.0043397396156230625, 0.0043397396156230625, 0.0043397396156230625, 0.0049597024178549285, 0.0049597024178549285, 0.0049597024178549285, 0.0049597024178549285, 0.006199628022318661, 1.0, 1.0, 1.0, 1.0]",4.0,2.0,2.0,2.0,2.0,4,-2.95561,8.0,-12.0,hrl_dqn_apf,hierarchical,dqn,-16.768,6.296,-11.261,0.00,0.00,0.00,-12.077,6.180,2.491,0.00,0.00,0.00,-25.544,6.260,-21.101,0.00,0.00,0.00,4.200,4.200,4.200
2026-02-04 11:24:36,587.41,7,346,353,1.98%,80.39,0.56%,"[0, 5, 10, 15, 20, 25, 30, 35, 40, 45, 50, 55, 60, 65, 70, 75, 80, 85, 90, 95, 100]","[8, 1, 0, 0, 0, 0, 0, 0, 0, 0, 0, 1, 1, 0, 0, 0, 1602, 0, 0, 0]","[0.0049597024178549285, 0.005579665220086794, 0.005579665220086794, 0.005579665220086794, 0.005579665220086794, 0.005579665220086794, 0.005579665220086794, 0.005579665220086794, 0.005579665220086794, 0.005579665220086794, 0.005579665220086794, 0.006199628022318661, 0.006819590824550527, 0.006819590824550527, 0.006819590824550527, 0.006819590824550527, 1.0, 1.0, 1.0, 1.0]",4.0,2.0,2.0,2.0,2.0,4,-2.95561,8.0,-12.0,hrl_dqn_apf,hierarchical,dqn,-16.767,6.293,-12.024,0.00,0.00,0.00,-12.077,6.156,1.728,0.00,0.00,0.00,-24.781,6.236,-21.101,0.00,0.00,0.00,4.200,4.200,4.200
2026-02-04 11:24:37,588.41,8,347,355,2.25%,80.46,0.68%,"[0, 5, 10, 15, 20, 25, 30, 35, 40, 45, 50, 55, 60, 65, 70, 75, 80, 85, 90, 95, 100]","[9, 1, 1, 0, 0, 0, 0, 0, 0, 0, 0, 1, 1, 1, 0, 0, 1599, 0, 0, 0]","[0.005579665220086794, 0.006199628022318661, 0.006819590824550527, 0.006819590824550527, 0.006819590824550527, 0.006819590824550527, 0.006819590824550527, 0.006819590824550527, 0.006819590824550527, 0.006819590824550527, 0.006819590824550527, 0.007439553626782393, 0.008059516429014259, 0.008679479231246125, 0.008679479231246125, 0.008679479231246125, 1.0, 1.0, 1.0, 1.0]",4.0,2.0,2.0,2.0,2.0,4,-2.95561,8.0,-12.0,hrl_dqn_apf,hierarchical,dqn,-16.767,6.290,-12.785,0.00,0.00,0.00,-12.077,6.145,0.967,0.00,0.00,0.00,-24.020,6.224,-21.101,0.00,0.00,0.00,4.200,4.200,4.200
2026-02-04 11:24:38,589.41,11,346,357,3.08%,80.55,0.99%,"[0, 5, 10, 15, 20, 25, 30, 35, 40, 45, 50, 55, 60, 65, 70, 75, 80, 85, 90, 95, 100]","[14, 1, 1, 0, 0, 0, 0, 0, 0, 1, 0, 1, 0, 0, 1, 0, 1255, 339, 0, 0]","[0.008679479231246125, 0.009299442033477991, 0.009919404835709857, 0.009919404835709857, 0.009919404835709857, 0.009919404835709857, 0.009919404835709857, 0.009919404835709857, 0.009919404835709857, 0.010539367637941723, 0.010539367637941723, 0.011159330440173589, 0.011159330440173589, 0.011159330440173589, 0.011779293242405457, 0.011779293242405457, 0.7898326100433974, 1.0, 1.0, 1.0]",4.0,2.0,2.0,2.0,2.0,4,-2.95561,8.0,-12.0,hrl_dqn_apf,hierarchical,dqn,-16.766,6.284,-14.309,0.00,0.00,0.00,-12.077,6.134,-0.556,0.00,0.00,0.00,-22.497,6.213,-21.101,0.00,0.00,0.00,4.200,4.200,4.200
2026-02-04 11:24:39,590.41,12,349,361,3.32%,80.63,1.12%,"[0, 5, 10, 15, 20, 25, 30, 35, 40, 45, 50, 55, 60, 65, 70, 75, 80, 85, 90, 95, 100]","[16, 2, 0, 0, 0, 0, 0, 0, 0, 0, 0, 1, 0, 1, 1, 0, 1253, 339, 0, 0]","[0.009919404835709857, 0.011159330440173589, 0.011159330440173589, 0.011159330440173589, 0.011159330440173589, 0.011159330440173589, 0.011159330440173589, 0.011159330440173589, 0.011159330440173589, 0.011159330440173589, 0.011159330440173589, 0.011779293242405457, 0.011779293242405457, 0.012399256044637322, 0.013019218846869188, 0.013019218846869188, 0.7898326100433974, 1.0, 1.0, 1.0]",4.0,2.0,2.0,2.0,2.0,4,-2.95561,8.0,-12.0,hrl_dqn_apf,hierarchical,dqn,-16.765,6.281,-15.089,0.00,0.00,0.00,-12.077,6.130,-1.337,0.00,0.00,0.00,-21.716,6.209,-21.101,0.00,0.00,0.00,4.200,4.200,4.200
2026-02-04 11:24:40,591.42,12,353,365,3.29%,80.67,1.24%,"[0, 5, 10, 15, 20, 25, 30, 35, 40, 45, 50, 55, 60, 65, 70, 75, 80, 85, 90, 95, 100]","[16, 4, 0, 0, 0, 0, 1, 0, 0, 1, 0, 0, 1, 0, 0, 0, 1251, 339, 0, 0]","[0.009919404835709857, 0.012399256044637322, 0.012399256044637322, 0.012399256044637322, 0.012399256044637322, 0.012399256044637322, 0.013019218846869188, 0.013019218846869188, 0.013019218846869188, 0.013639181649101054, 0.013639181649101054, 0.013639181649101054, 0.01425914445133292, 0.01425914445133292, 0.01425914445133292, 0.01425914445133292, 0.7898326100433974, 1.0, 1.0, 1.0]",4.0,2.0,2.0,2.0,2.0,4,-2.95561,8.0,-12.0,hrl_dqn_apf,hierarchical,dqn,-16.765,6.278,-15.850,0.00,0.00,0.00,-12.077,6.127,-2.097,0.00,0.00,0.00,-20.956,6.206,-21.101,0.00,0.00,0.00,4.200,4.200,4.200
2026-02-04 11:24:41,592.42,0,354,354,0.00%,80.00,0.00%,"[0, 5, 10, 15, 20, 25, 30, 35, 40, 45, 50, 55, 60, 65, 70, 75, 80, 85, 90, 95, 100]","[0, 0, 0, 0, 0, 0, 0, 0, 0, 0, 0, 0, 0, 0, 0, 0, 1613, 0, 0, 0]","[0.0, 0.0, 0.0, 0.0, 0.0, 0.0, 0.0, 0.0, 0.0, 0.0, 0.0, 0.0, 0.0, 0.0, 0.0, 0.0, 1.0, 1.0, 1.0, 1.0]",4.0,2.0,2.0,2.0,2.0,4,-2.95561,8.0,-12.0,hrl_dqn_apf,hierarchical,dqn,-16.764,6.273,-17.174,0.00,0.00,0.00,-12.077,6.121,-3.421,0.00,0.00,0.00,-19.632,6.201,-21.101,0.00,0.00,0.00,4.200,4.200,4.200
2026-02-04 11:24:42,593.42,0,354,354,0.00%,80.00,0.00%,"[0, 5, 10, 15, 20, 25, 30, 35, 40, 45, 50, 55, 60, 65, 70, 75, 80, 85, 90, 95, 100]","[0, 0, 0, 0, 0, 0, 0, 0, 0, 0, 0, 0, 0, 0, 0, 0, 1613, 0, 0, 0]","[0.0, 0.0, 0.0, 0.0, 0.0, 0.0, 0.0, 0.0, 0.0, 0.0, 0.0, 0.0, 0.0, 0.0, 0.0, 0.0, 1.0, 1.0, 1.0, 1.0]",4.0,2.0,2.0,2.0,2.0,4,-2.95561,8.0,-12.0,hrl_dqn_apf,hierarchical,dqn,-16.763,6.269,-18.123,0.00,0.00,0.00,-12.077,6.118,-4.370,0.00,0.00,0.00,-18.683,6.197,-21.101,0.00,0.00,0.00,4.200,4.200,4.200
2026-02-04 11:24:43,594.42,0,354,354,0.00%,80.00,0.00%,"[0, 5, 10, 15, 20, 25, 30, 35, 40, 45, 50, 55, 60, 65, 70, 75, 80, 85, 90, 95, 100]","[0, 0, 0, 0, 0, 0, 0, 0, 0, 0, 0, 0, 0, 0, 0, 0, 1613, 0, 0, 0]","[0.0, 0.0, 0.0, 0.0, 0.0, 0.0, 0.0, 0.0, 0.0, 0.0, 0.0, 0.0, 0.0, 0.0, 0.0, 0.0, 1.0, 1.0, 1.0, 1.0]",4.0,2.0,2.0,2.0,2.0,4,-2.95561,8.0,-12.0,hrl_dqn_apf,hierarchical,dqn,-16.763,6.266,-18.878,0.00,0.00,0.00,-12.077,6.115,-5.124,0.00,0.00,0.00,-17.928,6.194,-21.101,0.00,0.00,0.00,4.200,4.200,4.200
2026-02-04 11:24:44,595.43,1,351,352,0.28%,79.98,0.25%,"[0, 5, 10, 15, 20, 25, 30, 35, 40, 45, 50, 55, 60, 65, 70, 75, 80, 85, 90, 95, 100]","[1, 0, 0, 1, 2, 0, 0, 0, 1, 0, 0, 0, 0, 0, 1, 0, 1607, 0, 0, 0]","[0.0006199628022318661, 0.0006199628022318661, 0.0006199628022318661, 0.0012399256044637321, 0.0024798512089274642, 0.0024798512089274642, 0.0024798512089274642, 0.0024798512089274642, 0.0030998140111593306, 0.0030998140111593306, 0.0030998140111593306, 0.0030998140111593306, 0.0030998140111593306, 0.0030998140111593306, 0.0037197768133911966, 0.0037197768133911966, 1.0, 1.0, 1.0, 1.0]",4.0,2.0,2.0,2.0,2.0,4,-2.95561,8.0,-12.0,hrl_dqn_apf,hierarchical,dqn,-16.762,6.263,-19.635,0.00,0.00,0.00,-12.077,6.112,-5.882,0.00,0.00,0.00,-17.170,6.191,-21.101,0.00,0.00,0.00,4.200,4.200,4.200
2026-02-04 11:24:45,596.43,1,351,352,0.28%,80.08,0.31%,"[0, 5, 10, 15, 20, 25, 30, 35, 40, 45, 50, 55, 60, 65, 70, 75, 80, 85, 90, 95, 100]","[4, 0, 0, 0, 1, 0, 0, 0, 1, 0, 0, 0, 0, 1, 0, 0, 1606, 0, 0, 0]","[0.0024798512089274642, 0.0024798512089274642, 0.0024798512089274642, 0.0024798512089274642, 0.0030998140111593306, 0.0030998140111593306, 0.0030998140111593306, 0.0030998140111593306, 0.0037197768133911966, 0.0037197768133911966, 0.0037197768133911966, 0.0037197768133911966, 0.0037197768133911966, 0.0043397396156230625, 0.0043397396156230625, 0.0043397396156230625, 1.0, 1.0, 1.0, 1.0]",4.0,2.0,2.0,2.0,2.0,4,-2.95561,8.0,-12.0,hrl_dqn_apf,hierarchical,dqn,-16.762,6.260,-20.396,0.00,0.00,0.00,-12.077,6.109,-6.642,0.00,0.00,0.00,-16.410,6.188,-21.101,0.00,0.00,0.00,4.200,4.200,4.200
2026-02-04 11:24:46,597.44,3,350,353,0.85%,80.25,0.56%,"[0, 5, 10, 15, 20, 25, 30, 35, 40, 45, 50, 55, 60, 65, 70, 75, 80, 85, 90, 95, 100]","[7, 0, 0, 0, 1, 1, 0, 0, 1, 0, 0, 0, 0, 0, 1, 0, 1602, 0, 0, 0]","[0.0043397396156230625, 0.0043397396156230625, 0.0043397396156230625, 0.0043397396156230625, 0.0049597024178549285, 0.005579665220086794, 0.005579665220086794, 0.005579665220086794, 0.006199628022318661, 0.006199628022318661, 0.006199628022318661, 0.006199628022318661, 0.006199628022318661, 0.006199628022318661, 0.006819590824550527, 0.006819590824550527, 1.0, 1.0, 1.0, 1.0]",4.0,2.0,2.0,2.0,2.0,4,-2.95561,8.0,-12.0,hrl_dqn_apf,hierarchical,dqn,-16.761,6.184,-21.916,0.00,0.00,0.00,-12.077,6.035,-8.163,0.00,0.00,0.00,-14.889,6.114,-21.101,0.00,0.00,0.00,4.200,4.200,4.200
2026-02-04 11:24:47,598.44,3,350,353,0.85%,80.31,0.62%,"[0, 5, 10, 15, 20, 25, 30, 35, 40, 45, 50, 55, 60, 65, 70, 75, 80, 85, 90, 95, 100]","[9, 0, 0, 0, 1, 0, 1, 0, 1, 1, 0, 0, 0, 0, 0, 0, 1600, 0, 0, 0]","[0.005579665220086794, 0.005579665220086794, 0.005579665220086794, 0.005579665220086794, 0.006199628022318661, 0.006199628022318661, 0.006819590824550527, 0.006819590824550527, 0.007439553626782393, 0.008059516429014259, 0.008059516429014259, 0.008059516429014259, 0.008059516429014259, 0.008059516429014259, 0.008059516429014259, 0.008059516429014259, 1.0, 1.0, 1.0, 1.0]",4.0,2.0,2.0,2.0,2.0,4,-2.95561,8.0,-12.0,hrl_dqn_apf,hierarchical,dqn,-16.760,6.152,-22.679,0.00,0.00,0.00,-12.077,6.002,-8.926,0.00,0.00,0.00,-14.126,6.081,-21.101,0.00,0.00,0.00,4.200,4.200,4.200
