timestamp,elapsed_time,scanned_count,unscanned_count,total_count,scan_ratio,global_avg_entropy,global_scan_ratio,entropy_bins,entropy_hist,entropy_cdf,repulsion_coefficient,entropy_coefficient,distance_coefficient,leader_range_coefficient,direction_retention_coefficient,hl_action,hl_goal_x,hl_goal_y,hl_goal_z,algorithm_type,env_type,control_mode,UAV1_x,UAV1_y,UAV1_z,UAV1_roll,UAV1_pitch,UAV1_yaw,UAV2_x,UAV2_y,UAV2_z,UAV2_roll,UAV2_pitch,UAV2_yaw,UAV3_x,UAV3_y,UAV3_z,UAV3_roll,UAV3_pitch,UAV3_yaw,UAV1_battery_voltage,UAV2_battery_voltage,UAV3_battery_voltage
2026-02-04 13:33:03,1.00,4,348,352,1.14%,79.98,0.25%,"[0, 5, 10, 15, 20, 25, 30, 35, 40, 45, 50, 55, 60, 65, 70, 75, 80, 85, 90, 95, 100]","[4, 0, 0, 0, 0, 0, 0, 0, 0, 0, 0, 0, 0, 0, 0, 0, 1609, 0, 0, 0]","[0.0024798512089274642, 0.0024798512089274642, 0.0024798512089274642, 0.0024798512089274642, 0.0024798512089274642, 0.0024798512089274642, 0.0024798512089274642, 0.0024798512089274642, 0.0024798512089274642, 0.0024798512089274642, 0.0024798512089274642, 0.0024798512089274642, 0.0024798512089274642, 0.0024798512089274642, 0.0024798512089274642, 0.0024798512089274642, 1.0, 1.0, 1.0, 1.0]",4.0,2.0,2.0,2.0,2.0,,,,,hrl_dqn_apf,hierarchical,dqn,-10.000,1.559,-0.758,0.00,0.00,0.00,-14.300,1.561,-0.590,0.00,0.00,0.00,-20.110,1.561,-0.590,0.00,0.00,0.00,4.200,4.200,4.200
2026-02-04 13:33:04,2.00,4,349,353,1.13%,80.32,0.25%,"[0, 5, 10, 15, 20, 25, 30, 35, 40, 45, 50, 55, 60, 65, 70, 75, 80, 85, 90, 95, 100]","[4, 0, 0, 0, 0, 0, 0, 0, 0, 0, 0, 0, 0, 0, 0, 0, 1609, 0, 0, 0]","[0.0024798512089274642, 0.0024798512089274642, 0.0024798512089274642, 0.0024798512089274642, 0.0024798512089274642, 0.0024798512089274642, 0.0024798512089274642, 0.0024798512089274642, 0.0024798512089274642, 0.0024798512089274642, 0.0024798512089274642, 0.0024798512089274642, 0.0024798512089274642, 0.0024798512089274642, 0.0024798512089274642, 0.0024798512089274642, 1.0, 1.0, 1.0, 1.0]",4.0,2.0,2.0,2.0,2.0,,,,,hrl_dqn_apf,hierarchical,dqn,-10.000,1.559,-0.758,0.00,0.00,0.00,-14.300,1.561,-0.590,0.00,0.00,0.00,-20.110,1.561,-0.590,0.00,0.00,0.00,4.200,4.200,4.200
2026-02-04 13:33:05,3.01,4,349,353,1.13%,80.49,0.25%,"[0, 5, 10, 15, 20, 25, 30, 35, 40, 45, 50, 55, 60, 65, 70, 75, 80, 85, 90, 95, 100]","[4, 0, 0, 0, 0, 0, 0, 0, 0, 0, 0, 0, 0, 0, 0, 0, 1609, 0, 0, 0]","[0.0024798512089274642, 0.0024798512089274642, 0.0024798512089274642, 0.0024798512089274642, 0.0024798512089274642, 0.0024798512089274642, 0.0024798512089274642, 0.0024798512089274642, 0.0024798512089274642, 0.0024798512089274642, 0.0024798512089274642, 0.0024798512089274642, 0.0024798512089274642, 0.0024798512089274642, 0.0024798512089274642, 0.0024798512089274642, 1.0, 1.0, 1.0, 1.0]",4.0,2.0,2.0,2.0,2.0,,,,,hrl_dqn_apf,hierarchical,dqn,-10.000,1.559,-0.758,0.00,0.00,0.00,-14.300,1.561,-0.590,0.00,0.00,0.00,-20.110,1.561,-0.590,0.00,0.00,0.00,4.200,4.200,4.200
2026-02-04 13:33:06,4.01,4,349,353,1.13%,80.66,0.25%,"[0, 5, 10, 15, 20, 25, 30, 35, 40, 45, 50, 55, 60, 65, 70, 75, 80, 85, 90, 95, 100]","[4, 0, 0, 0, 0, 0, 0, 0, 0, 0, 0, 0, 0, 0, 0, 1, 1608, 0, 0, 0]","[0.0024798512089274642, 0.0024798512089274642, 0.0024798512089274642, 0.0024798512089274642, 0.0024798512089274642, 0.0024798512089274642, 0.0024798512089274642, 0.0024798512089274642, 0.0024798512089274642, 0.0024798512089274642, 0.0024798512089274642, 0.0024798512089274642, 0.0024798512089274642, 0.0024798512089274642, 0.0024798512089274642, 0.0030998140111593306, 1.0, 1.0, 1.0, 1.0]",4.0,2.0,2.0,2.0,2.0,,,,,hrl_dqn_apf,hierarchical,dqn,-9.930,1.538,-0.760,0.00,0.00,0.00,-14.370,1.541,-0.587,0.00,0.00,0.00,-20.110,1.541,-0.660,0.00,0.00,0.00,4.197,4.197,4.197
2026-02-04 13:33:07,5.02,5,350,355,1.41%,80.75,0.31%,"[0, 5, 10, 15, 20, 25, 30, 35, 40, 45, 50, 55, 60, 65, 70, 75, 80, 85, 90, 95, 100]","[5, 0, 0, 0, 0, 0, 0, 0, 0, 0, 1, 1, 0, 0, 0, 0, 1606, 0, 0, 0]","[0.0030998140111593306, 0.0030998140111593306, 0.0030998140111593306, 0.0030998140111593306, 0.0030998140111593306, 0.0030998140111593306, 0.0030998140111593306, 0.0030998140111593306, 0.0030998140111593306, 0.0030998140111593306, 0.0037197768133911966, 0.0043397396156230625, 0.0043397396156230625, 0.0043397396156230625, 0.0043397396156230625, 0.0043397396156230625, 1.0, 1.0, 1.0, 1.0]",4.0,2.0,2.0,2.0,2.0,0,-29.68079,8.0,-12.0,hrl_dqn_apf,hierarchical,dqn,-9.441,1.514,-0.780,0.00,0.00,0.00,-14.859,1.517,-0.568,0.00,0.00,0.00,-20.110,1.517,-1.150,0.00,0.00,0.00,4.194,4.194,4.194
2026-02-04 13:33:08,6.02,8,349,357,2.24%,80.94,0.50%,"[0, 5, 10, 15, 20, 25, 30, 35, 40, 45, 50, 55, 60, 65, 70, 75, 80, 85, 90, 95, 100]","[7, 1, 0, 0, 0, 0, 0, 0, 0, 1, 0, 1, 0, 0, 0, 1, 1261, 341, 0, 0]","[0.0043397396156230625, 0.0049597024178549285, 0.0049597024178549285, 0.0049597024178549285, 0.0049597024178549285, 0.0049597024178549285, 0.0049597024178549285, 0.0049597024178549285, 0.0049597024178549285, 0.005579665220086794, 0.005579665220086794, 0.006199628022318661, 0.006199628022318661, 0.006199628022318661, 0.006199628022318661, 0.006819590824550527, 0.7885926844389337, 1.0, 1.0, 1.0]",4.0,2.0,2.0,2.0,2.0,0,-29.68079,8.0,-12.0,hrl_dqn_apf,hierarchical,dqn,-8.298,1.952,-0.826,0.00,0.00,0.00,-16.002,1.955,-0.522,0.00,0.00,0.00,-20.110,1.519,-2.211,0.00,0.00,0.00,4.191,4.191,4.191
2026-02-04 13:33:09,7.02,12,349,361,3.32%,80.96,0.74%,"[0, 5, 10, 15, 20, 25, 30, 35, 40, 45, 50, 55, 60, 65, 70, 75, 80, 85, 90, 95, 100]","[10, 1, 1, 0, 0, 0, 0, 0, 0, 0, 0, 0, 0, 0, 0, 0, 1261, 340, 0, 0]","[0.006199628022318661, 0.006819590824550527, 0.007439553626782393, 0.007439553626782393, 0.007439553626782393, 0.007439553626782393, 0.007439553626782393, 0.007439553626782393, 0.007439553626782393, 0.007439553626782393, 0.007439553626782393, 0.007439553626782393, 0.007439553626782393, 0.007439553626782393, 0.007439553626782393, 0.007439553626782393, 0.7892126472411656, 1.0, 1.0, 1.0]",4.0,2.0,2.0,2.0,2.0,16,-23.51962,8.0,6.0,hrl_dqn_apf,hierarchical,dqn,-8.145,2.361,-0.832,0.00,0.00,0.00,-16.016,2.121,-0.455,0.00,0.00,0.00,-20.261,1.516,-2.774,0.00,0.00,0.00,4.188,4.188,4.188
2026-02-04 13:33:10,8.03,13,352,365,3.56%,81.08,0.81%,"[0, 5, 10, 15, 20, 25, 30, 35, 40, 45, 50, 55, 60, 65, 70, 75, 80, 85, 90, 95, 100]","[11, 1, 0, 1, 0, 0, 0, 0, 0, 0, 0, 0, 0, 0, 0, 0, 1260, 340, 0, 0]","[0.006819590824550527, 0.007439553626782393, 0.007439553626782393, 0.008059516429014259, 0.008059516429014259, 0.008059516429014259, 0.008059516429014259, 0.008059516429014259, 0.008059516429014259, 0.008059516429014259, 0.008059516429014259, 0.008059516429014259, 0.008059516429014259, 0.008059516429014259, 0.008059516429014259, 0.008059516429014259, 0.7892126472411656, 1.0, 1.0, 1.0]",4.0,2.0,2.0,2.0,2.0,18,-11.359269999999999,8.0,6.0,hrl_dqn_apf,hierarchical,dqn,-8.098,2.759,-0.834,0.00,0.00,0.00,-15.620,2.377,-0.269,0.00,0.00,0.00,-20.707,1.742,-3.135,0.00,0.00,0.00,4.185,4.185,4.185
2026-02-04 13:33:11,9.03,14,349,363,3.86%,81.22,0.87%,"[0, 5, 10, 15, 20, 25, 30, 35, 40, 45, 50, 55, 60, 65, 70, 75, 80, 85, 90, 95, 100]","[12, 1, 0, 0, 0, 1, 0, 0, 0, 0, 0, 0, 0, 0, 0, 0, 1260, 339, 0, 0]","[0.007439553626782393, 0.008059516429014259, 0.008059516429014259, 0.008059516429014259, 0.008059516429014259, 0.008679479231246125, 0.008679479231246125, 0.008679479231246125, 0.008679479231246125, 0.008679479231246125, 0.008679479231246125, 0.008679479231246125, 0.008679479231246125, 0.008679479231246125, 0.008679479231246125, 0.008679479231246125, 0.7898326100433974, 1.0, 1.0, 1.0]",4.0,2.0,2.0,2.0,2.0,18,-11.359269999999999,8.0,6.0,hrl_dqn_apf,hierarchical,dqn,-8.084,3.155,-0.835,0.00,0.00,0.00,-15.419,2.790,-0.179,0.00,0.00,0.00,-20.921,2.166,-3.274,0.00,0.00,0.00,4.182,4.182,4.182
2026-02-04 13:33:12,10.03,14,355,369,3.79%,81.56,0.87%,"[0, 5, 10, 15, 20, 25, 30, 35, 40, 45, 50, 55, 60, 65, 70, 75, 80, 85, 90, 95, 100]","[8, 5, 1, 0, 0, 0, 0, 0, 0, 0, 0, 0, 0, 0, 0, 0, 1256, 7, 336, 0]","[0.0049597024178549285, 0.008059516429014259, 0.008679479231246125, 0.008679479231246125, 0.008679479231246125, 0.008679479231246125, 0.008679479231246125, 0.008679479231246125, 0.008679479231246125, 0.008679479231246125, 0.008679479231246125, 0.008679479231246125, 0.008679479231246125, 0.008679479231246125, 0.008679479231246125, 0.008679479231246125, 0.78735275883447, 0.791692498450093, 1.0, 1.0]",4.0,2.0,2.0,2.0,2.0,14,-5.198720000000002,8.0,0.0,hrl_dqn_apf,hierarchical,dqn,-8.078,3.948,-0.835,0.00,0.00,0.00,-15.336,3.589,-0.141,0.00,0.00,0.00,-21.010,2.969,-3.332,0.00,0.00,0.00,4.179,4.179,4.179
2026-02-04 13:33:13,11.03,14,355,369,3.79%,81.74,0.87%,"[0, 5, 10, 15, 20, 25, 30, 35, 40, 45, 50, 55, 60, 65, 70, 75, 80, 85, 90, 95, 100]","[7, 6, 1, 0, 0, 0, 0, 0, 0, 0, 0, 0, 0, 0, 0, 0, 1256, 7, 336, 0]","[0.0043397396156230625, 0.008059516429014259, 0.008679479231246125, 0.008679479231246125, 0.008679479231246125, 0.008679479231246125, 0.008679479231246125, 0.008679479231246125, 0.008679479231246125, 0.008679479231246125, 0.008679479231246125, 0.008679479231246125, 0.008679479231246125, 0.008679479231246125, 0.008679479231246125, 0.008679479231246125, 0.78735275883447, 0.791692498450093, 1.0, 1.0]",4.0,2.0,2.0,2.0,2.0,8,-11.119140000000002,8.0,-6.0,hrl_dqn_apf,hierarchical,dqn,-8.077,4.342,-0.835,0.00,0.00,0.00,-15.330,3.984,-0.138,0.00,0.00,0.00,-21.016,3.364,-3.336,0.00,0.00,0.00,4.176,4.176,4.176
2026-02-04 13:33:14,12.03,14,355,369,3.79%,81.92,0.87%,"[0, 5, 10, 15, 20, 25, 30, 35, 40, 45, 50, 55, 60, 65, 70, 75, 80, 85, 90, 95, 100]","[6, 7, 1, 0, 0, 0, 0, 0, 0, 0, 0, 0, 0, 0, 0, 0, 1252, 11, 336, 0]","[0.0037197768133911966, 0.008059516429014259, 0.008679479231246125, 0.008679479231246125, 0.008679479231246125, 0.008679479231246125, 0.008679479231246125, 0.008679479231246125, 0.008679479231246125, 0.008679479231246125, 0.008679479231246125, 0.008679479231246125, 0.008679479231246125, 0.008679479231246125, 0.008679479231246125, 0.008679479231246125, 0.7848729076255425, 0.791692498450093, 1.0, 1.0]",4.0,2.0,2.0,2.0,2.0,8,-11.119140000000002,8.0,-6.0,hrl_dqn_apf,hierarchical,dqn,-8.077,4.739,-0.835,0.00,0.00,0.00,-15.328,4.381,-0.137,0.00,0.00,0.00,-21.018,3.762,-3.337,0.00,0.00,0.00,4.173,4.173,4.173
2026-02-04 13:33:15,13.04,14,355,369,3.79%,82.11,0.87%,"[0, 5, 10, 15, 20, 25, 30, 35, 40, 45, 50, 55, 60, 65, 70, 75, 80, 85, 90, 95, 100]","[4, 9, 1, 0, 0, 0, 0, 0, 0, 0, 0, 0, 0, 0, 0, 0, 1250, 12, 337, 0]","[0.0024798512089274642, 0.008059516429014259, 0.008679479231246125, 0.008679479231246125, 0.008679479231246125, 0.008679479231246125, 0.008679479231246125, 0.008679479231246125, 0.008679479231246125, 0.008679479231246125, 0.008679479231246125, 0.008679479231246125, 0.008679479231246125, 0.008679479231246125, 0.008679479231246125, 0.008679479231246125, 0.7836329820210788, 0.7910725356478612, 1.0, 1.0]",4.0,2.0,2.0,2.0,2.0,6,-22.87859,8.0,-6.0,hrl_dqn_apf,hierarchical,dqn,-8.077,5.135,-0.835,0.00,0.00,0.00,-15.327,4.777,-0.137,0.00,0.00,0.00,-21.019,4.157,-3.338,0.00,0.00,0.00,4.170,4.170,4.170
2026-02-04 13:33:16,14.04,14,359,373,3.75%,82.47,0.87%,"[0, 5, 10, 15, 20, 25, 30, 35, 40, 45, 50, 55, 60, 65, 70, 75, 80, 85, 90, 95, 100]","[3, 6, 5, 0, 0, 0, 0, 0, 0, 0, 0, 0, 0, 0, 0, 0, 1246, 14, 339, 0]","[0.0018598884066955983, 0.005579665220086794, 0.008679479231246125, 0.008679479231246125, 0.008679479231246125, 0.008679479231246125, 0.008679479231246125, 0.008679479231246125, 0.008679479231246125, 0.008679479231246125, 0.008679479231246125, 0.008679479231246125, 0.008679479231246125, 0.008679479231246125, 0.008679479231246125, 0.008679479231246125, 0.7811531308121513, 0.7898326100433974, 1.0, 1.0]",4.0,2.0,2.0,2.0,2.0,0,-28.71827,8.0,-12.0,hrl_dqn_apf,hierarchical,dqn,-8.077,5.928,-0.835,0.00,0.00,0.00,-15.327,5.570,-0.137,0.00,0.00,0.00,-21.019,4.950,-3.338,0.00,0.00,0.00,4.167,4.167,4.167
2026-02-04 13:33:17,15.05,14,359,373,3.75%,82.66,0.87%,"[0, 5, 10, 15, 20, 25, 30, 35, 40, 45, 50, 55, 60, 65, 70, 75, 80, 85, 90, 95, 100]","[3, 5, 5, 1, 0, 0, 0, 0, 0, 0, 0, 0, 0, 0, 0, 0, 1242, 16, 7, 334]","[0.0018598884066955983, 0.0049597024178549285, 0.008059516429014259, 0.008679479231246125, 0.008679479231246125, 0.008679479231246125, 0.008679479231246125, 0.008679479231246125, 0.008679479231246125, 0.008679479231246125, 0.008679479231246125, 0.008679479231246125, 0.008679479231246125, 0.008679479231246125, 0.008679479231246125, 0.008679479231246125, 0.7786732796032239, 0.7885926844389337, 0.7929324240545568, 1.0]",4.0,2.0,2.0,2.0,2.0,0,-28.71827,8.0,-12.0,hrl_dqn_apf,hierarchical,dqn,-8.077,6.334,-0.835,0.00,0.00,0.00,-15.327,5.976,-0.137,0.00,0.00,0.00,-21.019,5.356,-3.338,0.00,0.00,0.00,4.164,4.164,4.164
2026-02-04 13:33:18,16.05,14,359,373,3.75%,82.84,0.87%,"[0, 5, 10, 15, 20, 25, 30, 35, 40, 45, 50, 55, 60, 65, 70, 75, 80, 85, 90, 95, 100]","[3, 5, 5, 1, 0, 0, 0, 0, 0, 0, 0, 0, 0, 0, 0, 0, 1242, 16, 7, 334]","[0.0018598884066955983, 0.0049597024178549285, 0.008059516429014259, 0.008679479231246125, 0.008679479231246125, 0.008679479231246125, 0.008679479231246125, 0.008679479231246125, 0.008679479231246125, 0.008679479231246125, 0.008679479231246125, 0.008679479231246125, 0.008679479231246125, 0.008679479231246125, 0.008679479231246125, 0.008679479231246125, 0.7786732796032239, 0.7885926844389337, 0.7929324240545568, 1.0]",4.0,2.0,2.0,2.0,2.0,14,-4.55837,8.0,0.0,hrl_dqn_apf,hierarchical,dqn,-8.151,6.522,-0.835,0.00,0.00,0.00,-15.327,6.371,-0.137,0.00,0.00,0.00,-21.019,5.752,-3.338,0.00,0.00,0.00,4.161,4.161,4.161
2026-02-04 13:33:19,17.06,14,360,374,3.74%,83.02,0.87%,"[0, 5, 10, 15, 20, 25, 30, 35, 40, 45, 50, 55, 60, 65, 70, 75, 80, 85, 90, 95, 100]","[4, 3, 6, 1, 0, 0, 0, 0, 0, 0, 0, 0, 0, 0, 0, 0, 1242, 16, 7, 334]","[0.0024798512089274642, 0.0043397396156230625, 0.008059516429014259, 0.008679479231246125, 0.008679479231246125, 0.008679479231246125, 0.008679479231246125, 0.008679479231246125, 0.008679479231246125, 0.008679479231246125, 0.008679479231246125, 0.008679479231246125, 0.008679479231246125, 0.008679479231246125, 0.008679479231246125, 0.008679479231246125, 0.7786732796032239, 0.7885926844389337, 0.7929324240545568, 1.0]",4.0,2.0,2.0,2.0,2.0,14,-4.55837,8.0,0.0,hrl_dqn_apf,hierarchical,dqn,-8.632,6.530,-0.835,0.00,0.00,0.00,-15.307,6.653,-0.137,0.00,0.00,0.00,-21.019,6.149,-3.338,0.00,0.00,0.00,4.158,4.158,4.158
2026-02-04 13:33:20,18.06,14,362,376,3.72%,83.36,0.87%,"[0, 5, 10, 15, 20, 25, 30, 35, 40, 45, 50, 55, 60, 65, 70, 75, 80, 85, 90, 95, 100]","[7, 0, 6, 1, 0, 0, 0, 0, 0, 0, 0, 0, 0, 0, 0, 0, 1240, 10, 14, 335]","[0.0043397396156230625, 0.0043397396156230625, 0.008059516429014259, 0.008679479231246125, 0.008679479231246125, 0.008679479231246125, 0.008679479231246125, 0.008679479231246125, 0.008679479231246125, 0.008679479231246125, 0.008679479231246125, 0.008679479231246125, 0.008679479231246125, 0.008679479231246125, 0.008679479231246125, 0.008679479231246125, 0.7774333539987601, 0.7836329820210788, 0.7923124612523249, 1.0]",4.0,2.0,2.0,2.0,2.0,19,-4.478110000000001,8.0,6.0,hrl_dqn_apf,hierarchical,dqn,-10.045,6.520,-0.835,0.00,0.00,0.00,-14.280,6.665,-0.137,0.00,0.00,0.00,-20.750,6.542,-3.338,0.00,0.00,0.00,4.155,4.155,4.155
2026-02-04 13:33:21,19.06,14,364,378,3.70%,83.55,0.87%,"[0, 5, 10, 15, 20, 25, 30, 35, 40, 45, 50, 55, 60, 65, 70, 75, 80, 85, 90, 95, 100]","[7, 0, 5, 2, 0, 0, 0, 0, 0, 0, 0, 0, 0, 0, 0, 0, 1236, 14, 12, 337]","[0.0043397396156230625, 0.0043397396156230625, 0.007439553626782393, 0.008679479231246125, 0.008679479231246125, 0.008679479231246125, 0.008679479231246125, 0.008679479231246125, 0.008679479231246125, 0.008679479231246125, 0.008679479231246125, 0.008679479231246125, 0.008679479231246125, 0.008679479231246125, 0.008679479231246125, 0.008679479231246125, 0.7749535027898327, 0.7836329820210788, 0.7910725356478612, 1.0]",4.0,2.0,2.0,2.0,2.0,11,-22.31763,8.0,0.0,hrl_dqn_apf,hierarchical,dqn,-10.462,6.639,-0.863,0.00,0.00,0.00,-13.889,6.798,-0.109,0.00,0.00,0.00,-20.142,6.539,-3.338,0.00,0.00,0.00,4.152,4.152,4.152
2026-02-04 13:33:22,20.06,14,364,378,3.70%,83.73,0.87%,"[0, 5, 10, 15, 20, 25, 30, 35, 40, 45, 50, 55, 60, 65, 70, 75, 80, 85, 90, 95, 100]","[7, 0, 4, 2, 1, 0, 0, 0, 0, 0, 0, 0, 0, 0, 0, 0, 1236, 10, 15, 338]","[0.0043397396156230625, 0.0043397396156230625, 0.006819590824550527, 0.008059516429014259, 0.008679479231246125, 0.008679479231246125, 0.008679479231246125, 0.008679479231246125, 0.008679479231246125, 0.008679479231246125, 0.008679479231246125, 0.008679479231246125, 0.008679479231246125, 0.008679479231246125, 0.008679479231246125, 0.008679479231246125, 0.7749535027898327, 0.7811531308121513, 0.7904525728456293, 1.0]",4.0,2.0,2.0,2.0,2.0,11,-22.31763,8.0,0.0,hrl_dqn_apf,hierarchical,dqn,-10.120,6.667,-0.960,0.00,0.00,0.00,-14.238,6.856,-0.012,0.00,0.00,0.00,-19.422,6.534,-3.338,0.00,0.00,0.00,4.149,4.149,4.149
2026-02-04 13:33:23,21.07,15,365,380,3.95%,83.86,0.93%,"[0, 5, 10, 15, 20, 25, 30, 35, 40, 45, 50, 55, 60, 65, 70, 75, 80, 85, 90, 95, 100]","[7, 0, 4, 3, 1, 0, 0, 0, 0, 0, 0, 0, 0, 0, 0, 0, 1236, 8, 16, 338]","[0.0043397396156230625, 0.0043397396156230625, 0.006819590824550527, 0.008679479231246125, 0.009299442033477991, 0.009299442033477991, 0.009299442033477991, 0.009299442033477991, 0.009299442033477991, 0.009299442033477991, 0.009299442033477991, 0.009299442033477991, 0.009299442033477991, 0.009299442033477991, 0.009299442033477991, 0.009299442033477991, 0.7755734655920645, 0.7805331680099195, 0.7904525728456293, 1.0]",4.0,2.0,2.0,2.0,2.0,5,-28.15768,8.0,-6.0,hrl_dqn_apf,hierarchical,dqn,-9.491,6.649,-1.103,0.00,0.00,0.00,-14.870,6.875,0.131,0.00,0.00,0.00,-18.673,6.529,-3.337,0.00,0.00,0.00,4.146,4.146,4.146
2026-02-04 13:33:24,22.07,16,368,384,4.17%,84.16,0.99%,"[0, 5, 10, 15, 20, 25, 30, 35, 40, 45, 50, 55, 60, 65, 70, 75, 80, 85, 90, 95, 100]","[9, 1, 2, 3, 1, 0, 0, 0, 0, 0, 0, 0, 0, 0, 0, 0, 1235, 9, 10, 343]","[0.005579665220086794, 0.006199628022318661, 0.007439553626782393, 0.009299442033477991, 0.009919404835709857, 0.009919404835709857, 0.009919404835709857, 0.009919404835709857, 0.009919404835709857, 0.009919404835709857, 0.009919404835709857, 0.009919404835709857, 0.009919404835709857, 0.009919404835709857, 0.009919404835709857, 0.009919404835709857, 0.7755734655920645, 0.7811531308121513, 0.78735275883447, 1.0]",4.0,2.0,2.0,2.0,2.0,0,-27.996859999999998,8.0,-12.0,hrl_dqn_apf,hierarchical,dqn,-8.593,6.781,-1.379,0.00,0.00,0.00,-16.325,6.887,0.409,0.00,0.00,0.00,-17.708,6.682,-3.337,0.00,0.00,0.00,4.143,4.143,4.143
2026-02-04 13:33:25,23.07,16,366,382,4.19%,84.34,0.99%,"[0, 5, 10, 15, 20, 25, 30, 35, 40, 45, 50, 55, 60, 65, 70, 75, 80, 85, 90, 95, 100]","[9, 1, 1, 4, 1, 0, 0, 0, 0, 0, 0, 0, 0, 0, 0, 0, 1233, 11, 8, 345]","[0.005579665220086794, 0.006199628022318661, 0.006819590824550527, 0.009299442033477991, 0.009919404835709857, 0.009919404835709857, 0.009919404835709857, 0.009919404835709857, 0.009919404835709857, 0.009919404835709857, 0.009919404835709857, 0.009919404835709857, 0.009919404835709857, 0.009919404835709857, 0.009919404835709857, 0.009919404835709857, 0.7743335399876008, 0.7811531308121513, 0.7861128332300062, 1.0]",4.0,2.0,2.0,2.0,2.0,0,-27.996859999999998,8.0,-12.0,hrl_dqn_apf,hierarchical,dqn,-8.888,6.821,-1.534,0.00,0.00,0.00,-16.866,6.986,0.597,0.00,0.00,0.00,-18.058,6.704,-3.484,0.00,0.00,0.00,4.140,4.140,4.140
2026-02-04 13:33:26,24.08,17,369,386,4.40%,84.48,1.05%,"[0, 5, 10, 15, 20, 25, 30, 35, 40, 45, 50, 55, 60, 65, 70, 75, 80, 85, 90, 95, 100]","[8, 2, 0, 5, 2, 0, 0, 0, 0, 0, 0, 0, 0, 0, 0, 0, 1231, 7, 14, 344]","[0.0049597024178549285, 0.006199628022318661, 0.006199628022318661, 0.009299442033477991, 0.010539367637941723, 0.010539367637941723, 0.010539367637941723, 0.010539367637941723, 0.010539367637941723, 0.010539367637941723, 0.010539367637941723, 0.010539367637941723, 0.010539367637941723, 0.010539367637941723, 0.010539367637941723, 0.010539367637941723, 0.7737135771853689, 0.778053316800992, 0.7867327960322381, 1.0]",4.0,2.0,2.0,2.0,2.0,4,-3.8363700000000005,8.0,-12.0,hrl_dqn_apf,hierarchical,dqn,-8.998,6.876,-1.526,0.00,0.00,0.00,-16.898,7.038,1.127,0.00,0.00,0.00,-18.372,6.689,-4.000,0.00,0.00,0.00,4.137,4.137,4.137
2026-02-04 13:33:27,25.09,17,371,388,4.38%,84.60,1.05%,"[0, 5, 10, 15, 20, 25, 30, 35, 40, 45, 50, 55, 60, 65, 70, 75, 80, 85, 90, 95, 100]","[9, 2, 0, 4, 2, 0, 0, 1, 0, 0, 0, 0, 0, 0, 0, 0, 1232, 7, 10, 346]","[0.005579665220086794, 0.006819590824550527, 0.006819590824550527, 0.009299442033477991, 0.010539367637941723, 0.010539367637941723, 0.010539367637941723, 0.011159330440173589, 0.011159330440173589, 0.011159330440173589, 0.011159330440173589, 0.011159330440173589, 0.011159330440173589, 0.011159330440173589, 0.011159330440173589, 0.011159330440173589, 0.7749535027898327, 0.7792932424054557, 0.7854928704277744, 1.0]",4.0,2.0,2.0,2.0,2.0,19,-3.67657,8.0,6.0,hrl_dqn_apf,hierarchical,dqn,-9.033,6.934,-1.523,0.00,0.00,0.00,-16.736,7.071,1.782,0.00,0.00,0.00,-18.640,6.680,-4.652,0.00,0.00,0.00,4.134,4.134,4.134
2026-02-04 13:33:28,26.09,20,368,388,5.15%,84.82,1.24%,"[0, 5, 10, 15, 20, 25, 30, 35, 40, 45, 50, 55, 60, 65, 70, 75, 80, 85, 90, 95, 100]","[8, 5, 1, 2, 3, 1, 0, 0, 0, 0, 0, 1, 0, 0, 0, 0, 1225, 12, 9, 346]","[0.0049597024178549285, 0.008059516429014259, 0.008679479231246125, 0.009919404835709857, 0.011779293242405457, 0.012399256044637322, 0.012399256044637322, 0.012399256044637322, 0.012399256044637322, 0.012399256044637322, 0.012399256044637322, 0.013019218846869188, 0.013019218846869188, 0.013019218846869188, 0.013019218846869188, 0.013019218846869188, 0.7724736515809052, 0.7799132052076876, 0.7854928704277744, 1.0]",4.0,2.0,2.0,2.0,2.0,19,-3.67657,8.0,6.0,hrl_dqn_apf,hierarchical,dqn,-9.047,7.052,-1.522,0.00,0.00,0.00,-15.574,7.117,2.263,0.00,0.00,0.00,-19.578,6.811,-4.854,0.00,0.00,0.00,4.131,4.131,4.131
2026-02-04 13:33:29,27.10,21,367,388,5.41%,84.98,1.30%,"[0, 5, 10, 15, 20, 25, 30, 35, 40, 45, 50, 55, 60, 65, 70, 75, 80, 85, 90, 95, 100]","[9, 5, 1, 2, 3, 1, 0, 0, 0, 0, 0, 0, 0, 0, 0, 0, 1223, 14, 9, 346]","[0.005579665220086794, 0.008679479231246125, 0.009299442033477991, 0.010539367637941723, 0.012399256044637322, 0.013019218846869188, 0.013019218846869188, 0.013019218846869188, 0.013019218846869188, 0.013019218846869188, 0.013019218846869188, 0.013019218846869188, 0.013019218846869188, 0.013019218846869188, 0.013019218846869188, 0.013019218846869188, 0.7712337259764415, 0.7799132052076876, 0.7854928704277744, 1.0]",4.0,2.0,2.0,2.0,2.0,16,-21.51633,8.0,6.0,hrl_dqn_apf,hierarchical,dqn,-9.048,7.111,-1.543,0.00,0.00,0.00,-14.837,7.114,2.297,0.00,0.00,0.00,-19.722,6.823,-4.279,0.00,0.00,0.00,4.128,4.128,4.128
2026-02-04 13:33:30,28.10,21,369,390,5.38%,85.13,1.30%,"[0, 5, 10, 15, 20, 25, 30, 35, 40, 45, 50, 55, 60, 65, 70, 75, 80, 85, 90, 95, 100]","[9, 5, 1, 1, 4, 1, 0, 0, 0, 1, 0, 0, 0, 0, 0, 0, 1223, 14, 9, 345]","[0.005579665220086794, 0.008679479231246125, 0.009299442033477991, 0.009919404835709857, 0.012399256044637322, 0.013019218846869188, 0.013019218846869188, 0.013019218846869188, 0.013019218846869188, 0.013639181649101054, 0.013639181649101054, 0.013639181649101054, 0.013639181649101054, 0.013639181649101054, 0.013639181649101054, 0.013639181649101054, 0.7718536887786733, 0.7805331680099195, 0.7861128332300062, 1.0]",4.0,2.0,2.0,2.0,2.0,12,-15.35586,8.0,0.0,hrl_dqn_apf,hierarchical,dqn,-9.108,7.155,-1.519,0.00,0.00,0.00,-14.083,7.111,2.308,0.00,0.00,0.00,-19.767,6.822,-3.570,0.00,0.00,0.00,4.125,4.125,4.125
2026-02-04 13:33:31,29.11,22,368,390,5.64%,85.28,1.36%,"[0, 5, 10, 15, 20, 25, 30, 35, 40, 45, 50, 55, 60, 65, 70, 75, 80, 85, 90, 95, 100]","[9, 6, 2, 0, 4, 1, 0, 0, 0, 0, 0, 0, 0, 0, 0, 0, 1219, 14, 7, 351]","[0.005579665220086794, 0.009299442033477991, 0.010539367637941723, 0.010539367637941723, 0.013019218846869188, 0.013639181649101054, 0.013639181649101054, 0.013639181649101054, 0.013639181649101054, 0.013639181649101054, 0.013639181649101054, 0.013639181649101054, 0.013639181649101054, 0.013639181649101054, 0.013639181649101054, 0.013639181649101054, 0.7693738375697459, 0.778053316800992, 0.782393056416615, 1.0]",4.0,2.0,2.0,2.0,2.0,12,-15.35586,8.0,0.0,hrl_dqn_apf,hierarchical,dqn,-9.430,7.184,-1.515,0.00,0.00,0.00,-13.353,7.128,2.329,0.00,0.00,0.00,-19.781,6.819,-2.835,0.00,0.00,0.00,4.122,4.122,4.122
2026-02-04 13:33:32,30.11,22,369,391,5.63%,85.54,1.36%,"[0, 5, 10, 15, 20, 25, 30, 35, 40, 45, 50, 55, 60, 65, 70, 75, 80, 85, 90, 95, 100]","[10, 6, 3, 0, 2, 1, 1, 0, 0, 1, 0, 0, 0, 0, 0, 0, 1217, 16, 7, 349]","[0.006199628022318661, 0.009919404835709857, 0.011779293242405457, 0.011779293242405457, 0.013019218846869188, 0.013639181649101054, 0.01425914445133292, 0.01425914445133292, 0.01425914445133292, 0.014879107253564786, 0.014879107253564786, 0.014879107253564786, 0.014879107253564786, 0.014879107253564786, 0.014879107253564786, 0.014879107253564786, 0.7693738375697459, 0.7792932424054557, 0.7836329820210788, 1.0]",4.0,2.0,2.0,2.0,2.0,23,-9.19575,8.0,12.0,hrl_dqn_apf,hierarchical,dqn,-10.600,7.199,-1.530,0.00,0.00,0.00,-12.835,7.196,3.355,0.00,0.00,0.00,-19.787,6.813,-1.316,0.00,0.00,0.00,4.119,4.119,4.119
2026-02-04 13:33:33,31.11,23,368,391,5.88%,85.68,1.43%,"[0, 5, 10, 15, 20, 25, 30, 35, 40, 45, 50, 55, 60, 65, 70, 75, 80, 85, 90, 95, 100]","[10, 6, 4, 0, 2, 1, 1, 0, 0, 0, 0, 0, 0, 0, 0, 0, 1218, 10, 12, 349]","[0.006199628022318661, 0.009919404835709857, 0.012399256044637322, 0.012399256044637322, 0.013639181649101054, 0.01425914445133292, 0.014879107253564786, 0.014879107253564786, 0.014879107253564786, 0.014879107253564786, 0.014879107253564786, 0.014879107253564786, 0.014879107253564786, 0.014879107253564786, 0.014879107253564786, 0.014879107253564786, 0.7699938003719777, 0.7761934283942964, 0.7836329820210788, 1.0]",4.0,2.0,2.0,2.0,2.0,13,-9.03552,8.0,0.0,hrl_dqn_apf,hierarchical,dqn,-11.341,7.196,-1.530,0.00,0.00,0.00,-12.796,7.194,4.087,0.00,0.00,0.00,-19.628,6.877,-0.710,0.00,0.00,0.00,4.116,4.116,4.116
2026-02-04 13:33:34,32.11,25,368,393,6.36%,85.72,1.55%,"[0, 5, 10, 15, 20, 25, 30, 35, 40, 45, 50, 55, 60, 65, 70, 75, 80, 85, 90, 95, 100]","[11, 5, 4, 1, 3, 1, 2, 0, 0, 0, 0, 0, 0, 0, 0, 0, 1217, 8, 14, 347]","[0.006819590824550527, 0.009919404835709857, 0.012399256044637322, 0.013019218846869188, 0.014879107253564786, 0.015499070055796652, 0.016738995660260384, 0.016738995660260384, 0.016738995660260384, 0.016738995660260384, 0.016738995660260384, 0.016738995660260384, 0.016738995660260384, 0.016738995660260384, 0.016738995660260384, 0.016738995660260384, 0.7712337259764415, 0.7761934283942964, 0.7848729076255425, 1.0]",4.0,2.0,2.0,2.0,2.0,13,-9.03552,8.0,0.0,hrl_dqn_apf,hierarchical,dqn,-11.945,7.288,-1.531,0.00,0.00,0.00,-12.784,7.191,4.839,0.00,0.00,0.00,-19.077,6.900,-0.491,0.00,0.00,0.00,4.113,4.113,4.113
2026-02-04 13:33:35,33.12,26,369,395,6.58%,85.80,1.61%,"[0, 5, 10, 15, 20, 25, 30, 35, 40, 45, 50, 55, 60, 65, 70, 75, 80, 85, 90, 95, 100]","[11, 7, 4, 1, 1, 2, 1, 0, 0, 1, 0, 0, 0, 0, 0, 1, 1212, 14, 14, 344]","[0.006819590824550527, 0.011159330440173589, 0.013639181649101054, 0.01425914445133292, 0.014879107253564786, 0.016119032858028518, 0.016738995660260384, 0.016738995660260384, 0.016738995660260384, 0.01735895846249225, 0.01735895846249225, 0.01735895846249225, 0.01735895846249225, 0.01735895846249225, 0.01735895846249225, 0.017978921264724116, 0.7693738375697459, 0.778053316800992, 0.7867327960322381, 1.0]",4.0,2.0,2.0,2.0,2.0,9,-2.8751700000000007,8.0,-6.0,hrl_dqn_apf,hierarchical,dqn,-11.755,7.370,-1.531,0.00,0.00,0.00,-12.780,7.188,5.597,0.00,0.00,0.00,-18.375,6.899,-0.423,0.00,0.00,0.00,4.110,4.110,4.110
2026-02-04 13:33:36,34.12,28,365,393,7.12%,86.04,1.74%,"[0, 5, 10, 15, 20, 25, 30, 35, 40, 45, 50, 55, 60, 65, 70, 75, 80, 85, 90, 95, 100]","[11, 8, 4, 2, 0, 3, 1, 0, 0, 2, 0, 0, 0, 0, 0, 0, 1211, 8, 16, 347]","[0.006819590824550527, 0.011779293242405457, 0.01425914445133292, 0.015499070055796652, 0.015499070055796652, 0.01735895846249225, 0.017978921264724116, 0.017978921264724116, 0.017978921264724116, 0.019218846869187848, 0.019218846869187848, 0.019218846869187848, 0.019218846869187848, 0.019218846869187848, 0.019218846869187848, 0.019218846869187848, 0.7699938003719777, 0.7749535027898327, 0.7848729076255425, 1.0]",4.0,2.0,2.0,2.0,2.0,16,-20.71517,8.0,6.0,hrl_dqn_apf,hierarchical,dqn,-10.445,7.373,-1.531,0.00,0.00,0.00,-13.045,7.261,6.857,0.00,0.00,0.00,-16.872,6.893,-0.395,0.00,0.00,0.00,4.107,4.107,4.107
2026-02-04 13:33:37,35.12,28,371,399,7.02%,86.17,1.74%,"[0, 5, 10, 15, 20, 25, 30, 35, 40, 45, 50, 55, 60, 65, 70, 75, 80, 85, 90, 95, 100]","[10, 7, 5, 3, 1, 2, 1, 1, 0, 2, 0, 0, 0, 0, 0, 0, 1210, 9, 16, 346]","[0.006199628022318661, 0.010539367637941723, 0.013639181649101054, 0.015499070055796652, 0.016119032858028518, 0.01735895846249225, 0.017978921264724116, 0.018598884066955982, 0.018598884066955982, 0.019838809671419714, 0.019838809671419714, 0.019838809671419714, 0.019838809671419714, 0.019838809671419714, 0.019838809671419714, 0.019838809671419714, 0.7699938003719777, 0.7755734655920645, 0.7854928704277744, 1.0]",4.0,2.0,2.0,2.0,2.0,16,-20.71517,8.0,6.0,hrl_dqn_apf,hierarchical,dqn,-9.701,7.370,-1.531,0.00,0.00,0.00,-13.648,7.273,7.023,0.00,0.00,0.00,-16.116,6.890,-0.392,0.00,0.00,0.00,4.200,4.200,4.200
2026-02-04 13:33:38,36.13,29,372,401,7.23%,86.33,1.80%,"[0, 5, 10, 15, 20, 25, 30, 35, 40, 45, 50, 55, 60, 65, 70, 75, 80, 85, 90, 95, 100]","[12, 7, 3, 4, 1, 2, 1, 1, 0, 0, 1, 0, 0, 0, 0, 0, 1210, 9, 12, 350]","[0.007439553626782393, 0.011779293242405457, 0.013639181649101054, 0.016119032858028518, 0.016738995660260384, 0.017978921264724116, 0.018598884066955982, 0.019218846869187848, 0.019218846869187848, 0.019218846869187848, 0.019838809671419714, 0.019838809671419714, 0.019838809671419714, 0.019838809671419714, 0.019838809671419714, 0.019838809671419714, 0.7699938003719777, 0.7755734655920645, 0.7830130192188469, 1.0]",4.0,2.0,2.0,2.0,2.0,16,-20.71517,8.0,6.0,hrl_dqn_apf,hierarchical,dqn,-9.280,7.333,-1.525,0.00,0.00,0.00,-14.355,7.221,7.075,0.00,0.00,0.00,-15.365,6.837,-0.392,0.00,0.00,0.00,4.200,4.200,4.200
2026-02-04 13:33:39,37.14,29,370,399,7.27%,86.49,1.80%,"[0, 5, 10, 15, 20, 25, 30, 35, 40, 45, 50, 55, 60, 65, 70, 75, 80, 85, 90, 95, 100]","[10, 8, 4, 3, 2, 2, 1, 1, 0, 1, 1, 0, 0, 0, 0, 0, 1210, 9, 8, 353]","[0.006199628022318661, 0.011159330440173589, 0.013639181649101054, 0.015499070055796652, 0.016738995660260384, 0.017978921264724116, 0.018598884066955982, 0.019218846869187848, 0.019218846869187848, 0.019838809671419714, 0.02045877247365158, 0.02045877247365158, 0.02045877247365158, 0.02045877247365158, 0.02045877247365158, 0.02045877247365158, 0.7706137631742096, 0.7761934283942964, 0.7811531308121513, 1.0]",4.0,2.0,2.0,2.0,2.0,16,-20.71517,8.0,6.0,hrl_dqn_apf,hierarchical,dqn,-8.665,7.297,-1.525,0.00,0.00,0.00,-15.103,7.179,7.092,0.00,0.00,0.00,-14.605,6.794,-0.391,0.00,0.00,0.00,4.200,4.200,4.200
2026-02-04 13:33:40,38.14,28,377,405,6.91%,86.77,1.74%,"[0, 5, 10, 15, 20, 25, 30, 35, 40, 45, 50, 55, 60, 65, 70, 75, 80, 85, 90, 95, 100]","[11, 8, 5, 3, 1, 0, 4, 1, 0, 0, 1, 0, 0, 0, 0, 0, 1206, 7, 12, 354]","[0.006819590824550527, 0.011779293242405457, 0.014879107253564786, 0.016738995660260384, 0.01735895846249225, 0.01735895846249225, 0.019838809671419714, 0.02045877247365158, 0.02045877247365158, 0.02045877247365158, 0.021078735275883446, 0.021078735275883446, 0.021078735275883446, 0.021078735275883446, 0.021078735275883446, 0.021078735275883446, 0.768753874767514, 0.7730936143831371, 0.7805331680099195, 1.0]",4.0,2.0,2.0,2.0,2.0,16,-20.71517,8.0,6.0,hrl_dqn_apf,hierarchical,dqn,-7.190,7.268,-1.525,0.00,0.00,0.00,-16.625,7.149,7.099,0.00,0.00,0.00,-13.079,6.764,-0.391,0.00,0.00,0.00,4.200,4.200,4.200
2026-02-04 13:33:41,39.15,30,375,405,7.41%,86.86,1.86%,"[0, 5, 10, 15, 20, 25, 30, 35, 40, 45, 50, 55, 60, 65, 70, 75, 80, 85, 90, 95, 100]","[9, 10, 6, 2, 2, 1, 3, 1, 0, 0, 1, 0, 1, 0, 0, 0, 1206, 7, 8, 356]","[0.005579665220086794, 0.011779293242405457, 0.015499070055796652, 0.016738995660260384, 0.017978921264724116, 0.018598884066955982, 0.02045877247365158, 0.021078735275883446, 0.021078735275883446, 0.021078735275883446, 0.02169869807811531, 0.02169869807811531, 0.022318660880347178, 0.022318660880347178, 0.022318660880347178, 0.022318660880347178, 0.7699938003719777, 0.7743335399876008, 0.7792932424054557, 1.0]",4.0,2.0,2.0,2.0,2.0,16,-20.71517,8.0,6.0,hrl_dqn_apf,hierarchical,dqn,-6.600,7.265,-1.516,0.00,0.00,0.00,-17.385,7.143,7.100,0.00,0.00,0.00,-12.319,6.758,-0.391,0.00,0.00,0.00,4.200,4.200,4.200
2026-02-04 13:33:42,40.15,32,373,405,7.90%,86.93,1.98%,"[0, 5, 10, 15, 20, 25, 30, 35, 40, 45, 50, 55, 60, 65, 70, 75, 80, 85, 90, 95, 100]","[11, 8, 6, 4, 2, 1, 2, 1, 1, 0, 1, 0, 0, 0, 0, 0, 1200, 12, 9, 355]","[0.006819590824550527, 0.011779293242405457, 0.015499070055796652, 0.017978921264724116, 0.019218846869187848, 0.019838809671419714, 0.021078735275883446, 0.02169869807811531, 0.022318660880347178, 0.022318660880347178, 0.022938623682579044, 0.022938623682579044, 0.022938623682579044, 0.022938623682579044, 0.022938623682579044, 0.022938623682579044, 0.7668939863608184, 0.7743335399876008, 0.7799132052076876, 1.0]",4.0,2.0,2.0,2.0,2.0,16,-20.71517,8.0,6.0,hrl_dqn_apf,hierarchical,dqn,-6.074,7.277,-1.525,0.00,0.00,0.00,-18.165,7.139,7.100,0.00,0.00,0.00,-11.538,6.754,-0.391,0.00,0.00,0.00,4.200,4.200,4.200
2026-02-04 13:33:43,41.15,33,372,405,8.15%,87.04,2.05%,"[0, 5, 10, 15, 20, 25, 30, 35, 40, 45, 50, 55, 60, 65, 70, 75, 80, 85, 90, 95, 100]","[10, 9, 7, 4, 2, 1, 2, 1, 1, 0, 1, 0, 0, 0, 0, 0, 1198, 15, 9, 353]","[0.006199628022318661, 0.011779293242405457, 0.016119032858028518, 0.018598884066955982, 0.019838809671419714, 0.02045877247365158, 0.02169869807811531, 0.022318660880347178, 0.022938623682579044, 0.022938623682579044, 0.023558586484810913, 0.023558586484810913, 0.023558586484810913, 0.023558586484810913, 0.023558586484810913, 0.023558586484810913, 0.7662740235585865, 0.7755734655920645, 0.7811531308121513, 1.0]",4.0,2.0,2.0,2.0,2.0,16,-20.71517,8.0,6.0,hrl_dqn_apf,hierarchical,dqn,-5.382,7.275,-1.525,0.00,0.00,0.00,-18.929,7.135,7.100,0.00,0.00,0.00,-10.775,6.751,-0.391,0.00,0.00,0.00,4.200,4.200,4.200
2026-02-04 13:33:44,42.16,0,354,354,0.00%,80.00,0.00%,"[0, 5, 10, 15, 20, 25, 30, 35, 40, 45, 50, 55, 60, 65, 70, 75, 80, 85, 90, 95, 100]","[0, 0, 0, 0, 0, 0, 0, 0, 0, 0, 0, 0, 0, 0, 0, 0, 1613, 0, 0, 0]","[0.0, 0.0, 0.0, 0.0, 0.0, 0.0, 0.0, 0.0, 0.0, 0.0, 0.0, 0.0, 0.0, 0.0, 0.0, 0.0, 1.0, 1.0, 1.0, 1.0]",4.0,2.0,2.0,2.0,2.0,16,-20.71517,8.0,6.0,hrl_dqn_apf,hierarchical,dqn,-3.886,7.269,-1.525,0.00,0.00,0.00,-20.450,7.129,7.100,0.00,0.00,0.00,-9.254,6.744,-0.390,0.00,0.00,0.00,4.200,4.200,4.200
2026-02-04 13:33:45,43.16,0,354,354,0.00%,80.00,0.00%,"[0, 5, 10, 15, 20, 25, 30, 35, 40, 45, 50, 55, 60, 65, 70, 75, 80, 85, 90, 95, 100]","[0, 0, 0, 0, 0, 0, 0, 0, 0, 0, 0, 0, 0, 0, 0, 0, 1613, 0, 0, 0]","[0.0, 0.0, 0.0, 0.0, 0.0, 0.0, 0.0, 0.0, 0.0, 0.0, 0.0, 0.0, 0.0, 0.0, 0.0, 0.0, 1.0, 1.0, 1.0, 1.0]",4.0,2.0,2.0,2.0,2.0,16,-20.71517,8.0,6.0,hrl_dqn_apf,hierarchical,dqn,-3.130,7.266,-1.525,0.00,0.00,0.00,-21.207,7.126,7.100,0.00,0.00,0.00,-8.496,6.741,-0.390,0.00,0.00,0.00,4.200,4.200,4.200
2026-02-04 13:33:46,44.16,0,354,354,0.00%,80.00,0.00%,"[0, 5, 10, 15, 20, 25, 30, 35, 40, 45, 50, 55, 60, 65, 70, 75, 80, 85, 90, 95, 100]","[0, 0, 0, 0, 0, 0, 0, 0, 0, 0, 0, 0, 0, 0, 0, 0, 1613, 0, 0, 0]","[0.0, 0.0, 0.0, 0.0, 0.0, 0.0, 0.0, 0.0, 0.0, 0.0, 0.0, 0.0, 0.0, 0.0, 0.0, 0.0, 1.0, 1.0, 1.0, 1.0]",4.0,2.0,2.0,2.0,2.0,16,-20.71517,8.0,6.0,hrl_dqn_apf,hierarchical,dqn,-2.370,7.263,-1.525,0.00,0.00,0.00,-21.968,7.123,7.100,0.00,0.00,0.00,-7.736,6.738,-0.390,0.00,0.00,0.00,4.200,4.200,4.200
2026-02-04 13:33:47,45.17,0,354,354,0.00%,80.00,0.00%,"[0, 5, 10, 15, 20, 25, 30, 35, 40, 45, 50, 55, 60, 65, 70, 75, 80, 85, 90, 95, 100]","[0, 0, 0, 0, 0, 0, 0, 0, 0, 0, 0, 0, 0, 0, 0, 0, 1613, 0, 0, 0]","[0.0, 0.0, 0.0, 0.0, 0.0, 0.0, 0.0, 0.0, 0.0, 0.0, 0.0, 0.0, 0.0, 0.0, 0.0, 0.0, 1.0, 1.0, 1.0, 1.0]",4.0,2.0,2.0,2.0,2.0,16,-20.71517,8.0,6.0,hrl_dqn_apf,hierarchical,dqn,-1.615,7.260,-1.525,0.00,0.00,0.00,-22.723,7.120,7.100,0.00,0.00,0.00,-6.981,6.735,-0.390,0.00,0.00,0.00,4.200,4.200,4.200
2026-02-04 13:33:48,46.17,3,349,352,0.85%,80.11,0.25%,"[0, 5, 10, 15, 20, 25, 30, 35, 40, 45, 50, 55, 60, 65, 70, 75, 80, 85, 90, 95, 100]","[4, 0, 0, 0, 0, 0, 0, 0, 0, 0, 1, 1, 0, 0, 1, 0, 1606, 0, 0, 0]","[0.0024798512089274642, 0.0024798512089274642, 0.0024798512089274642, 0.0024798512089274642, 0.0024798512089274642, 0.0024798512089274642, 0.0024798512089274642, 0.0024798512089274642, 0.0024798512089274642, 0.0024798512089274642, 0.0030998140111593306, 0.0037197768133911966, 0.0037197768133911966, 0.0037197768133911966, 0.0043397396156230625, 0.0043397396156230625, 1.0, 1.0, 1.0, 1.0]",4.0,2.0,2.0,2.0,2.0,16,-20.71517,8.0,6.0,hrl_dqn_apf,hierarchical,dqn,-0.126,7.254,-1.525,0.00,0.00,0.00,-24.212,7.114,7.100,0.00,0.00,0.00,-5.492,6.729,-0.390,0.00,0.00,0.00,4.200,4.200,4.200
2026-02-04 13:33:49,47.18,4,349,353,1.13%,80.18,0.37%,"[0, 5, 10, 15, 20, 25, 30, 35, 40, 45, 50, 55, 60, 65, 70, 75, 80, 85, 90, 95, 100]","[5, 1, 0, 0, 0, 0, 0, 0, 0, 0, 1, 1, 0, 1, 0, 0, 1604, 0, 0, 0]","[0.0030998140111593306, 0.0037197768133911966, 0.0037197768133911966, 0.0037197768133911966, 0.0037197768133911966, 0.0037197768133911966, 0.0037197768133911966, 0.0037197768133911966, 0.0037197768133911966, 0.0037197768133911966, 0.0043397396156230625, 0.0049597024178549285, 0.0049597024178549285, 0.005579665220086794, 0.005579665220086794, 0.005579665220086794, 1.0, 1.0, 1.0, 1.0]",4.0,2.0,2.0,2.0,2.0,16,-20.71517,8.0,6.0,hrl_dqn_apf,hierarchical,dqn,0.634,7.228,-1.524,0.00,0.00,0.00,-24.973,7.090,7.100,0.00,0.00,0.00,-4.731,6.705,-0.390,0.00,0.00,0.00,4.200,4.200,4.200
2026-02-04 13:33:50,48.18,5,348,353,1.42%,80.31,0.43%,"[0, 5, 10, 15, 20, 25, 30, 35, 40, 45, 50, 55, 60, 65, 70, 75, 80, 85, 90, 95, 100]","[7, 0, 0, 0, 0, 0, 0, 0, 0, 0, 1, 1, 0, 0, 1, 0, 1603, 0, 0, 0]","[0.0043397396156230625, 0.0043397396156230625, 0.0043397396156230625, 0.0043397396156230625, 0.0043397396156230625, 0.0043397396156230625, 0.0043397396156230625, 0.0043397396156230625, 0.0043397396156230625, 0.0043397396156230625, 0.0049597024178549285, 0.005579665220086794, 0.005579665220086794, 0.005579665220086794, 0.006199628022318661, 0.006199628022318661, 1.0, 1.0, 1.0, 1.0]",4.0,2.0,2.0,2.0,2.0,16,-20.71517,8.0,6.0,hrl_dqn_apf,hierarchical,dqn,1.385,7.170,-1.524,0.00,0.00,0.00,-25.724,7.030,7.100,0.00,0.00,0.00,-3.980,6.645,-0.390,0.00,0.00,0.00,4.200,4.200,4.200
2026-02-04 13:33:51,49.19,5,348,353,1.42%,80.42,0.50%,"[0, 5, 10, 15, 20, 25, 30, 35, 40, 45, 50, 55, 60, 65, 70, 75, 80, 85, 90, 95, 100]","[8, 0, 0, 0, 0, 0, 0, 0, 0, 0, 2, 1, 0, 0, 0, 0, 1602, 0, 0, 0]","[0.0049597024178549285, 0.0049597024178549285, 0.0049597024178549285, 0.0049597024178549285, 0.0049597024178549285, 0.0049597024178549285, 0.0049597024178549285, 0.0049597024178549285, 0.0049597024178549285, 0.0049597024178549285, 0.006199628022318661, 0.006819590824550527, 0.006819590824550527, 0.006819590824550527, 0.006819590824550527, 0.006819590824550527, 1.0, 1.0, 1.0, 1.0]",4.0,2.0,2.0,2.0,2.0,16,-20.71517,8.0,6.0,hrl_dqn_apf,hierarchical,dqn,2.146,7.143,-1.524,0.00,0.00,0.00,-26.484,7.004,7.100,0.00,0.00,0.00,-3.220,6.619,-0.389,0.00,0.00,0.00,4.200,4.200,4.200
2026-02-04 13:33:52,50.19,6,351,357,1.68%,80.66,0.62%,"[0, 5, 10, 15, 20, 25, 30, 35, 40, 45, 50, 55, 60, 65, 70, 75, 80, 85, 90, 95, 100]","[9, 1, 0, 0, 0, 0, 0, 1, 0, 0, 1, 1, 0, 0, 0, 0, 1254, 346, 0, 0]","[0.005579665220086794, 0.006199628022318661, 0.006199628022318661, 0.006199628022318661, 0.006199628022318661, 0.006199628022318661, 0.006199628022318661, 0.006819590824550527, 0.006819590824550527, 0.006819590824550527, 0.007439553626782393, 0.008059516429014259, 0.008059516429014259, 0.008059516429014259, 0.008059516429014259, 0.008059516429014259, 0.7854928704277744, 1.0, 1.0, 1.0]",4.0,2.0,2.0,2.0,2.0,16,-20.71517,8.0,6.0,hrl_dqn_apf,hierarchical,dqn,3.658,7.124,-1.524,0.00,0.00,0.00,-27.997,6.984,7.100,0.00,0.00,0.00,-1.708,6.599,-0.389,0.00,0.00,0.00,4.200,4.200,4.200
2026-02-04 13:33:53,51.20,6,351,357,1.68%,80.80,0.68%,"[0, 5, 10, 15, 20, 25, 30, 35, 40, 45, 50, 55, 60, 65, 70, 75, 80, 85, 90, 95, 100]","[10, 1, 0, 0, 0, 0, 0, 0, 0, 1, 1, 0, 1, 0, 0, 0, 1253, 346, 0, 0]","[0.006199628022318661, 0.006819590824550527, 0.006819590824550527, 0.006819590824550527, 0.006819590824550527, 0.006819590824550527, 0.006819590824550527, 0.006819590824550527, 0.006819590824550527, 0.007439553626782393, 0.008059516429014259, 0.008059516429014259, 0.008679479231246125, 0.008679479231246125, 0.008679479231246125, 0.008679479231246125, 0.7854928704277744, 1.0, 1.0, 1.0]",4.0,2.0,2.0,2.0,2.0,16,-20.71517,8.0,6.0,hrl_dqn_apf,hierarchical,dqn,4.418,7.119,-1.524,0.00,0.00,0.00,-28.757,6.979,7.100,0.00,0.00,0.00,-0.947,6.594,-0.389,0.00,0.00,0.00,4.200,4.200,4.200
2026-02-04 13:33:54,52.20,6,355,361,1.66%,80.91,0.81%,"[0, 5, 10, 15, 20, 25, 30, 35, 40, 45, 50, 55, 60, 65, 70, 75, 80, 85, 90, 95, 100]","[10, 2, 0, 0, 0, 1, 0, 0, 0, 0, 1, 0, 1, 0, 0, 0, 1252, 346, 0, 0]","[0.006199628022318661, 0.007439553626782393, 0.007439553626782393, 0.007439553626782393, 0.007439553626782393, 0.008059516429014259, 0.008059516429014259, 0.008059516429014259, 0.008059516429014259, 0.008059516429014259, 0.008679479231246125, 0.008679479231246125, 0.009299442033477991, 0.009299442033477991, 0.009299442033477991, 0.009299442033477991, 0.7854928704277744, 1.0, 1.0, 1.0]",4.0,2.0,2.0,2.0,2.0,16,-20.71517,8.0,6.0,hrl_dqn_apf,hierarchical,dqn,5.156,7.115,-1.524,0.00,0.00,0.00,-29.495,6.975,7.100,0.00,0.00,0.00,-0.210,6.590,-0.389,0.00,0.00,0.00,4.200,4.200,4.200
2026-02-04 13:33:55,53.20,6,359,365,1.64%,81.05,0.81%,"[0, 5, 10, 15, 20, 25, 30, 35, 40, 45, 50, 55, 60, 65, 70, 75, 80, 85, 90, 95, 100]","[10, 3, 0, 0, 0, 0, 0, 1, 0, 0, 1, 0, 1, 0, 0, 0, 1251, 346, 0, 0]","[0.006199628022318661, 0.008059516429014259, 0.008059516429014259, 0.008059516429014259, 0.008059516429014259, 0.008059516429014259, 0.008059516429014259, 0.008679479231246125, 0.008679479231246125, 0.008679479231246125, 0.009299442033477991, 0.009299442033477991, 0.009919404835709857, 0.009919404835709857, 0.009919404835709857, 0.009919404835709857, 0.7854928704277744, 1.0, 1.0, 1.0]",4.0,2.0,2.0,2.0,2.0,16,-20.71517,8.0,6.0,hrl_dqn_apf,hierarchical,dqn,5.919,7.112,-1.524,0.00,0.00,0.00,-30.258,6.972,7.100,0.00,0.00,0.00,0.554,6.587,-0.389,0.00,0.00,0.00,4.200,4.200,4.200
2026-02-04 13:33:56,54.21,0,354,354,0.00%,80.00,0.00%,"[0, 5, 10, 15, 20, 25, 30, 35, 40, 45, 50, 55, 60, 65, 70, 75, 80, 85, 90, 95, 100]","[0, 0, 0, 0, 0, 0, 0, 0, 0, 0, 0, 0, 0, 0, 0, 0, 1613, 0, 0, 0]","[0.0, 0.0, 0.0, 0.0, 0.0, 0.0, 0.0, 0.0, 0.0, 0.0, 0.0, 0.0, 0.0, 0.0, 0.0, 0.0, 1.0, 1.0, 1.0, 1.0]",4.0,2.0,2.0,2.0,2.0,16,-20.71517,8.0,6.0,hrl_dqn_apf,hierarchical,dqn,7.437,7.106,-1.524,0.00,0.00,0.00,-31.776,6.966,7.100,0.00,0.00,0.00,2.071,6.581,-0.389,0.00,0.00,0.00,4.200,4.200,4.200
2026-02-04 13:33:57,55.21,0,354,354,0.00%,80.00,0.00%,"[0, 5, 10, 15, 20, 25, 30, 35, 40, 45, 50, 55, 60, 65, 70, 75, 80, 85, 90, 95, 100]","[0, 0, 0, 0, 0, 0, 0, 0, 0, 0, 0, 0, 0, 0, 0, 0, 1613, 0, 0, 0]","[0.0, 0.0, 0.0, 0.0, 0.0, 0.0, 0.0, 0.0, 0.0, 0.0, 0.0, 0.0, 0.0, 0.0, 0.0, 0.0, 1.0, 1.0, 1.0, 1.0]",4.0,2.0,2.0,2.0,2.0,16,-20.71517,8.0,6.0,hrl_dqn_apf,hierarchical,dqn,8.197,7.103,-1.524,0.00,0.00,0.00,-32.537,6.963,7.100,0.00,0.00,0.00,2.832,6.578,-0.388,0.00,0.00,0.00,4.200,4.200,4.200
2026-02-04 13:33:58,56.21,0,354,354,0.00%,80.00,0.00%,"[0, 5, 10, 15, 20, 25, 30, 35, 40, 45, 50, 55, 60, 65, 70, 75, 80, 85, 90, 95, 100]","[0, 0, 0, 0, 0, 0, 0, 0, 0, 0, 0, 0, 0, 0, 0, 0, 1613, 0, 0, 0]","[0.0, 0.0, 0.0, 0.0, 0.0, 0.0, 0.0, 0.0, 0.0, 0.0, 0.0, 0.0, 0.0, 0.0, 0.0, 0.0, 1.0, 1.0, 1.0, 1.0]",4.0,2.0,2.0,2.0,2.0,16,-20.71517,8.0,6.0,hrl_dqn_apf,hierarchical,dqn,8.924,7.100,-1.524,0.00,0.00,0.00,-33.262,6.960,7.100,0.00,0.00,0.00,3.558,6.575,-0.388,0.00,0.00,0.00,4.200,4.200,4.200
2026-02-04 13:33:59,57.21,0,352,352,0.00%,80.07,0.12%,"[0, 5, 10, 15, 20, 25, 30, 35, 40, 45, 50, 55, 60, 65, 70, 75, 80, 85, 90, 95, 100]","[2, 0, 0, 0, 0, 0, 0, 0, 0, 0, 0, 0, 0, 0, 0, 1, 1610, 0, 0, 0]","[0.0012399256044637321, 0.0012399256044637321, 0.0012399256044637321, 0.0012399256044637321, 0.0012399256044637321, 0.0012399256044637321, 0.0012399256044637321, 0.0012399256044637321, 0.0012399256044637321, 0.0012399256044637321, 0.0012399256044637321, 0.0012399256044637321, 0.0012399256044637321, 0.0012399256044637321, 0.0012399256044637321, 0.0018598884066955983, 1.0, 1.0, 1.0, 1.0]",4.0,2.0,2.0,2.0,2.0,16,-20.71517,8.0,6.0,hrl_dqn_apf,hierarchical,dqn,9.684,7.097,-1.524,0.00,0.00,0.00,-34.022,6.957,7.100,0.00,0.00,0.00,4.318,6.572,-0.388,0.00,0.00,0.00,4.200,4.200,4.200
2026-02-04 13:34:01,59.77,0,352,352,0.00%,80.18,0.19%,"[0, 5, 10, 15, 20, 25, 30, 35, 40, 45, 50, 55, 60, 65, 70, 75, 80, 85, 90, 95, 100]","[3, 0, 0, 0, 0, 0, 0, 0, 0, 0, 0, 1, 0, 0, 0, 0, 1609, 0, 0, 0]","[0.0018598884066955983, 0.0018598884066955983, 0.0018598884066955983, 0.0018598884066955983, 0.0018598884066955983, 0.0018598884066955983, 0.0018598884066955983, 0.0018598884066955983, 0.0018598884066955983, 0.0018598884066955983, 0.0018598884066955983, 0.0024798512089274642, 0.0024798512089274642, 0.0024798512089274642, 0.0024798512089274642, 0.0024798512089274642, 1.0, 1.0, 1.0, 1.0]",4.0,2.0,2.0,2.0,2.0,16,-20.71517,8.0,6.0,hrl_dqn_apf,hierarchical,dqn,10.445,7.094,-1.524,0.00,0.00,0.00,-34.782,6.954,7.100,0.00,0.00,0.00,5.079,6.569,-0.388,0.00,0.00,0.00,4.200,4.200,4.200
2026-02-04 13:34:02,60.78,0,355,355,0.00%,80.75,0.37%,"[0, 5, 10, 15, 20, 25, 30, 35, 40, 45, 50, 55, 60, 65, 70, 75, 80, 85, 90, 95, 100]","[6, 0, 0, 0, 0, 0, 0, 0, 0, 0, 0, 0, 0, 0, 0, 0, 1607, 0, 0, 0]","[0.0037197768133911966, 0.0037197768133911966, 0.0037197768133911966, 0.0037197768133911966, 0.0037197768133911966, 0.0037197768133911966, 0.0037197768133911966, 0.0037197768133911966, 0.0037197768133911966, 0.0037197768133911966, 0.0037197768133911966, 0.0037197768133911966, 0.0037197768133911966, 0.0037197768133911966, 0.0037197768133911966, 0.0037197768133911966, 1.0, 1.0, 1.0, 1.0]",4.0,2.0,2.0,2.0,2.0,16,-20.71517,8.0,6.0,hrl_dqn_apf,hierarchical,dqn,11.658,7.063,-1.523,0.00,0.00,0.00,-35.973,6.923,7.101,0.00,0.00,0.00,6.267,6.538,-0.386,0.00,0.00,0.00,4.200,4.200,4.200
2026-02-04 13:34:03,61.78,0,357,357,0.00%,80.93,0.37%,"[0, 5, 10, 15, 20, 25, 30, 35, 40, 45, 50, 55, 60, 65, 70, 75, 80, 85, 90, 95, 100]","[6, 0, 0, 0, 0, 0, 0, 0, 0, 0, 0, 0, 0, 0, 0, 0, 1255, 352, 0, 0]","[0.0037197768133911966, 0.0037197768133911966, 0.0037197768133911966, 0.0037197768133911966, 0.0037197768133911966, 0.0037197768133911966, 0.0037197768133911966, 0.0037197768133911966, 0.0037197768133911966, 0.0037197768133911966, 0.0037197768133911966, 0.0037197768133911966, 0.0037197768133911966, 0.0037197768133911966, 0.0037197768133911966, 0.0037197768133911966, 0.7817730936143832, 1.0, 1.0, 1.0]",4.0,2.0,2.0,2.0,2.0,16,-20.71517,8.0,6.0,hrl_dqn_apf,hierarchical,dqn,12.063,7.059,-1.522,0.00,0.00,0.00,-36.374,6.920,7.101,0.00,0.00,0.00,6.666,6.535,-0.386,0.00,0.00,0.00,4.200,4.200,4.200
2026-02-04 13:34:04,62.78,0,357,357,0.00%,81.09,0.37%,"[0, 5, 10, 15, 20, 25, 30, 35, 40, 45, 50, 55, 60, 65, 70, 75, 80, 85, 90, 95, 100]","[6, 0, 0, 0, 0, 0, 0, 0, 0, 1, 0, 0, 0, 0, 0, 0, 1254, 352, 0, 0]","[0.0037197768133911966, 0.0037197768133911966, 0.0037197768133911966, 0.0037197768133911966, 0.0037197768133911966, 0.0037197768133911966, 0.0037197768133911966, 0.0037197768133911966, 0.0037197768133911966, 0.0043397396156230625, 0.0043397396156230625, 0.0043397396156230625, 0.0043397396156230625, 0.0043397396156230625, 0.0043397396156230625, 0.0043397396156230625, 0.7817730936143832, 1.0, 1.0, 1.0]",4.0,2.0,2.0,2.0,2.0,16,-20.71517,8.0,6.0,hrl_dqn_apf,hierarchical,dqn,12.724,7.044,-1.522,0.00,0.00,0.00,-37.034,6.905,7.101,0.00,0.00,0.00,7.325,6.520,-0.386,0.00,0.00,0.00,4.200,4.200,4.200
2026-02-04 13:34:05,63.79,0,365,365,0.00%,81.34,0.50%,"[0, 5, 10, 15, 20, 25, 30, 35, 40, 45, 50, 55, 60, 65, 70, 75, 80, 85, 90, 95, 100]","[8, 0, 0, 0, 0, 0, 0, 1, 0, 0, 0, 0, 0, 0, 0, 0, 1251, 353, 0, 0]","[0.0049597024178549285, 0.0049597024178549285, 0.0049597024178549285, 0.0049597024178549285, 0.0049597024178549285, 0.0049597024178549285, 0.0049597024178549285, 0.005579665220086794, 0.005579665220086794, 0.005579665220086794, 0.005579665220086794, 0.005579665220086794, 0.005579665220086794, 0.005579665220086794, 0.005579665220086794, 0.005579665220086794, 0.7811531308121513, 1.0, 1.0, 1.0]",4.0,2.0,2.0,2.0,2.0,16,-20.71517,8.0,6.0,hrl_dqn_apf,hierarchical,dqn,14.209,7.030,-1.522,0.00,0.00,0.00,-38.518,6.891,7.101,0.00,0.00,0.00,8.809,6.506,-0.386,0.00,0.00,0.00,4.200,4.200,4.200
2026-02-04 13:34:06,64.79,0,363,363,0.00%,81.46,0.62%,"[0, 5, 10, 15, 20, 25, 30, 35, 40, 45, 50, 55, 60, 65, 70, 75, 80, 85, 90, 95, 100]","[9, 0, 0, 0, 1, 0, 0, 0, 0, 0, 0, 0, 0, 0, 0, 0, 1250, 353, 0, 0]","[0.005579665220086794, 0.005579665220086794, 0.005579665220086794, 0.005579665220086794, 0.006199628022318661, 0.006199628022318661, 0.006199628022318661, 0.006199628022318661, 0.006199628022318661, 0.006199628022318661, 0.006199628022318661, 0.006199628022318661, 0.006199628022318661, 0.006199628022318661, 0.006199628022318661, 0.006199628022318661, 0.7811531308121513, 1.0, 1.0, 1.0]",4.0,2.0,2.0,2.0,2.0,16,-20.71517,8.0,6.0,hrl_dqn_apf,hierarchical,dqn,14.959,7.026,-1.522,0.00,0.00,0.00,-39.268,6.886,7.101,0.00,0.00,0.00,9.559,6.502,-0.386,0.00,0.00,0.00,4.200,4.200,4.200
2026-02-04 13:34:07,65.79,0,365,365,0.00%,81.59,0.68%,"[0, 5, 10, 15, 20, 25, 30, 35, 40, 45, 50, 55, 60, 65, 70, 75, 80, 85, 90, 95, 100]","[10, 0, 0, 0, 1, 0, 0, 0, 0, 0, 0, 0, 0, 0, 0, 0, 1247, 355, 0, 0]","[0.006199628022318661, 0.006199628022318661, 0.006199628022318661, 0.006199628022318661, 0.006819590824550527, 0.006819590824550527, 0.006819590824550527, 0.006819590824550527, 0.006819590824550527, 0.006819590824550527, 0.006819590824550527, 0.006819590824550527, 0.006819590824550527, 0.006819590824550527, 0.006819590824550527, 0.006819590824550527, 0.7799132052076876, 1.0, 1.0, 1.0]",4.0,2.0,2.0,2.0,2.0,16,-20.71517,8.0,6.0,hrl_dqn_apf,hierarchical,dqn,15.719,7.022,-1.522,0.00,0.00,0.00,-40.028,6.883,7.101,0.00,0.00,0.00,10.319,6.498,-0.385,0.00,0.00,0.00,4.200,4.200,4.200
2026-02-04 13:34:08,66.80,0,354,354,0.00%,80.00,0.00%,"[0, 5, 10, 15, 20, 25, 30, 35, 40, 45, 50, 55, 60, 65, 70, 75, 80, 85, 90, 95, 100]","[0, 0, 0, 0, 0, 0, 0, 0, 0, 0, 0, 0, 0, 0, 0, 0, 1613, 0, 0, 0]","[0.0, 0.0, 0.0, 0.0, 0.0, 0.0, 0.0, 0.0, 0.0, 0.0, 0.0, 0.0, 0.0, 0.0, 0.0, 0.0, 1.0, 1.0, 1.0, 1.0]",4.0,2.0,2.0,2.0,2.0,16,-20.71517,8.0,6.0,hrl_dqn_apf,hierarchical,dqn,17.059,7.016,-1.522,0.00,0.00,0.00,-41.368,6.877,7.101,0.00,0.00,0.00,11.659,6.493,-0.385,0.00,0.00,0.00,4.200,4.200,4.200
2026-02-04 13:34:09,67.81,0,354,354,0.00%,80.00,0.00%,"[0, 5, 10, 15, 20, 25, 30, 35, 40, 45, 50, 55, 60, 65, 70, 75, 80, 85, 90, 95, 100]","[0, 0, 0, 0, 0, 0, 0, 0, 0, 0, 0, 0, 0, 0, 0, 0, 1613, 0, 0, 0]","[0.0, 0.0, 0.0, 0.0, 0.0, 0.0, 0.0, 0.0, 0.0, 0.0, 0.0, 0.0, 0.0, 0.0, 0.0, 0.0, 1.0, 1.0, 1.0, 1.0]",4.0,2.0,2.0,2.0,2.0,16,-20.71517,8.0,6.0,hrl_dqn_apf,hierarchical,dqn,17.994,7.013,-1.522,0.00,0.00,0.00,-42.302,6.874,7.101,0.00,0.00,0.00,12.594,6.489,-0.385,0.00,0.00,0.00,4.200,4.200,4.200
2026-02-04 13:34:10,68.81,0,354,354,0.00%,80.00,0.00%,"[0, 5, 10, 15, 20, 25, 30, 35, 40, 45, 50, 55, 60, 65, 70, 75, 80, 85, 90, 95, 100]","[0, 0, 0, 0, 0, 0, 0, 0, 0, 0, 0, 0, 0, 0, 0, 0, 1613, 0, 0, 0]","[0.0, 0.0, 0.0, 0.0, 0.0, 0.0, 0.0, 0.0, 0.0, 0.0, 0.0, 0.0, 0.0, 0.0, 0.0, 0.0, 1.0, 1.0, 1.0, 1.0]",4.0,2.0,2.0,2.0,2.0,16,-20.71517,8.0,6.0,hrl_dqn_apf,hierarchical,dqn,18.732,7.010,-1.522,0.00,0.00,0.00,-43.039,6.871,7.101,0.00,0.00,0.00,13.332,6.486,-0.385,0.00,0.00,0.00,4.200,4.200,4.200
2026-02-04 13:34:11,69.82,0,354,354,0.00%,80.00,0.00%,"[0, 5, 10, 15, 20, 25, 30, 35, 40, 45, 50, 55, 60, 65, 70, 75, 80, 85, 90, 95, 100]","[0, 0, 0, 0, 0, 0, 0, 0, 0, 0, 0, 0, 0, 0, 0, 0, 1613, 0, 0, 0]","[0.0, 0.0, 0.0, 0.0, 0.0, 0.0, 0.0, 0.0, 0.0, 0.0, 0.0, 0.0, 0.0, 0.0, 0.0, 0.0, 1.0, 1.0, 1.0, 1.0]",4.0,2.0,2.0,2.0,2.0,16,-20.71517,8.0,6.0,hrl_dqn_apf,hierarchical,dqn,19.492,7.007,-1.522,0.00,0.00,0.00,-43.799,6.868,7.101,0.00,0.00,0.00,14.092,6.483,-0.385,0.00,0.00,0.00,4.200,4.200,4.200
2026-02-04 13:34:12,70.82,0,352,352,0.00%,80.07,0.06%,"[0, 5, 10, 15, 20, 25, 30, 35, 40, 45, 50, 55, 60, 65, 70, 75, 80, 85, 90, 95, 100]","[1, 0, 0, 0, 0, 0, 1, 0, 0, 1, 0, 0, 0, 0, 0, 0, 1610, 0, 0, 0]","[0.0006199628022318661, 0.0006199628022318661, 0.0006199628022318661, 0.0006199628022318661, 0.0006199628022318661, 0.0006199628022318661, 0.0012399256044637321, 0.0012399256044637321, 0.0012399256044637321, 0.0018598884066955983, 0.0018598884066955983, 0.0018598884066955983, 0.0018598884066955983, 0.0018598884066955983, 0.0018598884066955983, 0.0018598884066955983, 1.0, 1.0, 1.0, 1.0]",4.0,2.0,2.0,2.0,2.0,16,-20.71517,8.0,6.0,hrl_dqn_apf,hierarchical,dqn,20.256,7.004,-1.522,0.00,0.00,0.00,-44.562,6.865,7.101,0.00,0.00,0.00,14.855,6.480,-0.385,0.00,0.00,0.00,4.200,4.200,4.200
2026-02-04 13:34:13,71.82,0,353,353,0.00%,80.31,0.19%,"[0, 5, 10, 15, 20, 25, 30, 35, 40, 45, 50, 55, 60, 65, 70, 75, 80, 85, 90, 95, 100]","[3, 0, 0, 0, 0, 0, 2, 0, 0, 0, 0, 0, 0, 0, 0, 0, 1608, 0, 0, 0]","[0.0018598884066955983, 0.0018598884066955983, 0.0018598884066955983, 0.0018598884066955983, 0.0018598884066955983, 0.0018598884066955983, 0.0030998140111593306, 0.0030998140111593306, 0.0030998140111593306, 0.0030998140111593306, 0.0030998140111593306, 0.0030998140111593306, 0.0030998140111593306, 0.0030998140111593306, 0.0030998140111593306, 0.0030998140111593306, 1.0, 1.0, 1.0, 1.0]",4.0,2.0,2.0,2.0,2.0,16,-20.71517,8.0,6.0,hrl_dqn_apf,hierarchical,dqn,21.780,6.998,-1.522,0.00,0.00,0.00,-46.085,6.825,7.101,0.00,0.00,0.00,16.379,6.439,-0.384,0.00,0.00,0.00,4.200,4.200,4.200
2026-02-04 13:34:14,72.82,0,353,353,0.00%,80.44,0.25%,"[0, 5, 10, 15, 20, 25, 30, 35, 40, 45, 50, 55, 60, 65, 70, 75, 80, 85, 90, 95, 100]","[4, 0, 0, 0, 0, 0, 1, 1, 0, 0, 0, 0, 0, 0, 0, 0, 1607, 0, 0, 0]","[0.0024798512089274642, 0.0024798512089274642, 0.0024798512089274642, 0.0024798512089274642, 0.0024798512089274642, 0.0024798512089274642, 0.0030998140111593306, 0.0037197768133911966, 0.0037197768133911966, 0.0037197768133911966, 0.0037197768133911966, 0.0037197768133911966, 0.0037197768133911966, 0.0037197768133911966, 0.0037197768133911966, 0.0037197768133911966, 1.0, 1.0, 1.0, 1.0]",4.0,2.0,2.0,2.0,2.0,16,-20.71517,8.0,6.0,hrl_dqn_apf,hierarchical,dqn,22.540,6.995,-1.522,0.00,0.00,0.00,-46.845,6.772,7.101,0.00,0.00,0.00,17.139,6.387,-0.384,0.00,0.00,0.00,4.200,4.200,4.200
2026-02-04 13:34:15,73.83,0,353,353,0.00%,80.56,0.37%,"[0, 5, 10, 15, 20, 25, 30, 35, 40, 45, 50, 55, 60, 65, 70, 75, 80, 85, 90, 95, 100]","[5, 0, 0, 1, 0, 0, 1, 0, 0, 0, 0, 0, 0, 0, 0, 0, 1606, 0, 0, 0]","[0.0030998140111593306, 0.0030998140111593306, 0.0030998140111593306, 0.0037197768133911966, 0.0037197768133911966, 0.0037197768133911966, 0.0043397396156230625, 0.0043397396156230625, 0.0043397396156230625, 0.0043397396156230625, 0.0043397396156230625, 0.0043397396156230625, 0.0043397396156230625, 0.0043397396156230625, 0.0043397396156230625, 0.0043397396156230625, 1.0, 1.0, 1.0, 1.0]",4.0,2.0,2.0,2.0,2.0,16,-20.71517,8.0,6.0,hrl_dqn_apf,hierarchical,dqn,23.301,6.991,-1.522,0.00,0.00,0.00,-47.605,6.748,7.101,0.00,0.00,0.00,17.899,6.363,-0.384,0.00,0.00,0.00,4.200,4.200,4.200
2026-02-04 13:34:16,74.83,0,355,355,0.00%,80.69,0.43%,"[0, 5, 10, 15, 20, 25, 30, 35, 40, 45, 50, 55, 60, 65, 70, 75, 80, 85, 90, 95, 100]","[6, 0, 0, 0, 1, 0, 1, 0, 0, 0, 0, 0, 0, 0, 0, 0, 1605, 0, 0, 0]","[0.0037197768133911966, 0.0037197768133911966, 0.0037197768133911966, 0.0037197768133911966, 0.0043397396156230625, 0.0043397396156230625, 0.0049597024178549285, 0.0049597024178549285, 0.0049597024178549285, 0.0049597024178549285, 0.0049597024178549285, 0.0049597024178549285, 0.0049597024178549285, 0.0049597024178549285, 0.0049597024178549285, 0.0049597024178549285, 1.0, 1.0, 1.0, 1.0]",4.0,2.0,2.0,2.0,2.0,16,-20.71517,8.0,6.0,hrl_dqn_apf,hierarchical,dqn,24.061,6.988,-1.521,0.00,0.00,0.00,-48.365,6.737,7.101,0.00,0.00,0.00,18.659,6.352,-0.384,0.00,0.00,0.00,4.200,4.200,4.200
2026-02-04 13:34:17,75.83,0,357,357,0.00%,80.93,0.56%,"[0, 5, 10, 15, 20, 25, 30, 35, 40, 45, 50, 55, 60, 65, 70, 75, 80, 85, 90, 95, 100]","[8, 1, 0, 0, 0, 0, 1, 0, 0, 0, 0, 0, 0, 0, 1, 0, 1250, 352, 0, 0]","[0.0049597024178549285, 0.005579665220086794, 0.005579665220086794, 0.005579665220086794, 0.005579665220086794, 0.005579665220086794, 0.006199628022318661, 0.006199628022318661, 0.006199628022318661, 0.006199628022318661, 0.006199628022318661, 0.006199628022318661, 0.006199628022318661, 0.006199628022318661, 0.006819590824550527, 0.006819590824550527, 0.7817730936143832, 1.0, 1.0, 1.0]",4.0,2.0,2.0,2.0,2.0,16,-20.71517,8.0,6.0,hrl_dqn_apf,hierarchical,dqn,25.574,6.982,-1.521,0.00,0.00,0.00,-49.877,6.726,7.101,0.00,0.00,0.00,20.172,6.341,-0.384,0.00,0.00,0.00,4.200,4.200,4.200
2026-02-04 13:34:18,76.84,0,361,361,0.00%,81.06,0.62%,"[0, 5, 10, 15, 20, 25, 30, 35, 40, 45, 50, 55, 60, 65, 70, 75, 80, 85, 90, 95, 100]","[10, 0, 0, 0, 0, 0, 1, 0, 0, 0, 0, 0, 0, 0, 0, 0, 1250, 352, 0, 0]","[0.006199628022318661, 0.006199628022318661, 0.006199628022318661, 0.006199628022318661, 0.006199628022318661, 0.006199628022318661, 0.006819590824550527, 0.006819590824550527, 0.006819590824550527, 0.006819590824550527, 0.006819590824550527, 0.006819590824550527, 0.006819590824550527, 0.006819590824550527, 0.006819590824550527, 0.006819590824550527, 0.7817730936143832, 1.0, 1.0, 1.0]",4.0,2.0,2.0,2.0,2.0,16,-20.71517,8.0,6.0,hrl_dqn_apf,hierarchical,dqn,26.337,6.979,-1.521,0.00,0.00,0.00,-50.640,6.722,7.101,0.00,0.00,0.00,20.935,6.337,-0.384,0.00,0.00,0.00,4.200,4.200,4.200
2026-02-04 13:34:19,77.85,0,365,365,0.00%,81.22,0.62%,"[0, 5, 10, 15, 20, 25, 30, 35, 40, 45, 50, 55, 60, 65, 70, 75, 80, 85, 90, 95, 100]","[10, 0, 0, 0, 0, 0, 1, 0, 0, 0, 1, 0, 0, 0, 0, 0, 1248, 353, 0, 0]","[0.006199628022318661, 0.006199628022318661, 0.006199628022318661, 0.006199628022318661, 0.006199628022318661, 0.006199628022318661, 0.006819590824550527, 0.006819590824550527, 0.006819590824550527, 0.006819590824550527, 0.007439553626782393, 0.007439553626782393, 0.007439553626782393, 0.007439553626782393, 0.007439553626782393, 0.007439553626782393, 0.7811531308121513, 1.0, 1.0, 1.0]",4.0,2.0,2.0,2.0,2.0,16,-20.71517,8.0,6.0,hrl_dqn_apf,hierarchical,dqn,27.098,6.976,-1.521,0.00,0.00,0.00,-51.400,6.719,7.101,0.00,0.00,0.00,21.696,6.334,-0.384,0.00,0.00,0.00,4.200,4.200,4.200
2026-02-04 13:34:20,78.85,0,354,354,0.00%,80.00,0.00%,"[0, 5, 10, 15, 20, 25, 30, 35, 40, 45, 50, 55, 60, 65, 70, 75, 80, 85, 90, 95, 100]","[0, 0, 0, 0, 0, 0, 0, 0, 0, 0, 0, 0, 0, 0, 0, 0, 1613, 0, 0, 0]","[0.0, 0.0, 0.0, 0.0, 0.0, 0.0, 0.0, 0.0, 0.0, 0.0, 0.0, 0.0, 0.0, 0.0, 0.0, 0.0, 1.0, 1.0, 1.0, 1.0]",4.0,2.0,2.0,2.0,2.0,16,-20.71517,8.0,6.0,hrl_dqn_apf,hierarchical,dqn,28.622,6.970,-1.521,0.00,0.00,0.00,-52.922,6.713,7.101,0.00,0.00,0.00,23.220,6.328,-0.383,0.00,0.00,0.00,4.200,4.200,4.200
2026-02-04 13:34:21,79.86,0,354,354,0.00%,80.00,0.00%,"[0, 5, 10, 15, 20, 25, 30, 35, 40, 45, 50, 55, 60, 65, 70, 75, 80, 85, 90, 95, 100]","[0, 0, 0, 0, 0, 0, 0, 0, 0, 0, 0, 0, 0, 0, 0, 0, 1613, 0, 0, 0]","[0.0, 0.0, 0.0, 0.0, 0.0, 0.0, 0.0, 0.0, 0.0, 0.0, 0.0, 0.0, 0.0, 0.0, 0.0, 0.0, 1.0, 1.0, 1.0, 1.0]",4.0,2.0,2.0,2.0,2.0,16,-20.71517,8.0,6.0,hrl_dqn_apf,hierarchical,dqn,29.402,6.967,-1.521,0.00,0.00,0.00,-53.703,6.710,7.101,0.00,0.00,0.00,24.000,6.325,-0.383,0.00,0.00,0.00,4.200,4.200,4.200
2026-02-04 13:34:22,80.86,0,354,354,0.00%,80.00,0.00%,"[0, 5, 10, 15, 20, 25, 30, 35, 40, 45, 50, 55, 60, 65, 70, 75, 80, 85, 90, 95, 100]","[0, 0, 0, 0, 0, 0, 0, 0, 0, 0, 0, 0, 0, 0, 0, 0, 1613, 0, 0, 0]","[0.0, 0.0, 0.0, 0.0, 0.0, 0.0, 0.0, 0.0, 0.0, 0.0, 0.0, 0.0, 0.0, 0.0, 0.0, 0.0, 1.0, 1.0, 1.0, 1.0]",4.0,2.0,2.0,2.0,2.0,16,-20.71517,8.0,6.0,hrl_dqn_apf,hierarchical,dqn,30.165,6.964,-1.521,0.00,0.00,0.00,-54.465,6.706,7.101,0.00,0.00,0.00,24.763,6.321,-0.383,0.00,0.00,0.00,4.200,4.200,4.200
2026-02-04 13:34:23,81.86,0,352,352,0.00%,80.12,0.06%,"[0, 5, 10, 15, 20, 25, 30, 35, 40, 45, 50, 55, 60, 65, 70, 75, 80, 85, 90, 95, 100]","[1, 0, 0, 0, 0, 0, 0, 0, 0, 0, 0, 0, 0, 0, 0, 0, 1612, 0, 0, 0]","[0.0006199628022318661, 0.0006199628022318661, 0.0006199628022318661, 0.0006199628022318661, 0.0006199628022318661, 0.0006199628022318661, 0.0006199628022318661, 0.0006199628022318661, 0.0006199628022318661, 0.0006199628022318661, 0.0006199628022318661, 0.0006199628022318661, 0.0006199628022318661, 0.0006199628022318661, 0.0006199628022318661, 0.0006199628022318661, 1.0, 1.0, 1.0, 1.0]",4.0,2.0,2.0,2.0,2.0,16,-20.71517,8.0,6.0,hrl_dqn_apf,hierarchical,dqn,30.926,6.961,-1.521,0.00,0.00,0.00,-55.225,6.703,7.101,0.00,0.00,0.00,25.524,6.318,-0.383,0.00,0.00,0.00,4.168,4.168,4.197
2026-02-04 13:34:24,82.86,0,352,352,0.00%,80.30,0.06%,"[0, 5, 10, 15, 20, 25, 30, 35, 40, 45, 50, 55, 60, 65, 70, 75, 80, 85, 90, 95, 100]","[1, 0, 0, 0, 0, 0, 0, 0, 0, 0, 0, 0, 0, 0, 0, 0, 1612, 0, 0, 0]","[0.0006199628022318661, 0.0006199628022318661, 0.0006199628022318661, 0.0006199628022318661, 0.0006199628022318661, 0.0006199628022318661, 0.0006199628022318661, 0.0006199628022318661, 0.0006199628022318661, 0.0006199628022318661, 0.0006199628022318661, 0.0006199628022318661, 0.0006199628022318661, 0.0006199628022318661, 0.0006199628022318661, 0.0006199628022318661, 1.0, 1.0, 1.0, 1.0]",4.0,2.0,2.0,2.0,2.0,16,-20.71517,8.0,6.0,hrl_dqn_apf,hierarchical,dqn,31.677,6.972,-1.521,0.00,0.00,0.00,-55.981,6.707,7.096,0.00,0.00,0.00,26.280,6.322,-0.388,0.00,0.00,0.00,4.165,4.165,4.194
2026-02-04 13:34:25,83.87,0,353,353,0.00%,80.65,0.06%,"[0, 5, 10, 15, 20, 25, 30, 35, 40, 45, 50, 55, 60, 65, 70, 75, 80, 85, 90, 95, 100]","[1, 0, 0, 0, 0, 0, 0, 0, 0, 0, 0, 0, 0, 0, 0, 0, 1612, 0, 0, 0]","[0.0006199628022318661, 0.0006199628022318661, 0.0006199628022318661, 0.0006199628022318661, 0.0006199628022318661, 0.0006199628022318661, 0.0006199628022318661, 0.0006199628022318661, 0.0006199628022318661, 0.0006199628022318661, 0.0006199628022318661, 0.0006199628022318661, 0.0006199628022318661, 0.0006199628022318661, 0.0006199628022318661, 0.0006199628022318661, 1.0, 1.0, 1.0, 1.0]",4.0,2.0,2.0,2.0,2.0,24,-5.921130000000002,8.0,12.0,hrl_dqn_apf,hierarchical,dqn,31.319,7.140,-1.521,0.00,0.00,0.00,-56.580,6.789,6.150,0.00,0.00,0.00,26.879,6.404,-1.333,0.00,0.00,0.00,4.162,4.162,4.191
2026-02-04 13:34:26,84.87,0,353,353,0.00%,80.82,0.06%,"[0, 5, 10, 15, 20, 25, 30, 35, 40, 45, 50, 55, 60, 65, 70, 75, 80, 85, 90, 95, 100]","[1, 0, 0, 0, 0, 0, 0, 0, 0, 0, 0, 0, 0, 0, 0, 0, 1612, 0, 0, 0]","[0.0006199628022318661, 0.0006199628022318661, 0.0006199628022318661, 0.0006199628022318661, 0.0006199628022318661, 0.0006199628022318661, 0.0006199628022318661, 0.0006199628022318661, 0.0006199628022318661, 0.0006199628022318661, 0.0006199628022318661, 0.0006199628022318661, 0.0006199628022318661, 0.0006199628022318661, 0.0006199628022318661, 0.0006199628022318661, 1.0, 1.0, 1.0, 1.0]",4.0,2.0,2.0,2.0,2.0,24,-5.921130000000002,8.0,12.0,hrl_dqn_apf,hierarchical,dqn,30.846,7.278,-1.525,0.00,0.00,0.00,-56.523,6.844,5.527,0.00,0.00,0.00,26.822,6.418,-1.951,0.00,0.00,0.00,4.159,4.159,4.188
2026-02-04 13:34:27,85.87,0,355,355,0.00%,81.00,0.06%,"[0, 5, 10, 15, 20, 25, 30, 35, 40, 45, 50, 55, 60, 65, 70, 75, 80, 85, 90, 95, 100]","[1, 0, 0, 0, 0, 0, 0, 0, 0, 0, 0, 0, 0, 0, 0, 0, 1612, 0, 0, 0]","[0.0006199628022318661, 0.0006199628022318661, 0.0006199628022318661, 0.0006199628022318661, 0.0006199628022318661, 0.0006199628022318661, 0.0006199628022318661, 0.0006199628022318661, 0.0006199628022318661, 0.0006199628022318661, 0.0006199628022318661, 0.0006199628022318661, 0.0006199628022318661, 0.0006199628022318661, 0.0006199628022318661, 0.0006199628022318661, 1.0, 1.0, 1.0, 1.0]",4.0,2.0,2.0,2.0,2.0,17,-17.76107,8.0,6.0,hrl_dqn_apf,hierarchical,dqn,31.112,7.412,-1.542,0.00,0.00,0.00,-56.038,6.877,5.277,0.00,0.00,0.00,26.339,6.377,-2.186,0.00,0.00,0.00,4.156,4.156,4.185
2026-02-04 13:34:28,86.87,0,357,357,0.00%,81.17,0.06%,"[0, 5, 10, 15, 20, 25, 30, 35, 40, 45, 50, 55, 60, 65, 70, 75, 80, 85, 90, 95, 100]","[1, 0, 0, 0, 0, 0, 0, 0, 0, 0, 0, 0, 0, 0, 1, 0, 1259, 352, 0, 0]","[0.0006199628022318661, 0.0006199628022318661, 0.0006199628022318661, 0.0006199628022318661, 0.0006199628022318661, 0.0006199628022318661, 0.0006199628022318661, 0.0006199628022318661, 0.0006199628022318661, 0.0006199628022318661, 0.0006199628022318661, 0.0006199628022318661, 0.0006199628022318661, 0.0006199628022318661, 0.0012399256044637321, 0.0012399256044637321, 0.7817730936143832, 1.0, 1.0, 1.0]",4.0,2.0,2.0,2.0,2.0,9,-5.60097,8.0,-6.0,hrl_dqn_apf,hierarchical,dqn,31.721,7.497,-1.510,0.00,0.00,0.00,-55.353,6.877,5.196,0.00,0.00,0.00,25.656,6.304,-2.298,0.00,0.00,0.00,4.153,4.153,4.182
2026-02-04 13:34:29,87.88,0,361,361,0.00%,81.47,0.12%,"[0, 5, 10, 15, 20, 25, 30, 35, 40, 45, 50, 55, 60, 65, 70, 75, 80, 85, 90, 95, 100]","[2, 0, 0, 0, 0, 0, 0, 0, 0, 0, 0, 1, 0, 0, 0, 0, 1258, 352, 0, 0]","[0.0012399256044637321, 0.0012399256044637321, 0.0012399256044637321, 0.0012399256044637321, 0.0012399256044637321, 0.0012399256044637321, 0.0012399256044637321, 0.0012399256044637321, 0.0012399256044637321, 0.0012399256044637321, 0.0012399256044637321, 0.0018598884066955983, 0.0018598884066955983, 0.0018598884066955983, 0.0018598884066955983, 0.0018598884066955983, 0.7817730936143832, 1.0, 1.0, 1.0]",4.0,2.0,2.0,2.0,2.0,9,-5.60097,8.0,-6.0,hrl_dqn_apf,hierarchical,dqn,31.325,7.645,-1.464,0.00,0.00,0.00,-53.856,6.871,5.163,0.00,0.00,0.00,24.161,6.302,-2.377,0.00,0.00,0.00,4.150,4.150,4.179
2026-02-04 13:34:30,88.88,0,365,365,0.00%,81.61,0.19%,"[0, 5, 10, 15, 20, 25, 30, 35, 40, 45, 50, 55, 60, 65, 70, 75, 80, 85, 90, 95, 100]","[3, 0, 0, 0, 0, 0, 0, 0, 0, 0, 0, 0, 0, 0, 0, 0, 1257, 353, 0, 0]","[0.0018598884066955983, 0.0018598884066955983, 0.0018598884066955983, 0.0018598884066955983, 0.0018598884066955983, 0.0018598884066955983, 0.0018598884066955983, 0.0018598884066955983, 0.0018598884066955983, 0.0018598884066955983, 0.0018598884066955983, 0.0018598884066955983, 0.0018598884066955983, 0.0018598884066955983, 0.0018598884066955983, 0.0018598884066955983, 0.7811531308121513, 1.0, 1.0, 1.0]",4.0,2.0,2.0,2.0,2.0,4,-5.43976,8.0,-12.0,hrl_dqn_apf,hierarchical,dqn,30.639,7.643,-1.461,0.00,0.00,0.00,-53.097,6.868,5.161,0.00,0.00,0.00,23.402,6.300,-2.383,0.00,0.00,0.00,4.147,4.147,4.176
2026-02-04 13:34:31,89.88,0,363,363,0.00%,81.77,0.19%,"[0, 5, 10, 15, 20, 25, 30, 35, 40, 45, 50, 55, 60, 65, 70, 75, 80, 85, 90, 95, 100]","[3, 0, 0, 0, 0, 0, 0, 0, 1, 0, 0, 0, 0, 0, 0, 0, 1256, 353, 0, 0]","[0.0018598884066955983, 0.0018598884066955983, 0.0018598884066955983, 0.0018598884066955983, 0.0018598884066955983, 0.0018598884066955983, 0.0018598884066955983, 0.0018598884066955983, 0.0024798512089274642, 0.0024798512089274642, 0.0024798512089274642, 0.0024798512089274642, 0.0024798512089274642, 0.0024798512089274642, 0.0024798512089274642, 0.0024798512089274642, 0.7811531308121513, 1.0, 1.0, 1.0]",4.0,2.0,2.0,2.0,2.0,17,-17.27987,8.0,6.0,hrl_dqn_apf,hierarchical,dqn,29.900,7.640,-1.459,0.00,0.00,0.00,-52.337,6.865,5.160,0.00,0.00,0.00,22.642,6.297,-2.385,0.00,0.00,0.00,4.144,4.144,4.173
2026-02-04 13:34:32,90.88,0,365,365,0.00%,81.93,0.25%,"[0, 5, 10, 15, 20, 25, 30, 35, 40, 45, 50, 55, 60, 65, 70, 75, 80, 85, 90, 95, 100]","[4, 0, 0, 0, 0, 0, 0, 0, 0, 0, 0, 0, 0, 0, 0, 0, 1254, 355, 0, 0]","[0.0024798512089274642, 0.0024798512089274642, 0.0024798512089274642, 0.0024798512089274642, 0.0024798512089274642, 0.0024798512089274642, 0.0024798512089274642, 0.0024798512089274642, 0.0024798512089274642, 0.0024798512089274642, 0.0024798512089274642, 0.0024798512089274642, 0.0024798512089274642, 0.0024798512089274642, 0.0024798512089274642, 0.0024798512089274642, 0.7799132052076876, 1.0, 1.0, 1.0]",4.0,2.0,2.0,2.0,2.0,17,-17.27987,8.0,6.0,hrl_dqn_apf,hierarchical,dqn,29.142,7.637,-1.459,0.00,0.00,0.00,-51.575,6.862,5.160,0.00,0.00,0.00,21.879,6.294,-2.386,0.00,0.00,0.00,4.141,4.141,4.170
2026-02-04 13:34:34,91.89,0,369,369,0.00%,82.24,0.31%,"[0, 5, 10, 15, 20, 25, 30, 35, 40, 45, 50, 55, 60, 65, 70, 75, 80, 85, 90, 95, 100]","[5, 0, 0, 0, 0, 0, 0, 0, 0, 0, 0, 0, 0, 0, 0, 0, 1251, 7, 350, 0]","[0.0030998140111593306, 0.0030998140111593306, 0.0030998140111593306, 0.0030998140111593306, 0.0030998140111593306, 0.0030998140111593306, 0.0030998140111593306, 0.0030998140111593306, 0.0030998140111593306, 0.0030998140111593306, 0.0030998140111593306, 0.0030998140111593306, 0.0030998140111593306, 0.0030998140111593306, 0.0030998140111593306, 0.0030998140111593306, 0.7786732796032239, 0.7830130192188469, 1.0, 1.0]",4.0,2.0,2.0,2.0,2.0,23,-11.119700000000002,8.0,12.0,hrl_dqn_apf,hierarchical,dqn,27.603,7.630,-1.459,0.00,0.00,0.00,-50.034,6.856,5.160,0.00,0.00,0.00,20.338,6.288,-2.386,0.00,0.00,0.00,4.138,4.138,4.167
2026-02-04 13:34:35,92.89,0,369,369,0.00%,82.39,0.37%,"[0, 5, 10, 15, 20, 25, 30, 35, 40, 45, 50, 55, 60, 65, 70, 75, 80, 85, 90, 95, 100]","[5, 0, 0, 1, 0, 0, 0, 0, 0, 0, 0, 0, 0, 0, 0, 0, 1246, 11, 350, 0]","[0.0030998140111593306, 0.0030998140111593306, 0.0030998140111593306, 0.0037197768133911966, 0.0037197768133911966, 0.0037197768133911966, 0.0037197768133911966, 0.0037197768133911966, 0.0037197768133911966, 0.0037197768133911966, 0.0037197768133911966, 0.0037197768133911966, 0.0037197768133911966, 0.0037197768133911966, 0.0037197768133911966, 0.0037197768133911966, 0.7761934283942964, 0.7830130192188469, 1.0, 1.0]",4.0,2.0,2.0,2.0,2.0,19,-4.95927,8.0,6.0,hrl_dqn_apf,hierarchical,dqn,26.840,7.627,-1.459,0.00,0.00,0.00,-49.272,6.853,5.159,0.00,0.00,0.00,19.575,6.285,-2.387,0.00,0.00,0.00,4.135,4.135,4.164
2026-02-04 13:34:36,93.89,0,369,369,0.00%,82.54,0.37%,"[0, 5, 10, 15, 20, 25, 30, 35, 40, 45, 50, 55, 60, 65, 70, 75, 80, 85, 90, 95, 100]","[6, 0, 0, 0, 0, 0, 0, 0, 0, 1, 0, 0, 0, 0, 0, 0, 1243, 12, 351, 0]","[0.0037197768133911966, 0.0037197768133911966, 0.0037197768133911966, 0.0037197768133911966, 0.0037197768133911966, 0.0037197768133911966, 0.0037197768133911966, 0.0037197768133911966, 0.0037197768133911966, 0.0043397396156230625, 0.0043397396156230625, 0.0043397396156230625, 0.0043397396156230625, 0.0043397396156230625, 0.0043397396156230625, 0.0043397396156230625, 0.7749535027898327, 0.782393056416615, 1.0, 1.0]",4.0,2.0,2.0,2.0,2.0,19,-4.95927,8.0,6.0,hrl_dqn_apf,hierarchical,dqn,26.080,7.624,-1.459,0.00,0.00,0.00,-48.512,6.850,5.159,0.00,0.00,0.00,18.814,6.281,-2.387,0.00,0.00,0.00,4.132,4.132,4.161
2026-02-04 13:34:37,94.90,0,371,371,0.00%,82.79,0.50%,"[0, 5, 10, 15, 20, 25, 30, 35, 40, 45, 50, 55, 60, 65, 70, 75, 80, 85, 90, 95, 100]","[8, 0, 0, 0, 0, 0, 1, 0, 0, 0, 0, 0, 0, 1, 0, 0, 1236, 14, 353, 0]","[0.0049597024178549285, 0.0049597024178549285, 0.0049597024178549285, 0.0049597024178549285, 0.0049597024178549285, 0.0049597024178549285, 0.005579665220086794, 0.005579665220086794, 0.005579665220086794, 0.005579665220086794, 0.005579665220086794, 0.005579665220086794, 0.005579665220086794, 0.006199628022318661, 0.006199628022318661, 0.006199628022318661, 0.7724736515809052, 0.7811531308121513, 1.0, 1.0]",4.0,2.0,2.0,2.0,2.0,5,-28.79919,8.0,-6.0,hrl_dqn_apf,hierarchical,dqn,25.316,7.621,-1.459,0.00,0.00,0.00,-47.749,6.847,5.159,0.00,0.00,0.00,18.051,6.278,-2.387,0.00,0.00,0.00,4.129,4.129,4.158
2026-02-04 13:34:38,95.91,0,373,373,0.00%,82.92,0.62%,"[0, 5, 10, 15, 20, 25, 30, 35, 40, 45, 50, 55, 60, 65, 70, 75, 80, 85, 90, 95, 100]","[10, 0, 0, 0, 0, 0, 0, 0, 0, 0, 0, 0, 0, 0, 0, 0, 1232, 16, 7, 348]","[0.006199628022318661, 0.006199628022318661, 0.006199628022318661, 0.006199628022318661, 0.006199628022318661, 0.006199628022318661, 0.006199628022318661, 0.006199628022318661, 0.006199628022318661, 0.006199628022318661, 0.006199628022318661, 0.006199628022318661, 0.006199628022318661, 0.006199628022318661, 0.006199628022318661, 0.006199628022318661, 0.7699938003719777, 0.7799132052076876, 0.7842529448233106, 1.0]",4.0,2.0,2.0,2.0,2.0,8,-10.639040000000001,8.0,-6.0,hrl_dqn_apf,hierarchical,dqn,23.821,7.615,-1.459,0.00,0.00,0.00,-46.254,6.841,5.159,0.00,0.00,0.00,16.556,6.272,-2.387,0.00,0.00,0.00,4.126,4.126,4.155
2026-02-04 13:34:39,96.91,0,373,373,0.00%,83.05,0.68%,"[0, 5, 10, 15, 20, 25, 30, 35, 40, 45, 50, 55, 60, 65, 70, 75, 80, 85, 90, 95, 100]","[10, 0, 0, 0, 1, 0, 0, 0, 0, 0, 1, 0, 0, 0, 0, 0, 1230, 16, 7, 348]","[0.006199628022318661, 0.006199628022318661, 0.006199628022318661, 0.006199628022318661, 0.006819590824550527, 0.006819590824550527, 0.006819590824550527, 0.006819590824550527, 0.006819590824550527, 0.006819590824550527, 0.007439553626782393, 0.007439553626782393, 0.007439553626782393, 0.007439553626782393, 0.007439553626782393, 0.007439553626782393, 0.7699938003719777, 0.7799132052076876, 0.7842529448233106, 1.0]",4.0,2.0,2.0,2.0,2.0,8,-10.639040000000001,8.0,-6.0,hrl_dqn_apf,hierarchical,dqn,23.058,7.612,-1.459,0.00,0.00,0.00,-45.492,6.838,5.159,0.00,0.00,0.00,15.792,6.269,-2.387,0.00,0.00,0.00,4.123,4.123,4.152
2026-02-04 13:34:40,97.92,0,374,374,0.00%,83.19,0.74%,"[0, 5, 10, 15, 20, 25, 30, 35, 40, 45, 50, 55, 60, 65, 70, 75, 80, 85, 90, 95, 100]","[12, 0, 0, 0, 0, 0, 0, 0, 0, 0, 0, 0, 0, 0, 0, 0, 1230, 16, 7, 348]","[0.007439553626782393, 0.007439553626782393, 0.007439553626782393, 0.007439553626782393, 0.007439553626782393, 0.007439553626782393, 0.007439553626782393, 0.007439553626782393, 0.007439553626782393, 0.007439553626782393, 0.007439553626782393, 0.007439553626782393, 0.007439553626782393, 0.007439553626782393, 0.007439553626782393, 0.007439553626782393, 0.7699938003719777, 0.7799132052076876, 0.7842529448233106, 1.0]",4.0,2.0,2.0,2.0,2.0,21,-22.55869,8.0,12.0,hrl_dqn_apf,hierarchical,dqn,22.297,7.609,-1.459,0.00,0.00,0.00,-44.731,6.835,5.159,0.00,0.00,0.00,15.032,6.266,-2.388,0.00,0.00,0.00,4.120,4.120,4.149
2026-02-04 13:34:41,98.92,0,376,376,0.00%,83.46,0.87%,"[0, 5, 10, 15, 20, 25, 30, 35, 40, 45, 50, 55, 60, 65, 70, 75, 80, 85, 90, 95, 100]","[14, 0, 0, 0, 0, 0, 0, 0, 0, 0, 0, 0, 0, 0, 1, 0, 1225, 10, 14, 349]","[0.008679479231246125, 0.008679479231246125, 0.008679479231246125, 0.008679479231246125, 0.008679479231246125, 0.008679479231246125, 0.008679479231246125, 0.008679479231246125, 0.008679479231246125, 0.008679479231246125, 0.008679479231246125, 0.008679479231246125, 0.008679479231246125, 0.008679479231246125, 0.009299442033477991, 0.009299442033477991, 0.768753874767514, 0.7749535027898327, 0.7836329820210788, 1.0]",4.0,2.0,2.0,2.0,2.0,20,-28.39853,8.0,12.0,hrl_dqn_apf,hierarchical,dqn,20.773,7.603,-1.459,0.00,0.00,0.00,-43.209,6.829,5.158,0.00,0.00,0.00,13.508,6.260,-2.388,0.00,0.00,0.00,4.117,4.117,4.146
2026-02-04 13:34:42,99.93,0,378,378,0.00%,83.56,0.99%,"[0, 5, 10, 15, 20, 25, 30, 35, 40, 45, 50, 55, 60, 65, 70, 75, 80, 85, 90, 95, 100]","[15, 0, 0, 0, 1, 0, 0, 0, 0, 0, 0, 0, 0, 0, 0, 0, 1220, 14, 12, 351]","[0.009299442033477991, 0.009299442033477991, 0.009299442033477991, 0.009299442033477991, 0.009919404835709857, 0.009919404835709857, 0.009919404835709857, 0.009919404835709857, 0.009919404835709857, 0.009919404835709857, 0.009919404835709857, 0.009919404835709857, 0.009919404835709857, 0.009919404835709857, 0.009919404835709857, 0.009919404835709857, 0.7662740235585865, 0.7749535027898327, 0.782393056416615, 1.0]",4.0,2.0,2.0,2.0,2.0,20,-28.39853,8.0,12.0,hrl_dqn_apf,hierarchical,dqn,20.013,7.600,-1.459,0.00,0.00,0.00,-42.449,6.826,5.158,0.00,0.00,0.00,12.747,6.257,-2.388,0.00,0.00,0.00,4.114,4.114,4.143
2026-02-04 13:34:43,100.93,0,378,378,0.00%,83.72,0.99%,"[0, 5, 10, 15, 20, 25, 30, 35, 40, 45, 50, 55, 60, 65, 70, 75, 80, 85, 90, 95, 100]","[16, 0, 0, 0, 0, 0, 0, 0, 0, 0, 0, 1, 0, 0, 0, 0, 1219, 10, 14, 353]","[0.009919404835709857, 0.009919404835709857, 0.009919404835709857, 0.009919404835709857, 0.009919404835709857, 0.009919404835709857, 0.009919404835709857, 0.009919404835709857, 0.009919404835709857, 0.009919404835709857, 0.009919404835709857, 0.010539367637941723, 0.010539367637941723, 0.010539367637941723, 0.010539367637941723, 0.010539367637941723, 0.7662740235585865, 0.7724736515809052, 0.7811531308121513, 1.0]",4.0,2.0,2.0,2.0,2.0,2,-16.23826,8.0,-12.0,hrl_dqn_apf,hierarchical,dqn,19.252,7.597,-1.459,0.00,0.00,0.00,-41.689,6.823,5.158,0.00,0.00,0.00,11.987,6.254,-2.388,0.00,0.00,0.00,4.111,4.111,4.140
2026-02-04 13:34:44,101.93,0,380,380,0.00%,83.83,1.12%,"[0, 5, 10, 15, 20, 25, 30, 35, 40, 45, 50, 55, 60, 65, 70, 75, 80, 85, 90, 95, 100]","[17, 1, 0, 0, 0, 0, 0, 0, 0, 0, 0, 0, 0, 0, 0, 0, 1218, 8, 16, 353]","[0.010539367637941723, 0.011159330440173589, 0.011159330440173589, 0.011159330440173589, 0.011159330440173589, 0.011159330440173589, 0.011159330440173589, 0.011159330440173589, 0.011159330440173589, 0.011159330440173589, 0.011159330440173589, 0.011159330440173589, 0.011159330440173589, 0.011159330440173589, 0.011159330440173589, 0.011159330440173589, 0.7662740235585865, 0.7712337259764415, 0.7811531308121513, 1.0]",4.0,2.0,2.0,2.0,2.0,18,-10.07782,8.0,6.0,hrl_dqn_apf,hierarchical,dqn,18.491,7.594,-1.459,0.00,0.00,0.00,-40.929,6.820,5.158,0.00,0.00,0.00,11.226,6.251,-2.388,0.00,0.00,0.00,4.108,4.108,4.137
2026-02-04 13:34:45,102.94,0,384,384,0.00%,84.11,1.24%,"[0, 5, 10, 15, 20, 25, 30, 35, 40, 45, 50, 55, 60, 65, 70, 75, 80, 85, 90, 95, 100]","[20, 0, 0, 0, 0, 0, 0, 0, 0, 0, 0, 0, 0, 0, 0, 0, 1215, 9, 10, 359]","[0.012399256044637322, 0.012399256044637322, 0.012399256044637322, 0.012399256044637322, 0.012399256044637322, 0.012399256044637322, 0.012399256044637322, 0.012399256044637322, 0.012399256044637322, 0.012399256044637322, 0.012399256044637322, 0.012399256044637322, 0.012399256044637322, 0.012399256044637322, 0.012399256044637322, 0.012399256044637322, 0.7656540607563547, 0.7712337259764415, 0.7774333539987601, 1.0]",4.0,2.0,2.0,2.0,2.0,18,-10.07782,8.0,6.0,hrl_dqn_apf,hierarchical,dqn,16.976,7.588,-1.459,0.00,0.00,0.00,-39.414,6.814,5.158,0.00,0.00,0.00,9.711,6.245,-2.388,0.00,0.00,0.00,4.105,4.105,4.134
2026-02-04 13:34:46,103.94,0,382,382,0.00%,84.26,1.24%,"[0, 5, 10, 15, 20, 25, 30, 35, 40, 45, 50, 55, 60, 65, 70, 75, 80, 85, 90, 95, 100]","[20, 0, 0, 0, 0, 0, 1, 0, 0, 0, 0, 0, 1, 0, 0, 0, 1211, 11, 8, 361]","[0.012399256044637322, 0.012399256044637322, 0.012399256044637322, 0.012399256044637322, 0.012399256044637322, 0.012399256044637322, 0.013019218846869188, 0.013019218846869188, 0.013019218846869188, 0.013019218846869188, 0.013019218846869188, 0.013019218846869188, 0.013639181649101054, 0.013639181649101054, 0.013639181649101054, 0.013639181649101054, 0.7644141351518909, 0.7712337259764415, 0.7761934283942964, 1.0]",4.0,2.0,2.0,2.0,2.0,16,-21.91758,8.0,6.0,hrl_dqn_apf,hierarchical,dqn,16.216,7.585,-1.459,0.00,0.00,0.00,-38.654,6.811,5.158,0.00,0.00,0.00,8.950,6.242,-2.389,0.00,0.00,0.00,4.102,4.102,4.131
2026-02-04 13:34:47,104.94,0,386,386,0.00%,84.39,1.36%,"[0, 5, 10, 15, 20, 25, 30, 35, 40, 45, 50, 55, 60, 65, 70, 75, 80, 85, 90, 95, 100]","[22, 0, 0, 0, 0, 0, 0, 0, 0, 0, 0, 0, 0, 0, 0, 0, 1209, 7, 14, 361]","[0.013639181649101054, 0.013639181649101054, 0.013639181649101054, 0.013639181649101054, 0.013639181649101054, 0.013639181649101054, 0.013639181649101054, 0.013639181649101054, 0.013639181649101054, 0.013639181649101054, 0.013639181649101054, 0.013639181649101054, 0.013639181649101054, 0.013639181649101054, 0.013639181649101054, 0.013639181649101054, 0.7631742095474272, 0.7675139491630503, 0.7761934283942964, 1.0]",4.0,2.0,2.0,2.0,2.0,5,-27.75734,8.0,-6.0,hrl_dqn_apf,hierarchical,dqn,15.452,7.582,-1.459,0.00,0.00,0.00,-37.891,6.808,5.158,0.00,0.00,0.00,8.187,6.239,-2.389,0.00,0.00,0.00,4.099,4.099,4.128
2026-02-04 13:34:48,105.94,0,388,388,0.00%,84.52,1.43%,"[0, 5, 10, 15, 20, 25, 30, 35, 40, 45, 50, 55, 60, 65, 70, 75, 80, 85, 90, 95, 100]","[22, 0, 0, 1, 0, 0, 0, 0, 0, 1, 0, 0, 0, 0, 0, 0, 1207, 7, 10, 365]","[0.013639181649101054, 0.013639181649101054, 0.013639181649101054, 0.01425914445133292, 0.01425914445133292, 0.01425914445133292, 0.01425914445133292, 0.01425914445133292, 0.01425914445133292, 0.014879107253564786, 0.014879107253564786, 0.014879107253564786, 0.014879107253564786, 0.014879107253564786, 0.014879107253564786, 0.014879107253564786, 0.7631742095474272, 0.7675139491630503, 0.7737135771853689, 1.0]",4.0,2.0,2.0,2.0,2.0,5,-27.75734,8.0,-6.0,hrl_dqn_apf,hierarchical,dqn,14.692,7.579,-1.459,0.00,0.00,0.00,-37.131,6.804,5.157,0.00,0.00,0.00,7.427,6.236,-2.389,0.00,0.00,0.00,4.096,4.096,4.125
2026-02-04 13:34:49,106.95,0,388,388,0.00%,84.79,1.55%,"[0, 5, 10, 15, 20, 25, 30, 35, 40, 45, 50, 55, 60, 65, 70, 75, 80, 85, 90, 95, 100]","[25, 0, 0, 0, 0, 0, 1, 0, 0, 0, 0, 0, 0, 0, 0, 0, 1199, 12, 9, 367]","[0.015499070055796652, 0.015499070055796652, 0.015499070055796652, 0.015499070055796652, 0.015499070055796652, 0.015499070055796652, 0.016119032858028518, 0.016119032858028518, 0.016119032858028518, 0.016119032858028518, 0.016119032858028518, 0.016119032858028518, 0.016119032858028518, 0.016119032858028518, 0.016119032858028518, 0.016119032858028518, 0.759454432734036, 0.7668939863608184, 0.7724736515809052, 1.0]",4.0,2.0,2.0,2.0,2.0,24,-3.5968599999999995,8.0,12.0,hrl_dqn_apf,hierarchical,dqn,13.168,7.572,-1.459,0.00,0.00,0.00,-35.608,6.798,5.157,0.00,0.00,0.00,5.903,6.230,-2.389,0.00,0.00,0.00,4.093,4.093,4.122
2026-02-04 13:34:50,107.95,0,388,388,0.00%,84.95,1.61%,"[0, 5, 10, 15, 20, 25, 30, 35, 40, 45, 50, 55, 60, 65, 70, 75, 80, 85, 90, 95, 100]","[26, 0, 0, 0, 0, 0, 0, 0, 0, 0, 0, 0, 0, 1, 0, 0, 1196, 14, 9, 367]","[0.016119032858028518, 0.016119032858028518, 0.016119032858028518, 0.016119032858028518, 0.016119032858028518, 0.016119032858028518, 0.016119032858028518, 0.016119032858028518, 0.016119032858028518, 0.016119032858028518, 0.016119032858028518, 0.016119032858028518, 0.016119032858028518, 0.016738995660260384, 0.016738995660260384, 0.016738995660260384, 0.7582145071295723, 0.7668939863608184, 0.7724736515809052, 1.0]",4.0,2.0,2.0,2.0,2.0,24,-3.5968599999999995,8.0,12.0,hrl_dqn_apf,hierarchical,dqn,12.407,7.569,-1.459,0.00,0.00,0.00,-35.040,6.868,4.961,0.00,0.00,0.00,5.142,6.227,-2.389,0.00,0.00,0.00,4.090,4.090,4.119
2026-02-04 13:34:51,108.96,0,390,390,0.00%,85.07,1.74%,"[0, 5, 10, 15, 20, 25, 30, 35, 40, 45, 50, 55, 60, 65, 70, 75, 80, 85, 90, 95, 100]","[27, 0, 0, 1, 0, 0, 0, 0, 0, 0, 0, 0, 0, 0, 0, 0, 1195, 14, 9, 367]","[0.016738995660260384, 0.016738995660260384, 0.016738995660260384, 0.01735895846249225, 0.01735895846249225, 0.01735895846249225, 0.01735895846249225, 0.01735895846249225, 0.01735895846249225, 0.01735895846249225, 0.01735895846249225, 0.01735895846249225, 0.01735895846249225, 0.01735895846249225, 0.01735895846249225, 0.01735895846249225, 0.7582145071295723, 0.7668939863608184, 0.7724736515809052, 1.0]",4.0,2.0,2.0,2.0,2.0,0,-27.43695,8.0,-12.0,hrl_dqn_apf,hierarchical,dqn,11.650,7.566,-1.459,0.00,0.00,0.00,-34.842,6.886,4.390,0.00,0.00,0.00,4.385,6.224,-2.389,0.00,0.00,0.00,4.087,4.087,4.116
2026-02-04 13:34:52,109.96,0,390,390,0.00%,85.23,1.74%,"[0, 5, 10, 15, 20, 25, 30, 35, 40, 45, 50, 55, 60, 65, 70, 75, 80, 85, 90, 95, 100]","[28, 0, 0, 0, 0, 0, 0, 0, 0, 0, 1, 0, 0, 0, 0, 0, 1190, 14, 7, 373]","[0.01735895846249225, 0.01735895846249225, 0.01735895846249225, 0.01735895846249225, 0.01735895846249225, 0.01735895846249225, 0.01735895846249225, 0.01735895846249225, 0.01735895846249225, 0.01735895846249225, 0.017978921264724116, 0.017978921264724116, 0.017978921264724116, 0.017978921264724116, 0.017978921264724116, 0.017978921264724116, 0.7557346559206448, 0.7644141351518909, 0.768753874767514, 1.0]",4.0,2.0,2.0,2.0,2.0,6,-21.276780000000002,8.0,-6.0,hrl_dqn_apf,hierarchical,dqn,10.889,7.563,-1.459,0.00,0.00,0.00,-34.779,6.885,3.683,0.00,0.00,0.00,3.625,6.221,-2.389,0.00,0.00,0.00,4.084,4.084,4.113
2026-02-04 13:34:53,110.96,0,391,391,0.00%,85.51,1.86%,"[0, 5, 10, 15, 20, 25, 30, 35, 40, 45, 50, 55, 60, 65, 70, 75, 80, 85, 90, 95, 100]","[30, 0, 0, 0, 0, 0, 0, 0, 1, 0, 0, 0, 0, 0, 1, 0, 1185, 16, 7, 373]","[0.018598884066955982, 0.018598884066955982, 0.018598884066955982, 0.018598884066955982, 0.018598884066955982, 0.018598884066955982, 0.018598884066955982, 0.018598884066955982, 0.019218846869187848, 0.019218846869187848, 0.019218846869187848, 0.019218846869187848, 0.019218846869187848, 0.019218846869187848, 0.019838809671419714, 0.019838809671419714, 0.7544947303161811, 0.7644141351518909, 0.768753874767514, 1.0]",4.0,2.0,2.0,2.0,2.0,6,-21.276780000000002,8.0,-6.0,hrl_dqn_apf,hierarchical,dqn,9.382,7.557,-1.459,0.00,0.00,0.00,-34.754,6.879,2.195,0.00,0.00,0.00,2.118,6.215,-2.390,0.00,0.00,0.00,4.081,4.081,4.110
2026-02-04 13:34:54,111.97,0,391,391,0.00%,85.63,1.98%,"[0, 5, 10, 15, 20, 25, 30, 35, 40, 45, 50, 55, 60, 65, 70, 75, 80, 85, 90, 95, 100]","[32, 0, 0, 0, 0, 0, 0, 0, 0, 0, 0, 0, 0, 0, 0, 0, 1185, 10, 12, 374]","[0.019838809671419714, 0.019838809671419714, 0.019838809671419714, 0.019838809671419714, 0.019838809671419714, 0.019838809671419714, 0.019838809671419714, 0.019838809671419714, 0.019838809671419714, 0.019838809671419714, 0.019838809671419714, 0.019838809671419714, 0.019838809671419714, 0.019838809671419714, 0.019838809671419714, 0.019838809671419714, 0.7544947303161811, 0.7606943583384997, 0.7681339119652821, 1.0]",4.0,2.0,2.0,2.0,2.0,12,-15.11624,8.0,0.0,hrl_dqn_apf,hierarchical,dqn,8.622,7.554,-1.459,0.00,0.00,0.00,-34.752,6.876,1.435,0.00,0.00,0.00,1.358,6.212,-2.390,0.00,0.00,0.00,4.078,4.078,4.107
2026-02-04 13:34:55,112.97,0,393,393,0.00%,85.78,2.05%,"[0, 5, 10, 15, 20, 25, 30, 35, 40, 45, 50, 55, 60, 65, 70, 75, 80, 85, 90, 95, 100]","[32, 0, 0, 0, 1, 0, 0, 0, 0, 0, 0, 1, 0, 0, 0, 0, 1183, 8, 14, 374]","[0.019838809671419714, 0.019838809671419714, 0.019838809671419714, 0.019838809671419714, 0.02045877247365158, 0.02045877247365158, 0.02045877247365158, 0.02045877247365158, 0.02045877247365158, 0.02045877247365158, 0.02045877247365158, 0.021078735275883446, 0.021078735275883446, 0.021078735275883446, 0.021078735275883446, 0.021078735275883446, 0.7544947303161811, 0.759454432734036, 0.7681339119652821, 1.0]",4.0,2.0,2.0,2.0,2.0,23,-8.9562,8.0,12.0,hrl_dqn_apf,hierarchical,dqn,7.861,7.551,-1.459,0.00,0.00,0.00,-34.652,6.929,0.773,0.00,0.00,0.00,0.597,6.209,-2.390,0.00,0.00,0.00,4.076,4.076,4.105
2026-02-04 13:34:56,113.98,1,394,395,0.25%,85.92,2.11%,"[0, 5, 10, 15, 20, 25, 30, 35, 40, 45, 50, 55, 60, 65, 70, 75, 80, 85, 90, 95, 100]","[34, 0, 0, 0, 0, 0, 0, 0, 0, 0, 0, 0, 0, 0, 0, 0, 1177, 14, 14, 374]","[0.021078735275883446, 0.021078735275883446, 0.021078735275883446, 0.021078735275883446, 0.021078735275883446, 0.021078735275883446, 0.021078735275883446, 0.021078735275883446, 0.021078735275883446, 0.021078735275883446, 0.021078735275883446, 0.021078735275883446, 0.021078735275883446, 0.021078735275883446, 0.021078735275883446, 0.021078735275883446, 0.7507749535027899, 0.759454432734036, 0.7681339119652821, 1.0]",4.0,2.0,2.0,2.0,2.0,23,-8.9562,8.0,12.0,hrl_dqn_apf,hierarchical,dqn,7.095,7.548,-1.459,0.00,0.00,0.00,-34.142,6.962,0.507,0.00,0.00,0.00,-0.169,6.205,-2.390,0.00,0.00,0.00,4.200,4.200,4.200
2026-02-04 13:34:57,114.99,2,391,393,0.51%,86.20,2.23%,"[0, 5, 10, 15, 20, 25, 30, 35, 40, 45, 50, 55, 60, 65, 70, 75, 80, 85, 90, 95, 100]","[36, 0, 0, 0, 0, 0, 0, 0, 0, 0, 0, 0, 0, 0, 0, 1, 1175, 8, 16, 377]","[0.022318660880347178, 0.022318660880347178, 0.022318660880347178, 0.022318660880347178, 0.022318660880347178, 0.022318660880347178, 0.022318660880347178, 0.022318660880347178, 0.022318660880347178, 0.022318660880347178, 0.022318660880347178, 0.022318660880347178, 0.022318660880347178, 0.022318660880347178, 0.022318660880347178, 0.022938623682579044, 0.7513949163050218, 0.7563546187228767, 0.7662740235585865, 1.0]",4.0,2.0,2.0,2.0,2.0,23,-8.9562,8.0,12.0,hrl_dqn_apf,hierarchical,dqn,5.584,7.454,-1.459,0.00,0.00,0.00,-32.726,6.871,0.397,0.00,0.00,0.00,-1.680,6.112,-2.390,0.00,0.00,0.00,4.200,4.200,4.200
2026-02-04 13:34:58,115.99,2,397,399,0.50%,86.32,2.29%,"[0, 5, 10, 15, 20, 25, 30, 35, 40, 45, 50, 55, 60, 65, 70, 75, 80, 85, 90, 95, 100]","[37, 0, 0, 0, 0, 0, 0, 0, 0, 0, 0, 0, 1, 0, 0, 0, 1174, 9, 16, 376]","[0.022938623682579044, 0.022938623682579044, 0.022938623682579044, 0.022938623682579044, 0.022938623682579044, 0.022938623682579044, 0.022938623682579044, 0.022938623682579044, 0.022938623682579044, 0.022938623682579044, 0.022938623682579044, 0.022938623682579044, 0.023558586484810913, 0.023558586484810913, 0.023558586484810913, 0.023558586484810913, 0.7513949163050218, 0.7569745815251085, 0.7668939863608184, 1.0]",4.0,2.0,2.0,2.0,2.0,23,-8.9562,8.0,12.0,hrl_dqn_apf,hierarchical,dqn,4.824,7.433,-1.459,0.00,0.00,0.00,-31.972,6.850,0.388,0.00,0.00,0.00,-2.441,6.091,-2.391,0.00,0.00,0.00,4.200,4.200,4.200
2026-02-04 13:34:59,116.99,3,398,401,0.75%,86.47,2.36%,"[0, 5, 10, 15, 20, 25, 30, 35, 40, 45, 50, 55, 60, 65, 70, 75, 80, 85, 90, 95, 100]","[38, 0, 0, 0, 0, 0, 0, 0, 0, 0, 0, 0, 1, 0, 0, 0, 1173, 9, 12, 380]","[0.023558586484810913, 0.023558586484810913, 0.023558586484810913, 0.023558586484810913, 0.023558586484810913, 0.023558586484810913, 0.023558586484810913, 0.023558586484810913, 0.023558586484810913, 0.023558586484810913, 0.023558586484810913, 0.023558586484810913, 0.02417854928704278, 0.02417854928704278, 0.02417854928704278, 0.02417854928704278, 0.7513949163050218, 0.7569745815251085, 0.7644141351518909, 1.0]",4.0,2.0,2.0,2.0,2.0,23,-8.9562,8.0,12.0,hrl_dqn_apf,hierarchical,dqn,4.043,7.423,-1.459,0.00,0.00,0.00,-31.193,6.840,0.385,0.00,0.00,0.00,-3.221,6.080,-2.391,0.00,0.00,0.00,4.200,4.200,4.200
2026-02-04 13:35:00,117.99,3,396,399,0.75%,86.59,2.42%,"[0, 5, 10, 15, 20, 25, 30, 35, 40, 45, 50, 55, 60, 65, 70, 75, 80, 85, 90, 95, 100]","[39, 0, 0, 0, 0, 0, 0, 0, 0, 0, 1, 0, 0, 0, 0, 0, 1173, 9, 8, 383]","[0.02417854928704278, 0.02417854928704278, 0.02417854928704278, 0.02417854928704278, 0.02417854928704278, 0.02417854928704278, 0.02417854928704278, 0.02417854928704278, 0.02417854928704278, 0.02417854928704278, 0.024798512089274645, 0.024798512089274645, 0.024798512089274645, 0.024798512089274645, 0.024798512089274645, 0.024798512089274645, 0.7520148791072536, 0.7575945443273404, 0.7625542467451953, 1.0]",4.0,2.0,2.0,2.0,2.0,23,-8.9562,8.0,12.0,hrl_dqn_apf,hierarchical,dqn,3.280,7.417,-1.459,0.00,0.00,0.00,-30.430,6.834,0.385,0.00,0.00,0.00,-3.984,6.074,-2.391,0.00,0.00,0.00,4.200,4.200,4.200
2026-02-04 13:35:01,119.00,4,401,405,0.99%,86.86,2.54%,"[0, 5, 10, 15, 20, 25, 30, 35, 40, 45, 50, 55, 60, 65, 70, 75, 80, 85, 90, 95, 100]","[41, 0, 0, 0, 0, 0, 0, 1, 0, 0, 0, 0, 0, 0, 0, 0, 1169, 6, 12, 384]","[0.02541847489150651, 0.02541847489150651, 0.02541847489150651, 0.02541847489150651, 0.02541847489150651, 0.02541847489150651, 0.02541847489150651, 0.026038437693738377, 0.026038437693738377, 0.026038437693738377, 0.026038437693738377, 0.026038437693738377, 0.026038437693738377, 0.026038437693738377, 0.026038437693738377, 0.026038437693738377, 0.7507749535027899, 0.7544947303161811, 0.7619342839429635, 1.0]",4.0,2.0,2.0,2.0,2.0,23,-8.9562,8.0,12.0,hrl_dqn_apf,hierarchical,dqn,1.756,7.409,-1.459,0.00,0.00,0.00,-28.906,6.826,0.384,0.00,0.00,0.00,-5.508,6.066,-2.391,0.00,0.00,0.00,4.200,4.200,4.200
2026-02-04 13:35:02,120.00,5,400,405,1.23%,87.00,2.60%,"[0, 5, 10, 15, 20, 25, 30, 35, 40, 45, 50, 55, 60, 65, 70, 75, 80, 85, 90, 95, 100]","[41, 1, 0, 0, 0, 0, 0, 1, 0, 0, 0, 0, 0, 0, 0, 0, 1168, 6, 8, 388]","[0.02541847489150651, 0.026038437693738377, 0.026038437693738377, 0.026038437693738377, 0.026038437693738377, 0.026038437693738377, 0.026038437693738377, 0.026658400495970243, 0.026658400495970243, 0.026658400495970243, 0.026658400495970243, 0.026658400495970243, 0.026658400495970243, 0.026658400495970243, 0.026658400495970243, 0.026658400495970243, 0.7507749535027899, 0.7544947303161811, 0.759454432734036, 1.0]",4.0,2.0,2.0,2.0,2.0,23,-8.9562,8.0,12.0,hrl_dqn_apf,hierarchical,dqn,1.022,7.406,-1.459,0.00,0.00,0.00,-28.172,6.823,0.384,0.00,0.00,0.00,-6.242,6.063,-2.391,0.00,0.00,0.00,4.200,4.200,4.200
2026-02-04 13:35:03,121.00,0,354,354,0.00%,80.00,0.00%,"[0, 5, 10, 15, 20, 25, 30, 35, 40, 45, 50, 55, 60, 65, 70, 75, 80, 85, 90, 95, 100]","[0, 0, 0, 0, 0, 0, 0, 0, 0, 0, 0, 0, 0, 0, 0, 0, 1613, 0, 0, 0]","[0.0, 0.0, 0.0, 0.0, 0.0, 0.0, 0.0, 0.0, 0.0, 0.0, 0.0, 0.0, 0.0, 0.0, 0.0, 0.0, 1.0, 1.0, 1.0, 1.0]",4.0,2.0,2.0,2.0,2.0,23,-8.9562,8.0,12.0,hrl_dqn_apf,hierarchical,dqn,0.258,7.402,-1.459,0.00,0.00,0.00,-27.408,6.820,0.384,0.00,0.00,0.00,-6.730,6.065,-2.392,0.00,0.00,0.00,4.200,4.200,4.200
2026-02-04 13:35:04,122.01,0,354,354,0.00%,80.00,0.00%,"[0, 5, 10, 15, 20, 25, 30, 35, 40, 45, 50, 55, 60, 65, 70, 75, 80, 85, 90, 95, 100]","[0, 0, 0, 0, 0, 0, 0, 0, 0, 0, 0, 0, 0, 0, 0, 0, 1613, 0, 0, 0]","[0.0, 0.0, 0.0, 0.0, 0.0, 0.0, 0.0, 0.0, 0.0, 0.0, 0.0, 0.0, 0.0, 0.0, 0.0, 0.0, 1.0, 1.0, 1.0, 1.0]",4.0,2.0,2.0,2.0,2.0,23,-8.9562,8.0,12.0,hrl_dqn_apf,hierarchical,dqn,-0.502,7.399,-1.459,0.00,0.00,0.00,-26.648,6.817,0.384,0.00,0.00,0.00,-7.310,6.072,-2.392,0.00,0.00,0.00,4.200,4.200,4.200
2026-02-04 13:35:05,123.01,0,354,354,0.00%,80.00,0.00%,"[0, 5, 10, 15, 20, 25, 30, 35, 40, 45, 50, 55, 60, 65, 70, 75, 80, 85, 90, 95, 100]","[0, 0, 0, 0, 0, 0, 0, 0, 0, 0, 0, 0, 0, 0, 0, 0, 1613, 0, 0, 0]","[0.0, 0.0, 0.0, 0.0, 0.0, 0.0, 0.0, 0.0, 0.0, 0.0, 0.0, 0.0, 0.0, 0.0, 0.0, 0.0, 1.0, 1.0, 1.0, 1.0]",4.0,2.0,2.0,2.0,2.0,23,-8.9562,8.0,12.0,hrl_dqn_apf,hierarchical,dqn,-2.020,7.393,-1.459,0.00,0.00,0.00,-25.129,6.811,0.384,0.00,0.00,0.00,-8.762,6.067,-2.392,0.00,0.00,0.00,4.200,4.200,4.200
2026-02-04 13:35:06,124.01,2,350,352,0.57%,80.01,0.19%,"[0, 5, 10, 15, 20, 25, 30, 35, 40, 45, 50, 55, 60, 65, 70, 75, 80, 85, 90, 95, 100]","[2, 0, 0, 1, 0, 0, 0, 0, 1, 0, 0, 0, 0, 0, 1, 0, 1608, 0, 0, 0]","[0.0012399256044637321, 0.0012399256044637321, 0.0012399256044637321, 0.0018598884066955983, 0.0018598884066955983, 0.0018598884066955983, 0.0018598884066955983, 0.0018598884066955983, 0.0024798512089274642, 0.0024798512089274642, 0.0024798512089274642, 0.0024798512089274642, 0.0024798512089274642, 0.0024798512089274642, 0.0030998140111593306, 0.0030998140111593306, 1.0, 1.0, 1.0, 1.0]",4.0,2.0,2.0,2.0,2.0,23,-8.9562,8.0,12.0,hrl_dqn_apf,hierarchical,dqn,-2.783,7.390,-1.459,0.00,0.00,0.00,-24.366,6.808,0.384,0.00,0.00,0.00,-9.533,6.060,-2.392,0.00,0.00,0.00,4.200,4.200,4.200
2026-02-04 13:35:07,125.01,4,348,352,1.14%,80.08,0.31%,"[0, 5, 10, 15, 20, 25, 30, 35, 40, 45, 50, 55, 60, 65, 70, 75, 80, 85, 90, 95, 100]","[4, 0, 1, 0, 0, 0, 0, 0, 1, 0, 0, 0, 0, 0, 0, 0, 1607, 0, 0, 0]","[0.0024798512089274642, 0.0024798512089274642, 0.0030998140111593306, 0.0030998140111593306, 0.0030998140111593306, 0.0030998140111593306, 0.0030998140111593306, 0.0030998140111593306, 0.0037197768133911966, 0.0037197768133911966, 0.0037197768133911966, 0.0037197768133911966, 0.0037197768133911966, 0.0037197768133911966, 0.0037197768133911966, 0.0037197768133911966, 1.0, 1.0, 1.0, 1.0]",4.0,2.0,2.0,2.0,2.0,23,-8.9562,8.0,12.0,hrl_dqn_apf,hierarchical,dqn,-3.544,7.387,-1.459,0.00,0.00,0.00,-23.606,6.805,0.383,0.00,0.00,0.00,-10.290,6.058,-2.391,0.00,0.00,0.00,4.200,4.200,4.200
2026-02-04 13:35:08,126.02,5,348,353,1.42%,80.18,0.37%,"[0, 5, 10, 15, 20, 25, 30, 35, 40, 45, 50, 55, 60, 65, 70, 75, 80, 85, 90, 95, 100]","[6, 0, 0, 0, 0, 0, 0, 0, 0, 1, 0, 0, 1, 0, 0, 1, 1604, 0, 0, 0]","[0.0037197768133911966, 0.0037197768133911966, 0.0037197768133911966, 0.0037197768133911966, 0.0037197768133911966, 0.0037197768133911966, 0.0037197768133911966, 0.0037197768133911966, 0.0037197768133911966, 0.0043397396156230625, 0.0043397396156230625, 0.0043397396156230625, 0.0049597024178549285, 0.0049597024178549285, 0.0049597024178549285, 0.005579665220086794, 1.0, 1.0, 1.0, 1.0]",4.0,2.0,2.0,2.0,2.0,23,-8.9562,8.0,12.0,hrl_dqn_apf,hierarchical,dqn,-4.304,7.366,-1.459,0.00,0.00,0.00,-22.845,6.788,0.383,0.00,0.00,0.00,-11.050,6.041,-2.391,0.00,0.00,0.00,4.200,4.200,4.200
2026-02-04 13:35:09,127.02,8,345,353,2.27%,80.36,0.56%,"[0, 5, 10, 15, 20, 25, 30, 35, 40, 45, 50, 55, 60, 65, 70, 75, 80, 85, 90, 95, 100]","[9, 0, 0, 0, 0, 0, 0, 0, 0, 2, 0, 0, 0, 1, 0, 0, 1601, 0, 0, 0]","[0.005579665220086794, 0.005579665220086794, 0.005579665220086794, 0.005579665220086794, 0.005579665220086794, 0.005579665220086794, 0.005579665220086794, 0.005579665220086794, 0.005579665220086794, 0.006819590824550527, 0.006819590824550527, 0.006819590824550527, 0.006819590824550527, 0.007439553626782393, 0.007439553626782393, 0.007439553626782393, 1.0, 1.0, 1.0, 1.0]",4.0,2.0,2.0,2.0,2.0,23,-8.9562,8.0,12.0,hrl_dqn_apf,hierarchical,dqn,-5.818,7.277,-1.459,0.00,0.00,0.00,-21.331,6.695,0.383,0.00,0.00,0.00,-12.565,5.949,-2.391,0.00,0.00,0.00,4.200,4.200,4.200
2026-02-04 13:35:10,128.03,10,345,355,2.82%,80.45,0.68%,"[0, 5, 10, 15, 20, 25, 30, 35, 40, 45, 50, 55, 60, 65, 70, 75, 80, 85, 90, 95, 100]","[11, 0, 0, 0, 0, 0, 0, 0, 0, 1, 0, 1, 0, 0, 0, 0, 1600, 0, 0, 0]","[0.006819590824550527, 0.006819590824550527, 0.006819590824550527, 0.006819590824550527, 0.006819590824550527, 0.006819590824550527, 0.006819590824550527, 0.006819590824550527, 0.006819590824550527, 0.007439553626782393, 0.007439553626782393, 0.008059516429014259, 0.008059516429014259, 0.008059516429014259, 0.008059516429014259, 0.008059516429014259, 1.0, 1.0, 1.0, 1.0]",4.0,2.0,2.0,2.0,2.0,23,-8.9562,8.0,12.0,hrl_dqn_apf,hierarchical,dqn,-6.564,7.264,-1.459,0.00,0.00,0.00,-20.584,6.682,0.383,0.00,0.00,0.00,-13.311,5.935,-2.392,0.00,0.00,0.00,4.200,4.200,4.200
2026-02-04 13:35:11,129.04,11,346,357,3.08%,80.54,0.74%,"[0, 5, 10, 15, 20, 25, 30, 35, 40, 45, 50, 55, 60, 65, 70, 75, 80, 85, 90, 95, 100]","[12, 0, 0, 0, 0, 0, 0, 1, 0, 1, 0, 1, 0, 0, 0, 0, 1260, 338, 0, 0]","[0.007439553626782393, 0.007439553626782393, 0.007439553626782393, 0.007439553626782393, 0.007439553626782393, 0.007439553626782393, 0.007439553626782393, 0.008059516429014259, 0.008059516429014259, 0.008679479231246125, 0.008679479231246125, 0.009299442033477991, 0.009299442033477991, 0.009299442033477991, 0.009299442033477991, 0.009299442033477991, 0.7904525728456293, 1.0, 1.0, 1.0]",4.0,2.0,2.0,2.0,2.0,23,-8.9562,8.0,12.0,hrl_dqn_apf,hierarchical,dqn,-7.327,7.257,-1.459,0.00,0.00,0.00,-19.821,6.674,0.383,0.00,0.00,0.00,-14.074,5.928,-2.392,0.00,0.00,0.00,4.200,4.200,4.200
2026-02-04 13:35:12,130.04,13,344,357,3.64%,80.63,0.87%,"[0, 5, 10, 15, 20, 25, 30, 35, 40, 45, 50, 55, 60, 65, 70, 75, 80, 85, 90, 95, 100]","[13, 1, 0, 0, 0, 0, 0, 0, 1, 1, 0, 0, 0, 0, 0, 0, 1260, 337, 0, 0]","[0.008059516429014259, 0.008679479231246125, 0.008679479231246125, 0.008679479231246125, 0.008679479231246125, 0.008679479231246125, 0.008679479231246125, 0.008679479231246125, 0.009299442033477991, 0.009919404835709857, 0.009919404835709857, 0.009919404835709857, 0.009919404835709857, 0.009919404835709857, 0.009919404835709857, 0.009919404835709857, 0.7910725356478612, 1.0, 1.0, 1.0]",4.0,2.0,2.0,2.0,2.0,23,-8.9562,8.0,12.0,hrl_dqn_apf,hierarchical,dqn,-8.088,7.252,-1.459,0.00,0.00,0.00,-19.060,6.670,0.383,0.00,0.00,0.00,-14.834,5.923,-2.392,0.00,0.00,0.00,4.200,4.200,4.200
2026-02-04 13:35:13,131.04,16,349,365,4.38%,80.82,1.05%,"[0, 5, 10, 15, 20, 25, 30, 35, 40, 45, 50, 55, 60, 65, 70, 75, 80, 85, 90, 95, 100]","[13, 4, 0, 0, 0, 0, 1, 0, 0, 0, 1, 0, 0, 0, 0, 0, 1259, 335, 0, 0]","[0.008059516429014259, 0.010539367637941723, 0.010539367637941723, 0.010539367637941723, 0.010539367637941723, 0.010539367637941723, 0.011159330440173589, 0.011159330440173589, 0.011159330440173589, 0.011159330440173589, 0.011779293242405457, 0.011779293242405457, 0.011779293242405457, 0.011779293242405457, 0.011779293242405457, 0.011779293242405457, 0.7923124612523249, 1.0, 1.0, 1.0]",4.0,2.0,2.0,2.0,2.0,23,-8.9562,8.0,12.0,hrl_dqn_apf,hierarchical,dqn,-9.612,7.245,-1.459,0.00,0.00,0.00,-17.537,6.662,0.383,0.00,0.00,0.00,-16.358,5.916,-2.392,0.00,0.00,0.00,4.200,4.200,4.200
2026-02-04 13:35:14,132.05,19,344,363,5.23%,80.89,1.24%,"[0, 5, 10, 15, 20, 25, 30, 35, 40, 45, 50, 55, 60, 65, 70, 75, 80, 85, 90, 95, 100]","[12, 6, 1, 0, 0, 1, 0, 0, 0, 0, 1, 0, 0, 0, 0, 0, 1259, 333, 0, 0]","[0.007439553626782393, 0.011159330440173589, 0.011779293242405457, 0.011779293242405457, 0.011779293242405457, 0.012399256044637322, 0.012399256044637322, 0.012399256044637322, 0.012399256044637322, 0.012399256044637322, 0.013019218846869188, 0.013019218846869188, 0.013019218846869188, 0.013019218846869188, 0.013019218846869188, 0.013019218846869188, 0.7935523868567886, 1.0, 1.0, 1.0]",4.0,2.0,2.0,2.0,2.0,23,-8.9562,8.0,12.0,hrl_dqn_apf,hierarchical,dqn,-10.372,7.241,-1.459,0.00,0.00,0.00,-16.776,6.659,0.383,0.00,0.00,0.00,-17.118,5.912,-2.393,0.00,0.00,0.00,4.200,4.200,4.200
2026-02-04 13:35:15,133.05,0,354,354,0.00%,80.00,0.00%,"[0, 5, 10, 15, 20, 25, 30, 35, 40, 45, 50, 55, 60, 65, 70, 75, 80, 85, 90, 95, 100]","[0, 0, 0, 0, 0, 0, 0, 0, 0, 0, 0, 0, 0, 0, 0, 0, 1613, 0, 0, 0]","[0.0, 0.0, 0.0, 0.0, 0.0, 0.0, 0.0, 0.0, 0.0, 0.0, 0.0, 0.0, 0.0, 0.0, 0.0, 0.0, 1.0, 1.0, 1.0, 1.0]",4.0,2.0,2.0,2.0,2.0,23,-8.9562,8.0,12.0,hrl_dqn_apf,hierarchical,dqn,-11.153,7.238,-1.459,0.00,0.00,0.00,-15.996,6.656,0.383,0.00,0.00,0.00,-17.899,5.909,-2.393,0.00,0.00,0.00,4.200,4.200,4.200
2026-02-04 13:35:16,134.06,0,354,354,0.00%,80.00,0.00%,"[0, 5, 10, 15, 20, 25, 30, 35, 40, 45, 50, 55, 60, 65, 70, 75, 80, 85, 90, 95, 100]","[0, 0, 0, 0, 0, 0, 0, 0, 0, 0, 0, 0, 0, 0, 0, 0, 1613, 0, 0, 0]","[0.0, 0.0, 0.0, 0.0, 0.0, 0.0, 0.0, 0.0, 0.0, 0.0, 0.0, 0.0, 0.0, 0.0, 0.0, 0.0, 1.0, 1.0, 1.0, 1.0]",4.0,2.0,2.0,2.0,2.0,23,-8.9562,8.0,12.0,hrl_dqn_apf,hierarchical,dqn,-11.913,7.235,-1.459,0.00,0.00,0.00,-15.235,6.653,0.383,0.00,0.00,0.00,-18.659,5.906,-2.393,0.00,0.00,0.00,4.200,4.200,4.200
2026-02-04 13:35:17,135.06,0,354,354,0.00%,80.00,0.00%,"[0, 5, 10, 15, 20, 25, 30, 35, 40, 45, 50, 55, 60, 65, 70, 75, 80, 85, 90, 95, 100]","[0, 0, 0, 0, 0, 0, 0, 0, 0, 0, 0, 0, 0, 0, 0, 0, 1613, 0, 0, 0]","[0.0, 0.0, 0.0, 0.0, 0.0, 0.0, 0.0, 0.0, 0.0, 0.0, 0.0, 0.0, 0.0, 0.0, 0.0, 0.0, 1.0, 1.0, 1.0, 1.0]",4.0,2.0,2.0,2.0,2.0,23,-8.9562,8.0,12.0,hrl_dqn_apf,hierarchical,dqn,-13.440,7.229,-1.459,0.00,0.00,0.00,-13.709,6.647,0.382,0.00,0.00,0.00,-20.186,5.900,-2.393,0.00,0.00,0.00,4.200,4.200,4.200
2026-02-04 13:35:18,136.07,3,349,352,0.85%,80.02,0.19%,"[0, 5, 10, 15, 20, 25, 30, 35, 40, 45, 50, 55, 60, 65, 70, 75, 80, 85, 90, 95, 100]","[1, 0, 0, 0, 1, 1, 0, 1, 0, 0, 0, 1, 0, 0, 0, 1, 1607, 0, 0, 0]","[0.0006199628022318661, 0.0006199628022318661, 0.0006199628022318661, 0.0006199628022318661, 0.0012399256044637321, 0.0018598884066955983, 0.0018598884066955983, 0.0024798512089274642, 0.0024798512089274642, 0.0024798512089274642, 0.0024798512089274642, 0.0030998140111593306, 0.0030998140111593306, 0.0030998140111593306, 0.0030998140111593306, 0.0037197768133911966, 1.0, 1.0, 1.0, 1.0]",4.0,2.0,2.0,2.0,2.0,23,-8.9562,8.0,12.0,hrl_dqn_apf,hierarchical,dqn,-14.200,7.226,-1.459,0.00,0.00,0.00,-12.949,6.644,0.382,0.00,0.00,0.00,-20.947,5.897,-2.394,0.00,0.00,0.00,4.200,4.200,4.200
2026-02-04 13:35:19,137.07,4,348,352,1.14%,80.11,0.25%,"[0, 5, 10, 15, 20, 25, 30, 35, 40, 45, 50, 55, 60, 65, 70, 75, 80, 85, 90, 95, 100]","[3, 0, 0, 0, 1, 0, 1, 0, 0, 1, 0, 0, 0, 0, 0, 0, 1607, 0, 0, 0]","[0.0018598884066955983, 0.0018598884066955983, 0.0018598884066955983, 0.0018598884066955983, 0.0024798512089274642, 0.0024798512089274642, 0.0030998140111593306, 0.0030998140111593306, 0.0030998140111593306, 0.0037197768133911966, 0.0037197768133911966, 0.0037197768133911966, 0.0037197768133911966, 0.0037197768133911966, 0.0037197768133911966, 0.0037197768133911966, 1.0, 1.0, 1.0, 1.0]",4.0,2.0,2.0,2.0,2.0,23,-8.9562,8.0,12.0,hrl_dqn_apf,hierarchical,dqn,-14.961,7.223,-1.459,0.00,0.00,0.00,-12.188,6.641,0.382,0.00,0.00,0.00,-21.707,5.894,-2.394,0.00,0.00,0.00,4.200,4.200,4.200
2026-02-04 13:35:20,138.08,6,347,353,1.70%,80.19,0.37%,"[0, 5, 10, 15, 20, 25, 30, 35, 40, 45, 50, 55, 60, 65, 70, 75, 80, 85, 90, 95, 100]","[4, 0, 0, 0, 1, 1, 1, 0, 0, 1, 0, 0, 0, 0, 0, 0, 1605, 0, 0, 0]","[0.0024798512089274642, 0.0024798512089274642, 0.0024798512089274642, 0.0024798512089274642, 0.0030998140111593306, 0.0037197768133911966, 0.0043397396156230625, 0.0043397396156230625, 0.0043397396156230625, 0.0049597024178549285, 0.0049597024178549285, 0.0049597024178549285, 0.0049597024178549285, 0.0049597024178549285, 0.0049597024178549285, 0.0049597024178549285, 1.0, 1.0, 1.0, 1.0]",4.0,2.0,2.0,2.0,2.0,23,-8.9562,8.0,12.0,hrl_dqn_apf,hierarchical,dqn,-15.724,7.159,-1.459,0.00,0.00,0.00,-11.426,6.576,0.382,0.00,0.00,0.00,-22.470,5.831,-2.394,0.00,0.00,0.00,4.200,4.200,4.200
2026-02-04 13:35:21,139.09,9,344,353,2.55%,80.37,0.56%,"[0, 5, 10, 15, 20, 25, 30, 35, 40, 45, 50, 55, 60, 65, 70, 75, 80, 85, 90, 95, 100]","[7, 0, 1, 0, 1, 0, 2, 0, 0, 0, 0, 0, 0, 0, 0, 0, 1602, 0, 0, 0]","[0.0043397396156230625, 0.0043397396156230625, 0.0049597024178549285, 0.0049597024178549285, 0.005579665220086794, 0.005579665220086794, 0.006819590824550527, 0.006819590824550527, 0.006819590824550527, 0.006819590824550527, 0.006819590824550527, 0.006819590824550527, 0.006819590824550527, 0.006819590824550527, 0.006819590824550527, 0.006819590824550527, 1.0, 1.0, 1.0, 1.0]",4.0,2.0,2.0,2.0,2.0,23,-8.9562,8.0,12.0,hrl_dqn_apf,hierarchical,dqn,-17.244,7.105,-1.459,0.00,0.00,0.00,-9.906,6.523,0.382,0.00,0.00,0.00,-23.990,5.776,-2.394,0.00,0.00,0.00,4.200,4.200,4.200
2026-02-04 13:35:22,140.09,11,344,355,3.10%,80.47,0.68%,"[0, 5, 10, 15, 20, 25, 30, 35, 40, 45, 50, 55, 60, 65, 70, 75, 80, 85, 90, 95, 100]","[9, 0, 0, 1, 0, 1, 1, 0, 0, 0, 0, 0, 0, 0, 0, 1, 1600, 0, 0, 0]","[0.005579665220086794, 0.005579665220086794, 0.005579665220086794, 0.006199628022318661, 0.006199628022318661, 0.006819590824550527, 0.007439553626782393, 0.007439553626782393, 0.007439553626782393, 0.007439553626782393, 0.007439553626782393, 0.007439553626782393, 0.007439553626782393, 0.007439553626782393, 0.007439553626782393, 0.008059516429014259, 1.0, 1.0, 1.0, 1.0]",4.0,2.0,2.0,2.0,2.0,23,-8.9562,8.0,12.0,hrl_dqn_apf,hierarchical,dqn,-18.007,7.096,-1.459,0.00,0.00,0.00,-9.143,6.514,0.382,0.00,0.00,0.00,-24.753,5.768,-2.394,0.00,0.00,0.00,4.200,4.200,4.200
2026-02-04 13:35:23,141.09,13,344,357,3.64%,80.55,0.81%,"[0, 5, 10, 15, 20, 25, 30, 35, 40, 45, 50, 55, 60, 65, 70, 75, 80, 85, 90, 95, 100]","[11, 0, 0, 1, 0, 1, 1, 0, 0, 0, 0, 0, 0, 0, 0, 0, 1262, 337, 0, 0]","[0.006819590824550527, 0.006819590824550527, 0.006819590824550527, 0.007439553626782393, 0.007439553626782393, 0.008059516429014259, 0.008679479231246125, 0.008679479231246125, 0.008679479231246125, 0.008679479231246125, 0.008679479231246125, 0.008679479231246125, 0.008679479231246125, 0.008679479231246125, 0.008679479231246125, 0.008679479231246125, 0.7910725356478612, 1.0, 1.0, 1.0]",4.0,2.0,2.0,2.0,2.0,23,-8.9562,8.0,12.0,hrl_dqn_apf,hierarchical,dqn,-18.768,7.091,-1.459,0.00,0.00,0.00,-8.382,6.508,0.382,0.00,0.00,0.00,-25.514,5.762,-2.395,0.00,0.00,0.00,4.200,4.200,4.200
2026-02-04 13:35:24,142.10,13,344,357,3.64%,80.70,0.81%,"[0, 5, 10, 15, 20, 25, 30, 35, 40, 45, 50, 55, 60, 65, 70, 75, 80, 85, 90, 95, 100]","[12, 0, 0, 0, 0, 1, 0, 1, 0, 0, 0, 0, 1, 0, 0, 0, 1261, 337, 0, 0]","[0.007439553626782393, 0.007439553626782393, 0.007439553626782393, 0.007439553626782393, 0.007439553626782393, 0.008059516429014259, 0.008059516429014259, 0.008679479231246125, 0.008679479231246125, 0.008679479231246125, 0.008679479231246125, 0.008679479231246125, 0.009299442033477991, 0.009299442033477991, 0.009299442033477991, 0.009299442033477991, 0.7910725356478612, 1.0, 1.0, 1.0]",4.0,2.0,2.0,2.0,2.0,23,-8.9562,8.0,12.0,hrl_dqn_apf,hierarchical,dqn,-19.531,7.087,-1.459,0.00,0.00,0.00,-7.619,6.504,0.382,0.00,0.00,0.00,-26.277,5.758,-2.395,0.00,0.00,0.00,4.200,4.200,4.200
2026-02-04 13:35:25,143.10,15,350,365,4.11%,80.93,0.93%,"[0, 5, 10, 15, 20, 25, 30, 35, 40, 45, 50, 55, 60, 65, 70, 75, 80, 85, 90, 95, 100]","[10, 4, 0, 0, 0, 1, 0, 1, 0, 0, 1, 0, 0, 0, 1, 0, 1260, 335, 0, 0]","[0.006199628022318661, 0.008679479231246125, 0.008679479231246125, 0.008679479231246125, 0.008679479231246125, 0.009299442033477991, 0.009299442033477991, 0.009919404835709857, 0.009919404835709857, 0.009919404835709857, 0.010539367637941723, 0.010539367637941723, 0.010539367637941723, 0.010539367637941723, 0.011159330440173589, 0.011159330440173589, 0.7923124612523249, 1.0, 1.0, 1.0]",4.0,2.0,2.0,2.0,2.0,23,-8.9562,8.0,12.0,hrl_dqn_apf,hierarchical,dqn,-21.046,7.080,-1.459,0.00,0.00,0.00,-6.104,6.498,0.382,0.00,0.00,0.00,-27.793,5.751,-2.395,0.00,0.00,0.00,4.200,4.200,4.200
2026-02-04 13:35:26,144.11,0,354,354,0.00%,80.00,0.00%,"[0, 5, 10, 15, 20, 25, 30, 35, 40, 45, 50, 55, 60, 65, 70, 75, 80, 85, 90, 95, 100]","[0, 0, 0, 0, 0, 0, 0, 0, 0, 0, 0, 0, 0, 0, 0, 0, 1613, 0, 0, 0]","[0.0, 0.0, 0.0, 0.0, 0.0, 0.0, 0.0, 0.0, 0.0, 0.0, 0.0, 0.0, 0.0, 0.0, 0.0, 0.0, 1.0, 1.0, 1.0, 1.0]",4.0,2.0,2.0,2.0,2.0,23,-8.9562,8.0,12.0,hrl_dqn_apf,hierarchical,dqn,-21.807,7.077,-1.459,0.00,0.00,0.00,-5.344,6.495,0.382,0.00,0.00,0.00,-28.553,5.748,-2.395,0.00,0.00,0.00,4.200,4.200,4.200
2026-02-04 13:35:27,145.11,0,354,354,0.00%,80.00,0.00%,"[0, 5, 10, 15, 20, 25, 30, 35, 40, 45, 50, 55, 60, 65, 70, 75, 80, 85, 90, 95, 100]","[0, 0, 0, 0, 0, 0, 0, 0, 0, 0, 0, 0, 0, 0, 0, 0, 1613, 0, 0, 0]","[0.0, 0.0, 0.0, 0.0, 0.0, 0.0, 0.0, 0.0, 0.0, 0.0, 0.0, 0.0, 0.0, 0.0, 0.0, 0.0, 1.0, 1.0, 1.0, 1.0]",4.0,2.0,2.0,2.0,2.0,23,-8.9562,8.0,12.0,hrl_dqn_apf,hierarchical,dqn,-22.570,7.074,-1.459,0.00,0.00,0.00,-4.580,6.492,0.381,0.00,0.00,0.00,-29.317,5.745,-2.396,0.00,0.00,0.00,4.200,4.200,4.200
2026-02-04 13:35:28,146.12,0,354,354,0.00%,80.00,0.00%,"[0, 5, 10, 15, 20, 25, 30, 35, 40, 45, 50, 55, 60, 65, 70, 75, 80, 85, 90, 95, 100]","[0, 0, 0, 0, 0, 0, 0, 0, 0, 0, 0, 0, 0, 0, 0, 0, 1613, 0, 0, 0]","[0.0, 0.0, 0.0, 0.0, 0.0, 0.0, 0.0, 0.0, 0.0, 0.0, 0.0, 0.0, 0.0, 0.0, 0.0, 0.0, 1.0, 1.0, 1.0, 1.0]",4.0,2.0,2.0,2.0,2.0,23,-8.9562,8.0,12.0,hrl_dqn_apf,hierarchical,dqn,-23.351,7.071,-1.459,0.00,0.00,0.00,-3.800,6.488,0.381,0.00,0.00,0.00,-30.097,5.742,-2.396,0.00,0.00,0.00,4.200,4.200,4.200
2026-02-04 13:35:29,147.12,1,351,352,0.28%,80.07,0.12%,"[0, 5, 10, 15, 20, 25, 30, 35, 40, 45, 50, 55, 60, 65, 70, 75, 80, 85, 90, 95, 100]","[2, 0, 0, 0, 0, 0, 0, 0, 0, 0, 0, 0, 0, 0, 0, 0, 1611, 0, 0, 0]","[0.0012399256044637321, 0.0012399256044637321, 0.0012399256044637321, 0.0012399256044637321, 0.0012399256044637321, 0.0012399256044637321, 0.0012399256044637321, 0.0012399256044637321, 0.0012399256044637321, 0.0012399256044637321, 0.0012399256044637321, 0.0012399256044637321, 0.0012399256044637321, 0.0012399256044637321, 0.0012399256044637321, 0.0012399256044637321, 1.0, 1.0, 1.0, 1.0]",4.0,2.0,2.0,2.0,2.0,23,-8.9562,8.0,12.0,hrl_dqn_apf,hierarchical,dqn,-24.872,7.065,-1.459,0.00,0.00,0.00,-2.279,6.482,0.381,0.00,0.00,0.00,-31.618,5.736,-2.396,0.00,0.00,0.00,4.200,4.200,4.200
2026-02-04 13:35:30,148.13,2,350,352,0.57%,80.16,0.25%,"[0, 5, 10, 15, 20, 25, 30, 35, 40, 45, 50, 55, 60, 65, 70, 75, 80, 85, 90, 95, 100]","[3, 0, 0, 1, 0, 0, 0, 0, 0, 0, 0, 0, 0, 0, 0, 0, 1609, 0, 0, 0]","[0.0018598884066955983, 0.0018598884066955983, 0.0018598884066955983, 0.0024798512089274642, 0.0024798512089274642, 0.0024798512089274642, 0.0024798512089274642, 0.0024798512089274642, 0.0024798512089274642, 0.0024798512089274642, 0.0024798512089274642, 0.0024798512089274642, 0.0024798512089274642, 0.0024798512089274642, 0.0024798512089274642, 0.0024798512089274642, 1.0, 1.0, 1.0, 1.0]",4.0,2.0,2.0,2.0,2.0,23,-8.9562,8.0,12.0,hrl_dqn_apf,hierarchical,dqn,-25.635,7.062,-1.459,0.00,0.00,0.00,-1.516,6.479,0.381,0.00,0.00,0.00,-32.381,5.733,-2.396,0.00,0.00,0.00,4.200,4.200,4.200
2026-02-04 13:35:31,149.13,3,350,353,0.85%,80.32,0.25%,"[0, 5, 10, 15, 20, 25, 30, 35, 40, 45, 50, 55, 60, 65, 70, 75, 80, 85, 90, 95, 100]","[4, 0, 0, 0, 0, 0, 0, 0, 0, 0, 0, 0, 0, 0, 0, 0, 1609, 0, 0, 0]","[0.0024798512089274642, 0.0024798512089274642, 0.0024798512089274642, 0.0024798512089274642, 0.0024798512089274642, 0.0024798512089274642, 0.0024798512089274642, 0.0024798512089274642, 0.0024798512089274642, 0.0024798512089274642, 0.0024798512089274642, 0.0024798512089274642, 0.0024798512089274642, 0.0024798512089274642, 0.0024798512089274642, 0.0024798512089274642, 1.0, 1.0, 1.0, 1.0]",4.0,2.0,2.0,2.0,2.0,23,-8.9562,8.0,12.0,hrl_dqn_apf,hierarchical,dqn,-26.396,7.024,-1.459,0.00,0.00,0.00,-0.756,6.441,0.381,0.00,0.00,0.00,-33.141,5.696,-2.397,0.00,0.00,0.00,4.200,4.200,4.200
2026-02-04 13:35:32,150.13,3,350,353,0.85%,80.45,0.31%,"[0, 5, 10, 15, 20, 25, 30, 35, 40, 45, 50, 55, 60, 65, 70, 75, 80, 85, 90, 95, 100]","[4, 1, 0, 0, 0, 0, 0, 0, 0, 0, 0, 0, 0, 0, 0, 0, 1608, 0, 0, 0]","[0.0024798512089274642, 0.0030998140111593306, 0.0030998140111593306, 0.0030998140111593306, 0.0030998140111593306, 0.0030998140111593306, 0.0030998140111593306, 0.0030998140111593306, 0.0030998140111593306, 0.0030998140111593306, 0.0030998140111593306, 0.0030998140111593306, 0.0030998140111593306, 0.0030998140111593306, 0.0030998140111593306, 0.0030998140111593306, 1.0, 1.0, 1.0, 1.0]",4.0,2.0,2.0,2.0,2.0,23,-8.9562,8.0,12.0,hrl_dqn_apf,hierarchical,dqn,-27.136,6.973,-1.459,0.00,0.00,0.00,-0.016,6.390,0.381,0.00,0.00,0.00,-33.881,5.645,-2.397,0.00,0.00,0.00,4.200,4.200,4.200
2026-02-04 13:35:33,151.14,3,352,355,0.85%,80.75,0.37%,"[0, 5, 10, 15, 20, 25, 30, 35, 40, 45, 50, 55, 60, 65, 70, 75, 80, 85, 90, 95, 100]","[6, 0, 0, 0, 0, 0, 0, 0, 0, 0, 0, 0, 0, 0, 0, 0, 1607, 0, 0, 0]","[0.0037197768133911966, 0.0037197768133911966, 0.0037197768133911966, 0.0037197768133911966, 0.0037197768133911966, 0.0037197768133911966, 0.0037197768133911966, 0.0037197768133911966, 0.0037197768133911966, 0.0037197768133911966, 0.0037197768133911966, 0.0037197768133911966, 0.0037197768133911966, 0.0037197768133911966, 0.0037197768133911966, 0.0037197768133911966, 1.0, 1.0, 1.0, 1.0]",4.0,2.0,2.0,2.0,2.0,23,-8.9562,8.0,12.0,hrl_dqn_apf,hierarchical,dqn,-28.676,6.937,-1.459,0.00,0.00,0.00,1.525,6.355,0.381,0.00,0.00,0.00,-35.421,5.609,-2.397,0.00,0.00,0.00,4.200,4.200,4.200
2026-02-04 13:35:34,152.14,3,354,357,0.84%,80.91,0.37%,"[0, 5, 10, 15, 20, 25, 30, 35, 40, 45, 50, 55, 60, 65, 70, 75, 80, 85, 90, 95, 100]","[6, 0, 0, 0, 0, 0, 0, 0, 0, 0, 1, 0, 0, 0, 0, 0, 1256, 350, 0, 0]","[0.0037197768133911966, 0.0037197768133911966, 0.0037197768133911966, 0.0037197768133911966, 0.0037197768133911966, 0.0037197768133911966, 0.0037197768133911966, 0.0037197768133911966, 0.0037197768133911966, 0.0037197768133911966, 0.0043397396156230625, 0.0043397396156230625, 0.0043397396156230625, 0.0043397396156230625, 0.0043397396156230625, 0.0043397396156230625, 0.7830130192188469, 1.0, 1.0, 1.0]",4.0,2.0,2.0,2.0,2.0,23,-8.9562,8.0,12.0,hrl_dqn_apf,hierarchical,dqn,-29.457,6.931,-1.459,0.00,0.00,0.00,2.305,6.348,0.381,0.00,0.00,0.00,-36.201,5.602,-2.397,0.00,0.00,0.00,4.200,4.200,4.200
2026-02-04 13:35:35,153.14,3,354,357,0.84%,81.06,0.43%,"[0, 5, 10, 15, 20, 25, 30, 35, 40, 45, 50, 55, 60, 65, 70, 75, 80, 85, 90, 95, 100]","[6, 1, 0, 0, 0, 0, 0, 0, 0, 0, 0, 0, 0, 0, 0, 0, 1256, 350, 0, 0]","[0.0037197768133911966, 0.0043397396156230625, 0.0043397396156230625, 0.0043397396156230625, 0.0043397396156230625, 0.0043397396156230625, 0.0043397396156230625, 0.0043397396156230625, 0.0043397396156230625, 0.0043397396156230625, 0.0043397396156230625, 0.0043397396156230625, 0.0043397396156230625, 0.0043397396156230625, 0.0043397396156230625, 0.0043397396156230625, 0.7830130192188469, 1.0, 1.0, 1.0]",4.0,2.0,2.0,2.0,2.0,23,-8.9562,8.0,12.0,hrl_dqn_apf,hierarchical,dqn,-30.218,6.926,-1.459,0.00,0.00,0.00,3.066,6.344,0.381,0.00,0.00,0.00,-36.961,5.598,-2.398,0.00,0.00,0.00,4.200,4.200,4.200
2026-02-04 13:35:36,154.14,3,358,361,0.83%,81.21,0.43%,"[0, 5, 10, 15, 20, 25, 30, 35, 40, 45, 50, 55, 60, 65, 70, 75, 80, 85, 90, 95, 100]","[6, 1, 0, 0, 0, 0, 0, 0, 1, 0, 0, 0, 0, 0, 0, 0, 1255, 350, 0, 0]","[0.0037197768133911966, 0.0043397396156230625, 0.0043397396156230625, 0.0043397396156230625, 0.0043397396156230625, 0.0043397396156230625, 0.0043397396156230625, 0.0043397396156230625, 0.0049597024178549285, 0.0049597024178549285, 0.0049597024178549285, 0.0049597024178549285, 0.0049597024178549285, 0.0049597024178549285, 0.0049597024178549285, 0.0049597024178549285, 0.7830130192188469, 1.0, 1.0, 1.0]",4.0,2.0,2.0,2.0,2.0,23,-8.9562,8.0,12.0,hrl_dqn_apf,hierarchical,dqn,-30.981,6.923,-1.459,0.00,0.00,0.00,3.829,6.340,0.381,0.00,0.00,0.00,-37.724,5.594,-2.398,0.00,0.00,0.00,4.200,4.200,4.200
2026-02-04 13:35:37,155.15,0,354,354,0.00%,80.00,0.00%,"[0, 5, 10, 15, 20, 25, 30, 35, 40, 45, 50, 55, 60, 65, 70, 75, 80, 85, 90, 95, 100]","[0, 0, 0, 0, 0, 0, 0, 0, 0, 0, 0, 0, 0, 0, 0, 0, 1613, 0, 0, 0]","[0.0, 0.0, 0.0, 0.0, 0.0, 0.0, 0.0, 0.0, 0.0, 0.0, 0.0, 0.0, 0.0, 0.0, 0.0, 0.0, 1.0, 1.0, 1.0, 1.0]",4.0,2.0,2.0,2.0,2.0,23,-8.9562,8.0,12.0,hrl_dqn_apf,hierarchical,dqn,-32.496,6.916,-1.459,0.00,0.00,0.00,5.344,6.334,0.380,0.00,0.00,0.00,-39.239,5.588,-2.398,0.00,0.00,0.00,4.200,4.200,4.200
2026-02-04 13:35:38,156.15,0,354,354,0.00%,80.00,0.00%,"[0, 5, 10, 15, 20, 25, 30, 35, 40, 45, 50, 55, 60, 65, 70, 75, 80, 85, 90, 95, 100]","[0, 0, 0, 0, 0, 0, 0, 0, 0, 0, 0, 0, 0, 0, 0, 0, 1613, 0, 0, 0]","[0.0, 0.0, 0.0, 0.0, 0.0, 0.0, 0.0, 0.0, 0.0, 0.0, 0.0, 0.0, 0.0, 0.0, 0.0, 0.0, 1.0, 1.0, 1.0, 1.0]",4.0,2.0,2.0,2.0,2.0,23,-8.9562,8.0,12.0,hrl_dqn_apf,hierarchical,dqn,-33.250,6.913,-1.459,0.00,0.00,0.00,6.099,6.331,0.380,0.00,0.00,0.00,-39.993,5.585,-2.398,0.00,0.00,0.00,4.200,4.200,4.200
2026-02-04 13:35:39,157.16,0,354,354,0.00%,80.00,0.00%,"[0, 5, 10, 15, 20, 25, 30, 35, 40, 45, 50, 55, 60, 65, 70, 75, 80, 85, 90, 95, 100]","[0, 0, 0, 0, 0, 0, 0, 0, 0, 0, 0, 0, 0, 0, 0, 0, 1613, 0, 0, 0]","[0.0, 0.0, 0.0, 0.0, 0.0, 0.0, 0.0, 0.0, 0.0, 0.0, 0.0, 0.0, 0.0, 0.0, 0.0, 0.0, 1.0, 1.0, 1.0, 1.0]",4.0,2.0,2.0,2.0,2.0,23,-8.9562,8.0,12.0,hrl_dqn_apf,hierarchical,dqn,-34.013,6.910,-1.459,0.00,0.00,0.00,6.862,6.328,0.380,0.00,0.00,0.00,-40.756,5.582,-2.398,0.00,0.00,0.00,4.200,4.200,4.200
2026-02-04 13:35:40,158.16,0,354,354,0.00%,80.00,0.00%,"[0, 5, 10, 15, 20, 25, 30, 35, 40, 45, 50, 55, 60, 65, 70, 75, 80, 85, 90, 95, 100]","[0, 0, 0, 0, 0, 0, 0, 0, 0, 0, 0, 0, 0, 0, 0, 0, 1613, 0, 0, 0]","[0.0, 0.0, 0.0, 0.0, 0.0, 0.0, 0.0, 0.0, 0.0, 0.0, 0.0, 0.0, 0.0, 0.0, 0.0, 0.0, 1.0, 1.0, 1.0, 1.0]",4.0,2.0,2.0,2.0,2.0,23,-8.9562,8.0,12.0,hrl_dqn_apf,hierarchical,dqn,-34.773,6.907,-1.459,0.00,0.00,0.00,7.622,6.325,0.380,0.00,0.00,0.00,-41.516,5.579,-2.399,0.00,0.00,0.00,4.200,4.200,4.200
2026-02-04 13:35:41,159.17,0,352,352,0.00%,80.29,0.06%,"[0, 5, 10, 15, 20, 25, 30, 35, 40, 45, 50, 55, 60, 65, 70, 75, 80, 85, 90, 95, 100]","[1, 0, 0, 0, 0, 0, 0, 0, 0, 0, 0, 0, 0, 1, 0, 0, 1611, 0, 0, 0]","[0.0006199628022318661, 0.0006199628022318661, 0.0006199628022318661, 0.0006199628022318661, 0.0006199628022318661, 0.0006199628022318661, 0.0006199628022318661, 0.0006199628022318661, 0.0006199628022318661, 0.0006199628022318661, 0.0006199628022318661, 0.0006199628022318661, 0.0006199628022318661, 0.0012399256044637321, 0.0012399256044637321, 0.0012399256044637321, 1.0, 1.0, 1.0, 1.0]",4.0,2.0,2.0,2.0,2.0,23,-8.9562,8.0,12.0,hrl_dqn_apf,hierarchical,dqn,-36.253,6.901,-1.459,0.00,0.00,0.00,9.103,6.319,0.380,0.00,0.00,0.00,-42.996,5.573,-2.399,0.00,0.00,0.00,4.167,4.167,4.196
2026-02-04 13:35:42,160.17,0,353,353,0.00%,80.42,0.12%,"[0, 5, 10, 15, 20, 25, 30, 35, 40, 45, 50, 55, 60, 65, 70, 75, 80, 85, 90, 95, 100]","[2, 0, 0, 0, 0, 0, 0, 0, 0, 0, 0, 0, 0, 0, 0, 0, 1611, 0, 0, 0]","[0.0012399256044637321, 0.0012399256044637321, 0.0012399256044637321, 0.0012399256044637321, 0.0012399256044637321, 0.0012399256044637321, 0.0012399256044637321, 0.0012399256044637321, 0.0012399256044637321, 0.0012399256044637321, 0.0012399256044637321, 0.0012399256044637321, 0.0012399256044637321, 0.0012399256044637321, 0.0012399256044637321, 0.0012399256044637321, 1.0, 1.0, 1.0, 1.0]",4.0,2.0,2.0,2.0,2.0,23,-8.9562,8.0,12.0,hrl_dqn_apf,hierarchical,dqn,-36.594,7.046,-1.459,0.00,0.00,0.00,9.657,6.390,0.173,0.00,0.00,0.00,-43.550,5.644,-2.606,0.00,0.00,0.00,4.164,4.164,4.193
2026-02-04 13:35:43,161.17,0,353,353,0.00%,80.60,0.12%,"[0, 5, 10, 15, 20, 25, 30, 35, 40, 45, 50, 55, 60, 65, 70, 75, 80, 85, 90, 95, 100]","[2, 0, 0, 0, 0, 0, 0, 0, 0, 0, 0, 0, 0, 0, 0, 0, 1611, 0, 0, 0]","[0.0012399256044637321, 0.0012399256044637321, 0.0012399256044637321, 0.0012399256044637321, 0.0012399256044637321, 0.0012399256044637321, 0.0012399256044637321, 0.0012399256044637321, 0.0012399256044637321, 0.0012399256044637321, 0.0012399256044637321, 0.0012399256044637321, 0.0012399256044637321, 0.0012399256044637321, 0.0012399256044637321, 0.0012399256044637321, 1.0, 1.0, 1.0, 1.0]",4.0,2.0,2.0,2.0,2.0,4,-5.92099,8.0,-12.0,hrl_dqn_apf,hierarchical,dqn,-36.204,7.082,-1.459,0.00,0.00,0.00,9.851,6.406,-0.406,0.00,0.00,0.00,-43.744,5.660,-3.185,0.00,0.00,0.00,4.161,4.161,4.190
2026-02-04 13:35:44,162.18,0,353,353,0.00%,80.74,0.19%,"[0, 5, 10, 15, 20, 25, 30, 35, 40, 45, 50, 55, 60, 65, 70, 75, 80, 85, 90, 95, 100]","[2, 0, 0, 0, 1, 0, 0, 0, 0, 0, 0, 0, 0, 0, 0, 0, 1610, 0, 0, 0]","[0.0012399256044637321, 0.0012399256044637321, 0.0012399256044637321, 0.0012399256044637321, 0.0018598884066955983, 0.0018598884066955983, 0.0018598884066955983, 0.0018598884066955983, 0.0018598884066955983, 0.0018598884066955983, 0.0018598884066955983, 0.0018598884066955983, 0.0018598884066955983, 0.0018598884066955983, 0.0018598884066955983, 0.0018598884066955983, 1.0, 1.0, 1.0, 1.0]",4.0,2.0,2.0,2.0,2.0,2,-17.76088,8.0,-12.0,hrl_dqn_apf,hierarchical,dqn,-35.568,7.082,-1.459,0.00,0.00,0.00,9.875,6.437,-1.062,0.00,0.00,0.00,-43.803,5.659,-3.876,0.00,0.00,0.00,4.158,4.158,4.187
2026-02-04 13:35:45,163.18,0,357,357,0.00%,81.03,0.25%,"[0, 5, 10, 15, 20, 25, 30, 35, 40, 45, 50, 55, 60, 65, 70, 75, 80, 85, 90, 95, 100]","[4, 0, 0, 0, 0, 0, 0, 0, 0, 0, 0, 0, 0, 0, 0, 0, 1257, 352, 0, 0]","[0.0024798512089274642, 0.0024798512089274642, 0.0024798512089274642, 0.0024798512089274642, 0.0024798512089274642, 0.0024798512089274642, 0.0024798512089274642, 0.0024798512089274642, 0.0024798512089274642, 0.0024798512089274642, 0.0024798512089274642, 0.0024798512089274642, 0.0024798512089274642, 0.0024798512089274642, 0.0024798512089274642, 0.0024798512089274642, 0.7817730936143832, 1.0, 1.0, 1.0]",4.0,2.0,2.0,2.0,2.0,2,-17.76088,8.0,-12.0,hrl_dqn_apf,hierarchical,dqn,-34.088,7.076,-1.459,0.00,0.00,0.00,8.822,6.496,-1.503,0.00,0.00,0.00,-43.827,6.163,-5.047,0.00,0.00,0.00,4.155,4.155,4.184
2026-02-04 13:35:46,164.18,0,357,357,0.00%,81.19,0.25%,"[0, 5, 10, 15, 20, 25, 30, 35, 40, 45, 50, 55, 60, 65, 70, 75, 80, 85, 90, 95, 100]","[4, 0, 0, 0, 0, 0, 0, 0, 0, 0, 0, 1, 0, 0, 0, 0, 1256, 352, 0, 0]","[0.0024798512089274642, 0.0024798512089274642, 0.0024798512089274642, 0.0024798512089274642, 0.0024798512089274642, 0.0024798512089274642, 0.0024798512089274642, 0.0024798512089274642, 0.0024798512089274642, 0.0024798512089274642, 0.0024798512089274642, 0.0030998140111593306, 0.0030998140111593306, 0.0030998140111593306, 0.0030998140111593306, 0.0030998140111593306, 0.7817730936143832, 1.0, 1.0, 1.0]",4.0,2.0,2.0,2.0,2.0,10,-29.60054,8.0,0.0,hrl_dqn_apf,hierarchical,dqn,-33.350,7.073,-1.459,0.00,0.00,0.00,8.111,6.493,-1.536,0.00,0.00,0.00,-43.829,6.561,-5.186,0.00,0.00,0.00,4.152,4.152,4.181
2026-02-04 13:35:47,165.19,0,361,361,0.00%,81.33,0.31%,"[0, 5, 10, 15, 20, 25, 30, 35, 40, 45, 50, 55, 60, 65, 70, 75, 80, 85, 90, 95, 100]","[5, 0, 0, 0, 0, 0, 0, 0, 0, 0, 0, 0, 0, 0, 0, 0, 1256, 352, 0, 0]","[0.0030998140111593306, 0.0030998140111593306, 0.0030998140111593306, 0.0030998140111593306, 0.0030998140111593306, 0.0030998140111593306, 0.0030998140111593306, 0.0030998140111593306, 0.0030998140111593306, 0.0030998140111593306, 0.0030998140111593306, 0.0030998140111593306, 0.0030998140111593306, 0.0030998140111593306, 0.0030998140111593306, 0.0030998140111593306, 0.7817730936143832, 1.0, 1.0, 1.0]",4.0,2.0,2.0,2.0,2.0,10,-29.44014,8.0,0.0,hrl_dqn_apf,hierarchical,dqn,-32.593,7.070,-1.459,0.00,0.00,0.00,7.362,6.490,-1.547,0.00,0.00,0.00,-43.727,6.718,-5.233,0.00,0.00,0.00,4.149,4.149,4.177
2026-02-04 13:35:48,166.20,0,365,365,0.00%,81.50,0.31%,"[0, 5, 10, 15, 20, 25, 30, 35, 40, 45, 50, 55, 60, 65, 70, 75, 80, 85, 90, 95, 100]","[5, 0, 0, 0, 0, 0, 0, 0, 0, 1, 0, 0, 0, 0, 0, 0, 1254, 353, 0, 0]","[0.0030998140111593306, 0.0030998140111593306, 0.0030998140111593306, 0.0030998140111593306, 0.0030998140111593306, 0.0030998140111593306, 0.0030998140111593306, 0.0030998140111593306, 0.0030998140111593306, 0.0037197768133911966, 0.0037197768133911966, 0.0037197768133911966, 0.0037197768133911966, 0.0037197768133911966, 0.0037197768133911966, 0.0037197768133911966, 0.7811531308121513, 1.0, 1.0, 1.0]",4.0,2.0,2.0,2.0,2.0,10,-29.44014,8.0,0.0,hrl_dqn_apf,hierarchical,dqn,-31.867,7.067,-1.459,0.00,0.00,0.00,6.638,6.487,-1.550,0.00,0.00,0.00,-43.247,6.724,-5.248,0.00,0.00,0.00,4.146,4.146,4.175
2026-02-04 13:35:49,167.20,0,365,365,0.00%,81.80,0.37%,"[0, 5, 10, 15, 20, 25, 30, 35, 40, 45, 50, 55, 60, 65, 70, 75, 80, 85, 90, 95, 100]","[6, 0, 0, 0, 0, 0, 1, 0, 0, 0, 0, 0, 0, 0, 0, 0, 1251, 355, 0, 0]","[0.0037197768133911966, 0.0037197768133911966, 0.0037197768133911966, 0.0037197768133911966, 0.0037197768133911966, 0.0037197768133911966, 0.0043397396156230625, 0.0043397396156230625, 0.0043397396156230625, 0.0043397396156230625, 0.0043397396156230625, 0.0043397396156230625, 0.0043397396156230625, 0.0043397396156230625, 0.0043397396156230625, 0.0043397396156230625, 0.7799132052076876, 1.0, 1.0, 1.0]",4.0,2.0,2.0,2.0,2.0,11,-23.28026,8.0,0.0,hrl_dqn_apf,hierarchical,dqn,-30.346,7.061,-1.459,0.00,0.00,0.00,5.118,6.481,-1.551,0.00,0.00,0.00,-41.823,6.714,-5.254,0.00,0.00,0.00,4.143,4.143,4.171
2026-02-04 13:35:50,168.20,0,369,369,0.00%,81.96,0.43%,"[0, 5, 10, 15, 20, 25, 30, 35, 40, 45, 50, 55, 60, 65, 70, 75, 80, 85, 90, 95, 100]","[7, 0, 0, 0, 0, 0, 0, 0, 0, 0, 0, 0, 0, 0, 0, 0, 1249, 7, 350, 0]","[0.0043397396156230625, 0.0043397396156230625, 0.0043397396156230625, 0.0043397396156230625, 0.0043397396156230625, 0.0043397396156230625, 0.0043397396156230625, 0.0043397396156230625, 0.0043397396156230625, 0.0043397396156230625, 0.0043397396156230625, 0.0043397396156230625, 0.0043397396156230625, 0.0043397396156230625, 0.0043397396156230625, 0.0043397396156230625, 0.7786732796032239, 0.7830130192188469, 1.0, 1.0]",4.0,2.0,2.0,2.0,2.0,12,-17.1199,8.0,0.0,hrl_dqn_apf,hierarchical,dqn,-29.586,7.058,-1.459,0.00,0.00,0.00,4.358,6.478,-1.551,0.00,0.00,0.00,-41.068,6.711,-5.254,0.00,0.00,0.00,4.140,4.140,4.169
2026-02-04 13:35:51,169.20,0,369,369,0.00%,82.11,0.50%,"[0, 5, 10, 15, 20, 25, 30, 35, 40, 45, 50, 55, 60, 65, 70, 75, 80, 85, 90, 95, 100]","[7, 0, 0, 1, 0, 0, 0, 0, 0, 0, 0, 0, 0, 0, 0, 0, 1248, 7, 350, 0]","[0.0043397396156230625, 0.0043397396156230625, 0.0043397396156230625, 0.0049597024178549285, 0.0049597024178549285, 0.0049597024178549285, 0.0049597024178549285, 0.0049597024178549285, 0.0049597024178549285, 0.0049597024178549285, 0.0049597024178549285, 0.0049597024178549285, 0.0049597024178549285, 0.0049597024178549285, 0.0049597024178549285, 0.0049597024178549285, 0.7786732796032239, 0.7830130192188469, 1.0, 1.0]",4.0,2.0,2.0,2.0,2.0,12,-17.1199,8.0,0.0,hrl_dqn_apf,hierarchical,dqn,-28.934,7.114,-1.348,0.00,0.00,0.00,3.597,6.475,-1.551,0.00,0.00,0.00,-40.309,6.707,-5.254,0.00,0.00,0.00,4.137,4.137,4.165
2026-02-04 13:35:52,170.21,0,369,369,0.00%,82.28,0.50%,"[0, 5, 10, 15, 20, 25, 30, 35, 40, 45, 50, 55, 60, 65, 70, 75, 80, 85, 90, 95, 100]","[8, 0, 0, 0, 0, 0, 0, 0, 0, 0, 0, 0, 0, 0, 0, 0, 1244, 11, 350, 0]","[0.0049597024178549285, 0.0049597024178549285, 0.0049597024178549285, 0.0049597024178549285, 0.0049597024178549285, 0.0049597024178549285, 0.0049597024178549285, 0.0049597024178549285, 0.0049597024178549285, 0.0049597024178549285, 0.0049597024178549285, 0.0049597024178549285, 0.0049597024178549285, 0.0049597024178549285, 0.0049597024178549285, 0.0049597024178549285, 0.7761934283942964, 0.7830130192188469, 1.0, 1.0]",4.0,2.0,2.0,2.0,2.0,3,-10.95965,8.0,-12.0,hrl_dqn_apf,hierarchical,dqn,-28.651,7.147,-0.889,0.00,0.00,0.00,2.865,6.472,-1.551,0.00,0.00,0.00,-39.578,6.704,-5.254,0.00,0.00,0.00,4.134,4.134,4.163
2026-02-04 13:35:53,171.22,0,371,371,0.00%,82.59,0.56%,"[0, 5, 10, 15, 20, 25, 30, 35, 40, 45, 50, 55, 60, 65, 70, 75, 80, 85, 90, 95, 100]","[9, 0, 0, 0, 0, 0, 0, 0, 0, 0, 0, 0, 0, 0, 1, 0, 1238, 14, 351, 0]","[0.005579665220086794, 0.005579665220086794, 0.005579665220086794, 0.005579665220086794, 0.005579665220086794, 0.005579665220086794, 0.005579665220086794, 0.005579665220086794, 0.005579665220086794, 0.005579665220086794, 0.005579665220086794, 0.005579665220086794, 0.005579665220086794, 0.005579665220086794, 0.006199628022318661, 0.006199628022318661, 0.7737135771853689, 0.782393056416615, 1.0, 1.0]",4.0,2.0,2.0,2.0,2.0,8,-10.79982,8.0,-6.0,hrl_dqn_apf,hierarchical,dqn,-27.475,7.178,-0.520,0.00,0.00,0.00,1.347,6.466,-1.551,0.00,0.00,0.00,-38.061,6.698,-5.254,0.00,0.00,0.00,4.131,4.131,4.159
2026-02-04 13:35:54,172.22,0,373,373,0.00%,82.73,0.62%,"[0, 5, 10, 15, 20, 25, 30, 35, 40, 45, 50, 55, 60, 65, 70, 75, 80, 85, 90, 95, 100]","[10, 0, 0, 0, 0, 0, 0, 0, 0, 0, 0, 0, 0, 0, 0, 0, 1236, 14, 353, 0]","[0.006199628022318661, 0.006199628022318661, 0.006199628022318661, 0.006199628022318661, 0.006199628022318661, 0.006199628022318661, 0.006199628022318661, 0.006199628022318661, 0.006199628022318661, 0.006199628022318661, 0.006199628022318661, 0.006199628022318661, 0.006199628022318661, 0.006199628022318661, 0.006199628022318661, 0.006199628022318661, 0.7724736515809052, 0.7811531308121513, 1.0, 1.0]",4.0,2.0,2.0,2.0,2.0,8,-10.79982,8.0,-6.0,hrl_dqn_apf,hierarchical,dqn,-26.736,7.175,-0.492,0.00,0.00,0.00,0.587,6.463,-1.551,0.00,0.00,0.00,-37.301,6.695,-5.254,0.00,0.00,0.00,4.128,4.128,4.156
2026-02-04 13:35:55,173.23,0,373,373,0.00%,82.90,0.62%,"[0, 5, 10, 15, 20, 25, 30, 35, 40, 45, 50, 55, 60, 65, 70, 75, 80, 85, 90, 95, 100]","[10, 0, 0, 0, 0, 0, 0, 0, 0, 0, 0, 1, 0, 0, 0, 0, 1231, 16, 7, 348]","[0.006199628022318661, 0.006199628022318661, 0.006199628022318661, 0.006199628022318661, 0.006199628022318661, 0.006199628022318661, 0.006199628022318661, 0.006199628022318661, 0.006199628022318661, 0.006199628022318661, 0.006199628022318661, 0.006819590824550527, 0.006819590824550527, 0.006819590824550527, 0.006819590824550527, 0.006819590824550527, 0.7699938003719777, 0.7799132052076876, 0.7842529448233106, 1.0]",4.0,2.0,2.0,2.0,2.0,9,-4.63926,8.0,-6.0,hrl_dqn_apf,hierarchical,dqn,-25.991,7.172,-0.483,0.00,0.00,0.00,-0.165,6.460,-1.551,0.00,0.00,0.00,-36.549,6.692,-5.254,0.00,0.00,0.00,4.125,4.125,4.153
2026-02-04 13:35:56,174.23,2,371,373,0.54%,83.09,0.81%,"[0, 5, 10, 15, 20, 25, 30, 35, 40, 45, 50, 55, 60, 65, 70, 75, 80, 85, 90, 95, 100]","[13, 0, 0, 0, 0, 0, 0, 0, 0, 0, 1, 0, 0, 0, 0, 0, 1232, 15, 7, 345]","[0.008059516429014259, 0.008059516429014259, 0.008059516429014259, 0.008059516429014259, 0.008059516429014259, 0.008059516429014259, 0.008059516429014259, 0.008059516429014259, 0.008059516429014259, 0.008059516429014259, 0.008679479231246125, 0.008679479231246125, 0.008679479231246125, 0.008679479231246125, 0.008679479231246125, 0.008679479231246125, 0.7724736515809052, 0.7817730936143832, 0.7861128332300062, 1.0]",4.0,2.0,2.0,2.0,2.0,2,-16.55894,8.0,-12.0,hrl_dqn_apf,hierarchical,dqn,-25.275,7.202,-0.519,0.00,0.00,0.00,-0.919,6.457,-1.551,0.00,0.00,0.00,-35.795,6.689,-5.254,0.00,0.00,0.00,4.122,4.122,4.150
2026-02-04 13:35:57,175.23,4,370,374,1.07%,83.19,0.93%,"[0, 5, 10, 15, 20, 25, 30, 35, 40, 45, 50, 55, 60, 65, 70, 75, 80, 85, 90, 95, 100]","[15, 0, 0, 0, 0, 0, 0, 0, 0, 0, 0, 0, 0, 0, 0, 0, 1231, 9, 12, 346]","[0.009299442033477991, 0.009299442033477991, 0.009299442033477991, 0.009299442033477991, 0.009299442033477991, 0.009299442033477991, 0.009299442033477991, 0.009299442033477991, 0.009299442033477991, 0.009299442033477991, 0.009299442033477991, 0.009299442033477991, 0.009299442033477991, 0.009299442033477991, 0.009299442033477991, 0.009299442033477991, 0.7724736515809052, 0.778053316800992, 0.7854928704277744, 1.0]",4.0,2.0,2.0,2.0,2.0,2,-16.55894,8.0,-12.0,hrl_dqn_apf,hierarchical,dqn,-24.824,7.258,-1.584,0.00,0.00,0.00,-2.417,6.451,-1.551,0.00,0.00,0.00,-34.298,6.683,-5.253,0.00,0.00,0.00,4.119,4.119,4.147
2026-02-04 13:35:58,176.24,5,371,376,1.33%,83.30,0.99%,"[0, 5, 10, 15, 20, 25, 30, 35, 40, 45, 50, 55, 60, 65, 70, 75, 80, 85, 90, 95, 100]","[15, 0, 0, 0, 1, 0, 0, 0, 0, 0, 1, 0, 0, 0, 0, 0, 1229, 9, 14, 344]","[0.009299442033477991, 0.009299442033477991, 0.009299442033477991, 0.009299442033477991, 0.009919404835709857, 0.009919404835709857, 0.009919404835709857, 0.009919404835709857, 0.009919404835709857, 0.009919404835709857, 0.010539367637941723, 0.010539367637941723, 0.010539367637941723, 0.010539367637941723, 0.010539367637941723, 0.010539367637941723, 0.7724736515809052, 0.778053316800992, 0.7867327960322381, 1.0]",4.0,2.0,2.0,2.0,2.0,6,-22.39895,8.0,-6.0,hrl_dqn_apf,hierarchical,dqn,-24.788,7.256,-2.310,0.00,0.00,0.00,-3.172,6.448,-1.551,0.00,0.00,0.00,-33.544,6.680,-5.253,0.00,0.00,0.00,4.116,4.116,4.144
2026-02-04 13:35:59,177.24,6,372,378,1.59%,83.43,1.05%,"[0, 5, 10, 15, 20, 25, 30, 35, 40, 45, 50, 55, 60, 65, 70, 75, 80, 85, 90, 95, 100]","[17, 0, 0, 0, 0, 0, 0, 0, 0, 0, 0, 0, 0, 0, 0, 0, 1225, 13, 15, 343]","[0.010539367637941723, 0.010539367637941723, 0.010539367637941723, 0.010539367637941723, 0.010539367637941723, 0.010539367637941723, 0.010539367637941723, 0.010539367637941723, 0.010539367637941723, 0.010539367637941723, 0.010539367637941723, 0.010539367637941723, 0.010539367637941723, 0.010539367637941723, 0.010539367637941723, 0.010539367637941723, 0.7699938003719777, 0.778053316800992, 0.78735275883447, 1.0]",4.0,2.0,2.0,2.0,2.0,6,-22.39895,8.0,-6.0,hrl_dqn_apf,hierarchical,dqn,-24.777,7.253,-3.069,0.00,0.00,0.00,-3.938,6.445,-1.551,0.00,0.00,0.00,-32.778,6.677,-5.253,0.00,0.00,0.00,4.113,4.113,4.141
2026-02-04 13:36:00,178.25,7,371,378,1.85%,83.54,1.12%,"[0, 5, 10, 15, 20, 25, 30, 35, 40, 45, 50, 55, 60, 65, 70, 75, 80, 85, 90, 95, 100]","[17, 0, 1, 0, 0, 0, 0, 1, 0, 0, 0, 0, 0, 0, 0, 0, 1225, 10, 13, 346]","[0.010539367637941723, 0.010539367637941723, 0.011159330440173589, 0.011159330440173589, 0.011159330440173589, 0.011159330440173589, 0.011159330440173589, 0.011779293242405457, 0.011779293242405457, 0.011779293242405457, 0.011779293242405457, 0.011779293242405457, 0.011779293242405457, 0.011779293242405457, 0.011779293242405457, 0.011779293242405457, 0.7712337259764415, 0.7774333539987601, 0.7854928704277744, 1.0]",4.0,2.0,2.0,2.0,2.0,1,-22.2387,8.0,-12.0,hrl_dqn_apf,hierarchical,dqn,-24.774,7.250,-3.841,0.00,0.00,0.00,-4.713,6.442,-1.551,0.00,0.00,0.00,-32.004,6.674,-5.253,0.00,0.00,0.00,4.110,4.110,4.138
2026-02-04 13:36:01,179.25,10,372,382,2.62%,83.77,1.30%,"[0, 5, 10, 15, 20, 25, 30, 35, 40, 45, 50, 55, 60, 65, 70, 75, 80, 85, 90, 95, 100]","[19, 1, 0, 0, 0, 1, 0, 0, 0, 0, 0, 0, 0, 0, 0, 0, 1224, 9, 15, 344]","[0.011779293242405457, 0.012399256044637322, 0.012399256044637322, 0.012399256044637322, 0.012399256044637322, 0.013019218846869188, 0.013019218846869188, 0.013019218846869188, 0.013019218846869188, 0.013019218846869188, 0.013019218846869188, 0.013019218846869188, 0.013019218846869188, 0.013019218846869188, 0.013019218846869188, 0.013019218846869188, 0.7718536887786733, 0.7774333539987601, 0.7867327960322381, 1.0]",4.0,2.0,2.0,2.0,2.0,1,-22.07887,8.0,-12.0,hrl_dqn_apf,hierarchical,dqn,-24.773,7.244,-5.353,0.00,0.00,0.00,-6.225,6.436,-1.551,0.00,0.00,0.00,-30.491,6.668,-5.253,0.00,0.00,0.00,4.107,4.107,4.135
2026-02-04 13:36:02,180.25,11,373,384,2.86%,83.90,1.36%,"[0, 5, 10, 15, 20, 25, 30, 35, 40, 45, 50, 55, 60, 65, 70, 75, 80, 85, 90, 95, 100]","[19, 2, 0, 0, 0, 1, 0, 0, 0, 0, 0, 0, 0, 0, 0, 0, 1224, 9, 9, 349]","[0.011779293242405457, 0.013019218846869188, 0.013019218846869188, 0.013019218846869188, 0.013019218846869188, 0.013639181649101054, 0.013639181649101054, 0.013639181649101054, 0.013639181649101054, 0.013639181649101054, 0.013639181649101054, 0.013639181649101054, 0.013639181649101054, 0.013639181649101054, 0.013639181649101054, 0.013639181649101054, 0.7724736515809052, 0.778053316800992, 0.7836329820210788, 1.0]",4.0,2.0,2.0,2.0,2.0,1,-22.07887,8.0,-12.0,hrl_dqn_apf,hierarchical,dqn,-24.773,7.241,-6.056,0.00,0.00,0.00,-6.547,6.485,-1.373,0.00,0.00,0.00,-29.788,6.665,-5.253,0.00,0.00,0.00,4.104,4.104,4.132
2026-02-04 13:36:03,181.26,11,371,382,2.88%,84.05,1.36%,"[0, 5, 10, 15, 20, 25, 30, 35, 40, 45, 50, 55, 60, 65, 70, 75, 80, 85, 90, 95, 100]","[18, 4, 0, 0, 0, 0, 0, 0, 0, 0, 0, 0, 1, 0, 0, 0, 1222, 11, 7, 350]","[0.011159330440173589, 0.013639181649101054, 0.013639181649101054, 0.013639181649101054, 0.013639181649101054, 0.013639181649101054, 0.013639181649101054, 0.013639181649101054, 0.013639181649101054, 0.013639181649101054, 0.013639181649101054, 0.013639181649101054, 0.01425914445133292, 0.01425914445133292, 0.01425914445133292, 0.01425914445133292, 0.7718536887786733, 0.7786732796032239, 0.7830130192188469, 1.0]",4.0,2.0,2.0,2.0,2.0,14,-3.9169400000000003,8.0,0.0,hrl_dqn_apf,hierarchical,dqn,-24.773,7.238,-6.808,0.00,0.00,0.00,-6.489,6.539,-0.926,0.00,0.00,0.00,-29.036,6.662,-5.252,0.00,0.00,0.00,4.101,4.101,4.129
2026-02-04 13:36:04,182.26,13,373,386,3.37%,84.20,1.43%,"[0, 5, 10, 15, 20, 25, 30, 35, 40, 45, 50, 55, 60, 65, 70, 75, 80, 85, 90, 95, 100]","[19, 4, 0, 0, 0, 0, 0, 0, 0, 0, 0, 0, 0, 0, 0, 0, 1220, 7, 13, 350]","[0.011779293242405457, 0.01425914445133292, 0.01425914445133292, 0.01425914445133292, 0.01425914445133292, 0.01425914445133292, 0.01425914445133292, 0.01425914445133292, 0.01425914445133292, 0.01425914445133292, 0.01425914445133292, 0.01425914445133292, 0.01425914445133292, 0.01425914445133292, 0.01425914445133292, 0.01425914445133292, 0.7706137631742096, 0.7749535027898327, 0.7830130192188469, 1.0]",4.0,2.0,2.0,2.0,2.0,15,-27.75665,8.0,6.0,hrl_dqn_apf,hierarchical,dqn,-24.734,7.279,-7.542,0.00,0.00,0.00,-5.988,6.565,-0.730,0.00,0.00,0.00,-28.356,6.704,-5.238,0.00,0.00,0.00,4.098,4.098,4.126
2026-02-04 13:36:05,183.27,15,373,388,3.87%,84.45,1.55%,"[0, 5, 10, 15, 20, 25, 30, 35, 40, 45, 50, 55, 60, 65, 70, 75, 80, 85, 90, 95, 100]","[17, 7, 1, 0, 0, 0, 0, 0, 0, 0, 0, 0, 0, 0, 0, 0, 1220, 7, 8, 353]","[0.010539367637941723, 0.014879107253564786, 0.015499070055796652, 0.015499070055796652, 0.015499070055796652, 0.015499070055796652, 0.015499070055796652, 0.015499070055796652, 0.015499070055796652, 0.015499070055796652, 0.015499070055796652, 0.015499070055796652, 0.015499070055796652, 0.015499070055796652, 0.015499070055796652, 0.015499070055796652, 0.7718536887786733, 0.7761934283942964, 0.7811531308121513, 1.0]",4.0,2.0,2.0,2.0,2.0,15,-27.75665,8.0,6.0,hrl_dqn_apf,hierarchical,dqn,-23.718,7.416,-8.435,0.00,0.00,0.00,-4.538,6.561,-0.649,0.00,0.00,0.00,-28.930,6.707,-4.784,0.00,0.00,0.00,4.095,4.095,4.123
2026-02-04 13:36:06,184.27,16,372,388,4.12%,84.54,1.61%,"[0, 5, 10, 15, 20, 25, 30, 35, 40, 45, 50, 55, 60, 65, 70, 75, 80, 85, 90, 95, 100]","[18, 5, 2, 1, 0, 0, 1, 0, 0, 0, 0, 0, 0, 0, 0, 0, 1214, 12, 9, 351]","[0.011159330440173589, 0.01425914445133292, 0.015499070055796652, 0.016119032858028518, 0.016119032858028518, 0.016119032858028518, 0.016738995660260384, 0.016738995660260384, 0.016738995660260384, 0.016738995660260384, 0.016738995660260384, 0.016738995660260384, 0.016738995660260384, 0.016738995660260384, 0.016738995660260384, 0.016738995660260384, 0.7693738375697459, 0.7768133911965283, 0.782393056416615, 1.0]",4.0,2.0,2.0,2.0,2.0,14,-3.436,8.0,0.0,hrl_dqn_apf,hierarchical,dqn,-23.268,7.528,-8.508,0.00,0.00,0.00,-3.783,6.558,-0.643,0.00,0.00,0.00,-29.354,6.734,-4.303,0.00,0.00,0.00,4.092,4.092,4.120
2026-02-04 13:36:07,185.27,17,371,388,4.38%,84.69,1.67%,"[0, 5, 10, 15, 20, 25, 30, 35, 40, 45, 50, 55, 60, 65, 70, 75, 80, 85, 90, 95, 100]","[18, 7, 2, 0, 0, 0, 0, 0, 0, 0, 0, 0, 0, 0, 0, 0, 1213, 14, 9, 350]","[0.011159330440173589, 0.015499070055796652, 0.016738995660260384, 0.016738995660260384, 0.016738995660260384, 0.016738995660260384, 0.016738995660260384, 0.016738995660260384, 0.016738995660260384, 0.016738995660260384, 0.016738995660260384, 0.016738995660260384, 0.016738995660260384, 0.016738995660260384, 0.016738995660260384, 0.016738995660260384, 0.768753874767514, 0.7774333539987601, 0.7830130192188469, 1.0]",4.0,2.0,2.0,2.0,2.0,16,-21.436,8.0,6.0,hrl_dqn_apf,hierarchical,dqn,-23.110,7.553,-8.019,0.00,0.00,0.00,-3.142,6.616,-0.518,0.00,0.00,0.00,-29.502,6.740,-3.628,0.00,0.00,0.00,4.089,4.089,4.117
2026-02-04 13:36:08,186.27,19,371,390,4.87%,84.95,1.80%,"[0, 5, 10, 15, 20, 25, 30, 35, 40, 45, 50, 55, 60, 65, 70, 75, 80, 85, 90, 95, 100]","[18, 6, 4, 1, 0, 0, 0, 0, 0, 0, 0, 0, 0, 0, 0, 0, 1209, 13, 8, 354]","[0.011159330440173589, 0.014879107253564786, 0.01735895846249225, 0.017978921264724116, 0.017978921264724116, 0.017978921264724116, 0.017978921264724116, 0.017978921264724116, 0.017978921264724116, 0.017978921264724116, 0.017978921264724116, 0.017978921264724116, 0.017978921264724116, 0.017978921264724116, 0.017978921264724116, 0.017978921264724116, 0.7675139491630503, 0.7755734655920645, 0.7805331680099195, 1.0]",4.0,2.0,2.0,2.0,2.0,16,-21.436,8.0,6.0,hrl_dqn_apf,hierarchical,dqn,-23.062,7.552,-7.360,0.00,0.00,0.00,-2.900,6.644,-0.014,0.00,0.00,0.00,-29.548,6.738,-2.917,0.00,0.00,0.00,4.086,4.086,4.114
2026-02-04 13:36:09,187.28,20,370,390,5.13%,85.05,1.86%,"[0, 5, 10, 15, 20, 25, 30, 35, 40, 45, 50, 55, 60, 65, 70, 75, 80, 85, 90, 95, 100]","[16, 7, 6, 1, 0, 0, 1, 0, 0, 0, 0, 0, 0, 0, 0, 0, 1207, 15, 7, 353]","[0.009919404835709857, 0.01425914445133292, 0.017978921264724116, 0.018598884066955982, 0.018598884066955982, 0.018598884066955982, 0.019218846869187848, 0.019218846869187848, 0.019218846869187848, 0.019218846869187848, 0.019218846869187848, 0.019218846869187848, 0.019218846869187848, 0.019218846869187848, 0.019218846869187848, 0.019218846869187848, 0.7675139491630503, 0.7768133911965283, 0.7811531308121513, 1.0]",4.0,2.0,2.0,2.0,2.0,7,-15.27566,8.0,-6.0,hrl_dqn_apf,hierarchical,dqn,-22.728,7.625,-6.216,0.00,0.00,0.00,-3.115,6.726,1.066,0.00,0.00,0.00,-29.567,6.732,-1.445,0.00,0.00,0.00,4.083,4.083,4.111
2026-02-04 13:36:10,188.28,21,370,391,5.37%,85.20,1.92%,"[0, 5, 10, 15, 20, 25, 30, 35, 40, 45, 50, 55, 60, 65, 70, 75, 80, 85, 90, 95, 100]","[18, 6, 6, 1, 0, 0, 0, 0, 0, 0, 0, 0, 0, 0, 0, 0, 1207, 15, 8, 352]","[0.011159330440173589, 0.014879107253564786, 0.018598884066955982, 0.019218846869187848, 0.019218846869187848, 0.019218846869187848, 0.019218846869187848, 0.019218846869187848, 0.019218846869187848, 0.019218846869187848, 0.019218846869187848, 0.019218846869187848, 0.019218846869187848, 0.019218846869187848, 0.019218846869187848, 0.019218846869187848, 0.7675139491630503, 0.7768133911965283, 0.7817730936143832, 1.0]",4.0,2.0,2.0,2.0,2.0,15,-27.1156,8.0,6.0,hrl_dqn_apf,hierarchical,dqn,-22.104,7.634,-6.070,0.00,0.00,0.00,-3.732,6.734,1.208,0.00,0.00,0.00,-29.569,6.729,-0.686,0.00,0.00,0.00,4.080,4.080,4.109
2026-02-04 13:36:11,189.28,22,369,391,5.63%,85.32,1.98%,"[0, 5, 10, 15, 20, 25, 30, 35, 40, 45, 50, 55, 60, 65, 70, 75, 80, 85, 90, 95, 100]","[16, 7, 7, 2, 0, 0, 0, 0, 0, 0, 0, 0, 0, 1, 0, 0, 1207, 9, 12, 352]","[0.009919404835709857, 0.01425914445133292, 0.018598884066955982, 0.019838809671419714, 0.019838809671419714, 0.019838809671419714, 0.019838809671419714, 0.019838809671419714, 0.019838809671419714, 0.019838809671419714, 0.019838809671419714, 0.019838809671419714, 0.019838809671419714, 0.02045877247365158, 0.02045877247365158, 0.02045877247365158, 0.768753874767514, 0.7743335399876008, 0.7817730936143832, 1.0]",4.0,2.0,2.0,2.0,2.0,15,-27.1156,8.0,6.0,hrl_dqn_apf,hierarchical,dqn,-21.378,7.632,-6.024,0.00,0.00,0.00,-4.455,6.732,1.252,0.00,0.00,0.00,-29.452,6.787,-0.038,0.00,0.00,0.00,4.200,4.200,4.200
2026-02-04 13:36:12,190.28,24,371,395,6.08%,85.56,2.11%,"[0, 5, 10, 15, 20, 25, 30, 35, 40, 45, 50, 55, 60, 65, 70, 75, 80, 85, 90, 95, 100]","[16, 9, 5, 4, 0, 0, 0, 0, 0, 0, 0, 1, 0, 0, 0, 0, 1201, 13, 14, 350]","[0.009919404835709857, 0.015499070055796652, 0.018598884066955982, 0.021078735275883446, 0.021078735275883446, 0.021078735275883446, 0.021078735275883446, 0.021078735275883446, 0.021078735275883446, 0.021078735275883446, 0.021078735275883446, 0.02169869807811531, 0.02169869807811531, 0.02169869807811531, 0.02169869807811531, 0.02169869807811531, 0.7662740235585865, 0.7743335399876008, 0.7830130192188469, 1.0]",4.0,2.0,2.0,2.0,2.0,15,-27.1156,8.0,6.0,hrl_dqn_apf,hierarchical,dqn,-19.872,7.545,-6.005,0.00,0.00,0.00,-5.961,6.646,1.270,0.00,0.00,0.00,-28.245,6.736,0.294,0.00,0.00,0.00,4.200,4.200,4.200
2026-02-04 13:36:13,191.29,25,370,395,6.33%,85.69,2.17%,"[0, 5, 10, 15, 20, 25, 30, 35, 40, 45, 50, 55, 60, 65, 70, 75, 80, 85, 90, 95, 100]","[18, 6, 6, 4, 1, 0, 0, 0, 0, 0, 0, 0, 0, 0, 1, 0, 1201, 10, 15, 351]","[0.011159330440173589, 0.014879107253564786, 0.018598884066955982, 0.021078735275883446, 0.02169869807811531, 0.02169869807811531, 0.02169869807811531, 0.02169869807811531, 0.02169869807811531, 0.02169869807811531, 0.02169869807811531, 0.02169869807811531, 0.02169869807811531, 0.02169869807811531, 0.022318660880347178, 0.022318660880347178, 0.7668939863608184, 0.7730936143831371, 0.782393056416615, 1.0]",4.0,2.0,2.0,2.0,2.0,15,-27.1156,8.0,6.0,hrl_dqn_apf,hierarchical,dqn,-19.109,7.520,-6.004,0.00,0.00,0.00,-6.723,6.621,1.271,0.00,0.00,0.00,-27.501,6.711,0.319,0.00,0.00,0.00,4.200,4.200,4.200
2026-02-04 13:36:14,192.29,26,367,393,6.62%,85.79,2.23%,"[0, 5, 10, 15, 20, 25, 30, 35, 40, 45, 50, 55, 60, 65, 70, 75, 80, 85, 90, 95, 100]","[17, 8, 5, 5, 1, 0, 0, 0, 1, 0, 0, 0, 0, 0, 0, 0, 1201, 8, 15, 352]","[0.010539367637941723, 0.015499070055796652, 0.018598884066955982, 0.02169869807811531, 0.022318660880347178, 0.022318660880347178, 0.022318660880347178, 0.022318660880347178, 0.022938623682579044, 0.022938623682579044, 0.022938623682579044, 0.022938623682579044, 0.022938623682579044, 0.022938623682579044, 0.022938623682579044, 0.022938623682579044, 0.7675139491630503, 0.7724736515809052, 0.7817730936143832, 1.0]",4.0,2.0,2.0,2.0,2.0,15,-27.1156,8.0,6.0,hrl_dqn_apf,hierarchical,dqn,-18.352,7.508,-6.003,0.00,0.00,0.00,-7.480,6.609,1.272,0.00,0.00,0.00,-26.749,6.698,0.327,0.00,0.00,0.00,4.200,4.200,4.200
2026-02-04 13:36:15,193.30,27,372,399,6.77%,85.93,2.29%,"[0, 5, 10, 15, 20, 25, 30, 35, 40, 45, 50, 55, 60, 65, 70, 75, 80, 85, 90, 95, 100]","[18, 6, 7, 5, 1, 0, 0, 0, 0, 0, 0, 1, 0, 0, 0, 0, 1200, 9, 15, 351]","[0.011159330440173589, 0.014879107253564786, 0.019218846869187848, 0.022318660880347178, 0.022938623682579044, 0.022938623682579044, 0.022938623682579044, 0.022938623682579044, 0.022938623682579044, 0.022938623682579044, 0.022938623682579044, 0.023558586484810913, 0.023558586484810913, 0.023558586484810913, 0.023558586484810913, 0.023558586484810913, 0.7675139491630503, 0.7730936143831371, 0.782393056416615, 1.0]",4.0,2.0,2.0,2.0,2.0,15,-27.1156,8.0,6.0,hrl_dqn_apf,hierarchical,dqn,-17.589,7.501,-6.003,0.00,0.00,0.00,-8.243,6.602,1.272,0.00,0.00,0.00,-25.987,6.691,0.330,0.00,0.00,0.00,4.200,4.200,4.200
2026-02-04 13:36:16,194.30,29,370,399,7.27%,86.15,2.42%,"[0, 5, 10, 15, 20, 25, 30, 35, 40, 45, 50, 55, 60, 65, 70, 75, 80, 85, 90, 95, 100]","[19, 6, 7, 6, 1, 0, 0, 0, 0, 1, 0, 0, 0, 0, 0, 0, 1200, 9, 7, 357]","[0.011779293242405457, 0.015499070055796652, 0.019838809671419714, 0.023558586484810913, 0.02417854928704278, 0.02417854928704278, 0.02417854928704278, 0.02417854928704278, 0.02417854928704278, 0.024798512089274645, 0.024798512089274645, 0.024798512089274645, 0.024798512089274645, 0.024798512089274645, 0.024798512089274645, 0.024798512089274645, 0.768753874767514, 0.7743335399876008, 0.7786732796032239, 1.0]",4.0,2.0,2.0,2.0,2.0,15,-27.1156,8.0,6.0,hrl_dqn_apf,hierarchical,dqn,-16.114,7.493,-6.003,0.00,0.00,0.00,-9.718,6.594,1.272,0.00,0.00,0.00,-24.513,6.683,0.331,0.00,0.00,0.00,4.200,4.200,4.200
2026-02-04 13:36:17,195.30,32,371,403,7.94%,86.23,2.54%,"[0, 5, 10, 15, 20, 25, 30, 35, 40, 45, 50, 55, 60, 65, 70, 75, 80, 85, 90, 95, 100]","[18, 7, 7, 6, 3, 0, 0, 0, 0, 0, 0, 1, 0, 0, 0, 0, 1196, 7, 13, 355]","[0.011159330440173589, 0.015499070055796652, 0.019838809671419714, 0.023558586484810913, 0.02541847489150651, 0.02541847489150651, 0.02541847489150651, 0.02541847489150651, 0.02541847489150651, 0.02541847489150651, 0.02541847489150651, 0.026038437693738377, 0.026038437693738377, 0.026038437693738377, 0.026038437693738377, 0.026038437693738377, 0.7675139491630503, 0.7718536887786733, 0.7799132052076876, 1.0]",4.0,2.0,2.0,2.0,2.0,15,-27.1156,8.0,6.0,hrl_dqn_apf,hierarchical,dqn,-15.353,7.489,-6.003,0.00,0.00,0.00,-10.479,6.590,1.272,0.00,0.00,0.00,-23.752,6.680,0.332,0.00,0.00,0.00,4.200,4.200,4.200
2026-02-04 13:36:18,196.31,33,372,405,8.15%,86.32,2.60%,"[0, 5, 10, 15, 20, 25, 30, 35, 40, 45, 50, 55, 60, 65, 70, 75, 80, 85, 90, 95, 100]","[19, 7, 7, 5, 3, 1, 0, 1, 0, 0, 0, 0, 0, 0, 0, 0, 1196, 7, 12, 355]","[0.011779293242405457, 0.016119032858028518, 0.02045877247365158, 0.023558586484810913, 0.02541847489150651, 0.026038437693738377, 0.026038437693738377, 0.026658400495970243, 0.026658400495970243, 0.026658400495970243, 0.026658400495970243, 0.026658400495970243, 0.026658400495970243, 0.026658400495970243, 0.026658400495970243, 0.026658400495970243, 0.7681339119652821, 0.7724736515809052, 0.7799132052076876, 1.0]",4.0,2.0,2.0,2.0,2.0,15,-27.1156,8.0,6.0,hrl_dqn_apf,hierarchical,dqn,-14.590,7.486,-6.003,0.00,0.00,0.00,-11.242,6.587,1.272,0.00,0.00,0.00,-22.989,6.677,0.332,0.00,0.00,0.00,4.200,4.200,4.200
2026-02-04 13:36:19,197.31,0,354,354,0.00%,80.00,0.00%,"[0, 5, 10, 15, 20, 25, 30, 35, 40, 45, 50, 55, 60, 65, 70, 75, 80, 85, 90, 95, 100]","[0, 0, 0, 0, 0, 0, 0, 0, 0, 0, 0, 0, 0, 0, 0, 0, 1613, 0, 0, 0]","[0.0, 0.0, 0.0, 0.0, 0.0, 0.0, 0.0, 0.0, 0.0, 0.0, 0.0, 0.0, 0.0, 0.0, 0.0, 0.0, 1.0, 1.0, 1.0, 1.0]",4.0,2.0,2.0,2.0,2.0,15,-27.1156,8.0,6.0,hrl_dqn_apf,hierarchical,dqn,-13.812,7.483,-6.003,0.00,0.00,0.00,-12.020,6.584,1.272,0.00,0.00,0.00,-22.211,6.674,0.332,0.00,0.00,0.00,4.200,4.200,4.200
2026-02-04 13:36:20,198.31,0,354,354,0.00%,80.00,0.00%,"[0, 5, 10, 15, 20, 25, 30, 35, 40, 45, 50, 55, 60, 65, 70, 75, 80, 85, 90, 95, 100]","[0, 0, 0, 0, 0, 0, 0, 0, 0, 0, 0, 0, 0, 0, 0, 0, 1613, 0, 0, 0]","[0.0, 0.0, 0.0, 0.0, 0.0, 0.0, 0.0, 0.0, 0.0, 0.0, 0.0, 0.0, 0.0, 0.0, 0.0, 0.0, 1.0, 1.0, 1.0, 1.0]",4.0,2.0,2.0,2.0,2.0,15,-27.1156,8.0,6.0,hrl_dqn_apf,hierarchical,dqn,-12.308,7.477,-6.003,0.00,0.00,0.00,-13.524,6.578,1.272,0.00,0.00,0.00,-20.707,6.668,0.333,0.00,0.00,0.00,4.200,4.200,4.200
2026-02-04 13:36:21,199.31,3,349,352,0.85%,80.01,0.19%,"[0, 5, 10, 15, 20, 25, 30, 35, 40, 45, 50, 55, 60, 65, 70, 75, 80, 85, 90, 95, 100]","[1, 0, 1, 0, 1, 0, 0, 1, 0, 0, 0, 0, 1, 0, 0, 0, 1608, 0, 0, 0]","[0.0006199628022318661, 0.0006199628022318661, 0.0012399256044637321, 0.0012399256044637321, 0.0018598884066955983, 0.0018598884066955983, 0.0018598884066955983, 0.0024798512089274642, 0.0024798512089274642, 0.0024798512089274642, 0.0024798512089274642, 0.0024798512089274642, 0.0030998140111593306, 0.0030998140111593306, 0.0030998140111593306, 0.0030998140111593306, 1.0, 1.0, 1.0, 1.0]",4.0,2.0,2.0,2.0,2.0,15,-27.1156,8.0,6.0,hrl_dqn_apf,hierarchical,dqn,-11.545,7.474,-6.003,0.00,0.00,0.00,-14.287,6.575,1.272,0.00,0.00,0.00,-19.944,6.665,0.333,0.00,0.00,0.00,4.200,4.200,4.200
2026-02-04 13:36:22,200.32,4,348,352,1.14%,80.10,0.25%,"[0, 5, 10, 15, 20, 25, 30, 35, 40, 45, 50, 55, 60, 65, 70, 75, 80, 85, 90, 95, 100]","[3, 0, 1, 0, 0, 0, 0, 1, 1, 0, 0, 0, 0, 0, 0, 0, 1607, 0, 0, 0]","[0.0018598884066955983, 0.0018598884066955983, 0.0024798512089274642, 0.0024798512089274642, 0.0024798512089274642, 0.0024798512089274642, 0.0024798512089274642, 0.0030998140111593306, 0.0037197768133911966, 0.0037197768133911966, 0.0037197768133911966, 0.0037197768133911966, 0.0037197768133911966, 0.0037197768133911966, 0.0037197768133911966, 0.0037197768133911966, 1.0, 1.0, 1.0, 1.0]",4.0,2.0,2.0,2.0,2.0,15,-27.1156,8.0,6.0,hrl_dqn_apf,hierarchical,dqn,-10.804,7.471,-6.003,0.00,0.00,0.00,-15.028,6.572,1.272,0.00,0.00,0.00,-19.203,6.662,0.333,0.00,0.00,0.00,4.200,4.200,4.200
2026-02-04 13:36:23,201.32,6,347,353,1.70%,80.19,0.37%,"[0, 5, 10, 15, 20, 25, 30, 35, 40, 45, 50, 55, 60, 65, 70, 75, 80, 85, 90, 95, 100]","[4, 0, 1, 1, 0, 0, 0, 1, 0, 0, 1, 0, 0, 0, 0, 0, 1605, 0, 0, 0]","[0.0024798512089274642, 0.0024798512089274642, 0.0030998140111593306, 0.0037197768133911966, 0.0037197768133911966, 0.0037197768133911966, 0.0037197768133911966, 0.0043397396156230625, 0.0043397396156230625, 0.0043397396156230625, 0.0049597024178549285, 0.0049597024178549285, 0.0049597024178549285, 0.0049597024178549285, 0.0049597024178549285, 0.0049597024178549285, 1.0, 1.0, 1.0, 1.0]",4.0,2.0,2.0,2.0,2.0,15,-27.1156,8.0,6.0,hrl_dqn_apf,hierarchical,dqn,-10.044,7.468,-6.003,0.00,0.00,0.00,-15.788,6.569,1.272,0.00,0.00,0.00,-18.443,6.659,0.334,0.00,0.00,0.00,4.200,4.200,4.200
2026-02-04 13:36:24,202.33,9,344,353,2.55%,80.37,0.56%,"[0, 5, 10, 15, 20, 25, 30, 35, 40, 45, 50, 55, 60, 65, 70, 75, 80, 85, 90, 95, 100]","[8, 0, 0, 1, 0, 0, 0, 1, 1, 0, 0, 0, 0, 0, 0, 0, 1602, 0, 0, 0]","[0.0049597024178549285, 0.0049597024178549285, 0.0049597024178549285, 0.005579665220086794, 0.005579665220086794, 0.005579665220086794, 0.005579665220086794, 0.006199628022318661, 0.006819590824550527, 0.006819590824550527, 0.006819590824550527, 0.006819590824550527, 0.006819590824550527, 0.006819590824550527, 0.006819590824550527, 0.006819590824550527, 1.0, 1.0, 1.0, 1.0]",4.0,2.0,2.0,2.0,2.0,15,-27.1156,8.0,6.0,hrl_dqn_apf,hierarchical,dqn,-9.012,7.391,-5.995,0.00,0.00,0.00,-17.257,6.468,1.272,0.00,0.00,0.00,-16.974,6.558,0.334,0.00,0.00,0.00,4.200,4.200,4.200
2026-02-04 13:36:25,203.33,10,345,355,2.82%,80.50,0.62%,"[0, 5, 10, 15, 20, 25, 30, 35, 40, 45, 50, 55, 60, 65, 70, 75, 80, 85, 90, 95, 100]","[9, 0, 0, 1, 0, 0, 0, 0, 1, 0, 0, 0, 0, 0, 2, 0, 1600, 0, 0, 0]","[0.005579665220086794, 0.005579665220086794, 0.005579665220086794, 0.006199628022318661, 0.006199628022318661, 0.006199628022318661, 0.006199628022318661, 0.006199628022318661, 0.006819590824550527, 0.006819590824550527, 0.006819590824550527, 0.006819590824550527, 0.006819590824550527, 0.006819590824550527, 0.008059516429014259, 0.008059516429014259, 1.0, 1.0, 1.0, 1.0]",4.0,2.0,2.0,2.0,2.0,15,-27.1156,8.0,6.0,hrl_dqn_apf,hierarchical,dqn,-8.312,7.376,-5.992,0.00,0.00,0.00,-18.032,6.451,1.272,0.00,0.00,0.00,-16.200,6.541,0.334,0.00,0.00,0.00,4.200,4.200,4.200
2026-02-04 13:36:26,204.33,12,345,357,3.36%,80.56,0.74%,"[0, 5, 10, 15, 20, 25, 30, 35, 40, 45, 50, 55, 60, 65, 70, 75, 80, 85, 90, 95, 100]","[11, 0, 0, 1, 0, 0, 1, 0, 1, 0, 0, 0, 0, 0, 0, 0, 1261, 338, 0, 0]","[0.006819590824550527, 0.006819590824550527, 0.006819590824550527, 0.007439553626782393, 0.007439553626782393, 0.007439553626782393, 0.008059516429014259, 0.008059516429014259, 0.008679479231246125, 0.008679479231246125, 0.008679479231246125, 0.008679479231246125, 0.008679479231246125, 0.008679479231246125, 0.008679479231246125, 0.008679479231246125, 0.7904525728456293, 1.0, 1.0, 1.0]",4.0,2.0,2.0,2.0,2.0,15,-27.1156,8.0,6.0,hrl_dqn_apf,hierarchical,dqn,-7.569,7.368,-5.991,0.00,0.00,0.00,-18.795,6.443,1.273,0.00,0.00,0.00,-15.436,6.532,0.335,0.00,0.00,0.00,4.200,4.200,4.200
2026-02-04 13:36:27,205.33,13,344,357,3.64%,80.68,0.81%,"[0, 5, 10, 15, 20, 25, 30, 35, 40, 45, 50, 55, 60, 65, 70, 75, 80, 85, 90, 95, 100]","[11, 1, 0, 1, 0, 0, 0, 0, 1, 0, 0, 1, 1, 0, 0, 0, 1261, 336, 0, 0]","[0.006819590824550527, 0.007439553626782393, 0.007439553626782393, 0.008059516429014259, 0.008059516429014259, 0.008059516429014259, 0.008059516429014259, 0.008059516429014259, 0.008679479231246125, 0.008679479231246125, 0.008679479231246125, 0.009299442033477991, 0.009919404835709857, 0.009919404835709857, 0.009919404835709857, 0.009919404835709857, 0.791692498450093, 1.0, 1.0, 1.0]",4.0,2.0,2.0,2.0,2.0,15,-27.1156,8.0,6.0,hrl_dqn_apf,hierarchical,dqn,-6.814,7.363,-5.991,0.00,0.00,0.00,-19.556,6.437,1.273,0.00,0.00,0.00,-14.676,6.527,0.335,0.00,0.00,0.00,4.200,4.200,4.200
2026-02-04 13:36:28,206.34,16,349,365,4.38%,80.86,0.99%,"[0, 5, 10, 15, 20, 25, 30, 35, 40, 45, 50, 55, 60, 65, 70, 75, 80, 85, 90, 95, 100]","[12, 3, 0, 0, 1, 0, 0, 0, 1, 2, 0, 0, 0, 0, 0, 0, 1261, 333, 0, 0]","[0.007439553626782393, 0.009299442033477991, 0.009299442033477991, 0.009299442033477991, 0.009919404835709857, 0.009919404835709857, 0.009919404835709857, 0.009919404835709857, 0.010539367637941723, 0.011779293242405457, 0.011779293242405457, 0.011779293242405457, 0.011779293242405457, 0.011779293242405457, 0.011779293242405457, 0.011779293242405457, 0.7935523868567886, 1.0, 1.0, 1.0]",4.0,2.0,2.0,2.0,2.0,15,-27.1156,8.0,6.0,hrl_dqn_apf,hierarchical,dqn,-5.283,7.356,-6.000,0.00,0.00,0.00,-21.079,6.430,1.273,0.00,0.00,0.00,-13.152,6.520,0.335,0.00,0.00,0.00,4.200,4.200,4.200
2026-02-04 13:36:29,207.34,19,344,363,5.23%,80.93,1.18%,"[0, 5, 10, 15, 20, 25, 30, 35, 40, 45, 50, 55, 60, 65, 70, 75, 80, 85, 90, 95, 100]","[12, 6, 0, 0, 1, 0, 0, 0, 0, 1, 0, 0, 0, 0, 0, 0, 1260, 333, 0, 0]","[0.007439553626782393, 0.011159330440173589, 0.011159330440173589, 0.011159330440173589, 0.011779293242405457, 0.011779293242405457, 0.011779293242405457, 0.011779293242405457, 0.011779293242405457, 0.012399256044637322, 0.012399256044637322, 0.012399256044637322, 0.012399256044637322, 0.012399256044637322, 0.012399256044637322, 0.012399256044637322, 0.7935523868567886, 1.0, 1.0, 1.0]",4.0,2.0,2.0,2.0,2.0,15,-27.1156,8.0,6.0,hrl_dqn_apf,hierarchical,dqn,-4.546,7.353,-6.000,0.00,0.00,0.00,-21.817,6.427,1.273,0.00,0.00,0.00,-12.414,6.517,0.336,0.00,0.00,0.00,4.200,4.200,4.200
2026-02-04 13:36:30,208.34,0,354,354,0.00%,80.00,0.00%,"[0, 5, 10, 15, 20, 25, 30, 35, 40, 45, 50, 55, 60, 65, 70, 75, 80, 85, 90, 95, 100]","[0, 0, 0, 0, 0, 0, 0, 0, 0, 0, 0, 0, 0, 0, 0, 0, 1613, 0, 0, 0]","[0.0, 0.0, 0.0, 0.0, 0.0, 0.0, 0.0, 0.0, 0.0, 0.0, 0.0, 0.0, 0.0, 0.0, 0.0, 0.0, 1.0, 1.0, 1.0, 1.0]",4.0,2.0,2.0,2.0,2.0,15,-27.1156,8.0,6.0,hrl_dqn_apf,hierarchical,dqn,-3.771,7.350,-6.000,0.00,0.00,0.00,-22.592,6.424,1.273,0.00,0.00,0.00,-11.640,6.513,0.336,0.00,0.00,0.00,4.200,4.200,4.200
2026-02-04 13:36:31,209.34,0,354,354,0.00%,80.00,0.00%,"[0, 5, 10, 15, 20, 25, 30, 35, 40, 45, 50, 55, 60, 65, 70, 75, 80, 85, 90, 95, 100]","[0, 0, 0, 0, 0, 0, 0, 0, 0, 0, 0, 0, 0, 0, 0, 0, 1613, 0, 0, 0]","[0.0, 0.0, 0.0, 0.0, 0.0, 0.0, 0.0, 0.0, 0.0, 0.0, 0.0, 0.0, 0.0, 0.0, 0.0, 0.0, 1.0, 1.0, 1.0, 1.0]",4.0,2.0,2.0,2.0,2.0,15,-27.1156,8.0,6.0,hrl_dqn_apf,hierarchical,dqn,-3.011,7.347,-6.000,0.00,0.00,0.00,-23.352,6.421,1.273,0.00,0.00,0.00,-10.879,6.510,0.336,0.00,0.00,0.00,4.200,4.200,4.200
2026-02-04 13:36:32,210.35,0,354,354,0.00%,80.00,0.00%,"[0, 5, 10, 15, 20, 25, 30, 35, 40, 45, 50, 55, 60, 65, 70, 75, 80, 85, 90, 95, 100]","[0, 0, 0, 0, 0, 0, 0, 0, 0, 0, 0, 0, 0, 0, 0, 0, 1613, 0, 0, 0]","[0.0, 0.0, 0.0, 0.0, 0.0, 0.0, 0.0, 0.0, 0.0, 0.0, 0.0, 0.0, 0.0, 0.0, 0.0, 0.0, 1.0, 1.0, 1.0, 1.0]",4.0,2.0,2.0,2.0,2.0,15,-27.1156,8.0,6.0,hrl_dqn_apf,hierarchical,dqn,-1.484,7.341,-6.000,0.00,0.00,0.00,-24.879,6.415,1.273,0.00,0.00,0.00,-9.352,6.504,0.337,0.00,0.00,0.00,4.200,4.200,4.200
2026-02-04 13:36:33,211.35,1,351,352,0.28%,80.00,0.12%,"[0, 5, 10, 15, 20, 25, 30, 35, 40, 45, 50, 55, 60, 65, 70, 75, 80, 85, 90, 95, 100]","[2, 0, 0, 0, 0, 0, 1, 0, 1, 0, 0, 1, 1, 0, 0, 0, 1607, 0, 0, 0]","[0.0012399256044637321, 0.0012399256044637321, 0.0012399256044637321, 0.0012399256044637321, 0.0012399256044637321, 0.0012399256044637321, 0.0018598884066955983, 0.0018598884066955983, 0.0024798512089274642, 0.0024798512089274642, 0.0024798512089274642, 0.0030998140111593306, 0.0037197768133911966, 0.0037197768133911966, 0.0037197768133911966, 0.0037197768133911966, 1.0, 1.0, 1.0, 1.0]",4.0,2.0,2.0,2.0,2.0,15,-27.1156,8.0,6.0,hrl_dqn_apf,hierarchical,dqn,-0.730,7.338,-6.000,0.00,0.00,0.00,-25.634,6.412,1.273,0.00,0.00,0.00,-8.598,6.501,0.337,0.00,0.00,0.00,4.200,4.200,4.200
2026-02-04 13:36:34,212.35,2,350,352,0.57%,80.14,0.19%,"[0, 5, 10, 15, 20, 25, 30, 35, 40, 45, 50, 55, 60, 65, 70, 75, 80, 85, 90, 95, 100]","[3, 0, 0, 0, 0, 0, 0, 0, 1, 0, 0, 1, 2, 0, 0, 0, 1606, 0, 0, 0]","[0.0018598884066955983, 0.0018598884066955983, 0.0018598884066955983, 0.0018598884066955983, 0.0018598884066955983, 0.0018598884066955983, 0.0018598884066955983, 0.0018598884066955983, 0.0024798512089274642, 0.0024798512089274642, 0.0024798512089274642, 0.0030998140111593306, 0.0043397396156230625, 0.0043397396156230625, 0.0043397396156230625, 0.0043397396156230625, 1.0, 1.0, 1.0, 1.0]",4.0,2.0,2.0,2.0,2.0,15,-27.1156,8.0,6.0,hrl_dqn_apf,hierarchical,dqn,0.031,7.334,-6.000,0.00,0.00,0.00,-26.395,6.408,1.273,0.00,0.00,0.00,-7.837,6.498,0.337,0.00,0.00,0.00,4.200,4.200,4.200
2026-02-04 13:36:35,213.36,3,350,353,0.85%,80.24,0.31%,"[0, 5, 10, 15, 20, 25, 30, 35, 40, 45, 50, 55, 60, 65, 70, 75, 80, 85, 90, 95, 100]","[4, 0, 0, 0, 1, 0, 0, 0, 1, 0, 0, 1, 0, 1, 0, 0, 1605, 0, 0, 0]","[0.0024798512089274642, 0.0024798512089274642, 0.0024798512089274642, 0.0024798512089274642, 0.0030998140111593306, 0.0030998140111593306, 0.0030998140111593306, 0.0030998140111593306, 0.0037197768133911966, 0.0037197768133911966, 0.0037197768133911966, 0.0043397396156230625, 0.0043397396156230625, 0.0049597024178549285, 0.0049597024178549285, 0.0049597024178549285, 1.0, 1.0, 1.0, 1.0]",4.0,2.0,2.0,2.0,2.0,15,-27.1156,8.0,6.0,hrl_dqn_apf,hierarchical,dqn,0.791,7.285,-6.000,0.00,0.00,0.00,-27.155,6.360,1.273,0.00,0.00,0.00,-7.077,6.450,0.337,0.00,0.00,0.00,4.200,4.200,4.200
2026-02-04 13:36:36,214.36,4,349,353,1.13%,80.48,0.43%,"[0, 5, 10, 15, 20, 25, 30, 35, 40, 45, 50, 55, 60, 65, 70, 75, 80, 85, 90, 95, 100]","[6, 0, 1, 0, 0, 0, 0, 0, 1, 0, 0, 1, 0, 1, 0, 0, 1603, 0, 0, 0]","[0.0037197768133911966, 0.0037197768133911966, 0.0043397396156230625, 0.0043397396156230625, 0.0043397396156230625, 0.0043397396156230625, 0.0043397396156230625, 0.0043397396156230625, 0.0049597024178549285, 0.0049597024178549285, 0.0049597024178549285, 0.005579665220086794, 0.005579665220086794, 0.006199628022318661, 0.006199628022318661, 0.006199628022318661, 1.0, 1.0, 1.0, 1.0]",4.0,2.0,2.0,2.0,2.0,15,-27.1156,8.0,6.0,hrl_dqn_apf,hierarchical,dqn,2.268,7.220,-6.000,0.00,0.00,0.00,-28.632,6.294,1.273,0.00,0.00,0.00,-5.600,6.384,0.338,0.00,0.00,0.00,4.200,4.200,4.200
2026-02-04 13:36:37,215.36,4,351,355,1.13%,80.62,0.43%,"[0, 5, 10, 15, 20, 25, 30, 35, 40, 45, 50, 55, 60, 65, 70, 75, 80, 85, 90, 95, 100]","[7, 0, 0, 0, 0, 0, 0, 0, 2, 0, 0, 1, 0, 1, 0, 1, 1601, 0, 0, 0]","[0.0043397396156230625, 0.0043397396156230625, 0.0043397396156230625, 0.0043397396156230625, 0.0043397396156230625, 0.0043397396156230625, 0.0043397396156230625, 0.0043397396156230625, 0.005579665220086794, 0.005579665220086794, 0.005579665220086794, 0.006199628022318661, 0.006199628022318661, 0.006819590824550527, 0.006819590824550527, 0.007439553626782393, 1.0, 1.0, 1.0, 1.0]",4.0,2.0,2.0,2.0,2.0,15,-27.1156,8.0,6.0,hrl_dqn_apf,hierarchical,dqn,3.034,7.209,-6.000,0.00,0.00,0.00,-29.398,6.284,1.273,0.00,0.00,0.00,-4.834,6.373,0.338,0.00,0.00,0.00,4.200,4.200,4.200
2026-02-04 13:36:38,216.36,5,352,357,1.40%,80.72,0.56%,"[0, 5, 10, 15, 20, 25, 30, 35, 40, 45, 50, 55, 60, 65, 70, 75, 80, 85, 90, 95, 100]","[9, 0, 0, 0, 0, 0, 0, 0, 0, 1, 0, 1, 0, 1, 0, 0, 1256, 345, 0, 0]","[0.005579665220086794, 0.005579665220086794, 0.005579665220086794, 0.005579665220086794, 0.005579665220086794, 0.005579665220086794, 0.005579665220086794, 0.005579665220086794, 0.005579665220086794, 0.006199628022318661, 0.006199628022318661, 0.006819590824550527, 0.006819590824550527, 0.007439553626782393, 0.007439553626782393, 0.007439553626782393, 0.7861128332300062, 1.0, 1.0, 1.0]",4.0,2.0,2.0,2.0,2.0,15,-27.1156,8.0,6.0,hrl_dqn_apf,hierarchical,dqn,3.789,7.203,-6.000,0.00,0.00,0.00,-30.153,6.277,1.273,0.00,0.00,0.00,-4.079,6.367,0.338,0.00,0.00,0.00,4.200,4.200,4.200
2026-02-04 13:36:39,217.37,5,352,357,1.40%,80.85,0.62%,"[0, 5, 10, 15, 20, 25, 30, 35, 40, 45, 50, 55, 60, 65, 70, 75, 80, 85, 90, 95, 100]","[9, 0, 0, 0, 0, 1, 0, 0, 0, 1, 0, 1, 0, 2, 0, 0, 1254, 345, 0, 0]","[0.005579665220086794, 0.005579665220086794, 0.005579665220086794, 0.005579665220086794, 0.005579665220086794, 0.006199628022318661, 0.006199628022318661, 0.006199628022318661, 0.006199628022318661, 0.006819590824550527, 0.006819590824550527, 0.007439553626782393, 0.007439553626782393, 0.008679479231246125, 0.008679479231246125, 0.008679479231246125, 0.7861128332300062, 1.0, 1.0, 1.0]",4.0,2.0,2.0,2.0,2.0,15,-27.1156,8.0,6.0,hrl_dqn_apf,hierarchical,dqn,4.529,7.199,-6.000,0.00,0.00,0.00,-30.894,6.273,1.273,0.00,0.00,0.00,-3.338,6.363,0.339,0.00,0.00,0.00,4.200,4.200,4.200
2026-02-04 13:36:40,218.37,6,359,365,1.64%,81.09,0.74%,"[0, 5, 10, 15, 20, 25, 30, 35, 40, 45, 50, 55, 60, 65, 70, 75, 80, 85, 90, 95, 100]","[9, 2, 1, 0, 0, 0, 0, 0, 0, 2, 0, 1, 0, 0, 1, 0, 1252, 345, 0, 0]","[0.005579665220086794, 0.006819590824550527, 0.007439553626782393, 0.007439553626782393, 0.007439553626782393, 0.007439553626782393, 0.007439553626782393, 0.007439553626782393, 0.007439553626782393, 0.008679479231246125, 0.008679479231246125, 0.009299442033477991, 0.009299442033477991, 0.009299442033477991, 0.009919404835709857, 0.009919404835709857, 0.7861128332300062, 1.0, 1.0, 1.0]",4.0,2.0,2.0,2.0,2.0,15,-27.1156,8.0,6.0,hrl_dqn_apf,hierarchical,dqn,6.050,7.192,-6.000,0.00,0.00,0.00,-32.414,6.266,1.273,0.00,0.00,0.00,-1.818,6.356,0.339,0.00,0.00,0.00,4.200,4.200,4.200
2026-02-04 13:36:41,219.38,0,354,354,0.00%,80.00,0.00%,"[0, 5, 10, 15, 20, 25, 30, 35, 40, 45, 50, 55, 60, 65, 70, 75, 80, 85, 90, 95, 100]","[0, 0, 0, 0, 0, 0, 0, 0, 0, 0, 0, 0, 0, 0, 0, 0, 1613, 0, 0, 0]","[0.0, 0.0, 0.0, 0.0, 0.0, 0.0, 0.0, 0.0, 0.0, 0.0, 0.0, 0.0, 0.0, 0.0, 0.0, 0.0, 1.0, 1.0, 1.0, 1.0]",4.0,2.0,2.0,2.0,2.0,15,-27.1156,8.0,6.0,hrl_dqn_apf,hierarchical,dqn,6.323,7.208,-6.000,0.00,0.00,0.00,-33.174,6.263,1.273,0.00,0.00,0.00,-1.057,6.353,0.339,0.00,0.00,0.00,4.200,4.200,4.200
2026-02-04 13:36:42,220.40,0,354,354,0.00%,80.00,0.00%,"[0, 5, 10, 15, 20, 25, 30, 35, 40, 45, 50, 55, 60, 65, 70, 75, 80, 85, 90, 95, 100]","[0, 0, 0, 0, 0, 0, 0, 0, 0, 0, 0, 0, 0, 0, 0, 0, 1613, 0, 0, 0]","[0.0, 0.0, 0.0, 0.0, 0.0, 0.0, 0.0, 0.0, 0.0, 0.0, 0.0, 0.0, 0.0, 0.0, 0.0, 0.0, 1.0, 1.0, 1.0, 1.0]",4.0,2.0,2.0,2.0,2.0,15,-27.1156,8.0,6.0,hrl_dqn_apf,hierarchical,dqn,6.318,7.268,-6.000,0.00,0.00,0.00,-33.954,6.260,1.273,0.00,0.00,0.00,-0.277,6.350,0.340,0.00,0.00,0.00,4.200,4.200,4.200
2026-02-04 13:36:43,221.41,0,354,354,0.00%,80.00,0.00%,"[0, 5, 10, 15, 20, 25, 30, 35, 40, 45, 50, 55, 60, 65, 70, 75, 80, 85, 90, 95, 100]","[0, 0, 0, 0, 0, 0, 0, 0, 0, 0, 0, 0, 0, 0, 0, 0, 1613, 0, 0, 0]","[0.0, 0.0, 0.0, 0.0, 0.0, 0.0, 0.0, 0.0, 0.0, 0.0, 0.0, 0.0, 0.0, 0.0, 0.0, 0.0, 1.0, 1.0, 1.0, 1.0]",4.0,2.0,2.0,2.0,2.0,15,-27.1156,8.0,6.0,hrl_dqn_apf,hierarchical,dqn,6.314,7.309,-6.000,0.00,0.00,0.00,-34.703,6.257,1.273,0.00,0.00,0.00,0.472,6.347,0.340,0.00,0.00,0.00,4.200,4.200,4.200
2026-02-04 13:36:44,222.41,0,352,352,0.00%,80.08,0.12%,"[0, 5, 10, 15, 20, 25, 30, 35, 40, 45, 50, 55, 60, 65, 70, 75, 80, 85, 90, 95, 100]","[2, 0, 0, 0, 0, 0, 0, 0, 0, 0, 0, 0, 0, 0, 0, 0, 1611, 0, 0, 0]","[0.0012399256044637321, 0.0012399256044637321, 0.0012399256044637321, 0.0012399256044637321, 0.0012399256044637321, 0.0012399256044637321, 0.0012399256044637321, 0.0012399256044637321, 0.0012399256044637321, 0.0012399256044637321, 0.0012399256044637321, 0.0012399256044637321, 0.0012399256044637321, 0.0012399256044637321, 0.0012399256044637321, 0.0012399256044637321, 1.0, 1.0, 1.0, 1.0]",4.0,2.0,2.0,2.0,2.0,15,-27.1156,8.0,6.0,hrl_dqn_apf,hierarchical,dqn,6.315,7.423,-6.000,0.00,0.00,0.00,-36.223,6.251,1.273,0.00,0.00,0.00,1.993,6.341,0.340,0.00,0.00,0.00,4.200,4.200,4.200
2026-02-04 13:36:45,223.41,0,352,352,0.00%,80.20,0.19%,"[0, 5, 10, 15, 20, 25, 30, 35, 40, 45, 50, 55, 60, 65, 70, 75, 80, 85, 90, 95, 100]","[2, 1, 0, 0, 0, 0, 0, 0, 0, 0, 0, 0, 0, 0, 0, 0, 1610, 0, 0, 0]","[0.0012399256044637321, 0.0018598884066955983, 0.0018598884066955983, 0.0018598884066955983, 0.0018598884066955983, 0.0018598884066955983, 0.0018598884066955983, 0.0018598884066955983, 0.0018598884066955983, 0.0018598884066955983, 0.0018598884066955983, 0.0018598884066955983, 0.0018598884066955983, 0.0018598884066955983, 0.0018598884066955983, 0.0018598884066955983, 1.0, 1.0, 1.0, 1.0]",4.0,2.0,2.0,2.0,2.0,15,-27.1156,8.0,6.0,hrl_dqn_apf,hierarchical,dqn,6.333,7.483,-6.000,0.00,0.00,0.00,-36.986,6.248,1.273,0.00,0.00,0.00,2.756,6.338,0.341,0.00,0.00,0.00,4.200,4.200,4.200
2026-02-04 13:36:46,224.41,0,353,353,0.00%,80.37,0.19%,"[0, 5, 10, 15, 20, 25, 30, 35, 40, 45, 50, 55, 60, 65, 70, 75, 80, 85, 90, 95, 100]","[3, 0, 0, 0, 0, 0, 0, 0, 0, 0, 0, 0, 0, 0, 1, 0, 1609, 0, 0, 0]","[0.0018598884066955983, 0.0018598884066955983, 0.0018598884066955983, 0.0018598884066955983, 0.0018598884066955983, 0.0018598884066955983, 0.0018598884066955983, 0.0018598884066955983, 0.0018598884066955983, 0.0018598884066955983, 0.0018598884066955983, 0.0018598884066955983, 0.0018598884066955983, 0.0018598884066955983, 0.0024798512089274642, 0.0024798512089274642, 1.0, 1.0, 1.0, 1.0]",4.0,2.0,2.0,2.0,2.0,15,-27.1156,8.0,6.0,hrl_dqn_apf,hierarchical,dqn,6.327,7.521,-6.000,0.00,0.00,0.00,-37.746,6.224,1.273,0.00,0.00,0.00,3.516,6.315,0.341,0.00,0.00,0.00,4.200,4.200,4.200
2026-02-04 13:36:47,225.41,0,353,353,0.00%,80.50,0.25%,"[0, 5, 10, 15, 20, 25, 30, 35, 40, 45, 50, 55, 60, 65, 70, 75, 80, 85, 90, 95, 100]","[4, 0, 0, 0, 0, 0, 0, 0, 0, 0, 0, 0, 0, 0, 0, 0, 1609, 0, 0, 0]","[0.0024798512089274642, 0.0024798512089274642, 0.0024798512089274642, 0.0024798512089274642, 0.0024798512089274642, 0.0024798512089274642, 0.0024798512089274642, 0.0024798512089274642, 0.0024798512089274642, 0.0024798512089274642, 0.0024798512089274642, 0.0024798512089274642, 0.0024798512089274642, 0.0024798512089274642, 0.0024798512089274642, 0.0024798512089274642, 1.0, 1.0, 1.0, 1.0]",4.0,2.0,2.0,2.0,2.0,15,-27.1156,8.0,6.0,hrl_dqn_apf,hierarchical,dqn,6.328,7.525,-6.000,0.00,0.00,0.00,-38.506,6.164,1.273,0.00,0.00,0.00,4.276,6.254,0.341,0.00,0.00,0.00,4.200,4.200,4.200
2026-02-04 13:36:48,226.42,0,355,355,0.00%,80.80,0.31%,"[0, 5, 10, 15, 20, 25, 30, 35, 40, 45, 50, 55, 60, 65, 70, 75, 80, 85, 90, 95, 100]","[5, 0, 0, 0, 0, 0, 0, 0, 0, 0, 0, 0, 0, 0, 0, 0, 1608, 0, 0, 0]","[0.0030998140111593306, 0.0030998140111593306, 0.0030998140111593306, 0.0030998140111593306, 0.0030998140111593306, 0.0030998140111593306, 0.0030998140111593306, 0.0030998140111593306, 0.0030998140111593306, 0.0030998140111593306, 0.0030998140111593306, 0.0030998140111593306, 0.0030998140111593306, 0.0030998140111593306, 0.0030998140111593306, 0.0030998140111593306, 1.0, 1.0, 1.0, 1.0]",4.0,2.0,2.0,2.0,2.0,15,-27.1156,8.0,6.0,hrl_dqn_apf,hierarchical,dqn,6.321,7.611,-6.000,0.00,0.00,0.00,-40.028,6.124,1.273,0.00,0.00,0.00,5.799,6.214,0.342,0.00,0.00,0.00,4.200,4.200,4.200
2026-02-04 13:36:49,227.43,0,357,357,0.00%,80.96,0.31%,"[0, 5, 10, 15, 20, 25, 30, 35, 40, 45, 50, 55, 60, 65, 70, 75, 80, 85, 90, 95, 100]","[5, 0, 0, 0, 0, 0, 0, 0, 1, 0, 0, 0, 0, 0, 0, 0, 1255, 352, 0, 0]","[0.0030998140111593306, 0.0030998140111593306, 0.0030998140111593306, 0.0030998140111593306, 0.0030998140111593306, 0.0030998140111593306, 0.0030998140111593306, 0.0030998140111593306, 0.0037197768133911966, 0.0037197768133911966, 0.0037197768133911966, 0.0037197768133911966, 0.0037197768133911966, 0.0037197768133911966, 0.0037197768133911966, 0.0037197768133911966, 0.7817730936143832, 1.0, 1.0, 1.0]",4.0,2.0,2.0,2.0,2.0,15,-27.1156,8.0,6.0,hrl_dqn_apf,hierarchical,dqn,6.320,7.664,-6.000,0.00,0.00,0.00,-40.791,6.117,1.273,0.00,0.00,0.00,6.563,6.207,0.342,0.00,0.00,0.00,4.200,4.200,4.200
2026-02-04 13:36:50,228.43,0,357,357,0.00%,81.11,0.37%,"[0, 5, 10, 15, 20, 25, 30, 35, 40, 45, 50, 55, 60, 65, 70, 75, 80, 85, 90, 95, 100]","[6, 0, 0, 0, 0, 0, 0, 0, 0, 0, 0, 0, 0, 0, 0, 0, 1255, 352, 0, 0]","[0.0037197768133911966, 0.0037197768133911966, 0.0037197768133911966, 0.0037197768133911966, 0.0037197768133911966, 0.0037197768133911966, 0.0037197768133911966, 0.0037197768133911966, 0.0037197768133911966, 0.0037197768133911966, 0.0037197768133911966, 0.0037197768133911966, 0.0037197768133911966, 0.0037197768133911966, 0.0037197768133911966, 0.0037197768133911966, 0.7817730936143832, 1.0, 1.0, 1.0]",4.0,2.0,2.0,2.0,2.0,15,-27.1156,8.0,6.0,hrl_dqn_apf,hierarchical,dqn,6.314,7.720,-6.000,0.00,0.00,0.00,-41.548,6.112,1.273,0.00,0.00,0.00,7.320,6.202,0.342,0.00,0.00,0.00,4.200,4.200,4.200
2026-02-04 13:36:51,229.44,0,361,361,0.00%,81.25,0.43%,"[0, 5, 10, 15, 20, 25, 30, 35, 40, 45, 50, 55, 60, 65, 70, 75, 80, 85, 90, 95, 100]","[6, 0, 0, 0, 0, 1, 0, 0, 0, 0, 0, 0, 0, 0, 0, 0, 1254, 352, 0, 0]","[0.0037197768133911966, 0.0037197768133911966, 0.0037197768133911966, 0.0037197768133911966, 0.0037197768133911966, 0.0043397396156230625, 0.0043397396156230625, 0.0043397396156230625, 0.0043397396156230625, 0.0043397396156230625, 0.0043397396156230625, 0.0043397396156230625, 0.0043397396156230625, 0.0043397396156230625, 0.0043397396156230625, 0.0043397396156230625, 0.7817730936143832, 1.0, 1.0, 1.0]",4.0,2.0,2.0,2.0,2.0,15,-27.1156,8.0,6.0,hrl_dqn_apf,hierarchical,dqn,6.335,7.778,-6.000,0.00,0.00,0.00,-42.291,6.109,1.274,0.00,0.00,0.00,8.064,6.198,0.342,0.00,0.00,0.00,4.200,4.200,4.200
2026-02-04 13:36:52,230.44,0,363,363,0.00%,81.56,0.50%,"[0, 5, 10, 15, 20, 25, 30, 35, 40, 45, 50, 55, 60, 65, 70, 75, 80, 85, 90, 95, 100]","[7, 0, 0, 1, 0, 0, 0, 0, 0, 0, 0, 0, 0, 0, 0, 0, 1252, 353, 0, 0]","[0.0043397396156230625, 0.0043397396156230625, 0.0043397396156230625, 0.0049597024178549285, 0.0049597024178549285, 0.0049597024178549285, 0.0049597024178549285, 0.0049597024178549285, 0.0049597024178549285, 0.0049597024178549285, 0.0049597024178549285, 0.0049597024178549285, 0.0049597024178549285, 0.0049597024178549285, 0.0049597024178549285, 0.0049597024178549285, 0.7811531308121513, 1.0, 1.0, 1.0]",4.0,2.0,2.0,2.0,2.0,15,-27.1156,8.0,6.0,hrl_dqn_apf,hierarchical,dqn,6.327,7.891,-6.000,0.00,0.00,0.00,-43.806,6.102,1.274,0.00,0.00,0.00,9.579,6.192,0.343,0.00,0.00,0.00,4.200,4.200,4.200
2026-02-04 13:36:53,231.44,0,354,354,0.00%,80.00,0.00%,"[0, 5, 10, 15, 20, 25, 30, 35, 40, 45, 50, 55, 60, 65, 70, 75, 80, 85, 90, 95, 100]","[0, 0, 0, 0, 0, 0, 0, 0, 0, 0, 0, 0, 0, 0, 0, 0, 1613, 0, 0, 0]","[0.0, 0.0, 0.0, 0.0, 0.0, 0.0, 0.0, 0.0, 0.0, 0.0, 0.0, 0.0, 0.0, 0.0, 0.0, 0.0, 1.0, 1.0, 1.0, 1.0]",4.0,2.0,2.0,2.0,2.0,15,-27.1156,8.0,6.0,hrl_dqn_apf,hierarchical,dqn,6.326,7.949,-6.000,0.00,0.00,0.00,-44.569,6.099,1.274,0.00,0.00,0.00,10.342,6.189,0.343,0.00,0.00,0.00,4.200,4.200,4.200
2026-02-04 13:36:54,232.44,0,354,354,0.00%,80.00,0.00%,"[0, 5, 10, 15, 20, 25, 30, 35, 40, 45, 50, 55, 60, 65, 70, 75, 80, 85, 90, 95, 100]","[0, 0, 0, 0, 0, 0, 0, 0, 0, 0, 0, 0, 0, 0, 0, 0, 1613, 0, 0, 0]","[0.0, 0.0, 0.0, 0.0, 0.0, 0.0, 0.0, 0.0, 0.0, 0.0, 0.0, 0.0, 0.0, 0.0, 0.0, 0.0, 1.0, 1.0, 1.0, 1.0]",4.0,2.0,2.0,2.0,2.0,15,-27.1156,8.0,6.0,hrl_dqn_apf,hierarchical,dqn,6.318,8.006,-6.000,0.00,0.00,0.00,-45.331,6.096,1.274,0.00,0.00,0.00,11.106,6.186,0.343,0.00,0.00,0.00,4.200,4.200,4.200
2026-02-04 13:36:55,233.45,0,354,354,0.00%,80.00,0.00%,"[0, 5, 10, 15, 20, 25, 30, 35, 40, 45, 50, 55, 60, 65, 70, 75, 80, 85, 90, 95, 100]","[0, 0, 0, 0, 0, 0, 0, 0, 0, 0, 0, 0, 0, 0, 0, 0, 1613, 0, 0, 0]","[0.0, 0.0, 0.0, 0.0, 0.0, 0.0, 0.0, 0.0, 0.0, 0.0, 0.0, 0.0, 0.0, 0.0, 0.0, 0.0, 1.0, 1.0, 1.0, 1.0]",4.0,2.0,2.0,2.0,2.0,15,-27.1156,8.0,6.0,hrl_dqn_apf,hierarchical,dqn,6.315,8.063,-6.000,0.00,0.00,0.00,-46.083,6.093,1.274,0.00,0.00,0.00,11.858,6.183,0.344,0.00,0.00,0.00,4.200,4.200,4.200
2026-02-04 13:36:56,234.45,0,352,352,0.00%,80.07,0.12%,"[0, 5, 10, 15, 20, 25, 30, 35, 40, 45, 50, 55, 60, 65, 70, 75, 80, 85, 90, 95, 100]","[1, 0, 0, 1, 0, 0, 0, 0, 0, 0, 0, 1, 0, 0, 0, 0, 1610, 0, 0, 0]","[0.0006199628022318661, 0.0006199628022318661, 0.0006199628022318661, 0.0012399256044637321, 0.0012399256044637321, 0.0012399256044637321, 0.0012399256044637321, 0.0012399256044637321, 0.0012399256044637321, 0.0012399256044637321, 0.0012399256044637321, 0.0018598884066955983, 0.0018598884066955983, 0.0018598884066955983, 0.0018598884066955983, 0.0018598884066955983, 1.0, 1.0, 1.0, 1.0]",4.0,2.0,2.0,2.0,2.0,15,-27.1156,8.0,6.0,hrl_dqn_apf,hierarchical,dqn,6.329,8.179,-6.000,0.00,0.00,0.00,-47.606,6.087,1.274,0.00,0.00,0.00,13.381,6.177,0.344,0.00,0.00,0.00,4.168,4.168,4.196
2026-02-04 13:36:57,235.46,0,352,352,0.00%,80.21,0.19%,"[0, 5, 10, 15, 20, 25, 30, 35, 40, 45, 50, 55, 60, 65, 70, 75, 80, 85, 90, 95, 100]","[2, 0, 0, 1, 0, 0, 0, 0, 0, 0, 0, 0, 0, 0, 0, 0, 1610, 0, 0, 0]","[0.0012399256044637321, 0.0012399256044637321, 0.0012399256044637321, 0.0018598884066955983, 0.0018598884066955983, 0.0018598884066955983, 0.0018598884066955983, 0.0018598884066955983, 0.0018598884066955983, 0.0018598884066955983, 0.0018598884066955983, 0.0018598884066955983, 0.0018598884066955983, 0.0018598884066955983, 0.0018598884066955983, 0.0018598884066955983, 1.0, 1.0, 1.0, 1.0]",4.0,2.0,2.0,2.0,2.0,15,-27.1156,8.0,6.0,hrl_dqn_apf,hierarchical,dqn,6.329,8.236,-6.000,0.00,0.00,0.00,-48.366,6.084,1.274,0.00,0.00,0.00,14.142,6.174,0.344,0.00,0.00,0.00,4.165,4.165,4.193
2026-02-04 13:36:58,236.46,0,353,353,0.00%,80.36,0.19%,"[0, 5, 10, 15, 20, 25, 30, 35, 40, 45, 50, 55, 60, 65, 70, 75, 80, 85, 90, 95, 100]","[2, 0, 0, 1, 0, 0, 0, 0, 1, 0, 0, 0, 0, 0, 0, 0, 1609, 0, 0, 0]","[0.0012399256044637321, 0.0012399256044637321, 0.0012399256044637321, 0.0018598884066955983, 0.0018598884066955983, 0.0018598884066955983, 0.0018598884066955983, 0.0018598884066955983, 0.0024798512089274642, 0.0024798512089274642, 0.0024798512089274642, 0.0024798512089274642, 0.0024798512089274642, 0.0024798512089274642, 0.0024798512089274642, 0.0024798512089274642, 1.0, 1.0, 1.0, 1.0]",4.0,2.0,2.0,2.0,2.0,14,-6.0,8.0,0.0,hrl_dqn_apf,hierarchical,dqn,6.209,8.273,-6.000,0.00,0.00,0.00,-48.958,6.150,1.103,0.00,0.00,0.00,14.735,6.240,0.174,0.00,0.00,0.00,4.162,4.162,4.190
2026-02-04 13:36:59,237.46,0,353,353,0.00%,80.51,0.25%,"[0, 5, 10, 15, 20, 25, 30, 35, 40, 45, 50, 55, 60, 65, 70, 75, 80, 85, 90, 95, 100]","[3, 0, 0, 1, 0, 0, 0, 0, 0, 0, 0, 0, 0, 0, 0, 0, 1609, 0, 0, 0]","[0.0018598884066955983, 0.0018598884066955983, 0.0018598884066955983, 0.0024798512089274642, 0.0024798512089274642, 0.0024798512089274642, 0.0024798512089274642, 0.0024798512089274642, 0.0024798512089274642, 0.0024798512089274642, 0.0024798512089274642, 0.0024798512089274642, 0.0024798512089274642, 0.0024798512089274642, 0.0024798512089274642, 0.0024798512089274642, 1.0, 1.0, 1.0, 1.0]",4.0,2.0,2.0,2.0,2.0,14,-5.840720000000001,8.0,0.0,hrl_dqn_apf,hierarchical,dqn,5.687,8.287,-6.000,0.00,0.00,0.00,-49.088,6.223,0.621,0.00,0.00,0.00,14.949,6.261,-0.388,0.00,0.00,0.00,4.159,4.159,4.187
2026-02-04 13:37:00,238.46,0,355,355,0.00%,80.75,0.37%,"[0, 5, 10, 15, 20, 25, 30, 35, 40, 45, 50, 55, 60, 65, 70, 75, 80, 85, 90, 95, 100]","[5, 0, 0, 1, 0, 0, 0, 0, 0, 0, 0, 1, 0, 0, 0, 1, 1605, 0, 0, 0]","[0.0030998140111593306, 0.0030998140111593306, 0.0030998140111593306, 0.0037197768133911966, 0.0037197768133911966, 0.0037197768133911966, 0.0037197768133911966, 0.0037197768133911966, 0.0037197768133911966, 0.0037197768133911966, 0.0037197768133911966, 0.0043397396156230625, 0.0043397396156230625, 0.0043397396156230625, 0.0043397396156230625, 0.0049597024178549285, 1.0, 1.0, 1.0, 1.0]",4.0,2.0,2.0,2.0,2.0,14,-5.840720000000001,8.0,0.0,hrl_dqn_apf,hierarchical,dqn,4.250,8.283,-6.000,0.00,0.00,0.00,-47.997,6.265,0.324,0.00,0.00,0.00,15.034,6.259,-1.838,0.00,0.00,0.00,4.156,4.156,4.184
2026-02-04 13:37:01,239.47,0,357,357,0.00%,80.84,0.50%,"[0, 5, 10, 15, 20, 25, 30, 35, 40, 45, 50, 55, 60, 65, 70, 75, 80, 85, 90, 95, 100]","[7, 0, 0, 1, 0, 0, 0, 0, 0, 0, 0, 0, 0, 0, 0, 0, 1253, 352, 0, 0]","[0.0043397396156230625, 0.0043397396156230625, 0.0043397396156230625, 0.0049597024178549285, 0.0049597024178549285, 0.0049597024178549285, 0.0049597024178549285, 0.0049597024178549285, 0.0049597024178549285, 0.0049597024178549285, 0.0049597024178549285, 0.0049597024178549285, 0.0049597024178549285, 0.0049597024178549285, 0.0049597024178549285, 0.0049597024178549285, 0.7817730936143832, 1.0, 1.0, 1.0]",4.0,2.0,2.0,2.0,2.0,11,-23.68052,8.0,0.0,hrl_dqn_apf,hierarchical,dqn,3.492,8.280,-6.000,0.00,0.00,0.00,-47.261,6.262,0.302,0.00,0.00,0.00,14.757,6.335,-2.318,0.00,0.00,0.00,4.153,4.153,4.181
2026-02-04 13:37:02,240.47,0,357,357,0.00%,80.97,0.56%,"[0, 5, 10, 15, 20, 25, 30, 35, 40, 45, 50, 55, 60, 65, 70, 75, 80, 85, 90, 95, 100]","[7, 0, 0, 2, 0, 0, 0, 0, 0, 0, 0, 0, 0, 1, 0, 0, 1251, 352, 0, 0]","[0.0043397396156230625, 0.0043397396156230625, 0.0043397396156230625, 0.005579665220086794, 0.005579665220086794, 0.005579665220086794, 0.005579665220086794, 0.005579665220086794, 0.005579665220086794, 0.005579665220086794, 0.005579665220086794, 0.005579665220086794, 0.005579665220086794, 0.006199628022318661, 0.006199628022318661, 0.006199628022318661, 0.7817730936143832, 1.0, 1.0, 1.0]",4.0,2.0,2.0,2.0,2.0,10,-29.51994,8.0,0.0,hrl_dqn_apf,hierarchical,dqn,2.750,8.277,-6.000,0.00,0.00,0.00,-46.525,6.259,0.295,0.00,0.00,0.00,14.162,6.346,-2.474,0.00,0.00,0.00,4.150,4.150,4.178
2026-02-04 13:37:03,241.47,0,361,361,0.00%,81.10,0.62%,"[0, 5, 10, 15, 20, 25, 30, 35, 40, 45, 50, 55, 60, 65, 70, 75, 80, 85, 90, 95, 100]","[9, 0, 0, 1, 0, 0, 0, 0, 0, 0, 0, 0, 0, 0, 0, 0, 1251, 352, 0, 0]","[0.005579665220086794, 0.005579665220086794, 0.005579665220086794, 0.006199628022318661, 0.006199628022318661, 0.006199628022318661, 0.006199628022318661, 0.006199628022318661, 0.006199628022318661, 0.006199628022318661, 0.006199628022318661, 0.006199628022318661, 0.006199628022318661, 0.006199628022318661, 0.006199628022318661, 0.006199628022318661, 0.7817730936143832, 1.0, 1.0, 1.0]",4.0,2.0,2.0,2.0,2.0,10,-29.51994,8.0,0.0,hrl_dqn_apf,hierarchical,dqn,1.970,8.273,-6.000,0.00,0.00,0.00,-45.746,6.256,0.292,0.00,0.00,0.00,13.425,6.344,-2.525,0.00,0.00,0.00,4.147,4.147,4.175
2026-02-04 13:37:04,242.48,0,363,363,0.00%,81.36,0.74%,"[0, 5, 10, 15, 20, 25, 30, 35, 40, 45, 50, 55, 60, 65, 70, 75, 80, 85, 90, 95, 100]","[11, 0, 0, 1, 0, 0, 0, 0, 0, 0, 0, 0, 0, 0, 0, 0, 1248, 353, 0, 0]","[0.006819590824550527, 0.006819590824550527, 0.006819590824550527, 0.007439553626782393, 0.007439553626782393, 0.007439553626782393, 0.007439553626782393, 0.007439553626782393, 0.007439553626782393, 0.007439553626782393, 0.007439553626782393, 0.007439553626782393, 0.007439553626782393, 0.007439553626782393, 0.007439553626782393, 0.007439553626782393, 0.7811531308121513, 1.0, 1.0, 1.0]",4.0,2.0,2.0,2.0,2.0,13,-11.359480000000001,8.0,0.0,hrl_dqn_apf,hierarchical,dqn,0.446,8.267,-6.001,0.00,0.00,0.00,-44.223,6.249,0.291,0.00,0.00,0.00,11.916,6.338,-2.545,0.00,0.00,0.00,4.144,4.144,4.172
2026-02-04 13:37:05,243.48,0,365,365,0.00%,81.47,0.81%,"[0, 5, 10, 15, 20, 25, 30, 35, 40, 45, 50, 55, 60, 65, 70, 75, 80, 85, 90, 95, 100]","[11, 1, 0, 1, 0, 0, 0, 1, 0, 0, 0, 0, 0, 0, 0, 0, 1244, 355, 0, 0]","[0.006819590824550527, 0.007439553626782393, 0.007439553626782393, 0.008059516429014259, 0.008059516429014259, 0.008059516429014259, 0.008059516429014259, 0.008679479231246125, 0.008679479231246125, 0.008679479231246125, 0.008679479231246125, 0.008679479231246125, 0.008679479231246125, 0.008679479231246125, 0.008679479231246125, 0.008679479231246125, 0.7799132052076876, 1.0, 1.0, 1.0]",4.0,2.0,2.0,2.0,2.0,13,-11.359480000000001,8.0,0.0,hrl_dqn_apf,hierarchical,dqn,-0.317,8.264,-6.001,0.00,0.00,0.00,-43.461,6.246,0.291,0.00,0.00,0.00,11.153,6.335,-2.547,0.00,0.00,0.00,4.141,4.141,4.169
2026-02-04 13:37:06,244.48,0,369,369,0.00%,81.62,0.87%,"[0, 5, 10, 15, 20, 25, 30, 35, 40, 45, 50, 55, 60, 65, 70, 75, 80, 85, 90, 95, 100]","[13, 0, 0, 1, 0, 0, 0, 0, 0, 0, 0, 0, 0, 0, 1, 0, 1241, 7, 350, 0]","[0.008059516429014259, 0.008059516429014259, 0.008059516429014259, 0.008679479231246125, 0.008679479231246125, 0.008679479231246125, 0.008679479231246125, 0.008679479231246125, 0.008679479231246125, 0.008679479231246125, 0.008679479231246125, 0.008679479231246125, 0.008679479231246125, 0.008679479231246125, 0.009299442033477991, 0.009299442033477991, 0.7786732796032239, 0.7830130192188469, 1.0, 1.0]",4.0,2.0,2.0,2.0,2.0,19,-5.199159999999999,8.0,6.0,hrl_dqn_apf,hierarchical,dqn,-1.075,8.261,-6.001,0.00,0.00,0.00,-42.703,6.243,0.290,0.00,0.00,0.00,10.396,6.332,-2.548,0.00,0.00,0.00,4.138,4.138,4.166
2026-02-04 13:37:07,245.48,0,369,369,0.00%,81.72,0.99%,"[0, 5, 10, 15, 20, 25, 30, 35, 40, 45, 50, 55, 60, 65, 70, 75, 80, 85, 90, 95, 100]","[14, 0, 0, 1, 1, 0, 0, 0, 0, 0, 0, 0, 0, 0, 0, 0, 1240, 7, 350, 0]","[0.008679479231246125, 0.008679479231246125, 0.008679479231246125, 0.009299442033477991, 0.009919404835709857, 0.009919404835709857, 0.009919404835709857, 0.009919404835709857, 0.009919404835709857, 0.009919404835709857, 0.009919404835709857, 0.009919404835709857, 0.009919404835709857, 0.009919404835709857, 0.009919404835709857, 0.009919404835709857, 0.7786732796032239, 0.7830130192188469, 1.0, 1.0]",4.0,2.0,2.0,2.0,2.0,19,-5.199159999999999,8.0,6.0,hrl_dqn_apf,hierarchical,dqn,-1.832,8.258,-6.001,0.00,0.00,0.00,-41.946,6.240,0.290,0.00,0.00,0.00,9.638,6.329,-2.548,0.00,0.00,0.00,4.137,4.137,4.165
