timestamp,elapsed_time,scanned_count,unscanned_count,total_count,scan_ratio,global_avg_entropy,global_scan_ratio,entropy_bins,entropy_hist,entropy_cdf,repulsion_coefficient,entropy_coefficient,distance_coefficient,leader_range_coefficient,direction_retention_coefficient,hl_action,hl_goal_x,hl_goal_y,hl_goal_z,algorithm_type,env_type,control_mode,UAV1_x,UAV1_y,UAV1_z,UAV1_roll,UAV1_pitch,UAV1_yaw,UAV2_x,UAV2_y,UAV2_z,UAV2_roll,UAV2_pitch,UAV2_yaw,UAV3_x,UAV3_y,UAV3_z,UAV3_roll,UAV3_pitch,UAV3_yaw,UAV1_battery_voltage,UAV2_battery_voltage,UAV3_battery_voltage
2026-02-04 20:35:28,1.00,4,348,352,1.14%,79.98,0.25%,"[0, 5, 10, 15, 20, 25, 30, 35, 40, 45, 50, 55, 60, 65, 70, 75, 80, 85, 90, 95, 100]","[4, 0, 0, 0, 0, 0, 0, 0, 0, 0, 0, 0, 0, 0, 0, 0, 1609, 0, 0, 0]","[0.0024798512089274642, 0.0024798512089274642, 0.0024798512089274642, 0.0024798512089274642, 0.0024798512089274642, 0.0024798512089274642, 0.0024798512089274642, 0.0024798512089274642, 0.0024798512089274642, 0.0024798512089274642, 0.0024798512089274642, 0.0024798512089274642, 0.0024798512089274642, 0.0024798512089274642, 0.0024798512089274642, 0.0024798512089274642, 1.0, 1.0, 1.0, 1.0]",4.0,2.0,2.0,2.0,2.0,,,,,hrl_dqn_apf,hierarchical,dqn,-10.001,1.577,-0.760,0.00,0.00,0.00,-14.299,1.543,-0.590,0.00,0.00,0.00,-20.110,1.536,-0.590,0.00,0.00,0.00,4.200,4.200,4.200
2026-02-04 20:35:29,2.01,4,348,352,1.14%,80.15,0.25%,"[0, 5, 10, 15, 20, 25, 30, 35, 40, 45, 50, 55, 60, 65, 70, 75, 80, 85, 90, 95, 100]","[4, 0, 0, 0, 0, 0, 0, 0, 0, 0, 0, 0, 0, 0, 0, 0, 1609, 0, 0, 0]","[0.0024798512089274642, 0.0024798512089274642, 0.0024798512089274642, 0.0024798512089274642, 0.0024798512089274642, 0.0024798512089274642, 0.0024798512089274642, 0.0024798512089274642, 0.0024798512089274642, 0.0024798512089274642, 0.0024798512089274642, 0.0024798512089274642, 0.0024798512089274642, 0.0024798512089274642, 0.0024798512089274642, 0.0024798512089274642, 1.0, 1.0, 1.0, 1.0]",4.0,2.0,2.0,2.0,2.0,,,,,hrl_dqn_apf,hierarchical,dqn,-10.001,1.577,-0.760,0.00,0.00,0.00,-14.299,1.543,-0.590,0.00,0.00,0.00,-20.110,1.540,-0.590,0.00,0.00,0.00,4.200,4.200,4.200
2026-02-04 20:35:30,3.01,4,349,353,1.13%,80.32,0.25%,"[0, 5, 10, 15, 20, 25, 30, 35, 40, 45, 50, 55, 60, 65, 70, 75, 80, 85, 90, 95, 100]","[4, 0, 0, 0, 0, 0, 0, 0, 0, 0, 0, 0, 0, 0, 0, 0, 1609, 0, 0, 0]","[0.0024798512089274642, 0.0024798512089274642, 0.0024798512089274642, 0.0024798512089274642, 0.0024798512089274642, 0.0024798512089274642, 0.0024798512089274642, 0.0024798512089274642, 0.0024798512089274642, 0.0024798512089274642, 0.0024798512089274642, 0.0024798512089274642, 0.0024798512089274642, 0.0024798512089274642, 0.0024798512089274642, 0.0024798512089274642, 1.0, 1.0, 1.0, 1.0]",4.0,2.0,2.0,2.0,2.0,,,,,hrl_dqn_apf,hierarchical,dqn,-10.001,1.577,-0.760,0.00,0.00,0.00,-14.299,1.543,-0.590,0.00,0.00,0.00,-20.110,1.542,-0.590,0.00,0.00,0.00,4.200,4.200,4.200
2026-02-04 20:35:31,4.01,4,349,353,1.13%,80.66,0.25%,"[0, 5, 10, 15, 20, 25, 30, 35, 40, 45, 50, 55, 60, 65, 70, 75, 80, 85, 90, 95, 100]","[4, 0, 0, 0, 0, 0, 0, 0, 0, 0, 0, 0, 0, 0, 0, 0, 1609, 0, 0, 0]","[0.0024798512089274642, 0.0024798512089274642, 0.0024798512089274642, 0.0024798512089274642, 0.0024798512089274642, 0.0024798512089274642, 0.0024798512089274642, 0.0024798512089274642, 0.0024798512089274642, 0.0024798512089274642, 0.0024798512089274642, 0.0024798512089274642, 0.0024798512089274642, 0.0024798512089274642, 0.0024798512089274642, 0.0024798512089274642, 1.0, 1.0, 1.0, 1.0]",4.0,2.0,2.0,2.0,2.0,6,-23.68134,8.0,-6.0,hrl_dqn_apf,hierarchical,dqn,-9.997,1.568,-0.760,0.00,0.00,0.00,-14.303,1.533,-0.590,0.00,0.00,0.00,-20.110,1.534,-0.594,0.00,0.00,0.00,4.197,4.197,4.197
2026-02-04 20:35:32,5.02,4,351,355,1.13%,80.81,0.25%,"[0, 5, 10, 15, 20, 25, 30, 35, 40, 45, 50, 55, 60, 65, 70, 75, 80, 85, 90, 95, 100]","[4, 0, 0, 0, 0, 0, 1, 0, 0, 0, 0, 0, 0, 0, 0, 0, 1608, 0, 0, 0]","[0.0024798512089274642, 0.0024798512089274642, 0.0024798512089274642, 0.0024798512089274642, 0.0024798512089274642, 0.0024798512089274642, 0.0030998140111593306, 0.0030998140111593306, 0.0030998140111593306, 0.0030998140111593306, 0.0030998140111593306, 0.0030998140111593306, 0.0030998140111593306, 0.0030998140111593306, 0.0030998140111593306, 0.0030998140111593306, 1.0, 1.0, 1.0, 1.0]",4.0,2.0,2.0,2.0,2.0,4,-5.60136,8.0,-12.0,hrl_dqn_apf,hierarchical,dqn,-9.688,1.547,-0.772,0.00,0.00,0.00,-14.612,1.506,-0.578,0.00,0.00,0.00,-20.110,1.510,-0.903,0.00,0.00,0.00,4.194,4.194,4.194
2026-02-04 20:35:33,6.03,7,350,357,1.96%,80.88,0.43%,"[0, 5, 10, 15, 20, 25, 30, 35, 40, 45, 50, 55, 60, 65, 70, 75, 80, 85, 90, 95, 100]","[4, 2, 0, 1, 0, 0, 0, 0, 0, 0, 0, 0, 0, 0, 0, 0, 1261, 345, 0, 0]","[0.0024798512089274642, 0.0037197768133911966, 0.0037197768133911966, 0.0043397396156230625, 0.0043397396156230625, 0.0043397396156230625, 0.0043397396156230625, 0.0043397396156230625, 0.0043397396156230625, 0.0043397396156230625, 0.0043397396156230625, 0.0043397396156230625, 0.0043397396156230625, 0.0043397396156230625, 0.0043397396156230625, 0.0043397396156230625, 0.7861128332300062, 1.0, 1.0, 1.0]",4.0,2.0,2.0,2.0,2.0,10,-29.521,8.0,0.0,hrl_dqn_apf,hierarchical,dqn,-9.066,1.528,-0.797,0.00,0.00,0.00,-15.234,1.481,-0.553,0.00,0.00,0.00,-20.110,1.861,-1.337,0.00,0.00,0.00,4.191,4.191,4.191
2026-02-04 20:35:34,7.03,7,350,357,1.96%,81.00,0.43%,"[0, 5, 10, 15, 20, 25, 30, 35, 40, 45, 50, 55, 60, 65, 70, 75, 80, 85, 90, 95, 100]","[6, 0, 1, 0, 0, 0, 1, 0, 0, 0, 0, 0, 0, 0, 0, 0, 1261, 344, 0, 0]","[0.0037197768133911966, 0.0037197768133911966, 0.0043397396156230625, 0.0043397396156230625, 0.0043397396156230625, 0.0043397396156230625, 0.0049597024178549285, 0.0049597024178549285, 0.0049597024178549285, 0.0049597024178549285, 0.0049597024178549285, 0.0049597024178549285, 0.0049597024178549285, 0.0049597024178549285, 0.0049597024178549285, 0.0049597024178549285, 0.7867327960322381, 1.0, 1.0, 1.0]",4.0,2.0,2.0,2.0,2.0,14,-5.440670000000001,8.0,0.0,hrl_dqn_apf,hierarchical,dqn,-8.445,1.793,-0.823,0.00,0.00,0.00,-15.855,1.743,-0.527,0.00,0.00,0.00,-20.110,2.262,-1.496,0.00,0.00,0.00,4.188,4.188,4.188
2026-02-04 20:35:35,8.03,10,355,365,2.74%,81.24,0.62%,"[0, 5, 10, 15, 20, 25, 30, 35, 40, 45, 50, 55, 60, 65, 70, 75, 80, 85, 90, 95, 100]","[8, 1, 1, 0, 0, 0, 0, 0, 0, 0, 0, 0, 0, 0, 0, 0, 1261, 342, 0, 0]","[0.0049597024178549285, 0.005579665220086794, 0.006199628022318661, 0.006199628022318661, 0.006199628022318661, 0.006199628022318661, 0.006199628022318661, 0.006199628022318661, 0.006199628022318661, 0.006199628022318661, 0.006199628022318661, 0.006199628022318661, 0.006199628022318661, 0.006199628022318661, 0.006199628022318661, 0.006199628022318661, 0.7879727216367018, 1.0, 1.0, 1.0]",4.0,2.0,2.0,2.0,2.0,0,-29.36208,8.0,-12.0,hrl_dqn_apf,hierarchical,dqn,-8.113,2.626,-0.837,0.00,0.00,0.00,-15.755,2.007,-0.411,0.00,0.00,0.00,-20.555,2.603,-1.665,0.00,0.00,0.00,4.185,4.185,4.185
2026-02-04 20:35:36,9.03,11,352,363,3.03%,81.34,0.68%,"[0, 5, 10, 15, 20, 25, 30, 35, 40, 45, 50, 55, 60, 65, 70, 75, 80, 85, 90, 95, 100]","[9, 1, 1, 0, 0, 0, 0, 0, 0, 0, 1, 0, 0, 0, 0, 0, 1260, 341, 0, 0]","[0.005579665220086794, 0.006199628022318661, 0.006819590824550527, 0.006819590824550527, 0.006819590824550527, 0.006819590824550527, 0.006819590824550527, 0.006819590824550527, 0.006819590824550527, 0.006819590824550527, 0.007439553626782393, 0.007439553626782393, 0.007439553626782393, 0.007439553626782393, 0.007439553626782393, 0.007439553626782393, 0.7885926844389337, 1.0, 1.0, 1.0]",4.0,2.0,2.0,2.0,2.0,18,-11.19791,8.0,6.0,hrl_dqn_apf,hierarchical,dqn,-8.090,3.023,-0.838,0.00,0.00,0.00,-15.136,1.955,-0.252,0.00,0.00,0.00,-21.199,2.647,-1.829,0.00,0.00,0.00,4.182,4.182,4.182
2026-02-04 20:35:37,10.03,12,353,365,3.29%,81.46,0.74%,"[0, 5, 10, 15, 20, 25, 30, 35, 40, 45, 50, 55, 60, 65, 70, 75, 80, 85, 90, 95, 100]","[10, 1, 1, 0, 0, 0, 0, 0, 0, 0, 1, 0, 0, 0, 0, 0, 1258, 342, 0, 0]","[0.006199628022318661, 0.006819590824550527, 0.007439553626782393, 0.007439553626782393, 0.007439553626782393, 0.007439553626782393, 0.007439553626782393, 0.007439553626782393, 0.007439553626782393, 0.007439553626782393, 0.008059516429014259, 0.008059516429014259, 0.008059516429014259, 0.008059516429014259, 0.008059516429014259, 0.008059516429014259, 0.7879727216367018, 1.0, 1.0, 1.0]",4.0,2.0,2.0,2.0,2.0,5,-29.11752,8.0,-6.0,hrl_dqn_apf,hierarchical,dqn,-8.082,3.421,-0.838,0.00,0.00,0.00,-14.630,2.343,-0.119,0.00,0.00,0.00,-21.715,3.047,-1.964,0.00,0.00,0.00,4.179,4.179,4.179
2026-02-04 20:35:38,11.04,13,356,369,3.52%,81.61,0.81%,"[0, 5, 10, 15, 20, 25, 30, 35, 40, 45, 50, 55, 60, 65, 70, 75, 80, 85, 90, 95, 100]","[9, 3, 1, 0, 0, 0, 0, 0, 0, 0, 0, 0, 0, 0, 0, 0, 1256, 7, 337, 0]","[0.005579665220086794, 0.007439553626782393, 0.008059516429014259, 0.008059516429014259, 0.008059516429014259, 0.008059516429014259, 0.008059516429014259, 0.008059516429014259, 0.008059516429014259, 0.008059516429014259, 0.008059516429014259, 0.008059516429014259, 0.008059516429014259, 0.008059516429014259, 0.008059516429014259, 0.008059516429014259, 0.7867327960322381, 0.7910725356478612, 1.0, 1.0]",4.0,2.0,2.0,2.0,2.0,3,-11.03789,8.0,-12.0,hrl_dqn_apf,hierarchical,dqn,-8.080,3.817,-0.838,0.00,0.00,0.00,-14.455,2.759,-0.072,0.00,0.00,0.00,-21.893,3.458,-2.012,0.00,0.00,0.00,4.176,4.176,4.176
2026-02-04 20:35:39,12.04,13,356,369,3.52%,81.97,0.81%,"[0, 5, 10, 15, 20, 25, 30, 35, 40, 45, 50, 55, 60, 65, 70, 75, 80, 85, 90, 95, 100]","[8, 3, 1, 1, 0, 0, 0, 0, 0, 0, 0, 0, 0, 0, 0, 0, 1252, 11, 337, 0]","[0.0049597024178549285, 0.006819590824550527, 0.007439553626782393, 0.008059516429014259, 0.008059516429014259, 0.008059516429014259, 0.008059516429014259, 0.008059516429014259, 0.008059516429014259, 0.008059516429014259, 0.008059516429014259, 0.008059516429014259, 0.008059516429014259, 0.008059516429014259, 0.008059516429014259, 0.008059516429014259, 0.7842529448233106, 0.7910725356478612, 1.0, 1.0]",4.0,2.0,2.0,2.0,2.0,0,-28.87762,8.0,-12.0,hrl_dqn_apf,hierarchical,dqn,-8.079,4.620,-0.838,0.00,0.00,0.00,-14.383,3.569,-0.052,0.00,0.00,0.00,-21.965,4.266,-2.031,0.00,0.00,0.00,4.173,4.173,4.173
2026-02-04 20:35:40,13.05,13,356,369,3.52%,82.16,0.81%,"[0, 5, 10, 15, 20, 25, 30, 35, 40, 45, 50, 55, 60, 65, 70, 75, 80, 85, 90, 95, 100]","[8, 3, 1, 1, 0, 0, 0, 0, 0, 0, 0, 0, 0, 0, 0, 0, 1250, 12, 338, 0]","[0.0049597024178549285, 0.006819590824550527, 0.007439553626782393, 0.008059516429014259, 0.008059516429014259, 0.008059516429014259, 0.008059516429014259, 0.008059516429014259, 0.008059516429014259, 0.008059516429014259, 0.008059516429014259, 0.008059516429014259, 0.008059516429014259, 0.008059516429014259, 0.008059516429014259, 0.008059516429014259, 0.7830130192188469, 0.7904525728456293, 1.0, 1.0]",4.0,2.0,2.0,2.0,2.0,22,-16.79726,8.0,12.0,hrl_dqn_apf,hierarchical,dqn,-8.079,5.017,-0.838,0.00,0.00,0.00,-14.378,3.967,-0.051,0.00,0.00,0.00,-21.970,4.664,-2.033,0.00,0.00,0.00,4.170,4.170,4.170
2026-02-04 20:35:41,14.05,13,360,373,3.49%,82.34,0.81%,"[0, 5, 10, 15, 20, 25, 30, 35, 40, 45, 50, 55, 60, 65, 70, 75, 80, 85, 90, 95, 100]","[6, 5, 1, 1, 0, 0, 0, 0, 0, 0, 0, 0, 0, 0, 0, 0, 1248, 14, 338, 0]","[0.0037197768133911966, 0.006819590824550527, 0.007439553626782393, 0.008059516429014259, 0.008059516429014259, 0.008059516429014259, 0.008059516429014259, 0.008059516429014259, 0.008059516429014259, 0.008059516429014259, 0.008059516429014259, 0.008059516429014259, 0.008059516429014259, 0.008059516429014259, 0.008059516429014259, 0.008059516429014259, 0.7817730936143832, 0.7904525728456293, 1.0, 1.0]",4.0,2.0,2.0,2.0,2.0,7,-16.71733,8.0,-6.0,hrl_dqn_apf,hierarchical,dqn,-8.079,5.414,-0.838,0.00,0.00,0.00,-14.377,4.365,-0.050,0.00,0.00,0.00,-21.972,5.061,-2.033,0.00,0.00,0.00,4.167,4.167,4.167
2026-02-04 20:35:42,15.05,13,360,373,3.49%,82.52,0.81%,"[0, 5, 10, 15, 20, 25, 30, 35, 40, 45, 50, 55, 60, 65, 70, 75, 80, 85, 90, 95, 100]","[5, 6, 1, 1, 0, 0, 0, 0, 0, 0, 0, 0, 0, 0, 0, 0, 1246, 14, 340, 0]","[0.0030998140111593306, 0.006819590824550527, 0.007439553626782393, 0.008059516429014259, 0.008059516429014259, 0.008059516429014259, 0.008059516429014259, 0.008059516429014259, 0.008059516429014259, 0.008059516429014259, 0.008059516429014259, 0.008059516429014259, 0.008059516429014259, 0.008059516429014259, 0.008059516429014259, 0.008059516429014259, 0.7805331680099195, 0.7892126472411656, 1.0, 1.0]",4.0,2.0,2.0,2.0,2.0,21,-22.63721,8.0,12.0,hrl_dqn_apf,hierarchical,dqn,-8.079,5.810,-0.838,0.00,0.00,0.00,-14.376,4.761,-0.050,0.00,0.00,0.00,-21.972,5.457,-2.033,0.00,0.00,0.00,4.164,4.164,4.164
2026-02-04 20:35:43,16.05,13,360,373,3.49%,82.89,0.81%,"[0, 5, 10, 15, 20, 25, 30, 35, 40, 45, 50, 55, 60, 65, 70, 75, 80, 85, 90, 95, 100]","[3, 6, 2, 1, 1, 0, 0, 0, 0, 0, 0, 0, 0, 0, 0, 0, 1242, 16, 7, 335]","[0.0018598884066955983, 0.005579665220086794, 0.006819590824550527, 0.007439553626782393, 0.008059516429014259, 0.008059516429014259, 0.008059516429014259, 0.008059516429014259, 0.008059516429014259, 0.008059516429014259, 0.008059516429014259, 0.008059516429014259, 0.008059516429014259, 0.008059516429014259, 0.008059516429014259, 0.008059516429014259, 0.778053316800992, 0.7879727216367018, 0.7923124612523249, 1.0]",4.0,2.0,2.0,2.0,2.0,9,-4.476690000000001,8.0,-6.0,hrl_dqn_apf,hierarchical,dqn,-8.079,6.542,-0.843,0.00,0.00,0.00,-14.376,5.553,-0.050,0.00,0.00,0.00,-21.972,6.250,-2.033,0.00,0.00,0.00,4.161,4.161,4.161
2026-02-04 20:35:44,17.06,13,361,374,3.48%,83.07,0.81%,"[0, 5, 10, 15, 20, 25, 30, 35, 40, 45, 50, 55, 60, 65, 70, 75, 80, 85, 90, 95, 100]","[3, 5, 3, 1, 1, 0, 0, 0, 0, 0, 0, 0, 0, 0, 0, 0, 1242, 16, 7, 335]","[0.0018598884066955983, 0.0049597024178549285, 0.006819590824550527, 0.007439553626782393, 0.008059516429014259, 0.008059516429014259, 0.008059516429014259, 0.008059516429014259, 0.008059516429014259, 0.008059516429014259, 0.008059516429014259, 0.008059516429014259, 0.008059516429014259, 0.008059516429014259, 0.008059516429014259, 0.008059516429014259, 0.778053316800992, 0.7879727216367018, 0.7923124612523249, 1.0]",4.0,2.0,2.0,2.0,2.0,2,-16.3969,8.0,-12.0,hrl_dqn_apf,hierarchical,dqn,-8.079,6.564,-1.161,0.00,0.00,0.00,-14.376,5.950,-0.050,0.00,0.00,0.00,-21.972,6.647,-2.033,0.00,0.00,0.00,4.158,4.158,4.158
2026-02-04 20:35:45,18.06,13,361,374,3.48%,83.26,0.81%,"[0, 5, 10, 15, 20, 25, 30, 35, 40, 45, 50, 55, 60, 65, 70, 75, 80, 85, 90, 95, 100]","[3, 5, 3, 1, 1, 0, 0, 0, 0, 0, 0, 0, 0, 0, 0, 0, 1242, 10, 12, 336]","[0.0018598884066955983, 0.0049597024178549285, 0.006819590824550527, 0.007439553626782393, 0.008059516429014259, 0.008059516429014259, 0.008059516429014259, 0.008059516429014259, 0.008059516429014259, 0.008059516429014259, 0.008059516429014259, 0.008059516429014259, 0.008059516429014259, 0.008059516429014259, 0.008059516429014259, 0.008059516429014259, 0.778053316800992, 0.7842529448233106, 0.791692498450093, 1.0]",4.0,2.0,2.0,2.0,2.0,22,-16.31687,8.0,12.0,hrl_dqn_apf,hierarchical,dqn,-8.078,6.564,-1.635,0.00,0.00,0.00,-14.376,6.346,-0.050,0.00,0.00,0.00,-21.972,6.704,-2.234,0.00,0.00,0.00,4.155,4.155,4.155
2026-02-04 20:35:46,19.06,14,362,376,3.72%,83.40,0.87%,"[0, 5, 10, 15, 20, 25, 30, 35, 40, 45, 50, 55, 60, 65, 70, 75, 80, 85, 90, 95, 100]","[3, 3, 5, 2, 1, 0, 0, 0, 0, 0, 0, 0, 0, 0, 0, 0, 1240, 10, 14, 335]","[0.0018598884066955983, 0.0037197768133911966, 0.006819590824550527, 0.008059516429014259, 0.008679479231246125, 0.008679479231246125, 0.008679479231246125, 0.008679479231246125, 0.008679479231246125, 0.008679479231246125, 0.008679479231246125, 0.008679479231246125, 0.008679479231246125, 0.008679479231246125, 0.008679479231246125, 0.008679479231246125, 0.7774333539987601, 0.7836329820210788, 0.7923124612523249, 1.0]",4.0,2.0,2.0,2.0,2.0,15,-28.15615,8.0,6.0,hrl_dqn_apf,hierarchical,dqn,-8.078,6.635,-1.927,0.00,0.00,0.00,-14.376,6.501,0.054,0.00,0.00,0.00,-21.972,6.703,-2.816,0.00,0.00,0.00,4.152,4.152,4.152
2026-02-04 20:35:47,20.06,16,362,378,4.23%,83.61,0.99%,"[0, 5, 10, 15, 20, 25, 30, 35, 40, 45, 50, 55, 60, 65, 70, 75, 80, 85, 90, 95, 100]","[7, 1, 5, 2, 1, 0, 0, 0, 0, 0, 0, 0, 0, 0, 1, 0, 1236, 10, 14, 336]","[0.0043397396156230625, 0.0049597024178549285, 0.008059516429014259, 0.009299442033477991, 0.009919404835709857, 0.009919404835709857, 0.009919404835709857, 0.009919404835709857, 0.009919404835709857, 0.009919404835709857, 0.009919404835709857, 0.009919404835709857, 0.009919404835709857, 0.009919404835709857, 0.010539367637941723, 0.010539367637941723, 0.7768133911965283, 0.7830130192188469, 0.791692498450093, 1.0]",4.0,2.0,2.0,2.0,2.0,1,-22.07588,8.0,-12.0,hrl_dqn_apf,hierarchical,dqn,-8.552,6.722,-1.412,0.00,0.00,0.00,-14.382,6.507,1.249,0.00,0.00,0.00,-21.972,6.693,-4.271,0.00,0.00,0.00,4.149,4.149,4.149
2026-02-04 20:35:48,21.06,17,363,380,4.47%,83.75,1.05%,"[0, 5, 10, 15, 20, 25, 30, 35, 40, 45, 50, 55, 60, 65, 70, 75, 80, 85, 90, 95, 100]","[8, 0, 5, 3, 1, 0, 0, 0, 0, 0, 0, 0, 0, 0, 0, 0, 1236, 8, 16, 336]","[0.0049597024178549285, 0.0049597024178549285, 0.008059516429014259, 0.009919404835709857, 0.010539367637941723, 0.010539367637941723, 0.010539367637941723, 0.010539367637941723, 0.010539367637941723, 0.010539367637941723, 0.010539367637941723, 0.010539367637941723, 0.010539367637941723, 0.010539367637941723, 0.010539367637941723, 0.010539367637941723, 0.7768133911965283, 0.7817730936143832, 0.791692498450093, 1.0]",4.0,2.0,2.0,2.0,2.0,8,-9.99559,8.0,-6.0,hrl_dqn_apf,hierarchical,dqn,-9.235,6.723,-1.341,0.00,0.00,0.00,-14.722,6.573,1.676,0.00,0.00,0.00,-21.972,6.689,-5.048,0.00,0.00,0.00,4.146,4.146,4.146
2026-02-04 20:35:49,22.07,17,365,382,4.45%,83.86,1.05%,"[0, 5, 10, 15, 20, 25, 30, 35, 40, 45, 50, 55, 60, 65, 70, 75, 80, 85, 90, 95, 100]","[9, 0, 5, 1, 1, 1, 0, 0, 1, 0, 0, 1, 0, 0, 0, 0, 1235, 9, 16, 334]","[0.005579665220086794, 0.005579665220086794, 0.008679479231246125, 0.009299442033477991, 0.009919404835709857, 0.010539367637941723, 0.010539367637941723, 0.010539367637941723, 0.011159330440173589, 0.011159330440173589, 0.011159330440173589, 0.011779293242405457, 0.011779293242405457, 0.011779293242405457, 0.011779293242405457, 0.011779293242405457, 0.7774333539987601, 0.7830130192188469, 0.7929324240545568, 1.0]",4.0,2.0,2.0,2.0,2.0,8,-9.9152,8.0,-6.0,hrl_dqn_apf,hierarchical,dqn,-9.756,6.795,-1.543,0.00,0.00,0.00,-15.141,6.656,1.585,0.00,0.00,0.00,-21.972,6.686,-5.810,0.00,0.00,0.00,4.143,4.143,4.143
2026-02-04 20:35:50,23.07,18,366,384,4.69%,83.94,1.12%,"[0, 5, 10, 15, 20, 25, 30, 35, 40, 45, 50, 55, 60, 65, 70, 75, 80, 85, 90, 95, 100]","[10, 0, 5, 1, 1, 1, 1, 1, 1, 0, 0, 0, 0, 0, 0, 0, 1235, 9, 10, 338]","[0.006199628022318661, 0.006199628022318661, 0.009299442033477991, 0.009919404835709857, 0.010539367637941723, 0.011159330440173589, 0.011779293242405457, 0.012399256044637322, 0.013019218846869188, 0.013019218846869188, 0.013019218846869188, 0.013019218846869188, 0.013019218846869188, 0.013019218846869188, 0.013019218846869188, 0.013019218846869188, 0.7786732796032239, 0.7842529448233106, 0.7904525728456293, 1.0]",4.0,2.0,2.0,2.0,2.0,8,-9.75481,8.0,-6.0,hrl_dqn_apf,hierarchical,dqn,-9.935,6.810,-2.126,0.00,0.00,0.00,-15.291,6.671,1.035,0.00,0.00,0.00,-21.852,6.744,-6.455,0.00,0.00,0.00,4.140,4.140,4.140
2026-02-04 20:35:51,24.07,20,366,386,5.18%,84.17,1.24%,"[0, 5, 10, 15, 20, 25, 30, 35, 40, 45, 50, 55, 60, 65, 70, 75, 80, 85, 90, 95, 100]","[12, 1, 1, 4, 1, 1, 1, 0, 0, 1, 0, 0, 1, 1, 0, 0, 1231, 7, 14, 337]","[0.007439553626782393, 0.008059516429014259, 0.008679479231246125, 0.011159330440173589, 0.011779293242405457, 0.012399256044637322, 0.013019218846869188, 0.013019218846869188, 0.013019218846869188, 0.013639181649101054, 0.013639181649101054, 0.013639181649101054, 0.01425914445133292, 0.014879107253564786, 0.014879107253564786, 0.014879107253564786, 0.778053316800992, 0.782393056416615, 0.7910725356478612, 1.0]",4.0,2.0,2.0,2.0,2.0,14,-3.674899999999999,8.0,0.0,hrl_dqn_apf,hierarchical,dqn,-10.008,6.805,-3.586,0.00,0.00,0.00,-15.824,6.752,0.066,0.00,0.00,0.00,-21.103,6.859,-6.294,0.00,0.00,0.00,4.137,4.137,4.137
2026-02-04 20:35:52,25.08,21,367,388,5.41%,84.29,1.30%,"[0, 5, 10, 15, 20, 25, 30, 35, 40, 45, 50, 55, 60, 65, 70, 75, 80, 85, 90, 95, 100]","[11, 4, 0, 5, 0, 1, 0, 0, 0, 1, 0, 0, 1, 1, 1, 1, 1231, 7, 10, 339]","[0.006819590824550527, 0.009299442033477991, 0.009299442033477991, 0.012399256044637322, 0.012399256044637322, 0.013019218846869188, 0.013019218846869188, 0.013019218846869188, 0.013019218846869188, 0.013639181649101054, 0.013639181649101054, 0.013639181649101054, 0.01425914445133292, 0.014879107253564786, 0.015499070055796652, 0.016119032858028518, 0.7792932424054557, 0.7836329820210788, 0.7898326100433974, 1.0]",4.0,2.0,2.0,2.0,2.0,20,-27.5948,8.0,12.0,hrl_dqn_apf,hierarchical,dqn,-10.013,6.802,-4.343,0.00,0.00,0.00,-15.827,6.864,-0.028,0.00,0.00,0.00,-20.686,6.896,-5.977,0.00,0.00,0.00,4.134,4.134,4.134
2026-02-04 20:35:53,26.09,23,365,388,5.93%,84.39,1.43%,"[0, 5, 10, 15, 20, 25, 30, 35, 40, 45, 50, 55, 60, 65, 70, 75, 80, 85, 90, 95, 100]","[12, 5, 0, 4, 1, 1, 0, 0, 0, 1, 0, 0, 1, 1, 0, 0, 1231, 7, 8, 341]","[0.007439553626782393, 0.010539367637941723, 0.010539367637941723, 0.013019218846869188, 0.013639181649101054, 0.01425914445133292, 0.01425914445133292, 0.01425914445133292, 0.01425914445133292, 0.014879107253564786, 0.014879107253564786, 0.014879107253564786, 0.015499070055796652, 0.016119032858028518, 0.016119032858028518, 0.016119032858028518, 0.7792932424054557, 0.7836329820210788, 0.7885926844389337, 1.0]",4.0,2.0,2.0,2.0,2.0,4,-3.4342799999999993,8.0,-12.0,hrl_dqn_apf,hierarchical,dqn,-10.234,6.874,-4.886,0.00,0.00,0.00,-15.516,6.914,0.160,0.00,0.00,0.00,-20.030,6.899,-5.872,0.00,0.00,0.00,4.131,4.131,4.131
2026-02-04 20:35:54,27.10,22,366,388,5.67%,84.52,1.36%,"[0, 5, 10, 15, 20, 25, 30, 35, 40, 45, 50, 55, 60, 65, 70, 75, 80, 85, 90, 95, 100]","[11, 6, 0, 4, 1, 0, 1, 1, 0, 1, 0, 0, 1, 1, 0, 0, 1225, 12, 10, 339]","[0.006819590824550527, 0.010539367637941723, 0.010539367637941723, 0.013019218846869188, 0.013639181649101054, 0.013639181649101054, 0.01425914445133292, 0.014879107253564786, 0.014879107253564786, 0.015499070055796652, 0.015499070055796652, 0.015499070055796652, 0.016119032858028518, 0.016738995660260384, 0.016738995660260384, 0.016738995660260384, 0.7761934283942964, 0.7836329820210788, 0.7898326100433974, 1.0]",4.0,2.0,2.0,2.0,2.0,8,-9.35436,8.0,-6.0,hrl_dqn_apf,hierarchical,dqn,-10.706,6.906,-5.190,0.00,0.00,0.00,-15.518,6.977,0.624,0.00,0.00,0.00,-19.413,6.957,-5.958,0.00,0.00,0.00,4.128,4.128,4.128
2026-02-04 20:35:55,28.10,25,365,390,6.41%,84.73,1.55%,"[0, 5, 10, 15, 20, 25, 30, 35, 40, 45, 50, 55, 60, 65, 70, 75, 80, 85, 90, 95, 100]","[11, 9, 0, 3, 2, 0, 1, 0, 0, 1, 0, 0, 1, 2, 0, 0, 1223, 14, 9, 337]","[0.006819590824550527, 0.012399256044637322, 0.012399256044637322, 0.01425914445133292, 0.015499070055796652, 0.015499070055796652, 0.016119032858028518, 0.016119032858028518, 0.016119032858028518, 0.016738995660260384, 0.016738995660260384, 0.016738995660260384, 0.01735895846249225, 0.018598884066955982, 0.018598884066955982, 0.018598884066955982, 0.7768133911965283, 0.7854928704277744, 0.7910725356478612, 1.0]",4.0,2.0,2.0,2.0,2.0,7,-15.27428,8.0,-6.0,hrl_dqn_apf,hierarchical,dqn,-10.485,7.009,-6.011,0.00,0.00,0.00,-16.684,7.015,0.875,0.00,0.00,0.00,-18.613,7.019,-6.689,0.00,0.00,0.00,4.125,4.125,4.125
2026-02-04 20:35:56,29.10,27,363,390,6.92%,84.82,1.67%,"[0, 5, 10, 15, 20, 25, 30, 35, 40, 45, 50, 55, 60, 65, 70, 75, 80, 85, 90, 95, 100]","[10, 9, 1, 3, 3, 1, 1, 0, 0, 0, 1, 0, 1, 1, 1, 0, 1219, 14, 7, 341]","[0.006199628022318661, 0.011779293242405457, 0.012399256044637322, 0.01425914445133292, 0.016119032858028518, 0.016738995660260384, 0.01735895846249225, 0.01735895846249225, 0.01735895846249225, 0.01735895846249225, 0.017978921264724116, 0.017978921264724116, 0.018598884066955982, 0.019218846869187848, 0.019838809671419714, 0.019838809671419714, 0.7755734655920645, 0.7842529448233106, 0.7885926844389337, 1.0]",4.0,2.0,2.0,2.0,2.0,8,-9.19379,8.0,-6.0,hrl_dqn_apf,hierarchical,dqn,-10.164,7.045,-6.433,0.00,0.00,0.00,-17.094,7.085,0.557,0.00,0.00,0.00,-17.925,7.019,-6.771,0.00,0.00,0.00,4.122,4.122,4.122
2026-02-04 20:35:57,30.10,27,363,390,6.92%,84.92,1.67%,"[0, 5, 10, 15, 20, 25, 30, 35, 40, 45, 50, 55, 60, 65, 70, 75, 80, 85, 90, 95, 100]","[12, 7, 3, 0, 5, 0, 1, 0, 1, 0, 1, 0, 0, 2, 1, 1, 1217, 16, 7, 339]","[0.007439553626782393, 0.011779293242405457, 0.013639181649101054, 0.013639181649101054, 0.016738995660260384, 0.016738995660260384, 0.01735895846249225, 0.01735895846249225, 0.017978921264724116, 0.017978921264724116, 0.018598884066955982, 0.018598884066955982, 0.018598884066955982, 0.019838809671419714, 0.02045877247365158, 0.021078735275883446, 0.7755734655920645, 0.7854928704277744, 0.7898326100433974, 1.0]",4.0,2.0,2.0,2.0,2.0,4,-3.1138499999999993,8.0,-12.0,hrl_dqn_apf,hierarchical,dqn,-9.841,7.084,-6.876,0.00,0.00,0.00,-17.444,7.117,0.144,0.00,0.00,0.00,-17.399,7.083,-7.016,0.00,0.00,0.00,4.119,4.119,4.119
2026-02-04 20:35:58,31.11,30,361,391,7.67%,84.99,1.86%,"[0, 5, 10, 15, 20, 25, 30, 35, 40, 45, 50, 55, 60, 65, 70, 75, 80, 85, 90, 95, 100]","[12, 7, 5, 0, 4, 2, 1, 0, 0, 0, 1, 0, 0, 2, 1, 0, 1217, 16, 7, 338]","[0.007439553626782393, 0.011779293242405457, 0.014879107253564786, 0.014879107253564786, 0.01735895846249225, 0.018598884066955982, 0.019218846869187848, 0.019218846869187848, 0.019218846869187848, 0.019218846869187848, 0.019838809671419714, 0.019838809671419714, 0.019838809671419714, 0.021078735275883446, 0.02169869807811531, 0.02169869807811531, 0.7761934283942964, 0.7861128332300062, 0.7904525728456293, 1.0]",4.0,2.0,2.0,2.0,2.0,19,-3.0336599999999994,8.0,6.0,hrl_dqn_apf,hierarchical,dqn,-9.544,7.143,-6.912,0.00,0.00,0.00,-18.086,7.125,-0.006,0.00,0.00,0.00,-17.091,7.117,-7.503,0.00,0.00,0.00,4.116,4.116,4.116
2026-02-04 20:35:59,32.11,31,362,393,7.89%,85.21,1.92%,"[0, 5, 10, 15, 20, 25, 30, 35, 40, 45, 50, 55, 60, 65, 70, 75, 80, 85, 90, 95, 100]","[9, 8, 8, 1, 4, 1, 0, 1, 1, 1, 1, 0, 0, 2, 1, 0, 1217, 8, 14, 336]","[0.005579665220086794, 0.010539367637941723, 0.015499070055796652, 0.016119032858028518, 0.018598884066955982, 0.019218846869187848, 0.019218846869187848, 0.019838809671419714, 0.02045877247365158, 0.021078735275883446, 0.02169869807811531, 0.02169869807811531, 0.02169869807811531, 0.022938623682579044, 0.023558586484810913, 0.023558586484810913, 0.778053316800992, 0.7830130192188469, 0.791692498450093, 1.0]",4.0,2.0,2.0,2.0,2.0,12,-14.87323,8.0,0.0,hrl_dqn_apf,hierarchical,dqn,-9.971,7.224,-6.223,0.00,0.00,0.00,-18.573,7.290,-0.063,0.00,0.00,0.00,-15.796,7.131,-7.760,0.00,0.00,0.00,4.113,4.113,4.113
2026-02-04 20:36:00,33.13,32,363,395,8.10%,85.33,1.98%,"[0, 5, 10, 15, 20, 25, 30, 35, 40, 45, 50, 55, 60, 65, 70, 75, 80, 85, 90, 95, 100]","[9, 7, 10, 1, 4, 1, 1, 1, 1, 0, 1, 0, 0, 1, 2, 0, 1211, 14, 14, 335]","[0.005579665220086794, 0.009919404835709857, 0.016119032858028518, 0.016738995660260384, 0.019218846869187848, 0.019838809671419714, 0.02045877247365158, 0.021078735275883446, 0.02169869807811531, 0.02169869807811531, 0.022318660880347178, 0.022318660880347178, 0.022318660880347178, 0.022938623682579044, 0.02417854928704278, 0.02417854928704278, 0.7749535027898327, 0.7836329820210788, 0.7923124612523249, 1.0]",4.0,2.0,2.0,2.0,2.0,4,-2.7934,8.0,-12.0,hrl_dqn_apf,hierarchical,dqn,-10.305,7.263,-5.809,0.00,0.00,0.00,-17.998,7.297,-0.067,0.00,0.00,0.00,-15.050,7.128,-7.779,0.00,0.00,0.00,4.110,4.110,4.110
2026-02-04 20:36:01,34.13,33,362,395,8.35%,85.45,2.05%,"[0, 5, 10, 15, 20, 25, 30, 35, 40, 45, 50, 55, 60, 65, 70, 75, 80, 85, 90, 95, 100]","[9, 7, 11, 1, 2, 3, 1, 1, 1, 0, 0, 1, 0, 1, 1, 1, 1211, 10, 16, 336]","[0.005579665220086794, 0.009919404835709857, 0.016738995660260384, 0.01735895846249225, 0.018598884066955982, 0.02045877247365158, 0.021078735275883446, 0.02169869807811531, 0.022318660880347178, 0.022318660880347178, 0.022318660880347178, 0.022938623682579044, 0.022938623682579044, 0.023558586484810913, 0.02417854928704278, 0.024798512089274645, 0.7755734655920645, 0.7817730936143832, 0.791692498450093, 1.0]",4.0,2.0,2.0,2.0,2.0,2,-14.71338,8.0,-12.0,hrl_dqn_apf,hierarchical,dqn,-10.415,7.267,-5.154,0.00,0.00,0.00,-17.728,7.425,-0.069,0.00,0.00,0.00,-14.293,7.125,-7.785,0.00,0.00,0.00,4.107,4.107,4.107
2026-02-04 20:36:02,35.14,35,358,393,8.91%,85.57,2.17%,"[0, 5, 10, 15, 20, 25, 30, 35, 40, 45, 50, 55, 60, 65, 70, 75, 80, 85, 90, 95, 100]","[9, 8, 8, 4, 2, 4, 0, 1, 1, 0, 0, 1, 0, 0, 2, 1, 1211, 8, 16, 337]","[0.005579665220086794, 0.010539367637941723, 0.015499070055796652, 0.017978921264724116, 0.019218846869187848, 0.02169869807811531, 0.02169869807811531, 0.022318660880347178, 0.022938623682579044, 0.022938623682579044, 0.022938623682579044, 0.023558586484810913, 0.023558586484810913, 0.023558586484810913, 0.024798512089274645, 0.02541847489150651, 0.7761934283942964, 0.7811531308121513, 0.7910725356478612, 1.0]",4.0,2.0,2.0,2.0,2.0,13,-8.63303,8.0,0.0,hrl_dqn_apf,hierarchical,dqn,-10.355,7.301,-4.471,0.00,0.00,0.00,-18.032,7.475,-0.182,0.00,0.00,0.00,-13.746,7.221,-7.853,0.00,0.00,0.00,4.104,4.104,4.104
2026-02-04 20:36:03,36.14,35,366,401,8.73%,85.79,2.17%,"[0, 5, 10, 15, 20, 25, 30, 35, 40, 45, 50, 55, 60, 65, 70, 75, 80, 85, 90, 95, 100]","[10, 7, 7, 6, 1, 4, 2, 0, 1, 1, 0, 2, 0, 0, 2, 1, 1210, 9, 12, 338]","[0.006199628022318661, 0.010539367637941723, 0.014879107253564786, 0.018598884066955982, 0.019218846869187848, 0.02169869807811531, 0.022938623682579044, 0.022938623682579044, 0.023558586484810913, 0.02417854928704278, 0.02417854928704278, 0.02541847489150651, 0.02541847489150651, 0.02541847489150651, 0.026658400495970243, 0.02727836329820211, 0.7774333539987601, 0.7830130192188469, 0.7904525728456293, 1.0]",4.0,2.0,2.0,2.0,2.0,23,-8.47296,8.0,12.0,hrl_dqn_apf,hierarchical,dqn,-9.531,7.324,-3.417,0.00,0.00,0.00,-18.233,7.493,-1.398,0.00,0.00,0.00,-14.368,7.276,-8.600,0.00,0.00,0.00,4.101,4.101,4.101
2026-02-04 20:36:04,37.14,36,363,399,9.02%,85.90,2.23%,"[0, 5, 10, 15, 20, 25, 30, 35, 40, 45, 50, 55, 60, 65, 70, 75, 80, 85, 90, 95, 100]","[11, 7, 6, 8, 0, 4, 2, 0, 1, 1, 0, 1, 1, 0, 2, 1, 1210, 9, 8, 341]","[0.006819590824550527, 0.011159330440173589, 0.014879107253564786, 0.019838809671419714, 0.019838809671419714, 0.022318660880347178, 0.023558586484810913, 0.023558586484810913, 0.02417854928704278, 0.024798512089274645, 0.024798512089274645, 0.02541847489150651, 0.026038437693738377, 0.026038437693738377, 0.02727836329820211, 0.027898326100433975, 0.778053316800992, 0.7836329820210788, 0.7885926844389337, 1.0]",4.0,2.0,2.0,2.0,2.0,16,-20.392870000000002,8.0,6.0,hrl_dqn_apf,hierarchical,dqn,-9.425,7.327,-2.786,0.00,0.00,0.00,-18.249,7.490,-2.140,0.00,0.00,0.00,-14.653,7.388,-8.550,0.00,0.00,0.00,4.098,4.098,4.098
2026-02-04 20:36:05,38.15,37,366,403,9.18%,86.06,2.29%,"[0, 5, 10, 15, 20, 25, 30, 35, 40, 45, 50, 55, 60, 65, 70, 75, 80, 85, 90, 95, 100]","[12, 7, 3, 10, 1, 4, 1, 1, 1, 1, 0, 1, 0, 0, 1, 2, 1206, 7, 14, 341]","[0.007439553626782393, 0.011779293242405457, 0.013639181649101054, 0.019838809671419714, 0.02045877247365158, 0.022938623682579044, 0.023558586484810913, 0.02417854928704278, 0.024798512089274645, 0.02541847489150651, 0.02541847489150651, 0.026038437693738377, 0.026038437693738377, 0.026038437693738377, 0.026658400495970243, 0.027898326100433975, 0.7755734655920645, 0.7799132052076876, 0.7885926844389337, 1.0]",4.0,2.0,2.0,2.0,2.0,0,-26.312440000000002,8.0,-12.0,hrl_dqn_apf,hierarchical,dqn,-9.393,7.460,-2.495,0.00,0.00,0.00,-18.254,7.634,-2.463,0.00,0.00,0.00,-14.748,7.402,-8.006,0.00,0.00,0.00,4.095,4.095,4.095
2026-02-04 20:36:06,39.15,35,370,405,8.64%,86.25,2.17%,"[0, 5, 10, 15, 20, 25, 30, 35, 40, 45, 50, 55, 60, 65, 70, 75, 80, 85, 90, 95, 100]","[12, 5, 5, 10, 1, 2, 3, 1, 1, 1, 0, 1, 0, 0, 1, 1, 1207, 7, 12, 343]","[0.007439553626782393, 0.010539367637941723, 0.013639181649101054, 0.019838809671419714, 0.02045877247365158, 0.02169869807811531, 0.023558586484810913, 0.02417854928704278, 0.024798512089274645, 0.02541847489150651, 0.02541847489150651, 0.026038437693738377, 0.026038437693738377, 0.026038437693738377, 0.026658400495970243, 0.02727836329820211, 0.7755734655920645, 0.7799132052076876, 0.78735275883447, 1.0]",4.0,2.0,2.0,2.0,2.0,23,-8.15235,8.0,12.0,hrl_dqn_apf,hierarchical,dqn,-9.526,7.511,-2.793,0.00,0.00,0.00,-18.255,7.668,-2.063,0.00,0.00,0.00,-14.662,7.456,-7.419,0.00,0.00,0.00,4.092,4.092,4.092
2026-02-04 20:36:07,40.15,33,372,405,8.15%,86.60,2.05%,"[0, 5, 10, 15, 20, 25, 30, 35, 40, 45, 50, 55, 60, 65, 70, 75, 80, 85, 90, 95, 100]","[9, 6, 6, 6, 6, 0, 5, 1, 1, 0, 1, 0, 1, 1, 0, 2, 1201, 12, 9, 346]","[0.005579665220086794, 0.009299442033477991, 0.013019218846869188, 0.016738995660260384, 0.02045877247365158, 0.02045877247365158, 0.023558586484810913, 0.02417854928704278, 0.024798512089274645, 0.024798512089274645, 0.02541847489150651, 0.02541847489150651, 0.026038437693738377, 0.026658400495970243, 0.026658400495970243, 0.027898326100433975, 0.7724736515809052, 0.7799132052076876, 0.7854928704277744, 1.0]",4.0,2.0,2.0,2.0,2.0,21,-20.072,8.0,12.0,hrl_dqn_apf,hierarchical,dqn,-10.702,7.539,-2.983,0.00,0.00,0.00,-17.780,7.740,-1.134,0.00,0.00,0.00,-13.931,7.518,-6.631,0.00,0.00,0.00,4.089,4.089,4.089
2026-02-04 20:36:08,41.16,35,370,405,8.64%,86.65,2.17%,"[0, 5, 10, 15, 20, 25, 30, 35, 40, 45, 50, 55, 60, 65, 70, 75, 80, 85, 90, 95, 100]","[9, 6, 7, 6, 7, 0, 4, 2, 1, 0, 1, 0, 2, 0, 1, 2, 1199, 14, 9, 343]","[0.005579665220086794, 0.009299442033477991, 0.013639181649101054, 0.01735895846249225, 0.02169869807811531, 0.02169869807811531, 0.02417854928704278, 0.02541847489150651, 0.026038437693738377, 0.026038437693738377, 0.026658400495970243, 0.026658400495970243, 0.027898326100433975, 0.027898326100433975, 0.02851828890266584, 0.029758214507129573, 0.7730936143831371, 0.7817730936143832, 0.78735275883447, 1.0]",4.0,2.0,2.0,2.0,2.0,14,-1.9915599999999998,8.0,0.0,hrl_dqn_apf,hierarchical,dqn,-11.119,7.609,-2.665,0.00,0.00,0.00,-17.438,7.778,-0.709,0.00,0.00,0.00,-13.848,7.519,-5.944,0.00,0.00,0.00,4.085,4.085,4.085
2026-02-04 20:36:09,42.16,37,370,407,9.09%,86.75,2.29%,"[0, 5, 10, 15, 20, 25, 30, 35, 40, 45, 50, 55, 60, 65, 70, 75, 80, 85, 90, 95, 100]","[13, 4, 6, 6, 8, 0, 4, 2, 0, 1, 1, 0, 1, 0, 0, 2, 1199, 14, 9, 343]","[0.008059516429014259, 0.010539367637941723, 0.01425914445133292, 0.017978921264724116, 0.022938623682579044, 0.022938623682579044, 0.02541847489150651, 0.026658400495970243, 0.026658400495970243, 0.02727836329820211, 0.027898326100433975, 0.027898326100433975, 0.02851828890266584, 0.02851828890266584, 0.02851828890266584, 0.029758214507129573, 0.7730936143831371, 0.7817730936143832, 0.78735275883447, 1.0]",4.0,2.0,2.0,2.0,2.0,6,-19.911749999999998,8.0,-6.0,hrl_dqn_apf,hierarchical,dqn,-11.030,7.692,-2.238,0.00,0.00,0.00,-17.323,7.782,-0.033,0.00,0.00,0.00,-13.822,7.659,-5.634,0.00,0.00,0.00,4.083,4.083,4.083
2026-02-04 20:36:10,43.16,37,370,407,9.09%,86.93,2.29%,"[0, 5, 10, 15, 20, 25, 30, 35, 40, 45, 50, 55, 60, 65, 70, 75, 80, 85, 90, 95, 100]","[14, 4, 5, 4, 9, 1, 4, 1, 1, 1, 1, 0, 1, 0, 0, 1, 1196, 16, 5, 349]","[0.008679479231246125, 0.011159330440173589, 0.01425914445133292, 0.016738995660260384, 0.022318660880347178, 0.022938623682579044, 0.02541847489150651, 0.026038437693738377, 0.026658400495970243, 0.02727836329820211, 0.027898326100433975, 0.027898326100433975, 0.02851828890266584, 0.02851828890266584, 0.02851828890266584, 0.029138251704897707, 0.7706137631742096, 0.7805331680099195, 0.7836329820210788, 1.0]",4.0,2.0,2.0,2.0,2.0,7,-13.7515,8.0,-6.0,hrl_dqn_apf,hierarchical,dqn,-10.523,7.709,-1.998,0.00,0.00,0.00,-17.166,7.833,0.582,0.00,0.00,0.00,-13.891,7.694,-6.021,0.00,0.00,0.00,4.079,4.079,4.079
2026-02-04 20:36:11,44.16,37,371,408,9.07%,87.29,2.29%,"[0, 5, 10, 15, 20, 25, 30, 35, 40, 45, 50, 55, 60, 65, 70, 75, 80, 85, 90, 95, 100]","[15, 5, 4, 4, 7, 2, 1, 4, 1, 1, 1, 0, 0, 1, 0, 1, 1193, 17, 7, 349]","[0.009299442033477991, 0.012399256044637322, 0.014879107253564786, 0.01735895846249225, 0.02169869807811531, 0.022938623682579044, 0.023558586484810913, 0.026038437693738377, 0.026658400495970243, 0.02727836329820211, 0.027898326100433975, 0.027898326100433975, 0.027898326100433975, 0.02851828890266584, 0.02851828890266584, 0.029138251704897707, 0.768753874767514, 0.7792932424054557, 0.7836329820210788, 1.0]",4.0,2.0,2.0,2.0,2.0,17,-13.67129,8.0,6.0,hrl_dqn_apf,hierarchical,dqn,-9.340,7.744,-1.375,0.00,0.00,0.00,-16.413,7.893,1.384,0.00,0.00,0.00,-14.838,7.744,-6.769,0.00,0.00,0.00,4.077,4.077,4.077
2026-02-04 20:36:12,45.16,37,371,408,9.07%,87.46,2.29%,"[0, 5, 10, 15, 20, 25, 30, 35, 40, 45, 50, 55, 60, 65, 70, 75, 80, 85, 90, 95, 100]","[13, 6, 5, 3, 5, 5, 0, 5, 1, 1, 1, 0, 0, 1, 0, 1, 1194, 13, 11, 348]","[0.008059516429014259, 0.011779293242405457, 0.014879107253564786, 0.016738995660260384, 0.019838809671419714, 0.022938623682579044, 0.022938623682579044, 0.026038437693738377, 0.026658400495970243, 0.02727836329820211, 0.027898326100433975, 0.027898326100433975, 0.027898326100433975, 0.02851828890266584, 0.02851828890266584, 0.029138251704897707, 0.7693738375697459, 0.7774333539987601, 0.7842529448233106, 1.0]",4.0,2.0,2.0,2.0,2.0,8,-7.591010000000001,8.0,-6.0,hrl_dqn_apf,hierarchical,dqn,-8.956,7.824,-1.531,0.00,0.00,0.00,-16.329,7.894,2.073,0.00,0.00,0.00,-15.221,7.822,-6.502,0.00,0.00,0.00,4.073,4.073,4.073
2026-02-04 20:36:13,46.17,38,370,408,9.31%,87.57,2.36%,"[0, 5, 10, 15, 20, 25, 30, 35, 40, 45, 50, 55, 60, 65, 70, 75, 80, 85, 90, 95, 100]","[13, 6, 5, 4, 4, 6, 0, 4, 2, 1, 0, 2, 0, 1, 0, 0, 1194, 9, 14, 348]","[0.008059516429014259, 0.011779293242405457, 0.014879107253564786, 0.01735895846249225, 0.019838809671419714, 0.023558586484810913, 0.023558586484810913, 0.026038437693738377, 0.02727836329820211, 0.027898326100433975, 0.027898326100433975, 0.029138251704897707, 0.029138251704897707, 0.029758214507129573, 0.029758214507129573, 0.029758214507129573, 0.7699938003719777, 0.7755734655920645, 0.7842529448233106, 1.0]",4.0,2.0,2.0,2.0,2.0,24,-1.4308499999999995,8.0,12.0,hrl_dqn_apf,hierarchical,dqn,-8.847,7.882,-1.529,0.00,0.00,0.00,-16.303,7.891,2.813,0.00,0.00,0.00,-15.347,7.829,-5.889,0.00,0.00,0.00,4.071,4.071,4.071
2026-02-04 20:36:14,47.17,39,369,408,9.56%,87.67,2.42%,"[0, 5, 10, 15, 20, 25, 30, 35, 40, 45, 50, 55, 60, 65, 70, 75, 80, 85, 90, 95, 100]","[12, 8, 4, 5, 3, 7, 0, 4, 2, 0, 2, 1, 0, 1, 0, 1, 1188, 15, 14, 346]","[0.007439553626782393, 0.012399256044637322, 0.014879107253564786, 0.017978921264724116, 0.019838809671419714, 0.02417854928704278, 0.02417854928704278, 0.026658400495970243, 0.027898326100433975, 0.027898326100433975, 0.029138251704897707, 0.029758214507129573, 0.029758214507129573, 0.03037817730936144, 0.03037817730936144, 0.030998140111593304, 0.7675139491630503, 0.7768133911965283, 0.7854928704277744, 1.0]",4.0,2.0,2.0,2.0,2.0,13,-7.350630000000001,8.0,0.0,hrl_dqn_apf,hierarchical,dqn,-8.813,7.940,-1.524,0.00,0.00,0.00,-16.416,7.949,3.452,0.00,0.00,0.00,-15.386,7.827,-5.167,0.00,0.00,0.00,4.067,4.067,4.067
2026-02-04 20:36:15,48.18,41,367,408,10.05%,87.88,2.54%,"[0, 5, 10, 15, 20, 25, 30, 35, 40, 45, 50, 55, 60, 65, 70, 75, 80, 85, 90, 95, 100]","[11, 10, 5, 4, 3, 8, 1, 3, 2, 1, 1, 1, 0, 1, 1, 0, 1187, 9, 17, 348]","[0.006819590824550527, 0.013019218846869188, 0.016119032858028518, 0.018598884066955982, 0.02045877247365158, 0.02541847489150651, 0.026038437693738377, 0.027898326100433975, 0.029138251704897707, 0.029758214507129573, 0.03037817730936144, 0.030998140111593304, 0.030998140111593304, 0.03161810291382517, 0.032238065716057036, 0.032238065716057036, 0.7681339119652821, 0.7737135771853689, 0.7842529448233106, 1.0]",4.0,2.0,2.0,2.0,2.0,21,-19.350630000000002,8.0,12.0,hrl_dqn_apf,hierarchical,dqn,-8.806,8.016,-1.151,0.00,0.00,0.00,-16.653,8.101,3.769,0.00,0.00,0.00,-15.402,7.821,-3.658,0.00,0.00,0.00,4.065,4.065,4.065
2026-02-04 20:36:16,49.18,41,371,412,9.95%,88.02,2.54%,"[0, 5, 10, 15, 20, 25, 30, 35, 40, 45, 50, 55, 60, 65, 70, 75, 80, 85, 90, 95, 100]","[9, 12, 5, 4, 4, 7, 2, 2, 3, 1, 1, 1, 0, 0, 1, 0, 1186, 10, 17, 348]","[0.005579665220086794, 0.013019218846869188, 0.016119032858028518, 0.018598884066955982, 0.021078735275883446, 0.02541847489150651, 0.026658400495970243, 0.027898326100433975, 0.029758214507129573, 0.03037817730936144, 0.030998140111593304, 0.03161810291382517, 0.03161810291382517, 0.03161810291382517, 0.032238065716057036, 0.032238065716057036, 0.7675139491630503, 0.7737135771853689, 0.7842529448233106, 1.0]",4.0,2.0,2.0,2.0,2.0,12,-13.19023,8.0,0.0,hrl_dqn_apf,hierarchical,dqn,-9.139,8.068,-0.830,0.00,0.00,0.00,-16.062,8.107,3.792,0.00,0.00,0.00,-15.403,7.818,-2.898,0.00,0.00,0.00,4.061,4.061,4.061
2026-02-04 20:36:17,50.18,41,373,414,9.90%,88.15,2.54%,"[0, 5, 10, 15, 20, 25, 30, 35, 40, 45, 50, 55, 60, 65, 70, 75, 80, 85, 90, 95, 100]","[9, 10, 7, 6, 4, 5, 4, 0, 5, 1, 0, 1, 0, 0, 1, 0, 1185, 11, 13, 351]","[0.005579665220086794, 0.011779293242405457, 0.016119032858028518, 0.019838809671419714, 0.022318660880347178, 0.02541847489150651, 0.027898326100433975, 0.027898326100433975, 0.030998140111593304, 0.03161810291382517, 0.03161810291382517, 0.032238065716057036, 0.032238065716057036, 0.032238065716057036, 0.0328580285182889, 0.0328580285182889, 0.7675139491630503, 0.7743335399876008, 0.782393056416615, 1.0]",4.0,2.0,2.0,2.0,2.0,1,-19.10984,8.0,-12.0,hrl_dqn_apf,hierarchical,dqn,-9.773,8.074,-0.723,0.00,0.00,0.00,-15.560,8.172,3.579,0.00,0.00,0.00,-15.623,7.890,-2.351,0.00,0.00,0.00,4.058,4.058,4.058
2026-02-04 20:36:18,51.19,40,374,414,9.66%,88.44,2.48%,"[0, 5, 10, 15, 20, 25, 30, 35, 40, 45, 50, 55, 60, 65, 70, 75, 80, 85, 90, 95, 100]","[8, 11, 8, 5, 4, 4, 6, 0, 4, 2, 0, 0, 1, 0, 1, 0, 1183, 9, 13, 354]","[0.0049597024178549285, 0.011779293242405457, 0.016738995660260384, 0.019838809671419714, 0.022318660880347178, 0.024798512089274645, 0.02851828890266584, 0.02851828890266584, 0.030998140111593304, 0.032238065716057036, 0.032238065716057036, 0.032238065716057036, 0.0328580285182889, 0.0328580285182889, 0.03347799132052077, 0.03347799132052077, 0.7668939863608184, 0.7724736515809052, 0.7805331680099195, 1.0]",4.0,2.0,2.0,2.0,2.0,6,-19.02993,8.0,-6.0,hrl_dqn_apf,hierarchical,dqn,-10.624,8.160,-1.324,0.00,0.00,0.00,-15.335,8.312,3.560,0.00,0.00,0.00,-16.879,7.942,-2.153,0.00,0.00,0.00,4.056,4.056,4.056
2026-02-04 20:36:19,52.19,38,380,418,9.09%,88.61,2.36%,"[0, 5, 10, 15, 20, 25, 30, 35, 40, 45, 50, 55, 60, 65, 70, 75, 80, 85, 90, 95, 100]","[9, 9, 8, 4, 4, 4, 7, 1, 4, 2, 0, 0, 1, 0, 1, 0, 1181, 9, 14, 355]","[0.005579665220086794, 0.011159330440173589, 0.016119032858028518, 0.018598884066955982, 0.021078735275883446, 0.023558586484810913, 0.027898326100433975, 0.02851828890266584, 0.030998140111593304, 0.032238065716057036, 0.032238065716057036, 0.032238065716057036, 0.0328580285182889, 0.0328580285182889, 0.03347799132052077, 0.03347799132052077, 0.7656540607563547, 0.7712337259764415, 0.7799132052076876, 1.0]",4.0,2.0,2.0,2.0,2.0,14,-0.8697599999999994,8.0,0.0,hrl_dqn_apf,hierarchical,dqn,-10.706,8.167,-2.007,0.00,0.00,0.00,-15.311,8.322,4.188,0.00,0.00,0.00,-17.196,7.992,-2.575,0.00,0.00,0.00,4.052,4.052,4.052
2026-02-04 20:36:20,53.19,38,380,418,9.09%,88.73,2.36%,"[0, 5, 10, 15, 20, 25, 30, 35, 40, 45, 50, 55, 60, 65, 70, 75, 80, 85, 90, 95, 100]","[8, 9, 9, 4, 4, 4, 8, 1, 4, 1, 1, 0, 1, 0, 1, 0, 1182, 9, 10, 357]","[0.0049597024178549285, 0.010539367637941723, 0.016119032858028518, 0.018598884066955982, 0.021078735275883446, 0.023558586484810913, 0.02851828890266584, 0.029138251704897707, 0.03161810291382517, 0.032238065716057036, 0.0328580285182889, 0.0328580285182889, 0.03347799132052077, 0.03347799132052077, 0.034097954122752634, 0.034097954122752634, 0.7668939863608184, 0.7724736515809052, 0.7786732796032239, 1.0]",4.0,2.0,2.0,2.0,2.0,10,-24.78934,8.0,0.0,hrl_dqn_apf,hierarchical,dqn,-11.077,8.230,-2.426,0.00,0.00,0.00,-14.958,8.385,4.592,0.00,0.00,0.00,-17.298,7.994,-3.256,0.00,0.00,0.00,4.049,4.049,4.049
2026-02-04 20:36:21,54.20,39,379,418,9.33%,88.85,2.42%,"[0, 5, 10, 15, 20, 25, 30, 35, 40, 45, 50, 55, 60, 65, 70, 75, 80, 85, 90, 95, 100]","[9, 7, 10, 5, 4, 4, 8, 1, 2, 3, 1, 0, 1, 0, 0, 1, 1177, 13, 10, 357]","[0.005579665220086794, 0.009919404835709857, 0.016119032858028518, 0.019218846869187848, 0.02169869807811531, 0.02417854928704278, 0.029138251704897707, 0.029758214507129573, 0.030998140111593304, 0.0328580285182889, 0.03347799132052077, 0.03347799132052077, 0.034097954122752634, 0.034097954122752634, 0.034097954122752634, 0.0347179169249845, 0.7644141351518909, 0.7724736515809052, 0.7786732796032239, 1.0]",4.0,2.0,2.0,2.0,2.0,13,-6.70937,8.0,0.0,hrl_dqn_apf,hierarchical,dqn,-11.722,8.236,-2.557,0.00,0.00,0.00,-14.318,8.391,4.718,0.00,0.00,0.00,-17.328,8.133,-3.533,0.00,0.00,0.00,4.046,4.046,4.046
2026-02-04 20:36:22,55.20,40,384,424,9.43%,89.09,2.48%,"[0, 5, 10, 15, 20, 25, 30, 35, 40, 45, 50, 55, 60, 65, 70, 75, 80, 85, 90, 95, 100]","[8, 8, 8, 7, 5, 4, 4, 6, 0, 5, 1, 0, 0, 1, 0, 1, 1173, 14, 12, 356]","[0.0049597024178549285, 0.009919404835709857, 0.014879107253564786, 0.019218846869187848, 0.022318660880347178, 0.024798512089274645, 0.02727836329820211, 0.030998140111593304, 0.030998140111593304, 0.034097954122752634, 0.0347179169249845, 0.0347179169249845, 0.0347179169249845, 0.035337879727216366, 0.035337879727216366, 0.03595784252944823, 0.7631742095474272, 0.7718536887786733, 0.7792932424054557, 1.0]",4.0,2.0,2.0,2.0,2.0,0,-24.62936,8.0,-12.0,hrl_dqn_apf,hierarchical,dqn,-13.155,8.270,-2.559,0.00,0.00,0.00,-13.479,8.479,4.112,0.00,0.00,0.00,-16.686,8.202,-3.092,0.00,0.00,0.00,4.043,4.043,4.043
2026-02-04 20:36:23,56.21,41,379,420,9.76%,89.20,2.54%,"[0, 5, 10, 15, 20, 25, 30, 35, 40, 45, 50, 55, 60, 65, 70, 75, 80, 85, 90, 95, 100]","[9, 5, 10, 7, 5, 5, 4, 6, 0, 5, 2, 0, 0, 1, 0, 1, 1171, 14, 12, 356]","[0.005579665220086794, 0.008679479231246125, 0.014879107253564786, 0.019218846869187848, 0.022318660880347178, 0.02541847489150651, 0.027898326100433975, 0.03161810291382517, 0.03161810291382517, 0.0347179169249845, 0.03595784252944823, 0.03595784252944823, 0.03595784252944823, 0.0365778053316801, 0.0365778053316801, 0.037197768133911964, 0.7631742095474272, 0.7718536887786733, 0.7792932424054557, 1.0]",4.0,2.0,2.0,2.0,2.0,24,-0.4687999999999999,8.0,12.0,hrl_dqn_apf,hierarchical,dqn,-13.468,8.331,-2.125,0.00,0.00,0.00,-13.406,8.479,3.420,0.00,0.00,0.00,-16.012,8.220,-3.048,0.00,0.00,0.00,4.040,4.040,4.040
2026-02-04 20:36:24,57.21,40,380,420,9.52%,89.30,2.48%,"[0, 5, 10, 15, 20, 25, 30, 35, 40, 45, 50, 55, 60, 65, 70, 75, 80, 85, 90, 95, 100]","[11, 5, 9, 7, 4, 4, 5, 7, 0, 4, 2, 0, 0, 1, 0, 1, 1167, 17, 10, 359]","[0.006819590824550527, 0.009919404835709857, 0.015499070055796652, 0.019838809671419714, 0.022318660880347178, 0.024798512089274645, 0.027898326100433975, 0.032238065716057036, 0.032238065716057036, 0.0347179169249845, 0.03595784252944823, 0.03595784252944823, 0.03595784252944823, 0.0365778053316801, 0.0365778053316801, 0.037197768133911964, 0.7606943583384997, 0.7712337259764415, 0.7774333539987601, 1.0]",4.0,2.0,2.0,2.0,2.0,2,-12.38887,8.0,-12.0,hrl_dqn_apf,hierarchical,dqn,-13.228,8.407,-1.738,0.00,0.00,0.00,-13.384,8.476,2.676,0.00,0.00,0.00,-15.952,8.346,-3.087,0.00,0.00,0.00,4.037,4.037,4.037
2026-02-04 20:36:25,58.22,42,378,420,10.00%,89.41,2.60%,"[0, 5, 10, 15, 20, 25, 30, 35, 40, 45, 50, 55, 60, 65, 70, 75, 80, 85, 90, 95, 100]","[9, 8, 7, 10, 4, 4, 3, 8, 1, 4, 1, 1, 0, 1, 0, 1, 1167, 16, 9, 359]","[0.005579665220086794, 0.010539367637941723, 0.014879107253564786, 0.021078735275883446, 0.023558586484810913, 0.026038437693738377, 0.027898326100433975, 0.0328580285182889, 0.03347799132052077, 0.03595784252944823, 0.0365778053316801, 0.037197768133911964, 0.037197768133911964, 0.03781773093614383, 0.03781773093614383, 0.038437693738375696, 0.7619342839429635, 0.7718536887786733, 0.7774333539987601, 1.0]",4.0,2.0,2.0,2.0,2.0,11,-18.30986,8.0,0.0,hrl_dqn_apf,hierarchical,dqn,-12.640,8.426,-1.491,0.00,0.00,0.00,-13.605,8.549,2.145,0.00,0.00,0.00,-16.442,8.345,-3.222,0.00,0.00,0.00,4.034,4.034,4.034
2026-02-04 20:36:26,59.22,42,379,421,9.98%,89.72,2.60%,"[0, 5, 10, 15, 20, 25, 30, 35, 40, 45, 50, 55, 60, 65, 70, 75, 80, 85, 90, 95, 100]","[10, 7, 6, 9, 6, 4, 4, 5, 4, 1, 4, 1, 0, 1, 0, 0, 1168, 10, 13, 360]","[0.006199628022318661, 0.010539367637941723, 0.01425914445133292, 0.019838809671419714, 0.023558586484810913, 0.026038437693738377, 0.02851828890266584, 0.03161810291382517, 0.034097954122752634, 0.0347179169249845, 0.037197768133911964, 0.03781773093614383, 0.03781773093614383, 0.038437693738375696, 0.038437693738375696, 0.038437693738375696, 0.7625542467451953, 0.768753874767514, 0.7768133911965283, 1.0]",4.0,2.0,2.0,2.0,2.0,15,-24.1485,8.0,6.0,hrl_dqn_apf,hierarchical,dqn,-11.349,8.456,-1.592,0.00,0.00,0.00,-14.447,8.660,2.537,0.00,0.00,0.00,-17.681,8.399,-3.728,0.00,0.00,0.00,4.031,4.031,4.031
2026-02-04 20:36:27,60.22,43,378,421,10.21%,89.86,2.67%,"[0, 5, 10, 15, 20, 25, 30, 35, 40, 45, 50, 55, 60, 65, 70, 75, 80, 85, 90, 95, 100]","[11, 4, 6, 9, 7, 6, 3, 4, 6, 0, 6, 1, 0, 0, 1, 0, 1165, 10, 14, 360]","[0.006819590824550527, 0.009299442033477991, 0.013019218846869188, 0.018598884066955982, 0.022938623682579044, 0.026658400495970243, 0.02851828890266584, 0.030998140111593304, 0.0347179169249845, 0.0347179169249845, 0.038437693738375696, 0.03905765654060756, 0.03905765654060756, 0.03905765654060756, 0.03967761934283943, 0.03967761934283943, 0.7619342839429635, 0.7681339119652821, 0.7768133911965283, 1.0]",4.0,2.0,2.0,2.0,2.0,20,-24.06857,8.0,12.0,hrl_dqn_apf,hierarchical,dqn,-10.860,8.464,-2.089,0.00,0.00,0.00,-14.793,8.688,3.135,0.00,0.00,0.00,-17.536,8.492,-3.849,0.00,0.00,0.00,4.028,4.028,4.028
2026-02-04 20:36:28,61.22,43,380,423,10.17%,90.04,2.67%,"[0, 5, 10, 15, 20, 25, 30, 35, 40, 45, 50, 55, 60, 65, 70, 75, 80, 85, 90, 95, 100]","[10, 5, 6, 9, 8, 5, 4, 4, 6, 0, 4, 2, 0, 0, 1, 0, 1161, 12, 14, 362]","[0.006199628022318661, 0.009299442033477991, 0.013019218846869188, 0.018598884066955982, 0.023558586484810913, 0.026658400495970243, 0.029138251704897707, 0.03161810291382517, 0.035337879727216366, 0.035337879727216366, 0.03781773093614383, 0.03905765654060756, 0.03905765654060756, 0.03905765654060756, 0.03967761934283943, 0.03967761934283943, 0.759454432734036, 0.7668939863608184, 0.7755734655920645, 1.0]",4.0,2.0,2.0,2.0,2.0,9,0.01162000000000063,8.0,-6.0,hrl_dqn_apf,hierarchical,dqn,-10.946,8.577,-2.414,0.00,0.00,0.00,-14.663,8.791,3.486,0.00,0.00,0.00,-17.288,8.544,-3.547,0.00,0.00,0.00,4.025,4.025,4.025
2026-02-04 20:36:29,62.22,42,379,421,9.98%,90.24,2.60%,"[0, 5, 10, 15, 20, 25, 30, 35, 40, 45, 50, 55, 60, 65, 70, 75, 80, 85, 90, 95, 100]","[10, 5, 5, 9, 8, 5, 4, 4, 7, 0, 4, 2, 0, 0, 1, 0, 1161, 10, 14, 364]","[0.006199628022318661, 0.009299442033477991, 0.012399256044637322, 0.017978921264724116, 0.022938623682579044, 0.026038437693738377, 0.02851828890266584, 0.030998140111593304, 0.035337879727216366, 0.035337879727216366, 0.03781773093614383, 0.03905765654060756, 0.03905765654060756, 0.03905765654060756, 0.03967761934283943, 0.03967761934283943, 0.759454432734036, 0.7656540607563547, 0.7743335399876008, 1.0]",4.0,2.0,2.0,2.0,2.0,4,0.0918600000000005,8.0,-12.0,hrl_dqn_apf,hierarchical,dqn,-11.283,8.646,-2.293,0.00,0.00,0.00,-14.093,8.802,3.600,0.00,0.00,0.00,-17.204,8.549,-2.921,0.00,0.00,0.00,4.022,4.022,4.022
2026-02-04 20:36:30,63.23,41,380,421,9.74%,90.63,2.54%,"[0, 5, 10, 15, 20, 25, 30, 35, 40, 45, 50, 55, 60, 65, 70, 75, 80, 85, 90, 95, 100]","[9, 6, 4, 8, 8, 6, 4, 3, 8, 1, 2, 3, 1, 0, 1, 0, 1160, 9, 16, 364]","[0.005579665220086794, 0.009299442033477991, 0.011779293242405457, 0.016738995660260384, 0.02169869807811531, 0.02541847489150651, 0.027898326100433975, 0.029758214507129573, 0.0347179169249845, 0.035337879727216366, 0.0365778053316801, 0.038437693738375696, 0.03905765654060756, 0.03905765654060756, 0.03967761934283943, 0.03967761934283943, 0.7588344699318041, 0.7644141351518909, 0.7743335399876008, 1.0]",4.0,2.0,2.0,2.0,2.0,4,0.2516499999999997,8.0,-12.0,hrl_dqn_apf,hierarchical,dqn,-10.797,8.737,-1.664,0.00,0.00,0.00,-12.686,8.836,3.596,0.00,0.00,0.00,-17.120,8.581,-1.495,0.00,0.00,0.00,4.019,4.019,4.019
2026-02-04 20:36:31,64.23,40,381,421,9.50%,90.79,2.48%,"[0, 5, 10, 15, 20, 25, 30, 35, 40, 45, 50, 55, 60, 65, 70, 75, 80, 85, 90, 95, 100]","[9, 5, 5, 6, 9, 6, 4, 4, 7, 3, 1, 3, 1, 0, 1, 0, 1161, 9, 10, 369]","[0.005579665220086794, 0.008679479231246125, 0.011779293242405457, 0.015499070055796652, 0.021078735275883446, 0.024798512089274645, 0.02727836329820211, 0.029758214507129573, 0.034097954122752634, 0.03595784252944823, 0.0365778053316801, 0.038437693738375696, 0.03905765654060756, 0.03905765654060756, 0.03967761934283943, 0.03967761934283943, 0.759454432734036, 0.7650340979541228, 0.7712337259764415, 1.0]",4.0,2.0,2.0,2.0,2.0,10,-23.66816,8.0,0.0,hrl_dqn_apf,hierarchical,dqn,-10.114,8.737,-1.605,0.00,0.00,0.00,-12.374,8.895,3.162,0.00,0.00,0.00,-16.674,8.628,-1.173,0.00,0.00,0.00,4.016,4.016,4.016
2026-02-04 20:36:32,65.23,40,383,423,9.46%,90.90,2.48%,"[0, 5, 10, 15, 20, 25, 30, 35, 40, 45, 50, 55, 60, 65, 70, 75, 80, 85, 90, 95, 100]","[9, 7, 4, 5, 7, 8, 5, 3, 5, 5, 0, 5, 1, 1, 1, 0, 1158, 9, 10, 370]","[0.005579665220086794, 0.009919404835709857, 0.012399256044637322, 0.015499070055796652, 0.019838809671419714, 0.024798512089274645, 0.027898326100433975, 0.029758214507129573, 0.0328580285182889, 0.03595784252944823, 0.03595784252944823, 0.03905765654060756, 0.03967761934283943, 0.040297582145071294, 0.04091754494730316, 0.04091754494730316, 0.7588344699318041, 0.7644141351518909, 0.7706137631742096, 1.0]",4.0,2.0,2.0,2.0,2.0,11,-17.587609999999998,8.0,0.0,hrl_dqn_apf,hierarchical,dqn,-9.602,8.742,-1.584,0.00,0.00,0.00,-12.616,8.972,2.825,0.00,0.00,0.00,-16.002,8.630,-1.072,0.00,0.00,0.00,4.013,4.013,4.013
2026-02-04 20:36:33,66.23,40,387,427,9.37%,91.07,2.48%,"[0, 5, 10, 15, 20, 25, 30, 35, 40, 45, 50, 55, 60, 65, 70, 75, 80, 85, 90, 95, 100]","[11, 4, 4, 5, 8, 8, 5, 4, 4, 6, 1, 3, 1, 1, 0, 1, 1156, 7, 14, 370]","[0.006819590824550527, 0.009299442033477991, 0.011779293242405457, 0.014879107253564786, 0.019838809671419714, 0.024798512089274645, 0.027898326100433975, 0.03037817730936144, 0.0328580285182889, 0.0365778053316801, 0.037197768133911964, 0.03905765654060756, 0.03967761934283943, 0.040297582145071294, 0.040297582145071294, 0.04091754494730316, 0.7575945443273404, 0.7619342839429635, 0.7706137631742096, 1.0]",4.0,2.0,2.0,2.0,2.0,19,0.4923000000000002,8.0,6.0,hrl_dqn_apf,hierarchical,dqn,-9.724,8.783,-1.571,0.00,0.00,0.00,-13.224,8.979,2.714,0.00,0.00,0.00,-15.264,8.627,-1.040,0.00,0.00,0.00,4.010,4.010,4.010
2026-02-04 20:36:34,67.23,40,387,427,9.37%,91.46,2.48%,"[0, 5, 10, 15, 20, 25, 30, 35, 40, 45, 50, 55, 60, 65, 70, 75, 80, 85, 90, 95, 100]","[10, 5, 4, 5, 8, 8, 4, 4, 4, 7, 1, 3, 0, 2, 0, 1, 1152, 11, 8, 376]","[0.006199628022318661, 0.009299442033477991, 0.011779293242405457, 0.014879107253564786, 0.019838809671419714, 0.024798512089274645, 0.02727836329820211, 0.029758214507129573, 0.032238065716057036, 0.0365778053316801, 0.037197768133911964, 0.03905765654060756, 0.03905765654060756, 0.040297582145071294, 0.040297582145071294, 0.04091754494730316, 0.755114693118413, 0.7619342839429635, 0.7668939863608184, 1.0]",4.0,2.0,2.0,2.0,2.0,22,-11.34744,8.0,12.0,hrl_dqn_apf,hierarchical,dqn,-10.880,8.868,-1.572,0.00,0.00,0.00,-13.761,9.162,3.258,0.00,0.00,0.00,-14.702,8.703,-1.601,0.00,0.00,0.00,4.007,4.007,4.007
2026-02-04 20:36:35,68.24,38,389,427,8.90%,91.66,2.36%,"[0, 5, 10, 15, 20, 25, 30, 35, 40, 45, 50, 55, 60, 65, 70, 75, 80, 85, 90, 95, 100]","[10, 4, 6, 3, 7, 8, 6, 4, 3, 8, 1, 3, 0, 2, 0, 1, 1150, 12, 9, 376]","[0.006199628022318661, 0.008679479231246125, 0.012399256044637322, 0.01425914445133292, 0.018598884066955982, 0.023558586484810913, 0.02727836329820211, 0.029758214507129573, 0.03161810291382517, 0.0365778053316801, 0.037197768133911964, 0.03905765654060756, 0.03905765654060756, 0.040297582145071294, 0.040297582145071294, 0.04091754494730316, 0.7538747675139492, 0.7613143211407316, 0.7668939863608184, 1.0]",4.0,2.0,2.0,2.0,2.0,10,-23.26688,8.0,0.0,hrl_dqn_apf,hierarchical,dqn,-10.733,8.970,-1.615,0.00,0.00,0.00,-13.609,9.193,3.913,0.00,0.00,0.00,-15.065,8.681,-2.140,0.00,0.00,0.00,4.004,4.004,4.004
2026-02-04 20:36:36,69.24,38,391,429,8.86%,91.86,2.36%,"[0, 5, 10, 15, 20, 25, 30, 35, 40, 45, 50, 55, 60, 65, 70, 75, 80, 85, 90, 95, 100]","[10, 5, 4, 3, 6, 10, 5, 4, 4, 7, 2, 2, 1, 1, 1, 1, 1148, 14, 9, 376]","[0.006199628022318661, 0.009299442033477991, 0.011779293242405457, 0.013639181649101054, 0.01735895846249225, 0.023558586484810913, 0.026658400495970243, 0.029138251704897707, 0.03161810291382517, 0.03595784252944823, 0.037197768133911964, 0.038437693738375696, 0.03905765654060756, 0.03967761934283943, 0.040297582145071294, 0.04091754494730316, 0.7526348419094855, 0.7613143211407316, 0.7668939863608184, 1.0]",4.0,2.0,2.0,2.0,2.0,18,-5.18698,8.0,6.0,hrl_dqn_apf,hierarchical,dqn,-10.154,8.995,-1.645,0.00,0.00,0.00,-13.515,9.191,4.638,0.00,0.00,0.00,-15.653,8.684,-2.460,0.00,0.00,0.00,4.001,4.001,4.001
2026-02-04 20:36:37,70.24,36,391,427,8.43%,92.05,2.23%,"[0, 5, 10, 15, 20, 25, 30, 35, 40, 45, 50, 55, 60, 65, 70, 75, 80, 85, 90, 95, 100]","[11, 4, 5, 3, 5, 8, 6, 5, 4, 5, 4, 0, 3, 1, 1, 1, 1148, 12, 11, 376]","[0.006819590824550527, 0.009299442033477991, 0.012399256044637322, 0.01425914445133292, 0.01735895846249225, 0.022318660880347178, 0.026038437693738377, 0.029138251704897707, 0.03161810291382517, 0.0347179169249845, 0.037197768133911964, 0.037197768133911964, 0.03905765654060756, 0.03967761934283943, 0.040297582145071294, 0.04091754494730316, 0.7526348419094855, 0.7600743955362679, 0.7668939863608184, 1.0]",4.0,2.0,2.0,2.0,2.0,14,0.9733599999999996,8.0,0.0,hrl_dqn_apf,hierarchical,dqn,-9.621,9.021,-1.627,0.00,0.00,0.00,-13.254,9.256,5.164,0.00,0.00,0.00,-16.364,8.656,-2.602,0.00,0.00,0.00,3.998,3.998,3.998
2026-02-04 20:36:38,71.24,35,392,427,8.20%,92.31,2.17%,"[0, 5, 10, 15, 20, 25, 30, 35, 40, 45, 50, 55, 60, 65, 70, 75, 80, 85, 90, 95, 100]","[9, 7, 4, 3, 3, 9, 7, 5, 4, 4, 6, 0, 3, 1, 1, 0, 1143, 16, 8, 380]","[0.005579665220086794, 0.009919404835709857, 0.012399256044637322, 0.01425914445133292, 0.016119032858028518, 0.02169869807811531, 0.026038437693738377, 0.029138251704897707, 0.03161810291382517, 0.034097954122752634, 0.03781773093614383, 0.03781773093614383, 0.03967761934283943, 0.040297582145071294, 0.04091754494730316, 0.04091754494730316, 0.749535027898326, 0.759454432734036, 0.7644141351518909, 1.0]",4.0,2.0,2.0,2.0,2.0,1,-16.94632,8.0,-12.0,hrl_dqn_apf,hierarchical,dqn,-9.632,9.123,-1.015,0.00,0.00,0.00,-11.937,9.267,5.398,0.00,0.00,0.00,-16.552,8.824,-2.728,0.00,0.00,0.00,3.995,3.995,3.995
2026-02-04 20:36:39,72.24,34,394,428,7.94%,92.45,2.11%,"[0, 5, 10, 15, 20, 25, 30, 35, 40, 45, 50, 55, 60, 65, 70, 75, 80, 85, 90, 95, 100]","[9, 5, 5, 3, 4, 8, 7, 5, 4, 4, 7, 1, 3, 0, 2, 0, 1143, 16, 8, 379]","[0.005579665220086794, 0.008679479231246125, 0.011779293242405457, 0.013639181649101054, 0.016119032858028518, 0.021078735275883446, 0.02541847489150651, 0.02851828890266584, 0.030998140111593304, 0.03347799132052077, 0.03781773093614383, 0.038437693738375696, 0.040297582145071294, 0.040297582145071294, 0.041537507749535026, 0.041537507749535026, 0.750154990700558, 0.7600743955362679, 0.7650340979541228, 1.0]",4.0,2.0,2.0,2.0,2.0,19,1.1334700000000009,8.0,6.0,hrl_dqn_apf,hierarchical,dqn,-9.632,9.200,-1.206,0.00,0.00,0.00,-11.189,9.264,5.415,0.00,0.00,0.00,-15.926,8.826,-2.739,0.00,0.00,0.00,3.992,3.992,3.992
2026-02-04 20:36:40,73.25,33,393,426,7.75%,92.58,2.05%,"[0, 5, 10, 15, 20, 25, 30, 35, 40, 45, 50, 55, 60, 65, 70, 75, 80, 85, 90, 95, 100]","[7, 7, 5, 3, 3, 8, 8, 5, 5, 3, 8, 1, 3, 0, 2, 0, 1143, 10, 13, 379]","[0.0043397396156230625, 0.008679479231246125, 0.011779293242405457, 0.013639181649101054, 0.015499070055796652, 0.02045877247365158, 0.02541847489150651, 0.02851828890266584, 0.03161810291382517, 0.03347799132052077, 0.038437693738375696, 0.03905765654060756, 0.04091754494730316, 0.04091754494730316, 0.04215747055176689, 0.04215747055176689, 0.7507749535027899, 0.7569745815251085, 0.7650340979541228, 1.0]",4.0,2.0,2.0,2.0,2.0,20,-22.78638,8.0,12.0,hrl_dqn_apf,hierarchical,dqn,-9.632,9.206,-1.800,0.00,0.00,0.00,-10.429,9.261,5.420,0.00,0.00,0.00,-15.199,8.824,-2.742,0.00,0.00,0.00,3.989,3.989,3.989
2026-02-04 20:36:41,74.25,31,393,424,7.31%,92.70,1.92%,"[0, 5, 10, 15, 20, 25, 30, 35, 40, 45, 50, 55, 60, 65, 70, 75, 80, 85, 90, 95, 100]","[7, 7, 4, 4, 3, 6, 9, 5, 6, 4, 8, 1, 2, 1, 1, 1, 1141, 10, 15, 378]","[0.0043397396156230625, 0.008679479231246125, 0.011159330440173589, 0.013639181649101054, 0.015499070055796652, 0.019218846869187848, 0.024798512089274645, 0.027898326100433975, 0.03161810291382517, 0.034097954122752634, 0.03905765654060756, 0.03967761934283943, 0.04091754494730316, 0.041537507749535026, 0.04215747055176689, 0.04277743335399876, 0.750154990700558, 0.7563546187228767, 0.7656540607563547, 1.0]",4.0,2.0,2.0,2.0,2.0,4,1.2940299999999993,8.0,-12.0,hrl_dqn_apf,hierarchical,dqn,-9.861,9.270,-2.289,0.00,0.00,0.00,-10.132,9.410,5.422,0.00,0.00,0.00,-14.449,8.821,-2.743,0.00,0.00,0.00,3.986,3.986,3.986
2026-02-04 20:36:42,75.25,30,394,424,7.08%,93.07,1.86%,"[0, 5, 10, 15, 20, 25, 30, 35, 40, 45, 50, 55, 60, 65, 70, 75, 80, 85, 90, 95, 100]","[8, 7, 4, 4, 2, 5, 7, 7, 6, 4, 4, 6, 0, 3, 1, 1, 1137, 11, 15, 381]","[0.0049597024178549285, 0.009299442033477991, 0.011779293242405457, 0.01425914445133292, 0.015499070055796652, 0.018598884066955982, 0.022938623682579044, 0.02727836329820211, 0.030998140111593304, 0.03347799132052077, 0.03595784252944823, 0.03967761934283943, 0.03967761934283943, 0.041537507749535026, 0.04215747055176689, 0.04277743335399876, 0.7476751394916304, 0.7544947303161811, 0.7637941723496591, 1.0]",4.0,2.0,2.0,2.0,2.0,21,-16.62603,8.0,12.0,hrl_dqn_apf,hierarchical,dqn,-9.863,9.487,-2.439,0.00,0.00,0.00,-11.160,9.475,5.371,0.00,0.00,0.00,-14.227,8.924,-2.808,0.00,0.00,0.00,3.983,3.983,3.983
2026-02-04 20:36:43,76.26,28,390,418,6.70%,93.24,1.74%,"[0, 5, 10, 15, 20, 25, 30, 35, 40, 45, 50, 55, 60, 65, 70, 75, 80, 85, 90, 95, 100]","[8, 4, 7, 3, 3, 3, 9, 7, 6, 4, 4, 6, 0, 3, 1, 1, 1137, 9, 17, 381]","[0.0049597024178549285, 0.007439553626782393, 0.011779293242405457, 0.013639181649101054, 0.015499070055796652, 0.01735895846249225, 0.022938623682579044, 0.02727836329820211, 0.030998140111593304, 0.03347799132052077, 0.03595784252944823, 0.03967761934283943, 0.03967761934283943, 0.041537507749535026, 0.04215747055176689, 0.04277743335399876, 0.7476751394916304, 0.7532548047117174, 0.7637941723496591, 1.0]",4.0,2.0,2.0,2.0,2.0,0,-22.465960000000003,8.0,-12.0,hrl_dqn_apf,hierarchical,dqn,-9.563,9.551,-2.395,0.00,0.00,0.00,-11.456,9.517,4.924,0.00,0.00,0.00,-14.848,8.875,-2.872,0.00,0.00,0.00,3.980,3.980,3.980
2026-02-04 20:36:44,77.26,28,396,424,6.60%,93.43,1.74%,"[0, 5, 10, 15, 20, 25, 30, 35, 40, 45, 50, 55, 60, 65, 70, 75, 80, 85, 90, 95, 100]","[8, 5, 6, 3, 3, 3, 9, 6, 5, 4, 4, 8, 1, 3, 1, 0, 1136, 10, 17, 381]","[0.0049597024178549285, 0.008059516429014259, 0.011779293242405457, 0.013639181649101054, 0.015499070055796652, 0.01735895846249225, 0.022938623682579044, 0.026658400495970243, 0.029758214507129573, 0.032238065716057036, 0.0347179169249845, 0.03967761934283943, 0.040297582145071294, 0.04215747055176689, 0.04277743335399876, 0.04277743335399876, 0.7470551766893986, 0.7532548047117174, 0.7637941723496591, 1.0]",4.0,2.0,2.0,2.0,2.0,18,-4.385669999999999,8.0,6.0,hrl_dqn_apf,hierarchical,dqn,-9.571,9.652,-2.341,0.00,0.00,0.00,-11.549,9.519,4.254,0.00,0.00,0.00,-15.568,8.821,-2.938,0.00,0.00,0.00,3.977,3.977,3.977
2026-02-04 20:36:45,78.26,28,398,426,6.57%,93.59,1.74%,"[0, 5, 10, 15, 20, 25, 30, 35, 40, 45, 50, 55, 60, 65, 70, 75, 80, 85, 90, 95, 100]","[8, 5, 6, 4, 2, 3, 8, 8, 5, 4, 3, 8, 1, 3, 0, 1, 1136, 10, 11, 387]","[0.0049597024178549285, 0.008059516429014259, 0.011779293242405457, 0.01425914445133292, 0.015499070055796652, 0.01735895846249225, 0.022318660880347178, 0.02727836329820211, 0.03037817730936144, 0.0328580285182889, 0.0347179169249845, 0.03967761934283943, 0.040297582145071294, 0.04215747055176689, 0.04215747055176689, 0.04277743335399876, 0.7470551766893986, 0.7532548047117174, 0.7600743955362679, 1.0]",4.0,2.0,2.0,2.0,2.0,2,-10.30587,8.0,-12.0,hrl_dqn_apf,hierarchical,dqn,-9.565,9.683,-2.082,0.00,0.00,0.00,-11.579,9.516,3.516,0.00,0.00,0.00,-16.095,8.884,-3.214,0.00,0.00,0.00,3.975,3.975,3.975
2026-02-04 20:36:46,79.26,29,397,426,6.81%,93.90,1.80%,"[0, 5, 10, 15, 20, 25, 30, 35, 40, 45, 50, 55, 60, 65, 70, 75, 80, 85, 90, 95, 100]","[12, 2, 5, 5, 2, 3, 6, 7, 7, 5, 4, 5, 3, 1, 1, 1, 1132, 8, 15, 389]","[0.007439553626782393, 0.008679479231246125, 0.011779293242405457, 0.014879107253564786, 0.016119032858028518, 0.017978921264724116, 0.02169869807811531, 0.026038437693738377, 0.03037817730936144, 0.03347799132052077, 0.03595784252944823, 0.03905765654060756, 0.04091754494730316, 0.041537507749535026, 0.04215747055176689, 0.04277743335399876, 0.7445753254804711, 0.749535027898326, 0.7588344699318041, 1.0]",4.0,2.0,2.0,2.0,2.0,2,-10.30587,8.0,-12.0,hrl_dqn_apf,hierarchical,dqn,-10.003,0.061,-0.757,0.00,0.00,0.00,-14.299,0.029,-0.590,0.00,0.00,0.00,-20.110,0.029,-0.590,0.00,0.00,0.00,3.975,3.975,3.975
2026-02-04 20:36:47,80.27,24,400,424,5.66%,125.79,5.66%,"[0, 5, 10, 15, 20, 25, 30, 35, 40, 45, 50, 55, 60, 65, 70, 75, 80, 85, 90, 95, 100]","[7, 2, 6, 4, 3, 2, 5, 8, 6, 7, 3, 4, 5, 0, 2, 1, 14, 6, 10, 329]","[0.01650943396226415, 0.02122641509433962, 0.03537735849056604, 0.04481132075471698, 0.05188679245283019, 0.05660377358490566, 0.06839622641509434, 0.08726415094339622, 0.10141509433962265, 0.1179245283018868, 0.125, 0.13443396226415094, 0.14622641509433962, 0.14622641509433962, 0.1509433962264151, 0.15330188679245282, 0.18632075471698112, 0.20047169811320756, 0.2240566037735849, 1.0]",4.0,2.0,2.0,2.0,2.0,2,-10.30587,8.0,-12.0,hrl_dqn_apf,hierarchical,dqn,-10.003,0.213,-0.757,0.00,0.00,0.00,-14.299,0.029,-0.590,0.00,0.00,0.00,-20.110,0.029,-0.590,0.00,0.00,0.00,4.200,4.200,4.200
2026-02-04 20:36:48,81.27,24,399,423,5.67%,126.59,5.66%,"[0, 5, 10, 15, 20, 25, 30, 35, 40, 45, 50, 55, 60, 65, 70, 75, 80, 85, 90, 95, 100]","[6, 3, 3, 7, 2, 3, 4, 8, 7, 6, 4, 4, 5, 0, 2, 1, 14, 6, 8, 331]","[0.014150943396226415, 0.02122641509433962, 0.02830188679245283, 0.04481132075471698, 0.049528301886792456, 0.05660377358490566, 0.0660377358490566, 0.08490566037735849, 0.10141509433962265, 0.11556603773584906, 0.125, 0.13443396226415094, 0.14622641509433962, 0.14622641509433962, 0.1509433962264151, 0.15330188679245282, 0.18632075471698112, 0.20047169811320756, 0.21933962264150944, 1.0]",4.0,2.0,2.0,2.0,2.0,2,-10.30587,8.0,-12.0,hrl_dqn_apf,hierarchical,dqn,-10.003,0.574,-0.757,0.00,0.00,0.00,-14.299,0.029,-0.590,0.00,0.00,0.00,-20.110,0.029,-0.590,0.00,0.00,0.00,4.200,4.200,4.200
2026-02-04 20:36:49,82.27,24,399,423,5.67%,127.39,5.66%,"[0, 5, 10, 15, 20, 25, 30, 35, 40, 45, 50, 55, 60, 65, 70, 75, 80, 85, 90, 95, 100]","[6, 3, 3, 7, 2, 3, 3, 9, 6, 6, 3, 5, 6, 0, 2, 1, 8, 11, 8, 332]","[0.014150943396226415, 0.02122641509433962, 0.02830188679245283, 0.04481132075471698, 0.049528301886792456, 0.05660377358490566, 0.06367924528301887, 0.08490566037735849, 0.09905660377358491, 0.11320754716981132, 0.12028301886792453, 0.1320754716981132, 0.14622641509433962, 0.14622641509433962, 0.1509433962264151, 0.15330188679245282, 0.1721698113207547, 0.19811320754716982, 0.2169811320754717, 1.0]",4.0,2.0,2.0,2.0,2.0,2,-10.30587,8.0,-12.0,hrl_dqn_apf,hierarchical,dqn,-10.003,0.956,-0.757,0.00,0.00,0.00,-14.299,0.029,-0.590,0.00,0.00,0.00,-20.110,0.029,-0.590,0.00,0.00,0.00,4.200,4.200,4.200
2026-02-04 20:36:50,83.27,23,400,423,5.44%,128.31,5.35%,"[0, 5, 10, 15, 20, 25, 30, 35, 40, 45, 50, 55, 60, 65, 70, 75, 80, 85, 90, 95, 100]","[4, 4, 3, 5, 4, 3, 2, 8, 7, 6, 4, 4, 7, 1, 2, 0, 13, 13, 8, 332]","[0.009302325581395349, 0.018604651162790697, 0.02558139534883721, 0.037209302325581395, 0.046511627906976744, 0.053488372093023255, 0.05813953488372093, 0.07674418604651163, 0.09302325581395349, 0.10697674418604651, 0.11627906976744186, 0.12558139534883722, 0.14186046511627906, 0.14418604651162792, 0.14883720930232558, 0.14883720930232558, 0.17906976744186046, 0.20930232558139536, 0.22790697674418606, 1.0]",4.0,2.0,2.0,2.0,2.0,2,-10.30587,8.0,-12.0,hrl_dqn_apf,hierarchical,dqn,-10.003,1.584,-0.757,0.00,0.00,0.00,-14.299,0.029,-0.590,0.00,0.00,0.00,-20.110,0.029,-0.590,0.00,0.00,0.00,4.200,4.200,4.200
2026-02-04 20:36:51,84.27,22,401,423,5.20%,129.10,5.12%,"[0, 5, 10, 15, 20, 25, 30, 35, 40, 45, 50, 55, 60, 65, 70, 75, 80, 85, 90, 95, 100]","[0, 8, 2, 6, 4, 2, 3, 6, 8, 6, 5, 4, 6, 2, 1, 1, 9, 13, 6, 338]","[0.0, 0.018604651162790697, 0.023255813953488372, 0.037209302325581395, 0.046511627906976744, 0.05116279069767442, 0.05813953488372093, 0.07209302325581396, 0.09069767441860466, 0.10465116279069768, 0.11627906976744186, 0.12558139534883722, 0.13953488372093023, 0.14418604651162792, 0.14651162790697675, 0.14883720930232558, 0.1697674418604651, 0.2, 0.21395348837209302, 1.0]",4.0,2.0,2.0,2.0,2.0,2,-10.30587,8.0,-12.0,hrl_dqn_apf,hierarchical,dqn,-10.003,1.555,-0.757,0.00,0.00,0.00,-14.299,0.029,-0.590,0.00,0.00,0.00,-20.110,0.029,-0.590,0.00,0.00,0.00,4.200,4.200,4.200
2026-02-04 20:36:52,85.27,22,401,423,5.20%,129.89,5.12%,"[0, 5, 10, 15, 20, 25, 30, 35, 40, 45, 50, 55, 60, 65, 70, 75, 80, 85, 90, 95, 100]","[0, 8, 1, 6, 4, 3, 3, 5, 7, 7, 6, 3, 5, 4, 0, 2, 7, 14, 7, 338]","[0.0, 0.018604651162790697, 0.020930232558139535, 0.03488372093023256, 0.044186046511627906, 0.05116279069767442, 0.05813953488372093, 0.06976744186046512, 0.08604651162790698, 0.10232558139534884, 0.11627906976744186, 0.12325581395348838, 0.13488372093023257, 0.14418604651162792, 0.14418604651162792, 0.14883720930232558, 0.16511627906976745, 0.19767441860465115, 0.21395348837209302, 1.0]",4.0,2.0,2.0,2.0,2.0,2,-10.30587,8.0,-12.0,hrl_dqn_apf,hierarchical,dqn,-10.003,1.567,-0.757,0.00,0.00,0.00,-14.299,0.029,-0.590,0.00,0.00,0.00,-20.110,0.029,-0.590,0.00,0.00,0.00,4.200,4.200,4.200
2026-02-04 20:36:53,86.28,21,403,424,4.95%,130.56,4.87%,"[0, 5, 10, 15, 20, 25, 30, 35, 40, 45, 50, 55, 60, 65, 70, 75, 80, 85, 90, 95, 100]","[0, 6, 3, 4, 6, 2, 3, 4, 8, 7, 6, 4, 4, 5, 0, 2, 8, 14, 6, 339]","[0.0, 0.013921113689095127, 0.02088167053364269, 0.030162412993039442, 0.04408352668213457, 0.048723897911832945, 0.05568445475638051, 0.06496519721577726, 0.08352668213457076, 0.09976798143851508, 0.1136890951276102, 0.12296983758700696, 0.13225058004640372, 0.14385150812064965, 0.14385150812064965, 0.14849187935034802, 0.16705336426914152, 0.19953596287703015, 0.21345707656612528, 1.0]",4.0,2.0,2.0,2.0,2.0,2,-10.30587,8.0,-12.0,hrl_dqn_apf,hierarchical,dqn,-10.003,1.579,-0.757,0.00,0.00,0.00,-14.299,0.238,-0.590,0.00,0.00,0.00,-20.110,0.029,-0.590,0.00,0.00,0.00,4.200,4.200,4.200
2026-02-04 20:36:54,87.28,21,397,418,5.02%,132.13,4.87%,"[0, 5, 10, 15, 20, 25, 30, 35, 40, 45, 50, 55, 60, 65, 70, 75, 80, 85, 90, 95, 100]","[0, 4, 4, 3, 6, 4, 2, 4, 8, 7, 5, 4, 4, 6, 1, 2, 7, 7, 13, 340]","[0.0, 0.009280742459396751, 0.018561484918793503, 0.025522041763341066, 0.03944315545243619, 0.048723897911832945, 0.05336426914153132, 0.06264501160092807, 0.08120649651972157, 0.09744779582366589, 0.10904872389791183, 0.11832946635730858, 0.12761020881670534, 0.14153132250580047, 0.14385150812064965, 0.14849187935034802, 0.16473317865429235, 0.18097447795823665, 0.2111368909512761, 1.0]",4.0,2.0,2.0,2.0,2.0,2,-10.30587,8.0,-12.0,hrl_dqn_apf,hierarchical,dqn,-10.003,1.588,-0.757,0.00,0.00,0.00,-14.299,0.990,-0.590,0.00,0.00,0.00,-20.110,0.029,-0.590,0.00,0.00,0.00,4.200,4.200,4.200
2026-02-04 20:36:55,88.28,20,402,422,4.74%,132.43,4.60%,"[0, 5, 10, 15, 20, 25, 30, 35, 40, 45, 50, 55, 60, 65, 70, 75, 80, 85, 90, 95, 100]","[0, 4, 4, 3, 6, 3, 3, 3, 7, 7, 6, 5, 3, 7, 1, 2, 5, 13, 13, 340]","[0.0, 0.009195402298850575, 0.01839080459770115, 0.02528735632183908, 0.03908045977011494, 0.04597701149425287, 0.052873563218390804, 0.059770114942528735, 0.07586206896551724, 0.09195402298850575, 0.10574712643678161, 0.11724137931034483, 0.12413793103448276, 0.14022988505747128, 0.1425287356321839, 0.1471264367816092, 0.15862068965517243, 0.18850574712643678, 0.21839080459770116, 1.0]",4.0,2.0,2.0,2.0,2.0,2,-10.30587,8.0,-12.0,hrl_dqn_apf,hierarchical,dqn,-10.003,1.590,-0.757,0.00,0.00,0.00,-14.299,1.381,-0.590,0.00,0.00,0.00,-20.110,0.029,-0.590,0.00,0.00,0.00,4.200,4.200,4.200
2026-02-04 20:36:56,89.28,20,400,420,4.76%,133.20,4.60%,"[0, 5, 10, 15, 20, 25, 30, 35, 40, 45, 50, 55, 60, 65, 70, 75, 80, 85, 90, 95, 100]","[0, 0, 8, 2, 6, 4, 2, 3, 6, 9, 5, 5, 4, 6, 2, 2, 5, 11, 13, 342]","[0.0, 0.0, 0.01839080459770115, 0.022988505747126436, 0.0367816091954023, 0.04597701149425287, 0.05057471264367816, 0.05747126436781609, 0.07126436781609195, 0.09195402298850575, 0.10344827586206896, 0.11494252873563218, 0.12413793103448276, 0.13793103448275862, 0.1425287356321839, 0.1471264367816092, 0.15862068965517243, 0.1839080459770115, 0.21379310344827587, 1.0]",4.0,2.0,2.0,2.0,2.0,2,-10.30587,8.0,-12.0,hrl_dqn_apf,hierarchical,dqn,-10.003,1.591,-0.757,0.00,0.00,0.00,-14.299,1.539,-0.590,0.00,0.00,0.00,-20.110,0.029,-0.590,0.00,0.00,0.00,4.200,4.200,4.200
2026-02-04 20:36:57,90.28,19,399,418,4.55%,133.98,4.37%,"[0, 5, 10, 15, 20, 25, 30, 35, 40, 45, 50, 55, 60, 65, 70, 75, 80, 85, 90, 95, 100]","[0, 0, 8, 2, 5, 4, 3, 3, 5, 8, 6, 6, 4, 5, 3, 0, 7, 7, 14, 345]","[0.0, 0.0, 0.01839080459770115, 0.022988505747126436, 0.034482758620689655, 0.04367816091954023, 0.05057471264367816, 0.05747126436781609, 0.06896551724137931, 0.08735632183908046, 0.10114942528735632, 0.11494252873563218, 0.12413793103448276, 0.135632183908046, 0.1425287356321839, 0.1425287356321839, 0.15862068965517243, 0.17471264367816092, 0.20689655172413793, 1.0]",4.0,2.0,2.0,2.0,2.0,2,-10.30587,8.0,-12.0,hrl_dqn_apf,hierarchical,dqn,-10.003,1.591,-0.757,0.00,0.00,0.00,-14.299,1.525,-0.590,0.00,0.00,0.00,-20.110,0.029,-0.590,0.00,0.00,0.00,4.200,4.200,4.200
2026-02-04 20:36:58,91.28,19,403,422,4.50%,134.52,4.29%,"[0, 5, 10, 15, 20, 25, 30, 35, 40, 45, 50, 55, 60, 65, 70, 75, 80, 85, 90, 95, 100]","[0, 0, 6, 3, 3, 7, 2, 3, 3, 9, 7, 6, 4, 4, 5, 0, 14, 8, 10, 349]","[0.0, 0.0, 0.013544018058690745, 0.020316027088036117, 0.02708803611738149, 0.04288939051918736, 0.04740406320541761, 0.05417607223476298, 0.060948081264108354, 0.08126410835214447, 0.09706546275395034, 0.11060948081264109, 0.11963882618510158, 0.12866817155756208, 0.1399548532731377, 0.1399548532731377, 0.17155756207674944, 0.18961625282167044, 0.21218961625282168, 1.0]",4.0,2.0,2.0,2.0,2.0,2,-10.30587,8.0,-12.0,hrl_dqn_apf,hierarchical,dqn,-10.003,1.591,-0.757,0.00,0.00,0.00,-14.299,1.549,-0.590,0.00,0.00,0.00,-20.110,0.308,-0.590,0.00,0.00,0.00,4.200,4.200,4.200
2026-02-04 20:36:59,92.28,17,403,420,4.05%,135.28,3.84%,"[0, 5, 10, 15, 20, 25, 30, 35, 40, 45, 50, 55, 60, 65, 70, 75, 80, 85, 90, 95, 100]","[0, 0, 5, 3, 4, 5, 4, 2, 4, 8, 7, 5, 4, 4, 6, 1, 14, 7, 7, 353]","[0.0, 0.0, 0.011286681715575621, 0.01805869074492099, 0.02708803611738149, 0.03837471783295711, 0.04740406320541761, 0.05191873589164785, 0.060948081264108354, 0.07900677200902935, 0.09480812641083522, 0.10609480812641084, 0.11512415349887133, 0.12415349887133183, 0.13769751693002258, 0.1399548532731377, 0.17155756207674944, 0.1873589164785553, 0.20316027088036118, 1.0]",4.0,2.0,2.0,2.0,2.0,2,-10.30587,8.0,-12.0,hrl_dqn_apf,hierarchical,dqn,-10.003,1.591,-0.757,0.00,0.00,0.00,-14.299,1.554,-0.590,0.00,0.00,0.00,-20.110,0.680,-0.590,0.00,0.00,0.00,4.200,4.200,4.200
2026-02-04 20:37:00,93.28,17,405,422,4.03%,135.54,3.80%,"[0, 5, 10, 15, 20, 25, 30, 35, 40, 45, 50, 55, 60, 65, 70, 75, 80, 85, 90, 95, 100]","[0, 0, 4, 4, 3, 6, 4, 2, 3, 8, 8, 5, 4, 3, 7, 1, 14, 5, 13, 353]","[0.0, 0.0, 0.008948545861297539, 0.017897091722595078, 0.024608501118568233, 0.03803131991051454, 0.04697986577181208, 0.05145413870246085, 0.058165548098434, 0.07606263982102908, 0.09395973154362416, 0.10514541387024609, 0.11409395973154363, 0.12080536912751678, 0.13646532438478748, 0.13870246085011187, 0.17002237136465326, 0.18120805369127516, 0.21029082774049218, 1.0]",4.0,2.0,2.0,2.0,2.0,2,-10.30587,8.0,-12.0,hrl_dqn_apf,hierarchical,dqn,-10.003,1.591,-0.757,0.00,0.00,0.00,-14.299,1.557,-0.590,0.00,0.00,0.00,-20.110,1.065,-0.590,0.00,0.00,0.00,4.200,4.200,4.200
2026-02-04 20:37:01,94.28,16,408,424,3.77%,136.05,3.56%,"[0, 5, 10, 15, 20, 25, 30, 35, 40, 45, 50, 55, 60, 65, 70, 75, 80, 85, 90, 95, 100]","[0, 0, 0, 8, 2, 6, 4, 2, 3, 6, 9, 5, 5, 4, 7, 1, 16, 5, 11, 355]","[0.0, 0.0, 0.0, 0.017817371937639197, 0.022271714922048998, 0.035634743875278395, 0.044543429844097995, 0.04899777282850779, 0.0556792873051225, 0.06904231625835189, 0.08908685968819599, 0.10022271714922049, 0.111358574610245, 0.12026726057906459, 0.1358574610244989, 0.13808463251670378, 0.17371937639198218, 0.18485523385300667, 0.20935412026726058, 1.0]",4.0,2.0,2.0,2.0,2.0,2,-10.30587,8.0,-12.0,hrl_dqn_apf,hierarchical,dqn,-10.003,1.591,-0.757,0.00,0.00,0.00,-14.299,1.558,-0.590,0.00,0.00,0.00,-20.110,1.457,-0.590,0.00,0.00,0.00,4.200,4.200,4.200
2026-02-04 20:37:02,95.28,15,408,423,3.55%,137.56,3.34%,"[0, 5, 10, 15, 20, 25, 30, 35, 40, 45, 50, 55, 60, 65, 70, 75, 80, 85, 90, 95, 100]","[0, 0, 0, 7, 2, 6, 4, 3, 2, 5, 7, 7, 6, 4, 4, 5, 8, 13, 7, 359]","[0.0, 0.0, 0.0, 0.015590200445434299, 0.0200445434298441, 0.0334075723830735, 0.042316258351893093, 0.04899777282850779, 0.053452115812917596, 0.0645879732739421, 0.0801781737193764, 0.0957683741648107, 0.1091314031180401, 0.11804008908685969, 0.12694877505567928, 0.13808463251670378, 0.155902004454343, 0.18485523385300667, 0.20044543429844097, 1.0]",4.0,2.0,2.0,2.0,2.0,2,-10.30587,8.0,-12.0,hrl_dqn_apf,hierarchical,dqn,-10.003,1.591,-0.757,0.00,0.00,0.00,-14.299,1.559,-0.590,0.00,0.00,0.00,-20.110,1.527,-0.590,0.00,0.00,0.00,4.200,4.200,4.200
2026-02-04 20:37:03,96.29,12,411,423,2.84%,138.31,2.67%,"[0, 5, 10, 15, 20, 25, 30, 35, 40, 45, 50, 55, 60, 65, 70, 75, 80, 85, 90, 95, 100]","[0, 0, 0, 6, 3, 3, 7, 2, 3, 3, 9, 7, 6, 4, 4, 5, 6, 14, 8, 359]","[0.0, 0.0, 0.0, 0.013363028953229399, 0.0200445434298441, 0.026726057906458798, 0.042316258351893093, 0.0467706013363029, 0.053452115812917596, 0.060133630289532294, 0.0801781737193764, 0.0957683741648107, 0.1091314031180401, 0.11804008908685969, 0.12694877505567928, 0.13808463251670378, 0.1514476614699332, 0.18262806236080179, 0.20044543429844097, 1.0]",4.0,2.0,2.0,2.0,2.0,2,-10.30587,8.0,-12.0,hrl_dqn_apf,hierarchical,dqn,-10.003,1.591,-0.757,0.00,0.00,0.00,-14.299,1.559,-0.590,0.00,0.00,0.00,-20.110,1.540,-0.590,0.00,0.00,0.00,4.200,4.200,4.200
2026-02-04 20:37:04,97.29,0,354,354,0.00%,80.00,0.00%,"[0, 5, 10, 15, 20, 25, 30, 35, 40, 45, 50, 55, 60, 65, 70, 75, 80, 85, 90, 95, 100]","[0, 0, 0, 0, 0, 0, 0, 0, 0, 0, 0, 0, 0, 0, 0, 0, 1613, 0, 0, 0]","[0.0, 0.0, 0.0, 0.0, 0.0, 0.0, 0.0, 0.0, 0.0, 0.0, 0.0, 0.0, 0.0, 0.0, 0.0, 0.0, 1.0, 1.0, 1.0, 1.0]",4.0,2.0,2.0,2.0,2.0,2,-10.30587,8.0,-12.0,hrl_dqn_apf,hierarchical,dqn,-10.003,1.591,-0.757,0.00,0.00,0.00,-14.299,1.560,-0.590,0.00,0.00,0.00,-20.110,1.550,-0.590,0.00,0.00,0.00,4.200,4.200,4.200
2026-02-04 20:37:05,98.29,0,354,354,0.00%,80.00,0.00%,"[0, 5, 10, 15, 20, 25, 30, 35, 40, 45, 50, 55, 60, 65, 70, 75, 80, 85, 90, 95, 100]","[0, 0, 0, 0, 0, 0, 0, 0, 0, 0, 0, 0, 0, 0, 0, 0, 1613, 0, 0, 0]","[0.0, 0.0, 0.0, 0.0, 0.0, 0.0, 0.0, 0.0, 0.0, 0.0, 0.0, 0.0, 0.0, 0.0, 0.0, 0.0, 1.0, 1.0, 1.0, 1.0]",4.0,2.0,2.0,2.0,2.0,2,-10.30587,8.0,-12.0,hrl_dqn_apf,hierarchical,dqn,-10.003,1.591,-0.757,0.00,0.00,0.00,-14.299,1.560,-0.590,0.00,0.00,0.00,-20.110,1.555,-0.590,0.00,0.00,0.00,4.200,4.200,4.200
2026-02-04 20:37:06,99.30,0,354,354,0.00%,80.00,0.00%,"[0, 5, 10, 15, 20, 25, 30, 35, 40, 45, 50, 55, 60, 65, 70, 75, 80, 85, 90, 95, 100]","[0, 0, 0, 0, 0, 0, 0, 0, 0, 0, 0, 0, 0, 0, 0, 0, 1613, 0, 0, 0]","[0.0, 0.0, 0.0, 0.0, 0.0, 0.0, 0.0, 0.0, 0.0, 0.0, 0.0, 0.0, 0.0, 0.0, 0.0, 0.0, 1.0, 1.0, 1.0, 1.0]",4.0,2.0,2.0,2.0,2.0,2,-10.30587,8.0,-12.0,hrl_dqn_apf,hierarchical,dqn,-10.003,1.591,-0.757,0.00,0.00,0.00,-14.299,1.560,-0.590,0.00,0.00,0.00,-20.110,1.558,-0.590,0.00,0.00,0.00,4.200,4.200,4.200
2026-02-04 20:37:07,100.31,4,348,352,1.14%,79.98,0.25%,"[0, 5, 10, 15, 20, 25, 30, 35, 40, 45, 50, 55, 60, 65, 70, 75, 80, 85, 90, 95, 100]","[4, 0, 0, 0, 0, 0, 0, 0, 0, 0, 0, 0, 0, 0, 0, 0, 1609, 0, 0, 0]","[0.0024798512089274642, 0.0024798512089274642, 0.0024798512089274642, 0.0024798512089274642, 0.0024798512089274642, 0.0024798512089274642, 0.0024798512089274642, 0.0024798512089274642, 0.0024798512089274642, 0.0024798512089274642, 0.0024798512089274642, 0.0024798512089274642, 0.0024798512089274642, 0.0024798512089274642, 0.0024798512089274642, 0.0024798512089274642, 1.0, 1.0, 1.0, 1.0]",4.0,2.0,2.0,2.0,2.0,2,-10.30587,8.0,-12.0,hrl_dqn_apf,hierarchical,dqn,-10.003,1.591,-0.757,0.00,0.00,0.00,-14.299,1.560,-0.590,0.00,0.00,0.00,-20.110,1.559,-0.590,0.00,0.00,0.00,4.200,4.200,4.200
2026-02-04 20:37:08,101.31,4,348,352,1.14%,80.15,0.25%,"[0, 5, 10, 15, 20, 25, 30, 35, 40, 45, 50, 55, 60, 65, 70, 75, 80, 85, 90, 95, 100]","[4, 0, 0, 0, 0, 0, 0, 0, 0, 0, 0, 0, 0, 0, 0, 0, 1609, 0, 0, 0]","[0.0024798512089274642, 0.0024798512089274642, 0.0024798512089274642, 0.0024798512089274642, 0.0024798512089274642, 0.0024798512089274642, 0.0024798512089274642, 0.0024798512089274642, 0.0024798512089274642, 0.0024798512089274642, 0.0024798512089274642, 0.0024798512089274642, 0.0024798512089274642, 0.0024798512089274642, 0.0024798512089274642, 0.0024798512089274642, 1.0, 1.0, 1.0, 1.0]",4.0,2.0,2.0,2.0,2.0,2,-10.30587,8.0,-12.0,hrl_dqn_apf,hierarchical,dqn,-10.003,0.201,-0.757,0.00,0.00,0.00,-14.299,0.203,-0.590,0.00,0.00,0.00,-20.110,0.203,-0.590,0.00,0.00,0.00,4.200,4.200,4.200
2026-02-04 20:37:10,103.31,0,349,349,0.00%,83.99,0.00%,"[0, 5, 10, 15, 20, 25, 30, 35, 40, 45, 50, 55, 60, 65, 70, 75, 80, 85, 90, 95, 100]","[0, 0, 0, 0, 0, 0, 0, 0, 0, 0, 0, 0, 0, 0, 0, 0, 349, 0, 0, 0]","[0.0, 0.0, 0.0, 0.0, 0.0, 0.0, 0.0, 0.0, 0.0, 0.0, 0.0, 0.0, 0.0, 0.0, 0.0, 0.0, 1.0, 1.0, 1.0, 1.0]",4.0,2.0,2.0,2.0,2.0,2,-10.30587,8.0,-12.0,hrl_dqn_apf,hierarchical,dqn,-10.002,0.509,-0.757,0.00,0.00,0.00,-14.299,0.039,-0.590,0.00,0.00,0.00,-20.110,0.039,-0.590,0.00,0.00,0.00,4.200,4.200,4.200
2026-02-04 20:37:11,104.32,0,351,351,0.00%,84.76,0.00%,"[0, 5, 10, 15, 20, 25, 30, 35, 40, 45, 50, 55, 60, 65, 70, 75, 80, 85, 90, 95, 100]","[0, 0, 0, 0, 0, 0, 0, 0, 0, 0, 0, 0, 0, 0, 0, 0, 351, 0, 0, 0]","[0.0, 0.0, 0.0, 0.0, 0.0, 0.0, 0.0, 0.0, 0.0, 0.0, 0.0, 0.0, 0.0, 0.0, 0.0, 0.0, 1.0, 1.0, 1.0, 1.0]",4.0,2.0,2.0,2.0,2.0,2,-10.30587,8.0,-12.0,hrl_dqn_apf,hierarchical,dqn,-10.002,0.889,-0.757,0.00,0.00,0.00,-14.299,0.039,-0.590,0.00,0.00,0.00,-20.110,0.039,-0.590,0.00,0.00,0.00,4.200,4.200,4.200
2026-02-04 20:37:12,105.32,0,353,353,0.00%,85.56,0.00%,"[0, 5, 10, 15, 20, 25, 30, 35, 40, 45, 50, 55, 60, 65, 70, 75, 80, 85, 90, 95, 100]","[0, 0, 0, 0, 0, 0, 0, 0, 0, 0, 0, 0, 0, 0, 0, 0, 5, 348, 0, 0]","[0.0, 0.0, 0.0, 0.0, 0.0, 0.0, 0.0, 0.0, 0.0, 0.0, 0.0, 0.0, 0.0, 0.0, 0.0, 0.0, 0.014164305949008499, 1.0, 1.0, 1.0]",4.0,2.0,2.0,2.0,2.0,2,-10.30587,8.0,-12.0,hrl_dqn_apf,hierarchical,dqn,-10.002,1.288,-0.757,0.00,0.00,0.00,-14.299,0.039,-0.590,0.00,0.00,0.00,-20.110,0.039,-0.590,0.00,0.00,0.00,4.200,4.200,4.200
2026-02-04 20:37:13,106.32,0,353,353,0.00%,86.36,0.00%,"[0, 5, 10, 15, 20, 25, 30, 35, 40, 45, 50, 55, 60, 65, 70, 75, 80, 85, 90, 95, 100]","[0, 0, 0, 0, 0, 0, 0, 0, 0, 0, 0, 0, 0, 0, 0, 0, 5, 348, 0, 0]","[0.0, 0.0, 0.0, 0.0, 0.0, 0.0, 0.0, 0.0, 0.0, 0.0, 0.0, 0.0, 0.0, 0.0, 0.0, 0.0, 0.014164305949008499, 1.0, 1.0, 1.0]",4.0,2.0,2.0,2.0,2.0,2,-10.30587,8.0,-12.0,hrl_dqn_apf,hierarchical,dqn,-10.002,1.567,-0.757,0.00,0.00,0.00,-14.299,0.039,-0.590,0.00,0.00,0.00,-20.110,0.039,-0.590,0.00,0.00,0.00,4.200,4.200,4.200
2026-02-04 20:37:14,107.32,0,361,361,0.00%,87.80,0.00%,"[0, 5, 10, 15, 20, 25, 30, 35, 40, 45, 50, 55, 60, 65, 70, 75, 80, 85, 90, 95, 100]","[0, 0, 0, 0, 0, 0, 0, 0, 0, 0, 0, 0, 0, 0, 0, 0, 12, 349, 0, 0]","[0.0, 0.0, 0.0, 0.0, 0.0, 0.0, 0.0, 0.0, 0.0, 0.0, 0.0, 0.0, 0.0, 0.0, 0.0, 0.0, 0.0332409972299169, 1.0, 1.0, 1.0]",4.0,2.0,2.0,2.0,2.0,2,-10.30587,8.0,-12.0,hrl_dqn_apf,hierarchical,dqn,-10.002,1.542,-0.757,0.00,0.00,0.00,-14.299,0.039,-0.590,0.00,0.00,0.00,-20.110,0.039,-0.590,0.00,0.00,0.00,4.200,4.200,4.200
2026-02-04 20:37:15,108.33,0,359,359,0.00%,88.60,0.00%,"[0, 5, 10, 15, 20, 25, 30, 35, 40, 45, 50, 55, 60, 65, 70, 75, 80, 85, 90, 95, 100]","[0, 0, 0, 0, 0, 0, 0, 0, 0, 0, 0, 0, 0, 0, 0, 0, 12, 349, 0, 0]","[0.0, 0.0, 0.0, 0.0, 0.0, 0.0, 0.0, 0.0, 0.0, 0.0, 0.0, 0.0, 0.0, 0.0, 0.0, 0.0, 0.0332409972299169, 1.0, 1.0, 1.0]",4.0,2.0,2.0,2.0,2.0,2,-10.30587,8.0,-12.0,hrl_dqn_apf,hierarchical,dqn,-10.002,1.554,-0.757,0.00,0.00,0.00,-14.299,0.218,-0.590,0.00,0.00,0.00,-20.110,0.039,-0.590,0.00,0.00,0.00,4.200,4.200,4.200
2026-02-04 20:37:16,109.33,0,361,361,0.00%,89.35,0.00%,"[0, 5, 10, 15, 20, 25, 30, 35, 40, 45, 50, 55, 60, 65, 70, 75, 80, 85, 90, 95, 100]","[0, 0, 0, 0, 0, 0, 0, 0, 0, 0, 0, 0, 0, 0, 0, 0, 12, 351, 0, 0]","[0.0, 0.0, 0.0, 0.0, 0.0, 0.0, 0.0, 0.0, 0.0, 0.0, 0.0, 0.0, 0.0, 0.0, 0.0, 0.0, 0.03305785123966942, 1.0, 1.0, 1.0]",4.0,2.0,2.0,2.0,2.0,2,-10.30587,8.0,-12.0,hrl_dqn_apf,hierarchical,dqn,-10.002,1.561,-0.757,0.00,0.00,0.00,-14.299,0.582,-0.590,0.00,0.00,0.00,-20.110,0.039,-0.590,0.00,0.00,0.00,4.200,4.200,4.200
2026-02-04 20:37:17,110.33,0,365,365,0.00%,90.04,0.00%,"[0, 5, 10, 15, 20, 25, 30, 35, 40, 45, 50, 55, 60, 65, 70, 75, 80, 85, 90, 95, 100]","[0, 0, 0, 0, 0, 0, 0, 0, 0, 0, 0, 0, 0, 0, 0, 0, 14, 7, 346, 0]","[0.0, 0.0, 0.0, 0.0, 0.0, 0.0, 0.0, 0.0, 0.0, 0.0, 0.0, 0.0, 0.0, 0.0, 0.0, 0.0, 0.03814713896457766, 0.05722070844686648, 1.0, 1.0]",4.0,2.0,2.0,2.0,2.0,2,-10.30587,8.0,-12.0,hrl_dqn_apf,hierarchical,dqn,-10.002,1.564,-0.757,0.00,0.00,0.00,-14.299,0.974,-0.590,0.00,0.00,0.00,-20.110,0.039,-0.590,0.00,0.00,0.00,4.200,4.200,4.200
2026-02-04 20:37:18,111.33,0,365,365,0.00%,91.63,0.00%,"[0, 5, 10, 15, 20, 25, 30, 35, 40, 45, 50, 55, 60, 65, 70, 75, 80, 85, 90, 95, 100]","[0, 0, 0, 0, 0, 0, 0, 0, 0, 0, 0, 0, 0, 0, 0, 0, 10, 11, 346, 0]","[0.0, 0.0, 0.0, 0.0, 0.0, 0.0, 0.0, 0.0, 0.0, 0.0, 0.0, 0.0, 0.0, 0.0, 0.0, 0.0, 0.027247956403269755, 0.05722070844686648, 1.0, 1.0]",4.0,2.0,2.0,2.0,2.0,2,-10.30587,8.0,-12.0,hrl_dqn_apf,hierarchical,dqn,-10.002,1.567,-0.757,0.00,0.00,0.00,-14.299,1.553,-0.590,0.00,0.00,0.00,-20.110,0.039,-0.590,0.00,0.00,0.00,4.200,4.200,4.200
2026-02-04 20:37:19,112.33,0,365,365,0.00%,92.43,0.00%,"[0, 5, 10, 15, 20, 25, 30, 35, 40, 45, 50, 55, 60, 65, 70, 75, 80, 85, 90, 95, 100]","[0, 0, 0, 0, 0, 0, 0, 0, 0, 0, 0, 0, 0, 0, 0, 0, 8, 12, 347, 0]","[0.0, 0.0, 0.0, 0.0, 0.0, 0.0, 0.0, 0.0, 0.0, 0.0, 0.0, 0.0, 0.0, 0.0, 0.0, 0.0, 0.021798365122615803, 0.05449591280653951, 1.0, 1.0]",4.0,2.0,2.0,2.0,2.0,2,-10.30587,8.0,-12.0,hrl_dqn_apf,hierarchical,dqn,-10.002,1.567,-0.757,0.00,0.00,0.00,-14.299,1.534,-0.590,0.00,0.00,0.00,-20.110,0.039,-0.590,0.00,0.00,0.00,4.200,4.200,4.200
2026-02-04 20:37:20,113.33,0,367,367,0.00%,93.16,0.00%,"[0, 5, 10, 15, 20, 25, 30, 35, 40, 45, 50, 55, 60, 65, 70, 75, 80, 85, 90, 95, 100]","[0, 0, 0, 0, 0, 0, 0, 0, 0, 0, 0, 0, 0, 0, 0, 0, 8, 14, 347, 0]","[0.0, 0.0, 0.0, 0.0, 0.0, 0.0, 0.0, 0.0, 0.0, 0.0, 0.0, 0.0, 0.0, 0.0, 0.0, 0.0, 0.02168021680216802, 0.05962059620596206, 1.0, 1.0]",4.0,2.0,2.0,2.0,2.0,2,-10.30587,8.0,-12.0,hrl_dqn_apf,hierarchical,dqn,-10.002,1.567,-0.757,0.00,0.00,0.00,-14.299,1.547,-0.590,0.00,0.00,0.00,-20.110,0.039,-0.590,0.00,0.00,0.00,4.200,4.200,4.200
2026-02-04 20:37:21,114.33,0,369,369,0.00%,93.81,0.00%,"[0, 5, 10, 15, 20, 25, 30, 35, 40, 45, 50, 55, 60, 65, 70, 75, 80, 85, 90, 95, 100]","[0, 0, 0, 0, 0, 0, 0, 0, 0, 0, 0, 0, 0, 0, 0, 0, 10, 14, 349, 0]","[0.0, 0.0, 0.0, 0.0, 0.0, 0.0, 0.0, 0.0, 0.0, 0.0, 0.0, 0.0, 0.0, 0.0, 0.0, 0.0, 0.02680965147453083, 0.064343163538874, 1.0, 1.0]",4.0,2.0,2.0,2.0,2.0,2,-10.30587,8.0,-12.0,hrl_dqn_apf,hierarchical,dqn,-10.002,1.567,-0.757,0.00,0.00,0.00,-14.299,1.557,-0.590,0.00,0.00,0.00,-20.110,0.286,-0.590,0.00,0.00,0.00,4.200,4.200,4.200
2026-02-04 20:37:22,115.33,0,369,369,0.00%,95.40,0.00%,"[0, 5, 10, 15, 20, 25, 30, 35, 40, 45, 50, 55, 60, 65, 70, 75, 80, 85, 90, 95, 100]","[0, 0, 0, 0, 0, 0, 0, 0, 0, 0, 0, 0, 0, 0, 0, 0, 6, 16, 7, 344]","[0.0, 0.0, 0.0, 0.0, 0.0, 0.0, 0.0, 0.0, 0.0, 0.0, 0.0, 0.0, 0.0, 0.0, 0.0, 0.0, 0.0160857908847185, 0.058981233243967826, 0.0777479892761394, 1.0]",4.0,2.0,2.0,2.0,2.0,2,-10.30587,8.0,-12.0,hrl_dqn_apf,hierarchical,dqn,-10.002,1.567,-0.757,0.00,0.00,0.00,-14.299,1.566,-0.590,0.00,0.00,0.00,-20.110,1.040,-0.590,0.00,0.00,0.00,4.200,4.200,4.200
2026-02-04 20:37:23,116.33,0,370,370,0.00%,96.15,0.00%,"[0, 5, 10, 15, 20, 25, 30, 35, 40, 45, 50, 55, 60, 65, 70, 75, 80, 85, 90, 95, 100]","[0, 0, 0, 0, 0, 0, 0, 0, 0, 0, 0, 0, 0, 0, 0, 0, 7, 16, 7, 344]","[0.0, 0.0, 0.0, 0.0, 0.0, 0.0, 0.0, 0.0, 0.0, 0.0, 0.0, 0.0, 0.0, 0.0, 0.0, 0.0, 0.01871657754010695, 0.06149732620320856, 0.08021390374331551, 1.0]",4.0,2.0,2.0,2.0,2.0,2,-10.30587,8.0,-12.0,hrl_dqn_apf,hierarchical,dqn,-10.002,1.567,-0.757,0.00,0.00,0.00,-14.299,1.568,-0.590,0.00,0.00,0.00,-20.110,1.432,-0.590,0.00,0.00,0.00,4.200,4.200,4.200
2026-02-04 20:37:24,117.33,0,370,370,0.00%,96.94,0.00%,"[0, 5, 10, 15, 20, 25, 30, 35, 40, 45, 50, 55, 60, 65, 70, 75, 80, 85, 90, 95, 100]","[0, 0, 0, 0, 0, 0, 0, 0, 0, 0, 0, 0, 0, 0, 0, 0, 7, 10, 12, 345]","[0.0, 0.0, 0.0, 0.0, 0.0, 0.0, 0.0, 0.0, 0.0, 0.0, 0.0, 0.0, 0.0, 0.0, 0.0, 0.0, 0.01871657754010695, 0.045454545454545456, 0.07754010695187166, 1.0]",4.0,2.0,2.0,2.0,2.0,2,-10.30587,8.0,-12.0,hrl_dqn_apf,hierarchical,dqn,-10.002,1.567,-0.757,0.00,0.00,0.00,-14.299,1.569,-0.590,0.00,0.00,0.00,-20.110,1.544,-0.590,0.00,0.00,0.00,4.200,4.200,4.200
2026-02-04 20:37:26,118.53,0,372,372,0.00%,97.64,0.00%,"[0, 5, 10, 15, 20, 25, 30, 35, 40, 45, 50, 55, 60, 65, 70, 75, 80, 85, 90, 95, 100]","[0, 0, 0, 0, 0, 0, 0, 0, 0, 0, 0, 0, 0, 0, 0, 0, 7, 10, 14, 345]","[0.0, 0.0, 0.0, 0.0, 0.0, 0.0, 0.0, 0.0, 0.0, 0.0, 0.0, 0.0, 0.0, 0.0, 0.0, 0.0, 0.018617021276595744, 0.04521276595744681, 0.08244680851063829, 1.0]",4.0,2.0,2.0,2.0,2.0,2,-10.30587,8.0,-12.0,hrl_dqn_apf,hierarchical,dqn,-10.002,1.567,-0.757,0.00,0.00,0.00,-14.299,1.569,-0.590,0.00,0.00,0.00,-20.110,1.536,-0.590,0.00,0.00,0.00,4.200,4.200,4.200
2026-02-04 20:37:27,119.54,0,354,354,0.00%,80.00,0.00%,"[0, 5, 10, 15, 20, 25, 30, 35, 40, 45, 50, 55, 60, 65, 70, 75, 80, 85, 90, 95, 100]","[0, 0, 0, 0, 0, 0, 0, 0, 0, 0, 0, 0, 0, 0, 0, 0, 1613, 0, 0, 0]","[0.0, 0.0, 0.0, 0.0, 0.0, 0.0, 0.0, 0.0, 0.0, 0.0, 0.0, 0.0, 0.0, 0.0, 0.0, 0.0, 1.0, 1.0, 1.0, 1.0]",4.0,2.0,2.0,2.0,2.0,2,-10.30587,8.0,-12.0,hrl_dqn_apf,hierarchical,dqn,-10.002,1.567,-0.757,0.00,0.00,0.00,-14.299,1.569,-0.590,0.00,0.00,0.00,-20.110,1.559,-0.590,0.00,0.00,0.00,4.200,4.200,4.200
2026-02-04 20:37:28,120.54,0,354,354,0.00%,80.00,0.00%,"[0, 5, 10, 15, 20, 25, 30, 35, 40, 45, 50, 55, 60, 65, 70, 75, 80, 85, 90, 95, 100]","[0, 0, 0, 0, 0, 0, 0, 0, 0, 0, 0, 0, 0, 0, 0, 0, 1613, 0, 0, 0]","[0.0, 0.0, 0.0, 0.0, 0.0, 0.0, 0.0, 0.0, 0.0, 0.0, 0.0, 0.0, 0.0, 0.0, 0.0, 0.0, 1.0, 1.0, 1.0, 1.0]",4.0,2.0,2.0,2.0,2.0,2,-10.30587,8.0,-12.0,hrl_dqn_apf,hierarchical,dqn,-10.002,1.567,-0.757,0.00,0.00,0.00,-14.299,1.569,-0.590,0.00,0.00,0.00,-20.110,1.565,-0.590,0.00,0.00,0.00,4.200,4.200,4.200
2026-02-04 20:37:29,121.54,0,354,354,0.00%,80.00,0.00%,"[0, 5, 10, 15, 20, 25, 30, 35, 40, 45, 50, 55, 60, 65, 70, 75, 80, 85, 90, 95, 100]","[0, 0, 0, 0, 0, 0, 0, 0, 0, 0, 0, 0, 0, 0, 0, 0, 1613, 0, 0, 0]","[0.0, 0.0, 0.0, 0.0, 0.0, 0.0, 0.0, 0.0, 0.0, 0.0, 0.0, 0.0, 0.0, 0.0, 0.0, 0.0, 1.0, 1.0, 1.0, 1.0]",4.0,2.0,2.0,2.0,2.0,2,-10.30587,8.0,-12.0,hrl_dqn_apf,hierarchical,dqn,-10.002,1.567,-0.757,0.00,0.00,0.00,-14.299,1.569,-0.590,0.00,0.00,0.00,-20.110,1.567,-0.590,0.00,0.00,0.00,4.200,4.200,4.200
2026-02-04 20:37:30,122.54,4,348,352,1.14%,79.98,0.25%,"[0, 5, 10, 15, 20, 25, 30, 35, 40, 45, 50, 55, 60, 65, 70, 75, 80, 85, 90, 95, 100]","[4, 0, 0, 0, 0, 0, 0, 0, 0, 0, 0, 0, 0, 0, 0, 0, 1609, 0, 0, 0]","[0.0024798512089274642, 0.0024798512089274642, 0.0024798512089274642, 0.0024798512089274642, 0.0024798512089274642, 0.0024798512089274642, 0.0024798512089274642, 0.0024798512089274642, 0.0024798512089274642, 0.0024798512089274642, 0.0024798512089274642, 0.0024798512089274642, 0.0024798512089274642, 0.0024798512089274642, 0.0024798512089274642, 0.0024798512089274642, 1.0, 1.0, 1.0, 1.0]",4.0,2.0,2.0,2.0,2.0,2,-10.30587,8.0,-12.0,hrl_dqn_apf,hierarchical,dqn,-10.002,1.567,-0.757,0.00,0.00,0.00,-14.299,1.569,-0.590,0.00,0.00,0.00,-20.110,1.569,-0.590,0.00,0.00,0.00,4.200,4.200,4.200
2026-02-04 20:37:31,123.55,4,348,352,1.14%,80.15,0.25%,"[0, 5, 10, 15, 20, 25, 30, 35, 40, 45, 50, 55, 60, 65, 70, 75, 80, 85, 90, 95, 100]","[4, 0, 0, 0, 0, 0, 0, 0, 0, 0, 0, 0, 0, 0, 0, 0, 1609, 0, 0, 0]","[0.0024798512089274642, 0.0024798512089274642, 0.0024798512089274642, 0.0024798512089274642, 0.0024798512089274642, 0.0024798512089274642, 0.0024798512089274642, 0.0024798512089274642, 0.0024798512089274642, 0.0024798512089274642, 0.0024798512089274642, 0.0024798512089274642, 0.0024798512089274642, 0.0024798512089274642, 0.0024798512089274642, 0.0024798512089274642, 1.0, 1.0, 1.0, 1.0]",4.0,2.0,2.0,2.0,2.0,2,-10.30587,8.0,-12.0,hrl_dqn_apf,hierarchical,dqn,-10.002,1.567,-0.757,0.00,0.00,0.00,-14.299,1.569,-0.590,0.00,0.00,0.00,-20.110,1.570,-0.590,0.00,0.00,0.00,4.200,4.200,4.200
2026-02-04 20:37:32,124.55,4,349,353,1.13%,80.32,0.25%,"[0, 5, 10, 15, 20, 25, 30, 35, 40, 45, 50, 55, 60, 65, 70, 75, 80, 85, 90, 95, 100]","[4, 0, 0, 0, 0, 0, 0, 0, 0, 0, 0, 0, 0, 0, 0, 0, 1609, 0, 0, 0]","[0.0024798512089274642, 0.0024798512089274642, 0.0024798512089274642, 0.0024798512089274642, 0.0024798512089274642, 0.0024798512089274642, 0.0024798512089274642, 0.0024798512089274642, 0.0024798512089274642, 0.0024798512089274642, 0.0024798512089274642, 0.0024798512089274642, 0.0024798512089274642, 0.0024798512089274642, 0.0024798512089274642, 0.0024798512089274642, 1.0, 1.0, 1.0, 1.0]",4.0,2.0,2.0,2.0,2.0,2,-10.30587,8.0,-12.0,hrl_dqn_apf,hierarchical,dqn,-10.000,0.051,-0.759,0.00,0.00,0.00,-14.300,0.023,-0.590,0.00,0.00,0.00,-20.110,0.023,-0.590,0.00,0.00,0.00,4.200,4.200,4.200
2026-02-04 20:37:33,125.55,0,349,349,0.00%,83.19,0.00%,"[0, 5, 10, 15, 20, 25, 30, 35, 40, 45, 50, 55, 60, 65, 70, 75, 80, 85, 90, 95, 100]","[0, 0, 0, 0, 0, 0, 0, 0, 0, 0, 0, 0, 0, 0, 0, 0, 349, 0, 0, 0]","[0.0, 0.0, 0.0, 0.0, 0.0, 0.0, 0.0, 0.0, 0.0, 0.0, 0.0, 0.0, 0.0, 0.0, 0.0, 0.0, 1.0, 1.0, 1.0, 1.0]",4.0,2.0,2.0,2.0,2.0,2,-10.30587,8.0,-12.0,hrl_dqn_apf,hierarchical,dqn,-10.000,0.113,-0.759,0.00,0.00,0.00,-14.300,0.023,-0.590,0.00,0.00,0.00,-20.110,0.023,-0.590,0.00,0.00,0.00,4.200,4.200,4.200
2026-02-04 20:37:34,126.55,0,351,351,0.00%,84.77,0.00%,"[0, 5, 10, 15, 20, 25, 30, 35, 40, 45, 50, 55, 60, 65, 70, 75, 80, 85, 90, 95, 100]","[0, 0, 0, 0, 0, 0, 0, 0, 0, 0, 0, 0, 0, 0, 0, 0, 351, 0, 0, 0]","[0.0, 0.0, 0.0, 0.0, 0.0, 0.0, 0.0, 0.0, 0.0, 0.0, 0.0, 0.0, 0.0, 0.0, 0.0, 0.0, 1.0, 1.0, 1.0, 1.0]",4.0,2.0,2.0,2.0,2.0,2,-10.30587,8.0,-12.0,hrl_dqn_apf,hierarchical,dqn,-10.000,0.844,-0.759,0.00,0.00,0.00,-14.300,0.023,-0.590,0.00,0.00,0.00,-20.110,0.023,-0.590,0.00,0.00,0.00,4.200,4.200,4.200
2026-02-04 20:37:35,127.55,0,353,353,0.00%,85.55,0.00%,"[0, 5, 10, 15, 20, 25, 30, 35, 40, 45, 50, 55, 60, 65, 70, 75, 80, 85, 90, 95, 100]","[0, 0, 0, 0, 0, 0, 0, 0, 0, 0, 0, 0, 0, 0, 0, 0, 5, 348, 0, 0]","[0.0, 0.0, 0.0, 0.0, 0.0, 0.0, 0.0, 0.0, 0.0, 0.0, 0.0, 0.0, 0.0, 0.0, 0.0, 0.0, 0.014164305949008499, 1.0, 1.0, 1.0]",4.0,2.0,2.0,2.0,2.0,2,-10.30587,8.0,-12.0,hrl_dqn_apf,hierarchical,dqn,-10.000,1.232,-0.759,0.00,0.00,0.00,-14.300,0.023,-0.590,0.00,0.00,0.00,-20.110,0.023,-0.590,0.00,0.00,0.00,4.200,4.200,4.200
2026-02-04 20:37:36,128.55,0,353,353,0.00%,86.35,0.00%,"[0, 5, 10, 15, 20, 25, 30, 35, 40, 45, 50, 55, 60, 65, 70, 75, 80, 85, 90, 95, 100]","[0, 0, 0, 0, 0, 0, 0, 0, 0, 0, 0, 0, 0, 0, 0, 0, 5, 348, 0, 0]","[0.0, 0.0, 0.0, 0.0, 0.0, 0.0, 0.0, 0.0, 0.0, 0.0, 0.0, 0.0, 0.0, 0.0, 0.0, 0.0, 0.014164305949008499, 1.0, 1.0, 1.0]",4.0,2.0,2.0,2.0,2.0,2,-10.30587,8.0,-12.0,hrl_dqn_apf,hierarchical,dqn,-10.000,1.585,-0.759,0.00,0.00,0.00,-14.300,0.023,-0.590,0.00,0.00,0.00,-20.110,0.023,-0.590,0.00,0.00,0.00,4.200,4.200,4.200
2026-02-04 20:37:37,129.55,0,357,357,0.00%,87.01,0.00%,"[0, 5, 10, 15, 20, 25, 30, 35, 40, 45, 50, 55, 60, 65, 70, 75, 80, 85, 90, 95, 100]","[0, 0, 0, 0, 0, 0, 0, 0, 0, 0, 0, 0, 0, 0, 0, 0, 9, 348, 0, 0]","[0.0, 0.0, 0.0, 0.0, 0.0, 0.0, 0.0, 0.0, 0.0, 0.0, 0.0, 0.0, 0.0, 0.0, 0.0, 0.0, 0.025210084033613446, 1.0, 1.0, 1.0]",4.0,2.0,2.0,2.0,2.0,2,-10.30587,8.0,-12.0,hrl_dqn_apf,hierarchical,dqn,-10.000,1.545,-0.759,0.00,0.00,0.00,-14.300,0.023,-0.590,0.00,0.00,0.00,-20.110,0.023,-0.590,0.00,0.00,0.00,4.200,4.200,4.200
2026-02-04 20:37:38,130.55,0,359,359,0.00%,88.64,0.00%,"[0, 5, 10, 15, 20, 25, 30, 35, 40, 45, 50, 55, 60, 65, 70, 75, 80, 85, 90, 95, 100]","[0, 0, 0, 0, 0, 0, 0, 0, 0, 0, 0, 0, 0, 0, 0, 0, 12, 349, 0, 0]","[0.0, 0.0, 0.0, 0.0, 0.0, 0.0, 0.0, 0.0, 0.0, 0.0, 0.0, 0.0, 0.0, 0.0, 0.0, 0.0, 0.0332409972299169, 1.0, 1.0, 1.0]",4.0,2.0,2.0,2.0,2.0,2,-10.30587,8.0,-12.0,hrl_dqn_apf,hierarchical,dqn,-10.000,1.567,-0.759,0.00,0.00,0.00,-14.299,0.154,-0.590,0.00,0.00,0.00,-20.110,0.023,-0.590,0.00,0.00,0.00,4.200,4.200,4.200
2026-02-04 20:37:39,131.56,0,361,361,0.00%,89.38,0.00%,"[0, 5, 10, 15, 20, 25, 30, 35, 40, 45, 50, 55, 60, 65, 70, 75, 80, 85, 90, 95, 100]","[0, 0, 0, 0, 0, 0, 0, 0, 0, 0, 0, 0, 0, 0, 0, 0, 12, 351, 0, 0]","[0.0, 0.0, 0.0, 0.0, 0.0, 0.0, 0.0, 0.0, 0.0, 0.0, 0.0, 0.0, 0.0, 0.0, 0.0, 0.0, 0.03305785123966942, 1.0, 1.0, 1.0]",4.0,2.0,2.0,2.0,2.0,2,-10.30587,8.0,-12.0,hrl_dqn_apf,hierarchical,dqn,-10.000,1.574,-0.759,0.00,0.00,0.00,-14.299,0.515,-0.590,0.00,0.00,0.00,-20.110,0.023,-0.590,0.00,0.00,0.00,4.200,4.200,4.200
2026-02-04 20:37:40,132.56,0,365,365,0.00%,90.07,0.00%,"[0, 5, 10, 15, 20, 25, 30, 35, 40, 45, 50, 55, 60, 65, 70, 75, 80, 85, 90, 95, 100]","[0, 0, 0, 0, 0, 0, 0, 0, 0, 0, 0, 0, 0, 0, 0, 0, 14, 7, 346, 0]","[0.0, 0.0, 0.0, 0.0, 0.0, 0.0, 0.0, 0.0, 0.0, 0.0, 0.0, 0.0, 0.0, 0.0, 0.0, 0.0, 0.03814713896457766, 0.05722070844686648, 1.0, 1.0]",4.0,2.0,2.0,2.0,2.0,2,-10.30587,8.0,-12.0,hrl_dqn_apf,hierarchical,dqn,-10.000,1.578,-0.759,0.00,0.00,0.00,-14.299,0.904,-0.590,0.00,0.00,0.00,-20.110,0.023,-0.590,0.00,0.00,0.00,4.200,4.200,4.200
2026-02-04 20:37:41,133.56,0,365,365,0.00%,90.87,0.00%,"[0, 5, 10, 15, 20, 25, 30, 35, 40, 45, 50, 55, 60, 65, 70, 75, 80, 85, 90, 95, 100]","[0, 0, 0, 0, 0, 0, 0, 0, 0, 0, 0, 0, 0, 0, 0, 0, 14, 7, 346, 0]","[0.0, 0.0, 0.0, 0.0, 0.0, 0.0, 0.0, 0.0, 0.0, 0.0, 0.0, 0.0, 0.0, 0.0, 0.0, 0.0, 0.03814713896457766, 0.05722070844686648, 1.0, 1.0]",4.0,2.0,2.0,2.0,2.0,2,-10.30587,8.0,-12.0,hrl_dqn_apf,hierarchical,dqn,-10.000,1.580,-0.759,0.00,0.00,0.00,-14.299,1.295,-0.590,0.00,0.00,0.00,-20.110,0.023,-0.590,0.00,0.00,0.00,4.200,4.200,4.200
2026-02-04 20:37:42,134.56,0,365,365,0.00%,92.46,0.00%,"[0, 5, 10, 15, 20, 25, 30, 35, 40, 45, 50, 55, 60, 65, 70, 75, 80, 85, 90, 95, 100]","[0, 0, 0, 0, 0, 0, 0, 0, 0, 0, 0, 0, 0, 0, 0, 0, 8, 12, 347, 0]","[0.0, 0.0, 0.0, 0.0, 0.0, 0.0, 0.0, 0.0, 0.0, 0.0, 0.0, 0.0, 0.0, 0.0, 0.0, 0.0, 0.021798365122615803, 0.05449591280653951, 1.0, 1.0]",4.0,2.0,2.0,2.0,2.0,2,-10.30587,8.0,-12.0,hrl_dqn_apf,hierarchical,dqn,-10.000,1.581,-0.759,0.00,0.00,0.00,-14.299,1.544,-0.590,0.00,0.00,0.00,-20.110,0.023,-0.590,0.00,0.00,0.00,4.200,4.200,4.200
2026-02-04 20:37:43,135.56,0,369,369,0.00%,93.12,0.00%,"[0, 5, 10, 15, 20, 25, 30, 35, 40, 45, 50, 55, 60, 65, 70, 75, 80, 85, 90, 95, 100]","[0, 0, 0, 0, 0, 0, 0, 0, 0, 0, 0, 0, 0, 0, 0, 0, 10, 14, 347, 0]","[0.0, 0.0, 0.0, 0.0, 0.0, 0.0, 0.0, 0.0, 0.0, 0.0, 0.0, 0.0, 0.0, 0.0, 0.0, 0.0, 0.026954177897574125, 0.0646900269541779, 1.0, 1.0]",4.0,2.0,2.0,2.0,2.0,2,-10.30587,8.0,-12.0,hrl_dqn_apf,hierarchical,dqn,-10.000,1.581,-0.759,0.00,0.00,0.00,-14.299,1.525,-0.590,0.00,0.00,0.00,-20.110,0.023,-0.590,0.00,0.00,0.00,4.200,4.200,4.200
2026-02-04 20:37:44,136.56,0,369,369,0.00%,93.85,0.00%,"[0, 5, 10, 15, 20, 25, 30, 35, 40, 45, 50, 55, 60, 65, 70, 75, 80, 85, 90, 95, 100]","[0, 0, 0, 0, 0, 0, 0, 0, 0, 0, 0, 0, 0, 0, 0, 0, 10, 14, 349, 0]","[0.0, 0.0, 0.0, 0.0, 0.0, 0.0, 0.0, 0.0, 0.0, 0.0, 0.0, 0.0, 0.0, 0.0, 0.0, 0.0, 0.02680965147453083, 0.064343163538874, 1.0, 1.0]",4.0,2.0,2.0,2.0,2.0,2,-10.30587,8.0,-12.0,hrl_dqn_apf,hierarchical,dqn,-10.000,1.581,-0.759,0.00,0.00,0.00,-14.299,1.536,-0.590,0.00,0.00,0.00,-20.110,0.220,-0.590,0.00,0.00,0.00,4.200,4.200,4.200
2026-02-04 20:37:45,137.56,0,369,369,0.00%,94.64,0.00%,"[0, 5, 10, 15, 20, 25, 30, 35, 40, 45, 50, 55, 60, 65, 70, 75, 80, 85, 90, 95, 100]","[0, 0, 0, 0, 0, 0, 0, 0, 0, 0, 0, 0, 0, 0, 0, 0, 6, 16, 7, 344]","[0.0, 0.0, 0.0, 0.0, 0.0, 0.0, 0.0, 0.0, 0.0, 0.0, 0.0, 0.0, 0.0, 0.0, 0.0, 0.0, 0.0160857908847185, 0.058981233243967826, 0.0777479892761394, 1.0]",4.0,2.0,2.0,2.0,2.0,2,-10.30587,8.0,-12.0,hrl_dqn_apf,hierarchical,dqn,-10.000,1.581,-0.759,0.00,0.00,0.00,-14.299,1.543,-0.590,0.00,0.00,0.00,-20.110,0.585,-0.590,0.00,0.00,0.00,4.200,4.200,4.200
2026-02-04 20:37:46,138.56,0,369,369,0.00%,95.43,0.00%,"[0, 5, 10, 15, 20, 25, 30, 35, 40, 45, 50, 55, 60, 65, 70, 75, 80, 85, 90, 95, 100]","[0, 0, 0, 0, 0, 0, 0, 0, 0, 0, 0, 0, 0, 0, 0, 0, 6, 16, 7, 344]","[0.0, 0.0, 0.0, 0.0, 0.0, 0.0, 0.0, 0.0, 0.0, 0.0, 0.0, 0.0, 0.0, 0.0, 0.0, 0.0, 0.0160857908847185, 0.058981233243967826, 0.0777479892761394, 1.0]",4.0,2.0,2.0,2.0,2.0,2,-10.30587,8.0,-12.0,hrl_dqn_apf,hierarchical,dqn,-10.000,1.581,-0.759,0.00,0.00,0.00,-14.299,1.546,-0.590,0.00,0.00,0.00,-20.110,0.968,-0.590,0.00,0.00,0.00,4.200,4.200,4.200
2026-02-04 20:37:47,139.57,0,370,370,0.00%,96.98,0.00%,"[0, 5, 10, 15, 20, 25, 30, 35, 40, 45, 50, 55, 60, 65, 70, 75, 80, 85, 90, 95, 100]","[0, 0, 0, 0, 0, 0, 0, 0, 0, 0, 0, 0, 0, 0, 0, 0, 7, 10, 12, 345]","[0.0, 0.0, 0.0, 0.0, 0.0, 0.0, 0.0, 0.0, 0.0, 0.0, 0.0, 0.0, 0.0, 0.0, 0.0, 0.0, 0.01871657754010695, 0.045454545454545456, 0.07754010695187166, 1.0]",4.0,2.0,2.0,2.0,2.0,2,-10.30587,8.0,-12.0,hrl_dqn_apf,hierarchical,dqn,-10.000,1.581,-0.759,0.00,0.00,0.00,-14.299,1.549,-0.590,0.00,0.00,0.00,-20.110,1.531,-0.590,0.00,0.00,0.00,4.200,4.200,4.200
2026-02-04 20:37:48,140.57,0,372,372,0.00%,97.68,0.00%,"[0, 5, 10, 15, 20, 25, 30, 35, 40, 45, 50, 55, 60, 65, 70, 75, 80, 85, 90, 95, 100]","[0, 0, 0, 0, 0, 0, 0, 0, 0, 0, 0, 0, 0, 0, 0, 0, 7, 10, 14, 345]","[0.0, 0.0, 0.0, 0.0, 0.0, 0.0, 0.0, 0.0, 0.0, 0.0, 0.0, 0.0, 0.0, 0.0, 0.0, 0.0, 0.018617021276595744, 0.04521276595744681, 0.08244680851063829, 1.0]",4.0,2.0,2.0,2.0,2.0,2,-10.30587,8.0,-12.0,hrl_dqn_apf,hierarchical,dqn,-10.000,1.581,-0.759,0.00,0.00,0.00,-14.299,1.549,-0.590,0.00,0.00,0.00,-20.110,1.514,-0.590,0.00,0.00,0.00,4.200,4.200,4.200
2026-02-04 20:37:49,141.57,0,374,374,0.00%,98.37,0.00%,"[0, 5, 10, 15, 20, 25, 30, 35, 40, 45, 50, 55, 60, 65, 70, 75, 80, 85, 90, 95, 100]","[0, 0, 0, 0, 0, 0, 0, 0, 0, 0, 0, 0, 0, 0, 0, 0, 5, 14, 12, 347]","[0.0, 0.0, 0.0, 0.0, 0.0, 0.0, 0.0, 0.0, 0.0, 0.0, 0.0, 0.0, 0.0, 0.0, 0.0, 0.0, 0.013227513227513227, 0.05026455026455026, 0.082010582010582, 1.0]",4.0,2.0,2.0,2.0,2.0,2,-10.30587,8.0,-12.0,hrl_dqn_apf,hierarchical,dqn,-10.000,1.581,-0.759,0.00,0.00,0.00,-14.299,1.549,-0.590,0.00,0.00,0.00,-20.110,1.527,-0.590,0.00,0.00,0.00,4.200,4.200,4.200
2026-02-04 20:37:50,142.57,0,354,354,0.00%,80.00,0.00%,"[0, 5, 10, 15, 20, 25, 30, 35, 40, 45, 50, 55, 60, 65, 70, 75, 80, 85, 90, 95, 100]","[0, 0, 0, 0, 0, 0, 0, 0, 0, 0, 0, 0, 0, 0, 0, 0, 1613, 0, 0, 0]","[0.0, 0.0, 0.0, 0.0, 0.0, 0.0, 0.0, 0.0, 0.0, 0.0, 0.0, 0.0, 0.0, 0.0, 0.0, 0.0, 1.0, 1.0, 1.0, 1.0]",4.0,2.0,2.0,2.0,2.0,2,-10.30587,8.0,-12.0,hrl_dqn_apf,hierarchical,dqn,-10.000,1.581,-0.759,0.00,0.00,0.00,-14.299,1.549,-0.590,0.00,0.00,0.00,-20.110,1.544,-0.590,0.00,0.00,0.00,4.200,4.200,4.200
2026-02-04 20:37:51,143.57,0,354,354,0.00%,80.00,0.00%,"[0, 5, 10, 15, 20, 25, 30, 35, 40, 45, 50, 55, 60, 65, 70, 75, 80, 85, 90, 95, 100]","[0, 0, 0, 0, 0, 0, 0, 0, 0, 0, 0, 0, 0, 0, 0, 0, 1613, 0, 0, 0]","[0.0, 0.0, 0.0, 0.0, 0.0, 0.0, 0.0, 0.0, 0.0, 0.0, 0.0, 0.0, 0.0, 0.0, 0.0, 0.0, 1.0, 1.0, 1.0, 1.0]",4.0,2.0,2.0,2.0,2.0,2,-10.30587,8.0,-12.0,hrl_dqn_apf,hierarchical,dqn,-10.000,1.581,-0.759,0.00,0.00,0.00,-14.299,1.549,-0.590,0.00,0.00,0.00,-20.110,1.547,-0.590,0.00,0.00,0.00,4.200,4.200,4.200
2026-02-04 20:37:52,144.58,0,354,354,0.00%,80.00,0.00%,"[0, 5, 10, 15, 20, 25, 30, 35, 40, 45, 50, 55, 60, 65, 70, 75, 80, 85, 90, 95, 100]","[0, 0, 0, 0, 0, 0, 0, 0, 0, 0, 0, 0, 0, 0, 0, 0, 1613, 0, 0, 0]","[0.0, 0.0, 0.0, 0.0, 0.0, 0.0, 0.0, 0.0, 0.0, 0.0, 0.0, 0.0, 0.0, 0.0, 0.0, 0.0, 1.0, 1.0, 1.0, 1.0]",4.0,2.0,2.0,2.0,2.0,2,-10.30587,8.0,-12.0,hrl_dqn_apf,hierarchical,dqn,-10.000,1.581,-0.759,0.00,0.00,0.00,-14.299,1.549,-0.590,0.00,0.00,0.00,-20.110,1.548,-0.590,0.00,0.00,0.00,4.200,4.200,4.200
2026-02-04 20:37:53,145.59,4,348,352,1.14%,79.98,0.25%,"[0, 5, 10, 15, 20, 25, 30, 35, 40, 45, 50, 55, 60, 65, 70, 75, 80, 85, 90, 95, 100]","[4, 0, 0, 0, 0, 0, 0, 0, 0, 0, 0, 0, 0, 0, 0, 0, 1609, 0, 0, 0]","[0.0024798512089274642, 0.0024798512089274642, 0.0024798512089274642, 0.0024798512089274642, 0.0024798512089274642, 0.0024798512089274642, 0.0024798512089274642, 0.0024798512089274642, 0.0024798512089274642, 0.0024798512089274642, 0.0024798512089274642, 0.0024798512089274642, 0.0024798512089274642, 0.0024798512089274642, 0.0024798512089274642, 0.0024798512089274642, 1.0, 1.0, 1.0, 1.0]",4.0,2.0,2.0,2.0,2.0,2,-10.30587,8.0,-12.0,hrl_dqn_apf,hierarchical,dqn,-10.000,1.581,-0.759,0.00,0.00,0.00,-14.299,1.549,-0.590,0.00,0.00,0.00,-20.110,1.549,-0.590,0.00,0.00,0.00,4.200,4.200,4.200
2026-02-04 20:37:54,146.59,4,349,353,1.13%,80.32,0.25%,"[0, 5, 10, 15, 20, 25, 30, 35, 40, 45, 50, 55, 60, 65, 70, 75, 80, 85, 90, 95, 100]","[4, 0, 0, 0, 0, 0, 0, 0, 0, 0, 0, 0, 0, 0, 0, 0, 1609, 0, 0, 0]","[0.0024798512089274642, 0.0024798512089274642, 0.0024798512089274642, 0.0024798512089274642, 0.0024798512089274642, 0.0024798512089274642, 0.0024798512089274642, 0.0024798512089274642, 0.0024798512089274642, 0.0024798512089274642, 0.0024798512089274642, 0.0024798512089274642, 0.0024798512089274642, 0.0024798512089274642, 0.0024798512089274642, 0.0024798512089274642, 1.0, 1.0, 1.0, 1.0]",4.0,2.0,2.0,2.0,2.0,2,-10.30587,8.0,-12.0,hrl_dqn_apf,hierarchical,dqn,-10.000,0.038,-0.759,0.00,0.00,0.00,-14.300,0.040,-0.590,0.00,0.00,0.00,-20.110,0.040,-0.590,0.00,0.00,0.00,4.200,4.200,4.200
2026-02-04 20:37:55,147.59,0,349,349,0.00%,83.19,0.00%,"[0, 5, 10, 15, 20, 25, 30, 35, 40, 45, 50, 55, 60, 65, 70, 75, 80, 85, 90, 95, 100]","[0, 0, 0, 0, 0, 0, 0, 0, 0, 0, 0, 0, 0, 0, 0, 0, 349, 0, 0, 0]","[0.0, 0.0, 0.0, 0.0, 0.0, 0.0, 0.0, 0.0, 0.0, 0.0, 0.0, 0.0, 0.0, 0.0, 0.0, 0.0, 1.0, 1.0, 1.0, 1.0]",4.0,2.0,2.0,2.0,2.0,2,-10.30587,8.0,-12.0,hrl_dqn_apf,hierarchical,dqn,-10.000,0.084,-0.760,0.00,0.00,0.00,-14.300,0.040,-0.590,0.00,0.00,0.00,-20.110,0.040,-0.590,0.00,0.00,0.00,4.200,4.200,4.200
2026-02-04 20:37:56,148.59,0,349,349,0.00%,83.99,0.00%,"[0, 5, 10, 15, 20, 25, 30, 35, 40, 45, 50, 55, 60, 65, 70, 75, 80, 85, 90, 95, 100]","[0, 0, 0, 0, 0, 0, 0, 0, 0, 0, 0, 0, 0, 0, 0, 0, 349, 0, 0, 0]","[0.0, 0.0, 0.0, 0.0, 0.0, 0.0, 0.0, 0.0, 0.0, 0.0, 0.0, 0.0, 0.0, 0.0, 0.0, 0.0, 1.0, 1.0, 1.0, 1.0]",4.0,2.0,2.0,2.0,2.0,2,-10.30587,8.0,-12.0,hrl_dqn_apf,hierarchical,dqn,-10.000,0.437,-0.760,0.00,0.00,0.00,-14.300,0.040,-0.590,0.00,0.00,0.00,-20.110,0.040,-0.590,0.00,0.00,0.00,4.200,4.200,4.200
2026-02-04 20:37:57,149.59,0,351,351,0.00%,84.73,0.00%,"[0, 5, 10, 15, 20, 25, 30, 35, 40, 45, 50, 55, 60, 65, 70, 75, 80, 85, 90, 95, 100]","[0, 0, 0, 0, 0, 0, 0, 0, 0, 0, 0, 0, 0, 0, 0, 0, 351, 0, 0, 0]","[0.0, 0.0, 0.0, 0.0, 0.0, 0.0, 0.0, 0.0, 0.0, 0.0, 0.0, 0.0, 0.0, 0.0, 0.0, 0.0, 1.0, 1.0, 1.0, 1.0]",4.0,2.0,2.0,2.0,2.0,2,-10.30587,8.0,-12.0,hrl_dqn_apf,hierarchical,dqn,-10.000,0.796,-0.760,0.00,0.00,0.00,-14.300,0.040,-0.590,0.00,0.00,0.00,-20.110,0.040,-0.590,0.00,0.00,0.00,4.200,4.200,4.200
2026-02-04 20:37:58,150.59,0,353,353,0.00%,86.35,0.00%,"[0, 5, 10, 15, 20, 25, 30, 35, 40, 45, 50, 55, 60, 65, 70, 75, 80, 85, 90, 95, 100]","[0, 0, 0, 0, 0, 0, 0, 0, 0, 0, 0, 0, 0, 0, 0, 0, 5, 348, 0, 0]","[0.0, 0.0, 0.0, 0.0, 0.0, 0.0, 0.0, 0.0, 0.0, 0.0, 0.0, 0.0, 0.0, 0.0, 0.0, 0.0, 0.014164305949008499, 1.0, 1.0, 1.0]",4.0,2.0,2.0,2.0,2.0,2,-10.30587,8.0,-12.0,hrl_dqn_apf,hierarchical,dqn,-10.000,1.569,-0.760,0.00,0.00,0.00,-14.300,0.040,-0.590,0.00,0.00,0.00,-20.110,0.040,-0.590,0.00,0.00,0.00,4.200,4.200,4.200
2026-02-04 20:37:59,151.59,0,357,357,0.00%,87.07,0.00%,"[0, 5, 10, 15, 20, 25, 30, 35, 40, 45, 50, 55, 60, 65, 70, 75, 80, 85, 90, 95, 100]","[0, 0, 0, 0, 0, 0, 0, 0, 0, 0, 0, 0, 0, 0, 0, 0, 9, 348, 0, 0]","[0.0, 0.0, 0.0, 0.0, 0.0, 0.0, 0.0, 0.0, 0.0, 0.0, 0.0, 0.0, 0.0, 0.0, 0.0, 0.0, 0.025210084033613446, 1.0, 1.0, 1.0]",4.0,2.0,2.0,2.0,2.0,2,-10.30587,8.0,-12.0,hrl_dqn_apf,hierarchical,dqn,-10.000,1.530,-0.760,0.00,0.00,0.00,-14.300,0.040,-0.590,0.00,0.00,0.00,-20.110,0.040,-0.590,0.00,0.00,0.00,4.200,4.200,4.200
2026-02-04 20:38:00,152.59,0,361,361,0.00%,87.79,0.00%,"[0, 5, 10, 15, 20, 25, 30, 35, 40, 45, 50, 55, 60, 65, 70, 75, 80, 85, 90, 95, 100]","[0, 0, 0, 0, 0, 0, 0, 0, 0, 0, 0, 0, 0, 0, 0, 0, 12, 349, 0, 0]","[0.0, 0.0, 0.0, 0.0, 0.0, 0.0, 0.0, 0.0, 0.0, 0.0, 0.0, 0.0, 0.0, 0.0, 0.0, 0.0, 0.0332409972299169, 1.0, 1.0, 1.0]",4.0,2.0,2.0,2.0,2.0,2,-10.30587,8.0,-12.0,hrl_dqn_apf,hierarchical,dqn,-10.000,1.539,-0.760,0.00,0.00,0.00,-14.300,0.040,-0.590,0.00,0.00,0.00,-20.110,0.040,-0.590,0.00,0.00,0.00,4.200,4.200,4.200
2026-02-04 20:38:01,153.60,0,359,359,0.00%,88.59,0.00%,"[0, 5, 10, 15, 20, 25, 30, 35, 40, 45, 50, 55, 60, 65, 70, 75, 80, 85, 90, 95, 100]","[0, 0, 0, 0, 0, 0, 0, 0, 0, 0, 0, 0, 0, 0, 0, 0, 12, 349, 0, 0]","[0.0, 0.0, 0.0, 0.0, 0.0, 0.0, 0.0, 0.0, 0.0, 0.0, 0.0, 0.0, 0.0, 0.0, 0.0, 0.0, 0.0332409972299169, 1.0, 1.0, 1.0]",4.0,2.0,2.0,2.0,2.0,2,-10.30587,8.0,-12.0,hrl_dqn_apf,hierarchical,dqn,-10.000,1.551,-0.760,0.00,0.00,0.00,-14.300,0.142,-0.590,0.00,0.00,0.00,-20.110,0.040,-0.590,0.00,0.00,0.00,4.200,4.200,4.200
2026-02-04 20:38:02,154.60,0,365,365,0.00%,90.04,0.00%,"[0, 5, 10, 15, 20, 25, 30, 35, 40, 45, 50, 55, 60, 65, 70, 75, 80, 85, 90, 95, 100]","[0, 0, 0, 0, 0, 0, 0, 0, 0, 0, 0, 0, 0, 0, 0, 0, 14, 7, 346, 0]","[0.0, 0.0, 0.0, 0.0, 0.0, 0.0, 0.0, 0.0, 0.0, 0.0, 0.0, 0.0, 0.0, 0.0, 0.0, 0.0, 0.03814713896457766, 0.05722070844686648, 1.0, 1.0]",4.0,2.0,2.0,2.0,2.0,2,-10.30587,8.0,-12.0,hrl_dqn_apf,hierarchical,dqn,-10.000,1.563,-0.760,0.00,0.00,0.00,-14.300,0.890,-0.590,0.00,0.00,0.00,-20.110,0.040,-0.590,0.00,0.00,0.00,4.200,4.200,4.200
2026-02-04 20:38:03,155.60,0,365,365,0.00%,90.83,0.00%,"[0, 5, 10, 15, 20, 25, 30, 35, 40, 45, 50, 55, 60, 65, 70, 75, 80, 85, 90, 95, 100]","[0, 0, 0, 0, 0, 0, 0, 0, 0, 0, 0, 0, 0, 0, 0, 0, 14, 7, 346, 0]","[0.0, 0.0, 0.0, 0.0, 0.0, 0.0, 0.0, 0.0, 0.0, 0.0, 0.0, 0.0, 0.0, 0.0, 0.0, 0.0, 0.03814713896457766, 0.05722070844686648, 1.0, 1.0]",4.0,2.0,2.0,2.0,2.0,2,-10.30587,8.0,-12.0,hrl_dqn_apf,hierarchical,dqn,-10.000,1.565,-0.760,0.00,0.00,0.00,-14.300,1.277,-0.590,0.00,0.00,0.00,-20.110,0.040,-0.590,0.00,0.00,0.00,4.200,4.200,4.200
2026-02-04 20:38:04,156.60,0,365,365,0.00%,91.63,0.00%,"[0, 5, 10, 15, 20, 25, 30, 35, 40, 45, 50, 55, 60, 65, 70, 75, 80, 85, 90, 95, 100]","[0, 0, 0, 0, 0, 0, 0, 0, 0, 0, 0, 0, 0, 0, 0, 0, 10, 11, 346, 0]","[0.0, 0.0, 0.0, 0.0, 0.0, 0.0, 0.0, 0.0, 0.0, 0.0, 0.0, 0.0, 0.0, 0.0, 0.0, 0.0, 0.027247956403269755, 0.05722070844686648, 1.0, 1.0]",4.0,2.0,2.0,2.0,2.0,2,-10.30587,8.0,-12.0,hrl_dqn_apf,hierarchical,dqn,-10.000,1.566,-0.760,0.00,0.00,0.00,-14.300,1.572,-0.590,0.00,0.00,0.00,-20.110,0.040,-0.590,0.00,0.00,0.00,4.200,4.200,4.200
2026-02-04 20:38:05,157.60,0,365,365,0.00%,92.43,0.00%,"[0, 5, 10, 15, 20, 25, 30, 35, 40, 45, 50, 55, 60, 65, 70, 75, 80, 85, 90, 95, 100]","[0, 0, 0, 0, 0, 0, 0, 0, 0, 0, 0, 0, 0, 0, 0, 0, 8, 12, 347, 0]","[0.0, 0.0, 0.0, 0.0, 0.0, 0.0, 0.0, 0.0, 0.0, 0.0, 0.0, 0.0, 0.0, 0.0, 0.0, 0.0, 0.021798365122615803, 0.05449591280653951, 1.0, 1.0]",4.0,2.0,2.0,2.0,2.0,2,-10.30587,8.0,-12.0,hrl_dqn_apf,hierarchical,dqn,-10.000,1.567,-0.760,0.00,0.00,0.00,-14.300,1.534,-0.590,0.00,0.00,0.00,-20.110,0.040,-0.590,0.00,0.00,0.00,4.200,4.200,4.200
2026-02-04 20:38:06,158.60,0,367,367,0.00%,93.15,0.00%,"[0, 5, 10, 15, 20, 25, 30, 35, 40, 45, 50, 55, 60, 65, 70, 75, 80, 85, 90, 95, 100]","[0, 0, 0, 0, 0, 0, 0, 0, 0, 0, 0, 0, 0, 0, 0, 0, 8, 14, 347, 0]","[0.0, 0.0, 0.0, 0.0, 0.0, 0.0, 0.0, 0.0, 0.0, 0.0, 0.0, 0.0, 0.0, 0.0, 0.0, 0.0, 0.02168021680216802, 0.05962059620596206, 1.0, 1.0]",4.0,2.0,2.0,2.0,2.0,2,-10.30587,8.0,-12.0,hrl_dqn_apf,hierarchical,dqn,-10.000,1.567,-0.760,0.00,0.00,0.00,-14.300,1.544,-0.590,0.00,0.00,0.00,-20.110,0.040,-0.590,0.00,0.00,0.00,4.200,4.200,4.200
2026-02-04 20:38:07,159.60,0,369,369,0.00%,94.60,0.00%,"[0, 5, 10, 15, 20, 25, 30, 35, 40, 45, 50, 55, 60, 65, 70, 75, 80, 85, 90, 95, 100]","[0, 0, 0, 0, 0, 0, 0, 0, 0, 0, 0, 0, 0, 0, 0, 0, 6, 16, 7, 344]","[0.0, 0.0, 0.0, 0.0, 0.0, 0.0, 0.0, 0.0, 0.0, 0.0, 0.0, 0.0, 0.0, 0.0, 0.0, 0.0, 0.0160857908847185, 0.058981233243967826, 0.0777479892761394, 1.0]",4.0,2.0,2.0,2.0,2.0,2,-10.30587,8.0,-12.0,hrl_dqn_apf,hierarchical,dqn,-10.000,1.567,-0.760,0.00,0.00,0.00,-14.300,1.563,-0.590,0.00,0.00,0.00,-20.110,0.570,-0.590,0.00,0.00,0.00,4.200,4.200,4.200
2026-02-04 20:38:08,160.60,0,369,369,0.00%,95.23,0.00%,"[0, 5, 10, 15, 20, 25, 30, 35, 40, 45, 50, 55, 60, 65, 70, 75, 80, 85, 90, 95, 100]","[0, 0, 0, 0, 0, 0, 0, 0, 0, 0, 0, 0, 0, 0, 0, 0, 6, 16, 7, 344]","[0.0, 0.0, 0.0, 0.0, 0.0, 0.0, 0.0, 0.0, 0.0, 0.0, 0.0, 0.0, 0.0, 0.0, 0.0, 0.0, 0.0160857908847185, 0.058981233243967826, 0.0777479892761394, 1.0]",4.0,2.0,2.0,2.0,2.0,2,-10.30587,8.0,-12.0,hrl_dqn_apf,hierarchical,dqn,-10.000,1.567,-0.760,0.00,0.00,0.00,-14.300,1.567,-0.590,0.00,0.00,0.00,-20.110,0.875,-0.590,0.00,0.00,0.00,4.200,4.200,4.200
2026-02-04 20:38:09,161.61,0,370,370,0.00%,96.18,0.00%,"[0, 5, 10, 15, 20, 25, 30, 35, 40, 45, 50, 55, 60, 65, 70, 75, 80, 85, 90, 95, 100]","[0, 0, 0, 0, 0, 0, 0, 0, 0, 0, 0, 0, 0, 0, 0, 0, 7, 12, 11, 344]","[0.0, 0.0, 0.0, 0.0, 0.0, 0.0, 0.0, 0.0, 0.0, 0.0, 0.0, 0.0, 0.0, 0.0, 0.0, 0.0, 0.01871657754010695, 0.05080213903743316, 0.08021390374331551, 1.0]",4.0,2.0,2.0,2.0,2.0,2,-10.30587,8.0,-12.0,hrl_dqn_apf,hierarchical,dqn,-10.000,1.567,-0.760,0.00,0.00,0.00,-14.300,1.569,-0.590,0.00,0.00,0.00,-20.110,1.363,-0.590,0.00,0.00,0.00,4.200,4.200,4.200
2026-02-04 20:38:10,162.61,0,370,370,0.00%,96.97,0.00%,"[0, 5, 10, 15, 20, 25, 30, 35, 40, 45, 50, 55, 60, 65, 70, 75, 80, 85, 90, 95, 100]","[0, 0, 0, 0, 0, 0, 0, 0, 0, 0, 0, 0, 0, 0, 0, 0, 7, 10, 12, 345]","[0.0, 0.0, 0.0, 0.0, 0.0, 0.0, 0.0, 0.0, 0.0, 0.0, 0.0, 0.0, 0.0, 0.0, 0.0, 0.0, 0.01871657754010695, 0.045454545454545456, 0.07754010695187166, 1.0]",4.0,2.0,2.0,2.0,2.0,2,-10.30587,8.0,-12.0,hrl_dqn_apf,hierarchical,dqn,-10.000,1.567,-0.760,0.00,0.00,0.00,-14.300,1.570,-0.590,0.00,0.00,0.00,-20.110,1.556,-0.590,0.00,0.00,0.00,4.200,4.200,4.200
