timestamp,elapsed_time,scanned_count,unscanned_count,total_count,scan_ratio,global_avg_entropy,global_scan_ratio,entropy_bins,entropy_hist,entropy_cdf,repulsion_coefficient,entropy_coefficient,distance_coefficient,leader_range_coefficient,direction_retention_coefficient,hl_action,hl_goal_x,hl_goal_y,hl_goal_z,algorithm_type,env_type,control_mode,UAV1_x,UAV1_y,UAV1_z,UAV1_roll,UAV1_pitch,UAV1_yaw,UAV2_x,UAV2_y,UAV2_z,UAV2_roll,UAV2_pitch,UAV2_yaw,UAV3_x,UAV3_y,UAV3_z,UAV3_roll,UAV3_pitch,UAV3_yaw,UAV1_battery_voltage,UAV2_battery_voltage,UAV3_battery_voltage
2026-02-04 18:28:20,1.00,0,354,354,0.00%,80.00,0.00%,"[0, 5, 10, 15, 20, 25, 30, 35, 40, 45, 50, 55, 60, 65, 70, 75, 80, 85, 90, 95, 100]","[0, 0, 0, 0, 0, 0, 0, 0, 0, 0, 0, 0, 0, 0, 0, 0, 1613, 0, 0, 0]","[0.0, 0.0, 0.0, 0.0, 0.0, 0.0, 0.0, 0.0, 0.0, 0.0, 0.0, 0.0, 0.0, 0.0, 0.0, 0.0, 1.0, 1.0, 1.0, 1.0]",4.0,2.0,2.0,2.0,2.0,,,,,hrl_dqn_apf,hierarchical,dqn,-10.000,1.586,-0.759,0.00,0.00,0.00,-14.300,1.556,-0.590,0.00,0.00,0.00,-20.110,1.546,-0.590,0.00,0.00,0.00,4.200,4.200,4.200
2026-02-04 18:28:21,2.00,4,348,352,1.14%,80.15,0.25%,"[0, 5, 10, 15, 20, 25, 30, 35, 40, 45, 50, 55, 60, 65, 70, 75, 80, 85, 90, 95, 100]","[4, 0, 0, 0, 0, 0, 0, 0, 0, 0, 0, 0, 0, 0, 0, 0, 1609, 0, 0, 0]","[0.0024798512089274642, 0.0024798512089274642, 0.0024798512089274642, 0.0024798512089274642, 0.0024798512089274642, 0.0024798512089274642, 0.0024798512089274642, 0.0024798512089274642, 0.0024798512089274642, 0.0024798512089274642, 0.0024798512089274642, 0.0024798512089274642, 0.0024798512089274642, 0.0024798512089274642, 0.0024798512089274642, 0.0024798512089274642, 1.0, 1.0, 1.0, 1.0]",4.0,2.0,2.0,2.0,2.0,,,,,hrl_dqn_apf,hierarchical,dqn,-10.000,1.586,-0.759,0.00,0.00,0.00,-14.300,1.556,-0.590,0.00,0.00,0.00,-20.110,1.554,-0.590,0.00,0.00,0.00,4.200,4.200,4.200
2026-02-04 18:28:22,3.01,4,349,353,1.13%,80.32,0.25%,"[0, 5, 10, 15, 20, 25, 30, 35, 40, 45, 50, 55, 60, 65, 70, 75, 80, 85, 90, 95, 100]","[4, 0, 0, 0, 0, 0, 0, 0, 0, 0, 0, 0, 0, 0, 0, 0, 1609, 0, 0, 0]","[0.0024798512089274642, 0.0024798512089274642, 0.0024798512089274642, 0.0024798512089274642, 0.0024798512089274642, 0.0024798512089274642, 0.0024798512089274642, 0.0024798512089274642, 0.0024798512089274642, 0.0024798512089274642, 0.0024798512089274642, 0.0024798512089274642, 0.0024798512089274642, 0.0024798512089274642, 0.0024798512089274642, 0.0024798512089274642, 1.0, 1.0, 1.0, 1.0]",4.0,2.0,2.0,2.0,2.0,,,,,hrl_dqn_apf,hierarchical,dqn,-10.000,1.586,-0.759,0.00,0.00,0.00,-14.300,1.556,-0.590,0.00,0.00,0.00,-20.110,1.555,-0.590,0.00,0.00,0.00,4.200,4.200,4.200
2026-02-04 18:28:23,4.02,4,349,353,1.13%,80.49,0.25%,"[0, 5, 10, 15, 20, 25, 30, 35, 40, 45, 50, 55, 60, 65, 70, 75, 80, 85, 90, 95, 100]","[4, 0, 0, 0, 0, 0, 0, 0, 0, 0, 0, 0, 0, 0, 0, 0, 1609, 0, 0, 0]","[0.0024798512089274642, 0.0024798512089274642, 0.0024798512089274642, 0.0024798512089274642, 0.0024798512089274642, 0.0024798512089274642, 0.0024798512089274642, 0.0024798512089274642, 0.0024798512089274642, 0.0024798512089274642, 0.0024798512089274642, 0.0024798512089274642, 0.0024798512089274642, 0.0024798512089274642, 0.0024798512089274642, 0.0024798512089274642, 1.0, 1.0, 1.0, 1.0]",4.0,2.0,2.0,2.0,2.0,,,,,hrl_dqn_apf,hierarchical,dqn,-9.995,1.575,-0.759,0.00,0.00,0.00,-14.305,1.545,-0.590,0.00,0.00,0.00,-20.110,1.545,-0.595,0.00,0.00,0.00,4.197,4.197,4.197
2026-02-04 18:28:24,5.02,4,349,353,1.13%,80.63,0.25%,"[0, 5, 10, 15, 20, 25, 30, 35, 40, 45, 50, 55, 60, 65, 70, 75, 80, 85, 90, 95, 100]","[4, 0, 0, 0, 0, 0, 1, 0, 0, 0, 0, 0, 0, 0, 0, 0, 1608, 0, 0, 0]","[0.0024798512089274642, 0.0024798512089274642, 0.0024798512089274642, 0.0024798512089274642, 0.0024798512089274642, 0.0024798512089274642, 0.0030998140111593306, 0.0030998140111593306, 0.0030998140111593306, 0.0030998140111593306, 0.0030998140111593306, 0.0030998140111593306, 0.0030998140111593306, 0.0030998140111593306, 0.0030998140111593306, 0.0030998140111593306, 1.0, 1.0, 1.0, 1.0]",4.0,2.0,2.0,2.0,2.0,4,-5.760770000000001,8.0,-12.0,hrl_dqn_apf,hierarchical,dqn,-9.677,1.555,-0.772,0.00,0.00,0.00,-14.622,1.519,-0.577,0.00,0.00,0.00,-20.110,1.521,-0.913,0.00,0.00,0.00,4.194,4.194,4.194
2026-02-04 18:28:25,6.02,7,350,357,1.96%,80.83,0.43%,"[0, 5, 10, 15, 20, 25, 30, 35, 40, 45, 50, 55, 60, 65, 70, 75, 80, 85, 90, 95, 100]","[6, 1, 0, 0, 0, 0, 1, 0, 0, 0, 0, 0, 0, 0, 0, 0, 1261, 344, 0, 0]","[0.0037197768133911966, 0.0043397396156230625, 0.0043397396156230625, 0.0043397396156230625, 0.0043397396156230625, 0.0043397396156230625, 0.0049597024178549285, 0.0049597024178549285, 0.0049597024178549285, 0.0049597024178549285, 0.0049597024178549285, 0.0049597024178549285, 0.0049597024178549285, 0.0049597024178549285, 0.0049597024178549285, 0.0049597024178549285, 0.7867327960322381, 1.0, 1.0, 1.0]",4.0,2.0,2.0,2.0,2.0,24,-5.600739999999998,8.0,12.0,hrl_dqn_apf,hierarchical,dqn,-8.436,1.810,-0.822,0.00,0.00,0.00,-15.864,1.766,-0.527,0.00,0.00,0.00,-20.110,1.519,-1.749,0.00,0.00,0.00,4.191,4.191,4.191
2026-02-04 18:28:26,7.02,8,349,357,2.24%,80.93,0.50%,"[0, 5, 10, 15, 20, 25, 30, 35, 40, 45, 50, 55, 60, 65, 70, 75, 80, 85, 90, 95, 100]","[7, 0, 1, 0, 0, 0, 1, 0, 1, 0, 0, 0, 0, 0, 0, 0, 1261, 342, 0, 0]","[0.0043397396156230625, 0.0043397396156230625, 0.0049597024178549285, 0.0049597024178549285, 0.0049597024178549285, 0.0049597024178549285, 0.005579665220086794, 0.005579665220086794, 0.006199628022318661, 0.006199628022318661, 0.006199628022318661, 0.006199628022318661, 0.006199628022318661, 0.006199628022318661, 0.006199628022318661, 0.006199628022318661, 0.7879727216367018, 1.0, 1.0, 1.0]",4.0,2.0,2.0,2.0,2.0,24,-5.600739999999998,8.0,12.0,hrl_dqn_apf,hierarchical,dqn,-8.189,2.229,-0.833,0.00,0.00,0.00,-16.082,2.064,-0.507,0.00,0.00,0.00,-20.145,1.563,-1.840,0.00,0.00,0.00,4.188,4.188,4.188
2026-02-04 18:28:27,8.02,11,350,361,3.05%,81.02,0.68%,"[0, 5, 10, 15, 20, 25, 30, 35, 40, 45, 50, 55, 60, 65, 70, 75, 80, 85, 90, 95, 100]","[9, 0, 1, 1, 0, 0, 0, 0, 0, 0, 0, 0, 0, 0, 0, 0, 1261, 341, 0, 0]","[0.005579665220086794, 0.005579665220086794, 0.006199628022318661, 0.006819590824550527, 0.006819590824550527, 0.006819590824550527, 0.006819590824550527, 0.006819590824550527, 0.006819590824550527, 0.006819590824550527, 0.006819590824550527, 0.006819590824550527, 0.006819590824550527, 0.006819590824550527, 0.006819590824550527, 0.006819590824550527, 0.7885926844389337, 1.0, 1.0, 1.0]",4.0,2.0,2.0,2.0,2.0,13,-11.440550000000002,8.0,0.0,hrl_dqn_apf,hierarchical,dqn,-8.112,2.640,-0.836,0.00,0.00,0.00,-15.748,2.125,-0.383,0.00,0.00,0.00,-20.553,1.577,-2.086,0.00,0.00,0.00,4.185,4.185,4.185
2026-02-04 18:28:28,9.03,11,354,365,3.01%,81.18,0.68%,"[0, 5, 10, 15, 20, 25, 30, 35, 40, 45, 50, 55, 60, 65, 70, 75, 80, 85, 90, 95, 100]","[9, 1, 1, 0, 0, 0, 0, 0, 0, 0, 0, 0, 0, 0, 0, 0, 1260, 342, 0, 0]","[0.005579665220086794, 0.006199628022318661, 0.006819590824550527, 0.006819590824550527, 0.006819590824550527, 0.006819590824550527, 0.006819590824550527, 0.006819590824550527, 0.006819590824550527, 0.006819590824550527, 0.006819590824550527, 0.006819590824550527, 0.006819590824550527, 0.006819590824550527, 0.006819590824550527, 0.006819590824550527, 0.7879727216367018, 1.0, 1.0, 1.0]",4.0,2.0,2.0,2.0,2.0,13,-11.440550000000002,8.0,0.0,hrl_dqn_apf,hierarchical,dqn,-8.089,3.038,-0.837,0.00,0.00,0.00,-15.133,2.171,-0.183,0.00,0.00,0.00,-21.159,1.571,-2.313,0.00,0.00,0.00,4.182,4.182,4.182
2026-02-04 18:28:29,10.03,12,353,365,3.29%,81.48,0.74%,"[0, 5, 10, 15, 20, 25, 30, 35, 40, 45, 50, 55, 60, 65, 70, 75, 80, 85, 90, 95, 100]","[8, 3, 1, 0, 0, 0, 0, 0, 0, 0, 0, 0, 0, 0, 0, 0, 1258, 343, 0, 0]","[0.0049597024178549285, 0.006819590824550527, 0.007439553626782393, 0.007439553626782393, 0.007439553626782393, 0.007439553626782393, 0.007439553626782393, 0.007439553626782393, 0.007439553626782393, 0.007439553626782393, 0.007439553626782393, 0.007439553626782393, 0.007439553626782393, 0.007439553626782393, 0.007439553626782393, 0.007439553626782393, 0.78735275883447, 1.0, 1.0, 1.0]",4.0,2.0,2.0,2.0,2.0,19,-5.279959999999999,8.0,6.0,hrl_dqn_apf,hierarchical,dqn,-8.080,3.832,-0.837,0.00,0.00,0.00,-14.465,2.986,0.041,0.00,0.00,0.00,-21.823,2.384,-2.547,0.00,0.00,0.00,4.179,4.179,4.179
2026-02-04 18:28:30,11.03,12,357,369,3.25%,81.66,0.74%,"[0, 5, 10, 15, 20, 25, 30, 35, 40, 45, 50, 55, 60, 65, 70, 75, 80, 85, 90, 95, 100]","[8, 3, 1, 0, 0, 0, 0, 0, 0, 0, 0, 0, 0, 0, 0, 0, 1256, 7, 338, 0]","[0.0049597024178549285, 0.006819590824550527, 0.007439553626782393, 0.007439553626782393, 0.007439553626782393, 0.007439553626782393, 0.007439553626782393, 0.007439553626782393, 0.007439553626782393, 0.007439553626782393, 0.007439553626782393, 0.007439553626782393, 0.007439553626782393, 0.007439553626782393, 0.007439553626782393, 0.007439553626782393, 0.7861128332300062, 0.7904525728456293, 1.0, 1.0]",4.0,2.0,2.0,2.0,2.0,3,-11.20016,8.0,-12.0,hrl_dqn_apf,hierarchical,dqn,-8.079,4.229,-0.837,0.00,0.00,0.00,-14.412,3.387,0.059,0.00,0.00,0.00,-21.875,2.786,-2.566,0.00,0.00,0.00,4.176,4.176,4.176
2026-02-04 18:28:31,12.04,12,357,369,3.25%,81.85,0.74%,"[0, 5, 10, 15, 20, 25, 30, 35, 40, 45, 50, 55, 60, 65, 70, 75, 80, 85, 90, 95, 100]","[7, 4, 0, 1, 0, 0, 0, 0, 0, 0, 0, 0, 0, 0, 0, 0, 1256, 7, 338, 0]","[0.0043397396156230625, 0.006819590824550527, 0.006819590824550527, 0.007439553626782393, 0.007439553626782393, 0.007439553626782393, 0.007439553626782393, 0.007439553626782393, 0.007439553626782393, 0.007439553626782393, 0.007439553626782393, 0.007439553626782393, 0.007439553626782393, 0.007439553626782393, 0.007439553626782393, 0.007439553626782393, 0.7861128332300062, 0.7904525728456293, 1.0, 1.0]",4.0,2.0,2.0,2.0,2.0,3,-11.20016,8.0,-12.0,hrl_dqn_apf,hierarchical,dqn,-8.079,4.625,-0.837,0.00,0.00,0.00,-14.395,3.784,0.065,0.00,0.00,0.00,-21.892,3.184,-2.572,0.00,0.00,0.00,4.173,4.173,4.173
2026-02-04 18:28:32,13.04,12,357,369,3.25%,82.03,0.74%,"[0, 5, 10, 15, 20, 25, 30, 35, 40, 45, 50, 55, 60, 65, 70, 75, 80, 85, 90, 95, 100]","[6, 5, 0, 1, 0, 0, 0, 0, 0, 0, 0, 0, 0, 0, 0, 0, 1252, 11, 338, 0]","[0.0037197768133911966, 0.006819590824550527, 0.006819590824550527, 0.007439553626782393, 0.007439553626782393, 0.007439553626782393, 0.007439553626782393, 0.007439553626782393, 0.007439553626782393, 0.007439553626782393, 0.007439553626782393, 0.007439553626782393, 0.007439553626782393, 0.007439553626782393, 0.007439553626782393, 0.007439553626782393, 0.7836329820210788, 0.7904525728456293, 1.0, 1.0]",4.0,2.0,2.0,2.0,2.0,12,-17.03995,8.0,0.0,hrl_dqn_apf,hierarchical,dqn,-8.079,5.022,-0.837,0.00,0.00,0.00,-14.390,4.181,0.067,0.00,0.00,0.00,-21.897,3.582,-2.574,0.00,0.00,0.00,4.170,4.170,4.170
2026-02-04 18:28:33,14.05,12,359,371,3.23%,82.39,0.74%,"[0, 5, 10, 15, 20, 25, 30, 35, 40, 45, 50, 55, 60, 65, 70, 75, 80, 85, 90, 95, 100]","[5, 5, 1, 1, 0, 0, 0, 0, 0, 0, 0, 0, 0, 0, 0, 0, 1248, 14, 339, 0]","[0.0030998140111593306, 0.006199628022318661, 0.006819590824550527, 0.007439553626782393, 0.007439553626782393, 0.007439553626782393, 0.007439553626782393, 0.007439553626782393, 0.007439553626782393, 0.007439553626782393, 0.007439553626782393, 0.007439553626782393, 0.007439553626782393, 0.007439553626782393, 0.007439553626782393, 0.007439553626782393, 0.7811531308121513, 0.7898326100433974, 1.0, 1.0]",4.0,2.0,2.0,2.0,2.0,11,-22.87933,8.0,0.0,hrl_dqn_apf,hierarchical,dqn,-8.079,5.816,-0.837,0.00,0.00,0.00,-14.388,4.976,0.068,0.00,0.00,0.00,-21.899,4.376,-2.575,0.00,0.00,0.00,4.167,4.167,4.167
2026-02-04 18:28:34,15.05,12,361,373,3.22%,82.58,0.74%,"[0, 5, 10, 15, 20, 25, 30, 35, 40, 45, 50, 55, 60, 65, 70, 75, 80, 85, 90, 95, 100]","[4, 5, 2, 1, 0, 0, 0, 0, 0, 0, 0, 0, 0, 0, 0, 0, 1246, 14, 341, 0]","[0.0024798512089274642, 0.005579665220086794, 0.006819590824550527, 0.007439553626782393, 0.007439553626782393, 0.007439553626782393, 0.007439553626782393, 0.007439553626782393, 0.007439553626782393, 0.007439553626782393, 0.007439553626782393, 0.007439553626782393, 0.007439553626782393, 0.007439553626782393, 0.007439553626782393, 0.007439553626782393, 0.7799132052076876, 0.7885926844389337, 1.0, 1.0]",4.0,2.0,2.0,2.0,2.0,11,-22.87933,8.0,0.0,hrl_dqn_apf,hierarchical,dqn,-8.079,6.212,-0.837,0.00,0.00,0.00,-14.388,5.372,0.068,0.00,0.00,0.00,-21.899,4.772,-2.575,0.00,0.00,0.00,4.164,4.164,4.164
2026-02-04 18:28:35,16.05,12,361,373,3.22%,82.76,0.74%,"[0, 5, 10, 15, 20, 25, 30, 35, 40, 45, 50, 55, 60, 65, 70, 75, 80, 85, 90, 95, 100]","[3, 5, 3, 1, 0, 0, 0, 0, 0, 0, 0, 0, 0, 0, 0, 0, 1242, 16, 7, 336]","[0.0018598884066955983, 0.0049597024178549285, 0.006819590824550527, 0.007439553626782393, 0.007439553626782393, 0.007439553626782393, 0.007439553626782393, 0.007439553626782393, 0.007439553626782393, 0.007439553626782393, 0.007439553626782393, 0.007439553626782393, 0.007439553626782393, 0.007439553626782393, 0.007439553626782393, 0.007439553626782393, 0.7774333539987601, 0.78735275883447, 0.791692498450093, 1.0]",4.0,2.0,2.0,2.0,2.0,4,-4.71951,8.0,-12.0,hrl_dqn_apf,hierarchical,dqn,-8.082,6.553,-0.837,0.00,0.00,0.00,-14.388,5.767,0.068,0.00,0.00,0.00,-21.899,5.168,-2.575,0.00,0.00,0.00,4.161,4.161,4.161
2026-02-04 18:28:36,17.06,12,361,373,3.22%,82.94,0.74%,"[0, 5, 10, 15, 20, 25, 30, 35, 40, 45, 50, 55, 60, 65, 70, 75, 80, 85, 90, 95, 100]","[4, 4, 3, 1, 0, 0, 0, 0, 0, 0, 0, 0, 0, 0, 0, 0, 1242, 16, 7, 336]","[0.0024798512089274642, 0.0049597024178549285, 0.006819590824550527, 0.007439553626782393, 0.007439553626782393, 0.007439553626782393, 0.007439553626782393, 0.007439553626782393, 0.007439553626782393, 0.007439553626782393, 0.007439553626782393, 0.007439553626782393, 0.007439553626782393, 0.007439553626782393, 0.007439553626782393, 0.007439553626782393, 0.7774333539987601, 0.78735275883447, 0.791692498450093, 1.0]",4.0,2.0,2.0,2.0,2.0,6,-22.55923,8.0,-6.0,hrl_dqn_apf,hierarchical,dqn,-8.391,6.577,-0.837,0.00,0.00,0.00,-14.388,6.164,0.068,0.00,0.00,0.00,-21.899,5.565,-2.575,0.00,0.00,0.00,4.158,4.158,4.158
2026-02-04 18:28:37,18.06,12,362,374,3.21%,83.31,0.74%,"[0, 5, 10, 15, 20, 25, 30, 35, 40, 45, 50, 55, 60, 65, 70, 75, 80, 85, 90, 95, 100]","[4, 2, 5, 0, 1, 0, 0, 0, 0, 0, 0, 0, 0, 0, 0, 0, 1242, 10, 12, 337]","[0.0024798512089274642, 0.0037197768133911966, 0.006819590824550527, 0.006819590824550527, 0.007439553626782393, 0.007439553626782393, 0.007439553626782393, 0.007439553626782393, 0.007439553626782393, 0.007439553626782393, 0.007439553626782393, 0.007439553626782393, 0.007439553626782393, 0.007439553626782393, 0.007439553626782393, 0.007439553626782393, 0.7774333539987601, 0.7836329820210788, 0.7910725356478612, 1.0]",4.0,2.0,2.0,2.0,2.0,6,-22.55923,8.0,-6.0,hrl_dqn_apf,hierarchical,dqn,-9.636,6.620,-0.942,0.00,0.00,0.00,-14.388,6.723,-0.028,0.00,0.00,0.00,-21.899,6.358,-2.575,0.00,0.00,0.00,4.155,4.155,4.155
2026-02-04 18:28:38,19.06,12,364,376,3.19%,83.47,0.74%,"[0, 5, 10, 15, 20, 25, 30, 35, 40, 45, 50, 55, 60, 65, 70, 75, 80, 85, 90, 95, 100]","[6, 2, 2, 1, 1, 0, 0, 0, 0, 0, 0, 0, 0, 0, 0, 0, 1240, 10, 14, 337]","[0.0037197768133911966, 0.0049597024178549285, 0.006199628022318661, 0.006819590824550527, 0.007439553626782393, 0.007439553626782393, 0.007439553626782393, 0.007439553626782393, 0.007439553626782393, 0.007439553626782393, 0.007439553626782393, 0.007439553626782393, 0.007439553626782393, 0.007439553626782393, 0.007439553626782393, 0.007439553626782393, 0.7761934283942964, 0.782393056416615, 0.7910725356478612, 1.0]",4.0,2.0,2.0,2.0,2.0,9,-4.398710000000001,8.0,-6.0,hrl_dqn_apf,hierarchical,dqn,-9.848,6.683,-1.418,0.00,0.00,0.00,-14.388,6.764,-0.459,0.00,0.00,0.00,-21.899,6.611,-2.607,0.00,0.00,0.00,4.152,4.152,4.152
2026-02-04 18:28:39,20.06,12,366,378,3.17%,83.63,0.74%,"[0, 5, 10, 15, 20, 25, 30, 35, 40, 45, 50, 55, 60, 65, 70, 75, 80, 85, 90, 95, 100]","[6, 1, 3, 1, 1, 0, 0, 0, 0, 0, 0, 0, 1, 0, 0, 0, 1236, 15, 14, 335]","[0.0037197768133911966, 0.0043397396156230625, 0.006199628022318661, 0.006819590824550527, 0.007439553626782393, 0.007439553626782393, 0.007439553626782393, 0.007439553626782393, 0.007439553626782393, 0.007439553626782393, 0.007439553626782393, 0.007439553626782393, 0.008059516429014259, 0.008059516429014259, 0.008059516429014259, 0.008059516429014259, 0.7743335399876008, 0.7836329820210788, 0.7923124612523249, 1.0]",4.0,2.0,2.0,2.0,2.0,24,-4.23893,8.0,12.0,hrl_dqn_apf,hierarchical,dqn,-9.625,6.740,-1.677,0.00,0.00,0.00,-14.392,6.841,-0.328,0.00,0.00,0.00,-21.899,6.625,-2.997,0.00,0.00,0.00,4.149,4.149,4.149
2026-02-04 18:28:40,21.07,14,364,378,3.70%,83.72,0.87%,"[0, 5, 10, 15, 20, 25, 30, 35, 40, 45, 50, 55, 60, 65, 70, 75, 80, 85, 90, 95, 100]","[8, 1, 3, 1, 1, 0, 0, 0, 0, 0, 0, 0, 0, 0, 0, 0, 1236, 10, 14, 339]","[0.0049597024178549285, 0.005579665220086794, 0.007439553626782393, 0.008059516429014259, 0.008679479231246125, 0.008679479231246125, 0.008679479231246125, 0.008679479231246125, 0.008679479231246125, 0.008679479231246125, 0.008679479231246125, 0.008679479231246125, 0.008679479231246125, 0.008679479231246125, 0.008679479231246125, 0.008679479231246125, 0.7749535027898327, 0.7811531308121513, 0.7898326100433974, 1.0]",4.0,2.0,2.0,2.0,2.0,24,-4.23893,8.0,12.0,hrl_dqn_apf,hierarchical,dqn,-9.558,6.777,-1.808,0.00,0.00,0.00,-14.641,6.880,-0.036,0.00,0.00,0.00,-21.899,6.620,-3.566,0.00,0.00,0.00,4.146,4.146,4.146
2026-02-04 18:28:41,22.08,14,368,382,3.66%,84.06,0.87%,"[0, 5, 10, 15, 20, 25, 30, 35, 40, 45, 50, 55, 60, 65, 70, 75, 80, 85, 90, 95, 100]","[8, 1, 3, 1, 0, 1, 0, 0, 0, 0, 0, 0, 0, 1, 0, 1, 1235, 9, 16, 337]","[0.0049597024178549285, 0.005579665220086794, 0.007439553626782393, 0.008059516429014259, 0.008059516429014259, 0.008679479231246125, 0.008679479231246125, 0.008679479231246125, 0.008679479231246125, 0.008679479231246125, 0.008679479231246125, 0.008679479231246125, 0.008679479231246125, 0.009299442033477991, 0.009299442033477991, 0.009919404835709857, 0.7755734655920645, 0.7811531308121513, 0.7910725356478612, 1.0]",4.0,2.0,2.0,2.0,2.0,7,-16.07868,8.0,-6.0,hrl_dqn_apf,hierarchical,dqn,-9.575,6.888,-1.944,0.00,0.00,0.00,-15.179,6.914,0.929,0.00,0.00,0.00,-21.173,6.697,-4.271,0.00,0.00,0.00,4.143,4.143,4.143
2026-02-04 18:28:42,23.08,16,368,384,4.17%,84.11,0.99%,"[0, 5, 10, 15, 20, 25, 30, 35, 40, 45, 50, 55, 60, 65, 70, 75, 80, 85, 90, 95, 100]","[10, 1, 1, 3, 0, 1, 1, 0, 0, 0, 0, 0, 0, 0, 0, 0, 1235, 9, 10, 342]","[0.006199628022318661, 0.006819590824550527, 0.007439553626782393, 0.009299442033477991, 0.009299442033477991, 0.009919404835709857, 0.010539367637941723, 0.010539367637941723, 0.010539367637941723, 0.010539367637941723, 0.010539367637941723, 0.010539367637941723, 0.010539367637941723, 0.010539367637941723, 0.010539367637941723, 0.010539367637941723, 0.7761934283942964, 0.7817730936143832, 0.7879727216367018, 1.0]",4.0,2.0,2.0,2.0,2.0,12,-15.91802,8.0,0.0,hrl_dqn_apf,hierarchical,dqn,-9.581,6.930,-1.957,0.00,0.00,0.00,-15.229,6.912,1.653,0.00,0.00,0.00,-20.468,6.696,-4.334,0.00,0.00,0.00,4.140,4.140,4.140
2026-02-04 18:28:43,24.09,17,365,382,4.45%,84.18,1.05%,"[0, 5, 10, 15, 20, 25, 30, 35, 40, 45, 50, 55, 60, 65, 70, 75, 80, 85, 90, 95, 100]","[10, 1, 1, 3, 1, 1, 1, 0, 1, 0, 0, 0, 0, 1, 0, 0, 1233, 11, 8, 341]","[0.006199628022318661, 0.006819590824550527, 0.007439553626782393, 0.009299442033477991, 0.009919404835709857, 0.010539367637941723, 0.011159330440173589, 0.011159330440173589, 0.011779293242405457, 0.011779293242405457, 0.011779293242405457, 0.011779293242405457, 0.011779293242405457, 0.012399256044637322, 0.012399256044637322, 0.012399256044637322, 0.7768133911965283, 0.7836329820210788, 0.7885926844389337, 1.0]",4.0,2.0,2.0,2.0,2.0,12,-15.91802,8.0,0.0,hrl_dqn_apf,hierarchical,dqn,-9.950,6.964,-1.961,0.00,0.00,0.00,-15.244,6.909,2.403,0.00,0.00,0.00,-19.723,6.693,-4.354,0.00,0.00,0.00,4.137,4.137,4.137
2026-02-04 18:28:44,25.09,18,368,386,4.66%,84.31,1.12%,"[0, 5, 10, 15, 20, 25, 30, 35, 40, 45, 50, 55, 60, 65, 70, 75, 80, 85, 90, 95, 100]","[11, 2, 0, 3, 1, 1, 1, 0, 1, 0, 0, 0, 0, 0, 0, 0, 1232, 7, 14, 340]","[0.006819590824550527, 0.008059516429014259, 0.008059516429014259, 0.009919404835709857, 0.010539367637941723, 0.011159330440173589, 0.011779293242405457, 0.011779293242405457, 0.012399256044637322, 0.012399256044637322, 0.012399256044637322, 0.012399256044637322, 0.012399256044637322, 0.012399256044637322, 0.012399256044637322, 0.012399256044637322, 0.7761934283942964, 0.7805331680099195, 0.7892126472411656, 1.0]",4.0,2.0,2.0,2.0,2.0,21,-21.75808,8.0,12.0,hrl_dqn_apf,hierarchical,dqn,-10.597,6.965,-1.962,0.00,0.00,0.00,-15.249,6.905,3.164,0.00,0.00,0.00,-18.964,6.689,-4.360,0.00,0.00,0.00,4.134,4.134,4.134
2026-02-04 18:28:45,26.10,22,366,388,5.67%,84.33,1.36%,"[0, 5, 10, 15, 20, 25, 30, 35, 40, 45, 50, 55, 60, 65, 70, 75, 80, 85, 90, 95, 100]","[10, 5, 0, 4, 2, 1, 2, 0, 1, 0, 2, 0, 0, 0, 0, 1, 1231, 7, 9, 338]","[0.006199628022318661, 0.009299442033477991, 0.009299442033477991, 0.011779293242405457, 0.013019218846869188, 0.013639181649101054, 0.014879107253564786, 0.014879107253564786, 0.015499070055796652, 0.015499070055796652, 0.016738995660260384, 0.016738995660260384, 0.016738995660260384, 0.016738995660260384, 0.016738995660260384, 0.01735895846249225, 0.7805331680099195, 0.7848729076255425, 0.7904525728456293, 1.0]",4.0,2.0,2.0,2.0,2.0,7,-15.59786,8.0,-6.0,hrl_dqn_apf,hierarchical,dqn,-12.078,6.959,-1.962,0.00,0.00,0.00,-15.251,6.899,4.683,0.00,0.00,0.00,-17.445,6.683,-4.362,0.00,0.00,0.00,4.131,4.131,4.131
2026-02-04 18:28:46,27.11,23,365,388,5.93%,84.39,1.43%,"[0, 5, 10, 15, 20, 25, 30, 35, 40, 45, 50, 55, 60, 65, 70, 75, 80, 85, 90, 95, 100]","[12, 4, 1, 4, 2, 0, 1, 1, 2, 0, 3, 0, 0, 0, 0, 0, 1225, 12, 9, 337]","[0.007439553626782393, 0.009919404835709857, 0.010539367637941723, 0.013019218846869188, 0.01425914445133292, 0.01425914445133292, 0.014879107253564786, 0.015499070055796652, 0.016738995660260384, 0.016738995660260384, 0.018598884066955982, 0.018598884066955982, 0.018598884066955982, 0.018598884066955982, 0.018598884066955982, 0.018598884066955982, 0.778053316800992, 0.7854928704277744, 0.7910725356478612, 1.0]",4.0,2.0,2.0,2.0,2.0,7,-15.59786,8.0,-6.0,hrl_dqn_apf,hierarchical,dqn,-12.838,6.956,-1.962,0.00,0.00,0.00,-15.251,6.896,5.447,0.00,0.00,0.00,-16.681,6.680,-4.362,0.00,0.00,0.00,4.127,4.127,4.127
2026-02-04 18:28:47,28.11,24,364,388,6.19%,84.40,1.49%,"[0, 5, 10, 15, 20, 25, 30, 35, 40, 45, 50, 55, 60, 65, 70, 75, 80, 85, 90, 95, 100]","[11, 6, 1, 1, 5, 0, 1, 1, 2, 1, 0, 4, 1, 0, 0, 0, 1224, 14, 9, 332]","[0.006819590824550527, 0.010539367637941723, 0.011159330440173589, 0.011779293242405457, 0.014879107253564786, 0.014879107253564786, 0.015499070055796652, 0.016119032858028518, 0.01735895846249225, 0.017978921264724116, 0.017978921264724116, 0.02045877247365158, 0.021078735275883446, 0.021078735275883446, 0.021078735275883446, 0.021078735275883446, 0.7799132052076876, 0.7885926844389337, 0.7941723496590205, 1.0]",4.0,2.0,2.0,2.0,2.0,10,-27.437260000000002,8.0,0.0,hrl_dqn_apf,hierarchical,dqn,-13.587,6.971,-1.958,0.00,0.00,0.00,-15.251,6.893,6.207,0.00,0.00,0.00,-15.929,6.685,-4.364,0.00,0.00,0.00,4.125,4.125,4.125
2026-02-04 18:28:48,29.11,28,362,390,7.18%,84.43,1.74%,"[0, 5, 10, 15, 20, 25, 30, 35, 40, 45, 50, 55, 60, 65, 70, 75, 80, 85, 90, 95, 100]","[10, 8, 1, 1, 4, 4, 1, 1, 0, 2, 0, 5, 0, 0, 0, 0, 1223, 14, 9, 330]","[0.006199628022318661, 0.011159330440173589, 0.011779293242405457, 0.012399256044637322, 0.014879107253564786, 0.01735895846249225, 0.017978921264724116, 0.018598884066955982, 0.018598884066955982, 0.019838809671419714, 0.019838809671419714, 0.022938623682579044, 0.022938623682579044, 0.022938623682579044, 0.022938623682579044, 0.022938623682579044, 0.7811531308121513, 0.7898326100433974, 0.7954122752634842, 1.0]",4.0,2.0,2.0,2.0,2.0,15,-27.35738,8.0,6.0,hrl_dqn_apf,hierarchical,dqn,-13.752,7.132,-1.784,0.00,0.00,0.00,-15.250,6.890,6.968,0.00,0.00,0.00,-15.747,6.798,-4.533,0.00,0.00,0.00,4.121,4.121,4.121
2026-02-04 18:28:49,30.11,30,360,390,7.69%,84.70,1.86%,"[0, 5, 10, 15, 20, 25, 30, 35, 40, 45, 50, 55, 60, 65, 70, 75, 80, 85, 90, 95, 100]","[9, 10, 3, 0, 5, 3, 1, 1, 0, 1, 0, 4, 1, 0, 0, 0, 1217, 16, 7, 335]","[0.005579665220086794, 0.011779293242405457, 0.013639181649101054, 0.013639181649101054, 0.016738995660260384, 0.018598884066955982, 0.019218846869187848, 0.019838809671419714, 0.019838809671419714, 0.02045877247365158, 0.02045877247365158, 0.022938623682579044, 0.023558586484810913, 0.023558586484810913, 0.023558586484810913, 0.023558586484810913, 0.778053316800992, 0.7879727216367018, 0.7923124612523249, 1.0]",4.0,2.0,2.0,2.0,2.0,15,-27.35738,8.0,6.0,hrl_dqn_apf,hierarchical,dqn,-12.902,7.216,-0.903,0.00,0.00,0.00,-16.036,6.978,7.722,0.00,0.00,0.00,-16.588,6.744,-5.407,0.00,0.00,0.00,4.118,4.118,4.118
2026-02-04 18:28:50,31.11,32,359,391,8.18%,84.74,1.98%,"[0, 5, 10, 15, 20, 25, 30, 35, 40, 45, 50, 55, 60, 65, 70, 75, 80, 85, 90, 95, 100]","[8, 9, 5, 0, 6, 4, 1, 1, 1, 1, 1, 3, 1, 0, 0, 0, 1217, 16, 7, 332]","[0.0049597024178549285, 0.010539367637941723, 0.013639181649101054, 0.013639181649101054, 0.01735895846249225, 0.019838809671419714, 0.02045877247365158, 0.021078735275883446, 0.02169869807811531, 0.022318660880347178, 0.022938623682579044, 0.024798512089274645, 0.02541847489150651, 0.02541847489150651, 0.02541847489150651, 0.02541847489150651, 0.7799132052076876, 0.7898326100433974, 0.7941723496590205, 1.0]",4.0,2.0,2.0,2.0,2.0,24,-3.1972699999999996,8.0,12.0,hrl_dqn_apf,hierarchical,dqn,-12.483,7.289,-0.360,0.00,0.00,0.00,-16.748,6.977,7.782,0.00,0.00,0.00,-17.049,6.774,-5.913,0.00,0.00,0.00,4.116,4.116,4.116
2026-02-04 18:28:51,32.11,34,357,391,8.70%,84.81,2.11%,"[0, 5, 10, 15, 20, 25, 30, 35, 40, 45, 50, 55, 60, 65, 70, 75, 80, 85, 90, 95, 100]","[10, 10, 4, 1, 6, 3, 0, 2, 1, 1, 0, 3, 1, 0, 0, 0, 1217, 10, 12, 332]","[0.006199628022318661, 0.012399256044637322, 0.014879107253564786, 0.015499070055796652, 0.019218846869187848, 0.021078735275883446, 0.021078735275883446, 0.022318660880347178, 0.022938623682579044, 0.023558586484810913, 0.023558586484810913, 0.02541847489150651, 0.026038437693738377, 0.026038437693738377, 0.026038437693738377, 0.026038437693738377, 0.7805331680099195, 0.7867327960322381, 0.7941723496590205, 1.0]",4.0,2.0,2.0,2.0,2.0,7,-15.03676,8.0,-6.0,hrl_dqn_apf,hierarchical,dqn,-12.691,7.377,-0.103,0.00,0.00,0.00,-17.495,6.974,7.801,0.00,0.00,0.00,-17.269,6.871,-5.755,0.00,0.00,0.00,4.112,4.112,4.112
2026-02-04 18:28:52,33.12,36,357,393,9.16%,84.92,2.23%,"[0, 5, 10, 15, 20, 25, 30, 35, 40, 45, 50, 55, 60, 65, 70, 75, 80, 85, 90, 95, 100]","[10, 9, 6, 1, 3, 7, 0, 1, 1, 1, 0, 1, 3, 0, 0, 0, 1217, 8, 14, 331]","[0.006199628022318661, 0.011779293242405457, 0.015499070055796652, 0.016119032858028518, 0.017978921264724116, 0.022318660880347178, 0.022318660880347178, 0.022938623682579044, 0.023558586484810913, 0.02417854928704278, 0.02417854928704278, 0.024798512089274645, 0.026658400495970243, 0.026658400495970243, 0.026658400495970243, 0.026658400495970243, 0.7811531308121513, 0.7861128332300062, 0.7947923124612524, 1.0]",4.0,2.0,2.0,2.0,2.0,7,-15.03676,8.0,-6.0,hrl_dqn_apf,hierarchical,dqn,-12.977,7.442,-0.343,0.00,0.00,0.00,-18.254,6.971,7.807,0.00,0.00,0.00,-17.340,6.880,-5.171,0.00,0.00,0.00,4.110,4.110,4.110
2026-02-04 18:28:53,34.12,36,359,395,9.11%,85.11,2.23%,"[0, 5, 10, 15, 20, 25, 30, 35, 40, 45, 50, 55, 60, 65, 70, 75, 80, 85, 90, 95, 100]","[12, 8, 8, 2, 1, 5, 3, 1, 1, 0, 1, 0, 3, 0, 0, 0, 1211, 11, 16, 330]","[0.007439553626782393, 0.012399256044637322, 0.01735895846249225, 0.018598884066955982, 0.019218846869187848, 0.022318660880347178, 0.02417854928704278, 0.024798512089274645, 0.02541847489150651, 0.02541847489150651, 0.026038437693738377, 0.026038437693738377, 0.027898326100433975, 0.027898326100433975, 0.027898326100433975, 0.027898326100433975, 0.7786732796032239, 0.7854928704277744, 0.7954122752634842, 1.0]",4.0,2.0,2.0,2.0,2.0,16,-20.87646,8.0,6.0,hrl_dqn_apf,hierarchical,dqn,-13.105,7.447,-1.686,0.00,0.00,0.00,-19.796,6.964,7.809,0.00,0.00,0.00,-17.369,6.875,-3.691,0.00,0.00,0.00,4.106,4.106,4.106
2026-02-04 18:28:54,35.12,37,356,393,9.41%,85.22,2.29%,"[0, 5, 10, 15, 20, 25, 30, 35, 40, 45, 50, 55, 60, 65, 70, 75, 80, 85, 90, 95, 100]","[13, 5, 10, 3, 0, 6, 3, 1, 1, 0, 1, 0, 3, 0, 0, 0, 1212, 8, 16, 331]","[0.008059516429014259, 0.011159330440173589, 0.01735895846249225, 0.019218846869187848, 0.019218846869187848, 0.022938623682579044, 0.024798512089274645, 0.02541847489150651, 0.026038437693738377, 0.026038437693738377, 0.026658400495970243, 0.026658400495970243, 0.02851828890266584, 0.02851828890266584, 0.02851828890266584, 0.02851828890266584, 0.7799132052076876, 0.7848729076255425, 0.7947923124612524, 1.0]",4.0,2.0,2.0,2.0,2.0,16,-20.87646,8.0,6.0,hrl_dqn_apf,hierarchical,dqn,-13.073,7.516,-2.371,0.00,0.00,0.00,-20.513,6.998,7.765,0.00,0.00,0.00,-17.408,6.900,-2.992,0.00,0.00,0.00,4.104,4.104,4.104
2026-02-04 18:28:55,36.12,38,361,399,9.52%,85.32,2.36%,"[0, 5, 10, 15, 20, 25, 30, 35, 40, 45, 50, 55, 60, 65, 70, 75, 80, 85, 90, 95, 100]","[15, 4, 8, 5, 0, 6, 3, 1, 2, 0, 1, 0, 2, 1, 0, 0, 1210, 9, 16, 330]","[0.009299442033477991, 0.011779293242405457, 0.016738995660260384, 0.019838809671419714, 0.019838809671419714, 0.023558586484810913, 0.02541847489150651, 0.026038437693738377, 0.02727836329820211, 0.02727836329820211, 0.027898326100433975, 0.027898326100433975, 0.029138251704897707, 0.029758214507129573, 0.029758214507129573, 0.029758214507129573, 0.7799132052076876, 0.7854928704277744, 0.7954122752634842, 1.0]",4.0,2.0,2.0,2.0,2.0,12,-14.7162,8.0,0.0,hrl_dqn_apf,hierarchical,dqn,-12.678,7.637,-2.515,0.00,0.00,0.00,-20.847,7.048,7.326,0.00,0.00,0.00,-17.800,6.921,-2.834,0.00,0.00,0.00,4.100,4.100,4.100
2026-02-04 18:28:56,37.13,39,362,401,9.73%,85.48,2.42%,"[0, 5, 10, 15, 20, 25, 30, 35, 40, 45, 50, 55, 60, 65, 70, 75, 80, 85, 90, 95, 100]","[14, 5, 9, 4, 1, 6, 3, 1, 0, 1, 2, 0, 1, 1, 0, 0, 1210, 9, 12, 334]","[0.008679479231246125, 0.011779293242405457, 0.01735895846249225, 0.019838809671419714, 0.02045877247365158, 0.02417854928704278, 0.026038437693738377, 0.026658400495970243, 0.026658400495970243, 0.02727836329820211, 0.02851828890266584, 0.02851828890266584, 0.029138251704897707, 0.029758214507129573, 0.029758214507129573, 0.029758214507129573, 0.7799132052076876, 0.7854928704277744, 0.7929324240545568, 1.0]",4.0,2.0,2.0,2.0,2.0,20,-26.55564,8.0,12.0,hrl_dqn_apf,hierarchical,dqn,-12.044,7.695,-2.422,0.00,0.00,0.00,-20.952,7.051,6.657,0.00,0.00,0.00,-18.430,6.867,-2.923,0.00,0.00,0.00,4.097,4.097,4.097
2026-02-04 18:28:57,38.13,38,365,403,9.43%,85.71,2.36%,"[0, 5, 10, 15, 20, 25, 30, 35, 40, 45, 50, 55, 60, 65, 70, 75, 80, 85, 90, 95, 100]","[13, 8, 6, 8, 1, 2, 7, 0, 1, 1, 0, 1, 0, 1, 0, 1, 1206, 7, 14, 336]","[0.008059516429014259, 0.013019218846869188, 0.016738995660260384, 0.02169869807811531, 0.022318660880347178, 0.023558586484810913, 0.027898326100433975, 0.027898326100433975, 0.02851828890266584, 0.029138251704897707, 0.029138251704897707, 0.029758214507129573, 0.029758214507129573, 0.03037817730936144, 0.03037817730936144, 0.030998140111593304, 0.7786732796032239, 0.7830130192188469, 0.791692498450093, 1.0]",4.0,2.0,2.0,2.0,2.0,20,-26.55564,8.0,12.0,hrl_dqn_apf,hierarchical,dqn,-11.471,7.827,-1.641,0.00,0.00,0.00,-20.882,7.104,5.289,0.00,0.00,0.00,-18.336,7.029,-3.028,0.00,0.00,0.00,4.094,4.094,4.094
2026-02-04 18:28:58,39.13,39,366,405,9.63%,85.85,2.42%,"[0, 5, 10, 15, 20, 25, 30, 35, 40, 45, 50, 55, 60, 65, 70, 75, 80, 85, 90, 95, 100]","[11, 12, 5, 8, 1, 2, 4, 3, 1, 1, 0, 1, 0, 1, 0, 0, 1206, 7, 12, 338]","[0.006819590824550527, 0.01425914445133292, 0.01735895846249225, 0.022318660880347178, 0.022938623682579044, 0.02417854928704278, 0.026658400495970243, 0.02851828890266584, 0.029138251704897707, 0.029758214507129573, 0.029758214507129573, 0.03037817730936144, 0.03037817730936144, 0.030998140111593304, 0.030998140111593304, 0.030998140111593304, 0.7786732796032239, 0.7830130192188469, 0.7904525728456293, 1.0]",4.0,2.0,2.0,2.0,2.0,8,-8.39582,8.0,-6.0,hrl_dqn_apf,hierarchical,dqn,-11.937,7.859,-1.431,0.00,0.00,0.00,-20.365,7.135,5.037,0.00,0.00,0.00,-17.714,7.056,-3.075,0.00,0.00,0.00,4.091,4.091,4.091
2026-02-04 18:28:59,40.13,37,368,405,9.14%,86.01,2.29%,"[0, 5, 10, 15, 20, 25, 30, 35, 40, 45, 50, 55, 60, 65, 70, 75, 80, 85, 90, 95, 100]","[11, 11, 3, 10, 2, 0, 6, 3, 1, 1, 0, 1, 1, 1, 0, 0, 1206, 7, 8, 341]","[0.006819590824550527, 0.013639181649101054, 0.015499070055796652, 0.02169869807811531, 0.022938623682579044, 0.022938623682579044, 0.026658400495970243, 0.02851828890266584, 0.029138251704897707, 0.029758214507129573, 0.029758214507129573, 0.03037817730936144, 0.030998140111593304, 0.03161810291382517, 0.03161810291382517, 0.03161810291382517, 0.7792932424054557, 0.7836329820210788, 0.7885926844389337, 1.0]",4.0,2.0,2.0,2.0,2.0,6,-20.23545,8.0,-6.0,hrl_dqn_apf,hierarchical,dqn,-12.613,7.859,-1.365,0.00,0.00,0.00,-19.675,7.135,4.959,0.00,0.00,0.00,-17.397,7.104,-3.502,0.00,0.00,0.00,4.088,4.088,4.088
2026-02-04 18:29:00,41.13,38,367,405,9.38%,86.17,2.36%,"[0, 5, 10, 15, 20, 25, 30, 35, 40, 45, 50, 55, 60, 65, 70, 75, 80, 85, 90, 95, 100]","[11, 11, 3, 8, 5, 0, 6, 3, 1, 1, 0, 1, 0, 0, 1, 0, 1200, 12, 9, 341]","[0.006819590824550527, 0.013639181649101054, 0.015499070055796652, 0.02045877247365158, 0.023558586484810913, 0.023558586484810913, 0.02727836329820211, 0.029138251704897707, 0.029758214507129573, 0.03037817730936144, 0.03037817730936144, 0.030998140111593304, 0.030998140111593304, 0.030998140111593304, 0.03161810291382517, 0.03161810291382517, 0.7755734655920645, 0.7830130192188469, 0.7885926844389337, 1.0]",4.0,2.0,2.0,2.0,2.0,6,-20.23545,8.0,-6.0,hrl_dqn_apf,hierarchical,dqn,-13.353,7.856,-1.344,0.00,0.00,0.00,-18.930,7.132,4.935,0.00,0.00,0.00,-17.295,7.106,-4.168,0.00,0.00,0.00,4.085,4.085,4.085
2026-02-04 18:29:01,42.13,39,370,409,9.54%,86.46,2.42%,"[0, 5, 10, 15, 20, 25, 30, 35, 40, 45, 50, 55, 60, 65, 70, 75, 80, 85, 90, 95, 100]","[14, 7, 6, 8, 3, 1, 6, 3, 0, 1, 1, 1, 0, 0, 1, 0, 1198, 14, 9, 340]","[0.008679479231246125, 0.013019218846869188, 0.016738995660260384, 0.02169869807811531, 0.023558586484810913, 0.02417854928704278, 0.027898326100433975, 0.029758214507129573, 0.029758214507129573, 0.03037817730936144, 0.030998140111593304, 0.03161810291382517, 0.03161810291382517, 0.03161810291382517, 0.032238065716057036, 0.032238065716057036, 0.7749535027898327, 0.7836329820210788, 0.7892126472411656, 1.0]",4.0,2.0,2.0,2.0,2.0,18,-8.07489,8.0,6.0,hrl_dqn_apf,hierarchical,dqn,-14.088,7.941,-0.542,0.00,0.00,0.00,-17.416,7.126,4.925,0.00,0.00,0.00,-18.031,7.195,-4.893,0.00,0.00,0.00,4.082,4.082,4.082
2026-02-04 18:29:02,43.14,39,368,407,9.58%,86.60,2.42%,"[0, 5, 10, 15, 20, 25, 30, 35, 40, 45, 50, 55, 60, 65, 70, 75, 80, 85, 90, 95, 100]","[15, 5, 8, 5, 5, 1, 2, 7, 1, 1, 1, 0, 1, 0, 1, 0, 1194, 16, 7, 343]","[0.009299442033477991, 0.012399256044637322, 0.01735895846249225, 0.02045877247365158, 0.023558586484810913, 0.02417854928704278, 0.02541847489150651, 0.029758214507129573, 0.03037817730936144, 0.030998140111593304, 0.03161810291382517, 0.03161810291382517, 0.032238065716057036, 0.032238065716057036, 0.0328580285182889, 0.0328580285182889, 0.7730936143831371, 0.7830130192188469, 0.78735275883447, 1.0]",4.0,2.0,2.0,2.0,2.0,14,-1.9148599999999991,8.0,0.0,hrl_dqn_apf,hierarchical,dqn,-14.147,7.939,0.172,0.00,0.00,0.00,-16.654,7.123,4.924,0.00,0.00,0.00,-18.740,7.194,-4.952,0.00,0.00,0.00,4.079,4.079,4.079
2026-02-04 18:29:03,44.14,40,367,407,9.83%,86.75,2.48%,"[0, 5, 10, 15, 20, 25, 30, 35, 40, 45, 50, 55, 60, 65, 70, 75, 80, 85, 90, 95, 100]","[15, 6, 10, 3, 5, 1, 2, 4, 3, 1, 1, 0, 1, 0, 1, 0, 1192, 16, 7, 345]","[0.009299442033477991, 0.013019218846869188, 0.019218846869187848, 0.021078735275883446, 0.02417854928704278, 0.024798512089274645, 0.026038437693738377, 0.02851828890266584, 0.03037817730936144, 0.030998140111593304, 0.03161810291382517, 0.03161810291382517, 0.032238065716057036, 0.032238065716057036, 0.0328580285182889, 0.0328580285182889, 0.7718536887786733, 0.7817730936143832, 0.7861128332300062, 1.0]",4.0,2.0,2.0,2.0,2.0,14,-1.9148599999999991,8.0,0.0,hrl_dqn_apf,hierarchical,dqn,-14.158,7.945,0.915,0.00,0.00,0.00,-15.890,7.120,4.924,0.00,0.00,0.00,-19.484,7.197,-4.975,0.00,0.00,0.00,4.076,4.076,4.076
2026-02-04 18:29:04,45.15,40,368,408,9.80%,86.93,2.48%,"[0, 5, 10, 15, 20, 25, 30, 35, 40, 45, 50, 55, 60, 65, 70, 75, 80, 85, 90, 95, 100]","[13, 8, 9, 3, 6, 1, 0, 6, 3, 1, 1, 0, 1, 0, 1, 0, 1192, 16, 7, 345]","[0.008059516429014259, 0.013019218846869188, 0.018598884066955982, 0.02045877247365158, 0.02417854928704278, 0.024798512089274645, 0.024798512089274645, 0.02851828890266584, 0.03037817730936144, 0.030998140111593304, 0.03161810291382517, 0.03161810291382517, 0.032238065716057036, 0.032238065716057036, 0.0328580285182889, 0.0328580285182889, 0.7718536887786733, 0.7817730936143832, 0.7861128332300062, 1.0]",4.0,2.0,2.0,2.0,2.0,2,-13.75472,8.0,-12.0,hrl_dqn_apf,hierarchical,dqn,-13.836,8.017,1.350,0.00,0.00,0.00,-15.130,7.117,4.923,0.00,0.00,0.00,-19.933,7.268,-5.294,0.00,0.00,0.00,4.073,4.073,4.073
2026-02-04 18:29:05,46.15,43,365,408,10.54%,87.17,2.67%,"[0, 5, 10, 15, 20, 25, 30, 35, 40, 45, 50, 55, 60, 65, 70, 75, 80, 85, 90, 95, 100]","[13, 10, 9, 2, 6, 3, 0, 6, 2, 1, 1, 0, 1, 0, 0, 1, 1192, 8, 14, 344]","[0.008059516429014259, 0.01425914445133292, 0.019838809671419714, 0.021078735275883446, 0.024798512089274645, 0.026658400495970243, 0.026658400495970243, 0.03037817730936144, 0.03161810291382517, 0.032238065716057036, 0.0328580285182889, 0.0328580285182889, 0.03347799132052077, 0.03347799132052077, 0.03347799132052077, 0.034097954122752634, 0.7730936143831371, 0.778053316800992, 0.7867327960322381, 1.0]",4.0,2.0,2.0,2.0,2.0,17,-13.67443,8.0,6.0,hrl_dqn_apf,hierarchical,dqn,-12.953,8.252,0.796,0.00,0.00,0.00,-14.690,7.079,5.655,0.00,0.00,0.00,-20.024,7.332,-6.547,0.00,0.00,0.00,4.070,4.070,4.070
2026-02-04 18:29:06,47.15,42,366,408,10.29%,87.33,2.60%,"[0, 5, 10, 15, 20, 25, 30, 35, 40, 45, 50, 55, 60, 65, 70, 75, 80, 85, 90, 95, 100]","[12, 11, 5, 6, 6, 2, 1, 6, 2, 0, 1, 1, 2, 0, 0, 1, 1186, 14, 14, 343]","[0.007439553626782393, 0.01425914445133292, 0.01735895846249225, 0.021078735275883446, 0.024798512089274645, 0.026038437693738377, 0.026658400495970243, 0.03037817730936144, 0.03161810291382517, 0.03161810291382517, 0.032238065716057036, 0.0328580285182889, 0.034097954122752634, 0.034097954122752634, 0.034097954122752634, 0.0347179169249845, 0.7699938003719777, 0.7786732796032239, 0.78735275883447, 1.0]",4.0,2.0,2.0,2.0,2.0,17,-13.67443,8.0,6.0,hrl_dqn_apf,hierarchical,dqn,-12.663,8.373,0.210,0.00,0.00,0.00,-14.875,7.084,6.249,0.00,0.00,0.00,-19.513,7.365,-6.805,0.00,0.00,0.00,4.067,4.067,4.067
2026-02-04 18:29:07,48.15,43,367,410,10.49%,87.49,2.67%,"[0, 5, 10, 15, 20, 25, 30, 35, 40, 45, 50, 55, 60, 65, 70, 75, 80, 85, 90, 95, 100]","[11, 12, 5, 7, 4, 4, 1, 2, 6, 0, 1, 1, 0, 1, 0, 1, 1186, 12, 14, 345]","[0.006819590824550527, 0.01425914445133292, 0.01735895846249225, 0.02169869807811531, 0.02417854928704278, 0.026658400495970243, 0.02727836329820211, 0.02851828890266584, 0.032238065716057036, 0.032238065716057036, 0.0328580285182889, 0.03347799132052077, 0.03347799132052077, 0.034097954122752634, 0.034097954122752634, 0.0347179169249845, 0.7699938003719777, 0.7774333539987601, 0.7861128332300062, 1.0]",4.0,2.0,2.0,2.0,2.0,8,-7.514419999999999,8.0,-6.0,hrl_dqn_apf,hierarchical,dqn,-12.538,8.465,0.354,0.00,0.00,0.00,-14.970,7.180,6.103,0.00,0.00,0.00,-18.826,7.365,-6.881,0.00,0.00,0.00,4.064,4.064,4.064
2026-02-04 18:29:08,49.15,43,365,408,10.54%,87.64,2.67%,"[0, 5, 10, 15, 20, 25, 30, 35, 40, 45, 50, 55, 60, 65, 70, 75, 80, 85, 90, 95, 100]","[9, 11, 7, 8, 3, 5, 1, 2, 4, 2, 1, 2, 0, 1, 0, 1, 1186, 8, 16, 346]","[0.005579665220086794, 0.012399256044637322, 0.016738995660260384, 0.02169869807811531, 0.023558586484810913, 0.026658400495970243, 0.02727836329820211, 0.02851828890266584, 0.030998140111593304, 0.032238065716057036, 0.0328580285182889, 0.034097954122752634, 0.034097954122752634, 0.0347179169249845, 0.0347179169249845, 0.035337879727216366, 0.7706137631742096, 0.7755734655920645, 0.7854928704277744, 1.0]",4.0,2.0,2.0,2.0,2.0,5,-25.35396,8.0,-6.0,hrl_dqn_apf,hierarchical,dqn,-12.497,8.471,0.929,0.00,0.00,0.00,-15.001,7.188,5.527,0.00,0.00,0.00,-18.088,7.362,-6.905,0.00,0.00,0.00,4.061,4.061,4.061
2026-02-04 18:29:09,50.16,43,371,414,10.39%,87.91,2.67%,"[0, 5, 10, 15, 20, 25, 30, 35, 40, 45, 50, 55, 60, 65, 70, 75, 80, 85, 90, 95, 100]","[7, 11, 8, 8, 2, 7, 2, 0, 6, 4, 1, 1, 0, 1, 0, 1, 1185, 9, 12, 348]","[0.0043397396156230625, 0.011159330440173589, 0.016119032858028518, 0.021078735275883446, 0.022318660880347178, 0.026658400495970243, 0.027898326100433975, 0.027898326100433975, 0.03161810291382517, 0.034097954122752634, 0.0347179169249845, 0.035337879727216366, 0.035337879727216366, 0.03595784252944823, 0.03595784252944823, 0.0365778053316801, 0.7712337259764415, 0.7768133911965283, 0.7842529448233106, 1.0]",4.0,2.0,2.0,2.0,2.0,5,-25.35396,8.0,-6.0,hrl_dqn_apf,hierarchical,dqn,-12.409,8.645,2.187,0.00,0.00,0.00,-15.083,7.202,4.263,0.00,0.00,0.00,-18.145,7.540,-6.914,0.00,0.00,0.00,4.058,4.058,4.058
2026-02-04 18:29:10,51.16,43,369,412,10.44%,88.09,2.67%,"[0, 5, 10, 15, 20, 25, 30, 35, 40, 45, 50, 55, 60, 65, 70, 75, 80, 85, 90, 95, 100]","[8, 9, 10, 8, 2, 6, 3, 0, 6, 3, 1, 1, 0, 1, 0, 0, 1186, 9, 10, 350]","[0.0049597024178549285, 0.010539367637941723, 0.016738995660260384, 0.02169869807811531, 0.022938623682579044, 0.026658400495970243, 0.02851828890266584, 0.02851828890266584, 0.032238065716057036, 0.034097954122752634, 0.0347179169249845, 0.035337879727216366, 0.035337879727216366, 0.03595784252944823, 0.03595784252944823, 0.03595784252944823, 0.7712337259764415, 0.7768133911965283, 0.7830130192188469, 1.0]",4.0,2.0,2.0,2.0,2.0,1,-19.193530000000003,8.0,-12.0,hrl_dqn_apf,hierarchical,dqn,-12.077,8.839,2.036,0.00,0.00,0.00,-15.411,7.117,4.406,0.00,0.00,0.00,-18.804,7.541,-6.915,0.00,0.00,0.00,4.055,4.055,4.055
2026-02-04 18:29:11,52.16,44,370,414,10.63%,88.26,2.73%,"[0, 5, 10, 15, 20, 25, 30, 35, 40, 45, 50, 55, 60, 65, 70, 75, 80, 85, 90, 95, 100]","[9, 7, 12, 4, 6, 6, 2, 1, 6, 2, 0, 1, 1, 1, 0, 0, 1184, 7, 12, 352]","[0.005579665220086794, 0.009919404835709857, 0.01735895846249225, 0.019838809671419714, 0.023558586484810913, 0.02727836329820211, 0.02851828890266584, 0.029138251704897707, 0.0328580285182889, 0.034097954122752634, 0.034097954122752634, 0.0347179169249845, 0.035337879727216366, 0.03595784252944823, 0.03595784252944823, 0.03595784252944823, 0.7699938003719777, 0.7743335399876008, 0.7817730936143832, 1.0]",4.0,2.0,2.0,2.0,2.0,12,-13.03359,8.0,0.0,hrl_dqn_apf,hierarchical,dqn,-11.571,8.999,1.637,0.00,0.00,0.00,-15.915,6.960,4.802,0.00,0.00,0.00,-19.536,7.538,-6.915,0.00,0.00,0.00,4.052,4.052,4.052
2026-02-04 18:29:12,53.17,42,376,418,10.05%,88.43,2.60%,"[0, 5, 10, 15, 20, 25, 30, 35, 40, 45, 50, 55, 60, 65, 70, 75, 80, 85, 90, 95, 100]","[9, 5, 12, 5, 7, 4, 4, 1, 3, 5, 0, 1, 1, 0, 1, 0, 1182, 7, 12, 354]","[0.005579665220086794, 0.008679479231246125, 0.016119032858028518, 0.019218846869187848, 0.023558586484810913, 0.026038437693738377, 0.02851828890266584, 0.029138251704897707, 0.030998140111593304, 0.034097954122752634, 0.034097954122752634, 0.0347179169249845, 0.035337879727216366, 0.035337879727216366, 0.03595784252944823, 0.03595784252944823, 0.768753874767514, 0.7730936143831371, 0.7805331680099195, 1.0]",4.0,2.0,2.0,2.0,2.0,12,-13.03359,8.0,0.0,hrl_dqn_apf,hierarchical,dqn,-10.986,9.152,1.194,0.00,0.00,0.00,-16.500,6.802,5.243,0.00,0.00,0.00,-20.289,7.535,-6.915,0.00,0.00,0.00,4.049,4.049,4.049
2026-02-04 18:29:13,54.17,44,374,418,10.53%,88.57,2.73%,"[0, 5, 10, 15, 20, 25, 30, 35, 40, 45, 50, 55, 60, 65, 70, 75, 80, 85, 90, 95, 100]","[9, 5, 10, 8, 9, 3, 5, 1, 1, 5, 2, 0, 1, 0, 4, 0, 1178, 11, 8, 353]","[0.005579665220086794, 0.008679479231246125, 0.014879107253564786, 0.019838809671419714, 0.02541847489150651, 0.02727836329820211, 0.03037817730936144, 0.030998140111593304, 0.03161810291382517, 0.0347179169249845, 0.03595784252944823, 0.03595784252944823, 0.0365778053316801, 0.0365778053316801, 0.03905765654060756, 0.03905765654060756, 0.7693738375697459, 0.7761934283942964, 0.7811531308121513, 1.0]",4.0,2.0,2.0,2.0,2.0,11,-18.87323,8.0,0.0,hrl_dqn_apf,hierarchical,dqn,-10.373,9.191,-0.024,0.00,0.00,0.00,-17.103,6.934,4.891,0.00,0.00,0.00,-21.041,7.622,-6.131,0.00,0.00,0.00,4.046,4.046,4.046
2026-02-04 18:29:14,55.17,44,374,418,10.53%,88.66,2.73%,"[0, 5, 10, 15, 20, 25, 30, 35, 40, 45, 50, 55, 60, 65, 70, 75, 80, 85, 90, 95, 100]","[11, 4, 10, 10, 7, 2, 5, 2, 1, 6, 2, 0, 1, 0, 2, 0, 1174, 14, 9, 353]","[0.006819590824550527, 0.009299442033477991, 0.015499070055796652, 0.02169869807811531, 0.026038437693738377, 0.02727836329820211, 0.03037817730936144, 0.03161810291382517, 0.032238065716057036, 0.03595784252944823, 0.037197768133911964, 0.037197768133911964, 0.03781773093614383, 0.03781773093614383, 0.03905765654060756, 0.03905765654060756, 0.7668939863608184, 0.7755734655920645, 0.7811531308121513, 1.0]",4.0,2.0,2.0,2.0,2.0,2,-12.71278,8.0,-12.0,hrl_dqn_apf,hierarchical,dqn,-10.324,9.187,-0.767,0.00,0.00,0.00,-17.153,6.936,4.210,0.00,0.00,0.00,-21.101,7.621,-5.419,0.00,0.00,0.00,4.043,4.043,4.043
2026-02-04 18:29:15,56.17,44,380,424,10.38%,88.81,2.73%,"[0, 5, 10, 15, 20, 25, 30, 35, 40, 45, 50, 55, 60, 65, 70, 75, 80, 85, 90, 95, 100]","[12, 4, 10, 8, 8, 2, 4, 4, 1, 6, 2, 0, 1, 0, 2, 0, 1173, 15, 9, 352]","[0.007439553626782393, 0.009919404835709857, 0.016119032858028518, 0.021078735275883446, 0.026038437693738377, 0.02727836329820211, 0.029758214507129573, 0.032238065716057036, 0.0328580285182889, 0.0365778053316801, 0.03781773093614383, 0.03781773093614383, 0.038437693738375696, 0.038437693738375696, 0.03967761934283943, 0.03967761934283943, 0.7668939863608184, 0.7761934283942964, 0.7817730936143832, 1.0]",4.0,2.0,2.0,2.0,2.0,2,-12.71278,8.0,-12.0,hrl_dqn_apf,hierarchical,dqn,-10.309,9.184,-1.525,0.00,0.00,0.00,-17.162,6.941,3.475,0.00,0.00,0.00,-21.120,7.618,-4.669,0.00,0.00,0.00,4.040,4.040,4.040
2026-02-04 18:29:16,57.18,47,373,420,11.19%,88.93,2.91%,"[0, 5, 10, 15, 20, 25, 30, 35, 40, 45, 50, 55, 60, 65, 70, 75, 80, 85, 90, 95, 100]","[13, 6, 7, 11, 6, 4, 2, 2, 2, 6, 2, 0, 0, 1, 1, 1, 1171, 15, 9, 354]","[0.008059516429014259, 0.011779293242405457, 0.016119032858028518, 0.022938623682579044, 0.026658400495970243, 0.029138251704897707, 0.03037817730936144, 0.03161810291382517, 0.0328580285182889, 0.0365778053316801, 0.03781773093614383, 0.03781773093614383, 0.03781773093614383, 0.038437693738375696, 0.03905765654060756, 0.03967761934283943, 0.7656540607563547, 0.7749535027898327, 0.7805331680099195, 1.0]",4.0,2.0,2.0,2.0,2.0,14,-0.5528200000000005,8.0,0.0,hrl_dqn_apf,hierarchical,dqn,-10.305,9.181,-2.286,0.00,0.00,0.00,-16.844,7.014,3.036,0.00,0.00,0.00,-21.126,7.614,-3.910,0.00,0.00,0.00,4.037,4.037,4.037
2026-02-04 18:29:17,58.18,51,369,420,12.14%,89.13,3.16%,"[0, 5, 10, 15, 20, 25, 30, 35, 40, 45, 50, 55, 60, 65, 70, 75, 80, 85, 90, 95, 100]","[14, 9, 4, 11, 6, 7, 1, 3, 2, 1, 5, 0, 0, 1, 0, 2, 1167, 17, 7, 356]","[0.008679479231246125, 0.01425914445133292, 0.016738995660260384, 0.023558586484810913, 0.02727836329820211, 0.03161810291382517, 0.032238065716057036, 0.034097954122752634, 0.035337879727216366, 0.03595784252944823, 0.03905765654060756, 0.03905765654060756, 0.03905765654060756, 0.03967761934283943, 0.03967761934283943, 0.04091754494730316, 0.7644141351518909, 0.7749535027898327, 0.7792932424054557, 1.0]",4.0,2.0,2.0,2.0,2.0,3,-6.3926300000000005,8.0,-12.0,hrl_dqn_apf,hierarchical,dqn,-10.304,9.174,-3.809,0.00,0.00,0.00,-15.492,7.020,2.849,0.00,0.00,0.00,-21.023,7.666,-2.492,0.00,0.00,0.00,4.034,4.034,4.034
2026-02-04 18:29:18,59.18,52,369,421,12.35%,89.29,3.22%,"[0, 5, 10, 15, 20, 25, 30, 35, 40, 45, 50, 55, 60, 65, 70, 75, 80, 85, 90, 95, 100]","[13, 9, 5, 11, 5, 9, 0, 3, 2, 2, 3, 1, 0, 1, 0, 2, 1167, 13, 11, 356]","[0.008059516429014259, 0.013639181649101054, 0.016738995660260384, 0.023558586484810913, 0.026658400495970243, 0.032238065716057036, 0.032238065716057036, 0.034097954122752634, 0.035337879727216366, 0.0365778053316801, 0.038437693738375696, 0.03905765654060756, 0.03905765654060756, 0.03967761934283943, 0.03967761934283943, 0.04091754494730316, 0.7644141351518909, 0.7724736515809052, 0.7792932424054557, 1.0]",4.0,2.0,2.0,2.0,2.0,3,-6.3926300000000005,8.0,-12.0,hrl_dqn_apf,hierarchical,dqn,-10.304,9.236,-4.494,0.00,0.00,0.00,-14.742,7.017,2.835,0.00,0.00,0.00,-20.513,7.697,-2.232,0.00,0.00,0.00,4.031,4.031,4.031
2026-02-04 18:29:19,60.18,53,368,421,12.59%,89.36,3.29%,"[0, 5, 10, 15, 20, 25, 30, 35, 40, 45, 50, 55, 60, 65, 70, 75, 80, 85, 90, 95, 100]","[12, 10, 4, 10, 8, 9, 1, 3, 1, 1, 4, 1, 0, 1, 0, 2, 1168, 11, 12, 355]","[0.007439553626782393, 0.013639181649101054, 0.016119032858028518, 0.022318660880347178, 0.02727836329820211, 0.0328580285182889, 0.03347799132052077, 0.035337879727216366, 0.03595784252944823, 0.0365778053316801, 0.03905765654060756, 0.03967761934283943, 0.03967761934283943, 0.040297582145071294, 0.040297582145071294, 0.041537507749535026, 0.7656540607563547, 0.7724736515809052, 0.7799132052076876, 1.0]",4.0,2.0,2.0,2.0,2.0,17,-12.23236,8.0,6.0,hrl_dqn_apf,hierarchical,dqn,-10.305,9.345,-4.415,0.00,0.00,0.00,-13.984,7.014,2.831,0.00,0.00,0.00,-19.824,7.698,-2.151,0.00,0.00,0.00,4.028,4.028,4.028
2026-02-04 18:29:20,61.19,54,367,421,12.83%,89.45,3.35%,"[0, 5, 10, 15, 20, 25, 30, 35, 40, 45, 50, 55, 60, 65, 70, 75, 80, 85, 90, 95, 100]","[11, 13, 4, 11, 7, 8, 2, 1, 3, 1, 4, 1, 0, 1, 0, 2, 1165, 10, 15, 354]","[0.006819590824550527, 0.014879107253564786, 0.01735895846249225, 0.02417854928704278, 0.02851828890266584, 0.03347799132052077, 0.0347179169249845, 0.035337879727216366, 0.037197768133911964, 0.03781773093614383, 0.040297582145071294, 0.04091754494730316, 0.04091754494730316, 0.041537507749535026, 0.041537507749535026, 0.04277743335399876, 0.7650340979541228, 0.7712337259764415, 0.7805331680099195, 1.0]",4.0,2.0,2.0,2.0,2.0,17,-12.23236,8.0,6.0,hrl_dqn_apf,hierarchical,dqn,-10.305,9.355,-3.841,0.00,0.00,0.00,-13.205,7.011,2.829,0.00,0.00,0.00,-19.064,7.695,-2.125,0.00,0.00,0.00,4.025,4.025,4.025
2026-02-04 18:29:21,62.20,50,371,421,11.88%,89.79,3.10%,"[0, 5, 10, 15, 20, 25, 30, 35, 40, 45, 50, 55, 60, 65, 70, 75, 80, 85, 90, 95, 100]","[11, 12, 6, 6, 9, 6, 6, 0, 3, 2, 4, 1, 0, 0, 1, 1, 1162, 10, 15, 358]","[0.006819590824550527, 0.01425914445133292, 0.017978921264724116, 0.02169869807811531, 0.02727836329820211, 0.030998140111593304, 0.0347179169249845, 0.0347179169249845, 0.0365778053316801, 0.03781773093614383, 0.040297582145071294, 0.04091754494730316, 0.04091754494730316, 0.04091754494730316, 0.041537507749535026, 0.04215747055176689, 0.7625542467451953, 0.768753874767514, 0.778053316800992, 1.0]",4.0,2.0,2.0,2.0,2.0,19,-0.07441000000000031,8.0,6.0,hrl_dqn_apf,hierarchical,dqn,-10.304,9.350,-2.416,0.00,0.00,0.00,-11.710,7.005,2.828,0.00,0.00,0.00,-17.575,7.689,-2.115,0.00,0.00,0.00,4.022,4.022,4.022
2026-02-04 18:29:22,63.20,49,370,419,11.69%,89.89,3.04%,"[0, 5, 10, 15, 20, 25, 30, 35, 40, 45, 50, 55, 60, 65, 70, 75, 80, 85, 90, 95, 100]","[11, 10, 8, 5, 9, 6, 7, 0, 3, 2, 1, 5, 0, 0, 1, 0, 1164, 8, 17, 356]","[0.006819590824550527, 0.013019218846869188, 0.017978921264724116, 0.021078735275883446, 0.026658400495970243, 0.03037817730936144, 0.0347179169249845, 0.0347179169249845, 0.0365778053316801, 0.03781773093614383, 0.038437693738375696, 0.041537507749535026, 0.041537507749535026, 0.041537507749535026, 0.04215747055176689, 0.04215747055176689, 0.7637941723496591, 0.768753874767514, 0.7792932424054557, 1.0]",4.0,2.0,2.0,2.0,2.0,12,-11.91155,8.0,0.0,hrl_dqn_apf,hierarchical,dqn,-10.304,9.347,-1.657,0.00,0.00,0.00,-10.947,7.002,2.828,0.00,0.00,0.00,-16.812,7.686,-2.114,0.00,0.00,0.00,4.019,4.019,4.019
2026-02-04 18:29:23,64.20,49,372,421,11.64%,89.98,3.04%,"[0, 5, 10, 15, 20, 25, 30, 35, 40, 45, 50, 55, 60, 65, 70, 75, 80, 85, 90, 95, 100]","[12, 10, 7, 5, 10, 5, 9, 0, 3, 2, 1, 3, 1, 0, 1, 0, 1162, 9, 17, 356]","[0.007439553626782393, 0.013639181649101054, 0.017978921264724116, 0.021078735275883446, 0.02727836329820211, 0.03037817730936144, 0.03595784252944823, 0.03595784252944823, 0.03781773093614383, 0.03905765654060756, 0.03967761934283943, 0.041537507749535026, 0.04215747055176689, 0.04215747055176689, 0.04277743335399876, 0.04277743335399876, 0.7631742095474272, 0.768753874767514, 0.7792932424054557, 1.0]",4.0,2.0,2.0,2.0,2.0,12,-11.91155,8.0,0.0,hrl_dqn_apf,hierarchical,dqn,-10.297,9.352,-0.900,0.00,0.00,0.00,-10.183,6.998,2.827,0.00,0.00,0.00,-16.049,7.683,-2.113,0.00,0.00,0.00,4.016,4.016,4.016
2026-02-04 18:29:24,65.21,49,372,421,11.64%,90.08,3.04%,"[0, 5, 10, 15, 20, 25, 30, 35, 40, 45, 50, 55, 60, 65, 70, 75, 80, 85, 90, 95, 100]","[11, 8, 9, 6, 9, 6, 8, 1, 4, 1, 1, 4, 1, 0, 2, 0, 1162, 9, 11, 360]","[0.006819590824550527, 0.011779293242405457, 0.01735895846249225, 0.021078735275883446, 0.026658400495970243, 0.03037817730936144, 0.035337879727216366, 0.03595784252944823, 0.038437693738375696, 0.03905765654060756, 0.03967761934283943, 0.04215747055176689, 0.04277743335399876, 0.04277743335399876, 0.04401735895846249, 0.04401735895846249, 0.7644141351518909, 0.7699938003719777, 0.7768133911965283, 1.0]",4.0,2.0,2.0,2.0,2.0,4,0.1687499999999993,8.0,-12.0,hrl_dqn_apf,hierarchical,dqn,-9.975,9.424,-0.457,0.00,0.00,0.00,-9.508,6.995,2.827,0.00,0.00,0.00,-15.289,7.680,-2.113,0.00,0.00,0.00,4.013,4.013,4.013
2026-02-04 18:29:25,66.21,53,374,427,12.41%,90.31,3.29%,"[0, 5, 10, 15, 20, 25, 30, 35, 40, 45, 50, 55, 60, 65, 70, 75, 80, 85, 90, 95, 100]","[13, 8, 10, 5, 8, 9, 7, 2, 1, 2, 1, 4, 1, 0, 1, 0, 1157, 8, 14, 362]","[0.008059516429014259, 0.013019218846869188, 0.019218846869187848, 0.022318660880347178, 0.02727836329820211, 0.0328580285182889, 0.037197768133911964, 0.038437693738375696, 0.03905765654060756, 0.040297582145071294, 0.04091754494730316, 0.04339739615623062, 0.04401735895846249, 0.04401735895846249, 0.044637321760694355, 0.044637321760694355, 0.7619342839429635, 0.7668939863608184, 0.7755734655920645, 1.0]",4.0,2.0,2.0,2.0,2.0,0,-23.671709999999997,8.0,-12.0,hrl_dqn_apf,hierarchical,dqn,-9.416,9.969,-1.075,0.00,0.00,0.00,-9.135,6.602,3.603,0.00,0.00,0.00,-13.762,7.674,-2.112,0.00,0.00,0.00,4.010,4.010,4.010
2026-02-04 18:29:26,67.21,52,375,427,12.18%,90.49,3.22%,"[0, 5, 10, 15, 20, 25, 30, 35, 40, 45, 50, 55, 60, 65, 70, 75, 80, 85, 90, 95, 100]","[13, 8, 10, 6, 7, 8, 4, 6, 0, 2, 2, 4, 1, 0, 0, 1, 1157, 8, 10, 366]","[0.008059516429014259, 0.013019218846869188, 0.019218846869187848, 0.022938623682579044, 0.02727836329820211, 0.032238065716057036, 0.0347179169249845, 0.038437693738375696, 0.038437693738375696, 0.03967761934283943, 0.04091754494730316, 0.04339739615623062, 0.04401735895846249, 0.04401735895846249, 0.04401735895846249, 0.044637321760694355, 0.7619342839429635, 0.7668939863608184, 0.7730936143831371, 1.0]",4.0,2.0,2.0,2.0,2.0,0,-23.671709999999997,8.0,-12.0,hrl_dqn_apf,hierarchical,dqn,-9.385,10.114,-1.595,0.00,0.00,0.00,-9.060,6.509,4.223,0.00,0.00,0.00,-13.041,7.705,-2.152,0.00,0.00,0.00,4.007,4.007,4.007
2026-02-04 18:29:27,68.21,52,375,427,12.18%,90.69,3.22%,"[0, 5, 10, 15, 20, 25, 30, 35, 40, 45, 50, 55, 60, 65, 70, 75, 80, 85, 90, 95, 100]","[11, 9, 9, 8, 5, 10, 3, 7, 0, 2, 2, 1, 4, 0, 0, 1, 1154, 11, 8, 368]","[0.006819590824550527, 0.012399256044637322, 0.017978921264724116, 0.022938623682579044, 0.026038437693738377, 0.032238065716057036, 0.034097954122752634, 0.038437693738375696, 0.038437693738375696, 0.03967761934283943, 0.04091754494730316, 0.041537507749535026, 0.04401735895846249, 0.04401735895846249, 0.04401735895846249, 0.044637321760694355, 0.7600743955362679, 0.7668939863608184, 0.7718536887786733, 1.0]",4.0,2.0,2.0,2.0,2.0,0,-23.510669999999998,8.0,-12.0,hrl_dqn_apf,hierarchical,dqn,-9.408,10.161,-2.110,0.00,0.00,0.00,-9.027,6.618,4.112,0.00,0.00,0.00,-12.702,7.729,-2.574,0.00,0.00,0.00,4.004,4.004,4.004
2026-02-04 18:29:28,69.22,50,377,427,11.71%,90.89,3.10%,"[0, 5, 10, 15, 20, 25, 30, 35, 40, 45, 50, 55, 60, 65, 70, 75, 80, 85, 90, 95, 100]","[10, 9, 10, 7, 4, 10, 3, 9, 0, 2, 2, 1, 3, 1, 0, 1, 1150, 14, 9, 368]","[0.006199628022318661, 0.011779293242405457, 0.017978921264724116, 0.022318660880347178, 0.024798512089274645, 0.030998140111593304, 0.0328580285182889, 0.038437693738375696, 0.038437693738375696, 0.03967761934283943, 0.04091754494730316, 0.041537507749535026, 0.04339739615623062, 0.04401735895846249, 0.04401735895846249, 0.044637321760694355, 0.7575945443273404, 0.7662740235585865, 0.7718536887786733, 1.0]",4.0,2.0,2.0,2.0,2.0,23,-5.350250000000001,8.0,12.0,hrl_dqn_apf,hierarchical,dqn,-9.075,10.462,-2.441,0.00,0.00,0.00,-9.016,6.631,3.525,0.00,0.00,0.00,-12.917,7.571,-2.979,0.00,0.00,0.00,4.001,4.001,4.001
2026-02-04 18:29:29,70.22,50,377,427,11.71%,91.07,3.10%,"[0, 5, 10, 15, 20, 25, 30, 35, 40, 45, 50, 55, 60, 65, 70, 75, 80, 85, 90, 95, 100]","[10, 9, 6, 11, 4, 10, 5, 7, 2, 1, 2, 1, 4, 1, 0, 2, 1148, 14, 11, 365]","[0.006199628022318661, 0.011779293242405457, 0.015499070055796652, 0.022318660880347178, 0.024798512089274645, 0.030998140111593304, 0.034097954122752634, 0.038437693738375696, 0.03967761934283943, 0.040297582145071294, 0.041537507749535026, 0.04215747055176689, 0.044637321760694355, 0.04525728456292622, 0.04525728456292622, 0.04649721016738995, 0.7582145071295723, 0.7668939863608184, 0.7737135771853689, 1.0]",4.0,2.0,2.0,2.0,2.0,23,-5.350250000000001,8.0,12.0,hrl_dqn_apf,hierarchical,dqn,-7.835,10.537,-2.415,0.00,0.00,0.00,-9.127,6.685,2.189,0.00,0.00,0.00,-14.213,7.269,-3.307,0.00,0.00,0.00,3.998,3.998,3.998
2026-02-04 18:29:30,71.23,49,378,427,11.48%,91.20,3.04%,"[0, 5, 10, 15, 20, 25, 30, 35, 40, 45, 50, 55, 60, 65, 70, 75, 80, 85, 90, 95, 100]","[8, 10, 7, 10, 5, 9, 7, 7, 2, 1, 2, 1, 4, 1, 0, 2, 1144, 16, 7, 370]","[0.0049597024178549285, 0.011159330440173589, 0.015499070055796652, 0.02169869807811531, 0.024798512089274645, 0.03037817730936144, 0.0347179169249845, 0.03905765654060756, 0.040297582145071294, 0.04091754494730316, 0.04215747055176689, 0.04277743335399876, 0.04525728456292622, 0.04587724736515809, 0.04587724736515809, 0.047117172969621826, 0.7563546187228767, 0.7662740235585865, 0.7706137631742096, 1.0]",4.0,2.0,2.0,2.0,2.0,5,-23.18998,8.0,-6.0,hrl_dqn_apf,hierarchical,dqn,-7.583,10.122,-2.391,0.00,0.00,0.00,-9.650,6.715,1.939,0.00,0.00,0.00,-14.965,7.271,-3.354,0.00,0.00,0.00,3.995,3.995,3.995
2026-02-04 18:29:31,72.23,48,379,427,11.24%,91.30,2.98%,"[0, 5, 10, 15, 20, 25, 30, 35, 40, 45, 50, 55, 60, 65, 70, 75, 80, 85, 90, 95, 100]","[10, 8, 7, 11, 5, 7, 9, 3, 7, 1, 1, 2, 4, 1, 0, 0, 1144, 17, 8, 368]","[0.006199628022318661, 0.011159330440173589, 0.015499070055796652, 0.022318660880347178, 0.02541847489150651, 0.029758214507129573, 0.035337879727216366, 0.037197768133911964, 0.041537507749535026, 0.04215747055176689, 0.04277743335399876, 0.04401735895846249, 0.04649721016738995, 0.047117172969621826, 0.047117172969621826, 0.047117172969621826, 0.7563546187228767, 0.7668939863608184, 0.7718536887786733, 1.0]",4.0,2.0,2.0,2.0,2.0,5,-23.02993,8.0,-6.0,hrl_dqn_apf,hierarchical,dqn,-7.506,9.711,-2.383,0.00,0.00,0.00,-10.343,6.715,1.863,0.00,0.00,0.00,-15.722,7.271,-3.368,0.00,0.00,0.00,3.992,3.992,3.992
2026-02-04 18:29:32,73.24,47,379,426,11.03%,91.64,2.91%,"[0, 5, 10, 15, 20, 25, 30, 35, 40, 45, 50, 55, 60, 65, 70, 75, 80, 85, 90, 95, 100]","[13, 6, 8, 9, 7, 4, 8, 5, 7, 0, 2, 2, 1, 3, 1, 0, 1144, 10, 14, 369]","[0.008059516429014259, 0.011779293242405457, 0.016738995660260384, 0.022318660880347178, 0.026658400495970243, 0.029138251704897707, 0.034097954122752634, 0.037197768133911964, 0.041537507749535026, 0.041537507749535026, 0.04277743335399876, 0.04401735895846249, 0.044637321760694355, 0.04649721016738995, 0.047117172969621826, 0.047117172969621826, 0.7563546187228767, 0.7625542467451953, 0.7712337259764415, 1.0]",4.0,2.0,2.0,2.0,2.0,5,-23.02993,8.0,-6.0,hrl_dqn_apf,hierarchical,dqn,-7.474,9.317,-2.602,0.00,0.00,0.00,-11.842,6.709,1.832,0.00,0.00,0.00,-17.244,7.266,-3.375,0.00,0.00,0.00,3.989,3.989,3.989
2026-02-04 18:29:33,74.24,47,377,424,11.08%,91.81,2.91%,"[0, 5, 10, 15, 20, 25, 30, 35, 40, 45, 50, 55, 60, 65, 70, 75, 80, 85, 90, 95, 100]","[11, 8, 7, 8, 7, 6, 9, 2, 9, 0, 2, 2, 1, 3, 1, 0, 1144, 8, 16, 369]","[0.006819590824550527, 0.011779293242405457, 0.016119032858028518, 0.021078735275883446, 0.02541847489150651, 0.029138251704897707, 0.0347179169249845, 0.03595784252944823, 0.041537507749535026, 0.041537507749535026, 0.04277743335399876, 0.04401735895846249, 0.044637321760694355, 0.04649721016738995, 0.047117172969621826, 0.047117172969621826, 0.7563546187228767, 0.7613143211407316, 0.7712337259764415, 1.0]",4.0,2.0,2.0,2.0,2.0,4,1.1302199999999996,8.0,-12.0,hrl_dqn_apf,hierarchical,dqn,-7.472,9.333,-3.190,0.00,0.00,0.00,-12.604,6.706,1.830,0.00,0.00,0.00,-18.008,7.263,-3.376,0.00,0.00,0.00,3.986,3.986,3.986
2026-02-04 18:29:34,75.24,46,380,426,10.80%,91.93,2.85%,"[0, 5, 10, 15, 20, 25, 30, 35, 40, 45, 50, 55, 60, 65, 70, 75, 80, 85, 90, 95, 100]","[12, 9, 6, 7, 8, 4, 9, 4, 7, 2, 1, 2, 1, 4, 1, 0, 1138, 14, 16, 368]","[0.007439553626782393, 0.013019218846869188, 0.016738995660260384, 0.021078735275883446, 0.026038437693738377, 0.02851828890266584, 0.034097954122752634, 0.0365778053316801, 0.04091754494730316, 0.04215747055176689, 0.04277743335399876, 0.04401735895846249, 0.044637321760694355, 0.047117172969621826, 0.04773713577185369, 0.04773713577185369, 0.7532548047117174, 0.7619342839429635, 0.7718536887786733, 1.0]",4.0,2.0,2.0,2.0,2.0,20,-22.70947,8.0,12.0,hrl_dqn_apf,hierarchical,dqn,-7.472,9.335,-3.902,0.00,0.00,0.00,-13.321,6.739,1.874,0.00,0.00,0.00,-18.768,7.260,-3.377,0.00,0.00,0.00,3.983,3.983,3.983
2026-02-04 18:29:35,76.24,46,378,424,10.85%,92.08,2.85%,"[0, 5, 10, 15, 20, 25, 30, 35, 40, 45, 50, 55, 60, 65, 70, 75, 80, 85, 90, 95, 100]","[14, 6, 8, 6, 9, 3, 9, 4, 7, 2, 1, 2, 1, 4, 2, 0, 1138, 10, 15, 372]","[0.008679479231246125, 0.012399256044637322, 0.01735895846249225, 0.021078735275883446, 0.026658400495970243, 0.02851828890266584, 0.034097954122752634, 0.0365778053316801, 0.04091754494730316, 0.04215747055176689, 0.04277743335399876, 0.04401735895846249, 0.044637321760694355, 0.047117172969621826, 0.04835709857408556, 0.04835709857408556, 0.7538747675139492, 0.7600743955362679, 0.7693738375697459, 1.0]",4.0,2.0,2.0,2.0,2.0,20,-22.70947,8.0,12.0,hrl_dqn_apf,hierarchical,dqn,-7.473,9.342,-4.649,0.00,0.00,0.00,-13.656,6.789,2.309,0.00,0.00,0.00,-19.517,7.273,-3.377,0.00,0.00,0.00,3.980,3.980,3.980
2026-02-04 18:29:36,77.25,47,377,424,11.08%,92.33,2.91%,"[0, 5, 10, 15, 20, 25, 30, 35, 40, 45, 50, 55, 60, 65, 70, 75, 80, 85, 90, 95, 100]","[13, 9, 6, 7, 7, 5, 5, 8, 5, 6, 0, 2, 2, 2, 3, 0, 1135, 11, 16, 371]","[0.008059516429014259, 0.013639181649101054, 0.01735895846249225, 0.02169869807811531, 0.026038437693738377, 0.029138251704897707, 0.032238065716057036, 0.037197768133911964, 0.040297582145071294, 0.04401735895846249, 0.04401735895846249, 0.04525728456292622, 0.04649721016738995, 0.04773713577185369, 0.04959702417854929, 0.04959702417854929, 0.7532548047117174, 0.7600743955362679, 0.7699938003719777, 1.0]",4.0,2.0,2.0,2.0,2.0,12,-10.5492,8.0,0.0,hrl_dqn_apf,hierarchical,dqn,-6.519,9.422,-5.233,0.00,0.00,0.00,-13.794,6.790,3.715,0.00,0.00,0.00,-19.139,7.439,-3.378,0.00,0.00,0.00,3.977,3.977,3.977
2026-02-04 18:29:37,78.25,48,378,426,11.27%,92.41,2.98%,"[0, 5, 10, 15, 20, 25, 30, 35, 40, 45, 50, 55, 60, 65, 70, 75, 80, 85, 90, 95, 100]","[12, 10, 6, 6, 8, 6, 4, 8, 4, 7, 0, 2, 2, 1, 4, 0, 1136, 11, 10, 376]","[0.007439553626782393, 0.013639181649101054, 0.01735895846249225, 0.021078735275883446, 0.026038437693738377, 0.029758214507129573, 0.032238065716057036, 0.037197768133911964, 0.03967761934283943, 0.04401735895846249, 0.04401735895846249, 0.04525728456292622, 0.04649721016738995, 0.047117172969621826, 0.04959702417854929, 0.04959702417854929, 0.7538747675139492, 0.7606943583384997, 0.7668939863608184, 1.0]",4.0,2.0,2.0,2.0,2.0,1,-16.38881,8.0,-12.0,hrl_dqn_apf,hierarchical,dqn,-6.015,9.527,-5.276,0.00,0.00,0.00,-13.918,6.844,4.356,0.00,0.00,0.00,-18.455,7.438,-3.377,0.00,0.00,0.00,3.974,3.974,3.974
2026-02-04 18:29:38,79.25,48,376,424,11.32%,92.48,2.98%,"[0, 5, 10, 15, 20, 25, 30, 35, 40, 45, 50, 55, 60, 65, 70, 75, 80, 85, 90, 95, 100]","[11, 9, 8, 7, 7, 6, 5, 9, 2, 9, 1, 2, 2, 1, 3, 1, 1133, 13, 8, 376]","[0.006819590824550527, 0.012399256044637322, 0.01735895846249225, 0.02169869807811531, 0.026038437693738377, 0.029758214507129573, 0.0328580285182889, 0.038437693738375696, 0.03967761934283943, 0.04525728456292622, 0.04587724736515809, 0.047117172969621826, 0.04835709857408556, 0.048977061376317424, 0.05083694978301302, 0.05145691258524489, 0.7538747675139492, 0.7619342839429635, 0.7668939863608184, 1.0]",4.0,2.0,2.0,2.0,2.0,1,-16.38881,8.0,-12.0,hrl_dqn_apf,hierarchical,dqn,-6.286,9.589,-5.290,0.00,0.00,0.00,-14.440,6.873,4.608,0.00,0.00,0.00,-17.712,7.435,-3.377,0.00,0.00,0.00,3.971,3.971,3.971
2026-02-04 18:29:39,80.26,48,378,426,11.27%,92.65,2.98%,"[0, 5, 10, 15, 20, 25, 30, 35, 40, 45, 50, 55, 60, 65, 70, 75, 80, 85, 90, 95, 100]","[12, 9, 8, 6, 8, 5, 3, 9, 4, 8, 1, 3, 1, 1, 4, 1, 1131, 9, 14, 376]","[0.007439553626782393, 0.013019218846869188, 0.017978921264724116, 0.02169869807811531, 0.026658400495970243, 0.029758214507129573, 0.03161810291382517, 0.037197768133911964, 0.03967761934283943, 0.044637321760694355, 0.04525728456292622, 0.047117172969621826, 0.04773713577185369, 0.04835709857408556, 0.05083694978301302, 0.05145691258524489, 0.7526348419094855, 0.7582145071295723, 0.7668939863608184, 1.0]",4.0,2.0,2.0,2.0,2.0,10,-22.22882,8.0,0.0,hrl_dqn_apf,hierarchical,dqn,-6.908,9.593,-5.293,0.00,0.00,0.00,-15.135,6.873,4.686,0.00,0.00,0.00,-16.955,7.432,-3.377,0.00,0.00,0.00,3.968,3.968,3.968
2026-02-04 18:29:40,81.26,47,380,427,11.01%,92.96,2.91%,"[0, 5, 10, 15, 20, 25, 30, 35, 40, 45, 50, 55, 60, 65, 70, 75, 80, 85, 90, 95, 100]","[10, 11, 7, 7, 6, 6, 4, 7, 6, 6, 3, 2, 2, 1, 4, 1, 1132, 8, 10, 380]","[0.006199628022318661, 0.013019218846869188, 0.01735895846249225, 0.02169869807811531, 0.02541847489150651, 0.029138251704897707, 0.03161810291382517, 0.03595784252944823, 0.03967761934283943, 0.04339739615623062, 0.04525728456292622, 0.04649721016738995, 0.04773713577185369, 0.04835709857408556, 0.05083694978301302, 0.05145691258524489, 0.7532548047117174, 0.7582145071295723, 0.7644141351518909, 1.0]",4.0,2.0,2.0,2.0,2.0,18,-4.068709999999999,8.0,6.0,hrl_dqn_apf,hierarchical,dqn,-8.382,9.587,-5.294,0.00,0.00,0.00,-16.635,6.867,4.718,0.00,0.00,0.00,-15.433,7.425,-3.376,0.00,0.00,0.00,3.965,3.965,3.965
2026-02-04 18:29:41,82.26,48,379,427,11.24%,93.08,2.98%,"[0, 5, 10, 15, 20, 25, 30, 35, 40, 45, 50, 55, 60, 65, 70, 75, 80, 85, 90, 95, 100]","[9, 11, 7, 8, 7, 6, 4, 5, 7, 4, 6, 1, 2, 2, 4, 1, 1126, 12, 11, 380]","[0.005579665220086794, 0.012399256044637322, 0.016738995660260384, 0.02169869807811531, 0.026038437693738377, 0.029758214507129573, 0.032238065716057036, 0.035337879727216366, 0.03967761934283943, 0.04215747055176689, 0.04587724736515809, 0.04649721016738995, 0.04773713577185369, 0.048977061376317424, 0.05145691258524489, 0.052076875387476754, 0.750154990700558, 0.7575945443273404, 0.7644141351518909, 1.0]",4.0,2.0,2.0,2.0,2.0,18,-4.068709999999999,8.0,6.0,hrl_dqn_apf,hierarchical,dqn,-9.139,9.584,-5.294,0.00,0.00,0.00,-17.394,6.864,4.721,0.00,0.00,0.00,-14.673,7.422,-3.375,0.00,0.00,0.00,3.962,3.962,3.962
2026-02-04 18:29:42,83.27,47,380,427,11.01%,93.24,2.91%,"[0, 5, 10, 15, 20, 25, 30, 35, 40, 45, 50, 55, 60, 65, 70, 75, 80, 85, 90, 95, 100]","[10, 11, 7, 6, 6, 7, 5, 4, 7, 4, 7, 1, 2, 2, 1, 4, 1125, 14, 11, 379]","[0.006199628022318661, 0.013019218846869188, 0.01735895846249225, 0.021078735275883446, 0.024798512089274645, 0.029138251704897707, 0.032238065716057036, 0.0347179169249845, 0.03905765654060756, 0.041537507749535026, 0.04587724736515809, 0.04649721016738995, 0.04773713577185369, 0.048977061376317424, 0.04959702417854929, 0.052076875387476754, 0.749535027898326, 0.7582145071295723, 0.7650340979541228, 1.0]",4.0,2.0,2.0,2.0,2.0,0,-21.988239999999998,8.0,-12.0,hrl_dqn_apf,hierarchical,dqn,-9.899,9.581,-5.294,0.00,0.00,0.00,-18.154,6.861,4.722,0.00,0.00,0.00,-13.912,7.419,-3.375,0.00,0.00,0.00,3.959,3.959,3.959
2026-02-04 18:29:43,84.27,47,380,427,11.01%,93.37,2.91%,"[0, 5, 10, 15, 20, 25, 30, 35, 40, 45, 50, 55, 60, 65, 70, 75, 80, 85, 90, 95, 100]","[10, 12, 6, 7, 6, 6, 4, 5, 7, 2, 9, 1, 2, 2, 1, 3, 1125, 15, 11, 379]","[0.006199628022318661, 0.013639181649101054, 0.01735895846249225, 0.02169869807811531, 0.02541847489150651, 0.029138251704897707, 0.03161810291382517, 0.0347179169249845, 0.03905765654060756, 0.040297582145071294, 0.04587724736515809, 0.04649721016738995, 0.04773713577185369, 0.048977061376317424, 0.04959702417854929, 0.05145691258524489, 0.7489150650960942, 0.7582145071295723, 0.7650340979541228, 1.0]",4.0,2.0,2.0,2.0,2.0,4,2.1716499999999996,8.0,-12.0,hrl_dqn_apf,hierarchical,dqn,-10.682,9.578,-5.293,0.00,0.00,0.00,-18.920,6.879,4.723,0.00,0.00,0.00,-13.129,7.416,-3.374,0.00,0.00,0.00,3.956,3.956,3.956
2026-02-04 18:29:44,85.27,46,381,427,10.77%,93.60,2.85%,"[0, 5, 10, 15, 20, 25, 30, 35, 40, 45, 50, 55, 60, 65, 70, 75, 80, 85, 90, 95, 100]","[9, 9, 8, 6, 7, 7, 6, 3, 7, 4, 7, 2, 2, 3, 1, 4, 1120, 18, 9, 381]","[0.005579665220086794, 0.011159330440173589, 0.016119032858028518, 0.019838809671419714, 0.02417854928704278, 0.02851828890266584, 0.032238065716057036, 0.034097954122752634, 0.038437693738375696, 0.04091754494730316, 0.04525728456292622, 0.04649721016738995, 0.04773713577185369, 0.04959702417854929, 0.050216986980781156, 0.05269683818970862, 0.7470551766893986, 0.7582145071295723, 0.7637941723496591, 1.0]",4.0,2.0,2.0,2.0,2.0,4,2.1716499999999996,8.0,-12.0,hrl_dqn_apf,hierarchical,dqn,-11.814,9.918,-5.430,0.00,0.00,0.00,-18.509,7.041,4.723,0.00,0.00,0.00,-11.981,7.326,-3.241,0.00,0.00,0.00,3.953,3.953,3.953
2026-02-04 18:29:45,86.28,48,380,428,11.21%,93.71,2.98%,"[0, 5, 10, 15, 20, 25, 30, 35, 40, 45, 50, 55, 60, 65, 70, 75, 80, 85, 90, 95, 100]","[10, 8, 11, 4, 7, 8, 5, 4, 7, 4, 7, 2, 2, 2, 1, 4, 1118, 19, 9, 381]","[0.006199628022318661, 0.011159330440173589, 0.017978921264724116, 0.02045877247365158, 0.024798512089274645, 0.029758214507129573, 0.0328580285182889, 0.035337879727216366, 0.03967761934283943, 0.04215747055176689, 0.04649721016738995, 0.04773713577185369, 0.048977061376317424, 0.050216986980781156, 0.05083694978301302, 0.053316800991940486, 0.7464352138871667, 0.7582145071295723, 0.7637941723496591, 1.0]",4.0,2.0,2.0,2.0,2.0,19,2.3320000000000007,8.0,6.0,hrl_dqn_apf,hierarchical,dqn,-11.614,10.232,-5.837,0.00,0.00,0.00,-17.822,7.039,4.723,0.00,0.00,0.00,-12.168,7.068,-2.841,0.00,0.00,0.00,3.950,3.950,3.950
2026-02-04 18:29:46,87.28,45,381,426,10.56%,93.92,2.79%,"[0, 5, 10, 15, 20, 25, 30, 35, 40, 45, 50, 55, 60, 65, 70, 75, 80, 85, 90, 95, 100]","[9, 8, 10, 5, 7, 6, 7, 4, 6, 5, 4, 6, 1, 2, 2, 4, 1118, 13, 13, 383]","[0.005579665220086794, 0.010539367637941723, 0.016738995660260384, 0.019838809671419714, 0.02417854928704278, 0.027898326100433975, 0.032238065716057036, 0.0347179169249845, 0.038437693738375696, 0.041537507749535026, 0.04401735895846249, 0.04773713577185369, 0.04835709857408556, 0.04959702417854929, 0.05083694978301302, 0.053316800991940486, 0.7464352138871667, 0.7544947303161811, 0.7625542467451953, 1.0]",4.0,2.0,2.0,2.0,2.0,19,2.3320000000000007,8.0,6.0,hrl_dqn_apf,hierarchical,dqn,-11.462,10.538,-6.480,0.00,0.00,0.00,-17.076,7.036,4.722,0.00,0.00,0.00,-12.315,6.768,-2.201,0.00,0.00,0.00,3.947,3.947,3.947
2026-02-04 18:29:47,88.28,45,379,424,10.61%,94.06,2.79%,"[0, 5, 10, 15, 20, 25, 30, 35, 40, 45, 50, 55, 60, 65, 70, 75, 80, 85, 90, 95, 100]","[9, 6, 11, 5, 6, 8, 7, 5, 6, 4, 3, 7, 1, 2, 2, 1, 1121, 12, 14, 383]","[0.005579665220086794, 0.009299442033477991, 0.016119032858028518, 0.019218846869187848, 0.022938623682579044, 0.027898326100433975, 0.032238065716057036, 0.035337879727216366, 0.03905765654060756, 0.041537507749535026, 0.04339739615623062, 0.04773713577185369, 0.04835709857408556, 0.04959702417854929, 0.05083694978301302, 0.05145691258524489, 0.7464352138871667, 0.7538747675139492, 0.7625542467451953, 1.0]",4.0,2.0,2.0,2.0,2.0,21,-15.50747,8.0,12.0,hrl_dqn_apf,hierarchical,dqn,-11.330,10.739,-7.196,0.00,0.00,0.00,-16.328,7.042,4.716,0.00,0.00,0.00,-12.437,6.530,-1.490,0.00,0.00,0.00,3.944,3.944,3.944
2026-02-04 18:29:48,89.29,46,378,424,10.85%,94.36,2.85%,"[0, 5, 10, 15, 20, 25, 30, 35, 40, 45, 50, 55, 60, 65, 70, 75, 80, 85, 90, 95, 100]","[12, 6, 9, 7, 6, 6, 6, 5, 5, 4, 3, 8, 2, 2, 2, 0, 1115, 14, 16, 385]","[0.007439553626782393, 0.011159330440173589, 0.016738995660260384, 0.021078735275883446, 0.024798512089274645, 0.02851828890266584, 0.032238065716057036, 0.035337879727216366, 0.038437693738375696, 0.04091754494730316, 0.04277743335399876, 0.04773713577185369, 0.048977061376317424, 0.050216986980781156, 0.05145691258524489, 0.05145691258524489, 0.7427154370737755, 0.7513949163050218, 0.7613143211407316, 1.0]",4.0,2.0,2.0,2.0,2.0,11,-15.34772,8.0,0.0,hrl_dqn_apf,hierarchical,dqn,-11.217,9.918,-7.787,0.00,0.00,0.00,-15.747,7.121,3.761,0.00,0.00,0.00,-11.578,6.641,-0.935,0.00,0.00,0.00,3.941,3.941,3.941
2026-02-04 18:29:49,90.29,46,376,422,10.90%,94.55,2.85%,"[0, 5, 10, 15, 20, 25, 30, 35, 40, 45, 50, 55, 60, 65, 70, 75, 80, 85, 90, 95, 100]","[12, 6, 8, 8, 6, 6, 5, 6, 3, 6, 3, 7, 2, 2, 3, 0, 1115, 10, 18, 387]","[0.007439553626782393, 0.011159330440173589, 0.016119032858028518, 0.021078735275883446, 0.024798512089274645, 0.02851828890266584, 0.03161810291382517, 0.035337879727216366, 0.037197768133911964, 0.04091754494730316, 0.04277743335399876, 0.047117172969621826, 0.04835709857408556, 0.04959702417854929, 0.05145691258524489, 0.05145691258524489, 0.7427154370737755, 0.7489150650960942, 0.7600743955362679, 1.0]",4.0,2.0,2.0,2.0,2.0,11,-15.34772,8.0,0.0,hrl_dqn_apf,hierarchical,dqn,-11.209,9.814,-7.713,0.00,0.00,0.00,-15.703,7.119,3.037,0.00,0.00,0.00,-10.971,6.691,-0.781,0.00,0.00,0.00,3.938,3.938,3.938
2026-02-04 18:29:50,91.30,46,378,424,10.85%,94.69,2.85%,"[0, 5, 10, 15, 20, 25, 30, 35, 40, 45, 50, 55, 60, 65, 70, 75, 80, 85, 90, 95, 100]","[13, 5, 8, 10, 4, 6, 6, 5, 4, 6, 3, 7, 2, 2, 2, 0, 1114, 10, 19, 387]","[0.008059516429014259, 0.011159330440173589, 0.016119032858028518, 0.022318660880347178, 0.024798512089274645, 0.02851828890266584, 0.032238065716057036, 0.035337879727216366, 0.03781773093614383, 0.041537507749535026, 0.04339739615623062, 0.04773713577185369, 0.048977061376317424, 0.050216986980781156, 0.05145691258524489, 0.05145691258524489, 0.7420954742715437, 0.7482951022938623, 0.7600743955362679, 1.0]",4.0,2.0,2.0,2.0,2.0,17,-9.18788,8.0,6.0,hrl_dqn_apf,hierarchical,dqn,-11.206,9.839,-7.202,0.00,0.00,0.00,-15.689,7.116,2.284,0.00,0.00,0.00,-10.727,6.718,-0.250,0.00,0.00,0.00,3.935,3.935,3.935
2026-02-04 18:29:51,92.30,45,381,426,10.56%,94.87,2.79%,"[0, 5, 10, 15, 20, 25, 30, 35, 40, 45, 50, 55, 60, 65, 70, 75, 80, 85, 90, 95, 100]","[12, 5, 8, 9, 6, 5, 4, 7, 4, 6, 4, 4, 6, 2, 1, 1, 1114, 10, 15, 390]","[0.007439553626782393, 0.010539367637941723, 0.015499070055796652, 0.021078735275883446, 0.024798512089274645, 0.027898326100433975, 0.03037817730936144, 0.0347179169249845, 0.037197768133911964, 0.04091754494730316, 0.04339739615623062, 0.04587724736515809, 0.04959702417854929, 0.05083694978301302, 0.05145691258524489, 0.052076875387476754, 0.7427154370737755, 0.7489150650960942, 0.7582145071295723, 1.0]",4.0,2.0,2.0,2.0,2.0,12,-9.02692,8.0,0.0,hrl_dqn_apf,hierarchical,dqn,-11.205,9.842,-6.510,0.00,0.00,0.00,-15.685,7.113,1.524,0.00,0.00,0.00,-10.651,6.719,0.448,0.00,0.00,0.00,3.932,3.932,3.932
2026-02-04 18:29:52,93.30,46,380,426,10.80%,95.16,2.85%,"[0, 5, 10, 15, 20, 25, 30, 35, 40, 45, 50, 55, 60, 65, 70, 75, 80, 85, 90, 95, 100]","[14, 7, 6, 10, 4, 5, 5, 6, 4, 5, 4, 4, 7, 1, 1, 1, 1110, 8, 17, 394]","[0.008679479231246125, 0.013019218846869188, 0.016738995660260384, 0.022938623682579044, 0.02541847489150651, 0.02851828890266584, 0.03161810291382517, 0.035337879727216366, 0.03781773093614383, 0.04091754494730316, 0.04339739615623062, 0.04587724736515809, 0.050216986980781156, 0.05083694978301302, 0.05145691258524489, 0.052076875387476754, 0.7402355858648481, 0.745195288282703, 0.7557346559206448, 1.0]",4.0,2.0,2.0,2.0,2.0,12,-9.02692,8.0,0.0,hrl_dqn_apf,hierarchical,dqn,-11.204,9.839,-5.014,0.00,0.00,0.00,-15.892,7.181,0.208,0.00,0.00,0.00,-10.622,6.713,1.946,0.00,0.00,0.00,3.929,3.929,3.929
2026-02-04 18:29:53,94.30,46,382,428,10.75%,95.32,2.85%,"[0, 5, 10, 15, 20, 25, 30, 35, 40, 45, 50, 55, 60, 65, 70, 75, 80, 85, 90, 95, 100]","[13, 8, 6, 9, 5, 5, 6, 5, 4, 5, 5, 2, 8, 2, 1, 1, 1107, 10, 13, 398]","[0.008059516429014259, 0.013019218846869188, 0.016738995660260384, 0.022318660880347178, 0.02541847489150651, 0.02851828890266584, 0.032238065716057036, 0.035337879727216366, 0.03781773093614383, 0.04091754494730316, 0.04401735895846249, 0.04525728456292622, 0.050216986980781156, 0.05145691258524489, 0.052076875387476754, 0.05269683818970862, 0.7389956602603843, 0.745195288282703, 0.7532548047117174, 1.0]",4.0,2.0,2.0,2.0,2.0,15,-20.866970000000002,8.0,6.0,hrl_dqn_apf,hierarchical,dqn,-11.204,9.836,-4.255,0.00,0.00,0.00,-16.368,7.256,0.123,0.00,0.00,0.00,-10.620,6.710,2.705,0.00,0.00,0.00,3.926,3.926,3.926
2026-02-04 18:29:54,95.30,46,381,427,10.77%,95.48,2.85%,"[0, 5, 10, 15, 20, 25, 30, 35, 40, 45, 50, 55, 60, 65, 70, 75, 80, 85, 90, 95, 100]","[14, 6, 6, 9, 5, 6, 5, 5, 5, 3, 6, 3, 8, 2, 1, 2, 1106, 11, 9, 401]","[0.008679479231246125, 0.012399256044637322, 0.016119032858028518, 0.02169869807811531, 0.024798512089274645, 0.02851828890266584, 0.03161810291382517, 0.0347179169249845, 0.03781773093614383, 0.03967761934283943, 0.04339739615623062, 0.04525728456292622, 0.050216986980781156, 0.05145691258524489, 0.052076875387476754, 0.053316800991940486, 0.7389956602603843, 0.7458152510849348, 0.7513949163050218, 1.0]",4.0,2.0,2.0,2.0,2.0,10,-20.70677,8.0,0.0,hrl_dqn_apf,hierarchical,dqn,-11.203,9.833,-3.492,0.00,0.00,0.00,-16.577,7.290,0.579,0.00,0.00,0.00,-10.657,6.740,3.431,0.00,0.00,0.00,3.923,3.923,3.923
2026-02-04 18:29:55,96.31,46,381,427,10.77%,95.59,2.85%,"[0, 5, 10, 15, 20, 25, 30, 35, 40, 45, 50, 55, 60, 65, 70, 75, 80, 85, 90, 95, 100]","[13, 8, 5, 9, 7, 4, 6, 4, 6, 3, 6, 3, 7, 2, 1, 2, 1102, 15, 8, 402]","[0.008059516429014259, 0.013019218846869188, 0.016119032858028518, 0.02169869807811531, 0.026038437693738377, 0.02851828890266584, 0.032238065716057036, 0.0347179169249845, 0.038437693738375696, 0.040297582145071294, 0.04401735895846249, 0.04587724736515809, 0.050216986980781156, 0.05145691258524489, 0.052076875387476754, 0.053316800991940486, 0.7365158090514569, 0.7458152510849348, 0.7507749535027899, 1.0]",4.0,2.0,2.0,2.0,2.0,10,-20.70677,8.0,0.0,hrl_dqn_apf,hierarchical,dqn,-11.203,9.830,-2.729,0.00,0.00,0.00,-16.643,7.290,1.255,0.00,0.00,0.00,-11.082,6.793,3.777,0.00,0.00,0.00,3.920,3.920,3.920
2026-02-04 18:29:56,97.31,47,384,431,10.90%,95.88,2.91%,"[0, 5, 10, 15, 20, 25, 30, 35, 40, 45, 50, 55, 60, 65, 70, 75, 80, 85, 90, 95, 100]","[13, 9, 5, 7, 8, 5, 5, 4, 5, 4, 5, 4, 4, 6, 1, 1, 1100, 16, 11, 400]","[0.008059516429014259, 0.013639181649101054, 0.016738995660260384, 0.021078735275883446, 0.026038437693738377, 0.029138251704897707, 0.032238065716057036, 0.0347179169249845, 0.03781773093614383, 0.040297582145071294, 0.04339739615623062, 0.04587724736515809, 0.04835709857408556, 0.052076875387476754, 0.05269683818970862, 0.053316800991940486, 0.7352758834469931, 0.745195288282703, 0.7520148791072536, 1.0]",4.0,2.0,2.0,2.0,2.0,12,-8.54629,8.0,0.0,hrl_dqn_apf,hierarchical,dqn,-11.202,9.824,-1.185,0.00,0.00,0.00,-16.670,7.284,2.769,0.00,0.00,0.00,-12.499,6.793,3.920,0.00,0.00,0.00,3.917,3.917,3.917
2026-02-04 18:29:57,98.31,47,380,427,11.01%,96.05,2.91%,"[0, 5, 10, 15, 20, 25, 30, 35, 40, 45, 50, 55, 60, 65, 70, 75, 80, 85, 90, 95, 100]","[15, 8, 5, 6, 9, 4, 5, 4, 5, 4, 4, 4, 4, 7, 1, 1, 1098, 15, 12, 402]","[0.009299442033477991, 0.01425914445133292, 0.01735895846249225, 0.021078735275883446, 0.026658400495970243, 0.029138251704897707, 0.032238065716057036, 0.0347179169249845, 0.03781773093614383, 0.040297582145071294, 0.04277743335399876, 0.04525728456292622, 0.04773713577185369, 0.052076875387476754, 0.05269683818970862, 0.053316800991940486, 0.7340359578425294, 0.7433353998760074, 0.7507749535027899, 1.0]",4.0,2.0,2.0,2.0,2.0,12,-8.38628,8.0,0.0,hrl_dqn_apf,hierarchical,dqn,-11.088,9.880,-0.534,0.00,0.00,0.00,-16.782,7.386,3.387,0.00,0.00,0.00,-13.030,6.873,3.961,0.00,0.00,0.00,3.914,3.914,3.914
2026-02-04 18:29:58,99.31,46,381,427,10.77%,96.26,2.85%,"[0, 5, 10, 15, 20, 25, 30, 35, 40, 45, 50, 55, 60, 65, 70, 75, 80, 85, 90, 95, 100]","[13, 7, 7, 6, 8, 5, 5, 5, 4, 3, 5, 5, 2, 9, 1, 1, 1093, 18, 10, 406]","[0.008059516429014259, 0.012399256044637322, 0.016738995660260384, 0.02045877247365158, 0.02541847489150651, 0.02851828890266584, 0.03161810291382517, 0.0347179169249845, 0.037197768133911964, 0.03905765654060756, 0.04215747055176689, 0.04525728456292622, 0.04649721016738995, 0.052076875387476754, 0.05269683818970862, 0.053316800991940486, 0.7309361438313701, 0.7420954742715437, 0.7482951022938623, 1.0]",4.0,2.0,2.0,2.0,2.0,12,-8.38628,8.0,0.0,hrl_dqn_apf,hierarchical,dqn,-10.573,9.910,-0.281,0.00,0.00,0.00,-17.281,7.473,3.505,0.00,0.00,0.00,-12.782,6.885,4.098,0.00,0.00,0.00,3.911,3.911,3.911
2026-02-04 18:29:59,100.31,46,382,428,10.75%,96.40,2.85%,"[0, 5, 10, 15, 20, 25, 30, 35, 40, 45, 50, 55, 60, 65, 70, 75, 80, 85, 90, 95, 100]","[12, 9, 6, 6, 8, 5, 5, 4, 4, 4, 3, 6, 3, 8, 1, 2, 1093, 17, 12, 405]","[0.007439553626782393, 0.013019218846869188, 0.016738995660260384, 0.02045877247365158, 0.02541847489150651, 0.02851828890266584, 0.03161810291382517, 0.034097954122752634, 0.0365778053316801, 0.03905765654060756, 0.04091754494730316, 0.044637321760694355, 0.04649721016738995, 0.05145691258524489, 0.052076875387476754, 0.053316800991940486, 0.7309361438313701, 0.7414755114693118, 0.7489150650960942, 1.0]",4.0,2.0,2.0,2.0,2.0,21,-14.30597,8.0,12.0,hrl_dqn_apf,hierarchical,dqn,-9.879,9.910,-0.202,0.00,0.00,0.00,-17.961,7.527,3.446,0.00,0.00,0.00,-12.176,6.834,4.238,0.00,0.00,0.00,3.908,3.908,3.908
2026-02-04 18:30:00,101.31,47,377,424,11.08%,96.58,2.91%,"[0, 5, 10, 15, 20, 25, 30, 35, 40, 45, 50, 55, 60, 65, 70, 75, 80, 85, 90, 95, 100]","[8, 11, 8, 5, 7, 8, 4, 4, 3, 5, 4, 6, 4, 6, 4, 1, 1093, 12, 16, 404]","[0.0049597024178549285, 0.011779293242405457, 0.016738995660260384, 0.019838809671419714, 0.02417854928704278, 0.029138251704897707, 0.03161810291382517, 0.034097954122752634, 0.03595784252944823, 0.03905765654060756, 0.041537507749535026, 0.04525728456292622, 0.04773713577185369, 0.05145691258524489, 0.05393676379417235, 0.05455672659640422, 0.7321760694358338, 0.7396156230626162, 0.749535027898326, 1.0]",4.0,2.0,2.0,2.0,2.0,23,-2.1454199999999997,8.0,12.0,hrl_dqn_apf,hierarchical,dqn,-8.587,9.976,0.040,0.00,0.00,0.00,-19.024,7.721,3.277,0.00,0.00,0.00,-10.924,6.836,4.650,0.00,0.00,0.00,3.905,3.905,3.905
2026-02-04 18:30:01,102.32,47,377,424,11.08%,96.69,2.91%,"[0, 5, 10, 15, 20, 25, 30, 35, 40, 45, 50, 55, 60, 65, 70, 75, 80, 85, 90, 95, 100]","[9, 10, 8, 5, 6, 9, 5, 4, 4, 5, 3, 6, 4, 4, 6, 1, 1087, 16, 18, 403]","[0.005579665220086794, 0.011779293242405457, 0.016738995660260384, 0.019838809671419714, 0.023558586484810913, 0.029138251704897707, 0.032238065716057036, 0.0347179169249845, 0.037197768133911964, 0.040297582145071294, 0.04215747055176689, 0.04587724736515809, 0.04835709857408556, 0.05083694978301302, 0.05455672659640422, 0.05517668939863608, 0.7290762554246745, 0.7389956602603843, 0.750154990700558, 1.0]",4.0,2.0,2.0,2.0,2.0,23,-2.1454199999999997,8.0,12.0,hrl_dqn_apf,hierarchical,dqn,-8.396,9.992,0.623,0.00,0.00,0.00,-18.629,7.755,3.251,0.00,0.00,0.00,-10.737,6.850,5.257,0.00,0.00,0.00,3.902,3.902,3.902
2026-02-04 18:30:02,103.32,47,379,426,11.03%,96.77,2.91%,"[0, 5, 10, 15, 20, 25, 30, 35, 40, 45, 50, 55, 60, 65, 70, 75, 80, 85, 90, 95, 100]","[7, 12, 8, 6, 5, 9, 4, 4, 4, 5, 4, 5, 4, 4, 7, 1, 1087, 14, 15, 408]","[0.0043397396156230625, 0.011779293242405457, 0.016738995660260384, 0.02045877247365158, 0.023558586484810913, 0.029138251704897707, 0.03161810291382517, 0.034097954122752634, 0.0365778053316801, 0.03967761934283943, 0.04215747055176689, 0.04525728456292622, 0.04773713577185369, 0.050216986980781156, 0.05455672659640422, 0.05517668939863608, 0.7290762554246745, 0.7377557346559206, 0.7470551766893986, 1.0]",4.0,2.0,2.0,2.0,2.0,3,-1.9852800000000004,8.0,-12.0,hrl_dqn_apf,hierarchical,dqn,-8.337,9.991,1.337,0.00,0.00,0.00,-17.970,7.755,3.243,0.00,0.00,0.00,-10.680,6.849,5.978,0.00,0.00,0.00,3.899,3.899,3.899
2026-02-04 18:30:03,104.32,48,374,422,11.37%,96.84,2.98%,"[0, 5, 10, 15, 20, 25, 30, 35, 40, 45, 50, 55, 60, 65, 70, 75, 80, 85, 90, 95, 100]","[7, 10, 7, 7, 6, 11, 4, 4, 4, 4, 3, 6, 6, 2, 9, 1, 1088, 9, 18, 407]","[0.0043397396156230625, 0.010539367637941723, 0.014879107253564786, 0.019218846869187848, 0.022938623682579044, 0.029758214507129573, 0.032238065716057036, 0.0347179169249845, 0.037197768133911964, 0.03967761934283943, 0.041537507749535026, 0.04525728456292622, 0.048977061376317424, 0.050216986980781156, 0.05579665220086795, 0.056416615003099815, 0.7309361438313701, 0.7365158090514569, 0.7476751394916304, 1.0]",4.0,2.0,2.0,2.0,2.0,6,-13.82502,8.0,-6.0,hrl_dqn_apf,hierarchical,dqn,-8.318,9.988,2.084,0.00,0.00,0.00,-17.238,7.752,3.241,0.00,0.00,0.00,-10.662,6.862,6.714,0.00,0.00,0.00,3.896,3.896,3.896
2026-02-04 18:30:04,105.32,46,380,426,10.80%,97.11,2.85%,"[0, 5, 10, 15, 20, 25, 30, 35, 40, 45, 50, 55, 60, 65, 70, 75, 80, 85, 90, 95, 100]","[8, 8, 10, 5, 6, 9, 6, 4, 5, 4, 4, 3, 7, 3, 7, 2, 1087, 11, 17, 407]","[0.0049597024178549285, 0.009919404835709857, 0.016119032858028518, 0.019218846869187848, 0.022938623682579044, 0.02851828890266584, 0.032238065716057036, 0.0347179169249845, 0.03781773093614383, 0.040297582145071294, 0.04277743335399876, 0.044637321760694355, 0.048977061376317424, 0.05083694978301302, 0.05517668939863608, 0.056416615003099815, 0.7303161810291382, 0.7371357718536887, 0.7476751394916304, 1.0]",4.0,2.0,2.0,2.0,2.0,6,-13.82502,8.0,-6.0,hrl_dqn_apf,hierarchical,dqn,-8.310,10.129,3.184,0.00,0.00,0.00,-15.721,7.745,3.239,0.00,0.00,0.00,-10.655,7.027,6.334,0.00,0.00,0.00,3.893,3.893,3.893
2026-02-04 18:30:05,106.33,44,380,424,10.38%,97.30,2.73%,"[0, 5, 10, 15, 20, 25, 30, 35, 40, 45, 50, 55, 60, 65, 70, 75, 80, 85, 90, 95, 100]","[8, 7, 11, 6, 5, 7, 8, 4, 4, 5, 3, 4, 6, 4, 7, 2, 1087, 11, 11, 413]","[0.0049597024178549285, 0.009299442033477991, 0.016119032858028518, 0.019838809671419714, 0.022938623682579044, 0.02727836329820211, 0.032238065716057036, 0.0347179169249845, 0.037197768133911964, 0.040297582145071294, 0.04215747055176689, 0.044637321760694355, 0.04835709857408556, 0.05083694978301302, 0.05517668939863608, 0.056416615003099815, 0.7303161810291382, 0.7371357718536887, 0.7439553626782393, 1.0]",4.0,2.0,2.0,2.0,2.0,3,-1.6646,8.0,-12.0,hrl_dqn_apf,hierarchical,dqn,-8.309,9.883,2.908,0.00,0.00,0.00,-15.068,7.800,3.130,0.00,0.00,0.00,-10.655,7.025,5.649,0.00,0.00,0.00,3.890,3.890,3.890
2026-02-04 18:30:06,107.34,43,381,424,10.14%,97.50,2.67%,"[0, 5, 10, 15, 20, 25, 30, 35, 40, 45, 50, 55, 60, 65, 70, 75, 80, 85, 90, 95, 100]","[8, 6, 11, 6, 5, 7, 7, 5, 4, 5, 4, 3, 7, 4, 3, 6, 1085, 10, 12, 415]","[0.0049597024178549285, 0.008679479231246125, 0.015499070055796652, 0.019218846869187848, 0.022318660880347178, 0.026658400495970243, 0.030998140111593304, 0.034097954122752634, 0.0365778053316801, 0.03967761934283943, 0.04215747055176689, 0.04401735895846249, 0.04835709857408556, 0.05083694978301302, 0.05269683818970862, 0.056416615003099815, 0.7290762554246745, 0.7352758834469931, 0.7427154370737755, 1.0]",4.0,2.0,2.0,2.0,2.0,14,4.4955,8.0,0.0,hrl_dqn_apf,hierarchical,dqn,-8.274,9.730,2.726,0.00,0.00,0.00,-14.763,7.837,2.644,0.00,0.00,0.00,-10.683,6.975,4.966,0.00,0.00,0.00,3.887,3.887,3.887
2026-02-04 18:30:07,108.34,43,385,428,10.05%,97.69,2.67%,"[0, 5, 10, 15, 20, 25, 30, 35, 40, 45, 50, 55, 60, 65, 70, 75, 80, 85, 90, 95, 100]","[9, 6, 11, 5, 6, 6, 7, 4, 4, 5, 4, 4, 6, 5, 2, 7, 1082, 9, 16, 415]","[0.005579665220086794, 0.009299442033477991, 0.016119032858028518, 0.019218846869187848, 0.022938623682579044, 0.026658400495970243, 0.030998140111593304, 0.03347799132052077, 0.03595784252944823, 0.03905765654060756, 0.041537507749535026, 0.04401735895846249, 0.04773713577185369, 0.05083694978301302, 0.052076875387476754, 0.056416615003099815, 0.7272163670179789, 0.7327960322380657, 0.7427154370737755, 1.0]",4.0,2.0,2.0,2.0,2.0,14,4.4955,8.0,0.0,hrl_dqn_apf,hierarchical,dqn,-7.976,10.031,2.343,0.00,0.00,0.00,-14.262,7.883,2.377,0.00,0.00,0.00,-10.965,6.803,4.970,0.00,0.00,0.00,3.884,3.884,3.884
2026-02-04 18:30:08,109.35,42,385,427,9.84%,97.97,2.60%,"[0, 5, 10, 15, 20, 25, 30, 35, 40, 45, 50, 55, 60, 65, 70, 75, 80, 85, 90, 95, 100]","[8, 3, 12, 6, 8, 5, 8, 4, 5, 6, 3, 3, 5, 6, 2, 7, 1079, 13, 9, 421]","[0.0049597024178549285, 0.006819590824550527, 0.01425914445133292, 0.017978921264724116, 0.022938623682579044, 0.026038437693738377, 0.030998140111593304, 0.03347799132052077, 0.0365778053316801, 0.040297582145071294, 0.04215747055176689, 0.04401735895846249, 0.047117172969621826, 0.05083694978301302, 0.052076875387476754, 0.056416615003099815, 0.7253564786112833, 0.7334159950402975, 0.7389956602603843, 1.0]",4.0,2.0,2.0,2.0,2.0,19,4.65587,8.0,6.0,hrl_dqn_apf,hierarchical,dqn,-7.113,9.979,1.453,0.00,0.00,0.00,-14.612,8.172,1.762,0.00,0.00,0.00,-11.363,6.481,6.012,0.00,0.00,0.00,3.881,3.881,3.881
2026-02-04 18:30:09,110.35,42,385,427,9.84%,98.09,2.60%,"[0, 5, 10, 15, 20, 25, 30, 35, 40, 45, 50, 55, 60, 65, 70, 75, 80, 85, 90, 95, 100]","[9, 4, 9, 9, 6, 5, 6, 6, 6, 5, 4, 3, 3, 8, 2, 6, 1077, 15, 10, 420]","[0.005579665220086794, 0.008059516429014259, 0.013639181649101054, 0.019218846869187848, 0.022938623682579044, 0.026038437693738377, 0.029758214507129573, 0.03347799132052077, 0.037197768133911964, 0.040297582145071294, 0.04277743335399876, 0.044637321760694355, 0.04649721016738995, 0.05145691258524489, 0.05269683818970862, 0.056416615003099815, 0.7241165530068195, 0.7334159950402975, 0.7396156230626162, 1.0]",4.0,2.0,2.0,2.0,2.0,24,4.81635,8.0,12.0,hrl_dqn_apf,hierarchical,dqn,-6.860,9.860,1.323,0.00,0.00,0.00,-14.959,8.295,1.390,0.00,0.00,0.00,-10.949,6.486,6.455,0.00,0.00,0.00,3.878,3.878,3.878
2026-02-04 18:30:10,111.36,41,388,429,9.56%,98.24,2.54%,"[0, 5, 10, 15, 20, 25, 30, 35, 40, 45, 50, 55, 60, 65, 70, 75, 80, 85, 90, 95, 100]","[9, 3, 8, 10, 6, 5, 6, 7, 5, 5, 5, 2, 4, 9, 2, 6, 1075, 17, 10, 419]","[0.005579665220086794, 0.007439553626782393, 0.012399256044637322, 0.018598884066955982, 0.022318660880347178, 0.02541847489150651, 0.029138251704897707, 0.03347799132052077, 0.0365778053316801, 0.03967761934283943, 0.04277743335399876, 0.04401735895846249, 0.04649721016738995, 0.052076875387476754, 0.053316800991940486, 0.05703657780533168, 0.7234965902045877, 0.7340359578425294, 0.7402355858648481, 1.0]",4.0,2.0,2.0,2.0,2.0,24,4.81635,8.0,12.0,hrl_dqn_apf,hierarchical,dqn,-6.300,9.873,1.285,0.00,0.00,0.00,-14.713,8.363,1.241,0.00,0.00,0.00,-10.297,6.498,6.626,0.00,0.00,0.00,3.875,3.875,3.875
2026-02-04 18:30:11,112.37,41,386,427,9.60%,98.36,2.54%,"[0, 5, 10, 15, 20, 25, 30, 35, 40, 45, 50, 55, 60, 65, 70, 75, 80, 85, 90, 95, 100]","[9, 4, 7, 11, 6, 4, 6, 6, 7, 4, 5, 3, 3, 8, 3, 2, 1077, 17, 11, 420]","[0.005579665220086794, 0.008059516429014259, 0.012399256044637322, 0.019218846869187848, 0.022938623682579044, 0.02541847489150651, 0.029138251704897707, 0.0328580285182889, 0.037197768133911964, 0.03967761934283943, 0.04277743335399876, 0.044637321760694355, 0.04649721016738995, 0.05145691258524489, 0.053316800991940486, 0.05455672659640422, 0.7222566646001239, 0.7327960322380657, 0.7396156230626162, 1.0]",4.0,2.0,2.0,2.0,2.0,10,-19.02355,8.0,0.0,hrl_dqn_apf,hierarchical,dqn,-5.596,9.873,1.273,0.00,0.00,0.00,-14.941,8.427,1.196,0.00,0.00,0.00,-9.618,6.497,6.678,0.00,0.00,0.00,3.872,3.872,3.872
2026-02-04 18:30:12,113.37,41,386,427,9.60%,98.52,2.54%,"[0, 5, 10, 15, 20, 25, 30, 35, 40, 45, 50, 55, 60, 65, 70, 75, 80, 85, 90, 95, 100]","[8, 5, 5, 10, 7, 6, 7, 7, 4, 6, 6, 2, 3, 7, 5, 2, 1074, 18, 8, 423]","[0.0049597024178549285, 0.008059516429014259, 0.011159330440173589, 0.01735895846249225, 0.02169869807811531, 0.02541847489150651, 0.029758214507129573, 0.034097954122752634, 0.0365778053316801, 0.040297582145071294, 0.04401735895846249, 0.04525728456292622, 0.047117172969621826, 0.05145691258524489, 0.05455672659640422, 0.05579665220086795, 0.7216367017978921, 0.7327960322380657, 0.7377557346559206, 1.0]",4.0,2.0,2.0,2.0,2.0,3,-0.8631200000000003,8.0,-12.0,hrl_dqn_apf,hierarchical,dqn,-4.303,9.942,1.483,0.00,0.00,0.00,-16.263,8.429,1.177,0.00,0.00,0.00,-8.720,6.570,6.487,0.00,0.00,0.00,3.869,3.869,3.869
2026-02-04 18:30:13,114.38,42,386,428,9.81%,98.59,2.60%,"[0, 5, 10, 15, 20, 25, 30, 35, 40, 45, 50, 55, 60, 65, 70, 75, 80, 85, 90, 95, 100]","[8, 7, 5, 9, 6, 7, 6, 6, 5, 7, 7, 2, 2, 7, 6, 0, 1074, 19, 8, 422]","[0.0049597024178549285, 0.009299442033477991, 0.012399256044637322, 0.017978921264724116, 0.02169869807811531, 0.026038437693738377, 0.029758214507129573, 0.03347799132052077, 0.0365778053316801, 0.04091754494730316, 0.04525728456292622, 0.04649721016738995, 0.04773713577185369, 0.052076875387476754, 0.05579665220086795, 0.05579665220086795, 0.7216367017978921, 0.7334159950402975, 0.7383756974581525, 1.0]",4.0,2.0,2.0,2.0,2.0,3,-0.8631200000000003,8.0,-12.0,hrl_dqn_apf,hierarchical,dqn,-4.114,9.958,2.065,0.00,0.00,0.00,-17.011,8.425,1.176,0.00,0.00,0.00,-8.559,6.584,5.905,0.00,0.00,0.00,3.866,3.866,3.866
2026-02-04 18:30:14,115.38,42,384,426,9.86%,98.70,2.60%,"[0, 5, 10, 15, 20, 25, 30, 35, 40, 45, 50, 55, 60, 65, 70, 75, 80, 85, 90, 95, 100]","[9, 6, 4, 8, 9, 6, 6, 6, 5, 7, 7, 2, 3, 5, 7, 1, 1073, 13, 14, 422]","[0.005579665220086794, 0.009299442033477991, 0.011779293242405457, 0.016738995660260384, 0.022318660880347178, 0.026038437693738377, 0.029758214507129573, 0.03347799132052077, 0.0365778053316801, 0.04091754494730316, 0.04525728456292622, 0.04649721016738995, 0.04835709857408556, 0.05145691258524489, 0.05579665220086795, 0.056416615003099815, 0.7216367017978921, 0.7296962182269063, 0.7383756974581525, 1.0]",4.0,2.0,2.0,2.0,2.0,24,5.2972,8.0,12.0,hrl_dqn_apf,hierarchical,dqn,-4.058,9.957,2.732,0.00,0.00,0.00,-17.723,8.422,1.176,0.00,0.00,0.00,-8.509,6.584,5.235,0.00,0.00,0.00,3.863,3.863,3.863
2026-02-04 18:30:15,116.38,42,382,424,9.91%,98.77,2.60%,"[0, 5, 10, 15, 20, 25, 30, 35, 40, 45, 50, 55, 60, 65, 70, 75, 80, 85, 90, 95, 100]","[7, 9, 3, 7, 9, 7, 5, 6, 7, 6, 7, 2, 3, 5, 7, 2, 1071, 13, 16, 421]","[0.0043397396156230625, 0.009919404835709857, 0.011779293242405457, 0.016119032858028518, 0.02169869807811531, 0.026038437693738377, 0.029138251704897707, 0.0328580285182889, 0.037197768133911964, 0.04091754494730316, 0.04525728456292622, 0.04649721016738995, 0.04835709857408556, 0.05145691258524489, 0.05579665220086795, 0.05703657780533168, 0.7210167389956602, 0.7290762554246745, 0.7389956602603843, 1.0]",4.0,2.0,2.0,2.0,2.0,24,5.2972,8.0,12.0,hrl_dqn_apf,hierarchical,dqn,-4.031,9.962,3.471,0.00,0.00,0.00,-18.476,8.428,1.170,0.00,0.00,0.00,-8.490,6.585,4.688,0.00,0.00,0.00,3.860,3.860,3.860
2026-02-04 18:30:16,117.38,45,379,424,10.61%,98.90,2.79%,"[0, 5, 10, 15, 20, 25, 30, 35, 40, 45, 50, 55, 60, 65, 70, 75, 80, 85, 90, 95, 100]","[7, 11, 4, 6, 10, 7, 5, 5, 7, 6, 6, 4, 1, 6, 6, 3, 1063, 17, 16, 423]","[0.0043397396156230625, 0.011159330440173589, 0.013639181649101054, 0.01735895846249225, 0.023558586484810913, 0.027898326100433975, 0.030998140111593304, 0.034097954122752634, 0.038437693738375696, 0.04215747055176689, 0.04587724736515809, 0.04835709857408556, 0.048977061376317424, 0.05269683818970862, 0.056416615003099815, 0.05827650340979541, 0.717296962182269, 0.7278363298202107, 0.7377557346559206, 1.0]",4.0,2.0,2.0,2.0,2.0,0,-18.54293,8.0,-12.0,hrl_dqn_apf,hierarchical,dqn,-3.065,10.039,4.047,0.00,0.00,0.00,-19.058,8.508,0.210,0.00,0.00,0.00,-8.482,6.594,3.457,0.00,0.00,0.00,3.857,3.857,3.857
2026-02-04 18:30:17,118.39,43,377,420,10.24%,98.98,2.67%,"[0, 5, 10, 15, 20, 25, 30, 35, 40, 45, 50, 55, 60, 65, 70, 75, 80, 85, 90, 95, 100]","[8, 9, 4, 5, 11, 6, 6, 6, 7, 5, 6, 6, 1, 6, 5, 4, 1062, 16, 17, 423]","[0.0049597024178549285, 0.010539367637941723, 0.013019218846869188, 0.016119032858028518, 0.022938623682579044, 0.026658400495970243, 0.03037817730936144, 0.034097954122752634, 0.038437693738375696, 0.041537507749535026, 0.04525728456292622, 0.048977061376317424, 0.04959702417854929, 0.053316800991940486, 0.056416615003099815, 0.05889646621202728, 0.717296962182269, 0.7272163670179789, 0.7377557346559206, 1.0]",4.0,2.0,2.0,2.0,2.0,20,-18.462699999999998,8.0,12.0,hrl_dqn_apf,hierarchical,dqn,-2.439,9.789,4.093,0.00,0.00,0.00,-19.102,8.506,-0.517,0.00,0.00,0.00,-8.591,6.648,2.819,0.00,0.00,0.00,3.854,3.854,3.854
2026-02-04 18:30:18,119.40,42,382,424,9.91%,99.05,2.60%,"[0, 5, 10, 15, 20, 25, 30, 35, 40, 45, 50, 55, 60, 65, 70, 75, 80, 85, 90, 95, 100]","[6, 10, 5, 5, 10, 6, 8, 6, 6, 4, 7, 6, 2, 4, 6, 5, 1061, 17, 17, 422]","[0.0037197768133911966, 0.009919404835709857, 0.013019218846869188, 0.016119032858028518, 0.022318660880347178, 0.026038437693738377, 0.030998140111593304, 0.0347179169249845, 0.038437693738375696, 0.04091754494730316, 0.04525728456292622, 0.048977061376317424, 0.050216986980781156, 0.05269683818970862, 0.056416615003099815, 0.059516429014259145, 0.717296962182269, 0.7278363298202107, 0.7383756974581525, 1.0]",4.0,2.0,2.0,2.0,2.0,20,-18.462699999999998,8.0,12.0,hrl_dqn_apf,hierarchical,dqn,-2.193,9.570,4.151,0.00,0.00,0.00,-19.116,8.503,-1.268,0.00,0.00,0.00,-9.104,6.678,2.568,0.00,0.00,0.00,3.851,3.851,3.851
2026-02-04 18:30:19,120.40,44,382,426,10.33%,99.11,2.73%,"[0, 5, 10, 15, 20, 25, 30, 35, 40, 45, 50, 55, 60, 65, 70, 75, 80, 85, 90, 95, 100]","[7, 9, 6, 5, 8, 9, 6, 7, 6, 5, 9, 4, 1, 5, 4, 7, 1061, 16, 11, 427]","[0.0043397396156230625, 0.009919404835709857, 0.013639181649101054, 0.016738995660260384, 0.02169869807811531, 0.02727836329820211, 0.030998140111593304, 0.035337879727216366, 0.03905765654060756, 0.04215747055176689, 0.04773713577185369, 0.050216986980781156, 0.05083694978301302, 0.05393676379417235, 0.056416615003099815, 0.06075635461872288, 0.7185368877867327, 0.7284562926224426, 0.7352758834469931, 1.0]",4.0,2.0,2.0,2.0,2.0,23,-0.30227999999999966,8.0,12.0,hrl_dqn_apf,hierarchical,dqn,-2.122,9.607,4.606,0.00,0.00,0.00,-19.121,8.500,-2.046,0.00,0.00,0.00,-9.811,6.690,2.495,0.00,0.00,0.00,3.848,3.848,3.848
2026-02-04 18:30:20,121.40,44,382,426,10.33%,99.35,2.73%,"[0, 5, 10, 15, 20, 25, 30, 35, 40, 45, 50, 55, 60, 65, 70, 75, 80, 85, 90, 95, 100]","[9, 7, 9, 3, 7, 9, 7, 6, 4, 8, 7, 5, 1, 4, 5, 6, 1058, 12, 18, 428]","[0.005579665220086794, 0.009919404835709857, 0.015499070055796652, 0.01735895846249225, 0.02169869807811531, 0.02727836329820211, 0.03161810291382517, 0.035337879727216366, 0.03781773093614383, 0.04277743335399876, 0.047117172969621826, 0.050216986980781156, 0.05083694978301302, 0.053316800991940486, 0.056416615003099815, 0.06013639181649101, 0.7160570365778053, 0.7234965902045877, 0.7346559206447613, 1.0]",4.0,2.0,2.0,2.0,2.0,5,-18.142229999999998,8.0,-6.0,hrl_dqn_apf,hierarchical,dqn,-2.094,9.611,5.995,0.00,0.00,0.00,-19.123,8.494,-3.548,0.00,0.00,0.00,-10.359,6.769,3.417,0.00,0.00,0.00,3.845,3.845,3.845
2026-02-04 18:30:21,122.40,44,384,428,10.28%,99.50,2.73%,"[0, 5, 10, 15, 20, 25, 30, 35, 40, 45, 50, 55, 60, 65, 70, 75, 80, 85, 90, 95, 100]","[8, 7, 10, 4, 6, 9, 7, 6, 4, 9, 7, 5, 2, 4, 5, 4, 1059, 10, 15, 432]","[0.0049597024178549285, 0.009299442033477991, 0.015499070055796652, 0.017978921264724116, 0.02169869807811531, 0.02727836329820211, 0.03161810291382517, 0.035337879727216366, 0.03781773093614383, 0.04339739615623062, 0.04773713577185369, 0.05083694978301302, 0.052076875387476754, 0.05455672659640422, 0.05765654060756355, 0.06013639181649101, 0.7166769993800371, 0.7228766274023558, 0.7321760694358338, 1.0]",4.0,2.0,2.0,2.0,2.0,5,-18.142229999999998,8.0,-6.0,hrl_dqn_apf,hierarchical,dqn,-2.091,9.609,6.745,0.00,0.00,0.00,-19.124,8.491,-4.306,0.00,0.00,0.00,-10.285,6.827,4.022,0.00,0.00,0.00,3.842,3.842,3.842
2026-02-04 18:30:22,123.41,44,383,427,10.30%,99.55,2.73%,"[0, 5, 10, 15, 20, 25, 30, 35, 40, 45, 50, 55, 60, 65, 70, 75, 80, 85, 90, 95, 100]","[7, 8, 9, 5, 5, 10, 7, 7, 4, 8, 5, 6, 3, 4, 5, 3, 1060, 9, 14, 434]","[0.0043397396156230625, 0.009299442033477991, 0.014879107253564786, 0.017978921264724116, 0.021078735275883446, 0.02727836329820211, 0.03161810291382517, 0.03595784252944823, 0.038437693738375696, 0.04339739615623062, 0.04649721016738995, 0.050216986980781156, 0.052076875387476754, 0.05455672659640422, 0.05765654060756355, 0.059516429014259145, 0.7166769993800371, 0.7222566646001239, 0.7309361438313701, 1.0]",4.0,2.0,2.0,2.0,2.0,13,0.018670000000000186,8.0,0.0,hrl_dqn_apf,hierarchical,dqn,-2.090,9.606,7.507,0.00,0.00,0.00,-19.124,8.487,-5.069,0.00,0.00,0.00,-9.777,6.857,4.263,0.00,0.00,0.00,3.839,3.839,3.839
2026-02-04 18:30:23,124.41,42,385,427,9.84%,99.62,2.60%,"[0, 5, 10, 15, 20, 25, 30, 35, 40, 45, 50, 55, 60, 65, 70, 75, 80, 85, 90, 95, 100]","[7, 7, 9, 6, 5, 8, 6, 8, 6, 7, 4, 8, 3, 5, 3, 4, 1055, 14, 17, 431]","[0.0043397396156230625, 0.008679479231246125, 0.01425914445133292, 0.017978921264724116, 0.021078735275883446, 0.026038437693738377, 0.029758214507129573, 0.0347179169249845, 0.038437693738375696, 0.04277743335399876, 0.04525728456292622, 0.050216986980781156, 0.052076875387476754, 0.05517668939863608, 0.05703657780533168, 0.059516429014259145, 0.7135771853688778, 0.7222566646001239, 0.7327960322380657, 1.0]",4.0,2.0,2.0,2.0,2.0,8,0.17926999999999982,8.0,-6.0,hrl_dqn_apf,hierarchical,dqn,-2.090,9.621,8.256,0.00,0.00,0.00,-19.117,8.495,-5.825,0.00,0.00,0.00,-9.313,6.868,4.483,0.00,0.00,0.00,3.836,3.836,3.836
2026-02-04 18:30:24,125.41,41,386,427,9.60%,99.84,2.54%,"[0, 5, 10, 15, 20, 25, 30, 35, 40, 45, 50, 55, 60, 65, 70, 75, 80, 85, 90, 95, 100]","[10, 3, 11, 7, 4, 6, 10, 5, 7, 6, 7, 6, 5, 3, 4, 3, 1054, 16, 14, 432]","[0.006199628022318661, 0.008059516429014259, 0.014879107253564786, 0.019218846869187848, 0.02169869807811531, 0.02541847489150651, 0.03161810291382517, 0.0347179169249845, 0.03905765654060756, 0.04277743335399876, 0.047117172969621826, 0.05083694978301302, 0.05393676379417235, 0.05579665220086795, 0.05827650340979541, 0.06013639181649101, 0.7135771853688778, 0.7234965902045877, 0.7321760694358338, 1.0]",4.0,2.0,2.0,2.0,2.0,8,0.17926999999999982,8.0,-6.0,hrl_dqn_apf,hierarchical,dqn,-2.090,9.786,7.870,0.00,0.00,0.00,-18.154,8.573,-6.399,0.00,0.00,0.00,-8.591,6.938,5.071,0.00,0.00,0.00,3.833,3.833,3.833
2026-02-04 18:30:25,126.42,41,386,427,9.60%,99.93,2.54%,"[0, 5, 10, 15, 20, 25, 30, 35, 40, 45, 50, 55, 60, 65, 70, 75, 80, 85, 90, 95, 100]","[7, 6, 9, 8, 3, 8, 9, 7, 7, 7, 9, 6, 5, 3, 3, 3, 1049, 17, 10, 437]","[0.0043397396156230625, 0.008059516429014259, 0.013639181649101054, 0.018598884066955982, 0.02045877247365158, 0.02541847489150651, 0.030998140111593304, 0.035337879727216366, 0.03967761934283943, 0.04401735895846249, 0.04959702417854929, 0.053316800991940486, 0.056416615003099815, 0.05827650340979541, 0.06013639181649101, 0.06199628022318661, 0.7123372597644141, 0.7228766274023558, 0.7290762554246745, 1.0]",4.0,2.0,2.0,2.0,2.0,14,6.33934,8.0,0.0,hrl_dqn_apf,hierarchical,dqn,-2.090,9.784,7.183,0.00,0.00,0.00,-17.427,8.571,-6.443,0.00,0.00,0.00,-7.913,6.939,5.147,0.00,0.00,0.00,3.830,3.830,3.830
2026-02-04 18:30:26,127.42,42,385,427,9.84%,100.02,2.60%,"[0, 5, 10, 15, 20, 25, 30, 35, 40, 45, 50, 55, 60, 65, 70, 75, 80, 85, 90, 95, 100]","[9, 7, 7, 9, 4, 6, 9, 7, 7, 6, 8, 6, 5, 4, 3, 3, 1047, 19, 7, 440]","[0.005579665220086794, 0.009919404835709857, 0.01425914445133292, 0.019838809671419714, 0.022318660880347178, 0.026038437693738377, 0.03161810291382517, 0.03595784252944823, 0.040297582145071294, 0.04401735895846249, 0.048977061376317424, 0.05269683818970862, 0.05579665220086795, 0.05827650340979541, 0.06013639181649101, 0.06199628022318661, 0.7110973341599504, 0.7228766274023558, 0.7272163670179789, 1.0]",4.0,2.0,2.0,2.0,2.0,4,6.49947,8.0,-12.0,hrl_dqn_apf,hierarchical,dqn,-2.090,9.781,6.423,0.00,0.00,0.00,-16.656,8.568,-6.457,0.00,0.00,0.00,-7.201,6.973,5.126,0.00,0.00,0.00,3.827,3.827,3.827
2026-02-04 18:30:27,128.43,42,386,428,9.81%,100.12,2.60%,"[0, 5, 10, 15, 20, 25, 30, 35, 40, 45, 50, 55, 60, 65, 70, 75, 80, 85, 90, 95, 100]","[8, 7, 6, 10, 5, 6, 9, 6, 8, 6, 8, 4, 6, 5, 3, 4, 1046, 20, 7, 439]","[0.0049597024178549285, 0.009299442033477991, 0.013019218846869188, 0.019218846869187848, 0.022318660880347178, 0.026038437693738377, 0.03161810291382517, 0.035337879727216366, 0.040297582145071294, 0.04401735895846249, 0.048977061376317424, 0.05145691258524489, 0.05517668939863608, 0.05827650340979541, 0.06013639181649101, 0.06261624302541847, 0.7110973341599504, 0.7234965902045877, 0.7278363298202107, 1.0]",4.0,2.0,2.0,2.0,2.0,4,6.49947,8.0,-12.0,hrl_dqn_apf,hierarchical,dqn,-2.084,9.786,5.688,0.00,0.00,0.00,-15.913,8.565,-6.461,0.00,0.00,0.00,-6.877,7.022,4.708,0.00,0.00,0.00,3.824,3.824,3.824
2026-02-04 18:30:28,129.43,39,385,424,9.20%,100.23,2.48%,"[0, 5, 10, 15, 20, 25, 30, 35, 40, 45, 50, 55, 60, 65, 70, 75, 80, 85, 90, 95, 100]","[8, 7, 6, 9, 7, 3, 8, 8, 9, 7, 7, 4, 7, 7, 2, 2, 1045, 15, 14, 438]","[0.0049597024178549285, 0.009299442033477991, 0.013019218846869188, 0.018598884066955982, 0.022938623682579044, 0.024798512089274645, 0.029758214507129573, 0.0347179169249845, 0.040297582145071294, 0.044637321760694355, 0.048977061376317424, 0.05145691258524489, 0.05579665220086795, 0.06013639181649101, 0.06137631742095474, 0.06261624302541847, 0.7104773713577185, 0.7197768133911965, 0.7284562926224426, 1.0]",4.0,2.0,2.0,2.0,2.0,14,6.66003,8.0,0.0,hrl_dqn_apf,hierarchical,dqn,-1.127,9.866,5.102,0.00,0.00,0.00,-14.384,8.559,-6.464,0.00,0.00,0.00,-6.738,7.023,3.303,0.00,0.00,0.00,3.821,3.821,3.821
2026-02-04 18:30:29,130.44,39,387,426,9.15%,100.28,2.48%,"[0, 5, 10, 15, 20, 25, 30, 35, 40, 45, 50, 55, 60, 65, 70, 75, 80, 85, 90, 95, 100]","[7, 8, 5, 10, 6, 4, 6, 10, 6, 9, 6, 7, 7, 6, 3, 3, 1039, 21, 14, 436]","[0.0043397396156230625, 0.009299442033477991, 0.012399256044637322, 0.018598884066955982, 0.022318660880347178, 0.024798512089274645, 0.02851828890266584, 0.0347179169249845, 0.038437693738375696, 0.04401735895846249, 0.04773713577185369, 0.052076875387476754, 0.056416615003099815, 0.06013639181649101, 0.06199628022318661, 0.0638561686298822, 0.707997520148791, 0.7210167389956602, 0.7296962182269063, 1.0]",4.0,2.0,2.0,2.0,2.0,5,-17.17978,8.0,-6.0,hrl_dqn_apf,hierarchical,dqn,-0.400,9.864,5.058,0.00,0.00,0.00,-13.870,8.677,-6.464,0.00,0.00,0.00,-6.727,7.020,2.547,0.00,0.00,0.00,3.817,3.817,3.817
2026-02-04 18:30:30,131.44,37,387,424,8.73%,100.31,2.42%,"[0, 5, 10, 15, 20, 25, 30, 35, 40, 45, 50, 55, 60, 65, 70, 75, 80, 85, 90, 95, 100]","[6, 7, 7, 8, 8, 3, 7, 9, 8, 8, 6, 8, 7, 7, 4, 3, 1039, 17, 16, 435]","[0.0037197768133911966, 0.008059516429014259, 0.012399256044637322, 0.01735895846249225, 0.022318660880347178, 0.02417854928704278, 0.02851828890266584, 0.034097954122752634, 0.03905765654060756, 0.04401735895846249, 0.04773713577185369, 0.05269683818970862, 0.05703657780533168, 0.06137631742095474, 0.0638561686298822, 0.0657160570365778, 0.7098574085554866, 0.7203967761934283, 0.7303161810291382, 1.0]",4.0,2.0,2.0,2.0,2.0,5,-17.17978,8.0,-6.0,hrl_dqn_apf,hierarchical,dqn,0.324,9.861,5.044,0.00,0.00,0.00,-14.135,8.736,-6.464,0.00,0.00,0.00,-6.723,7.017,1.815,0.00,0.00,0.00,3.815,3.815,3.815
2026-02-04 18:30:31,132.45,38,380,418,9.09%,100.43,2.48%,"[0, 5, 10, 15, 20, 25, 30, 35, 40, 45, 50, 55, 60, 65, 70, 75, 80, 85, 90, 95, 100]","[6, 8, 8, 6, 8, 4, 7, 9, 8, 8, 6, 7, 6, 8, 4, 3, 1039, 14, 17, 437]","[0.0037197768133911966, 0.008679479231246125, 0.013639181649101054, 0.01735895846249225, 0.022318660880347178, 0.024798512089274645, 0.029138251704897707, 0.0347179169249845, 0.03967761934283943, 0.044637321760694355, 0.04835709857408556, 0.05269683818970862, 0.056416615003099815, 0.06137631742095474, 0.0638561686298822, 0.0657160570365778, 0.7098574085554866, 0.7185368877867327, 0.7290762554246745, 1.0]",4.0,2.0,2.0,2.0,2.0,12,-5.01952,8.0,0.0,hrl_dqn_apf,hierarchical,dqn,1.068,9.858,5.039,0.00,0.00,0.00,-14.738,8.740,-6.464,0.00,0.00,0.00,-6.720,7.014,1.069,0.00,0.00,0.00,3.811,3.811,3.811
2026-02-04 18:30:32,133.45,39,387,426,9.15%,100.57,2.54%,"[0, 5, 10, 15, 20, 25, 30, 35, 40, 45, 50, 55, 60, 65, 70, 75, 80, 85, 90, 95, 100]","[7, 7, 7, 7, 8, 5, 5, 9, 8, 9, 8, 7, 3, 10, 4, 3, 1039, 15, 15, 437]","[0.0043397396156230625, 0.008679479231246125, 0.013019218846869188, 0.01735895846249225, 0.022318660880347178, 0.02541847489150651, 0.02851828890266584, 0.034097954122752634, 0.03905765654060756, 0.044637321760694355, 0.04959702417854929, 0.05393676379417235, 0.05579665220086795, 0.06199628022318661, 0.06447613143211407, 0.06633601983880967, 0.7104773713577185, 0.7197768133911965, 0.7290762554246745, 1.0]",4.0,2.0,2.0,2.0,2.0,5,-16.699080000000002,8.0,-6.0,hrl_dqn_apf,hierarchical,dqn,2.381,9.927,5.248,0.00,0.00,0.00,-16.207,8.734,-6.464,0.00,0.00,0.00,-6.509,7.082,-0.246,0.00,0.00,0.00,3.808,3.808,3.808
2026-02-04 18:30:33,134.47,39,385,424,9.20%,100.60,2.54%,"[0, 5, 10, 15, 20, 25, 30, 35, 40, 45, 50, 55, 60, 65, 70, 75, 80, 85, 90, 95, 100]","[6, 8, 6, 6, 8, 7, 5, 9, 8, 11, 8, 5, 4, 10, 6, 3, 1038, 14, 12, 439]","[0.0037197768133911966, 0.008679479231246125, 0.012399256044637322, 0.016119032858028518, 0.021078735275883446, 0.02541847489150651, 0.02851828890266584, 0.034097954122752634, 0.03905765654060756, 0.04587724736515809, 0.05083694978301302, 0.05393676379417235, 0.056416615003099815, 0.06261624302541847, 0.06633601983880967, 0.06819590824550527, 0.7117172969621822, 0.7203967761934283, 0.7278363298202107, 1.0]",4.0,2.0,2.0,2.0,2.0,5,-16.699080000000002,8.0,-6.0,hrl_dqn_apf,hierarchical,dqn,2.460,10.003,5.724,0.00,0.00,0.00,-16.967,8.731,-6.463,0.00,0.00,0.00,-6.034,7.158,-0.326,0.00,0.00,0.00,3.805,3.805,3.805
2026-02-04 18:30:34,135.47,38,388,426,8.92%,100.72,2.54%,"[0, 5, 10, 15, 20, 25, 30, 35, 40, 45, 50, 55, 60, 65, 70, 75, 80, 85, 90, 95, 100]","[6, 8, 7, 5, 9, 6, 4, 7, 12, 9, 9, 5, 5, 10, 5, 2, 1034, 12, 20, 438]","[0.0037197768133911966, 0.008679479231246125, 0.013019218846869188, 0.016119032858028518, 0.02169869807811531, 0.02541847489150651, 0.027898326100433975, 0.032238065716057036, 0.03967761934283943, 0.04525728456292622, 0.05083694978301302, 0.05393676379417235, 0.05703657780533168, 0.06323620582765034, 0.06633601983880967, 0.0675759454432734, 0.7086174829510229, 0.7160570365778053, 0.7284562926224426, 1.0]",4.0,2.0,2.0,2.0,2.0,23,1.3009199999999996,8.0,12.0,hrl_dqn_apf,hierarchical,dqn,2.044,9.868,5.934,0.00,0.00,0.00,-17.681,8.765,-6.417,0.00,0.00,0.00,-5.829,7.191,0.133,0.00,0.00,0.00,3.802,3.802,3.802
2026-02-04 18:30:35,136.48,39,389,428,9.11%,100.88,2.60%,"[0, 5, 10, 15, 20, 25, 30, 35, 40, 45, 50, 55, 60, 65, 70, 75, 80, 85, 90, 95, 100]","[7, 6, 7, 6, 7, 9, 2, 7, 12, 11, 7, 5, 7, 9, 6, 2, 1034, 12, 17, 440]","[0.0043397396156230625, 0.008059516429014259, 0.012399256044637322, 0.016119032858028518, 0.02045877247365158, 0.026038437693738377, 0.02727836329820211, 0.03161810291382517, 0.03905765654060756, 0.04587724736515809, 0.050216986980781156, 0.053316800991940486, 0.05765654060756355, 0.06323620582765034, 0.06695598264104154, 0.06819590824550527, 0.7092374457532548, 0.7166769993800371, 0.7272163670179789, 1.0]",4.0,2.0,2.0,2.0,2.0,20,-16.53879,8.0,12.0,hrl_dqn_apf,hierarchical,dqn,1.787,9.524,6.004,0.00,0.00,0.00,-18.004,8.825,-5.985,0.00,0.00,0.00,-5.764,7.191,0.808,0.00,0.00,0.00,3.799,3.799,3.799
2026-02-04 18:30:36,137.48,37,390,427,8.67%,101.19,2.48%,"[0, 5, 10, 15, 20, 25, 30, 35, 40, 45, 50, 55, 60, 65, 70, 75, 80, 85, 90, 95, 100]","[6, 5, 6, 7, 6, 10, 4, 6, 12, 11, 7, 5, 7, 7, 9, 3, 1027, 18, 12, 445]","[0.0037197768133911966, 0.006819590824550527, 0.010539367637941723, 0.014879107253564786, 0.018598884066955982, 0.024798512089274645, 0.02727836329820211, 0.030998140111593304, 0.038437693738375696, 0.04525728456292622, 0.04959702417854929, 0.05269683818970862, 0.05703657780533168, 0.06137631742095474, 0.06695598264104154, 0.06881587104773713, 0.7055176689398636, 0.7166769993800371, 0.7241165530068195, 1.0]",4.0,2.0,2.0,2.0,2.0,20,-16.53879,8.0,12.0,hrl_dqn_apf,hierarchical,dqn,0.727,9.564,6.030,0.00,0.00,0.00,-17.165,8.911,-5.531,0.00,0.00,0.00,-5.739,7.185,2.304,0.00,0.00,0.00,3.796,3.796,3.796
2026-02-04 18:30:37,138.49,36,391,427,8.43%,101.26,2.42%,"[0, 5, 10, 15, 20, 25, 30, 35, 40, 45, 50, 55, 60, 65, 70, 75, 80, 85, 90, 95, 100]","[6, 6, 5, 6, 8, 8, 5, 6, 13, 10, 8, 6, 7, 7, 8, 4, 1026, 19, 11, 444]","[0.0037197768133911966, 0.007439553626782393, 0.010539367637941723, 0.01425914445133292, 0.019218846869187848, 0.02417854928704278, 0.02727836329820211, 0.030998140111593304, 0.03905765654060756, 0.04525728456292622, 0.050216986980781156, 0.05393676379417235, 0.05827650340979541, 0.06261624302541847, 0.0675759454432734, 0.07005579665220087, 0.7061376317420954, 0.7179169249845009, 0.7247365158090514, 1.0]",4.0,2.0,2.0,2.0,2.0,7,-4.45888,8.0,-6.0,hrl_dqn_apf,hierarchical,dqn,-0.003,9.563,6.032,0.00,0.00,0.00,-16.448,8.909,-5.496,0.00,0.00,0.00,-5.738,7.182,3.063,0.00,0.00,0.00,3.793,3.793,3.793
2026-02-04 18:30:38,139.50,36,393,429,8.39%,101.35,2.48%,"[0, 5, 10, 15, 20, 25, 30, 35, 40, 45, 50, 55, 60, 65, 70, 75, 80, 85, 90, 95, 100]","[7, 4, 7, 6, 7, 9, 6, 5, 10, 10, 10, 8, 5, 6, 9, 4, 1026, 17, 13, 444]","[0.0043397396156230625, 0.006819590824550527, 0.011159330440173589, 0.014879107253564786, 0.019218846869187848, 0.024798512089274645, 0.02851828890266584, 0.03161810291382517, 0.03781773093614383, 0.04401735895846249, 0.050216986980781156, 0.05517668939863608, 0.05827650340979541, 0.06199628022318661, 0.0675759454432734, 0.07005579665220087, 0.7061376317420954, 0.7166769993800371, 0.7247365158090514, 1.0]",4.0,2.0,2.0,2.0,2.0,7,-4.45888,8.0,-6.0,hrl_dqn_apf,hierarchical,dqn,-0.756,9.561,6.033,0.00,0.00,0.00,-15.700,8.906,-5.485,0.00,0.00,0.00,-5.699,7.213,3.784,0.00,0.00,0.00,3.790,3.790,3.790
2026-02-04 18:30:39,140.50,36,391,427,8.43%,101.41,2.48%,"[0, 5, 10, 15, 20, 25, 30, 35, 40, 45, 50, 55, 60, 65, 70, 75, 80, 85, 90, 95, 100]","[9, 3, 6, 7, 6, 9, 7, 4, 8, 14, 9, 8, 5, 7, 9, 4, 1021, 19, 10, 448]","[0.005579665220086794, 0.007439553626782393, 0.011159330440173589, 0.015499070055796652, 0.019218846869187848, 0.024798512089274645, 0.029138251704897707, 0.03161810291382517, 0.0365778053316801, 0.04525728456292622, 0.05083694978301302, 0.05579665220086795, 0.05889646621202728, 0.06323620582765034, 0.06881587104773713, 0.0712957222566646, 0.7042777433353998, 0.7160570365778053, 0.7222566646001239, 1.0]",4.0,2.0,2.0,2.0,2.0,13,1.70111,8.0,0.0,hrl_dqn_apf,hierarchical,dqn,-1.517,9.558,6.034,0.00,0.00,0.00,-14.940,8.903,-5.482,0.00,0.00,0.00,-5.272,7.265,4.127,0.00,0.00,0.00,3.787,3.787,3.787
2026-02-04 18:30:40,141.50,33,395,428,7.71%,101.58,2.29%,"[0, 5, 10, 15, 20, 25, 30, 35, 40, 45, 50, 55, 60, 65, 70, 75, 80, 85, 90, 95, 100]","[9, 2, 4, 8, 8, 6, 9, 3, 8, 14, 11, 6, 4, 10, 8, 6, 1019, 19, 10, 449]","[0.005579665220086794, 0.006819590824550527, 0.009299442033477991, 0.01425914445133292, 0.019218846869187848, 0.022938623682579044, 0.02851828890266584, 0.03037817730936144, 0.035337879727216366, 0.04401735895846249, 0.05083694978301302, 0.05455672659640422, 0.05703657780533168, 0.06323620582765034, 0.06819590824550527, 0.07191568505889646, 0.703657780533168, 0.7154370737755734, 0.7216367017978921, 1.0]",4.0,2.0,2.0,2.0,2.0,3,1.8617299999999997,8.0,-12.0,hrl_dqn_apf,hierarchical,dqn,-2.848,9.627,5.822,0.00,0.00,0.00,-13.400,8.897,-5.481,0.00,0.00,0.00,-3.855,7.265,4.269,0.00,0.00,0.00,3.784,3.784,3.784
2026-02-04 18:30:41,142.50,33,395,428,7.71%,101.63,2.29%,"[0, 5, 10, 15, 20, 25, 30, 35, 40, 45, 50, 55, 60, 65, 70, 75, 80, 85, 90, 95, 100]","[9, 4, 3, 8, 5, 8, 8, 4, 7, 14, 11, 6, 5, 9, 8, 6, 1020, 15, 15, 448]","[0.005579665220086794, 0.008059516429014259, 0.009919404835709857, 0.014879107253564786, 0.017978921264724116, 0.022938623682579044, 0.027898326100433975, 0.03037817730936144, 0.0347179169249845, 0.04339739615623062, 0.050216986980781156, 0.05393676379417235, 0.05703657780533168, 0.06261624302541847, 0.0675759454432734, 0.0712957222566646, 0.703657780533168, 0.712957222566646, 0.7222566646001239, 1.0]",4.0,2.0,2.0,2.0,2.0,3,1.8617299999999997,8.0,-12.0,hrl_dqn_apf,hierarchical,dqn,-2.965,9.936,5.449,0.00,0.00,0.00,-12.758,8.954,-5.361,0.00,0.00,0.00,-3.265,7.138,4.190,0.00,0.00,0.00,3.781,3.781,3.781
2026-02-04 18:30:42,143.51,32,392,424,7.55%,101.73,2.23%,"[0, 5, 10, 15, 20, 25, 30, 35, 40, 45, 50, 55, 60, 65, 70, 75, 80, 85, 90, 95, 100]","[8, 4, 4, 6, 7, 7, 8, 6, 5, 15, 11, 6, 6, 9, 6, 7, 1020, 12, 18, 448]","[0.0049597024178549285, 0.007439553626782393, 0.009919404835709857, 0.013639181649101054, 0.017978921264724116, 0.022318660880347178, 0.02727836329820211, 0.030998140111593304, 0.034097954122752634, 0.04339739615623062, 0.050216986980781156, 0.05393676379417235, 0.05765654060756355, 0.06323620582765034, 0.06695598264104154, 0.0712957222566646, 0.703657780533168, 0.7110973341599504, 0.7222566646001239, 1.0]",4.0,2.0,2.0,2.0,2.0,10,-15.97836,8.0,0.0,hrl_dqn_apf,hierarchical,dqn,-2.744,10.332,5.690,0.00,0.00,0.00,-12.509,8.983,-4.838,0.00,0.00,0.00,-3.272,6.841,3.759,0.00,0.00,0.00,3.778,3.778,3.778
2026-02-04 18:30:43,144.51,31,393,424,7.31%,101.88,2.17%,"[0, 5, 10, 15, 20, 25, 30, 35, 40, 45, 50, 55, 60, 65, 70, 75, 80, 85, 90, 95, 100]","[8, 5, 3, 7, 5, 7, 8, 8, 5, 13, 9, 8, 8, 8, 4, 10, 1014, 18, 16, 449]","[0.0049597024178549285, 0.008059516429014259, 0.009919404835709857, 0.01425914445133292, 0.01735895846249225, 0.02169869807811531, 0.026658400495970243, 0.03161810291382517, 0.0347179169249845, 0.04277743335399876, 0.04835709857408556, 0.053316800991940486, 0.05827650340979541, 0.06323620582765034, 0.0657160570365778, 0.07191568505889646, 0.7005579665220086, 0.7117172969621822, 0.7216367017978921, 1.0]",4.0,2.0,2.0,2.0,2.0,13,2.1819,8.0,0.0,hrl_dqn_apf,hierarchical,dqn,-2.509,10.704,6.274,0.00,0.00,0.00,-12.431,8.983,-4.142,0.00,0.00,0.00,-3.440,6.476,3.123,0.00,0.00,0.00,3.775,3.775,3.775
2026-02-04 18:30:44,145.51,32,390,422,7.58%,102.14,2.29%,"[0, 5, 10, 15, 20, 25, 30, 35, 40, 45, 50, 55, 60, 65, 70, 75, 80, 85, 90, 95, 100]","[10, 8, 2, 6, 6, 5, 8, 8, 4, 8, 15, 6, 6, 6, 8, 8, 1016, 11, 17, 455]","[0.006199628022318661, 0.011159330440173589, 0.012399256044637322, 0.016119032858028518, 0.019838809671419714, 0.022938623682579044, 0.027898326100433975, 0.0328580285182889, 0.035337879727216366, 0.040297582145071294, 0.04959702417854929, 0.053316800991940486, 0.05703657780533168, 0.06075635461872288, 0.0657160570365778, 0.07067575945443273, 0.7005579665220086, 0.7073775573465592, 0.7179169249845009, 1.0]",4.0,2.0,2.0,2.0,2.0,13,2.1819,8.0,0.0,hrl_dqn_apf,hierarchical,dqn,-2.138,10.748,7.518,0.00,0.00,0.00,-12.400,8.977,-2.644,0.00,0.00,0.00,-3.557,6.185,1.891,0.00,0.00,0.00,3.772,3.772,3.772
2026-02-04 18:30:45,146.51,32,390,422,7.58%,102.27,2.29%,"[0, 5, 10, 15, 20, 25, 30, 35, 40, 45, 50, 55, 60, 65, 70, 75, 80, 85, 90, 95, 100]","[10, 9, 2, 5, 5, 6, 7, 8, 3, 10, 13, 8, 5, 6, 9, 7, 1017, 11, 17, 455]","[0.006199628022318661, 0.011779293242405457, 0.013019218846869188, 0.016119032858028518, 0.019218846869187848, 0.022938623682579044, 0.02727836329820211, 0.032238065716057036, 0.034097954122752634, 0.040297582145071294, 0.04835709857408556, 0.053316800991940486, 0.056416615003099815, 0.06013639181649101, 0.0657160570365778, 0.07005579665220087, 0.7005579665220086, 0.7073775573465592, 0.7179169249845009, 1.0]",4.0,2.0,2.0,2.0,2.0,14,8.34232,8.0,0.0,hrl_dqn_apf,hierarchical,dqn,-2.080,10.327,7.713,0.00,0.00,0.00,-12.513,9.034,-1.997,0.00,0.00,0.00,-3.021,6.217,1.710,0.00,0.00,0.00,3.769,3.769,3.769
2026-02-04 18:30:46,147.52,31,395,426,7.28%,102.37,2.23%,"[0, 5, 10, 15, 20, 25, 30, 35, 40, 45, 50, 55, 60, 65, 70, 75, 80, 85, 90, 95, 100]","[10, 7, 5, 3, 7, 4, 8, 8, 4, 9, 13, 8, 4, 7, 8, 7, 1016, 13, 13, 459]","[0.006199628022318661, 0.010539367637941723, 0.013639181649101054, 0.015499070055796652, 0.019838809671419714, 0.022318660880347178, 0.02727836329820211, 0.032238065716057036, 0.0347179169249845, 0.040297582145071294, 0.04835709857408556, 0.053316800991940486, 0.05579665220086795, 0.06013639181649101, 0.06509609423434594, 0.069435833849969, 0.6993180409175449, 0.7073775573465592, 0.7154370737755734, 1.0]",4.0,2.0,2.0,2.0,2.0,5,-15.497399999999999,8.0,-6.0,hrl_dqn_apf,hierarchical,dqn,-2.062,9.914,7.773,0.00,0.00,0.00,-12.990,9.100,-1.792,0.00,0.00,0.00,-2.325,6.220,1.655,0.00,0.00,0.00,3.766,3.766,3.766
2026-02-04 18:30:47,148.52,31,393,424,7.31%,102.50,2.23%,"[0, 5, 10, 15, 20, 25, 30, 35, 40, 45, 50, 55, 60, 65, 70, 75, 80, 85, 90, 95, 100]","[11, 7, 4, 3, 5, 6, 7, 8, 5, 8, 15, 8, 3, 8, 8, 6, 1015, 13, 13, 460]","[0.006819590824550527, 0.011159330440173589, 0.013639181649101054, 0.015499070055796652, 0.018598884066955982, 0.022318660880347178, 0.026658400495970243, 0.03161810291382517, 0.0347179169249845, 0.03967761934283943, 0.048977061376317424, 0.05393676379417235, 0.05579665220086795, 0.06075635461872288, 0.0657160570365778, 0.069435833849969, 0.698698078115313, 0.7067575945443273, 0.7148171109733416, 1.0]",4.0,2.0,2.0,2.0,2.0,5,-15.497399999999999,8.0,-6.0,hrl_dqn_apf,hierarchical,dqn,-2.050,9.589,7.791,0.00,0.00,0.00,-13.249,9.154,-2.123,0.00,0.00,0.00,-1.633,6.234,1.639,0.00,0.00,0.00,3.763,3.763,3.763
2026-02-04 18:30:48,149.52,31,397,428,7.24%,102.74,2.23%,"[0, 5, 10, 15, 20, 25, 30, 35, 40, 45, 50, 55, 60, 65, 70, 75, 80, 85, 90, 95, 100]","[11, 7, 6, 3, 4, 5, 7, 7, 7, 6, 11, 11, 4, 9, 7, 5, 1013, 12, 13, 465]","[0.006819590824550527, 0.011159330440173589, 0.014879107253564786, 0.016738995660260384, 0.019218846869187848, 0.022318660880347178, 0.026658400495970243, 0.030998140111593304, 0.035337879727216366, 0.03905765654060756, 0.04587724736515809, 0.05269683818970862, 0.05517668939863608, 0.06075635461872288, 0.06509609423434594, 0.06819590824550527, 0.6962182269063856, 0.703657780533168, 0.7117172969621822, 1.0]",4.0,2.0,2.0,2.0,2.0,16,-9.33739,8.0,6.0,hrl_dqn_apf,hierarchical,dqn,-1.089,9.651,7.798,0.00,0.00,0.00,-13.369,9.155,-3.485,0.00,0.00,0.00,-2.008,6.399,1.632,0.00,0.00,0.00,3.760,3.760,3.760
2026-02-04 18:30:49,150.52,31,396,427,7.26%,102.87,2.23%,"[0, 5, 10, 15, 20, 25, 30, 35, 40, 45, 50, 55, 60, 65, 70, 75, 80, 85, 90, 95, 100]","[10, 7, 7, 2, 4, 6, 6, 7, 8, 6, 8, 14, 4, 8, 6, 7, 1013, 13, 11, 466]","[0.006199628022318661, 0.010539367637941723, 0.014879107253564786, 0.016119032858028518, 0.018598884066955982, 0.022318660880347178, 0.026038437693738377, 0.03037817730936144, 0.035337879727216366, 0.03905765654060756, 0.04401735895846249, 0.05269683818970862, 0.05517668939863608, 0.06013639181649101, 0.0638561686298822, 0.06819590824550527, 0.6962182269063856, 0.7042777433353998, 0.7110973341599504, 1.0]",4.0,2.0,2.0,2.0,2.0,14,8.82298,8.0,0.0,hrl_dqn_apf,hierarchical,dqn,-0.362,9.651,7.798,0.00,0.00,0.00,-13.378,9.152,-4.239,0.00,0.00,0.00,-2.694,6.398,1.631,0.00,0.00,0.00,3.757,3.757,3.757
2026-02-04 18:30:50,151.52,30,397,427,7.03%,102.89,2.17%,"[0, 5, 10, 15, 20, 25, 30, 35, 40, 45, 50, 55, 60, 65, 70, 75, 80, 85, 90, 95, 100]","[8, 8, 8, 2, 4, 5, 6, 8, 8, 6, 10, 12, 6, 8, 5, 9, 1009, 18, 9, 464]","[0.0049597024178549285, 0.009919404835709857, 0.014879107253564786, 0.016119032858028518, 0.018598884066955982, 0.02169869807811531, 0.02541847489150651, 0.03037817730936144, 0.035337879727216366, 0.03905765654060756, 0.04525728456292622, 0.05269683818970862, 0.056416615003099815, 0.06137631742095474, 0.06447613143211407, 0.07005579665220087, 0.6955982641041537, 0.7067575945443273, 0.7123372597644141, 1.0]",4.0,2.0,2.0,2.0,2.0,14,8.82298,8.0,0.0,hrl_dqn_apf,hierarchical,dqn,0.392,9.650,7.798,0.00,0.00,0.00,-13.336,9.186,-4.955,0.00,0.00,0.00,-3.437,6.395,1.630,0.00,0.00,0.00,3.754,3.754,3.754
2026-02-04 18:30:51,152.53,32,395,427,7.49%,102.93,2.29%,"[0, 5, 10, 15, 20, 25, 30, 35, 40, 45, 50, 55, 60, 65, 70, 75, 80, 85, 90, 95, 100]","[11, 8, 7, 3, 2, 6, 5, 7, 8, 6, 10, 12, 6, 9, 7, 8, 1007, 18, 11, 462]","[0.006819590824550527, 0.011779293242405457, 0.016119032858028518, 0.017978921264724116, 0.019218846869187848, 0.022938623682579044, 0.026038437693738377, 0.03037817730936144, 0.035337879727216366, 0.03905765654060756, 0.04525728456292622, 0.05269683818970862, 0.056416615003099815, 0.06199628022318661, 0.06633601983880967, 0.0712957222566646, 0.6955982641041537, 0.7067575945443273, 0.7135771853688778, 1.0]",4.0,2.0,2.0,2.0,2.0,2,-3.01706,8.0,-12.0,hrl_dqn_apf,hierarchical,dqn,1.149,9.647,7.797,0.00,0.00,0.00,-12.901,9.235,-5.287,0.00,0.00,0.00,-4.191,6.392,1.629,0.00,0.00,0.00,3.751,3.751,3.751
2026-02-04 18:30:52,153.53,32,395,427,7.49%,103.13,2.29%,"[0, 5, 10, 15, 20, 25, 30, 35, 40, 45, 50, 55, 60, 65, 70, 75, 80, 85, 90, 95, 100]","[11, 9, 6, 4, 3, 4, 5, 7, 7, 9, 9, 12, 8, 5, 10, 8, 1000, 23, 10, 463]","[0.006819590824550527, 0.012399256044637322, 0.016119032858028518, 0.018598884066955982, 0.02045877247365158, 0.022938623682579044, 0.026038437693738377, 0.03037817730936144, 0.0347179169249845, 0.040297582145071294, 0.04587724736515809, 0.053316800991940486, 0.05827650340979541, 0.06137631742095474, 0.0675759454432734, 0.07253564786112833, 0.6924984500929944, 0.7067575945443273, 0.712957222566646, 1.0]",4.0,2.0,2.0,2.0,2.0,9,9.143229999999999,8.0,-6.0,hrl_dqn_apf,hierarchical,dqn,2.480,9.714,7.600,0.00,0.00,0.00,-11.499,9.235,-5.425,0.00,0.00,0.00,-5.301,6.533,1.628,0.00,0.00,0.00,3.748,3.748,3.748
2026-02-04 18:30:53,154.53,32,395,427,7.49%,103.25,2.29%,"[0, 5, 10, 15, 20, 25, 30, 35, 40, 45, 50, 55, 60, 65, 70, 75, 80, 85, 90, 95, 100]","[10, 10, 7, 4, 2, 4, 6, 7, 6, 10, 7, 11, 9, 7, 10, 6, 996, 26, 9, 466]","[0.006199628022318661, 0.012399256044637322, 0.016738995660260384, 0.019218846869187848, 0.02045877247365158, 0.022938623682579044, 0.026658400495970243, 0.030998140111593304, 0.0347179169249845, 0.04091754494730316, 0.04525728456292622, 0.052076875387476754, 0.05765654060756355, 0.06199628022318661, 0.06819590824550527, 0.07191568505889646, 0.689398636081835, 0.7055176689398636, 0.7110973341599504, 1.0]",4.0,2.0,2.0,2.0,2.0,9,9.143229999999999,8.0,-6.0,hrl_dqn_apf,hierarchical,dqn,2.579,9.789,7.122,0.00,0.00,0.00,-10.745,9.232,-5.435,0.00,0.00,0.00,-4.914,6.570,1.628,0.00,0.00,0.00,3.745,3.745,3.745
2026-02-04 18:30:54,155.54,32,395,427,7.49%,103.37,2.29%,"[0, 5, 10, 15, 20, 25, 30, 35, 40, 45, 50, 55, 60, 65, 70, 75, 80, 85, 90, 95, 100]","[10, 8, 8, 6, 1, 4, 6, 6, 7, 11, 7, 9, 12, 7, 8, 6, 997, 26, 9, 465]","[0.006199628022318661, 0.011159330440173589, 0.016119032858028518, 0.019838809671419714, 0.02045877247365158, 0.022938623682579044, 0.026658400495970243, 0.03037817730936144, 0.0347179169249845, 0.041537507749535026, 0.04587724736515809, 0.05145691258524489, 0.05889646621202728, 0.06323620582765034, 0.06819590824550527, 0.07191568505889646, 0.6900185988840669, 0.7061376317420954, 0.7117172969621822, 1.0]",4.0,2.0,2.0,2.0,2.0,21,-8.696349999999999,8.0,12.0,hrl_dqn_apf,hierarchical,dqn,2.133,9.825,6.908,0.00,0.00,0.00,-9.984,9.229,-5.438,0.00,0.00,0.00,-4.257,6.570,1.628,0.00,0.00,0.00,3.742,3.742,3.742
2026-02-04 18:30:55,156.54,34,394,428,7.94%,103.48,2.42%,"[0, 5, 10, 15, 20, 25, 30, 35, 40, 45, 50, 55, 60, 65, 70, 75, 80, 85, 90, 95, 100]","[10, 9, 8, 7, 1, 4, 5, 7, 6, 12, 4, 10, 10, 8, 8, 5, 999, 21, 14, 465]","[0.006199628022318661, 0.011779293242405457, 0.016738995660260384, 0.021078735275883446, 0.02169869807811531, 0.02417854928704278, 0.02727836329820211, 0.03161810291382517, 0.035337879727216366, 0.04277743335399876, 0.04525728456292622, 0.05145691258524489, 0.05765654060756355, 0.06261624302541847, 0.0675759454432734, 0.07067575945443273, 0.6900185988840669, 0.7030378177309361, 0.7117172969621822, 1.0]",4.0,2.0,2.0,2.0,2.0,7,-2.61643,8.0,-6.0,hrl_dqn_apf,hierarchical,dqn,1.444,9.825,6.840,0.00,0.00,0.00,-9.204,9.226,-5.440,0.00,0.00,0.00,-3.506,6.567,1.629,0.00,0.00,0.00,3.739,3.739,3.739
2026-02-04 18:30:56,157.54,34,390,424,8.02%,103.72,2.42%,"[0, 5, 10, 15, 20, 25, 30, 35, 40, 45, 50, 55, 60, 65, 70, 75, 80, 85, 90, 95, 100]","[13, 7, 8, 6, 3, 2, 7, 6, 5, 13, 5, 11, 10, 9, 5, 6, 997, 17, 18, 465]","[0.008059516429014259, 0.012399256044637322, 0.01735895846249225, 0.021078735275883446, 0.022938623682579044, 0.02417854928704278, 0.02851828890266584, 0.032238065716057036, 0.035337879727216366, 0.04339739615623062, 0.04649721016738995, 0.053316800991940486, 0.059516429014259145, 0.06509609423434594, 0.06819590824550527, 0.07191568505889646, 0.6900185988840669, 0.7005579665220086, 0.7117172969621822, 1.0]",4.0,2.0,2.0,2.0,2.0,7,-2.61643,8.0,-6.0,hrl_dqn_apf,hierarchical,dqn,-0.050,9.819,6.815,0.00,0.00,0.00,-8.092,9.249,-5.035,0.00,0.00,0.00,-2.203,6.635,1.415,0.00,0.00,0.00,3.736,3.736,3.736
2026-02-04 18:30:57,158.55,34,392,426,7.98%,103.90,2.42%,"[0, 5, 10, 15, 20, 25, 30, 35, 40, 45, 50, 55, 60, 65, 70, 75, 80, 85, 90, 95, 100]","[13, 6, 8, 7, 2, 3, 6, 5, 8, 11, 7, 8, 12, 10, 4, 6, 993, 21, 16, 467]","[0.008059516429014259, 0.011779293242405457, 0.016738995660260384, 0.021078735275883446, 0.022318660880347178, 0.02417854928704278, 0.027898326100433975, 0.030998140111593304, 0.03595784252944823, 0.04277743335399876, 0.047117172969621826, 0.052076875387476754, 0.059516429014259145, 0.0657160570365778, 0.06819590824550527, 0.07191568505889646, 0.6875387476751394, 0.7005579665220086, 0.7104773713577185, 1.0]",4.0,2.0,2.0,2.0,2.0,6,-8.45605,8.0,-6.0,hrl_dqn_apf,hierarchical,dqn,-0.808,9.816,6.813,0.00,0.00,0.00,-7.361,9.247,-5.000,0.00,0.00,0.00,-2.014,6.651,0.832,0.00,0.00,0.00,3.733,3.733,3.733
2026-02-04 18:30:58,159.56,33,391,424,7.78%,104.06,2.42%,"[0, 5, 10, 15, 20, 25, 30, 35, 40, 45, 50, 55, 60, 65, 70, 75, 80, 85, 90, 95, 100]","[13, 5, 10, 6, 3, 2, 7, 4, 7, 11, 8, 7, 10, 11, 6, 6, 991, 16, 20, 470]","[0.008059516429014259, 0.011159330440173589, 0.01735895846249225, 0.021078735275883446, 0.022938623682579044, 0.02417854928704278, 0.02851828890266584, 0.030998140111593304, 0.035337879727216366, 0.04215747055176689, 0.047117172969621826, 0.05145691258524489, 0.05765654060756355, 0.06447613143211407, 0.06819590824550527, 0.07191568505889646, 0.6862988220706757, 0.6962182269063856, 0.7086174829510229, 1.0]",4.0,2.0,2.0,2.0,2.0,19,9.70429,8.0,6.0,hrl_dqn_apf,hierarchical,dqn,-1.496,9.877,6.813,0.00,0.00,0.00,-6.606,9.244,-4.989,0.00,0.00,0.00,-1.955,6.650,0.119,0.00,0.00,0.00,3.730,3.730,3.730
2026-02-04 18:30:59,160.56,33,389,422,7.82%,104.18,2.42%,"[0, 5, 10, 15, 20, 25, 30, 35, 40, 45, 50, 55, 60, 65, 70, 75, 80, 85, 90, 95, 100]","[12, 6, 7, 8, 4, 2, 6, 4, 7, 11, 9, 5, 9, 14, 6, 5, 991, 16, 22, 469]","[0.007439553626782393, 0.011159330440173589, 0.015499070055796652, 0.02045877247365158, 0.022938623682579044, 0.02417854928704278, 0.027898326100433975, 0.03037817730936144, 0.0347179169249845, 0.041537507749535026, 0.047117172969621826, 0.050216986980781156, 0.05579665220086795, 0.06447613143211407, 0.06819590824550527, 0.0712957222566646, 0.6856788592684439, 0.6955982641041537, 0.7092374457532548, 1.0]",4.0,2.0,2.0,2.0,2.0,19,9.70429,8.0,6.0,hrl_dqn_apf,hierarchical,dqn,-1.418,9.987,6.813,0.00,0.00,0.00,-5.853,9.252,-4.978,0.00,0.00,0.00,-1.943,6.656,-0.624,0.00,0.00,0.00,3.727,3.727,3.727
2026-02-04 18:31:00,161.56,33,393,426,7.75%,104.41,2.42%,"[0, 5, 10, 15, 20, 25, 30, 35, 40, 45, 50, 55, 60, 65, 70, 75, 80, 85, 90, 95, 100]","[9, 9, 6, 8, 6, 1, 5, 5, 8, 9, 11, 4, 10, 13, 7, 6, 987, 19, 14, 476]","[0.005579665220086794, 0.011159330440173589, 0.014879107253564786, 0.019838809671419714, 0.023558586484810913, 0.02417854928704278, 0.02727836329820211, 0.03037817730936144, 0.035337879727216366, 0.04091754494730316, 0.04773713577185369, 0.050216986980781156, 0.056416615003099815, 0.06447613143211407, 0.06881587104773713, 0.07253564786112833, 0.6844389336639801, 0.6962182269063856, 0.7048977061376317, 1.0]",4.0,2.0,2.0,2.0,2.0,16,-8.13581,8.0,6.0,hrl_dqn_apf,hierarchical,dqn,-0.158,9.994,6.813,0.00,0.00,0.00,-5.287,9.329,-4.003,0.00,0.00,0.00,-2.894,6.736,-1.199,0.00,0.00,0.00,3.724,3.724,3.724
2026-02-04 18:31:01,162.56,33,391,424,7.78%,104.52,2.42%,"[0, 5, 10, 15, 20, 25, 30, 35, 40, 45, 50, 55, 60, 65, 70, 75, 80, 85, 90, 95, 100]","[7, 11, 5, 9, 4, 3, 4, 6, 7, 9, 11, 4, 10, 13, 8, 5, 986, 20, 13, 478]","[0.0043397396156230625, 0.011159330440173589, 0.01425914445133292, 0.019838809671419714, 0.022318660880347178, 0.02417854928704278, 0.026658400495970243, 0.03037817730936144, 0.0347179169249845, 0.040297582145071294, 0.047117172969621826, 0.04959702417854929, 0.05579665220086795, 0.0638561686298822, 0.06881587104773713, 0.07191568505889646, 0.6831990080595164, 0.6955982641041537, 0.703657780533168, 1.0]",4.0,2.0,2.0,2.0,2.0,15,-13.97562,8.0,6.0,hrl_dqn_apf,hierarchical,dqn,0.587,9.991,6.812,0.00,0.00,0.00,-5.328,9.588,-3.496,0.00,0.00,0.00,-3.437,6.669,-1.159,0.00,0.00,0.00,3.721,3.721,3.721
2026-02-04 18:31:02,163.56,32,394,426,7.51%,104.60,2.36%,"[0, 5, 10, 15, 20, 25, 30, 35, 40, 45, 50, 55, 60, 65, 70, 75, 80, 85, 90, 95, 100]","[8, 9, 5, 9, 5, 2, 5, 5, 7, 8, 12, 7, 8, 14, 9, 3, 986, 16, 18, 477]","[0.0049597024178549285, 0.010539367637941723, 0.013639181649101054, 0.019218846869187848, 0.022318660880347178, 0.023558586484810913, 0.026658400495970243, 0.029758214507129573, 0.034097954122752634, 0.03905765654060756, 0.04649721016738995, 0.05083694978301302, 0.05579665220086795, 0.06447613143211407, 0.07005579665220087, 0.07191568505889646, 0.6831990080595164, 0.6931184128952262, 0.7042777433353998, 1.0]",4.0,2.0,2.0,2.0,2.0,15,-13.97562,8.0,6.0,hrl_dqn_apf,hierarchical,dqn,1.279,10.047,6.812,0.00,0.00,0.00,-5.660,9.899,-3.666,0.00,0.00,0.00,-3.350,6.463,-0.778,0.00,0.00,0.00,3.718,3.718,3.718
2026-02-04 18:31:03,164.57,33,395,428,7.71%,104.69,2.42%,"[0, 5, 10, 15, 20, 25, 30, 35, 40, 45, 50, 55, 60, 65, 70, 75, 80, 85, 90, 95, 100]","[6, 11, 6, 9, 4, 3, 4, 6, 6, 9, 10, 8, 8, 12, 9, 5, 986, 15, 12, 484]","[0.0037197768133911966, 0.010539367637941723, 0.01425914445133292, 0.019838809671419714, 0.022318660880347178, 0.02417854928704278, 0.026658400495970243, 0.03037817730936144, 0.034097954122752634, 0.03967761934283943, 0.04587724736515809, 0.05083694978301302, 0.05579665220086795, 0.06323620582765034, 0.06881587104773713, 0.07191568505889646, 0.6831990080595164, 0.6924984500929944, 0.6999380037197768, 1.0]",4.0,2.0,2.0,2.0,2.0,16,-7.81501,8.0,6.0,hrl_dqn_apf,hierarchical,dqn,1.222,10.113,6.812,0.00,0.00,0.00,-6.099,10.145,-4.124,0.00,0.00,0.00,-2.994,6.232,-0.252,0.00,0.00,0.00,3.715,3.715,3.715
2026-02-04 18:31:04,165.57,34,393,427,7.96%,104.93,2.48%,"[0, 5, 10, 15, 20, 25, 30, 35, 40, 45, 50, 55, 60, 65, 70, 75, 80, 85, 90, 95, 100]","[6, 8, 7, 8, 6, 5, 4, 5, 6, 9, 10, 10, 5, 11, 13, 4, 980, 17, 15, 484]","[0.0037197768133911966, 0.008679479231246125, 0.013019218846869188, 0.017978921264724116, 0.02169869807811531, 0.024798512089274645, 0.02727836329820211, 0.03037817730936144, 0.034097954122752634, 0.03967761934283943, 0.04587724736515809, 0.052076875387476754, 0.05517668939863608, 0.06199628022318661, 0.07005579665220087, 0.07253564786112833, 0.6800991940483571, 0.6906385616862988, 0.6999380037197768, 1.0]",4.0,2.0,2.0,2.0,2.0,16,-7.81501,8.0,6.0,hrl_dqn_apf,hierarchical,dqn,0.894,9.286,6.812,0.00,0.00,0.00,-6.460,9.870,-3.779,0.00,0.00,0.00,-3.631,6.368,0.180,0.00,0.00,0.00,3.712,3.712,3.712
2026-02-04 18:31:05,166.58,34,393,427,7.96%,105.09,2.48%,"[0, 5, 10, 15, 20, 25, 30, 35, 40, 45, 50, 55, 60, 65, 70, 75, 80, 85, 90, 95, 100]","[5, 8, 8, 7, 6, 6, 3, 6, 5, 10, 9, 10, 4, 13, 11, 6, 978, 18, 16, 484]","[0.0030998140111593306, 0.008059516429014259, 0.013019218846869188, 0.01735895846249225, 0.021078735275883446, 0.024798512089274645, 0.026658400495970243, 0.03037817730936144, 0.03347799132052077, 0.03967761934283943, 0.04525728456292622, 0.05145691258524489, 0.05393676379417235, 0.06199628022318661, 0.06881587104773713, 0.07253564786112833, 0.6788592684438933, 0.6900185988840669, 0.6999380037197768, 1.0]",4.0,2.0,2.0,2.0,2.0,5,-13.65513,8.0,-6.0,hrl_dqn_apf,hierarchical,dqn,0.771,9.150,6.812,0.00,0.00,0.00,-6.509,9.768,-3.671,0.00,0.00,0.00,-4.336,6.369,0.213,0.00,0.00,0.00,3.709,3.709,3.709
2026-02-04 18:31:06,167.58,33,394,427,7.73%,105.24,2.42%,"[0, 5, 10, 15, 20, 25, 30, 35, 40, 45, 50, 55, 60, 65, 70, 75, 80, 85, 90, 95, 100]","[4, 7, 10, 7, 7, 4, 5, 4, 7, 9, 7, 11, 5, 12, 12, 7, 977, 17, 17, 484]","[0.0024798512089274642, 0.006819590824550527, 0.013019218846869188, 0.01735895846249225, 0.02169869807811531, 0.02417854928704278, 0.02727836329820211, 0.029758214507129573, 0.034097954122752634, 0.03967761934283943, 0.04401735895846249, 0.05083694978301302, 0.05393676379417235, 0.06137631742095474, 0.06881587104773713, 0.0731556106633602, 0.6788592684438933, 0.689398636081835, 0.6999380037197768, 1.0]",4.0,2.0,2.0,2.0,2.0,15,-13.49495,8.0,6.0,hrl_dqn_apf,hierarchical,dqn,0.262,9.177,6.812,0.00,0.00,0.00,-6.500,9.832,-3.643,0.00,0.00,0.00,-5.080,6.367,0.223,0.00,0.00,0.00,3.706,3.706,3.706
2026-02-04 18:31:07,168.58,33,394,427,7.73%,105.62,2.42%,"[0, 5, 10, 15, 20, 25, 30, 35, 40, 45, 50, 55, 60, 65, 70, 75, 80, 85, 90, 95, 100]","[6, 5, 10, 6, 7, 5, 5, 4, 7, 8, 7, 10, 7, 11, 10, 9, 970, 23, 13, 490]","[0.0037197768133911966, 0.006819590824550527, 0.013019218846869188, 0.016738995660260384, 0.021078735275883446, 0.02417854928704278, 0.02727836329820211, 0.029758214507129573, 0.034097954122752634, 0.03905765654060756, 0.04339739615623062, 0.04959702417854929, 0.05393676379417235, 0.06075635461872288, 0.06695598264104154, 0.07253564786112833, 0.6738995660260384, 0.6881587104773713, 0.6962182269063856, 1.0]",4.0,2.0,2.0,2.0,2.0,15,-13.49495,8.0,6.0,hrl_dqn_apf,hierarchical,dqn,-0.884,9.257,7.108,0.00,0.00,0.00,-6.519,9.953,-3.632,0.00,0.00,0.00,-6.601,6.361,0.225,0.00,0.00,0.00,3.703,3.703,3.703
2026-02-04 18:31:08,169.59,32,396,428,7.48%,105.81,2.36%,"[0, 5, 10, 15, 20, 25, 30, 35, 40, 45, 50, 55, 60, 65, 70, 75, 80, 85, 90, 95, 100]","[7, 4, 9, 6, 7, 5, 6, 4, 6, 8, 7, 9, 9, 8, 11, 10, 971, 22, 12, 492]","[0.0043397396156230625, 0.006819590824550527, 0.012399256044637322, 0.016119032858028518, 0.02045877247365158, 0.023558586484810913, 0.02727836329820211, 0.029758214507129573, 0.03347799132052077, 0.038437693738375696, 0.04277743335399876, 0.04835709857408556, 0.05393676379417235, 0.05889646621202728, 0.0657160570365778, 0.07191568505889646, 0.6738995660260384, 0.6875387476751394, 0.6949783013019218, 1.0]",4.0,2.0,2.0,2.0,2.0,23,4.66526,8.0,12.0,hrl_dqn_apf,hierarchical,dqn,-0.855,9.338,7.551,0.00,0.00,0.00,-6.512,10.011,-3.631,0.00,0.00,0.00,-7.361,6.358,0.224,0.00,0.00,0.00,3.700,3.700,3.700
2026-02-04 18:31:09,170.59,33,393,426,7.75%,105.95,2.42%,"[0, 5, 10, 15, 20, 25, 30, 35, 40, 45, 50, 55, 60, 65, 70, 75, 80, 85, 90, 95, 100]","[7, 3, 9, 8, 6, 6, 7, 3, 6, 8, 7, 9, 10, 8, 10, 10, 970, 16, 15, 495]","[0.0043397396156230625, 0.006199628022318661, 0.011779293242405457, 0.016738995660260384, 0.02045877247365158, 0.02417854928704278, 0.02851828890266584, 0.03037817730936144, 0.034097954122752634, 0.03905765654060756, 0.04339739615623062, 0.048977061376317424, 0.05517668939863608, 0.06013639181649101, 0.06633601983880967, 0.07253564786112833, 0.6738995660260384, 0.6838189708617483, 0.6931184128952262, 1.0]",4.0,2.0,2.0,2.0,2.0,14,10.82544,8.0,0.0,hrl_dqn_apf,hierarchical,dqn,-0.337,9.360,7.719,0.00,0.00,0.00,-6.497,9.765,-3.631,0.00,0.00,0.00,-8.121,6.355,0.224,0.00,0.00,0.00,3.697,3.697,3.697
2026-02-04 18:31:10,171.59,32,392,424,7.55%,106.13,2.36%,"[0, 5, 10, 15, 20, 25, 30, 35, 40, 45, 50, 55, 60, 65, 70, 75, 80, 85, 90, 95, 100]","[8, 3, 7, 9, 5, 6, 8, 2, 7, 7, 8, 9, 11, 6, 12, 7, 972, 14, 15, 497]","[0.0049597024178549285, 0.006819590824550527, 0.011159330440173589, 0.016738995660260384, 0.019838809671419714, 0.023558586484810913, 0.02851828890266584, 0.029758214507129573, 0.034097954122752634, 0.038437693738375696, 0.04339739615623062, 0.048977061376317424, 0.05579665220086795, 0.059516429014259145, 0.06695598264104154, 0.0712957222566646, 0.6738995660260384, 0.6825790452572845, 0.6918784872907625, 1.0]",4.0,2.0,2.0,2.0,2.0,14,10.82544,8.0,0.0,hrl_dqn_apf,hierarchical,dqn,0.375,9.359,7.772,0.00,0.00,0.00,-6.451,9.539,-3.631,0.00,0.00,0.00,-8.813,6.423,0.223,0.00,0.00,0.00,3.694,3.694,3.694
2026-02-04 18:31:11,172.59,34,390,424,8.02%,106.47,2.48%,"[0, 5, 10, 15, 20, 25, 30, 35, 40, 45, 50, 55, 60, 65, 70, 75, 80, 85, 90, 95, 100]","[9, 2, 5, 12, 3, 9, 6, 4, 6, 9, 8, 4, 12, 7, 10, 8, 967, 15, 16, 501]","[0.005579665220086794, 0.006819590824550527, 0.009919404835709857, 0.01735895846249225, 0.019218846869187848, 0.024798512089274645, 0.02851828890266584, 0.030998140111593304, 0.0347179169249845, 0.040297582145071294, 0.04525728456292622, 0.04773713577185369, 0.05517668939863608, 0.059516429014259145, 0.0657160570365778, 0.07067575945443273, 0.6701797892126472, 0.6794792312461252, 0.689398636081835, 1.0]",4.0,2.0,2.0,2.0,2.0,18,4.9857700000000005,8.0,6.0,hrl_dqn_apf,hierarchical,dqn,1.878,9.353,7.792,0.00,0.00,0.00,-5.328,9.576,-3.631,0.00,0.00,0.00,-8.144,6.535,0.222,0.00,0.00,0.00,3.691,3.691,3.691
2026-02-04 18:31:13,174.61,34,384,418,8.13%,106.62,2.48%,"[0, 5, 10, 15, 20, 25, 30, 35, 40, 45, 50, 55, 60, 65, 70, 75, 80, 85, 90, 95, 100]","[11, 3, 4, 11, 4, 7, 6, 4, 6, 8, 8, 5, 11, 8, 8, 9, 967, 13, 19, 501]","[0.006819590824550527, 0.008679479231246125, 0.011159330440173589, 0.017978921264724116, 0.02045877247365158, 0.024798512089274645, 0.02851828890266584, 0.030998140111593304, 0.0347179169249845, 0.03967761934283943, 0.044637321760694355, 0.04773713577185369, 0.05455672659640422, 0.059516429014259145, 0.06447613143211407, 0.07005579665220087, 0.6695598264104153, 0.6776193428394296, 0.689398636081835, 1.0]",4.0,2.0,2.0,2.0,2.0,13,5.06613,8.0,0.0,hrl_dqn_apf,hierarchical,dqn,2.456,9.421,7.608,0.00,0.00,0.00,-4.592,9.574,-3.631,0.00,0.00,0.00,-7.437,6.533,0.223,0.00,0.00,0.00,3.685,3.685,3.685
2026-02-04 18:31:14,175.61,30,396,426,7.04%,106.96,2.23%,"[0, 5, 10, 15, 20, 25, 30, 35, 40, 45, 50, 55, 60, 65, 70, 75, 80, 85, 90, 95, 100]","[11, 3, 2, 11, 4, 5, 9, 5, 4, 8, 8, 6, 10, 10, 6, 8, 969, 14, 12, 508]","[0.006819590824550527, 0.008679479231246125, 0.009919404835709857, 0.016738995660260384, 0.019218846869187848, 0.022318660880347178, 0.027898326100433975, 0.030998140111593304, 0.03347799132052077, 0.038437693738375696, 0.04339739615623062, 0.047117172969621826, 0.053316800991940486, 0.059516429014259145, 0.06323620582765034, 0.06819590824550527, 0.6689398636081835, 0.6776193428394296, 0.685058896466212, 1.0]",4.0,2.0,2.0,2.0,2.0,13,5.06613,8.0,0.0,hrl_dqn_apf,hierarchical,dqn,2.673,9.382,7.001,0.00,0.00,0.00,-3.082,9.537,-3.632,0.00,0.00,0.00,-5.933,6.527,0.224,0.00,0.00,0.00,3.682,3.682,3.682
2026-02-04 18:31:15,176.61,31,395,426,7.28%,107.20,2.29%,"[0, 5, 10, 15, 20, 25, 30, 35, 40, 45, 50, 55, 60, 65, 70, 75, 80, 85, 90, 95, 100]","[11, 4, 1, 7, 8, 6, 9, 5, 3, 7, 9, 7, 7, 12, 5, 9, 964, 14, 16, 509]","[0.006819590824550527, 0.009299442033477991, 0.009919404835709857, 0.01425914445133292, 0.019218846869187848, 0.022938623682579044, 0.02851828890266584, 0.03161810291382517, 0.03347799132052077, 0.03781773093614383, 0.04339739615623062, 0.04773713577185369, 0.052076875387476754, 0.059516429014259145, 0.06261624302541847, 0.06819590824550527, 0.6658400495970241, 0.6745195288282703, 0.6844389336639801, 1.0]",4.0,2.0,2.0,2.0,2.0,24,11.22617,8.0,12.0,hrl_dqn_apf,hierarchical,dqn,2.646,9.346,6.004,0.00,0.00,0.00,-1.856,9.539,-3.345,0.00,0.00,0.00,-4.410,6.521,0.226,0.00,0.00,0.00,3.679,3.679,3.679
2026-02-04 18:31:16,177.62,30,398,428,7.01%,107.31,2.23%,"[0, 5, 10, 15, 20, 25, 30, 35, 40, 45, 50, 55, 60, 65, 70, 75, 80, 85, 90, 95, 100]","[11, 5, 1, 6, 9, 4, 10, 4, 5, 7, 10, 7, 4, 15, 4, 9, 962, 16, 13, 511]","[0.006819590824550527, 0.009919404835709857, 0.010539367637941723, 0.01425914445133292, 0.019838809671419714, 0.022318660880347178, 0.02851828890266584, 0.030998140111593304, 0.034097954122752634, 0.038437693738375696, 0.044637321760694355, 0.048977061376317424, 0.05145691258524489, 0.06075635461872288, 0.06323620582765034, 0.06881587104773713, 0.6652200867947923, 0.6751394916305021, 0.6831990080595164, 1.0]",4.0,2.0,2.0,2.0,2.0,3,5.54656,8.0,-12.0,hrl_dqn_apf,hierarchical,dqn,2.644,9.335,5.275,0.00,0.00,0.00,-1.697,9.541,-2.729,0.00,0.00,0.00,-3.816,6.587,0.055,0.00,0.00,0.00,3.676,3.676,3.676
2026-02-04 18:31:17,178.71,30,397,427,7.03%,107.44,2.23%,"[0, 5, 10, 15, 20, 25, 30, 35, 40, 45, 50, 55, 60, 65, 70, 75, 80, 85, 90, 95, 100]","[10, 7, 1, 5, 9, 4, 10, 5, 4, 8, 8, 7, 5, 14, 5, 7, 964, 16, 8, 516]","[0.006199628022318661, 0.010539367637941723, 0.011159330440173589, 0.01425914445133292, 0.019838809671419714, 0.022318660880347178, 0.02851828890266584, 0.03161810291382517, 0.034097954122752634, 0.03905765654060756, 0.04401735895846249, 0.04835709857408556, 0.05145691258524489, 0.06013639181649101, 0.06323620582765034, 0.0675759454432734, 0.6652200867947923, 0.6751394916305021, 0.6800991940483571, 1.0]",4.0,2.0,2.0,2.0,2.0,3,5.54656,8.0,-12.0,hrl_dqn_apf,hierarchical,dqn,2.643,9.329,4.524,0.00,0.00,0.00,-1.596,9.765,-2.165,0.00,0.00,0.00,-3.650,6.526,-0.359,0.00,0.00,0.00,3.674,3.674,3.674
2026-02-04 18:31:18,179.72,28,399,427,6.56%,107.57,2.11%,"[0, 5, 10, 15, 20, 25, 30, 35, 40, 45, 50, 55, 60, 65, 70, 75, 80, 85, 90, 95, 100]","[7, 10, 1, 4, 9, 3, 13, 4, 5, 7, 9, 6, 6, 13, 6, 7, 957, 21, 10, 515]","[0.0043397396156230625, 0.010539367637941723, 0.011159330440173589, 0.013639181649101054, 0.019218846869187848, 0.021078735275883446, 0.029138251704897707, 0.03161810291382517, 0.0347179169249845, 0.03905765654060756, 0.044637321760694355, 0.04835709857408556, 0.052076875387476754, 0.06013639181649101, 0.0638561686298822, 0.06819590824550527, 0.6615003099814011, 0.6745195288282703, 0.6807191568505889, 1.0]",4.0,2.0,2.0,2.0,2.0,4,11.62677,8.0,-12.0,hrl_dqn_apf,hierarchical,dqn,2.643,9.301,3.767,0.00,0.00,0.00,-1.284,10.070,-2.284,0.00,0.00,0.00,-3.876,6.298,-0.201,0.00,0.00,0.00,3.670,3.670,3.670
2026-02-04 18:31:19,180.72,28,399,427,6.56%,107.80,2.11%,"[0, 5, 10, 15, 20, 25, 30, 35, 40, 45, 50, 55, 60, 65, 70, 75, 80, 85, 90, 95, 100]","[7, 10, 2, 3, 7, 5, 9, 6, 7, 5, 9, 7, 6, 11, 9, 4, 958, 22, 12, 514]","[0.0043397396156230625, 0.010539367637941723, 0.011779293242405457, 0.013639181649101054, 0.017978921264724116, 0.021078735275883446, 0.026658400495970243, 0.03037817730936144, 0.0347179169249845, 0.03781773093614383, 0.04339739615623062, 0.04773713577185369, 0.05145691258524489, 0.05827650340979541, 0.0638561686298822, 0.06633601983880967, 0.6602603843769373, 0.6738995660260384, 0.6813391196528208, 1.0]",4.0,2.0,2.0,2.0,2.0,4,11.62677,8.0,-12.0,hrl_dqn_apf,hierarchical,dqn,2.642,9.216,2.276,0.00,0.00,0.00,-0.435,9.975,-3.035,0.00,0.00,0.00,-4.674,6.004,0.322,0.00,0.00,0.00,3.667,3.667,3.667
2026-02-04 18:31:20,181.72,28,399,427,6.56%,107.87,2.11%,"[0, 5, 10, 15, 20, 25, 30, 35, 40, 45, 50, 55, 60, 65, 70, 75, 80, 85, 90, 95, 100]","[6, 10, 3, 2, 6, 7, 9, 7, 6, 6, 8, 7, 7, 10, 10, 3, 955, 24, 9, 518]","[0.0037197768133911966, 0.009919404835709857, 0.011779293242405457, 0.013019218846869188, 0.016738995660260384, 0.021078735275883446, 0.026658400495970243, 0.030998140111593304, 0.0347179169249845, 0.038437693738375696, 0.04339739615623062, 0.04773713577185369, 0.052076875387476754, 0.05827650340979541, 0.06447613143211407, 0.06633601983880967, 0.6584004959702418, 0.6732796032238065, 0.6788592684438933, 1.0]",4.0,2.0,2.0,2.0,2.0,1,-6.133,8.0,-12.0,hrl_dqn_apf,hierarchical,dqn,2.642,9.203,1.515,0.00,0.00,0.00,-0.301,9.841,-3.275,0.00,0.00,0.00,-4.805,6.028,-0.153,0.00,0.00,0.00,3.664,3.664,3.664
2026-02-04 18:31:22,182.73,29,398,427,6.79%,107.95,2.17%,"[0, 5, 10, 15, 20, 25, 30, 35, 40, 45, 50, 55, 60, 65, 70, 75, 80, 85, 90, 95, 100]","[6, 9, 5, 2, 5, 8, 8, 8, 5, 7, 7, 8, 7, 9, 11, 2, 953, 23, 12, 518]","[0.0037197768133911966, 0.009299442033477991, 0.012399256044637322, 0.013639181649101054, 0.016738995660260384, 0.02169869807811531, 0.026658400495970243, 0.03161810291382517, 0.0347179169249845, 0.03905765654060756, 0.04339739615623062, 0.04835709857408556, 0.05269683818970862, 0.05827650340979541, 0.06509609423434594, 0.06633601983880967, 0.657160570365778, 0.6714197148171109, 0.6788592684438933, 1.0]",4.0,2.0,2.0,2.0,2.0,23,6.02729,8.0,12.0,hrl_dqn_apf,hierarchical,dqn,2.641,9.196,0.755,0.00,0.00,0.00,-0.262,9.848,-3.833,0.00,0.00,0.00,-4.845,6.088,-0.743,0.00,0.00,0.00,3.661,3.661,3.661
2026-02-04 18:31:23,183.73,28,400,428,6.54%,108.01,2.11%,"[0, 5, 10, 15, 20, 25, 30, 35, 40, 45, 50, 55, 60, 65, 70, 75, 80, 85, 90, 95, 100]","[6, 8, 6, 2, 3, 9, 7, 9, 6, 6, 8, 7, 7, 8, 12, 3, 950, 26, 13, 517]","[0.0037197768133911966, 0.008679479231246125, 0.012399256044637322, 0.013639181649101054, 0.015499070055796652, 0.021078735275883446, 0.02541847489150651, 0.030998140111593304, 0.0347179169249845, 0.038437693738375696, 0.04339739615623062, 0.04773713577185369, 0.052076875387476754, 0.05703657780533168, 0.06447613143211407, 0.06633601983880967, 0.6553006819590824, 0.6714197148171109, 0.6794792312461252, 1.0]",4.0,2.0,2.0,2.0,2.0,23,6.02729,8.0,12.0,hrl_dqn_apf,hierarchical,dqn,2.641,9.213,0.012,0.00,0.00,0.00,-0.250,9.846,-4.536,0.00,0.00,0.00,-4.857,6.183,-0.616,0.00,0.00,0.00,3.658,3.658,3.658
2026-02-04 18:31:24,184.73,27,397,424,6.37%,108.20,2.05%,"[0, 5, 10, 15, 20, 25, 30, 35, 40, 45, 50, 55, 60, 65, 70, 75, 80, 85, 90, 95, 100]","[7, 6, 9, 2, 1, 8, 7, 9, 6, 8, 7, 7, 7, 10, 10, 5, 948, 18, 21, 517]","[0.0043397396156230625, 0.008059516429014259, 0.013639181649101054, 0.014879107253564786, 0.015499070055796652, 0.02045877247365158, 0.024798512089274645, 0.03037817730936144, 0.034097954122752634, 0.03905765654060756, 0.04339739615623062, 0.04773713577185369, 0.052076875387476754, 0.05827650340979541, 0.06447613143211407, 0.0675759454432734, 0.6553006819590824, 0.666460012399256, 0.6794792312461252, 1.0]",4.0,2.0,2.0,2.0,2.0,23,6.18775,8.0,12.0,hrl_dqn_apf,hierarchical,dqn,2.641,9.373,0.440,0.00,0.00,0.00,-0.246,9.839,-6.059,0.00,0.00,0.00,-4.863,6.188,0.686,0.00,0.00,0.00,3.655,3.655,3.655
2026-02-04 18:31:25,185.73,26,400,426,6.10%,108.31,1.98%,"[0, 5, 10, 15, 20, 25, 30, 35, 40, 45, 50, 55, 60, 65, 70, 75, 80, 85, 90, 95, 100]","[6, 6, 9, 3, 1, 7, 7, 10, 6, 9, 6, 7, 8, 9, 10, 6, 942, 25, 19, 517]","[0.0037197768133911966, 0.007439553626782393, 0.013019218846869188, 0.014879107253564786, 0.015499070055796652, 0.019838809671419714, 0.02417854928704278, 0.03037817730936144, 0.034097954122752634, 0.03967761934283943, 0.04339739615623062, 0.04773713577185369, 0.05269683818970862, 0.05827650340979541, 0.06447613143211407, 0.06819590824550527, 0.6522008679479231, 0.6676999380037197, 0.6794792312461252, 1.0]",4.0,2.0,2.0,2.0,2.0,2,0.34783,8.0,-12.0,hrl_dqn_apf,hierarchical,dqn,2.641,9.371,1.133,0.00,0.00,0.00,-0.246,9.836,-6.821,0.00,0.00,0.00,-4.864,6.185,1.436,0.00,0.00,0.00,3.652,3.652,3.652
2026-02-04 18:31:26,186.73,28,396,424,6.60%,108.41,2.11%,"[0, 5, 10, 15, 20, 25, 30, 35, 40, 45, 50, 55, 60, 65, 70, 75, 80, 85, 90, 95, 100]","[7, 6, 10, 4, 1, 6, 7, 7, 7, 8, 6, 7, 8, 10, 9, 7, 941, 25, 18, 519]","[0.0043397396156230625, 0.008059516429014259, 0.01425914445133292, 0.016738995660260384, 0.01735895846249225, 0.021078735275883446, 0.02541847489150651, 0.029758214507129573, 0.034097954122752634, 0.03905765654060756, 0.04277743335399876, 0.047117172969621826, 0.052076875387476754, 0.05827650340979541, 0.0638561686298822, 0.06819590824550527, 0.6515809051456912, 0.6670799752014879, 0.6782393056416615, 1.0]",4.0,2.0,2.0,2.0,2.0,2,0.34783,8.0,-12.0,hrl_dqn_apf,hierarchical,dqn,2.641,9.368,1.874,0.00,0.00,0.00,-0.246,9.833,-7.581,0.00,0.00,0.00,-4.820,6.218,2.148,0.00,0.00,0.00,3.649,3.649,3.649
2026-02-04 18:31:27,187.74,26,396,422,6.16%,108.53,1.98%,"[0, 5, 10, 15, 20, 25, 30, 35, 40, 45, 50, 55, 60, 65, 70, 75, 80, 85, 90, 95, 100]","[9, 5, 8, 5, 0, 5, 9, 6, 8, 7, 7, 7, 10, 10, 7, 9, 940, 20, 20, 521]","[0.005579665220086794, 0.008679479231246125, 0.013639181649101054, 0.016738995660260384, 0.016738995660260384, 0.019838809671419714, 0.02541847489150651, 0.029138251704897707, 0.034097954122752634, 0.038437693738375696, 0.04277743335399876, 0.047117172969621826, 0.053316800991940486, 0.059516429014259145, 0.0638561686298822, 0.069435833849969, 0.6522008679479231, 0.6646001239925604, 0.6769993800371977, 1.0]",4.0,2.0,2.0,2.0,2.0,12,0.428,8.0,0.0,hrl_dqn_apf,hierarchical,dqn,2.641,9.365,2.629,0.00,0.00,0.00,-0.247,9.830,-8.342,0.00,0.00,0.00,-4.385,6.268,2.480,0.00,0.00,0.00,3.646,3.646,3.646
2026-02-04 18:31:28,188.74,26,400,426,6.10%,108.74,1.98%,"[0, 5, 10, 15, 20, 25, 30, 35, 40, 45, 50, 55, 60, 65, 70, 75, 80, 85, 90, 95, 100]","[9, 5, 5, 10, 0, 3, 10, 6, 8, 7, 7, 7, 9, 11, 7, 8, 941, 17, 17, 526]","[0.005579665220086794, 0.008679479231246125, 0.011779293242405457, 0.017978921264724116, 0.017978921264724116, 0.019838809671419714, 0.026038437693738377, 0.029758214507129573, 0.0347179169249845, 0.03905765654060756, 0.04339739615623062, 0.04773713577185369, 0.053316800991940486, 0.06013639181649101, 0.06447613143211407, 0.069435833849969, 0.652820830750155, 0.6633601983880967, 0.6738995660260384, 1.0]",4.0,2.0,2.0,2.0,2.0,8,6.58836,8.0,-6.0,hrl_dqn_apf,hierarchical,dqn,2.642,9.510,3.695,0.00,0.00,0.00,-0.247,9.824,-9.865,0.00,0.00,0.00,-2.982,6.268,2.618,0.00,0.00,0.00,3.643,3.643,3.643
2026-02-04 18:31:29,189.75,25,399,424,5.90%,108.87,1.92%,"[0, 5, 10, 15, 20, 25, 30, 35, 40, 45, 50, 55, 60, 65, 70, 75, 80, 85, 90, 95, 100]","[8, 6, 5, 10, 0, 2, 10, 6, 8, 8, 8, 7, 7, 12, 8, 6, 943, 15, 17, 527]","[0.0049597024178549285, 0.008679479231246125, 0.011779293242405457, 0.017978921264724116, 0.017978921264724116, 0.019218846869187848, 0.02541847489150651, 0.029138251704897707, 0.034097954122752634, 0.03905765654060756, 0.04401735895846249, 0.04835709857408556, 0.05269683818970862, 0.06013639181649101, 0.06509609423434594, 0.06881587104773713, 0.6534407935523868, 0.6627402355858648, 0.6732796032238065, 1.0]",4.0,2.0,2.0,2.0,2.0,8,6.58836,8.0,-6.0,hrl_dqn_apf,hierarchical,dqn,2.642,9.543,3.284,0.00,0.00,0.00,-0.248,9.938,-10.401,0.00,0.00,0.00,-2.225,6.265,2.628,0.00,0.00,0.00,3.640,3.640,3.640
2026-02-04 18:31:30,190.75,25,401,426,5.87%,108.96,1.92%,"[0, 5, 10, 15, 20, 25, 30, 35, 40, 45, 50, 55, 60, 65, 70, 75, 80, 85, 90, 95, 100]","[8, 6, 5, 10, 1, 1, 10, 6, 7, 8, 9, 6, 7, 13, 8, 7, 942, 11, 20, 528]","[0.0049597024178549285, 0.008679479231246125, 0.011779293242405457, 0.017978921264724116, 0.018598884066955982, 0.019218846869187848, 0.02541847489150651, 0.029138251704897707, 0.03347799132052077, 0.038437693738375696, 0.04401735895846249, 0.04773713577185369, 0.052076875387476754, 0.06013639181649101, 0.06509609423434594, 0.069435833849969, 0.6534407935523868, 0.6602603843769373, 0.6726596404215747, 1.0]",4.0,2.0,2.0,2.0,2.0,7,0.74853,8.0,-6.0,hrl_dqn_apf,hierarchical,dqn,2.642,9.543,2.620,0.00,0.00,0.00,-0.248,10.001,-10.134,0.00,0.00,0.00,-1.464,6.262,2.633,0.00,0.00,0.00,3.637,3.637,3.637
2026-02-04 18:31:31,191.76,26,402,428,6.07%,109.12,1.98%,"[0, 5, 10, 15, 20, 25, 30, 35, 40, 45, 50, 55, 60, 65, 70, 75, 80, 85, 90, 95, 100]","[9, 6, 5, 10, 1, 1, 9, 6, 7, 9, 8, 5, 9, 11, 10, 5, 941, 11, 20, 530]","[0.005579665220086794, 0.009299442033477991, 0.012399256044637322, 0.018598884066955982, 0.019218846869187848, 0.019838809671419714, 0.02541847489150651, 0.029138251704897707, 0.03347799132052077, 0.03905765654060756, 0.04401735895846249, 0.047117172969621826, 0.05269683818970862, 0.059516429014259145, 0.0657160570365778, 0.06881587104773713, 0.6522008679479231, 0.6590204587724736, 0.6714197148171109, 1.0]",4.0,2.0,2.0,2.0,2.0,23,6.90869,8.0,12.0,hrl_dqn_apf,hierarchical,dqn,2.642,9.540,1.887,0.00,0.00,0.00,-0.248,9.941,-9.522,0.00,0.00,0.00,-0.710,6.267,2.641,0.00,0.00,0.00,3.634,3.634,3.634
2026-02-04 18:31:32,192.76,26,401,427,6.09%,109.37,1.98%,"[0, 5, 10, 15, 20, 25, 30, 35, 40, 45, 50, 55, 60, 65, 70, 75, 80, 85, 90, 95, 100]","[9, 6, 3, 9, 5, 0, 7, 9, 5, 11, 7, 6, 7, 12, 11, 3, 938, 15, 14, 536]","[0.005579665220086794, 0.009299442033477991, 0.011159330440173589, 0.016738995660260384, 0.019838809671419714, 0.019838809671419714, 0.02417854928704278, 0.029758214507129573, 0.0328580285182889, 0.03967761934283943, 0.04401735895846249, 0.04773713577185369, 0.052076875387476754, 0.059516429014259145, 0.06633601983880967, 0.06819590824550527, 0.6497210167389956, 0.6590204587724736, 0.6676999380037197, 1.0]",4.0,2.0,2.0,2.0,2.0,23,6.90869,8.0,12.0,hrl_dqn_apf,hierarchical,dqn,2.855,9.853,0.540,0.00,0.00,0.00,-0.248,9.535,-8.776,0.00,0.00,0.00,-0.319,6.151,3.437,0.00,0.00,0.00,3.630,3.630,3.630
2026-02-04 18:31:33,193.77,26,401,427,6.09%,109.51,1.98%,"[0, 5, 10, 15, 20, 25, 30, 35, 40, 45, 50, 55, 60, 65, 70, 75, 80, 85, 90, 95, 100]","[9, 6, 4, 6, 7, 0, 6, 9, 6, 10, 7, 6, 8, 11, 12, 4, 933, 19, 13, 537]","[0.005579665220086794, 0.009299442033477991, 0.011779293242405457, 0.015499070055796652, 0.019838809671419714, 0.019838809671419714, 0.023558586484810913, 0.029138251704897707, 0.0328580285182889, 0.03905765654060756, 0.04339739615623062, 0.047117172969621826, 0.052076875387476754, 0.05889646621202728, 0.06633601983880967, 0.06881587104773713, 0.6472411655300682, 0.6590204587724736, 0.6670799752014879, 1.0]",4.0,2.0,2.0,2.0,2.0,0,-10.931000000000001,8.0,-12.0,hrl_dqn_apf,hierarchical,dqn,3.211,10.039,0.248,0.00,0.00,0.00,-0.248,9.545,-8.157,0.00,0.00,0.00,-0.738,6.083,3.799,0.00,0.00,0.00,3.628,3.628,3.628
2026-02-04 18:31:34,194.77,28,405,433,6.47%,109.63,2.11%,"[0, 5, 10, 15, 20, 25, 30, 35, 40, 45, 50, 55, 60, 65, 70, 75, 80, 85, 90, 95, 100]","[10, 7, 3, 6, 8, 0, 5, 10, 6, 10, 8, 6, 5, 10, 12, 5, 932, 20, 11, 539]","[0.006199628022318661, 0.010539367637941723, 0.012399256044637322, 0.016119032858028518, 0.021078735275883446, 0.021078735275883446, 0.02417854928704278, 0.03037817730936144, 0.034097954122752634, 0.040297582145071294, 0.04525728456292622, 0.048977061376317424, 0.052076875387476754, 0.05827650340979541, 0.0657160570365778, 0.06881587104773713, 0.6466212027278363, 0.6590204587724736, 0.6658400495970241, 1.0]",4.0,2.0,2.0,2.0,2.0,2,1.22892,8.0,-12.0,hrl_dqn_apf,hierarchical,dqn,2.940,9.913,0.141,0.00,0.00,0.00,-0.247,9.610,-7.517,0.00,0.00,0.00,-0.927,6.101,4.404,0.00,0.00,0.00,3.625,3.625,3.625
2026-02-04 18:31:35,195.77,29,398,427,6.79%,109.81,2.17%,"[0, 5, 10, 15, 20, 25, 30, 35, 40, 45, 50, 55, 60, 65, 70, 75, 80, 85, 90, 95, 100]","[10, 6, 4, 6, 8, 1, 4, 9, 7, 8, 8, 8, 5, 9, 12, 5, 931, 20, 11, 541]","[0.006199628022318661, 0.009919404835709857, 0.012399256044637322, 0.016119032858028518, 0.021078735275883446, 0.02169869807811531, 0.02417854928704278, 0.029758214507129573, 0.034097954122752634, 0.03905765654060756, 0.04401735895846249, 0.048977061376317424, 0.052076875387476754, 0.05765654060756355, 0.06509609423434594, 0.06819590824550527, 0.6453812771233726, 0.6577805331680099, 0.6646001239925604, 1.0]",4.0,2.0,2.0,2.0,2.0,2,1.22892,8.0,-12.0,hrl_dqn_apf,hierarchical,dqn,2.730,9.558,0.106,0.00,0.00,0.00,-0.247,9.713,-7.621,0.00,0.00,0.00,-0.982,6.110,5.115,0.00,0.00,0.00,3.621,3.621,3.621
2026-02-04 18:31:36,196.78,30,397,427,7.03%,110.15,2.23%,"[0, 5, 10, 15, 20, 25, 30, 35, 40, 45, 50, 55, 60, 65, 70, 75, 80, 85, 90, 95, 100]","[9, 7, 5, 5, 8, 2, 3, 7, 10, 7, 9, 7, 5, 8, 11, 7, 924, 25, 7, 547]","[0.005579665220086794, 0.009919404835709857, 0.013019218846869188, 0.016119032858028518, 0.021078735275883446, 0.022318660880347178, 0.02417854928704278, 0.02851828890266584, 0.0347179169249845, 0.03905765654060756, 0.044637321760694355, 0.048977061376317424, 0.052076875387476754, 0.05703657780533168, 0.0638561686298822, 0.06819590824550527, 0.6410415375077495, 0.6565406075635462, 0.6608803471791692, 1.0]",4.0,2.0,2.0,2.0,2.0,19,13.38916,8.0,6.0,hrl_dqn_apf,hierarchical,dqn,1.693,9.598,0.093,0.00,0.00,0.00,-0.247,9.720,-8.894,0.00,0.00,0.00,-0.055,6.194,5.689,0.00,0.00,0.00,3.619,3.619,3.619
2026-02-04 18:31:37,197.78,31,397,428,7.24%,110.27,2.29%,"[0, 5, 10, 15, 20, 25, 30, 35, 40, 45, 50, 55, 60, 65, 70, 75, 80, 85, 90, 95, 100]","[9, 8, 5, 4, 8, 3, 3, 6, 11, 6, 10, 5, 6, 8, 10, 8, 923, 22, 12, 546]","[0.005579665220086794, 0.010539367637941723, 0.013639181649101054, 0.016119032858028518, 0.021078735275883446, 0.022938623682579044, 0.024798512089274645, 0.02851828890266584, 0.035337879727216366, 0.03905765654060756, 0.04525728456292622, 0.04835709857408556, 0.052076875387476754, 0.05703657780533168, 0.06323620582765034, 0.06819590824550527, 0.6404215747055176, 0.6540607563546187, 0.6615003099814011, 1.0]",4.0,2.0,2.0,2.0,2.0,5,-10.45028,8.0,-6.0,hrl_dqn_apf,hierarchical,dqn,0.961,9.598,0.092,0.00,0.00,0.00,-0.248,9.717,-9.642,0.00,0.00,0.00,0.670,6.192,5.733,0.00,0.00,0.00,3.615,3.615,3.615
2026-02-04 18:31:38,198.79,31,393,424,7.31%,110.40,2.29%,"[0, 5, 10, 15, 20, 25, 30, 35, 40, 45, 50, 55, 60, 65, 70, 75, 80, 85, 90, 95, 100]","[9, 8, 5, 5, 5, 5, 3, 5, 12, 6, 10, 7, 5, 9, 9, 7, 924, 19, 13, 547]","[0.005579665220086794, 0.010539367637941723, 0.013639181649101054, 0.016738995660260384, 0.019838809671419714, 0.022938623682579044, 0.024798512089274645, 0.027898326100433975, 0.035337879727216366, 0.03905765654060756, 0.04525728456292622, 0.04959702417854929, 0.05269683818970862, 0.05827650340979541, 0.0638561686298822, 0.06819590824550527, 0.6410415375077495, 0.652820830750155, 0.6608803471791692, 1.0]",4.0,2.0,2.0,2.0,2.0,5,-10.45028,8.0,-6.0,hrl_dqn_apf,hierarchical,dqn,0.209,9.595,0.092,0.00,0.00,0.00,-0.248,9.780,-10.319,0.00,0.00,0.00,1.420,6.189,5.748,0.00,0.00,0.00,3.612,3.612,3.612
2026-02-04 18:31:39,199.80,32,392,424,7.55%,110.52,2.36%,"[0, 5, 10, 15, 20, 25, 30, 35, 40, 45, 50, 55, 60, 65, 70, 75, 80, 85, 90, 95, 100]","[10, 8, 5, 4, 3, 8, 3, 4, 12, 5, 11, 7, 5, 8, 9, 7, 921, 20, 16, 547]","[0.006199628022318661, 0.011159330440173589, 0.01425914445133292, 0.016738995660260384, 0.018598884066955982, 0.023558586484810913, 0.02541847489150651, 0.027898326100433975, 0.035337879727216366, 0.038437693738375696, 0.04525728456292622, 0.04959702417854929, 0.05269683818970862, 0.05765654060756355, 0.06323620582765034, 0.0675759454432734, 0.638561686298822, 0.6509609423434594, 0.6608803471791692, 1.0]",4.0,2.0,2.0,2.0,2.0,15,-10.29036,8.0,6.0,hrl_dqn_apf,hierarchical,dqn,-0.569,9.592,0.093,0.00,0.00,0.00,-0.248,9.888,-10.222,0.00,0.00,0.00,2.198,6.186,5.753,0.00,0.00,0.00,3.610,3.610,3.610
2026-02-04 18:31:40,200.80,32,390,422,7.58%,110.76,2.36%,"[0, 5, 10, 15, 20, 25, 30, 35, 40, 45, 50, 55, 60, 65, 70, 75, 80, 85, 90, 95, 100]","[9, 8, 5, 5, 3, 8, 4, 3, 12, 6, 8, 9, 7, 7, 8, 7, 920, 17, 18, 549]","[0.005579665220086794, 0.010539367637941723, 0.013639181649101054, 0.016738995660260384, 0.018598884066955982, 0.023558586484810913, 0.026038437693738377, 0.027898326100433975, 0.035337879727216366, 0.03905765654060756, 0.04401735895846249, 0.04959702417854929, 0.05393676379417235, 0.05827650340979541, 0.06323620582765034, 0.0675759454432734, 0.6379417234965902, 0.6484810911345319, 0.6596404215747055, 1.0]",4.0,2.0,2.0,2.0,2.0,5,-10.12996,8.0,-6.0,hrl_dqn_apf,hierarchical,dqn,-2.092,9.586,0.094,0.00,0.00,0.00,-0.248,9.894,-8.948,0.00,0.00,0.00,3.309,6.326,5.756,0.00,0.00,0.00,3.606,3.606,3.606
2026-02-04 18:31:41,201.81,33,389,422,7.82%,110.88,2.42%,"[0, 5, 10, 15, 20, 25, 30, 35, 40, 45, 50, 55, 60, 65, 70, 75, 80, 85, 90, 95, 100]","[9, 7, 6, 7, 2, 8, 5, 2, 11, 8, 7, 9, 6, 8, 7, 7, 921, 14, 21, 548]","[0.005579665220086794, 0.009919404835709857, 0.013639181649101054, 0.017978921264724116, 0.019218846869187848, 0.02417854928704278, 0.02727836329820211, 0.02851828890266584, 0.035337879727216366, 0.040297582145071294, 0.044637321760694355, 0.050216986980781156, 0.05393676379417235, 0.05889646621202728, 0.06323620582765034, 0.0675759454432734, 0.638561686298822, 0.6472411655300682, 0.6602603843769373, 1.0]",4.0,2.0,2.0,2.0,2.0,5,-10.12996,8.0,-6.0,hrl_dqn_apf,hierarchical,dqn,-2.855,9.583,0.094,0.00,0.00,0.00,-0.248,9.891,-8.199,0.00,0.00,0.00,2.920,6.363,5.756,0.00,0.00,0.00,3.603,3.603,3.603
2026-02-04 18:31:42,202.81,32,392,424,7.55%,111.07,2.36%,"[0, 5, 10, 15, 20, 25, 30, 35, 40, 45, 50, 55, 60, 65, 70, 75, 80, 85, 90, 95, 100]","[11, 7, 6, 5, 2, 7, 6, 2, 10, 9, 6, 9, 6, 9, 6, 8, 920, 14, 22, 548]","[0.006819590824550527, 0.011159330440173589, 0.014879107253564786, 0.017978921264724116, 0.019218846869187848, 0.023558586484810913, 0.02727836329820211, 0.02851828890266584, 0.0347179169249845, 0.040297582145071294, 0.04401735895846249, 0.04959702417854929, 0.053316800991940486, 0.05889646621202728, 0.06261624302541847, 0.0675759454432734, 0.6379417234965902, 0.6466212027278363, 0.6602603843769373, 1.0]",4.0,2.0,2.0,2.0,2.0,10,-9.96956,8.0,0.0,hrl_dqn_apf,hierarchical,dqn,-3.615,9.580,0.094,0.00,0.00,0.00,-0.247,9.888,-7.443,0.00,0.00,0.00,2.266,6.364,5.756,0.00,0.00,0.00,3.600,3.600,3.600
2026-02-04 18:31:43,203.82,30,394,424,7.08%,111.28,2.23%,"[0, 5, 10, 15, 20, 25, 30, 35, 40, 45, 50, 55, 60, 65, 70, 75, 80, 85, 90, 95, 100]","[11, 6, 7, 4, 3, 5, 8, 2, 8, 11, 6, 8, 7, 8, 7, 6, 921, 15, 15, 555]","[0.006819590824550527, 0.010539367637941723, 0.014879107253564786, 0.01735895846249225, 0.019218846869187848, 0.022318660880347178, 0.02727836329820211, 0.02851828890266584, 0.03347799132052077, 0.040297582145071294, 0.04401735895846249, 0.048977061376317424, 0.053316800991940486, 0.05827650340979541, 0.06261624302541847, 0.06633601983880967, 0.6373217606943583, 0.6466212027278363, 0.6559206447613143, 1.0]",4.0,2.0,2.0,2.0,2.0,3,8.110289999999999,8.0,-12.0,hrl_dqn_apf,hierarchical,dqn,-4.376,9.577,0.095,0.00,0.00,0.00,-0.241,9.893,-6.689,0.00,0.00,0.00,1.535,6.361,5.755,0.00,0.00,0.00,3.597,3.597,3.597
2026-02-04 18:31:44,204.83,27,401,428,6.31%,111.57,2.05%,"[0, 5, 10, 15, 20, 25, 30, 35, 40, 45, 50, 55, 60, 65, 70, 75, 80, 85, 90, 95, 100]","[12, 5, 7, 4, 2, 3, 12, 2, 6, 12, 6, 7, 8, 9, 6, 6, 915, 16, 18, 557]","[0.007439553626782393, 0.010539367637941723, 0.014879107253564786, 0.01735895846249225, 0.018598884066955982, 0.02045877247365158, 0.027898326100433975, 0.029138251704897707, 0.0328580285182889, 0.040297582145071294, 0.04401735895846249, 0.04835709857408556, 0.053316800991940486, 0.05889646621202728, 0.06261624302541847, 0.06633601983880967, 0.6336019838809671, 0.643521388716677, 0.6546807191568506, 1.0]",4.0,2.0,2.0,2.0,2.0,3,8.110289999999999,8.0,-12.0,hrl_dqn_apf,hierarchical,dqn,-5.899,9.571,0.096,0.00,0.00,0.00,0.713,9.973,-6.103,0.00,0.00,0.00,0.021,6.354,5.754,0.00,0.00,0.00,3.594,3.594,3.594
2026-02-04 18:31:45,205.83,27,401,428,6.31%,111.70,2.05%,"[0, 5, 10, 15, 20, 25, 30, 35, 40, 45, 50, 55, 60, 65, 70, 75, 80, 85, 90, 95, 100]","[13, 5, 5, 6, 1, 3, 11, 3, 6, 12, 7, 6, 8, 10, 6, 5, 916, 15, 14, 561]","[0.008059516429014259, 0.011159330440173589, 0.01425914445133292, 0.017978921264724116, 0.018598884066955982, 0.02045877247365158, 0.02727836329820211, 0.029138251704897707, 0.0328580285182889, 0.040297582145071294, 0.044637321760694355, 0.04835709857408556, 0.053316800991940486, 0.059516429014259145, 0.06323620582765034, 0.06633601983880967, 0.634221946683199, 0.643521388716677, 0.6522008679479231, 1.0]",4.0,2.0,2.0,2.0,2.0,15,-9.7295,8.0,6.0,hrl_dqn_apf,hierarchical,dqn,-6.663,9.568,0.096,0.00,0.00,0.00,1.440,9.971,-6.059,0.00,0.00,0.00,-0.742,6.351,5.753,0.00,0.00,0.00,3.591,3.591,3.591
2026-02-04 18:31:46,206.83,26,401,427,6.09%,111.84,1.98%,"[0, 5, 10, 15, 20, 25, 30, 35, 40, 45, 50, 55, 60, 65, 70, 75, 80, 85, 90, 95, 100]","[11, 6, 5, 6, 2, 2, 11, 4, 7, 12, 7, 5, 8, 9, 7, 4, 912, 20, 12, 563]","[0.006819590824550527, 0.010539367637941723, 0.013639181649101054, 0.01735895846249225, 0.018598884066955982, 0.019838809671419714, 0.026658400495970243, 0.029138251704897707, 0.03347799132052077, 0.04091754494730316, 0.04525728456292622, 0.04835709857408556, 0.053316800991940486, 0.05889646621202728, 0.06323620582765034, 0.0657160570365778, 0.6311221326720396, 0.643521388716677, 0.6509609423434594, 1.0]",4.0,2.0,2.0,2.0,2.0,6,-3.56905,8.0,-6.0,hrl_dqn_apf,hierarchical,dqn,-7.396,9.594,0.066,0.00,0.00,0.00,2.193,9.968,-6.046,0.00,0.00,0.00,-1.505,6.348,5.752,0.00,0.00,0.00,3.588,3.588,3.588
2026-02-04 18:31:47,207.84,28,401,429,6.53%,112.04,2.11%,"[0, 5, 10, 15, 20, 25, 30, 35, 40, 45, 50, 55, 60, 65, 70, 75, 80, 85, 90, 95, 100]","[10, 8, 4, 8, 1, 3, 7, 8, 5, 9, 12, 5, 6, 9, 8, 3, 907, 25, 11, 564]","[0.006199628022318661, 0.011159330440173589, 0.013639181649101054, 0.018598884066955982, 0.019218846869187848, 0.021078735275883446, 0.02541847489150651, 0.03037817730936144, 0.03347799132052077, 0.03905765654060756, 0.04649721016738995, 0.04959702417854929, 0.053316800991940486, 0.05889646621202728, 0.0638561686298822, 0.0657160570365778, 0.6280223186608803, 0.643521388716677, 0.6503409795412275, 1.0]",4.0,2.0,2.0,2.0,2.0,6,-3.56905,8.0,-6.0,hrl_dqn_apf,hierarchical,dqn,-7.869,9.654,-0.976,0.00,0.00,0.00,3.685,9.962,-6.041,0.00,0.00,0.00,-3.000,6.342,5.750,0.00,0.00,0.00,3.585,3.585,3.585
2026-02-04 18:31:48,208.84,29,398,427,6.79%,112.12,2.17%,"[0, 5, 10, 15, 20, 25, 30, 35, 40, 45, 50, 55, 60, 65, 70, 75, 80, 85, 90, 95, 100]","[9, 10, 4, 7, 2, 3, 5, 10, 6, 8, 13, 5, 6, 9, 7, 3, 906, 23, 15, 562]","[0.005579665220086794, 0.011779293242405457, 0.01425914445133292, 0.018598884066955982, 0.019838809671419714, 0.02169869807811531, 0.024798512089274645, 0.030998140111593304, 0.0347179169249845, 0.03967761934283943, 0.04773713577185369, 0.05083694978301302, 0.05455672659640422, 0.06013639181649101, 0.06447613143211407, 0.06633601983880967, 0.6280223186608803, 0.6422814631122132, 0.6515809051456912, 1.0]",4.0,2.0,2.0,2.0,2.0,4,14.590959999999999,8.0,-12.0,hrl_dqn_apf,hierarchical,dqn,-7.909,9.652,-1.568,0.00,0.00,0.00,4.448,9.959,-6.041,0.00,0.00,0.00,-3.763,6.339,5.749,0.00,0.00,0.00,3.582,3.582,3.582
2026-02-04 18:31:49,209.84,29,398,427,6.79%,112.19,2.17%,"[0, 5, 10, 15, 20, 25, 30, 35, 40, 45, 50, 55, 60, 65, 70, 75, 80, 85, 90, 95, 100]","[9, 10, 4, 8, 2, 2, 5, 11, 5, 7, 13, 5, 6, 9, 8, 4, 904, 23, 12, 566]","[0.005579665220086794, 0.011779293242405457, 0.01425914445133292, 0.019218846869187848, 0.02045877247365158, 0.02169869807811531, 0.024798512089274645, 0.03161810291382517, 0.0347179169249845, 0.03905765654060756, 0.047117172969621826, 0.050216986980781156, 0.05393676379417235, 0.059516429014259145, 0.06447613143211407, 0.06695598264104154, 0.6274023558586485, 0.6416615003099814, 0.6491010539367638, 1.0]",4.0,2.0,2.0,2.0,2.0,4,14.590959999999999,8.0,-12.0,hrl_dqn_apf,hierarchical,dqn,-7.921,9.668,-2.055,0.00,0.00,0.00,5.205,9.956,-6.041,0.00,0.00,0.00,-4.339,6.442,5.748,0.00,0.00,0.00,3.579,3.579,3.579
2026-02-04 18:31:50,210.85,30,397,427,7.03%,112.24,2.23%,"[0, 5, 10, 15, 20, 25, 30, 35, 40, 45, 50, 55, 60, 65, 70, 75, 80, 85, 90, 95, 100]","[8, 12, 4, 6, 4, 2, 6, 10, 6, 6, 14, 5, 6, 9, 8, 3, 900, 25, 12, 567]","[0.0049597024178549285, 0.012399256044637322, 0.014879107253564786, 0.018598884066955982, 0.021078735275883446, 0.022318660880347178, 0.026038437693738377, 0.032238065716057036, 0.03595784252944823, 0.03967761934283943, 0.04835709857408556, 0.05145691258524489, 0.05517668939863608, 0.06075635461872288, 0.0657160570365778, 0.0675759454432734, 0.6255424674519529, 0.6410415375077495, 0.6484810911345319, 1.0]",4.0,2.0,2.0,2.0,2.0,18,8.75101,8.0,6.0,hrl_dqn_apf,hierarchical,dqn,-7.896,9.691,-2.697,0.00,0.00,0.00,5.966,9.953,-6.042,0.00,0.00,0.00,-4.118,6.516,5.747,0.00,0.00,0.00,3.576,3.576,3.576
2026-02-04 18:31:51,211.85,31,395,426,7.28%,112.42,2.29%,"[0, 5, 10, 15, 20, 25, 30, 35, 40, 45, 50, 55, 60, 65, 70, 75, 80, 85, 90, 95, 100]","[6, 12, 6, 6, 5, 2, 6, 9, 8, 5, 11, 9, 5, 10, 6, 6, 898, 20, 18, 565]","[0.0037197768133911966, 0.011159330440173589, 0.014879107253564786, 0.018598884066955982, 0.02169869807811531, 0.022938623682579044, 0.026658400495970243, 0.032238065716057036, 0.037197768133911964, 0.040297582145071294, 0.047117172969621826, 0.05269683818970862, 0.05579665220086795, 0.06199628022318661, 0.0657160570365778, 0.069435833849969, 0.6261624302541847, 0.638561686298822, 0.6497210167389956, 1.0]",4.0,2.0,2.0,2.0,2.0,15,-9.08825,8.0,6.0,hrl_dqn_apf,hierarchical,dqn,-7.138,9.827,-2.872,0.00,0.00,0.00,7.443,9.947,-6.042,0.00,0.00,0.00,-2.839,6.518,5.748,0.00,0.00,0.00,3.573,3.573,3.573
2026-02-04 18:31:52,212.85,33,391,424,7.78%,112.53,2.42%,"[0, 5, 10, 15, 20, 25, 30, 35, 40, 45, 50, 55, 60, 65, 70, 75, 80, 85, 90, 95, 100]","[6, 11, 8, 5, 7, 2, 6, 5, 12, 5, 9, 11, 5, 9, 7, 5, 896, 19, 21, 564]","[0.0037197768133911966, 0.010539367637941723, 0.015499070055796652, 0.018598884066955982, 0.022938623682579044, 0.02417854928704278, 0.027898326100433975, 0.030998140111593304, 0.038437693738375696, 0.041537507749535026, 0.047117172969621826, 0.05393676379417235, 0.05703657780533168, 0.06261624302541847, 0.06695598264104154, 0.07005579665220087, 0.6255424674519529, 0.6373217606943583, 0.6503409795412275, 1.0]",4.0,2.0,2.0,2.0,2.0,15,-9.08825,8.0,6.0,hrl_dqn_apf,hierarchical,dqn,-7.003,9.840,-2.300,0.00,0.00,0.00,7.996,10.019,-5.830,0.00,0.00,0.00,-2.092,6.515,5.749,0.00,0.00,0.00,3.570,3.570,3.570
2026-02-04 18:31:53,213.85,32,394,426,7.51%,112.70,2.36%,"[0, 5, 10, 15, 20, 25, 30, 35, 40, 45, 50, 55, 60, 65, 70, 75, 80, 85, 90, 95, 100]","[8, 8, 10, 5, 5, 2, 7, 4, 13, 5, 8, 12, 5, 8, 8, 4, 893, 22, 20, 566]","[0.0049597024178549285, 0.009919404835709857, 0.016119032858028518, 0.019218846869187848, 0.022318660880347178, 0.023558586484810913, 0.027898326100433975, 0.03037817730936144, 0.038437693738375696, 0.041537507749535026, 0.04649721016738995, 0.05393676379417235, 0.05703657780533168, 0.06199628022318661, 0.06695598264104154, 0.069435833849969, 0.6230626162430254, 0.6367017978921264, 0.6491010539367638, 1.0]",4.0,2.0,2.0,2.0,2.0,19,15.07159,8.0,6.0,hrl_dqn_apf,hierarchical,dqn,-6.961,9.838,-1.566,0.00,0.00,0.00,8.196,9.770,-5.355,0.00,0.00,0.00,-1.332,6.511,5.750,0.00,0.00,0.00,3.567,3.567,3.567
2026-02-04 18:31:54,214.86,32,392,424,7.55%,112.81,2.36%,"[0, 5, 10, 15, 20, 25, 30, 35, 40, 45, 50, 55, 60, 65, 70, 75, 80, 85, 90, 95, 100]","[8, 6, 11, 5, 6, 2, 6, 4, 14, 5, 8, 13, 4, 8, 9, 4, 892, 18, 20, 570]","[0.0049597024178549285, 0.008679479231246125, 0.015499070055796652, 0.018598884066955982, 0.022318660880347178, 0.023558586484810913, 0.02727836329820211, 0.029758214507129573, 0.038437693738375696, 0.041537507749535026, 0.04649721016738995, 0.05455672659640422, 0.05703657780533168, 0.06199628022318661, 0.0675759454432734, 0.07005579665220087, 0.6230626162430254, 0.634221946683199, 0.6466212027278363, 1.0]",4.0,2.0,2.0,2.0,2.0,0,-8.76801,8.0,-12.0,hrl_dqn_apf,hierarchical,dqn,-6.947,9.835,-0.841,0.00,0.00,0.00,8.259,9.539,-5.108,0.00,0.00,0.00,-0.599,6.537,5.720,0.00,0.00,0.00,3.564,3.564,3.564
2026-02-04 18:31:55,215.86,34,390,424,8.02%,113.13,2.48%,"[0, 5, 10, 15, 20, 25, 30, 35, 40, 45, 50, 55, 60, 65, 70, 75, 80, 85, 90, 95, 100]","[10, 4, 11, 6, 5, 4, 5, 5, 13, 6, 6, 12, 6, 7, 9, 5, 891, 15, 22, 571]","[0.006199628022318661, 0.008679479231246125, 0.015499070055796652, 0.019218846869187848, 0.022318660880347178, 0.024798512089274645, 0.027898326100433975, 0.030998140111593304, 0.03905765654060756, 0.04277743335399876, 0.04649721016738995, 0.05393676379417235, 0.05765654060756355, 0.06199628022318661, 0.0675759454432734, 0.07067575945443273, 0.6230626162430254, 0.6323620582765034, 0.6460012399256044, 1.0]",4.0,2.0,2.0,2.0,2.0,0,-8.76801,8.0,-12.0,hrl_dqn_apf,hierarchical,dqn,-6.633,9.910,0.375,0.00,0.00,0.00,8.283,9.568,-3.929,0.00,0.00,0.00,-0.124,6.597,4.652,0.00,0.00,0.00,3.561,3.561,3.561
2026-02-04 18:31:56,216.87,34,392,426,7.98%,113.18,2.48%,"[0, 5, 10, 15, 20, 25, 30, 35, 40, 45, 50, 55, 60, 65, 70, 75, 80, 85, 90, 95, 100]","[12, 4, 9, 6, 4, 5, 5, 5, 12, 8, 5, 11, 8, 7, 9, 3, 892, 14, 18, 576]","[0.007439553626782393, 0.009919404835709857, 0.015499070055796652, 0.019218846869187848, 0.02169869807811531, 0.024798512089274645, 0.027898326100433975, 0.030998140111593304, 0.038437693738375696, 0.04339739615623062, 0.04649721016738995, 0.053316800991940486, 0.05827650340979541, 0.06261624302541847, 0.06819590824550527, 0.07005579665220087, 0.6230626162430254, 0.6317420954742715, 0.6429014259144451, 1.0]",4.0,2.0,2.0,2.0,2.0,19,15.39246,8.0,6.0,hrl_dqn_apf,hierarchical,dqn,-6.012,9.919,0.525,0.00,0.00,0.00,8.285,9.567,-3.190,0.00,0.00,0.00,-0.088,6.595,3.920,0.00,0.00,0.00,3.558,3.558,3.558
2026-02-04 18:31:57,217.87,35,389,424,8.25%,113.30,2.54%,"[0, 5, 10, 15, 20, 25, 30, 35, 40, 45, 50, 55, 60, 65, 70, 75, 80, 85, 90, 95, 100]","[12, 4, 7, 9, 2, 7, 4, 5, 10, 10, 5, 10, 9, 7, 8, 4, 890, 17, 14, 579]","[0.007439553626782393, 0.009919404835709857, 0.01425914445133292, 0.019838809671419714, 0.021078735275883446, 0.02541847489150651, 0.027898326100433975, 0.030998140111593304, 0.037197768133911964, 0.04339739615623062, 0.04649721016738995, 0.05269683818970862, 0.05827650340979541, 0.06261624302541847, 0.0675759454432734, 0.07005579665220087, 0.6218226906385617, 0.6323620582765034, 0.6410415375077495, 1.0]",4.0,2.0,2.0,2.0,2.0,19,15.552389999999999,8.0,6.0,hrl_dqn_apf,hierarchical,dqn,-5.287,9.917,0.572,0.00,0.00,0.00,8.286,9.564,-2.433,0.00,0.00,0.00,-0.076,6.592,3.164,0.00,0.00,0.00,3.555,3.555,3.555
2026-02-04 18:31:58,218.87,35,391,426,8.22%,113.38,2.54%,"[0, 5, 10, 15, 20, 25, 30, 35, 40, 45, 50, 55, 60, 65, 70, 75, 80, 85, 90, 95, 100]","[14, 4, 6, 9, 3, 5, 4, 6, 8, 12, 5, 8, 12, 7, 7, 5, 887, 13, 20, 578]","[0.008679479231246125, 0.011159330440173589, 0.014879107253564786, 0.02045877247365158, 0.022318660880347178, 0.02541847489150651, 0.027898326100433975, 0.03161810291382517, 0.0365778053316801, 0.04401735895846249, 0.047117172969621826, 0.052076875387476754, 0.059516429014259145, 0.0638561686298822, 0.06819590824550527, 0.0712957222566646, 0.6212027278363298, 0.629262244265344, 0.6416615003099814, 1.0]",4.0,2.0,2.0,2.0,2.0,19,15.552389999999999,8.0,6.0,hrl_dqn_apf,hierarchical,dqn,-4.535,9.914,0.586,0.00,0.00,0.00,8.287,9.561,-1.671,0.00,0.00,0.00,-0.072,6.589,2.403,0.00,0.00,0.00,3.552,3.552,3.552
2026-02-04 18:31:59,219.87,35,392,427,8.20%,113.47,2.54%,"[0, 5, 10, 15, 20, 25, 30, 35, 40, 45, 50, 55, 60, 65, 70, 75, 80, 85, 90, 95, 100]","[13, 8, 3, 11, 3, 3, 6, 5, 7, 13, 6, 6, 12, 6, 7, 5, 888, 12, 13, 586]","[0.008059516429014259, 0.013019218846869188, 0.014879107253564786, 0.02169869807811531, 0.023558586484810913, 0.02541847489150651, 0.029138251704897707, 0.032238065716057036, 0.0365778053316801, 0.044637321760694355, 0.04835709857408556, 0.052076875387476754, 0.059516429014259145, 0.06323620582765034, 0.0675759454432734, 0.07067575945443273, 0.6212027278363298, 0.6286422814631122, 0.6367017978921264, 1.0]",4.0,2.0,2.0,2.0,2.0,6,-2.28739,8.0,-6.0,hrl_dqn_apf,hierarchical,dqn,-3.060,9.908,0.590,0.00,0.00,0.00,8.288,9.556,-0.194,0.00,0.00,0.00,-0.069,6.583,0.926,0.00,0.00,0.00,3.549,3.549,3.549
2026-02-04 18:32:00,220.88,35,392,427,8.20%,113.56,2.54%,"[0, 5, 10, 15, 20, 25, 30, 35, 40, 45, 50, 55, 60, 65, 70, 75, 80, 85, 90, 95, 100]","[12, 9, 2, 12, 2, 4, 7, 6, 8, 13, 6, 6, 10, 7, 7, 5, 882, 17, 14, 584]","[0.007439553626782393, 0.013019218846869188, 0.01425914445133292, 0.02169869807811531, 0.022938623682579044, 0.02541847489150651, 0.029758214507129573, 0.03347799132052077, 0.038437693738375696, 0.04649721016738995, 0.050216986980781156, 0.05393676379417235, 0.06013639181649101, 0.06447613143211407, 0.06881587104773713, 0.07191568505889646, 0.6187228766274023, 0.629262244265344, 0.6379417234965902, 1.0]",4.0,2.0,2.0,2.0,2.0,3,9.873149999999999,8.0,-12.0,hrl_dqn_apf,hierarchical,dqn,-2.320,9.905,0.590,0.00,0.00,0.00,8.482,9.625,0.356,0.00,0.00,0.00,-0.068,6.580,0.186,0.00,0.00,0.00,3.546,3.546,3.546
2026-02-04 18:32:01,221.88,36,391,427,8.43%,113.66,2.60%,"[0, 5, 10, 15, 20, 25, 30, 35, 40, 45, 50, 55, 60, 65, 70, 75, 80, 85, 90, 95, 100]","[14, 10, 3, 9, 3, 3, 8, 3, 8, 12, 8, 5, 9, 9, 6, 6, 879, 20, 14, 584]","[0.008679479231246125, 0.014879107253564786, 0.016738995660260384, 0.022318660880347178, 0.02417854928704278, 0.026038437693738377, 0.030998140111593304, 0.0328580285182889, 0.03781773093614383, 0.04525728456292622, 0.050216986980781156, 0.053316800991940486, 0.05889646621202728, 0.06447613143211407, 0.06819590824550527, 0.07191568505889646, 0.6168629882207067, 0.629262244265344, 0.6379417234965902, 1.0]",4.0,2.0,2.0,2.0,2.0,3,9.873149999999999,8.0,-12.0,hrl_dqn_apf,hierarchical,dqn,-1.757,10.206,0.608,0.00,0.00,0.00,8.951,9.657,0.662,0.00,0.00,0.00,0.009,6.424,-0.515,0.00,0.00,0.00,3.543,3.543,3.543
2026-02-04 18:32:02,222.88,36,391,427,8.43%,113.79,2.60%,"[0, 5, 10, 15, 20, 25, 30, 35, 40, 45, 50, 55, 60, 65, 70, 75, 80, 85, 90, 95, 100]","[12, 11, 4, 7, 5, 3, 8, 3, 8, 10, 11, 5, 9, 9, 6, 5, 880, 20, 13, 584]","[0.007439553626782393, 0.01425914445133292, 0.016738995660260384, 0.021078735275883446, 0.02417854928704278, 0.026038437693738377, 0.030998140111593304, 0.0328580285182889, 0.03781773093614383, 0.04401735895846249, 0.05083694978301302, 0.05393676379417235, 0.059516429014259145, 0.06509609423434594, 0.06881587104773713, 0.07191568505889646, 0.6174829510229386, 0.6298822070675759, 0.6379417234965902, 1.0]",4.0,2.0,2.0,2.0,2.0,18,10.03307,8.0,6.0,hrl_dqn_apf,hierarchical,dqn,-1.985,10.622,0.708,0.00,0.00,0.00,9.154,9.674,1.231,0.00,0.00,0.00,0.477,6.107,-0.894,0.00,0.00,0.00,3.540,3.540,3.540
2026-02-04 18:32:03,223.88,36,391,427,8.43%,114.00,2.60%,"[0, 5, 10, 15, 20, 25, 30, 35, 40, 45, 50, 55, 60, 65, 70, 75, 80, 85, 90, 95, 100]","[10, 11, 6, 5, 8, 2, 8, 3, 8, 8, 13, 5, 6, 12, 6, 5, 876, 21, 10, 590]","[0.006199628022318661, 0.013019218846869188, 0.016738995660260384, 0.019838809671419714, 0.024798512089274645, 0.026038437693738377, 0.030998140111593304, 0.0328580285182889, 0.03781773093614383, 0.04277743335399876, 0.05083694978301302, 0.05393676379417235, 0.05765654060756355, 0.06509609423434594, 0.06881587104773713, 0.07191568505889646, 0.6150030998140111, 0.6280223186608803, 0.634221946683199, 1.0]",4.0,2.0,2.0,2.0,2.0,19,16.11315,8.0,6.0,hrl_dqn_apf,hierarchical,dqn,-2.917,10.523,1.200,0.00,0.00,0.00,9.239,9.670,2.689,0.00,0.00,0.00,1.781,5.793,-1.493,0.00,0.00,0.00,3.537,3.537,3.537
2026-02-04 18:32:04,224.89,36,392,428,8.41%,114.10,2.60%,"[0, 5, 10, 15, 20, 25, 30, 35, 40, 45, 50, 55, 60, 65, 70, 75, 80, 85, 90, 95, 100]","[8, 12, 7, 5, 7, 3, 7, 5, 8, 7, 13, 6, 5, 13, 5, 4, 875, 23, 10, 590]","[0.0049597024178549285, 0.012399256044637322, 0.016738995660260384, 0.019838809671419714, 0.02417854928704278, 0.026038437693738377, 0.03037817730936144, 0.03347799132052077, 0.038437693738375696, 0.04277743335399876, 0.05083694978301302, 0.05455672659640422, 0.05765654060756355, 0.0657160570365778, 0.06881587104773713, 0.0712957222566646, 0.6137631742095474, 0.6280223186608803, 0.634221946683199, 1.0]",4.0,2.0,2.0,2.0,2.0,19,16.11315,8.0,6.0,hrl_dqn_apf,hierarchical,dqn,-3.046,10.103,1.274,0.00,0.00,0.00,9.245,9.667,3.446,0.00,0.00,0.00,2.348,6.161,-1.569,0.00,0.00,0.00,3.534,3.534,3.534
2026-02-04 18:32:05,225.89,35,391,426,8.22%,114.21,2.54%,"[0, 5, 10, 15, 20, 25, 30, 35, 40, 45, 50, 55, 60, 65, 70, 75, 80, 85, 90, 95, 100]","[8, 11, 8, 3, 9, 2, 8, 7, 7, 8, 13, 6, 5, 12, 6, 4, 875, 17, 15, 589]","[0.0049597024178549285, 0.011779293242405457, 0.016738995660260384, 0.018598884066955982, 0.02417854928704278, 0.02541847489150651, 0.03037817730936144, 0.0347179169249845, 0.03905765654060756, 0.04401735895846249, 0.052076875387476754, 0.05579665220086795, 0.05889646621202728, 0.06633601983880967, 0.07005579665220087, 0.07253564786112833, 0.6150030998140111, 0.6255424674519529, 0.6348419094854308, 1.0]",4.0,2.0,2.0,2.0,2.0,6,-1.72628,8.0,-6.0,hrl_dqn_apf,hierarchical,dqn,-3.086,9.679,1.298,0.00,0.00,0.00,9.248,9.664,4.228,0.00,0.00,0.00,2.640,6.360,-1.593,0.00,0.00,0.00,3.531,3.531,3.531
2026-02-04 18:32:06,226.89,37,385,422,8.77%,114.31,2.67%,"[0, 5, 10, 15, 20, 25, 30, 35, 40, 45, 50, 55, 60, 65, 70, 75, 80, 85, 90, 95, 100]","[7, 11, 9, 5, 7, 4, 6, 7, 6, 8, 12, 8, 5, 12, 6, 3, 877, 14, 18, 588]","[0.0043397396156230625, 0.011159330440173589, 0.016738995660260384, 0.019838809671419714, 0.02417854928704278, 0.026658400495970243, 0.03037817730936144, 0.0347179169249845, 0.038437693738375696, 0.04339739615623062, 0.05083694978301302, 0.05579665220086795, 0.05889646621202728, 0.06633601983880967, 0.07005579665220087, 0.07191568505889646, 0.615623062616243, 0.6243025418474891, 0.6354618722876627, 1.0]",4.0,2.0,2.0,2.0,2.0,8,10.43375,8.0,-6.0,hrl_dqn_apf,hierarchical,dqn,-3.098,9.441,1.266,0.00,0.00,0.00,9.249,9.730,4.902,0.00,0.00,0.00,3.188,6.363,-1.600,0.00,0.00,0.00,3.528,3.528,3.528
2026-02-04 18:32:07,227.89,38,386,424,8.96%,114.56,2.73%,"[0, 5, 10, 15, 20, 25, 30, 35, 40, 45, 50, 55, 60, 65, 70, 75, 80, 85, 90, 95, 100]","[7, 8, 12, 5, 6, 6, 5, 9, 5, 9, 8, 12, 4, 10, 9, 3, 868, 18, 20, 589]","[0.0043397396156230625, 0.009299442033477991, 0.016738995660260384, 0.019838809671419714, 0.023558586484810913, 0.02727836329820211, 0.03037817730936144, 0.03595784252944823, 0.03905765654060756, 0.044637321760694355, 0.04959702417854929, 0.05703657780533168, 0.059516429014259145, 0.0657160570365778, 0.0712957222566646, 0.0731556106633602, 0.6112833230006199, 0.6224426534407935, 0.6348419094854308, 1.0]",4.0,2.0,2.0,2.0,2.0,8,10.43375,8.0,-6.0,hrl_dqn_apf,hierarchical,dqn,-3.103,9.489,0.180,0.00,0.00,0.00,9.249,9.844,4.242,0.00,0.00,0.00,4.055,6.508,-1.602,0.00,0.00,0.00,3.525,3.525,3.525
2026-02-04 18:32:08,228.90,38,382,420,9.05%,114.75,2.73%,"[0, 5, 10, 15, 20, 25, 30, 35, 40, 45, 50, 55, 60, 65, 70, 75, 80, 85, 90, 95, 100]","[7, 8, 10, 8, 4, 7, 5, 7, 7, 9, 7, 13, 4, 10, 9, 3, 868, 16, 19, 592]","[0.0043397396156230625, 0.009299442033477991, 0.015499070055796652, 0.02045877247365158, 0.022938623682579044, 0.02727836329820211, 0.03037817730936144, 0.0347179169249845, 0.03905765654060756, 0.044637321760694355, 0.048977061376317424, 0.05703657780533168, 0.059516429014259145, 0.0657160570365778, 0.0712957222566646, 0.0731556106633602, 0.6112833230006199, 0.6212027278363298, 0.6329820210787352, 1.0]",4.0,2.0,2.0,2.0,2.0,15,-7.40586,8.0,6.0,hrl_dqn_apf,hierarchical,dqn,-3.103,9.489,-0.556,0.00,0.00,0.00,9.249,9.842,3.534,0.00,0.00,0.00,3.587,6.530,-1.602,0.00,0.00,0.00,3.522,3.522,3.522
2026-02-04 18:32:09,229.90,39,385,424,9.20%,114.90,2.79%,"[0, 5, 10, 15, 20, 25, 30, 35, 40, 45, 50, 55, 60, 65, 70, 75, 80, 85, 90, 95, 100]","[7, 7, 12, 9, 3, 7, 6, 7, 6, 8, 7, 14, 4, 8, 10, 2, 867, 17, 20, 592]","[0.0043397396156230625, 0.008679479231246125, 0.016119032858028518, 0.02169869807811531, 0.023558586484810913, 0.027898326100433975, 0.03161810291382517, 0.03595784252944823, 0.03967761934283943, 0.044637321760694355, 0.048977061376317424, 0.05765654060756355, 0.06013639181649101, 0.06509609423434594, 0.0712957222566646, 0.07253564786112833, 0.6100433973961562, 0.6205827650340979, 0.6329820210787352, 1.0]",4.0,2.0,2.0,2.0,2.0,21,-1.24547,8.0,12.0,hrl_dqn_apf,hierarchical,dqn,-3.104,9.596,-1.108,0.00,0.00,0.00,9.249,9.839,2.788,0.00,0.00,0.00,2.909,6.528,-1.603,0.00,0.00,0.00,3.519,3.519,3.519
2026-02-04 18:32:10,230.90,39,387,426,9.15%,115.08,2.79%,"[0, 5, 10, 15, 20, 25, 30, 35, 40, 45, 50, 55, 60, 65, 70, 75, 80, 85, 90, 95, 100]","[9, 7, 10, 9, 1, 9, 6, 5, 8, 7, 8, 13, 5, 8, 9, 3, 867, 16, 17, 596]","[0.005579665220086794, 0.009919404835709857, 0.016119032858028518, 0.02169869807811531, 0.022318660880347178, 0.027898326100433975, 0.03161810291382517, 0.0347179169249845, 0.03967761934283943, 0.04401735895846249, 0.048977061376317424, 0.05703657780533168, 0.06013639181649101, 0.06509609423434594, 0.07067575945443273, 0.07253564786112833, 0.6100433973961562, 0.6199628022318661, 0.6305021698698078, 1.0]",4.0,2.0,2.0,2.0,2.0,21,-1.24547,8.0,12.0,hrl_dqn_apf,hierarchical,dqn,-3.104,9.665,-0.865,0.00,0.00,0.00,9.248,9.836,2.032,0.00,0.00,0.00,2.171,6.525,-1.604,0.00,0.00,0.00,3.516,3.516,3.516
2026-02-04 18:32:11,231.90,37,389,426,8.69%,115.44,2.67%,"[0, 5, 10, 15, 20, 25, 30, 35, 40, 45, 50, 55, 60, 65, 70, 75, 80, 85, 90, 95, 100]","[10, 5, 8, 12, 2, 6, 7, 5, 10, 6, 8, 12, 7, 7, 10, 3, 862, 15, 17, 601]","[0.006199628022318661, 0.009299442033477991, 0.01425914445133292, 0.02169869807811531, 0.022938623682579044, 0.026658400495970243, 0.030998140111593304, 0.034097954122752634, 0.040297582145071294, 0.04401735895846249, 0.048977061376317424, 0.056416615003099815, 0.06075635461872288, 0.06509609423434594, 0.0712957222566646, 0.0731556106633602, 0.6075635461872287, 0.6168629882207067, 0.6274023558586485, 1.0]",4.0,2.0,2.0,2.0,2.0,15,-7.0854,8.0,6.0,hrl_dqn_apf,hierarchical,dqn,-3.104,9.667,0.455,0.00,0.00,0.00,8.919,9.914,0.844,0.00,0.00,0.00,0.667,6.519,-1.605,0.00,0.00,0.00,3.513,3.513,3.513
2026-02-04 18:32:12,232.90,36,392,428,8.41%,115.61,2.60%,"[0, 5, 10, 15, 20, 25, 30, 35, 40, 45, 50, 55, 60, 65, 70, 75, 80, 85, 90, 95, 100]","[12, 3, 7, 12, 2, 6, 8, 4, 11, 6, 8, 8, 11, 7, 8, 5, 862, 14, 16, 603]","[0.007439553626782393, 0.009299442033477991, 0.013639181649101054, 0.021078735275883446, 0.022318660880347178, 0.026038437693738377, 0.030998140111593304, 0.03347799132052077, 0.040297582145071294, 0.04401735895846249, 0.048977061376317424, 0.05393676379417235, 0.06075635461872288, 0.06509609423434594, 0.07005579665220087, 0.0731556106633602, 0.6075635461872287, 0.6162430254184749, 0.6261624302541847, 1.0]",4.0,2.0,2.0,2.0,2.0,15,-7.0854,8.0,6.0,hrl_dqn_apf,hierarchical,dqn,-3.104,9.663,1.207,0.00,0.00,0.00,8.289,9.922,0.699,0.00,0.00,0.00,0.069,6.585,-1.775,0.00,0.00,0.00,3.510,3.510,3.510
2026-02-04 18:32:13,233.91,35,392,427,8.20%,115.70,2.54%,"[0, 5, 10, 15, 20, 25, 30, 35, 40, 45, 50, 55, 60, 65, 70, 75, 80, 85, 90, 95, 100]","[11, 4, 6, 11, 5, 4, 10, 4, 9, 6, 9, 7, 12, 7, 8, 6, 862, 13, 13, 606]","[0.006819590824550527, 0.009299442033477991, 0.013019218846869188, 0.019838809671419714, 0.022938623682579044, 0.02541847489150651, 0.03161810291382517, 0.034097954122752634, 0.03967761934283943, 0.04339739615623062, 0.048977061376317424, 0.053316800991940486, 0.06075635461872288, 0.06509609423434594, 0.07005579665220087, 0.07377557346559206, 0.6081835089894606, 0.6162430254184749, 0.6243025418474891, 1.0]",4.0,2.0,2.0,2.0,2.0,0,-6.9273,8.0,-12.0,hrl_dqn_apf,hierarchical,dqn,-3.103,9.660,1.984,0.00,0.00,0.00,7.546,9.919,0.655,0.00,0.00,0.00,-0.148,6.606,-2.350,0.00,0.00,0.00,3.507,3.507,3.507
2026-02-04 18:32:14,234.91,35,392,427,8.20%,115.78,2.54%,"[0, 5, 10, 15, 20, 25, 30, 35, 40, 45, 50, 55, 60, 65, 70, 75, 80, 85, 90, 95, 100]","[13, 3, 4, 13, 5, 3, 10, 5, 10, 6, 7, 7, 13, 7, 7, 7, 855, 19, 14, 605]","[0.008059516429014259, 0.009919404835709857, 0.012399256044637322, 0.02045877247365158, 0.023558586484810913, 0.02541847489150651, 0.03161810291382517, 0.0347179169249845, 0.04091754494730316, 0.044637321760694355, 0.048977061376317424, 0.053316800991940486, 0.06137631742095474, 0.0657160570365778, 0.07005579665220087, 0.07439553626782393, 0.6044637321760694, 0.6162430254184749, 0.624922504649721, 1.0]",4.0,2.0,2.0,2.0,2.0,8,11.23593,8.0,-6.0,hrl_dqn_apf,hierarchical,dqn,-3.066,9.690,2.708,0.00,0.00,0.00,6.795,9.916,0.642,0.00,0.00,0.00,-0.213,6.605,-3.055,0.00,0.00,0.00,3.504,3.504,3.504
2026-02-04 18:32:15,235.91,34,395,429,7.93%,115.95,2.48%,"[0, 5, 10, 15, 20, 25, 30, 35, 40, 45, 50, 55, 60, 65, 70, 75, 80, 85, 90, 95, 100]","[10, 7, 4, 10, 7, 2, 11, 5, 9, 8, 6, 9, 12, 8, 6, 7, 854, 19, 15, 604]","[0.006199628022318661, 0.010539367637941723, 0.013019218846869188, 0.019218846869187848, 0.023558586484810913, 0.024798512089274645, 0.03161810291382517, 0.0347179169249845, 0.040297582145071294, 0.04525728456292622, 0.048977061376317424, 0.05455672659640422, 0.06199628022318661, 0.06695598264104154, 0.07067575945443273, 0.0750154990700558, 0.6044637321760694, 0.6162430254184749, 0.6255424674519529, 1.0]",4.0,2.0,2.0,2.0,2.0,8,11.23593,8.0,-6.0,hrl_dqn_apf,hierarchical,dqn,-1.978,9.746,3.165,0.00,0.00,0.00,5.610,9.994,0.292,0.00,0.00,0.00,-0.237,6.599,-4.563,0.00,0.00,0.00,3.501,3.501,3.501
2026-02-04 18:32:16,236.91,37,390,427,8.67%,116.02,2.67%,"[0, 5, 10, 15, 20, 25, 30, 35, 40, 45, 50, 55, 60, 65, 70, 75, 80, 85, 90, 95, 100]","[12, 8, 4, 7, 10, 2, 10, 5, 8, 8, 5, 8, 11, 10, 6, 8, 852, 19, 15, 605]","[0.007439553626782393, 0.012399256044637322, 0.014879107253564786, 0.019218846869187848, 0.02541847489150651, 0.026658400495970243, 0.0328580285182889, 0.03595784252944823, 0.04091754494730316, 0.04587724736515809, 0.048977061376317424, 0.05393676379417235, 0.06075635461872288, 0.06695598264104154, 0.07067575945443273, 0.07563546187228766, 0.6038437693738375, 0.615623062616243, 0.624922504649721, 1.0]",4.0,2.0,2.0,2.0,2.0,8,11.39601,8.0,-6.0,hrl_dqn_apf,hierarchical,dqn,-1.245,9.744,3.198,0.00,0.00,0.00,5.470,10.001,-0.341,0.00,0.00,0.00,-0.238,6.596,-5.322,0.00,0.00,0.00,3.498,3.498,3.498
2026-02-04 18:32:17,237.92,38,389,427,8.90%,116.13,2.73%,"[0, 5, 10, 15, 20, 25, 30, 35, 40, 45, 50, 55, 60, 65, 70, 75, 80, 85, 90, 95, 100]","[12, 9, 2, 9, 10, 2, 9, 7, 7, 9, 5, 8, 8, 12, 5, 7, 849, 21, 12, 610]","[0.007439553626782393, 0.013019218846869188, 0.01425914445133292, 0.019838809671419714, 0.026038437693738377, 0.02727836329820211, 0.0328580285182889, 0.037197768133911964, 0.041537507749535026, 0.047117172969621826, 0.050216986980781156, 0.05517668939863608, 0.06013639181649101, 0.0675759454432734, 0.07067575945443273, 0.0750154990700558, 0.6013639181649101, 0.6143831370117793, 0.6218226906385617, 1.0]",4.0,2.0,2.0,2.0,2.0,21,-0.44367999999999963,8.0,12.0,hrl_dqn_apf,hierarchical,dqn,-0.492,9.741,3.208,0.00,0.00,0.00,5.425,9.744,-0.959,0.00,0.00,0.00,-0.238,6.695,-5.911,0.00,0.00,0.00,3.495,3.495,3.495
2026-02-04 18:32:18,238.92,38,390,428,8.88%,116.27,2.73%,"[0, 5, 10, 15, 20, 25, 30, 35, 40, 45, 50, 55, 60, 65, 70, 75, 80, 85, 90, 95, 100]","[9, 11, 3, 8, 10, 3, 8, 8, 7, 8, 6, 8, 6, 14, 5, 5, 851, 21, 11, 611]","[0.005579665220086794, 0.012399256044637322, 0.01425914445133292, 0.019218846869187848, 0.02541847489150651, 0.02727836329820211, 0.032238065716057036, 0.037197768133911964, 0.041537507749535026, 0.04649721016738995, 0.050216986980781156, 0.05517668939863608, 0.05889646621202728, 0.0675759454432734, 0.07067575945443273, 0.07377557346559206, 0.6013639181649101, 0.6143831370117793, 0.6212027278363298, 1.0]",4.0,2.0,2.0,2.0,2.0,21,-0.44367999999999963,8.0,12.0,hrl_dqn_apf,hierarchical,dqn,0.270,9.738,3.211,0.00,0.00,0.00,5.459,9.536,-1.199,0.00,0.00,0.00,-0.238,6.772,-5.699,0.00,0.00,0.00,3.492,3.492,3.492
2026-02-04 18:32:19,239.92,39,385,424,9.20%,116.46,2.79%,"[0, 5, 10, 15, 20, 25, 30, 35, 40, 45, 50, 55, 60, 65, 70, 75, 80, 85, 90, 95, 100]","[7, 12, 4, 5, 10, 7, 5, 10, 8, 7, 7, 7, 6, 14, 7, 3, 853, 14, 17, 610]","[0.0043397396156230625, 0.011779293242405457, 0.01425914445133292, 0.01735895846249225, 0.023558586484810913, 0.027898326100433975, 0.030998140111593304, 0.037197768133911964, 0.04215747055176689, 0.04649721016738995, 0.05083694978301302, 0.05517668939863608, 0.05889646621202728, 0.0675759454432734, 0.07191568505889646, 0.07377557346559206, 0.6026038437693738, 0.6112833230006199, 0.6218226906385617, 1.0]",4.0,2.0,2.0,2.0,2.0,19,17.71682,8.0,6.0,hrl_dqn_apf,hierarchical,dqn,1.793,9.731,3.211,0.00,0.00,0.00,6.568,9.577,-1.289,0.00,0.00,0.00,-0.238,6.774,-4.379,0.00,0.00,0.00,3.489,3.489,3.489
2026-02-04 18:32:20,240.92,39,385,424,9.20%,116.60,2.79%,"[0, 5, 10, 15, 20, 25, 30, 35, 40, 45, 50, 55, 60, 65, 70, 75, 80, 85, 90, 95, 100]","[8, 11, 5, 5, 9, 7, 5, 11, 7, 8, 6, 6, 7, 14, 8, 3, 846, 19, 19, 609]","[0.0049597024178549285, 0.011779293242405457, 0.014879107253564786, 0.017978921264724116, 0.023558586484810913, 0.027898326100433975, 0.030998140111593304, 0.03781773093614383, 0.04215747055176689, 0.047117172969621826, 0.05083694978301302, 0.05455672659640422, 0.05889646621202728, 0.0675759454432734, 0.07253564786112833, 0.07439553626782393, 0.5988840669559826, 0.6106633601983881, 0.6224426534407935, 1.0]",4.0,2.0,2.0,2.0,2.0,5,-6.20337,8.0,-6.0,hrl_dqn_apf,hierarchical,dqn,2.556,9.728,3.210,0.00,0.00,0.00,6.869,9.716,-1.295,0.00,0.00,0.00,-0.239,6.771,-3.628,0.00,0.00,0.00,3.486,3.486,3.486
2026-02-04 18:32:21,241.93,39,387,426,9.15%,116.77,2.79%,"[0, 5, 10, 15, 20, 25, 30, 35, 40, 45, 50, 55, 60, 65, 70, 75, 80, 85, 90, 95, 100]","[9, 8, 7, 5, 7, 9, 5, 9, 8, 8, 7, 5, 8, 13, 9, 2, 847, 17, 18, 612]","[0.005579665220086794, 0.010539367637941723, 0.014879107253564786, 0.017978921264724116, 0.022318660880347178, 0.027898326100433975, 0.030998140111593304, 0.0365778053316801, 0.041537507749535026, 0.04649721016738995, 0.05083694978301302, 0.05393676379417235, 0.05889646621202728, 0.06695598264104154, 0.07253564786112833, 0.07377557346559206, 0.5988840669559826, 0.6094234345939243, 0.6205827650340979, 1.0]",4.0,2.0,2.0,2.0,2.0,5,-6.20337,8.0,-6.0,hrl_dqn_apf,hierarchical,dqn,3.316,9.725,3.210,0.00,0.00,0.00,6.462,9.750,-1.297,0.00,0.00,0.00,-0.160,6.818,-2.950,0.00,0.00,0.00,3.483,3.483,3.483
2026-02-04 18:32:22,242.93,38,384,422,9.00%,116.93,2.73%,"[0, 5, 10, 15, 20, 25, 30, 35, 40, 45, 50, 55, 60, 65, 70, 75, 80, 85, 90, 95, 100]","[8, 8, 8, 3, 7, 10, 6, 7, 10, 8, 7, 5, 8, 12, 9, 3, 847, 13, 20, 614]","[0.0049597024178549285, 0.009919404835709857, 0.014879107253564786, 0.016738995660260384, 0.021078735275883446, 0.02727836329820211, 0.030998140111593304, 0.035337879727216366, 0.041537507749535026, 0.04649721016738995, 0.05083694978301302, 0.05393676379417235, 0.05889646621202728, 0.06633601983880967, 0.07191568505889646, 0.07377557346559206, 0.5988840669559826, 0.6069435833849969, 0.6193428394296342, 1.0]",4.0,2.0,2.0,2.0,2.0,7,5.95693,8.0,-6.0,hrl_dqn_apf,hierarchical,dqn,4.077,9.722,3.209,0.00,0.00,0.00,5.802,9.750,-1.298,0.00,0.00,0.00,0.324,6.856,-2.665,0.00,0.00,0.00,3.480,3.480,3.480
2026-02-04 18:32:23,243.93,35,391,426,8.22%,117.12,2.54%,"[0, 5, 10, 15, 20, 25, 30, 35, 40, 45, 50, 55, 60, 65, 70, 75, 80, 85, 90, 95, 100]","[7, 6, 11, 3, 6, 8, 9, 5, 13, 7, 7, 6, 7, 10, 12, 2, 843, 18, 15, 618]","[0.0043397396156230625, 0.008059516429014259, 0.014879107253564786, 0.016738995660260384, 0.02045877247365158, 0.02541847489150651, 0.030998140111593304, 0.034097954122752634, 0.04215747055176689, 0.04649721016738995, 0.05083694978301302, 0.05455672659640422, 0.05889646621202728, 0.06509609423434594, 0.07253564786112833, 0.07377557346559206, 0.5964042157470552, 0.6075635461872287, 0.6168629882207067, 1.0]",4.0,2.0,2.0,2.0,2.0,23,12.11725,8.0,12.0,hrl_dqn_apf,hierarchical,dqn,5.288,9.799,3.527,0.00,0.00,0.00,4.313,9.744,-1.297,0.00,0.00,0.00,1.747,6.854,-2.548,0.00,0.00,0.00,3.477,3.477,3.477
2026-02-04 18:32:24,244.93,35,389,424,8.25%,117.20,2.54%,"[0, 5, 10, 15, 20, 25, 30, 35, 40, 45, 50, 55, 60, 65, 70, 75, 80, 85, 90, 95, 100]","[8, 7, 9, 4, 4, 9, 10, 5, 12, 8, 7, 6, 7, 9, 12, 3, 842, 18, 13, 620]","[0.0049597024178549285, 0.009299442033477991, 0.014879107253564786, 0.01735895846249225, 0.019838809671419714, 0.02541847489150651, 0.03161810291382517, 0.0347179169249845, 0.04215747055176689, 0.047117172969621826, 0.05145691258524489, 0.05517668939863608, 0.059516429014259145, 0.06509609423434594, 0.07253564786112833, 0.07439553626782393, 0.5964042157470552, 0.6075635461872287, 0.615623062616243, 1.0]",4.0,2.0,2.0,2.0,2.0,23,12.11725,8.0,12.0,hrl_dqn_apf,hierarchical,dqn,5.427,9.807,4.154,0.00,0.00,0.00,3.777,9.822,-1.515,0.00,0.00,0.00,2.504,6.851,-2.538,0.00,0.00,0.00,3.474,3.474,3.474
2026-02-04 18:32:25,245.94,34,390,424,8.02%,117.28,2.48%,"[0, 5, 10, 15, 20, 25, 30, 35, 40, 45, 50, 55, 60, 65, 70, 75, 80, 85, 90, 95, 100]","[7, 7, 10, 4, 3, 9, 11, 3, 14, 7, 8, 6, 6, 10, 12, 3, 840, 17, 14, 622]","[0.0043397396156230625, 0.008679479231246125, 0.014879107253564786, 0.01735895846249225, 0.019218846869187848, 0.024798512089274645, 0.03161810291382517, 0.03347799132052077, 0.04215747055176689, 0.04649721016738995, 0.05145691258524489, 0.05517668939863608, 0.05889646621202728, 0.06509609423434594, 0.07253564786112833, 0.07439553626782393, 0.5951642901425914, 0.6057036577805331, 0.6143831370117793, 1.0]",4.0,2.0,2.0,2.0,2.0,11,0.2772699999999997,8.0,0.0,hrl_dqn_apf,hierarchical,dqn,5.448,9.805,4.876,0.00,0.00,0.00,3.719,10.153,-1.911,0.00,0.00,0.00,3.133,6.738,-2.581,0.00,0.00,0.00,3.471,3.471,3.471
2026-02-04 18:32:26,246.94,33,395,428,7.71%,117.34,2.42%,"[0, 5, 10, 15, 20, 25, 30, 35, 40, 45, 50, 55, 60, 65, 70, 75, 80, 85, 90, 95, 100]","[6, 8, 7, 7, 3, 8, 13, 3, 12, 8, 8, 8, 4, 11, 11, 5, 838, 15, 18, 620]","[0.0037197768133911966, 0.008679479231246125, 0.013019218846869188, 0.01735895846249225, 0.019218846869187848, 0.02417854928704278, 0.032238065716057036, 0.034097954122752634, 0.041537507749535026, 0.04649721016738995, 0.05145691258524489, 0.056416615003099815, 0.05889646621202728, 0.0657160570365778, 0.07253564786112833, 0.07563546187228766, 0.5951642901425914, 0.6044637321760694, 0.615623062616243, 1.0]",4.0,2.0,2.0,2.0,2.0,8,12.43752,8.0,-6.0,hrl_dqn_apf,hierarchical,dqn,5.452,9.802,5.629,0.00,0.00,0.00,4.085,10.577,-1.776,0.00,0.00,0.00,3.057,6.436,-2.884,0.00,0.00,0.00,3.468,3.468,3.468
2026-02-04 18:32:27,247.95,30,397,427,7.03%,117.48,2.23%,"[0, 5, 10, 15, 20, 25, 30, 35, 40, 45, 50, 55, 60, 65, 70, 75, 80, 85, 90, 95, 100]","[4, 9, 6, 10, 1, 6, 15, 4, 10, 10, 7, 8, 5, 11, 8, 8, 833, 18, 15, 625]","[0.0024798512089274642, 0.008059516429014259, 0.011779293242405457, 0.017978921264724116, 0.018598884066955982, 0.022318660880347178, 0.03161810291382517, 0.034097954122752634, 0.040297582145071294, 0.04649721016738995, 0.05083694978301302, 0.05579665220086795, 0.05889646621202728, 0.0657160570365778, 0.07067575945443273, 0.07563546187228766, 0.5920644761314321, 0.6032238065716057, 0.6125232486050837, 1.0]",4.0,2.0,2.0,2.0,2.0,8,12.43752,8.0,-6.0,hrl_dqn_apf,hierarchical,dqn,5.454,9.961,6.512,0.00,0.00,0.00,5.089,11.354,-0.797,0.00,0.00,0.00,2.166,5.659,-3.917,0.00,0.00,0.00,3.465,3.465,3.465
2026-02-04 18:32:28,248.96,29,398,427,6.79%,117.53,2.17%,"[0, 5, 10, 15, 20, 25, 30, 35, 40, 45, 50, 55, 60, 65, 70, 75, 80, 85, 90, 95, 100]","[5, 8, 5, 11, 2, 4, 13, 8, 7, 13, 7, 7, 6, 11, 7, 9, 831, 18, 18, 623]","[0.0030998140111593306, 0.008059516429014259, 0.011159330440173589, 0.017978921264724116, 0.019218846869187848, 0.02169869807811531, 0.029758214507129573, 0.0347179169249845, 0.03905765654060756, 0.047117172969621826, 0.05145691258524489, 0.05579665220086795, 0.059516429014259145, 0.06633601983880967, 0.07067575945443273, 0.07625542467451953, 0.5914445133292002, 0.6026038437693738, 0.6137631742095474, 1.0]",4.0,2.0,2.0,2.0,2.0,2,6.59781,8.0,-12.0,hrl_dqn_apf,hierarchical,dqn,5.454,9.981,6.023,0.00,0.00,0.00,5.479,11.033,-0.382,0.00,0.00,0.00,1.774,5.917,-4.345,0.00,0.00,0.00,3.462,3.462,3.462
2026-02-04 18:32:29,249.96,28,401,429,6.53%,117.64,2.11%,"[0, 5, 10, 15, 20, 25, 30, 35, 40, 45, 50, 55, 60, 65, 70, 75, 80, 85, 90, 95, 100]","[6, 7, 6, 10, 2, 3, 14, 9, 7, 12, 8, 7, 5, 10, 7, 10, 829, 19, 18, 624]","[0.0037197768133911966, 0.008059516429014259, 0.011779293242405457, 0.017978921264724116, 0.019218846869187848, 0.021078735275883446, 0.029758214507129573, 0.035337879727216366, 0.03967761934283943, 0.047117172969621826, 0.052076875387476754, 0.056416615003099815, 0.059516429014259145, 0.0657160570365778, 0.07005579665220087, 0.07625542467451953, 0.5902045877247365, 0.601983880967142, 0.6131432114073155, 1.0]",4.0,2.0,2.0,2.0,2.0,7,6.75775,8.0,-6.0,hrl_dqn_apf,hierarchical,dqn,5.454,9.979,5.336,0.00,0.00,0.00,5.616,10.610,-0.236,0.00,0.00,0.00,1.635,6.363,-4.495,0.00,0.00,0.00,3.459,3.459,3.459
2026-02-04 18:32:30,250.96,29,398,427,6.79%,117.78,2.17%,"[0, 5, 10, 15, 20, 25, 30, 35, 40, 45, 50, 55, 60, 65, 70, 75, 80, 85, 90, 95, 100]","[7, 6, 7, 10, 2, 3, 12, 10, 5, 14, 8, 7, 5, 9, 8, 9, 829, 19, 19, 624]","[0.0043397396156230625, 0.008059516429014259, 0.012399256044637322, 0.018598884066955982, 0.019838809671419714, 0.02169869807811531, 0.029138251704897707, 0.035337879727216366, 0.038437693738375696, 0.047117172969621826, 0.052076875387476754, 0.056416615003099815, 0.059516429014259145, 0.06509609423434594, 0.07005579665220087, 0.07563546187228766, 0.5895846249225046, 0.6013639181649101, 0.6131432114073155, 1.0]",4.0,2.0,2.0,2.0,2.0,7,6.75775,8.0,-6.0,hrl_dqn_apf,hierarchical,dqn,5.453,9.976,4.603,0.00,0.00,0.00,5.658,10.200,-0.191,0.00,0.00,0.00,1.576,6.665,-4.542,0.00,0.00,0.00,3.456,3.456,3.456
2026-02-04 18:32:31,251.97,30,397,427,7.03%,118.11,2.23%,"[0, 5, 10, 15, 20, 25, 30, 35, 40, 45, 50, 55, 60, 65, 70, 75, 80, 85, 90, 95, 100]","[8, 6, 5, 9, 5, 3, 9, 13, 5, 11, 9, 8, 6, 7, 9, 7, 827, 20, 15, 631]","[0.0049597024178549285, 0.008679479231246125, 0.011779293242405457, 0.01735895846249225, 0.02045877247365158, 0.022318660880347178, 0.027898326100433975, 0.03595784252944823, 0.03905765654060756, 0.04587724736515809, 0.05145691258524489, 0.056416615003099815, 0.06013639181649101, 0.06447613143211407, 0.07005579665220087, 0.07439553626782393, 0.5871047737135772, 0.5995040297582145, 0.6088034717916925, 1.0]",4.0,2.0,2.0,2.0,2.0,10,-5.08191,8.0,0.0,hrl_dqn_apf,hierarchical,dqn,5.452,9.970,3.080,0.00,0.00,0.00,5.675,9.384,-0.173,0.00,0.00,0.00,0.532,6.685,-4.563,0.00,0.00,0.00,3.453,3.453,3.453
2026-02-04 18:32:32,252.97,28,400,428,6.54%,118.27,2.11%,"[0, 5, 10, 15, 20, 25, 30, 35, 40, 45, 50, 55, 60, 65, 70, 75, 80, 85, 90, 95, 100]","[8, 5, 6, 6, 8, 1, 10, 13, 6, 10, 10, 7, 7, 7, 9, 5, 829, 20, 12, 634]","[0.0049597024178549285, 0.008059516429014259, 0.011779293242405457, 0.015499070055796652, 0.02045877247365158, 0.021078735275883446, 0.02727836329820211, 0.035337879727216366, 0.03905765654060756, 0.04525728456292622, 0.05145691258524489, 0.05579665220086795, 0.06013639181649101, 0.06447613143211407, 0.07005579665220087, 0.0731556106633602, 0.5871047737135772, 0.5995040297582145, 0.6069435833849969, 1.0]",4.0,2.0,2.0,2.0,2.0,6,1.0785900000000002,8.0,-6.0,hrl_dqn_apf,hierarchical,dqn,5.441,10.130,2.732,0.00,0.00,0.00,5.689,9.390,-0.399,0.00,0.00,0.00,-0.196,6.681,-4.565,0.00,0.00,0.00,3.450,3.450,3.450
2026-02-04 18:32:33,253.97,28,398,426,6.57%,118.40,2.11%,"[0, 5, 10, 15, 20, 25, 30, 35, 40, 45, 50, 55, 60, 65, 70, 75, 80, 85, 90, 95, 100]","[8, 5, 5, 5, 9, 2, 8, 11, 10, 8, 12, 7, 6, 8, 10, 4, 830, 14, 16, 635]","[0.0049597024178549285, 0.008059516429014259, 0.011159330440173589, 0.01425914445133292, 0.019838809671419714, 0.021078735275883446, 0.026038437693738377, 0.0328580285182889, 0.03905765654060756, 0.04401735895846249, 0.05145691258524489, 0.05579665220086795, 0.059516429014259145, 0.06447613143211407, 0.07067575945443273, 0.0731556106633602, 0.587724736515809, 0.5964042157470552, 0.606323620582765, 1.0]",4.0,2.0,2.0,2.0,2.0,6,1.0785900000000002,8.0,-6.0,hrl_dqn_apf,hierarchical,dqn,5.406,10.235,3.120,0.00,0.00,0.00,5.724,9.335,-0.985,0.00,0.00,0.00,-0.948,6.677,-4.566,0.00,0.00,0.00,3.447,3.447,3.447
2026-02-04 18:32:34,254.98,27,397,424,6.37%,118.55,2.05%,"[0, 5, 10, 15, 20, 25, 30, 35, 40, 45, 50, 55, 60, 65, 70, 75, 80, 85, 90, 95, 100]","[8, 5, 4, 6, 9, 1, 7, 13, 10, 8, 11, 8, 6, 9, 8, 4, 829, 14, 18, 635]","[0.0049597024178549285, 0.008059516429014259, 0.010539367637941723, 0.01425914445133292, 0.019838809671419714, 0.02045877247365158, 0.024798512089274645, 0.0328580285182889, 0.03905765654060756, 0.04401735895846249, 0.05083694978301302, 0.05579665220086795, 0.059516429014259145, 0.06509609423434594, 0.07005579665220087, 0.07253564786112833, 0.5864848109113453, 0.5951642901425914, 0.606323620582765, 1.0]",4.0,2.0,2.0,2.0,2.0,7,7.23902,8.0,-6.0,hrl_dqn_apf,hierarchical,dqn,5.353,10.327,3.777,0.00,0.00,0.00,5.777,9.246,-1.697,0.00,0.00,0.00,-1.689,6.695,-4.548,0.00,0.00,0.00,3.444,3.444,3.444
2026-02-04 18:32:35,255.98,28,396,424,6.60%,118.74,2.11%,"[0, 5, 10, 15, 20, 25, 30, 35, 40, 45, 50, 55, 60, 65, 70, 75, 80, 85, 90, 95, 100]","[8, 5, 5, 5, 7, 4, 7, 11, 12, 6, 12, 8, 7, 9, 6, 6, 825, 15, 18, 637]","[0.0049597024178549285, 0.008059516429014259, 0.011159330440173589, 0.01425914445133292, 0.018598884066955982, 0.021078735275883446, 0.02541847489150651, 0.032238065716057036, 0.03967761934283943, 0.04339739615623062, 0.05083694978301302, 0.05579665220086795, 0.06013639181649101, 0.0657160570365778, 0.069435833849969, 0.0731556106633602, 0.5846249225046497, 0.5939243645381277, 0.6050836949783013, 1.0]",4.0,2.0,2.0,2.0,2.0,16,1.39919,8.0,6.0,hrl_dqn_apf,hierarchical,dqn,5.258,9.961,4.958,0.00,0.00,0.00,5.869,9.176,-3.198,0.00,0.00,0.00,-2.201,6.763,-3.520,0.00,0.00,0.00,3.441,3.441,3.441
2026-02-04 18:32:36,256.99,28,394,422,6.64%,118.88,2.11%,"[0, 5, 10, 15, 20, 25, 30, 35, 40, 45, 50, 55, 60, 65, 70, 75, 80, 85, 90, 95, 100]","[8, 5, 3, 6, 7, 5, 7, 9, 14, 6, 10, 9, 7, 10, 5, 6, 824, 15, 19, 638]","[0.0049597024178549285, 0.008059516429014259, 0.009919404835709857, 0.013639181649101054, 0.017978921264724116, 0.021078735275883446, 0.02541847489150651, 0.030998140111593304, 0.03967761934283943, 0.04339739615623062, 0.04959702417854929, 0.05517668939863608, 0.059516429014259145, 0.0657160570365778, 0.06881587104773713, 0.07253564786112833, 0.583384996900186, 0.592684438933664, 0.6044637321760694, 1.0]",4.0,2.0,2.0,2.0,2.0,16,1.39919,8.0,6.0,hrl_dqn_apf,hierarchical,dqn,5.246,9.552,5.108,0.00,0.00,0.00,5.880,9.175,-3.960,0.00,0.00,0.00,-2.240,6.760,-2.788,0.00,0.00,0.00,3.438,3.438,3.438
2026-02-04 18:32:37,258.00,28,396,424,6.60%,118.98,2.11%,"[0, 5, 10, 15, 20, 25, 30, 35, 40, 45, 50, 55, 60, 65, 70, 75, 80, 85, 90, 95, 100]","[7, 5, 4, 6, 6, 6, 5, 10, 14, 7, 9, 10, 6, 11, 5, 6, 820, 20, 19, 637]","[0.0043397396156230625, 0.007439553626782393, 0.009919404835709857, 0.013639181649101054, 0.01735895846249225, 0.021078735275883446, 0.02417854928704278, 0.03037817730936144, 0.03905765654060756, 0.04339739615623062, 0.048977061376317424, 0.05517668939863608, 0.05889646621202728, 0.0657160570365778, 0.06881587104773713, 0.07253564786112833, 0.5809051456912585, 0.5933044017358958, 0.6050836949783013, 1.0]",4.0,2.0,2.0,2.0,2.0,5,-4.44031,8.0,-6.0,hrl_dqn_apf,hierarchical,dqn,5.242,9.439,5.042,0.00,0.00,0.00,5.883,9.172,-4.723,0.00,0.00,0.00,-2.253,6.757,-2.033,0.00,0.00,0.00,3.435,3.435,3.435
2026-02-04 18:32:38,259.00,27,399,426,6.34%,119.06,2.05%,"[0, 5, 10, 15, 20, 25, 30, 35, 40, 45, 50, 55, 60, 65, 70, 75, 80, 85, 90, 95, 100]","[5, 6, 4, 6, 4, 8, 6, 10, 13, 9, 8, 10, 6, 9, 8, 6, 818, 22, 13, 642]","[0.0030998140111593306, 0.006819590824550527, 0.009299442033477991, 0.013019218846869188, 0.015499070055796652, 0.02045877247365158, 0.02417854928704278, 0.03037817730936144, 0.038437693738375696, 0.04401735895846249, 0.048977061376317424, 0.05517668939863608, 0.05889646621202728, 0.06447613143211407, 0.069435833849969, 0.0731556106633602, 0.5802851828890266, 0.5939243645381277, 0.601983880967142, 1.0]",4.0,2.0,2.0,2.0,2.0,5,-4.44031,8.0,-6.0,hrl_dqn_apf,hierarchical,dqn,5.241,9.468,4.538,0.00,0.00,0.00,5.884,9.242,-5.393,0.00,0.00,0.00,-2.258,6.754,-1.272,0.00,0.00,0.00,3.432,3.432,3.432
2026-02-04 18:32:39,260.00,29,397,426,6.81%,119.34,2.17%,"[0, 5, 10, 15, 20, 25, 30, 35, 40, 45, 50, 55, 60, 65, 70, 75, 80, 85, 90, 95, 100]","[8, 6, 5, 5, 4, 7, 6, 7, 14, 11, 6, 11, 7, 10, 6, 5, 814, 19, 19, 643]","[0.0049597024178549285, 0.008679479231246125, 0.011779293242405457, 0.014879107253564786, 0.01735895846249225, 0.02169869807811531, 0.02541847489150651, 0.029758214507129573, 0.038437693738375696, 0.04525728456292622, 0.048977061376317424, 0.05579665220086795, 0.06013639181649101, 0.06633601983880967, 0.07005579665220087, 0.0731556106633602, 0.5778053316800992, 0.5895846249225046, 0.6013639181649101, 1.0]",4.0,2.0,2.0,2.0,2.0,21,1.6394700000000002,8.0,12.0,hrl_dqn_apf,hierarchical,dqn,5.240,9.471,3.093,0.00,0.00,0.00,5.884,9.353,-4.704,0.00,0.00,0.00,-2.261,6.748,0.265,0.00,0.00,0.00,3.429,3.429,3.429
2026-02-04 18:32:40,261.01,30,398,428,7.01%,119.46,2.23%,"[0, 5, 10, 15, 20, 25, 30, 35, 40, 45, 50, 55, 60, 65, 70, 75, 80, 85, 90, 95, 100]","[10, 6, 5, 5, 3, 7, 7, 6, 13, 12, 5, 13, 6, 10, 6, 3, 816, 19, 14, 647]","[0.006199628022318661, 0.009919404835709857, 0.013019218846869188, 0.016119032858028518, 0.017978921264724116, 0.022318660880347178, 0.026658400495970243, 0.03037817730936144, 0.038437693738375696, 0.04587724736515809, 0.048977061376317424, 0.05703657780533168, 0.06075635461872288, 0.06695598264104154, 0.07067575945443273, 0.07253564786112833, 0.578425294482331, 0.5902045877247365, 0.5988840669559826, 1.0]",4.0,2.0,2.0,2.0,2.0,14,19.79964,8.0,0.0,hrl_dqn_apf,hierarchical,dqn,5.239,9.468,2.336,0.00,0.00,0.00,5.884,9.351,-3.994,0.00,0.00,0.00,-2.098,6.813,0.867,0.00,0.00,0.00,3.426,3.426,3.426
2026-02-04 18:32:41,262.01,29,398,427,6.79%,119.62,2.17%,"[0, 5, 10, 15, 20, 25, 30, 35, 40, 45, 50, 55, 60, 65, 70, 75, 80, 85, 90, 95, 100]","[11, 6, 4, 4, 5, 5, 9, 6, 12, 13, 5, 11, 6, 10, 7, 2, 816, 18, 14, 649]","[0.006819590824550527, 0.010539367637941723, 0.013019218846869188, 0.015499070055796652, 0.018598884066955982, 0.02169869807811531, 0.02727836329820211, 0.030998140111593304, 0.038437693738375696, 0.04649721016738995, 0.04959702417854929, 0.056416615003099815, 0.06013639181649101, 0.06633601983880967, 0.07067575945443273, 0.07191568505889646, 0.5778053316800992, 0.5889646621202728, 0.5976441413515189, 1.0]",4.0,2.0,2.0,2.0,2.0,14,19.79964,8.0,0.0,hrl_dqn_apf,hierarchical,dqn,5.350,9.524,1.686,0.00,0.00,0.00,5.885,9.348,-3.248,0.00,0.00,0.00,-1.545,6.835,1.084,0.00,0.00,0.00,3.423,3.423,3.423
2026-02-04 18:32:42,263.02,30,397,427,7.03%,119.68,2.23%,"[0, 5, 10, 15, 20, 25, 30, 35, 40, 45, 50, 55, 60, 65, 70, 75, 80, 85, 90, 95, 100]","[10, 6, 4, 5, 5, 6, 9, 4, 12, 14, 6, 9, 8, 9, 8, 2, 811, 21, 16, 648]","[0.006199628022318661, 0.009919404835709857, 0.012399256044637322, 0.015499070055796652, 0.018598884066955982, 0.022318660880347178, 0.027898326100433975, 0.03037817730936144, 0.03781773093614383, 0.04649721016738995, 0.050216986980781156, 0.05579665220086795, 0.06075635461872288, 0.06633601983880967, 0.0712957222566646, 0.07253564786112833, 0.5753254804711717, 0.5883446993180409, 0.5982641041537508, 1.0]",4.0,2.0,2.0,2.0,2.0,24,19.960340000000002,8.0,12.0,hrl_dqn_apf,hierarchical,dqn,5.867,9.555,1.431,0.00,0.00,0.00,5.885,9.345,-2.488,0.00,0.00,0.00,-0.840,6.834,1.152,0.00,0.00,0.00,3.420,3.420,3.420
2026-02-04 18:32:43,264.02,27,400,427,6.32%,119.91,2.05%,"[0, 5, 10, 15, 20, 25, 30, 35, 40, 45, 50, 55, 60, 65, 70, 75, 80, 85, 90, 95, 100]","[12, 4, 5, 5, 3, 4, 12, 6, 10, 13, 9, 7, 10, 9, 7, 3, 808, 21, 19, 646]","[0.007439553626782393, 0.009919404835709857, 0.013019218846869188, 0.016119032858028518, 0.017978921264724116, 0.02045877247365158, 0.027898326100433975, 0.03161810291382517, 0.03781773093614383, 0.04587724736515809, 0.05145691258524489, 0.05579665220086795, 0.06199628022318661, 0.0675759454432734, 0.07191568505889646, 0.07377557346559206, 0.5747055176689398, 0.587724736515809, 0.5995040297582145, 1.0]",4.0,2.0,2.0,2.0,2.0,18,14.12011,8.0,6.0,hrl_dqn_apf,hierarchical,dqn,6.975,9.663,1.661,0.00,0.00,0.00,5.888,9.481,-1.671,0.00,0.00,0.00,0.664,6.828,1.181,0.00,0.00,0.00,3.417,3.417,3.417
2026-02-04 18:32:44,265.03,27,400,427,6.32%,120.01,2.05%,"[0, 5, 10, 15, 20, 25, 30, 35, 40, 45, 50, 55, 60, 65, 70, 75, 80, 85, 90, 95, 100]","[10, 6, 4, 6, 3, 4, 11, 7, 8, 15, 9, 7, 10, 10, 6, 4, 803, 21, 17, 652]","[0.006199628022318661, 0.009919404835709857, 0.012399256044637322, 0.016119032858028518, 0.017978921264724116, 0.02045877247365158, 0.02727836329820211, 0.03161810291382517, 0.0365778053316801, 0.04587724736515809, 0.05145691258524489, 0.05579665220086795, 0.06199628022318661, 0.06819590824550527, 0.07191568505889646, 0.07439553626782393, 0.5722256664600124, 0.5852448853068816, 0.5957842529448233, 1.0]",4.0,2.0,2.0,2.0,2.0,18,14.12011,8.0,6.0,hrl_dqn_apf,hierarchical,dqn,7.154,9.693,2.281,0.00,0.00,0.00,5.844,9.472,-2.171,0.00,0.00,0.00,1.426,6.825,1.183,0.00,0.00,0.00,3.414,3.414,3.414
2026-02-04 18:32:45,266.03,27,400,427,6.32%,120.12,2.05%,"[0, 5, 10, 15, 20, 25, 30, 35, 40, 45, 50, 55, 60, 65, 70, 75, 80, 85, 90, 95, 100]","[9, 8, 4, 6, 3, 3, 12, 7, 8, 14, 10, 5, 11, 9, 8, 4, 801, 23, 17, 651]","[0.005579665220086794, 0.010539367637941723, 0.013019218846869188, 0.016738995660260384, 0.018598884066955982, 0.02045877247365158, 0.027898326100433975, 0.032238065716057036, 0.037197768133911964, 0.04587724736515809, 0.052076875387476754, 0.05517668939863608, 0.06199628022318661, 0.0675759454432734, 0.07253564786112833, 0.0750154990700558, 0.5716057036577805, 0.5858648481091134, 0.5964042157470552, 1.0]",4.0,2.0,2.0,2.0,2.0,9,20.280900000000003,8.0,-6.0,hrl_dqn_apf,hierarchical,dqn,7.327,9.712,2.989,0.00,0.00,0.00,5.711,9.450,-2.845,0.00,0.00,0.00,2.186,6.822,1.185,0.00,0.00,0.00,3.411,3.411,3.411
2026-02-04 18:32:46,267.03,27,401,428,6.31%,120.24,2.05%,"[0, 5, 10, 15, 20, 25, 30, 35, 40, 45, 50, 55, 60, 65, 70, 75, 80, 85, 90, 95, 100]","[8, 9, 4, 5, 3, 4, 9, 10, 8, 13, 11, 5, 11, 9, 7, 5, 799, 24, 16, 653]","[0.0049597024178549285, 0.010539367637941723, 0.013019218846869188, 0.016119032858028518, 0.017978921264724116, 0.02045877247365158, 0.026038437693738377, 0.032238065716057036, 0.037197768133911964, 0.04525728456292622, 0.052076875387476754, 0.05517668939863608, 0.06199628022318661, 0.0675759454432734, 0.07191568505889646, 0.0750154990700558, 0.5703657780533168, 0.5852448853068816, 0.5951642901425914, 1.0]",4.0,2.0,2.0,2.0,2.0,20,-3.55856,8.0,12.0,hrl_dqn_apf,hierarchical,dqn,7.478,9.763,3.679,0.00,0.00,0.00,5.533,9.509,-3.467,0.00,0.00,0.00,2.949,6.819,1.186,0.00,0.00,0.00,3.408,3.408,3.408
2026-02-04 18:32:47,268.03,26,398,424,6.13%,120.33,1.98%,"[0, 5, 10, 15, 20, 25, 30, 35, 40, 45, 50, 55, 60, 65, 70, 75, 80, 85, 90, 95, 100]","[6, 10, 4, 5, 2, 5, 8, 12, 7, 12, 13, 6, 8, 12, 7, 4, 799, 17, 21, 655]","[0.0037197768133911966, 0.009919404835709857, 0.012399256044637322, 0.015499070055796652, 0.016738995660260384, 0.019838809671419714, 0.024798512089274645, 0.032238065716057036, 0.0365778053316801, 0.04401735895846249, 0.052076875387476754, 0.05579665220086795, 0.06075635461872288, 0.06819590824550527, 0.07253564786112833, 0.0750154990700558, 0.5703657780533168, 0.5809051456912585, 0.5939243645381277, 1.0]",4.0,2.0,2.0,2.0,2.0,20,-3.55856,8.0,12.0,hrl_dqn_apf,hierarchical,dqn,6.504,9.833,4.106,0.00,0.00,0.00,5.416,9.614,-2.755,0.00,0.00,0.00,4.473,6.813,1.188,0.00,0.00,0.00,3.405,3.405,3.405
2026-02-04 18:32:48,269.03,25,401,426,5.87%,120.43,1.92%,"[0, 5, 10, 15, 20, 25, 30, 35, 40, 45, 50, 55, 60, 65, 70, 75, 80, 85, 90, 95, 100]","[7, 9, 2, 6, 3, 4, 7, 13, 8, 11, 11, 9, 6, 15, 7, 3, 794, 23, 21, 654]","[0.0043397396156230625, 0.009919404835709857, 0.011159330440173589, 0.014879107253564786, 0.016738995660260384, 0.019218846869187848, 0.023558586484810913, 0.03161810291382517, 0.0365778053316801, 0.04339739615623062, 0.050216986980781156, 0.05579665220086795, 0.059516429014259145, 0.06881587104773713, 0.0731556106633602, 0.0750154990700558, 0.5672659640421575, 0.5815251084934904, 0.5945443273403596, 1.0]",4.0,2.0,2.0,2.0,2.0,20,-3.3987499999999997,8.0,12.0,hrl_dqn_apf,hierarchical,dqn,5.776,9.830,4.139,0.00,0.00,0.00,5.407,9.611,-2.043,0.00,0.00,0.00,4.972,6.679,1.083,0.00,0.00,0.00,3.402,3.402,3.402
2026-02-04 18:32:49,270.04,25,399,424,5.90%,120.57,1.92%,"[0, 5, 10, 15, 20, 25, 30, 35, 40, 45, 50, 55, 60, 65, 70, 75, 80, 85, 90, 95, 100]","[8, 8, 4, 5, 3, 3, 8, 11, 10, 9, 13, 9, 6, 13, 8, 4, 794, 18, 22, 657]","[0.0049597024178549285, 0.009919404835709857, 0.012399256044637322, 0.015499070055796652, 0.01735895846249225, 0.019218846869187848, 0.02417854928704278, 0.030998140111593304, 0.037197768133911964, 0.04277743335399876, 0.05083694978301302, 0.056416615003099815, 0.06013639181649101, 0.06819590824550527, 0.0731556106633602, 0.07563546187228766, 0.5678859268443893, 0.5790452572845629, 0.592684438933664, 1.0]",4.0,2.0,2.0,2.0,2.0,5,-3.23855,8.0,-6.0,hrl_dqn_apf,hierarchical,dqn,5.164,10.084,4.259,0.00,0.00,0.00,5.423,9.913,-1.548,0.00,0.00,0.00,4.791,6.388,0.797,0.00,0.00,0.00,3.399,3.399,3.399
2026-02-04 18:32:50,271.04,25,393,418,5.98%,120.78,1.92%,"[0, 5, 10, 15, 20, 25, 30, 35, 40, 45, 50, 55, 60, 65, 70, 75, 80, 85, 90, 95, 100]","[8, 7, 5, 5, 3, 3, 8, 11, 10, 9, 12, 10, 4, 15, 8, 4, 794, 15, 23, 659]","[0.0049597024178549285, 0.009299442033477991, 0.012399256044637322, 0.015499070055796652, 0.01735895846249225, 0.019218846869187848, 0.02417854928704278, 0.030998140111593304, 0.037197768133911964, 0.04277743335399876, 0.050216986980781156, 0.056416615003099815, 0.05889646621202728, 0.06819590824550527, 0.0731556106633602, 0.07563546187228766, 0.5678859268443893, 0.5771853688778673, 0.5914445133292002, 1.0]",4.0,2.0,2.0,2.0,2.0,5,-3.23855,8.0,-6.0,hrl_dqn_apf,hierarchical,dqn,5.024,10.146,4.738,0.00,0.00,0.00,5.504,10.285,-1.846,0.00,0.00,0.00,4.307,6.041,0.937,0.00,0.00,0.00,3.396,3.396,3.396
2026-02-04 18:32:51,272.05,24,402,426,5.63%,121.13,1.86%,"[0, 5, 10, 15, 20, 25, 30, 35, 40, 45, 50, 55, 60, 65, 70, 75, 80, 85, 90, 95, 100]","[8, 5, 7, 5, 2, 3, 8, 10, 13, 8, 11, 12, 4, 11, 10, 4, 794, 14, 21, 663]","[0.0049597024178549285, 0.008059516429014259, 0.012399256044637322, 0.015499070055796652, 0.016738995660260384, 0.018598884066955982, 0.023558586484810913, 0.029758214507129573, 0.03781773093614383, 0.04277743335399876, 0.04959702417854929, 0.05703657780533168, 0.059516429014259145, 0.06633601983880967, 0.07253564786112833, 0.0750154990700558, 0.5672659640421575, 0.5759454432734036, 0.5889646621202728, 1.0]",4.0,2.0,2.0,2.0,2.0,0,-3.078150000000001,8.0,-12.0,hrl_dqn_apf,hierarchical,dqn,4.999,9.305,5.086,0.00,0.00,0.00,5.759,10.086,-2.845,0.00,0.00,0.00,3.472,5.794,1.851,0.00,0.00,0.00,3.393,3.393,3.393
2026-02-04 18:32:52,273.06,25,399,424,5.90%,121.29,1.92%,"[0, 5, 10, 15, 20, 25, 30, 35, 40, 45, 50, 55, 60, 65, 70, 75, 80, 85, 90, 95, 100]","[8, 5, 8, 5, 2, 3, 8, 8, 15, 7, 12, 11, 5, 11, 10, 4, 793, 14, 17, 667]","[0.0049597024178549285, 0.008059516429014259, 0.013019218846869188, 0.016119032858028518, 0.01735895846249225, 0.019218846869187848, 0.02417854928704278, 0.029138251704897707, 0.038437693738375696, 0.04277743335399876, 0.050216986980781156, 0.05703657780533168, 0.06013639181649101, 0.06695598264104154, 0.0731556106633602, 0.07563546187228766, 0.5672659640421575, 0.5759454432734036, 0.5864848109113453, 1.0]",4.0,2.0,2.0,2.0,2.0,3,15.08191,8.0,-12.0,hrl_dqn_apf,hierarchical,dqn,4.997,9.320,4.886,0.00,0.00,0.00,5.793,9.667,-2.973,0.00,0.00,0.00,2.967,6.156,1.978,0.00,0.00,0.00,3.390,3.390,3.390
2026-02-04 18:32:53,274.06,24,402,426,5.63%,121.49,1.86%,"[0, 5, 10, 15, 20, 25, 30, 35, 40, 45, 50, 55, 60, 65, 70, 75, 80, 85, 90, 95, 100]","[9, 5, 7, 3, 4, 2, 8, 7, 15, 9, 10, 10, 8, 9, 12, 4, 788, 13, 23, 667]","[0.005579665220086794, 0.008679479231246125, 0.013019218846869188, 0.014879107253564786, 0.01735895846249225, 0.018598884066955982, 0.023558586484810913, 0.027898326100433975, 0.037197768133911964, 0.04277743335399876, 0.048977061376317424, 0.05517668939863608, 0.06013639181649101, 0.0657160570365778, 0.0731556106633602, 0.07563546187228766, 0.5641661500309981, 0.5722256664600124, 0.5864848109113453, 1.0]",4.0,2.0,2.0,2.0,2.0,3,15.08191,8.0,-12.0,hrl_dqn_apf,hierarchical,dqn,5.066,9.588,4.516,0.00,0.00,0.00,5.936,9.577,-3.010,0.00,0.00,0.00,2.735,6.232,1.968,0.00,0.00,0.00,3.387,3.387,3.387
2026-02-04 18:32:54,275.07,24,404,428,5.61%,121.69,1.86%,"[0, 5, 10, 15, 20, 25, 30, 35, 40, 45, 50, 55, 60, 65, 70, 75, 80, 85, 90, 95, 100]","[10, 3, 6, 5, 4, 2, 7, 8, 14, 10, 8, 12, 8, 9, 11, 5, 788, 13, 20, 670]","[0.006199628022318661, 0.008059516429014259, 0.011779293242405457, 0.014879107253564786, 0.01735895846249225, 0.018598884066955982, 0.022938623682579044, 0.027898326100433975, 0.0365778053316801, 0.04277743335399876, 0.04773713577185369, 0.05517668939863608, 0.06013639181649101, 0.0657160570365778, 0.07253564786112833, 0.07563546187228766, 0.5641661500309981, 0.5722256664600124, 0.5846249225046497, 1.0]",4.0,2.0,2.0,2.0,2.0,24,21.242060000000002,8.0,12.0,hrl_dqn_apf,hierarchical,dqn,5.343,9.812,4.668,0.00,0.00,0.00,6.477,9.599,-3.021,0.00,0.00,0.00,2.437,6.060,1.613,0.00,0.00,0.00,3.384,3.384,3.384
2026-02-04 18:32:55,276.07,23,404,427,5.39%,121.97,1.80%,"[0, 5, 10, 15, 20, 25, 30, 35, 40, 45, 50, 55, 60, 65, 70, 75, 80, 85, 90, 95, 100]","[8, 4, 5, 7, 3, 2, 7, 8, 12, 13, 9, 11, 10, 7, 12, 5, 782, 18, 15, 675]","[0.0049597024178549285, 0.007439553626782393, 0.010539367637941723, 0.014879107253564786, 0.016738995660260384, 0.017978921264724116, 0.022318660880347178, 0.02727836329820211, 0.0347179169249845, 0.04277743335399876, 0.04835709857408556, 0.05517668939863608, 0.06137631742095474, 0.0657160570365778, 0.0731556106633602, 0.07625542467451953, 0.5610663360198388, 0.5722256664600124, 0.5815251084934904, 1.0]",4.0,2.0,2.0,2.0,2.0,11,3.4024800000000006,8.0,0.0,hrl_dqn_apf,hierarchical,dqn,5.547,9.866,3.771,0.00,0.00,0.00,7.569,9.679,-3.382,0.00,0.00,0.00,3.239,6.147,1.296,0.00,0.00,0.00,3.381,3.381,3.381
2026-02-04 18:32:56,277.08,25,402,427,5.85%,122.10,1.92%,"[0, 5, 10, 15, 20, 25, 30, 35, 40, 45, 50, 55, 60, 65, 70, 75, 80, 85, 90, 95, 100]","[11, 4, 4, 6, 4, 2, 6, 8, 12, 14, 8, 9, 11, 7, 10, 6, 781, 19, 14, 677]","[0.006819590824550527, 0.009299442033477991, 0.011779293242405457, 0.015499070055796652, 0.017978921264724116, 0.019218846869187848, 0.022938623682579044, 0.027898326100433975, 0.035337879727216366, 0.04401735895846249, 0.048977061376317424, 0.05455672659640422, 0.06137631742095474, 0.0657160570365778, 0.07191568505889646, 0.07563546187228766, 0.5598264104153751, 0.5716057036577805, 0.5802851828890266, 1.0]",4.0,2.0,2.0,2.0,2.0,11,3.4024800000000006,8.0,0.0,hrl_dqn_apf,hierarchical,dqn,5.562,9.862,3.047,0.00,0.00,0.00,7.700,9.686,-4.022,0.00,0.00,0.00,3.956,6.145,1.272,0.00,0.00,0.00,3.378,3.378,3.378
2026-02-04 18:32:57,278.09,25,404,429,5.83%,122.28,1.92%,"[0, 5, 10, 15, 20, 25, 30, 35, 40, 45, 50, 55, 60, 65, 70, 75, 80, 85, 90, 95, 100]","[12, 4, 3, 7, 3, 2, 7, 8, 12, 14, 6, 11, 9, 8, 9, 7, 781, 19, 14, 677]","[0.007439553626782393, 0.009919404835709857, 0.011779293242405457, 0.016119032858028518, 0.017978921264724116, 0.019218846869187848, 0.023558586484810913, 0.02851828890266584, 0.03595784252944823, 0.044637321760694355, 0.04835709857408556, 0.05517668939863608, 0.06075635461872288, 0.0657160570365778, 0.0712957222566646, 0.07563546187228766, 0.5598264104153751, 0.5716057036577805, 0.5802851828890266, 1.0]",4.0,2.0,2.0,2.0,2.0,13,15.48237,8.0,0.0,hrl_dqn_apf,hierarchical,dqn,5.646,10.177,2.503,0.00,0.00,0.00,7.866,9.736,-4.625,0.00,0.00,0.00,4.583,6.032,1.211,0.00,0.00,0.00,3.375,3.375,3.375
2026-02-04 18:32:58,279.09,25,402,427,5.85%,122.48,1.92%,"[0, 5, 10, 15, 20, 25, 30, 35, 40, 45, 50, 55, 60, 65, 70, 75, 80, 85, 90, 95, 100]","[13, 3, 3, 7, 1, 4, 6, 8, 10, 15, 8, 11, 7, 10, 8, 8, 777, 20, 11, 683]","[0.008059516429014259, 0.009919404835709857, 0.011779293242405457, 0.016119032858028518, 0.016738995660260384, 0.019218846869187848, 0.022938623682579044, 0.027898326100433975, 0.034097954122752634, 0.04339739615623062, 0.04835709857408556, 0.05517668939863608, 0.059516429014259145, 0.0657160570365778, 0.07067575945443273, 0.07563546187228766, 0.5573465592064476, 0.5697458152510849, 0.5765654060756354, 1.0]",4.0,2.0,2.0,2.0,2.0,2,9.64266,8.0,-12.0,hrl_dqn_apf,hierarchical,dqn,5.998,10.595,2.647,0.00,0.00,0.00,8.407,9.761,-4.859,0.00,0.00,0.00,4.553,5.740,0.851,0.00,0.00,0.00,3.372,3.372,3.372
2026-02-04 18:32:59,280.09,24,404,428,5.61%,122.75,1.86%,"[0, 5, 10, 15, 20, 25, 30, 35, 40, 45, 50, 55, 60, 65, 70, 75, 80, 85, 90, 95, 100]","[10, 6, 1, 7, 3, 3, 7, 7, 10, 14, 10, 8, 9, 11, 6, 10, 775, 20, 13, 683]","[0.006199628022318661, 0.009919404835709857, 0.010539367637941723, 0.014879107253564786, 0.016738995660260384, 0.018598884066955982, 0.022938623682579044, 0.02727836329820211, 0.03347799132052077, 0.04215747055176689, 0.04835709857408556, 0.053316800991940486, 0.05889646621202728, 0.0657160570365778, 0.069435833849969, 0.07563546187228766, 0.5561066336019839, 0.5685058896466212, 0.5765654060756354, 1.0]",4.0,2.0,2.0,2.0,2.0,2,9.64266,8.0,-12.0,hrl_dqn_apf,hierarchical,dqn,6.744,10.469,3.423,0.00,0.00,0.00,9.851,9.758,-4.955,0.00,0.00,0.00,3.927,5.830,-0.015,0.00,0.00,0.00,3.369,3.369,3.369
2026-02-04 18:33:00,281.10,24,404,428,5.61%,122.84,1.86%,"[0, 5, 10, 15, 20, 25, 30, 35, 40, 45, 50, 55, 60, 65, 70, 75, 80, 85, 90, 95, 100]","[8, 7, 2, 5, 5, 3, 8, 7, 9, 14, 10, 9, 8, 13, 5, 10, 775, 17, 17, 681]","[0.0049597024178549285, 0.009299442033477991, 0.010539367637941723, 0.013639181649101054, 0.016738995660260384, 0.018598884066955982, 0.023558586484810913, 0.027898326100433975, 0.03347799132052077, 0.04215747055176689, 0.04835709857408556, 0.05393676379417235, 0.05889646621202728, 0.06695598264104154, 0.07005579665220087, 0.07625542467451953, 0.5567265964042157, 0.5672659640421575, 0.5778053316800992, 1.0]",4.0,2.0,2.0,2.0,2.0,17,9.80323,8.0,6.0,hrl_dqn_apf,hierarchical,dqn,6.840,10.049,3.529,0.00,0.00,0.00,10.607,9.755,-4.962,0.00,0.00,0.00,3.837,6.260,-0.129,0.00,0.00,0.00,3.365,3.365,3.365
2026-02-04 18:33:01,282.10,26,398,424,6.13%,122.94,1.98%,"[0, 5, 10, 15, 20, 25, 30, 35, 40, 45, 50, 55, 60, 65, 70, 75, 80, 85, 90, 95, 100]","[10, 7, 2, 5, 5, 3, 6, 6, 10, 13, 12, 9, 8, 12, 5, 9, 775, 14, 19, 683]","[0.006199628022318661, 0.010539367637941723, 0.011779293242405457, 0.014879107253564786, 0.017978921264724116, 0.019838809671419714, 0.023558586484810913, 0.02727836329820211, 0.03347799132052077, 0.041537507749535026, 0.048977061376317424, 0.05455672659640422, 0.059516429014259145, 0.06695598264104154, 0.07005579665220087, 0.07563546187228766, 0.5561066336019839, 0.56478611283323, 0.5765654060756354, 1.0]",4.0,2.0,2.0,2.0,2.0,10,-2.0369399999999995,8.0,0.0,hrl_dqn_apf,hierarchical,dqn,6.870,9.637,3.562,0.00,0.00,0.00,11.113,9.874,-4.965,0.00,0.00,0.00,3.808,6.466,-0.233,0.00,0.00,0.00,3.363,3.363,3.363
2026-02-04 18:33:02,283.10,27,397,424,6.37%,123.07,2.05%,"[0, 5, 10, 15, 20, 25, 30, 35, 40, 45, 50, 55, 60, 65, 70, 75, 80, 85, 90, 95, 100]","[8, 10, 2, 5, 5, 3, 6, 6, 10, 13, 12, 7, 9, 12, 6, 7, 771, 20, 19, 682]","[0.0049597024178549285, 0.011159330440173589, 0.012399256044637322, 0.015499070055796652, 0.018598884066955982, 0.02045877247365158, 0.02417854928704278, 0.027898326100433975, 0.034097954122752634, 0.04215747055176689, 0.04959702417854929, 0.05393676379417235, 0.059516429014259145, 0.06695598264104154, 0.07067575945443273, 0.0750154990700558, 0.5530068195908245, 0.5654060756354619, 0.5771853688778673, 1.0]",4.0,2.0,2.0,2.0,2.0,10,-2.0369399999999995,8.0,0.0,hrl_dqn_apf,hierarchical,dqn,6.924,9.412,3.572,0.00,0.00,0.00,10.826,9.933,-4.966,0.00,0.00,0.00,3.799,6.477,-0.720,0.00,0.00,0.00,3.360,3.359,3.359
2026-02-04 18:33:03,284.10,26,396,422,6.16%,123.45,1.98%,"[0, 5, 10, 15, 20, 25, 30, 35, 40, 45, 50, 55, 60, 65, 70, 75, 80, 85, 90, 95, 100]","[8, 11, 3, 3, 6, 1, 8, 5, 9, 11, 14, 8, 9, 9, 9, 5, 773, 14, 20, 687]","[0.0049597024178549285, 0.011779293242405457, 0.013639181649101054, 0.015499070055796652, 0.019218846869187848, 0.019838809671419714, 0.024798512089274645, 0.027898326100433975, 0.03347799132052077, 0.040297582145071294, 0.048977061376317424, 0.05393676379417235, 0.059516429014259145, 0.06509609423434594, 0.07067575945443273, 0.07377557346559206, 0.5530068195908245, 0.5616862988220707, 0.574085554866708, 1.0]",4.0,2.0,2.0,2.0,2.0,17,10.12323,8.0,6.0,hrl_dqn_apf,hierarchical,dqn,8.025,9.457,3.576,0.00,0.00,0.00,9.485,9.933,-4.965,0.00,0.00,0.00,3.796,6.619,-1.592,0.00,0.00,0.00,3.357,3.357,3.357
2026-02-04 18:33:04,285.10,27,397,424,6.37%,123.62,2.05%,"[0, 5, 10, 15, 20, 25, 30, 35, 40, 45, 50, 55, 60, 65, 70, 75, 80, 85, 90, 95, 100]","[9, 9, 5, 2, 5, 3, 7, 6, 9, 11, 13, 8, 7, 11, 9, 4, 773, 15, 20, 687]","[0.005579665220086794, 0.011159330440173589, 0.01425914445133292, 0.015499070055796652, 0.018598884066955982, 0.02045877247365158, 0.024798512089274645, 0.02851828890266584, 0.034097954122752634, 0.04091754494730316, 0.048977061376317424, 0.05393676379417235, 0.05827650340979541, 0.06509609423434594, 0.07067575945443273, 0.0731556106633602, 0.5523868567885927, 0.5616862988220707, 0.574085554866708, 1.0]",4.0,2.0,2.0,2.0,2.0,17,10.12323,8.0,6.0,hrl_dqn_apf,hierarchical,dqn,8.549,9.527,3.793,0.00,0.00,0.00,8.732,9.930,-4.965,0.00,0.00,0.00,3.796,6.643,-1.137,0.00,0.00,0.00,3.354,3.353,3.353
2026-02-04 18:33:05,286.11,27,399,426,6.34%,123.80,2.05%,"[0, 5, 10, 15, 20, 25, 30, 35, 40, 45, 50, 55, 60, 65, 70, 75, 80, 85, 90, 95, 100]","[9, 8, 5, 3, 4, 4, 7, 6, 9, 10, 14, 8, 7, 10, 10, 3, 774, 14, 17, 691]","[0.005579665220086794, 0.010539367637941723, 0.013639181649101054, 0.015499070055796652, 0.017978921264724116, 0.02045877247365158, 0.024798512089274645, 0.02851828890266584, 0.034097954122752634, 0.040297582145071294, 0.048977061376317424, 0.05393676379417235, 0.05827650340979541, 0.06447613143211407, 0.07067575945443273, 0.07253564786112833, 0.5523868567885927, 0.5610663360198388, 0.5716057036577805, 1.0]",4.0,2.0,2.0,2.0,2.0,21,4.28398,8.0,12.0,hrl_dqn_apf,hierarchical,dqn,8.730,9.543,4.378,0.00,0.00,0.00,7.974,9.927,-4.964,0.00,0.00,0.00,3.795,6.642,-0.463,0.00,0.00,0.00,3.351,3.351,3.351
2026-02-04 18:33:06,287.11,27,397,424,6.37%,123.93,2.05%,"[0, 5, 10, 15, 20, 25, 30, 35, 40, 45, 50, 55, 60, 65, 70, 75, 80, 85, 90, 95, 100]","[9, 7, 6, 3, 3, 5, 7, 6, 8, 11, 11, 11, 7, 10, 10, 3, 773, 14, 16, 693]","[0.005579665220086794, 0.009919404835709857, 0.013639181649101054, 0.015499070055796652, 0.01735895846249225, 0.02045877247365158, 0.024798512089274645, 0.02851828890266584, 0.03347799132052077, 0.040297582145071294, 0.047117172969621826, 0.05393676379417235, 0.05827650340979541, 0.06447613143211407, 0.07067575945443273, 0.07253564786112833, 0.5517668939863608, 0.5604463732176069, 0.5703657780533168, 1.0]",4.0,2.0,2.0,2.0,2.0,3,16.44399,8.0,-12.0,hrl_dqn_apf,hierarchical,dqn,8.787,9.542,5.092,0.00,0.00,0.00,7.325,10.005,-4.964,0.00,0.00,0.00,3.794,6.639,0.277,0.00,0.00,0.00,3.348,3.347,3.347
2026-02-04 18:33:07,288.11,26,402,428,6.07%,124.13,1.98%,"[0, 5, 10, 15, 20, 25, 30, 35, 40, 45, 50, 55, 60, 65, 70, 75, 80, 85, 90, 95, 100]","[9, 5, 8, 3, 2, 5, 7, 6, 7, 13, 10, 12, 6, 11, 11, 3, 766, 15, 20, 694]","[0.005579665220086794, 0.008679479231246125, 0.013639181649101054, 0.015499070055796652, 0.016738995660260384, 0.019838809671419714, 0.02417854928704278, 0.027898326100433975, 0.032238065716057036, 0.040297582145071294, 0.04649721016738995, 0.05393676379417235, 0.05765654060756355, 0.06447613143211407, 0.0712957222566646, 0.0731556106633602, 0.5480471171729696, 0.5573465592064476, 0.5697458152510849, 1.0]",4.0,2.0,2.0,2.0,2.0,3,16.44399,8.0,-12.0,hrl_dqn_apf,hierarchical,dqn,8.811,9.536,6.599,0.00,0.00,0.00,7.671,9.589,-4.963,0.00,0.00,0.00,4.076,6.713,1.514,0.00,0.00,0.00,3.344,3.344,3.344
2026-02-04 18:33:08,289.11,27,400,427,6.32%,124.25,2.05%,"[0, 5, 10, 15, 20, 25, 30, 35, 40, 45, 50, 55, 60, 65, 70, 75, 80, 85, 90, 95, 100]","[9, 4, 9, 4, 2, 5, 5, 8, 7, 11, 9, 13, 7, 11, 9, 6, 764, 17, 17, 696]","[0.005579665220086794, 0.008059516429014259, 0.013639181649101054, 0.016119032858028518, 0.01735895846249225, 0.02045877247365158, 0.023558586484810913, 0.02851828890266584, 0.0328580285182889, 0.03967761934283943, 0.04525728456292622, 0.053316800991940486, 0.05765654060756355, 0.06447613143211407, 0.07005579665220087, 0.07377557346559206, 0.5474271543707377, 0.5579665220086795, 0.5685058896466212, 1.0]",4.0,2.0,2.0,2.0,2.0,7,10.6041,8.0,-6.0,hrl_dqn_apf,hierarchical,dqn,8.813,9.533,7.361,0.00,0.00,0.00,7.746,9.178,-4.963,0.00,0.00,0.00,4.526,6.794,1.502,0.00,0.00,0.00,3.342,3.342,3.342
2026-02-04 18:33:09,290.12,25,402,427,5.85%,124.40,1.92%,"[0, 5, 10, 15, 20, 25, 30, 35, 40, 45, 50, 55, 60, 65, 70, 75, 80, 85, 90, 95, 100]","[7, 6, 7, 6, 0, 5, 7, 7, 8, 10, 10, 13, 7, 10, 10, 6, 760, 21, 15, 698]","[0.0043397396156230625, 0.008059516429014259, 0.012399256044637322, 0.016119032858028518, 0.016119032858028518, 0.019218846869187848, 0.023558586484810913, 0.027898326100433975, 0.0328580285182889, 0.03905765654060756, 0.04525728456292622, 0.053316800991940486, 0.05765654060756355, 0.0638561686298822, 0.07005579665220087, 0.07377557346559206, 0.5449473031618103, 0.5579665220086795, 0.5672659640421575, 1.0]",4.0,2.0,2.0,2.0,2.0,11,4.76469,8.0,0.0,hrl_dqn_apf,hierarchical,dqn,8.814,9.649,7.891,0.00,0.00,0.00,7.912,9.100,-4.963,0.00,0.00,0.00,4.700,6.817,0.984,0.00,0.00,0.00,3.338,3.338,3.338
2026-02-04 18:33:10,291.12,24,403,427,5.62%,124.53,1.86%,"[0, 5, 10, 15, 20, 25, 30, 35, 40, 45, 50, 55, 60, 65, 70, 75, 80, 85, 90, 95, 100]","[7, 6, 6, 6, 1, 4, 8, 7, 8, 10, 10, 14, 7, 10, 9, 7, 754, 26, 17, 696]","[0.0043397396156230625, 0.008059516429014259, 0.011779293242405457, 0.015499070055796652, 0.016119032858028518, 0.018598884066955982, 0.023558586484810913, 0.027898326100433975, 0.0328580285182889, 0.03905765654060756, 0.04525728456292622, 0.05393676379417235, 0.05827650340979541, 0.06447613143211407, 0.07005579665220087, 0.07439553626782393, 0.541847489150651, 0.5579665220086795, 0.5685058896466212, 1.0]",4.0,2.0,2.0,2.0,2.0,11,4.76469,8.0,0.0,hrl_dqn_apf,hierarchical,dqn,8.814,9.711,7.615,0.00,0.00,0.00,8.402,9.148,-4.904,0.00,0.00,0.00,4.754,6.816,0.290,0.00,0.00,0.00,3.336,3.336,3.336
2026-02-04 18:33:11,292.13,25,402,427,5.85%,124.81,1.92%,"[0, 5, 10, 15, 20, 25, 30, 35, 40, 45, 50, 55, 60, 65, 70, 75, 80, 85, 90, 95, 100]","[8, 8, 3, 9, 1, 2, 9, 6, 8, 9, 10, 12, 10, 8, 9, 8, 752, 22, 18, 701]","[0.0049597024178549285, 0.009919404835709857, 0.011779293242405457, 0.01735895846249225, 0.017978921264724116, 0.019218846869187848, 0.024798512089274645, 0.02851828890266584, 0.03347799132052077, 0.03905765654060756, 0.04525728456292622, 0.05269683818970862, 0.05889646621202728, 0.0638561686298822, 0.069435833849969, 0.07439553626782393, 0.5406075635461872, 0.5542467451952883, 0.5654060756354619, 1.0]",4.0,2.0,2.0,2.0,2.0,22,10.92613,8.0,12.0,hrl_dqn_apf,hierarchical,dqn,8.814,9.711,6.270,0.00,0.00,0.00,8.731,9.190,-3.766,0.00,0.00,0.00,4.778,6.810,-1.210,0.00,0.00,0.00,3.332,3.332,3.332
2026-02-04 18:33:12,293.13,26,401,427,6.09%,124.96,1.98%,"[0, 5, 10, 15, 20, 25, 30, 35, 40, 45, 50, 55, 60, 65, 70, 75, 80, 85, 90, 95, 100]","[9, 7, 3, 10, 0, 3, 9, 6, 8, 9, 10, 10, 12, 8, 9, 8, 749, 23, 16, 704]","[0.005579665220086794, 0.009919404835709857, 0.011779293242405457, 0.017978921264724116, 0.017978921264724116, 0.019838809671419714, 0.02541847489150651, 0.029138251704897707, 0.034097954122752634, 0.03967761934283943, 0.04587724736515809, 0.052076875387476754, 0.059516429014259145, 0.06447613143211407, 0.07005579665220087, 0.0750154990700558, 0.5393676379417235, 0.5536267823930564, 0.5635461872287663, 1.0]",4.0,2.0,2.0,2.0,2.0,13,17.08645,8.0,0.0,hrl_dqn_apf,hierarchical,dqn,8.813,9.708,5.520,0.00,0.00,0.00,8.756,9.188,-3.030,0.00,0.00,0.00,4.953,6.876,-1.800,0.00,0.00,0.00,3.329,3.329,3.329
2026-02-04 18:33:13,294.13,28,399,427,6.56%,125.05,2.11%,"[0, 5, 10, 15, 20, 25, 30, 35, 40, 45, 50, 55, 60, 65, 70, 75, 80, 85, 90, 95, 100]","[10, 8, 4, 9, 0, 3, 9, 5, 9, 8, 10, 9, 12, 10, 9, 5, 751, 21, 18, 703]","[0.006199628022318661, 0.011159330440173589, 0.013639181649101054, 0.019218846869187848, 0.019218846869187848, 0.021078735275883446, 0.026658400495970243, 0.029758214507129573, 0.035337879727216366, 0.040297582145071294, 0.04649721016738995, 0.052076875387476754, 0.059516429014259145, 0.0657160570365778, 0.0712957222566646, 0.07439553626782393, 0.5399876007439554, 0.5530068195908245, 0.5641661500309981, 1.0]",4.0,2.0,2.0,2.0,2.0,13,17.08645,8.0,0.0,hrl_dqn_apf,hierarchical,dqn,8.813,9.705,4.760,0.00,0.00,0.00,8.898,9.416,-2.453,0.00,0.00,0.00,5.354,6.845,-1.988,0.00,0.00,0.00,3.327,3.326,3.326
2026-02-04 18:33:14,295.13,26,401,427,6.09%,125.18,1.98%,"[0, 5, 10, 15, 20, 25, 30, 35, 40, 45, 50, 55, 60, 65, 70, 75, 80, 85, 90, 95, 100]","[12, 7, 3, 8, 2, 0, 9, 7, 8, 9, 9, 10, 12, 10, 8, 6, 751, 17, 22, 703]","[0.007439553626782393, 0.011779293242405457, 0.013639181649101054, 0.018598884066955982, 0.019838809671419714, 0.019838809671419714, 0.02541847489150651, 0.029758214507129573, 0.0347179169249845, 0.040297582145071294, 0.04587724736515809, 0.052076875387476754, 0.059516429014259145, 0.0657160570365778, 0.07067575945443273, 0.07439553626782393, 0.5399876007439554, 0.5505269683818971, 0.5641661500309981, 1.0]",4.0,2.0,2.0,2.0,2.0,12,11.24685,8.0,0.0,hrl_dqn_apf,hierarchical,dqn,8.812,9.702,4.000,0.00,0.00,0.00,9.414,9.670,-2.378,0.00,0.00,0.00,5.114,6.692,-1.907,0.00,0.00,0.00,3.323,3.323,3.323
2026-02-04 18:33:15,296.13,26,395,421,6.18%,125.39,1.98%,"[0, 5, 10, 15, 20, 25, 30, 35, 40, 45, 50, 55, 60, 65, 70, 75, 80, 85, 90, 95, 100]","[10, 6, 6, 5, 5, 0, 7, 10, 9, 9, 8, 10, 12, 11, 8, 5, 750, 14, 25, 703]","[0.006199628022318661, 0.009919404835709857, 0.013639181649101054, 0.016738995660260384, 0.019838809671419714, 0.019838809671419714, 0.02417854928704278, 0.03037817730936144, 0.03595784252944823, 0.041537507749535026, 0.04649721016738995, 0.05269683818970862, 0.06013639181649101, 0.06695598264104154, 0.07191568505889646, 0.0750154990700558, 0.5399876007439554, 0.5486670799752015, 0.5641661500309981, 1.0]",4.0,2.0,2.0,2.0,2.0,9,23.32678,8.0,-6.0,hrl_dqn_apf,hierarchical,dqn,8.811,9.696,2.477,0.00,0.00,0.00,10.836,9.840,-2.491,0.00,0.00,0.00,4.378,6.619,-1.711,0.00,0.00,0.00,3.320,3.320,3.320
2026-02-04 18:33:16,297.14,27,396,423,6.38%,125.47,2.05%,"[0, 5, 10, 15, 20, 25, 30, 35, 40, 45, 50, 55, 60, 65, 70, 75, 80, 85, 90, 95, 100]","[7, 10, 6, 4, 6, 0, 7, 9, 10, 9, 7, 10, 11, 12, 8, 4, 747, 16, 24, 706]","[0.0043397396156230625, 0.010539367637941723, 0.01425914445133292, 0.016738995660260384, 0.02045877247365158, 0.02045877247365158, 0.024798512089274645, 0.03037817730936144, 0.0365778053316801, 0.04215747055176689, 0.04649721016738995, 0.05269683818970862, 0.059516429014259145, 0.06695598264104154, 0.07191568505889646, 0.07439553626782393, 0.5375077495350279, 0.5474271543707377, 0.5623062616243025, 1.0]",4.0,2.0,2.0,2.0,2.0,9,23.32678,8.0,-6.0,hrl_dqn_apf,hierarchical,dqn,8.811,9.693,1.713,0.00,0.00,0.00,11.592,9.834,-2.507,0.00,0.00,0.00,4.686,6.665,-1.517,0.00,0.00,0.00,3.317,3.317,3.317
2026-02-04 18:33:17,298.14,28,393,421,6.65%,125.59,2.11%,"[0, 5, 10, 15, 20, 25, 30, 35, 40, 45, 50, 55, 60, 65, 70, 75, 80, 85, 90, 95, 100]","[8, 9, 7, 3, 7, 0, 6, 9, 9, 9, 8, 10, 12, 12, 6, 6, 747, 14, 22, 709]","[0.0049597024178549285, 0.010539367637941723, 0.014879107253564786, 0.016738995660260384, 0.021078735275883446, 0.021078735275883446, 0.024798512089274645, 0.03037817730936144, 0.03595784252944823, 0.041537507749535026, 0.04649721016738995, 0.05269683818970862, 0.06013639181649101, 0.0675759454432734, 0.0712957222566646, 0.0750154990700558, 0.5381277123372598, 0.5468071915685059, 0.5604463732176069, 1.0]",4.0,2.0,2.0,2.0,2.0,22,11.48696,8.0,12.0,hrl_dqn_apf,hierarchical,dqn,8.927,9.750,1.068,0.00,0.00,0.00,12.351,9.830,-2.512,0.00,0.00,0.00,4.814,6.679,-0.951,0.00,0.00,0.00,3.314,3.314,3.314
2026-02-04 18:33:18,299.15,28,391,419,6.68%,125.73,2.11%,"[0, 5, 10, 15, 20, 25, 30, 35, 40, 45, 50, 55, 60, 65, 70, 75, 80, 85, 90, 95, 100]","[9, 7, 6, 5, 7, 0, 6, 9, 8, 10, 7, 10, 11, 13, 8, 6, 745, 14, 23, 709]","[0.005579665220086794, 0.009919404835709857, 0.013639181649101054, 0.016738995660260384, 0.021078735275883446, 0.021078735275883446, 0.024798512089274645, 0.03037817730936144, 0.035337879727216366, 0.041537507749535026, 0.04587724736515809, 0.052076875387476754, 0.05889646621202728, 0.06695598264104154, 0.07191568505889646, 0.07563546187228766, 0.5375077495350279, 0.546187228766274, 0.5604463732176069, 1.0]",4.0,2.0,2.0,2.0,2.0,24,23.64743,8.0,12.0,hrl_dqn_apf,hierarchical,dqn,9.446,9.779,0.817,0.00,0.00,0.00,13.111,9.826,-2.514,0.00,0.00,0.00,4.854,6.678,-0.245,0.00,0.00,0.00,3.311,3.311,3.311
2026-02-04 18:33:19,300.16,28,393,421,6.65%,125.90,2.11%,"[0, 5, 10, 15, 20, 25, 30, 35, 40, 45, 50, 55, 60, 65, 70, 75, 80, 85, 90, 95, 100]","[7, 9, 4, 6, 5, 3, 4, 9, 10, 10, 9, 9, 11, 13, 8, 5, 745, 15, 15, 716]","[0.0043397396156230625, 0.009919404835709857, 0.012399256044637322, 0.016119032858028518, 0.019218846869187848, 0.021078735275883446, 0.023558586484810913, 0.029138251704897707, 0.035337879727216366, 0.041537507749535026, 0.047117172969621826, 0.05269683818970862, 0.059516429014259145, 0.0675759454432734, 0.07253564786112833, 0.07563546187228766, 0.5375077495350279, 0.5468071915685059, 0.5561066336019839, 1.0]",4.0,2.0,2.0,2.0,2.0,24,23.64743,8.0,12.0,hrl_dqn_apf,hierarchical,dqn,10.868,9.776,0.714,0.00,0.00,0.00,14.620,9.820,-2.516,0.00,0.00,0.00,4.869,6.673,1.245,0.00,0.00,0.00,3.308,3.308,3.308
2026-02-04 18:33:20,301.16,28,393,421,6.65%,125.98,2.11%,"[0, 5, 10, 15, 20, 25, 30, 35, 40, 45, 50, 55, 60, 65, 70, 75, 80, 85, 90, 95, 100]","[6, 10, 3, 8, 2, 5, 4, 7, 12, 10, 9, 9, 10, 13, 9, 5, 745, 13, 15, 718]","[0.0037197768133911966, 0.009919404835709857, 0.011779293242405457, 0.016738995660260384, 0.017978921264724116, 0.021078735275883446, 0.023558586484810913, 0.027898326100433975, 0.035337879727216366, 0.041537507749535026, 0.047117172969621826, 0.05269683818970862, 0.05889646621202728, 0.06695598264104154, 0.07253564786112833, 0.07563546187228766, 0.5375077495350279, 0.5455672659640421, 0.5548667079975201, 1.0]",4.0,2.0,2.0,2.0,2.0,4,23.80746,8.0,-12.0,hrl_dqn_apf,hierarchical,dqn,11.624,9.773,0.706,0.00,0.00,0.00,15.381,9.817,-2.517,0.00,0.00,0.00,4.870,6.670,2.005,0.00,0.00,0.00,3.305,3.305,3.305
2026-02-04 18:33:21,302.17,29,392,421,6.89%,125.99,2.17%,"[0, 5, 10, 15, 20, 25, 30, 35, 40, 45, 50, 55, 60, 65, 70, 75, 80, 85, 90, 95, 100]","[7, 9, 4, 8, 1, 6, 4, 7, 12, 10, 9, 7, 11, 13, 10, 5, 742, 12, 19, 717]","[0.0043397396156230625, 0.009919404835709857, 0.012399256044637322, 0.01735895846249225, 0.017978921264724116, 0.02169869807811531, 0.02417854928704278, 0.02851828890266584, 0.03595784252944823, 0.04215747055176689, 0.04773713577185369, 0.052076875387476754, 0.05889646621202728, 0.06695598264104154, 0.0731556106633602, 0.07625542467451953, 0.5362678239305642, 0.5437073775573465, 0.555486670799752, 1.0]",4.0,2.0,2.0,2.0,2.0,20,-0.03240000000000087,8.0,12.0,hrl_dqn_apf,hierarchical,dqn,12.403,9.770,0.703,0.00,0.00,0.00,16.024,9.878,-2.657,0.00,0.00,0.00,4.869,6.666,2.785,0.00,0.00,0.00,3.302,3.302,3.302
2026-02-04 18:33:22,303.18,29,392,421,6.89%,126.04,2.17%,"[0, 5, 10, 15, 20, 25, 30, 35, 40, 45, 50, 55, 60, 65, 70, 75, 80, 85, 90, 95, 100]","[8, 7, 5, 9, 0, 6, 4, 6, 12, 10, 8, 9, 11, 13, 10, 3, 745, 12, 15, 720]","[0.0049597024178549285, 0.009299442033477991, 0.012399256044637322, 0.017978921264724116, 0.017978921264724116, 0.02169869807811531, 0.02417854928704278, 0.027898326100433975, 0.035337879727216366, 0.041537507749535026, 0.04649721016738995, 0.052076875387476754, 0.05889646621202728, 0.06695598264104154, 0.0731556106633602, 0.0750154990700558, 0.536887786732796, 0.5443273403595784, 0.5536267823930564, 1.0]",4.0,2.0,2.0,2.0,2.0,20,-0.03240000000000087,8.0,12.0,hrl_dqn_apf,hierarchical,dqn,13.114,9.806,0.751,0.00,0.00,0.00,16.258,9.903,-3.195,0.00,0.00,0.00,4.868,6.663,3.545,0.00,0.00,0.00,3.299,3.299,3.299
2026-02-04 18:33:23,304.18,30,390,420,7.14%,126.18,2.23%,"[0, 5, 10, 15, 20, 25, 30, 35, 40, 45, 50, 55, 60, 65, 70, 75, 80, 85, 90, 95, 100]","[8, 7, 6, 8, 3, 4, 5, 5, 13, 8, 10, 8, 10, 13, 10, 5, 738, 17, 15, 720]","[0.0049597024178549285, 0.009299442033477991, 0.013019218846869188, 0.017978921264724116, 0.019838809671419714, 0.022318660880347178, 0.02541847489150651, 0.02851828890266584, 0.0365778053316801, 0.041537507749535026, 0.04773713577185369, 0.05269683818970862, 0.05889646621202728, 0.06695598264104154, 0.0731556106633602, 0.07625542467451953, 0.5337879727216367, 0.5443273403595784, 0.5536267823930564, 1.0]",4.0,2.0,2.0,2.0,2.0,11,6.128030000000001,8.0,0.0,hrl_dqn_apf,hierarchical,dqn,13.197,9.943,1.527,0.00,0.00,0.00,16.353,9.900,-4.636,0.00,0.00,0.00,4.866,6.657,5.066,0.00,0.00,0.00,3.296,3.296,3.296
2026-02-04 18:33:24,305.19,29,393,422,6.87%,126.29,2.17%,"[0, 5, 10, 15, 20, 25, 30, 35, 40, 45, 50, 55, 60, 65, 70, 75, 80, 85, 90, 95, 100]","[7, 7, 8, 6, 5, 2, 7, 5, 12, 10, 9, 8, 10, 12, 11, 5, 735, 20, 15, 719]","[0.0043397396156230625, 0.008679479231246125, 0.013639181649101054, 0.01735895846249225, 0.02045877247365158, 0.02169869807811531, 0.026038437693738377, 0.029138251704897707, 0.0365778053316801, 0.04277743335399876, 0.04835709857408556, 0.053316800991940486, 0.059516429014259145, 0.06695598264104154, 0.07377557346559206, 0.07687538747675139, 0.532548047117173, 0.5449473031618103, 0.5542467451952883, 1.0]",4.0,2.0,2.0,2.0,2.0,9,24.28801,8.0,-6.0,hrl_dqn_apf,hierarchical,dqn,12.592,9.950,1.639,0.00,0.00,0.00,16.605,9.972,-5.154,0.00,0.00,0.00,4.866,6.654,5.829,0.00,0.00,0.00,3.293,3.293,3.293
2026-02-04 18:33:25,306.19,29,389,418,6.94%,126.39,2.17%,"[0, 5, 10, 15, 20, 25, 30, 35, 40, 45, 50, 55, 60, 65, 70, 75, 80, 85, 90, 95, 100]","[8, 7, 8, 5, 6, 1, 8, 4, 12, 11, 9, 8, 10, 12, 10, 6, 735, 19, 16, 718]","[0.0049597024178549285, 0.009299442033477991, 0.01425914445133292, 0.01735895846249225, 0.021078735275883446, 0.02169869807811531, 0.026658400495970243, 0.029138251704897707, 0.0365778053316801, 0.04339739615623062, 0.048977061376317424, 0.05393676379417235, 0.06013639181649101, 0.0675759454432734, 0.07377557346559206, 0.07749535027898326, 0.5331680099194048, 0.5449473031618103, 0.5548667079975201, 1.0]",4.0,2.0,2.0,2.0,2.0,9,24.28801,8.0,-6.0,hrl_dqn_apf,hierarchical,dqn,11.872,9.948,1.675,0.00,0.00,0.00,17.205,9.985,-5.328,0.00,0.00,0.00,4.865,6.651,6.592,0.00,0.00,0.00,3.290,3.290,3.290
2026-02-04 18:33:26,307.19,30,388,418,7.18%,126.41,2.23%,"[0, 5, 10, 15, 20, 25, 30, 35, 40, 45, 50, 55, 60, 65, 70, 75, 80, 85, 90, 95, 100]","[8, 7, 9, 5, 6, 1, 8, 4, 10, 12, 9, 8, 9, 14, 9, 7, 733, 19, 12, 723]","[0.0049597024178549285, 0.009299442033477991, 0.014879107253564786, 0.017978921264724116, 0.02169869807811531, 0.022318660880347178, 0.02727836329820211, 0.029758214507129573, 0.03595784252944823, 0.04339739615623062, 0.048977061376317424, 0.05393676379417235, 0.059516429014259145, 0.06819590824550527, 0.07377557346559206, 0.07811531308121512, 0.532548047117173, 0.5443273403595784, 0.5517668939863608, 1.0]",4.0,2.0,2.0,2.0,2.0,9,24.44831,8.0,-6.0,hrl_dqn_apf,hierarchical,dqn,11.126,9.945,1.686,0.00,0.00,0.00,17.918,9.984,-5.382,0.00,0.00,0.00,4.897,6.679,7.317,0.00,0.00,0.00,3.287,3.287,3.287
2026-02-04 18:33:27,308.19,31,387,418,7.42%,126.45,2.29%,"[0, 5, 10, 15, 20, 25, 30, 35, 40, 45, 50, 55, 60, 65, 70, 75, 80, 85, 90, 95, 100]","[9, 8, 6, 6, 6, 2, 10, 5, 9, 14, 8, 7, 9, 14, 10, 5, 733, 19, 14, 719]","[0.005579665220086794, 0.010539367637941723, 0.01425914445133292, 0.017978921264724116, 0.02169869807811531, 0.022938623682579044, 0.029138251704897707, 0.032238065716057036, 0.03781773093614383, 0.04649721016738995, 0.05145691258524489, 0.05579665220086795, 0.06137631742095474, 0.07005579665220087, 0.07625542467451953, 0.07935523868567886, 0.5337879727216367, 0.5455672659640421, 0.5542467451952883, 1.0]",4.0,2.0,2.0,2.0,2.0,9,24.44831,8.0,-6.0,hrl_dqn_apf,hierarchical,dqn,9.655,9.864,1.692,0.00,0.00,0.00,19.347,9.899,-5.405,0.00,0.00,0.00,5.963,6.737,7.784,0.00,0.00,0.00,3.284,3.284,3.284
2026-02-04 18:33:28,309.20,32,384,416,7.69%,126.49,2.36%,"[0, 5, 10, 15, 20, 25, 30, 35, 40, 45, 50, 55, 60, 65, 70, 75, 80, 85, 90, 95, 100]","[10, 7, 6, 6, 6, 3, 9, 5, 9, 15, 6, 9, 9, 13, 10, 6, 733, 14, 18, 719]","[0.006199628022318661, 0.010539367637941723, 0.01425914445133292, 0.017978921264724116, 0.02169869807811531, 0.023558586484810913, 0.029138251704897707, 0.032238065716057036, 0.03781773093614383, 0.047117172969621826, 0.05083694978301302, 0.056416615003099815, 0.06199628022318661, 0.07005579665220087, 0.07625542467451953, 0.07997520148791072, 0.5344079355238686, 0.5430874147551147, 0.5542467451952883, 1.0]",4.0,2.0,2.0,2.0,2.0,15,0.6111199999999997,8.0,6.0,hrl_dqn_apf,hierarchical,dqn,8.913,9.835,1.693,0.00,0.00,0.00,20.079,9.870,-5.407,0.00,0.00,0.00,6.693,6.735,7.819,0.00,0.00,0.00,3.281,3.281,3.281
2026-02-04 18:33:29,310.20,33,379,412,8.01%,126.50,2.42%,"[0, 5, 10, 15, 20, 25, 30, 35, 40, 45, 50, 55, 60, 65, 70, 75, 80, 85, 90, 95, 100]","[9, 6, 6, 8, 4, 6, 7, 7, 8, 15, 7, 9, 9, 13, 10, 6, 732, 13, 21, 717]","[0.005579665220086794, 0.009299442033477991, 0.013019218846869188, 0.017978921264724116, 0.02045877247365158, 0.02417854928704278, 0.02851828890266584, 0.0328580285182889, 0.03781773093614383, 0.047117172969621826, 0.05145691258524489, 0.05703657780533168, 0.06261624302541847, 0.07067575945443273, 0.07687538747675139, 0.08059516429014259, 0.5344079355238686, 0.5424674519528828, 0.555486670799752, 1.0]",4.0,2.0,2.0,2.0,2.0,9,24.770899999999997,8.0,-6.0,hrl_dqn_apf,hierarchical,dqn,8.157,9.820,1.694,0.00,0.00,0.00,20.832,9.856,-5.409,0.00,0.00,0.00,7.445,6.732,7.831,0.00,0.00,0.00,3.278,3.278,3.278
2026-02-04 18:33:30,311.31,33,381,414,7.97%,126.51,2.42%,"[0, 5, 10, 15, 20, 25, 30, 35, 40, 45, 50, 55, 60, 65, 70, 75, 80, 85, 90, 95, 100]","[9, 7, 5, 8, 4, 6, 8, 8, 8, 14, 8, 9, 11, 13, 9, 7, 729, 14, 20, 716]","[0.005579665220086794, 0.009919404835709857, 0.013019218846869188, 0.017978921264724116, 0.02045877247365158, 0.02417854928704278, 0.029138251704897707, 0.034097954122752634, 0.03905765654060756, 0.04773713577185369, 0.05269683818970862, 0.05827650340979541, 0.06509609423434594, 0.0731556106633602, 0.07873527588344699, 0.08307501549907005, 0.5350278983261004, 0.5437073775573465, 0.5561066336019839, 1.0]",4.0,2.0,2.0,2.0,2.0,9,24.770899999999997,8.0,-6.0,hrl_dqn_apf,hierarchical,dqn,7.395,9.813,1.695,0.00,0.00,0.00,21.593,9.848,-5.409,0.00,0.00,0.00,8.206,6.729,7.835,0.00,0.00,0.00,3.276,3.276,3.276
2026-02-04 18:33:31,312.32,37,369,406,9.11%,126.56,2.67%,"[0, 5, 10, 15, 20, 25, 30, 35, 40, 45, 50, 55, 60, 65, 70, 75, 80, 85, 90, 95, 100]","[9, 8, 6, 9, 4, 7, 8, 9, 9, 11, 10, 8, 8, 14, 11, 6, 730, 10, 21, 715]","[0.005579665220086794, 0.010539367637941723, 0.01425914445133292, 0.019838809671419714, 0.022318660880347178, 0.026658400495970243, 0.03161810291382517, 0.037197768133911964, 0.04277743335399876, 0.04959702417854929, 0.05579665220086795, 0.06075635461872288, 0.0657160570365778, 0.07439553626782393, 0.08121512709237445, 0.08493490390576565, 0.5375077495350279, 0.5437073775573465, 0.5567265964042157, 1.0]",4.0,2.0,2.0,2.0,2.0,14,24.93112,8.0,0.0,hrl_dqn_apf,hierarchical,dqn,5.953,9.736,1.697,0.00,0.00,0.00,23.031,9.772,-5.411,0.00,0.00,0.00,9.641,6.655,7.839,0.00,0.00,0.00,3.272,3.272,3.272
2026-02-04 18:33:32,313.32,36,374,410,8.78%,126.60,2.60%,"[0, 5, 10, 15, 20, 25, 30, 35, 40, 45, 50, 55, 60, 65, 70, 75, 80, 85, 90, 95, 100]","[12, 8, 4, 8, 4, 6, 8, 11, 9, 11, 10, 8, 8, 13, 11, 6, 731, 10, 21, 714]","[0.007439553626782393, 0.012399256044637322, 0.014879107253564786, 0.019838809671419714, 0.022318660880347178, 0.026038437693738377, 0.030998140111593304, 0.03781773093614383, 0.04339739615623062, 0.050216986980781156, 0.056416615003099815, 0.06137631742095474, 0.06633601983880967, 0.07439553626782393, 0.08121512709237445, 0.08493490390576565, 0.5381277123372598, 0.5443273403595784, 0.5573465592064476, 1.0]",4.0,2.0,2.0,2.0,2.0,14,24.93112,8.0,0.0,hrl_dqn_apf,hierarchical,dqn,5.362,9.784,1.698,0.00,0.00,0.00,23.761,9.735,-5.412,0.00,0.00,0.00,10.368,6.617,7.840,0.00,0.00,0.00,3.269,3.269,3.269
2026-02-04 18:33:33,314.32,37,373,410,9.02%,126.66,2.67%,"[0, 5, 10, 15, 20, 25, 30, 35, 40, 45, 50, 55, 60, 65, 70, 75, 80, 85, 90, 95, 100]","[10, 10, 4, 7, 6, 6, 9, 10, 8, 12, 10, 6, 10, 13, 10, 6, 730, 12, 14, 720]","[0.006199628022318661, 0.012399256044637322, 0.014879107253564786, 0.019218846869187848, 0.022938623682579044, 0.026658400495970243, 0.032238065716057036, 0.038437693738375696, 0.04339739615623062, 0.05083694978301302, 0.05703657780533168, 0.06075635461872288, 0.06695598264104154, 0.0750154990700558, 0.08121512709237445, 0.08493490390576565, 0.5375077495350279, 0.5449473031618103, 0.5536267823930564, 1.0]",4.0,2.0,2.0,2.0,2.0,17,13.09183,8.0,6.0,hrl_dqn_apf,hierarchical,dqn,5.554,9.851,1.698,0.00,0.00,0.00,24.508,9.718,-5.413,0.00,0.00,0.00,11.114,6.600,7.841,0.00,0.00,0.00,3.266,3.266,3.266
2026-02-04 18:33:34,315.33,38,370,408,9.31%,126.76,2.73%,"[0, 5, 10, 15, 20, 25, 30, 35, 40, 45, 50, 55, 60, 65, 70, 75, 80, 85, 90, 95, 100]","[12, 10, 4, 6, 8, 4, 10, 7, 11, 11, 9, 8, 10, 13, 10, 5, 729, 10, 15, 721]","[0.007439553626782393, 0.013639181649101054, 0.016119032858028518, 0.019838809671419714, 0.024798512089274645, 0.02727836329820211, 0.03347799132052077, 0.03781773093614383, 0.044637321760694355, 0.05145691258524489, 0.05703657780533168, 0.06199628022318661, 0.06819590824550527, 0.07625542467451953, 0.08245505269683819, 0.08555486670799752, 0.5375077495350279, 0.5437073775573465, 0.5530068195908245, 1.0]",4.0,2.0,2.0,2.0,2.0,14,25.25184,8.0,0.0,hrl_dqn_apf,hierarchical,dqn,6.828,9.846,1.697,0.00,0.00,0.00,25.760,9.780,-5.180,0.00,0.00,0.00,12.596,6.586,7.842,0.00,0.00,0.00,3.263,3.263,3.263
2026-02-04 18:33:35,316.33,37,371,408,9.07%,126.88,2.67%,"[0, 5, 10, 15, 20, 25, 30, 35, 40, 45, 50, 55, 60, 65, 70, 75, 80, 85, 90, 95, 100]","[12, 8, 6, 5, 9, 3, 10, 7, 12, 11, 7, 10, 10, 12, 10, 6, 729, 10, 13, 723]","[0.007439553626782393, 0.012399256044637322, 0.016119032858028518, 0.019218846869187848, 0.024798512089274645, 0.026658400495970243, 0.0328580285182889, 0.037197768133911964, 0.044637321760694355, 0.05145691258524489, 0.05579665220086795, 0.06199628022318661, 0.06819590824550527, 0.07563546187228766, 0.08183508989460632, 0.08555486670799752, 0.5375077495350279, 0.5437073775573465, 0.5517668939863608, 1.0]",4.0,2.0,2.0,2.0,2.0,14,25.25184,8.0,0.0,hrl_dqn_apf,hierarchical,dqn,7.575,9.842,1.697,0.00,0.00,0.00,25.940,9.793,-4.588,0.00,0.00,0.00,13.215,6.647,7.699,0.00,0.00,0.00,3.260,3.260,3.260
2026-02-04 18:33:36,317.34,37,370,407,9.09%,126.97,2.67%,"[0, 5, 10, 15, 20, 25, 30, 35, 40, 45, 50, 55, 60, 65, 70, 75, 80, 85, 90, 95, 100]","[11, 8, 7, 5, 7, 5, 11, 7, 11, 12, 7, 11, 9, 11, 10, 7, 728, 11, 13, 722]","[0.006819590824550527, 0.011779293242405457, 0.016119032858028518, 0.019218846869187848, 0.023558586484810913, 0.026658400495970243, 0.03347799132052077, 0.03781773093614383, 0.044637321760694355, 0.052076875387476754, 0.056416615003099815, 0.06323620582765034, 0.06881587104773713, 0.07563546187228766, 0.08183508989460632, 0.08617482951022938, 0.5375077495350279, 0.5443273403595784, 0.5523868567885927, 1.0]",4.0,2.0,2.0,2.0,2.0,5,1.4089100000000006,8.0,-6.0,hrl_dqn_apf,hierarchical,dqn,8.331,9.838,1.696,0.00,0.00,0.00,25.997,9.791,-3.875,0.00,0.00,0.00,13.446,6.672,7.158,0.00,0.00,0.00,3.257,3.257,3.257
2026-02-04 18:33:37,318.35,38,369,407,9.34%,127.04,2.73%,"[0, 5, 10, 15, 20, 25, 30, 35, 40, 45, 50, 55, 60, 65, 70, 75, 80, 85, 90, 95, 100]","[12, 9, 7, 5, 7, 4, 9, 7, 13, 12, 8, 10, 9, 11, 10, 6, 724, 16, 12, 722]","[0.007439553626782393, 0.013019218846869188, 0.01735895846249225, 0.02045877247365158, 0.024798512089274645, 0.02727836329820211, 0.0328580285182889, 0.037197768133911964, 0.04525728456292622, 0.05269683818970862, 0.05765654060756355, 0.0638561686298822, 0.069435833849969, 0.07625542467451953, 0.08245505269683819, 0.08617482951022938, 0.5350278983261004, 0.5449473031618103, 0.5523868567885927, 1.0]",4.0,2.0,2.0,2.0,2.0,12,13.57331,8.0,0.0,hrl_dqn_apf,hierarchical,dqn,9.094,9.835,1.695,0.00,0.00,0.00,26.015,9.788,-3.124,0.00,0.00,0.00,13.518,6.671,6.457,0.00,0.00,0.00,3.254,3.254,3.254
2026-02-04 18:33:38,319.35,36,369,405,8.89%,127.31,2.60%,"[0, 5, 10, 15, 20, 25, 30, 35, 40, 45, 50, 55, 60, 65, 70, 75, 80, 85, 90, 95, 100]","[10, 9, 7, 4, 5, 7, 10, 8, 11, 13, 9, 9, 8, 13, 10, 6, 724, 16, 14, 720]","[0.006199628022318661, 0.011779293242405457, 0.016119032858028518, 0.018598884066955982, 0.02169869807811531, 0.026038437693738377, 0.032238065716057036, 0.037197768133911964, 0.04401735895846249, 0.052076875387476754, 0.05765654060756355, 0.06323620582765034, 0.06819590824550527, 0.07625542467451953, 0.08245505269683819, 0.08617482951022938, 0.5350278983261004, 0.5449473031618103, 0.5536267823930564, 1.0]",4.0,2.0,2.0,2.0,2.0,12,13.57331,8.0,0.0,hrl_dqn_apf,hierarchical,dqn,10.614,9.829,1.693,0.00,0.00,0.00,25.781,9.860,-1.845,0.00,0.00,0.00,13.549,6.665,4.957,0.00,0.00,0.00,3.251,3.251,3.251
2026-02-04 18:33:39,320.35,37,368,405,9.14%,127.34,2.67%,"[0, 5, 10, 15, 20, 25, 30, 35, 40, 45, 50, 55, 60, 65, 70, 75, 80, 85, 90, 95, 100]","[10, 11, 5, 5, 4, 8, 8, 10, 10, 14, 8, 9, 9, 13, 10, 6, 722, 16, 12, 723]","[0.006199628022318661, 0.013019218846869188, 0.016119032858028518, 0.019218846869187848, 0.02169869807811531, 0.026658400495970243, 0.03161810291382517, 0.03781773093614383, 0.04401735895846249, 0.05269683818970862, 0.05765654060756355, 0.06323620582765034, 0.06881587104773713, 0.07687538747675139, 0.08307501549907005, 0.08679479231246125, 0.5344079355238686, 0.5443273403595784, 0.5517668939863608, 1.0]",4.0,2.0,2.0,2.0,2.0,1,7.7333,8.0,-12.0,hrl_dqn_apf,hierarchical,dqn,11.369,9.826,1.693,0.00,0.00,0.00,25.192,9.873,-1.670,0.00,0.00,0.00,13.419,6.725,4.334,0.00,0.00,0.00,3.248,3.248,3.248
2026-02-04 18:33:40,321.37,37,368,405,9.14%,127.41,2.67%,"[0, 5, 10, 15, 20, 25, 30, 35, 40, 45, 50, 55, 60, 65, 70, 75, 80, 85, 90, 95, 100]","[9, 12, 3, 7, 3, 9, 7, 10, 10, 15, 8, 8, 12, 13, 10, 7, 721, 16, 12, 721]","[0.005579665220086794, 0.013019218846869188, 0.014879107253564786, 0.019218846869187848, 0.021078735275883446, 0.026658400495970243, 0.030998140111593304, 0.037197768133911964, 0.04339739615623062, 0.05269683818970862, 0.05765654060756355, 0.06261624302541847, 0.07005579665220087, 0.07811531308121512, 0.08431494110353378, 0.08865468071915684, 0.5356478611283323, 0.5455672659640421, 0.5530068195908245, 1.0]",4.0,2.0,2.0,2.0,2.0,1,7.89321,8.0,-12.0,hrl_dqn_apf,hierarchical,dqn,12.027,10.043,1.631,0.00,0.00,0.00,24.459,9.872,-1.614,0.00,0.00,0.00,12.969,6.669,4.138,0.00,0.00,0.00,3.245,3.245,3.245
2026-02-04 18:33:41,322.37,37,368,405,9.14%,127.47,2.67%,"[0, 5, 10, 15, 20, 25, 30, 35, 40, 45, 50, 55, 60, 65, 70, 75, 80, 85, 90, 95, 100]","[10, 11, 4, 7, 3, 8, 8, 10, 10, 14, 9, 8, 12, 13, 9, 7, 722, 15, 13, 720]","[0.006199628022318661, 0.013019218846869188, 0.015499070055796652, 0.019838809671419714, 0.02169869807811531, 0.026658400495970243, 0.03161810291382517, 0.03781773093614383, 0.04401735895846249, 0.05269683818970862, 0.05827650340979541, 0.06323620582765034, 0.07067575945443273, 0.07873527588344699, 0.08431494110353378, 0.08865468071915684, 0.5362678239305642, 0.5455672659640421, 0.5536267823930564, 1.0]",4.0,2.0,2.0,2.0,2.0,1,7.89321,8.0,-12.0,hrl_dqn_apf,hierarchical,dqn,12.028,10.399,1.247,0.00,0.00,0.00,23.711,9.869,-1.597,0.00,0.00,0.00,13.004,6.445,4.430,0.00,0.00,0.00,3.242,3.242,3.242
2026-02-04 18:33:42,323.38,35,364,399,8.77%,127.66,2.54%,"[0, 5, 10, 15, 20, 25, 30, 35, 40, 45, 50, 55, 60, 65, 70, 75, 80, 85, 90, 95, 100]","[8, 13, 5, 8, 2, 5, 9, 10, 11, 16, 9, 8, 11, 12, 8, 7, 723, 10, 18, 720]","[0.0049597024178549285, 0.013019218846869188, 0.016119032858028518, 0.021078735275883446, 0.022318660880347178, 0.02541847489150651, 0.030998140111593304, 0.037197768133911964, 0.04401735895846249, 0.05393676379417235, 0.059516429014259145, 0.06447613143211407, 0.0712957222566646, 0.07873527588344699, 0.08369497830130192, 0.08803471791692498, 0.5362678239305642, 0.5424674519528828, 0.5536267823930564, 1.0]",4.0,2.0,2.0,2.0,2.0,13,20.05407,8.0,0.0,hrl_dqn_apf,hierarchical,dqn,11.611,10.322,0.195,0.00,0.00,0.00,22.195,9.863,-1.588,0.00,0.00,0.00,13.435,6.257,5.190,0.00,0.00,0.00,3.239,3.239,3.239
2026-02-04 18:33:43,324.38,34,367,401,8.48%,127.76,2.48%,"[0, 5, 10, 15, 20, 25, 30, 35, 40, 45, 50, 55, 60, 65, 70, 75, 80, 85, 90, 95, 100]","[7, 12, 6, 8, 2, 5, 10, 10, 11, 16, 8, 10, 11, 11, 9, 8, 719, 14, 18, 718]","[0.0043397396156230625, 0.011779293242405457, 0.015499070055796652, 0.02045877247365158, 0.02169869807811531, 0.024798512089274645, 0.030998140111593304, 0.037197768133911964, 0.04401735895846249, 0.05393676379417235, 0.05889646621202728, 0.06509609423434594, 0.07191568505889646, 0.07873527588344699, 0.08431494110353378, 0.08927464352138871, 0.5350278983261004, 0.5437073775573465, 0.5548667079975201, 1.0]",4.0,2.0,2.0,2.0,2.0,12,14.21398,8.0,0.0,hrl_dqn_apf,hierarchical,dqn,11.549,9.903,0.039,0.00,0.00,0.00,21.432,9.860,-1.587,0.00,0.00,0.00,13.499,6.291,4.741,0.00,0.00,0.00,3.236,3.236,3.236
2026-02-04 18:33:44,325.38,34,365,399,8.52%,127.86,2.48%,"[0, 5, 10, 15, 20, 25, 30, 35, 40, 45, 50, 55, 60, 65, 70, 75, 80, 85, 90, 95, 100]","[7, 11, 9, 7, 2, 4, 12, 8, 13, 13, 11, 9, 10, 13, 9, 7, 718, 11, 21, 718]","[0.0043397396156230625, 0.011159330440173589, 0.016738995660260384, 0.021078735275883446, 0.022318660880347178, 0.024798512089274645, 0.032238065716057036, 0.037197768133911964, 0.04525728456292622, 0.053316800991940486, 0.06013639181649101, 0.0657160570365778, 0.07191568505889646, 0.07997520148791072, 0.08555486670799752, 0.08989460632362058, 0.5350278983261004, 0.541847489150651, 0.5548667079975201, 1.0]",4.0,2.0,2.0,2.0,2.0,12,14.21398,8.0,0.0,hrl_dqn_apf,hierarchical,dqn,11.606,9.731,-0.007,0.00,0.00,0.00,20.668,9.856,-1.586,0.00,0.00,0.00,13.520,6.293,4.108,0.00,0.00,0.00,3.233,3.233,3.233
2026-02-04 18:33:45,326.38,34,361,395,8.61%,127.93,2.48%,"[0, 5, 10, 15, 20, 25, 30, 35, 40, 45, 50, 55, 60, 65, 70, 75, 80, 85, 90, 95, 100]","[7, 10, 11, 5, 4, 3, 13, 7, 14, 12, 11, 8, 9, 15, 9, 7, 719, 11, 19, 719]","[0.0043397396156230625, 0.010539367637941723, 0.01735895846249225, 0.02045877247365158, 0.022938623682579044, 0.024798512089274645, 0.0328580285182889, 0.037197768133911964, 0.04587724736515809, 0.053316800991940486, 0.06013639181649101, 0.06509609423434594, 0.07067575945443273, 0.07997520148791072, 0.08555486670799752, 0.08989460632362058, 0.5356478611283323, 0.5424674519528828, 0.5542467451952883, 1.0]",4.0,2.0,2.0,2.0,2.0,6,8.374,8.0,-6.0,hrl_dqn_apf,hierarchical,dqn,12.079,9.762,-0.021,0.00,0.00,0.00,19.908,9.853,-1.585,0.00,0.00,0.00,13.529,6.306,3.672,0.00,0.00,0.00,3.230,3.230,3.230
2026-02-04 18:33:46,327.38,36,359,395,9.11%,128.07,2.60%,"[0, 5, 10, 15, 20, 25, 30, 35, 40, 45, 50, 55, 60, 65, 70, 75, 80, 85, 90, 95, 100]","[7, 8, 12, 6, 5, 4, 11, 8, 14, 11, 12, 9, 9, 15, 8, 5, 721, 11, 16, 721]","[0.0043397396156230625, 0.009299442033477991, 0.016738995660260384, 0.02045877247365158, 0.023558586484810913, 0.026038437693738377, 0.0328580285182889, 0.03781773093614383, 0.04649721016738995, 0.053316800991940486, 0.06075635461872288, 0.06633601983880967, 0.07191568505889646, 0.08121512709237445, 0.08617482951022938, 0.08927464352138871, 0.5362678239305642, 0.5430874147551147, 0.5530068195908245, 1.0]",4.0,2.0,2.0,2.0,2.0,9,26.53458,8.0,-6.0,hrl_dqn_apf,hierarchical,dqn,13.496,9.765,-0.027,0.00,0.00,0.00,18.387,9.847,-1.584,0.00,0.00,0.00,13.533,6.307,2.272,0.00,0.00,0.00,3.227,3.227,3.227
2026-02-04 18:33:47,328.39,36,357,393,9.16%,128.08,2.60%,"[0, 5, 10, 15, 20, 25, 30, 35, 40, 45, 50, 55, 60, 65, 70, 75, 80, 85, 90, 95, 100]","[7, 8, 12, 7, 4, 4, 9, 9, 13, 14, 12, 9, 10, 15, 8, 5, 719, 12, 13, 723]","[0.0043397396156230625, 0.009299442033477991, 0.016738995660260384, 0.021078735275883446, 0.023558586484810913, 0.026038437693738377, 0.03161810291382517, 0.037197768133911964, 0.04525728456292622, 0.05393676379417235, 0.06137631742095474, 0.06695598264104154, 0.0731556106633602, 0.08245505269683819, 0.08741475511469311, 0.09051456912585244, 0.5362678239305642, 0.5437073775573465, 0.5517668939863608, 1.0]",4.0,2.0,2.0,2.0,2.0,9,26.53458,8.0,-6.0,hrl_dqn_apf,hierarchical,dqn,14.096,10.090,-0.186,0.00,0.00,0.00,17.751,9.907,-1.713,0.00,0.00,0.00,13.536,6.180,1.772,0.00,0.00,0.00,3.224,3.224,3.224
2026-02-04 18:33:48,329.39,36,355,391,9.21%,128.08,2.60%,"[0, 5, 10, 15, 20, 25, 30, 35, 40, 45, 50, 55, 60, 65, 70, 75, 80, 85, 90, 95, 100]","[7, 7, 13, 6, 5, 4, 10, 9, 14, 14, 12, 7, 11, 15, 7, 6, 718, 10, 16, 722]","[0.0043397396156230625, 0.008679479231246125, 0.016738995660260384, 0.02045877247365158, 0.023558586484810913, 0.026038437693738377, 0.032238065716057036, 0.03781773093614383, 0.04649721016738995, 0.05517668939863608, 0.06261624302541847, 0.06695598264104154, 0.07377557346559206, 0.08307501549907005, 0.08741475511469311, 0.09113453192808431, 0.5362678239305642, 0.5424674519528828, 0.5523868567885927, 1.0]",4.0,2.0,2.0,2.0,2.0,1,8.69471,8.0,-12.0,hrl_dqn_apf,hierarchical,dqn,14.244,10.446,-0.661,0.00,0.00,0.00,17.557,9.955,-2.211,0.00,0.00,0.00,13.530,5.888,2.058,0.00,0.00,0.00,3.221,3.221,3.221
2026-02-04 18:33:49,330.40,36,355,391,9.21%,128.17,2.60%,"[0, 5, 10, 15, 20, 25, 30, 35, 40, 45, 50, 55, 60, 65, 70, 75, 80, 85, 90, 95, 100]","[8, 7, 10, 10, 4, 3, 8, 12, 12, 16, 10, 9, 10, 15, 8, 6, 717, 10, 14, 724]","[0.0049597024178549285, 0.009299442033477991, 0.015499070055796652, 0.02169869807811531, 0.02417854928704278, 0.026038437693738377, 0.030998140111593304, 0.038437693738375696, 0.04587724736515809, 0.05579665220086795, 0.06199628022318661, 0.0675759454432734, 0.07377557346559206, 0.08307501549907005, 0.08803471791692498, 0.09175449473031617, 0.5362678239305642, 0.5424674519528828, 0.5511469311841289, 1.0]",4.0,2.0,2.0,2.0,2.0,24,26.77478,8.0,12.0,hrl_dqn_apf,hierarchical,dqn,13.849,10.678,-0.838,0.00,0.00,0.00,17.894,9.964,-2.639,0.00,0.00,0.00,13.417,5.669,2.459,0.00,0.00,0.00,3.218,3.218,3.218
2026-02-04 18:33:50,331.40,36,354,390,9.23%,128.40,2.60%,"[0, 5, 10, 15, 20, 25, 30, 35, 40, 45, 50, 55, 60, 65, 70, 75, 80, 85, 90, 95, 100]","[6, 7, 8, 12, 4, 5, 7, 13, 11, 16, 9, 11, 9, 13, 11, 6, 714, 13, 14, 724]","[0.0037197768133911966, 0.008059516429014259, 0.013019218846869188, 0.02045877247365158, 0.022938623682579044, 0.026038437693738377, 0.03037817730936144, 0.038437693738375696, 0.04525728456292622, 0.05517668939863608, 0.06075635461872288, 0.0675759454432734, 0.0731556106633602, 0.08121512709237445, 0.08803471791692498, 0.09175449473031617, 0.5344079355238686, 0.5424674519528828, 0.5511469311841289, 1.0]",4.0,2.0,2.0,2.0,2.0,24,26.77478,8.0,12.0,hrl_dqn_apf,hierarchical,dqn,12.557,10.795,-0.456,0.00,0.00,0.00,19.153,9.842,-3.328,0.00,0.00,0.00,13.298,6.544,2.760,0.00,0.00,0.00,3.215,3.215,3.215
2026-02-04 18:33:51,332.41,35,355,390,8.97%,128.53,2.54%,"[0, 5, 10, 15, 20, 25, 30, 35, 40, 45, 50, 55, 60, 65, 70, 75, 80, 85, 90, 95, 100]","[5, 7, 8, 12, 5, 4, 8, 11, 13, 17, 9, 10, 10, 13, 11, 5, 713, 14, 14, 724]","[0.0030998140111593306, 0.007439553626782393, 0.012399256044637322, 0.019838809671419714, 0.022938623682579044, 0.02541847489150651, 0.03037817730936144, 0.037197768133911964, 0.04525728456292622, 0.05579665220086795, 0.06137631742095474, 0.0675759454432734, 0.07377557346559206, 0.08183508989460632, 0.08865468071915684, 0.09175449473031617, 0.5337879727216367, 0.5424674519528828, 0.5511469311841289, 1.0]",4.0,2.0,2.0,2.0,2.0,16,8.93519,8.0,6.0,hrl_dqn_apf,hierarchical,dqn,11.990,10.523,-0.211,0.00,0.00,0.00,19.606,9.934,-3.599,0.00,0.00,0.00,13.407,6.690,2.784,0.00,0.00,0.00,3.212,3.212,3.212
2026-02-04 18:33:52,333.41,36,354,390,9.23%,128.64,2.60%,"[0, 5, 10, 15, 20, 25, 30, 35, 40, 45, 50, 55, 60, 65, 70, 75, 80, 85, 90, 95, 100]","[6, 6, 8, 12, 6, 4, 9, 10, 11, 17, 9, 12, 10, 13, 11, 5, 713, 14, 13, 724]","[0.0037197768133911966, 0.007439553626782393, 0.012399256044637322, 0.019838809671419714, 0.023558586484810913, 0.026038437693738377, 0.03161810291382517, 0.03781773093614383, 0.044637321760694355, 0.05517668939863608, 0.06075635461872288, 0.06819590824550527, 0.07439553626782393, 0.08245505269683819, 0.08927464352138871, 0.09237445753254804, 0.5344079355238686, 0.5430874147551147, 0.5511469311841289, 1.0]",4.0,2.0,2.0,2.0,2.0,16,8.93519,8.0,6.0,hrl_dqn_apf,hierarchical,dqn,11.775,10.119,-0.116,0.00,0.00,0.00,19.350,9.993,-3.751,0.00,0.00,0.00,13.930,6.697,2.792,0.00,0.00,0.00,3.209,3.209,3.209
2026-02-04 18:33:53,334.42,36,352,388,9.28%,128.80,2.60%,"[0, 5, 10, 15, 20, 25, 30, 35, 40, 45, 50, 55, 60, 65, 70, 75, 80, 85, 90, 95, 100]","[6, 5, 7, 13, 6, 5, 9, 9, 12, 17, 10, 12, 7, 15, 11, 4, 714, 14, 11, 726]","[0.0037197768133911966, 0.006819590824550527, 0.011159330440173589, 0.019218846869187848, 0.022938623682579044, 0.026038437693738377, 0.03161810291382517, 0.037197768133911964, 0.044637321760694355, 0.05517668939863608, 0.06137631742095474, 0.06881587104773713, 0.0731556106633602, 0.08245505269683819, 0.08927464352138871, 0.09175449473031617, 0.5344079355238686, 0.5430874147551147, 0.5499070055796652, 1.0]",4.0,2.0,2.0,2.0,2.0,2,15.09532,8.0,-12.0,hrl_dqn_apf,hierarchical,dqn,11.709,9.712,-0.086,0.00,0.00,0.00,19.154,10.020,-4.222,0.00,0.00,0.00,14.623,6.693,2.795,0.00,0.00,0.00,3.206,3.206,3.206
2026-02-04 18:33:54,335.42,36,352,388,9.28%,129.04,2.60%,"[0, 5, 10, 15, 20, 25, 30, 35, 40, 45, 50, 55, 60, 65, 70, 75, 80, 85, 90, 95, 100]","[7, 4, 6, 9, 11, 5, 7, 9, 15, 15, 12, 9, 10, 13, 10, 7, 714, 12, 11, 727]","[0.0043397396156230625, 0.006819590824550527, 0.010539367637941723, 0.016119032858028518, 0.022938623682579044, 0.026038437693738377, 0.03037817730936144, 0.03595784252944823, 0.04525728456292622, 0.05455672659640422, 0.06199628022318661, 0.0675759454432734, 0.07377557346559206, 0.08183508989460632, 0.08803471791692498, 0.09237445753254804, 0.5350278983261004, 0.5424674519528828, 0.5492870427774333, 1.0]",4.0,2.0,2.0,2.0,2.0,24,27.255670000000002,8.0,12.0,hrl_dqn_apf,hierarchical,dqn,11.682,9.354,0.179,0.00,0.00,0.00,19.069,9.669,-5.430,0.00,0.00,0.00,16.115,6.686,2.798,0.00,0.00,0.00,3.203,3.203,3.203
2026-02-04 18:33:55,336.42,35,353,388,9.02%,129.15,2.54%,"[0, 5, 10, 15, 20, 25, 30, 35, 40, 45, 50, 55, 60, 65, 70, 75, 80, 85, 90, 95, 100]","[8, 5, 4, 9, 10, 5, 9, 7, 16, 14, 12, 9, 11, 12, 9, 9, 714, 10, 12, 728]","[0.0049597024178549285, 0.008059516429014259, 0.010539367637941723, 0.016119032858028518, 0.022318660880347178, 0.02541847489150651, 0.030998140111593304, 0.035337879727216366, 0.04525728456292622, 0.05393676379417235, 0.06137631742095474, 0.06695598264104154, 0.07377557346559206, 0.08121512709237445, 0.08679479231246125, 0.09237445753254804, 0.5350278983261004, 0.5412275263484191, 0.5486670799752015, 1.0]",4.0,2.0,2.0,2.0,2.0,24,27.255670000000002,8.0,12.0,hrl_dqn_apf,hierarchical,dqn,11.831,9.412,0.632,0.00,0.00,0.00,19.062,9.565,-5.738,0.00,0.00,0.00,16.874,6.683,2.799,0.00,0.00,0.00,3.200,3.200,3.200
2026-02-04 18:33:56,337.42,35,349,384,9.11%,129.28,2.54%,"[0, 5, 10, 15, 20, 25, 30, 35, 40, 45, 50, 55, 60, 65, 70, 75, 80, 85, 90, 95, 100]","[8, 4, 4, 9, 11, 5, 8, 8, 14, 15, 13, 9, 11, 12, 10, 8, 715, 7, 15, 727]","[0.0049597024178549285, 0.007439553626782393, 0.009919404835709857, 0.015499070055796652, 0.022318660880347178, 0.02541847489150651, 0.03037817730936144, 0.035337879727216366, 0.04401735895846249, 0.053316800991940486, 0.06137631742095474, 0.06695598264104154, 0.07377557346559206, 0.08121512709237445, 0.08741475511469311, 0.09237445753254804, 0.5356478611283323, 0.5399876007439554, 0.5492870427774333, 1.0]",4.0,2.0,2.0,2.0,2.0,14,27.416,8.0,0.0,hrl_dqn_apf,hierarchical,dqn,12.364,9.435,0.810,0.00,0.00,0.00,19.060,9.580,-6.309,0.00,0.00,0.00,17.628,6.680,2.804,0.00,0.00,0.00,3.197,3.197,3.197
2026-02-04 18:33:57,338.42,34,348,382,8.90%,129.38,2.48%,"[0, 5, 10, 15, 20, 25, 30, 35, 40, 45, 50, 55, 60, 65, 70, 75, 80, 85, 90, 95, 100]","[9, 3, 4, 8, 10, 6, 9, 8, 14, 13, 13, 9, 13, 12, 10, 8, 711, 11, 16, 726]","[0.005579665220086794, 0.007439553626782393, 0.009919404835709857, 0.014879107253564786, 0.021078735275883446, 0.024798512089274645, 0.03037817730936144, 0.035337879727216366, 0.04401735895846249, 0.052076875387476754, 0.06013639181649101, 0.0657160570365778, 0.07377557346559206, 0.08121512709237445, 0.08741475511469311, 0.09237445753254804, 0.5331680099194048, 0.5399876007439554, 0.5499070055796652, 1.0]",4.0,2.0,2.0,2.0,2.0,20,3.5759600000000002,8.0,12.0,hrl_dqn_apf,hierarchical,dqn,13.079,9.436,0.867,0.00,0.00,0.00,19.058,9.602,-7.013,0.00,0.00,0.00,18.403,6.676,2.805,0.00,0.00,0.00,3.194,3.194,3.194
2026-02-04 18:33:58,339.43,33,347,380,8.68%,129.53,2.42%,"[0, 5, 10, 15, 20, 25, 30, 35, 40, 45, 50, 55, 60, 65, 70, 75, 80, 85, 90, 95, 100]","[8, 5, 3, 6, 9, 8, 9, 7, 12, 17, 13, 10, 12, 14, 11, 7, 711, 12, 13, 726]","[0.0049597024178549285, 0.008059516429014259, 0.009919404835709857, 0.013639181649101054, 0.019218846869187848, 0.02417854928704278, 0.029758214507129573, 0.034097954122752634, 0.041537507749535026, 0.052076875387476754, 0.06013639181649101, 0.06633601983880967, 0.07377557346559206, 0.08245505269683819, 0.08927464352138871, 0.09361438313701177, 0.5344079355238686, 0.541847489150651, 0.5499070055796652, 1.0]",4.0,2.0,2.0,2.0,2.0,20,3.5759600000000002,8.0,12.0,hrl_dqn_apf,hierarchical,dqn,14.581,9.430,0.889,0.00,0.00,0.00,19.057,9.757,-6.569,0.00,0.00,0.00,19.444,6.824,2.807,0.00,0.00,0.00,3.191,3.191,3.191
2026-02-04 18:33:59,340.43,34,344,378,8.99%,129.62,2.48%,"[0, 5, 10, 15, 20, 25, 30, 35, 40, 45, 50, 55, 60, 65, 70, 75, 80, 85, 90, 95, 100]","[9, 5, 2, 6, 9, 9, 9, 7, 11, 18, 11, 12, 11, 14, 9, 8, 712, 13, 13, 725]","[0.005579665220086794, 0.008679479231246125, 0.009919404835709857, 0.013639181649101054, 0.019218846869187848, 0.024798512089274645, 0.03037817730936144, 0.0347179169249845, 0.041537507749535026, 0.05269683818970862, 0.059516429014259145, 0.06695598264104154, 0.07377557346559206, 0.08245505269683819, 0.08803471791692498, 0.0929944203347799, 0.5344079355238686, 0.5424674519528828, 0.5505269683818971, 1.0]",4.0,2.0,2.0,2.0,2.0,5,3.736230000000001,8.0,-6.0,hrl_dqn_apf,hierarchical,dqn,15.338,9.427,0.891,0.00,0.00,0.00,19.058,9.756,-5.883,0.00,0.00,0.00,19.026,6.855,2.807,0.00,0.00,0.00,3.188,3.188,3.188
2026-02-04 18:34:00,341.44,35,343,378,9.26%,129.71,2.54%,"[0, 5, 10, 15, 20, 25, 30, 35, 40, 45, 50, 55, 60, 65, 70, 75, 80, 85, 90, 95, 100]","[7, 6, 3, 5, 7, 13, 7, 9, 10, 19, 10, 12, 10, 15, 8, 7, 714, 13, 11, 727]","[0.0043397396156230625, 0.008059516429014259, 0.009919404835709857, 0.013019218846869188, 0.01735895846249225, 0.02541847489150651, 0.029758214507129573, 0.035337879727216366, 0.041537507749535026, 0.053316800991940486, 0.059516429014259145, 0.06695598264104154, 0.0731556106633602, 0.08245505269683819, 0.08741475511469311, 0.09175449473031617, 0.5344079355238686, 0.5424674519528828, 0.5492870427774333, 1.0]",4.0,2.0,2.0,2.0,2.0,10,3.896750000000001,8.0,0.0,hrl_dqn_apf,hierarchical,dqn,15.948,9.501,0.891,0.00,0.00,0.00,19.058,9.753,-5.190,0.00,0.00,0.00,18.408,6.855,2.806,0.00,0.00,0.00,3.185,3.185,3.185
2026-02-04 18:34:01,342.44,33,343,376,8.78%,129.83,2.42%,"[0, 5, 10, 15, 20, 25, 30, 35, 40, 45, 50, 55, 60, 65, 70, 75, 80, 85, 90, 95, 100]","[8, 6, 2, 6, 7, 10, 9, 8, 11, 18, 11, 13, 10, 15, 8, 7, 713, 14, 10, 727]","[0.0049597024178549285, 0.008679479231246125, 0.009919404835709857, 0.013639181649101054, 0.017978921264724116, 0.02417854928704278, 0.029758214507129573, 0.0347179169249845, 0.041537507749535026, 0.05269683818970862, 0.059516429014259145, 0.0675759454432734, 0.07377557346559206, 0.08307501549907005, 0.08803471791692498, 0.09237445753254804, 0.5344079355238686, 0.5430874147551147, 0.5492870427774333, 1.0]",4.0,2.0,2.0,2.0,2.0,10,3.896750000000001,8.0,0.0,hrl_dqn_apf,hierarchical,dqn,15.827,9.668,0.881,0.00,0.00,0.00,19.069,9.762,-4.447,0.00,0.00,0.00,17.697,6.818,2.812,0.00,0.00,0.00,3.182,3.181,3.181
2026-02-04 18:34:02,343.45,33,341,374,8.82%,129.99,2.42%,"[0, 5, 10, 15, 20, 25, 30, 35, 40, 45, 50, 55, 60, 65, 70, 75, 80, 85, 90, 95, 100]","[10, 6, 2, 5, 4, 12, 9, 9, 10, 15, 11, 14, 11, 17, 8, 7, 711, 11, 13, 728]","[0.006199628022318661, 0.009919404835709857, 0.011159330440173589, 0.01425914445133292, 0.016738995660260384, 0.02417854928704278, 0.029758214507129573, 0.035337879727216366, 0.041537507749535026, 0.05083694978301302, 0.05765654060756355, 0.06633601983880967, 0.0731556106633602, 0.08369497830130192, 0.08865468071915684, 0.0929944203347799, 0.5337879727216367, 0.5406075635461872, 0.5486670799752015, 1.0]",4.0,2.0,2.0,2.0,2.0,9,28.05673,8.0,-6.0,hrl_dqn_apf,hierarchical,dqn,14.774,10.239,0.238,0.00,0.00,0.00,20.032,9.838,-3.888,0.00,0.00,0.00,17.898,6.396,3.433,0.00,0.00,0.00,3.178,3.178,3.178
2026-02-04 18:34:03,344.45,32,342,374,8.56%,130.05,2.36%,"[0, 5, 10, 15, 20, 25, 30, 35, 40, 45, 50, 55, 60, 65, 70, 75, 80, 85, 90, 95, 100]","[10, 6, 3, 4, 5, 10, 10, 9, 10, 15, 12, 13, 11, 16, 8, 9, 711, 11, 14, 726]","[0.006199628022318661, 0.009919404835709857, 0.011779293242405457, 0.01425914445133292, 0.01735895846249225, 0.023558586484810913, 0.029758214507129573, 0.035337879727216366, 0.041537507749535026, 0.05083694978301302, 0.05827650340979541, 0.06633601983880967, 0.0731556106633602, 0.08307501549907005, 0.08803471791692498, 0.09361438313701177, 0.5344079355238686, 0.5412275263484191, 0.5499070055796652, 1.0]",4.0,2.0,2.0,2.0,2.0,18,22.21712,8.0,6.0,hrl_dqn_apf,hierarchical,dqn,14.296,10.032,-0.204,0.00,0.00,0.00,20.792,9.836,-3.844,0.00,0.00,0.00,18.450,6.329,3.871,0.00,0.00,0.00,3.176,3.176,3.176
2026-02-04 18:34:04,345.46,31,342,373,8.31%,130.13,2.29%,"[0, 5, 10, 15, 20, 25, 30, 35, 40, 45, 50, 55, 60, 65, 70, 75, 80, 85, 90, 95, 100]","[10, 7, 3, 4, 4, 9, 12, 8, 10, 14, 14, 11, 13, 14, 10, 6, 709, 16, 14, 725]","[0.006199628022318661, 0.010539367637941723, 0.012399256044637322, 0.014879107253564786, 0.01735895846249225, 0.022938623682579044, 0.03037817730936144, 0.035337879727216366, 0.041537507749535026, 0.050216986980781156, 0.05889646621202728, 0.0657160570365778, 0.07377557346559206, 0.08245505269683819, 0.08865468071915684, 0.09237445753254804, 0.5319280843149411, 0.541847489150651, 0.5505269683818971, 1.0]",4.0,2.0,2.0,2.0,2.0,18,22.21712,8.0,6.0,hrl_dqn_apf,hierarchical,dqn,14.126,9.617,-0.363,0.00,0.00,0.00,21.543,9.833,-3.832,0.00,0.00,0.00,19.135,6.341,4.031,0.00,0.00,0.00,3.172,3.172,3.172
2026-02-04 18:34:05,346.47,30,343,373,8.04%,130.19,2.23%,"[0, 5, 10, 15, 20, 25, 30, 35, 40, 45, 50, 55, 60, 65, 70, 75, 80, 85, 90, 95, 100]","[9, 7, 4, 4, 4, 8, 14, 7, 11, 13, 15, 10, 14, 13, 11, 5, 708, 17, 14, 725]","[0.005579665220086794, 0.009919404835709857, 0.012399256044637322, 0.014879107253564786, 0.01735895846249225, 0.022318660880347178, 0.030998140111593304, 0.035337879727216366, 0.04215747055176689, 0.050216986980781156, 0.059516429014259145, 0.0657160570365778, 0.07439553626782393, 0.08245505269683819, 0.08927464352138871, 0.09237445753254804, 0.5313081215127092, 0.541847489150651, 0.5505269683818971, 1.0]",4.0,2.0,2.0,2.0,2.0,17,16.378,8.0,6.0,hrl_dqn_apf,hierarchical,dqn,14.074,9.324,-0.391,0.00,0.00,0.00,22.304,9.829,-3.829,0.00,0.00,0.00,19.877,6.341,4.081,0.00,0.00,0.00,3.169,3.169,3.169
2026-02-04 18:34:06,347.47,29,340,369,7.86%,130.32,2.17%,"[0, 5, 10, 15, 20, 25, 30, 35, 40, 45, 50, 55, 60, 65, 70, 75, 80, 85, 90, 95, 100]","[9, 6, 6, 3, 3, 8, 15, 7, 11, 14, 13, 12, 14, 12, 13, 5, 708, 17, 14, 723]","[0.005579665220086794, 0.009299442033477991, 0.013019218846869188, 0.014879107253564786, 0.016738995660260384, 0.02169869807811531, 0.030998140111593304, 0.035337879727216366, 0.04215747055176689, 0.05083694978301302, 0.05889646621202728, 0.06633601983880967, 0.0750154990700558, 0.08245505269683819, 0.09051456912585244, 0.09361438313701177, 0.532548047117173, 0.5430874147551147, 0.5517668939863608, 1.0]",4.0,2.0,2.0,2.0,2.0,4,28.53788,8.0,-12.0,hrl_dqn_apf,hierarchical,dqn,14.055,9.379,0.628,0.00,0.00,0.00,23.599,9.900,-4.063,0.00,0.00,0.00,21.393,6.337,4.103,0.00,0.00,0.00,3.166,3.166,3.166
2026-02-04 18:34:07,348.48,29,340,369,7.86%,130.37,2.17%,"[0, 5, 10, 15, 20, 25, 30, 35, 40, 45, 50, 55, 60, 65, 70, 75, 80, 85, 90, 95, 100]","[6, 11, 5, 4, 3, 6, 15, 8, 12, 14, 10, 13, 13, 15, 13, 5, 708, 14, 12, 726]","[0.0037197768133911966, 0.010539367637941723, 0.013639181649101054, 0.016119032858028518, 0.017978921264724116, 0.02169869807811531, 0.030998140111593304, 0.03595784252944823, 0.04339739615623062, 0.052076875387476754, 0.05827650340979541, 0.06633601983880967, 0.07439553626782393, 0.08369497830130192, 0.09175449473031617, 0.09485430874147552, 0.5337879727216367, 0.5424674519528828, 0.5499070055796652, 1.0]",4.0,2.0,2.0,2.0,2.0,4,28.53788,8.0,-12.0,hrl_dqn_apf,hierarchical,dqn,14.054,9.379,1.359,0.00,0.00,0.00,23.780,9.914,-4.657,0.00,0.00,0.00,22.019,6.399,3.966,0.00,0.00,0.00,3.163,3.163,3.163
2026-02-04 18:34:08,349.48,28,341,369,7.59%,130.47,2.11%,"[0, 5, 10, 15, 20, 25, 30, 35, 40, 45, 50, 55, 60, 65, 70, 75, 80, 85, 90, 95, 100]","[9, 9, 5, 4, 2, 5, 16, 8, 11, 14, 11, 12, 14, 15, 13, 4, 709, 13, 12, 727]","[0.005579665220086794, 0.011159330440173589, 0.01425914445133292, 0.016738995660260384, 0.017978921264724116, 0.021078735275883446, 0.030998140111593304, 0.03595784252944823, 0.04277743335399876, 0.05145691258524489, 0.05827650340979541, 0.0657160570365778, 0.07439553626782393, 0.08369497830130192, 0.09175449473031617, 0.09423434593924365, 0.5337879727216367, 0.541847489150651, 0.5492870427774333, 1.0]",4.0,2.0,2.0,2.0,2.0,8,22.61803,8.0,-6.0,hrl_dqn_apf,hierarchical,dqn,14.054,9.376,2.111,0.00,0.00,0.00,23.836,9.913,-5.370,0.00,0.00,0.00,22.253,6.424,3.429,0.00,0.00,0.00,3.160,3.160,3.160
2026-02-04 18:34:09,350.48,28,341,369,7.59%,130.58,2.11%,"[0, 5, 10, 15, 20, 25, 30, 35, 40, 45, 50, 55, 60, 65, 70, 75, 80, 85, 90, 95, 100]","[9, 9, 6, 4, 2, 4, 14, 10, 10, 13, 10, 15, 13, 17, 11, 6, 707, 14, 13, 726]","[0.005579665220086794, 0.011159330440173589, 0.014879107253564786, 0.01735895846249225, 0.018598884066955982, 0.021078735275883446, 0.029758214507129573, 0.03595784252944823, 0.04215747055176689, 0.050216986980781156, 0.056416615003099815, 0.0657160570365778, 0.07377557346559206, 0.08431494110353378, 0.09113453192808431, 0.09485430874147552, 0.5331680099194048, 0.541847489150651, 0.5499070055796652, 1.0]",4.0,2.0,2.0,2.0,2.0,9,28.77846,8.0,-6.0,hrl_dqn_apf,hierarchical,dqn,14.071,9.391,2.530,0.00,0.00,0.00,23.853,9.910,-6.114,0.00,0.00,0.00,22.326,6.424,2.734,0.00,0.00,0.00,3.157,3.157,3.157
2026-02-04 18:34:10,351.48,30,333,363,8.26%,130.71,2.23%,"[0, 5, 10, 15, 20, 25, 30, 35, 40, 45, 50, 55, 60, 65, 70, 75, 80, 85, 90, 95, 100]","[8, 9, 6, 5, 3, 5, 11, 13, 9, 15, 9, 16, 12, 17, 10, 8, 704, 12, 17, 724]","[0.0049597024178549285, 0.010539367637941723, 0.01425914445133292, 0.01735895846249225, 0.019218846869187848, 0.022318660880347178, 0.029138251704897707, 0.037197768133911964, 0.04277743335399876, 0.052076875387476754, 0.05765654060756355, 0.0675759454432734, 0.0750154990700558, 0.08555486670799752, 0.09175449473031617, 0.09671419714817112, 0.5331680099194048, 0.5406075635461872, 0.5511469311841289, 1.0]",4.0,2.0,2.0,2.0,2.0,9,28.77846,8.0,-6.0,hrl_dqn_apf,hierarchical,dqn,15.095,9.436,2.838,0.00,0.00,0.00,23.625,9.980,-7.407,0.00,0.00,0.00,22.358,6.418,1.230,0.00,0.00,0.00,3.154,3.154,3.154
2026-02-04 18:34:11,352.49,28,337,365,7.67%,130.78,2.11%,"[0, 5, 10, 15, 20, 25, 30, 35, 40, 45, 50, 55, 60, 65, 70, 75, 80, 85, 90, 95, 100]","[10, 9, 5, 6, 1, 3, 12, 13, 11, 14, 10, 13, 14, 18, 9, 9, 704, 12, 17, 723]","[0.006199628022318661, 0.011779293242405457, 0.014879107253564786, 0.018598884066955982, 0.019218846869187848, 0.021078735275883446, 0.02851828890266584, 0.0365778053316801, 0.04339739615623062, 0.052076875387476754, 0.05827650340979541, 0.06633601983880967, 0.0750154990700558, 0.08617482951022938, 0.09175449473031617, 0.09733415995040298, 0.5337879727216367, 0.5412275263484191, 0.5517668939863608, 1.0]",4.0,2.0,2.0,2.0,2.0,13,23.09839,8.0,0.0,hrl_dqn_apf,hierarchical,dqn,15.822,9.434,2.861,0.00,0.00,0.00,23.160,10.058,-7.458,0.00,0.00,0.00,22.361,6.415,0.473,0.00,0.00,0.00,3.151,3.151,3.151
2026-02-04 18:34:12,353.49,29,334,363,7.99%,130.84,2.17%,"[0, 5, 10, 15, 20, 25, 30, 35, 40, 45, 50, 55, 60, 65, 70, 75, 80, 85, 90, 95, 100]","[8, 7, 9, 6, 1, 4, 10, 14, 12, 14, 10, 12, 13, 19, 10, 10, 704, 11, 15, 724]","[0.0049597024178549285, 0.009299442033477991, 0.014879107253564786, 0.018598884066955982, 0.019218846869187848, 0.02169869807811531, 0.027898326100433975, 0.0365778053316801, 0.04401735895846249, 0.05269683818970862, 0.05889646621202728, 0.06633601983880967, 0.07439553626782393, 0.08617482951022938, 0.09237445753254804, 0.09857408555486671, 0.5350278983261004, 0.541847489150651, 0.5511469311841289, 1.0]",4.0,2.0,2.0,2.0,2.0,13,23.09839,8.0,0.0,hrl_dqn_apf,hierarchical,dqn,16.510,9.477,2.801,0.00,0.00,0.00,22.959,9.900,-7.034,0.00,0.00,0.00,22.420,6.454,-0.234,0.00,0.00,0.00,3.148,3.148,3.148
2026-02-04 18:34:13,354.49,30,327,357,8.40%,130.94,2.23%,"[0, 5, 10, 15, 20, 25, 30, 35, 40, 45, 50, 55, 60, 65, 70, 75, 80, 85, 90, 95, 100]","[10, 8, 8, 6, 2, 2, 8, 16, 11, 14, 10, 11, 14, 18, 11, 10, 703, 12, 14, 725]","[0.006199628022318661, 0.011159330440173589, 0.016119032858028518, 0.019838809671419714, 0.021078735275883446, 0.022318660880347178, 0.02727836329820211, 0.037197768133911964, 0.04401735895846249, 0.05269683818970862, 0.05889646621202728, 0.0657160570365778, 0.07439553626782393, 0.08555486670799752, 0.09237445753254804, 0.09857408555486671, 0.5344079355238686, 0.541847489150651, 0.5505269683818971, 1.0]",4.0,2.0,2.0,2.0,2.0,0,5.179179999999999,8.0,-12.0,hrl_dqn_apf,hierarchical,dqn,16.809,9.519,2.313,0.00,0.00,0.00,22.892,9.574,-6.786,0.00,0.00,0.00,22.877,6.499,-0.549,0.00,0.00,0.00,3.145,3.145,3.145
2026-02-04 18:34:14,355.50,32,325,357,8.96%,131.10,2.36%,"[0, 5, 10, 15, 20, 25, 30, 35, 40, 45, 50, 55, 60, 65, 70, 75, 80, 85, 90, 95, 100]","[10, 7, 10, 6, 3, 2, 6, 12, 15, 14, 9, 10, 16, 17, 13, 7, 706, 11, 11, 728]","[0.006199628022318661, 0.010539367637941723, 0.016738995660260384, 0.02045877247365158, 0.022318660880347178, 0.023558586484810913, 0.02727836329820211, 0.0347179169249845, 0.04401735895846249, 0.05269683818970862, 0.05827650340979541, 0.06447613143211407, 0.07439553626782393, 0.08493490390576565, 0.0929944203347799, 0.09733415995040298, 0.5350278983261004, 0.541847489150651, 0.5486670799752015, 1.0]",4.0,2.0,2.0,2.0,2.0,9,29.25902,8.0,-6.0,hrl_dqn_apf,hierarchical,dqn,16.931,9.517,0.915,0.00,0.00,0.00,23.093,9.669,-5.931,0.00,0.00,0.00,24.051,6.577,-0.436,0.00,0.00,0.00,3.142,3.142,3.142
2026-02-04 18:34:15,356.50,32,321,353,9.07%,131.16,2.36%,"[0, 5, 10, 15, 20, 25, 30, 35, 40, 45, 50, 55, 60, 65, 70, 75, 80, 85, 90, 95, 100]","[10, 8, 8, 7, 3, 2, 6, 11, 15, 13, 11, 9, 17, 16, 13, 8, 707, 10, 10, 729]","[0.006199628022318661, 0.011159330440173589, 0.016119032858028518, 0.02045877247365158, 0.022318660880347178, 0.023558586484810913, 0.02727836329820211, 0.034097954122752634, 0.04339739615623062, 0.05145691258524489, 0.05827650340979541, 0.0638561686298822, 0.07439553626782393, 0.08431494110353378, 0.09237445753254804, 0.09733415995040298, 0.5356478611283323, 0.541847489150651, 0.5480471171729696, 1.0]",4.0,2.0,2.0,2.0,2.0,9,29.25902,8.0,-6.0,hrl_dqn_apf,hierarchical,dqn,16.939,9.514,0.141,0.00,0.00,0.00,23.697,9.684,-5.775,0.00,0.00,0.00,24.224,6.590,0.168,0.00,0.00,0.00,3.139,3.139,3.139
2026-02-04 18:34:16,357.50,31,322,353,8.78%,131.23,2.29%,"[0, 5, 10, 15, 20, 25, 30, 35, 40, 45, 50, 55, 60, 65, 70, 75, 80, 85, 90, 95, 100]","[9, 9, 8, 7, 3, 1, 6, 11, 16, 13, 10, 10, 14, 18, 14, 8, 705, 11, 12, 728]","[0.005579665220086794, 0.011159330440173589, 0.016119032858028518, 0.02045877247365158, 0.022318660880347178, 0.022938623682579044, 0.026658400495970243, 0.03347799132052077, 0.04339739615623062, 0.05145691258524489, 0.05765654060756355, 0.0638561686298822, 0.07253564786112833, 0.08369497830130192, 0.09237445753254804, 0.09733415995040298, 0.5344079355238686, 0.5412275263484191, 0.5486670799752015, 1.0]",4.0,2.0,2.0,2.0,2.0,23,23.41933,8.0,12.0,hrl_dqn_apf,hierarchical,dqn,16.942,9.511,-0.620,0.00,0.00,0.00,24.413,9.683,-5.729,0.00,0.00,0.00,24.275,6.589,0.884,0.00,0.00,0.00,3.136,3.136,3.136
2026-02-04 18:34:17,358.50,32,321,353,9.07%,131.28,2.36%,"[0, 5, 10, 15, 20, 25, 30, 35, 40, 45, 50, 55, 60, 65, 70, 75, 80, 85, 90, 95, 100]","[8, 8, 7, 10, 4, 1, 7, 10, 15, 14, 10, 10, 15, 16, 14, 8, 707, 12, 12, 725]","[0.0049597024178549285, 0.009919404835709857, 0.01425914445133292, 0.02045877247365158, 0.022938623682579044, 0.023558586484810913, 0.027898326100433975, 0.034097954122752634, 0.04339739615623062, 0.052076875387476754, 0.05827650340979541, 0.06447613143211407, 0.07377557346559206, 0.08369497830130192, 0.09237445753254804, 0.09733415995040298, 0.5356478611283323, 0.5430874147551147, 0.5505269683818971, 1.0]",4.0,2.0,2.0,2.0,2.0,11,11.57996,8.0,0.0,hrl_dqn_apf,hierarchical,dqn,16.922,9.529,-1.361,0.00,0.00,0.00,25.161,9.680,-5.715,0.00,0.00,0.00,24.290,6.586,1.632,0.00,0.00,0.00,3.133,3.133,3.133
2026-02-04 18:34:18,359.51,34,318,352,9.66%,131.33,2.48%,"[0, 5, 10, 15, 20, 25, 30, 35, 40, 45, 50, 55, 60, 65, 70, 75, 80, 85, 90, 95, 100]","[10, 6, 8, 10, 4, 2, 6, 8, 16, 15, 9, 10, 12, 20, 14, 9, 705, 13, 13, 723]","[0.006199628022318661, 0.009919404835709857, 0.014879107253564786, 0.021078735275883446, 0.023558586484810913, 0.024798512089274645, 0.02851828890266584, 0.03347799132052077, 0.04339739615623062, 0.05269683818970862, 0.05827650340979541, 0.06447613143211407, 0.07191568505889646, 0.08431494110353378, 0.0929944203347799, 0.09857408555486671, 0.5356478611283323, 0.5437073775573465, 0.5517668939863608, 1.0]",4.0,2.0,2.0,2.0,2.0,11,11.57996,8.0,0.0,hrl_dqn_apf,hierarchical,dqn,15.892,9.597,-1.872,0.00,0.00,0.00,26.448,9.751,-5.948,0.00,0.00,0.00,24.295,6.579,3.151,0.00,0.00,0.00,3.130,3.130,3.130
2026-02-04 18:34:19,360.51,35,317,352,9.94%,131.38,2.54%,"[0, 5, 10, 15, 20, 25, 30, 35, 40, 45, 50, 55, 60, 65, 70, 75, 80, 85, 90, 95, 100]","[9, 8, 7, 10, 5, 2, 5, 7, 17, 16, 10, 10, 11, 20, 13, 10, 704, 13, 13, 723]","[0.005579665220086794, 0.010539367637941723, 0.014879107253564786, 0.021078735275883446, 0.02417854928704278, 0.02541847489150651, 0.02851828890266584, 0.0328580285182889, 0.04339739615623062, 0.053316800991940486, 0.059516429014259145, 0.0657160570365778, 0.07253564786112833, 0.08493490390576565, 0.0929944203347799, 0.09919404835709858, 0.5356478611283323, 0.5437073775573465, 0.5517668939863608, 1.0]",4.0,2.0,2.0,2.0,2.0,3,23.74002,8.0,-12.0,hrl_dqn_apf,hierarchical,dqn,15.161,9.595,-1.910,0.00,0.00,0.00,26.627,9.765,-6.543,0.00,0.00,0.00,24.294,6.576,3.914,0.00,0.00,0.00,3.127,3.127,3.127
2026-02-04 18:34:20,361.51,35,313,348,10.06%,131.45,2.54%,"[0, 5, 10, 15, 20, 25, 30, 35, 40, 45, 50, 55, 60, 65, 70, 75, 80, 85, 90, 95, 100]","[9, 8, 7, 9, 5, 3, 6, 6, 15, 18, 8, 12, 10, 21, 12, 10, 705, 13, 13, 723]","[0.005579665220086794, 0.010539367637941723, 0.014879107253564786, 0.02045877247365158, 0.023558586484810913, 0.02541847489150651, 0.029138251704897707, 0.0328580285182889, 0.04215747055176689, 0.053316800991940486, 0.05827650340979541, 0.0657160570365778, 0.07191568505889646, 0.08493490390576565, 0.09237445753254804, 0.09857408555486671, 0.5356478611283323, 0.5437073775573465, 0.5517668939863608, 1.0]",4.0,2.0,2.0,2.0,2.0,12,17.90031,8.0,0.0,hrl_dqn_apf,hierarchical,dqn,14.409,9.591,-1.921,0.00,0.00,0.00,26.682,9.763,-7.257,0.00,0.00,0.00,24.234,6.616,4.615,0.00,0.00,0.00,3.124,3.124,3.124
2026-02-04 18:34:21,362.51,36,312,348,10.34%,131.50,2.60%,"[0, 5, 10, 15, 20, 25, 30, 35, 40, 45, 50, 55, 60, 65, 70, 75, 80, 85, 90, 95, 100]","[7, 10, 8, 9, 5, 3, 5, 7, 15, 17, 9, 10, 12, 20, 14, 11, 705, 11, 12, 723]","[0.0043397396156230625, 0.010539367637941723, 0.015499070055796652, 0.021078735275883446, 0.02417854928704278, 0.026038437693738377, 0.029138251704897707, 0.03347799132052077, 0.04277743335399876, 0.053316800991940486, 0.05889646621202728, 0.06509609423434594, 0.07253564786112833, 0.08493490390576565, 0.09361438313701177, 0.10043397396156231, 0.5375077495350279, 0.5443273403595784, 0.5517668939863608, 1.0]",4.0,2.0,2.0,2.0,2.0,12,17.90031,8.0,0.0,hrl_dqn_apf,hierarchical,dqn,13.667,9.609,-1.905,0.00,0.00,0.00,26.699,9.760,-8.007,0.00,0.00,0.00,23.773,6.660,4.926,0.00,0.00,0.00,3.121,3.121,3.121
2026-02-04 18:34:22,363.52,37,311,348,10.63%,131.67,2.67%,"[0, 5, 10, 15, 20, 25, 30, 35, 40, 45, 50, 55, 60, 65, 70, 75, 80, 85, 90, 95, 100]","[7, 11, 7, 7, 8, 3, 6, 6, 12, 20, 9, 10, 12, 16, 14, 13, 705, 12, 13, 722]","[0.0043397396156230625, 0.011159330440173589, 0.015499070055796652, 0.019838809671419714, 0.024798512089274645, 0.026658400495970243, 0.03037817730936144, 0.034097954122752634, 0.041537507749535026, 0.05393676379417235, 0.059516429014259145, 0.0657160570365778, 0.0731556106633602, 0.08307501549907005, 0.09175449473031617, 0.09981401115933045, 0.536887786732796, 0.5443273403595784, 0.5523868567885927, 1.0]",4.0,2.0,2.0,2.0,2.0,20,6.060759999999998,8.0,12.0,hrl_dqn_apf,hierarchical,dqn,13.153,9.677,-0.877,0.00,0.00,0.00,26.704,9.754,-9.527,0.00,0.00,0.00,22.360,6.660,5.053,0.00,0.00,0.00,3.118,3.118,3.118
2026-02-04 18:34:23,364.52,37,309,346,10.69%,131.77,2.67%,"[0, 5, 10, 15, 20, 25, 30, 35, 40, 45, 50, 55, 60, 65, 70, 75, 80, 85, 90, 95, 100]","[9, 10, 5, 9, 7, 3, 7, 6, 11, 20, 10, 10, 10, 17, 15, 13, 705, 10, 14, 722]","[0.005579665220086794, 0.011779293242405457, 0.014879107253564786, 0.02045877247365158, 0.024798512089274645, 0.026658400495970243, 0.030998140111593304, 0.0347179169249845, 0.041537507749535026, 0.05393676379417235, 0.06013639181649101, 0.06633601983880967, 0.07253564786112833, 0.08307501549907005, 0.09237445753254804, 0.10043397396156231, 0.5375077495350279, 0.5437073775573465, 0.5523868567885927, 1.0]",4.0,2.0,2.0,2.0,2.0,19,30.22064,8.0,6.0,hrl_dqn_apf,hierarchical,dqn,13.115,9.675,-0.145,0.00,0.00,0.00,26.704,9.874,-10.034,0.00,0.00,0.00,21.740,6.721,4.922,0.00,0.00,0.00,3.115,3.115,3.115
2026-02-04 18:34:24,365.53,38,304,342,11.11%,131.90,2.73%,"[0, 5, 10, 15, 20, 25, 30, 35, 40, 45, 50, 55, 60, 65, 70, 75, 80, 85, 90, 95, 100]","[10, 9, 7, 7, 8, 3, 6, 6, 10, 19, 11, 10, 11, 15, 16, 12, 707, 9, 14, 723]","[0.006199628022318661, 0.011779293242405457, 0.016119032858028518, 0.02045877247365158, 0.02541847489150651, 0.02727836329820211, 0.030998140111593304, 0.0347179169249845, 0.04091754494730316, 0.05269683818970862, 0.059516429014259145, 0.0657160570365778, 0.07253564786112833, 0.08183508989460632, 0.09175449473031617, 0.09919404835709858, 0.5375077495350279, 0.5430874147551147, 0.5517668939863608, 1.0]",4.0,2.0,2.0,2.0,2.0,19,30.22064,8.0,6.0,hrl_dqn_apf,hierarchical,dqn,13.104,9.672,0.604,0.00,0.00,0.00,26.704,9.932,-9.748,0.00,0.00,0.00,21.568,6.790,4.445,0.00,0.00,0.00,3.112,3.112,3.112
2026-02-04 18:34:25,366.53,37,305,342,10.82%,132.19,2.67%,"[0, 5, 10, 15, 20, 25, 30, 35, 40, 45, 50, 55, 60, 65, 70, 75, 80, 85, 90, 95, 100]","[9, 8, 9, 6, 7, 4, 6, 7, 9, 18, 13, 9, 12, 15, 16, 11, 705, 12, 14, 723]","[0.005579665220086794, 0.010539367637941723, 0.016119032858028518, 0.019838809671419714, 0.02417854928704278, 0.026658400495970243, 0.03037817730936144, 0.0347179169249845, 0.040297582145071294, 0.05145691258524489, 0.059516429014259145, 0.06509609423434594, 0.07253564786112833, 0.08183508989460632, 0.09175449473031617, 0.09857408555486671, 0.5356478611283323, 0.5430874147551147, 0.5517668939863608, 1.0]",4.0,2.0,2.0,2.0,2.0,14,30.38106,8.0,0.0,hrl_dqn_apf,hierarchical,dqn,13.100,9.667,2.124,0.00,0.00,0.00,26.705,9.932,-8.399,0.00,0.00,0.00,22.610,6.840,4.118,0.00,0.00,0.00,3.109,3.109,3.109
2026-02-04 18:34:26,367.53,37,299,336,11.01%,132.28,2.67%,"[0, 5, 10, 15, 20, 25, 30, 35, 40, 45, 50, 55, 60, 65, 70, 75, 80, 85, 90, 95, 100]","[10, 8, 8, 6, 8, 3, 7, 5, 9, 17, 14, 10, 11, 16, 14, 12, 706, 10, 14, 725]","[0.006199628022318661, 0.011159330440173589, 0.016119032858028518, 0.019838809671419714, 0.024798512089274645, 0.026658400495970243, 0.030998140111593304, 0.034097954122752634, 0.03967761934283943, 0.050216986980781156, 0.05889646621202728, 0.06509609423434594, 0.07191568505889646, 0.08183508989460632, 0.09051456912585244, 0.09795412275263485, 0.5356478611283323, 0.541847489150651, 0.5505269683818971, 1.0]",4.0,2.0,2.0,2.0,2.0,9,30.54166,8.0,-6.0,hrl_dqn_apf,hierarchical,dqn,13.355,9.719,2.317,0.00,0.00,0.00,26.705,9.929,-7.652,0.00,0.00,0.00,23.338,6.837,4.094,0.00,0.00,0.00,3.106,3.106,3.106
2026-02-04 18:34:27,368.53,37,299,336,11.01%,132.45,2.67%,"[0, 5, 10, 15, 20, 25, 30, 35, 40, 45, 50, 55, 60, 65, 70, 75, 80, 85, 90, 95, 100]","[11, 5, 10, 6, 4, 7, 6, 6, 9, 16, 15, 10, 11, 16, 11, 13, 706, 12, 13, 726]","[0.006819590824550527, 0.009919404835709857, 0.016119032858028518, 0.019838809671419714, 0.022318660880347178, 0.026658400495970243, 0.03037817730936144, 0.034097954122752634, 0.03967761934283943, 0.04959702417854929, 0.05889646621202728, 0.06509609423434594, 0.07191568505889646, 0.08183508989460632, 0.08865468071915684, 0.09671419714817112, 0.5344079355238686, 0.541847489150651, 0.5499070055796652, 1.0]",4.0,2.0,2.0,2.0,2.0,9,30.54166,8.0,-6.0,hrl_dqn_apf,hierarchical,dqn,13.975,9.724,2.358,0.00,0.00,0.00,26.706,9.926,-6.875,0.00,0.00,0.00,24.110,6.834,4.087,0.00,0.00,0.00,3.103,3.103,3.103
2026-02-04 18:34:28,369.54,37,299,336,11.01%,132.58,2.67%,"[0, 5, 10, 15, 20, 25, 30, 35, 40, 45, 50, 55, 60, 65, 70, 75, 80, 85, 90, 95, 100]","[11, 6, 9, 5, 5, 7, 6, 6, 9, 14, 16, 11, 10, 16, 13, 13, 706, 12, 11, 727]","[0.006819590824550527, 0.010539367637941723, 0.016119032858028518, 0.019218846869187848, 0.022318660880347178, 0.026658400495970243, 0.03037817730936144, 0.034097954122752634, 0.03967761934283943, 0.04835709857408556, 0.05827650340979541, 0.06509609423434594, 0.0712957222566646, 0.08121512709237445, 0.08927464352138871, 0.09733415995040298, 0.5350278983261004, 0.5424674519528828, 0.5492870427774333, 1.0]",4.0,2.0,2.0,2.0,2.0,20,6.70166,8.0,12.0,hrl_dqn_apf,hierarchical,dqn,14.693,9.722,2.361,0.00,0.00,0.00,26.653,9.964,-6.168,0.00,0.00,0.00,24.868,6.831,4.086,0.00,0.00,0.00,3.100,3.100,3.100
2026-02-04 18:34:29,370.54,37,295,332,11.14%,132.78,2.67%,"[0, 5, 10, 15, 20, 25, 30, 35, 40, 45, 50, 55, 60, 65, 70, 75, 80, 85, 90, 95, 100]","[11, 7, 7, 6, 3, 9, 8, 5, 9, 12, 15, 14, 10, 15, 11, 16, 702, 14, 12, 727]","[0.006819590824550527, 0.011159330440173589, 0.015499070055796652, 0.019218846869187848, 0.021078735275883446, 0.026658400495970243, 0.03161810291382517, 0.0347179169249845, 0.040297582145071294, 0.04773713577185369, 0.05703657780533168, 0.0657160570365778, 0.07191568505889646, 0.08121512709237445, 0.08803471791692498, 0.09795412275263485, 0.5331680099194048, 0.541847489150651, 0.5492870427774333, 1.0]",4.0,2.0,2.0,2.0,2.0,20,6.70166,8.0,12.0,hrl_dqn_apf,hierarchical,dqn,16.202,9.716,2.361,0.00,0.00,0.00,25.529,10.010,-5.750,0.00,0.00,0.00,25.629,6.996,4.086,0.00,0.00,0.00,3.097,3.097,3.097
2026-02-04 18:34:30,371.54,36,296,332,10.84%,132.92,2.60%,"[0, 5, 10, 15, 20, 25, 30, 35, 40, 45, 50, 55, 60, 65, 70, 75, 80, 85, 90, 95, 100]","[11, 8, 6, 7, 3, 7, 8, 6, 9, 12, 14, 14, 10, 16, 10, 17, 701, 14, 13, 727]","[0.006819590824550527, 0.011779293242405457, 0.015499070055796652, 0.019838809671419714, 0.02169869807811531, 0.026038437693738377, 0.030998140111593304, 0.0347179169249845, 0.040297582145071294, 0.04773713577185369, 0.056416615003099815, 0.06509609423434594, 0.0712957222566646, 0.08121512709237445, 0.08741475511469311, 0.09795412275263485, 0.532548047117173, 0.5412275263484191, 0.5492870427774333, 1.0]",4.0,2.0,2.0,2.0,2.0,21,12.861930000000001,8.0,12.0,hrl_dqn_apf,hierarchical,dqn,16.959,9.713,2.361,0.00,0.00,0.00,25.016,9.644,-5.716,0.00,0.00,0.00,25.112,7.011,4.086,0.00,0.00,0.00,3.094,3.094,3.094
2026-02-04 18:34:31,372.54,36,295,331,10.88%,133.05,2.60%,"[0, 5, 10, 15, 20, 25, 30, 35, 40, 45, 50, 55, 60, 65, 70, 75, 80, 85, 90, 95, 100]","[12, 9, 3, 8, 4, 6, 7, 7, 8, 12, 14, 14, 11, 14, 12, 15, 702, 15, 12, 728]","[0.007439553626782393, 0.013019218846869188, 0.014879107253564786, 0.019838809671419714, 0.022318660880347178, 0.026038437693738377, 0.03037817730936144, 0.0347179169249845, 0.03967761934283943, 0.047117172969621826, 0.05579665220086795, 0.06447613143211407, 0.0712957222566646, 0.07997520148791072, 0.08741475511469311, 0.09671419714817112, 0.5319280843149411, 0.5412275263484191, 0.5486670799752015, 1.0]",4.0,2.0,2.0,2.0,2.0,16,13.022279999999999,8.0,6.0,hrl_dqn_apf,hierarchical,dqn,17.402,9.840,2.364,0.00,0.00,0.00,24.723,9.545,-5.706,0.00,0.00,0.00,24.436,7.009,4.086,0.00,0.00,0.00,3.091,3.091,3.091
2026-02-04 18:34:32,373.54,33,298,331,9.97%,133.21,2.42%,"[0, 5, 10, 15, 20, 25, 30, 35, 40, 45, 50, 55, 60, 65, 70, 75, 80, 85, 90, 95, 100]","[11, 9, 4, 8, 3, 4, 10, 7, 8, 12, 12, 16, 11, 14, 12, 13, 702, 16, 12, 729]","[0.006819590824550527, 0.012399256044637322, 0.014879107253564786, 0.019838809671419714, 0.02169869807811531, 0.02417854928704278, 0.03037817730936144, 0.0347179169249845, 0.03967761934283943, 0.047117172969621826, 0.05455672659640422, 0.06447613143211407, 0.0712957222566646, 0.07997520148791072, 0.08741475511469311, 0.09547427154370738, 0.5306881587104774, 0.5406075635461872, 0.5480471171729696, 1.0]",4.0,2.0,2.0,2.0,2.0,16,13.022279999999999,8.0,6.0,hrl_dqn_apf,hierarchical,dqn,17.265,9.900,2.364,0.00,0.00,0.00,24.197,9.587,-5.650,0.00,0.00,0.00,23.695,7.006,4.085,0.00,0.00,0.00,3.088,3.088,3.088
2026-02-04 18:34:33,374.55,31,298,329,9.42%,133.51,2.29%,"[0, 5, 10, 15, 20, 25, 30, 35, 40, 45, 50, 55, 60, 65, 70, 75, 80, 85, 90, 95, 100]","[13, 7, 4, 7, 3, 3, 11, 7, 9, 12, 10, 16, 12, 13, 12, 12, 705, 14, 14, 729]","[0.008059516429014259, 0.012399256044637322, 0.014879107253564786, 0.019218846869187848, 0.021078735275883446, 0.022938623682579044, 0.029758214507129573, 0.034097954122752634, 0.03967761934283943, 0.047117172969621826, 0.053316800991940486, 0.06323620582765034, 0.07067575945443273, 0.07873527588344699, 0.08617482951022938, 0.09361438313701177, 0.5306881587104774, 0.5393676379417235, 0.5480471171729696, 1.0]",4.0,2.0,2.0,2.0,2.0,24,31.1022,8.0,12.0,hrl_dqn_apf,hierarchical,dqn,17.281,10.015,2.364,0.00,0.00,0.00,23.844,9.632,-4.526,0.00,0.00,0.00,22.178,7.000,4.083,0.00,0.00,0.00,3.085,3.085,3.085
2026-02-04 18:34:34,375.55,30,297,327,9.17%,133.63,2.23%,"[0, 5, 10, 15, 20, 25, 30, 35, 40, 45, 50, 55, 60, 65, 70, 75, 80, 85, 90, 95, 100]","[14, 4, 6, 6, 4, 2, 12, 7, 9, 11, 8, 16, 15, 13, 12, 11, 706, 13, 13, 731]","[0.008679479231246125, 0.011159330440173589, 0.014879107253564786, 0.018598884066955982, 0.021078735275883446, 0.022318660880347178, 0.029758214507129573, 0.034097954122752634, 0.03967761934283943, 0.04649721016738995, 0.05145691258524489, 0.06137631742095474, 0.07067575945443273, 0.07873527588344699, 0.08617482951022938, 0.0929944203347799, 0.5306881587104774, 0.5387476751394916, 0.5468071915685059, 1.0]",4.0,2.0,2.0,2.0,2.0,18,25.26236,8.0,6.0,hrl_dqn_apf,hierarchical,dqn,17.283,10.072,2.364,0.00,0.00,0.00,23.818,9.630,-3.793,0.00,0.00,0.00,21.913,7.152,4.083,0.00,0.00,0.00,3.082,3.082,3.082
2026-02-04 18:34:35,376.55,30,297,327,9.17%,133.73,2.23%,"[0, 5, 10, 15, 20, 25, 30, 35, 40, 45, 50, 55, 60, 65, 70, 75, 80, 85, 90, 95, 100]","[13, 5, 5, 6, 5, 2, 11, 8, 9, 12, 8, 15, 15, 13, 13, 10, 707, 11, 14, 731]","[0.008059516429014259, 0.011159330440173589, 0.01425914445133292, 0.017978921264724116, 0.021078735275883446, 0.022318660880347178, 0.029138251704897707, 0.034097954122752634, 0.03967761934283943, 0.047117172969621826, 0.052076875387476754, 0.06137631742095474, 0.07067575945443273, 0.07873527588344699, 0.08679479231246125, 0.0929944203347799, 0.5313081215127092, 0.5381277123372598, 0.5468071915685059, 1.0]",4.0,2.0,2.0,2.0,2.0,18,25.26236,8.0,6.0,hrl_dqn_apf,hierarchical,dqn,17.289,9.785,2.364,0.00,0.00,0.00,23.810,9.627,-3.039,0.00,0.00,0.00,22.338,7.181,4.083,0.00,0.00,0.00,3.079,3.079,3.079
2026-02-04 18:34:36,377.56,31,296,327,9.48%,133.83,2.29%,"[0, 5, 10, 15, 20, 25, 30, 35, 40, 45, 50, 55, 60, 65, 70, 75, 80, 85, 90, 95, 100]","[11, 6, 6, 4, 7, 3, 10, 8, 9, 11, 8, 15, 16, 13, 11, 12, 705, 11, 17, 730]","[0.006819590824550527, 0.010539367637941723, 0.01425914445133292, 0.016738995660260384, 0.021078735275883446, 0.022938623682579044, 0.029138251704897707, 0.034097954122752634, 0.03967761934283943, 0.04649721016738995, 0.05145691258524489, 0.06075635461872288, 0.07067575945443273, 0.07873527588344699, 0.08555486670799752, 0.0929944203347799, 0.5300681959082455, 0.536887786732796, 0.5474271543707377, 1.0]",4.0,2.0,2.0,2.0,2.0,22,19.42286,8.0,12.0,hrl_dqn_apf,hierarchical,dqn,17.283,9.608,2.438,0.00,0.00,0.00,23.808,9.624,-2.281,0.00,0.00,0.00,23.003,7.181,4.083,0.00,0.00,0.00,3.076,3.076,3.076
2026-02-04 18:34:37,378.57,32,291,323,9.91%,134.04,2.36%,"[0, 5, 10, 15, 20, 25, 30, 35, 40, 45, 50, 55, 60, 65, 70, 75, 80, 85, 90, 95, 100]","[13, 7, 5, 4, 6, 3, 8, 10, 9, 12, 8, 11, 18, 14, 11, 11, 703, 12, 16, 732]","[0.008059516429014259, 0.012399256044637322, 0.015499070055796652, 0.017978921264724116, 0.02169869807811531, 0.023558586484810913, 0.02851828890266584, 0.0347179169249845, 0.040297582145071294, 0.04773713577185369, 0.05269683818970862, 0.059516429014259145, 0.07067575945443273, 0.07935523868567886, 0.08617482951022938, 0.0929944203347799, 0.5288282703037818, 0.5362678239305642, 0.546187228766274, 1.0]",4.0,2.0,2.0,2.0,2.0,10,7.582940000000001,8.0,0.0,hrl_dqn_apf,hierarchical,dqn,17.282,9.640,3.595,0.00,0.00,0.00,23.460,9.702,-1.102,0.00,0.00,0.00,24.491,7.175,4.084,0.00,0.00,0.00,3.073,3.073,3.073
2026-02-04 18:34:38,379.57,31,290,321,9.66%,134.19,2.29%,"[0, 5, 10, 15, 20, 25, 30, 35, 40, 45, 50, 55, 60, 65, 70, 75, 80, 85, 90, 95, 100]","[14, 5, 5, 5, 5, 3, 8, 11, 9, 12, 8, 10, 18, 15, 11, 10, 700, 16, 16, 732]","[0.008679479231246125, 0.011779293242405457, 0.014879107253564786, 0.017978921264724116, 0.021078735275883446, 0.022938623682579044, 0.027898326100433975, 0.0347179169249845, 0.040297582145071294, 0.04773713577185369, 0.05269683818970862, 0.05889646621202728, 0.07005579665220087, 0.07935523868567886, 0.08617482951022938, 0.09237445753254804, 0.5263484190948543, 0.5362678239305642, 0.546187228766274, 1.0]",4.0,2.0,2.0,2.0,2.0,10,7.582940000000001,8.0,0.0,hrl_dqn_apf,hierarchical,dqn,17.283,9.638,4.336,0.00,0.00,0.00,22.825,9.709,-0.964,0.00,0.00,0.00,25.252,7.172,4.085,0.00,0.00,0.00,3.070,3.070,3.070
2026-02-04 18:34:39,380.57,30,289,319,9.40%,134.25,2.23%,"[0, 5, 10, 15, 20, 25, 30, 35, 40, 45, 50, 55, 60, 65, 70, 75, 80, 85, 90, 95, 100]","[13, 6, 3, 7, 5, 2, 7, 12, 10, 12, 8, 9, 18, 15, 12, 10, 699, 17, 14, 734]","[0.008059516429014259, 0.011779293242405457, 0.013639181649101054, 0.017978921264724116, 0.021078735275883446, 0.022318660880347178, 0.026658400495970243, 0.034097954122752634, 0.040297582145071294, 0.04773713577185369, 0.05269683818970862, 0.05827650340979541, 0.069435833849969, 0.07873527588344699, 0.08617482951022938, 0.09237445753254804, 0.5257284562926224, 0.5362678239305642, 0.5449473031618103, 1.0]",4.0,2.0,2.0,2.0,2.0,19,31.74307,8.0,6.0,hrl_dqn_apf,hierarchical,dqn,17.283,9.636,5.091,0.00,0.00,0.00,22.099,9.707,-0.921,0.00,0.00,0.00,26.012,7.169,4.086,0.00,0.00,0.00,3.070,3.069,3.069
