timestamp,elapsed_time,scanned_count,unscanned_count,total_count,scan_ratio,global_avg_entropy,global_scan_ratio,entropy_bins,entropy_hist,entropy_cdf,repulsion_coefficient,entropy_coefficient,distance_coefficient,leader_range_coefficient,direction_retention_coefficient,hl_action,hl_goal_x,hl_goal_y,hl_goal_z,algorithm_type,env_type,control_mode,UAV1_x,UAV1_y,UAV1_z,UAV1_roll,UAV1_pitch,UAV1_yaw,UAV2_x,UAV2_y,UAV2_z,UAV2_roll,UAV2_pitch,UAV2_yaw,UAV3_x,UAV3_y,UAV3_z,UAV3_roll,UAV3_pitch,UAV3_yaw,UAV1_battery_voltage,UAV2_battery_voltage,UAV3_battery_voltage
2026-02-04 17:02:32,1.01,4,348,352,1.14%,79.98,0.25%,"[0, 5, 10, 15, 20, 25, 30, 35, 40, 45, 50, 55, 60, 65, 70, 75, 80, 85, 90, 95, 100]","[4, 0, 0, 0, 0, 0, 0, 0, 0, 0, 0, 0, 0, 0, 0, 0, 1609, 0, 0, 0]","[0.0024798512089274642, 0.0024798512089274642, 0.0024798512089274642, 0.0024798512089274642, 0.0024798512089274642, 0.0024798512089274642, 0.0024798512089274642, 0.0024798512089274642, 0.0024798512089274642, 0.0024798512089274642, 0.0024798512089274642, 0.0024798512089274642, 0.0024798512089274642, 0.0024798512089274642, 0.0024798512089274642, 0.0024798512089274642, 1.0, 1.0, 1.0, 1.0]",4.0,2.0,2.0,2.0,2.0,,,,,hrl_dqn_apf,hierarchical,dqn,-10.001,1.572,-0.760,0.00,0.00,0.00,-14.300,1.575,-0.590,0.00,0.00,0.00,-20.110,1.566,-0.590,0.00,0.00,0.00,4.200,4.200,4.200
2026-02-04 17:02:33,2.01,4,348,352,1.14%,80.15,0.25%,"[0, 5, 10, 15, 20, 25, 30, 35, 40, 45, 50, 55, 60, 65, 70, 75, 80, 85, 90, 95, 100]","[4, 0, 0, 0, 0, 0, 0, 0, 0, 0, 0, 0, 0, 0, 0, 0, 1609, 0, 0, 0]","[0.0024798512089274642, 0.0024798512089274642, 0.0024798512089274642, 0.0024798512089274642, 0.0024798512089274642, 0.0024798512089274642, 0.0024798512089274642, 0.0024798512089274642, 0.0024798512089274642, 0.0024798512089274642, 0.0024798512089274642, 0.0024798512089274642, 0.0024798512089274642, 0.0024798512089274642, 0.0024798512089274642, 0.0024798512089274642, 1.0, 1.0, 1.0, 1.0]",4.0,2.0,2.0,2.0,2.0,,,,,hrl_dqn_apf,hierarchical,dqn,-10.001,1.572,-0.760,0.00,0.00,0.00,-14.300,1.575,-0.590,0.00,0.00,0.00,-20.110,1.571,-0.590,0.00,0.00,0.00,4.200,4.200,4.200
2026-02-04 17:02:34,3.01,4,349,353,1.13%,80.49,0.25%,"[0, 5, 10, 15, 20, 25, 30, 35, 40, 45, 50, 55, 60, 65, 70, 75, 80, 85, 90, 95, 100]","[4, 0, 0, 0, 0, 0, 0, 0, 0, 0, 0, 0, 0, 0, 0, 0, 1609, 0, 0, 0]","[0.0024798512089274642, 0.0024798512089274642, 0.0024798512089274642, 0.0024798512089274642, 0.0024798512089274642, 0.0024798512089274642, 0.0024798512089274642, 0.0024798512089274642, 0.0024798512089274642, 0.0024798512089274642, 0.0024798512089274642, 0.0024798512089274642, 0.0024798512089274642, 0.0024798512089274642, 0.0024798512089274642, 0.0024798512089274642, 1.0, 1.0, 1.0, 1.0]",4.0,2.0,2.0,2.0,2.0,,,,,hrl_dqn_apf,hierarchical,dqn,-10.001,1.572,-0.760,0.00,0.00,0.00,-14.300,1.575,-0.590,0.00,0.00,0.00,-20.110,1.574,-0.590,0.00,0.00,0.00,4.200,4.200,4.200
2026-02-04 17:02:35,4.01,4,349,353,1.13%,80.67,0.25%,"[0, 5, 10, 15, 20, 25, 30, 35, 40, 45, 50, 55, 60, 65, 70, 75, 80, 85, 90, 95, 100]","[4, 0, 0, 0, 0, 0, 0, 0, 0, 0, 0, 0, 0, 0, 0, 0, 1609, 0, 0, 0]","[0.0024798512089274642, 0.0024798512089274642, 0.0024798512089274642, 0.0024798512089274642, 0.0024798512089274642, 0.0024798512089274642, 0.0024798512089274642, 0.0024798512089274642, 0.0024798512089274642, 0.0024798512089274642, 0.0024798512089274642, 0.0024798512089274642, 0.0024798512089274642, 0.0024798512089274642, 0.0024798512089274642, 0.0024798512089274642, 1.0, 1.0, 1.0, 1.0]",4.0,2.0,2.0,2.0,2.0,,,,,hrl_dqn_apf,hierarchical,dqn,-10.001,1.572,-0.760,0.00,0.00,0.00,-14.300,1.575,-0.590,0.00,0.00,0.00,-20.110,1.575,-0.590,0.00,0.00,0.00,4.199,4.199,4.199
2026-02-04 17:02:36,5.02,4,351,355,1.13%,80.84,0.25%,"[0, 5, 10, 15, 20, 25, 30, 35, 40, 45, 50, 55, 60, 65, 70, 75, 80, 85, 90, 95, 100]","[4, 0, 0, 0, 0, 0, 0, 0, 0, 0, 0, 0, 0, 0, 0, 1, 1608, 0, 0, 0]","[0.0024798512089274642, 0.0024798512089274642, 0.0024798512089274642, 0.0024798512089274642, 0.0024798512089274642, 0.0024798512089274642, 0.0024798512089274642, 0.0024798512089274642, 0.0024798512089274642, 0.0024798512089274642, 0.0024798512089274642, 0.0024798512089274642, 0.0024798512089274642, 0.0024798512089274642, 0.0024798512089274642, 0.0030998140111593306, 1.0, 1.0, 1.0, 1.0]",4.0,2.0,2.0,2.0,2.0,,,,,hrl_dqn_apf,hierarchical,dqn,-9.915,1.550,-0.763,0.00,0.00,0.00,-14.383,1.554,-0.587,0.00,0.00,0.00,-20.110,1.554,-0.673,0.00,0.00,0.00,4.196,4.196,4.196
2026-02-04 17:02:37,6.02,5,352,357,1.40%,80.93,0.31%,"[0, 5, 10, 15, 20, 25, 30, 35, 40, 45, 50, 55, 60, 65, 70, 75, 80, 85, 90, 95, 100]","[4, 0, 1, 0, 0, 0, 0, 0, 0, 1, 0, 0, 1, 0, 0, 0, 1261, 345, 0, 0]","[0.0024798512089274642, 0.0024798512089274642, 0.0030998140111593306, 0.0030998140111593306, 0.0030998140111593306, 0.0030998140111593306, 0.0030998140111593306, 0.0030998140111593306, 0.0030998140111593306, 0.0037197768133911966, 0.0037197768133911966, 0.0037197768133911966, 0.0043397396156230625, 0.0043397396156230625, 0.0043397396156230625, 0.0043397396156230625, 0.7861128332300062, 1.0, 1.0, 1.0]",4.0,2.0,2.0,2.0,2.0,1,-23.68127,8.0,-12.0,hrl_dqn_apf,hierarchical,dqn,-9.421,1.527,-0.783,0.00,0.00,0.00,-14.873,1.530,-0.567,0.00,0.00,0.00,-20.110,1.530,-1.164,0.00,0.00,0.00,4.193,4.193,4.193
2026-02-04 17:02:38,7.04,8,353,361,2.22%,81.12,0.50%,"[0, 5, 10, 15, 20, 25, 30, 35, 40, 45, 50, 55, 60, 65, 70, 75, 80, 85, 90, 95, 100]","[7, 0, 1, 0, 0, 0, 0, 0, 0, 1, 0, 1, 0, 0, 0, 1, 1261, 341, 0, 0]","[0.0043397396156230625, 0.0043397396156230625, 0.0049597024178549285, 0.0049597024178549285, 0.0049597024178549285, 0.0049597024178549285, 0.0049597024178549285, 0.0049597024178549285, 0.0049597024178549285, 0.005579665220086794, 0.005579665220086794, 0.006199628022318661, 0.006199628022318661, 0.006199628022318661, 0.006199628022318661, 0.006819590824550527, 0.7885926844389337, 1.0, 1.0, 1.0]",4.0,2.0,2.0,2.0,2.0,16,-23.5211,8.0,6.0,hrl_dqn_apf,hierarchical,dqn,-8.295,1.981,-0.829,0.00,0.00,0.00,-16.003,1.980,-0.521,0.00,0.00,0.00,-20.110,1.536,-2.218,0.00,0.00,0.00,4.190,4.190,4.190
2026-02-04 17:02:39,8.04,12,353,365,3.29%,81.14,0.74%,"[0, 5, 10, 15, 20, 25, 30, 35, 40, 45, 50, 55, 60, 65, 70, 75, 80, 85, 90, 95, 100]","[9, 1, 2, 0, 0, 0, 0, 0, 0, 0, 0, 0, 0, 0, 0, 0, 1260, 341, 0, 0]","[0.005579665220086794, 0.006199628022318661, 0.007439553626782393, 0.007439553626782393, 0.007439553626782393, 0.007439553626782393, 0.007439553626782393, 0.007439553626782393, 0.007439553626782393, 0.007439553626782393, 0.007439553626782393, 0.007439553626782393, 0.007439553626782393, 0.007439553626782393, 0.007439553626782393, 0.007439553626782393, 0.7885926844389337, 1.0, 1.0, 1.0]",4.0,2.0,2.0,2.0,2.0,16,-23.5211,8.0,6.0,hrl_dqn_apf,hierarchical,dqn,-8.148,2.389,-0.835,0.00,0.00,0.00,-15.998,2.107,-0.471,0.00,0.00,0.00,-20.277,1.562,-2.756,0.00,0.00,0.00,4.187,4.187,4.187
2026-02-04 17:02:40,9.04,12,351,363,3.31%,81.29,0.74%,"[0, 5, 10, 15, 20, 25, 30, 35, 40, 45, 50, 55, 60, 65, 70, 75, 80, 85, 90, 95, 100]","[9, 2, 1, 0, 0, 0, 0, 0, 0, 0, 0, 1, 0, 0, 0, 0, 1260, 340, 0, 0]","[0.005579665220086794, 0.006819590824550527, 0.007439553626782393, 0.007439553626782393, 0.007439553626782393, 0.007439553626782393, 0.007439553626782393, 0.007439553626782393, 0.007439553626782393, 0.007439553626782393, 0.007439553626782393, 0.008059516429014259, 0.008059516429014259, 0.008059516429014259, 0.008059516429014259, 0.008059516429014259, 0.7892126472411656, 1.0, 1.0, 1.0]",4.0,2.0,2.0,2.0,2.0,10,-29.36085,8.0,0.0,hrl_dqn_apf,hierarchical,dqn,-8.103,2.788,-0.837,0.00,0.00,0.00,-15.582,2.356,-0.343,0.00,0.00,0.00,-20.742,1.817,-3.055,0.00,0.00,0.00,4.184,4.184,4.184
2026-02-04 17:02:41,10.04,12,353,365,3.29%,81.44,0.74%,"[0, 5, 10, 15, 20, 25, 30, 35, 40, 45, 50, 55, 60, 65, 70, 75, 80, 85, 90, 95, 100]","[9, 2, 0, 1, 0, 0, 0, 1, 0, 0, 0, 1, 0, 0, 0, 0, 1258, 341, 0, 0]","[0.005579665220086794, 0.006819590824550527, 0.006819590824550527, 0.007439553626782393, 0.007439553626782393, 0.007439553626782393, 0.007439553626782393, 0.008059516429014259, 0.008059516429014259, 0.008059516429014259, 0.008059516429014259, 0.008679479231246125, 0.008679479231246125, 0.008679479231246125, 0.008679479231246125, 0.008679479231246125, 0.7885926844389337, 1.0, 1.0, 1.0]",4.0,2.0,2.0,2.0,2.0,11,-23.20047,8.0,0.0,hrl_dqn_apf,hierarchical,dqn,-8.089,3.186,-0.838,0.00,0.00,0.00,-15.379,2.772,-0.282,0.00,0.00,0.00,-20.960,2.240,-3.165,0.00,0.00,0.00,4.181,4.181,4.181
2026-02-04 17:02:42,11.05,13,356,369,3.52%,81.78,0.81%,"[0, 5, 10, 15, 20, 25, 30, 35, 40, 45, 50, 55, 60, 65, 70, 75, 80, 85, 90, 95, 100]","[7, 4, 1, 1, 0, 0, 0, 0, 0, 0, 0, 0, 1, 0, 0, 0, 1256, 7, 336, 0]","[0.0043397396156230625, 0.006819590824550527, 0.007439553626782393, 0.008059516429014259, 0.008059516429014259, 0.008059516429014259, 0.008059516429014259, 0.008059516429014259, 0.008059516429014259, 0.008059516429014259, 0.008059516429014259, 0.008059516429014259, 0.008679479231246125, 0.008679479231246125, 0.008679479231246125, 0.008679479231246125, 0.78735275883447, 0.791692498450093, 1.0, 1.0]",4.0,2.0,2.0,2.0,2.0,11,-23.20047,8.0,0.0,hrl_dqn_apf,hierarchical,dqn,-8.084,3.980,-0.838,0.00,0.00,0.00,-15.295,3.573,-0.257,0.00,0.00,0.00,-21.049,3.043,-3.209,0.00,0.00,0.00,4.178,4.178,4.178
2026-02-04 17:02:43,12.05,13,356,369,3.52%,81.96,0.81%,"[0, 5, 10, 15, 20, 25, 30, 35, 40, 45, 50, 55, 60, 65, 70, 75, 80, 85, 90, 95, 100]","[6, 4, 2, 1, 0, 0, 0, 0, 0, 0, 0, 0, 1, 0, 0, 0, 1252, 11, 336, 0]","[0.0037197768133911966, 0.006199628022318661, 0.007439553626782393, 0.008059516429014259, 0.008059516429014259, 0.008059516429014259, 0.008059516429014259, 0.008059516429014259, 0.008059516429014259, 0.008059516429014259, 0.008059516429014259, 0.008059516429014259, 0.008679479231246125, 0.008679479231246125, 0.008679479231246125, 0.008679479231246125, 0.7848729076255425, 0.791692498450093, 1.0, 1.0]",4.0,2.0,2.0,2.0,2.0,10,-29.04056,8.0,0.0,hrl_dqn_apf,hierarchical,dqn,-8.083,4.385,-0.838,0.00,0.00,0.00,-15.289,3.978,-0.255,0.00,0.00,0.00,-21.055,3.449,-3.212,0.00,0.00,0.00,4.175,4.175,4.175
2026-02-04 17:02:44,13.06,13,356,369,3.52%,82.15,0.81%,"[0, 5, 10, 15, 20, 25, 30, 35, 40, 45, 50, 55, 60, 65, 70, 75, 80, 85, 90, 95, 100]","[5, 5, 2, 1, 0, 0, 0, 0, 0, 0, 0, 0, 1, 0, 0, 0, 1250, 12, 337, 0]","[0.0030998140111593306, 0.006199628022318661, 0.007439553626782393, 0.008059516429014259, 0.008059516429014259, 0.008059516429014259, 0.008059516429014259, 0.008059516429014259, 0.008059516429014259, 0.008059516429014259, 0.008059516429014259, 0.008059516429014259, 0.008679479231246125, 0.008679479231246125, 0.008679479231246125, 0.008679479231246125, 0.7836329820210788, 0.7910725356478612, 1.0, 1.0]",4.0,2.0,2.0,2.0,2.0,16,-22.88021,8.0,6.0,hrl_dqn_apf,hierarchical,dqn,-8.083,4.784,-0.838,0.00,0.00,0.00,-15.287,4.377,-0.255,0.00,0.00,0.00,-21.057,3.848,-3.213,0.00,0.00,0.00,4.172,4.172,4.172
2026-02-04 17:02:45,14.08,13,358,371,3.50%,82.33,0.81%,"[0, 5, 10, 15, 20, 25, 30, 35, 40, 45, 50, 55, 60, 65, 70, 75, 80, 85, 90, 95, 100]","[4, 6, 2, 1, 0, 0, 0, 0, 0, 0, 0, 0, 1, 0, 0, 0, 1248, 14, 337, 0]","[0.0024798512089274642, 0.006199628022318661, 0.007439553626782393, 0.008059516429014259, 0.008059516429014259, 0.008059516429014259, 0.008059516429014259, 0.008059516429014259, 0.008059516429014259, 0.008059516429014259, 0.008059516429014259, 0.008059516429014259, 0.008679479231246125, 0.008679479231246125, 0.008679479231246125, 0.008679479231246125, 0.782393056416615, 0.7910725356478612, 1.0, 1.0]",4.0,2.0,2.0,2.0,2.0,16,-22.88021,8.0,6.0,hrl_dqn_apf,hierarchical,dqn,-8.083,5.164,-0.838,0.00,0.00,0.00,-15.286,4.758,-0.255,0.00,0.00,0.00,-21.058,4.229,-3.214,0.00,0.00,0.00,4.169,4.169,4.169
2026-02-04 17:02:46,15.08,13,360,373,3.49%,82.70,0.81%,"[0, 5, 10, 15, 20, 25, 30, 35, 40, 45, 50, 55, 60, 65, 70, 75, 80, 85, 90, 95, 100]","[3, 5, 4, 0, 1, 0, 0, 0, 0, 0, 0, 0, 0, 1, 0, 0, 1242, 16, 7, 334]","[0.0018598884066955983, 0.0049597024178549285, 0.007439553626782393, 0.007439553626782393, 0.008059516429014259, 0.008059516429014259, 0.008059516429014259, 0.008059516429014259, 0.008059516429014259, 0.008059516429014259, 0.008059516429014259, 0.008059516429014259, 0.008059516429014259, 0.008679479231246125, 0.008679479231246125, 0.008679479231246125, 0.7786732796032239, 0.7885926844389337, 0.7929324240545568, 1.0]",4.0,2.0,2.0,2.0,2.0,24,-4.71951,8.0,12.0,hrl_dqn_apf,hierarchical,dqn,-8.083,5.927,-0.838,0.00,0.00,0.00,-15.286,5.521,-0.255,0.00,0.00,0.00,-21.058,4.992,-3.214,0.00,0.00,0.00,4.166,4.166,4.166
2026-02-04 17:02:47,16.08,13,360,373,3.49%,82.88,0.81%,"[0, 5, 10, 15, 20, 25, 30, 35, 40, 45, 50, 55, 60, 65, 70, 75, 80, 85, 90, 95, 100]","[3, 4, 4, 1, 1, 0, 0, 0, 0, 0, 0, 0, 0, 1, 0, 0, 1242, 16, 7, 334]","[0.0018598884066955983, 0.0043397396156230625, 0.006819590824550527, 0.007439553626782393, 0.008059516429014259, 0.008059516429014259, 0.008059516429014259, 0.008059516429014259, 0.008059516429014259, 0.008059516429014259, 0.008059516429014259, 0.008059516429014259, 0.008059516429014259, 0.008679479231246125, 0.008679479231246125, 0.008679479231246125, 0.7786732796032239, 0.7885926844389337, 0.7929324240545568, 1.0]",4.0,2.0,2.0,2.0,2.0,7,-16.55944,8.0,-6.0,hrl_dqn_apf,hierarchical,dqn,-8.083,6.325,-0.838,0.00,0.00,0.00,-15.286,5.918,-0.255,0.00,0.00,0.00,-21.058,5.389,-3.214,0.00,0.00,0.00,4.163,4.163,4.163
2026-02-04 17:02:48,17.08,13,361,374,3.48%,83.06,0.81%,"[0, 5, 10, 15, 20, 25, 30, 35, 40, 45, 50, 55, 60, 65, 70, 75, 80, 85, 90, 95, 100]","[3, 4, 4, 1, 1, 0, 0, 0, 0, 0, 0, 0, 0, 1, 0, 0, 1242, 16, 7, 334]","[0.0018598884066955983, 0.0043397396156230625, 0.006819590824550527, 0.007439553626782393, 0.008059516429014259, 0.008059516429014259, 0.008059516429014259, 0.008059516429014259, 0.008059516429014259, 0.008059516429014259, 0.008059516429014259, 0.008059516429014259, 0.008059516429014259, 0.008679479231246125, 0.008679479231246125, 0.008679479231246125, 0.7786732796032239, 0.7885926844389337, 0.7929324240545568, 1.0]",4.0,2.0,2.0,2.0,2.0,7,-16.55944,8.0,-6.0,hrl_dqn_apf,hierarchical,dqn,-8.083,6.507,-0.760,0.00,0.00,0.00,-15.286,6.315,-0.255,0.00,0.00,0.00,-21.058,5.785,-3.214,0.00,0.00,0.00,4.160,4.160,4.160
2026-02-04 17:02:49,18.09,14,360,374,3.74%,83.20,0.87%,"[0, 5, 10, 15, 20, 25, 30, 35, 40, 45, 50, 55, 60, 65, 70, 75, 80, 85, 90, 95, 100]","[3, 2, 5, 3, 1, 0, 0, 0, 0, 0, 0, 0, 0, 1, 0, 0, 1242, 10, 12, 334]","[0.0018598884066955983, 0.0030998140111593306, 0.006199628022318661, 0.008059516429014259, 0.008679479231246125, 0.008679479231246125, 0.008679479231246125, 0.008679479231246125, 0.008679479231246125, 0.008679479231246125, 0.008679479231246125, 0.008679479231246125, 0.008679479231246125, 0.009299442033477991, 0.009299442033477991, 0.009299442033477991, 0.7792932424054557, 0.7854928704277744, 0.7929324240545568, 1.0]",4.0,2.0,2.0,2.0,2.0,20,-28.39907,8.0,12.0,hrl_dqn_apf,hierarchical,dqn,-8.083,6.514,-0.272,0.00,0.00,0.00,-15.286,6.589,-0.277,0.00,0.00,0.00,-21.058,6.182,-3.214,0.00,0.00,0.00,4.157,4.157,4.157
2026-02-04 17:02:50,19.09,14,364,378,3.70%,83.49,0.87%,"[0, 5, 10, 15, 20, 25, 30, 35, 40, 45, 50, 55, 60, 65, 70, 75, 80, 85, 90, 95, 100]","[7, 0, 4, 2, 0, 1, 0, 0, 0, 1, 0, 0, 0, 1, 0, 0, 1236, 15, 14, 332]","[0.0043397396156230625, 0.0043397396156230625, 0.006819590824550527, 0.008059516429014259, 0.008059516429014259, 0.008679479231246125, 0.008679479231246125, 0.008679479231246125, 0.008679479231246125, 0.009299442033477991, 0.009299442033477991, 0.009299442033477991, 0.009299442033477991, 0.009919404835709857, 0.009919404835709857, 0.009919404835709857, 0.7761934283942964, 0.7854928704277744, 0.7941723496590205, 1.0]",4.0,2.0,2.0,2.0,2.0,1,-22.23869,8.0,-12.0,hrl_dqn_apf,hierarchical,dqn,-8.366,6.579,0.859,0.00,0.00,0.00,-15.286,6.600,-1.310,0.00,0.00,0.00,-21.058,6.581,-2.956,0.00,0.00,0.00,4.154,4.154,4.154
2026-02-04 17:02:51,20.09,15,363,378,3.97%,83.61,0.93%,"[0, 5, 10, 15, 20, 25, 30, 35, 40, 45, 50, 55, 60, 65, 70, 75, 80, 85, 90, 95, 100]","[8, 0, 3, 3, 0, 1, 0, 0, 0, 2, 0, 0, 0, 0, 1, 0, 1236, 10, 14, 335]","[0.0049597024178549285, 0.0049597024178549285, 0.006819590824550527, 0.008679479231246125, 0.008679479231246125, 0.009299442033477991, 0.009299442033477991, 0.009299442033477991, 0.009299442033477991, 0.010539367637941723, 0.010539367637941723, 0.010539367637941723, 0.010539367637941723, 0.010539367637941723, 0.011159330440173589, 0.011159330440173589, 0.7774333539987601, 0.7836329820210788, 0.7923124612523249, 1.0]",4.0,2.0,2.0,2.0,2.0,1,-22.23869,8.0,-12.0,hrl_dqn_apf,hierarchical,dqn,-9.027,6.588,1.018,0.00,0.00,0.00,-15.286,6.729,-1.702,0.00,0.00,0.00,-21.058,6.577,-2.303,0.00,0.00,0.00,4.151,4.151,4.151
2026-02-04 17:02:52,21.10,16,364,380,4.21%,83.74,0.99%,"[0, 5, 10, 15, 20, 25, 30, 35, 40, 45, 50, 55, 60, 65, 70, 75, 80, 85, 90, 95, 100]","[8, 0, 2, 4, 1, 1, 0, 0, 0, 1, 0, 0, 0, 1, 1, 0, 1237, 8, 16, 333]","[0.0049597024178549285, 0.0049597024178549285, 0.006199628022318661, 0.008679479231246125, 0.009299442033477991, 0.009919404835709857, 0.009919404835709857, 0.009919404835709857, 0.009919404835709857, 0.010539367637941723, 0.010539367637941723, 0.010539367637941723, 0.010539367637941723, 0.011159330440173589, 0.011779293242405457, 0.011779293242405457, 0.7786732796032239, 0.7836329820210788, 0.7935523868567886, 1.0]",4.0,2.0,2.0,2.0,2.0,18,-10.15871,8.0,6.0,hrl_dqn_apf,hierarchical,dqn,-9.750,6.585,1.062,0.00,0.00,0.00,-15.286,6.765,-1.318,0.00,0.00,0.00,-21.058,6.572,-1.583,0.00,0.00,0.00,4.148,4.148,4.148
2026-02-04 17:02:53,22.10,18,364,382,4.71%,83.84,1.12%,"[0, 5, 10, 15, 20, 25, 30, 35, 40, 45, 50, 55, 60, 65, 70, 75, 80, 85, 90, 95, 100]","[9, 1, 2, 4, 1, 1, 0, 0, 0, 1, 0, 0, 0, 0, 1, 0, 1235, 9, 16, 333]","[0.005579665220086794, 0.006199628022318661, 0.007439553626782393, 0.009919404835709857, 0.010539367637941723, 0.011159330440173589, 0.011159330440173589, 0.011159330440173589, 0.011159330440173589, 0.011779293242405457, 0.011779293242405457, 0.011779293242405457, 0.011779293242405457, 0.011779293242405457, 0.012399256044637322, 0.012399256044637322, 0.778053316800992, 0.7836329820210788, 0.7935523868567886, 1.0]",4.0,2.0,2.0,2.0,2.0,11,-21.99423,8.0,0.0,hrl_dqn_apf,hierarchical,dqn,-10.480,6.617,1.035,0.00,0.00,0.00,-15.286,6.765,-0.646,0.00,0.00,0.00,-21.058,6.568,-0.814,0.00,0.00,0.00,4.145,4.145,4.145
2026-02-04 17:02:54,23.10,20,364,384,5.21%,84.08,1.24%,"[0, 5, 10, 15, 20, 25, 30, 35, 40, 45, 50, 55, 60, 65, 70, 75, 80, 85, 90, 95, 100]","[10, 2, 0, 4, 3, 1, 0, 0, 0, 0, 1, 0, 0, 0, 1, 0, 1233, 11, 9, 338]","[0.006199628022318661, 0.007439553626782393, 0.007439553626782393, 0.009919404835709857, 0.011779293242405457, 0.012399256044637322, 0.012399256044637322, 0.012399256044637322, 0.012399256044637322, 0.012399256044637322, 0.013019218846869188, 0.013019218846869188, 0.013019218846869188, 0.013019218846869188, 0.013639181649101054, 0.013639181649101054, 0.778053316800992, 0.7848729076255425, 0.7904525728456293, 1.0]",4.0,2.0,2.0,2.0,2.0,6,-21.833669999999998,8.0,-6.0,hrl_dqn_apf,hierarchical,dqn,-11.251,6.701,0.268,0.00,0.00,0.00,-15.286,6.759,0.842,0.00,0.00,0.00,-21.369,6.643,0.401,0.00,0.00,0.00,4.142,4.142,4.142
2026-02-04 17:02:55,24.10,20,366,386,5.18%,84.11,1.24%,"[0, 5, 10, 15, 20, 25, 30, 35, 40, 45, 50, 55, 60, 65, 70, 75, 80, 85, 90, 95, 100]","[10, 2, 1, 4, 3, 0, 2, 0, 0, 1, 1, 1, 0, 0, 1, 0, 1231, 7, 14, 335]","[0.006199628022318661, 0.007439553626782393, 0.008059516429014259, 0.010539367637941723, 0.012399256044637322, 0.012399256044637322, 0.013639181649101054, 0.013639181649101054, 0.013639181649101054, 0.01425914445133292, 0.014879107253564786, 0.015499070055796652, 0.015499070055796652, 0.015499070055796652, 0.016119032858028518, 0.016119032858028518, 0.7792932424054557, 0.7836329820210788, 0.7923124612523249, 1.0]",4.0,2.0,2.0,2.0,2.0,6,-21.833669999999998,8.0,-6.0,hrl_dqn_apf,hierarchical,dqn,-11.497,6.809,0.182,0.00,0.00,0.00,-15.486,6.846,1.380,0.00,0.00,0.00,-21.994,6.652,0.550,0.00,0.00,0.00,4.139,4.139,4.139
2026-02-04 17:02:56,25.10,21,367,388,5.41%,84.24,1.30%,"[0, 5, 10, 15, 20, 25, 30, 35, 40, 45, 50, 55, 60, 65, 70, 75, 80, 85, 90, 95, 100]","[11, 3, 0, 3, 4, 0, 2, 0, 0, 0, 1, 0, 1, 1, 1, 0, 1231, 7, 10, 338]","[0.006819590824550527, 0.008679479231246125, 0.008679479231246125, 0.010539367637941723, 0.013019218846869188, 0.013019218846869188, 0.01425914445133292, 0.01425914445133292, 0.01425914445133292, 0.01425914445133292, 0.014879107253564786, 0.014879107253564786, 0.015499070055796652, 0.016119032858028518, 0.016738995660260384, 0.016738995660260384, 0.7799132052076876, 0.7842529448233106, 0.7904525728456293, 1.0]",4.0,2.0,2.0,2.0,2.0,18,-9.75481,8.0,6.0,hrl_dqn_apf,hierarchical,dqn,-11.080,6.835,0.177,0.00,0.00,0.00,-16.057,6.866,1.547,0.00,0.00,0.00,-22.625,6.706,0.497,0.00,0.00,0.00,4.136,4.136,4.136
2026-02-04 17:02:57,26.11,21,367,388,5.41%,84.38,1.30%,"[0, 5, 10, 15, 20, 25, 30, 35, 40, 45, 50, 55, 60, 65, 70, 75, 80, 85, 90, 95, 100]","[11, 3, 0, 2, 5, 0, 2, 0, 0, 1, 1, 0, 1, 1, 1, 1, 1231, 7, 8, 338]","[0.006819590824550527, 0.008679479231246125, 0.008679479231246125, 0.009919404835709857, 0.013019218846869188, 0.013019218846869188, 0.01425914445133292, 0.01425914445133292, 0.01425914445133292, 0.014879107253564786, 0.015499070055796652, 0.015499070055796652, 0.016119032858028518, 0.016738995660260384, 0.01735895846249225, 0.017978921264724116, 0.7811531308121513, 0.7854928704277744, 0.7904525728456293, 1.0]",4.0,2.0,2.0,2.0,2.0,18,-9.75481,8.0,6.0,hrl_dqn_apf,hierarchical,dqn,-10.519,6.890,0.056,0.00,0.00,0.00,-16.667,6.923,1.716,0.00,0.00,0.00,-22.848,6.769,0.039,0.00,0.00,0.00,4.133,4.133,4.133
2026-02-04 17:02:58,27.11,23,365,388,5.93%,84.68,1.43%,"[0, 5, 10, 15, 20, 25, 30, 35, 40, 45, 50, 55, 60, 65, 70, 75, 80, 85, 90, 95, 100]","[8, 7, 1, 0, 5, 2, 0, 2, 0, 1, 0, 1, 1, 0, 0, 1, 1223, 14, 9, 338]","[0.0049597024178549285, 0.009299442033477991, 0.009919404835709857, 0.009919404835709857, 0.013019218846869188, 0.01425914445133292, 0.01425914445133292, 0.015499070055796652, 0.015499070055796652, 0.016119032858028518, 0.016119032858028518, 0.016738995660260384, 0.01735895846249225, 0.01735895846249225, 0.01735895846249225, 0.017978921264724116, 0.7761934283942964, 0.7848729076255425, 0.7904525728456293, 1.0]",4.0,2.0,2.0,2.0,2.0,7,-15.59395,8.0,-6.0,hrl_dqn_apf,hierarchical,dqn,-11.222,6.992,-0.043,0.00,0.00,0.00,-15.996,7.035,1.836,0.00,0.00,0.00,-21.878,6.832,-0.333,0.00,0.00,0.00,4.130,4.130,4.130
2026-02-04 17:02:59,28.11,23,367,390,5.90%,84.82,1.43%,"[0, 5, 10, 15, 20, 25, 30, 35, 40, 45, 50, 55, 60, 65, 70, 75, 80, 85, 90, 95, 100]","[7, 8, 1, 0, 4, 3, 0, 2, 0, 1, 1, 1, 1, 0, 0, 1, 1223, 14, 10, 336]","[0.0043397396156230625, 0.009299442033477991, 0.009919404835709857, 0.009919404835709857, 0.012399256044637322, 0.01425914445133292, 0.01425914445133292, 0.015499070055796652, 0.015499070055796652, 0.016119032858028518, 0.016738995660260384, 0.01735895846249225, 0.017978921264724116, 0.017978921264724116, 0.017978921264724116, 0.018598884066955982, 0.7768133911965283, 0.7854928704277744, 0.791692498450093, 1.0]",4.0,2.0,2.0,2.0,2.0,23,-9.43291,8.0,12.0,hrl_dqn_apf,hierarchical,dqn,-11.733,7.056,0.154,0.00,0.00,0.00,-15.287,7.032,1.845,0.00,0.00,0.00,-21.150,6.829,-0.361,0.00,0.00,0.00,4.126,4.126,4.126
2026-02-04 17:03:00,29.11,25,365,390,6.41%,84.89,1.55%,"[0, 5, 10, 15, 20, 25, 30, 35, 40, 45, 50, 55, 60, 65, 70, 75, 80, 85, 90, 95, 100]","[7, 9, 2, 0, 4, 3, 0, 3, 0, 0, 1, 1, 0, 1, 0, 1, 1219, 14, 7, 341]","[0.0043397396156230625, 0.009919404835709857, 0.011159330440173589, 0.011159330440173589, 0.013639181649101054, 0.015499070055796652, 0.015499070055796652, 0.01735895846249225, 0.01735895846249225, 0.01735895846249225, 0.017978921264724116, 0.018598884066955982, 0.018598884066955982, 0.019218846869187848, 0.019218846869187848, 0.019838809671419714, 0.7755734655920645, 0.7842529448233106, 0.7885926844389337, 1.0]",4.0,2.0,2.0,2.0,2.0,23,-9.43291,8.0,12.0,hrl_dqn_apf,hierarchical,dqn,-11.813,7.144,0.580,0.00,0.00,0.00,-14.739,7.131,1.893,0.00,0.00,0.00,-20.489,6.878,-0.461,0.00,0.00,0.00,4.124,4.124,4.124
2026-02-04 17:03:01,30.11,26,364,390,6.67%,85.02,1.61%,"[0, 5, 10, 15, 20, 25, 30, 35, 40, 45, 50, 55, 60, 65, 70, 75, 80, 85, 90, 95, 100]","[10, 7, 3, 0, 3, 3, 0, 3, 0, 0, 1, 1, 0, 0, 0, 1, 1217, 16, 7, 341]","[0.006199628022318661, 0.010539367637941723, 0.012399256044637322, 0.012399256044637322, 0.01425914445133292, 0.016119032858028518, 0.016119032858028518, 0.017978921264724116, 0.017978921264724116, 0.017978921264724116, 0.018598884066955982, 0.019218846869187848, 0.019218846869187848, 0.019218846869187848, 0.019218846869187848, 0.019838809671419714, 0.7743335399876008, 0.7842529448233106, 0.7885926844389337, 1.0]",4.0,2.0,2.0,2.0,2.0,11,-21.11338,8.0,0.0,hrl_dqn_apf,hierarchical,dqn,-11.402,7.189,0.567,0.00,0.00,0.00,-14.943,7.192,2.115,0.00,0.00,0.00,-20.217,6.912,-0.963,0.00,0.00,0.00,4.120,4.120,4.120
2026-02-04 17:03:02,31.12,25,366,391,6.39%,85.40,1.55%,"[0, 5, 10, 15, 20, 25, 30, 35, 40, 45, 50, 55, 60, 65, 70, 75, 80, 85, 90, 95, 100]","[10, 5, 5, 0, 1, 4, 1, 2, 1, 0, 1, 1, 0, 0, 0, 0, 1218, 10, 12, 342]","[0.006199628022318661, 0.009299442033477991, 0.012399256044637322, 0.012399256044637322, 0.013019218846869188, 0.015499070055796652, 0.016119032858028518, 0.01735895846249225, 0.017978921264724116, 0.017978921264724116, 0.018598884066955982, 0.019218846869187848, 0.019218846869187848, 0.019218846869187848, 0.019218846869187848, 0.019218846869187848, 0.7743335399876008, 0.7805331680099195, 0.7879727216367018, 1.0]",4.0,2.0,2.0,2.0,2.0,8,-9.11255,8.0,-6.0,hrl_dqn_apf,hierarchical,dqn,-10.115,7.189,0.048,0.00,0.00,0.00,-16.151,7.192,2.717,0.00,0.00,0.00,-20.107,7.063,-1.787,0.00,0.00,0.00,4.118,4.118,4.118
2026-02-04 17:03:03,32.12,24,369,393,6.11%,85.59,1.49%,"[0, 5, 10, 15, 20, 25, 30, 35, 40, 45, 50, 55, 60, 65, 70, 75, 80, 85, 90, 95, 100]","[10, 2, 8, 0, 1, 3, 2, 0, 3, 0, 1, 0, 1, 0, 0, 0, 1218, 8, 14, 342]","[0.006199628022318661, 0.007439553626782393, 0.012399256044637322, 0.012399256044637322, 0.013019218846869188, 0.014879107253564786, 0.016119032858028518, 0.016119032858028518, 0.017978921264724116, 0.017978921264724116, 0.018598884066955982, 0.018598884066955982, 0.019218846869187848, 0.019218846869187848, 0.019218846869187848, 0.019218846869187848, 0.7743335399876008, 0.7792932424054557, 0.7879727216367018, 1.0]",4.0,2.0,2.0,2.0,2.0,8,-9.11255,8.0,-6.0,hrl_dqn_apf,hierarchical,dqn,-9.597,7.230,-0.393,0.00,0.00,0.00,-16.454,7.327,2.953,0.00,0.00,0.00,-20.099,7.084,-1.296,0.00,0.00,0.00,4.114,4.114,4.114
2026-02-04 17:03:04,33.13,23,372,395,5.82%,85.73,1.43%,"[0, 5, 10, 15, 20, 25, 30, 35, 40, 45, 50, 55, 60, 65, 70, 75, 80, 85, 90, 95, 100]","[9, 3, 8, 1, 0, 2, 3, 0, 4, 0, 1, 0, 1, 0, 0, 0, 1212, 14, 14, 341]","[0.005579665220086794, 0.007439553626782393, 0.012399256044637322, 0.013019218846869188, 0.013019218846869188, 0.01425914445133292, 0.016119032858028518, 0.016119032858028518, 0.018598884066955982, 0.018598884066955982, 0.019218846869187848, 0.019218846869187848, 0.019838809671419714, 0.019838809671419714, 0.019838809671419714, 0.019838809671419714, 0.7712337259764415, 0.7799132052076876, 0.7885926844389337, 1.0]",4.0,2.0,2.0,2.0,2.0,11,-20.791919999999998,8.0,0.0,hrl_dqn_apf,hierarchical,dqn,-9.423,7.238,-1.051,0.00,0.00,0.00,-16.042,7.361,3.032,0.00,0.00,0.00,-20.096,7.083,-0.610,0.00,0.00,0.00,4.111,4.111,4.111
2026-02-04 17:03:05,34.13,24,371,395,6.08%,85.85,1.49%,"[0, 5, 10, 15, 20, 25, 30, 35, 40, 45, 50, 55, 60, 65, 70, 75, 80, 85, 90, 95, 100]","[10, 2, 9, 1, 0, 2, 3, 0, 3, 0, 0, 2, 1, 0, 0, 0, 1212, 10, 16, 342]","[0.006199628022318661, 0.007439553626782393, 0.013019218846869188, 0.013639181649101054, 0.013639181649101054, 0.014879107253564786, 0.016738995660260384, 0.016738995660260384, 0.018598884066955982, 0.018598884066955982, 0.018598884066955982, 0.019838809671419714, 0.02045877247365158, 0.02045877247365158, 0.02045877247365158, 0.02045877247365158, 0.7718536887786733, 0.778053316800992, 0.7879727216367018, 1.0]",4.0,2.0,2.0,2.0,2.0,20,-26.79173,8.0,12.0,hrl_dqn_apf,hierarchical,dqn,-9.391,7.260,-1.560,0.00,0.00,0.00,-15.381,7.361,3.057,0.00,0.00,0.00,-20.130,7.110,0.095,0.00,0.00,0.00,4.109,4.109,4.109
2026-02-04 17:03:06,35.13,25,374,399,6.27%,86.09,1.55%,"[0, 5, 10, 15, 20, 25, 30, 35, 40, 45, 50, 55, 60, 65, 70, 75, 80, 85, 90, 95, 100]","[10, 4, 7, 3, 1, 0, 4, 0, 3, 1, 0, 1, 1, 0, 0, 0, 1210, 10, 16, 342]","[0.006199628022318661, 0.008679479231246125, 0.013019218846869188, 0.014879107253564786, 0.015499070055796652, 0.015499070055796652, 0.017978921264724116, 0.017978921264724116, 0.019838809671419714, 0.02045877247365158, 0.02045877247365158, 0.021078735275883446, 0.02169869807811531, 0.02169869807811531, 0.02169869807811531, 0.02169869807811531, 0.7718536887786733, 0.778053316800992, 0.7879727216367018, 1.0]",4.0,2.0,2.0,2.0,2.0,20,-26.79173,8.0,12.0,hrl_dqn_apf,hierarchical,dqn,-10.483,7.292,-1.687,0.00,0.00,0.00,-14.552,7.518,3.067,0.00,0.00,0.00,-21.209,7.166,0.550,0.00,0.00,0.00,4.105,4.105,4.105
2026-02-04 17:03:07,36.13,25,376,401,6.23%,86.23,1.55%,"[0, 5, 10, 15, 20, 25, 30, 35, 40, 45, 50, 55, 60, 65, 70, 75, 80, 85, 90, 95, 100]","[11, 4, 5, 5, 0, 0, 3, 1, 3, 1, 0, 1, 2, 0, 0, 0, 1210, 10, 10, 347]","[0.006819590824550527, 0.009299442033477991, 0.012399256044637322, 0.015499070055796652, 0.015499070055796652, 0.015499070055796652, 0.01735895846249225, 0.017978921264724116, 0.019838809671419714, 0.02045877247365158, 0.02045877247365158, 0.021078735275883446, 0.022318660880347178, 0.022318660880347178, 0.022318660880347178, 0.022318660880347178, 0.7724736515809052, 0.7786732796032239, 0.7848729076255425, 1.0]",4.0,2.0,2.0,2.0,2.0,10,-26.63192,8.0,0.0,hrl_dqn_apf,hierarchical,dqn,-11.218,7.289,-1.696,0.00,0.00,0.00,-15.045,7.536,3.068,0.00,0.00,0.00,-21.755,7.237,0.389,0.00,0.00,0.00,4.102,4.102,4.102
2026-02-04 17:03:08,37.14,25,374,399,6.27%,86.36,1.55%,"[0, 5, 10, 15, 20, 25, 30, 35, 40, 45, 50, 55, 60, 65, 70, 75, 80, 85, 90, 95, 100]","[11, 4, 3, 7, 0, 0, 5, 1, 1, 3, 0, 1, 0, 1, 0, 0, 1210, 10, 8, 348]","[0.006819590824550527, 0.009299442033477991, 0.011159330440173589, 0.015499070055796652, 0.015499070055796652, 0.015499070055796652, 0.018598884066955982, 0.019218846869187848, 0.019838809671419714, 0.02169869807811531, 0.02169869807811531, 0.022318660880347178, 0.022318660880347178, 0.022938623682579044, 0.022938623682579044, 0.022938623682579044, 0.7730936143831371, 0.7792932424054557, 0.7842529448233106, 1.0]",4.0,2.0,2.0,2.0,2.0,23,-8.47159,8.0,12.0,hrl_dqn_apf,hierarchical,dqn,-11.971,7.286,-1.699,0.00,0.00,0.00,-15.731,7.535,3.068,0.00,0.00,0.00,-21.846,7.311,-0.078,0.00,0.00,0.00,4.100,4.100,4.100
2026-02-04 17:03:09,38.14,26,377,403,6.45%,86.48,1.61%,"[0, 5, 10, 15, 20, 25, 30, 35, 40, 45, 50, 55, 60, 65, 70, 75, 80, 85, 90, 95, 100]","[11, 5, 1, 8, 1, 0, 2, 3, 1, 4, 0, 1, 0, 1, 0, 0, 1206, 8, 14, 347]","[0.006819590824550527, 0.009919404835709857, 0.010539367637941723, 0.015499070055796652, 0.016119032858028518, 0.016119032858028518, 0.01735895846249225, 0.019218846869187848, 0.019838809671419714, 0.022318660880347178, 0.022318660880347178, 0.022938623682579044, 0.022938623682579044, 0.023558586484810913, 0.023558586484810913, 0.023558586484810913, 0.7712337259764415, 0.7761934283942964, 0.7848729076255425, 1.0]",4.0,2.0,2.0,2.0,2.0,23,-8.47159,8.0,12.0,hrl_dqn_apf,hierarchical,dqn,-12.732,7.283,-1.700,0.00,0.00,0.00,-16.473,7.532,3.068,0.00,0.00,0.00,-21.397,7.346,-0.289,0.00,0.00,0.00,4.096,4.096,4.096
2026-02-04 17:03:10,39.15,28,377,405,6.91%,86.64,1.74%,"[0, 5, 10, 15, 20, 25, 30, 35, 40, 45, 50, 55, 60, 65, 70, 75, 80, 85, 90, 95, 100]","[12, 5, 2, 6, 3, 0, 2, 6, 0, 3, 0, 0, 1, 1, 0, 1, 1206, 8, 8, 349]","[0.007439553626782393, 0.010539367637941723, 0.011779293242405457, 0.015499070055796652, 0.01735895846249225, 0.01735895846249225, 0.018598884066955982, 0.022318660880347178, 0.022318660880347178, 0.02417854928704278, 0.02417854928704278, 0.02417854928704278, 0.024798512089274645, 0.02541847489150651, 0.02541847489150651, 0.026038437693738377, 0.7737135771853689, 0.7786732796032239, 0.7836329820210788, 1.0]",4.0,2.0,2.0,2.0,2.0,0,-26.31101,8.0,-12.0,hrl_dqn_apf,hierarchical,dqn,-14.258,7.277,-1.702,0.00,0.00,0.00,-17.992,7.526,3.068,0.00,0.00,0.00,-19.984,7.343,-0.376,0.00,0.00,0.00,4.093,4.093,4.093
2026-02-04 17:03:11,40.15,31,374,405,7.65%,86.72,1.92%,"[0, 5, 10, 15, 20, 25, 30, 35, 40, 45, 50, 55, 60, 65, 70, 75, 80, 85, 90, 95, 100]","[14, 4, 3, 7, 3, 0, 0, 6, 0, 2, 2, 0, 1, 1, 0, 0, 1200, 12, 10, 348]","[0.008679479231246125, 0.011159330440173589, 0.013019218846869188, 0.01735895846249225, 0.019218846869187848, 0.019218846869187848, 0.019218846869187848, 0.022938623682579044, 0.022938623682579044, 0.02417854928704278, 0.02541847489150651, 0.02541847489150651, 0.026038437693738377, 0.026658400495970243, 0.026658400495970243, 0.026658400495970243, 0.7706137631742096, 0.778053316800992, 0.7842529448233106, 1.0]",4.0,2.0,2.0,2.0,2.0,23,-8.15099,8.0,12.0,hrl_dqn_apf,hierarchical,dqn,-15.018,7.274,-1.702,0.00,0.00,0.00,-18.338,7.670,3.068,0.00,0.00,0.00,-19.420,7.412,-0.189,0.00,0.00,0.00,4.090,4.090,4.090
2026-02-04 17:03:12,41.15,32,373,405,7.90%,86.86,1.98%,"[0, 5, 10, 15, 20, 25, 30, 35, 40, 45, 50, 55, 60, 65, 70, 75, 80, 85, 90, 95, 100]","[16, 5, 3, 4, 4, 0, 0, 5, 1, 2, 1, 0, 1, 1, 0, 0, 1198, 14, 10, 348]","[0.009919404835709857, 0.013019218846869188, 0.014879107253564786, 0.01735895846249225, 0.019838809671419714, 0.019838809671419714, 0.019838809671419714, 0.022938623682579044, 0.023558586484810913, 0.024798512089274645, 0.02541847489150651, 0.02541847489150651, 0.026038437693738377, 0.026658400495970243, 0.026658400495970243, 0.026658400495970243, 0.7693738375697459, 0.778053316800992, 0.7842529448233106, 1.0]",4.0,2.0,2.0,2.0,2.0,23,-8.15099,8.0,12.0,hrl_dqn_apf,hierarchical,dqn,-15.560,7.376,-1.740,0.00,0.00,0.00,-18.018,7.737,3.166,0.00,0.00,0.00,-19.276,7.489,0.203,0.00,0.00,0.00,4.087,4.087,4.087
2026-02-04 17:03:13,42.15,32,375,407,7.86%,87.06,1.98%,"[0, 5, 10, 15, 20, 25, 30, 35, 40, 45, 50, 55, 60, 65, 70, 75, 80, 85, 90, 95, 100]","[14, 6, 4, 3, 5, 0, 0, 5, 1, 2, 1, 0, 1, 1, 0, 0, 1198, 14, 10, 348]","[0.008679479231246125, 0.012399256044637322, 0.014879107253564786, 0.016738995660260384, 0.019838809671419714, 0.019838809671419714, 0.019838809671419714, 0.022938623682579044, 0.023558586484810913, 0.024798512089274645, 0.02541847489150651, 0.02541847489150651, 0.026038437693738377, 0.026658400495970243, 0.026658400495970243, 0.026658400495970243, 0.7693738375697459, 0.778053316800992, 0.7842529448233106, 1.0]",4.0,2.0,2.0,2.0,2.0,6,-19.99051,8.0,-6.0,hrl_dqn_apf,hierarchical,dqn,-15.326,7.426,-1.916,0.00,0.00,0.00,-17.700,7.781,3.650,0.00,0.00,0.00,-19.501,7.519,-0.001,0.00,0.00,0.00,4.084,4.084,4.084
2026-02-04 17:03:14,43.15,33,374,407,8.11%,87.36,2.05%,"[0, 5, 10, 15, 20, 25, 30, 35, 40, 45, 50, 55, 60, 65, 70, 75, 80, 85, 90, 95, 100]","[12, 8, 4, 1, 7, 1, 0, 1, 4, 0, 3, 1, 0, 1, 2, 0, 1192, 16, 8, 352]","[0.007439553626782393, 0.012399256044637322, 0.014879107253564786, 0.015499070055796652, 0.019838809671419714, 0.02045877247365158, 0.02045877247365158, 0.021078735275883446, 0.023558586484810913, 0.023558586484810913, 0.02541847489150651, 0.026038437693738377, 0.026038437693738377, 0.026658400495970243, 0.027898326100433975, 0.027898326100433975, 0.7668939863608184, 0.7768133911965283, 0.7817730936143832, 1.0]",4.0,2.0,2.0,2.0,2.0,20,-25.829990000000002,8.0,12.0,hrl_dqn_apf,hierarchical,dqn,-14.100,7.407,-2.538,0.00,0.00,0.00,-17.071,7.833,4.993,0.00,0.00,0.00,-20.537,7.477,-0.910,0.00,0.00,0.00,4.081,4.081,4.081
2026-02-04 17:03:15,44.16,34,374,408,8.33%,87.51,2.11%,"[0, 5, 10, 15, 20, 25, 30, 35, 40, 45, 50, 55, 60, 65, 70, 75, 80, 85, 90, 95, 100]","[12, 10, 4, 1, 5, 2, 0, 1, 4, 0, 3, 0, 0, 1, 1, 1, 1192, 16, 8, 352]","[0.007439553626782393, 0.013639181649101054, 0.016119032858028518, 0.016738995660260384, 0.019838809671419714, 0.021078735275883446, 0.021078735275883446, 0.02169869807811531, 0.02417854928704278, 0.02417854928704278, 0.026038437693738377, 0.026038437693738377, 0.026038437693738377, 0.026658400495970243, 0.02727836329820211, 0.027898326100433975, 0.7668939863608184, 0.7768133911965283, 0.7817730936143832, 1.0]",4.0,2.0,2.0,2.0,2.0,20,-25.829990000000002,8.0,12.0,hrl_dqn_apf,hierarchical,dqn,-13.614,7.509,-2.553,0.00,0.00,0.00,-16.617,7.872,5.491,0.00,0.00,0.00,-20.971,7.499,-1.463,0.00,0.00,0.00,4.078,4.078,4.078
2026-02-04 17:03:16,45.17,34,374,408,8.33%,87.65,2.11%,"[0, 5, 10, 15, 20, 25, 30, 35, 40, 45, 50, 55, 60, 65, 70, 75, 80, 85, 90, 95, 100]","[12, 10, 3, 3, 3, 3, 0, 0, 5, 0, 4, 0, 0, 1, 1, 1, 1192, 12, 12, 351]","[0.007439553626782393, 0.013639181649101054, 0.015499070055796652, 0.01735895846249225, 0.019218846869187848, 0.021078735275883446, 0.021078735275883446, 0.021078735275883446, 0.02417854928704278, 0.02417854928704278, 0.026658400495970243, 0.026658400495970243, 0.026658400495970243, 0.02727836329820211, 0.027898326100433975, 0.02851828890266584, 0.7675139491630503, 0.7749535027898327, 0.782393056416615, 1.0]",4.0,2.0,2.0,2.0,2.0,15,-25.74995,8.0,6.0,hrl_dqn_apf,hierarchical,dqn,-13.445,7.533,-2.047,0.00,0.00,0.00,-16.181,7.974,5.660,0.00,0.00,0.00,-21.124,7.504,-2.156,0.00,0.00,0.00,4.075,4.075,4.075
2026-02-04 17:03:17,46.17,35,373,408,8.58%,87.82,2.17%,"[0, 5, 10, 15, 20, 25, 30, 35, 40, 45, 50, 55, 60, 65, 70, 75, 80, 85, 90, 95, 100]","[13, 10, 3, 3, 3, 3, 0, 0, 5, 0, 2, 1, 0, 1, 1, 1, 1192, 8, 14, 353]","[0.008059516429014259, 0.01425914445133292, 0.016119032858028518, 0.017978921264724116, 0.019838809671419714, 0.02169869807811531, 0.02169869807811531, 0.02169869807811531, 0.024798512089274645, 0.024798512089274645, 0.026038437693738377, 0.026658400495970243, 0.026658400495970243, 0.02727836329820211, 0.027898326100433975, 0.02851828890266584, 0.7675139491630503, 0.7724736515809052, 0.7811531308121513, 1.0]",4.0,2.0,2.0,2.0,2.0,3,-7.589729999999999,8.0,-12.0,hrl_dqn_apf,hierarchical,dqn,-13.392,7.533,-1.356,0.00,0.00,0.00,-16.476,8.031,5.711,0.00,0.00,0.00,-21.134,7.536,-2.864,0.00,0.00,0.00,4.072,4.072,4.072
2026-02-04 17:03:18,47.18,37,373,410,9.02%,88.05,2.29%,"[0, 5, 10, 15, 20, 25, 30, 35, 40, 45, 50, 55, 60, 65, 70, 75, 80, 85, 90, 95, 100]","[13, 9, 7, 4, 2, 2, 1, 0, 0, 4, 0, 3, 0, 1, 0, 2, 1186, 12, 14, 353]","[0.008059516429014259, 0.013639181649101054, 0.017978921264724116, 0.02045877247365158, 0.02169869807811531, 0.022938623682579044, 0.023558586484810913, 0.023558586484810913, 0.023558586484810913, 0.026038437693738377, 0.026038437693738377, 0.027898326100433975, 0.027898326100433975, 0.02851828890266584, 0.02851828890266584, 0.029758214507129573, 0.7650340979541228, 0.7724736515809052, 0.7811531308121513, 1.0]",4.0,2.0,2.0,2.0,2.0,3,-7.589729999999999,8.0,-12.0,hrl_dqn_apf,hierarchical,dqn,-13.371,7.527,0.145,0.00,0.00,0.00,-17.830,8.030,5.732,0.00,0.00,0.00,-20.063,7.594,-3.313,0.00,0.00,0.00,4.069,4.069,4.069
2026-02-04 17:03:19,48.18,37,371,408,9.07%,88.16,2.29%,"[0, 5, 10, 15, 20, 25, 30, 35, 40, 45, 50, 55, 60, 65, 70, 75, 80, 85, 90, 95, 100]","[11, 9, 8, 4, 2, 3, 1, 0, 0, 4, 0, 3, 1, 0, 1, 3, 1186, 8, 16, 353]","[0.006819590824550527, 0.012399256044637322, 0.01735895846249225, 0.019838809671419714, 0.021078735275883446, 0.022938623682579044, 0.023558586484810913, 0.023558586484810913, 0.023558586484810913, 0.026038437693738377, 0.026038437693738377, 0.027898326100433975, 0.02851828890266584, 0.02851828890266584, 0.029138251704897707, 0.030998140111593304, 0.7662740235585865, 0.7712337259764415, 0.7811531308121513, 1.0]",4.0,2.0,2.0,2.0,2.0,22,-13.42944,8.0,12.0,hrl_dqn_apf,hierarchical,dqn,-13.370,7.524,0.904,0.00,0.00,0.00,-18.581,8.027,5.733,0.00,0.00,0.00,-19.330,7.592,-3.347,0.00,0.00,0.00,4.066,4.066,4.066
2026-02-04 17:03:20,49.19,39,373,412,9.47%,88.23,2.42%,"[0, 5, 10, 15, 20, 25, 30, 35, 40, 45, 50, 55, 60, 65, 70, 75, 80, 85, 90, 95, 100]","[12, 9, 9, 4, 1, 4, 2, 0, 0, 4, 0, 3, 0, 0, 1, 1, 1186, 9, 16, 352]","[0.007439553626782393, 0.013019218846869188, 0.018598884066955982, 0.021078735275883446, 0.02169869807811531, 0.02417854928704278, 0.02541847489150651, 0.02541847489150651, 0.02541847489150651, 0.027898326100433975, 0.027898326100433975, 0.029758214507129573, 0.029758214507129573, 0.029758214507129573, 0.03037817730936144, 0.030998140111593304, 0.7662740235585865, 0.7718536887786733, 0.7817730936143832, 1.0]",4.0,2.0,2.0,2.0,2.0,22,-13.42944,8.0,12.0,hrl_dqn_apf,hierarchical,dqn,-13.370,7.521,1.664,0.00,0.00,0.00,-19.228,8.083,5.621,0.00,0.00,0.00,-18.578,7.589,-3.357,0.00,0.00,0.00,4.063,4.063,4.063
2026-02-04 17:03:21,50.19,39,375,414,9.42%,88.30,2.42%,"[0, 5, 10, 15, 20, 25, 30, 35, 40, 45, 50, 55, 60, 65, 70, 75, 80, 85, 90, 95, 100]","[11, 10, 9, 4, 2, 3, 2, 0, 0, 4, 0, 4, 1, 0, 1, 1, 1186, 9, 12, 354]","[0.006819590824550527, 0.013019218846869188, 0.018598884066955982, 0.021078735275883446, 0.022318660880347178, 0.02417854928704278, 0.02541847489150651, 0.02541847489150651, 0.02541847489150651, 0.027898326100433975, 0.027898326100433975, 0.03037817730936144, 0.030998140111593304, 0.030998140111593304, 0.03161810291382517, 0.032238065716057036, 0.7675139491630503, 0.7730936143831371, 0.7805331680099195, 1.0]",4.0,2.0,2.0,2.0,2.0,0,-25.269579999999998,8.0,-12.0,hrl_dqn_apf,hierarchical,dqn,-13.371,7.517,2.427,0.00,0.00,0.00,-19.483,8.113,5.103,0.00,0.00,0.00,-17.816,7.585,-3.361,0.00,0.00,0.00,4.060,4.060,4.060
2026-02-04 17:03:22,51.19,42,372,414,10.14%,88.44,2.60%,"[0, 5, 10, 15, 20, 25, 30, 35, 40, 45, 50, 55, 60, 65, 70, 75, 80, 85, 90, 95, 100]","[12, 9, 10, 5, 4, 2, 3, 0, 0, 3, 1, 2, 1, 0, 2, 1, 1184, 6, 14, 354]","[0.007439553626782393, 0.013019218846869188, 0.019218846869187848, 0.022318660880347178, 0.024798512089274645, 0.026038437693738377, 0.027898326100433975, 0.027898326100433975, 0.027898326100433975, 0.029758214507129573, 0.03037817730936144, 0.03161810291382517, 0.032238065716057036, 0.032238065716057036, 0.03347799132052077, 0.034097954122752634, 0.7681339119652821, 0.7718536887786733, 0.7805331680099195, 1.0]",4.0,2.0,2.0,2.0,2.0,12,-13.1093,8.0,0.0,hrl_dqn_apf,hierarchical,dqn,-13.372,7.511,3.951,0.00,0.00,0.00,-19.586,8.110,3.667,0.00,0.00,0.00,-16.293,7.579,-3.364,0.00,0.00,0.00,4.057,4.057,4.057
2026-02-04 17:03:23,52.19,44,374,418,10.53%,88.49,2.73%,"[0, 5, 10, 15, 20, 25, 30, 35, 40, 45, 50, 55, 60, 65, 70, 75, 80, 85, 90, 95, 100]","[11, 12, 9, 6, 4, 2, 3, 0, 0, 0, 4, 0, 3, 0, 2, 0, 1183, 7, 12, 355]","[0.006819590824550527, 0.01425914445133292, 0.019838809671419714, 0.023558586484810913, 0.026038437693738377, 0.02727836329820211, 0.029138251704897707, 0.029138251704897707, 0.029138251704897707, 0.029138251704897707, 0.03161810291382517, 0.03161810291382517, 0.03347799132052077, 0.03347799132052077, 0.0347179169249845, 0.0347179169249845, 0.7681339119652821, 0.7724736515809052, 0.7799132052076876, 1.0]",4.0,2.0,2.0,2.0,2.0,12,-13.1093,8.0,0.0,hrl_dqn_apf,hierarchical,dqn,-13.581,7.583,4.509,0.00,0.00,0.00,-19.594,8.107,2.909,0.00,0.00,0.00,-15.530,7.576,-3.364,0.00,0.00,0.00,4.054,4.054,4.054
2026-02-04 17:03:24,53.19,45,373,418,10.77%,88.56,2.79%,"[0, 5, 10, 15, 20, 25, 30, 35, 40, 45, 50, 55, 60, 65, 70, 75, 80, 85, 90, 95, 100]","[11, 10, 9, 8, 5, 2, 3, 1, 0, 0, 4, 0, 3, 0, 1, 1, 1183, 7, 8, 357]","[0.006819590824550527, 0.013019218846869188, 0.018598884066955982, 0.023558586484810913, 0.026658400495970243, 0.027898326100433975, 0.029758214507129573, 0.03037817730936144, 0.03037817730936144, 0.03037817730936144, 0.0328580285182889, 0.0328580285182889, 0.0347179169249845, 0.0347179169249845, 0.035337879727216366, 0.03595784252944823, 0.7693738375697459, 0.7737135771853689, 0.7786732796032239, 1.0]",4.0,2.0,2.0,2.0,2.0,16,-18.94892,8.0,6.0,hrl_dqn_apf,hierarchical,dqn,-14.160,7.599,4.701,0.00,0.00,0.00,-19.596,8.104,2.150,0.00,0.00,0.00,-14.870,7.630,-3.262,0.00,0.00,0.00,4.051,4.051,4.051
2026-02-04 17:03:25,54.20,45,373,418,10.77%,88.64,2.79%,"[0, 5, 10, 15, 20, 25, 30, 35, 40, 45, 50, 55, 60, 65, 70, 75, 80, 85, 90, 95, 100]","[13, 11, 7, 9, 4, 1, 4, 1, 0, 0, 4, 0, 3, 0, 0, 1, 1178, 14, 8, 355]","[0.008059516429014259, 0.014879107253564786, 0.019218846869187848, 0.024798512089274645, 0.02727836329820211, 0.027898326100433975, 0.03037817730936144, 0.030998140111593304, 0.030998140111593304, 0.030998140111593304, 0.03347799132052077, 0.03347799132052077, 0.035337879727216366, 0.035337879727216366, 0.035337879727216366, 0.03595784252944823, 0.7662740235585865, 0.7749535027898327, 0.7799132052076876, 1.0]",4.0,2.0,2.0,2.0,2.0,16,-18.78891,8.0,6.0,hrl_dqn_apf,hierarchical,dqn,-14.872,7.598,4.760,0.00,0.00,0.00,-19.597,8.170,1.471,0.00,0.00,0.00,-14.606,7.662,-2.753,0.00,0.00,0.00,4.048,4.048,4.048
2026-02-04 17:03:26,55.20,47,377,424,11.08%,88.93,2.91%,"[0, 5, 10, 15, 20, 25, 30, 35, 40, 45, 50, 55, 60, 65, 70, 75, 80, 85, 90, 95, 100]","[14, 11, 7, 9, 3, 3, 3, 2, 0, 0, 4, 0, 2, 1, 0, 1, 1174, 15, 9, 355]","[0.008679479231246125, 0.015499070055796652, 0.019838809671419714, 0.02541847489150651, 0.02727836329820211, 0.029138251704897707, 0.030998140111593304, 0.032238065716057036, 0.032238065716057036, 0.032238065716057036, 0.0347179169249845, 0.0347179169249845, 0.03595784252944823, 0.0365778053316801, 0.0365778053316801, 0.037197768133911964, 0.7650340979541228, 0.7743335399876008, 0.7799132052076876, 1.0]",4.0,2.0,2.0,2.0,2.0,16,-18.78891,8.0,6.0,hrl_dqn_apf,hierarchical,dqn,-16.375,7.592,4.784,0.00,0.00,0.00,-19.597,8.284,2.126,0.00,0.00,0.00,-14.498,7.660,-1.323,0.00,0.00,0.00,4.045,4.045,4.045
2026-02-04 17:03:27,56.20,47,373,420,11.19%,89.13,2.91%,"[0, 5, 10, 15, 20, 25, 30, 35, 40, 45, 50, 55, 60, 65, 70, 75, 80, 85, 90, 95, 100]","[11, 13, 6, 9, 4, 4, 2, 3, 0, 0, 3, 1, 2, 1, 0, 1, 1172, 15, 9, 357]","[0.006819590824550527, 0.014879107253564786, 0.018598884066955982, 0.02417854928704278, 0.026658400495970243, 0.029138251704897707, 0.03037817730936144, 0.032238065716057036, 0.032238065716057036, 0.032238065716057036, 0.034097954122752634, 0.0347179169249845, 0.03595784252944823, 0.0365778053316801, 0.0365778053316801, 0.037197768133911964, 0.7637941723496591, 0.7730936143831371, 0.7786732796032239, 1.0]",4.0,2.0,2.0,2.0,2.0,16,-18.628709999999998,8.0,6.0,hrl_dqn_apf,hierarchical,dqn,-17.141,7.589,4.785,0.00,0.00,0.00,-19.597,8.282,2.836,0.00,0.00,0.00,-14.489,7.657,-0.562,0.00,0.00,0.00,4.042,4.042,4.042
2026-02-04 17:03:28,57.21,49,371,420,11.67%,89.27,3.04%,"[0, 5, 10, 15, 20, 25, 30, 35, 40, 45, 50, 55, 60, 65, 70, 75, 80, 85, 90, 95, 100]","[12, 10, 9, 8, 6, 4, 1, 3, 0, 0, 3, 1, 0, 3, 0, 1, 1167, 17, 7, 361]","[0.007439553626782393, 0.013639181649101054, 0.019218846869187848, 0.02417854928704278, 0.027898326100433975, 0.03037817730936144, 0.030998140111593304, 0.0328580285182889, 0.0328580285182889, 0.0328580285182889, 0.0347179169249845, 0.035337879727216366, 0.035337879727216366, 0.037197768133911964, 0.037197768133911964, 0.03781773093614383, 0.7613143211407316, 0.7718536887786733, 0.7761934283942964, 1.0]",4.0,2.0,2.0,2.0,2.0,0,-24.46821,8.0,-12.0,hrl_dqn_apf,hierarchical,dqn,-17.707,7.630,4.854,0.00,0.00,0.00,-19.685,8.428,3.403,0.00,0.00,0.00,-14.486,7.654,0.197,0.00,0.00,0.00,4.039,4.039,4.039
2026-02-04 17:03:29,58.22,49,371,420,11.67%,89.45,3.04%,"[0, 5, 10, 15, 20, 25, 30, 35, 40, 45, 50, 55, 60, 65, 70, 75, 80, 85, 90, 95, 100]","[13, 10, 7, 8, 7, 4, 0, 3, 1, 0, 0, 4, 0, 3, 0, 1, 1167, 17, 7, 361]","[0.008059516429014259, 0.01425914445133292, 0.018598884066955982, 0.023558586484810913, 0.027898326100433975, 0.03037817730936144, 0.03037817730936144, 0.032238065716057036, 0.0328580285182889, 0.0328580285182889, 0.0328580285182889, 0.035337879727216366, 0.035337879727216366, 0.037197768133911964, 0.037197768133911964, 0.03781773093614383, 0.7613143211407316, 0.7718536887786733, 0.7761934283942964, 1.0]",4.0,2.0,2.0,2.0,2.0,0,-24.46821,8.0,-12.0,hrl_dqn_apf,hierarchical,dqn,-17.561,7.584,5.175,0.00,0.00,0.00,-20.092,8.583,3.333,0.00,0.00,0.00,-14.485,7.651,0.960,0.00,0.00,0.00,4.036,4.036,4.036
2026-02-04 17:03:30,59.23,49,372,421,11.64%,89.76,3.04%,"[0, 5, 10, 15, 20, 25, 30, 35, 40, 45, 50, 55, 60, 65, 70, 75, 80, 85, 90, 95, 100]","[16, 7, 7, 6, 8, 5, 1, 2, 2, 0, 0, 4, 0, 3, 0, 0, 1168, 11, 12, 361]","[0.009919404835709857, 0.01425914445133292, 0.018598884066955982, 0.022318660880347178, 0.02727836329820211, 0.03037817730936144, 0.030998140111593304, 0.032238065716057036, 0.03347799132052077, 0.03347799132052077, 0.03347799132052077, 0.03595784252944823, 0.03595784252944823, 0.03781773093614383, 0.03781773093614383, 0.03781773093614383, 0.7619342839429635, 0.768753874767514, 0.7761934283942964, 1.0]",4.0,2.0,2.0,2.0,2.0,2,-12.30816,8.0,-12.0,hrl_dqn_apf,hierarchical,dqn,-16.491,7.333,6.054,0.00,0.00,0.00,-21.264,8.832,2.550,0.00,0.00,0.00,-14.483,7.645,2.500,0.00,0.00,0.00,4.033,4.033,4.033
2026-02-04 17:03:31,60.23,48,373,421,11.40%,89.90,2.98%,"[0, 5, 10, 15, 20, 25, 30, 35, 40, 45, 50, 55, 60, 65, 70, 75, 80, 85, 90, 95, 100]","[14, 9, 8, 7, 7, 3, 2, 2, 2, 0, 0, 4, 0, 2, 2, 0, 1164, 13, 14, 360]","[0.008679479231246125, 0.01425914445133292, 0.019218846869187848, 0.023558586484810913, 0.027898326100433975, 0.029758214507129573, 0.030998140111593304, 0.032238065716057036, 0.03347799132052077, 0.03347799132052077, 0.03347799132052077, 0.03595784252944823, 0.03595784252944823, 0.037197768133911964, 0.038437693738375696, 0.038437693738375696, 0.7600743955362679, 0.7681339119652821, 0.7768133911965283, 1.0]",4.0,2.0,2.0,2.0,2.0,12,-12.1479,8.0,0.0,hrl_dqn_apf,hierarchical,dqn,-16.009,7.258,6.590,0.00,0.00,0.00,-21.878,8.938,2.102,0.00,0.00,0.00,-14.368,7.790,2.888,0.00,0.00,0.00,4.030,4.030,4.030
2026-02-04 17:03:32,61.23,49,374,423,11.58%,90.01,3.04%,"[0, 5, 10, 15, 20, 25, 30, 35, 40, 45, 50, 55, 60, 65, 70, 75, 80, 85, 90, 95, 100]","[15, 9, 8, 6, 7, 4, 2, 1, 3, 0, 0, 4, 1, 2, 1, 0, 1162, 13, 14, 361]","[0.009299442033477991, 0.014879107253564786, 0.019838809671419714, 0.023558586484810913, 0.027898326100433975, 0.03037817730936144, 0.03161810291382517, 0.032238065716057036, 0.034097954122752634, 0.034097954122752634, 0.034097954122752634, 0.0365778053316801, 0.037197768133911964, 0.038437693738375696, 0.03905765654060756, 0.03905765654060756, 0.759454432734036, 0.7675139491630503, 0.7761934283942964, 1.0]",4.0,2.0,2.0,2.0,2.0,12,-12.1479,8.0,0.0,hrl_dqn_apf,hierarchical,dqn,-15.807,7.216,7.264,0.00,0.00,0.00,-22.413,8.992,1.602,0.00,0.00,0.00,-14.059,7.867,2.589,0.00,0.00,0.00,4.027,4.027,4.027
2026-02-04 17:03:33,62.23,49,370,419,11.69%,90.12,3.04%,"[0, 5, 10, 15, 20, 25, 30, 35, 40, 45, 50, 55, 60, 65, 70, 75, 80, 85, 90, 95, 100]","[13, 10, 7, 7, 8, 4, 4, 1, 3, 0, 0, 3, 1, 2, 1, 0, 1161, 11, 14, 363]","[0.008059516429014259, 0.01425914445133292, 0.018598884066955982, 0.022938623682579044, 0.027898326100433975, 0.03037817730936144, 0.0328580285182889, 0.03347799132052077, 0.035337879727216366, 0.035337879727216366, 0.035337879727216366, 0.037197768133911964, 0.03781773093614383, 0.03905765654060756, 0.03967761934283943, 0.03967761934283943, 0.759454432734036, 0.7662740235585865, 0.7749535027898327, 1.0]",4.0,2.0,2.0,2.0,2.0,0,-24.06745,8.0,-12.0,hrl_dqn_apf,hierarchical,dqn,-15.916,7.259,7.872,0.00,0.00,0.00,-22.624,9.001,0.937,0.00,0.00,0.00,-13.747,7.904,2.005,0.00,0.00,0.00,4.024,4.024,4.024
2026-02-04 17:03:34,63.23,50,371,421,11.88%,90.38,3.10%,"[0, 5, 10, 15, 20, 25, 30, 35, 40, 45, 50, 55, 60, 65, 70, 75, 80, 85, 90, 95, 100]","[14, 11, 7, 6, 6, 6, 3, 1, 3, 1, 0, 0, 4, 0, 4, 0, 1160, 9, 17, 361]","[0.008679479231246125, 0.015499070055796652, 0.019838809671419714, 0.023558586484810913, 0.02727836329820211, 0.030998140111593304, 0.0328580285182889, 0.03347799132052077, 0.035337879727216366, 0.03595784252944823, 0.03595784252944823, 0.03595784252944823, 0.038437693738375696, 0.038437693738375696, 0.04091754494730316, 0.04091754494730316, 0.7600743955362679, 0.7656540607563547, 0.7761934283942964, 1.0]",4.0,2.0,2.0,2.0,2.0,5,-23.90738,8.0,-6.0,hrl_dqn_apf,hierarchical,dqn,-16.029,7.365,7.159,0.00,0.00,0.00,-22.710,8.994,-0.552,0.00,0.00,0.00,-13.548,7.903,0.560,0.00,0.00,0.00,4.021,4.021,4.021
2026-02-04 17:03:35,64.24,51,370,421,12.11%,90.49,3.16%,"[0, 5, 10, 15, 20, 25, 30, 35, 40, 45, 50, 55, 60, 65, 70, 75, 80, 85, 90, 95, 100]","[13, 11, 9, 5, 7, 6, 3, 1, 2, 3, 0, 0, 4, 0, 3, 0, 1160, 9, 11, 366]","[0.008059516429014259, 0.014879107253564786, 0.02045877247365158, 0.023558586484810913, 0.027898326100433975, 0.03161810291382517, 0.03347799132052077, 0.034097954122752634, 0.035337879727216366, 0.037197768133911964, 0.037197768133911964, 0.037197768133911964, 0.03967761934283943, 0.03967761934283943, 0.041537507749535026, 0.041537507749535026, 0.7606943583384997, 0.7662740235585865, 0.7730936143831371, 1.0]",4.0,2.0,2.0,2.0,2.0,5,-23.90738,8.0,-6.0,hrl_dqn_apf,hierarchical,dqn,-16.038,7.363,6.447,0.00,0.00,0.00,-22.716,8.991,-1.313,0.00,0.00,0.00,-13.533,7.900,-0.198,0.00,0.00,0.00,4.018,4.018,4.018
2026-02-04 17:03:36,65.24,51,372,423,12.06%,90.64,3.16%,"[0, 5, 10, 15, 20, 25, 30, 35, 40, 45, 50, 55, 60, 65, 70, 75, 80, 85, 90, 95, 100]","[12, 11, 10, 5, 7, 6, 3, 2, 2, 2, 0, 0, 4, 0, 3, 0, 1158, 9, 11, 368]","[0.007439553626782393, 0.01425914445133292, 0.02045877247365158, 0.023558586484810913, 0.027898326100433975, 0.03161810291382517, 0.03347799132052077, 0.0347179169249845, 0.03595784252944823, 0.037197768133911964, 0.037197768133911964, 0.037197768133911964, 0.03967761934283943, 0.03967761934283943, 0.041537507749535026, 0.041537507749535026, 0.759454432734036, 0.7650340979541228, 0.7718536887786733, 1.0]",4.0,2.0,2.0,2.0,2.0,10,-23.5869,8.0,0.0,hrl_dqn_apf,hierarchical,dqn,-16.040,7.360,5.698,0.00,0.00,0.00,-22.718,8.988,-2.076,0.00,0.00,0.00,-13.529,7.897,-0.960,0.00,0.00,0.00,4.015,4.015,4.015
2026-02-04 17:03:37,66.24,51,376,427,11.94%,90.80,3.16%,"[0, 5, 10, 15, 20, 25, 30, 35, 40, 45, 50, 55, 60, 65, 70, 75, 80, 85, 90, 95, 100]","[12, 10, 9, 7, 7, 6, 3, 3, 2, 2, 0, 0, 3, 1, 2, 1, 1156, 7, 15, 367]","[0.007439553626782393, 0.013639181649101054, 0.019218846869187848, 0.023558586484810913, 0.027898326100433975, 0.03161810291382517, 0.03347799132052077, 0.035337879727216366, 0.0365778053316801, 0.03781773093614383, 0.03781773093614383, 0.03781773093614383, 0.03967761934283943, 0.040297582145071294, 0.041537507749535026, 0.04215747055176689, 0.7588344699318041, 0.7631742095474272, 0.7724736515809052, 1.0]",4.0,2.0,2.0,2.0,2.0,20,-23.5869,8.0,12.0,hrl_dqn_apf,hierarchical,dqn,-16.085,7.393,4.985,0.00,0.00,0.00,-22.719,9.052,-2.754,0.00,0.00,0.00,-13.528,7.957,-1.646,0.00,0.00,0.00,4.012,4.012,4.012
2026-02-04 17:03:38,67.24,50,377,427,11.71%,91.19,3.10%,"[0, 5, 10, 15, 20, 25, 30, 35, 40, 45, 50, 55, 60, 65, 70, 75, 80, 85, 90, 95, 100]","[10, 11, 8, 8, 6, 7, 4, 3, 1, 2, 1, 0, 0, 4, 0, 3, 1152, 11, 8, 374]","[0.006199628022318661, 0.013019218846869188, 0.017978921264724116, 0.022938623682579044, 0.026658400495970243, 0.030998140111593304, 0.03347799132052077, 0.035337879727216366, 0.03595784252944823, 0.037197768133911964, 0.03781773093614383, 0.03781773093614383, 0.03781773093614383, 0.040297582145071294, 0.040297582145071294, 0.04215747055176689, 0.7563546187228767, 0.7631742095474272, 0.7681339119652821, 1.0]",4.0,2.0,2.0,2.0,2.0,20,-23.5869,8.0,12.0,hrl_dqn_apf,hierarchical,dqn,-17.189,7.446,4.548,0.00,0.00,0.00,-22.719,9.168,-2.102,0.00,0.00,0.00,-13.528,8.077,-1.011,0.00,0.00,0.00,4.009,4.009,4.009
2026-02-04 17:03:39,68.25,48,379,427,11.24%,91.39,2.98%,"[0, 5, 10, 15, 20, 25, 30, 35, 40, 45, 50, 55, 60, 65, 70, 75, 80, 85, 90, 95, 100]","[11, 10, 7, 8, 5, 7, 5, 3, 1, 3, 1, 0, 0, 4, 0, 3, 1150, 12, 9, 374]","[0.006819590824550527, 0.013019218846869188, 0.01735895846249225, 0.022318660880347178, 0.02541847489150651, 0.029758214507129573, 0.0328580285182889, 0.0347179169249845, 0.035337879727216366, 0.037197768133911964, 0.03781773093614383, 0.03781773093614383, 0.03781773093614383, 0.040297582145071294, 0.040297582145071294, 0.04215747055176689, 0.755114693118413, 0.7625542467451953, 0.7681339119652821, 1.0]",4.0,2.0,2.0,2.0,2.0,17,-11.42653,8.0,6.0,hrl_dqn_apf,hierarchical,dqn,-17.498,7.582,4.517,0.00,0.00,0.00,-22.719,9.166,-1.397,0.00,0.00,0.00,-13.527,8.075,-0.307,0.00,0.00,0.00,4.006,4.006,4.006
2026-02-04 17:03:40,69.25,47,382,429,10.96%,91.60,2.91%,"[0, 5, 10, 15, 20, 25, 30, 35, 40, 45, 50, 55, 60, 65, 70, 75, 80, 85, 90, 95, 100]","[8, 11, 8, 9, 4, 7, 6, 3, 1, 3, 1, 0, 0, 4, 0, 3, 1148, 14, 9, 374]","[0.0049597024178549285, 0.011779293242405457, 0.016738995660260384, 0.022318660880347178, 0.024798512089274645, 0.029138251704897707, 0.0328580285182889, 0.0347179169249845, 0.035337879727216366, 0.037197768133911964, 0.03781773093614383, 0.03781773093614383, 0.03781773093614383, 0.040297582145071294, 0.040297582145071294, 0.04215747055176689, 0.7538747675139492, 0.7625542467451953, 0.7681339119652821, 1.0]",4.0,2.0,2.0,2.0,2.0,5,-23.267319999999998,8.0,-6.0,hrl_dqn_apf,hierarchical,dqn,-17.093,7.616,4.507,0.00,0.00,0.00,-22.719,9.274,-0.865,0.00,0.00,0.00,-13.527,8.072,0.440,0.00,0.00,0.00,4.003,4.003,4.003
2026-02-04 17:03:41,70.25,46,381,427,10.77%,91.81,2.85%,"[0, 5, 10, 15, 20, 25, 30, 35, 40, 45, 50, 55, 60, 65, 70, 75, 80, 85, 90, 95, 100]","[9, 8, 9, 8, 5, 7, 6, 4, 1, 2, 2, 0, 0, 4, 0, 3, 1148, 12, 11, 374]","[0.005579665220086794, 0.010539367637941723, 0.016119032858028518, 0.021078735275883446, 0.02417854928704278, 0.02851828890266584, 0.032238065716057036, 0.0347179169249845, 0.035337879727216366, 0.0365778053316801, 0.03781773093614383, 0.03781773093614383, 0.03781773093614383, 0.040297582145071294, 0.040297582145071294, 0.04215747055176689, 0.7538747675139492, 0.7613143211407316, 0.7681339119652821, 1.0]",4.0,2.0,2.0,2.0,2.0,5,-23.267319999999998,8.0,-6.0,hrl_dqn_apf,hierarchical,dqn,-16.432,7.616,4.505,0.00,0.00,0.00,-22.719,9.339,-1.126,0.00,0.00,0.00,-13.526,8.069,1.200,0.00,0.00,0.00,4.000,4.000,4.000
2026-02-04 17:03:42,71.25,44,383,427,10.30%,92.21,2.73%,"[0, 5, 10, 15, 20, 25, 30, 35, 40, 45, 50, 55, 60, 65, 70, 75, 80, 85, 90, 95, 100]","[9, 6, 9, 6, 9, 5, 6, 4, 3, 1, 3, 0, 0, 3, 1, 2, 1143, 16, 7, 380]","[0.005579665220086794, 0.009299442033477991, 0.014879107253564786, 0.018598884066955982, 0.02417854928704278, 0.02727836329820211, 0.030998140111593304, 0.03347799132052077, 0.035337879727216366, 0.03595784252944823, 0.03781773093614383, 0.03781773093614383, 0.03781773093614383, 0.03967761934283943, 0.040297582145071294, 0.041537507749535026, 0.750154990700558, 0.7600743955362679, 0.7644141351518909, 1.0]",4.0,2.0,2.0,2.0,2.0,22,-11.10617,8.0,12.0,hrl_dqn_apf,hierarchical,dqn,-15.493,7.696,4.757,0.00,0.00,0.00,-22.719,9.339,-2.465,0.00,0.00,0.00,-13.315,8.254,2.170,0.00,0.00,0.00,3.997,3.997,3.997
2026-02-04 17:03:43,72.26,43,385,428,10.05%,92.36,2.67%,"[0, 5, 10, 15, 20, 25, 30, 35, 40, 45, 50, 55, 60, 65, 70, 75, 80, 85, 90, 95, 100]","[10, 4, 8, 7, 8, 6, 7, 4, 3, 1, 3, 0, 0, 0, 4, 0, 1145, 16, 8, 379]","[0.006199628022318661, 0.008679479231246125, 0.013639181649101054, 0.017978921264724116, 0.022938623682579044, 0.026658400495970243, 0.030998140111593304, 0.03347799132052077, 0.035337879727216366, 0.03595784252944823, 0.03781773093614383, 0.03781773093614383, 0.03781773093614383, 0.03781773093614383, 0.040297582145071294, 0.040297582145071294, 0.750154990700558, 0.7600743955362679, 0.7650340979541228, 1.0]",4.0,2.0,2.0,2.0,2.0,22,-11.10617,8.0,12.0,hrl_dqn_apf,hierarchical,dqn,-15.768,7.655,5.234,0.00,0.00,0.00,-22.719,9.336,-3.215,0.00,0.00,0.00,-12.903,8.326,1.844,0.00,0.00,0.00,3.994,3.994,3.994
2026-02-04 17:03:44,73.26,43,383,426,10.09%,92.48,2.67%,"[0, 5, 10, 15, 20, 25, 30, 35, 40, 45, 50, 55, 60, 65, 70, 75, 80, 85, 90, 95, 100]","[9, 4, 9, 6, 10, 5, 7, 5, 2, 1, 3, 2, 0, 0, 4, 0, 1145, 10, 12, 379]","[0.005579665220086794, 0.008059516429014259, 0.013639181649101054, 0.01735895846249225, 0.023558586484810913, 0.026658400495970243, 0.030998140111593304, 0.034097954122752634, 0.035337879727216366, 0.03595784252944823, 0.03781773093614383, 0.03905765654060756, 0.03905765654060756, 0.03905765654060756, 0.041537507749535026, 0.041537507749535026, 0.7513949163050218, 0.7575945443273404, 0.7650340979541228, 1.0]",4.0,2.0,2.0,2.0,2.0,8,-4.94594,8.0,-6.0,hrl_dqn_apf,hierarchical,dqn,-16.205,7.595,5.791,0.00,0.00,0.00,-22.719,9.333,-3.975,0.00,0.00,0.00,-12.425,8.383,1.331,0.00,0.00,0.00,3.991,3.991,3.991
2026-02-04 17:03:45,74.26,43,381,424,10.14%,92.62,2.67%,"[0, 5, 10, 15, 20, 25, 30, 35, 40, 45, 50, 55, 60, 65, 70, 75, 80, 85, 90, 95, 100]","[11, 3, 9, 6, 9, 5, 6, 6, 2, 1, 3, 2, 0, 0, 4, 0, 1143, 10, 14, 379]","[0.006819590824550527, 0.008679479231246125, 0.01425914445133292, 0.017978921264724116, 0.023558586484810913, 0.026658400495970243, 0.03037817730936144, 0.034097954122752634, 0.035337879727216366, 0.03595784252944823, 0.03781773093614383, 0.03905765654060756, 0.03905765654060756, 0.03905765654060756, 0.041537507749535026, 0.041537507749535026, 0.750154990700558, 0.7563546187228767, 0.7650340979541228, 1.0]",4.0,2.0,2.0,2.0,2.0,23,-4.785819999999999,8.0,12.0,hrl_dqn_apf,hierarchical,dqn,-16.656,7.622,6.283,0.00,0.00,0.00,-22.676,9.366,-4.693,0.00,0.00,0.00,-11.956,8.472,0.833,0.00,0.00,0.00,3.988,3.988,3.988
2026-02-04 17:03:46,75.26,42,382,424,9.91%,92.97,2.60%,"[0, 5, 10, 15, 20, 25, 30, 35, 40, 45, 50, 55, 60, 65, 70, 75, 80, 85, 90, 95, 100]","[11, 4, 6, 7, 7, 7, 7, 6, 3, 1, 2, 2, 1, 0, 4, 0, 1138, 11, 14, 382]","[0.006819590824550527, 0.009299442033477991, 0.013019218846869188, 0.01735895846249225, 0.02169869807811531, 0.026038437693738377, 0.03037817730936144, 0.034097954122752634, 0.03595784252944823, 0.0365778053316801, 0.03781773093614383, 0.03905765654060756, 0.03967761934283943, 0.03967761934283943, 0.04215747055176689, 0.04215747055176689, 0.7476751394916304, 0.7544947303161811, 0.7631742095474272, 1.0]",4.0,2.0,2.0,2.0,2.0,23,-4.785819999999999,8.0,12.0,hrl_dqn_apf,hierarchical,dqn,-16.937,7.721,5.499,0.00,0.00,0.00,-21.576,9.419,-5.134,0.00,0.00,0.00,-11.656,8.572,1.582,0.00,0.00,0.00,3.985,3.985,3.985
2026-02-04 17:03:47,76.26,42,376,418,10.05%,93.10,2.60%,"[0, 5, 10, 15, 20, 25, 30, 35, 40, 45, 50, 55, 60, 65, 70, 75, 80, 85, 90, 95, 100]","[10, 5, 4, 9, 5, 9, 5, 6, 4, 2, 1, 3, 1, 0, 3, 1, 1139, 9, 16, 381]","[0.006199628022318661, 0.009299442033477991, 0.011779293242405457, 0.01735895846249225, 0.02045877247365158, 0.026038437693738377, 0.029138251704897707, 0.0328580285182889, 0.035337879727216366, 0.0365778053316801, 0.037197768133911964, 0.03905765654060756, 0.03967761934283943, 0.03967761934283943, 0.041537507749535026, 0.04215747055176689, 0.7482951022938623, 0.7538747675139492, 0.7637941723496591, 1.0]",4.0,2.0,2.0,2.0,2.0,22,-10.6255,8.0,12.0,hrl_dqn_apf,hierarchical,dqn,-16.958,7.719,4.782,0.00,0.00,0.00,-20.839,9.417,-5.167,0.00,0.00,0.00,-11.633,8.569,2.296,0.00,0.00,0.00,3.982,3.982,3.982
2026-02-04 17:03:48,77.27,42,382,424,9.91%,93.18,2.60%,"[0, 5, 10, 15, 20, 25, 30, 35, 40, 45, 50, 55, 60, 65, 70, 75, 80, 85, 90, 95, 100]","[9, 7, 4, 8, 6, 8, 6, 7, 4, 2, 1, 3, 1, 0, 3, 1, 1135, 12, 16, 380]","[0.005579665220086794, 0.009919404835709857, 0.012399256044637322, 0.01735895846249225, 0.021078735275883446, 0.026038437693738377, 0.029758214507129573, 0.034097954122752634, 0.0365778053316801, 0.03781773093614383, 0.038437693738375696, 0.040297582145071294, 0.04091754494730316, 0.04091754494730316, 0.04277743335399876, 0.04339739615623062, 0.7470551766893986, 0.7544947303161811, 0.7644141351518909, 1.0]",4.0,2.0,2.0,2.0,2.0,4,1.5349699999999995,8.0,-12.0,hrl_dqn_apf,hierarchical,dqn,-16.849,7.775,4.148,0.00,0.00,0.00,-20.196,9.473,-5.065,0.00,0.00,0.00,-11.625,8.566,3.043,0.00,0.00,0.00,3.979,3.979,3.979
2026-02-04 17:03:49,78.27,43,383,426,10.09%,93.27,2.67%,"[0, 5, 10, 15, 20, 25, 30, 35, 40, 45, 50, 55, 60, 65, 70, 75, 80, 85, 90, 95, 100]","[10, 7, 3, 8, 6, 9, 5, 6, 4, 3, 1, 3, 2, 0, 0, 4, 1136, 12, 10, 384]","[0.006199628022318661, 0.010539367637941723, 0.012399256044637322, 0.01735895846249225, 0.021078735275883446, 0.026658400495970243, 0.029758214507129573, 0.03347799132052077, 0.03595784252944823, 0.03781773093614383, 0.038437693738375696, 0.040297582145071294, 0.041537507749535026, 0.041537507749535026, 0.041537507749535026, 0.04401735895846249, 0.7482951022938623, 0.7557346559206448, 0.7619342839429635, 1.0]",4.0,2.0,2.0,2.0,2.0,4,1.5349699999999995,8.0,-12.0,hrl_dqn_apf,hierarchical,dqn,-16.330,7.804,3.899,0.00,0.00,0.00,-19.902,9.507,-4.589,0.00,0.00,0.00,-11.623,8.563,3.802,0.00,0.00,0.00,3.976,3.976,3.976
2026-02-04 17:03:50,79.28,43,383,426,10.09%,93.51,2.67%,"[0, 5, 10, 15, 20, 25, 30, 35, 40, 45, 50, 55, 60, 65, 70, 75, 80, 85, 90, 95, 100]","[10, 7, 4, 8, 7, 7, 6, 5, 6, 3, 1, 2, 2, 1, 0, 4, 1131, 10, 14, 385]","[0.006199628022318661, 0.010539367637941723, 0.013019218846869188, 0.017978921264724116, 0.022318660880347178, 0.026658400495970243, 0.03037817730936144, 0.03347799132052077, 0.037197768133911964, 0.03905765654060756, 0.03967761934283943, 0.04091754494730316, 0.04215747055176689, 0.04277743335399876, 0.04277743335399876, 0.04525728456292622, 0.7464352138871667, 0.7526348419094855, 0.7613143211407316, 1.0]",4.0,2.0,2.0,2.0,2.0,17,-10.14471,8.0,6.0,hrl_dqn_apf,hierarchical,dqn,-15.561,7.882,3.806,0.00,0.00,0.00,-18.734,9.537,-4.238,0.00,0.00,0.00,-11.321,8.712,4.995,0.00,0.00,0.00,3.973,3.973,3.973
2026-02-04 17:03:51,80.28,42,386,428,9.81%,93.66,2.60%,"[0, 5, 10, 15, 20, 25, 30, 35, 40, 45, 50, 55, 60, 65, 70, 75, 80, 85, 90, 95, 100]","[11, 7, 4, 6, 7, 7, 7, 6, 5, 3, 1, 2, 2, 1, 0, 4, 1131, 9, 11, 389]","[0.006819590824550527, 0.011159330440173589, 0.013639181649101054, 0.01735895846249225, 0.02169869807811531, 0.026038437693738377, 0.03037817730936144, 0.034097954122752634, 0.037197768133911964, 0.03905765654060756, 0.03967761934283943, 0.04091754494730316, 0.04215747055176689, 0.04277743335399876, 0.04277743335399876, 0.04525728456292622, 0.7464352138871667, 0.7520148791072536, 0.7588344699318041, 1.0]",4.0,2.0,2.0,2.0,2.0,17,-10.14471,8.0,6.0,hrl_dqn_apf,hierarchical,dqn,-16.035,7.828,3.771,0.00,0.00,0.00,-18.006,9.534,-4.211,0.00,0.00,0.00,-10.716,8.790,5.172,0.00,0.00,0.00,3.970,3.970,3.970
2026-02-04 17:03:52,81.28,41,386,427,9.60%,93.75,2.54%,"[0, 5, 10, 15, 20, 25, 30, 35, 40, 45, 50, 55, 60, 65, 70, 75, 80, 85, 90, 95, 100]","[9, 9, 5, 4, 9, 5, 8, 5, 6, 4, 1, 1, 3, 1, 0, 3, 1132, 9, 9, 390]","[0.005579665220086794, 0.011159330440173589, 0.01425914445133292, 0.016738995660260384, 0.022318660880347178, 0.02541847489150651, 0.03037817730936144, 0.03347799132052077, 0.037197768133911964, 0.03967761934283943, 0.040297582145071294, 0.04091754494730316, 0.04277743335399876, 0.04339739615623062, 0.04339739615623062, 0.04525728456292622, 0.7470551766893986, 0.7526348419094855, 0.7582145071295723, 1.0]",4.0,2.0,2.0,2.0,2.0,15,-22.06419,8.0,6.0,hrl_dqn_apf,hierarchical,dqn,-16.713,7.805,3.686,0.00,0.00,0.00,-17.249,9.531,-4.202,0.00,0.00,0.00,-10.098,8.855,5.400,0.00,0.00,0.00,3.967,3.967,3.967
2026-02-04 17:03:53,82.28,42,385,427,9.84%,93.86,2.60%,"[0, 5, 10, 15, 20, 25, 30, 35, 40, 45, 50, 55, 60, 65, 70, 75, 80, 85, 90, 95, 100]","[9, 8, 5, 4, 9, 7, 5, 6, 7, 4, 2, 1, 3, 1, 0, 3, 1126, 15, 10, 388]","[0.005579665220086794, 0.010539367637941723, 0.013639181649101054, 0.016119032858028518, 0.02169869807811531, 0.026038437693738377, 0.029138251704897707, 0.0328580285182889, 0.037197768133911964, 0.03967761934283943, 0.04091754494730316, 0.041537507749535026, 0.04339739615623062, 0.04401735895846249, 0.04401735895846249, 0.04587724736515809, 0.7439553626782393, 0.7532548047117174, 0.759454432734036, 1.0]",4.0,2.0,2.0,2.0,2.0,9,2.0157799999999995,8.0,-6.0,hrl_dqn_apf,hierarchical,dqn,-17.450,7.804,3.649,0.00,0.00,0.00,-16.490,9.528,-4.199,0.00,0.00,0.00,-9.845,8.878,5.955,0.00,0.00,0.00,3.964,3.964,3.964
2026-02-04 17:03:54,83.28,43,384,427,10.07%,94.07,2.67%,"[0, 5, 10, 15, 20, 25, 30, 35, 40, 45, 50, 55, 60, 65, 70, 75, 80, 85, 90, 95, 100]","[9, 8, 7, 3, 10, 6, 4, 6, 4, 6, 4, 1, 3, 2, 0, 1, 1127, 14, 12, 386]","[0.005579665220086794, 0.010539367637941723, 0.014879107253564786, 0.016738995660260384, 0.022938623682579044, 0.026658400495970243, 0.029138251704897707, 0.0328580285182889, 0.035337879727216366, 0.03905765654060756, 0.041537507749535026, 0.04215747055176689, 0.04401735895846249, 0.04525728456292622, 0.04525728456292622, 0.04587724736515809, 0.7445753254804711, 0.7532548047117174, 0.7606943583384997, 1.0]",4.0,2.0,2.0,2.0,2.0,9,2.0157799999999995,8.0,-6.0,hrl_dqn_apf,hierarchical,dqn,-18.985,7.799,3.633,0.00,0.00,0.00,-14.947,9.522,-4.198,0.00,0.00,0.00,-10.070,8.959,7.102,0.00,0.00,0.00,3.961,3.961,3.961
2026-02-04 17:03:55,84.29,43,384,427,10.07%,94.16,2.67%,"[0, 5, 10, 15, 20, 25, 30, 35, 40, 45, 50, 55, 60, 65, 70, 75, 80, 85, 90, 95, 100]","[12, 6, 8, 3, 8, 6, 4, 6, 5, 6, 4, 1, 2, 2, 1, 0, 1123, 14, 10, 392]","[0.007439553626782393, 0.011159330440173589, 0.016119032858028518, 0.017978921264724116, 0.022938623682579044, 0.026658400495970243, 0.029138251704897707, 0.0328580285182889, 0.03595784252944823, 0.03967761934283943, 0.04215747055176689, 0.04277743335399876, 0.04401735895846249, 0.04525728456292622, 0.04587724736515809, 0.04587724736515809, 0.7420954742715437, 0.7507749535027899, 0.7569745815251085, 1.0]",4.0,2.0,2.0,2.0,2.0,1,-15.82419,8.0,-12.0,hrl_dqn_apf,hierarchical,dqn,-19.748,7.796,3.631,0.00,0.00,0.00,-14.184,9.519,-4.198,0.00,0.00,0.00,-10.494,9.041,7.033,0.00,0.00,0.00,3.958,3.958,3.958
2026-02-04 17:03:56,85.29,41,386,427,9.60%,94.25,2.54%,"[0, 5, 10, 15, 20, 25, 30, 35, 40, 45, 50, 55, 60, 65, 70, 75, 80, 85, 90, 95, 100]","[10, 8, 7, 4, 6, 6, 6, 5, 6, 6, 5, 1, 2, 3, 1, 0, 1121, 16, 10, 390]","[0.006199628022318661, 0.011159330440173589, 0.015499070055796652, 0.017978921264724116, 0.02169869807811531, 0.02541847489150651, 0.029138251704897707, 0.032238065716057036, 0.03595784252944823, 0.03967761934283943, 0.04277743335399876, 0.04339739615623062, 0.044637321760694355, 0.04649721016738995, 0.047117172969621826, 0.047117172969621826, 0.7420954742715437, 0.7520148791072536, 0.7582145071295723, 1.0]",4.0,2.0,2.0,2.0,2.0,1,-15.82419,8.0,-12.0,hrl_dqn_apf,hierarchical,dqn,-20.263,7.910,3.631,0.00,0.00,0.00,-13.437,9.516,-4.198,0.00,0.00,0.00,-10.647,9.058,6.508,0.00,0.00,0.00,3.955,3.955,3.955
2026-02-04 17:03:57,86.29,41,387,428,9.58%,94.39,2.54%,"[0, 5, 10, 15, 20, 25, 30, 35, 40, 45, 50, 55, 60, 65, 70, 75, 80, 85, 90, 95, 100]","[9, 7, 9, 4, 5, 7, 5, 6, 6, 6, 6, 2, 2, 2, 1, 0, 1120, 17, 9, 390]","[0.005579665220086794, 0.009919404835709857, 0.015499070055796652, 0.017978921264724116, 0.021078735275883446, 0.02541847489150651, 0.02851828890266584, 0.032238065716057036, 0.03595784252944823, 0.03967761934283943, 0.04339739615623062, 0.044637321760694355, 0.04587724736515809, 0.047117172969621826, 0.04773713577185369, 0.04773713577185369, 0.7420954742715437, 0.7526348419094855, 0.7582145071295723, 1.0]",4.0,2.0,2.0,2.0,2.0,8,-3.6636500000000005,8.0,-6.0,hrl_dqn_apf,hierarchical,dqn,-19.984,7.974,3.631,0.00,0.00,0.00,-12.660,9.512,-4.198,0.00,0.00,0.00,-10.697,9.057,5.795,0.00,0.00,0.00,3.952,3.952,3.952
2026-02-04 17:03:58,87.29,38,384,422,9.00%,94.65,2.36%,"[0, 5, 10, 15, 20, 25, 30, 35, 40, 45, 50, 55, 60, 65, 70, 75, 80, 85, 90, 95, 100]","[8, 6, 7, 7, 3, 7, 6, 5, 6, 5, 10, 4, 1, 2, 2, 0, 1117, 12, 14, 391]","[0.0049597024178549285, 0.008679479231246125, 0.013019218846869188, 0.01735895846249225, 0.019218846869187848, 0.023558586484810913, 0.02727836329820211, 0.03037817730936144, 0.034097954122752634, 0.037197768133911964, 0.04339739615623062, 0.04587724736515809, 0.04649721016738995, 0.04773713577185369, 0.048977061376317424, 0.048977061376317424, 0.7414755114693118, 0.7489150650960942, 0.7575945443273404, 1.0]",4.0,2.0,2.0,2.0,2.0,13,-3.50596,8.0,0.0,hrl_dqn_apf,hierarchical,dqn,-18.638,7.974,3.631,0.00,0.00,0.00,-11.136,9.506,-4.198,0.00,0.00,0.00,-10.718,9.051,4.293,0.00,0.00,0.00,3.949,3.949,3.949
2026-02-04 17:03:59,88.30,38,388,426,8.92%,94.73,2.36%,"[0, 5, 10, 15, 20, 25, 30, 35, 40, 45, 50, 55, 60, 65, 70, 75, 80, 85, 90, 95, 100]","[7, 6, 7, 7, 4, 7, 6, 4, 6, 6, 7, 7, 1, 3, 2, 0, 1112, 18, 14, 389]","[0.0043397396156230625, 0.008059516429014259, 0.012399256044637322, 0.016738995660260384, 0.019218846869187848, 0.023558586484810913, 0.02727836329820211, 0.029758214507129573, 0.03347799132052077, 0.037197768133911964, 0.041537507749535026, 0.04587724736515809, 0.04649721016738995, 0.04835709857408556, 0.04959702417854929, 0.04959702417854929, 0.7389956602603843, 0.750154990700558, 0.7588344699318041, 1.0]",4.0,2.0,2.0,2.0,2.0,13,-3.50596,8.0,0.0,hrl_dqn_apf,hierarchical,dqn,-17.888,7.971,3.631,0.00,0.00,0.00,-10.375,9.503,-4.198,0.00,0.00,0.00,-10.720,9.048,3.534,0.00,0.00,0.00,3.946,3.946,3.946
2026-02-04 17:04:00,89.30,39,385,424,9.20%,94.81,2.42%,"[0, 5, 10, 15, 20, 25, 30, 35, 40, 45, 50, 55, 60, 65, 70, 75, 80, 85, 90, 95, 100]","[7, 6, 6, 9, 3, 8, 6, 5, 4, 6, 6, 10, 1, 3, 2, 0, 1111, 16, 14, 390]","[0.0043397396156230625, 0.008059516429014259, 0.011779293242405457, 0.01735895846249225, 0.019218846869187848, 0.02417854928704278, 0.027898326100433975, 0.030998140111593304, 0.03347799132052077, 0.037197768133911964, 0.04091754494730316, 0.047117172969621826, 0.04773713577185369, 0.04959702417854929, 0.05083694978301302, 0.05083694978301302, 0.7396156230626162, 0.749535027898326, 0.7582145071295723, 1.0]",4.0,2.0,2.0,2.0,2.0,3,-3.3430999999999997,8.0,-12.0,hrl_dqn_apf,hierarchical,dqn,-17.127,7.968,3.631,0.00,0.00,0.00,-9.612,9.500,-4.198,0.00,0.00,0.00,-10.721,9.045,2.771,0.00,0.00,0.00,3.943,3.943,3.943
2026-02-04 17:04:01,90.30,38,384,422,9.00%,94.95,2.36%,"[0, 5, 10, 15, 20, 25, 30, 35, 40, 45, 50, 55, 60, 65, 70, 75, 80, 85, 90, 95, 100]","[7, 5, 7, 8, 5, 6, 7, 5, 4, 6, 6, 11, 1, 2, 2, 1, 1111, 12, 16, 391]","[0.0043397396156230625, 0.007439553626782393, 0.011779293242405457, 0.016738995660260384, 0.019838809671419714, 0.023558586484810913, 0.027898326100433975, 0.030998140111593304, 0.03347799132052077, 0.037197768133911964, 0.04091754494730316, 0.04773713577185369, 0.04835709857408556, 0.04959702417854929, 0.05083694978301302, 0.05145691258524489, 0.7402355858648481, 0.7476751394916304, 0.7575945443273404, 1.0]",4.0,2.0,2.0,2.0,2.0,16,-15.18275,8.0,6.0,hrl_dqn_apf,hierarchical,dqn,-16.413,8.002,3.678,0.00,0.00,0.00,-9.553,9.535,-4.198,0.00,0.00,0.00,-10.722,9.042,2.010,0.00,0.00,0.00,3.940,3.940,3.940
2026-02-04 17:04:02,91.31,37,389,426,8.69%,95.28,2.29%,"[0, 5, 10, 15, 20, 25, 30, 35, 40, 45, 50, 55, 60, 65, 70, 75, 80, 85, 90, 95, 100]","[10, 5, 4, 9, 4, 5, 7, 6, 6, 5, 5, 8, 5, 0, 3, 1, 1110, 12, 13, 395]","[0.006199628022318661, 0.009299442033477991, 0.011779293242405457, 0.01735895846249225, 0.019838809671419714, 0.022938623682579044, 0.02727836329820211, 0.030998140111593304, 0.0347179169249845, 0.03781773093614383, 0.04091754494730316, 0.04587724736515809, 0.048977061376317424, 0.048977061376317424, 0.05083694978301302, 0.05145691258524489, 0.7396156230626162, 0.7470551766893986, 0.755114693118413, 1.0]",4.0,2.0,2.0,2.0,2.0,16,-15.18275,8.0,6.0,hrl_dqn_apf,hierarchical,dqn,-15.978,8.054,4.787,0.00,0.00,0.00,-9.572,9.617,-4.405,0.00,0.00,0.00,-10.724,9.036,0.487,0.00,0.00,0.00,3.937,3.937,3.937
2026-02-04 17:04:03,92.31,37,387,424,8.73%,95.46,2.29%,"[0, 5, 10, 15, 20, 25, 30, 35, 40, 45, 50, 55, 60, 65, 70, 75, 80, 85, 90, 95, 100]","[11, 5, 5, 5, 7, 4, 6, 6, 5, 5, 7, 8, 5, 0, 3, 1, 1110, 9, 12, 399]","[0.006819590824550527, 0.009919404835709857, 0.013019218846869188, 0.016119032858028518, 0.02045877247365158, 0.022938623682579044, 0.026658400495970243, 0.03037817730936144, 0.03347799132052077, 0.0365778053316801, 0.04091754494730316, 0.04587724736515809, 0.048977061376317424, 0.048977061376317424, 0.05083694978301302, 0.05145691258524489, 0.7396156230626162, 0.745195288282703, 0.7526348419094855, 1.0]",4.0,2.0,2.0,2.0,2.0,7,-9.02293,8.0,-6.0,hrl_dqn_apf,hierarchical,dqn,-15.945,8.051,5.524,0.00,0.00,0.00,-9.537,9.644,-4.873,0.00,0.00,0.00,-10.724,9.033,-0.277,0.00,0.00,0.00,3.934,3.934,3.934
2026-02-04 17:04:04,93.31,37,389,426,8.69%,95.62,2.29%,"[0, 5, 10, 15, 20, 25, 30, 35, 40, 45, 50, 55, 60, 65, 70, 75, 80, 85, 90, 95, 100]","[11, 5, 5, 6, 6, 4, 7, 6, 5, 4, 6, 8, 5, 1, 2, 2, 1108, 5, 18, 399]","[0.006819590824550527, 0.009919404835709857, 0.013019218846869188, 0.016738995660260384, 0.02045877247365158, 0.022938623682579044, 0.02727836329820211, 0.030998140111593304, 0.034097954122752634, 0.0365778053316801, 0.040297582145071294, 0.04525728456292622, 0.04835709857408556, 0.048977061376317424, 0.050216986980781156, 0.05145691258524489, 0.7383756974581525, 0.7414755114693118, 0.7526348419094855, 1.0]",4.0,2.0,2.0,2.0,2.0,2,-8.86275,8.0,-12.0,hrl_dqn_apf,hierarchical,dqn,-15.825,8.105,6.154,0.00,0.00,0.00,-9.507,9.680,-5.529,0.00,0.00,0.00,-10.750,9.104,-0.832,0.00,0.00,0.00,3.931,3.931,3.931
2026-02-04 17:04:05,94.31,36,392,428,8.41%,95.76,2.23%,"[0, 5, 10, 15, 20, 25, 30, 35, 40, 45, 50, 55, 60, 65, 70, 75, 80, 85, 90, 95, 100]","[10, 6, 4, 5, 7, 4, 8, 5, 5, 5, 5, 5, 9, 1, 3, 2, 1106, 7, 16, 400]","[0.006199628022318661, 0.009919404835709857, 0.012399256044637322, 0.015499070055796652, 0.019838809671419714, 0.022318660880347178, 0.02727836329820211, 0.03037817730936144, 0.03347799132052077, 0.0365778053316801, 0.03967761934283943, 0.04277743335399876, 0.04835709857408556, 0.048977061376317424, 0.05083694978301302, 0.052076875387476754, 0.7377557346559206, 0.7420954742715437, 0.7520148791072536, 1.0]",4.0,2.0,2.0,2.0,2.0,2,-8.86275,8.0,-12.0,hrl_dqn_apf,hierarchical,dqn,-15.278,8.135,6.413,0.00,0.00,0.00,-9.643,9.759,-5.904,0.00,0.00,0.00,-10.873,9.150,-0.672,0.00,0.00,0.00,3.928,3.928,3.928
2026-02-04 17:04:06,95.32,38,389,427,8.90%,95.91,2.36%,"[0, 5, 10, 15, 20, 25, 30, 35, 40, 45, 50, 55, 60, 65, 70, 75, 80, 85, 90, 95, 100]","[11, 6, 4, 7, 6, 4, 5, 7, 5, 5, 6, 5, 10, 1, 1, 2, 1101, 13, 12, 402]","[0.006819590824550527, 0.010539367637941723, 0.013019218846869188, 0.01735895846249225, 0.021078735275883446, 0.023558586484810913, 0.026658400495970243, 0.030998140111593304, 0.034097954122752634, 0.037197768133911964, 0.04091754494730316, 0.04401735895846249, 0.050216986980781156, 0.05083694978301302, 0.05145691258524489, 0.05269683818970862, 0.7352758834469931, 0.7433353998760074, 0.7507749535027899, 1.0]",4.0,2.0,2.0,2.0,2.0,4,3.29613,8.0,-12.0,hrl_dqn_apf,hierarchical,dqn,-13.837,8.131,6.512,0.00,0.00,0.00,-9.640,9.887,-6.025,0.00,0.00,0.00,-10.965,9.215,-1.532,0.00,0.00,0.00,3.925,3.925,3.925
2026-02-04 17:04:07,96.32,39,388,427,9.13%,96.01,2.42%,"[0, 5, 10, 15, 20, 25, 30, 35, 40, 45, 50, 55, 60, 65, 70, 75, 80, 85, 90, 95, 100]","[10, 7, 4, 4, 9, 5, 4, 8, 4, 6, 5, 5, 7, 5, 0, 3, 1099, 14, 12, 402]","[0.006199628022318661, 0.010539367637941723, 0.013019218846869188, 0.015499070055796652, 0.021078735275883446, 0.02417854928704278, 0.026658400495970243, 0.03161810291382517, 0.034097954122752634, 0.03781773093614383, 0.04091754494730316, 0.04401735895846249, 0.04835709857408556, 0.05145691258524489, 0.05145691258524489, 0.053316800991940486, 0.7346559206447613, 0.7433353998760074, 0.7507749535027899, 1.0]",4.0,2.0,2.0,2.0,2.0,6,-14.54196,8.0,-6.0,hrl_dqn_apf,hierarchical,dqn,-13.303,8.205,6.291,0.00,0.00,0.00,-9.774,9.925,-6.024,0.00,0.00,0.00,-10.972,9.213,-2.253,0.00,0.00,0.00,3.922,3.922,3.922
2026-02-04 17:04:08,97.32,38,391,429,8.86%,96.16,2.42%,"[0, 5, 10, 15, 20, 25, 30, 35, 40, 45, 50, 55, 60, 65, 70, 75, 80, 85, 90, 95, 100]","[8, 8, 5, 5, 7, 6, 4, 6, 6, 5, 5, 7, 7, 5, 0, 3, 1099, 14, 11, 402]","[0.0049597024178549285, 0.009919404835709857, 0.013019218846869188, 0.016119032858028518, 0.02045877247365158, 0.02417854928704278, 0.026658400495970243, 0.03037817730936144, 0.034097954122752634, 0.037197768133911964, 0.040297582145071294, 0.044637321760694355, 0.048977061376317424, 0.052076875387476754, 0.052076875387476754, 0.05393676379417235, 0.7352758834469931, 0.7439553626782393, 0.7507749535027899, 1.0]",4.0,2.0,2.0,2.0,2.0,6,-14.54196,8.0,-6.0,hrl_dqn_apf,hierarchical,dqn,-13.120,8.220,5.701,0.00,0.00,0.00,-10.165,10.032,-6.139,0.00,0.00,0.00,-11.009,9.272,-2.787,0.00,0.00,0.00,3.919,3.919,3.919
2026-02-04 17:04:09,98.32,38,389,427,8.90%,96.33,2.42%,"[0, 5, 10, 15, 20, 25, 30, 35, 40, 45, 50, 55, 60, 65, 70, 75, 80, 85, 90, 95, 100]","[9, 7, 6, 4, 6, 7, 3, 7, 6, 5, 4, 6, 8, 6, 0, 2, 1098, 14, 9, 406]","[0.005579665220086794, 0.009919404835709857, 0.013639181649101054, 0.016119032858028518, 0.019838809671419714, 0.02417854928704278, 0.026038437693738377, 0.03037817730936144, 0.034097954122752634, 0.037197768133911964, 0.03967761934283943, 0.04339739615623062, 0.04835709857408556, 0.052076875387476754, 0.052076875387476754, 0.053316800991940486, 0.7340359578425294, 0.7427154370737755, 0.7482951022938623, 1.0]",4.0,2.0,2.0,2.0,2.0,23,-2.3818599999999996,8.0,12.0,hrl_dqn_apf,hierarchical,dqn,-13.064,8.218,4.989,0.00,0.00,0.00,-10.194,10.139,-6.640,0.00,0.00,0.00,-11.165,9.255,-2.547,0.00,0.00,0.00,3.916,3.916,3.916
2026-02-04 17:04:10,99.32,38,390,428,8.88%,96.51,2.42%,"[0, 5, 10, 15, 20, 25, 30, 35, 40, 45, 50, 55, 60, 65, 70, 75, 80, 85, 90, 95, 100]","[7, 10, 4, 6, 7, 5, 4, 9, 6, 2, 5, 5, 4, 11, 1, 1, 1094, 17, 7, 408]","[0.0043397396156230625, 0.010539367637941723, 0.013019218846869188, 0.016738995660260384, 0.021078735275883446, 0.02417854928704278, 0.026658400495970243, 0.032238065716057036, 0.03595784252944823, 0.037197768133911964, 0.040297582145071294, 0.04339739615623062, 0.04587724736515809, 0.05269683818970862, 0.053316800991940486, 0.05393676379417235, 0.7321760694358338, 0.7427154370737755, 0.7470551766893986, 1.0]",4.0,2.0,2.0,2.0,2.0,5,-20.3015,8.0,-6.0,hrl_dqn_apf,hierarchical,dqn,-13.040,8.212,3.482,0.00,0.00,0.00,-9.894,10.304,-8.032,0.00,0.00,0.00,-11.541,9.087,-1.255,0.00,0.00,0.00,3.913,3.913,3.913
2026-02-04 17:04:11,100.33,38,390,428,8.88%,96.63,2.42%,"[0, 5, 10, 15, 20, 25, 30, 35, 40, 45, 50, 55, 60, 65, 70, 75, 80, 85, 90, 95, 100]","[8, 7, 6, 5, 8, 5, 4, 7, 6, 3, 5, 6, 6, 11, 1, 1, 1094, 12, 11, 407]","[0.0049597024178549285, 0.009299442033477991, 0.013019218846869188, 0.016119032858028518, 0.021078735275883446, 0.02417854928704278, 0.026658400495970243, 0.030998140111593304, 0.0347179169249845, 0.0365778053316801, 0.03967761934283943, 0.04339739615623062, 0.047117172969621826, 0.05393676379417235, 0.05455672659640422, 0.05517668939863608, 0.7334159950402975, 0.7408555486670799, 0.7476751394916304, 1.0]",4.0,2.0,2.0,2.0,2.0,5,-20.3015,8.0,-6.0,hrl_dqn_apf,hierarchical,dqn,-13.038,8.209,2.720,0.00,0.00,0.00,-9.762,9.955,-8.572,0.00,0.00,0.00,-11.677,9.082,-0.517,0.00,0.00,0.00,3.910,3.910,3.910
2026-02-04 17:04:12,101.33,38,386,424,8.96%,96.70,2.48%,"[0, 5, 10, 15, 20, 25, 30, 35, 40, 45, 50, 55, 60, 65, 70, 75, 80, 85, 90, 95, 100]","[9, 7, 7, 5, 6, 6, 5, 5, 8, 2, 6, 6, 5, 9, 3, 0, 1095, 10, 12, 407]","[0.005579665220086794, 0.009919404835709857, 0.01425914445133292, 0.01735895846249225, 0.021078735275883446, 0.024798512089274645, 0.027898326100433975, 0.030998140111593304, 0.03595784252944823, 0.037197768133911964, 0.04091754494730316, 0.044637321760694355, 0.04773713577185369, 0.053316800991940486, 0.05517668939863608, 0.05517668939863608, 0.7340359578425294, 0.7402355858648481, 0.7476751394916304, 1.0]",4.0,2.0,2.0,2.0,2.0,5,-20.14121,8.0,-6.0,hrl_dqn_apf,hierarchical,dqn,-13.086,8.253,2.195,0.00,0.00,0.00,-9.843,9.863,-8.748,0.00,0.00,0.00,-11.679,9.257,0.021,0.00,0.00,0.00,3.907,3.907,3.907
2026-02-04 17:04:13,102.33,38,386,424,8.96%,96.89,2.48%,"[0, 5, 10, 15, 20, 25, 30, 35, 40, 45, 50, 55, 60, 65, 70, 75, 80, 85, 90, 95, 100]","[9, 6, 7, 6, 7, 5, 4, 5, 7, 4, 4, 6, 6, 8, 5, 0, 1089, 14, 14, 407]","[0.005579665220086794, 0.009299442033477991, 0.013639181649101054, 0.01735895846249225, 0.02169869807811531, 0.024798512089274645, 0.02727836329820211, 0.03037817730936144, 0.0347179169249845, 0.037197768133911964, 0.03967761934283943, 0.04339739615623062, 0.047117172969621826, 0.052076875387476754, 0.05517668939863608, 0.05517668939863608, 0.7303161810291382, 0.7389956602603843, 0.7476751394916304, 1.0]",4.0,2.0,2.0,2.0,2.0,7,-7.981,8.0,-6.0,hrl_dqn_apf,hierarchical,dqn,-13.297,8.189,2.430,0.00,0.00,0.00,-10.358,9.887,-8.799,0.00,0.00,0.00,-11.485,9.438,-0.201,0.00,0.00,0.00,3.904,3.904,3.904
2026-02-04 17:04:14,103.33,36,386,422,8.53%,97.21,2.36%,"[0, 5, 10, 15, 20, 25, 30, 35, 40, 45, 50, 55, 60, 65, 70, 75, 80, 85, 90, 95, 100]","[9, 5, 7, 7, 6, 4, 6, 5, 6, 5, 3, 6, 5, 5, 9, 1, 1088, 9, 16, 411]","[0.005579665220086794, 0.008679479231246125, 0.013019218846869188, 0.01735895846249225, 0.021078735275883446, 0.023558586484810913, 0.02727836329820211, 0.03037817730936144, 0.034097954122752634, 0.037197768133911964, 0.03905765654060756, 0.04277743335399876, 0.04587724736515809, 0.048977061376317424, 0.05455672659640422, 0.05517668939863608, 0.7296962182269063, 0.7352758834469931, 0.745195288282703, 1.0]",4.0,2.0,2.0,2.0,2.0,7,-7.981,8.0,-6.0,hrl_dqn_apf,hierarchical,dqn,-14.045,7.894,3.570,0.00,0.00,0.00,-11.793,9.887,-8.820,0.00,0.00,0.00,-10.746,9.733,-1.342,0.00,0.00,0.00,3.901,3.901,3.901
2026-02-04 17:04:15,104.34,36,386,422,8.53%,97.35,2.36%,"[0, 5, 10, 15, 20, 25, 30, 35, 40, 45, 50, 55, 60, 65, 70, 75, 80, 85, 90, 95, 100]","[8, 5, 8, 5, 8, 4, 5, 5, 7, 6, 2, 6, 6, 4, 10, 1, 1087, 10, 16, 410]","[0.0049597024178549285, 0.008059516429014259, 0.013019218846869188, 0.016119032858028518, 0.021078735275883446, 0.023558586484810913, 0.026658400495970243, 0.029758214507129573, 0.034097954122752634, 0.03781773093614383, 0.03905765654060756, 0.04277743335399876, 0.04649721016738995, 0.048977061376317424, 0.05517668939863608, 0.05579665220086795, 0.7296962182269063, 0.735895846249225, 0.7458152510849348, 1.0]",4.0,2.0,2.0,2.0,2.0,20,-19.8206,8.0,12.0,hrl_dqn_apf,hierarchical,dqn,-14.473,7.760,4.196,0.00,0.00,0.00,-12.548,9.884,-8.821,0.00,0.00,0.00,-10.318,9.862,-1.967,0.00,0.00,0.00,3.898,3.898,3.898
2026-02-04 17:04:16,105.34,37,389,426,8.69%,97.44,2.42%,"[0, 5, 10, 15, 20, 25, 30, 35, 40, 45, 50, 55, 60, 65, 70, 75, 80, 85, 90, 95, 100]","[9, 4, 7, 5, 7, 7, 4, 6, 5, 6, 4, 5, 6, 4, 11, 1, 1086, 11, 14, 411]","[0.005579665220086794, 0.008059516429014259, 0.012399256044637322, 0.015499070055796652, 0.019838809671419714, 0.02417854928704278, 0.026658400495970243, 0.03037817730936144, 0.03347799132052077, 0.037197768133911964, 0.03967761934283943, 0.04277743335399876, 0.04649721016738995, 0.048977061376317424, 0.05579665220086795, 0.056416615003099815, 0.7296962182269063, 0.7365158090514569, 0.745195288282703, 1.0]",4.0,2.0,2.0,2.0,2.0,19,4.33928,8.0,6.0,hrl_dqn_apf,hierarchical,dqn,-14.841,7.731,4.852,0.00,0.00,0.00,-13.076,10.000,-8.821,0.00,0.00,0.00,-9.941,9.911,-2.619,0.00,0.00,0.00,3.895,3.895,3.895
2026-02-04 17:04:17,106.34,38,386,424,8.96%,97.55,2.48%,"[0, 5, 10, 15, 20, 25, 30, 35, 40, 45, 50, 55, 60, 65, 70, 75, 80, 85, 90, 95, 100]","[10, 4, 7, 7, 7, 5, 5, 6, 5, 6, 3, 6, 6, 4, 10, 1, 1086, 11, 10, 414]","[0.006199628022318661, 0.008679479231246125, 0.013019218846869188, 0.01735895846249225, 0.02169869807811531, 0.024798512089274645, 0.027898326100433975, 0.03161810291382517, 0.0347179169249845, 0.038437693738375696, 0.040297582145071294, 0.04401735895846249, 0.04773713577185369, 0.050216986980781156, 0.056416615003099815, 0.05703657780533168, 0.7303161810291382, 0.7371357718536887, 0.7433353998760074, 1.0]",4.0,2.0,2.0,2.0,2.0,19,4.33928,8.0,6.0,hrl_dqn_apf,hierarchical,dqn,-14.984,7.737,5.576,0.00,0.00,0.00,-12.803,10.062,-8.821,0.00,0.00,0.00,-9.789,9.911,-3.340,0.00,0.00,0.00,3.892,3.892,3.892
2026-02-04 17:04:18,107.34,39,389,428,9.11%,97.82,2.54%,"[0, 5, 10, 15, 20, 25, 30, 35, 40, 45, 50, 55, 60, 65, 70, 75, 80, 85, 90, 95, 100]","[15, 4, 2, 7, 8, 5, 5, 5, 3, 5, 5, 4, 6, 5, 9, 4, 1081, 9, 15, 416]","[0.009299442033477991, 0.011779293242405457, 0.013019218846869188, 0.01735895846249225, 0.022318660880347178, 0.02541847489150651, 0.02851828890266584, 0.03161810291382517, 0.03347799132052077, 0.0365778053316801, 0.03967761934283943, 0.04215747055176689, 0.04587724736515809, 0.048977061376317424, 0.05455672659640422, 0.05703657780533168, 0.7272163670179789, 0.7327960322380657, 0.7420954742715437, 1.0]",4.0,2.0,2.0,2.0,2.0,16,-13.33996,8.0,6.0,hrl_dqn_apf,hierarchical,dqn,-15.042,7.733,7.049,0.00,0.00,0.00,-11.797,9.625,-8.821,0.00,0.00,0.00,-10.026,9.988,-4.520,0.00,0.00,0.00,3.889,3.889,3.889
2026-02-04 17:04:19,108.35,38,390,428,8.88%,98.00,2.48%,"[0, 5, 10, 15, 20, 25, 30, 35, 40, 45, 50, 55, 60, 65, 70, 75, 80, 85, 90, 95, 100]","[10, 7, 4, 5, 9, 5, 6, 5, 4, 5, 5, 3, 6, 6, 4, 7, 1082, 9, 11, 420]","[0.006199628022318661, 0.010539367637941723, 0.013019218846869188, 0.016119032858028518, 0.02169869807811531, 0.024798512089274645, 0.02851828890266584, 0.03161810291382517, 0.034097954122752634, 0.037197768133911964, 0.040297582145071294, 0.04215747055176689, 0.04587724736515809, 0.04959702417854929, 0.052076875387476754, 0.056416615003099815, 0.7272163670179789, 0.7327960322380657, 0.7396156230626162, 1.0]",4.0,2.0,2.0,2.0,2.0,16,-13.33996,8.0,6.0,hrl_dqn_apf,hierarchical,dqn,-14.829,7.806,7.595,0.00,0.00,0.00,-11.658,9.220,-8.821,0.00,0.00,0.00,-10.639,9.998,-4.674,0.00,0.00,0.00,3.886,3.886,3.886
2026-02-04 17:04:20,109.35,38,389,427,8.90%,98.13,2.48%,"[0, 5, 10, 15, 20, 25, 30, 35, 40, 45, 50, 55, 60, 65, 70, 75, 80, 85, 90, 95, 100]","[11, 6, 4, 6, 8, 5, 6, 4, 4, 5, 6, 3, 5, 6, 5, 7, 1079, 13, 9, 421]","[0.006819590824550527, 0.010539367637941723, 0.013019218846869188, 0.016738995660260384, 0.02169869807811531, 0.024798512089274645, 0.02851828890266584, 0.030998140111593304, 0.03347799132052077, 0.0365778053316801, 0.040297582145071294, 0.04215747055176689, 0.04525728456292622, 0.048977061376317424, 0.052076875387476754, 0.056416615003099815, 0.7253564786112833, 0.7334159950402975, 0.7389956602603843, 1.0]",4.0,2.0,2.0,2.0,2.0,14,4.65982,8.0,0.0,hrl_dqn_apf,hierarchical,dqn,-14.360,7.883,7.664,0.00,0.00,0.00,-11.644,9.070,-8.933,0.00,0.00,0.00,-11.232,10.112,-4.619,0.00,0.00,0.00,3.883,3.883,3.883
2026-02-04 17:04:21,110.35,38,389,427,8.90%,98.23,2.48%,"[0, 5, 10, 15, 20, 25, 30, 35, 40, 45, 50, 55, 60, 65, 70, 75, 80, 85, 90, 95, 100]","[10, 8, 4, 5, 7, 6, 7, 3, 5, 3, 8, 3, 5, 6, 4, 8, 1077, 13, 11, 420]","[0.006199628022318661, 0.011159330440173589, 0.013639181649101054, 0.016738995660260384, 0.021078735275883446, 0.024798512089274645, 0.029138251704897707, 0.030998140111593304, 0.034097954122752634, 0.03595784252944823, 0.04091754494730316, 0.04277743335399876, 0.04587724736515809, 0.04959702417854929, 0.052076875387476754, 0.05703657780533168, 0.7247365158090514, 0.7327960322380657, 0.7396156230626162, 1.0]",4.0,2.0,2.0,2.0,2.0,0,-19.18018,8.0,-12.0,hrl_dqn_apf,hierarchical,dqn,-14.158,7.915,7.198,0.00,0.00,0.00,-11.752,9.011,-9.440,0.00,0.00,0.00,-11.367,10.234,-4.134,0.00,0.00,0.00,3.880,3.880,3.880
2026-02-04 17:04:22,111.35,39,388,427,9.13%,98.47,2.54%,"[0, 5, 10, 15, 20, 25, 30, 35, 40, 45, 50, 55, 60, 65, 70, 75, 80, 85, 90, 95, 100]","[9, 12, 2, 3, 9, 6, 6, 5, 5, 4, 5, 3, 6, 6, 4, 7, 1074, 14, 14, 419]","[0.005579665220086794, 0.013019218846869188, 0.01425914445133292, 0.016119032858028518, 0.02169869807811531, 0.02541847489150651, 0.029138251704897707, 0.032238065716057036, 0.035337879727216366, 0.03781773093614383, 0.04091754494730316, 0.04277743335399876, 0.04649721016738995, 0.050216986980781156, 0.05269683818970862, 0.05703657780533168, 0.7228766274023558, 0.7315561066336019, 0.7402355858648481, 1.0]",4.0,2.0,2.0,2.0,2.0,0,-19.18018,8.0,-12.0,hrl_dqn_apf,hierarchical,dqn,-14.423,7.995,6.105,0.00,0.00,0.00,-11.559,9.027,-10.539,0.00,0.00,0.00,-11.306,9.866,-3.015,0.00,0.00,0.00,3.877,3.877,3.877
2026-02-04 17:04:23,112.36,39,388,427,9.13%,98.61,2.54%,"[0, 5, 10, 15, 20, 25, 30, 35, 40, 45, 50, 55, 60, 65, 70, 75, 80, 85, 90, 95, 100]","[8, 12, 3, 2, 10, 6, 7, 4, 6, 3, 4, 5, 5, 5, 6, 7, 1070, 16, 10, 424]","[0.0049597024178549285, 0.012399256044637322, 0.01425914445133292, 0.015499070055796652, 0.02169869807811531, 0.02541847489150651, 0.029758214507129573, 0.032238065716057036, 0.03595784252944823, 0.03781773093614383, 0.040297582145071294, 0.04339739615623062, 0.04649721016738995, 0.04959702417854929, 0.053316800991940486, 0.05765654060756355, 0.7210167389956602, 0.7309361438313701, 0.7371357718536887, 1.0]",4.0,2.0,2.0,2.0,2.0,15,-19.01981,8.0,6.0,hrl_dqn_apf,hierarchical,dqn,-15.053,8.002,5.973,0.00,0.00,0.00,-10.939,9.037,-10.671,0.00,0.00,0.00,-11.295,9.457,-2.874,0.00,0.00,0.00,3.874,3.874,3.874
2026-02-04 17:04:24,113.36,38,389,427,8.90%,98.76,2.48%,"[0, 5, 10, 15, 20, 25, 30, 35, 40, 45, 50, 55, 60, 65, 70, 75, 80, 85, 90, 95, 100]","[8, 9, 5, 3, 9, 6, 7, 5, 4, 5, 4, 5, 5, 4, 6, 6, 1072, 17, 9, 424]","[0.0049597024178549285, 0.010539367637941723, 0.013639181649101054, 0.015499070055796652, 0.021078735275883446, 0.024798512089274645, 0.029138251704897707, 0.032238065716057036, 0.0347179169249845, 0.03781773093614383, 0.040297582145071294, 0.04339739615623062, 0.04649721016738995, 0.048977061376317424, 0.05269683818970862, 0.056416615003099815, 0.7210167389956602, 0.7315561066336019, 0.7371357718536887, 1.0]",4.0,2.0,2.0,2.0,2.0,20,-18.85978,8.0,12.0,hrl_dqn_apf,hierarchical,dqn,-15.780,8.000,5.932,0.00,0.00,0.00,-10.329,9.096,-10.596,0.00,0.00,0.00,-11.292,9.354,-2.950,0.00,0.00,0.00,3.871,3.871,3.871
2026-02-04 17:04:25,114.37,38,390,428,8.88%,98.91,2.48%,"[0, 5, 10, 15, 20, 25, 30, 35, 40, 45, 50, 55, 60, 65, 70, 75, 80, 85, 90, 95, 100]","[8, 9, 6, 3, 8, 6, 7, 5, 4, 5, 4, 6, 4, 5, 5, 5, 1073, 17, 9, 424]","[0.0049597024178549285, 0.010539367637941723, 0.01425914445133292, 0.016119032858028518, 0.021078735275883446, 0.024798512089274645, 0.029138251704897707, 0.032238065716057036, 0.0347179169249845, 0.03781773093614383, 0.040297582145071294, 0.04401735895846249, 0.04649721016738995, 0.04959702417854929, 0.05269683818970862, 0.05579665220086795, 0.7210167389956602, 0.7315561066336019, 0.7371357718536887, 1.0]",4.0,2.0,2.0,2.0,2.0,20,-18.85978,8.0,12.0,hrl_dqn_apf,hierarchical,dqn,-16.510,7.997,5.919,0.00,0.00,0.00,-10.091,9.126,-10.105,0.00,0.00,0.00,-11.250,9.400,-3.403,0.00,0.00,0.00,3.868,3.868,3.868
2026-02-04 17:04:26,115.37,38,386,424,8.96%,99.19,2.48%,"[0, 5, 10, 15, 20, 25, 30, 35, 40, 45, 50, 55, 60, 65, 70, 75, 80, 85, 90, 95, 100]","[9, 8, 7, 3, 5, 8, 7, 6, 3, 6, 3, 6, 4, 4, 6, 4, 1073, 11, 15, 425]","[0.005579665220086794, 0.010539367637941723, 0.014879107253564786, 0.016738995660260384, 0.019838809671419714, 0.024798512089274645, 0.029138251704897707, 0.0328580285182889, 0.0347179169249845, 0.038437693738375696, 0.040297582145071294, 0.04401735895846249, 0.04649721016738995, 0.048977061376317424, 0.05269683818970862, 0.05517668939863608, 0.7203967761934283, 0.7272163670179789, 0.7365158090514569, 1.0]",4.0,2.0,2.0,2.0,2.0,19,5.30059,8.0,6.0,hrl_dqn_apf,hierarchical,dqn,-18.031,7.991,5.913,0.00,0.00,0.00,-9.988,9.123,-8.676,0.00,0.00,0.00,-10.153,9.449,-3.753,0.00,0.00,0.00,3.865,3.865,3.865
2026-02-04 17:04:27,116.37,39,387,426,9.15%,99.34,2.54%,"[0, 5, 10, 15, 20, 25, 30, 35, 40, 45, 50, 55, 60, 65, 70, 75, 80, 85, 90, 95, 100]","[9, 6, 10, 3, 4, 9, 7, 5, 4, 6, 2, 6, 3, 4, 6, 5, 1067, 17, 14, 426]","[0.005579665220086794, 0.009299442033477991, 0.015499070055796652, 0.01735895846249225, 0.019838809671419714, 0.02541847489150651, 0.029758214507129573, 0.0328580285182889, 0.035337879727216366, 0.03905765654060756, 0.040297582145071294, 0.04401735895846249, 0.04587724736515809, 0.04835709857408556, 0.052076875387476754, 0.05517668939863608, 0.7166769993800371, 0.7272163670179789, 0.735895846249225, 1.0]",4.0,2.0,2.0,2.0,2.0,17,-6.53908,8.0,6.0,hrl_dqn_apf,hierarchical,dqn,-18.345,8.138,5.912,0.00,0.00,0.00,-9.980,9.120,-7.918,0.00,0.00,0.00,-9.533,9.440,-3.779,0.00,0.00,0.00,3.862,3.862,3.862
2026-02-04 17:04:28,117.37,38,386,424,8.96%,99.48,2.48%,"[0, 5, 10, 15, 20, 25, 30, 35, 40, 45, 50, 55, 60, 65, 70, 75, 80, 85, 90, 95, 100]","[10, 5, 10, 3, 4, 8, 8, 6, 4, 5, 2, 4, 6, 3, 5, 7, 1067, 13, 14, 429]","[0.006199628022318661, 0.009299442033477991, 0.015499070055796652, 0.01735895846249225, 0.019838809671419714, 0.024798512089274645, 0.029758214507129573, 0.03347799132052077, 0.03595784252944823, 0.03905765654060756, 0.040297582145071294, 0.04277743335399876, 0.04649721016738995, 0.04835709857408556, 0.05145691258524489, 0.05579665220086795, 0.717296962182269, 0.7253564786112833, 0.7340359578425294, 1.0]",4.0,2.0,2.0,2.0,2.0,17,-6.53908,8.0,6.0,hrl_dqn_apf,hierarchical,dqn,-17.941,8.172,5.912,0.00,0.00,0.00,-9.991,9.214,-7.392,0.00,0.00,0.00,-9.152,9.501,-3.682,0.00,0.00,0.00,3.859,3.859,3.859
2026-02-04 17:04:29,118.38,37,385,422,8.77%,99.68,2.42%,"[0, 5, 10, 15, 20, 25, 30, 35, 40, 45, 50, 55, 60, 65, 70, 75, 80, 85, 90, 95, 100]","[10, 6, 9, 3, 4, 7, 9, 6, 3, 5, 3, 4, 6, 3, 4, 7, 1067, 12, 16, 429]","[0.006199628022318661, 0.009919404835709857, 0.015499070055796652, 0.01735895846249225, 0.019838809671419714, 0.02417854928704278, 0.029758214507129573, 0.03347799132052077, 0.035337879727216366, 0.038437693738375696, 0.040297582145071294, 0.04277743335399876, 0.04649721016738995, 0.04835709857408556, 0.05083694978301302, 0.05517668939863608, 0.7166769993800371, 0.7241165530068195, 0.7340359578425294, 1.0]",4.0,2.0,2.0,2.0,2.0,17,-6.37928,8.0,6.0,hrl_dqn_apf,hierarchical,dqn,-17.278,8.172,5.912,0.00,0.00,0.00,-10.051,9.244,-7.660,0.00,0.00,0.00,-8.926,9.551,-3.175,0.00,0.00,0.00,3.856,3.856,3.856
2026-02-04 17:04:30,119.38,36,390,426,8.45%,100.00,2.36%,"[0, 5, 10, 15, 20, 25, 30, 35, 40, 45, 50, 55, 60, 65, 70, 75, 80, 85, 90, 95, 100]","[7, 7, 7, 6, 5, 6, 7, 7, 4, 3, 5, 4, 8, 2, 5, 6, 1063, 16, 11, 434]","[0.0043397396156230625, 0.008679479231246125, 0.013019218846869188, 0.016738995660260384, 0.019838809671419714, 0.023558586484810913, 0.027898326100433975, 0.032238065716057036, 0.0347179169249845, 0.0365778053316801, 0.03967761934283943, 0.04215747055176689, 0.047117172969621826, 0.04835709857408556, 0.05145691258524489, 0.05517668939863608, 0.7141971481711097, 0.7241165530068195, 0.7309361438313701, 1.0]",4.0,2.0,2.0,2.0,2.0,3,-0.29905000000000026,8.0,-12.0,hrl_dqn_apf,hierarchical,dqn,-15.790,8.166,5.913,0.00,0.00,0.00,-10.342,9.189,-8.974,0.00,0.00,0.00,-8.568,9.603,-1.771,0.00,0.00,0.00,3.853,3.853,3.853
2026-02-04 17:04:31,120.38,35,387,422,8.29%,100.12,2.29%,"[0, 5, 10, 15, 20, 25, 30, 35, 40, 45, 50, 55, 60, 65, 70, 75, 80, 85, 90, 95, 100]","[10, 4, 8, 7, 5, 3, 10, 6, 5, 3, 5, 2, 7, 3, 5, 6, 1061, 18, 9, 436]","[0.006199628022318661, 0.008679479231246125, 0.013639181649101054, 0.017978921264724116, 0.021078735275883446, 0.022938623682579044, 0.029138251704897707, 0.0328580285182889, 0.03595784252944823, 0.03781773093614383, 0.04091754494730316, 0.04215747055176689, 0.04649721016738995, 0.04835709857408556, 0.05145691258524489, 0.05517668939863608, 0.712957222566646, 0.7241165530068195, 0.7296962182269063, 1.0]",4.0,2.0,2.0,2.0,2.0,3,-0.29905000000000026,8.0,-12.0,hrl_dqn_apf,hierarchical,dqn,-15.032,8.163,5.913,0.00,0.00,0.00,-10.475,9.326,-9.286,0.00,0.00,0.00,-8.427,9.743,-1.436,0.00,0.00,0.00,3.850,3.850,3.850
2026-02-04 17:04:32,121.39,34,392,426,7.98%,100.33,2.23%,"[0, 5, 10, 15, 20, 25, 30, 35, 40, 45, 50, 55, 60, 65, 70, 75, 80, 85, 90, 95, 100]","[9, 4, 6, 10, 5, 2, 10, 7, 4, 4, 5, 2, 7, 2, 5, 6, 1060, 13, 16, 436]","[0.005579665220086794, 0.008059516429014259, 0.011779293242405457, 0.017978921264724116, 0.021078735275883446, 0.022318660880347178, 0.02851828890266584, 0.0328580285182889, 0.035337879727216366, 0.03781773093614383, 0.04091754494730316, 0.04215747055176689, 0.04649721016738995, 0.04773713577185369, 0.05083694978301302, 0.05455672659640422, 0.7117172969621822, 0.7197768133911965, 0.7296962182269063, 1.0]",4.0,2.0,2.0,2.0,2.0,9,5.86139,8.0,-6.0,hrl_dqn_apf,hierarchical,dqn,-14.269,8.160,5.914,0.00,0.00,0.00,-10.522,9.361,-8.883,0.00,0.00,0.00,-8.381,9.797,-1.517,0.00,0.00,0.00,3.847,3.847,3.847
2026-02-04 17:04:33,122.39,33,395,428,7.71%,100.52,2.17%,"[0, 5, 10, 15, 20, 25, 30, 35, 40, 45, 50, 55, 60, 65, 70, 75, 80, 85, 90, 95, 100]","[10, 4, 5, 10, 4, 2, 9, 8, 5, 4, 4, 2, 6, 4, 5, 4, 1062, 12, 13, 440]","[0.006199628022318661, 0.008679479231246125, 0.011779293242405457, 0.017978921264724116, 0.02045877247365158, 0.02169869807811531, 0.02727836329820211, 0.032238065716057036, 0.035337879727216366, 0.03781773093614383, 0.040297582145071294, 0.041537507749535026, 0.04525728456292622, 0.04773713577185369, 0.05083694978301302, 0.053316800991940486, 0.7117172969621822, 0.7191568505889646, 0.7272163670179789, 1.0]",4.0,2.0,2.0,2.0,2.0,24,6.0213,8.0,12.0,hrl_dqn_apf,hierarchical,dqn,-13.526,8.157,5.914,0.00,0.00,0.00,-10.537,9.362,-8.240,0.00,0.00,0.00,-8.367,9.856,-1.531,0.00,0.00,0.00,3.844,3.844,3.844
2026-02-04 17:04:34,123.39,32,395,427,7.49%,100.84,2.11%,"[0, 5, 10, 15, 20, 25, 30, 35, 40, 45, 50, 55, 60, 65, 70, 75, 80, 85, 90, 95, 100]","[7, 7, 4, 7, 8, 1, 8, 9, 5, 3, 5, 3, 5, 5, 4, 4, 1055, 15, 16, 442]","[0.0043397396156230625, 0.008679479231246125, 0.011159330440173589, 0.015499070055796652, 0.02045877247365158, 0.021078735275883446, 0.026038437693738377, 0.03161810291382517, 0.0347179169249845, 0.0365778053316801, 0.03967761934283943, 0.041537507749535026, 0.044637321760694355, 0.04773713577185369, 0.050216986980781156, 0.05269683818970862, 0.7067575945443273, 0.7160570365778053, 0.7259764414135151, 1.0]",4.0,2.0,2.0,2.0,2.0,24,6.0213,8.0,12.0,hrl_dqn_apf,hierarchical,dqn,-12.002,8.151,5.915,0.00,0.00,0.00,-10.543,9.356,-6.753,0.00,0.00,0.00,-8.361,9.974,-1.533,0.00,0.00,0.00,3.841,3.841,3.841
2026-02-04 17:04:35,124.39,32,395,427,7.49%,100.98,2.11%,"[0, 5, 10, 15, 20, 25, 30, 35, 40, 45, 50, 55, 60, 65, 70, 75, 80, 85, 90, 95, 100]","[7, 6, 5, 7, 8, 1, 8, 8, 5, 4, 3, 4, 6, 6, 4, 4, 1054, 16, 16, 441]","[0.0043397396156230625, 0.008059516429014259, 0.011159330440173589, 0.015499070055796652, 0.02045877247365158, 0.021078735275883446, 0.026038437693738377, 0.030998140111593304, 0.034097954122752634, 0.0365778053316801, 0.038437693738375696, 0.04091754494730316, 0.044637321760694355, 0.04835709857408556, 0.05083694978301302, 0.053316800991940486, 0.7067575945443273, 0.7166769993800371, 0.726596404215747, 1.0]",4.0,2.0,2.0,2.0,2.0,10,-17.818550000000002,8.0,0.0,hrl_dqn_apf,hierarchical,dqn,-11.222,8.147,5.916,0.00,0.00,0.00,-10.543,9.353,-5.974,0.00,0.00,0.00,-8.560,10.012,-1.529,0.00,0.00,0.00,3.838,3.838,3.838
2026-02-04 17:04:36,125.39,33,394,427,7.73%,101.15,2.17%,"[0, 5, 10, 15, 20, 25, 30, 35, 40, 45, 50, 55, 60, 65, 70, 75, 80, 85, 90, 95, 100]","[9, 5, 4, 7, 9, 1, 6, 9, 5, 5, 3, 4, 4, 5, 5, 5, 1054, 16, 16, 441]","[0.005579665220086794, 0.008679479231246125, 0.011159330440173589, 0.015499070055796652, 0.021078735275883446, 0.02169869807811531, 0.02541847489150651, 0.030998140111593304, 0.034097954122752634, 0.037197768133911964, 0.03905765654060756, 0.041537507749535026, 0.04401735895846249, 0.047117172969621826, 0.050216986980781156, 0.053316800991940486, 0.7067575945443273, 0.7166769993800371, 0.726596404215747, 1.0]",4.0,2.0,2.0,2.0,2.0,10,-17.6583,8.0,0.0,hrl_dqn_apf,hierarchical,dqn,-10.713,8.267,5.916,0.00,0.00,0.00,-10.543,9.350,-5.212,0.00,0.00,0.00,-9.016,9.761,-1.516,0.00,0.00,0.00,3.835,3.835,3.835
2026-02-04 17:04:37,126.40,33,394,427,7.73%,101.35,2.17%,"[0, 5, 10, 15, 20, 25, 30, 35, 40, 45, 50, 55, 60, 65, 70, 75, 80, 85, 90, 95, 100]","[7, 7, 3, 5, 12, 1, 5, 9, 6, 4, 3, 5, 4, 5, 5, 4, 1051, 16, 14, 447]","[0.0043397396156230625, 0.008679479231246125, 0.010539367637941723, 0.013639181649101054, 0.021078735275883446, 0.02169869807811531, 0.024798512089274645, 0.03037817730936144, 0.034097954122752634, 0.0365778053316801, 0.038437693738375696, 0.041537507749535026, 0.04401735895846249, 0.047117172969621826, 0.050216986980781156, 0.05269683818970862, 0.7042777433353998, 0.7141971481711097, 0.7228766274023558, 1.0]",4.0,2.0,2.0,2.0,2.0,10,-17.6583,8.0,0.0,hrl_dqn_apf,hierarchical,dqn,-11.000,8.326,5.916,0.00,0.00,0.00,-10.560,9.398,-4.538,0.00,0.00,0.00,-9.195,9.555,-1.474,0.00,0.00,0.00,3.832,3.832,3.832
2026-02-04 17:04:38,127.40,33,395,428,7.71%,101.74,2.17%,"[0, 5, 10, 15, 20, 25, 30, 35, 40, 45, 50, 55, 60, 65, 70, 75, 80, 85, 90, 95, 100]","[7, 6, 5, 4, 12, 1, 3, 11, 5, 5, 2, 5, 4, 3, 7, 4, 1047, 20, 14, 448]","[0.0043397396156230625, 0.008059516429014259, 0.011159330440173589, 0.013639181649101054, 0.021078735275883446, 0.02169869807811531, 0.023558586484810913, 0.03037817730936144, 0.03347799132052077, 0.0365778053316801, 0.03781773093614383, 0.04091754494730316, 0.04339739615623062, 0.04525728456292622, 0.04959702417854929, 0.052076875387476754, 0.7011779293242405, 0.7135771853688778, 0.7222566646001239, 1.0]",4.0,2.0,2.0,2.0,2.0,18,0.5037000000000003,8.0,6.0,hrl_dqn_apf,hierarchical,dqn,-12.369,8.326,5.916,0.00,0.00,0.00,-11.002,9.448,-5.139,0.00,0.00,0.00,-8.825,9.662,-0.435,0.00,0.00,0.00,3.829,3.829,3.829
2026-02-04 17:04:39,128.41,34,392,426,7.98%,101.88,2.23%,"[0, 5, 10, 15, 20, 25, 30, 35, 40, 45, 50, 55, 60, 65, 70, 75, 80, 85, 90, 95, 100]","[6, 5, 8, 3, 9, 5, 3, 9, 6, 6, 1, 5, 5, 3, 7, 4, 1046, 15, 14, 453]","[0.0037197768133911966, 0.006819590824550527, 0.011779293242405457, 0.013639181649101054, 0.019218846869187848, 0.022318660880347178, 0.02417854928704278, 0.029758214507129573, 0.03347799132052077, 0.037197768133911964, 0.03781773093614383, 0.04091754494730316, 0.04401735895846249, 0.04587724736515809, 0.050216986980781156, 0.05269683818970862, 0.7011779293242405, 0.7104773713577185, 0.7191568505889646, 1.0]",4.0,2.0,2.0,2.0,2.0,6,-11.33583,8.0,-6.0,hrl_dqn_apf,hierarchical,dqn,-13.120,8.323,5.915,0.00,0.00,0.00,-11.308,9.428,-5.785,0.00,0.00,0.00,-8.523,9.679,0.239,0.00,0.00,0.00,3.826,3.826,3.826
2026-02-04 17:04:40,129.41,34,390,424,8.02%,102.03,2.23%,"[0, 5, 10, 15, 20, 25, 30, 35, 40, 45, 50, 55, 60, 65, 70, 75, 80, 85, 90, 95, 100]","[7, 4, 6, 4, 10, 5, 3, 9, 6, 5, 2, 4, 5, 3, 8, 4, 1046, 12, 18, 452]","[0.0043397396156230625, 0.006819590824550527, 0.010539367637941723, 0.013019218846869188, 0.019218846869187848, 0.022318660880347178, 0.02417854928704278, 0.029758214507129573, 0.03347799132052077, 0.0365778053316801, 0.03781773093614383, 0.040297582145071294, 0.04339739615623062, 0.04525728456292622, 0.050216986980781156, 0.05269683818970862, 0.7011779293242405, 0.7086174829510229, 0.7197768133911965, 1.0]",4.0,2.0,2.0,2.0,2.0,6,-11.33583,8.0,-6.0,hrl_dqn_apf,hierarchical,dqn,-13.752,8.382,5.784,0.00,0.00,0.00,-11.454,9.505,-6.356,0.00,0.00,0.00,-8.251,9.795,0.704,0.00,0.00,0.00,3.823,3.823,3.823
2026-02-04 17:04:42,130.42,36,390,426,8.45%,102.11,2.36%,"[0, 5, 10, 15, 20, 25, 30, 35, 40, 45, 50, 55, 60, 65, 70, 75, 80, 85, 90, 95, 100]","[8, 3, 5, 5, 9, 8, 4, 7, 6, 7, 2, 3, 6, 1, 8, 5, 1039, 18, 16, 453]","[0.0049597024178549285, 0.006819590824550527, 0.009919404835709857, 0.013019218846869188, 0.018598884066955982, 0.023558586484810913, 0.026038437693738377, 0.03037817730936144, 0.034097954122752634, 0.038437693738375696, 0.03967761934283943, 0.041537507749535026, 0.04525728456292622, 0.04587724736515809, 0.05083694978301302, 0.05393676379417235, 0.6980781153130812, 0.7092374457532548, 0.7191568505889646, 1.0]",4.0,2.0,2.0,2.0,2.0,12,-5.17549,8.0,0.0,hrl_dqn_apf,hierarchical,dqn,-13.936,8.450,5.304,0.00,0.00,0.00,-11.079,9.578,-6.526,0.00,0.00,0.00,-8.143,9.854,0.409,0.00,0.00,0.00,3.820,3.820,3.820
2026-02-04 17:04:43,131.42,35,383,418,8.37%,102.45,2.36%,"[0, 5, 10, 15, 20, 25, 30, 35, 40, 45, 50, 55, 60, 65, 70, 75, 80, 85, 90, 95, 100]","[9, 2, 6, 4, 6, 11, 3, 5, 8, 6, 3, 4, 6, 2, 8, 5, 1039, 11, 20, 455]","[0.005579665220086794, 0.006819590824550527, 0.010539367637941723, 0.013019218846869188, 0.016738995660260384, 0.023558586484810913, 0.02541847489150651, 0.02851828890266584, 0.03347799132052077, 0.037197768133911964, 0.03905765654060756, 0.041537507749535026, 0.04525728456292622, 0.04649721016738995, 0.05145691258524489, 0.05455672659640422, 0.698698078115313, 0.7055176689398636, 0.7179169249845009, 1.0]",4.0,2.0,2.0,2.0,2.0,11,-11.015450000000001,8.0,0.0,hrl_dqn_apf,hierarchical,dqn,-12.903,8.503,4.969,0.00,0.00,0.00,-10.774,9.627,-5.495,0.00,0.00,0.00,-8.098,9.854,-0.946,0.00,0.00,0.00,3.817,3.817,3.817
2026-02-04 17:04:44,132.43,36,388,424,8.49%,102.57,2.42%,"[0, 5, 10, 15, 20, 25, 30, 35, 40, 45, 50, 55, 60, 65, 70, 75, 80, 85, 90, 95, 100]","[11, 2, 6, 4, 6, 10, 4, 4, 9, 6, 3, 2, 7, 1, 6, 7, 1038, 11, 20, 456]","[0.006819590824550527, 0.008059516429014259, 0.011779293242405457, 0.01425914445133292, 0.017978921264724116, 0.02417854928704278, 0.026658400495970243, 0.029138251704897707, 0.0347179169249845, 0.038437693738375696, 0.040297582145071294, 0.041537507749535026, 0.04587724736515809, 0.04649721016738995, 0.050216986980781156, 0.05455672659640422, 0.6980781153130812, 0.7048977061376317, 0.717296962182269, 1.0]",4.0,2.0,2.0,2.0,2.0,11,-11.015450000000001,8.0,0.0,hrl_dqn_apf,hierarchical,dqn,-12.172,8.500,4.944,0.00,0.00,0.00,-10.751,9.624,-4.765,0.00,0.00,0.00,-8.093,9.852,-1.565,0.00,0.00,0.00,3.814,3.814,3.814
2026-02-04 17:04:45,133.44,35,391,426,8.22%,102.70,2.36%,"[0, 5, 10, 15, 20, 25, 30, 35, 40, 45, 50, 55, 60, 65, 70, 75, 80, 85, 90, 95, 100]","[12, 3, 7, 3, 5, 8, 7, 4, 8, 5, 4, 1, 6, 2, 6, 7, 1038, 10, 17, 460]","[0.007439553626782393, 0.009299442033477991, 0.013639181649101054, 0.015499070055796652, 0.018598884066955982, 0.023558586484810913, 0.027898326100433975, 0.03037817730936144, 0.035337879727216366, 0.038437693738375696, 0.04091754494730316, 0.041537507749535026, 0.04525728456292622, 0.04649721016738995, 0.050216986980781156, 0.05455672659640422, 0.6980781153130812, 0.7042777433353998, 0.7148171109733416, 1.0]",4.0,2.0,2.0,2.0,2.0,11,-10.85535,8.0,0.0,hrl_dqn_apf,hierarchical,dqn,-11.417,8.497,4.936,0.00,0.00,0.00,-10.819,9.710,-4.216,0.00,0.00,0.00,-8.020,9.928,-1.841,0.00,0.00,0.00,3.811,3.811,3.811
2026-02-04 17:04:46,134.44,34,390,424,8.02%,102.91,2.29%,"[0, 5, 10, 15, 20, 25, 30, 35, 40, 45, 50, 55, 60, 65, 70, 75, 80, 85, 90, 95, 100]","[12, 3, 4, 5, 5, 8, 8, 4, 7, 6, 3, 2, 5, 3, 5, 8, 1038, 10, 12, 465]","[0.007439553626782393, 0.009299442033477991, 0.011779293242405457, 0.014879107253564786, 0.017978921264724116, 0.022938623682579044, 0.027898326100433975, 0.03037817730936144, 0.0347179169249845, 0.038437693738375696, 0.040297582145071294, 0.041537507749535026, 0.044637321760694355, 0.04649721016738995, 0.04959702417854929, 0.05455672659640422, 0.6980781153130812, 0.7042777433353998, 0.7117172969621822, 1.0]",4.0,2.0,2.0,2.0,2.0,11,-10.85535,8.0,0.0,hrl_dqn_apf,hierarchical,dqn,-10.659,8.494,4.934,0.00,0.00,0.00,-11.155,9.739,-4.364,0.00,0.00,0.00,-7.680,9.986,-1.569,0.00,0.00,0.00,3.808,3.808,3.808
2026-02-04 17:04:47,135.44,34,394,428,7.94%,103.15,2.29%,"[0, 5, 10, 15, 20, 25, 30, 35, 40, 45, 50, 55, 60, 65, 70, 75, 80, 85, 90, 95, 100]","[9, 7, 3, 4, 6, 8, 9, 5, 4, 7, 4, 3, 4, 4, 4, 8, 1034, 9, 16, 465]","[0.005579665220086794, 0.009919404835709857, 0.011779293242405457, 0.01425914445133292, 0.017978921264724116, 0.022938623682579044, 0.02851828890266584, 0.03161810291382517, 0.034097954122752634, 0.038437693738375696, 0.04091754494730316, 0.04277743335399876, 0.04525728456292622, 0.04773713577185369, 0.050216986980781156, 0.05517668939863608, 0.6962182269063856, 0.7017978921264724, 0.7117172969621822, 1.0]",4.0,2.0,2.0,2.0,2.0,14,7.30514,8.0,0.0,hrl_dqn_apf,hierarchical,dqn,-9.134,8.488,4.934,0.00,0.00,0.00,-12.223,9.692,-5.245,0.00,0.00,0.00,-6.611,10.029,-0.684,0.00,0.00,0.00,3.805,3.805,3.805
2026-02-04 17:04:48,136.45,31,396,427,7.26%,103.20,2.11%,"[0, 5, 10, 15, 20, 25, 30, 35, 40, 45, 50, 55, 60, 65, 70, 75, 80, 85, 90, 95, 100]","[9, 7, 3, 5, 5, 5, 13, 4, 3, 7, 5, 2, 5, 4, 4, 8, 1034, 8, 12, 470]","[0.005579665220086794, 0.009919404835709857, 0.011779293242405457, 0.014879107253564786, 0.017978921264724116, 0.021078735275883446, 0.029138251704897707, 0.03161810291382517, 0.03347799132052077, 0.03781773093614383, 0.04091754494730316, 0.04215747055176689, 0.04525728456292622, 0.04773713577185369, 0.050216986980781156, 0.05517668939863608, 0.6962182269063856, 0.7011779293242405, 0.7086174829510229, 1.0]",4.0,2.0,2.0,2.0,2.0,19,7.38503,8.0,6.0,hrl_dqn_apf,hierarchical,dqn,-8.373,8.485,4.934,0.00,0.00,0.00,-12.431,9.818,-5.592,0.00,0.00,0.00,-6.177,9.684,-0.325,0.00,0.00,0.00,3.802,3.802,3.802
2026-02-04 17:04:49,137.45,31,396,427,7.26%,103.29,2.11%,"[0, 5, 10, 15, 20, 25, 30, 35, 40, 45, 50, 55, 60, 65, 70, 75, 80, 85, 90, 95, 100]","[9, 8, 3, 5, 5, 4, 12, 4, 2, 9, 4, 4, 4, 4, 4, 7, 1030, 13, 11, 471]","[0.005579665220086794, 0.010539367637941723, 0.012399256044637322, 0.015499070055796652, 0.018598884066955982, 0.021078735275883446, 0.02851828890266584, 0.030998140111593304, 0.032238065716057036, 0.03781773093614383, 0.040297582145071294, 0.04277743335399876, 0.04525728456292622, 0.04773713577185369, 0.050216986980781156, 0.05455672659640422, 0.6931184128952262, 0.7011779293242405, 0.707997520148791, 1.0]",4.0,2.0,2.0,2.0,2.0,19,7.38503,8.0,6.0,hrl_dqn_apf,hierarchical,dqn,-7.650,8.482,4.934,0.00,0.00,0.00,-12.023,9.849,-5.709,0.00,0.00,0.00,-5.935,9.567,-0.209,0.00,0.00,0.00,3.799,3.799,3.799
2026-02-04 17:04:50,138.45,31,396,427,7.26%,103.39,2.11%,"[0, 5, 10, 15, 20, 25, 30, 35, 40, 45, 50, 55, 60, 65, 70, 75, 80, 85, 90, 95, 100]","[8, 7, 4, 6, 5, 4, 10, 7, 2, 10, 4, 3, 4, 4, 4, 7, 1028, 15, 11, 470]","[0.0049597024178549285, 0.009299442033477991, 0.011779293242405457, 0.015499070055796652, 0.018598884066955982, 0.021078735275883446, 0.02727836329820211, 0.03161810291382517, 0.0328580285182889, 0.03905765654060756, 0.041537507749535026, 0.04339739615623062, 0.04587724736515809, 0.04835709857408556, 0.05083694978301302, 0.05517668939863608, 0.6924984500929944, 0.7017978921264724, 0.7086174829510229, 1.0]",4.0,2.0,2.0,2.0,2.0,14,7.5451,8.0,0.0,hrl_dqn_apf,hierarchical,dqn,-6.890,8.479,4.935,0.00,0.00,0.00,-11.360,9.849,-5.749,0.00,0.00,0.00,-5.386,9.586,-0.172,0.00,0.00,0.00,3.796,3.796,3.796
2026-02-04 17:04:51,139.46,30,397,427,7.03%,103.61,2.05%,"[0, 5, 10, 15, 20, 25, 30, 35, 40, 45, 50, 55, 60, 65, 70, 75, 80, 85, 90, 95, 100]","[7, 8, 5, 3, 5, 5, 8, 10, 2, 9, 3, 5, 4, 2, 7, 6, 1025, 17, 7, 475]","[0.0043397396156230625, 0.009299442033477991, 0.012399256044637322, 0.01425914445133292, 0.01735895846249225, 0.02045877247365158, 0.02541847489150651, 0.03161810291382517, 0.0328580285182889, 0.038437693738375696, 0.040297582145071294, 0.04339739615623062, 0.04587724736515809, 0.047117172969621826, 0.05145691258524489, 0.05517668939863608, 0.6906385616862988, 0.7011779293242405, 0.7055176689398636, 1.0]",4.0,2.0,2.0,2.0,2.0,8,1.70554,8.0,-6.0,hrl_dqn_apf,hierarchical,dqn,-5.715,8.558,4.578,0.00,0.00,0.00,-9.871,9.844,-5.766,0.00,0.00,0.00,-3.939,9.586,-0.158,0.00,0.00,0.00,3.792,3.792,3.792
2026-02-04 17:04:52,140.46,30,397,427,7.03%,103.68,2.05%,"[0, 5, 10, 15, 20, 25, 30, 35, 40, 45, 50, 55, 60, 65, 70, 75, 80, 85, 90, 95, 100]","[6, 8, 7, 2, 6, 4, 9, 10, 1, 6, 8, 5, 4, 2, 7, 5, 1023, 17, 10, 473]","[0.0037197768133911966, 0.008679479231246125, 0.013019218846869188, 0.01425914445133292, 0.017978921264724116, 0.02045877247365158, 0.026038437693738377, 0.032238065716057036, 0.0328580285182889, 0.0365778053316801, 0.041537507749535026, 0.044637321760694355, 0.047117172969621826, 0.04835709857408556, 0.05269683818970862, 0.05579665220086795, 0.6900185988840669, 0.7005579665220086, 0.7067575945443273, 1.0]",4.0,2.0,2.0,2.0,2.0,8,1.70554,8.0,-6.0,hrl_dqn_apf,hierarchical,dqn,-5.579,8.564,3.942,0.00,0.00,0.00,-9.319,9.915,-5.557,0.00,0.00,0.00,-3.183,9.583,-0.157,0.00,0.00,0.00,3.790,3.790,3.790
2026-02-04 17:04:53,141.46,30,398,428,7.01%,103.72,2.05%,"[0, 5, 10, 15, 20, 25, 30, 35, 40, 45, 50, 55, 60, 65, 70, 75, 80, 85, 90, 95, 100]","[6, 9, 7, 1, 7, 3, 6, 13, 1, 5, 8, 6, 3, 3, 7, 5, 1023, 17, 9, 474]","[0.0037197768133911966, 0.009299442033477991, 0.013639181649101054, 0.01425914445133292, 0.018598884066955982, 0.02045877247365158, 0.02417854928704278, 0.032238065716057036, 0.0328580285182889, 0.03595784252944823, 0.04091754494730316, 0.044637321760694355, 0.04649721016738995, 0.04835709857408556, 0.05269683818970862, 0.05579665220086795, 0.6900185988840669, 0.7005579665220086, 0.7061376317420954, 1.0]",4.0,2.0,2.0,2.0,2.0,11,-10.13444,8.0,0.0,hrl_dqn_apf,hierarchical,dqn,-5.536,8.562,3.196,0.00,0.00,0.00,-9.125,9.931,-4.959,0.00,0.00,0.00,-2.403,9.581,-0.158,0.00,0.00,0.00,3.786,3.786,3.786
2026-02-04 17:04:54,142.46,30,398,428,7.01%,103.80,2.05%,"[0, 5, 10, 15, 20, 25, 30, 35, 40, 45, 50, 55, 60, 65, 70, 75, 80, 85, 90, 95, 100]","[5, 8, 8, 2, 7, 3, 5, 13, 2, 3, 9, 7, 4, 3, 6, 5, 1023, 14, 13, 473]","[0.0030998140111593306, 0.008059516429014259, 0.013019218846869188, 0.01425914445133292, 0.018598884066955982, 0.02045877247365158, 0.023558586484810913, 0.03161810291382517, 0.0328580285182889, 0.0347179169249845, 0.040297582145071294, 0.044637321760694355, 0.047117172969621826, 0.048977061376317424, 0.05269683818970862, 0.05579665220086795, 0.6900185988840669, 0.698698078115313, 0.7067575945443273, 1.0]",4.0,2.0,2.0,2.0,2.0,15,-15.97418,8.0,6.0,hrl_dqn_apf,hierarchical,dqn,-5.563,8.588,2.542,0.00,0.00,0.00,-9.068,9.936,-4.454,0.00,0.00,0.00,-1.655,9.629,-0.192,0.00,0.00,0.00,3.784,3.784,3.784
2026-02-04 17:04:55,143.47,30,394,424,7.08%,103.99,2.05%,"[0, 5, 10, 15, 20, 25, 30, 35, 40, 45, 50, 55, 60, 65, 70, 75, 80, 85, 90, 95, 100]","[6, 7, 8, 3, 6, 3, 7, 9, 6, 3, 8, 7, 4, 2, 7, 6, 1016, 17, 16, 472]","[0.0037197768133911966, 0.008059516429014259, 0.013019218846869188, 0.014879107253564786, 0.018598884066955982, 0.02045877247365158, 0.024798512089274645, 0.03037817730936144, 0.034097954122752634, 0.03595784252944823, 0.04091754494730316, 0.04525728456292622, 0.04773713577185369, 0.048977061376317424, 0.053316800991940486, 0.05703657780533168, 0.6869187848729076, 0.6974581525108493, 0.7073775573465592, 1.0]",4.0,2.0,2.0,2.0,2.0,15,-15.97418,8.0,6.0,hrl_dqn_apf,hierarchical,dqn,-6.087,8.661,2.332,0.00,0.00,0.00,-9.044,9.946,-3.222,0.00,0.00,0.00,-1.052,9.856,-0.760,0.00,0.00,0.00,3.780,3.780,3.780
2026-02-04 17:04:56,144.47,29,395,424,6.84%,104.10,2.05%,"[0, 5, 10, 15, 20, 25, 30, 35, 40, 45, 50, 55, 60, 65, 70, 75, 80, 85, 90, 95, 100]","[7, 6, 9, 3, 5, 3, 7, 8, 7, 2, 9, 6, 6, 2, 6, 7, 1015, 16, 16, 473]","[0.0043397396156230625, 0.008059516429014259, 0.013639181649101054, 0.015499070055796652, 0.018598884066955982, 0.02045877247365158, 0.024798512089274645, 0.029758214507129573, 0.034097954122752634, 0.035337879727216366, 0.04091754494730316, 0.044637321760694355, 0.04835709857408556, 0.04959702417854929, 0.053316800991940486, 0.05765654060756355, 0.6869187848729076, 0.6968381897086174, 0.7067575945443273, 1.0]",4.0,2.0,2.0,2.0,2.0,12,-3.8136,8.0,0.0,hrl_dqn_apf,hierarchical,dqn,-6.160,8.669,1.738,0.00,0.00,0.00,-9.042,9.943,-2.479,0.00,0.00,0.00,-1.582,9.870,-0.842,0.00,0.00,0.00,3.777,3.777,3.777
2026-02-04 17:04:57,145.47,28,394,422,6.64%,104.20,1.98%,"[0, 5, 10, 15, 20, 25, 30, 35, 40, 45, 50, 55, 60, 65, 70, 75, 80, 85, 90, 95, 100]","[7, 6, 8, 4, 5, 2, 7, 8, 8, 2, 6, 8, 7, 2, 6, 7, 1014, 12, 18, 476]","[0.0043397396156230625, 0.008059516429014259, 0.013019218846869188, 0.015499070055796652, 0.018598884066955982, 0.019838809671419714, 0.02417854928704278, 0.029138251704897707, 0.034097954122752634, 0.035337879727216366, 0.03905765654060756, 0.04401735895846249, 0.04835709857408556, 0.04959702417854929, 0.053316800991940486, 0.05765654060756355, 0.6862988220706757, 0.6937383756974581, 0.7048977061376317, 1.0]",4.0,2.0,2.0,2.0,2.0,20,-15.65408,8.0,12.0,hrl_dqn_apf,hierarchical,dqn,-6.048,8.727,1.153,0.00,0.00,0.00,-9.041,9.940,-1.721,0.00,0.00,0.00,-2.281,9.867,-0.868,0.00,0.00,0.00,3.775,3.775,3.775
2026-02-04 17:04:58,146.48,28,396,424,6.60%,104.30,1.98%,"[0, 5, 10, 15, 20, 25, 30, 35, 40, 45, 50, 55, 60, 65, 70, 75, 80, 85, 90, 95, 100]","[6, 5, 9, 5, 3, 4, 7, 7, 10, 2, 6, 8, 8, 1, 7, 7, 1013, 13, 18, 474]","[0.0037197768133911966, 0.006819590824550527, 0.012399256044637322, 0.015499070055796652, 0.01735895846249225, 0.019838809671419714, 0.02417854928704278, 0.02851828890266584, 0.0347179169249845, 0.03595784252944823, 0.03967761934283943, 0.044637321760694355, 0.04959702417854929, 0.050216986980781156, 0.05455672659640422, 0.05889646621202728, 0.6869187848729076, 0.6949783013019218, 0.7061376317420954, 1.0]",4.0,2.0,2.0,2.0,2.0,20,-15.65408,8.0,12.0,hrl_dqn_apf,hierarchical,dqn,-5.577,8.710,0.980,0.00,0.00,0.00,-9.074,10.049,-1.036,0.00,0.00,0.00,-2.933,9.976,-0.898,0.00,0.00,0.00,3.771,3.771,3.771
2026-02-04 17:04:59,147.48,31,393,424,7.31%,104.48,2.17%,"[0, 5, 10, 15, 20, 25, 30, 35, 40, 45, 50, 55, 60, 65, 70, 75, 80, 85, 90, 95, 100]","[8, 5, 8, 6, 4, 4, 5, 7, 9, 3, 2, 9, 9, 2, 6, 8, 1015, 11, 14, 478]","[0.0049597024178549285, 0.008059516429014259, 0.013019218846869188, 0.016738995660260384, 0.019218846869187848, 0.02169869807811531, 0.024798512089274645, 0.029138251704897707, 0.0347179169249845, 0.0365778053316801, 0.03781773093614383, 0.04339739615623062, 0.048977061376317424, 0.050216986980781156, 0.05393676379417235, 0.05889646621202728, 0.6881587104773713, 0.6949783013019218, 0.703657780533168, 1.0]",4.0,2.0,2.0,2.0,2.0,23,2.50707,8.0,12.0,hrl_dqn_apf,hierarchical,dqn,-5.403,8.371,1.988,0.00,0.00,0.00,-9.927,10.384,-1.317,0.00,0.00,0.00,-2.391,10.338,-1.470,0.00,0.00,0.00,3.768,3.768,3.768
2026-02-04 17:05:00,148.48,30,394,424,7.08%,104.68,2.11%,"[0, 5, 10, 15, 20, 25, 30, 35, 40, 45, 50, 55, 60, 65, 70, 75, 80, 85, 90, 95, 100]","[8, 4, 8, 6, 4, 4, 6, 7, 5, 7, 2, 8, 9, 3, 5, 7, 1015, 9, 16, 480]","[0.0049597024178549285, 0.007439553626782393, 0.012399256044637322, 0.016119032858028518, 0.018598884066955982, 0.021078735275883446, 0.024798512089274645, 0.029138251704897707, 0.032238065716057036, 0.0365778053316801, 0.03781773093614383, 0.04277743335399876, 0.04835709857408556, 0.050216986980781156, 0.053316800991940486, 0.05765654060756355, 0.6869187848729076, 0.6924984500929944, 0.7024178549287042, 1.0]",4.0,2.0,2.0,2.0,2.0,19,8.66777,8.0,6.0,hrl_dqn_apf,hierarchical,dqn,-5.691,8.209,2.628,0.00,0.00,0.00,-10.379,10.040,-1.582,0.00,0.00,0.00,-1.830,10.503,-1.918,0.00,0.00,0.00,3.765,3.765,3.765
2026-02-04 17:05:01,149.49,30,398,428,7.01%,104.82,2.11%,"[0, 5, 10, 15, 20, 25, 30, 35, 40, 45, 50, 55, 60, 65, 70, 75, 80, 85, 90, 95, 100]","[6, 5, 8, 7, 4, 4, 4, 8, 6, 7, 1, 9, 8, 3, 6, 7, 1013, 9, 17, 481]","[0.0037197768133911966, 0.006819590824550527, 0.011779293242405457, 0.016119032858028518, 0.018598884066955982, 0.021078735275883446, 0.023558586484810913, 0.02851828890266584, 0.032238065716057036, 0.0365778053316801, 0.037197768133911964, 0.04277743335399876, 0.04773713577185369, 0.04959702417854929, 0.053316800991940486, 0.05765654060756355, 0.6856788592684439, 0.6912585244885306, 0.7017978921264724, 1.0]",4.0,2.0,2.0,2.0,2.0,19,8.66777,8.0,6.0,hrl_dqn_apf,hierarchical,dqn,-5.928,8.255,3.115,0.00,0.00,0.00,-10.538,9.630,-1.676,0.00,0.00,0.00,-1.346,10.309,-2.360,0.00,0.00,0.00,3.762,3.762,3.762
2026-02-04 17:05:02,150.49,31,396,427,7.26%,104.92,2.17%,"[0, 5, 10, 15, 20, 25, 30, 35, 40, 45, 50, 55, 60, 65, 70, 75, 80, 85, 90, 95, 100]","[4, 7, 8, 6, 6, 4, 3, 9, 6, 8, 1, 7, 8, 5, 6, 6, 1014, 7, 13, 485]","[0.0024798512089274642, 0.006819590824550527, 0.011779293242405457, 0.015499070055796652, 0.019218846869187848, 0.02169869807811531, 0.023558586484810913, 0.029138251704897707, 0.0328580285182889, 0.03781773093614383, 0.038437693738375696, 0.04277743335399876, 0.04773713577185369, 0.05083694978301302, 0.05455672659640422, 0.05827650340979541, 0.6869187848729076, 0.6912585244885306, 0.6993180409175449, 1.0]",4.0,2.0,2.0,2.0,2.0,6,-9.1722,8.0,-6.0,hrl_dqn_apf,hierarchical,dqn,-5.528,8.305,3.299,0.00,0.00,0.00,-10.587,9.412,-1.758,0.00,0.00,0.00,-1.152,9.894,-2.541,0.00,0.00,0.00,3.759,3.759,3.759
2026-02-04 17:05:03,151.49,32,395,427,7.49%,105.19,2.23%,"[0, 5, 10, 15, 20, 25, 30, 35, 40, 45, 50, 55, 60, 65, 70, 75, 80, 85, 90, 95, 100]","[8, 5, 6, 6, 8, 3, 5, 6, 4, 11, 1, 3, 9, 7, 6, 7, 1004, 16, 13, 485]","[0.0049597024178549285, 0.008059516429014259, 0.011779293242405457, 0.015499070055796652, 0.02045877247365158, 0.022318660880347178, 0.02541847489150651, 0.029138251704897707, 0.03161810291382517, 0.038437693738375696, 0.03905765654060756, 0.04091754494730316, 0.04649721016738995, 0.05083694978301302, 0.05455672659640422, 0.05889646621202728, 0.6813391196528208, 0.6912585244885306, 0.6993180409175449, 1.0]",4.0,2.0,2.0,2.0,2.0,4,8.98813,8.0,-12.0,hrl_dqn_apf,hierarchical,dqn,-4.134,8.306,3.372,0.00,0.00,0.00,-10.604,9.451,-2.893,0.00,0.00,0.00,-0.715,9.610,-2.611,0.00,0.00,0.00,3.756,3.756,3.756
2026-02-04 17:05:04,152.49,32,401,433,7.39%,105.30,2.23%,"[0, 5, 10, 15, 20, 25, 30, 35, 40, 45, 50, 55, 60, 65, 70, 75, 80, 85, 90, 95, 100]","[9, 4, 6, 6, 8, 3, 5, 5, 5, 10, 2, 2, 10, 7, 6, 6, 1005, 16, 12, 486]","[0.005579665220086794, 0.008059516429014259, 0.011779293242405457, 0.015499070055796652, 0.02045877247365158, 0.022318660880347178, 0.02541847489150651, 0.02851828890266584, 0.03161810291382517, 0.03781773093614383, 0.03905765654060756, 0.040297582145071294, 0.04649721016738995, 0.05083694978301302, 0.05455672659640422, 0.05827650340979541, 0.6813391196528208, 0.6912585244885306, 0.698698078115313, 1.0]",4.0,2.0,2.0,2.0,2.0,4,8.98813,8.0,-12.0,hrl_dqn_apf,hierarchical,dqn,-3.382,8.304,3.377,0.00,0.00,0.00,-10.606,9.451,-3.629,0.00,0.00,0.00,-0.073,9.618,-2.616,0.00,0.00,0.00,3.753,3.753,3.753
2026-02-04 17:05:05,153.50,31,396,427,7.26%,105.39,2.17%,"[0, 5, 10, 15, 20, 25, 30, 35, 40, 45, 50, 55, 60, 65, 70, 75, 80, 85, 90, 95, 100]","[9, 5, 6, 4, 8, 3, 7, 5, 5, 7, 5, 2, 10, 7, 7, 5, 1003, 17, 12, 486]","[0.005579665220086794, 0.008679479231246125, 0.012399256044637322, 0.014879107253564786, 0.019838809671419714, 0.02169869807811531, 0.026038437693738377, 0.029138251704897707, 0.032238065716057036, 0.0365778053316801, 0.03967761934283943, 0.04091754494730316, 0.047117172969621826, 0.05145691258524489, 0.05579665220086795, 0.05889646621202728, 0.6807191568505889, 0.6912585244885306, 0.698698078115313, 1.0]",4.0,2.0,2.0,2.0,2.0,21,-8.85133,8.0,12.0,hrl_dqn_apf,hierarchical,dqn,-2.758,8.364,3.515,0.00,0.00,0.00,-10.607,9.448,-4.383,0.00,0.00,0.00,0.536,9.675,-2.739,0.00,0.00,0.00,3.750,3.750,3.750
2026-02-04 17:05:06,154.50,32,395,427,7.49%,105.58,2.23%,"[0, 5, 10, 15, 20, 25, 30, 35, 40, 45, 50, 55, 60, 65, 70, 75, 80, 85, 90, 95, 100]","[7, 6, 6, 5, 7, 5, 5, 4, 6, 8, 7, 1, 9, 5, 9, 6, 997, 22, 8, 490]","[0.0043397396156230625, 0.008059516429014259, 0.011779293242405457, 0.014879107253564786, 0.019218846869187848, 0.022318660880347178, 0.02541847489150651, 0.027898326100433975, 0.03161810291382517, 0.0365778053316801, 0.04091754494730316, 0.041537507749535026, 0.047117172969621826, 0.050216986980781156, 0.05579665220086795, 0.059516429014259145, 0.6776193428394296, 0.6912585244885306, 0.6962182269063856, 1.0]",4.0,2.0,2.0,2.0,2.0,23,3.22839,8.0,12.0,hrl_dqn_apf,hierarchical,dqn,-2.451,8.390,4.705,0.00,0.00,0.00,-10.608,9.619,-4.950,0.00,0.00,0.00,0.847,9.704,-3.913,0.00,0.00,0.00,3.747,3.747,3.747
2026-02-04 17:05:07,155.50,33,395,428,7.71%,105.67,2.29%,"[0, 5, 10, 15, 20, 25, 30, 35, 40, 45, 50, 55, 60, 65, 70, 75, 80, 85, 90, 95, 100]","[6, 6, 7, 5, 7, 6, 4, 5, 6, 7, 7, 1, 7, 8, 9, 6, 997, 18, 12, 489]","[0.0037197768133911966, 0.007439553626782393, 0.011779293242405457, 0.014879107253564786, 0.019218846869187848, 0.022938623682579044, 0.02541847489150651, 0.02851828890266584, 0.032238065716057036, 0.0365778053316801, 0.04091754494730316, 0.041537507749535026, 0.04587724736515809, 0.05083694978301302, 0.056416615003099815, 0.06013639181649101, 0.6782393056416615, 0.689398636081835, 0.6968381897086174, 1.0]",4.0,2.0,2.0,2.0,2.0,23,3.22839,8.0,12.0,hrl_dqn_apf,hierarchical,dqn,-2.427,8.387,5.449,0.00,0.00,0.00,-10.608,9.629,-4.393,0.00,0.00,0.00,0.871,9.701,-4.657,0.00,0.00,0.00,3.744,3.744,3.744
2026-02-04 17:05:08,156.51,32,392,424,7.55%,105.77,2.23%,"[0, 5, 10, 15, 20, 25, 30, 35, 40, 45, 50, 55, 60, 65, 70, 75, 80, 85, 90, 95, 100]","[6, 5, 7, 4, 7, 7, 4, 6, 5, 5, 10, 2, 7, 6, 11, 5, 998, 13, 16, 489]","[0.0037197768133911966, 0.006819590824550527, 0.011159330440173589, 0.013639181649101054, 0.017978921264724116, 0.022318660880347178, 0.024798512089274645, 0.02851828890266584, 0.03161810291382517, 0.0347179169249845, 0.04091754494730316, 0.04215747055176689, 0.04649721016738995, 0.050216986980781156, 0.05703657780533168, 0.06013639181649101, 0.6788592684438933, 0.6869187848729076, 0.6968381897086174, 1.0]",4.0,2.0,2.0,2.0,2.0,19,9.38871,8.0,6.0,hrl_dqn_apf,hierarchical,dqn,-2.419,8.384,6.205,0.00,0.00,0.00,-10.607,9.627,-3.689,0.00,0.00,0.00,0.878,9.846,-4.971,0.00,0.00,0.00,3.741,3.741,3.741
2026-02-04 17:05:09,157.51,33,391,424,7.78%,105.86,2.29%,"[0, 5, 10, 15, 20, 25, 30, 35, 40, 45, 50, 55, 60, 65, 70, 75, 80, 85, 90, 95, 100]","[5, 7, 7, 4, 7, 7, 4, 7, 4, 6, 9, 2, 6, 6, 12, 5, 995, 14, 18, 488]","[0.0030998140111593306, 0.007439553626782393, 0.011779293242405457, 0.01425914445133292, 0.018598884066955982, 0.022938623682579044, 0.02541847489150651, 0.029758214507129573, 0.032238065716057036, 0.03595784252944823, 0.041537507749535026, 0.04277743335399876, 0.04649721016738995, 0.050216986980781156, 0.05765654060756355, 0.06075635461872288, 0.6776193428394296, 0.6862988220706757, 0.6974581525108493, 1.0]",4.0,2.0,2.0,2.0,2.0,11,-8.45084,8.0,0.0,hrl_dqn_apf,hierarchical,dqn,-2.417,8.507,6.695,0.00,0.00,0.00,-10.607,9.624,-2.942,0.00,0.00,0.00,0.880,9.879,-4.566,0.00,0.00,0.00,3.738,3.738,3.738
2026-02-04 17:05:10,158.52,33,391,424,7.78%,106.21,2.29%,"[0, 5, 10, 15, 20, 25, 30, 35, 40, 45, 50, 55, 60, 65, 70, 75, 80, 85, 90, 95, 100]","[7, 4, 8, 3, 8, 7, 4, 6, 4, 6, 6, 6, 6, 5, 11, 6, 991, 13, 20, 492]","[0.0043397396156230625, 0.006819590824550527, 0.011779293242405457, 0.013639181649101054, 0.018598884066955982, 0.022938623682579044, 0.02541847489150651, 0.029138251704897707, 0.03161810291382517, 0.035337879727216366, 0.03905765654060756, 0.04277743335399876, 0.04649721016738995, 0.04959702417854929, 0.056416615003099815, 0.06013639181649101, 0.6745195288282703, 0.6825790452572845, 0.6949783013019218, 1.0]",4.0,2.0,2.0,2.0,2.0,11,-8.45084,8.0,0.0,hrl_dqn_apf,hierarchical,dqn,-2.416,8.564,5.790,0.00,0.00,0.00,-10.600,9.626,-1.458,0.00,0.00,0.00,0.882,9.877,-3.199,0.00,0.00,0.00,3.735,3.735,3.735
2026-02-04 17:05:11,159.52,33,389,422,7.82%,106.35,2.29%,"[0, 5, 10, 15, 20, 25, 30, 35, 40, 45, 50, 55, 60, 65, 70, 75, 80, 85, 90, 95, 100]","[7, 3, 7, 6, 7, 7, 5, 6, 2, 7, 6, 7, 4, 6, 9, 8, 991, 10, 23, 492]","[0.0043397396156230625, 0.006199628022318661, 0.010539367637941723, 0.01425914445133292, 0.018598884066955982, 0.022938623682579044, 0.026038437693738377, 0.029758214507129573, 0.030998140111593304, 0.035337879727216366, 0.03905765654060756, 0.04339739615623062, 0.04587724736515809, 0.04959702417854929, 0.05517668939863608, 0.06013639181649101, 0.6745195288282703, 0.6807191568505889, 0.6949783013019218, 1.0]",4.0,2.0,2.0,2.0,2.0,13,3.70903,8.0,0.0,hrl_dqn_apf,hierarchical,dqn,-2.416,8.562,5.112,0.00,0.00,0.00,-10.309,9.697,-1.029,0.00,0.00,0.00,0.882,9.874,-2.492,0.00,0.00,0.00,3.732,3.732,3.732
2026-02-04 17:05:12,160.53,31,393,424,7.31%,106.48,2.17%,"[0, 5, 10, 15, 20, 25, 30, 35, 40, 45, 50, 55, 60, 65, 70, 75, 80, 85, 90, 95, 100]","[8, 2, 6, 6, 7, 6, 7, 6, 2, 7, 6, 8, 4, 3, 12, 8, 990, 11, 23, 491]","[0.0049597024178549285, 0.006199628022318661, 0.009919404835709857, 0.013639181649101054, 0.017978921264724116, 0.02169869807811531, 0.026038437693738377, 0.029758214507129573, 0.030998140111593304, 0.035337879727216366, 0.03905765654060756, 0.04401735895846249, 0.04649721016738995, 0.04835709857408556, 0.05579665220086795, 0.06075635461872288, 0.6745195288282703, 0.6813391196528208, 0.6955982641041537, 1.0]",4.0,2.0,2.0,2.0,2.0,13,3.70903,8.0,0.0,hrl_dqn_apf,hierarchical,dqn,-2.640,8.632,4.606,0.00,0.00,0.00,-9.713,9.706,-0.877,0.00,0.00,0.00,0.883,9.871,-1.757,0.00,0.00,0.00,3.729,3.729,3.729
2026-02-04 17:05:13,161.53,31,393,424,7.31%,106.64,2.17%,"[0, 5, 10, 15, 20, 25, 30, 35, 40, 45, 50, 55, 60, 65, 70, 75, 80, 85, 90, 95, 100]","[8, 3, 4, 6, 7, 7, 6, 6, 3, 6, 5, 10, 4, 2, 11, 10, 989, 12, 16, 498]","[0.0049597024178549285, 0.006819590824550527, 0.009299442033477991, 0.013019218846869188, 0.01735895846249225, 0.02169869807811531, 0.02541847489150651, 0.029138251704897707, 0.030998140111593304, 0.0347179169249845, 0.03781773093614383, 0.04401735895846249, 0.04649721016738995, 0.04773713577185369, 0.05455672659640422, 0.06075635461872288, 0.6738995660260384, 0.6813391196528208, 0.6912585244885306, 1.0]",4.0,2.0,2.0,2.0,2.0,12,-2.13073,8.0,0.0,hrl_dqn_apf,hierarchical,dqn,-3.255,8.647,4.422,0.00,0.00,0.00,-8.964,9.704,-0.827,0.00,0.00,0.00,0.764,9.928,-1.084,0.00,0.00,0.00,3.726,3.726,3.726
2026-02-04 17:05:14,162.53,31,397,428,7.24%,106.84,2.17%,"[0, 5, 10, 15, 20, 25, 30, 35, 40, 45, 50, 55, 60, 65, 70, 75, 80, 85, 90, 95, 100]","[9, 3, 5, 5, 7, 6, 8, 6, 4, 4, 5, 9, 6, 1, 11, 10, 985, 9, 19, 501]","[0.005579665220086794, 0.007439553626782393, 0.010539367637941723, 0.013639181649101054, 0.017978921264724116, 0.02169869807811531, 0.026658400495970243, 0.03037817730936144, 0.0328580285182889, 0.035337879727216366, 0.038437693738375696, 0.04401735895846249, 0.04773713577185369, 0.04835709857408556, 0.05517668939863608, 0.06137631742095474, 0.6720396776193428, 0.6776193428394296, 0.689398636081835, 1.0]",4.0,2.0,2.0,2.0,2.0,20,-13.97322,8.0,12.0,hrl_dqn_apf,hierarchical,dqn,-4.714,8.642,4.352,0.00,0.00,0.00,-7.460,9.698,-0.808,0.00,0.00,0.00,-0.449,9.957,-0.760,0.00,0.00,0.00,3.723,3.723,3.723
2026-02-04 17:05:15,163.54,31,397,428,7.24%,106.97,2.17%,"[0, 5, 10, 15, 20, 25, 30, 35, 40, 45, 50, 55, 60, 65, 70, 75, 80, 85, 90, 95, 100]","[9, 5, 4, 6, 6, 5, 9, 6, 4, 5, 4, 6, 9, 0, 10, 10, 985, 9, 14, 507]","[0.005579665220086794, 0.008679479231246125, 0.011159330440173589, 0.014879107253564786, 0.018598884066955982, 0.02169869807811531, 0.02727836329820211, 0.030998140111593304, 0.03347799132052077, 0.0365778053316801, 0.03905765654060756, 0.04277743335399876, 0.04835709857408556, 0.04835709857408556, 0.05455672659640422, 0.06075635461872288, 0.6714197148171109, 0.6769993800371977, 0.6856788592684439, 1.0]",4.0,2.0,2.0,2.0,2.0,20,-13.97322,8.0,12.0,hrl_dqn_apf,hierarchical,dqn,-5.468,8.639,4.346,0.00,0.00,0.00,-6.703,9.695,-0.807,0.00,0.00,0.00,-1.188,9.954,-0.735,0.00,0.00,0.00,3.720,3.720,3.720
2026-02-04 17:05:16,164.54,32,395,427,7.49%,107.08,2.23%,"[0, 5, 10, 15, 20, 25, 30, 35, 40, 45, 50, 55, 60, 65, 70, 75, 80, 85, 90, 95, 100]","[11, 6, 2, 4, 7, 6, 10, 6, 3, 4, 5, 5, 10, 0, 10, 9, 982, 13, 11, 509]","[0.006819590824550527, 0.010539367637941723, 0.011779293242405457, 0.01425914445133292, 0.018598884066955982, 0.022318660880347178, 0.02851828890266584, 0.032238065716057036, 0.034097954122752634, 0.0365778053316801, 0.03967761934283943, 0.04277743335399876, 0.048977061376317424, 0.048977061376317424, 0.05517668939863608, 0.06075635461872288, 0.6695598264104153, 0.6776193428394296, 0.6844389336639801, 1.0]",4.0,2.0,2.0,2.0,2.0,14,10.19032,8.0,0.0,hrl_dqn_apf,hierarchical,dqn,-6.228,8.636,4.345,0.00,0.00,0.00,-5.943,9.692,-0.807,0.00,0.00,0.00,-1.943,9.951,-0.727,0.00,0.00,0.00,3.717,3.717,3.717
2026-02-04 17:05:17,165.54,33,394,427,7.73%,107.19,2.29%,"[0, 5, 10, 15, 20, 25, 30, 35, 40, 45, 50, 55, 60, 65, 70, 75, 80, 85, 90, 95, 100]","[13, 6, 2, 2, 8, 6, 7, 9, 3, 3, 5, 5, 12, 0, 7, 9, 981, 14, 12, 509]","[0.008059516429014259, 0.011779293242405457, 0.013019218846869188, 0.01425914445133292, 0.019218846869187848, 0.022938623682579044, 0.02727836329820211, 0.0328580285182889, 0.0347179169249845, 0.0365778053316801, 0.03967761934283943, 0.04277743335399876, 0.050216986980781156, 0.050216986980781156, 0.05455672659640422, 0.06013639181649101, 0.6683199008059516, 0.6769993800371977, 0.6844389336639801, 1.0]",4.0,2.0,2.0,2.0,2.0,10,-13.64891,8.0,0.0,hrl_dqn_apf,hierarchical,dqn,-6.991,8.633,4.344,0.00,0.00,0.00,-5.418,9.791,-0.810,0.00,0.00,0.00,-2.465,10.085,-0.722,0.00,0.00,0.00,3.714,3.714,3.714
2026-02-04 17:05:18,166.54,33,394,427,7.73%,107.48,2.29%,"[0, 5, 10, 15, 20, 25, 30, 35, 40, 45, 50, 55, 60, 65, 70, 75, 80, 85, 90, 95, 100]","[12, 7, 2, 2, 8, 6, 6, 11, 3, 4, 4, 3, 14, 0, 5, 9, 980, 13, 15, 509]","[0.007439553626782393, 0.011779293242405457, 0.013019218846869188, 0.01425914445133292, 0.019218846869187848, 0.022938623682579044, 0.026658400495970243, 0.03347799132052077, 0.035337879727216366, 0.03781773093614383, 0.040297582145071294, 0.04215747055176689, 0.05083694978301302, 0.05083694978301302, 0.05393676379417235, 0.059516429014259145, 0.6670799752014879, 0.6751394916305021, 0.6844389336639801, 1.0]",4.0,2.0,2.0,2.0,2.0,10,-13.64891,8.0,0.0,hrl_dqn_apf,hierarchical,dqn,-8.004,8.717,4.863,0.00,0.00,0.00,-6.310,9.782,-0.839,0.00,0.00,0.00,-1.569,10.223,-0.691,0.00,0.00,0.00,3.711,3.711,3.711
2026-02-04 17:05:19,167.54,33,394,427,7.73%,107.68,2.29%,"[0, 5, 10, 15, 20, 25, 30, 35, 40, 45, 50, 55, 60, 65, 70, 75, 80, 85, 90, 95, 100]","[10, 8, 3, 2, 7, 7, 6, 11, 2, 5, 4, 3, 13, 1, 5, 9, 976, 15, 10, 516]","[0.006199628022318661, 0.011159330440173589, 0.013019218846869188, 0.01425914445133292, 0.018598884066955982, 0.022938623682579044, 0.026658400495970243, 0.03347799132052077, 0.0347179169249845, 0.03781773093614383, 0.040297582145071294, 0.04215747055176689, 0.050216986980781156, 0.05083694978301302, 0.05393676379417235, 0.059516429014259145, 0.6646001239925604, 0.6738995660260384, 0.6800991940483571, 1.0]",4.0,2.0,2.0,2.0,2.0,20,-13.48837,8.0,12.0,hrl_dqn_apf,hierarchical,dqn,-8.102,8.719,5.537,0.00,0.00,0.00,-7.031,9.738,-0.862,0.00,0.00,0.00,-0.847,10.261,-0.669,0.00,0.00,0.00,3.708,3.708,3.708
2026-02-04 17:05:20,168.55,32,395,427,7.49%,107.81,2.23%,"[0, 5, 10, 15, 20, 25, 30, 35, 40, 45, 50, 55, 60, 65, 70, 75, 80, 85, 90, 95, 100]","[9, 8, 4, 2, 7, 6, 6, 11, 3, 4, 5, 3, 9, 5, 5, 8, 975, 17, 9, 517]","[0.005579665220086794, 0.010539367637941723, 0.013019218846869188, 0.01425914445133292, 0.018598884066955982, 0.022318660880347178, 0.026038437693738377, 0.0328580285182889, 0.0347179169249845, 0.037197768133911964, 0.040297582145071294, 0.04215747055176689, 0.04773713577185369, 0.05083694978301302, 0.05393676379417235, 0.05889646621202728, 0.6633601983880967, 0.6738995660260384, 0.6794792312461252, 1.0]",4.0,2.0,2.0,2.0,2.0,21,-7.32831,8.0,12.0,hrl_dqn_apf,hierarchical,dqn,-8.132,8.717,6.276,0.00,0.00,0.00,-7.783,9.698,-0.886,0.00,0.00,0.00,-0.095,10.295,-0.645,0.00,0.00,0.00,3.705,3.705,3.705
2026-02-04 17:05:21,169.55,30,398,428,7.01%,107.91,2.11%,"[0, 5, 10, 15, 20, 25, 30, 35, 40, 45, 50, 55, 60, 65, 70, 75, 80, 85, 90, 95, 100]","[11, 4, 6, 1, 6, 6, 8, 11, 3, 4, 4, 4, 8, 6, 5, 8, 975, 17, 10, 516]","[0.006819590824550527, 0.009299442033477991, 0.013019218846869188, 0.013639181649101054, 0.01735895846249225, 0.021078735275883446, 0.026038437693738377, 0.0328580285182889, 0.0347179169249845, 0.037197768133911964, 0.03967761934283943, 0.04215747055176689, 0.047117172969621826, 0.05083694978301302, 0.05393676379417235, 0.05889646621202728, 0.6633601983880967, 0.6738995660260384, 0.6800991940483571, 1.0]",4.0,2.0,2.0,2.0,2.0,21,-7.32831,8.0,12.0,hrl_dqn_apf,hierarchical,dqn,-8.142,8.714,7.027,0.00,0.00,0.00,-8.424,9.744,-0.792,0.00,0.00,0.00,0.556,10.056,-0.624,0.00,0.00,0.00,3.702,3.702,3.702
2026-02-04 17:05:22,170.56,30,394,424,7.08%,108.18,2.11%,"[0, 5, 10, 15, 20, 25, 30, 35, 40, 45, 50, 55, 60, 65, 70, 75, 80, 85, 90, 95, 100]","[10, 4, 8, 1, 4, 7, 7, 8, 7, 4, 4, 3, 9, 7, 5, 7, 971, 14, 17, 516]","[0.006199628022318661, 0.008679479231246125, 0.013639181649101054, 0.01425914445133292, 0.016738995660260384, 0.021078735275883446, 0.02541847489150651, 0.03037817730936144, 0.0347179169249845, 0.037197768133911964, 0.03967761934283943, 0.041537507749535026, 0.047117172969621826, 0.05145691258524489, 0.05455672659640422, 0.05889646621202728, 0.6608803471791692, 0.6695598264104153, 0.6800991940483571, 1.0]",4.0,2.0,2.0,2.0,2.0,3,4.83168,8.0,-12.0,hrl_dqn_apf,hierarchical,dqn,-8.661,8.816,8.030,0.00,0.00,0.00,-8.756,9.777,0.427,0.00,0.00,0.00,0.896,9.320,-0.624,0.00,0.00,0.00,3.699,3.699,3.699
2026-02-04 17:05:23,171.56,29,397,426,6.81%,108.28,2.05%,"[0, 5, 10, 15, 20, 25, 30, 35, 40, 45, 50, 55, 60, 65, 70, 75, 80, 85, 90, 95, 100]","[9, 4, 8, 2, 3, 7, 7, 8, 7, 4, 5, 3, 8, 8, 6, 6, 968, 18, 16, 516]","[0.005579665220086794, 0.008059516429014259, 0.013019218846869188, 0.01425914445133292, 0.016119032858028518, 0.02045877247365158, 0.024798512089274645, 0.029758214507129573, 0.034097954122752634, 0.0365778053316801, 0.03967761934283943, 0.041537507749535026, 0.04649721016738995, 0.05145691258524489, 0.05517668939863608, 0.05889646621202728, 0.6590204587724736, 0.6701797892126472, 0.6800991940483571, 1.0]",4.0,2.0,2.0,2.0,2.0,11,-7.00745,8.0,0.0,hrl_dqn_apf,hierarchical,dqn,-8.967,8.885,7.790,0.00,0.00,0.00,-8.779,9.774,1.118,0.00,0.00,0.00,0.917,9.369,-0.934,0.00,0.00,0.00,3.696,3.696,3.696
2026-02-04 17:05:24,172.56,30,394,424,7.08%,108.36,2.11%,"[0, 5, 10, 15, 20, 25, 30, 35, 40, 45, 50, 55, 60, 65, 70, 75, 80, 85, 90, 95, 100]","[9, 6, 7, 2, 4, 6, 9, 8, 7, 4, 4, 3, 8, 7, 6, 6, 968, 12, 17, 520]","[0.005579665220086794, 0.009299442033477991, 0.013639181649101054, 0.014879107253564786, 0.01735895846249225, 0.021078735275883446, 0.026658400495970243, 0.03161810291382517, 0.03595784252944823, 0.038437693738375696, 0.04091754494730316, 0.04277743335399876, 0.04773713577185369, 0.052076875387476754, 0.05579665220086795, 0.059516429014259145, 0.6596404215747055, 0.6670799752014879, 0.6776193428394296, 1.0]",4.0,2.0,2.0,2.0,2.0,11,-7.00745,8.0,0.0,hrl_dqn_apf,hierarchical,dqn,-9.081,8.893,7.176,0.00,0.00,0.00,-8.787,9.771,1.884,0.00,0.00,0.00,0.925,9.380,-1.570,0.00,0.00,0.00,3.693,3.693,3.693
2026-02-04 17:05:25,173.56,32,386,418,7.66%,108.44,2.23%,"[0, 5, 10, 15, 20, 25, 30, 35, 40, 45, 50, 55, 60, 65, 70, 75, 80, 85, 90, 95, 100]","[8, 8, 7, 3, 4, 6, 8, 7, 7, 4, 5, 3, 8, 3, 9, 6, 967, 11, 19, 520]","[0.0049597024178549285, 0.009919404835709857, 0.01425914445133292, 0.016119032858028518, 0.018598884066955982, 0.022318660880347178, 0.02727836329820211, 0.03161810291382517, 0.03595784252944823, 0.038437693738375696, 0.041537507749535026, 0.04339739615623062, 0.04835709857408556, 0.050216986980781156, 0.05579665220086795, 0.059516429014259145, 0.6590204587724736, 0.6658400495970241, 0.6776193428394296, 1.0]",4.0,2.0,2.0,2.0,2.0,9,11.14947,8.0,-6.0,hrl_dqn_apf,hierarchical,dqn,-9.115,8.891,6.458,0.00,0.00,0.00,-8.667,9.829,2.524,0.00,0.00,0.00,0.926,9.380,-2.294,0.00,0.00,0.00,3.690,3.690,3.690
2026-02-04 17:05:26,174.57,30,396,426,7.04%,108.63,2.11%,"[0, 5, 10, 15, 20, 25, 30, 35, 40, 45, 50, 55, 60, 65, 70, 75, 80, 85, 90, 95, 100]","[8, 8, 6, 5, 3, 4, 7, 10, 7, 5, 4, 3, 9, 2, 11, 6, 966, 11, 13, 525]","[0.0049597024178549285, 0.009919404835709857, 0.013639181649101054, 0.016738995660260384, 0.018598884066955982, 0.021078735275883446, 0.02541847489150651, 0.03161810291382517, 0.03595784252944823, 0.03905765654060756, 0.041537507749535026, 0.04339739615623062, 0.048977061376317424, 0.050216986980781156, 0.05703657780533168, 0.06075635461872288, 0.6596404215747055, 0.666460012399256, 0.6745195288282703, 1.0]",4.0,2.0,2.0,2.0,2.0,14,11.23289,8.0,0.0,hrl_dqn_apf,hierarchical,dqn,-9.192,8.912,5.990,0.00,0.00,0.00,-7.870,10.083,2.350,0.00,0.00,0.00,1.415,9.464,-3.322,0.00,0.00,0.00,3.687,3.687,3.687
2026-02-04 17:05:27,175.57,30,394,424,7.08%,108.74,2.11%,"[0, 5, 10, 15, 20, 25, 30, 35, 40, 45, 50, 55, 60, 65, 70, 75, 80, 85, 90, 95, 100]","[9, 8, 5, 6, 3, 3, 8, 10, 5, 7, 4, 2, 9, 2, 11, 6, 963, 14, 11, 527]","[0.005579665220086794, 0.010539367637941723, 0.013639181649101054, 0.01735895846249225, 0.019218846869187848, 0.021078735275883446, 0.026038437693738377, 0.032238065716057036, 0.035337879727216366, 0.03967761934283943, 0.04215747055176689, 0.04339739615623062, 0.048977061376317424, 0.050216986980781156, 0.05703657780533168, 0.06075635461872288, 0.6577805331680099, 0.666460012399256, 0.6732796032238065, 1.0]",4.0,2.0,2.0,2.0,2.0,14,11.23289,8.0,0.0,hrl_dqn_apf,hierarchical,dqn,-9.335,8.799,6.554,0.00,0.00,0.00,-7.652,10.203,1.720,0.00,0.00,0.00,2.083,9.467,-3.424,0.00,0.00,0.00,3.684,3.684,3.684
2026-02-04 17:05:28,176.58,30,396,426,7.04%,108.84,2.11%,"[0, 5, 10, 15, 20, 25, 30, 35, 40, 45, 50, 55, 60, 65, 70, 75, 80, 85, 90, 95, 100]","[8, 8, 6, 5, 4, 3, 8, 9, 6, 7, 5, 3, 9, 2, 11, 6, 961, 9, 18, 525]","[0.0049597024178549285, 0.009919404835709857, 0.013639181649101054, 0.016738995660260384, 0.019218846869187848, 0.021078735275883446, 0.026038437693738377, 0.03161810291382517, 0.035337879727216366, 0.03967761934283943, 0.04277743335399876, 0.044637321760694355, 0.050216986980781156, 0.05145691258524489, 0.05827650340979541, 0.06199628022318661, 0.6577805331680099, 0.6633601983880967, 0.6745195288282703, 1.0]",4.0,2.0,2.0,2.0,2.0,1,-6.60659,8.0,-12.0,hrl_dqn_apf,hierarchical,dqn,-9.549,8.680,7.233,0.00,0.00,0.00,-7.416,10.316,1.022,0.00,0.00,0.00,2.818,9.464,-3.456,0.00,0.00,0.00,3.681,3.681,3.681
2026-02-04 17:05:29,177.58,31,397,428,7.24%,108.94,2.17%,"[0, 5, 10, 15, 20, 25, 30, 35, 40, 45, 50, 55, 60, 65, 70, 75, 80, 85, 90, 95, 100]","[9, 7, 6, 6, 3, 4, 7, 10, 6, 7, 4, 3, 9, 2, 10, 7, 960, 10, 14, 529]","[0.005579665220086794, 0.009919404835709857, 0.013639181649101054, 0.01735895846249225, 0.019218846869187848, 0.02169869807811531, 0.026038437693738377, 0.032238065716057036, 0.03595784252944823, 0.040297582145071294, 0.04277743335399876, 0.044637321760694355, 0.050216986980781156, 0.05145691258524489, 0.05765654060756355, 0.06199628022318661, 0.657160570365778, 0.6633601983880967, 0.6720396776193428, 1.0]",4.0,2.0,2.0,2.0,2.0,5,-12.4466,8.0,-6.0,hrl_dqn_apf,hierarchical,dqn,-9.749,8.772,7.657,0.00,0.00,0.00,-7.198,10.098,0.416,0.00,0.00,0.00,3.563,9.461,-3.467,0.00,0.00,0.00,3.678,3.678,3.678
2026-02-04 17:05:30,178.58,33,394,427,7.73%,109.17,2.29%,"[0, 5, 10, 15, 20, 25, 30, 35, 40, 45, 50, 55, 60, 65, 70, 75, 80, 85, 90, 95, 100]","[7, 6, 9, 4, 7, 4, 7, 7, 8, 7, 4, 3, 10, 3, 6, 11, 954, 14, 13, 529]","[0.0043397396156230625, 0.008059516429014259, 0.013639181649101054, 0.016119032858028518, 0.02045877247365158, 0.022938623682579044, 0.02727836329820211, 0.03161810291382517, 0.0365778053316801, 0.04091754494730316, 0.04339739615623062, 0.04525728456292622, 0.05145691258524489, 0.053316800991940486, 0.05703657780533168, 0.0638561686298822, 0.6553006819590824, 0.6639801611903285, 0.6720396776193428, 1.0]",4.0,2.0,2.0,2.0,2.0,5,-12.4466,8.0,-6.0,hrl_dqn_apf,hierarchical,dqn,-9.853,8.829,6.678,0.00,0.00,0.00,-7.081,9.363,0.084,0.00,0.00,0.00,5.091,9.469,-3.462,0.00,0.00,0.00,3.675,3.675,3.675
2026-02-04 17:05:31,179.59,34,393,427,7.96%,109.30,2.36%,"[0, 5, 10, 15, 20, 25, 30, 35, 40, 45, 50, 55, 60, 65, 70, 75, 80, 85, 90, 95, 100]","[8, 6, 9, 4, 8, 3, 6, 9, 7, 7, 4, 3, 8, 3, 6, 12, 952, 16, 12, 530]","[0.0049597024178549285, 0.008679479231246125, 0.01425914445133292, 0.016738995660260384, 0.02169869807811531, 0.023558586484810913, 0.02727836329820211, 0.0328580285182889, 0.037197768133911964, 0.041537507749535026, 0.04401735895846249, 0.04587724736515809, 0.05083694978301302, 0.05269683818970862, 0.056416615003099815, 0.0638561686298822, 0.6540607563546187, 0.6639801611903285, 0.6714197148171109, 1.0]",4.0,2.0,2.0,2.0,2.0,24,11.7137,8.0,12.0,hrl_dqn_apf,hierarchical,dqn,-9.862,8.827,5.952,0.00,0.00,0.00,-7.073,9.408,-0.291,0.00,0.00,0.00,5.511,9.537,-3.115,0.00,0.00,0.00,3.672,3.672,3.672
2026-02-04 17:05:32,180.60,35,392,427,8.20%,109.44,2.42%,"[0, 5, 10, 15, 20, 25, 30, 35, 40, 45, 50, 55, 60, 65, 70, 75, 80, 85, 90, 95, 100]","[7, 7, 8, 4, 9, 4, 4, 10, 7, 5, 6, 3, 8, 3, 6, 12, 953, 15, 13, 529]","[0.0043397396156230625, 0.008679479231246125, 0.013639181649101054, 0.016119032858028518, 0.02169869807811531, 0.02417854928704278, 0.026658400495970243, 0.0328580285182889, 0.037197768133911964, 0.040297582145071294, 0.04401735895846249, 0.04587724736515809, 0.05083694978301302, 0.05269683818970862, 0.056416615003099815, 0.0638561686298822, 0.6546807191568506, 0.6639801611903285, 0.6720396776193428, 1.0]",4.0,2.0,2.0,2.0,2.0,24,11.7137,8.0,12.0,hrl_dqn_apf,hierarchical,dqn,-10.110,8.899,5.462,0.00,0.00,0.00,-7.071,9.416,-0.917,0.00,0.00,0.00,5.645,9.544,-2.497,0.00,0.00,0.00,3.669,3.669,3.669
2026-02-04 17:05:33,181.60,37,390,427,8.67%,109.58,2.54%,"[0, 5, 10, 15, 20, 25, 30, 35, 40, 45, 50, 55, 60, 65, 70, 75, 80, 85, 90, 95, 100]","[7, 8, 8, 5, 9, 4, 3, 10, 8, 4, 6, 2, 9, 3, 6, 12, 948, 15, 10, 536]","[0.0043397396156230625, 0.009299442033477991, 0.01425914445133292, 0.01735895846249225, 0.022938623682579044, 0.02541847489150651, 0.02727836329820211, 0.03347799132052077, 0.038437693738375696, 0.04091754494730316, 0.044637321760694355, 0.04587724736515809, 0.05145691258524489, 0.053316800991940486, 0.05703657780533168, 0.06447613143211407, 0.6522008679479231, 0.6615003099814011, 0.6676999380037197, 1.0]",4.0,2.0,2.0,2.0,2.0,15,-12.1257,8.0,6.0,hrl_dqn_apf,hierarchical,dqn,-10.703,8.912,5.291,0.00,0.00,0.00,-7.195,9.474,-1.516,0.00,0.00,0.00,5.688,9.542,-1.777,0.00,0.00,0.00,3.666,3.666,3.666
2026-02-04 17:05:34,182.60,37,391,428,8.64%,109.82,2.54%,"[0, 5, 10, 15, 20, 25, 30, 35, 40, 45, 50, 55, 60, 65, 70, 75, 80, 85, 90, 95, 100]","[7, 6, 9, 8, 6, 5, 5, 9, 9, 3, 6, 1, 10, 3, 6, 10, 948, 16, 11, 535]","[0.0043397396156230625, 0.008059516429014259, 0.013639181649101054, 0.018598884066955982, 0.022318660880347178, 0.02541847489150651, 0.02851828890266584, 0.034097954122752634, 0.03967761934283943, 0.041537507749535026, 0.04525728456292622, 0.04587724736515809, 0.052076875387476754, 0.05393676379417235, 0.05765654060756355, 0.0638561686298822, 0.6515809051456912, 0.6615003099814011, 0.6683199008059516, 1.0]",4.0,2.0,2.0,2.0,2.0,1,-5.96704,8.0,-12.0,hrl_dqn_apf,hierarchical,dqn,-12.149,8.927,5.238,0.00,0.00,0.00,-7.856,9.581,-1.519,0.00,0.00,0.00,5.708,9.560,-0.289,0.00,0.00,0.00,3.663,3.663,3.663
2026-02-04 17:05:35,183.60,37,389,426,8.69%,109.97,2.54%,"[0, 5, 10, 15, 20, 25, 30, 35, 40, 45, 50, 55, 60, 65, 70, 75, 80, 85, 90, 95, 100]","[8, 5, 8, 8, 6, 6, 5, 9, 9, 5, 5, 1, 9, 4, 6, 7, 951, 10, 16, 535]","[0.0049597024178549285, 0.008059516429014259, 0.013019218846869188, 0.017978921264724116, 0.02169869807811531, 0.02541847489150651, 0.02851828890266584, 0.034097954122752634, 0.03967761934283943, 0.04277743335399876, 0.04587724736515809, 0.04649721016738995, 0.052076875387476754, 0.05455672659640422, 0.05827650340979541, 0.06261624302541847, 0.6522008679479231, 0.6584004959702418, 0.6683199008059516, 1.0]",4.0,2.0,2.0,2.0,2.0,1,-5.96704,8.0,-12.0,hrl_dqn_apf,hierarchical,dqn,-12.543,8.991,5.604,0.00,0.00,0.00,-7.926,9.643,-1.538,0.00,0.00,0.00,5.709,9.701,-0.215,0.00,0.00,0.00,3.660,3.660,3.660
2026-02-04 17:05:36,184.61,39,383,422,9.24%,110.12,2.67%,"[0, 5, 10, 15, 20, 25, 30, 35, 40, 45, 50, 55, 60, 65, 70, 75, 80, 85, 90, 95, 100]","[9, 5, 9, 7, 6, 7, 5, 8, 7, 6, 5, 1, 9, 4, 6, 7, 951, 8, 17, 536]","[0.005579665220086794, 0.008679479231246125, 0.01425914445133292, 0.018598884066955982, 0.022318660880347178, 0.026658400495970243, 0.029758214507129573, 0.0347179169249845, 0.03905765654060756, 0.04277743335399876, 0.04587724736515809, 0.04649721016738995, 0.052076875387476754, 0.05455672659640422, 0.05827650340979541, 0.06261624302541847, 0.6522008679479231, 0.657160570365778, 0.6676999380037197, 1.0]",4.0,2.0,2.0,2.0,2.0,8,6.19455,8.0,-6.0,hrl_dqn_apf,hierarchical,dqn,-12.669,8.997,6.247,0.00,0.00,0.00,-7.946,9.700,-1.523,0.00,0.00,0.00,5.710,9.718,-0.717,0.00,0.00,0.00,3.657,3.657,3.657
2026-02-04 17:05:37,185.61,40,386,426,9.39%,110.27,2.73%,"[0, 5, 10, 15, 20, 25, 30, 35, 40, 45, 50, 55, 60, 65, 70, 75, 80, 85, 90, 95, 100]","[9, 5, 9, 7, 7, 7, 4, 6, 8, 7, 4, 2, 9, 3, 6, 8, 945, 14, 16, 537]","[0.005579665220086794, 0.008679479231246125, 0.01425914445133292, 0.018598884066955982, 0.022938623682579044, 0.02727836329820211, 0.029758214507129573, 0.03347799132052077, 0.038437693738375696, 0.04277743335399876, 0.04525728456292622, 0.04649721016738995, 0.052076875387476754, 0.05393676379417235, 0.05765654060756355, 0.06261624302541847, 0.6484810911345319, 0.657160570365778, 0.6670799752014879, 1.0]",4.0,2.0,2.0,2.0,2.0,22,0.35506,8.0,12.0,hrl_dqn_apf,hierarchical,dqn,-12.560,9.061,6.830,0.00,0.00,0.00,-7.952,9.757,-1.519,0.00,0.00,0.00,5.710,9.717,-1.406,0.00,0.00,0.00,3.654,3.654,3.654
2026-02-04 17:05:38,186.61,38,384,422,9.00%,110.57,2.67%,"[0, 5, 10, 15, 20, 25, 30, 35, 40, 45, 50, 55, 60, 65, 70, 75, 80, 85, 90, 95, 100]","[7, 5, 9, 8, 6, 8, 3, 7, 8, 7, 4, 3, 9, 3, 6, 8, 946, 9, 17, 540]","[0.0043397396156230625, 0.007439553626782393, 0.013019218846869188, 0.017978921264724116, 0.02169869807811531, 0.026658400495970243, 0.02851828890266584, 0.0328580285182889, 0.03781773093614383, 0.04215747055176689, 0.044637321760694355, 0.04649721016738995, 0.052076875387476754, 0.05393676379417235, 0.05765654060756355, 0.06261624302541847, 0.6491010539367638, 0.6546807191568506, 0.6652200867947923, 1.0]",4.0,2.0,2.0,2.0,2.0,22,0.35506,8.0,12.0,hrl_dqn_apf,hierarchical,dqn,-11.340,9.085,7.116,0.00,0.00,0.00,-7.955,9.830,-1.132,0.00,0.00,0.00,5.709,9.711,-2.893,0.00,0.00,0.00,3.651,3.651,3.651
2026-02-04 17:05:39,187.61,37,387,424,8.73%,110.68,2.60%,"[0, 5, 10, 15, 20, 25, 30, 35, 40, 45, 50, 55, 60, 65, 70, 75, 80, 85, 90, 95, 100]","[8, 5, 7, 6, 10, 6, 5, 7, 7, 8, 4, 3, 8, 4, 6, 8, 944, 10, 17, 540]","[0.0049597024178549285, 0.008059516429014259, 0.012399256044637322, 0.016119032858028518, 0.022318660880347178, 0.026038437693738377, 0.029138251704897707, 0.03347799132052077, 0.03781773093614383, 0.04277743335399876, 0.04525728456292622, 0.047117172969621826, 0.052076875387476754, 0.05455672659640422, 0.05827650340979541, 0.06323620582765034, 0.6484810911345319, 0.6546807191568506, 0.6652200867947923, 1.0]",4.0,2.0,2.0,2.0,2.0,22,0.51528,8.0,12.0,hrl_dqn_apf,hierarchical,dqn,-10.598,9.082,7.137,0.00,0.00,0.00,-7.955,9.832,-0.484,0.00,0.00,0.00,5.708,9.708,-3.652,0.00,0.00,0.00,3.648,3.648,3.648
2026-02-04 17:05:40,188.61,35,391,426,8.22%,110.82,2.48%,"[0, 5, 10, 15, 20, 25, 30, 35, 40, 45, 50, 55, 60, 65, 70, 75, 80, 85, 90, 95, 100]","[9, 4, 6, 6, 10, 5, 7, 7, 7, 8, 5, 3, 8, 3, 7, 8, 940, 14, 13, 543]","[0.005579665220086794, 0.008059516429014259, 0.011779293242405457, 0.015499070055796652, 0.02169869807811531, 0.024798512089274645, 0.029138251704897707, 0.03347799132052077, 0.03781773093614383, 0.04277743335399876, 0.04587724736515809, 0.04773713577185369, 0.05269683818970862, 0.05455672659640422, 0.05889646621202728, 0.0638561686298822, 0.6466212027278363, 0.6553006819590824, 0.6633601983880967, 1.0]",4.0,2.0,2.0,2.0,2.0,20,-11.32445,8.0,12.0,hrl_dqn_apf,hierarchical,dqn,-9.840,9.079,7.143,0.00,0.00,0.00,-7.955,9.829,0.248,0.00,0.00,0.00,5.479,9.781,-4.190,0.00,0.00,0.00,3.645,3.645,3.645
2026-02-04 17:05:41,189.62,35,389,424,8.25%,110.97,2.48%,"[0, 5, 10, 15, 20, 25, 30, 35, 40, 45, 50, 55, 60, 65, 70, 75, 80, 85, 90, 95, 100]","[10, 4, 5, 6, 10, 5, 7, 6, 6, 8, 7, 4, 8, 3, 7, 8, 940, 14, 9, 546]","[0.006199628022318661, 0.008679479231246125, 0.011779293242405457, 0.015499070055796652, 0.02169869807811531, 0.024798512089274645, 0.029138251704897707, 0.0328580285182889, 0.0365778053316801, 0.041537507749535026, 0.04587724736515809, 0.04835709857408556, 0.053316800991940486, 0.05517668939863608, 0.059516429014259145, 0.06447613143211407, 0.6472411655300682, 0.6559206447613143, 0.6615003099814011, 1.0]",4.0,2.0,2.0,2.0,2.0,20,-11.32445,8.0,12.0,hrl_dqn_apf,hierarchical,dqn,-9.066,9.076,7.145,0.00,0.00,0.00,-7.955,9.826,1.014,0.00,0.00,0.00,4.878,9.795,-4.374,0.00,0.00,0.00,3.642,3.642,3.642
2026-02-04 17:05:42,190.62,34,394,428,7.94%,111.26,2.42%,"[0, 5, 10, 15, 20, 25, 30, 35, 40, 45, 50, 55, 60, 65, 70, 75, 80, 85, 90, 95, 100]","[11, 5, 2, 7, 9, 5, 7, 7, 4, 9, 9, 2, 10, 3, 6, 9, 936, 12, 13, 547]","[0.006819590824550527, 0.009919404835709857, 0.011159330440173589, 0.015499070055796652, 0.021078735275883446, 0.02417854928704278, 0.02851828890266584, 0.0328580285182889, 0.035337879727216366, 0.04091754494730316, 0.04649721016738995, 0.04773713577185369, 0.05393676379417235, 0.05579665220086795, 0.059516429014259145, 0.06509609423434594, 0.6453812771233726, 0.652820830750155, 0.6608803471791692, 1.0]",4.0,2.0,2.0,2.0,2.0,5,-11.16383,8.0,-6.0,hrl_dqn_apf,hierarchical,dqn,-8.078,9.161,6.603,0.00,0.00,0.00,-7.965,9.834,2.520,0.00,0.00,0.00,3.917,9.882,-3.934,0.00,0.00,0.00,3.639,3.639,3.639
2026-02-04 17:05:43,191.62,33,394,427,7.73%,111.42,2.36%,"[0, 5, 10, 15, 20, 25, 30, 35, 40, 45, 50, 55, 60, 65, 70, 75, 80, 85, 90, 95, 100]","[11, 4, 3, 7, 8, 5, 8, 6, 4, 10, 9, 3, 10, 3, 6, 9, 936, 12, 9, 550]","[0.006819590824550527, 0.009299442033477991, 0.011159330440173589, 0.015499070055796652, 0.02045877247365158, 0.023558586484810913, 0.02851828890266584, 0.032238065716057036, 0.0347179169249845, 0.04091754494730316, 0.04649721016738995, 0.04835709857408556, 0.05455672659640422, 0.056416615003099815, 0.06013639181649101, 0.0657160570365778, 0.6460012399256044, 0.6534407935523868, 0.6590204587724736, 1.0]",4.0,2.0,2.0,2.0,2.0,10,-11.00454,8.0,0.0,hrl_dqn_apf,hierarchical,dqn,-7.984,9.160,5.923,0.00,0.00,0.00,-8.318,9.902,2.936,0.00,0.00,0.00,3.821,9.884,-3.264,0.00,0.00,0.00,3.636,3.636,3.636
2026-02-04 17:05:44,192.63,34,393,427,7.96%,111.53,2.42%,"[0, 5, 10, 15, 20, 25, 30, 35, 40, 45, 50, 55, 60, 65, 70, 75, 80, 85, 90, 95, 100]","[11, 4, 4, 5, 9, 6, 7, 6, 5, 8, 10, 3, 10, 3, 6, 9, 930, 17, 10, 550]","[0.006819590824550527, 0.009299442033477991, 0.011779293242405457, 0.014879107253564786, 0.02045877247365158, 0.02417854928704278, 0.02851828890266584, 0.032238065716057036, 0.035337879727216366, 0.040297582145071294, 0.04649721016738995, 0.04835709857408556, 0.05455672659640422, 0.056416615003099815, 0.06013639181649101, 0.0657160570365778, 0.6422814631122132, 0.652820830750155, 0.6590204587724736, 1.0]",4.0,2.0,2.0,2.0,2.0,10,-11.00454,8.0,0.0,hrl_dqn_apf,hierarchical,dqn,-7.963,9.238,5.710,0.00,0.00,0.00,-8.723,10.053,2.829,0.00,0.00,0.00,3.792,9.881,-2.529,0.00,0.00,0.00,3.633,3.633,3.633
2026-02-04 17:05:45,193.64,33,394,427,7.73%,111.69,2.36%,"[0, 5, 10, 15, 20, 25, 30, 35, 40, 45, 50, 55, 60, 65, 70, 75, 80, 85, 90, 95, 100]","[9, 6, 4, 3, 8, 8, 7, 7, 5, 7, 12, 3, 10, 2, 6, 10, 928, 16, 13, 549]","[0.005579665220086794, 0.009299442033477991, 0.011779293242405457, 0.013639181649101054, 0.018598884066955982, 0.023558586484810913, 0.027898326100433975, 0.032238065716057036, 0.035337879727216366, 0.03967761934283943, 0.047117172969621826, 0.048977061376317424, 0.05517668939863608, 0.056416615003099815, 0.06013639181649101, 0.06633601983880967, 0.6416615003099814, 0.6515809051456912, 0.6596404215747055, 1.0]",4.0,2.0,2.0,2.0,2.0,5,-10.9235,8.0,-6.0,hrl_dqn_apf,hierarchical,dqn,-7.929,9.166,6.150,0.00,0.00,0.00,-8.887,10.161,2.277,0.00,0.00,0.00,3.657,9.938,-1.900,0.00,0.00,0.00,3.630,3.630,3.630
2026-02-04 17:05:46,194.64,31,396,427,7.26%,111.94,2.23%,"[0, 5, 10, 15, 20, 25, 30, 35, 40, 45, 50, 55, 60, 65, 70, 75, 80, 85, 90, 95, 100]","[7, 7, 6, 1, 7, 8, 7, 9, 5, 5, 10, 6, 11, 2, 6, 10, 927, 15, 14, 550]","[0.0043397396156230625, 0.008679479231246125, 0.012399256044637322, 0.013019218846869188, 0.01735895846249225, 0.022318660880347178, 0.026658400495970243, 0.032238065716057036, 0.035337879727216366, 0.038437693738375696, 0.044637321760694355, 0.04835709857408556, 0.05517668939863608, 0.056416615003099815, 0.06013639181649101, 0.06633601983880967, 0.6410415375077495, 0.6503409795412275, 0.6590204587724736, 1.0]",4.0,2.0,2.0,2.0,2.0,24,13.2369,8.0,12.0,hrl_dqn_apf,hierarchical,dqn,-7.604,9.006,7.501,0.00,0.00,0.00,-9.245,10.263,0.873,0.00,0.00,0.00,2.431,9.965,-1.585,0.00,0.00,0.00,3.627,3.627,3.627
2026-02-04 17:05:47,195.64,31,396,427,7.26%,111.97,2.23%,"[0, 5, 10, 15, 20, 25, 30, 35, 40, 45, 50, 55, 60, 65, 70, 75, 80, 85, 90, 95, 100]","[6, 8, 5, 2, 7, 8, 6, 10, 5, 4, 11, 6, 9, 4, 6, 10, 923, 17, 12, 554]","[0.0037197768133911966, 0.008679479231246125, 0.011779293242405457, 0.013019218846869188, 0.01735895846249225, 0.022318660880347178, 0.026038437693738377, 0.032238065716057036, 0.035337879727216366, 0.03781773093614383, 0.044637321760694355, 0.04835709857408556, 0.05393676379417235, 0.056416615003099815, 0.06013639181649101, 0.06633601983880967, 0.638561686298822, 0.6491010539367638, 0.6565406075635462, 1.0]",4.0,2.0,2.0,2.0,2.0,24,13.2369,8.0,12.0,hrl_dqn_apf,hierarchical,dqn,-7.138,9.056,7.875,0.00,0.00,0.00,-9.354,9.874,0.456,0.00,0.00,0.00,1.691,9.962,-1.561,0.00,0.00,0.00,3.624,3.624,3.624
2026-02-04 17:05:48,196.65,31,397,428,7.24%,112.03,2.23%,"[0, 5, 10, 15, 20, 25, 30, 35, 40, 45, 50, 55, 60, 65, 70, 75, 80, 85, 90, 95, 100]","[7, 7, 5, 2, 7, 8, 6, 10, 5, 4, 11, 6, 10, 4, 7, 10, 923, 17, 12, 552]","[0.0043397396156230625, 0.008679479231246125, 0.011779293242405457, 0.013019218846869188, 0.01735895846249225, 0.022318660880347178, 0.026038437693738377, 0.032238065716057036, 0.035337879727216366, 0.03781773093614383, 0.044637321760694355, 0.04835709857408556, 0.05455672659640422, 0.05703657780533168, 0.06137631742095474, 0.0675759454432734, 0.6398016119032858, 0.6503409795412275, 0.6577805331680099, 1.0]",4.0,2.0,2.0,2.0,2.0,11,-4.60303,8.0,0.0,hrl_dqn_apf,hierarchical,dqn,-6.464,9.060,7.996,0.00,0.00,0.00,-9.390,9.466,0.320,0.00,0.00,0.00,0.936,9.959,-1.553,0.00,0.00,0.00,3.621,3.621,3.621
2026-02-04 17:05:49,197.66,30,398,428,7.01%,112.17,2.17%,"[0, 5, 10, 15, 20, 25, 30, 35, 40, 45, 50, 55, 60, 65, 70, 75, 80, 85, 90, 95, 100]","[7, 7, 6, 2, 5, 8, 7, 10, 3, 6, 9, 8, 10, 4, 7, 9, 924, 13, 15, 553]","[0.0043397396156230625, 0.008679479231246125, 0.012399256044637322, 0.013639181649101054, 0.016738995660260384, 0.02169869807811531, 0.026038437693738377, 0.032238065716057036, 0.034097954122752634, 0.03781773093614383, 0.04339739615623062, 0.04835709857408556, 0.05455672659640422, 0.05703657780533168, 0.06137631742095474, 0.06695598264104154, 0.6398016119032858, 0.6478611283323, 0.657160570365778, 1.0]",4.0,2.0,2.0,2.0,2.0,22,1.55707,8.0,12.0,hrl_dqn_apf,hierarchical,dqn,-5.742,9.059,8.033,0.00,0.00,0.00,-9.275,9.380,0.281,0.00,0.00,0.00,0.308,10.016,-1.432,0.00,0.00,0.00,3.618,3.618,3.618
2026-02-04 17:05:50,198.66,26,398,424,6.13%,112.44,1.98%,"[0, 5, 10, 15, 20, 25, 30, 35, 40, 45, 50, 55, 60, 65, 70, 75, 80, 85, 90, 95, 100]","[8, 5, 7, 3, 5, 4, 9, 8, 6, 6, 8, 6, 12, 5, 5, 11, 919, 15, 16, 555]","[0.0049597024178549285, 0.008059516429014259, 0.012399256044637322, 0.01425914445133292, 0.01735895846249225, 0.019838809671419714, 0.02541847489150651, 0.03037817730936144, 0.034097954122752634, 0.03781773093614383, 0.04277743335399876, 0.04649721016738995, 0.05393676379417235, 0.05703657780533168, 0.06013639181649101, 0.06695598264104154, 0.6367017978921264, 0.6460012399256044, 0.6559206447613143, 1.0]",4.0,2.0,2.0,2.0,2.0,22,1.55707,8.0,12.0,hrl_dqn_apf,hierarchical,dqn,-4.238,9.053,8.048,0.00,0.00,0.00,-8.066,9.408,0.265,0.00,0.00,0.00,-0.032,9.543,-0.699,0.00,0.00,0.00,3.615,3.615,3.615
2026-02-04 17:05:51,199.66,27,399,426,6.34%,112.54,2.05%,"[0, 5, 10, 15, 20, 25, 30, 35, 40, 45, 50, 55, 60, 65, 70, 75, 80, 85, 90, 95, 100]","[9, 4, 8, 3, 4, 5, 8, 8, 7, 5, 7, 8, 12, 5, 5, 10, 918, 14, 16, 557]","[0.005579665220086794, 0.008059516429014259, 0.013019218846869188, 0.014879107253564786, 0.01735895846249225, 0.02045877247365158, 0.02541847489150651, 0.03037817730936144, 0.0347179169249845, 0.03781773093614383, 0.04215747055176689, 0.047117172969621826, 0.05455672659640422, 0.05765654060756355, 0.06075635461872288, 0.06695598264104154, 0.6360818350898946, 0.6447613143211407, 0.6546807191568506, 1.0]",4.0,2.0,2.0,2.0,2.0,19,13.71776,8.0,6.0,hrl_dqn_apf,hierarchical,dqn,-3.475,9.050,8.049,0.00,0.00,0.00,-7.322,9.407,0.263,0.00,0.00,0.00,-0.057,9.575,-0.273,0.00,0.00,0.00,3.612,3.612,3.612
2026-02-04 17:05:52,200.67,25,397,422,5.92%,112.70,1.98%,"[0, 5, 10, 15, 20, 25, 30, 35, 40, 45, 50, 55, 60, 65, 70, 75, 80, 85, 90, 95, 100]","[8, 4, 9, 3, 3, 5, 8, 8, 8, 5, 5, 9, 13, 3, 7, 10, 918, 10, 18, 559]","[0.0049597024178549285, 0.007439553626782393, 0.013019218846869188, 0.014879107253564786, 0.016738995660260384, 0.019838809671419714, 0.024798512089274645, 0.029758214507129573, 0.0347179169249845, 0.03781773093614383, 0.04091754494730316, 0.04649721016738995, 0.05455672659640422, 0.056416615003099815, 0.06075635461872288, 0.06695598264104154, 0.6360818350898946, 0.6422814631122132, 0.6534407935523868, 1.0]",4.0,2.0,2.0,2.0,2.0,19,13.877790000000001,8.0,6.0,hrl_dqn_apf,hierarchical,dqn,-2.695,9.047,8.049,0.00,0.00,0.00,-6.546,9.405,0.262,0.00,0.00,0.00,-0.064,9.580,0.405,0.00,0.00,0.00,3.609,3.609,3.609
2026-02-04 17:05:53,201.67,25,397,422,5.92%,112.78,2.05%,"[0, 5, 10, 15, 20, 25, 30, 35, 40, 45, 50, 55, 60, 65, 70, 75, 80, 85, 90, 95, 100]","[7, 5, 9, 4, 2, 6, 7, 9, 7, 6, 4, 9, 13, 3, 7, 10, 918, 10, 18, 559]","[0.0043397396156230625, 0.007439553626782393, 0.013019218846869188, 0.015499070055796652, 0.016738995660260384, 0.02045877247365158, 0.024798512089274645, 0.03037817730936144, 0.0347179169249845, 0.038437693738375696, 0.04091754494730316, 0.04649721016738995, 0.05455672659640422, 0.056416615003099815, 0.06075635461872288, 0.06695598264104154, 0.6360818350898946, 0.6422814631122132, 0.6534407935523868, 1.0]",4.0,2.0,2.0,2.0,2.0,19,13.877790000000001,8.0,6.0,hrl_dqn_apf,hierarchical,dqn,-1.949,9.044,8.049,0.00,0.00,0.00,-5.802,9.402,0.262,0.00,0.00,0.00,-0.066,9.580,1.125,0.00,0.00,0.00,3.606,3.606,3.606
2026-02-04 17:05:54,202.67,24,400,424,5.66%,112.92,1.98%,"[0, 5, 10, 15, 20, 25, 30, 35, 40, 45, 50, 55, 60, 65, 70, 75, 80, 85, 90, 95, 100]","[7, 5, 7, 4, 4, 5, 4, 12, 6, 6, 7, 7, 15, 3, 7, 10, 916, 12, 12, 564]","[0.0043397396156230625, 0.007439553626782393, 0.011779293242405457, 0.01425914445133292, 0.016738995660260384, 0.019838809671419714, 0.022318660880347178, 0.029758214507129573, 0.03347799132052077, 0.037197768133911964, 0.041537507749535026, 0.04587724736515809, 0.05517668939863608, 0.05703657780533168, 0.06137631742095474, 0.0675759454432734, 0.6354618722876627, 0.6429014259144451, 0.6503409795412275, 1.0]",4.0,2.0,2.0,2.0,2.0,22,2.03808,8.0,12.0,hrl_dqn_apf,hierarchical,dqn,-0.426,9.055,8.034,0.00,0.00,0.00,-4.264,9.396,0.260,0.00,0.00,0.00,-0.066,9.575,2.653,0.00,0.00,0.00,3.603,3.603,3.603
2026-02-04 17:05:55,203.67,25,399,424,5.90%,112.98,2.05%,"[0, 5, 10, 15, 20, 25, 30, 35, 40, 45, 50, 55, 60, 65, 70, 75, 80, 85, 90, 95, 100]","[6, 6, 8, 4, 4, 5, 4, 11, 6, 6, 7, 6, 16, 2, 8, 10, 915, 13, 12, 564]","[0.0037197768133911966, 0.007439553626782393, 0.012399256044637322, 0.014879107253564786, 0.01735895846249225, 0.02045877247365158, 0.022938623682579044, 0.029758214507129573, 0.03347799132052077, 0.037197768133911964, 0.041537507749535026, 0.04525728456292622, 0.05517668939863608, 0.056416615003099815, 0.06137631742095474, 0.0675759454432734, 0.6348419094854308, 0.6429014259144451, 0.6503409795412275, 1.0]",4.0,2.0,2.0,2.0,2.0,22,2.03808,8.0,12.0,hrl_dqn_apf,hierarchical,dqn,-0.029,9.120,7.680,0.00,0.00,0.00,-3.521,9.393,0.260,0.00,0.00,0.00,-0.065,9.572,3.396,0.00,0.00,0.00,3.600,3.600,3.600
2026-02-04 17:05:56,204.68,25,403,428,5.84%,113.02,2.05%,"[0, 5, 10, 15, 20, 25, 30, 35, 40, 45, 50, 55, 60, 65, 70, 75, 80, 85, 90, 95, 100]","[6, 6, 7, 6, 4, 4, 5, 10, 6, 7, 6, 5, 17, 2, 8, 10, 913, 10, 17, 564]","[0.0037197768133911966, 0.007439553626782393, 0.011779293242405457, 0.015499070055796652, 0.017978921264724116, 0.02045877247365158, 0.023558586484810913, 0.029758214507129573, 0.03347799132052077, 0.03781773093614383, 0.041537507749535026, 0.044637321760694355, 0.05517668939863608, 0.056416615003099815, 0.06137631742095474, 0.0675759454432734, 0.6336019838809671, 0.6398016119032858, 0.6503409795412275, 1.0]",4.0,2.0,2.0,2.0,2.0,8,8.19853,8.0,-6.0,hrl_dqn_apf,hierarchical,dqn,0.105,9.126,7.027,0.00,0.00,0.00,-2.746,9.390,0.259,0.00,0.00,0.00,-0.065,9.569,4.170,0.00,0.00,0.00,3.597,3.597,3.597
2026-02-04 17:05:57,205.69,25,403,428,5.84%,113.12,2.05%,"[0, 5, 10, 15, 20, 25, 30, 35, 40, 45, 50, 55, 60, 65, 70, 75, 80, 85, 90, 95, 100]","[6, 5, 7, 6, 6, 3, 5, 10, 7, 7, 6, 3, 18, 3, 7, 11, 912, 11, 13, 567]","[0.0037197768133911966, 0.006819590824550527, 0.011159330440173589, 0.014879107253564786, 0.018598884066955982, 0.02045877247365158, 0.023558586484810913, 0.029758214507129573, 0.034097954122752634, 0.038437693738375696, 0.04215747055176689, 0.04401735895846249, 0.05517668939863608, 0.05703657780533168, 0.06137631742095474, 0.06819590824550527, 0.6336019838809671, 0.6404215747055176, 0.6484810911345319, 1.0]",4.0,2.0,2.0,2.0,2.0,7,2.35617,8.0,-6.0,hrl_dqn_apf,hierarchical,dqn,0.153,9.196,6.585,0.00,0.00,0.00,-2.181,9.472,0.156,0.00,0.00,0.00,-0.060,9.740,4.676,0.00,0.00,0.00,3.594,3.594,3.594
2026-02-04 17:05:58,206.69,27,400,427,6.32%,113.37,2.17%,"[0, 5, 10, 15, 20, 25, 30, 35, 40, 45, 50, 55, 60, 65, 70, 75, 80, 85, 90, 95, 100]","[7, 6, 8, 5, 6, 3, 6, 7, 6, 8, 4, 5, 17, 5, 7, 10, 907, 16, 12, 568]","[0.0043397396156230625, 0.008059516429014259, 0.013019218846869188, 0.016119032858028518, 0.019838809671419714, 0.02169869807811531, 0.02541847489150651, 0.029758214507129573, 0.03347799132052077, 0.038437693738375696, 0.04091754494730316, 0.04401735895846249, 0.05455672659640422, 0.05765654060756355, 0.06199628022318661, 0.06819590824550527, 0.6305021698698078, 0.6404215747055176, 0.6478611283323, 1.0]",4.0,2.0,2.0,2.0,2.0,7,2.35617,8.0,-6.0,hrl_dqn_apf,hierarchical,dqn,0.271,9.050,7.532,0.00,0.00,0.00,-2.279,9.505,-0.943,0.00,0.00,0.00,-0.087,10.005,3.766,0.00,0.00,0.00,3.591,3.591,3.591
2026-02-04 17:05:59,207.70,28,401,429,6.53%,113.45,2.23%,"[0, 5, 10, 15, 20, 25, 30, 35, 40, 45, 50, 55, 60, 65, 70, 75, 80, 85, 90, 95, 100]","[6, 7, 7, 4, 8, 4, 5, 6, 8, 5, 6, 6, 17, 6, 7, 10, 904, 17, 13, 567]","[0.0037197768133911966, 0.008059516429014259, 0.012399256044637322, 0.014879107253564786, 0.019838809671419714, 0.022318660880347178, 0.02541847489150651, 0.029138251704897707, 0.034097954122752634, 0.037197768133911964, 0.04091754494730316, 0.044637321760694355, 0.05517668939863608, 0.05889646621202728, 0.06323620582765034, 0.069435833849969, 0.6298822070675759, 0.6404215747055176, 0.6484810911345319, 1.0]",4.0,2.0,2.0,2.0,2.0,20,-9.48022,8.0,12.0,hrl_dqn_apf,hierarchical,dqn,-10.002,0.198,-0.759,0.00,0.00,0.00,-14.299,0.201,-0.586,0.00,0.00,0.00,-20.110,0.200,-0.585,0.00,0.00,0.00,3.591,3.591,3.591
2026-02-04 17:06:01,209.70,0,354,354,0.00%,80.00,0.00%,"[0, 5, 10, 15, 20, 25, 30, 35, 40, 45, 50, 55, 60, 65, 70, 75, 80, 85, 90, 95, 100]","[0, 0, 0, 0, 0, 0, 0, 0, 0, 0, 0, 0, 0, 0, 0, 0, 1613, 0, 0, 0]","[0.0, 0.0, 0.0, 0.0, 0.0, 0.0, 0.0, 0.0, 0.0, 0.0, 0.0, 0.0, 0.0, 0.0, 0.0, 0.0, 1.0, 1.0, 1.0, 1.0]",4.0,2.0,2.0,2.0,2.0,20,-9.48022,8.0,12.0,hrl_dqn_apf,hierarchical,dqn,-10.000,0.059,-0.759,0.00,0.00,0.00,-14.299,0.027,-0.586,0.00,0.00,0.00,-20.113,-0.008,-0.625,0.00,0.00,0.00,3.591,3.591,3.591
2026-02-04 17:06:02,210.70,0,354,354,0.00%,80.00,0.00%,"[0, 5, 10, 15, 20, 25, 30, 35, 40, 45, 50, 55, 60, 65, 70, 75, 80, 85, 90, 95, 100]","[0, 0, 0, 0, 0, 0, 0, 0, 0, 0, 0, 0, 0, 0, 0, 0, 1613, 0, 0, 0]","[0.0, 0.0, 0.0, 0.0, 0.0, 0.0, 0.0, 0.0, 0.0, 0.0, 0.0, 0.0, 0.0, 0.0, 0.0, 0.0, 1.0, 1.0, 1.0, 1.0]",4.0,2.0,2.0,2.0,2.0,20,-9.48022,8.0,12.0,hrl_dqn_apf,hierarchical,dqn,-10.000,0.059,-0.759,0.00,0.00,0.00,-14.299,0.027,-0.586,0.00,0.00,0.00,-20.111,0.021,-0.605,0.00,0.00,0.00,3.591,3.591,3.591
2026-02-04 17:06:03,211.70,0,354,354,0.00%,80.00,0.00%,"[0, 5, 10, 15, 20, 25, 30, 35, 40, 45, 50, 55, 60, 65, 70, 75, 80, 85, 90, 95, 100]","[0, 0, 0, 0, 0, 0, 0, 0, 0, 0, 0, 0, 0, 0, 0, 0, 1613, 0, 0, 0]","[0.0, 0.0, 0.0, 0.0, 0.0, 0.0, 0.0, 0.0, 0.0, 0.0, 0.0, 0.0, 0.0, 0.0, 0.0, 0.0, 1.0, 1.0, 1.0, 1.0]",4.0,2.0,2.0,2.0,2.0,20,-9.48022,8.0,12.0,hrl_dqn_apf,hierarchical,dqn,-10.000,0.059,-0.759,0.00,0.00,0.00,-14.299,0.027,-0.586,0.00,0.00,0.00,-20.109,0.023,-0.584,0.00,0.00,0.00,3.591,3.591,3.591
2026-02-04 17:06:04,212.70,0,354,354,0.00%,80.00,0.00%,"[0, 5, 10, 15, 20, 25, 30, 35, 40, 45, 50, 55, 60, 65, 70, 75, 80, 85, 90, 95, 100]","[0, 0, 0, 0, 0, 0, 0, 0, 0, 0, 0, 0, 0, 0, 0, 0, 1613, 0, 0, 0]","[0.0, 0.0, 0.0, 0.0, 0.0, 0.0, 0.0, 0.0, 0.0, 0.0, 0.0, 0.0, 0.0, 0.0, 0.0, 0.0, 1.0, 1.0, 1.0, 1.0]",4.0,2.0,2.0,2.0,2.0,20,-9.48022,8.0,12.0,hrl_dqn_apf,hierarchical,dqn,-10.000,0.059,-0.759,0.00,0.00,0.00,-14.299,0.027,-0.586,0.00,0.00,0.00,-20.108,0.025,-0.579,0.00,0.00,0.00,4.200,4.200,4.200
2026-02-04 17:06:05,213.71,4,348,352,1.14%,79.98,0.25%,"[0, 5, 10, 15, 20, 25, 30, 35, 40, 45, 50, 55, 60, 65, 70, 75, 80, 85, 90, 95, 100]","[4, 0, 0, 0, 0, 0, 0, 0, 0, 0, 0, 0, 0, 0, 0, 0, 1609, 0, 0, 0]","[0.0024798512089274642, 0.0024798512089274642, 0.0024798512089274642, 0.0024798512089274642, 0.0024798512089274642, 0.0024798512089274642, 0.0024798512089274642, 0.0024798512089274642, 0.0024798512089274642, 0.0024798512089274642, 0.0024798512089274642, 0.0024798512089274642, 0.0024798512089274642, 0.0024798512089274642, 0.0024798512089274642, 0.0024798512089274642, 1.0, 1.0, 1.0, 1.0]",4.0,2.0,2.0,2.0,2.0,20,-9.48022,8.0,12.0,hrl_dqn_apf,hierarchical,dqn,-10.000,0.059,-0.759,0.00,0.00,0.00,-14.299,0.027,-0.586,0.00,0.00,0.00,-20.109,0.027,-0.586,0.00,0.00,0.00,4.200,4.200,4.200
2026-02-04 17:06:06,214.71,0,349,349,0.00%,82.39,0.00%,"[0, 5, 10, 15, 20, 25, 30, 35, 40, 45, 50, 55, 60, 65, 70, 75, 80, 85, 90, 95, 100]","[0, 0, 0, 0, 0, 0, 0, 0, 0, 0, 0, 0, 0, 0, 0, 0, 349, 0, 0, 0]","[0.0, 0.0, 0.0, 0.0, 0.0, 0.0, 0.0, 0.0, 0.0, 0.0, 0.0, 0.0, 0.0, 0.0, 0.0, 0.0, 1.0, 1.0, 1.0, 1.0]",4.0,2.0,2.0,2.0,2.0,20,-9.48022,8.0,12.0,hrl_dqn_apf,hierarchical,dqn,-10.001,0.041,-0.760,0.00,0.00,0.00,-14.299,0.045,-0.589,0.00,0.00,0.00,-20.109,0.046,-0.590,0.00,0.00,0.00,4.200,4.200,4.200
2026-02-04 17:06:07,215.73,0,354,354,0.00%,80.00,0.00%,"[0, 5, 10, 15, 20, 25, 30, 35, 40, 45, 50, 55, 60, 65, 70, 75, 80, 85, 90, 95, 100]","[0, 0, 0, 0, 0, 0, 0, 0, 0, 0, 0, 0, 0, 0, 0, 0, 1613, 0, 0, 0]","[0.0, 0.0, 0.0, 0.0, 0.0, 0.0, 0.0, 0.0, 0.0, 0.0, 0.0, 0.0, 0.0, 0.0, 0.0, 0.0, 1.0, 1.0, 1.0, 1.0]",4.0,2.0,2.0,2.0,2.0,20,-9.48022,8.0,12.0,hrl_dqn_apf,hierarchical,dqn,-10.001,0.041,-0.760,0.00,0.00,0.00,-14.299,0.045,-0.589,0.00,0.00,0.00,-20.109,0.046,-0.590,0.00,0.00,0.00,4.200,4.200,4.200
2026-02-04 17:06:08,216.73,0,354,354,0.00%,80.00,0.00%,"[0, 5, 10, 15, 20, 25, 30, 35, 40, 45, 50, 55, 60, 65, 70, 75, 80, 85, 90, 95, 100]","[0, 0, 0, 0, 0, 0, 0, 0, 0, 0, 0, 0, 0, 0, 0, 0, 1613, 0, 0, 0]","[0.0, 0.0, 0.0, 0.0, 0.0, 0.0, 0.0, 0.0, 0.0, 0.0, 0.0, 0.0, 0.0, 0.0, 0.0, 0.0, 1.0, 1.0, 1.0, 1.0]",4.0,2.0,2.0,2.0,2.0,20,-9.48022,8.0,12.0,hrl_dqn_apf,hierarchical,dqn,-10.001,0.041,-0.760,0.00,0.00,0.00,-14.299,0.045,-0.589,0.00,0.00,0.00,-20.109,0.046,-0.590,0.00,0.00,0.00,4.200,4.200,4.200
2026-02-04 17:06:09,217.73,0,354,354,0.00%,80.00,0.00%,"[0, 5, 10, 15, 20, 25, 30, 35, 40, 45, 50, 55, 60, 65, 70, 75, 80, 85, 90, 95, 100]","[0, 0, 0, 0, 0, 0, 0, 0, 0, 0, 0, 0, 0, 0, 0, 0, 1613, 0, 0, 0]","[0.0, 0.0, 0.0, 0.0, 0.0, 0.0, 0.0, 0.0, 0.0, 0.0, 0.0, 0.0, 0.0, 0.0, 0.0, 0.0, 1.0, 1.0, 1.0, 1.0]",4.0,2.0,2.0,2.0,2.0,20,-9.48022,8.0,12.0,hrl_dqn_apf,hierarchical,dqn,-10.001,0.041,-0.760,0.00,0.00,0.00,-14.299,0.045,-0.589,0.00,0.00,0.00,-20.109,0.046,-0.590,0.00,0.00,0.00,4.200,4.200,4.200
2026-02-04 17:06:10,218.74,4,348,352,1.14%,79.98,0.25%,"[0, 5, 10, 15, 20, 25, 30, 35, 40, 45, 50, 55, 60, 65, 70, 75, 80, 85, 90, 95, 100]","[4, 0, 0, 0, 0, 0, 0, 0, 0, 0, 0, 0, 0, 0, 0, 0, 1609, 0, 0, 0]","[0.0024798512089274642, 0.0024798512089274642, 0.0024798512089274642, 0.0024798512089274642, 0.0024798512089274642, 0.0024798512089274642, 0.0024798512089274642, 0.0024798512089274642, 0.0024798512089274642, 0.0024798512089274642, 0.0024798512089274642, 0.0024798512089274642, 0.0024798512089274642, 0.0024798512089274642, 0.0024798512089274642, 0.0024798512089274642, 1.0, 1.0, 1.0, 1.0]",4.0,2.0,2.0,2.0,2.0,20,-9.48022,8.0,12.0,hrl_dqn_apf,hierarchical,dqn,-10.001,0.041,-0.760,0.00,0.00,0.00,-14.299,0.045,-0.589,0.00,0.00,0.00,-20.109,0.046,-0.590,0.00,0.00,0.00,4.200,4.200,4.200
2026-02-04 17:06:11,219.74,4,348,352,1.14%,80.15,0.25%,"[0, 5, 10, 15, 20, 25, 30, 35, 40, 45, 50, 55, 60, 65, 70, 75, 80, 85, 90, 95, 100]","[4, 0, 0, 0, 0, 0, 0, 0, 0, 0, 0, 0, 0, 0, 0, 0, 1609, 0, 0, 0]","[0.0024798512089274642, 0.0024798512089274642, 0.0024798512089274642, 0.0024798512089274642, 0.0024798512089274642, 0.0024798512089274642, 0.0024798512089274642, 0.0024798512089274642, 0.0024798512089274642, 0.0024798512089274642, 0.0024798512089274642, 0.0024798512089274642, 0.0024798512089274642, 0.0024798512089274642, 0.0024798512089274642, 0.0024798512089274642, 1.0, 1.0, 1.0, 1.0]",4.0,2.0,2.0,2.0,2.0,20,-9.48022,8.0,12.0,hrl_dqn_apf,hierarchical,dqn,-10.001,0.200,-0.760,0.00,0.00,0.00,-14.299,0.204,-0.589,0.00,0.00,0.00,-20.109,0.205,-0.590,0.00,0.00,0.00,4.200,4.200,4.200
2026-02-04 17:06:13,221.74,0,354,354,0.00%,80.00,0.00%,"[0, 5, 10, 15, 20, 25, 30, 35, 40, 45, 50, 55, 60, 65, 70, 75, 80, 85, 90, 95, 100]","[0, 0, 0, 0, 0, 0, 0, 0, 0, 0, 0, 0, 0, 0, 0, 0, 1613, 0, 0, 0]","[0.0, 0.0, 0.0, 0.0, 0.0, 0.0, 0.0, 0.0, 0.0, 0.0, 0.0, 0.0, 0.0, 0.0, 0.0, 0.0, 1.0, 1.0, 1.0, 1.0]",4.0,2.0,2.0,2.0,2.0,20,-9.48022,8.0,12.0,hrl_dqn_apf,hierarchical,dqn,-10.000,0.056,-0.757,0.00,0.00,0.00,-14.299,0.025,-0.590,0.00,0.00,0.00,-20.109,0.026,-0.590,0.00,0.00,0.00,4.200,4.200,4.200
2026-02-04 17:06:14,222.74,0,354,354,0.00%,80.00,0.00%,"[0, 5, 10, 15, 20, 25, 30, 35, 40, 45, 50, 55, 60, 65, 70, 75, 80, 85, 90, 95, 100]","[0, 0, 0, 0, 0, 0, 0, 0, 0, 0, 0, 0, 0, 0, 0, 0, 1613, 0, 0, 0]","[0.0, 0.0, 0.0, 0.0, 0.0, 0.0, 0.0, 0.0, 0.0, 0.0, 0.0, 0.0, 0.0, 0.0, 0.0, 0.0, 1.0, 1.0, 1.0, 1.0]",4.0,2.0,2.0,2.0,2.0,20,-9.48022,8.0,12.0,hrl_dqn_apf,hierarchical,dqn,-10.000,0.056,-0.757,0.00,0.00,0.00,-14.299,0.025,-0.590,0.00,0.00,0.00,-20.109,0.026,-0.590,0.00,0.00,0.00,4.200,4.200,4.200
2026-02-04 17:06:15,223.74,0,354,354,0.00%,80.00,0.00%,"[0, 5, 10, 15, 20, 25, 30, 35, 40, 45, 50, 55, 60, 65, 70, 75, 80, 85, 90, 95, 100]","[0, 0, 0, 0, 0, 0, 0, 0, 0, 0, 0, 0, 0, 0, 0, 0, 1613, 0, 0, 0]","[0.0, 0.0, 0.0, 0.0, 0.0, 0.0, 0.0, 0.0, 0.0, 0.0, 0.0, 0.0, 0.0, 0.0, 0.0, 0.0, 1.0, 1.0, 1.0, 1.0]",4.0,2.0,2.0,2.0,2.0,20,-9.48022,8.0,12.0,hrl_dqn_apf,hierarchical,dqn,-10.000,0.056,-0.757,0.00,0.00,0.00,-14.299,0.025,-0.590,0.00,0.00,0.00,-20.109,0.026,-0.590,0.00,0.00,0.00,4.200,4.200,4.200
2026-02-04 17:06:16,224.75,0,354,354,0.00%,80.00,0.00%,"[0, 5, 10, 15, 20, 25, 30, 35, 40, 45, 50, 55, 60, 65, 70, 75, 80, 85, 90, 95, 100]","[0, 0, 0, 0, 0, 0, 0, 0, 0, 0, 0, 0, 0, 0, 0, 0, 1613, 0, 0, 0]","[0.0, 0.0, 0.0, 0.0, 0.0, 0.0, 0.0, 0.0, 0.0, 0.0, 0.0, 0.0, 0.0, 0.0, 0.0, 0.0, 1.0, 1.0, 1.0, 1.0]",4.0,2.0,2.0,2.0,2.0,20,-9.48022,8.0,12.0,hrl_dqn_apf,hierarchical,dqn,-10.000,0.056,-0.757,0.00,0.00,0.00,-14.299,0.025,-0.590,0.00,0.00,0.00,-20.109,0.026,-0.590,0.00,0.00,0.00,4.200,4.200,4.200
2026-02-04 17:06:17,225.75,4,348,352,1.14%,79.98,0.25%,"[0, 5, 10, 15, 20, 25, 30, 35, 40, 45, 50, 55, 60, 65, 70, 75, 80, 85, 90, 95, 100]","[4, 0, 0, 0, 0, 0, 0, 0, 0, 0, 0, 0, 0, 0, 0, 0, 1609, 0, 0, 0]","[0.0024798512089274642, 0.0024798512089274642, 0.0024798512089274642, 0.0024798512089274642, 0.0024798512089274642, 0.0024798512089274642, 0.0024798512089274642, 0.0024798512089274642, 0.0024798512089274642, 0.0024798512089274642, 0.0024798512089274642, 0.0024798512089274642, 0.0024798512089274642, 0.0024798512089274642, 0.0024798512089274642, 0.0024798512089274642, 1.0, 1.0, 1.0, 1.0]",4.0,2.0,2.0,2.0,2.0,20,-9.48022,8.0,12.0,hrl_dqn_apf,hierarchical,dqn,-10.000,0.056,-0.757,0.00,0.00,0.00,-14.299,0.025,-0.590,0.00,0.00,0.00,-20.109,0.026,-0.590,0.00,0.00,0.00,4.200,4.200,4.200
2026-02-04 17:06:18,226.75,4,349,353,1.13%,80.32,0.25%,"[0, 5, 10, 15, 20, 25, 30, 35, 40, 45, 50, 55, 60, 65, 70, 75, 80, 85, 90, 95, 100]","[4, 0, 0, 0, 0, 0, 0, 0, 0, 0, 0, 0, 0, 0, 0, 0, 1609, 0, 0, 0]","[0.0024798512089274642, 0.0024798512089274642, 0.0024798512089274642, 0.0024798512089274642, 0.0024798512089274642, 0.0024798512089274642, 0.0024798512089274642, 0.0024798512089274642, 0.0024798512089274642, 0.0024798512089274642, 0.0024798512089274642, 0.0024798512089274642, 0.0024798512089274642, 0.0024798512089274642, 0.0024798512089274642, 0.0024798512089274642, 1.0, 1.0, 1.0, 1.0]",4.0,2.0,2.0,2.0,2.0,20,-9.48022,8.0,12.0,hrl_dqn_apf,hierarchical,dqn,-10.000,0.051,-0.757,0.00,0.00,0.00,-14.299,-2.250,-0.589,0.00,0.00,0.00,-20.109,-2.248,-0.590,0.00,0.00,0.00,4.200,4.200,4.200
2026-02-04 17:06:19,227.76,0,349,349,0.00%,83.19,0.00%,"[0, 5, 10, 15, 20, 25, 30, 35, 40, 45, 50, 55, 60, 65, 70, 75, 80, 85, 90, 95, 100]","[0, 0, 0, 0, 0, 0, 0, 0, 0, 0, 0, 0, 0, 0, 0, 0, 349, 0, 0, 0]","[0.0, 0.0, 0.0, 0.0, 0.0, 0.0, 0.0, 0.0, 0.0, 0.0, 0.0, 0.0, 0.0, 0.0, 0.0, 0.0, 1.0, 1.0, 1.0, 1.0]",4.0,2.0,2.0,2.0,2.0,20,-9.48022,8.0,12.0,hrl_dqn_apf,hierarchical,dqn,-10.000,0.051,-0.757,0.00,0.00,0.00,-14.299,-6.722,-0.589,0.00,0.00,0.00,-20.109,-6.721,-0.590,0.00,0.00,0.00,4.200,4.200,4.200
2026-02-04 17:06:20,228.76,0,354,354,0.00%,80.00,0.00%,"[0, 5, 10, 15, 20, 25, 30, 35, 40, 45, 50, 55, 60, 65, 70, 75, 80, 85, 90, 95, 100]","[0, 0, 0, 0, 0, 0, 0, 0, 0, 0, 0, 0, 0, 0, 0, 0, 1613, 0, 0, 0]","[0.0, 0.0, 0.0, 0.0, 0.0, 0.0, 0.0, 0.0, 0.0, 0.0, 0.0, 0.0, 0.0, 0.0, 0.0, 0.0, 1.0, 1.0, 1.0, 1.0]",4.0,2.0,2.0,2.0,2.0,20,-9.48022,8.0,12.0,hrl_dqn_apf,hierarchical,dqn,-10.000,0.051,-0.757,0.00,0.00,0.00,-14.299,-11.455,-0.589,0.00,0.00,0.00,-20.109,-11.454,-0.590,0.00,0.00,0.00,4.200,4.200,4.200
2026-02-04 17:06:21,229.76,0,354,354,0.00%,80.00,0.00%,"[0, 5, 10, 15, 20, 25, 30, 35, 40, 45, 50, 55, 60, 65, 70, 75, 80, 85, 90, 95, 100]","[0, 0, 0, 0, 0, 0, 0, 0, 0, 0, 0, 0, 0, 0, 0, 0, 1613, 0, 0, 0]","[0.0, 0.0, 0.0, 0.0, 0.0, 0.0, 0.0, 0.0, 0.0, 0.0, 0.0, 0.0, 0.0, 0.0, 0.0, 0.0, 1.0, 1.0, 1.0, 1.0]",4.0,2.0,2.0,2.0,2.0,20,-9.48022,8.0,12.0,hrl_dqn_apf,hierarchical,dqn,-10.000,0.051,-0.757,0.00,0.00,0.00,-14.299,-16.232,-0.589,0.00,0.00,0.00,-20.109,-16.231,-0.590,0.00,0.00,0.00,4.200,4.200,4.200
2026-02-04 17:06:22,230.76,4,348,352,1.14%,79.98,0.25%,"[0, 5, 10, 15, 20, 25, 30, 35, 40, 45, 50, 55, 60, 65, 70, 75, 80, 85, 90, 95, 100]","[4, 0, 0, 0, 0, 0, 0, 0, 0, 0, 0, 0, 0, 0, 0, 0, 1609, 0, 0, 0]","[0.0024798512089274642, 0.0024798512089274642, 0.0024798512089274642, 0.0024798512089274642, 0.0024798512089274642, 0.0024798512089274642, 0.0024798512089274642, 0.0024798512089274642, 0.0024798512089274642, 0.0024798512089274642, 0.0024798512089274642, 0.0024798512089274642, 0.0024798512089274642, 0.0024798512089274642, 0.0024798512089274642, 0.0024798512089274642, 1.0, 1.0, 1.0, 1.0]",4.0,2.0,2.0,2.0,2.0,20,-9.48022,8.0,12.0,hrl_dqn_apf,hierarchical,dqn,-10.000,0.051,-0.757,0.00,0.00,0.00,-14.299,-25.770,-0.589,0.00,0.00,0.00,-20.109,-25.769,-0.590,0.00,0.00,0.00,4.200,4.200,4.200
2026-02-04 17:06:23,231.76,4,348,352,1.14%,80.15,0.25%,"[0, 5, 10, 15, 20, 25, 30, 35, 40, 45, 50, 55, 60, 65, 70, 75, 80, 85, 90, 95, 100]","[4, 0, 0, 0, 0, 0, 0, 0, 0, 0, 0, 0, 0, 0, 0, 0, 1609, 0, 0, 0]","[0.0024798512089274642, 0.0024798512089274642, 0.0024798512089274642, 0.0024798512089274642, 0.0024798512089274642, 0.0024798512089274642, 0.0024798512089274642, 0.0024798512089274642, 0.0024798512089274642, 0.0024798512089274642, 0.0024798512089274642, 0.0024798512089274642, 0.0024798512089274642, 0.0024798512089274642, 0.0024798512089274642, 0.0024798512089274642, 1.0, 1.0, 1.0, 1.0]",4.0,2.0,2.0,2.0,2.0,20,-9.48022,8.0,12.0,hrl_dqn_apf,hierarchical,dqn,-10.000,0.051,-0.757,0.00,0.00,0.00,-14.299,-30.528,-0.589,0.00,0.00,0.00,-20.109,-30.527,-0.590,0.00,0.00,0.00,4.159,4.177,4.196
2026-02-04 17:06:24,232.77,4,349,353,1.13%,80.32,0.25%,"[0, 5, 10, 15, 20, 25, 30, 35, 40, 45, 50, 55, 60, 65, 70, 75, 80, 85, 90, 95, 100]","[4, 0, 0, 0, 0, 0, 0, 0, 0, 0, 0, 0, 0, 0, 0, 0, 1609, 0, 0, 0]","[0.0024798512089274642, 0.0024798512089274642, 0.0024798512089274642, 0.0024798512089274642, 0.0024798512089274642, 0.0024798512089274642, 0.0024798512089274642, 0.0024798512089274642, 0.0024798512089274642, 0.0024798512089274642, 0.0024798512089274642, 0.0024798512089274642, 0.0024798512089274642, 0.0024798512089274642, 0.0024798512089274642, 0.0024798512089274642, 1.0, 1.0, 1.0, 1.0]",4.0,2.0,2.0,2.0,2.0,20,-9.48022,8.0,12.0,hrl_dqn_apf,hierarchical,dqn,-10.000,0.051,-0.757,0.00,0.00,0.00,-14.299,-35.411,-0.589,0.00,0.00,0.00,-20.109,-35.409,-0.590,0.00,0.00,0.00,4.156,4.174,4.193
2026-02-04 17:06:25,233.77,4,349,353,1.13%,80.49,0.25%,"[0, 5, 10, 15, 20, 25, 30, 35, 40, 45, 50, 55, 60, 65, 70, 75, 80, 85, 90, 95, 100]","[4, 0, 0, 0, 0, 0, 0, 0, 0, 0, 0, 0, 0, 0, 0, 0, 1609, 0, 0, 0]","[0.0024798512089274642, 0.0024798512089274642, 0.0024798512089274642, 0.0024798512089274642, 0.0024798512089274642, 0.0024798512089274642, 0.0024798512089274642, 0.0024798512089274642, 0.0024798512089274642, 0.0024798512089274642, 0.0024798512089274642, 0.0024798512089274642, 0.0024798512089274642, 0.0024798512089274642, 0.0024798512089274642, 0.0024798512089274642, 1.0, 1.0, 1.0, 1.0]",4.0,2.0,2.0,2.0,2.0,2,-17.9208,8.0,-12.0,hrl_dqn_apf,hierarchical,dqn,-10.000,0.051,-0.757,0.00,0.00,0.00,-14.299,-40.184,-0.589,0.00,0.00,0.00,-20.109,-40.183,-0.590,0.00,0.00,0.00,4.153,4.171,4.190
2026-02-04 17:06:26,234.78,4,351,355,1.13%,80.84,0.25%,"[0, 5, 10, 15, 20, 25, 30, 35, 40, 45, 50, 55, 60, 65, 70, 75, 80, 85, 90, 95, 100]","[4, 0, 0, 0, 0, 0, 0, 0, 0, 0, 0, 0, 0, 0, 0, 0, 1609, 0, 0, 0]","[0.0024798512089274642, 0.0024798512089274642, 0.0024798512089274642, 0.0024798512089274642, 0.0024798512089274642, 0.0024798512089274642, 0.0024798512089274642, 0.0024798512089274642, 0.0024798512089274642, 0.0024798512089274642, 0.0024798512089274642, 0.0024798512089274642, 0.0024798512089274642, 0.0024798512089274642, 0.0024798512089274642, 0.0024798512089274642, 1.0, 1.0, 1.0, 1.0]",4.0,2.0,2.0,2.0,2.0,24,-5.760680000000001,8.0,12.0,hrl_dqn_apf,hierarchical,dqn,-10.000,0.051,-0.757,0.00,0.00,0.00,-14.299,-49.710,-0.589,0.00,0.00,0.00,-20.109,-49.709,-0.590,0.00,0.00,0.00,4.150,4.168,4.187
2026-02-04 17:06:27,235.78,4,353,357,1.12%,81.02,0.25%,"[0, 5, 10, 15, 20, 25, 30, 35, 40, 45, 50, 55, 60, 65, 70, 75, 80, 85, 90, 95, 100]","[4, 0, 0, 0, 0, 0, 0, 0, 0, 0, 0, 0, 0, 0, 0, 0, 1261, 348, 0, 0]","[0.0024798512089274642, 0.0024798512089274642, 0.0024798512089274642, 0.0024798512089274642, 0.0024798512089274642, 0.0024798512089274642, 0.0024798512089274642, 0.0024798512089274642, 0.0024798512089274642, 0.0024798512089274642, 0.0024798512089274642, 0.0024798512089274642, 0.0024798512089274642, 0.0024798512089274642, 0.0024798512089274642, 0.0024798512089274642, 0.7842529448233106, 1.0, 1.0, 1.0]",4.0,2.0,2.0,2.0,2.0,24,-5.760680000000001,8.0,12.0,hrl_dqn_apf,hierarchical,dqn,-10.000,0.051,-0.757,0.00,0.00,0.00,-14.299,-54.409,-0.589,0.00,0.00,0.00,-20.109,-54.408,-0.590,0.00,0.00,0.00,4.147,4.165,4.183
2026-02-04 17:06:28,236.82,4,353,357,1.12%,81.19,0.25%,"[0, 5, 10, 15, 20, 25, 30, 35, 40, 45, 50, 55, 60, 65, 70, 75, 80, 85, 90, 95, 100]","[4, 0, 0, 0, 0, 0, 0, 0, 0, 0, 0, 0, 0, 0, 0, 0, 1261, 348, 0, 0]","[0.0024798512089274642, 0.0024798512089274642, 0.0024798512089274642, 0.0024798512089274642, 0.0024798512089274642, 0.0024798512089274642, 0.0024798512089274642, 0.0024798512089274642, 0.0024798512089274642, 0.0024798512089274642, 0.0024798512089274642, 0.0024798512089274642, 0.0024798512089274642, 0.0024798512089274642, 0.0024798512089274642, 0.0024798512089274642, 0.7842529448233106, 1.0, 1.0, 1.0]",4.0,2.0,2.0,2.0,2.0,21,-23.60021,8.0,12.0,hrl_dqn_apf,hierarchical,dqn,-10.000,0.051,-0.757,0.00,0.00,0.00,-14.299,-59.142,-0.589,0.00,0.00,0.00,-20.109,-59.141,-0.590,0.00,0.00,0.00,4.144,4.162,4.181
2026-02-04 17:06:29,237.84,4,361,365,1.10%,81.55,0.25%,"[0, 5, 10, 15, 20, 25, 30, 35, 40, 45, 50, 55, 60, 65, 70, 75, 80, 85, 90, 95, 100]","[4, 0, 0, 0, 0, 0, 0, 0, 0, 0, 0, 0, 0, 0, 0, 0, 1260, 349, 0, 0]","[0.0024798512089274642, 0.0024798512089274642, 0.0024798512089274642, 0.0024798512089274642, 0.0024798512089274642, 0.0024798512089274642, 0.0024798512089274642, 0.0024798512089274642, 0.0024798512089274642, 0.0024798512089274642, 0.0024798512089274642, 0.0024798512089274642, 0.0024798512089274642, 0.0024798512089274642, 0.0024798512089274642, 0.0024798512089274642, 0.7836329820210788, 1.0, 1.0, 1.0]",4.0,2.0,2.0,2.0,2.0,11,-23.43981,8.0,0.0,hrl_dqn_apf,hierarchical,dqn,-10.000,0.051,-0.757,0.00,0.00,0.00,-14.299,-68.587,-0.589,0.00,0.00,0.00,-20.109,-68.586,-0.590,0.00,0.00,0.00,4.141,4.159,4.177
2026-02-04 17:06:30,238.84,4,359,363,1.10%,81.72,0.25%,"[0, 5, 10, 15, 20, 25, 30, 35, 40, 45, 50, 55, 60, 65, 70, 75, 80, 85, 90, 95, 100]","[4, 0, 0, 0, 0, 0, 0, 0, 0, 0, 0, 0, 0, 0, 0, 0, 1260, 349, 0, 0]","[0.0024798512089274642, 0.0024798512089274642, 0.0024798512089274642, 0.0024798512089274642, 0.0024798512089274642, 0.0024798512089274642, 0.0024798512089274642, 0.0024798512089274642, 0.0024798512089274642, 0.0024798512089274642, 0.0024798512089274642, 0.0024798512089274642, 0.0024798512089274642, 0.0024798512089274642, 0.0024798512089274642, 0.0024798512089274642, 0.7836329820210788, 1.0, 1.0, 1.0]",4.0,2.0,2.0,2.0,2.0,11,-23.43981,8.0,0.0,hrl_dqn_apf,hierarchical,dqn,-10.000,0.051,-0.757,0.00,0.00,0.00,-14.299,-73.334,-0.589,0.00,0.00,0.00,-20.109,-73.333,-0.590,0.00,0.00,0.00,4.138,4.156,4.174
2026-02-04 17:06:31,239.85,4,361,365,1.10%,81.90,0.25%,"[0, 5, 10, 15, 20, 25, 30, 35, 40, 45, 50, 55, 60, 65, 70, 75, 80, 85, 90, 95, 100]","[4, 0, 0, 0, 0, 0, 0, 0, 0, 0, 0, 0, 0, 0, 0, 0, 1258, 351, 0, 0]","[0.0024798512089274642, 0.0024798512089274642, 0.0024798512089274642, 0.0024798512089274642, 0.0024798512089274642, 0.0024798512089274642, 0.0024798512089274642, 0.0024798512089274642, 0.0024798512089274642, 0.0024798512089274642, 0.0024798512089274642, 0.0024798512089274642, 0.0024798512089274642, 0.0024798512089274642, 0.0024798512089274642, 0.0024798512089274642, 0.782393056416615, 1.0, 1.0, 1.0]",4.0,2.0,2.0,2.0,2.0,6,-23.2797,8.0,-6.0,hrl_dqn_apf,hierarchical,dqn,-10.000,0.051,-0.757,0.00,0.00,0.00,-14.299,-78.081,-0.589,0.00,0.00,0.00,-20.109,-78.079,-0.590,0.00,0.00,0.00,4.135,4.153,4.171
2026-02-04 17:06:32,240.85,4,365,369,1.08%,82.08,0.25%,"[0, 5, 10, 15, 20, 25, 30, 35, 40, 45, 50, 55, 60, 65, 70, 75, 80, 85, 90, 95, 100]","[4, 0, 0, 0, 0, 0, 0, 0, 0, 0, 0, 0, 0, 0, 0, 0, 1256, 7, 346, 0]","[0.0024798512089274642, 0.0024798512089274642, 0.0024798512089274642, 0.0024798512089274642, 0.0024798512089274642, 0.0024798512089274642, 0.0024798512089274642, 0.0024798512089274642, 0.0024798512089274642, 0.0024798512089274642, 0.0024798512089274642, 0.0024798512089274642, 0.0024798512089274642, 0.0024798512089274642, 0.0024798512089274642, 0.0024798512089274642, 0.7811531308121513, 0.7854928704277744, 1.0, 1.0]",4.0,2.0,2.0,2.0,2.0,6,-23.2797,8.0,-6.0,hrl_dqn_apf,hierarchical,dqn,-10.000,0.051,-0.757,0.00,0.00,0.00,-14.299,-82.826,-0.589,0.00,0.00,0.00,-20.109,-82.824,-0.590,0.00,0.00,0.00,4.132,4.150,4.168
2026-02-04 17:06:33,241.86,4,365,369,1.08%,82.45,0.25%,"[0, 5, 10, 15, 20, 25, 30, 35, 40, 45, 50, 55, 60, 65, 70, 75, 80, 85, 90, 95, 100]","[4, 0, 0, 0, 0, 0, 0, 0, 0, 0, 0, 0, 0, 0, 0, 0, 1252, 11, 346, 0]","[0.0024798512089274642, 0.0024798512089274642, 0.0024798512089274642, 0.0024798512089274642, 0.0024798512089274642, 0.0024798512089274642, 0.0024798512089274642, 0.0024798512089274642, 0.0024798512089274642, 0.0024798512089274642, 0.0024798512089274642, 0.0024798512089274642, 0.0024798512089274642, 0.0024798512089274642, 0.0024798512089274642, 0.0024798512089274642, 0.7786732796032239, 0.7854928704277744, 1.0, 1.0]",4.0,2.0,2.0,2.0,2.0,10,-29.11965,8.0,0.0,hrl_dqn_apf,hierarchical,dqn,-10.000,0.051,-0.757,0.00,0.00,0.00,-14.299,-87.569,-0.589,0.00,0.00,0.00,-20.109,-87.568,-0.590,0.00,0.00,0.00,4.129,4.147,4.165
2026-02-04 17:06:34,242.86,4,365,369,1.08%,82.62,0.25%,"[0, 5, 10, 15, 20, 25, 30, 35, 40, 45, 50, 55, 60, 65, 70, 75, 80, 85, 90, 95, 100]","[4, 0, 0, 0, 0, 0, 0, 0, 0, 0, 0, 0, 0, 0, 0, 0, 1250, 12, 347, 0]","[0.0024798512089274642, 0.0024798512089274642, 0.0024798512089274642, 0.0024798512089274642, 0.0024798512089274642, 0.0024798512089274642, 0.0024798512089274642, 0.0024798512089274642, 0.0024798512089274642, 0.0024798512089274642, 0.0024798512089274642, 0.0024798512089274642, 0.0024798512089274642, 0.0024798512089274642, 0.0024798512089274642, 0.0024798512089274642, 0.7774333539987601, 0.7848729076255425, 1.0, 1.0]",4.0,2.0,2.0,2.0,2.0,13,-10.95928,8.0,0.0,hrl_dqn_apf,hierarchical,dqn,-10.000,0.051,-0.757,0.00,0.00,0.00,-14.299,-96.982,-0.589,0.00,0.00,0.00,-20.109,-96.981,-0.590,0.00,0.00,0.00,4.126,4.144,4.162
2026-02-04 17:06:35,243.86,4,367,371,1.08%,82.81,0.25%,"[0, 5, 10, 15, 20, 25, 30, 35, 40, 45, 50, 55, 60, 65, 70, 75, 80, 85, 90, 95, 100]","[4, 0, 0, 0, 0, 0, 0, 0, 0, 0, 0, 0, 0, 0, 0, 0, 1248, 14, 347, 0]","[0.0024798512089274642, 0.0024798512089274642, 0.0024798512089274642, 0.0024798512089274642, 0.0024798512089274642, 0.0024798512089274642, 0.0024798512089274642, 0.0024798512089274642, 0.0024798512089274642, 0.0024798512089274642, 0.0024798512089274642, 0.0024798512089274642, 0.0024798512089274642, 0.0024798512089274642, 0.0024798512089274642, 0.0024798512089274642, 0.7761934283942964, 0.7848729076255425, 1.0, 1.0]",4.0,2.0,2.0,2.0,2.0,13,-10.95928,8.0,0.0,hrl_dqn_apf,hierarchical,dqn,-10.000,0.051,-0.757,0.00,0.00,0.00,-14.299,-101.954,-0.589,0.00,0.00,0.00,-20.109,-101.953,-0.590,0.00,0.00,0.00,4.123,4.141,4.159
2026-02-04 17:06:36,244.86,4,369,373,1.07%,83.00,0.25%,"[0, 5, 10, 15, 20, 25, 30, 35, 40, 45, 50, 55, 60, 65, 70, 75, 80, 85, 90, 95, 100]","[4, 0, 0, 0, 0, 0, 0, 0, 0, 0, 0, 0, 0, 0, 0, 0, 1246, 14, 349, 0]","[0.0024798512089274642, 0.0024798512089274642, 0.0024798512089274642, 0.0024798512089274642, 0.0024798512089274642, 0.0024798512089274642, 0.0024798512089274642, 0.0024798512089274642, 0.0024798512089274642, 0.0024798512089274642, 0.0024798512089274642, 0.0024798512089274642, 0.0024798512089274642, 0.0024798512089274642, 0.0024798512089274642, 0.0024798512089274642, 0.7749535027898327, 0.7836329820210788, 1.0, 1.0]",4.0,2.0,2.0,2.0,2.0,0,-28.7994,8.0,-12.0,hrl_dqn_apf,hierarchical,dqn,-10.000,0.051,-0.757,0.00,0.00,0.00,-14.299,-106.693,-0.589,0.00,0.00,0.00,-20.109,-106.691,-0.590,0.00,0.00,0.00,4.120,4.138,4.156
2026-02-04 17:06:37,245.86,4,369,373,1.07%,83.36,0.25%,"[0, 5, 10, 15, 20, 25, 30, 35, 40, 45, 50, 55, 60, 65, 70, 75, 80, 85, 90, 95, 100]","[4, 0, 0, 0, 0, 0, 0, 0, 0, 0, 0, 0, 0, 0, 0, 0, 1242, 16, 7, 344]","[0.0024798512089274642, 0.0024798512089274642, 0.0024798512089274642, 0.0024798512089274642, 0.0024798512089274642, 0.0024798512089274642, 0.0024798512089274642, 0.0024798512089274642, 0.0024798512089274642, 0.0024798512089274642, 0.0024798512089274642, 0.0024798512089274642, 0.0024798512089274642, 0.0024798512089274642, 0.0024798512089274642, 0.0024798512089274642, 0.7724736515809052, 0.782393056416615, 0.7867327960322381, 1.0]",4.0,2.0,2.0,2.0,2.0,15,-28.63833,8.0,6.0,hrl_dqn_apf,hierarchical,dqn,-10.000,0.051,-0.757,0.00,0.00,0.00,-14.299,-111.466,-0.589,0.00,0.00,0.00,-20.109,-111.465,-0.590,0.00,0.00,0.00,4.117,4.135,4.153
2026-02-04 17:06:38,246.87,4,370,374,1.07%,83.55,0.25%,"[0, 5, 10, 15, 20, 25, 30, 35, 40, 45, 50, 55, 60, 65, 70, 75, 80, 85, 90, 95, 100]","[4, 0, 0, 0, 0, 0, 0, 0, 0, 0, 0, 0, 0, 0, 0, 0, 1242, 16, 7, 344]","[0.0024798512089274642, 0.0024798512089274642, 0.0024798512089274642, 0.0024798512089274642, 0.0024798512089274642, 0.0024798512089274642, 0.0024798512089274642, 0.0024798512089274642, 0.0024798512089274642, 0.0024798512089274642, 0.0024798512089274642, 0.0024798512089274642, 0.0024798512089274642, 0.0024798512089274642, 0.0024798512089274642, 0.0024798512089274642, 0.7724736515809052, 0.782393056416615, 0.7867327960322381, 1.0]",4.0,2.0,2.0,2.0,2.0,15,-28.63833,8.0,6.0,hrl_dqn_apf,hierarchical,dqn,-10.000,0.051,-0.757,0.00,0.00,0.00,-14.299,-120.937,-0.589,0.00,0.00,0.00,-20.109,-120.936,-0.590,0.00,0.00,0.00,4.114,4.132,4.150
2026-02-04 17:06:39,247.87,4,370,374,1.07%,83.73,0.25%,"[0, 5, 10, 15, 20, 25, 30, 35, 40, 45, 50, 55, 60, 65, 70, 75, 80, 85, 90, 95, 100]","[4, 0, 0, 0, 0, 0, 0, 0, 0, 0, 0, 0, 0, 0, 0, 0, 1242, 10, 12, 345]","[0.0024798512089274642, 0.0024798512089274642, 0.0024798512089274642, 0.0024798512089274642, 0.0024798512089274642, 0.0024798512089274642, 0.0024798512089274642, 0.0024798512089274642, 0.0024798512089274642, 0.0024798512089274642, 0.0024798512089274642, 0.0024798512089274642, 0.0024798512089274642, 0.0024798512089274642, 0.0024798512089274642, 0.0024798512089274642, 0.7724736515809052, 0.7786732796032239, 0.7861128332300062, 1.0]",4.0,2.0,2.0,2.0,2.0,21,-22.47797,8.0,12.0,hrl_dqn_apf,hierarchical,dqn,-10.000,0.051,-0.757,0.00,0.00,0.00,-14.299,-125.672,-0.589,0.00,0.00,0.00,-20.109,-125.670,-0.590,0.00,0.00,0.00,4.111,4.129,4.147
2026-02-04 17:06:40,248.87,4,372,376,1.06%,83.91,0.25%,"[0, 5, 10, 15, 20, 25, 30, 35, 40, 45, 50, 55, 60, 65, 70, 75, 80, 85, 90, 95, 100]","[4, 0, 0, 0, 0, 0, 0, 0, 0, 0, 0, 0, 0, 0, 0, 0, 1240, 10, 14, 345]","[0.0024798512089274642, 0.0024798512089274642, 0.0024798512089274642, 0.0024798512089274642, 0.0024798512089274642, 0.0024798512089274642, 0.0024798512089274642, 0.0024798512089274642, 0.0024798512089274642, 0.0024798512089274642, 0.0024798512089274642, 0.0024798512089274642, 0.0024798512089274642, 0.0024798512089274642, 0.0024798512089274642, 0.0024798512089274642, 0.7712337259764415, 0.7774333539987601, 0.7861128332300062, 1.0]",4.0,2.0,2.0,2.0,2.0,14,-4.317609999999998,8.0,0.0,hrl_dqn_apf,hierarchical,dqn,-10.000,0.051,-0.757,0.00,0.00,0.00,-14.299,-130.387,-0.589,0.00,0.00,0.00,-20.109,-130.385,-0.590,0.00,0.00,0.00,4.108,4.126,4.144
2026-02-04 17:06:41,249.88,4,374,378,1.06%,84.28,0.25%,"[0, 5, 10, 15, 20, 25, 30, 35, 40, 45, 50, 55, 60, 65, 70, 75, 80, 85, 90, 95, 100]","[4, 0, 0, 0, 0, 0, 0, 0, 0, 0, 0, 0, 0, 0, 0, 0, 1236, 10, 14, 349]","[0.0024798512089274642, 0.0024798512089274642, 0.0024798512089274642, 0.0024798512089274642, 0.0024798512089274642, 0.0024798512089274642, 0.0024798512089274642, 0.0024798512089274642, 0.0024798512089274642, 0.0024798512089274642, 0.0024798512089274642, 0.0024798512089274642, 0.0024798512089274642, 0.0024798512089274642, 0.0024798512089274642, 0.0024798512089274642, 0.768753874767514, 0.7749535027898327, 0.7836329820210788, 1.0]",4.0,2.0,2.0,2.0,2.0,14,-4.317609999999998,8.0,0.0,hrl_dqn_apf,hierarchical,dqn,-10.000,0.051,-0.757,0.00,0.00,0.00,-14.299,-135.119,-0.589,0.00,0.00,0.00,-20.109,-135.118,-0.590,0.00,0.00,0.00,4.105,4.123,4.141
2026-02-04 17:06:42,250.88,4,376,380,1.05%,84.47,0.25%,"[0, 5, 10, 15, 20, 25, 30, 35, 40, 45, 50, 55, 60, 65, 70, 75, 80, 85, 90, 95, 100]","[4, 0, 0, 0, 0, 0, 0, 0, 0, 0, 0, 0, 0, 0, 0, 0, 1236, 8, 16, 349]","[0.0024798512089274642, 0.0024798512089274642, 0.0024798512089274642, 0.0024798512089274642, 0.0024798512089274642, 0.0024798512089274642, 0.0024798512089274642, 0.0024798512089274642, 0.0024798512089274642, 0.0024798512089274642, 0.0024798512089274642, 0.0024798512089274642, 0.0024798512089274642, 0.0024798512089274642, 0.0024798512089274642, 0.0024798512089274642, 0.768753874767514, 0.7737135771853689, 0.7836329820210788, 1.0]",4.0,2.0,2.0,2.0,2.0,16,-22.15732,8.0,6.0,hrl_dqn_apf,hierarchical,dqn,-10.000,0.051,-0.757,0.00,0.00,0.00,-14.299,-144.613,-0.589,0.00,0.00,0.00,-20.109,-144.612,-0.590,0.00,0.00,0.00,4.101,4.120,4.138
2026-02-04 17:06:43,251.88,4,378,382,1.05%,84.66,0.25%,"[0, 5, 10, 15, 20, 25, 30, 35, 40, 45, 50, 55, 60, 65, 70, 75, 80, 85, 90, 95, 100]","[4, 0, 0, 0, 0, 0, 0, 0, 0, 0, 0, 0, 0, 0, 0, 0, 1235, 9, 16, 349]","[0.0024798512089274642, 0.0024798512089274642, 0.0024798512089274642, 0.0024798512089274642, 0.0024798512089274642, 0.0024798512089274642, 0.0024798512089274642, 0.0024798512089274642, 0.0024798512089274642, 0.0024798512089274642, 0.0024798512089274642, 0.0024798512089274642, 0.0024798512089274642, 0.0024798512089274642, 0.0024798512089274642, 0.0024798512089274642, 0.7681339119652821, 0.7737135771853689, 0.7836329820210788, 1.0]",4.0,2.0,2.0,2.0,2.0,9,-3.996829999999999,8.0,-6.0,hrl_dqn_apf,hierarchical,dqn,-10.000,0.051,-0.757,0.00,0.00,0.00,-14.299,-149.360,-0.589,0.00,0.00,0.00,-20.109,-149.358,-0.590,0.00,0.00,0.00,4.099,4.117,4.135
2026-02-04 17:06:44,252.88,4,380,384,1.04%,84.85,0.25%,"[0, 5, 10, 15, 20, 25, 30, 35, 40, 45, 50, 55, 60, 65, 70, 75, 80, 85, 90, 95, 100]","[4, 0, 0, 0, 0, 0, 0, 0, 0, 0, 0, 0, 0, 0, 0, 0, 1235, 9, 10, 355]","[0.0024798512089274642, 0.0024798512089274642, 0.0024798512089274642, 0.0024798512089274642, 0.0024798512089274642, 0.0024798512089274642, 0.0024798512089274642, 0.0024798512089274642, 0.0024798512089274642, 0.0024798512089274642, 0.0024798512089274642, 0.0024798512089274642, 0.0024798512089274642, 0.0024798512089274642, 0.0024798512089274642, 0.0024798512089274642, 0.7681339119652821, 0.7737135771853689, 0.7799132052076876, 1.0]",4.0,2.0,2.0,2.0,2.0,9,-3.996829999999999,8.0,-6.0,hrl_dqn_apf,hierarchical,dqn,-10.000,0.051,-0.757,0.00,0.00,0.00,-14.299,-154.087,-0.589,0.00,0.00,0.00,-20.109,-154.086,-0.590,0.00,0.00,0.00,4.096,4.114,4.132
2026-02-04 17:06:45,253.89,4,382,386,1.04%,85.22,0.25%,"[0, 5, 10, 15, 20, 25, 30, 35, 40, 45, 50, 55, 60, 65, 70, 75, 80, 85, 90, 95, 100]","[4, 0, 0, 0, 0, 0, 0, 0, 0, 0, 0, 0, 0, 0, 0, 0, 1231, 7, 14, 357]","[0.0024798512089274642, 0.0024798512089274642, 0.0024798512089274642, 0.0024798512089274642, 0.0024798512089274642, 0.0024798512089274642, 0.0024798512089274642, 0.0024798512089274642, 0.0024798512089274642, 0.0024798512089274642, 0.0024798512089274642, 0.0024798512089274642, 0.0024798512089274642, 0.0024798512089274642, 0.0024798512089274642, 0.0024798512089274642, 0.7656540607563547, 0.7699938003719777, 0.7786732796032239, 1.0]",4.0,2.0,2.0,2.0,2.0,2,-15.8368,8.0,-12.0,hrl_dqn_apf,hierarchical,dqn,-10.000,0.051,-0.757,0.00,0.00,0.00,-14.299,-163.660,-0.589,0.00,0.00,0.00,-20.109,-163.659,-0.590,0.00,0.00,0.00,4.093,4.111,4.129
2026-02-04 17:06:46,254.89,4,384,388,1.03%,85.41,0.25%,"[0, 5, 10, 15, 20, 25, 30, 35, 40, 45, 50, 55, 60, 65, 70, 75, 80, 85, 90, 95, 100]","[4, 0, 0, 0, 0, 0, 0, 0, 0, 0, 0, 0, 0, 0, 0, 0, 1231, 7, 10, 361]","[0.0024798512089274642, 0.0024798512089274642, 0.0024798512089274642, 0.0024798512089274642, 0.0024798512089274642, 0.0024798512089274642, 0.0024798512089274642, 0.0024798512089274642, 0.0024798512089274642, 0.0024798512089274642, 0.0024798512089274642, 0.0024798512089274642, 0.0024798512089274642, 0.0024798512089274642, 0.0024798512089274642, 0.0024798512089274642, 0.7656540607563547, 0.7699938003719777, 0.7761934283942964, 1.0]",4.0,2.0,2.0,2.0,2.0,5,-27.67643,8.0,-6.0,hrl_dqn_apf,hierarchical,dqn,-10.000,0.051,-0.757,0.00,0.00,0.00,-14.299,-168.403,-0.589,0.00,0.00,0.00,-20.109,-168.401,-0.590,0.00,0.00,0.00,4.089,4.108,4.126
2026-02-04 17:06:47,255.89,4,384,388,1.03%,85.61,0.25%,"[0, 5, 10, 15, 20, 25, 30, 35, 40, 45, 50, 55, 60, 65, 70, 75, 80, 85, 90, 95, 100]","[4, 0, 0, 0, 0, 0, 0, 0, 0, 0, 0, 0, 0, 0, 0, 0, 1231, 7, 8, 363]","[0.0024798512089274642, 0.0024798512089274642, 0.0024798512089274642, 0.0024798512089274642, 0.0024798512089274642, 0.0024798512089274642, 0.0024798512089274642, 0.0024798512089274642, 0.0024798512089274642, 0.0024798512089274642, 0.0024798512089274642, 0.0024798512089274642, 0.0024798512089274642, 0.0024798512089274642, 0.0024798512089274642, 0.0024798512089274642, 0.7656540607563547, 0.7699938003719777, 0.7749535027898327, 1.0]",4.0,2.0,2.0,2.0,2.0,5,-27.67643,8.0,-6.0,hrl_dqn_apf,hierarchical,dqn,-10.000,0.051,-0.757,0.00,0.00,0.00,-14.299,-173.141,-0.589,0.00,0.00,0.00,-20.109,-173.140,-0.590,0.00,0.00,0.00,4.087,4.105,4.123
2026-02-04 17:06:48,256.89,4,384,388,1.03%,85.80,0.25%,"[0, 5, 10, 15, 20, 25, 30, 35, 40, 45, 50, 55, 60, 65, 70, 75, 80, 85, 90, 95, 100]","[4, 0, 0, 0, 0, 0, 0, 0, 0, 0, 0, 0, 0, 0, 0, 0, 1225, 12, 9, 363]","[0.0024798512089274642, 0.0024798512089274642, 0.0024798512089274642, 0.0024798512089274642, 0.0024798512089274642, 0.0024798512089274642, 0.0024798512089274642, 0.0024798512089274642, 0.0024798512089274642, 0.0024798512089274642, 0.0024798512089274642, 0.0024798512089274642, 0.0024798512089274642, 0.0024798512089274642, 0.0024798512089274642, 0.0024798512089274642, 0.7619342839429635, 0.7693738375697459, 0.7749535027898327, 1.0]",4.0,2.0,2.0,2.0,2.0,22,-15.51615,8.0,12.0,hrl_dqn_apf,hierarchical,dqn,-10.000,0.051,-0.757,0.00,0.00,0.00,-14.299,-177.791,-0.589,0.00,0.00,0.00,-20.109,-177.789,-0.590,0.00,0.00,0.00,4.083,4.102,4.120
2026-02-04 17:06:49,257.90,4,386,390,1.03%,86.18,0.25%,"[0, 5, 10, 15, 20, 25, 30, 35, 40, 45, 50, 55, 60, 65, 70, 75, 80, 85, 90, 95, 100]","[4, 0, 0, 0, 0, 0, 0, 0, 0, 0, 0, 0, 0, 0, 0, 0, 1223, 14, 9, 363]","[0.0024798512089274642, 0.0024798512089274642, 0.0024798512089274642, 0.0024798512089274642, 0.0024798512089274642, 0.0024798512089274642, 0.0024798512089274642, 0.0024798512089274642, 0.0024798512089274642, 0.0024798512089274642, 0.0024798512089274642, 0.0024798512089274642, 0.0024798512089274642, 0.0024798512089274642, 0.0024798512089274642, 0.0024798512089274642, 0.7606943583384997, 0.7693738375697459, 0.7749535027898327, 1.0]",4.0,2.0,2.0,2.0,2.0,8,-9.35607,8.0,-6.0,hrl_dqn_apf,hierarchical,dqn,-10.000,0.051,-0.757,0.00,0.00,0.00,-14.299,-187.017,-0.589,0.00,0.00,0.00,-20.109,-187.015,-0.590,0.00,0.00,0.00,4.081,4.099,4.117
2026-02-04 17:06:50,258.90,4,386,390,1.03%,86.37,0.25%,"[0, 5, 10, 15, 20, 25, 30, 35, 40, 45, 50, 55, 60, 65, 70, 75, 80, 85, 90, 95, 100]","[4, 0, 0, 0, 0, 0, 0, 0, 0, 0, 0, 0, 0, 0, 0, 0, 1219, 14, 7, 369]","[0.0024798512089274642, 0.0024798512089274642, 0.0024798512089274642, 0.0024798512089274642, 0.0024798512089274642, 0.0024798512089274642, 0.0024798512089274642, 0.0024798512089274642, 0.0024798512089274642, 0.0024798512089274642, 0.0024798512089274642, 0.0024798512089274642, 0.0024798512089274642, 0.0024798512089274642, 0.0024798512089274642, 0.0024798512089274642, 0.7582145071295723, 0.7668939863608184, 0.7712337259764415, 1.0]",4.0,2.0,2.0,2.0,2.0,8,-9.35607,8.0,-6.0,hrl_dqn_apf,hierarchical,dqn,-10.000,0.051,-0.757,0.00,0.00,0.00,-14.299,-191.520,-0.589,0.00,0.00,0.00,-20.109,-191.519,-0.590,0.00,0.00,0.00,4.077,4.096,4.114
2026-02-04 17:06:51,259.91,4,386,390,1.03%,86.56,0.25%,"[0, 5, 10, 15, 20, 25, 30, 35, 40, 45, 50, 55, 60, 65, 70, 75, 80, 85, 90, 95, 100]","[4, 0, 0, 0, 0, 0, 0, 0, 0, 0, 0, 0, 0, 0, 0, 0, 1217, 16, 7, 369]","[0.0024798512089274642, 0.0024798512089274642, 0.0024798512089274642, 0.0024798512089274642, 0.0024798512089274642, 0.0024798512089274642, 0.0024798512089274642, 0.0024798512089274642, 0.0024798512089274642, 0.0024798512089274642, 0.0024798512089274642, 0.0024798512089274642, 0.0024798512089274642, 0.0024798512089274642, 0.0024798512089274642, 0.0024798512089274642, 0.7569745815251085, 0.7668939863608184, 0.7712337259764415, 1.0]",4.0,2.0,2.0,2.0,2.0,21,-21.27701,8.0,12.0,hrl_dqn_apf,hierarchical,dqn,-10.000,0.051,-0.757,0.00,0.00,0.00,-14.299,-196.254,-0.589,0.00,0.00,0.00,-20.109,-196.253,-0.590,0.00,0.00,0.00,4.074,4.093,4.111
2026-02-04 17:06:52,260.91,4,387,391,1.02%,86.76,0.25%,"[0, 5, 10, 15, 20, 25, 30, 35, 40, 45, 50, 55, 60, 65, 70, 75, 80, 85, 90, 95, 100]","[4, 0, 0, 0, 0, 0, 0, 0, 0, 0, 0, 0, 0, 0, 0, 0, 1217, 16, 7, 369]","[0.0024798512089274642, 0.0024798512089274642, 0.0024798512089274642, 0.0024798512089274642, 0.0024798512089274642, 0.0024798512089274642, 0.0024798512089274642, 0.0024798512089274642, 0.0024798512089274642, 0.0024798512089274642, 0.0024798512089274642, 0.0024798512089274642, 0.0024798512089274642, 0.0024798512089274642, 0.0024798512089274642, 0.0024798512089274642, 0.7569745815251085, 0.7668939863608184, 0.7712337259764415, 1.0]",4.0,2.0,2.0,2.0,2.0,21,-21.27701,8.0,12.0,hrl_dqn_apf,hierarchical,dqn,-10.000,0.051,-0.757,0.00,0.00,0.00,-14.299,-200.970,-0.589,0.00,0.00,0.00,-20.109,-200.969,-0.590,0.00,0.00,0.00,4.071,4.090,4.108
2026-02-04 17:06:53,261.92,4,389,393,1.02%,87.14,0.25%,"[0, 5, 10, 15, 20, 25, 30, 35, 40, 45, 50, 55, 60, 65, 70, 75, 80, 85, 90, 95, 100]","[4, 0, 0, 0, 0, 0, 0, 0, 0, 0, 0, 0, 0, 0, 0, 0, 1217, 8, 14, 370]","[0.0024798512089274642, 0.0024798512089274642, 0.0024798512089274642, 0.0024798512089274642, 0.0024798512089274642, 0.0024798512089274642, 0.0024798512089274642, 0.0024798512089274642, 0.0024798512089274642, 0.0024798512089274642, 0.0024798512089274642, 0.0024798512089274642, 0.0024798512089274642, 0.0024798512089274642, 0.0024798512089274642, 0.0024798512089274642, 0.7569745815251085, 0.7619342839429635, 0.7706137631742096, 1.0]",4.0,2.0,2.0,2.0,2.0,23,-9.11556,8.0,12.0,hrl_dqn_apf,hierarchical,dqn,-10.000,0.051,-0.757,0.00,0.00,0.00,-14.299,-210.413,-0.589,0.00,0.00,0.00,-20.109,-210.412,-0.590,0.00,0.00,0.00,4.068,4.087,4.105
2026-02-04 17:06:54,262.92,4,391,395,1.01%,87.33,0.25%,"[0, 5, 10, 15, 20, 25, 30, 35, 40, 45, 50, 55, 60, 65, 70, 75, 80, 85, 90, 95, 100]","[4, 0, 0, 0, 0, 0, 0, 0, 0, 0, 0, 0, 0, 0, 0, 0, 1211, 14, 14, 370]","[0.0024798512089274642, 0.0024798512089274642, 0.0024798512089274642, 0.0024798512089274642, 0.0024798512089274642, 0.0024798512089274642, 0.0024798512089274642, 0.0024798512089274642, 0.0024798512089274642, 0.0024798512089274642, 0.0024798512089274642, 0.0024798512089274642, 0.0024798512089274642, 0.0024798512089274642, 0.0024798512089274642, 0.0024798512089274642, 0.7532548047117174, 0.7619342839429635, 0.7706137631742096, 1.0]",4.0,2.0,2.0,2.0,2.0,0,-26.95527,8.0,-12.0,hrl_dqn_apf,hierarchical,dqn,-10.000,0.051,-0.757,0.00,0.00,0.00,-14.299,-215.125,-0.589,0.00,0.00,0.00,-20.109,-215.124,-0.590,0.00,0.00,0.00,4.065,4.084,4.102
2026-02-04 17:06:55,263.93,4,391,395,1.01%,87.53,0.25%,"[0, 5, 10, 15, 20, 25, 30, 35, 40, 45, 50, 55, 60, 65, 70, 75, 80, 85, 90, 95, 100]","[4, 0, 0, 0, 0, 0, 0, 0, 0, 0, 0, 0, 0, 0, 0, 0, 1211, 10, 16, 372]","[0.0024798512089274642, 0.0024798512089274642, 0.0024798512089274642, 0.0024798512089274642, 0.0024798512089274642, 0.0024798512089274642, 0.0024798512089274642, 0.0024798512089274642, 0.0024798512089274642, 0.0024798512089274642, 0.0024798512089274642, 0.0024798512089274642, 0.0024798512089274642, 0.0024798512089274642, 0.0024798512089274642, 0.0024798512089274642, 0.7532548047117174, 0.759454432734036, 0.7693738375697459, 1.0]",4.0,2.0,2.0,2.0,2.0,0,-26.95527,8.0,-12.0,hrl_dqn_apf,hierarchical,dqn,-10.000,0.051,-0.757,0.00,0.00,0.00,-14.299,-219.853,-0.589,0.00,0.00,0.00,-20.109,-219.851,-0.590,0.00,0.00,0.00,4.062,4.081,4.099
2026-02-04 17:06:56,264.94,4,389,393,1.02%,87.72,0.25%,"[0, 5, 10, 15, 20, 25, 30, 35, 40, 45, 50, 55, 60, 65, 70, 75, 80, 85, 90, 95, 100]","[4, 0, 0, 0, 0, 0, 0, 0, 0, 0, 0, 0, 0, 0, 0, 0, 1211, 8, 16, 374]","[0.0024798512089274642, 0.0024798512089274642, 0.0024798512089274642, 0.0024798512089274642, 0.0024798512089274642, 0.0024798512089274642, 0.0024798512089274642, 0.0024798512089274642, 0.0024798512089274642, 0.0024798512089274642, 0.0024798512089274642, 0.0024798512089274642, 0.0024798512089274642, 0.0024798512089274642, 0.0024798512089274642, 0.0024798512089274642, 0.7532548047117174, 0.7582145071295723, 0.7681339119652821, 1.0]",4.0,2.0,2.0,2.0,2.0,6,-20.79504,8.0,-6.0,hrl_dqn_apf,hierarchical,dqn,-10.000,0.051,-0.757,0.00,0.00,0.00,-14.299,-224.685,-0.589,0.00,0.00,0.00,-20.109,-224.683,-0.590,0.00,0.00,0.00,4.059,4.078,4.096
2026-02-04 17:06:57,265.95,4,397,401,1.00%,88.12,0.25%,"[0, 5, 10, 15, 20, 25, 30, 35, 40, 45, 50, 55, 60, 65, 70, 75, 80, 85, 90, 95, 100]","[4, 0, 0, 0, 0, 0, 0, 0, 0, 0, 0, 0, 0, 0, 0, 0, 1210, 9, 12, 378]","[0.0024798512089274642, 0.0024798512089274642, 0.0024798512089274642, 0.0024798512089274642, 0.0024798512089274642, 0.0024798512089274642, 0.0024798512089274642, 0.0024798512089274642, 0.0024798512089274642, 0.0024798512089274642, 0.0024798512089274642, 0.0024798512089274642, 0.0024798512089274642, 0.0024798512089274642, 0.0024798512089274642, 0.0024798512089274642, 0.7526348419094855, 0.7582145071295723, 0.7656540607563547, 1.0]",4.0,2.0,2.0,2.0,2.0,21,-20.63449,8.0,12.0,hrl_dqn_apf,hierarchical,dqn,-10.000,0.051,-0.757,0.00,0.00,0.00,-14.299,-234.118,-0.589,0.00,0.00,0.00,-20.109,-234.117,-0.590,0.00,0.00,0.00,4.056,4.075,4.093
2026-02-04 17:06:58,266.95,4,395,399,1.00%,88.31,0.25%,"[0, 5, 10, 15, 20, 25, 30, 35, 40, 45, 50, 55, 60, 65, 70, 75, 80, 85, 90, 95, 100]","[4, 0, 0, 0, 0, 0, 0, 0, 0, 0, 0, 0, 0, 0, 0, 0, 1210, 9, 8, 382]","[0.0024798512089274642, 0.0024798512089274642, 0.0024798512089274642, 0.0024798512089274642, 0.0024798512089274642, 0.0024798512089274642, 0.0024798512089274642, 0.0024798512089274642, 0.0024798512089274642, 0.0024798512089274642, 0.0024798512089274642, 0.0024798512089274642, 0.0024798512089274642, 0.0024798512089274642, 0.0024798512089274642, 0.0024798512089274642, 0.7526348419094855, 0.7582145071295723, 0.7631742095474272, 1.0]",4.0,2.0,2.0,2.0,2.0,21,-20.63449,8.0,12.0,hrl_dqn_apf,hierarchical,dqn,-10.000,0.051,-0.757,0.00,0.00,0.00,-14.299,-238.822,-0.589,0.00,0.00,0.00,-20.109,-238.821,-0.590,0.00,0.00,0.00,4.053,4.072,4.090
2026-02-04 17:06:59,267.96,4,399,403,0.99%,88.51,0.25%,"[0, 5, 10, 15, 20, 25, 30, 35, 40, 45, 50, 55, 60, 65, 70, 75, 80, 85, 90, 95, 100]","[4, 0, 0, 0, 0, 0, 0, 0, 0, 0, 0, 0, 0, 0, 0, 0, 1206, 7, 14, 382]","[0.0024798512089274642, 0.0024798512089274642, 0.0024798512089274642, 0.0024798512089274642, 0.0024798512089274642, 0.0024798512089274642, 0.0024798512089274642, 0.0024798512089274642, 0.0024798512089274642, 0.0024798512089274642, 0.0024798512089274642, 0.0024798512089274642, 0.0024798512089274642, 0.0024798512089274642, 0.0024798512089274642, 0.0024798512089274642, 0.750154990700558, 0.7544947303161811, 0.7631742095474272, 1.0]",4.0,2.0,2.0,2.0,2.0,21,-20.47437,8.0,12.0,hrl_dqn_apf,hierarchical,dqn,-10.000,0.051,-0.757,0.00,0.00,0.00,-14.299,-243.544,-0.589,0.00,0.00,0.00,-20.109,-243.543,-0.590,0.00,0.00,0.00,4.050,4.069,4.087
2026-02-04 17:07:00,268.96,4,401,405,0.99%,88.71,0.25%,"[0, 5, 10, 15, 20, 25, 30, 35, 40, 45, 50, 55, 60, 65, 70, 75, 80, 85, 90, 95, 100]","[4, 0, 0, 0, 0, 0, 0, 0, 0, 0, 0, 0, 0, 0, 0, 0, 1206, 7, 12, 384]","[0.0024798512089274642, 0.0024798512089274642, 0.0024798512089274642, 0.0024798512089274642, 0.0024798512089274642, 0.0024798512089274642, 0.0024798512089274642, 0.0024798512089274642, 0.0024798512089274642, 0.0024798512089274642, 0.0024798512089274642, 0.0024798512089274642, 0.0024798512089274642, 0.0024798512089274642, 0.0024798512089274642, 0.0024798512089274642, 0.750154990700558, 0.7544947303161811, 0.7619342839429635, 1.0]",4.0,2.0,2.0,2.0,2.0,5,-26.31419,8.0,-6.0,hrl_dqn_apf,hierarchical,dqn,-10.000,0.051,-0.757,0.00,0.00,0.00,-14.299,-248.266,-0.589,0.00,0.00,0.00,-20.109,-248.264,-0.590,0.00,0.00,0.00,4.047,4.066,4.084
2026-02-04 17:07:01,269.96,4,401,405,0.99%,89.11,0.25%,"[0, 5, 10, 15, 20, 25, 30, 35, 40, 45, 50, 55, 60, 65, 70, 75, 80, 85, 90, 95, 100]","[4, 0, 0, 0, 0, 0, 0, 0, 0, 0, 0, 0, 0, 0, 0, 0, 1200, 12, 9, 388]","[0.0024798512089274642, 0.0024798512089274642, 0.0024798512089274642, 0.0024798512089274642, 0.0024798512089274642, 0.0024798512089274642, 0.0024798512089274642, 0.0024798512089274642, 0.0024798512089274642, 0.0024798512089274642, 0.0024798512089274642, 0.0024798512089274642, 0.0024798512089274642, 0.0024798512089274642, 0.0024798512089274642, 0.0024798512089274642, 0.7464352138871667, 0.7538747675139492, 0.759454432734036, 1.0]",4.0,2.0,2.0,2.0,2.0,5,-26.31419,8.0,-6.0,hrl_dqn_apf,hierarchical,dqn,-10.000,0.051,-0.757,0.00,0.00,0.00,-14.299,-257.684,-0.589,0.00,0.00,0.00,-20.109,-257.683,-0.590,0.00,0.00,0.00,4.044,4.063,4.081
2026-02-04 17:07:02,270.97,4,401,405,0.99%,89.31,0.25%,"[0, 5, 10, 15, 20, 25, 30, 35, 40, 45, 50, 55, 60, 65, 70, 75, 80, 85, 90, 95, 100]","[4, 0, 0, 0, 0, 0, 0, 0, 0, 0, 0, 0, 0, 0, 0, 0, 1198, 14, 9, 388]","[0.0024798512089274642, 0.0024798512089274642, 0.0024798512089274642, 0.0024798512089274642, 0.0024798512089274642, 0.0024798512089274642, 0.0024798512089274642, 0.0024798512089274642, 0.0024798512089274642, 0.0024798512089274642, 0.0024798512089274642, 0.0024798512089274642, 0.0024798512089274642, 0.0024798512089274642, 0.0024798512089274642, 0.0024798512089274642, 0.745195288282703, 0.7538747675139492, 0.759454432734036, 1.0]",4.0,2.0,2.0,2.0,2.0,3,-8.15387,8.0,-12.0,hrl_dqn_apf,hierarchical,dqn,-10.000,0.051,-0.757,0.00,0.00,0.00,-14.299,-262.384,-0.589,0.00,0.00,0.00,-20.109,-262.383,-0.590,0.00,0.00,0.00,4.041,4.060,4.078
2026-02-04 17:07:03,271.98,4,405,409,0.98%,89.51,0.25%,"[0, 5, 10, 15, 20, 25, 30, 35, 40, 45, 50, 55, 60, 65, 70, 75, 80, 85, 90, 95, 100]","[4, 0, 0, 0, 0, 0, 0, 0, 0, 0, 0, 0, 0, 0, 0, 0, 1198, 14, 9, 388]","[0.0024798512089274642, 0.0024798512089274642, 0.0024798512089274642, 0.0024798512089274642, 0.0024798512089274642, 0.0024798512089274642, 0.0024798512089274642, 0.0024798512089274642, 0.0024798512089274642, 0.0024798512089274642, 0.0024798512089274642, 0.0024798512089274642, 0.0024798512089274642, 0.0024798512089274642, 0.0024798512089274642, 0.0024798512089274642, 0.745195288282703, 0.7538747675139492, 0.759454432734036, 1.0]",4.0,2.0,2.0,2.0,2.0,16,-19.99375,8.0,6.0,hrl_dqn_apf,hierarchical,dqn,-10.000,0.051,-0.757,0.00,0.00,0.00,-14.299,-266.873,-0.589,0.00,0.00,0.00,-20.109,-266.871,-0.590,0.00,0.00,0.00,4.038,4.057,4.075
2026-02-04 17:07:04,272.98,4,403,407,0.98%,89.71,0.25%,"[0, 5, 10, 15, 20, 25, 30, 35, 40, 45, 50, 55, 60, 65, 70, 75, 80, 85, 90, 95, 100]","[4, 0, 0, 0, 0, 0, 0, 0, 0, 0, 0, 0, 0, 0, 0, 0, 1194, 16, 5, 394]","[0.0024798512089274642, 0.0024798512089274642, 0.0024798512089274642, 0.0024798512089274642, 0.0024798512089274642, 0.0024798512089274642, 0.0024798512089274642, 0.0024798512089274642, 0.0024798512089274642, 0.0024798512089274642, 0.0024798512089274642, 0.0024798512089274642, 0.0024798512089274642, 0.0024798512089274642, 0.0024798512089274642, 0.0024798512089274642, 0.7427154370737755, 0.7526348419094855, 0.7557346559206448, 1.0]",4.0,2.0,2.0,2.0,2.0,16,-19.99375,8.0,6.0,hrl_dqn_apf,hierarchical,dqn,-10.000,0.051,-0.757,0.00,0.00,0.00,-14.299,-271.573,-0.589,0.00,0.00,0.00,-20.109,-271.571,-0.590,0.00,0.00,0.00,4.035,4.054,4.072
2026-02-04 17:07:05,273.98,4,404,408,0.98%,90.11,0.25%,"[0, 5, 10, 15, 20, 25, 30, 35, 40, 45, 50, 55, 60, 65, 70, 75, 80, 85, 90, 95, 100]","[4, 0, 0, 0, 0, 0, 0, 0, 0, 0, 0, 0, 0, 0, 0, 0, 1192, 16, 7, 394]","[0.0024798512089274642, 0.0024798512089274642, 0.0024798512089274642, 0.0024798512089274642, 0.0024798512089274642, 0.0024798512089274642, 0.0024798512089274642, 0.0024798512089274642, 0.0024798512089274642, 0.0024798512089274642, 0.0024798512089274642, 0.0024798512089274642, 0.0024798512089274642, 0.0024798512089274642, 0.0024798512089274642, 0.0024798512089274642, 0.7414755114693118, 0.7513949163050218, 0.7557346559206448, 1.0]",4.0,2.0,2.0,2.0,2.0,8,-7.83352,8.0,-6.0,hrl_dqn_apf,hierarchical,dqn,-10.000,0.051,-0.757,0.00,0.00,0.00,-14.299,-280.977,-0.589,0.00,0.00,0.00,-20.109,-280.976,-0.590,0.00,0.00,0.00,4.032,4.051,4.069
2026-02-04 17:07:06,274.99,4,404,408,0.98%,90.31,0.25%,"[0, 5, 10, 15, 20, 25, 30, 35, 40, 45, 50, 55, 60, 65, 70, 75, 80, 85, 90, 95, 100]","[4, 0, 0, 0, 0, 0, 0, 0, 0, 0, 0, 0, 0, 0, 0, 0, 1192, 12, 11, 394]","[0.0024798512089274642, 0.0024798512089274642, 0.0024798512089274642, 0.0024798512089274642, 0.0024798512089274642, 0.0024798512089274642, 0.0024798512089274642, 0.0024798512089274642, 0.0024798512089274642, 0.0024798512089274642, 0.0024798512089274642, 0.0024798512089274642, 0.0024798512089274642, 0.0024798512089274642, 0.0024798512089274642, 0.0024798512089274642, 0.7414755114693118, 0.7489150650960942, 0.7557346559206448, 1.0]",4.0,2.0,2.0,2.0,2.0,1,-19.67296,8.0,-12.0,hrl_dqn_apf,hierarchical,dqn,-10.000,0.051,-0.757,0.00,0.00,0.00,-14.299,-285.686,-0.589,0.00,0.00,0.00,-20.109,-285.685,-0.590,0.00,0.00,0.00,4.029,4.048,4.066
2026-02-04 17:07:07,275.99,4,404,408,0.98%,90.51,0.25%,"[0, 5, 10, 15, 20, 25, 30, 35, 40, 45, 50, 55, 60, 65, 70, 75, 80, 85, 90, 95, 100]","[4, 0, 0, 0, 0, 0, 0, 0, 0, 0, 0, 0, 0, 0, 0, 0, 1192, 8, 14, 395]","[0.0024798512089274642, 0.0024798512089274642, 0.0024798512089274642, 0.0024798512089274642, 0.0024798512089274642, 0.0024798512089274642, 0.0024798512089274642, 0.0024798512089274642, 0.0024798512089274642, 0.0024798512089274642, 0.0024798512089274642, 0.0024798512089274642, 0.0024798512089274642, 0.0024798512089274642, 0.0024798512089274642, 0.0024798512089274642, 0.7414755114693118, 0.7464352138871667, 0.755114693118413, 1.0]",4.0,2.0,2.0,2.0,2.0,1,-19.67296,8.0,-12.0,hrl_dqn_apf,hierarchical,dqn,-10.000,0.051,-0.757,0.00,0.00,0.00,-14.299,-290.379,-0.589,0.00,0.00,0.00,-20.109,-290.377,-0.590,0.00,0.00,0.00,4.028,4.047,4.065
