timestamp,elapsed_time,scanned_count,unscanned_count,total_count,scan_ratio,global_avg_entropy,global_scan_ratio,entropy_bins,entropy_hist,entropy_cdf,repulsion_coefficient,entropy_coefficient,distance_coefficient,leader_range_coefficient,direction_retention_coefficient,hl_action,hl_goal_x,hl_goal_y,hl_goal_z,algorithm_type,env_type,control_mode,UAV1_x,UAV1_y,UAV1_z,UAV1_roll,UAV1_pitch,UAV1_yaw,UAV2_x,UAV2_y,UAV2_z,UAV2_roll,UAV2_pitch,UAV2_yaw,UAV3_x,UAV3_y,UAV3_z,UAV3_roll,UAV3_pitch,UAV3_yaw,UAV1_battery_voltage,UAV2_battery_voltage,UAV3_battery_voltage
2026-02-04 13:00:16,1.00,4,348,352,1.14%,79.98,0.25%,"[0, 5, 10, 15, 20, 25, 30, 35, 40, 45, 50, 55, 60, 65, 70, 75, 80, 85, 90, 95, 100]","[4, 0, 0, 0, 0, 0, 0, 0, 0, 0, 0, 0, 0, 0, 0, 0, 1609, 0, 0, 0]","[0.0024798512089274642, 0.0024798512089274642, 0.0024798512089274642, 0.0024798512089274642, 0.0024798512089274642, 0.0024798512089274642, 0.0024798512089274642, 0.0024798512089274642, 0.0024798512089274642, 0.0024798512089274642, 0.0024798512089274642, 0.0024798512089274642, 0.0024798512089274642, 0.0024798512089274642, 0.0024798512089274642, 0.0024798512089274642, 1.0, 1.0, 1.0, 1.0]",4.0,2.0,2.0,2.0,2.0,,,,,hrl_dqn_apf,hierarchical,dqn,-10.000,1.558,-0.757,0.00,0.00,0.00,-14.300,1.563,-0.590,0.00,0.00,0.00,-20.110,1.561,-0.590,0.00,0.00,0.00,4.200,4.200,4.200
2026-02-04 13:00:17,2.00,4,348,352,1.14%,80.15,0.25%,"[0, 5, 10, 15, 20, 25, 30, 35, 40, 45, 50, 55, 60, 65, 70, 75, 80, 85, 90, 95, 100]","[4, 0, 0, 0, 0, 0, 0, 0, 0, 0, 0, 0, 0, 0, 0, 0, 1609, 0, 0, 0]","[0.0024798512089274642, 0.0024798512089274642, 0.0024798512089274642, 0.0024798512089274642, 0.0024798512089274642, 0.0024798512089274642, 0.0024798512089274642, 0.0024798512089274642, 0.0024798512089274642, 0.0024798512089274642, 0.0024798512089274642, 0.0024798512089274642, 0.0024798512089274642, 0.0024798512089274642, 0.0024798512089274642, 0.0024798512089274642, 1.0, 1.0, 1.0, 1.0]",4.0,2.0,2.0,2.0,2.0,,,,,hrl_dqn_apf,hierarchical,dqn,-10.000,1.558,-0.757,0.00,0.00,0.00,-14.300,1.563,-0.590,0.00,0.00,0.00,-20.110,1.561,-0.590,0.00,0.00,0.00,4.200,4.200,4.200
2026-02-04 13:00:18,3.01,4,349,353,1.13%,80.32,0.25%,"[0, 5, 10, 15, 20, 25, 30, 35, 40, 45, 50, 55, 60, 65, 70, 75, 80, 85, 90, 95, 100]","[4, 0, 0, 0, 0, 0, 0, 0, 0, 0, 0, 0, 0, 0, 0, 0, 1609, 0, 0, 0]","[0.0024798512089274642, 0.0024798512089274642, 0.0024798512089274642, 0.0024798512089274642, 0.0024798512089274642, 0.0024798512089274642, 0.0024798512089274642, 0.0024798512089274642, 0.0024798512089274642, 0.0024798512089274642, 0.0024798512089274642, 0.0024798512089274642, 0.0024798512089274642, 0.0024798512089274642, 0.0024798512089274642, 0.0024798512089274642, 1.0, 1.0, 1.0, 1.0]",4.0,2.0,2.0,2.0,2.0,,,,,hrl_dqn_apf,hierarchical,dqn,-10.000,1.558,-0.757,0.00,0.00,0.00,-14.300,1.563,-0.590,0.00,0.00,0.00,-20.110,1.561,-0.590,0.00,0.00,0.00,4.200,4.200,4.200
2026-02-04 13:00:19,4.01,4,349,353,1.13%,80.64,0.25%,"[0, 5, 10, 15, 20, 25, 30, 35, 40, 45, 50, 55, 60, 65, 70, 75, 80, 85, 90, 95, 100]","[4, 0, 0, 0, 0, 0, 0, 0, 1, 0, 0, 0, 0, 0, 0, 0, 1608, 0, 0, 0]","[0.0024798512089274642, 0.0024798512089274642, 0.0024798512089274642, 0.0024798512089274642, 0.0024798512089274642, 0.0024798512089274642, 0.0024798512089274642, 0.0024798512089274642, 0.0030998140111593306, 0.0030998140111593306, 0.0030998140111593306, 0.0030998140111593306, 0.0030998140111593306, 0.0030998140111593306, 0.0030998140111593306, 0.0030998140111593306, 1.0, 1.0, 1.0, 1.0]",4.0,2.0,2.0,2.0,2.0,,,,,hrl_dqn_apf,hierarchical,dqn,-9.771,1.529,-0.766,0.00,0.00,0.00,-14.529,1.533,-0.581,0.00,0.00,0.00,-20.110,1.532,-0.819,0.00,0.00,0.00,4.197,4.197,4.197
2026-02-04 13:00:20,5.01,7,348,355,1.97%,80.72,0.43%,"[0, 5, 10, 15, 20, 25, 30, 35, 40, 45, 50, 55, 60, 65, 70, 75, 80, 85, 90, 95, 100]","[5, 0, 0, 1, 0, 1, 0, 0, 0, 0, 0, 0, 0, 0, 0, 0, 1606, 0, 0, 0]","[0.0030998140111593306, 0.0030998140111593306, 0.0030998140111593306, 0.0037197768133911966, 0.0037197768133911966, 0.0043397396156230625, 0.0043397396156230625, 0.0043397396156230625, 0.0043397396156230625, 0.0043397396156230625, 0.0043397396156230625, 0.0043397396156230625, 0.0043397396156230625, 0.0043397396156230625, 0.0043397396156230625, 0.0043397396156230625, 1.0, 1.0, 1.0, 1.0]",4.0,2.0,2.0,2.0,2.0,12,-17.76055,8.0,0.0,hrl_dqn_apf,hierarchical,dqn,-9.182,1.506,-0.790,0.00,0.00,0.00,-15.118,1.510,-0.558,0.00,0.00,0.00,-20.110,1.508,-1.408,0.00,0.00,0.00,4.194,4.194,4.194
2026-02-04 13:00:21,6.02,7,350,357,1.96%,80.84,0.43%,"[0, 5, 10, 15, 20, 25, 30, 35, 40, 45, 50, 55, 60, 65, 70, 75, 80, 85, 90, 95, 100]","[7, 0, 0, 0, 0, 0, 0, 0, 0, 1, 0, 0, 0, 0, 0, 0, 1261, 344, 0, 0]","[0.0043397396156230625, 0.0043397396156230625, 0.0043397396156230625, 0.0043397396156230625, 0.0043397396156230625, 0.0043397396156230625, 0.0043397396156230625, 0.0043397396156230625, 0.0043397396156230625, 0.0049597024178549285, 0.0049597024178549285, 0.0049597024178549285, 0.0049597024178549285, 0.0049597024178549285, 0.0049597024178549285, 0.0049597024178549285, 0.7867327960322381, 1.0, 1.0, 1.0]",4.0,2.0,2.0,2.0,2.0,18,-11.600639999999999,8.0,6.0,hrl_dqn_apf,hierarchical,dqn,-8.522,1.694,-0.816,0.00,0.00,0.00,-15.778,1.698,-0.531,0.00,0.00,0.00,-20.110,1.514,-1.904,0.00,0.00,0.00,4.191,4.191,4.191
2026-02-04 13:00:22,7.03,10,347,357,2.80%,80.87,0.62%,"[0, 5, 10, 15, 20, 25, 30, 35, 40, 45, 50, 55, 60, 65, 70, 75, 80, 85, 90, 95, 100]","[7, 1, 0, 1, 0, 1, 0, 0, 0, 1, 0, 0, 1, 0, 0, 0, 1261, 340, 0, 0]","[0.0043397396156230625, 0.0049597024178549285, 0.0049597024178549285, 0.005579665220086794, 0.005579665220086794, 0.006199628022318661, 0.006199628022318661, 0.006199628022318661, 0.006199628022318661, 0.006819590824550527, 0.006819590824550527, 0.006819590824550527, 0.007439553626782393, 0.007439553626782393, 0.007439553626782393, 0.007439553626782393, 0.7892126472411656, 1.0, 1.0, 1.0]",4.0,2.0,2.0,2.0,2.0,18,-11.600639999999999,8.0,6.0,hrl_dqn_apf,hierarchical,dqn,-8.221,2.118,-0.829,0.00,0.00,0.00,-16.074,2.057,-0.516,0.00,0.00,0.00,-20.119,1.520,-2.444,0.00,0.00,0.00,4.188,4.188,4.188
2026-02-04 13:00:23,8.03,12,353,365,3.29%,81.08,0.74%,"[0, 5, 10, 15, 20, 25, 30, 35, 40, 45, 50, 55, 60, 65, 70, 75, 80, 85, 90, 95, 100]","[10, 2, 0, 0, 0, 0, 0, 0, 1, 0, 0, 1, 0, 0, 0, 0, 1260, 339, 0, 0]","[0.006199628022318661, 0.007439553626782393, 0.007439553626782393, 0.007439553626782393, 0.007439553626782393, 0.007439553626782393, 0.007439553626782393, 0.007439553626782393, 0.008059516429014259, 0.008059516429014259, 0.008059516429014259, 0.008679479231246125, 0.008679479231246125, 0.008679479231246125, 0.008679479231246125, 0.008679479231246125, 0.7898326100433974, 1.0, 1.0, 1.0]",4.0,2.0,2.0,2.0,2.0,17,-17.44045,8.0,6.0,hrl_dqn_apf,hierarchical,dqn,-8.096,2.928,-0.834,0.00,0.00,0.00,-15.276,2.170,-0.179,0.00,0.00,0.00,-21.057,1.492,-3.256,0.00,0.00,0.00,4.185,4.185,4.185
2026-02-04 13:00:24,9.03,13,350,363,3.58%,81.23,0.81%,"[0, 5, 10, 15, 20, 25, 30, 35, 40, 45, 50, 55, 60, 65, 70, 75, 80, 85, 90, 95, 100]","[10, 3, 0, 0, 0, 0, 0, 0, 1, 0, 0, 0, 0, 0, 0, 0, 1260, 339, 0, 0]","[0.006199628022318661, 0.008059516429014259, 0.008059516429014259, 0.008059516429014259, 0.008059516429014259, 0.008059516429014259, 0.008059516429014259, 0.008059516429014259, 0.008679479231246125, 0.008679479231246125, 0.008679479231246125, 0.008679479231246125, 0.008679479231246125, 0.008679479231246125, 0.008679479231246125, 0.008679479231246125, 0.7898326100433974, 1.0, 1.0, 1.0]",4.0,2.0,2.0,2.0,2.0,17,-17.44045,8.0,6.0,hrl_dqn_apf,hierarchical,dqn,-8.087,3.312,-0.834,0.00,0.00,0.00,-14.752,2.487,0.060,0.00,0.00,0.00,-21.587,1.783,-3.525,0.00,0.00,0.00,4.182,4.182,4.182
2026-02-04 13:00:25,10.04,13,352,365,3.56%,81.40,0.81%,"[0, 5, 10, 15, 20, 25, 30, 35, 40, 45, 50, 55, 60, 65, 70, 75, 80, 85, 90, 95, 100]","[10, 3, 0, 0, 0, 0, 0, 0, 1, 0, 0, 0, 0, 0, 0, 0, 1258, 341, 0, 0]","[0.006199628022318661, 0.008059516429014259, 0.008059516429014259, 0.008059516429014259, 0.008059516429014259, 0.008059516429014259, 0.008059516429014259, 0.008059516429014259, 0.008679479231246125, 0.008679479231246125, 0.008679479231246125, 0.008679479231246125, 0.008679479231246125, 0.008679479231246125, 0.008679479231246125, 0.008679479231246125, 0.7885926844389337, 1.0, 1.0, 1.0]",4.0,2.0,2.0,2.0,2.0,23,-11.279969999999999,8.0,12.0,hrl_dqn_apf,hierarchical,dqn,-8.084,3.708,-0.834,0.00,0.00,0.00,-14.541,2.905,0.159,0.00,0.00,0.00,-21.799,2.207,-3.632,0.00,0.00,0.00,4.179,4.179,4.179
2026-02-04 13:00:26,11.04,13,356,369,3.52%,81.58,0.81%,"[0, 5, 10, 15, 20, 25, 30, 35, 40, 45, 50, 55, 60, 65, 70, 75, 80, 85, 90, 95, 100]","[8, 5, 0, 0, 0, 0, 0, 0, 1, 0, 0, 0, 0, 0, 0, 0, 1256, 7, 336, 0]","[0.0049597024178549285, 0.008059516429014259, 0.008059516429014259, 0.008059516429014259, 0.008059516429014259, 0.008059516429014259, 0.008059516429014259, 0.008059516429014259, 0.008679479231246125, 0.008679479231246125, 0.008679479231246125, 0.008679479231246125, 0.008679479231246125, 0.008679479231246125, 0.008679479231246125, 0.008679479231246125, 0.78735275883447, 0.791692498450093, 1.0, 1.0]",4.0,2.0,2.0,2.0,2.0,23,-11.12002,8.0,12.0,hrl_dqn_apf,hierarchical,dqn,-8.083,4.104,-0.834,0.00,0.00,0.00,-14.475,3.306,0.190,0.00,0.00,0.00,-21.864,2.610,-3.666,0.00,0.00,0.00,4.176,4.176,4.176
2026-02-04 13:00:27,12.04,13,356,369,3.52%,81.94,0.81%,"[0, 5, 10, 15, 20, 25, 30, 35, 40, 45, 50, 55, 60, 65, 70, 75, 80, 85, 90, 95, 100]","[6, 6, 1, 0, 0, 0, 0, 0, 0, 1, 0, 0, 0, 0, 0, 0, 1252, 11, 336, 0]","[0.0037197768133911966, 0.007439553626782393, 0.008059516429014259, 0.008059516429014259, 0.008059516429014259, 0.008059516429014259, 0.008059516429014259, 0.008059516429014259, 0.008059516429014259, 0.008679479231246125, 0.008679479231246125, 0.008679479231246125, 0.008679479231246125, 0.008679479231246125, 0.008679479231246125, 0.008679479231246125, 0.7848729076255425, 0.791692498450093, 1.0, 1.0]",4.0,2.0,2.0,2.0,2.0,23,-11.12002,8.0,12.0,hrl_dqn_apf,hierarchical,dqn,-8.083,4.898,-0.834,0.00,0.00,0.00,-14.448,4.103,0.203,0.00,0.00,0.00,-21.891,3.408,-3.680,0.00,0.00,0.00,4.173,4.173,4.173
2026-02-04 13:00:28,13.04,13,356,369,3.52%,82.13,0.81%,"[0, 5, 10, 15, 20, 25, 30, 35, 40, 45, 50, 55, 60, 65, 70, 75, 80, 85, 90, 95, 100]","[5, 6, 2, 0, 0, 0, 0, 0, 0, 1, 0, 0, 0, 0, 0, 0, 1250, 12, 337, 0]","[0.0030998140111593306, 0.006819590824550527, 0.008059516429014259, 0.008059516429014259, 0.008059516429014259, 0.008059516429014259, 0.008059516429014259, 0.008059516429014259, 0.008059516429014259, 0.008679479231246125, 0.008679479231246125, 0.008679479231246125, 0.008679479231246125, 0.008679479231246125, 0.008679479231246125, 0.008679479231246125, 0.7836329820210788, 0.7910725356478612, 1.0, 1.0]",4.0,2.0,2.0,2.0,2.0,8,-10.959769999999999,8.0,-6.0,hrl_dqn_apf,hierarchical,dqn,-8.083,5.294,-0.834,0.00,0.00,0.00,-14.446,4.499,0.204,0.00,0.00,0.00,-21.893,3.804,-3.681,0.00,0.00,0.00,4.170,4.170,4.170
2026-02-04 13:00:29,14.04,13,358,371,3.50%,82.31,0.81%,"[0, 5, 10, 15, 20, 25, 30, 35, 40, 45, 50, 55, 60, 65, 70, 75, 80, 85, 90, 95, 100]","[4, 7, 2, 0, 0, 0, 0, 0, 0, 1, 0, 0, 0, 0, 0, 0, 1248, 14, 337, 0]","[0.0024798512089274642, 0.006819590824550527, 0.008059516429014259, 0.008059516429014259, 0.008059516429014259, 0.008059516429014259, 0.008059516429014259, 0.008059516429014259, 0.008059516429014259, 0.008679479231246125, 0.008679479231246125, 0.008679479231246125, 0.008679479231246125, 0.008679479231246125, 0.008679479231246125, 0.008679479231246125, 0.782393056416615, 0.7910725356478612, 1.0, 1.0]",4.0,2.0,2.0,2.0,2.0,23,-10.799240000000001,8.0,12.0,hrl_dqn_apf,hierarchical,dqn,-8.083,5.689,-0.834,0.00,0.00,0.00,-14.446,4.894,0.204,0.00,0.00,0.00,-21.894,4.200,-3.681,0.00,0.00,0.00,4.167,4.167,4.167
2026-02-04 13:00:30,15.05,13,360,373,3.49%,82.49,0.81%,"[0, 5, 10, 15, 20, 25, 30, 35, 40, 45, 50, 55, 60, 65, 70, 75, 80, 85, 90, 95, 100]","[4, 6, 3, 0, 0, 0, 0, 0, 0, 1, 0, 0, 0, 0, 0, 0, 1246, 14, 339, 0]","[0.0024798512089274642, 0.006199628022318661, 0.008059516429014259, 0.008059516429014259, 0.008059516429014259, 0.008059516429014259, 0.008059516429014259, 0.008059516429014259, 0.008059516429014259, 0.008679479231246125, 0.008679479231246125, 0.008679479231246125, 0.008679479231246125, 0.008679479231246125, 0.008679479231246125, 0.008679479231246125, 0.7811531308121513, 0.7898326100433974, 1.0, 1.0]",4.0,2.0,2.0,2.0,2.0,23,-10.799240000000001,8.0,12.0,hrl_dqn_apf,hierarchical,dqn,-8.083,6.087,-0.834,0.00,0.00,0.00,-14.445,5.292,0.204,0.00,0.00,0.00,-21.894,4.597,-3.681,0.00,0.00,0.00,4.164,4.164,4.164
2026-02-04 13:00:31,16.05,13,360,373,3.49%,82.84,0.81%,"[0, 5, 10, 15, 20, 25, 30, 35, 40, 45, 50, 55, 60, 65, 70, 75, 80, 85, 90, 95, 100]","[3, 4, 5, 1, 0, 0, 0, 0, 0, 0, 1, 0, 1, 0, 0, 0, 1242, 16, 7, 333]","[0.0018598884066955983, 0.0043397396156230625, 0.007439553626782393, 0.008059516429014259, 0.008059516429014259, 0.008059516429014259, 0.008059516429014259, 0.008059516429014259, 0.008059516429014259, 0.008059516429014259, 0.008679479231246125, 0.008679479231246125, 0.009299442033477991, 0.009299442033477991, 0.009299442033477991, 0.009299442033477991, 0.7792932424054557, 0.7892126472411656, 0.7935523868567886, 1.0]",4.0,2.0,2.0,2.0,2.0,21,-22.6394,8.0,12.0,hrl_dqn_apf,hierarchical,dqn,-8.083,6.516,-0.606,0.00,0.00,0.00,-14.445,6.083,0.204,0.00,0.00,0.00,-21.894,5.389,-3.681,0.00,0.00,0.00,4.161,4.161,4.161
2026-02-04 13:00:32,17.05,14,360,374,3.74%,82.98,0.87%,"[0, 5, 10, 15, 20, 25, 30, 35, 40, 45, 50, 55, 60, 65, 70, 75, 80, 85, 90, 95, 100]","[4, 3, 6, 1, 0, 0, 0, 0, 0, 0, 1, 0, 0, 0, 0, 0, 1242, 16, 7, 333]","[0.0024798512089274642, 0.0043397396156230625, 0.008059516429014259, 0.008679479231246125, 0.008679479231246125, 0.008679479231246125, 0.008679479231246125, 0.008679479231246125, 0.008679479231246125, 0.008679479231246125, 0.009299442033477991, 0.009299442033477991, 0.009299442033477991, 0.009299442033477991, 0.009299442033477991, 0.009299442033477991, 0.7792932424054557, 0.7892126472411656, 0.7935523868567886, 1.0]",4.0,2.0,2.0,2.0,2.0,14,-4.479869999999998,8.0,0.0,hrl_dqn_apf,hierarchical,dqn,-8.083,6.514,-0.015,0.00,0.00,0.00,-14.445,6.213,0.328,0.00,0.00,0.00,-21.894,5.784,-3.681,0.00,0.00,0.00,4.158,4.158,4.158
2026-02-04 13:00:33,18.05,14,360,374,3.74%,83.12,0.87%,"[0, 5, 10, 15, 20, 25, 30, 35, 40, 45, 50, 55, 60, 65, 70, 75, 80, 85, 90, 95, 100]","[4, 2, 6, 2, 0, 0, 1, 0, 0, 0, 1, 0, 0, 0, 0, 0, 1242, 11, 12, 332]","[0.0024798512089274642, 0.0037197768133911966, 0.007439553626782393, 0.008679479231246125, 0.008679479231246125, 0.008679479231246125, 0.009299442033477991, 0.009299442033477991, 0.009299442033477991, 0.009299442033477991, 0.009919404835709857, 0.009919404835709857, 0.009919404835709857, 0.009919404835709857, 0.009919404835709857, 0.009919404835709857, 0.7799132052076876, 0.7867327960322381, 0.7941723496590205, 1.0]",4.0,2.0,2.0,2.0,2.0,14,-4.479869999999998,8.0,0.0,hrl_dqn_apf,hierarchical,dqn,-8.139,6.547,0.643,0.00,0.00,0.00,-14.445,6.216,0.856,0.00,0.00,0.00,-21.894,6.180,-3.681,0.00,0.00,0.00,4.155,4.155,4.155
2026-02-04 13:00:34,19.06,15,361,376,3.99%,83.23,0.93%,"[0, 5, 10, 15, 20, 25, 30, 35, 40, 45, 50, 55, 60, 65, 70, 75, 80, 85, 90, 95, 100]","[5, 1, 7, 2, 0, 0, 0, 0, 1, 0, 2, 0, 0, 0, 0, 0, 1240, 10, 14, 331]","[0.0030998140111593306, 0.0037197768133911966, 0.008059516429014259, 0.009299442033477991, 0.009299442033477991, 0.009299442033477991, 0.009299442033477991, 0.009299442033477991, 0.009919404835709857, 0.009919404835709857, 0.011159330440173589, 0.011159330440173589, 0.011159330440173589, 0.011159330440173589, 0.011159330440173589, 0.011159330440173589, 0.7799132052076876, 0.7861128332300062, 0.7947923124612524, 1.0]",4.0,2.0,2.0,2.0,2.0,13,-10.3188,8.0,0.0,hrl_dqn_apf,hierarchical,dqn,-8.595,6.589,0.945,0.00,0.00,0.00,-14.445,6.210,1.554,0.00,0.00,0.00,-21.885,6.494,-3.681,0.00,0.00,0.00,4.152,4.152,4.152
2026-02-04 13:00:35,20.06,18,360,378,4.76%,83.43,1.12%,"[0, 5, 10, 15, 20, 25, 30, 35, 40, 45, 50, 55, 60, 65, 70, 75, 80, 85, 90, 95, 100]","[7, 1, 4, 5, 1, 0, 0, 0, 0, 1, 1, 1, 0, 0, 0, 0, 1236, 10, 14, 332]","[0.0043397396156230625, 0.0049597024178549285, 0.007439553626782393, 0.010539367637941723, 0.011159330440173589, 0.011159330440173589, 0.011159330440173589, 0.011159330440173589, 0.011159330440173589, 0.011779293242405457, 0.012399256044637322, 0.013019218846869188, 0.013019218846869188, 0.013019218846869188, 0.013019218846869188, 0.013019218846869188, 0.7792932424054557, 0.7854928704277744, 0.7941723496590205, 1.0]",4.0,2.0,2.0,2.0,2.0,5,-28.23875,8.0,-6.0,hrl_dqn_apf,hierarchical,dqn,-9.997,6.587,1.069,0.00,0.00,0.00,-14.684,6.278,2.812,0.00,0.00,0.00,-20.910,6.510,-3.681,0.00,0.00,0.00,4.149,4.149,4.149
2026-02-04 13:00:36,21.06,20,360,380,5.26%,83.51,1.24%,"[0, 5, 10, 15, 20, 25, 30, 35, 40, 45, 50, 55, 60, 65, 70, 75, 80, 85, 90, 95, 100]","[10, 0, 4, 5, 1, 0, 0, 0, 0, 1, 1, 0, 0, 0, 0, 0, 1236, 8, 16, 331]","[0.006199628022318661, 0.006199628022318661, 0.008679479231246125, 0.011779293242405457, 0.012399256044637322, 0.012399256044637322, 0.012399256044637322, 0.012399256044637322, 0.012399256044637322, 0.013019218846869188, 0.013639181649101054, 0.013639181649101054, 0.013639181649101054, 0.013639181649101054, 0.013639181649101054, 0.013639181649101054, 0.7799132052076876, 0.7848729076255425, 0.7947923124612524, 1.0]",4.0,2.0,2.0,2.0,2.0,5,-28.23875,8.0,-6.0,hrl_dqn_apf,hierarchical,dqn,-10.606,6.648,0.946,0.00,0.00,0.00,-15.264,6.292,2.987,0.00,0.00,0.00,-20.199,6.505,-3.681,0.00,0.00,0.00,4.146,4.146,4.146
2026-02-04 13:00:37,22.06,20,362,382,5.24%,83.63,1.24%,"[0, 5, 10, 15, 20, 25, 30, 35, 40, 45, 50, 55, 60, 65, 70, 75, 80, 85, 90, 95, 100]","[9, 1, 3, 6, 1, 0, 0, 1, 0, 1, 1, 1, 0, 0, 0, 0, 1235, 9, 16, 329]","[0.005579665220086794, 0.006199628022318661, 0.008059516429014259, 0.011779293242405457, 0.012399256044637322, 0.012399256044637322, 0.012399256044637322, 0.013019218846869188, 0.013019218846869188, 0.013639181649101054, 0.01425914445133292, 0.014879107253564786, 0.014879107253564786, 0.014879107253564786, 0.014879107253564786, 0.014879107253564786, 0.7805331680099195, 0.7861128332300062, 0.7960322380657161, 1.0]",4.0,2.0,2.0,2.0,2.0,18,-10.078479999999999,8.0,6.0,hrl_dqn_apf,hierarchical,dqn,-10.847,6.674,0.398,0.00,0.00,0.00,-15.996,6.290,3.043,0.00,0.00,0.00,-19.428,6.500,-3.681,0.00,0.00,0.00,4.143,4.143,4.143
2026-02-04 13:00:38,23.07,23,361,384,5.99%,83.67,1.43%,"[0, 5, 10, 15, 20, 25, 30, 35, 40, 45, 50, 55, 60, 65, 70, 75, 80, 85, 90, 95, 100]","[10, 2, 2, 7, 2, 0, 0, 0, 1, 1, 1, 0, 0, 0, 0, 0, 1235, 9, 10, 333]","[0.006199628022318661, 0.007439553626782393, 0.008679479231246125, 0.013019218846869188, 0.01425914445133292, 0.01425914445133292, 0.01425914445133292, 0.01425914445133292, 0.014879107253564786, 0.015499070055796652, 0.016119032858028518, 0.016119032858028518, 0.016119032858028518, 0.016119032858028518, 0.016119032858028518, 0.016119032858028518, 0.7817730936143832, 0.78735275883447, 0.7935523868567886, 1.0]",4.0,2.0,2.0,2.0,2.0,23,-9.91777,8.0,12.0,hrl_dqn_apf,hierarchical,dqn,-10.917,6.699,-0.259,0.00,0.00,0.00,-16.727,6.287,3.060,0.00,0.00,0.00,-18.699,6.511,-3.669,0.00,0.00,0.00,4.140,4.140,4.140
2026-02-04 13:00:39,24.07,25,361,386,6.48%,83.87,1.55%,"[0, 5, 10, 15, 20, 25, 30, 35, 40, 45, 50, 55, 60, 65, 70, 75, 80, 85, 90, 95, 100]","[10, 5, 1, 7, 2, 0, 1, 0, 1, 1, 0, 1, 0, 0, 0, 0, 1231, 7, 14, 332]","[0.006199628022318661, 0.009299442033477991, 0.009919404835709857, 0.01425914445133292, 0.015499070055796652, 0.015499070055796652, 0.016119032858028518, 0.016119032858028518, 0.016738995660260384, 0.01735895846249225, 0.01735895846249225, 0.017978921264724116, 0.017978921264724116, 0.017978921264724116, 0.017978921264724116, 0.017978921264724116, 0.7811531308121513, 0.7854928704277744, 0.7941723496590205, 1.0]",4.0,2.0,2.0,2.0,2.0,23,-9.91777,8.0,12.0,hrl_dqn_apf,hierarchical,dqn,-10.946,6.845,0.236,0.00,0.00,0.00,-17.762,6.436,3.067,0.00,0.00,0.00,-18.150,6.585,-2.658,0.00,0.00,0.00,4.137,4.137,4.137
2026-02-04 13:00:40,25.07,27,361,388,6.96%,84.01,1.67%,"[0, 5, 10, 15, 20, 25, 30, 35, 40, 45, 50, 55, 60, 65, 70, 75, 80, 85, 90, 95, 100]","[10, 7, 1, 4, 5, 0, 0, 0, 0, 0, 1, 1, 0, 0, 0, 0, 1231, 7, 10, 336]","[0.006199628022318661, 0.010539367637941723, 0.011159330440173589, 0.013639181649101054, 0.016738995660260384, 0.016738995660260384, 0.016738995660260384, 0.016738995660260384, 0.016738995660260384, 0.016738995660260384, 0.01735895846249225, 0.017978921264724116, 0.017978921264724116, 0.017978921264724116, 0.017978921264724116, 0.017978921264724116, 0.7811531308121513, 0.7854928704277744, 0.791692498450093, 1.0]",4.0,2.0,2.0,2.0,2.0,24,-3.7584599999999995,8.0,12.0,hrl_dqn_apf,hierarchical,dqn,-10.948,6.843,0.933,0.00,0.00,0.00,-17.330,6.465,3.068,0.00,0.00,0.00,-18.110,6.583,-1.928,0.00,0.00,0.00,4.134,4.134,4.134
2026-02-04 13:00:41,26.07,27,361,388,6.96%,84.14,1.67%,"[0, 5, 10, 15, 20, 25, 30, 35, 40, 45, 50, 55, 60, 65, 70, 75, 80, 85, 90, 95, 100]","[10, 7, 1, 4, 5, 0, 0, 0, 0, 1, 1, 1, 0, 0, 0, 0, 1232, 7, 8, 336]","[0.006199628022318661, 0.010539367637941723, 0.011159330440173589, 0.013639181649101054, 0.016738995660260384, 0.016738995660260384, 0.016738995660260384, 0.016738995660260384, 0.016738995660260384, 0.01735895846249225, 0.017978921264724116, 0.018598884066955982, 0.018598884066955982, 0.018598884066955982, 0.018598884066955982, 0.018598884066955982, 0.782393056416615, 0.7867327960322381, 0.791692498450093, 1.0]",4.0,2.0,2.0,2.0,2.0,8,-9.59769,8.0,-6.0,hrl_dqn_apf,hierarchical,dqn,-10.949,6.840,1.672,0.00,0.00,0.00,-16.666,6.464,3.068,0.00,0.00,0.00,-18.037,6.621,-1.238,0.00,0.00,0.00,4.131,4.131,4.131
2026-02-04 13:00:42,27.07,30,358,388,7.73%,84.22,1.86%,"[0, 5, 10, 15, 20, 25, 30, 35, 40, 45, 50, 55, 60, 65, 70, 75, 80, 85, 90, 95, 100]","[10, 7, 1, 5, 6, 1, 0, 0, 0, 0, 1, 1, 0, 0, 0, 0, 1225, 12, 9, 335]","[0.006199628022318661, 0.010539367637941723, 0.011159330440173589, 0.01425914445133292, 0.017978921264724116, 0.018598884066955982, 0.018598884066955982, 0.018598884066955982, 0.018598884066955982, 0.018598884066955982, 0.019218846869187848, 0.019838809671419714, 0.019838809671419714, 0.019838809671419714, 0.019838809671419714, 0.019838809671419714, 0.7792932424054557, 0.7867327960322381, 0.7923124612523249, 1.0]",4.0,2.0,2.0,2.0,2.0,8,-9.59769,8.0,-6.0,hrl_dqn_apf,hierarchical,dqn,-10.963,6.854,2.414,0.00,0.00,0.00,-15.941,6.469,3.081,0.00,0.00,0.00,-17.592,6.687,-0.946,0.00,0.00,0.00,4.128,4.128,4.128
2026-02-04 13:00:43,28.08,31,359,390,7.95%,84.50,1.92%,"[0, 5, 10, 15, 20, 25, 30, 35, 40, 45, 50, 55, 60, 65, 70, 75, 80, 85, 90, 95, 100]","[11, 6, 3, 1, 8, 2, 0, 0, 0, 1, 1, 0, 0, 0, 0, 0, 1223, 14, 9, 334]","[0.006819590824550527, 0.010539367637941723, 0.012399256044637322, 0.013019218846869188, 0.017978921264724116, 0.019218846869187848, 0.019218846869187848, 0.019218846869187848, 0.019218846869187848, 0.019838809671419714, 0.02045877247365158, 0.02045877247365158, 0.02045877247365158, 0.02045877247365158, 0.02045877247365158, 0.02045877247365158, 0.7786732796032239, 0.78735275883447, 0.7929324240545568, 1.0]",4.0,2.0,2.0,2.0,2.0,21,-21.43721,8.0,12.0,hrl_dqn_apf,hierarchical,dqn,-11.971,6.926,2.946,0.00,0.00,0.00,-15.092,6.479,4.034,0.00,0.00,0.00,-17.493,6.819,-1.783,0.00,0.00,0.00,4.125,4.125,4.125
2026-02-04 13:00:44,29.08,34,356,390,8.72%,84.57,2.11%,"[0, 5, 10, 15, 20, 25, 30, 35, 40, 45, 50, 55, 60, 65, 70, 75, 80, 85, 90, 95, 100]","[10, 7, 4, 2, 8, 3, 0, 0, 0, 0, 1, 0, 0, 0, 0, 0, 1219, 14, 7, 338]","[0.006199628022318661, 0.010539367637941723, 0.013019218846869188, 0.01425914445133292, 0.019218846869187848, 0.021078735275883446, 0.021078735275883446, 0.021078735275883446, 0.021078735275883446, 0.021078735275883446, 0.02169869807811531, 0.02169869807811531, 0.02169869807811531, 0.02169869807811531, 0.02169869807811531, 0.02169869807811531, 0.7774333539987601, 0.7861128332300062, 0.7904525728456293, 1.0]",4.0,2.0,2.0,2.0,2.0,20,-27.2773,8.0,12.0,hrl_dqn_apf,hierarchical,dqn,-12.421,7.082,2.936,0.00,0.00,0.00,-14.968,6.500,4.630,0.00,0.00,0.00,-17.541,6.896,-2.327,0.00,0.00,0.00,4.122,4.122,4.122
2026-02-04 13:00:45,30.08,34,356,390,8.72%,84.71,2.11%,"[0, 5, 10, 15, 20, 25, 30, 35, 40, 45, 50, 55, 60, 65, 70, 75, 80, 85, 90, 95, 100]","[11, 7, 5, 1, 7, 3, 0, 0, 0, 0, 0, 2, 0, 0, 0, 0, 1217, 16, 7, 337]","[0.006819590824550527, 0.011159330440173589, 0.01425914445133292, 0.014879107253564786, 0.019218846869187848, 0.021078735275883446, 0.021078735275883446, 0.021078735275883446, 0.021078735275883446, 0.021078735275883446, 0.021078735275883446, 0.022318660880347178, 0.022318660880347178, 0.022318660880347178, 0.022318660880347178, 0.022318660880347178, 0.7768133911965283, 0.7867327960322381, 0.7910725356478612, 1.0]",4.0,2.0,2.0,2.0,2.0,20,-27.2773,8.0,12.0,hrl_dqn_apf,hierarchical,dqn,-12.133,7.197,2.752,0.00,0.00,0.00,-15.382,6.457,5.032,0.00,0.00,0.00,-17.194,6.971,-2.534,0.00,0.00,0.00,4.119,4.119,4.119
2026-02-04 13:00:46,31.08,35,356,391,8.95%,84.84,2.17%,"[0, 5, 10, 15, 20, 25, 30, 35, 40, 45, 50, 55, 60, 65, 70, 75, 80, 85, 90, 95, 100]","[11, 5, 8, 1, 5, 5, 0, 0, 0, 0, 0, 1, 0, 0, 1, 0, 1217, 16, 7, 336]","[0.006819590824550527, 0.009919404835709857, 0.014879107253564786, 0.015499070055796652, 0.018598884066955982, 0.02169869807811531, 0.02169869807811531, 0.02169869807811531, 0.02169869807811531, 0.02169869807811531, 0.02169869807811531, 0.022318660880347178, 0.022318660880347178, 0.022318660880347178, 0.022938623682579044, 0.022938623682579044, 0.7774333539987601, 0.78735275883447, 0.791692498450093, 1.0]",4.0,2.0,2.0,2.0,2.0,15,-27.117179999999998,8.0,6.0,hrl_dqn_apf,hierarchical,dqn,-11.590,7.274,2.420,0.00,0.00,0.00,-15.959,6.380,5.427,0.00,0.00,0.00,-17.434,7.035,-2.595,0.00,0.00,0.00,4.116,4.116,4.116
2026-02-04 13:00:47,32.09,36,357,393,9.16%,85.11,2.23%,"[0, 5, 10, 15, 20, 25, 30, 35, 40, 45, 50, 55, 60, 65, 70, 75, 80, 85, 90, 95, 100]","[10, 5, 9, 2, 4, 6, 1, 0, 0, 0, 0, 1, 0, 0, 0, 0, 1217, 8, 14, 336]","[0.006199628022318661, 0.009299442033477991, 0.014879107253564786, 0.016119032858028518, 0.018598884066955982, 0.022318660880347178, 0.022938623682579044, 0.022938623682579044, 0.022938623682579044, 0.022938623682579044, 0.022938623682579044, 0.023558586484810913, 0.023558586484810913, 0.023558586484810913, 0.023558586484810913, 0.023558586484810913, 0.778053316800992, 0.7830130192188469, 0.791692498450093, 1.0]",4.0,2.0,2.0,2.0,2.0,23,-8.95671,8.0,12.0,hrl_dqn_apf,hierarchical,dqn,-10.557,7.460,1.964,0.00,0.00,0.00,-17.248,6.317,6.157,0.00,0.00,0.00,-18.762,7.037,-2.620,0.00,0.00,0.00,4.113,4.113,4.113
2026-02-04 13:00:48,33.09,36,359,395,9.11%,85.26,2.23%,"[0, 5, 10, 15, 20, 25, 30, 35, 40, 45, 50, 55, 60, 65, 70, 75, 80, 85, 90, 95, 100]","[11, 6, 7, 3, 2, 7, 1, 0, 0, 0, 0, 1, 0, 0, 1, 0, 1211, 14, 14, 335]","[0.006819590824550527, 0.010539367637941723, 0.014879107253564786, 0.016738995660260384, 0.017978921264724116, 0.022318660880347178, 0.022938623682579044, 0.022938623682579044, 0.022938623682579044, 0.022938623682579044, 0.022938623682579044, 0.023558586484810913, 0.023558586484810913, 0.023558586484810913, 0.02417854928704278, 0.02417854928704278, 0.7749535027898327, 0.7836329820210788, 0.7923124612523249, 1.0]",4.0,2.0,2.0,2.0,2.0,23,-8.95671,8.0,12.0,hrl_dqn_apf,hierarchical,dqn,-10.413,7.481,2.463,0.00,0.00,0.00,-17.699,6.439,6.257,0.00,0.00,0.00,-19.374,7.097,-2.483,0.00,0.00,0.00,4.110,4.110,4.110
2026-02-04 13:00:49,34.09,37,358,395,9.37%,85.40,2.29%,"[0, 5, 10, 15, 20, 25, 30, 35, 40, 45, 50, 55, 60, 65, 70, 75, 80, 85, 90, 95, 100]","[9, 7, 7, 4, 1, 9, 1, 0, 0, 0, 0, 1, 0, 0, 1, 0, 1211, 10, 16, 336]","[0.005579665220086794, 0.009919404835709857, 0.01425914445133292, 0.016738995660260384, 0.01735895846249225, 0.022938623682579044, 0.023558586484810913, 0.023558586484810913, 0.023558586484810913, 0.023558586484810913, 0.023558586484810913, 0.02417854928704278, 0.02417854928704278, 0.02417854928704278, 0.024798512089274645, 0.024798512089274645, 0.7755734655920645, 0.7817730936143832, 0.791692498450093, 1.0]",4.0,2.0,2.0,2.0,2.0,17,-14.79698,8.0,6.0,hrl_dqn_apf,hierarchical,dqn,-10.367,7.480,3.153,0.00,0.00,0.00,-17.382,6.492,6.287,0.00,0.00,0.00,-19.605,7.122,-1.943,0.00,0.00,0.00,4.108,4.108,4.108
2026-02-04 13:00:50,35.09,36,357,393,9.16%,85.53,2.23%,"[0, 5, 10, 15, 20, 25, 30, 35, 40, 45, 50, 55, 60, 65, 70, 75, 80, 85, 90, 95, 100]","[11, 7, 6, 5, 1, 6, 3, 0, 0, 0, 0, 0, 1, 0, 0, 0, 1211, 8, 16, 338]","[0.006819590824550527, 0.011159330440173589, 0.014879107253564786, 0.017978921264724116, 0.018598884066955982, 0.022318660880347178, 0.02417854928704278, 0.02417854928704278, 0.02417854928704278, 0.02417854928704278, 0.02417854928704278, 0.02417854928704278, 0.024798512089274645, 0.024798512089274645, 0.024798512089274645, 0.024798512089274645, 0.7755734655920645, 0.7805331680099195, 0.7904525728456293, 1.0]",4.0,2.0,2.0,2.0,2.0,17,-14.79698,8.0,6.0,hrl_dqn_apf,hierarchical,dqn,-10.354,7.477,3.874,0.00,0.00,0.00,-16.767,6.494,6.296,0.00,0.00,0.00,-19.676,7.121,-1.265,0.00,0.00,0.00,4.200,4.200,4.200
2026-02-04 13:00:51,36.09,36,365,401,8.98%,85.74,2.23%,"[0, 5, 10, 15, 20, 25, 30, 35, 40, 45, 50, 55, 60, 65, 70, 75, 80, 85, 90, 95, 100]","[8, 7, 7, 9, 0, 5, 4, 1, 0, 0, 1, 0, 1, 0, 0, 0, 1210, 9, 12, 339]","[0.0049597024178549285, 0.009299442033477991, 0.013639181649101054, 0.019218846869187848, 0.019218846869187848, 0.022318660880347178, 0.024798512089274645, 0.02541847489150651, 0.02541847489150651, 0.02541847489150651, 0.026038437693738377, 0.026038437693738377, 0.026658400495970243, 0.026658400495970243, 0.026658400495970243, 0.026658400495970243, 0.7768133911965283, 0.782393056416615, 0.7898326100433974, 1.0]",4.0,2.0,2.0,2.0,2.0,17,-14.79698,8.0,6.0,hrl_dqn_apf,hierarchical,dqn,-10.348,7.470,5.408,0.00,0.00,0.00,-15.273,6.488,6.300,0.00,0.00,0.00,-19.707,7.025,0.253,0.00,0.00,0.00,4.200,4.200,4.200
2026-02-04 13:00:52,37.10,36,363,399,9.02%,85.80,2.23%,"[0, 5, 10, 15, 20, 25, 30, 35, 40, 45, 50, 55, 60, 65, 70, 75, 80, 85, 90, 95, 100]","[9, 6, 5, 10, 2, 4, 5, 2, 0, 0, 1, 0, 2, 0, 0, 0, 1210, 9, 8, 340]","[0.005579665220086794, 0.009299442033477991, 0.012399256044637322, 0.018598884066955982, 0.019838809671419714, 0.022318660880347178, 0.02541847489150651, 0.026658400495970243, 0.026658400495970243, 0.026658400495970243, 0.02727836329820211, 0.02727836329820211, 0.02851828890266584, 0.02851828890266584, 0.02851828890266584, 0.02851828890266584, 0.7786732796032239, 0.7842529448233106, 0.7892126472411656, 1.0]",4.0,2.0,2.0,2.0,2.0,17,-14.79698,8.0,6.0,hrl_dqn_apf,hierarchical,dqn,-10.347,7.467,6.168,0.00,0.00,0.00,-14.515,6.485,6.300,0.00,0.00,0.00,-19.709,7.006,1.011,0.00,0.00,0.00,4.200,4.200,4.200
2026-02-04 13:00:53,38.10,37,366,403,9.18%,85.90,2.29%,"[0, 5, 10, 15, 20, 25, 30, 35, 40, 45, 50, 55, 60, 65, 70, 75, 80, 85, 90, 95, 100]","[10, 8, 5, 8, 3, 3, 6, 1, 0, 0, 1, 0, 1, 0, 0, 0, 1206, 7, 14, 340]","[0.006199628022318661, 0.011159330440173589, 0.01425914445133292, 0.019218846869187848, 0.021078735275883446, 0.022938623682579044, 0.026658400495970243, 0.02727836329820211, 0.02727836329820211, 0.02727836329820211, 0.027898326100433975, 0.027898326100433975, 0.02851828890266584, 0.02851828890266584, 0.02851828890266584, 0.02851828890266584, 0.7761934283942964, 0.7805331680099195, 0.7892126472411656, 1.0]",4.0,2.0,2.0,2.0,2.0,17,-14.79698,8.0,6.0,hrl_dqn_apf,hierarchical,dqn,-10.347,7.464,6.928,0.00,0.00,0.00,-13.755,6.482,6.300,0.00,0.00,0.00,-19.710,6.996,1.771,0.00,0.00,0.00,4.200,4.200,4.200
2026-02-04 13:00:54,39.10,38,367,405,9.38%,85.91,2.36%,"[0, 5, 10, 15, 20, 25, 30, 35, 40, 45, 50, 55, 60, 65, 70, 75, 80, 85, 90, 95, 100]","[9, 6, 8, 6, 7, 2, 8, 1, 0, 0, 2, 0, 1, 0, 0, 0, 1206, 7, 12, 338]","[0.005579665220086794, 0.009299442033477991, 0.01425914445133292, 0.017978921264724116, 0.022318660880347178, 0.023558586484810913, 0.02851828890266584, 0.029138251704897707, 0.029138251704897707, 0.029138251704897707, 0.03037817730936144, 0.03037817730936144, 0.030998140111593304, 0.030998140111593304, 0.030998140111593304, 0.030998140111593304, 0.7786732796032239, 0.7830130192188469, 0.7904525728456293, 1.0]",4.0,2.0,2.0,2.0,2.0,17,-14.79698,8.0,6.0,hrl_dqn_apf,hierarchical,dqn,-10.347,7.461,7.691,0.00,0.00,0.00,-12.992,6.479,6.300,0.00,0.00,0.00,-19.710,6.990,2.535,0.00,0.00,0.00,4.200,4.200,4.200
2026-02-04 13:00:55,40.10,41,364,405,10.12%,86.06,2.54%,"[0, 5, 10, 15, 20, 25, 30, 35, 40, 45, 50, 55, 60, 65, 70, 75, 80, 85, 90, 95, 100]","[10, 10, 5, 6, 9, 1, 4, 5, 0, 0, 1, 1, 0, 1, 0, 0, 1200, 12, 9, 339]","[0.006199628022318661, 0.012399256044637322, 0.015499070055796652, 0.019218846869187848, 0.024798512089274645, 0.02541847489150651, 0.027898326100433975, 0.030998140111593304, 0.030998140111593304, 0.030998140111593304, 0.03161810291382517, 0.032238065716057036, 0.032238065716057036, 0.0328580285182889, 0.0328580285182889, 0.0328580285182889, 0.7768133911965283, 0.7842529448233106, 0.7898326100433974, 1.0]",4.0,2.0,2.0,2.0,2.0,17,-14.79698,8.0,6.0,hrl_dqn_apf,hierarchical,dqn,-10.347,7.455,9.195,0.00,0.00,0.00,-11.489,6.473,6.300,0.00,0.00,0.00,-19.710,6.983,4.038,0.00,0.00,0.00,4.200,4.200,4.200
2026-02-04 13:00:56,41.11,40,365,405,9.88%,86.12,2.48%,"[0, 5, 10, 15, 20, 25, 30, 35, 40, 45, 50, 55, 60, 65, 70, 75, 80, 85, 90, 95, 100]","[10, 7, 7, 6, 10, 0, 6, 4, 2, 0, 1, 2, 0, 1, 0, 0, 1198, 14, 9, 336]","[0.006199628022318661, 0.010539367637941723, 0.014879107253564786, 0.018598884066955982, 0.024798512089274645, 0.024798512089274645, 0.02851828890266584, 0.030998140111593304, 0.032238065716057036, 0.032238065716057036, 0.0328580285182889, 0.034097954122752634, 0.034097954122752634, 0.0347179169249845, 0.0347179169249845, 0.0347179169249845, 0.7774333539987601, 0.7861128332300062, 0.791692498450093, 1.0]",4.0,2.0,2.0,2.0,2.0,17,-14.79698,8.0,6.0,hrl_dqn_apf,hierarchical,dqn,-10.347,7.452,9.958,0.00,0.00,0.00,-10.726,6.470,6.299,0.00,0.00,0.00,-19.710,6.979,4.802,0.00,0.00,0.00,4.200,4.200,4.200
2026-02-04 13:00:57,42.11,0,354,354,0.00%,80.00,0.00%,"[0, 5, 10, 15, 20, 25, 30, 35, 40, 45, 50, 55, 60, 65, 70, 75, 80, 85, 90, 95, 100]","[0, 0, 0, 0, 0, 0, 0, 0, 0, 0, 0, 0, 0, 0, 0, 0, 1613, 0, 0, 0]","[0.0, 0.0, 0.0, 0.0, 0.0, 0.0, 0.0, 0.0, 0.0, 0.0, 0.0, 0.0, 0.0, 0.0, 0.0, 0.0, 1.0, 1.0, 1.0, 1.0]",4.0,2.0,2.0,2.0,2.0,17,-14.79698,8.0,6.0,hrl_dqn_apf,hierarchical,dqn,-10.347,7.449,10.719,0.00,0.00,0.00,-9.965,6.467,6.299,0.00,0.00,0.00,-19.710,6.976,5.562,0.00,0.00,0.00,4.200,4.200,4.200
2026-02-04 13:00:58,43.11,0,354,354,0.00%,80.00,0.00%,"[0, 5, 10, 15, 20, 25, 30, 35, 40, 45, 50, 55, 60, 65, 70, 75, 80, 85, 90, 95, 100]","[0, 0, 0, 0, 0, 0, 0, 0, 0, 0, 0, 0, 0, 0, 0, 0, 1613, 0, 0, 0]","[0.0, 0.0, 0.0, 0.0, 0.0, 0.0, 0.0, 0.0, 0.0, 0.0, 0.0, 0.0, 0.0, 0.0, 0.0, 0.0, 1.0, 1.0, 1.0, 1.0]",4.0,2.0,2.0,2.0,2.0,17,-14.79698,8.0,6.0,hrl_dqn_apf,hierarchical,dqn,-10.347,7.446,11.474,0.00,0.00,0.00,-9.467,6.473,6.296,0.00,0.00,0.00,-19.710,6.973,6.317,0.00,0.00,0.00,4.200,4.200,4.200
2026-02-04 13:00:59,44.11,0,354,354,0.00%,80.00,0.00%,"[0, 5, 10, 15, 20, 25, 30, 35, 40, 45, 50, 55, 60, 65, 70, 75, 80, 85, 90, 95, 100]","[0, 0, 0, 0, 0, 0, 0, 0, 0, 0, 0, 0, 0, 0, 0, 0, 1613, 0, 0, 0]","[0.0, 0.0, 0.0, 0.0, 0.0, 0.0, 0.0, 0.0, 0.0, 0.0, 0.0, 0.0, 0.0, 0.0, 0.0, 0.0, 1.0, 1.0, 1.0, 1.0]",4.0,2.0,2.0,2.0,2.0,17,-14.79698,8.0,6.0,hrl_dqn_apf,hierarchical,dqn,-10.347,7.440,12.998,0.00,0.00,0.00,-8.201,6.480,6.294,0.00,0.00,0.00,-19.710,6.967,7.840,0.00,0.00,0.00,4.200,4.200,4.200
2026-02-04 13:01:00,45.11,2,350,352,0.57%,80.02,0.19%,"[0, 5, 10, 15, 20, 25, 30, 35, 40, 45, 50, 55, 60, 65, 70, 75, 80, 85, 90, 95, 100]","[3, 0, 0, 0, 0, 0, 0, 0, 0, 0, 0, 0, 0, 0, 1, 0, 1609, 0, 0, 0]","[0.0018598884066955983, 0.0018598884066955983, 0.0018598884066955983, 0.0018598884066955983, 0.0018598884066955983, 0.0018598884066955983, 0.0018598884066955983, 0.0018598884066955983, 0.0018598884066955983, 0.0018598884066955983, 0.0018598884066955983, 0.0018598884066955983, 0.0018598884066955983, 0.0018598884066955983, 0.0024798512089274642, 0.0024798512089274642, 1.0, 1.0, 1.0, 1.0]",4.0,2.0,2.0,2.0,2.0,17,-14.79698,8.0,6.0,hrl_dqn_apf,hierarchical,dqn,-10.347,7.437,13.761,0.00,0.00,0.00,-7.454,6.478,6.294,0.00,0.00,0.00,-19.710,6.964,8.604,0.00,0.00,0.00,4.200,4.200,4.200
2026-02-04 13:01:01,46.12,3,349,352,0.85%,80.08,0.31%,"[0, 5, 10, 15, 20, 25, 30, 35, 40, 45, 50, 55, 60, 65, 70, 75, 80, 85, 90, 95, 100]","[3, 0, 0, 1, 0, 1, 1, 0, 0, 0, 1, 0, 0, 0, 1, 0, 1605, 0, 0, 0]","[0.0018598884066955983, 0.0018598884066955983, 0.0018598884066955983, 0.0024798512089274642, 0.0024798512089274642, 0.0030998140111593306, 0.0037197768133911966, 0.0037197768133911966, 0.0037197768133911966, 0.0037197768133911966, 0.0043397396156230625, 0.0043397396156230625, 0.0043397396156230625, 0.0043397396156230625, 0.0049597024178549285, 0.0049597024178549285, 1.0, 1.0, 1.0, 1.0]",4.0,2.0,2.0,2.0,2.0,17,-14.79698,8.0,6.0,hrl_dqn_apf,hierarchical,dqn,-10.347,7.434,14.521,0.00,0.00,0.00,-6.698,6.474,6.294,0.00,0.00,0.00,-19.710,6.961,9.364,0.00,0.00,0.00,4.200,4.200,4.200
2026-02-04 13:01:02,47.12,4,349,353,1.13%,80.14,0.50%,"[0, 5, 10, 15, 20, 25, 30, 35, 40, 45, 50, 55, 60, 65, 70, 75, 80, 85, 90, 95, 100]","[6, 0, 0, 1, 0, 1, 0, 0, 0, 0, 0, 0, 0, 0, 1, 1, 1603, 0, 0, 0]","[0.0037197768133911966, 0.0037197768133911966, 0.0037197768133911966, 0.0043397396156230625, 0.0043397396156230625, 0.0049597024178549285, 0.0049597024178549285, 0.0049597024178549285, 0.0049597024178549285, 0.0049597024178549285, 0.0049597024178549285, 0.0049597024178549285, 0.0049597024178549285, 0.0049597024178549285, 0.005579665220086794, 0.006199628022318661, 1.0, 1.0, 1.0, 1.0]",4.0,2.0,2.0,2.0,2.0,17,-14.79698,8.0,6.0,hrl_dqn_apf,hierarchical,dqn,-10.347,7.402,15.282,0.00,0.00,0.00,-5.938,6.443,6.293,0.00,0.00,0.00,-19.710,6.929,10.124,0.00,0.00,0.00,4.200,4.200,4.200
2026-02-04 13:01:03,48.12,6,347,353,1.70%,80.29,0.68%,"[0, 5, 10, 15, 20, 25, 30, 35, 40, 45, 50, 55, 60, 65, 70, 75, 80, 85, 90, 95, 100]","[9, 0, 0, 1, 0, 1, 0, 0, 1, 1, 0, 0, 0, 0, 0, 1, 1599, 0, 0, 0]","[0.005579665220086794, 0.005579665220086794, 0.005579665220086794, 0.006199628022318661, 0.006199628022318661, 0.006819590824550527, 0.006819590824550527, 0.006819590824550527, 0.007439553626782393, 0.008059516429014259, 0.008059516429014259, 0.008059516429014259, 0.008059516429014259, 0.008059516429014259, 0.008059516429014259, 0.008679479231246125, 1.0, 1.0, 1.0, 1.0]",4.0,2.0,2.0,2.0,2.0,17,-14.79698,8.0,6.0,hrl_dqn_apf,hierarchical,dqn,-10.347,7.321,16.824,0.00,0.00,0.00,-4.396,6.362,6.293,0.00,0.00,0.00,-19.710,6.848,11.667,0.00,0.00,0.00,4.200,4.200,4.200
2026-02-04 13:01:04,49.12,7,348,355,1.97%,80.35,0.87%,"[0, 5, 10, 15, 20, 25, 30, 35, 40, 45, 50, 55, 60, 65, 70, 75, 80, 85, 90, 95, 100]","[11, 0, 0, 3, 0, 0, 0, 1, 0, 0, 0, 0, 0, 0, 0, 1, 1597, 0, 0, 0]","[0.006819590824550527, 0.006819590824550527, 0.006819590824550527, 0.008679479231246125, 0.008679479231246125, 0.008679479231246125, 0.008679479231246125, 0.009299442033477991, 0.009299442033477991, 0.009299442033477991, 0.009299442033477991, 0.009299442033477991, 0.009299442033477991, 0.009299442033477991, 0.009299442033477991, 0.009919404835709857, 1.0, 1.0, 1.0, 1.0]",4.0,2.0,2.0,2.0,2.0,17,-14.79698,8.0,6.0,hrl_dqn_apf,hierarchical,dqn,-10.347,7.309,17.588,0.00,0.00,0.00,-3.633,6.350,6.293,0.00,0.00,0.00,-19.710,6.836,12.430,0.00,0.00,0.00,4.200,4.200,4.200
2026-02-04 13:01:05,50.13,9,348,357,2.52%,80.44,0.99%,"[0, 5, 10, 15, 20, 25, 30, 35, 40, 45, 50, 55, 60, 65, 70, 75, 80, 85, 90, 95, 100]","[13, 0, 1, 2, 0, 0, 0, 0, 0, 0, 0, 0, 0, 0, 0, 1, 1253, 343, 0, 0]","[0.008059516429014259, 0.008059516429014259, 0.008679479231246125, 0.009919404835709857, 0.009919404835709857, 0.009919404835709857, 0.009919404835709857, 0.009919404835709857, 0.009919404835709857, 0.009919404835709857, 0.009919404835709857, 0.009919404835709857, 0.009919404835709857, 0.009919404835709857, 0.009919404835709857, 0.010539367637941723, 0.78735275883447, 1.0, 1.0, 1.0]",4.0,2.0,2.0,2.0,2.0,17,-14.79698,8.0,6.0,hrl_dqn_apf,hierarchical,dqn,-10.347,7.302,18.345,0.00,0.00,0.00,-2.875,6.343,6.292,0.00,0.00,0.00,-19.710,6.829,13.188,0.00,0.00,0.00,4.200,4.200,4.200
2026-02-04 13:01:06,51.13,9,348,357,2.52%,80.51,1.05%,"[0, 5, 10, 15, 20, 25, 30, 35, 40, 45, 50, 55, 60, 65, 70, 75, 80, 85, 90, 95, 100]","[13, 2, 0, 2, 0, 0, 0, 0, 1, 0, 0, 2, 0, 0, 0, 1, 1250, 342, 0, 0]","[0.008059516429014259, 0.009299442033477991, 0.009299442033477991, 0.010539367637941723, 0.010539367637941723, 0.010539367637941723, 0.010539367637941723, 0.010539367637941723, 0.011159330440173589, 0.011159330440173589, 0.011159330440173589, 0.012399256044637322, 0.012399256044637322, 0.012399256044637322, 0.012399256044637322, 0.013019218846869188, 0.7879727216367018, 1.0, 1.0, 1.0]",4.0,2.0,2.0,2.0,2.0,17,-14.79698,8.0,6.0,hrl_dqn_apf,hierarchical,dqn,-10.347,7.298,19.109,0.00,0.00,0.00,-2.112,6.338,6.292,0.00,0.00,0.00,-19.710,6.825,13.951,0.00,0.00,0.00,4.200,4.200,4.200
2026-02-04 13:01:07,52.13,11,354,365,3.01%,80.64,1.43%,"[0, 5, 10, 15, 20, 25, 30, 35, 40, 45, 50, 55, 60, 65, 70, 75, 80, 85, 90, 95, 100]","[15, 4, 0, 4, 0, 0, 0, 0, 0, 0, 0, 0, 0, 0, 0, 1, 1246, 343, 0, 0]","[0.009299442033477991, 0.011779293242405457, 0.011779293242405457, 0.01425914445133292, 0.01425914445133292, 0.01425914445133292, 0.01425914445133292, 0.01425914445133292, 0.01425914445133292, 0.01425914445133292, 0.01425914445133292, 0.01425914445133292, 0.01425914445133292, 0.01425914445133292, 0.01425914445133292, 0.014879107253564786, 0.78735275883447, 1.0, 1.0, 1.0]",4.0,2.0,2.0,2.0,2.0,17,-14.79698,8.0,6.0,hrl_dqn_apf,hierarchical,dqn,-10.347,7.291,20.630,0.00,0.00,0.00,-0.591,6.332,6.292,0.00,0.00,0.00,-19.710,6.818,15.472,0.00,0.00,0.00,4.200,4.200,4.200
2026-02-04 13:01:08,53.13,11,352,363,3.03%,80.76,1.43%,"[0, 5, 10, 15, 20, 25, 30, 35, 40, 45, 50, 55, 60, 65, 70, 75, 80, 85, 90, 95, 100]","[16, 4, 0, 3, 0, 0, 0, 0, 0, 0, 1, 1, 1, 1, 0, 0, 1243, 343, 0, 0]","[0.009919404835709857, 0.012399256044637322, 0.012399256044637322, 0.01425914445133292, 0.01425914445133292, 0.01425914445133292, 0.01425914445133292, 0.01425914445133292, 0.01425914445133292, 0.01425914445133292, 0.014879107253564786, 0.015499070055796652, 0.016119032858028518, 0.016738995660260384, 0.016738995660260384, 0.016738995660260384, 0.78735275883447, 1.0, 1.0, 1.0]",4.0,2.0,2.0,2.0,2.0,17,-14.79698,8.0,6.0,hrl_dqn_apf,hierarchical,dqn,-10.347,7.287,21.390,0.00,0.00,0.00,0.169,6.328,6.291,0.00,0.00,0.00,-19.710,6.815,16.232,0.00,0.00,0.00,4.200,4.200,4.200
2026-02-04 13:01:09,54.14,0,354,354,0.00%,80.00,0.00%,"[0, 5, 10, 15, 20, 25, 30, 35, 40, 45, 50, 55, 60, 65, 70, 75, 80, 85, 90, 95, 100]","[0, 0, 0, 0, 0, 0, 0, 0, 0, 0, 0, 0, 0, 0, 0, 0, 1613, 0, 0, 0]","[0.0, 0.0, 0.0, 0.0, 0.0, 0.0, 0.0, 0.0, 0.0, 0.0, 0.0, 0.0, 0.0, 0.0, 0.0, 0.0, 1.0, 1.0, 1.0, 1.0]",4.0,2.0,2.0,2.0,2.0,17,-14.79698,8.0,6.0,hrl_dqn_apf,hierarchical,dqn,-10.347,7.284,22.148,0.00,0.00,0.00,0.927,6.325,6.291,0.00,0.00,0.00,-19.710,6.812,16.990,0.00,0.00,0.00,4.200,4.200,4.200
2026-02-04 13:01:10,55.14,0,354,354,0.00%,80.00,0.00%,"[0, 5, 10, 15, 20, 25, 30, 35, 40, 45, 50, 55, 60, 65, 70, 75, 80, 85, 90, 95, 100]","[0, 0, 0, 0, 0, 0, 0, 0, 0, 0, 0, 0, 0, 0, 0, 0, 1613, 0, 0, 0]","[0.0, 0.0, 0.0, 0.0, 0.0, 0.0, 0.0, 0.0, 0.0, 0.0, 0.0, 0.0, 0.0, 0.0, 0.0, 0.0, 1.0, 1.0, 1.0, 1.0]",4.0,2.0,2.0,2.0,2.0,17,-14.79698,8.0,6.0,hrl_dqn_apf,hierarchical,dqn,-10.347,7.281,22.911,0.00,0.00,0.00,1.690,6.322,6.291,0.00,0.00,0.00,-19.710,6.809,17.753,0.00,0.00,0.00,4.200,4.200,4.200
2026-02-04 13:01:11,56.14,0,352,352,0.00%,79.97,0.25%,"[0, 5, 10, 15, 20, 25, 30, 35, 40, 45, 50, 55, 60, 65, 70, 75, 80, 85, 90, 95, 100]","[2, 0, 0, 1, 0, 1, 0, 0, 1, 0, 0, 0, 1, 0, 0, 1, 1606, 0, 0, 0]","[0.0012399256044637321, 0.0012399256044637321, 0.0012399256044637321, 0.0018598884066955983, 0.0018598884066955983, 0.0024798512089274642, 0.0024798512089274642, 0.0024798512089274642, 0.0030998140111593306, 0.0030998140111593306, 0.0030998140111593306, 0.0030998140111593306, 0.0037197768133911966, 0.0037197768133911966, 0.0037197768133911966, 0.0043397396156230625, 1.0, 1.0, 1.0, 1.0]",4.0,2.0,2.0,2.0,2.0,17,-14.79698,8.0,6.0,hrl_dqn_apf,hierarchical,dqn,-10.347,7.275,24.435,0.00,0.00,0.00,3.213,6.316,6.290,0.00,0.00,0.00,-19.710,6.803,19.277,0.00,0.00,0.00,4.200,4.200,4.200
2026-02-04 13:01:12,57.14,0,352,352,0.00%,80.05,0.31%,"[0, 5, 10, 15, 20, 25, 30, 35, 40, 45, 50, 55, 60, 65, 70, 75, 80, 85, 90, 95, 100]","[4, 0, 0, 1, 0, 0, 0, 0, 2, 0, 0, 0, 1, 0, 0, 0, 1605, 0, 0, 0]","[0.0024798512089274642, 0.0024798512089274642, 0.0024798512089274642, 0.0030998140111593306, 0.0030998140111593306, 0.0030998140111593306, 0.0030998140111593306, 0.0030998140111593306, 0.0043397396156230625, 0.0043397396156230625, 0.0043397396156230625, 0.0043397396156230625, 0.0049597024178549285, 0.0049597024178549285, 0.0049597024178549285, 0.0049597024178549285, 1.0, 1.0, 1.0, 1.0]",4.0,2.0,2.0,2.0,2.0,17,-14.79698,8.0,6.0,hrl_dqn_apf,hierarchical,dqn,-10.347,7.272,25.196,0.00,0.00,0.00,3.974,6.313,6.290,0.00,0.00,0.00,-19.710,6.800,20.038,0.00,0.00,0.00,4.200,4.200,4.200
2026-02-04 13:01:13,58.15,0,353,353,0.00%,80.16,0.43%,"[0, 5, 10, 15, 20, 25, 30, 35, 40, 45, 50, 55, 60, 65, 70, 75, 80, 85, 90, 95, 100]","[5, 0, 1, 1, 0, 0, 0, 0, 1, 0, 0, 0, 1, 0, 0, 0, 1604, 0, 0, 0]","[0.0030998140111593306, 0.0030998140111593306, 0.0037197768133911966, 0.0043397396156230625, 0.0043397396156230625, 0.0043397396156230625, 0.0043397396156230625, 0.0043397396156230625, 0.0049597024178549285, 0.0049597024178549285, 0.0049597024178549285, 0.0049597024178549285, 0.005579665220086794, 0.005579665220086794, 0.005579665220086794, 0.005579665220086794, 1.0, 1.0, 1.0, 1.0]",4.0,2.0,2.0,2.0,2.0,17,-14.79698,8.0,6.0,hrl_dqn_apf,hierarchical,dqn,-10.347,7.269,25.959,0.00,0.00,0.00,4.737,6.310,6.290,0.00,0.00,0.00,-19.710,6.796,20.801,0.00,0.00,0.00,4.200,4.200,4.200
2026-02-04 13:01:14,59.15,0,353,353,0.00%,80.28,0.50%,"[0, 5, 10, 15, 20, 25, 30, 35, 40, 45, 50, 55, 60, 65, 70, 75, 80, 85, 90, 95, 100]","[6, 1, 0, 1, 0, 0, 0, 0, 1, 0, 0, 0, 1, 0, 0, 0, 1603, 0, 0, 0]","[0.0037197768133911966, 0.0043397396156230625, 0.0043397396156230625, 0.0049597024178549285, 0.0049597024178549285, 0.0049597024178549285, 0.0049597024178549285, 0.0049597024178549285, 0.005579665220086794, 0.005579665220086794, 0.005579665220086794, 0.005579665220086794, 0.006199628022318661, 0.006199628022318661, 0.006199628022318661, 0.006199628022318661, 1.0, 1.0, 1.0, 1.0]",4.0,2.0,2.0,2.0,2.0,17,-14.79698,8.0,6.0,hrl_dqn_apf,hierarchical,dqn,-10.347,7.266,26.708,0.00,0.00,0.00,5.486,6.307,6.290,0.00,0.00,0.00,-19.710,6.793,21.550,0.00,0.00,0.00,4.200,4.200,4.200
2026-02-04 13:01:15,60.15,0,355,355,0.00%,80.53,0.62%,"[0, 5, 10, 15, 20, 25, 30, 35, 40, 45, 50, 55, 60, 65, 70, 75, 80, 85, 90, 95, 100]","[9, 0, 0, 1, 0, 0, 0, 0, 1, 0, 0, 0, 1, 0, 0, 0, 1601, 0, 0, 0]","[0.005579665220086794, 0.005579665220086794, 0.005579665220086794, 0.006199628022318661, 0.006199628022318661, 0.006199628022318661, 0.006199628022318661, 0.006199628022318661, 0.006819590824550527, 0.006819590824550527, 0.006819590824550527, 0.006819590824550527, 0.007439553626782393, 0.007439553626782393, 0.007439553626782393, 0.007439553626782393, 1.0, 1.0, 1.0, 1.0]",4.0,2.0,2.0,2.0,2.0,17,-14.79698,8.0,6.0,hrl_dqn_apf,hierarchical,dqn,-10.347,7.260,28.229,0.00,0.00,0.00,6.788,6.308,6.291,0.00,0.00,0.00,-19.710,6.787,23.071,0.00,0.00,0.00,4.200,4.200,4.200
2026-02-04 13:01:16,61.15,0,357,357,0.00%,80.63,0.74%,"[0, 5, 10, 15, 20, 25, 30, 35, 40, 45, 50, 55, 60, 65, 70, 75, 80, 85, 90, 95, 100]","[9, 0, 0, 2, 1, 0, 0, 0, 1, 0, 0, 0, 1, 0, 0, 0, 1247, 352, 0, 0]","[0.005579665220086794, 0.005579665220086794, 0.005579665220086794, 0.006819590824550527, 0.007439553626782393, 0.007439553626782393, 0.007439553626782393, 0.007439553626782393, 0.008059516429014259, 0.008059516429014259, 0.008059516429014259, 0.008059516429014259, 0.008679479231246125, 0.008679479231246125, 0.008679479231246125, 0.008679479231246125, 0.7817730936143832, 1.0, 1.0, 1.0]",4.0,2.0,2.0,2.0,2.0,17,-14.79698,8.0,6.0,hrl_dqn_apf,hierarchical,dqn,-10.347,7.257,28.993,0.00,0.00,0.00,7.324,6.319,6.291,0.00,0.00,0.00,-19.710,6.784,23.835,0.00,0.00,0.00,4.200,4.200,4.200
2026-02-04 13:01:17,62.15,0,357,357,0.00%,80.78,0.74%,"[0, 5, 10, 15, 20, 25, 30, 35, 40, 45, 50, 55, 60, 65, 70, 75, 80, 85, 90, 95, 100]","[11, 0, 0, 1, 0, 0, 0, 0, 1, 0, 0, 0, 1, 1, 0, 0, 1246, 352, 0, 0]","[0.006819590824550527, 0.006819590824550527, 0.006819590824550527, 0.007439553626782393, 0.007439553626782393, 0.007439553626782393, 0.007439553626782393, 0.007439553626782393, 0.008059516429014259, 0.008059516429014259, 0.008059516429014259, 0.008059516429014259, 0.008679479231246125, 0.009299442033477991, 0.009299442033477991, 0.009299442033477991, 0.7817730936143832, 1.0, 1.0, 1.0]",4.0,2.0,2.0,2.0,2.0,17,-14.79698,8.0,6.0,hrl_dqn_apf,hierarchical,dqn,-10.347,7.254,29.753,0.00,0.00,0.00,8.019,6.317,6.291,0.00,0.00,0.00,-19.710,6.781,24.595,0.00,0.00,0.00,4.200,4.200,4.200
2026-02-04 13:01:18,63.16,0,361,361,0.00%,80.88,0.87%,"[0, 5, 10, 15, 20, 25, 30, 35, 40, 45, 50, 55, 60, 65, 70, 75, 80, 85, 90, 95, 100]","[12, 0, 0, 1, 0, 1, 0, 0, 1, 0, 0, 0, 1, 0, 0, 0, 1245, 352, 0, 0]","[0.007439553626782393, 0.007439553626782393, 0.007439553626782393, 0.008059516429014259, 0.008059516429014259, 0.008679479231246125, 0.008679479231246125, 0.008679479231246125, 0.009299442033477991, 0.009299442033477991, 0.009299442033477991, 0.009299442033477991, 0.009919404835709857, 0.009919404835709857, 0.009919404835709857, 0.009919404835709857, 0.7817730936143832, 1.0, 1.0, 1.0]",4.0,2.0,2.0,2.0,2.0,17,-14.79698,8.0,6.0,hrl_dqn_apf,hierarchical,dqn,-10.347,7.251,30.517,0.00,0.00,0.00,8.764,6.315,6.291,0.00,0.00,0.00,-19.710,6.778,25.359,0.00,0.00,0.00,4.200,4.200,4.200
2026-02-04 13:01:19,64.16,0,363,363,0.00%,81.18,0.93%,"[0, 5, 10, 15, 20, 25, 30, 35, 40, 45, 50, 55, 60, 65, 70, 75, 80, 85, 90, 95, 100]","[13, 0, 1, 1, 0, 0, 0, 0, 1, 0, 0, 0, 1, 0, 0, 0, 1243, 353, 0, 0]","[0.008059516429014259, 0.008059516429014259, 0.008679479231246125, 0.009299442033477991, 0.009299442033477991, 0.009299442033477991, 0.009299442033477991, 0.009299442033477991, 0.009919404835709857, 0.009919404835709857, 0.009919404835709857, 0.009919404835709857, 0.010539367637941723, 0.010539367637941723, 0.010539367637941723, 0.010539367637941723, 0.7811531308121513, 1.0, 1.0, 1.0]",4.0,2.0,2.0,2.0,2.0,17,-14.79698,8.0,6.0,hrl_dqn_apf,hierarchical,dqn,-10.347,7.245,32.040,0.00,0.00,0.00,10.288,6.310,6.289,0.00,0.00,0.00,-19.710,6.772,26.883,0.00,0.00,0.00,4.200,4.200,4.200
2026-02-04 13:01:20,65.16,0,354,354,0.00%,80.00,0.00%,"[0, 5, 10, 15, 20, 25, 30, 35, 40, 45, 50, 55, 60, 65, 70, 75, 80, 85, 90, 95, 100]","[0, 0, 0, 0, 0, 0, 0, 0, 0, 0, 0, 0, 0, 0, 0, 0, 1613, 0, 0, 0]","[0.0, 0.0, 0.0, 0.0, 0.0, 0.0, 0.0, 0.0, 0.0, 0.0, 0.0, 0.0, 0.0, 0.0, 0.0, 0.0, 1.0, 1.0, 1.0, 1.0]",4.0,2.0,2.0,2.0,2.0,17,-14.79698,8.0,6.0,hrl_dqn_apf,hierarchical,dqn,-10.347,7.242,32.800,0.00,0.00,0.00,11.048,6.307,6.289,0.00,0.00,0.00,-19.710,6.769,27.643,0.00,0.00,0.00,4.200,4.200,4.200
2026-02-04 13:01:21,66.16,0,354,354,0.00%,80.00,0.00%,"[0, 5, 10, 15, 20, 25, 30, 35, 40, 45, 50, 55, 60, 65, 70, 75, 80, 85, 90, 95, 100]","[0, 0, 0, 0, 0, 0, 0, 0, 0, 0, 0, 0, 0, 0, 0, 0, 1613, 0, 0, 0]","[0.0, 0.0, 0.0, 0.0, 0.0, 0.0, 0.0, 0.0, 0.0, 0.0, 0.0, 0.0, 0.0, 0.0, 0.0, 0.0, 1.0, 1.0, 1.0, 1.0]",4.0,2.0,2.0,2.0,2.0,17,-14.79698,8.0,6.0,hrl_dqn_apf,hierarchical,dqn,-10.347,7.239,33.540,0.00,0.00,0.00,11.788,6.304,6.288,0.00,0.00,0.00,-19.710,6.766,28.384,0.00,0.00,0.00,4.200,4.200,4.200
2026-02-04 13:01:22,67.16,0,354,354,0.00%,80.00,0.00%,"[0, 5, 10, 15, 20, 25, 30, 35, 40, 45, 50, 55, 60, 65, 70, 75, 80, 85, 90, 95, 100]","[0, 0, 0, 0, 0, 0, 0, 0, 0, 0, 0, 0, 0, 0, 0, 0, 1613, 0, 0, 0]","[0.0, 0.0, 0.0, 0.0, 0.0, 0.0, 0.0, 0.0, 0.0, 0.0, 0.0, 0.0, 0.0, 0.0, 0.0, 0.0, 1.0, 1.0, 1.0, 1.0]",4.0,2.0,2.0,2.0,2.0,17,-14.79698,8.0,6.0,hrl_dqn_apf,hierarchical,dqn,-10.347,7.233,35.066,0.00,0.00,0.00,13.314,6.298,6.288,0.00,0.00,0.00,-19.710,6.760,29.910,0.00,0.00,0.00,4.200,4.200,4.200
2026-02-04 13:01:23,68.17,0,352,352,0.00%,80.12,0.06%,"[0, 5, 10, 15, 20, 25, 30, 35, 40, 45, 50, 55, 60, 65, 70, 75, 80, 85, 90, 95, 100]","[0, 0, 0, 1, 0, 0, 0, 0, 0, 0, 1, 0, 0, 0, 0, 0, 1611, 0, 0, 0]","[0.0, 0.0, 0.0, 0.0006199628022318661, 0.0006199628022318661, 0.0006199628022318661, 0.0006199628022318661, 0.0006199628022318661, 0.0006199628022318661, 0.0006199628022318661, 0.0012399256044637321, 0.0012399256044637321, 0.0012399256044637321, 0.0012399256044637321, 0.0012399256044637321, 0.0012399256044637321, 1.0, 1.0, 1.0, 1.0]",4.0,2.0,2.0,2.0,2.0,17,-14.79698,8.0,6.0,hrl_dqn_apf,hierarchical,dqn,-10.347,7.230,35.826,0.00,0.00,0.00,14.075,6.295,6.288,0.00,0.00,0.00,-19.710,6.757,30.671,0.00,0.00,0.00,4.200,4.200,4.200
2026-02-04 13:01:24,69.17,0,352,352,0.00%,80.26,0.12%,"[0, 5, 10, 15, 20, 25, 30, 35, 40, 45, 50, 55, 60, 65, 70, 75, 80, 85, 90, 95, 100]","[1, 0, 0, 1, 0, 0, 0, 0, 0, 0, 0, 0, 0, 0, 0, 0, 1611, 0, 0, 0]","[0.0006199628022318661, 0.0006199628022318661, 0.0006199628022318661, 0.0012399256044637321, 0.0012399256044637321, 0.0012399256044637321, 0.0012399256044637321, 0.0012399256044637321, 0.0012399256044637321, 0.0012399256044637321, 0.0012399256044637321, 0.0012399256044637321, 0.0012399256044637321, 0.0012399256044637321, 0.0012399256044637321, 0.0012399256044637321, 1.0, 1.0, 1.0, 1.0]",4.0,2.0,2.0,2.0,2.0,17,-14.79698,8.0,6.0,hrl_dqn_apf,hierarchical,dqn,-10.347,7.227,36.583,0.00,0.00,0.00,14.833,6.291,6.287,0.00,0.00,0.00,-19.710,6.754,31.429,0.00,0.00,0.00,4.200,4.200,4.200
2026-02-04 13:01:25,70.17,0,353,353,0.00%,80.41,0.12%,"[0, 5, 10, 15, 20, 25, 30, 35, 40, 45, 50, 55, 60, 65, 70, 75, 80, 85, 90, 95, 100]","[1, 0, 0, 1, 0, 0, 0, 1, 0, 0, 0, 0, 0, 0, 0, 0, 1610, 0, 0, 0]","[0.0006199628022318661, 0.0006199628022318661, 0.0006199628022318661, 0.0012399256044637321, 0.0012399256044637321, 0.0012399256044637321, 0.0012399256044637321, 0.0018598884066955983, 0.0018598884066955983, 0.0018598884066955983, 0.0018598884066955983, 0.0018598884066955983, 0.0018598884066955983, 0.0018598884066955983, 0.0018598884066955983, 0.0018598884066955983, 1.0, 1.0, 1.0, 1.0]",4.0,2.0,2.0,2.0,2.0,17,-14.79698,8.0,6.0,hrl_dqn_apf,hierarchical,dqn,-10.347,7.178,37.341,0.00,0.00,0.00,15.590,6.243,6.287,0.00,0.00,0.00,-19.710,6.705,32.186,0.00,0.00,0.00,4.200,4.200,4.200
2026-02-04 13:01:26,71.17,0,353,353,0.00%,80.56,0.19%,"[0, 5, 10, 15, 20, 25, 30, 35, 40, 45, 50, 55, 60, 65, 70, 75, 80, 85, 90, 95, 100]","[2, 0, 0, 1, 0, 0, 0, 0, 0, 0, 0, 0, 0, 0, 0, 0, 1610, 0, 0, 0]","[0.0012399256044637321, 0.0012399256044637321, 0.0012399256044637321, 0.0018598884066955983, 0.0018598884066955983, 0.0018598884066955983, 0.0018598884066955983, 0.0018598884066955983, 0.0018598884066955983, 0.0018598884066955983, 0.0018598884066955983, 0.0018598884066955983, 0.0018598884066955983, 0.0018598884066955983, 0.0018598884066955983, 0.0018598884066955983, 1.0, 1.0, 1.0, 1.0]",4.0,2.0,2.0,2.0,2.0,17,-14.79698,8.0,6.0,hrl_dqn_apf,hierarchical,dqn,-10.347,7.132,38.103,0.00,0.00,0.00,16.353,6.197,6.287,0.00,0.00,0.00,-19.710,6.659,32.949,0.00,0.00,0.00,4.200,4.200,4.200
2026-02-04 13:01:27,72.17,0,355,355,0.00%,80.86,0.25%,"[0, 5, 10, 15, 20, 25, 30, 35, 40, 45, 50, 55, 60, 65, 70, 75, 80, 85, 90, 95, 100]","[3, 0, 0, 1, 0, 0, 0, 0, 0, 0, 0, 0, 0, 0, 0, 0, 1609, 0, 0, 0]","[0.0018598884066955983, 0.0018598884066955983, 0.0018598884066955983, 0.0024798512089274642, 0.0024798512089274642, 0.0024798512089274642, 0.0024798512089274642, 0.0024798512089274642, 0.0024798512089274642, 0.0024798512089274642, 0.0024798512089274642, 0.0024798512089274642, 0.0024798512089274642, 0.0024798512089274642, 0.0024798512089274642, 0.0024798512089274642, 1.0, 1.0, 1.0, 1.0]",4.0,2.0,2.0,2.0,2.0,17,-14.79698,8.0,6.0,hrl_dqn_apf,hierarchical,dqn,-10.347,7.101,39.623,0.00,0.00,0.00,17.873,6.166,6.286,0.00,0.00,0.00,-19.710,6.629,34.469,0.00,0.00,0.00,4.200,4.200,4.200
2026-02-04 13:01:28,73.18,0,357,357,0.00%,80.99,0.31%,"[0, 5, 10, 15, 20, 25, 30, 35, 40, 45, 50, 55, 60, 65, 70, 75, 80, 85, 90, 95, 100]","[3, 1, 0, 1, 0, 0, 0, 0, 0, 0, 0, 0, 0, 0, 0, 0, 1256, 352, 0, 0]","[0.0018598884066955983, 0.0024798512089274642, 0.0024798512089274642, 0.0030998140111593306, 0.0030998140111593306, 0.0030998140111593306, 0.0030998140111593306, 0.0030998140111593306, 0.0030998140111593306, 0.0030998140111593306, 0.0030998140111593306, 0.0030998140111593306, 0.0030998140111593306, 0.0030998140111593306, 0.0030998140111593306, 0.0030998140111593306, 0.7817730936143832, 1.0, 1.0, 1.0]",4.0,2.0,2.0,2.0,2.0,17,-14.79698,8.0,6.0,hrl_dqn_apf,hierarchical,dqn,-10.347,7.095,40.341,0.00,0.00,0.00,18.588,6.160,6.286,0.00,0.00,0.00,-19.710,6.623,35.183,0.00,0.00,0.00,4.200,4.200,4.200
2026-02-04 13:01:29,74.18,0,357,357,0.00%,81.17,0.31%,"[0, 5, 10, 15, 20, 25, 30, 35, 40, 45, 50, 55, 60, 65, 70, 75, 80, 85, 90, 95, 100]","[4, 0, 0, 1, 0, 0, 0, 0, 0, 0, 0, 0, 0, 0, 0, 1, 1255, 352, 0, 0]","[0.0024798512089274642, 0.0024798512089274642, 0.0024798512089274642, 0.0030998140111593306, 0.0030998140111593306, 0.0030998140111593306, 0.0030998140111593306, 0.0030998140111593306, 0.0030998140111593306, 0.0030998140111593306, 0.0030998140111593306, 0.0030998140111593306, 0.0030998140111593306, 0.0030998140111593306, 0.0030998140111593306, 0.0037197768133911966, 0.7817730936143832, 1.0, 1.0, 1.0]",4.0,2.0,2.0,2.0,2.0,17,-14.79698,8.0,6.0,hrl_dqn_apf,hierarchical,dqn,-10.347,7.091,41.101,0.00,0.00,0.00,19.351,6.156,6.286,0.00,0.00,0.00,-19.710,6.618,35.946,0.00,0.00,0.00,4.200,4.200,4.200
2026-02-04 13:01:30,75.18,0,361,361,0.00%,81.47,0.37%,"[0, 5, 10, 15, 20, 25, 30, 35, 40, 45, 50, 55, 60, 65, 70, 75, 80, 85, 90, 95, 100]","[5, 0, 0, 1, 0, 0, 0, 0, 0, 0, 0, 0, 1, 0, 0, 0, 1253, 353, 0, 0]","[0.0030998140111593306, 0.0030998140111593306, 0.0030998140111593306, 0.0037197768133911966, 0.0037197768133911966, 0.0037197768133911966, 0.0037197768133911966, 0.0037197768133911966, 0.0037197768133911966, 0.0037197768133911966, 0.0037197768133911966, 0.0037197768133911966, 0.0043397396156230625, 0.0043397396156230625, 0.0043397396156230625, 0.0043397396156230625, 0.7811531308121513, 1.0, 1.0, 1.0]",4.0,2.0,2.0,2.0,2.0,17,-14.79698,8.0,6.0,hrl_dqn_apf,hierarchical,dqn,-10.347,7.088,41.861,0.00,0.00,0.00,20.112,6.152,6.286,0.00,0.00,0.00,-19.710,6.615,36.706,0.00,0.00,0.00,4.200,4.200,4.200
2026-02-04 13:01:31,76.19,0,354,354,0.00%,80.00,0.00%,"[0, 5, 10, 15, 20, 25, 30, 35, 40, 45, 50, 55, 60, 65, 70, 75, 80, 85, 90, 95, 100]","[0, 0, 0, 0, 0, 0, 0, 0, 0, 0, 0, 0, 0, 0, 0, 0, 1613, 0, 0, 0]","[0.0, 0.0, 0.0, 0.0, 0.0, 0.0, 0.0, 0.0, 0.0, 0.0, 0.0, 0.0, 0.0, 0.0, 0.0, 0.0, 1.0, 1.0, 1.0, 1.0]",4.0,2.0,2.0,2.0,2.0,17,-14.79698,8.0,6.0,hrl_dqn_apf,hierarchical,dqn,-10.347,7.081,43.398,0.00,0.00,0.00,21.650,6.146,6.285,0.00,0.00,0.00,-19.710,6.608,38.243,0.00,0.00,0.00,4.200,4.200,4.200
2026-02-04 13:01:32,77.19,0,354,354,0.00%,80.00,0.00%,"[0, 5, 10, 15, 20, 25, 30, 35, 40, 45, 50, 55, 60, 65, 70, 75, 80, 85, 90, 95, 100]","[0, 0, 0, 0, 0, 0, 0, 0, 0, 0, 0, 0, 0, 0, 0, 0, 1613, 0, 0, 0]","[0.0, 0.0, 0.0, 0.0, 0.0, 0.0, 0.0, 0.0, 0.0, 0.0, 0.0, 0.0, 0.0, 0.0, 0.0, 0.0, 1.0, 1.0, 1.0, 1.0]",4.0,2.0,2.0,2.0,2.0,17,-14.79698,8.0,6.0,hrl_dqn_apf,hierarchical,dqn,-10.347,7.078,44.149,0.00,0.00,0.00,22.402,6.143,6.285,0.00,0.00,0.00,-19.710,6.605,38.995,0.00,0.00,0.00,4.200,4.200,4.200
2026-02-04 13:01:33,78.19,0,354,354,0.00%,80.00,0.00%,"[0, 5, 10, 15, 20, 25, 30, 35, 40, 45, 50, 55, 60, 65, 70, 75, 80, 85, 90, 95, 100]","[0, 0, 0, 0, 0, 0, 0, 0, 0, 0, 0, 0, 0, 0, 0, 0, 1613, 0, 0, 0]","[0.0, 0.0, 0.0, 0.0, 0.0, 0.0, 0.0, 0.0, 0.0, 0.0, 0.0, 0.0, 0.0, 0.0, 0.0, 0.0, 1.0, 1.0, 1.0, 1.0]",4.0,2.0,2.0,2.0,2.0,17,-14.79698,8.0,6.0,hrl_dqn_apf,hierarchical,dqn,-10.347,7.075,44.912,0.00,0.00,0.00,23.165,6.140,6.285,0.00,0.00,0.00,-19.710,6.602,39.757,0.00,0.00,0.00,4.200,4.200,4.200
2026-02-04 13:01:34,79.19,0,352,352,0.00%,80.13,0.06%,"[0, 5, 10, 15, 20, 25, 30, 35, 40, 45, 50, 55, 60, 65, 70, 75, 80, 85, 90, 95, 100]","[1, 0, 0, 0, 0, 0, 0, 0, 0, 0, 0, 0, 0, 0, 0, 0, 1612, 0, 0, 0]","[0.0006199628022318661, 0.0006199628022318661, 0.0006199628022318661, 0.0006199628022318661, 0.0006199628022318661, 0.0006199628022318661, 0.0006199628022318661, 0.0006199628022318661, 0.0006199628022318661, 0.0006199628022318661, 0.0006199628022318661, 0.0006199628022318661, 0.0006199628022318661, 0.0006199628022318661, 0.0006199628022318661, 0.0006199628022318661, 1.0, 1.0, 1.0, 1.0]",4.0,2.0,2.0,2.0,2.0,17,-14.79698,8.0,6.0,hrl_dqn_apf,hierarchical,dqn,-10.347,7.069,46.418,0.00,0.00,0.00,24.672,6.134,6.284,0.00,0.00,0.00,-19.710,6.596,41.263,0.00,0.00,0.00,4.200,4.200,4.200
2026-02-04 13:01:35,80.19,0,352,352,0.00%,80.26,0.12%,"[0, 5, 10, 15, 20, 25, 30, 35, 40, 45, 50, 55, 60, 65, 70, 75, 80, 85, 90, 95, 100]","[1, 0, 0, 0, 1, 0, 0, 0, 0, 0, 0, 0, 0, 0, 0, 0, 1611, 0, 0, 0]","[0.0006199628022318661, 0.0006199628022318661, 0.0006199628022318661, 0.0006199628022318661, 0.0012399256044637321, 0.0012399256044637321, 0.0012399256044637321, 0.0012399256044637321, 0.0012399256044637321, 0.0012399256044637321, 0.0012399256044637321, 0.0012399256044637321, 0.0012399256044637321, 0.0012399256044637321, 0.0012399256044637321, 0.0012399256044637321, 1.0, 1.0, 1.0, 1.0]",4.0,2.0,2.0,2.0,2.0,17,-14.79698,8.0,6.0,hrl_dqn_apf,hierarchical,dqn,-10.347,7.066,47.178,0.00,0.00,0.00,25.433,6.131,6.284,0.00,0.00,0.00,-19.710,6.593,42.023,0.00,0.00,0.00,4.167,4.167,4.195
2026-02-04 13:01:36,81.20,0,353,353,0.00%,80.43,0.12%,"[0, 5, 10, 15, 20, 25, 30, 35, 40, 45, 50, 55, 60, 65, 70, 75, 80, 85, 90, 95, 100]","[2, 0, 0, 0, 0, 0, 0, 0, 0, 0, 0, 0, 0, 0, 0, 0, 1611, 0, 0, 0]","[0.0012399256044637321, 0.0012399256044637321, 0.0012399256044637321, 0.0012399256044637321, 0.0012399256044637321, 0.0012399256044637321, 0.0012399256044637321, 0.0012399256044637321, 0.0012399256044637321, 0.0012399256044637321, 0.0012399256044637321, 0.0012399256044637321, 0.0012399256044637321, 0.0012399256044637321, 0.0012399256044637321, 0.0012399256044637321, 1.0, 1.0, 1.0, 1.0]",4.0,2.0,2.0,2.0,2.0,21,-23.92025,8.0,12.0,hrl_dqn_apf,hierarchical,dqn,-10.347,7.200,47.606,0.00,0.00,0.00,26.032,6.197,6.116,0.00,0.00,0.00,-19.710,6.727,42.451,0.00,0.00,0.00,4.164,4.164,4.192
2026-02-04 13:01:37,82.20,0,353,353,0.00%,80.60,0.12%,"[0, 5, 10, 15, 20, 25, 30, 35, 40, 45, 50, 55, 60, 65, 70, 75, 80, 85, 90, 95, 100]","[2, 0, 0, 0, 0, 0, 0, 0, 0, 0, 0, 0, 0, 0, 0, 0, 1611, 0, 0, 0]","[0.0012399256044637321, 0.0012399256044637321, 0.0012399256044637321, 0.0012399256044637321, 0.0012399256044637321, 0.0012399256044637321, 0.0012399256044637321, 0.0012399256044637321, 0.0012399256044637321, 0.0012399256044637321, 0.0012399256044637321, 0.0012399256044637321, 0.0012399256044637321, 0.0012399256044637321, 0.0012399256044637321, 0.0012399256044637321, 1.0, 1.0, 1.0, 1.0]",4.0,2.0,2.0,2.0,2.0,21,-23.92025,8.0,12.0,hrl_dqn_apf,hierarchical,dqn,-10.347,7.245,47.267,0.00,0.00,0.00,26.246,6.218,5.564,0.00,0.00,0.00,-19.710,6.773,42.112,0.00,0.00,0.00,4.161,4.161,4.189
2026-02-04 13:01:38,83.21,0,355,355,0.00%,80.95,0.12%,"[0, 5, 10, 15, 20, 25, 30, 35, 40, 45, 50, 55, 60, 65, 70, 75, 80, 85, 90, 95, 100]","[2, 0, 0, 0, 0, 0, 0, 0, 0, 0, 0, 0, 0, 0, 0, 0, 1611, 0, 0, 0]","[0.0012399256044637321, 0.0012399256044637321, 0.0012399256044637321, 0.0012399256044637321, 0.0012399256044637321, 0.0012399256044637321, 0.0012399256044637321, 0.0012399256044637321, 0.0012399256044637321, 0.0012399256044637321, 0.0012399256044637321, 0.0012399256044637321, 0.0012399256044637321, 0.0012399256044637321, 0.0012399256044637321, 0.0012399256044637321, 1.0, 1.0, 1.0, 1.0]",4.0,2.0,2.0,2.0,2.0,15,-29.76042,8.0,6.0,hrl_dqn_apf,hierarchical,dqn,-10.347,7.244,45.922,0.00,0.00,0.00,25.940,6.302,4.526,0.00,0.00,0.00,-19.710,6.772,40.768,0.00,0.00,0.00,4.158,4.158,4.186
2026-02-04 13:01:39,84.21,0,357,357,0.00%,81.10,0.12%,"[0, 5, 10, 15, 20, 25, 30, 35, 40, 45, 50, 55, 60, 65, 70, 75, 80, 85, 90, 95, 100]","[2, 0, 0, 0, 0, 0, 0, 1, 0, 0, 0, 0, 0, 0, 0, 0, 1258, 352, 0, 0]","[0.0012399256044637321, 0.0012399256044637321, 0.0012399256044637321, 0.0012399256044637321, 0.0012399256044637321, 0.0012399256044637321, 0.0012399256044637321, 0.0018598884066955983, 0.0018598884066955983, 0.0018598884066955983, 0.0018598884066955983, 0.0018598884066955983, 0.0018598884066955983, 0.0018598884066955983, 0.0018598884066955983, 0.0018598884066955983, 0.7817730936143832, 1.0, 1.0, 1.0]",4.0,2.0,2.0,2.0,2.0,11,-23.60018,8.0,0.0,hrl_dqn_apf,hierarchical,dqn,-10.347,7.241,45.172,0.00,0.00,0.00,25.300,6.308,4.406,0.00,0.00,0.00,-19.710,6.768,40.017,0.00,0.00,0.00,4.155,4.155,4.183
2026-02-04 13:01:40,85.21,0,357,357,0.00%,81.26,0.19%,"[0, 5, 10, 15, 20, 25, 30, 35, 40, 45, 50, 55, 60, 65, 70, 75, 80, 85, 90, 95, 100]","[3, 0, 0, 0, 0, 0, 0, 0, 0, 0, 0, 0, 0, 0, 0, 0, 1258, 352, 0, 0]","[0.0018598884066955983, 0.0018598884066955983, 0.0018598884066955983, 0.0018598884066955983, 0.0018598884066955983, 0.0018598884066955983, 0.0018598884066955983, 0.0018598884066955983, 0.0018598884066955983, 0.0018598884066955983, 0.0018598884066955983, 0.0018598884066955983, 0.0018598884066955983, 0.0018598884066955983, 0.0018598884066955983, 0.0018598884066955983, 0.7817730936143832, 1.0, 1.0, 1.0]",4.0,2.0,2.0,2.0,2.0,11,-23.60018,8.0,0.0,hrl_dqn_apf,hierarchical,dqn,-10.347,7.238,44.411,0.00,0.00,0.00,24.571,6.305,4.368,0.00,0.00,0.00,-19.710,6.765,39.256,0.00,0.00,0.00,4.152,4.152,4.180
2026-02-04 13:01:41,86.21,0,361,361,0.00%,81.38,0.25%,"[0, 5, 10, 15, 20, 25, 30, 35, 40, 45, 50, 55, 60, 65, 70, 75, 80, 85, 90, 95, 100]","[3, 0, 0, 0, 0, 1, 0, 1, 0, 0, 0, 0, 0, 0, 0, 0, 1256, 352, 0, 0]","[0.0018598884066955983, 0.0018598884066955983, 0.0018598884066955983, 0.0018598884066955983, 0.0018598884066955983, 0.0024798512089274642, 0.0024798512089274642, 0.0030998140111593306, 0.0030998140111593306, 0.0030998140111593306, 0.0030998140111593306, 0.0030998140111593306, 0.0030998140111593306, 0.0030998140111593306, 0.0030998140111593306, 0.0030998140111593306, 0.7817730936143832, 1.0, 1.0, 1.0]",4.0,2.0,2.0,2.0,2.0,3,-11.439800000000002,8.0,-12.0,hrl_dqn_apf,hierarchical,dqn,-10.347,7.235,43.651,0.00,0.00,0.00,23.819,6.302,4.357,0.00,0.00,0.00,-19.710,6.762,38.496,0.00,0.00,0.00,4.149,4.149,4.177
2026-02-04 13:01:42,87.22,0,363,363,0.00%,81.64,0.43%,"[0, 5, 10, 15, 20, 25, 30, 35, 40, 45, 50, 55, 60, 65, 70, 75, 80, 85, 90, 95, 100]","[4, 0, 0, 0, 2, 1, 0, 0, 0, 0, 0, 0, 0, 0, 0, 0, 1253, 353, 0, 0]","[0.0024798512089274642, 0.0024798512089274642, 0.0024798512089274642, 0.0024798512089274642, 0.0037197768133911966, 0.0043397396156230625, 0.0043397396156230625, 0.0043397396156230625, 0.0043397396156230625, 0.0043397396156230625, 0.0043397396156230625, 0.0043397396156230625, 0.0043397396156230625, 0.0043397396156230625, 0.0043397396156230625, 0.0043397396156230625, 0.7811531308121513, 1.0, 1.0, 1.0]",4.0,2.0,2.0,2.0,2.0,3,-11.439800000000002,8.0,-12.0,hrl_dqn_apf,hierarchical,dqn,-10.347,7.229,42.134,0.00,0.00,0.00,22.305,6.296,4.352,0.00,0.00,0.00,-19.710,6.756,36.979,0.00,0.00,0.00,4.146,4.146,4.174
2026-02-04 13:01:43,88.22,0,365,365,0.00%,81.80,0.43%,"[0, 5, 10, 15, 20, 25, 30, 35, 40, 45, 50, 55, 60, 65, 70, 75, 80, 85, 90, 95, 100]","[5, 0, 0, 0, 1, 1, 0, 0, 0, 0, 0, 1, 0, 0, 0, 0, 1250, 355, 0, 0]","[0.0030998140111593306, 0.0030998140111593306, 0.0030998140111593306, 0.0030998140111593306, 0.0037197768133911966, 0.0043397396156230625, 0.0043397396156230625, 0.0043397396156230625, 0.0043397396156230625, 0.0043397396156230625, 0.0043397396156230625, 0.0049597024178549285, 0.0049597024178549285, 0.0049597024178549285, 0.0049597024178549285, 0.0049597024178549285, 0.7799132052076876, 1.0, 1.0, 1.0]",4.0,2.0,2.0,2.0,2.0,9,-5.279879999999999,8.0,-6.0,hrl_dqn_apf,hierarchical,dqn,-10.347,7.226,41.374,0.00,0.00,0.00,21.544,6.293,4.352,0.00,0.00,0.00,-19.710,6.753,36.219,0.00,0.00,0.00,4.143,4.143,4.171
2026-02-04 13:01:44,89.22,0,369,369,0.00%,81.91,0.56%,"[0, 5, 10, 15, 20, 25, 30, 35, 40, 45, 50, 55, 60, 65, 70, 75, 80, 85, 90, 95, 100]","[5, 0, 1, 0, 2, 1, 0, 0, 0, 0, 0, 0, 0, 0, 0, 0, 1247, 7, 350, 0]","[0.0030998140111593306, 0.0030998140111593306, 0.0037197768133911966, 0.0037197768133911966, 0.0049597024178549285, 0.005579665220086794, 0.005579665220086794, 0.005579665220086794, 0.005579665220086794, 0.005579665220086794, 0.005579665220086794, 0.005579665220086794, 0.005579665220086794, 0.005579665220086794, 0.005579665220086794, 0.005579665220086794, 0.7786732796032239, 0.7830130192188469, 1.0, 1.0]",4.0,2.0,2.0,2.0,2.0,24,-5.11974,8.0,12.0,hrl_dqn_apf,hierarchical,dqn,-10.347,7.223,40.614,0.00,0.00,0.00,20.784,6.290,4.352,0.00,0.00,0.00,-19.710,6.750,35.459,0.00,0.00,0.00,4.140,4.140,4.168
2026-02-04 13:01:45,90.22,0,369,369,0.00%,82.06,0.56%,"[0, 5, 10, 15, 20, 25, 30, 35, 40, 45, 50, 55, 60, 65, 70, 75, 80, 85, 90, 95, 100]","[6, 0, 0, 0, 2, 1, 0, 0, 1, 0, 0, 0, 0, 0, 1, 0, 1245, 7, 350, 0]","[0.0037197768133911966, 0.0037197768133911966, 0.0037197768133911966, 0.0037197768133911966, 0.0049597024178549285, 0.005579665220086794, 0.005579665220086794, 0.005579665220086794, 0.006199628022318661, 0.006199628022318661, 0.006199628022318661, 0.006199628022318661, 0.006199628022318661, 0.006199628022318661, 0.006819590824550527, 0.006819590824550527, 0.7786732796032239, 0.7830130192188469, 1.0, 1.0]",4.0,2.0,2.0,2.0,2.0,24,-5.11974,8.0,12.0,hrl_dqn_apf,hierarchical,dqn,-10.347,7.220,39.851,0.00,0.00,0.00,20.020,6.287,4.352,0.00,0.00,0.00,-19.710,6.747,34.696,0.00,0.00,0.00,4.137,4.137,4.165
2026-02-04 13:01:46,91.23,0,369,369,0.00%,82.33,0.74%,"[0, 5, 10, 15, 20, 25, 30, 35, 40, 45, 50, 55, 60, 65, 70, 75, 80, 85, 90, 95, 100]","[7, 0, 0, 0, 3, 2, 0, 0, 0, 0, 0, 0, 1, 0, 0, 0, 1237, 12, 351, 0]","[0.0043397396156230625, 0.0043397396156230625, 0.0043397396156230625, 0.0043397396156230625, 0.006199628022318661, 0.007439553626782393, 0.007439553626782393, 0.007439553626782393, 0.007439553626782393, 0.007439553626782393, 0.007439553626782393, 0.007439553626782393, 0.008059516429014259, 0.008059516429014259, 0.008059516429014259, 0.008059516429014259, 0.7749535027898327, 0.782393056416615, 1.0, 1.0]",4.0,2.0,2.0,2.0,2.0,19,-5.03941,8.0,6.0,hrl_dqn_apf,hierarchical,dqn,-10.347,7.214,38.328,0.00,0.00,0.00,18.497,6.281,4.353,0.00,0.00,0.00,-19.710,6.741,33.173,0.00,0.00,0.00,4.134,4.134,4.162
2026-02-04 13:01:47,92.23,0,371,371,0.00%,82.47,0.81%,"[0, 5, 10, 15, 20, 25, 30, 35, 40, 45, 50, 55, 60, 65, 70, 75, 80, 85, 90, 95, 100]","[8, 0, 0, 0, 4, 1, 0, 0, 0, 0, 0, 0, 0, 0, 0, 0, 1235, 14, 351, 0]","[0.0049597024178549285, 0.0049597024178549285, 0.0049597024178549285, 0.0049597024178549285, 0.007439553626782393, 0.008059516429014259, 0.008059516429014259, 0.008059516429014259, 0.008059516429014259, 0.008059516429014259, 0.008059516429014259, 0.008059516429014259, 0.008059516429014259, 0.008059516429014259, 0.008059516429014259, 0.008059516429014259, 0.7737135771853689, 0.782393056416615, 1.0, 1.0]",4.0,2.0,2.0,2.0,2.0,16,-22.87936,8.0,6.0,hrl_dqn_apf,hierarchical,dqn,-10.347,7.211,37.565,0.00,0.00,0.00,17.733,6.278,4.353,0.00,0.00,0.00,-19.710,6.738,32.411,0.00,0.00,0.00,4.131,4.131,4.159
2026-02-04 13:01:48,93.23,0,373,373,0.00%,82.60,0.87%,"[0, 5, 10, 15, 20, 25, 30, 35, 40, 45, 50, 55, 60, 65, 70, 75, 80, 85, 90, 95, 100]","[8, 0, 0, 0, 5, 1, 0, 0, 0, 1, 0, 0, 0, 0, 0, 0, 1231, 14, 353, 0]","[0.0049597024178549285, 0.0049597024178549285, 0.0049597024178549285, 0.0049597024178549285, 0.008059516429014259, 0.008679479231246125, 0.008679479231246125, 0.008679479231246125, 0.008679479231246125, 0.009299442033477991, 0.009299442033477991, 0.009299442033477991, 0.009299442033477991, 0.009299442033477991, 0.009299442033477991, 0.009299442033477991, 0.7724736515809052, 0.7811531308121513, 1.0, 1.0]",4.0,2.0,2.0,2.0,2.0,16,-22.87936,8.0,6.0,hrl_dqn_apf,hierarchical,dqn,-10.347,7.207,36.805,0.00,0.00,0.00,16.973,6.275,4.353,0.00,0.00,0.00,-19.710,6.735,31.650,0.00,0.00,0.00,4.128,4.128,4.156
2026-02-04 13:01:49,94.23,0,373,373,0.00%,82.76,0.93%,"[0, 5, 10, 15, 20, 25, 30, 35, 40, 45, 50, 55, 60, 65, 70, 75, 80, 85, 90, 95, 100]","[9, 0, 0, 0, 5, 1, 0, 0, 0, 0, 0, 0, 0, 0, 0, 1, 1226, 16, 7, 348]","[0.005579665220086794, 0.005579665220086794, 0.005579665220086794, 0.005579665220086794, 0.008679479231246125, 0.009299442033477991, 0.009299442033477991, 0.009299442033477991, 0.009299442033477991, 0.009299442033477991, 0.009299442033477991, 0.009299442033477991, 0.009299442033477991, 0.009299442033477991, 0.009299442033477991, 0.009919404835709857, 0.7699938003719777, 0.7799132052076876, 0.7842529448233106, 1.0]",4.0,2.0,2.0,2.0,2.0,9,-4.718969999999999,8.0,-6.0,hrl_dqn_apf,hierarchical,dqn,-10.347,7.204,36.025,0.00,0.00,0.00,16.192,6.271,4.353,0.00,0.00,0.00,-19.710,6.732,30.870,0.00,0.00,0.00,4.125,4.125,4.153
2026-02-04 13:01:50,95.24,0,373,373,0.00%,83.03,1.05%,"[0, 5, 10, 15, 20, 25, 30, 35, 40, 45, 50, 55, 60, 65, 70, 75, 80, 85, 90, 95, 100]","[10, 0, 0, 0, 6, 1, 0, 0, 0, 0, 0, 0, 0, 1, 0, 0, 1224, 16, 7, 348]","[0.006199628022318661, 0.006199628022318661, 0.006199628022318661, 0.006199628022318661, 0.009919404835709857, 0.010539367637941723, 0.010539367637941723, 0.010539367637941723, 0.010539367637941723, 0.010539367637941723, 0.010539367637941723, 0.010539367637941723, 0.010539367637941723, 0.011159330440173589, 0.011159330440173589, 0.011159330440173589, 0.7699938003719777, 0.7799132052076876, 0.7842529448233106, 1.0]",4.0,2.0,2.0,2.0,2.0,10,-28.55866,8.0,0.0,hrl_dqn_apf,hierarchical,dqn,-10.347,7.201,35.262,0.00,0.00,0.00,15.429,6.268,4.353,0.00,0.00,0.00,-19.710,6.729,30.106,0.00,0.00,0.00,4.122,4.122,4.150
2026-02-04 13:01:51,96.24,0,374,374,0.00%,83.16,1.18%,"[0, 5, 10, 15, 20, 25, 30, 35, 40, 45, 50, 55, 60, 65, 70, 75, 80, 85, 90, 95, 100]","[10, 0, 0, 1, 7, 1, 0, 0, 0, 0, 0, 0, 0, 0, 0, 0, 1223, 10, 12, 349]","[0.006199628022318661, 0.006199628022318661, 0.006199628022318661, 0.006819590824550527, 0.011159330440173589, 0.011779293242405457, 0.011779293242405457, 0.011779293242405457, 0.011779293242405457, 0.011779293242405457, 0.011779293242405457, 0.011779293242405457, 0.011779293242405457, 0.011779293242405457, 0.011779293242405457, 0.011779293242405457, 0.7699938003719777, 0.7761934283942964, 0.7836329820210788, 1.0]",4.0,2.0,2.0,2.0,2.0,10,-28.55866,8.0,0.0,hrl_dqn_apf,hierarchical,dqn,-10.347,7.195,33.731,0.00,0.00,0.00,13.896,6.262,4.353,0.00,0.00,0.00,-19.710,6.722,28.574,0.00,0.00,0.00,4.118,4.118,4.147
2026-02-04 13:01:52,97.24,0,376,376,0.00%,83.32,1.18%,"[0, 5, 10, 15, 20, 25, 30, 35, 40, 45, 50, 55, 60, 65, 70, 75, 80, 85, 90, 95, 100]","[11, 0, 0, 0, 7, 1, 0, 0, 0, 1, 0, 0, 0, 0, 0, 1, 1219, 10, 14, 349]","[0.006819590824550527, 0.006819590824550527, 0.006819590824550527, 0.006819590824550527, 0.011159330440173589, 0.011779293242405457, 0.011779293242405457, 0.011779293242405457, 0.011779293242405457, 0.012399256044637322, 0.012399256044637322, 0.012399256044637322, 0.012399256044637322, 0.012399256044637322, 0.012399256044637322, 0.013019218846869188, 0.768753874767514, 0.7749535027898327, 0.7836329820210788, 1.0]",4.0,2.0,2.0,2.0,2.0,0,-28.39868,8.0,-12.0,hrl_dqn_apf,hierarchical,dqn,-10.347,7.192,32.968,0.00,0.00,0.00,13.133,6.259,4.354,0.00,0.00,0.00,-19.710,6.719,27.810,0.00,0.00,0.00,4.116,4.116,4.144
2026-02-04 13:01:53,98.25,0,378,378,0.00%,83.44,1.30%,"[0, 5, 10, 15, 20, 25, 30, 35, 40, 45, 50, 55, 60, 65, 70, 75, 80, 85, 90, 95, 100]","[12, 0, 0, 0, 8, 1, 0, 0, 0, 0, 0, 0, 0, 0, 0, 0, 1215, 14, 12, 351]","[0.007439553626782393, 0.007439553626782393, 0.007439553626782393, 0.007439553626782393, 0.012399256044637322, 0.013019218846869188, 0.013019218846869188, 0.013019218846869188, 0.013019218846869188, 0.013019218846869188, 0.013019218846869188, 0.013019218846869188, 0.013019218846869188, 0.013019218846869188, 0.013019218846869188, 0.013019218846869188, 0.7662740235585865, 0.7749535027898327, 0.782393056416615, 1.0]",4.0,2.0,2.0,2.0,2.0,1,-22.2359,8.0,-12.0,hrl_dqn_apf,hierarchical,dqn,-10.347,7.189,32.202,0.00,0.00,0.00,12.367,6.256,4.354,0.00,0.00,0.00,-19.710,6.716,27.044,0.00,0.00,0.00,4.113,4.113,4.141
2026-02-04 13:01:54,99.25,0,378,378,0.00%,83.59,1.30%,"[0, 5, 10, 15, 20, 25, 30, 35, 40, 45, 50, 55, 60, 65, 70, 75, 80, 85, 90, 95, 100]","[12, 0, 0, 0, 8, 1, 1, 0, 0, 0, 0, 0, 1, 0, 0, 0, 1213, 10, 14, 353]","[0.007439553626782393, 0.007439553626782393, 0.007439553626782393, 0.007439553626782393, 0.012399256044637322, 0.013019218846869188, 0.013639181649101054, 0.013639181649101054, 0.013639181649101054, 0.013639181649101054, 0.013639181649101054, 0.013639181649101054, 0.01425914445133292, 0.01425914445133292, 0.01425914445133292, 0.01425914445133292, 0.7662740235585865, 0.7724736515809052, 0.7811531308121513, 1.0]",4.0,2.0,2.0,2.0,2.0,1,-22.2359,8.0,-12.0,hrl_dqn_apf,hierarchical,dqn,-10.347,7.186,31.445,0.00,0.00,0.00,11.609,6.253,4.354,0.00,0.00,0.00,-19.710,6.713,26.287,0.00,0.00,0.00,4.109,4.109,4.138
2026-02-04 13:01:55,100.25,0,382,382,0.00%,83.82,1.55%,"[0, 5, 10, 15, 20, 25, 30, 35, 40, 45, 50, 55, 60, 65, 70, 75, 80, 85, 90, 95, 100]","[14, 0, 0, 0, 10, 1, 0, 0, 0, 1, 0, 0, 0, 0, 0, 0, 1209, 9, 16, 353]","[0.008679479231246125, 0.008679479231246125, 0.008679479231246125, 0.008679479231246125, 0.014879107253564786, 0.015499070055796652, 0.015499070055796652, 0.015499070055796652, 0.015499070055796652, 0.016119032858028518, 0.016119032858028518, 0.016119032858028518, 0.016119032858028518, 0.016119032858028518, 0.016119032858028518, 0.016119032858028518, 0.7656540607563547, 0.7712337259764415, 0.7811531308121513, 1.0]",4.0,2.0,2.0,2.0,2.0,20,-28.07542,8.0,12.0,hrl_dqn_apf,hierarchical,dqn,-10.347,7.180,29.921,0.00,0.00,0.00,10.085,6.247,4.354,0.00,0.00,0.00,-19.710,6.707,24.763,0.00,0.00,0.00,4.107,4.107,4.135
2026-02-04 13:01:56,101.25,0,384,384,0.00%,83.93,1.67%,"[0, 5, 10, 15, 20, 25, 30, 35, 40, 45, 50, 55, 60, 65, 70, 75, 80, 85, 90, 95, 100]","[16, 0, 0, 0, 10, 1, 0, 0, 0, 0, 0, 0, 0, 0, 0, 0, 1208, 9, 10, 359]","[0.009919404835709857, 0.009919404835709857, 0.009919404835709857, 0.009919404835709857, 0.016119032858028518, 0.016738995660260384, 0.016738995660260384, 0.016738995660260384, 0.016738995660260384, 0.016738995660260384, 0.016738995660260384, 0.016738995660260384, 0.016738995660260384, 0.016738995660260384, 0.016738995660260384, 0.016738995660260384, 0.7656540607563547, 0.7712337259764415, 0.7774333539987601, 1.0]",4.0,2.0,2.0,2.0,2.0,23,-9.91509,8.0,12.0,hrl_dqn_apf,hierarchical,dqn,-10.347,7.177,29.157,0.00,0.00,0.00,9.322,6.244,4.354,0.00,0.00,0.00,-19.710,6.704,23.999,0.00,0.00,0.00,4.104,4.104,4.132
2026-02-04 13:01:57,102.25,0,384,384,0.00%,84.04,1.74%,"[0, 5, 10, 15, 20, 25, 30, 35, 40, 45, 50, 55, 60, 65, 70, 75, 80, 85, 90, 95, 100]","[16, 0, 0, 0, 11, 1, 0, 1, 0, 0, 1, 0, 0, 0, 0, 0, 1203, 11, 8, 361]","[0.009919404835709857, 0.009919404835709857, 0.009919404835709857, 0.009919404835709857, 0.016738995660260384, 0.01735895846249225, 0.01735895846249225, 0.017978921264724116, 0.017978921264724116, 0.017978921264724116, 0.018598884066955982, 0.018598884066955982, 0.018598884066955982, 0.018598884066955982, 0.018598884066955982, 0.018598884066955982, 0.7644141351518909, 0.7712337259764415, 0.7761934283942964, 1.0]",4.0,2.0,2.0,2.0,2.0,23,-9.91509,8.0,12.0,hrl_dqn_apf,hierarchical,dqn,-10.434,7.226,28.484,0.00,0.00,0.00,8.561,6.241,4.354,0.00,0.00,0.00,-19.710,6.701,23.239,0.00,0.00,0.00,4.100,4.100,4.129
2026-02-04 13:01:58,103.26,0,386,386,0.00%,84.18,1.86%,"[0, 5, 10, 15, 20, 25, 30, 35, 40, 45, 50, 55, 60, 65, 70, 75, 80, 85, 90, 95, 100]","[18, 0, 0, 0, 11, 1, 0, 0, 0, 0, 0, 0, 0, 0, 0, 0, 1201, 7, 14, 361]","[0.011159330440173589, 0.011159330440173589, 0.011159330440173589, 0.011159330440173589, 0.017978921264724116, 0.018598884066955982, 0.018598884066955982, 0.018598884066955982, 0.018598884066955982, 0.018598884066955982, 0.018598884066955982, 0.018598884066955982, 0.018598884066955982, 0.018598884066955982, 0.018598884066955982, 0.018598884066955982, 0.7631742095474272, 0.7675139491630503, 0.7761934283942964, 1.0]",4.0,2.0,2.0,2.0,2.0,16,-21.75484,8.0,6.0,hrl_dqn_apf,hierarchical,dqn,-10.941,7.262,28.203,0.00,0.00,0.00,8.056,6.248,4.355,0.00,0.00,0.00,-19.710,6.698,22.461,0.00,0.00,0.00,4.098,4.098,4.126
2026-02-04 13:01:59,104.26,0,388,388,0.00%,84.41,2.05%,"[0, 5, 10, 15, 20, 25, 30, 35, 40, 45, 50, 55, 60, 65, 70, 75, 80, 85, 90, 95, 100]","[20, 0, 1, 0, 11, 1, 0, 0, 0, 0, 0, 0, 1, 0, 0, 0, 1197, 7, 8, 367]","[0.012399256044637322, 0.012399256044637322, 0.013019218846869188, 0.013019218846869188, 0.019838809671419714, 0.02045877247365158, 0.02045877247365158, 0.02045877247365158, 0.02045877247365158, 0.02045877247365158, 0.02045877247365158, 0.02045877247365158, 0.021078735275883446, 0.021078735275883446, 0.021078735275883446, 0.021078735275883446, 0.7631742095474272, 0.7675139491630503, 0.7724736515809052, 1.0]",4.0,2.0,2.0,2.0,2.0,1,-21.594160000000002,8.0,-12.0,hrl_dqn_apf,hierarchical,dqn,-12.068,7.331,27.785,0.00,0.00,0.00,6.769,6.254,4.355,0.00,0.00,0.00,-19.710,6.692,20.937,0.00,0.00,0.00,4.094,4.094,4.123
2026-02-04 13:02:00,105.27,0,388,388,0.00%,84.52,2.17%,"[0, 5, 10, 15, 20, 25, 30, 35, 40, 45, 50, 55, 60, 65, 70, 75, 80, 85, 90, 95, 100]","[21, 0, 1, 0, 11, 2, 0, 0, 0, 0, 0, 1, 0, 0, 0, 0, 1189, 12, 9, 367]","[0.013019218846869188, 0.013019218846869188, 0.013639181649101054, 0.013639181649101054, 0.02045877247365158, 0.02169869807811531, 0.02169869807811531, 0.02169869807811531, 0.02169869807811531, 0.02169869807811531, 0.02169869807811531, 0.022318660880347178, 0.022318660880347178, 0.022318660880347178, 0.022318660880347178, 0.022318660880347178, 0.759454432734036, 0.7668939863608184, 0.7724736515809052, 1.0]",4.0,2.0,2.0,2.0,2.0,1,-21.594160000000002,8.0,-12.0,hrl_dqn_apf,hierarchical,dqn,-12.213,7.339,27.154,0.00,0.00,0.00,6.012,6.252,4.358,0.00,0.00,0.00,-19.710,6.689,20.174,0.00,0.00,0.00,4.091,4.091,4.120
2026-02-04 13:02:01,106.27,0,388,388,0.00%,84.64,2.29%,"[0, 5, 10, 15, 20, 25, 30, 35, 40, 45, 50, 55, 60, 65, 70, 75, 80, 85, 90, 95, 100]","[22, 0, 1, 0, 11, 3, 0, 0, 0, 0, 0, 0, 0, 0, 0, 0, 1186, 14, 9, 367]","[0.013639181649101054, 0.013639181649101054, 0.01425914445133292, 0.01425914445133292, 0.021078735275883446, 0.022938623682579044, 0.022938623682579044, 0.022938623682579044, 0.022938623682579044, 0.022938623682579044, 0.022938623682579044, 0.022938623682579044, 0.022938623682579044, 0.022938623682579044, 0.022938623682579044, 0.022938623682579044, 0.7582145071295723, 0.7668939863608184, 0.7724736515809052, 1.0]",4.0,2.0,2.0,2.0,2.0,23,-9.51444,8.0,12.0,hrl_dqn_apf,hierarchical,dqn,-12.259,7.337,26.427,0.00,0.00,0.00,5.253,6.249,4.358,0.00,0.00,0.00,-19.710,6.686,19.410,0.00,0.00,0.00,4.089,4.089,4.117
2026-02-04 13:02:02,107.27,0,390,390,0.00%,84.83,2.54%,"[0, 5, 10, 15, 20, 25, 30, 35, 40, 45, 50, 55, 60, 65, 70, 75, 80, 85, 90, 95, 100]","[26, 0, 1, 0, 11, 3, 0, 0, 0, 0, 0, 0, 0, 0, 0, 0, 1178, 14, 7, 373]","[0.016119032858028518, 0.016119032858028518, 0.016738995660260384, 0.016738995660260384, 0.023558586484810913, 0.02541847489150651, 0.02541847489150651, 0.02541847489150651, 0.02541847489150651, 0.02541847489150651, 0.02541847489150651, 0.02541847489150651, 0.02541847489150651, 0.02541847489150651, 0.02541847489150651, 0.02541847489150651, 0.7557346559206448, 0.7644141351518909, 0.768753874767514, 1.0]",4.0,2.0,2.0,2.0,2.0,11,-21.35416,8.0,0.0,hrl_dqn_apf,hierarchical,dqn,-12.277,7.331,24.919,0.00,0.00,0.00,3.733,6.243,4.358,0.00,0.00,0.00,-19.710,6.680,17.889,0.00,0.00,0.00,4.085,4.085,4.114
2026-02-04 13:02:03,108.27,0,390,390,0.00%,84.89,2.67%,"[0, 5, 10, 15, 20, 25, 30, 35, 40, 45, 50, 55, 60, 65, 70, 75, 80, 85, 90, 95, 100]","[26, 0, 2, 0, 11, 4, 1, 1, 0, 0, 0, 0, 0, 0, 0, 0, 1172, 16, 7, 373]","[0.016119032858028518, 0.016119032858028518, 0.01735895846249225, 0.01735895846249225, 0.02417854928704278, 0.026658400495970243, 0.02727836329820211, 0.027898326100433975, 0.027898326100433975, 0.027898326100433975, 0.027898326100433975, 0.027898326100433975, 0.027898326100433975, 0.027898326100433975, 0.027898326100433975, 0.027898326100433975, 0.7544947303161811, 0.7644141351518909, 0.768753874767514, 1.0]",4.0,2.0,2.0,2.0,2.0,11,-21.35416,8.0,0.0,hrl_dqn_apf,hierarchical,dqn,-12.278,7.328,24.157,0.00,0.00,0.00,2.970,6.240,4.358,0.00,0.00,0.00,-19.710,6.677,17.126,0.00,0.00,0.00,4.082,4.082,4.111
2026-02-04 13:02:04,109.27,0,391,391,0.00%,85.03,2.79%,"[0, 5, 10, 15, 20, 25, 30, 35, 40, 45, 50, 55, 60, 65, 70, 75, 80, 85, 90, 95, 100]","[29, 0, 1, 0, 11, 4, 0, 0, 0, 0, 0, 0, 0, 1, 0, 1, 1170, 16, 7, 373]","[0.017978921264724116, 0.017978921264724116, 0.018598884066955982, 0.018598884066955982, 0.02541847489150651, 0.027898326100433975, 0.027898326100433975, 0.027898326100433975, 0.027898326100433975, 0.027898326100433975, 0.027898326100433975, 0.027898326100433975, 0.027898326100433975, 0.02851828890266584, 0.02851828890266584, 0.029138251704897707, 0.7544947303161811, 0.7644141351518909, 0.768753874767514, 1.0]",4.0,2.0,2.0,2.0,2.0,2,-15.19385,8.0,-12.0,hrl_dqn_apf,hierarchical,dqn,-12.279,7.325,23.396,0.00,0.00,0.00,2.210,6.237,4.358,0.00,0.00,0.00,-19.710,6.674,16.365,0.00,0.00,0.00,4.080,4.080,4.108
2026-02-04 13:02:05,110.28,0,391,391,0.00%,85.06,3.04%,"[0, 5, 10, 15, 20, 25, 30, 35, 40, 45, 50, 55, 60, 65, 70, 75, 80, 85, 90, 95, 100]","[30, 1, 1, 1, 11, 5, 0, 0, 0, 0, 0, 0, 0, 0, 0, 0, 1168, 10, 12, 374]","[0.018598884066955982, 0.019218846869187848, 0.019838809671419714, 0.02045877247365158, 0.02727836329820211, 0.03037817730936144, 0.03037817730936144, 0.03037817730936144, 0.03037817730936144, 0.03037817730936144, 0.03037817730936144, 0.03037817730936144, 0.03037817730936144, 0.03037817730936144, 0.03037817730936144, 0.03037817730936144, 0.7544947303161811, 0.7606943583384997, 0.7681339119652821, 1.0]",4.0,2.0,2.0,2.0,2.0,8,-9.03376,8.0,-6.0,hrl_dqn_apf,hierarchical,dqn,-12.279,7.322,22.633,0.00,0.00,0.00,1.446,6.233,4.359,0.00,0.00,0.00,-19.710,6.671,15.602,0.00,0.00,0.00,4.077,4.077,4.105
2026-02-04 13:02:06,111.28,0,395,395,0.00%,85.24,3.29%,"[0, 5, 10, 15, 20, 25, 30, 35, 40, 45, 50, 55, 60, 65, 70, 75, 80, 85, 90, 95, 100]","[35, 0, 1, 0, 11, 6, 0, 0, 0, 0, 0, 0, 0, 0, 0, 0, 1159, 14, 14, 373]","[0.02169869807811531, 0.02169869807811531, 0.022318660880347178, 0.022318660880347178, 0.029138251704897707, 0.0328580285182889, 0.0328580285182889, 0.0328580285182889, 0.0328580285182889, 0.0328580285182889, 0.0328580285182889, 0.0328580285182889, 0.0328580285182889, 0.0328580285182889, 0.0328580285182889, 0.0328580285182889, 0.7513949163050218, 0.7600743955362679, 0.768753874767514, 1.0]",4.0,2.0,2.0,2.0,2.0,8,-9.03376,8.0,-6.0,hrl_dqn_apf,hierarchical,dqn,-12.279,7.308,21.124,0.00,0.00,0.00,-0.063,6.220,4.359,0.00,0.00,0.00,-19.710,6.657,14.092,0.00,0.00,0.00,4.200,4.200,4.200
2026-02-04 13:02:07,112.28,0,395,395,0.00%,85.32,3.35%,"[0, 5, 10, 15, 20, 25, 30, 35, 40, 45, 50, 55, 60, 65, 70, 75, 80, 85, 90, 95, 100]","[35, 0, 2, 0, 11, 6, 0, 0, 1, 0, 1, 0, 0, 0, 0, 1, 1158, 8, 16, 374]","[0.02169869807811531, 0.02169869807811531, 0.022938623682579044, 0.022938623682579044, 0.029758214507129573, 0.03347799132052077, 0.03347799132052077, 0.03347799132052077, 0.034097954122752634, 0.034097954122752634, 0.0347179169249845, 0.0347179169249845, 0.0347179169249845, 0.0347179169249845, 0.0347179169249845, 0.035337879727216366, 0.7532548047117174, 0.7582145071295723, 0.7681339119652821, 1.0]",4.0,2.0,2.0,2.0,2.0,8,-9.03376,8.0,-6.0,hrl_dqn_apf,hierarchical,dqn,-12.279,7.239,20.361,0.00,0.00,0.00,-0.825,6.151,4.359,0.00,0.00,0.00,-19.710,6.588,13.330,0.00,0.00,0.00,4.200,4.200,4.200
2026-02-04 13:02:08,113.28,2,391,393,0.51%,85.38,3.47%,"[0, 5, 10, 15, 20, 25, 30, 35, 40, 45, 50, 55, 60, 65, 70, 75, 80, 85, 90, 95, 100]","[38, 0, 1, 0, 11, 6, 1, 0, 1, 0, 0, 0, 0, 0, 0, 0, 1157, 7, 15, 376]","[0.023558586484810913, 0.023558586484810913, 0.02417854928704278, 0.02417854928704278, 0.030998140111593304, 0.0347179169249845, 0.035337879727216366, 0.035337879727216366, 0.03595784252944823, 0.03595784252944823, 0.03595784252944823, 0.03595784252944823, 0.03595784252944823, 0.03595784252944823, 0.03595784252944823, 0.03595784252944823, 0.7532548047117174, 0.7575945443273404, 0.7668939863608184, 1.0]",4.0,2.0,2.0,2.0,2.0,8,-9.03376,8.0,-6.0,hrl_dqn_apf,hierarchical,dqn,-12.279,7.209,19.601,0.00,0.00,0.00,-1.585,6.121,4.359,0.00,0.00,0.00,-19.710,6.558,12.570,0.00,0.00,0.00,4.200,4.200,4.200
2026-02-04 13:02:09,114.28,3,396,399,0.75%,85.46,3.60%,"[0, 5, 10, 15, 20, 25, 30, 35, 40, 45, 50, 55, 60, 65, 70, 75, 80, 85, 90, 95, 100]","[39, 0, 1, 1, 11, 6, 1, 0, 0, 1, 0, 0, 0, 0, 0, 1, 1156, 8, 15, 373]","[0.02417854928704278, 0.02417854928704278, 0.024798512089274645, 0.02541847489150651, 0.032238065716057036, 0.03595784252944823, 0.0365778053316801, 0.0365778053316801, 0.0365778053316801, 0.037197768133911964, 0.037197768133911964, 0.037197768133911964, 0.037197768133911964, 0.037197768133911964, 0.037197768133911964, 0.03781773093614383, 0.7544947303161811, 0.759454432734036, 0.768753874767514, 1.0]",4.0,2.0,2.0,2.0,2.0,8,-9.03376,8.0,-6.0,hrl_dqn_apf,hierarchical,dqn,-12.279,7.195,18.838,0.00,0.00,0.00,-2.348,6.107,4.359,0.00,0.00,0.00,-19.710,6.544,11.807,0.00,0.00,0.00,4.200,4.200,4.200
2026-02-04 13:02:10,115.28,5,394,399,1.25%,85.59,3.78%,"[0, 5, 10, 15, 20, 25, 30, 35, 40, 45, 50, 55, 60, 65, 70, 75, 80, 85, 90, 95, 100]","[43, 0, 1, 0, 11, 6, 1, 0, 0, 1, 1, 0, 1, 0, 0, 1, 1154, 8, 7, 378]","[0.026658400495970243, 0.026658400495970243, 0.02727836329820211, 0.02727836329820211, 0.034097954122752634, 0.03781773093614383, 0.038437693738375696, 0.038437693738375696, 0.038437693738375696, 0.03905765654060756, 0.03967761934283943, 0.03967761934283943, 0.040297582145071294, 0.040297582145071294, 0.040297582145071294, 0.04091754494730316, 0.7563546187228767, 0.7613143211407316, 0.7656540607563547, 1.0]",4.0,2.0,2.0,2.0,2.0,8,-9.03376,8.0,-6.0,hrl_dqn_apf,hierarchical,dqn,-12.279,7.183,17.317,0.00,0.00,0.00,-3.869,6.095,4.359,0.00,0.00,0.00,-19.710,6.532,10.286,0.00,0.00,0.00,4.200,4.200,4.200
2026-02-04 13:02:11,116.29,6,397,403,1.49%,85.66,3.91%,"[0, 5, 10, 15, 20, 25, 30, 35, 40, 45, 50, 55, 60, 65, 70, 75, 80, 85, 90, 95, 100]","[45, 0, 1, 0, 11, 6, 1, 1, 0, 1, 0, 0, 0, 1, 0, 0, 1150, 7, 12, 377]","[0.027898326100433975, 0.027898326100433975, 0.02851828890266584, 0.02851828890266584, 0.035337879727216366, 0.03905765654060756, 0.03967761934283943, 0.040297582145071294, 0.040297582145071294, 0.04091754494730316, 0.04091754494730316, 0.04091754494730316, 0.04091754494730316, 0.041537507749535026, 0.041537507749535026, 0.041537507749535026, 0.7544947303161811, 0.7588344699318041, 0.7662740235585865, 1.0]",4.0,2.0,2.0,2.0,2.0,8,-9.03376,8.0,-6.0,hrl_dqn_apf,hierarchical,dqn,-12.279,7.179,16.533,0.00,0.00,0.00,-4.652,6.091,4.360,0.00,0.00,0.00,-19.710,6.528,9.503,0.00,0.00,0.00,4.200,4.200,4.200
2026-02-04 13:02:12,117.29,8,397,405,1.98%,85.72,3.97%,"[0, 5, 10, 15, 20, 25, 30, 35, 40, 45, 50, 55, 60, 65, 70, 75, 80, 85, 90, 95, 100]","[46, 0, 1, 0, 11, 6, 1, 1, 0, 0, 1, 0, 1, 2, 0, 0, 1150, 7, 10, 376]","[0.02851828890266584, 0.02851828890266584, 0.029138251704897707, 0.029138251704897707, 0.03595784252944823, 0.03967761934283943, 0.040297582145071294, 0.04091754494730316, 0.04091754494730316, 0.04091754494730316, 0.041537507749535026, 0.041537507749535026, 0.04215747055176689, 0.04339739615623062, 0.04339739615623062, 0.04339739615623062, 0.7563546187228767, 0.7606943583384997, 0.7668939863608184, 1.0]",4.0,2.0,2.0,2.0,2.0,8,-9.03376,8.0,-6.0,hrl_dqn_apf,hierarchical,dqn,-12.279,7.175,15.770,0.00,0.00,0.00,-5.416,6.087,4.360,0.00,0.00,0.00,-19.710,6.525,8.740,0.00,0.00,0.00,4.200,4.200,4.200
2026-02-04 13:02:13,118.29,0,354,354,0.00%,80.00,0.00%,"[0, 5, 10, 15, 20, 25, 30, 35, 40, 45, 50, 55, 60, 65, 70, 75, 80, 85, 90, 95, 100]","[0, 0, 0, 0, 0, 0, 0, 0, 0, 0, 0, 0, 0, 0, 0, 0, 1613, 0, 0, 0]","[0.0, 0.0, 0.0, 0.0, 0.0, 0.0, 0.0, 0.0, 0.0, 0.0, 0.0, 0.0, 0.0, 0.0, 0.0, 0.0, 1.0, 1.0, 1.0, 1.0]",4.0,2.0,2.0,2.0,2.0,8,-9.03376,8.0,-6.0,hrl_dqn_apf,hierarchical,dqn,-12.279,7.170,14.449,0.00,0.00,0.00,-6.736,6.082,4.360,0.00,0.00,0.00,-19.710,6.519,7.419,0.00,0.00,0.00,4.200,4.200,4.200
2026-02-04 13:02:14,119.29,0,354,354,0.00%,80.00,0.00%,"[0, 5, 10, 15, 20, 25, 30, 35, 40, 45, 50, 55, 60, 65, 70, 75, 80, 85, 90, 95, 100]","[0, 0, 0, 0, 0, 0, 0, 0, 0, 0, 0, 0, 0, 0, 0, 0, 1613, 0, 0, 0]","[0.0, 0.0, 0.0, 0.0, 0.0, 0.0, 0.0, 0.0, 0.0, 0.0, 0.0, 0.0, 0.0, 0.0, 0.0, 0.0, 1.0, 1.0, 1.0, 1.0]",4.0,2.0,2.0,2.0,2.0,8,-9.03376,8.0,-6.0,hrl_dqn_apf,hierarchical,dqn,-12.279,7.166,13.497,0.00,0.00,0.00,-7.165,6.112,4.718,0.00,0.00,0.00,-19.710,6.515,6.468,0.00,0.00,0.00,4.200,4.200,4.200
2026-02-04 13:02:15,120.30,0,354,354,0.00%,80.00,0.00%,"[0, 5, 10, 15, 20, 25, 30, 35, 40, 45, 50, 55, 60, 65, 70, 75, 80, 85, 90, 95, 100]","[0, 0, 0, 0, 0, 0, 0, 0, 0, 0, 0, 0, 0, 0, 0, 0, 1613, 0, 0, 0]","[0.0, 0.0, 0.0, 0.0, 0.0, 0.0, 0.0, 0.0, 0.0, 0.0, 0.0, 0.0, 0.0, 0.0, 0.0, 0.0, 1.0, 1.0, 1.0, 1.0]",4.0,2.0,2.0,2.0,2.0,8,-9.03376,8.0,-6.0,hrl_dqn_apf,hierarchical,dqn,-12.279,7.163,12.734,0.00,0.00,0.00,-7.640,6.140,4.947,0.00,0.00,0.00,-19.710,6.512,5.704,0.00,0.00,0.00,4.200,4.200,4.200
2026-02-04 13:02:16,121.30,0,354,354,0.00%,80.00,0.00%,"[0, 5, 10, 15, 20, 25, 30, 35, 40, 45, 50, 55, 60, 65, 70, 75, 80, 85, 90, 95, 100]","[0, 0, 0, 0, 0, 0, 0, 0, 0, 0, 0, 0, 0, 0, 0, 0, 1613, 0, 0, 0]","[0.0, 0.0, 0.0, 0.0, 0.0, 0.0, 0.0, 0.0, 0.0, 0.0, 0.0, 0.0, 0.0, 0.0, 0.0, 0.0, 1.0, 1.0, 1.0, 1.0]",4.0,2.0,2.0,2.0,2.0,8,-9.03376,8.0,-6.0,hrl_dqn_apf,hierarchical,dqn,-12.279,7.160,11.973,0.00,0.00,0.00,-8.316,6.141,5.021,0.00,0.00,0.00,-19.710,6.509,4.944,0.00,0.00,0.00,4.200,4.200,4.200
2026-02-04 13:02:17,122.30,3,349,352,0.85%,80.00,0.19%,"[0, 5, 10, 15, 20, 25, 30, 35, 40, 45, 50, 55, 60, 65, 70, 75, 80, 85, 90, 95, 100]","[3, 0, 0, 0, 0, 0, 0, 0, 0, 0, 0, 0, 1, 2, 0, 0, 1607, 0, 0, 0]","[0.0018598884066955983, 0.0018598884066955983, 0.0018598884066955983, 0.0018598884066955983, 0.0018598884066955983, 0.0018598884066955983, 0.0018598884066955983, 0.0018598884066955983, 0.0018598884066955983, 0.0018598884066955983, 0.0018598884066955983, 0.0018598884066955983, 0.0024798512089274642, 0.0037197768133911966, 0.0037197768133911966, 0.0037197768133911966, 1.0, 1.0, 1.0, 1.0]",4.0,2.0,2.0,2.0,2.0,8,-9.03376,8.0,-6.0,hrl_dqn_apf,hierarchical,dqn,-12.279,7.157,11.218,0.00,0.00,0.00,-9.048,6.139,5.043,0.00,0.00,0.00,-19.710,6.506,4.189,0.00,0.00,0.00,4.200,4.200,4.200
2026-02-04 13:02:18,123.30,7,346,353,1.98%,80.13,0.43%,"[0, 5, 10, 15, 20, 25, 30, 35, 40, 45, 50, 55, 60, 65, 70, 75, 80, 85, 90, 95, 100]","[6, 0, 1, 0, 0, 0, 1, 0, 0, 0, 0, 1, 0, 0, 0, 0, 1604, 0, 0, 0]","[0.0037197768133911966, 0.0037197768133911966, 0.0043397396156230625, 0.0043397396156230625, 0.0043397396156230625, 0.0043397396156230625, 0.0049597024178549285, 0.0049597024178549285, 0.0049597024178549285, 0.0049597024178549285, 0.0049597024178549285, 0.005579665220086794, 0.005579665220086794, 0.005579665220086794, 0.005579665220086794, 0.005579665220086794, 1.0, 1.0, 1.0, 1.0]",4.0,2.0,2.0,2.0,2.0,8,-9.03376,8.0,-6.0,hrl_dqn_apf,hierarchical,dqn,-12.279,7.095,9.695,0.00,0.00,0.00,-10.563,6.077,5.053,0.00,0.00,0.00,-19.710,6.444,2.666,0.00,0.00,0.00,4.200,4.200,4.200
2026-02-04 13:02:19,124.31,9,344,353,2.55%,80.24,0.56%,"[0, 5, 10, 15, 20, 25, 30, 35, 40, 45, 50, 55, 60, 65, 70, 75, 80, 85, 90, 95, 100]","[9, 0, 0, 0, 0, 0, 0, 0, 0, 0, 0, 0, 0, 0, 1, 0, 1603, 0, 0, 0]","[0.005579665220086794, 0.005579665220086794, 0.005579665220086794, 0.005579665220086794, 0.005579665220086794, 0.005579665220086794, 0.005579665220086794, 0.005579665220086794, 0.005579665220086794, 0.005579665220086794, 0.005579665220086794, 0.005579665220086794, 0.005579665220086794, 0.005579665220086794, 0.006199628022318661, 0.006199628022318661, 1.0, 1.0, 1.0, 1.0]",4.0,2.0,2.0,2.0,2.0,8,-9.03376,8.0,-6.0,hrl_dqn_apf,hierarchical,dqn,-12.279,7.055,8.932,0.00,0.00,0.00,-11.322,6.037,5.054,0.00,0.00,0.00,-19.710,6.404,1.903,0.00,0.00,0.00,4.200,4.200,4.200
2026-02-04 13:02:20,125.31,11,342,353,3.12%,80.29,0.68%,"[0, 5, 10, 15, 20, 25, 30, 35, 40, 45, 50, 55, 60, 65, 70, 75, 80, 85, 90, 95, 100]","[10, 1, 0, 0, 0, 0, 0, 0, 1, 0, 0, 0, 0, 0, 0, 0, 1601, 0, 0, 0]","[0.006199628022318661, 0.006819590824550527, 0.006819590824550527, 0.006819590824550527, 0.006819590824550527, 0.006819590824550527, 0.006819590824550527, 0.006819590824550527, 0.007439553626782393, 0.007439553626782393, 0.007439553626782393, 0.007439553626782393, 0.007439553626782393, 0.007439553626782393, 0.007439553626782393, 0.007439553626782393, 1.0, 1.0, 1.0, 1.0]",4.0,2.0,2.0,2.0,2.0,8,-9.03376,8.0,-6.0,hrl_dqn_apf,hierarchical,dqn,-12.279,7.037,8.178,0.00,0.00,0.00,-12.079,6.018,5.055,0.00,0.00,0.00,-19.710,6.386,1.149,0.00,0.00,0.00,4.200,4.200,4.200
2026-02-04 13:02:21,126.32,13,342,355,3.66%,80.38,0.81%,"[0, 5, 10, 15, 20, 25, 30, 35, 40, 45, 50, 55, 60, 65, 70, 75, 80, 85, 90, 95, 100]","[11, 1, 0, 0, 0, 1, 0, 0, 0, 1, 0, 0, 0, 0, 0, 0, 1599, 0, 0, 0]","[0.006819590824550527, 0.007439553626782393, 0.007439553626782393, 0.007439553626782393, 0.007439553626782393, 0.008059516429014259, 0.008059516429014259, 0.008059516429014259, 0.008059516429014259, 0.008679479231246125, 0.008679479231246125, 0.008679479231246125, 0.008679479231246125, 0.008679479231246125, 0.008679479231246125, 0.008679479231246125, 1.0, 1.0, 1.0, 1.0]",4.0,2.0,2.0,2.0,2.0,8,-9.03376,8.0,-6.0,hrl_dqn_apf,hierarchical,dqn,-12.279,7.028,7.415,0.00,0.00,0.00,-12.842,6.009,5.055,0.00,0.00,0.00,-19.710,6.377,0.386,0.00,0.00,0.00,4.200,4.200,4.200
2026-02-04 13:02:22,127.32,17,340,357,4.76%,80.54,1.05%,"[0, 5, 10, 15, 20, 25, 30, 35, 40, 45, 50, 55, 60, 65, 70, 75, 80, 85, 90, 95, 100]","[12, 4, 0, 1, 0, 0, 0, 0, 0, 0, 0, 0, 0, 0, 0, 0, 1261, 335, 0, 0]","[0.007439553626782393, 0.009919404835709857, 0.009919404835709857, 0.010539367637941723, 0.010539367637941723, 0.010539367637941723, 0.010539367637941723, 0.010539367637941723, 0.010539367637941723, 0.010539367637941723, 0.010539367637941723, 0.010539367637941723, 0.010539367637941723, 0.010539367637941723, 0.010539367637941723, 0.010539367637941723, 0.7923124612523249, 1.0, 1.0, 1.0]",4.0,2.0,2.0,2.0,2.0,8,-9.03376,8.0,-6.0,hrl_dqn_apf,hierarchical,dqn,-12.279,7.018,5.891,0.00,0.00,0.00,-14.366,5.999,5.055,0.00,0.00,0.00,-19.710,6.367,-1.138,0.00,0.00,0.00,4.200,4.200,4.200
2026-02-04 13:02:23,128.32,18,343,361,4.99%,80.64,1.12%,"[0, 5, 10, 15, 20, 25, 30, 35, 40, 45, 50, 55, 60, 65, 70, 75, 80, 85, 90, 95, 100]","[12, 5, 0, 1, 0, 0, 0, 0, 0, 0, 0, 0, 1, 0, 0, 0, 1261, 333, 0, 0]","[0.007439553626782393, 0.010539367637941723, 0.010539367637941723, 0.011159330440173589, 0.011159330440173589, 0.011159330440173589, 0.011159330440173589, 0.011159330440173589, 0.011159330440173589, 0.011159330440173589, 0.011159330440173589, 0.011159330440173589, 0.011779293242405457, 0.011779293242405457, 0.011779293242405457, 0.011779293242405457, 0.7935523868567886, 1.0, 1.0, 1.0]",4.0,2.0,2.0,2.0,2.0,8,-9.03376,8.0,-6.0,hrl_dqn_apf,hierarchical,dqn,-12.279,7.014,5.113,0.00,0.00,0.00,-15.144,5.996,5.056,0.00,0.00,0.00,-19.710,6.363,-1.915,0.00,0.00,0.00,4.200,4.200,4.200
2026-02-04 13:02:24,129.32,19,346,365,5.21%,80.77,1.18%,"[0, 5, 10, 15, 20, 25, 30, 35, 40, 45, 50, 55, 60, 65, 70, 75, 80, 85, 90, 95, 100]","[13, 6, 0, 0, 0, 0, 0, 0, 0, 0, 0, 0, 0, 0, 0, 0, 1260, 334, 0, 0]","[0.008059516429014259, 0.011779293242405457, 0.011779293242405457, 0.011779293242405457, 0.011779293242405457, 0.011779293242405457, 0.011779293242405457, 0.011779293242405457, 0.011779293242405457, 0.011779293242405457, 0.011779293242405457, 0.011779293242405457, 0.011779293242405457, 0.011779293242405457, 0.011779293242405457, 0.011779293242405457, 0.7929324240545568, 1.0, 1.0, 1.0]",4.0,2.0,2.0,2.0,2.0,8,-9.03376,8.0,-6.0,hrl_dqn_apf,hierarchical,dqn,-12.279,7.011,4.373,0.00,0.00,0.00,-15.884,5.993,5.056,0.00,0.00,0.00,-19.710,6.360,-2.656,0.00,0.00,0.00,4.200,4.200,4.200
2026-02-04 13:02:25,130.32,0,354,354,0.00%,80.00,0.00%,"[0, 5, 10, 15, 20, 25, 30, 35, 40, 45, 50, 55, 60, 65, 70, 75, 80, 85, 90, 95, 100]","[0, 0, 0, 0, 0, 0, 0, 0, 0, 0, 0, 0, 0, 0, 0, 0, 1613, 0, 0, 0]","[0.0, 0.0, 0.0, 0.0, 0.0, 0.0, 0.0, 0.0, 0.0, 0.0, 0.0, 0.0, 0.0, 0.0, 0.0, 0.0, 1.0, 1.0, 1.0, 1.0]",4.0,2.0,2.0,2.0,2.0,8,-9.03376,8.0,-6.0,hrl_dqn_apf,hierarchical,dqn,-12.279,7.008,3.610,0.00,0.00,0.00,-16.647,5.989,5.056,0.00,0.00,0.00,-19.710,6.357,-3.419,0.00,0.00,0.00,4.200,4.200,4.200
2026-02-04 13:02:26,131.33,0,354,354,0.00%,80.00,0.00%,"[0, 5, 10, 15, 20, 25, 30, 35, 40, 45, 50, 55, 60, 65, 70, 75, 80, 85, 90, 95, 100]","[0, 0, 0, 0, 0, 0, 0, 0, 0, 0, 0, 0, 0, 0, 0, 0, 1613, 0, 0, 0]","[0.0, 0.0, 0.0, 0.0, 0.0, 0.0, 0.0, 0.0, 0.0, 0.0, 0.0, 0.0, 0.0, 0.0, 0.0, 0.0, 1.0, 1.0, 1.0, 1.0]",4.0,2.0,2.0,2.0,2.0,8,-9.03376,8.0,-6.0,hrl_dqn_apf,hierarchical,dqn,-12.279,7.002,2.089,0.00,0.00,0.00,-18.169,5.983,5.057,0.00,0.00,0.00,-19.710,6.351,-4.940,0.00,0.00,0.00,4.200,4.200,4.200
2026-02-04 13:02:27,132.33,0,354,354,0.00%,80.00,0.00%,"[0, 5, 10, 15, 20, 25, 30, 35, 40, 45, 50, 55, 60, 65, 70, 75, 80, 85, 90, 95, 100]","[0, 0, 0, 0, 0, 0, 0, 0, 0, 0, 0, 0, 0, 0, 0, 0, 1613, 0, 0, 0]","[0.0, 0.0, 0.0, 0.0, 0.0, 0.0, 0.0, 0.0, 0.0, 0.0, 0.0, 0.0, 0.0, 0.0, 0.0, 0.0, 1.0, 1.0, 1.0, 1.0]",4.0,2.0,2.0,2.0,2.0,8,-9.03376,8.0,-6.0,hrl_dqn_apf,hierarchical,dqn,-12.279,6.999,1.326,0.00,0.00,0.00,-18.932,5.980,5.057,0.00,0.00,0.00,-19.710,6.348,-5.703,0.00,0.00,0.00,4.200,4.200,4.200
2026-02-04 13:02:28,133.33,3,349,352,0.85%,80.01,0.19%,"[0, 5, 10, 15, 20, 25, 30, 35, 40, 45, 50, 55, 60, 65, 70, 75, 80, 85, 90, 95, 100]","[3, 0, 0, 0, 0, 0, 0, 0, 0, 0, 0, 1, 0, 0, 0, 0, 1609, 0, 0, 0]","[0.0018598884066955983, 0.0018598884066955983, 0.0018598884066955983, 0.0018598884066955983, 0.0018598884066955983, 0.0018598884066955983, 0.0018598884066955983, 0.0018598884066955983, 0.0018598884066955983, 0.0018598884066955983, 0.0018598884066955983, 0.0024798512089274642, 0.0024798512089274642, 0.0024798512089274642, 0.0024798512089274642, 0.0024798512089274642, 1.0, 1.0, 1.0, 1.0]",4.0,2.0,2.0,2.0,2.0,8,-9.03376,8.0,-6.0,hrl_dqn_apf,hierarchical,dqn,-12.279,6.996,0.562,0.00,0.00,0.00,-19.695,5.977,5.057,0.00,0.00,0.00,-19.710,6.345,-6.466,0.00,0.00,0.00,4.200,4.200,4.200
2026-02-04 13:02:29,134.33,5,347,352,1.42%,80.07,0.31%,"[0, 5, 10, 15, 20, 25, 30, 35, 40, 45, 50, 55, 60, 65, 70, 75, 80, 85, 90, 95, 100]","[5, 0, 0, 0, 0, 0, 0, 1, 0, 0, 0, 0, 0, 0, 0, 0, 1607, 0, 0, 0]","[0.0030998140111593306, 0.0030998140111593306, 0.0030998140111593306, 0.0030998140111593306, 0.0030998140111593306, 0.0030998140111593306, 0.0030998140111593306, 0.0037197768133911966, 0.0037197768133911966, 0.0037197768133911966, 0.0037197768133911966, 0.0037197768133911966, 0.0037197768133911966, 0.0037197768133911966, 0.0037197768133911966, 0.0037197768133911966, 1.0, 1.0, 1.0, 1.0]",4.0,2.0,2.0,2.0,2.0,8,-9.03376,8.0,-6.0,hrl_dqn_apf,hierarchical,dqn,-12.279,6.993,-0.195,0.00,0.00,0.00,-20.453,5.974,5.058,0.00,0.00,0.00,-19.710,6.342,-7.224,0.00,0.00,0.00,4.200,4.200,4.200
2026-02-04 13:02:30,135.34,9,344,353,2.55%,80.25,0.56%,"[0, 5, 10, 15, 20, 25, 30, 35, 40, 45, 50, 55, 60, 65, 70, 75, 80, 85, 90, 95, 100]","[8, 0, 0, 0, 1, 0, 0, 0, 0, 0, 0, 0, 0, 0, 1, 0, 1603, 0, 0, 0]","[0.0049597024178549285, 0.0049597024178549285, 0.0049597024178549285, 0.0049597024178549285, 0.005579665220086794, 0.005579665220086794, 0.005579665220086794, 0.005579665220086794, 0.005579665220086794, 0.005579665220086794, 0.005579665220086794, 0.005579665220086794, 0.005579665220086794, 0.005579665220086794, 0.006199628022318661, 0.006199628022318661, 1.0, 1.0, 1.0, 1.0]",4.0,2.0,2.0,2.0,2.0,8,-9.03376,8.0,-6.0,hrl_dqn_apf,hierarchical,dqn,-12.279,6.905,-1.704,0.00,0.00,0.00,-21.962,5.886,5.058,0.00,0.00,0.00,-19.710,6.254,-8.733,0.00,0.00,0.00,4.200,4.200,4.200
2026-02-04 13:02:31,136.34,11,342,353,3.12%,80.32,0.68%,"[0, 5, 10, 15, 20, 25, 30, 35, 40, 45, 50, 55, 60, 65, 70, 75, 80, 85, 90, 95, 100]","[10, 0, 0, 1, 0, 0, 0, 0, 0, 0, 0, 0, 0, 0, 0, 0, 1602, 0, 0, 0]","[0.006199628022318661, 0.006199628022318661, 0.006199628022318661, 0.006819590824550527, 0.006819590824550527, 0.006819590824550527, 0.006819590824550527, 0.006819590824550527, 0.006819590824550527, 0.006819590824550527, 0.006819590824550527, 0.006819590824550527, 0.006819590824550527, 0.006819590824550527, 0.006819590824550527, 0.006819590824550527, 1.0, 1.0, 1.0, 1.0]",4.0,2.0,2.0,2.0,2.0,8,-9.03376,8.0,-6.0,hrl_dqn_apf,hierarchical,dqn,-12.279,6.880,-2.464,0.00,0.00,0.00,-22.722,5.862,5.058,0.00,0.00,0.00,-19.710,6.230,-9.493,0.00,0.00,0.00,4.200,4.200,4.200
2026-02-04 13:02:32,137.34,12,343,355,3.38%,80.41,0.74%,"[0, 5, 10, 15, 20, 25, 30, 35, 40, 45, 50, 55, 60, 65, 70, 75, 80, 85, 90, 95, 100]","[10, 1, 1, 0, 0, 0, 0, 0, 0, 0, 0, 1, 0, 1, 0, 0, 1599, 0, 0, 0]","[0.006199628022318661, 0.006819590824550527, 0.007439553626782393, 0.007439553626782393, 0.007439553626782393, 0.007439553626782393, 0.007439553626782393, 0.007439553626782393, 0.007439553626782393, 0.007439553626782393, 0.007439553626782393, 0.008059516429014259, 0.008059516429014259, 0.008679479231246125, 0.008679479231246125, 0.008679479231246125, 1.0, 1.0, 1.0, 1.0]",4.0,2.0,2.0,2.0,2.0,8,-9.03376,8.0,-6.0,hrl_dqn_apf,hierarchical,dqn,-12.279,6.868,-3.224,0.00,0.00,0.00,-23.482,5.850,5.059,0.00,0.00,0.00,-19.710,6.218,-10.253,0.00,0.00,0.00,4.200,4.200,4.200
2026-02-04 13:02:33,138.34,14,343,357,3.92%,80.50,0.87%,"[0, 5, 10, 15, 20, 25, 30, 35, 40, 45, 50, 55, 60, 65, 70, 75, 80, 85, 90, 95, 100]","[13, 1, 0, 0, 0, 0, 0, 0, 0, 0, 0, 0, 0, 0, 0, 1, 1261, 337, 0, 0]","[0.008059516429014259, 0.008679479231246125, 0.008679479231246125, 0.008679479231246125, 0.008679479231246125, 0.008679479231246125, 0.008679479231246125, 0.008679479231246125, 0.008679479231246125, 0.008679479231246125, 0.008679479231246125, 0.008679479231246125, 0.008679479231246125, 0.008679479231246125, 0.008679479231246125, 0.009299442033477991, 0.7910725356478612, 1.0, 1.0, 1.0]",4.0,2.0,2.0,2.0,2.0,8,-9.03376,8.0,-6.0,hrl_dqn_apf,hierarchical,dqn,-12.279,6.862,-3.987,0.00,0.00,0.00,-24.245,5.843,5.059,0.00,0.00,0.00,-19.710,6.211,-11.016,0.00,0.00,0.00,4.200,4.200,4.200
2026-02-04 13:02:34,139.35,17,344,361,4.71%,80.69,1.05%,"[0, 5, 10, 15, 20, 25, 30, 35, 40, 45, 50, 55, 60, 65, 70, 75, 80, 85, 90, 95, 100]","[14, 3, 0, 0, 0, 0, 0, 0, 0, 0, 0, 0, 0, 0, 1, 0, 1262, 333, 0, 0]","[0.008679479231246125, 0.010539367637941723, 0.010539367637941723, 0.010539367637941723, 0.010539367637941723, 0.010539367637941723, 0.010539367637941723, 0.010539367637941723, 0.010539367637941723, 0.010539367637941723, 0.010539367637941723, 0.010539367637941723, 0.010539367637941723, 0.010539367637941723, 0.011159330440173589, 0.011159330440173589, 0.7935523868567886, 1.0, 1.0, 1.0]",4.0,2.0,2.0,2.0,2.0,8,-9.03376,8.0,-6.0,hrl_dqn_apf,hierarchical,dqn,-12.279,6.853,-5.525,0.00,0.00,0.00,-25.784,5.835,5.059,0.00,0.00,0.00,-19.710,6.203,-12.554,0.00,0.00,0.00,4.200,4.200,4.200
2026-02-04 13:02:35,140.35,19,346,365,5.21%,80.77,1.18%,"[0, 5, 10, 15, 20, 25, 30, 35, 40, 45, 50, 55, 60, 65, 70, 75, 80, 85, 90, 95, 100]","[13, 6, 0, 0, 0, 0, 0, 0, 0, 0, 0, 0, 0, 0, 0, 0, 1260, 334, 0, 0]","[0.008059516429014259, 0.011779293242405457, 0.011779293242405457, 0.011779293242405457, 0.011779293242405457, 0.011779293242405457, 0.011779293242405457, 0.011779293242405457, 0.011779293242405457, 0.011779293242405457, 0.011779293242405457, 0.011779293242405457, 0.011779293242405457, 0.011779293242405457, 0.011779293242405457, 0.011779293242405457, 0.7929324240545568, 1.0, 1.0, 1.0]",4.0,2.0,2.0,2.0,2.0,8,-9.03376,8.0,-6.0,hrl_dqn_apf,hierarchical,dqn,-12.279,6.850,-6.271,0.00,0.00,0.00,-26.530,5.832,5.060,0.00,0.00,0.00,-19.710,6.199,-13.300,0.00,0.00,0.00,4.200,4.200,4.200
2026-02-04 13:02:36,141.35,20,343,363,5.51%,80.89,1.24%,"[0, 5, 10, 15, 20, 25, 30, 35, 40, 45, 50, 55, 60, 65, 70, 75, 80, 85, 90, 95, 100]","[11, 8, 0, 0, 0, 1, 0, 0, 0, 1, 0, 0, 0, 0, 0, 0, 1260, 332, 0, 0]","[0.006819590824550527, 0.011779293242405457, 0.011779293242405457, 0.011779293242405457, 0.011779293242405457, 0.012399256044637322, 0.012399256044637322, 0.012399256044637322, 0.012399256044637322, 0.013019218846869188, 0.013019218846869188, 0.013019218846869188, 0.013019218846869188, 0.013019218846869188, 0.013019218846869188, 0.013019218846869188, 0.7941723496590205, 1.0, 1.0, 1.0]",4.0,2.0,2.0,2.0,2.0,8,-9.03376,8.0,-6.0,hrl_dqn_apf,hierarchical,dqn,-12.279,6.847,-7.018,0.00,0.00,0.00,-27.276,5.829,5.060,0.00,0.00,0.00,-19.710,6.196,-14.046,0.00,0.00,0.00,4.200,4.200,4.200
2026-02-04 13:02:37,142.35,0,354,354,0.00%,80.00,0.00%,"[0, 5, 10, 15, 20, 25, 30, 35, 40, 45, 50, 55, 60, 65, 70, 75, 80, 85, 90, 95, 100]","[0, 0, 0, 0, 0, 0, 0, 0, 0, 0, 0, 0, 0, 0, 0, 0, 1613, 0, 0, 0]","[0.0, 0.0, 0.0, 0.0, 0.0, 0.0, 0.0, 0.0, 0.0, 0.0, 0.0, 0.0, 0.0, 0.0, 0.0, 0.0, 1.0, 1.0, 1.0, 1.0]",4.0,2.0,2.0,2.0,2.0,8,-9.03376,8.0,-6.0,hrl_dqn_apf,hierarchical,dqn,-12.279,6.844,-7.778,0.00,0.00,0.00,-28.037,5.826,5.060,0.00,0.00,0.00,-19.710,6.193,-14.806,0.00,0.00,0.00,4.200,4.200,4.200
2026-02-04 13:02:38,143.35,0,354,354,0.00%,80.00,0.00%,"[0, 5, 10, 15, 20, 25, 30, 35, 40, 45, 50, 55, 60, 65, 70, 75, 80, 85, 90, 95, 100]","[0, 0, 0, 0, 0, 0, 0, 0, 0, 0, 0, 0, 0, 0, 0, 0, 1613, 0, 0, 0]","[0.0, 0.0, 0.0, 0.0, 0.0, 0.0, 0.0, 0.0, 0.0, 0.0, 0.0, 0.0, 0.0, 0.0, 0.0, 0.0, 1.0, 1.0, 1.0, 1.0]",4.0,2.0,2.0,2.0,2.0,8,-9.03376,8.0,-6.0,hrl_dqn_apf,hierarchical,dqn,-12.279,6.838,-9.299,0.00,0.00,0.00,-29.558,5.820,5.061,0.00,0.00,0.00,-19.710,6.187,-16.327,0.00,0.00,0.00,4.200,4.200,4.200
2026-02-04 13:02:39,144.36,1,351,352,0.28%,80.08,0.12%,"[0, 5, 10, 15, 20, 25, 30, 35, 40, 45, 50, 55, 60, 65, 70, 75, 80, 85, 90, 95, 100]","[2, 0, 0, 0, 0, 0, 0, 0, 0, 0, 0, 0, 0, 0, 0, 0, 1611, 0, 0, 0]","[0.0012399256044637321, 0.0012399256044637321, 0.0012399256044637321, 0.0012399256044637321, 0.0012399256044637321, 0.0012399256044637321, 0.0012399256044637321, 0.0012399256044637321, 0.0012399256044637321, 0.0012399256044637321, 0.0012399256044637321, 0.0012399256044637321, 0.0012399256044637321, 0.0012399256044637321, 0.0012399256044637321, 0.0012399256044637321, 1.0, 1.0, 1.0, 1.0]",4.0,2.0,2.0,2.0,2.0,8,-9.03376,8.0,-6.0,hrl_dqn_apf,hierarchical,dqn,-12.279,6.835,-10.062,0.00,0.00,0.00,-30.321,5.817,5.061,0.00,0.00,0.00,-19.710,6.184,-17.090,0.00,0.00,0.00,4.200,4.200,4.200
2026-02-04 13:02:40,145.36,2,350,352,0.57%,80.17,0.25%,"[0, 5, 10, 15, 20, 25, 30, 35, 40, 45, 50, 55, 60, 65, 70, 75, 80, 85, 90, 95, 100]","[2, 0, 1, 0, 1, 0, 0, 0, 0, 0, 0, 0, 0, 0, 0, 0, 1609, 0, 0, 0]","[0.0012399256044637321, 0.0012399256044637321, 0.0018598884066955983, 0.0018598884066955983, 0.0024798512089274642, 0.0024798512089274642, 0.0024798512089274642, 0.0024798512089274642, 0.0024798512089274642, 0.0024798512089274642, 0.0024798512089274642, 0.0024798512089274642, 0.0024798512089274642, 0.0024798512089274642, 0.0024798512089274642, 0.0024798512089274642, 1.0, 1.0, 1.0, 1.0]",4.0,2.0,2.0,2.0,2.0,8,-9.03376,8.0,-6.0,hrl_dqn_apf,hierarchical,dqn,-12.279,6.832,-10.829,0.00,0.00,0.00,-31.087,5.813,5.061,0.00,0.00,0.00,-19.710,6.181,-17.856,0.00,0.00,0.00,4.200,4.200,4.200
2026-02-04 13:02:41,146.36,2,351,353,0.57%,80.29,0.25%,"[0, 5, 10, 15, 20, 25, 30, 35, 40, 45, 50, 55, 60, 65, 70, 75, 80, 85, 90, 95, 100]","[4, 0, 0, 0, 0, 0, 0, 0, 1, 0, 0, 0, 1, 0, 0, 0, 1607, 0, 0, 0]","[0.0024798512089274642, 0.0024798512089274642, 0.0024798512089274642, 0.0024798512089274642, 0.0024798512089274642, 0.0024798512089274642, 0.0024798512089274642, 0.0024798512089274642, 0.0030998140111593306, 0.0030998140111593306, 0.0030998140111593306, 0.0030998140111593306, 0.0037197768133911966, 0.0037197768133911966, 0.0037197768133911966, 0.0037197768133911966, 1.0, 1.0, 1.0, 1.0]",4.0,2.0,2.0,2.0,2.0,8,-9.03376,8.0,-6.0,hrl_dqn_apf,hierarchical,dqn,-12.279,6.829,-11.586,0.00,0.00,0.00,-31.845,5.810,5.061,0.00,0.00,0.00,-19.710,6.178,-18.614,0.00,0.00,0.00,4.200,4.200,4.200
2026-02-04 13:02:42,147.36,4,349,353,1.13%,80.51,0.43%,"[0, 5, 10, 15, 20, 25, 30, 35, 40, 45, 50, 55, 60, 65, 70, 75, 80, 85, 90, 95, 100]","[6, 0, 0, 0, 0, 1, 1, 0, 0, 0, 0, 0, 0, 0, 0, 0, 1605, 0, 0, 0]","[0.0037197768133911966, 0.0037197768133911966, 0.0037197768133911966, 0.0037197768133911966, 0.0037197768133911966, 0.0043397396156230625, 0.0049597024178549285, 0.0049597024178549285, 0.0049597024178549285, 0.0049597024178549285, 0.0049597024178549285, 0.0049597024178549285, 0.0049597024178549285, 0.0049597024178549285, 0.0049597024178549285, 0.0049597024178549285, 1.0, 1.0, 1.0, 1.0]",4.0,2.0,2.0,2.0,2.0,8,-9.03376,8.0,-6.0,hrl_dqn_apf,hierarchical,dqn,-12.279,6.725,-13.112,0.00,0.00,0.00,-33.371,5.707,5.062,0.00,0.00,0.00,-19.710,6.075,-20.140,0.00,0.00,0.00,4.200,4.200,4.200
2026-02-04 13:02:43,148.37,4,351,355,1.13%,80.63,0.50%,"[0, 5, 10, 15, 20, 25, 30, 35, 40, 45, 50, 55, 60, 65, 70, 75, 80, 85, 90, 95, 100]","[8, 0, 0, 0, 0, 0, 0, 0, 0, 0, 1, 0, 0, 0, 0, 1, 1603, 0, 0, 0]","[0.0049597024178549285, 0.0049597024178549285, 0.0049597024178549285, 0.0049597024178549285, 0.0049597024178549285, 0.0049597024178549285, 0.0049597024178549285, 0.0049597024178549285, 0.0049597024178549285, 0.0049597024178549285, 0.005579665220086794, 0.005579665220086794, 0.005579665220086794, 0.005579665220086794, 0.005579665220086794, 0.006199628022318661, 1.0, 1.0, 1.0, 1.0]",4.0,2.0,2.0,2.0,2.0,8,-9.03376,8.0,-6.0,hrl_dqn_apf,hierarchical,dqn,-12.279,6.710,-13.889,0.00,0.00,0.00,-34.148,5.692,5.062,0.00,0.00,0.00,-19.710,6.059,-20.917,0.00,0.00,0.00,4.200,4.200,4.200
2026-02-04 13:02:44,149.37,4,353,357,1.12%,80.73,0.62%,"[0, 5, 10, 15, 20, 25, 30, 35, 40, 45, 50, 55, 60, 65, 70, 75, 80, 85, 90, 95, 100]","[10, 0, 0, 0, 0, 0, 0, 0, 0, 0, 0, 0, 0, 0, 0, 0, 1255, 348, 0, 0]","[0.006199628022318661, 0.006199628022318661, 0.006199628022318661, 0.006199628022318661, 0.006199628022318661, 0.006199628022318661, 0.006199628022318661, 0.006199628022318661, 0.006199628022318661, 0.006199628022318661, 0.006199628022318661, 0.006199628022318661, 0.006199628022318661, 0.006199628022318661, 0.006199628022318661, 0.006199628022318661, 0.7842529448233106, 1.0, 1.0, 1.0]",4.0,2.0,2.0,2.0,2.0,8,-9.03376,8.0,-6.0,hrl_dqn_apf,hierarchical,dqn,-12.279,6.702,-14.653,0.00,0.00,0.00,-34.911,5.684,5.062,0.00,0.00,0.00,-19.710,6.051,-21.681,0.00,0.00,0.00,4.200,4.200,4.200
2026-02-04 13:02:45,150.37,4,353,357,1.12%,80.85,0.62%,"[0, 5, 10, 15, 20, 25, 30, 35, 40, 45, 50, 55, 60, 65, 70, 75, 80, 85, 90, 95, 100]","[9, 1, 0, 0, 0, 0, 0, 1, 1, 0, 0, 0, 0, 0, 0, 0, 1253, 348, 0, 0]","[0.005579665220086794, 0.006199628022318661, 0.006199628022318661, 0.006199628022318661, 0.006199628022318661, 0.006199628022318661, 0.006199628022318661, 0.006819590824550527, 0.007439553626782393, 0.007439553626782393, 0.007439553626782393, 0.007439553626782393, 0.007439553626782393, 0.007439553626782393, 0.007439553626782393, 0.007439553626782393, 0.7842529448233106, 1.0, 1.0, 1.0]",4.0,2.0,2.0,2.0,2.0,8,-9.03376,8.0,-6.0,hrl_dqn_apf,hierarchical,dqn,-12.279,6.697,-15.413,0.00,0.00,0.00,-35.671,5.678,5.063,0.00,0.00,0.00,-19.710,6.046,-22.441,0.00,0.00,0.00,4.200,4.200,4.200
2026-02-04 13:02:46,151.37,4,361,365,1.10%,81.07,0.87%,"[0, 5, 10, 15, 20, 25, 30, 35, 40, 45, 50, 55, 60, 65, 70, 75, 80, 85, 90, 95, 100]","[11, 3, 0, 0, 0, 0, 0, 0, 0, 0, 0, 0, 0, 0, 0, 0, 1250, 349, 0, 0]","[0.006819590824550527, 0.008679479231246125, 0.008679479231246125, 0.008679479231246125, 0.008679479231246125, 0.008679479231246125, 0.008679479231246125, 0.008679479231246125, 0.008679479231246125, 0.008679479231246125, 0.008679479231246125, 0.008679479231246125, 0.008679479231246125, 0.008679479231246125, 0.008679479231246125, 0.008679479231246125, 0.7836329820210788, 1.0, 1.0, 1.0]",4.0,2.0,2.0,2.0,2.0,8,-9.03376,8.0,-6.0,hrl_dqn_apf,hierarchical,dqn,-12.279,6.689,-16.937,0.00,0.00,0.00,-37.194,5.671,5.063,0.00,0.00,0.00,-19.710,6.039,-23.965,0.00,0.00,0.00,4.200,4.200,4.200
2026-02-04 13:02:47,152.37,4,359,363,1.10%,81.21,0.87%,"[0, 5, 10, 15, 20, 25, 30, 35, 40, 45, 50, 55, 60, 65, 70, 75, 80, 85, 90, 95, 100]","[11, 3, 0, 0, 0, 0, 0, 0, 0, 1, 0, 1, 0, 0, 0, 0, 1248, 349, 0, 0]","[0.006819590824550527, 0.008679479231246125, 0.008679479231246125, 0.008679479231246125, 0.008679479231246125, 0.008679479231246125, 0.008679479231246125, 0.008679479231246125, 0.008679479231246125, 0.009299442033477991, 0.009299442033477991, 0.009919404835709857, 0.009919404835709857, 0.009919404835709857, 0.009919404835709857, 0.009919404835709857, 0.7836329820210788, 1.0, 1.0, 1.0]",4.0,2.0,2.0,2.0,2.0,8,-9.03376,8.0,-6.0,hrl_dqn_apf,hierarchical,dqn,-12.279,6.686,-17.700,0.00,0.00,0.00,-37.957,5.668,5.063,0.00,0.00,0.00,-19.710,6.035,-24.728,0.00,0.00,0.00,4.200,4.200,4.200
2026-02-04 13:02:48,153.38,0,354,354,0.00%,80.00,0.00%,"[0, 5, 10, 15, 20, 25, 30, 35, 40, 45, 50, 55, 60, 65, 70, 75, 80, 85, 90, 95, 100]","[0, 0, 0, 0, 0, 0, 0, 0, 0, 0, 0, 0, 0, 0, 0, 0, 1613, 0, 0, 0]","[0.0, 0.0, 0.0, 0.0, 0.0, 0.0, 0.0, 0.0, 0.0, 0.0, 0.0, 0.0, 0.0, 0.0, 0.0, 0.0, 1.0, 1.0, 1.0, 1.0]",4.0,2.0,2.0,2.0,2.0,8,-9.03376,8.0,-6.0,hrl_dqn_apf,hierarchical,dqn,-12.279,6.683,-18.455,0.00,0.00,0.00,-38.711,5.665,5.064,0.00,0.00,0.00,-19.710,6.032,-25.483,0.00,0.00,0.00,4.200,4.200,4.200
2026-02-04 13:02:49,154.38,0,354,354,0.00%,80.00,0.00%,"[0, 5, 10, 15, 20, 25, 30, 35, 40, 45, 50, 55, 60, 65, 70, 75, 80, 85, 90, 95, 100]","[0, 0, 0, 0, 0, 0, 0, 0, 0, 0, 0, 0, 0, 0, 0, 0, 1613, 0, 0, 0]","[0.0, 0.0, 0.0, 0.0, 0.0, 0.0, 0.0, 0.0, 0.0, 0.0, 0.0, 0.0, 0.0, 0.0, 0.0, 0.0, 1.0, 1.0, 1.0, 1.0]",4.0,2.0,2.0,2.0,2.0,8,-9.03376,8.0,-6.0,hrl_dqn_apf,hierarchical,dqn,-12.279,6.680,-19.215,0.00,0.00,0.00,-39.471,5.662,5.064,0.00,0.00,0.00,-19.710,6.029,-26.244,0.00,0.00,0.00,4.200,4.200,4.200
2026-02-04 13:02:50,155.38,0,354,354,0.00%,80.00,0.00%,"[0, 5, 10, 15, 20, 25, 30, 35, 40, 45, 50, 55, 60, 65, 70, 75, 80, 85, 90, 95, 100]","[0, 0, 0, 0, 0, 0, 0, 0, 0, 0, 0, 0, 0, 0, 0, 0, 1613, 0, 0, 0]","[0.0, 0.0, 0.0, 0.0, 0.0, 0.0, 0.0, 0.0, 0.0, 0.0, 0.0, 0.0, 0.0, 0.0, 0.0, 0.0, 1.0, 1.0, 1.0, 1.0]",4.0,2.0,2.0,2.0,2.0,8,-9.03376,8.0,-6.0,hrl_dqn_apf,hierarchical,dqn,-12.279,6.674,-20.739,0.00,0.00,0.00,-40.994,5.656,5.064,0.00,0.00,0.00,-19.710,6.023,-27.768,0.00,0.00,0.00,4.200,4.200,4.200
2026-02-04 13:02:51,156.38,0,352,352,0.00%,80.11,0.06%,"[0, 5, 10, 15, 20, 25, 30, 35, 40, 45, 50, 55, 60, 65, 70, 75, 80, 85, 90, 95, 100]","[0, 1, 0, 0, 0, 0, 0, 0, 0, 0, 1, 0, 0, 0, 0, 0, 1611, 0, 0, 0]","[0.0, 0.0006199628022318661, 0.0006199628022318661, 0.0006199628022318661, 0.0006199628022318661, 0.0006199628022318661, 0.0006199628022318661, 0.0006199628022318661, 0.0006199628022318661, 0.0006199628022318661, 0.0012399256044637321, 0.0012399256044637321, 0.0012399256044637321, 0.0012399256044637321, 0.0012399256044637321, 0.0012399256044637321, 1.0, 1.0, 1.0, 1.0]",4.0,2.0,2.0,2.0,2.0,8,-9.03376,8.0,-6.0,hrl_dqn_apf,hierarchical,dqn,-12.279,6.671,-21.503,0.00,0.00,0.00,-41.757,5.653,5.065,0.00,0.00,0.00,-19.710,6.020,-28.531,0.00,0.00,0.00,4.168,4.168,4.197
2026-02-04 13:02:52,157.39,0,352,352,0.00%,80.28,0.06%,"[0, 5, 10, 15, 20, 25, 30, 35, 40, 45, 50, 55, 60, 65, 70, 75, 80, 85, 90, 95, 100]","[1, 0, 0, 0, 0, 0, 0, 0, 0, 0, 1, 0, 0, 0, 1, 0, 1610, 0, 0, 0]","[0.0006199628022318661, 0.0006199628022318661, 0.0006199628022318661, 0.0006199628022318661, 0.0006199628022318661, 0.0006199628022318661, 0.0006199628022318661, 0.0006199628022318661, 0.0006199628022318661, 0.0006199628022318661, 0.0012399256044637321, 0.0012399256044637321, 0.0012399256044637321, 0.0012399256044637321, 0.0018598884066955983, 0.0018598884066955983, 1.0, 1.0, 1.0, 1.0]",4.0,2.0,2.0,2.0,2.0,8,-9.03376,8.0,-6.0,hrl_dqn_apf,hierarchical,dqn,-12.279,6.668,-22.266,0.00,0.00,0.00,-42.520,5.650,5.065,0.00,0.00,0.00,-19.710,6.017,-29.294,0.00,0.00,0.00,4.165,4.165,4.193
2026-02-04 13:02:53,158.39,0,353,353,0.00%,80.41,0.12%,"[0, 5, 10, 15, 20, 25, 30, 35, 40, 45, 50, 55, 60, 65, 70, 75, 80, 85, 90, 95, 100]","[2, 0, 0, 0, 0, 0, 0, 0, 0, 0, 1, 0, 0, 0, 0, 0, 1610, 0, 0, 0]","[0.0012399256044637321, 0.0012399256044637321, 0.0012399256044637321, 0.0012399256044637321, 0.0012399256044637321, 0.0012399256044637321, 0.0012399256044637321, 0.0012399256044637321, 0.0012399256044637321, 0.0012399256044637321, 0.0018598884066955983, 0.0018598884066955983, 0.0018598884066955983, 0.0018598884066955983, 0.0018598884066955983, 0.0018598884066955983, 1.0, 1.0, 1.0, 1.0]",4.0,2.0,2.0,2.0,2.0,11,-23.92108,8.0,0.0,hrl_dqn_apf,hierarchical,dqn,-12.279,6.787,-22.791,0.00,0.00,0.00,-43.175,5.708,4.941,0.00,0.00,0.00,-19.710,6.014,-30.072,0.00,0.00,0.00,4.162,4.162,4.190
2026-02-04 13:02:54,159.39,0,353,353,0.00%,80.76,0.12%,"[0, 5, 10, 15, 20, 25, 30, 35, 40, 45, 50, 55, 60, 65, 70, 75, 80, 85, 90, 95, 100]","[2, 0, 0, 0, 0, 0, 0, 0, 0, 0, 1, 0, 0, 0, 0, 0, 1610, 0, 0, 0]","[0.0012399256044637321, 0.0012399256044637321, 0.0012399256044637321, 0.0012399256044637321, 0.0012399256044637321, 0.0012399256044637321, 0.0012399256044637321, 0.0012399256044637321, 0.0012399256044637321, 0.0012399256044637321, 0.0018598884066955983, 0.0018598884066955983, 0.0018598884066955983, 0.0018598884066955983, 0.0018598884066955983, 0.0018598884066955983, 1.0, 1.0, 1.0, 1.0]",4.0,2.0,2.0,2.0,2.0,22,-17.84103,8.0,12.0,hrl_dqn_apf,hierarchical,dqn,-12.279,6.849,-21.878,0.00,0.00,0.00,-43.483,6.349,4.199,0.00,0.00,0.00,-19.710,6.008,-31.599,0.00,0.00,0.00,4.159,4.159,4.187
2026-02-04 13:02:55,160.39,0,355,355,0.00%,80.93,0.12%,"[0, 5, 10, 15, 20, 25, 30, 35, 40, 45, 50, 55, 60, 65, 70, 75, 80, 85, 90, 95, 100]","[2, 0, 0, 0, 0, 0, 0, 0, 0, 0, 1, 0, 0, 0, 0, 0, 1610, 0, 0, 0]","[0.0012399256044637321, 0.0012399256044637321, 0.0012399256044637321, 0.0012399256044637321, 0.0012399256044637321, 0.0012399256044637321, 0.0012399256044637321, 0.0012399256044637321, 0.0012399256044637321, 0.0012399256044637321, 0.0018598884066955983, 0.0018598884066955983, 0.0018598884066955983, 0.0018598884066955983, 0.0018598884066955983, 0.0018598884066955983, 1.0, 1.0, 1.0, 1.0]",4.0,2.0,2.0,2.0,2.0,22,-17.84103,8.0,12.0,hrl_dqn_apf,hierarchical,dqn,-12.279,6.846,-21.155,0.00,0.00,0.00,-43.504,6.751,4.117,0.00,0.00,0.00,-19.710,6.005,-32.359,0.00,0.00,0.00,4.156,4.156,4.184
2026-02-04 13:02:56,161.39,0,357,357,0.00%,81.08,0.19%,"[0, 5, 10, 15, 20, 25, 30, 35, 40, 45, 50, 55, 60, 65, 70, 75, 80, 85, 90, 95, 100]","[3, 0, 0, 0, 0, 0, 0, 0, 0, 0, 0, 0, 0, 0, 0, 0, 1258, 352, 0, 0]","[0.0018598884066955983, 0.0018598884066955983, 0.0018598884066955983, 0.0018598884066955983, 0.0018598884066955983, 0.0018598884066955983, 0.0018598884066955983, 0.0018598884066955983, 0.0018598884066955983, 0.0018598884066955983, 0.0018598884066955983, 0.0018598884066955983, 0.0018598884066955983, 0.0018598884066955983, 0.0018598884066955983, 0.0018598884066955983, 0.7817730936143832, 1.0, 1.0, 1.0]",4.0,2.0,2.0,2.0,2.0,24,-5.680800000000001,8.0,12.0,hrl_dqn_apf,hierarchical,dqn,-12.279,6.843,-20.402,0.00,0.00,0.00,-43.294,6.801,4.090,0.00,0.00,0.00,-19.710,6.154,-32.663,0.00,0.00,0.00,4.153,4.153,4.182
2026-02-04 13:02:57,162.40,0,357,357,0.00%,81.23,0.19%,"[0, 5, 10, 15, 20, 25, 30, 35, 40, 45, 50, 55, 60, 65, 70, 75, 80, 85, 90, 95, 100]","[3, 0, 0, 0, 0, 0, 0, 0, 0, 1, 0, 0, 0, 0, 0, 0, 1257, 352, 0, 0]","[0.0018598884066955983, 0.0018598884066955983, 0.0018598884066955983, 0.0018598884066955983, 0.0018598884066955983, 0.0018598884066955983, 0.0018598884066955983, 0.0018598884066955983, 0.0018598884066955983, 0.0024798512089274642, 0.0024798512089274642, 0.0024798512089274642, 0.0024798512089274642, 0.0024798512089274642, 0.0024798512089274642, 0.0024798512089274642, 0.7817730936143832, 1.0, 1.0, 1.0]",4.0,2.0,2.0,2.0,2.0,15,-29.5204,8.0,6.0,hrl_dqn_apf,hierarchical,dqn,-12.279,6.840,-19.644,0.00,0.00,0.00,-42.712,6.801,4.081,0.00,0.00,0.00,-19.710,6.186,-32.253,0.00,0.00,0.00,4.150,4.150,4.178
2026-02-04 13:02:58,163.40,0,365,365,0.00%,81.53,0.31%,"[0, 5, 10, 15, 20, 25, 30, 35, 40, 45, 50, 55, 60, 65, 70, 75, 80, 85, 90, 95, 100]","[4, 0, 0, 0, 0, 1, 0, 0, 0, 0, 0, 0, 0, 0, 0, 0, 1255, 353, 0, 0]","[0.0024798512089274642, 0.0024798512089274642, 0.0024798512089274642, 0.0024798512089274642, 0.0024798512089274642, 0.0030998140111593306, 0.0030998140111593306, 0.0030998140111593306, 0.0030998140111593306, 0.0030998140111593306, 0.0030998140111593306, 0.0030998140111593306, 0.0030998140111593306, 0.0030998140111593306, 0.0030998140111593306, 0.0030998140111593306, 0.7811531308121513, 1.0, 1.0, 1.0]",4.0,2.0,2.0,2.0,2.0,15,-29.5204,8.0,6.0,hrl_dqn_apf,hierarchical,dqn,-12.279,6.834,-18.124,0.00,0.00,0.00,-41.254,6.792,4.078,0.00,0.00,0.00,-19.710,6.183,-30.859,0.00,0.00,0.00,4.147,4.147,4.175
2026-02-04 13:02:59,164.40,0,363,363,0.00%,81.68,0.31%,"[0, 5, 10, 15, 20, 25, 30, 35, 40, 45, 50, 55, 60, 65, 70, 75, 80, 85, 90, 95, 100]","[5, 0, 0, 0, 0, 0, 0, 0, 0, 0, 0, 1, 0, 0, 0, 0, 1254, 353, 0, 0]","[0.0030998140111593306, 0.0030998140111593306, 0.0030998140111593306, 0.0030998140111593306, 0.0030998140111593306, 0.0030998140111593306, 0.0030998140111593306, 0.0030998140111593306, 0.0030998140111593306, 0.0030998140111593306, 0.0030998140111593306, 0.0037197768133911966, 0.0037197768133911966, 0.0037197768133911966, 0.0037197768133911966, 0.0037197768133911966, 0.7811531308121513, 1.0, 1.0, 1.0]",4.0,2.0,2.0,2.0,2.0,21,-23.36031,8.0,12.0,hrl_dqn_apf,hierarchical,dqn,-12.279,6.831,-17.361,0.00,0.00,0.00,-40.495,6.788,4.077,0.00,0.00,0.00,-19.710,6.180,-30.103,0.00,0.00,0.00,4.144,4.144,4.172
2026-02-04 13:03:00,165.40,0,365,365,0.00%,81.83,0.37%,"[0, 5, 10, 15, 20, 25, 30, 35, 40, 45, 50, 55, 60, 65, 70, 75, 80, 85, 90, 95, 100]","[6, 0, 0, 0, 0, 0, 0, 0, 0, 0, 0, 0, 0, 0, 0, 0, 1252, 355, 0, 0]","[0.0037197768133911966, 0.0037197768133911966, 0.0037197768133911966, 0.0037197768133911966, 0.0037197768133911966, 0.0037197768133911966, 0.0037197768133911966, 0.0037197768133911966, 0.0037197768133911966, 0.0037197768133911966, 0.0037197768133911966, 0.0037197768133911966, 0.0037197768133911966, 0.0037197768133911966, 0.0037197768133911966, 0.0037197768133911966, 0.7799132052076876, 1.0, 1.0, 1.0]",4.0,2.0,2.0,2.0,2.0,1,-23.20019,8.0,-12.0,hrl_dqn_apf,hierarchical,dqn,-12.279,6.828,-16.600,0.00,0.00,0.00,-39.735,6.785,4.077,0.00,0.00,0.00,-19.710,6.177,-29.345,0.00,0.00,0.00,4.141,4.141,4.169
2026-02-04 13:03:01,166.41,0,369,369,0.00%,81.98,0.37%,"[0, 5, 10, 15, 20, 25, 30, 35, 40, 45, 50, 55, 60, 65, 70, 75, 80, 85, 90, 95, 100]","[6, 0, 0, 0, 0, 0, 0, 1, 0, 0, 0, 0, 0, 0, 0, 0, 1249, 7, 350, 0]","[0.0037197768133911966, 0.0037197768133911966, 0.0037197768133911966, 0.0037197768133911966, 0.0037197768133911966, 0.0037197768133911966, 0.0037197768133911966, 0.0043397396156230625, 0.0043397396156230625, 0.0043397396156230625, 0.0043397396156230625, 0.0043397396156230625, 0.0043397396156230625, 0.0043397396156230625, 0.0043397396156230625, 0.0043397396156230625, 0.7786732796032239, 0.7830130192188469, 1.0, 1.0]",4.0,2.0,2.0,2.0,2.0,1,-23.20019,8.0,-12.0,hrl_dqn_apf,hierarchical,dqn,-12.279,6.825,-15.843,0.00,0.00,0.00,-38.978,6.781,4.076,0.00,0.00,0.00,-19.710,6.174,-28.588,0.00,0.00,0.00,4.138,4.138,4.166
2026-02-04 13:03:02,167.41,0,369,369,0.00%,82.28,0.50%,"[0, 5, 10, 15, 20, 25, 30, 35, 40, 45, 50, 55, 60, 65, 70, 75, 80, 85, 90, 95, 100]","[8, 0, 0, 0, 0, 0, 0, 0, 0, 0, 0, 0, 0, 0, 0, 0, 1244, 11, 350, 0]","[0.0049597024178549285, 0.0049597024178549285, 0.0049597024178549285, 0.0049597024178549285, 0.0049597024178549285, 0.0049597024178549285, 0.0049597024178549285, 0.0049597024178549285, 0.0049597024178549285, 0.0049597024178549285, 0.0049597024178549285, 0.0049597024178549285, 0.0049597024178549285, 0.0049597024178549285, 0.0049597024178549285, 0.0049597024178549285, 0.7761934283942964, 0.7830130192188469, 1.0, 1.0]",4.0,2.0,2.0,2.0,2.0,21,-23.03988,8.0,12.0,hrl_dqn_apf,hierarchical,dqn,-12.279,6.818,-14.319,0.00,0.00,0.00,-37.455,6.775,4.076,0.00,0.00,0.00,-19.710,6.168,-27.064,0.00,0.00,0.00,4.135,4.135,4.163
2026-02-04 13:03:03,168.41,0,369,369,0.00%,82.44,0.50%,"[0, 5, 10, 15, 20, 25, 30, 35, 40, 45, 50, 55, 60, 65, 70, 75, 80, 85, 90, 95, 100]","[8, 0, 0, 0, 0, 0, 0, 0, 0, 0, 0, 0, 1, 0, 0, 0, 1242, 12, 350, 0]","[0.0049597024178549285, 0.0049597024178549285, 0.0049597024178549285, 0.0049597024178549285, 0.0049597024178549285, 0.0049597024178549285, 0.0049597024178549285, 0.0049597024178549285, 0.0049597024178549285, 0.0049597024178549285, 0.0049597024178549285, 0.0049597024178549285, 0.005579665220086794, 0.005579665220086794, 0.005579665220086794, 0.005579665220086794, 0.7755734655920645, 0.7830130192188469, 1.0, 1.0]",4.0,2.0,2.0,2.0,2.0,21,-23.03988,8.0,12.0,hrl_dqn_apf,hierarchical,dqn,-12.279,6.815,-13.556,0.00,0.00,0.00,-36.692,6.772,4.076,0.00,0.00,0.00,-19.710,6.165,-26.301,0.00,0.00,0.00,4.132,4.132,4.160
2026-02-04 13:03:04,169.41,2,369,371,0.54%,82.56,0.56%,"[0, 5, 10, 15, 20, 25, 30, 35, 40, 45, 50, 55, 60, 65, 70, 75, 80, 85, 90, 95, 100]","[9, 0, 0, 0, 0, 0, 0, 0, 1, 0, 0, 0, 0, 0, 0, 0, 1239, 14, 350, 0]","[0.005579665220086794, 0.005579665220086794, 0.005579665220086794, 0.005579665220086794, 0.005579665220086794, 0.005579665220086794, 0.005579665220086794, 0.005579665220086794, 0.006199628022318661, 0.006199628022318661, 0.006199628022318661, 0.006199628022318661, 0.006199628022318661, 0.006199628022318661, 0.006199628022318661, 0.006199628022318661, 0.7743335399876008, 0.7830130192188469, 1.0, 1.0]",4.0,2.0,2.0,2.0,2.0,4,-4.8798400000000015,8.0,-12.0,hrl_dqn_apf,hierarchical,dqn,-12.279,6.812,-12.795,0.00,0.00,0.00,-35.932,6.769,4.075,0.00,0.00,0.00,-19.710,6.162,-25.540,0.00,0.00,0.00,4.129,4.129,4.157
2026-02-04 13:03:05,170.41,3,370,373,0.80%,82.67,0.68%,"[0, 5, 10, 15, 20, 25, 30, 35, 40, 45, 50, 55, 60, 65, 70, 75, 80, 85, 90, 95, 100]","[10, 0, 1, 0, 0, 0, 0, 0, 0, 0, 0, 0, 0, 0, 0, 0, 1237, 14, 351, 0]","[0.006199628022318661, 0.006199628022318661, 0.006819590824550527, 0.006819590824550527, 0.006819590824550527, 0.006819590824550527, 0.006819590824550527, 0.006819590824550527, 0.006819590824550527, 0.006819590824550527, 0.006819590824550527, 0.006819590824550527, 0.006819590824550527, 0.006819590824550527, 0.006819590824550527, 0.006819590824550527, 0.7737135771853689, 0.782393056416615, 1.0, 1.0]",4.0,2.0,2.0,2.0,2.0,15,-28.71982,8.0,6.0,hrl_dqn_apf,hierarchical,dqn,-12.279,6.809,-12.032,0.00,0.00,0.00,-35.169,6.766,4.075,0.00,0.00,0.00,-19.710,6.159,-24.777,0.00,0.00,0.00,4.126,4.126,4.154
2026-02-04 13:03:06,171.42,4,369,373,1.07%,82.91,0.81%,"[0, 5, 10, 15, 20, 25, 30, 35, 40, 45, 50, 55, 60, 65, 70, 75, 80, 85, 90, 95, 100]","[13, 0, 0, 0, 0, 0, 0, 0, 0, 0, 1, 0, 0, 0, 0, 0, 1231, 16, 7, 345]","[0.008059516429014259, 0.008059516429014259, 0.008059516429014259, 0.008059516429014259, 0.008059516429014259, 0.008059516429014259, 0.008059516429014259, 0.008059516429014259, 0.008059516429014259, 0.008059516429014259, 0.008679479231246125, 0.008679479231246125, 0.008679479231246125, 0.008679479231246125, 0.008679479231246125, 0.008679479231246125, 0.7718536887786733, 0.7817730936143832, 0.7861128332300062, 1.0]",4.0,2.0,2.0,2.0,2.0,3,-10.5593,8.0,-12.0,hrl_dqn_apf,hierarchical,dqn,-11.786,6.893,-10.992,0.00,0.00,0.00,-33.646,6.760,4.075,0.00,0.00,0.00,-19.710,6.152,-23.253,0.00,0.00,0.00,4.123,4.123,4.151
2026-02-04 13:03:07,172.42,4,370,374,1.07%,83.05,0.87%,"[0, 5, 10, 15, 20, 25, 30, 35, 40, 45, 50, 55, 60, 65, 70, 75, 80, 85, 90, 95, 100]","[14, 0, 0, 0, 0, 0, 0, 0, 0, 0, 0, 0, 0, 0, 0, 0, 1231, 17, 7, 344]","[0.008679479231246125, 0.008679479231246125, 0.008679479231246125, 0.008679479231246125, 0.008679479231246125, 0.008679479231246125, 0.008679479231246125, 0.008679479231246125, 0.008679479231246125, 0.008679479231246125, 0.008679479231246125, 0.008679479231246125, 0.008679479231246125, 0.008679479231246125, 0.008679479231246125, 0.008679479231246125, 0.7718536887786733, 0.782393056416615, 0.7867327960322381, 1.0]",4.0,2.0,2.0,2.0,2.0,3,-10.5593,8.0,-12.0,hrl_dqn_apf,hierarchical,dqn,-11.115,6.895,-10.889,0.00,0.00,0.00,-32.884,6.757,4.074,0.00,0.00,0.00,-19.710,6.149,-22.490,0.00,0.00,0.00,4.120,4.120,4.148
2026-02-04 13:03:08,173.42,5,369,374,1.34%,83.15,0.99%,"[0, 5, 10, 15, 20, 25, 30, 35, 40, 45, 50, 55, 60, 65, 70, 75, 80, 85, 90, 95, 100]","[14, 1, 0, 1, 0, 0, 0, 0, 0, 0, 0, 0, 0, 0, 0, 0, 1230, 10, 12, 345]","[0.008679479231246125, 0.009299442033477991, 0.009299442033477991, 0.009919404835709857, 0.009919404835709857, 0.009919404835709857, 0.009919404835709857, 0.009919404835709857, 0.009919404835709857, 0.009919404835709857, 0.009919404835709857, 0.009919404835709857, 0.009919404835709857, 0.009919404835709857, 0.009919404835709857, 0.009919404835709857, 0.7724736515809052, 0.7786732796032239, 0.7861128332300062, 1.0]",4.0,2.0,2.0,2.0,2.0,11,-22.3994,8.0,0.0,hrl_dqn_apf,hierarchical,dqn,-10.380,6.893,-10.858,0.00,0.00,0.00,-32.124,6.754,4.074,0.00,0.00,0.00,-19.710,6.146,-21.729,0.00,0.00,0.00,4.117,4.117,4.145
2026-02-04 13:03:09,174.42,5,371,376,1.33%,83.30,0.99%,"[0, 5, 10, 15, 20, 25, 30, 35, 40, 45, 50, 55, 60, 65, 70, 75, 80, 85, 90, 95, 100]","[15, 1, 0, 0, 0, 0, 0, 0, 0, 0, 0, 0, 1, 0, 0, 0, 1228, 10, 14, 344]","[0.009299442033477991, 0.009919404835709857, 0.009919404835709857, 0.009919404835709857, 0.009919404835709857, 0.009919404835709857, 0.009919404835709857, 0.009919404835709857, 0.009919404835709857, 0.009919404835709857, 0.009919404835709857, 0.009919404835709857, 0.010539367637941723, 0.010539367637941723, 0.010539367637941723, 0.010539367637941723, 0.7718536887786733, 0.778053316800992, 0.7867327960322381, 1.0]",4.0,2.0,2.0,2.0,2.0,11,-22.3994,8.0,0.0,hrl_dqn_apf,hierarchical,dqn,-9.745,6.951,-10.968,0.00,0.00,0.00,-31.363,6.751,4.074,0.00,0.00,0.00,-19.710,6.143,-20.969,0.00,0.00,0.00,4.114,4.114,4.142
2026-02-04 13:03:10,175.42,7,371,378,1.85%,83.50,1.18%,"[0, 5, 10, 15, 20, 25, 30, 35, 40, 45, 50, 55, 60, 65, 70, 75, 80, 85, 90, 95, 100]","[16, 2, 0, 1, 0, 0, 0, 0, 0, 0, 2, 0, 0, 0, 0, 0, 1222, 9, 14, 347]","[0.009919404835709857, 0.011159330440173589, 0.011159330440173589, 0.011779293242405457, 0.011779293242405457, 0.011779293242405457, 0.011779293242405457, 0.011779293242405457, 0.011779293242405457, 0.011779293242405457, 0.013019218846869188, 0.013019218846869188, 0.013019218846869188, 0.013019218846869188, 0.013019218846869188, 0.013019218846869188, 0.7706137631742096, 0.7761934283942964, 0.7848729076255425, 1.0]",4.0,2.0,2.0,2.0,2.0,3,-10.319230000000001,8.0,-12.0,hrl_dqn_apf,hierarchical,dqn,-9.420,7.003,-12.181,0.00,0.00,0.00,-29.819,6.745,4.073,0.00,0.00,0.00,-19.206,6.227,-19.920,0.00,0.00,0.00,4.111,4.111,4.139
2026-02-04 13:03:11,176.43,7,373,380,1.84%,83.63,1.30%,"[0, 5, 10, 15, 20, 25, 30, 35, 40, 45, 50, 55, 60, 65, 70, 75, 80, 85, 90, 95, 100]","[16, 3, 0, 0, 2, 0, 0, 0, 0, 0, 0, 0, 0, 0, 0, 0, 1222, 7, 16, 347]","[0.009919404835709857, 0.011779293242405457, 0.011779293242405457, 0.011779293242405457, 0.013019218846869188, 0.013019218846869188, 0.013019218846869188, 0.013019218846869188, 0.013019218846869188, 0.013019218846869188, 0.013019218846869188, 0.013019218846869188, 0.013019218846869188, 0.013019218846869188, 0.013019218846869188, 0.013019218846869188, 0.7706137631742096, 0.7749535027898327, 0.7848729076255425, 1.0]",4.0,2.0,2.0,2.0,2.0,17,-16.15881,8.0,6.0,hrl_dqn_apf,hierarchical,dqn,-9.398,7.136,-12.224,0.00,0.00,0.00,-29.056,6.742,4.073,0.00,0.00,0.00,-18.533,6.229,-19.820,0.00,0.00,0.00,4.108,4.108,4.136
2026-02-04 13:03:12,177.43,7,375,382,1.83%,83.77,1.36%,"[0, 5, 10, 15, 20, 25, 30, 35, 40, 45, 50, 55, 60, 65, 70, 75, 80, 85, 90, 95, 100]","[17, 3, 0, 0, 2, 0, 0, 0, 0, 0, 0, 0, 0, 0, 0, 1, 1219, 8, 16, 347]","[0.010539367637941723, 0.012399256044637322, 0.012399256044637322, 0.012399256044637322, 0.013639181649101054, 0.013639181649101054, 0.013639181649101054, 0.013639181649101054, 0.013639181649101054, 0.013639181649101054, 0.013639181649101054, 0.013639181649101054, 0.013639181649101054, 0.013639181649101054, 0.013639181649101054, 0.01425914445133292, 0.7699938003719777, 0.7749535027898327, 0.7848729076255425, 1.0]",4.0,2.0,2.0,2.0,2.0,17,-16.15881,8.0,6.0,hrl_dqn_apf,hierarchical,dqn,-9.391,7.151,-11.725,0.00,0.00,0.00,-28.531,6.814,3.850,0.00,0.00,0.00,-17.814,6.227,-19.789,0.00,0.00,0.00,4.105,4.105,4.133
2026-02-04 13:03:13,178.43,7,377,384,1.82%,83.90,1.43%,"[0, 5, 10, 15, 20, 25, 30, 35, 40, 45, 50, 55, 60, 65, 70, 75, 80, 85, 90, 95, 100]","[18, 4, 0, 0, 1, 0, 0, 0, 0, 0, 0, 0, 0, 0, 1, 0, 1218, 8, 10, 353]","[0.011159330440173589, 0.013639181649101054, 0.013639181649101054, 0.013639181649101054, 0.01425914445133292, 0.01425914445133292, 0.01425914445133292, 0.01425914445133292, 0.01425914445133292, 0.01425914445133292, 0.01425914445133292, 0.01425914445133292, 0.01425914445133292, 0.01425914445133292, 0.014879107253564786, 0.014879107253564786, 0.7699938003719777, 0.7749535027898327, 0.7811531308121513, 1.0]",4.0,2.0,2.0,2.0,2.0,1,-21.99881,8.0,-12.0,hrl_dqn_apf,hierarchical,dqn,-9.389,7.149,-11.063,0.00,0.00,0.00,-28.349,6.830,3.289,0.00,0.00,0.00,-17.214,6.284,-19.652,0.00,0.00,0.00,4.102,4.102,4.130
2026-02-04 13:03:14,179.43,8,378,386,2.07%,84.16,1.55%,"[0, 5, 10, 15, 20, 25, 30, 35, 40, 45, 50, 55, 60, 65, 70, 75, 80, 85, 90, 95, 100]","[18, 3, 2, 0, 2, 0, 0, 0, 0, 0, 1, 0, 0, 0, 0, 0, 1213, 7, 13, 354]","[0.011159330440173589, 0.013019218846869188, 0.01425914445133292, 0.01425914445133292, 0.015499070055796652, 0.015499070055796652, 0.015499070055796652, 0.015499070055796652, 0.015499070055796652, 0.015499070055796652, 0.016119032858028518, 0.016119032858028518, 0.016119032858028518, 0.016119032858028518, 0.016119032858028518, 0.016119032858028518, 0.7681339119652821, 0.7724736515809052, 0.7805331680099195, 1.0]",4.0,2.0,2.0,2.0,2.0,15,-27.83857,8.0,6.0,hrl_dqn_apf,hierarchical,dqn,-9.388,7.143,-9.563,0.00,0.00,0.00,-28.270,6.825,1.827,0.00,0.00,0.00,-16.897,6.310,-18.419,0.00,0.00,0.00,4.099,4.099,4.127
2026-02-04 13:03:15,180.43,8,380,388,2.06%,84.29,1.61%,"[0, 5, 10, 15, 20, 25, 30, 35, 40, 45, 50, 55, 60, 65, 70, 75, 80, 85, 90, 95, 100]","[20, 3, 2, 0, 1, 0, 0, 0, 0, 0, 0, 0, 0, 0, 1, 0, 1213, 7, 9, 357]","[0.012399256044637322, 0.01425914445133292, 0.015499070055796652, 0.015499070055796652, 0.016119032858028518, 0.016119032858028518, 0.016119032858028518, 0.016119032858028518, 0.016119032858028518, 0.016119032858028518, 0.016119032858028518, 0.016119032858028518, 0.016119032858028518, 0.016119032858028518, 0.016738995660260384, 0.016738995660260384, 0.768753874767514, 0.7730936143831371, 0.7786732796032239, 1.0]",4.0,2.0,2.0,2.0,2.0,15,-27.83857,8.0,6.0,hrl_dqn_apf,hierarchical,dqn,-9.388,7.140,-8.804,0.00,0.00,0.00,-28.264,6.822,1.071,0.00,0.00,0.00,-16.874,6.307,-17.677,0.00,0.00,0.00,4.096,4.096,4.124
2026-02-04 13:03:16,181.44,9,379,388,2.32%,84.40,1.74%,"[0, 5, 10, 15, 20, 25, 30, 35, 40, 45, 50, 55, 60, 65, 70, 75, 80, 85, 90, 95, 100]","[21, 2, 4, 0, 1, 0, 0, 0, 0, 0, 0, 0, 0, 0, 0, 0, 1212, 7, 7, 359]","[0.013019218846869188, 0.01425914445133292, 0.016738995660260384, 0.016738995660260384, 0.01735895846249225, 0.01735895846249225, 0.01735895846249225, 0.01735895846249225, 0.01735895846249225, 0.01735895846249225, 0.01735895846249225, 0.01735895846249225, 0.01735895846249225, 0.01735895846249225, 0.01735895846249225, 0.01735895846249225, 0.768753874767514, 0.7730936143831371, 0.7774333539987601, 1.0]",4.0,2.0,2.0,2.0,2.0,14,-3.677949999999999,8.0,0.0,hrl_dqn_apf,hierarchical,dqn,-9.528,7.142,-8.198,0.00,0.00,0.00,-28.263,6.819,0.308,0.00,0.00,0.00,-16.867,6.304,-16.918,0.00,0.00,0.00,4.093,4.093,4.121
2026-02-04 13:03:17,182.44,9,379,388,2.32%,84.53,1.74%,"[0, 5, 10, 15, 20, 25, 30, 35, 40, 45, 50, 55, 60, 65, 70, 75, 80, 85, 90, 95, 100]","[22, 2, 3, 0, 1, 0, 0, 0, 0, 0, 0, 0, 0, 2, 1, 0, 1205, 12, 8, 357]","[0.013639181649101054, 0.014879107253564786, 0.016738995660260384, 0.016738995660260384, 0.01735895846249225, 0.01735895846249225, 0.01735895846249225, 0.01735895846249225, 0.01735895846249225, 0.01735895846249225, 0.01735895846249225, 0.01735895846249225, 0.01735895846249225, 0.018598884066955982, 0.019218846869187848, 0.019218846869187848, 0.7662740235585865, 0.7737135771853689, 0.7786732796032239, 1.0]",4.0,2.0,2.0,2.0,2.0,0,-27.51804,8.0,-12.0,hrl_dqn_apf,hierarchical,dqn,-9.842,7.172,-7.765,0.00,0.00,0.00,-28.262,6.816,-0.452,0.00,0.00,0.00,-16.865,6.301,-16.159,0.00,0.00,0.00,4.090,4.090,4.118
2026-02-04 13:03:18,183.44,10,380,390,2.56%,84.77,1.86%,"[0, 5, 10, 15, 20, 25, 30, 35, 40, 45, 50, 55, 60, 65, 70, 75, 80, 85, 90, 95, 100]","[23, 2, 4, 0, 1, 0, 0, 0, 0, 0, 1, 0, 0, 0, 2, 0, 1203, 14, 8, 355]","[0.01425914445133292, 0.015499070055796652, 0.017978921264724116, 0.017978921264724116, 0.018598884066955982, 0.018598884066955982, 0.018598884066955982, 0.018598884066955982, 0.018598884066955982, 0.018598884066955982, 0.019218846869187848, 0.019218846869187848, 0.019218846869187848, 0.019218846869187848, 0.02045877247365158, 0.02045877247365158, 0.7662740235585865, 0.7749535027898327, 0.7799132052076876, 1.0]",4.0,2.0,2.0,2.0,2.0,0,-27.51804,8.0,-12.0,hrl_dqn_apf,hierarchical,dqn,-10.000,7.174,-6.383,0.00,0.00,0.00,-28.263,6.810,-1.972,0.00,0.00,0.00,-16.874,6.308,-14.649,0.00,0.00,0.00,4.087,4.087,4.115
2026-02-04 13:03:19,184.44,12,378,390,3.08%,84.89,1.98%,"[0, 5, 10, 15, 20, 25, 30, 35, 40, 45, 50, 55, 60, 65, 70, 75, 80, 85, 90, 95, 100]","[24, 2, 4, 1, 1, 0, 0, 0, 0, 0, 0, 0, 0, 0, 1, 0, 1199, 14, 7, 360]","[0.014879107253564786, 0.016119032858028518, 0.018598884066955982, 0.019218846869187848, 0.019838809671419714, 0.019838809671419714, 0.019838809671419714, 0.019838809671419714, 0.019838809671419714, 0.019838809671419714, 0.019838809671419714, 0.019838809671419714, 0.019838809671419714, 0.019838809671419714, 0.02045877247365158, 0.02045877247365158, 0.7637941723496591, 0.7724736515809052, 0.7768133911965283, 1.0]",4.0,2.0,2.0,2.0,2.0,1,-21.358069999999998,8.0,-12.0,hrl_dqn_apf,hierarchical,dqn,-10.012,7.171,-5.628,0.00,0.00,0.00,-28.263,6.807,-2.736,0.00,0.00,0.00,-17.222,6.377,-14.227,0.00,0.00,0.00,4.084,4.084,4.112
2026-02-04 13:03:20,185.44,12,378,390,3.08%,84.99,1.98%,"[0, 5, 10, 15, 20, 25, 30, 35, 40, 45, 50, 55, 60, 65, 70, 75, 80, 85, 90, 95, 100]","[24, 2, 3, 2, 1, 0, 1, 1, 0, 0, 0, 0, 0, 0, 1, 0, 1197, 16, 7, 358]","[0.014879107253564786, 0.016119032858028518, 0.017978921264724116, 0.019218846869187848, 0.019838809671419714, 0.019838809671419714, 0.02045877247365158, 0.021078735275883446, 0.021078735275883446, 0.021078735275883446, 0.021078735275883446, 0.021078735275883446, 0.021078735275883446, 0.021078735275883446, 0.02169869807811531, 0.02169869807811531, 0.7637941723496591, 0.7737135771853689, 0.778053316800992, 1.0]",4.0,2.0,2.0,2.0,2.0,20,-27.19747,8.0,12.0,hrl_dqn_apf,hierarchical,dqn,-10.015,7.168,-4.867,0.00,0.00,0.00,-28.264,6.804,-3.499,0.00,0.00,0.00,-17.861,6.384,-14.092,0.00,0.00,0.00,4.081,4.081,4.109
2026-02-04 13:03:21,186.45,14,377,391,3.58%,85.13,2.11%,"[0, 5, 10, 15, 20, 25, 30, 35, 40, 45, 50, 55, 60, 65, 70, 75, 80, 85, 90, 95, 100]","[25, 3, 2, 3, 1, 0, 0, 0, 0, 0, 0, 0, 0, 0, 1, 0, 1197, 16, 8, 357]","[0.015499070055796652, 0.01735895846249225, 0.018598884066955982, 0.02045877247365158, 0.021078735275883446, 0.021078735275883446, 0.021078735275883446, 0.021078735275883446, 0.021078735275883446, 0.021078735275883446, 0.021078735275883446, 0.021078735275883446, 0.021078735275883446, 0.021078735275883446, 0.02169869807811531, 0.02169869807811531, 0.7637941723496591, 0.7737135771853689, 0.7786732796032239, 1.0]",4.0,2.0,2.0,2.0,2.0,20,-27.19747,8.0,12.0,hrl_dqn_apf,hierarchical,dqn,-10.143,7.227,-4.232,0.00,0.00,0.00,-28.264,6.801,-4.259,0.00,0.00,0.00,-18.587,6.382,-14.050,0.00,0.00,0.00,4.078,4.078,4.106
2026-02-04 13:03:22,187.45,15,378,393,3.82%,85.37,2.23%,"[0, 5, 10, 15, 20, 25, 30, 35, 40, 45, 50, 55, 60, 65, 70, 75, 80, 85, 90, 95, 100]","[26, 4, 1, 4, 1, 0, 0, 0, 0, 0, 0, 0, 0, 0, 0, 2, 1197, 8, 14, 356]","[0.016119032858028518, 0.018598884066955982, 0.019218846869187848, 0.02169869807811531, 0.022318660880347178, 0.022318660880347178, 0.022318660880347178, 0.022318660880347178, 0.022318660880347178, 0.022318660880347178, 0.022318660880347178, 0.022318660880347178, 0.022318660880347178, 0.022318660880347178, 0.022318660880347178, 0.023558586484810913, 0.7656540607563547, 0.7706137631742096, 0.7792932424054557, 1.0]",4.0,2.0,2.0,2.0,2.0,22,-15.0375,8.0,12.0,hrl_dqn_apf,hierarchical,dqn,-11.369,7.254,-3.915,0.00,0.00,0.00,-28.265,6.974,-4.783,0.00,0.00,0.00,-20.089,6.388,-14.024,0.00,0.00,0.00,4.077,4.077,4.105
2026-02-04 13:03:23,188.45,16,379,395,4.05%,85.43,2.36%,"[0, 5, 10, 15, 20, 25, 30, 35, 40, 45, 50, 55, 60, 65, 70, 75, 80, 85, 90, 95, 100]","[27, 3, 3, 4, 1, 0, 0, 0, 0, 1, 0, 0, 0, 0, 0, 1, 1191, 14, 13, 355]","[0.016738995660260384, 0.018598884066955982, 0.02045877247365158, 0.022938623682579044, 0.023558586484810913, 0.023558586484810913, 0.023558586484810913, 0.023558586484810913, 0.023558586484810913, 0.02417854928704278, 0.02417854928704278, 0.02417854928704278, 0.02417854928704278, 0.02417854928704278, 0.02417854928704278, 0.024798512089274645, 0.7631742095474272, 0.7718536887786733, 0.7799132052076876, 1.0]",4.0,2.0,2.0,2.0,2.0,22,-15.0375,8.0,12.0,hrl_dqn_apf,hierarchical,dqn,-12.111,7.212,-3.891,0.00,0.00,0.00,-28.265,6.944,-4.211,0.00,0.00,0.00,-20.515,6.417,-13.682,0.00,0.00,0.00,4.200,4.200,4.200
2026-02-04 13:03:24,189.45,17,378,395,4.30%,85.56,2.42%,"[0, 5, 10, 15, 20, 25, 30, 35, 40, 45, 50, 55, 60, 65, 70, 75, 80, 85, 90, 95, 100]","[27, 4, 2, 4, 2, 0, 0, 0, 0, 0, 0, 0, 0, 1, 0, 1, 1191, 10, 15, 356]","[0.016738995660260384, 0.019218846869187848, 0.02045877247365158, 0.022938623682579044, 0.02417854928704278, 0.02417854928704278, 0.02417854928704278, 0.02417854928704278, 0.02417854928704278, 0.02417854928704278, 0.02417854928704278, 0.02417854928704278, 0.02417854928704278, 0.024798512089274645, 0.024798512089274645, 0.02541847489150651, 0.7637941723496591, 0.7699938003719777, 0.7792932424054557, 1.0]",4.0,2.0,2.0,2.0,2.0,22,-15.0375,8.0,12.0,hrl_dqn_apf,hierarchical,dqn,-12.888,7.162,-3.883,0.00,0.00,0.00,-28.265,6.894,-3.483,0.00,0.00,0.00,-20.660,6.375,-13.031,0.00,0.00,0.00,4.200,4.200,4.200
2026-02-04 13:03:25,190.46,18,375,393,4.58%,85.68,2.48%,"[0, 5, 10, 15, 20, 25, 30, 35, 40, 45, 50, 55, 60, 65, 70, 75, 80, 85, 90, 95, 100]","[26, 6, 2, 3, 3, 0, 0, 0, 0, 0, 0, 0, 1, 0, 0, 1, 1191, 8, 15, 357]","[0.016119032858028518, 0.019838809671419714, 0.021078735275883446, 0.022938623682579044, 0.024798512089274645, 0.024798512089274645, 0.024798512089274645, 0.024798512089274645, 0.024798512089274645, 0.024798512089274645, 0.024798512089274645, 0.024798512089274645, 0.02541847489150651, 0.02541847489150651, 0.02541847489150651, 0.026038437693738377, 0.7644141351518909, 0.7693738375697459, 0.7786732796032239, 1.0]",4.0,2.0,2.0,2.0,2.0,22,-15.0375,8.0,12.0,hrl_dqn_apf,hierarchical,dqn,-13.630,7.140,-3.881,0.00,0.00,0.00,-28.264,6.873,-2.754,0.00,0.00,0.00,-20.703,6.354,-12.323,0.00,0.00,0.00,4.200,4.200,4.200
2026-02-04 13:03:26,191.46,20,381,401,4.99%,85.92,2.60%,"[0, 5, 10, 15, 20, 25, 30, 35, 40, 45, 50, 55, 60, 65, 70, 75, 80, 85, 90, 95, 100]","[26, 6, 4, 2, 4, 0, 0, 0, 0, 0, 0, 0, 0, 1, 0, 0, 1191, 9, 12, 358]","[0.016119032858028518, 0.019838809671419714, 0.022318660880347178, 0.023558586484810913, 0.026038437693738377, 0.026038437693738377, 0.026038437693738377, 0.026038437693738377, 0.026038437693738377, 0.026038437693738377, 0.026038437693738377, 0.026038437693738377, 0.026038437693738377, 0.026658400495970243, 0.026658400495970243, 0.026658400495970243, 0.7650340979541228, 0.7706137631742096, 0.778053316800992, 1.0]",4.0,2.0,2.0,2.0,2.0,22,-15.0375,8.0,12.0,hrl_dqn_apf,hierarchical,dqn,-15.153,7.123,-3.880,0.00,0.00,0.00,-28.263,6.855,-1.236,0.00,0.00,0.00,-20.721,6.336,-10.812,0.00,0.00,0.00,4.200,4.200,4.200
2026-02-04 13:03:27,192.46,21,378,399,5.26%,86.00,2.67%,"[0, 5, 10, 15, 20, 25, 30, 35, 40, 45, 50, 55, 60, 65, 70, 75, 80, 85, 90, 95, 100]","[25, 7, 5, 2, 4, 0, 0, 0, 1, 0, 0, 0, 1, 0, 0, 0, 1192, 9, 7, 360]","[0.015499070055796652, 0.019838809671419714, 0.022938623682579044, 0.02417854928704278, 0.026658400495970243, 0.026658400495970243, 0.026658400495970243, 0.026658400495970243, 0.02727836329820211, 0.02727836329820211, 0.02727836329820211, 0.02727836329820211, 0.027898326100433975, 0.027898326100433975, 0.027898326100433975, 0.027898326100433975, 0.7668939863608184, 0.7724736515809052, 0.7768133911965283, 1.0]",4.0,2.0,2.0,2.0,2.0,22,-15.0375,8.0,12.0,hrl_dqn_apf,hierarchical,dqn,-15.916,7.119,-3.880,0.00,0.00,0.00,-28.263,6.851,-0.473,0.00,0.00,0.00,-20.723,6.332,-10.050,0.00,0.00,0.00,4.200,4.200,4.200
2026-02-04 13:03:28,193.46,23,380,403,5.71%,86.11,2.79%,"[0, 5, 10, 15, 20, 25, 30, 35, 40, 45, 50, 55, 60, 65, 70, 75, 80, 85, 90, 95, 100]","[27, 7, 4, 2, 5, 0, 0, 0, 0, 0, 0, 0, 1, 0, 0, 0, 1187, 7, 13, 360]","[0.016738995660260384, 0.021078735275883446, 0.023558586484810913, 0.024798512089274645, 0.027898326100433975, 0.027898326100433975, 0.027898326100433975, 0.027898326100433975, 0.027898326100433975, 0.027898326100433975, 0.027898326100433975, 0.027898326100433975, 0.02851828890266584, 0.02851828890266584, 0.02851828890266584, 0.02851828890266584, 0.7644141351518909, 0.768753874767514, 0.7768133911965283, 1.0]",4.0,2.0,2.0,2.0,2.0,22,-15.0375,8.0,12.0,hrl_dqn_apf,hierarchical,dqn,-16.676,7.115,-3.880,0.00,0.00,0.00,-28.262,6.847,0.288,0.00,0.00,0.00,-20.723,6.328,-9.290,0.00,0.00,0.00,4.200,4.200,4.200
2026-02-04 13:03:29,194.46,0,354,354,0.00%,80.00,0.00%,"[0, 5, 10, 15, 20, 25, 30, 35, 40, 45, 50, 55, 60, 65, 70, 75, 80, 85, 90, 95, 100]","[0, 0, 0, 0, 0, 0, 0, 0, 0, 0, 0, 0, 0, 0, 0, 0, 1613, 0, 0, 0]","[0.0, 0.0, 0.0, 0.0, 0.0, 0.0, 0.0, 0.0, 0.0, 0.0, 0.0, 0.0, 0.0, 0.0, 0.0, 0.0, 1.0, 1.0, 1.0, 1.0]",4.0,2.0,2.0,2.0,2.0,22,-15.0375,8.0,12.0,hrl_dqn_apf,hierarchical,dqn,-18.012,7.109,-3.880,0.00,0.00,0.00,-28.262,6.841,1.623,0.00,0.00,0.00,-20.724,6.322,-7.955,0.00,0.00,0.00,4.200,4.200,4.200
2026-02-04 13:03:30,195.47,0,354,354,0.00%,80.00,0.00%,"[0, 5, 10, 15, 20, 25, 30, 35, 40, 45, 50, 55, 60, 65, 70, 75, 80, 85, 90, 95, 100]","[0, 0, 0, 0, 0, 0, 0, 0, 0, 0, 0, 0, 0, 0, 0, 0, 1613, 0, 0, 0]","[0.0, 0.0, 0.0, 0.0, 0.0, 0.0, 0.0, 0.0, 0.0, 0.0, 0.0, 0.0, 0.0, 0.0, 0.0, 0.0, 1.0, 1.0, 1.0, 1.0]",4.0,2.0,2.0,2.0,2.0,22,-15.0375,8.0,12.0,hrl_dqn_apf,hierarchical,dqn,-18.964,7.106,-3.880,0.00,0.00,0.00,-28.261,6.838,2.574,0.00,0.00,0.00,-20.724,6.318,-7.003,0.00,0.00,0.00,4.200,4.200,4.200
2026-02-04 13:03:31,196.47,0,354,354,0.00%,80.00,0.00%,"[0, 5, 10, 15, 20, 25, 30, 35, 40, 45, 50, 55, 60, 65, 70, 75, 80, 85, 90, 95, 100]","[0, 0, 0, 0, 0, 0, 0, 0, 0, 0, 0, 0, 0, 0, 0, 0, 1613, 0, 0, 0]","[0.0, 0.0, 0.0, 0.0, 0.0, 0.0, 0.0, 0.0, 0.0, 0.0, 0.0, 0.0, 0.0, 0.0, 0.0, 0.0, 1.0, 1.0, 1.0, 1.0]",4.0,2.0,2.0,2.0,2.0,22,-15.0375,8.0,12.0,hrl_dqn_apf,hierarchical,dqn,-19.724,7.103,-3.880,0.00,0.00,0.00,-28.260,6.835,3.335,0.00,0.00,0.00,-20.724,6.315,-6.242,0.00,0.00,0.00,4.200,4.200,4.200
2026-02-04 13:03:32,197.47,0,354,354,0.00%,80.00,0.00%,"[0, 5, 10, 15, 20, 25, 30, 35, 40, 45, 50, 55, 60, 65, 70, 75, 80, 85, 90, 95, 100]","[0, 0, 0, 0, 0, 0, 0, 0, 0, 0, 0, 0, 0, 0, 0, 0, 1613, 0, 0, 0]","[0.0, 0.0, 0.0, 0.0, 0.0, 0.0, 0.0, 0.0, 0.0, 0.0, 0.0, 0.0, 0.0, 0.0, 0.0, 0.0, 1.0, 1.0, 1.0, 1.0]",4.0,2.0,2.0,2.0,2.0,22,-15.0375,8.0,12.0,hrl_dqn_apf,hierarchical,dqn,-20.488,7.100,-3.880,0.00,0.00,0.00,-28.260,6.831,4.098,0.00,0.00,0.00,-20.724,6.312,-5.479,0.00,0.00,0.00,4.200,4.200,4.200
2026-02-04 13:03:33,198.47,2,350,352,0.57%,80.07,0.12%,"[0, 5, 10, 15, 20, 25, 30, 35, 40, 45, 50, 55, 60, 65, 70, 75, 80, 85, 90, 95, 100]","[1, 0, 0, 0, 0, 1, 0, 0, 1, 0, 0, 0, 0, 0, 0, 0, 1610, 0, 0, 0]","[0.0006199628022318661, 0.0006199628022318661, 0.0006199628022318661, 0.0006199628022318661, 0.0006199628022318661, 0.0012399256044637321, 0.0012399256044637321, 0.0012399256044637321, 0.0018598884066955983, 0.0018598884066955983, 0.0018598884066955983, 0.0018598884066955983, 0.0018598884066955983, 0.0018598884066955983, 0.0018598884066955983, 0.0018598884066955983, 1.0, 1.0, 1.0, 1.0]",4.0,2.0,2.0,2.0,2.0,22,-15.0375,8.0,12.0,hrl_dqn_apf,hierarchical,dqn,-21.251,7.097,-3.880,0.00,0.00,0.00,-28.259,6.828,4.861,0.00,0.00,0.00,-20.724,6.309,-4.716,0.00,0.00,0.00,4.200,4.200,4.200
2026-02-04 13:03:34,199.47,4,349,353,1.13%,80.33,0.25%,"[0, 5, 10, 15, 20, 25, 30, 35, 40, 45, 50, 55, 60, 65, 70, 75, 80, 85, 90, 95, 100]","[3, 0, 1, 0, 0, 0, 0, 0, 0, 0, 0, 0, 0, 0, 0, 0, 1609, 0, 0, 0]","[0.0018598884066955983, 0.0018598884066955983, 0.0024798512089274642, 0.0024798512089274642, 0.0024798512089274642, 0.0024798512089274642, 0.0024798512089274642, 0.0024798512089274642, 0.0024798512089274642, 0.0024798512089274642, 0.0024798512089274642, 0.0024798512089274642, 0.0024798512089274642, 0.0024798512089274642, 0.0024798512089274642, 0.0024798512089274642, 1.0, 1.0, 1.0, 1.0]",4.0,2.0,2.0,2.0,2.0,22,-15.0375,8.0,12.0,hrl_dqn_apf,hierarchical,dqn,-22.775,7.082,-3.880,0.00,0.00,0.00,-28.258,6.814,6.385,0.00,0.00,0.00,-20.724,6.294,-3.192,0.00,0.00,0.00,4.200,4.200,4.200
2026-02-04 13:03:35,200.47,5,348,353,1.42%,80.44,0.31%,"[0, 5, 10, 15, 20, 25, 30, 35, 40, 45, 50, 55, 60, 65, 70, 75, 80, 85, 90, 95, 100]","[5, 0, 0, 0, 0, 0, 0, 0, 0, 0, 0, 0, 0, 0, 0, 1, 1607, 0, 0, 0]","[0.0030998140111593306, 0.0030998140111593306, 0.0030998140111593306, 0.0030998140111593306, 0.0030998140111593306, 0.0030998140111593306, 0.0030998140111593306, 0.0030998140111593306, 0.0030998140111593306, 0.0030998140111593306, 0.0030998140111593306, 0.0030998140111593306, 0.0030998140111593306, 0.0030998140111593306, 0.0030998140111593306, 0.0037197768133911966, 1.0, 1.0, 1.0, 1.0]",4.0,2.0,2.0,2.0,2.0,22,-15.0375,8.0,12.0,hrl_dqn_apf,hierarchical,dqn,-23.520,7.016,-3.880,0.00,0.00,0.00,-28.258,6.747,7.131,0.00,0.00,0.00,-20.724,6.228,-2.447,0.00,0.00,0.00,4.200,4.200,4.200
2026-02-04 13:03:36,201.48,6,347,353,1.70%,80.57,0.37%,"[0, 5, 10, 15, 20, 25, 30, 35, 40, 45, 50, 55, 60, 65, 70, 75, 80, 85, 90, 95, 100]","[6, 0, 0, 0, 0, 0, 0, 0, 0, 0, 0, 0, 0, 0, 0, 0, 1607, 0, 0, 0]","[0.0037197768133911966, 0.0037197768133911966, 0.0037197768133911966, 0.0037197768133911966, 0.0037197768133911966, 0.0037197768133911966, 0.0037197768133911966, 0.0037197768133911966, 0.0037197768133911966, 0.0037197768133911966, 0.0037197768133911966, 0.0037197768133911966, 0.0037197768133911966, 0.0037197768133911966, 0.0037197768133911966, 0.0037197768133911966, 1.0, 1.0, 1.0, 1.0]",4.0,2.0,2.0,2.0,2.0,22,-15.0375,8.0,12.0,hrl_dqn_apf,hierarchical,dqn,-24.283,6.985,-3.880,0.00,0.00,0.00,-28.257,6.717,7.894,0.00,0.00,0.00,-20.724,6.198,-1.684,0.00,0.00,0.00,4.200,4.200,4.200
2026-02-04 13:03:37,202.48,8,347,355,2.25%,80.65,0.50%,"[0, 5, 10, 15, 20, 25, 30, 35, 40, 45, 50, 55, 60, 65, 70, 75, 80, 85, 90, 95, 100]","[7, 0, 0, 0, 0, 1, 0, 0, 0, 0, 0, 0, 0, 1, 0, 0, 1604, 0, 0, 0]","[0.0043397396156230625, 0.0043397396156230625, 0.0043397396156230625, 0.0043397396156230625, 0.0043397396156230625, 0.0049597024178549285, 0.0049597024178549285, 0.0049597024178549285, 0.0049597024178549285, 0.0049597024178549285, 0.0049597024178549285, 0.0049597024178549285, 0.0049597024178549285, 0.005579665220086794, 0.005579665220086794, 0.005579665220086794, 1.0, 1.0, 1.0, 1.0]",4.0,2.0,2.0,2.0,2.0,22,-15.0375,8.0,12.0,hrl_dqn_apf,hierarchical,dqn,-25.041,6.971,-3.880,0.00,0.00,0.00,-28.257,6.703,8.651,0.00,0.00,0.00,-20.724,6.184,-0.926,0.00,0.00,0.00,4.200,4.200,4.200
2026-02-04 13:03:38,203.48,9,348,357,2.52%,80.90,0.56%,"[0, 5, 10, 15, 20, 25, 30, 35, 40, 45, 50, 55, 60, 65, 70, 75, 80, 85, 90, 95, 100]","[9, 0, 0, 0, 0, 0, 1, 0, 0, 0, 0, 0, 0, 0, 0, 0, 1261, 342, 0, 0]","[0.005579665220086794, 0.005579665220086794, 0.005579665220086794, 0.005579665220086794, 0.005579665220086794, 0.005579665220086794, 0.006199628022318661, 0.006199628022318661, 0.006199628022318661, 0.006199628022318661, 0.006199628022318661, 0.006199628022318661, 0.006199628022318661, 0.006199628022318661, 0.006199628022318661, 0.006199628022318661, 0.7879727216367018, 1.0, 1.0, 1.0]",4.0,2.0,2.0,2.0,2.0,22,-15.0375,8.0,12.0,hrl_dqn_apf,hierarchical,dqn,-26.582,6.958,-3.880,0.00,0.00,0.00,-28.256,6.690,10.192,0.00,0.00,0.00,-20.724,6.171,0.615,0.00,0.00,0.00,4.200,4.200,4.200
2026-02-04 13:03:39,204.48,10,351,361,2.77%,81.01,0.62%,"[0, 5, 10, 15, 20, 25, 30, 35, 40, 45, 50, 55, 60, 65, 70, 75, 80, 85, 90, 95, 100]","[8, 1, 0, 1, 0, 0, 1, 0, 1, 0, 0, 0, 0, 0, 0, 0, 1261, 340, 0, 0]","[0.0049597024178549285, 0.005579665220086794, 0.005579665220086794, 0.006199628022318661, 0.006199628022318661, 0.006199628022318661, 0.006819590824550527, 0.006819590824550527, 0.007439553626782393, 0.007439553626782393, 0.007439553626782393, 0.007439553626782393, 0.007439553626782393, 0.007439553626782393, 0.007439553626782393, 0.007439553626782393, 0.7892126472411656, 1.0, 1.0, 1.0]",4.0,2.0,2.0,2.0,2.0,22,-15.0375,8.0,12.0,hrl_dqn_apf,hierarchical,dqn,-27.348,6.954,-3.880,0.00,0.00,0.00,-28.255,6.686,10.958,0.00,0.00,0.00,-20.724,6.167,1.381,0.00,0.00,0.00,4.200,4.200,4.200
2026-02-04 13:03:40,205.49,10,355,365,2.74%,81.14,0.62%,"[0, 5, 10, 15, 20, 25, 30, 35, 40, 45, 50, 55, 60, 65, 70, 75, 80, 85, 90, 95, 100]","[7, 3, 0, 0, 0, 0, 3, 0, 0, 0, 0, 0, 0, 0, 0, 0, 1260, 340, 0, 0]","[0.0043397396156230625, 0.006199628022318661, 0.006199628022318661, 0.006199628022318661, 0.006199628022318661, 0.006199628022318661, 0.008059516429014259, 0.008059516429014259, 0.008059516429014259, 0.008059516429014259, 0.008059516429014259, 0.008059516429014259, 0.008059516429014259, 0.008059516429014259, 0.008059516429014259, 0.008059516429014259, 0.7892126472411656, 1.0, 1.0, 1.0]",4.0,2.0,2.0,2.0,2.0,22,-15.0375,8.0,12.0,hrl_dqn_apf,hierarchical,dqn,-28.100,6.951,-3.880,0.00,0.00,0.00,-28.255,6.683,11.710,0.00,0.00,0.00,-20.724,6.164,2.132,0.00,0.00,0.00,4.200,4.200,4.200
2026-02-04 13:03:41,206.49,0,354,354,0.00%,80.00,0.00%,"[0, 5, 10, 15, 20, 25, 30, 35, 40, 45, 50, 55, 60, 65, 70, 75, 80, 85, 90, 95, 100]","[0, 0, 0, 0, 0, 0, 0, 0, 0, 0, 0, 0, 0, 0, 0, 0, 1613, 0, 0, 0]","[0.0, 0.0, 0.0, 0.0, 0.0, 0.0, 0.0, 0.0, 0.0, 0.0, 0.0, 0.0, 0.0, 0.0, 0.0, 0.0, 1.0, 1.0, 1.0, 1.0]",4.0,2.0,2.0,2.0,2.0,22,-15.0375,8.0,12.0,hrl_dqn_apf,hierarchical,dqn,-29.436,6.946,-3.880,0.00,0.00,0.00,-28.254,6.678,13.045,0.00,0.00,0.00,-20.724,6.158,3.467,0.00,0.00,0.00,4.200,4.200,4.200
2026-02-04 13:03:42,207.49,0,354,354,0.00%,80.00,0.00%,"[0, 5, 10, 15, 20, 25, 30, 35, 40, 45, 50, 55, 60, 65, 70, 75, 80, 85, 90, 95, 100]","[0, 0, 0, 0, 0, 0, 0, 0, 0, 0, 0, 0, 0, 0, 0, 0, 1613, 0, 0, 0]","[0.0, 0.0, 0.0, 0.0, 0.0, 0.0, 0.0, 0.0, 0.0, 0.0, 0.0, 0.0, 0.0, 0.0, 0.0, 0.0, 1.0, 1.0, 1.0, 1.0]",4.0,2.0,2.0,2.0,2.0,22,-15.0375,8.0,12.0,hrl_dqn_apf,hierarchical,dqn,-30.368,6.942,-3.880,0.00,0.00,0.00,-28.253,6.674,13.977,0.00,0.00,0.00,-20.724,6.155,4.399,0.00,0.00,0.00,4.200,4.200,4.200
2026-02-04 13:03:43,208.49,0,354,354,0.00%,80.00,0.00%,"[0, 5, 10, 15, 20, 25, 30, 35, 40, 45, 50, 55, 60, 65, 70, 75, 80, 85, 90, 95, 100]","[0, 0, 0, 0, 0, 0, 0, 0, 0, 0, 0, 0, 0, 0, 0, 0, 1613, 0, 0, 0]","[0.0, 0.0, 0.0, 0.0, 0.0, 0.0, 0.0, 0.0, 0.0, 0.0, 0.0, 0.0, 0.0, 0.0, 0.0, 0.0, 1.0, 1.0, 1.0, 1.0]",4.0,2.0,2.0,2.0,2.0,22,-15.0375,8.0,12.0,hrl_dqn_apf,hierarchical,dqn,-31.128,6.939,-3.880,0.00,0.00,0.00,-28.253,6.671,14.738,0.00,0.00,0.00,-20.724,6.152,5.160,0.00,0.00,0.00,4.200,4.200,4.200
2026-02-04 13:03:44,209.50,0,354,354,0.00%,80.00,0.00%,"[0, 5, 10, 15, 20, 25, 30, 35, 40, 45, 50, 55, 60, 65, 70, 75, 80, 85, 90, 95, 100]","[0, 0, 0, 0, 0, 0, 0, 0, 0, 0, 0, 0, 0, 0, 0, 0, 1613, 0, 0, 0]","[0.0, 0.0, 0.0, 0.0, 0.0, 0.0, 0.0, 0.0, 0.0, 0.0, 0.0, 0.0, 0.0, 0.0, 0.0, 0.0, 1.0, 1.0, 1.0, 1.0]",4.0,2.0,2.0,2.0,2.0,22,-15.0375,8.0,12.0,hrl_dqn_apf,hierarchical,dqn,-31.889,6.936,-3.880,0.00,0.00,0.00,-28.252,6.668,15.498,0.00,0.00,0.00,-20.724,6.149,5.920,0.00,0.00,0.00,4.200,4.200,4.200
2026-02-04 13:03:45,210.50,1,351,352,0.28%,80.10,0.06%,"[0, 5, 10, 15, 20, 25, 30, 35, 40, 45, 50, 55, 60, 65, 70, 75, 80, 85, 90, 95, 100]","[0, 0, 0, 0, 1, 0, 0, 0, 1, 0, 1, 0, 0, 0, 0, 0, 1610, 0, 0, 0]","[0.0, 0.0, 0.0, 0.0, 0.0006199628022318661, 0.0006199628022318661, 0.0006199628022318661, 0.0006199628022318661, 0.0012399256044637321, 0.0012399256044637321, 0.0018598884066955983, 0.0018598884066955983, 0.0018598884066955983, 0.0018598884066955983, 0.0018598884066955983, 0.0018598884066955983, 1.0, 1.0, 1.0, 1.0]",4.0,2.0,2.0,2.0,2.0,22,-15.0375,8.0,12.0,hrl_dqn_apf,hierarchical,dqn,-32.652,6.933,-3.880,0.00,0.00,0.00,-28.252,6.665,16.262,0.00,0.00,0.00,-20.724,6.146,6.683,0.00,0.00,0.00,4.200,4.200,4.200
2026-02-04 13:03:46,211.50,2,351,353,0.57%,80.39,0.12%,"[0, 5, 10, 15, 20, 25, 30, 35, 40, 45, 50, 55, 60, 65, 70, 75, 80, 85, 90, 95, 100]","[1, 0, 0, 0, 1, 0, 0, 0, 0, 1, 1, 0, 0, 0, 0, 1, 1608, 0, 0, 0]","[0.0006199628022318661, 0.0006199628022318661, 0.0006199628022318661, 0.0006199628022318661, 0.0012399256044637321, 0.0012399256044637321, 0.0012399256044637321, 0.0012399256044637321, 0.0012399256044637321, 0.0018598884066955983, 0.0024798512089274642, 0.0024798512089274642, 0.0024798512089274642, 0.0024798512089274642, 0.0024798512089274642, 0.0030998140111593306, 1.0, 1.0, 1.0, 1.0]",4.0,2.0,2.0,2.0,2.0,22,-15.0375,8.0,12.0,hrl_dqn_apf,hierarchical,dqn,-34.143,6.872,-3.880,0.00,0.00,0.00,-28.251,6.603,17.753,0.00,0.00,0.00,-20.724,6.084,8.175,0.00,0.00,0.00,4.200,4.200,4.200
