timestamp,elapsed_time,scanned_count,unscanned_count,total_count,scan_ratio,global_avg_entropy,global_scan_ratio,entropy_bins,entropy_hist,entropy_cdf,repulsion_coefficient,entropy_coefficient,distance_coefficient,leader_range_coefficient,direction_retention_coefficient,hl_action,hl_goal_x,hl_goal_y,hl_goal_z,algorithm_type,env_type,control_mode,UAV1_x,UAV1_y,UAV1_z,UAV1_roll,UAV1_pitch,UAV1_yaw,UAV2_x,UAV2_y,UAV2_z,UAV2_roll,UAV2_pitch,UAV2_yaw,UAV3_x,UAV3_y,UAV3_z,UAV3_roll,UAV3_pitch,UAV3_yaw,UAV1_battery_voltage,UAV2_battery_voltage,UAV3_battery_voltage
2026-02-04 13:08:20,1.00,0,354,354,0.00%,80.00,0.00%,"[0, 5, 10, 15, 20, 25, 30, 35, 40, 45, 50, 55, 60, 65, 70, 75, 80, 85, 90, 95, 100]","[0, 0, 0, 0, 0, 0, 0, 0, 0, 0, 0, 0, 0, 0, 0, 0, 1613, 0, 0, 0]","[0.0, 0.0, 0.0, 0.0, 0.0, 0.0, 0.0, 0.0, 0.0, 0.0, 0.0, 0.0, 0.0, 0.0, 0.0, 0.0, 1.0, 1.0, 1.0, 1.0]",4.0,2.0,2.0,2.0,2.0,,,,,hrl_dqn_apf,hierarchical,dqn,-10.000,1.559,-0.758,0.00,0.00,0.00,-14.300,1.561,-0.590,0.00,0.00,0.00,-20.110,1.561,-0.590,0.00,0.00,0.00,4.200,4.200,4.200
2026-02-04 13:08:21,2.02,4,348,352,1.14%,79.98,0.25%,"[0, 5, 10, 15, 20, 25, 30, 35, 40, 45, 50, 55, 60, 65, 70, 75, 80, 85, 90, 95, 100]","[4, 0, 0, 0, 0, 0, 0, 0, 0, 0, 0, 0, 0, 0, 0, 0, 1609, 0, 0, 0]","[0.0024798512089274642, 0.0024798512089274642, 0.0024798512089274642, 0.0024798512089274642, 0.0024798512089274642, 0.0024798512089274642, 0.0024798512089274642, 0.0024798512089274642, 0.0024798512089274642, 0.0024798512089274642, 0.0024798512089274642, 0.0024798512089274642, 0.0024798512089274642, 0.0024798512089274642, 0.0024798512089274642, 0.0024798512089274642, 1.0, 1.0, 1.0, 1.0]",4.0,2.0,2.0,2.0,2.0,,,,,hrl_dqn_apf,hierarchical,dqn,-10.000,1.559,-0.758,0.00,0.00,0.00,-14.300,1.561,-0.590,0.00,0.00,0.00,-20.110,1.561,-0.590,0.00,0.00,0.00,4.200,4.200,4.200
2026-02-04 13:08:22,3.02,4,349,353,1.13%,80.32,0.25%,"[0, 5, 10, 15, 20, 25, 30, 35, 40, 45, 50, 55, 60, 65, 70, 75, 80, 85, 90, 95, 100]","[4, 0, 0, 0, 0, 0, 0, 0, 0, 0, 0, 0, 0, 0, 0, 0, 1609, 0, 0, 0]","[0.0024798512089274642, 0.0024798512089274642, 0.0024798512089274642, 0.0024798512089274642, 0.0024798512089274642, 0.0024798512089274642, 0.0024798512089274642, 0.0024798512089274642, 0.0024798512089274642, 0.0024798512089274642, 0.0024798512089274642, 0.0024798512089274642, 0.0024798512089274642, 0.0024798512089274642, 0.0024798512089274642, 0.0024798512089274642, 1.0, 1.0, 1.0, 1.0]",4.0,2.0,2.0,2.0,2.0,,,,,hrl_dqn_apf,hierarchical,dqn,-10.000,1.559,-0.758,0.00,0.00,0.00,-14.300,1.561,-0.590,0.00,0.00,0.00,-20.110,1.561,-0.590,0.00,0.00,0.00,4.200,4.200,4.200
2026-02-04 13:08:23,4.02,4,349,353,1.13%,80.49,0.25%,"[0, 5, 10, 15, 20, 25, 30, 35, 40, 45, 50, 55, 60, 65, 70, 75, 80, 85, 90, 95, 100]","[4, 0, 0, 0, 0, 0, 0, 0, 0, 0, 0, 0, 0, 0, 0, 0, 1609, 0, 0, 0]","[0.0024798512089274642, 0.0024798512089274642, 0.0024798512089274642, 0.0024798512089274642, 0.0024798512089274642, 0.0024798512089274642, 0.0024798512089274642, 0.0024798512089274642, 0.0024798512089274642, 0.0024798512089274642, 0.0024798512089274642, 0.0024798512089274642, 0.0024798512089274642, 0.0024798512089274642, 0.0024798512089274642, 0.0024798512089274642, 1.0, 1.0, 1.0, 1.0]",4.0,2.0,2.0,2.0,2.0,,,,,hrl_dqn_apf,hierarchical,dqn,-9.958,1.540,-0.759,0.00,0.00,0.00,-14.342,1.543,-0.588,0.00,0.00,0.00,-20.110,1.543,-0.632,0.00,0.00,0.00,4.197,4.197,4.197
2026-02-04 13:08:24,5.03,5,348,353,1.42%,80.60,0.31%,"[0, 5, 10, 15, 20, 25, 30, 35, 40, 45, 50, 55, 60, 65, 70, 75, 80, 85, 90, 95, 100]","[4, 1, 0, 0, 0, 0, 0, 0, 0, 0, 0, 0, 1, 0, 1, 0, 1606, 0, 0, 0]","[0.0024798512089274642, 0.0030998140111593306, 0.0030998140111593306, 0.0030998140111593306, 0.0030998140111593306, 0.0030998140111593306, 0.0030998140111593306, 0.0030998140111593306, 0.0030998140111593306, 0.0030998140111593306, 0.0030998140111593306, 0.0030998140111593306, 0.0037197768133911966, 0.0037197768133911966, 0.0043397396156230625, 0.0043397396156230625, 1.0, 1.0, 1.0, 1.0]",4.0,2.0,2.0,2.0,2.0,23,-11.760660000000001,8.0,12.0,hrl_dqn_apf,hierarchical,dqn,-9.532,1.518,-0.776,0.00,0.00,0.00,-14.770,1.521,-0.572,0.00,0.00,0.00,-20.110,1.521,-1.058,0.00,0.00,0.00,4.194,4.194,4.194
2026-02-04 13:08:25,6.03,8,349,357,2.24%,80.79,0.50%,"[0, 5, 10, 15, 20, 25, 30, 35, 40, 45, 50, 55, 60, 65, 70, 75, 80, 85, 90, 95, 100]","[6, 2, 0, 0, 0, 0, 0, 0, 0, 0, 0, 1, 0, 0, 1, 0, 1261, 342, 0, 0]","[0.0037197768133911966, 0.0049597024178549285, 0.0049597024178549285, 0.0049597024178549285, 0.0049597024178549285, 0.0049597024178549285, 0.0049597024178549285, 0.0049597024178549285, 0.0049597024178549285, 0.0049597024178549285, 0.0049597024178549285, 0.005579665220086794, 0.005579665220086794, 0.005579665220086794, 0.006199628022318661, 0.006199628022318661, 0.7879727216367018, 1.0, 1.0, 1.0]",4.0,2.0,2.0,2.0,2.0,23,-11.760660000000001,8.0,12.0,hrl_dqn_apf,hierarchical,dqn,-8.334,1.902,-0.824,0.00,0.00,0.00,-15.963,1.910,-0.523,0.00,0.00,0.00,-20.110,1.517,-2.138,0.00,0.00,0.00,4.191,4.191,4.191
2026-02-04 13:08:26,7.03,12,345,357,3.36%,80.80,0.74%,"[0, 5, 10, 15, 20, 25, 30, 35, 40, 45, 50, 55, 60, 65, 70, 75, 80, 85, 90, 95, 100]","[8, 3, 0, 0, 1, 0, 0, 0, 0, 0, 0, 0, 0, 0, 0, 0, 1261, 340, 0, 0]","[0.0049597024178549285, 0.006819590824550527, 0.006819590824550527, 0.006819590824550527, 0.007439553626782393, 0.007439553626782393, 0.007439553626782393, 0.007439553626782393, 0.007439553626782393, 0.007439553626782393, 0.007439553626782393, 0.007439553626782393, 0.007439553626782393, 0.007439553626782393, 0.007439553626782393, 0.007439553626782393, 0.7892126472411656, 1.0, 1.0, 1.0]",4.0,2.0,2.0,2.0,2.0,10,-29.6008,8.0,0.0,hrl_dqn_apf,hierarchical,dqn,-8.159,2.311,-0.832,0.00,0.00,0.00,-16.036,2.111,-0.475,0.00,0.00,0.00,-20.218,1.520,-2.707,0.00,0.00,0.00,4.188,4.188,4.188
2026-02-04 13:08:27,8.03,12,349,361,3.32%,80.92,0.74%,"[0, 5, 10, 15, 20, 25, 30, 35, 40, 45, 50, 55, 60, 65, 70, 75, 80, 85, 90, 95, 100]","[10, 2, 0, 0, 0, 0, 1, 0, 0, 0, 0, 0, 0, 0, 0, 0, 1261, 339, 0, 0]","[0.006199628022318661, 0.007439553626782393, 0.007439553626782393, 0.007439553626782393, 0.007439553626782393, 0.007439553626782393, 0.008059516429014259, 0.008059516429014259, 0.008059516429014259, 0.008059516429014259, 0.008059516429014259, 0.008059516429014259, 0.008059516429014259, 0.008059516429014259, 0.008059516429014259, 0.008059516429014259, 0.7898326100433974, 1.0, 1.0, 1.0]",4.0,2.0,2.0,2.0,2.0,18,-11.44049,8.0,6.0,hrl_dqn_apf,hierarchical,dqn,-8.104,2.710,-0.834,0.00,0.00,0.00,-15.611,2.168,-0.278,0.00,0.00,0.00,-20.700,1.490,-3.115,0.00,0.00,0.00,4.185,4.185,4.185
2026-02-04 13:08:28,9.04,14,351,365,3.84%,81.05,0.87%,"[0, 5, 10, 15, 20, 25, 30, 35, 40, 45, 50, 55, 60, 65, 70, 75, 80, 85, 90, 95, 100]","[10, 2, 0, 0, 2, 0, 0, 0, 0, 0, 0, 0, 0, 0, 0, 0, 1260, 339, 0, 0]","[0.006199628022318661, 0.007439553626782393, 0.007439553626782393, 0.007439553626782393, 0.008679479231246125, 0.008679479231246125, 0.008679479231246125, 0.008679479231246125, 0.008679479231246125, 0.008679479231246125, 0.008679479231246125, 0.008679479231246125, 0.008679479231246125, 0.008679479231246125, 0.008679479231246125, 0.008679479231246125, 0.7898326100433974, 1.0, 1.0, 1.0]",4.0,2.0,2.0,2.0,2.0,18,-11.44049,8.0,6.0,hrl_dqn_apf,hierarchical,dqn,-8.087,3.109,-0.835,0.00,0.00,0.00,-15.008,2.284,0.023,0.00,0.00,0.00,-21.320,1.511,-3.479,0.00,0.00,0.00,4.182,4.182,4.182
2026-02-04 13:08:29,10.04,14,351,365,3.84%,81.39,0.87%,"[0, 5, 10, 15, 20, 25, 30, 35, 40, 45, 50, 55, 60, 65, 70, 75, 80, 85, 90, 95, 100]","[9, 4, 0, 0, 0, 1, 0, 0, 0, 0, 0, 0, 0, 0, 0, 0, 1258, 341, 0, 0]","[0.005579665220086794, 0.008059516429014259, 0.008059516429014259, 0.008059516429014259, 0.008059516429014259, 0.008679479231246125, 0.008679479231246125, 0.008679479231246125, 0.008679479231246125, 0.008679479231246125, 0.008679479231246125, 0.008679479231246125, 0.008679479231246125, 0.008679479231246125, 0.008679479231246125, 0.008679479231246125, 0.7885926844389337, 1.0, 1.0, 1.0]",4.0,2.0,2.0,2.0,2.0,5,-29.27991,8.0,-6.0,hrl_dqn_apf,hierarchical,dqn,-8.080,3.902,-0.835,0.00,0.00,0.00,-14.533,3.130,0.273,0.00,0.00,0.00,-21.804,2.373,-3.753,0.00,0.00,0.00,4.179,4.179,4.179
2026-02-04 13:08:30,11.04,14,355,369,3.79%,81.57,0.87%,"[0, 5, 10, 15, 20, 25, 30, 35, 40, 45, 50, 55, 60, 65, 70, 75, 80, 85, 90, 95, 100]","[9, 2, 2, 0, 0, 1, 0, 0, 0, 0, 0, 0, 0, 0, 0, 0, 1256, 7, 336, 0]","[0.005579665220086794, 0.006819590824550527, 0.008059516429014259, 0.008059516429014259, 0.008059516429014259, 0.008679479231246125, 0.008679479231246125, 0.008679479231246125, 0.008679479231246125, 0.008679479231246125, 0.008679479231246125, 0.008679479231246125, 0.008679479231246125, 0.008679479231246125, 0.008679479231246125, 0.008679479231246125, 0.78735275883447, 0.791692498450093, 1.0, 1.0]",4.0,2.0,2.0,2.0,2.0,20,-29.11976,8.0,12.0,hrl_dqn_apf,hierarchical,dqn,-8.080,4.289,-0.835,0.00,0.00,0.00,-14.497,3.520,0.292,0.00,0.00,0.00,-21.840,2.764,-3.774,0.00,0.00,0.00,4.176,4.176,4.176
2026-02-04 13:08:31,12.04,14,355,369,3.79%,81.76,0.87%,"[0, 5, 10, 15, 20, 25, 30, 35, 40, 45, 50, 55, 60, 65, 70, 75, 80, 85, 90, 95, 100]","[7, 4, 2, 0, 0, 1, 0, 0, 0, 0, 0, 0, 0, 0, 0, 0, 1256, 7, 336, 0]","[0.0043397396156230625, 0.006819590824550527, 0.008059516429014259, 0.008059516429014259, 0.008059516429014259, 0.008679479231246125, 0.008679479231246125, 0.008679479231246125, 0.008679479231246125, 0.008679479231246125, 0.008679479231246125, 0.008679479231246125, 0.008679479231246125, 0.008679479231246125, 0.008679479231246125, 0.008679479231246125, 0.78735275883447, 0.791692498450093, 1.0, 1.0]",4.0,2.0,2.0,2.0,2.0,20,-29.11976,8.0,12.0,hrl_dqn_apf,hierarchical,dqn,-8.080,4.704,-0.835,0.00,0.00,0.00,-14.486,3.936,0.299,0.00,0.00,0.00,-21.852,3.181,-3.780,0.00,0.00,0.00,4.173,4.173,4.173
2026-02-04 13:08:32,13.05,14,355,369,3.79%,81.94,0.87%,"[0, 5, 10, 15, 20, 25, 30, 35, 40, 45, 50, 55, 60, 65, 70, 75, 80, 85, 90, 95, 100]","[5, 6, 2, 0, 0, 1, 0, 0, 0, 0, 0, 0, 0, 0, 0, 0, 1252, 11, 336, 0]","[0.0030998140111593306, 0.006819590824550527, 0.008059516429014259, 0.008059516429014259, 0.008059516429014259, 0.008679479231246125, 0.008679479231246125, 0.008679479231246125, 0.008679479231246125, 0.008679479231246125, 0.008679479231246125, 0.008679479231246125, 0.008679479231246125, 0.008679479231246125, 0.008679479231246125, 0.008679479231246125, 0.7848729076255425, 0.791692498450093, 1.0, 1.0]",4.0,2.0,2.0,2.0,2.0,6,-23.03979,8.0,-6.0,hrl_dqn_apf,hierarchical,dqn,-8.080,5.101,-0.835,0.00,0.00,0.00,-14.482,4.334,0.300,0.00,0.00,0.00,-21.856,3.578,-3.782,0.00,0.00,0.00,4.170,4.170,4.170
2026-02-04 13:08:33,14.05,14,359,373,3.75%,82.31,0.87%,"[0, 5, 10, 15, 20, 25, 30, 35, 40, 45, 50, 55, 60, 65, 70, 75, 80, 85, 90, 95, 100]","[4, 7, 2, 0, 0, 1, 0, 0, 0, 0, 0, 0, 0, 0, 0, 0, 1248, 14, 337, 0]","[0.0024798512089274642, 0.006819590824550527, 0.008059516429014259, 0.008059516429014259, 0.008059516429014259, 0.008679479231246125, 0.008679479231246125, 0.008679479231246125, 0.008679479231246125, 0.008679479231246125, 0.008679479231246125, 0.008679479231246125, 0.008679479231246125, 0.008679479231246125, 0.008679479231246125, 0.008679479231246125, 0.782393056416615, 0.7910725356478612, 1.0, 1.0]",4.0,2.0,2.0,2.0,2.0,12,-16.87689,8.0,0.0,hrl_dqn_apf,hierarchical,dqn,-8.080,5.892,-0.835,0.00,0.00,0.00,-14.481,5.125,0.301,0.00,0.00,0.00,-21.857,4.370,-3.783,0.00,0.00,0.00,4.167,4.167,4.167
2026-02-04 13:08:34,15.05,13,360,373,3.49%,82.49,0.81%,"[0, 5, 10, 15, 20, 25, 30, 35, 40, 45, 50, 55, 60, 65, 70, 75, 80, 85, 90, 95, 100]","[4, 5, 4, 0, 0, 0, 1, 0, 0, 0, 0, 0, 0, 0, 0, 0, 1246, 14, 339, 0]","[0.0024798512089274642, 0.005579665220086794, 0.008059516429014259, 0.008059516429014259, 0.008059516429014259, 0.008059516429014259, 0.008679479231246125, 0.008679479231246125, 0.008679479231246125, 0.008679479231246125, 0.008679479231246125, 0.008679479231246125, 0.008679479231246125, 0.008679479231246125, 0.008679479231246125, 0.008679479231246125, 0.7811531308121513, 0.7898326100433974, 1.0, 1.0]",4.0,2.0,2.0,2.0,2.0,12,-16.87689,8.0,0.0,hrl_dqn_apf,hierarchical,dqn,-8.080,6.289,-0.835,0.00,0.00,0.00,-14.481,5.522,0.301,0.00,0.00,0.00,-21.857,4.767,-3.783,0.00,0.00,0.00,4.164,4.164,4.164
2026-02-04 13:08:35,16.05,13,360,373,3.49%,82.67,0.81%,"[0, 5, 10, 15, 20, 25, 30, 35, 40, 45, 50, 55, 60, 65, 70, 75, 80, 85, 90, 95, 100]","[4, 5, 2, 2, 0, 0, 1, 0, 0, 0, 0, 0, 0, 0, 0, 0, 1242, 16, 7, 334]","[0.0024798512089274642, 0.005579665220086794, 0.006819590824550527, 0.008059516429014259, 0.008059516429014259, 0.008059516429014259, 0.008679479231246125, 0.008679479231246125, 0.008679479231246125, 0.008679479231246125, 0.008679479231246125, 0.008679479231246125, 0.008679479231246125, 0.008679479231246125, 0.008679479231246125, 0.008679479231246125, 0.7786732796032239, 0.7885926844389337, 0.7929324240545568, 1.0]",4.0,2.0,2.0,2.0,2.0,19,-4.71697,8.0,6.0,hrl_dqn_apf,hierarchical,dqn,-8.120,6.529,-0.835,0.00,0.00,0.00,-14.481,5.919,0.301,0.00,0.00,0.00,-21.857,5.164,-3.783,0.00,0.00,0.00,4.161,4.161,4.161
2026-02-04 13:08:36,17.06,13,360,373,3.49%,82.85,0.81%,"[0, 5, 10, 15, 20, 25, 30, 35, 40, 45, 50, 55, 60, 65, 70, 75, 80, 85, 90, 95, 100]","[4, 4, 3, 2, 0, 0, 1, 0, 0, 0, 0, 0, 0, 0, 0, 0, 1242, 16, 7, 334]","[0.0024798512089274642, 0.0049597024178549285, 0.006819590824550527, 0.008059516429014259, 0.008059516429014259, 0.008059516429014259, 0.008679479231246125, 0.008679479231246125, 0.008679479231246125, 0.008679479231246125, 0.008679479231246125, 0.008679479231246125, 0.008679479231246125, 0.008679479231246125, 0.008679479231246125, 0.008679479231246125, 0.7786732796032239, 0.7885926844389337, 0.7929324240545568, 1.0]",4.0,2.0,2.0,2.0,2.0,20,-28.55673,8.0,12.0,hrl_dqn_apf,hierarchical,dqn,-8.548,6.541,-0.835,0.00,0.00,0.00,-14.481,6.313,0.301,0.00,0.00,0.00,-21.857,5.559,-3.783,0.00,0.00,0.00,4.158,4.158,4.158
2026-02-04 13:08:37,18.06,13,361,374,3.48%,83.22,0.81%,"[0, 5, 10, 15, 20, 25, 30, 35, 40, 45, 50, 55, 60, 65, 70, 75, 80, 85, 90, 95, 100]","[4, 1, 6, 2, 0, 0, 1, 0, 0, 0, 0, 0, 0, 0, 0, 0, 1242, 10, 12, 335]","[0.0024798512089274642, 0.0030998140111593306, 0.006819590824550527, 0.008059516429014259, 0.008059516429014259, 0.008059516429014259, 0.008679479231246125, 0.008679479231246125, 0.008679479231246125, 0.008679479231246125, 0.008679479231246125, 0.008679479231246125, 0.008679479231246125, 0.008679479231246125, 0.008679479231246125, 0.008679479231246125, 0.7786732796032239, 0.7848729076255425, 0.7923124612523249, 1.0]",4.0,2.0,2.0,2.0,2.0,20,-28.55673,8.0,12.0,hrl_dqn_apf,hierarchical,dqn,-9.516,6.670,-0.835,0.00,0.00,0.00,-14.262,6.751,0.301,0.00,0.00,0.00,-21.857,6.350,-3.783,0.00,0.00,0.00,4.155,4.155,4.155
2026-02-04 13:08:38,19.06,13,363,376,3.46%,83.40,0.81%,"[0, 5, 10, 15, 20, 25, 30, 35, 40, 45, 50, 55, 60, 65, 70, 75, 80, 85, 90, 95, 100]","[4, 1, 6, 2, 0, 0, 1, 0, 0, 0, 0, 0, 0, 0, 0, 0, 1240, 10, 14, 335]","[0.0024798512089274642, 0.0030998140111593306, 0.006819590824550527, 0.008059516429014259, 0.008059516429014259, 0.008059516429014259, 0.008679479231246125, 0.008679479231246125, 0.008679479231246125, 0.008679479231246125, 0.008679479231246125, 0.008679479231246125, 0.008679479231246125, 0.008679479231246125, 0.008679479231246125, 0.008679479231246125, 0.7774333539987601, 0.7836329820210788, 0.7923124612523249, 1.0]",4.0,2.0,2.0,2.0,2.0,14,-4.396380000000001,8.0,0.0,hrl_dqn_apf,hierarchical,dqn,-9.112,6.702,-0.835,0.00,0.00,0.00,-13.676,6.749,0.301,0.00,0.00,0.00,-21.857,6.493,-3.671,0.00,0.00,0.00,4.152,4.152,4.152
2026-02-04 13:08:39,20.06,13,365,378,3.44%,83.58,0.81%,"[0, 5, 10, 15, 20, 25, 30, 35, 40, 45, 50, 55, 60, 65, 70, 75, 80, 85, 90, 95, 100]","[4, 1, 5, 3, 0, 0, 0, 1, 0, 0, 0, 0, 0, 0, 1, 0, 1236, 14, 12, 336]","[0.0024798512089274642, 0.0030998140111593306, 0.006199628022318661, 0.008059516429014259, 0.008059516429014259, 0.008059516429014259, 0.008059516429014259, 0.008679479231246125, 0.008679479231246125, 0.008679479231246125, 0.008679479231246125, 0.008679479231246125, 0.008679479231246125, 0.008679479231246125, 0.009299442033477991, 0.009299442033477991, 0.7755734655920645, 0.7842529448233106, 0.791692498450093, 1.0]",4.0,2.0,2.0,2.0,2.0,12,-16.23622,8.0,0.0,hrl_dqn_apf,hierarchical,dqn,-8.451,6.701,-0.846,0.00,0.00,0.00,-13.079,6.822,0.316,0.00,0.00,0.00,-21.857,6.497,-3.151,0.00,0.00,0.00,4.149,4.149,4.149
2026-02-04 13:08:40,21.07,15,363,378,3.97%,83.66,0.93%,"[0, 5, 10, 15, 20, 25, 30, 35, 40, 45, 50, 55, 60, 65, 70, 75, 80, 85, 90, 95, 100]","[4, 2, 4, 2, 3, 0, 0, 1, 0, 0, 0, 0, 0, 0, 0, 0, 1236, 11, 14, 336]","[0.0024798512089274642, 0.0037197768133911966, 0.006199628022318661, 0.007439553626782393, 0.009299442033477991, 0.009299442033477991, 0.009299442033477991, 0.009919404835709857, 0.009919404835709857, 0.009919404835709857, 0.009919404835709857, 0.009919404835709857, 0.009919404835709857, 0.009919404835709857, 0.009919404835709857, 0.009919404835709857, 0.7761934283942964, 0.7830130192188469, 0.791692498450093, 1.0]",4.0,2.0,2.0,2.0,2.0,12,-16.23622,8.0,0.0,hrl_dqn_apf,hierarchical,dqn,-7.734,6.694,-0.952,0.00,0.00,0.00,-13.228,6.912,0.428,0.00,0.00,0.00,-21.857,6.491,-2.462,0.00,0.00,0.00,4.146,4.146,4.146
2026-02-04 13:08:41,22.07,18,364,382,4.71%,83.84,1.12%,"[0, 5, 10, 15, 20, 25, 30, 35, 40, 45, 50, 55, 60, 65, 70, 75, 80, 85, 90, 95, 100]","[6, 1, 3, 5, 2, 1, 0, 1, 1, 0, 0, 0, 0, 0, 0, 0, 1235, 9, 16, 333]","[0.0037197768133911966, 0.0043397396156230625, 0.006199628022318661, 0.009299442033477991, 0.010539367637941723, 0.011159330440173589, 0.011159330440173589, 0.011779293242405457, 0.012399256044637322, 0.012399256044637322, 0.012399256044637322, 0.012399256044637322, 0.012399256044637322, 0.012399256044637322, 0.012399256044637322, 0.012399256044637322, 0.778053316800992, 0.7836329820210788, 0.7935523868567886, 1.0]",4.0,2.0,2.0,2.0,2.0,16,-22.07595,8.0,6.0,hrl_dqn_apf,hierarchical,dqn,-6.259,6.679,-1.247,0.00,0.00,0.00,-14.486,6.928,0.720,0.00,0.00,0.00,-21.857,6.482,-0.968,0.00,0.00,0.00,4.143,4.143,4.143
2026-02-04 13:08:42,23.07,19,365,384,4.95%,83.94,1.18%,"[0, 5, 10, 15, 20, 25, 30, 35, 40, 45, 50, 55, 60, 65, 70, 75, 80, 85, 90, 95, 100]","[9, 1, 0, 6, 2, 1, 0, 1, 0, 1, 0, 0, 0, 0, 0, 0, 1235, 9, 10, 338]","[0.005579665220086794, 0.006199628022318661, 0.006199628022318661, 0.009919404835709857, 0.011159330440173589, 0.011779293242405457, 0.011779293242405457, 0.012399256044637322, 0.012399256044637322, 0.013019218846869188, 0.013019218846869188, 0.013019218846869188, 0.013019218846869188, 0.013019218846869188, 0.013019218846869188, 0.013019218846869188, 0.7786732796032239, 0.7842529448233106, 0.7904525728456293, 1.0]",4.0,2.0,2.0,2.0,2.0,19,-3.9156999999999993,8.0,6.0,hrl_dqn_apf,hierarchical,dqn,-5.618,6.742,-1.173,0.00,0.00,0.00,-15.231,6.925,0.764,0.00,0.00,0.00,-21.857,6.479,-0.206,0.00,0.00,0.00,4.140,4.140,4.140
2026-02-04 13:08:43,24.07,22,362,384,5.73%,83.99,1.36%,"[0, 5, 10, 15, 20, 25, 30, 35, 40, 45, 50, 55, 60, 65, 70, 75, 80, 85, 90, 95, 100]","[10, 0, 1, 7, 2, 2, 0, 1, 0, 0, 0, 0, 0, 0, 0, 0, 1233, 12, 8, 337]","[0.006199628022318661, 0.006199628022318661, 0.006819590824550527, 0.011159330440173589, 0.012399256044637322, 0.013639181649101054, 0.013639181649101054, 0.01425914445133292, 0.01425914445133292, 0.01425914445133292, 0.01425914445133292, 0.01425914445133292, 0.01425914445133292, 0.01425914445133292, 0.01425914445133292, 0.01425914445133292, 0.7786732796032239, 0.7861128332300062, 0.7910725356478612, 1.0]",4.0,2.0,2.0,2.0,2.0,19,-3.9156999999999993,8.0,6.0,hrl_dqn_apf,hierarchical,dqn,-5.370,6.773,-0.665,0.00,0.00,0.00,-15.929,6.965,0.720,0.00,0.00,0.00,-21.857,6.476,0.554,0.00,0.00,0.00,4.137,4.137,4.137
2026-02-04 13:08:44,25.08,24,362,386,6.22%,84.05,1.49%,"[0, 5, 10, 15, 20, 25, 30, 35, 40, 45, 50, 55, 60, 65, 70, 75, 80, 85, 90, 95, 100]","[12, 2, 1, 5, 3, 1, 0, 1, 0, 0, 0, 0, 0, 0, 0, 0, 1231, 7, 14, 336]","[0.007439553626782393, 0.008679479231246125, 0.009299442033477991, 0.012399256044637322, 0.01425914445133292, 0.014879107253564786, 0.014879107253564786, 0.015499070055796652, 0.015499070055796652, 0.015499070055796652, 0.015499070055796652, 0.015499070055796652, 0.015499070055796652, 0.015499070055796652, 0.015499070055796652, 0.015499070055796652, 0.7786732796032239, 0.7830130192188469, 0.791692498450093, 1.0]",4.0,2.0,2.0,2.0,2.0,1,-21.75565,8.0,-12.0,hrl_dqn_apf,hierarchical,dqn,-5.292,6.773,0.027,0.00,0.00,0.00,-16.242,7.010,0.265,0.00,0.00,0.00,-21.857,6.473,1.317,0.00,0.00,0.00,4.134,4.134,4.134
2026-02-04 13:08:45,26.08,25,363,388,6.44%,84.27,1.55%,"[0, 5, 10, 15, 20, 25, 30, 35, 40, 45, 50, 55, 60, 65, 70, 75, 80, 85, 90, 95, 100]","[15, 3, 1, 1, 3, 2, 1, 0, 1, 0, 0, 0, 0, 0, 0, 0, 1231, 7, 8, 340]","[0.009299442033477991, 0.011159330440173589, 0.011779293242405457, 0.012399256044637322, 0.01425914445133292, 0.015499070055796652, 0.016119032858028518, 0.016119032858028518, 0.016738995660260384, 0.016738995660260384, 0.016738995660260384, 0.016738995660260384, 0.016738995660260384, 0.016738995660260384, 0.016738995660260384, 0.016738995660260384, 0.7799132052076876, 0.7842529448233106, 0.7892126472411656, 1.0]",4.0,2.0,2.0,2.0,2.0,11,-21.59555,8.0,0.0,hrl_dqn_apf,hierarchical,dqn,-5.261,6.767,1.526,0.00,0.00,0.00,-16.371,7.009,-1.146,0.00,0.00,0.00,-21.857,6.617,2.393,0.00,0.00,0.00,4.131,4.131,4.131
2026-02-04 13:08:46,27.08,25,363,388,6.44%,84.40,1.55%,"[0, 5, 10, 15, 20, 25, 30, 35, 40, 45, 50, 55, 60, 65, 70, 75, 80, 85, 90, 95, 100]","[12, 5, 2, 1, 3, 2, 1, 1, 1, 0, 0, 0, 0, 0, 0, 1, 1225, 12, 9, 338]","[0.007439553626782393, 0.010539367637941723, 0.011779293242405457, 0.012399256044637322, 0.01425914445133292, 0.015499070055796652, 0.016119032858028518, 0.016738995660260384, 0.01735895846249225, 0.01735895846249225, 0.01735895846249225, 0.01735895846249225, 0.01735895846249225, 0.01735895846249225, 0.01735895846249225, 0.017978921264724116, 0.7774333539987601, 0.7848729076255425, 0.7904525728456293, 1.0]",4.0,2.0,2.0,2.0,2.0,11,-21.59555,8.0,0.0,hrl_dqn_apf,hierarchical,dqn,-5.377,6.825,2.168,0.00,0.00,0.00,-16.380,7.006,-1.900,0.00,0.00,0.00,-21.857,6.651,1.988,0.00,0.00,0.00,4.128,4.128,4.128
2026-02-04 13:08:47,28.08,27,361,388,6.96%,84.52,1.67%,"[0, 5, 10, 15, 20, 25, 30, 35, 40, 45, 50, 55, 60, 65, 70, 75, 80, 85, 90, 95, 100]","[13, 6, 2, 1, 3, 2, 1, 0, 1, 0, 0, 0, 0, 0, 0, 0, 1223, 14, 9, 338]","[0.008059516429014259, 0.011779293242405457, 0.013019218846869188, 0.013639181649101054, 0.015499070055796652, 0.016738995660260384, 0.01735895846249225, 0.01735895846249225, 0.017978921264724116, 0.017978921264724116, 0.017978921264724116, 0.017978921264724116, 0.017978921264724116, 0.017978921264724116, 0.017978921264724116, 0.017978921264724116, 0.7761934283942964, 0.7848729076255425, 0.7904525728456293, 1.0]",4.0,2.0,2.0,2.0,2.0,13,-9.4352,8.0,0.0,hrl_dqn_apf,hierarchical,dqn,-5.891,6.854,2.415,0.00,0.00,0.00,-16.383,7.003,-2.650,0.00,0.00,0.00,-21.857,6.651,1.336,0.00,0.00,0.00,4.125,4.125,4.125
2026-02-04 13:08:48,29.08,27,363,390,6.92%,84.65,1.67%,"[0, 5, 10, 15, 20, 25, 30, 35, 40, 45, 50, 55, 60, 65, 70, 75, 80, 85, 90, 95, 100]","[10, 9, 1, 1, 4, 2, 1, 0, 1, 0, 0, 2, 0, 0, 0, 0, 1223, 14, 9, 336]","[0.006199628022318661, 0.011779293242405457, 0.012399256044637322, 0.013019218846869188, 0.015499070055796652, 0.016738995660260384, 0.01735895846249225, 0.01735895846249225, 0.017978921264724116, 0.017978921264724116, 0.017978921264724116, 0.019218846869187848, 0.019218846869187848, 0.019218846869187848, 0.019218846869187848, 0.019218846869187848, 0.7774333539987601, 0.7861128332300062, 0.791692498450093, 1.0]",4.0,2.0,2.0,2.0,2.0,13,-9.35528,8.0,0.0,hrl_dqn_apf,hierarchical,dqn,-6.566,6.854,2.492,0.00,0.00,0.00,-16.372,7.015,-3.381,0.00,0.00,0.00,-21.857,6.648,0.621,0.00,0.00,0.00,4.122,4.122,4.122
2026-02-04 13:08:49,30.09,29,361,390,7.44%,84.95,1.80%,"[0, 5, 10, 15, 20, 25, 30, 35, 40, 45, 50, 55, 60, 65, 70, 75, 80, 85, 90, 95, 100]","[12, 7, 3, 1, 2, 4, 1, 0, 0, 1, 0, 0, 0, 0, 0, 0, 1217, 16, 7, 342]","[0.007439553626782393, 0.011779293242405457, 0.013639181649101054, 0.01425914445133292, 0.015499070055796652, 0.017978921264724116, 0.018598884066955982, 0.018598884066955982, 0.018598884066955982, 0.019218846869187848, 0.019218846869187848, 0.019218846869187848, 0.019218846869187848, 0.019218846869187848, 0.019218846869187848, 0.019218846869187848, 0.7737135771853689, 0.7836329820210788, 0.7879727216367018, 1.0]",4.0,2.0,2.0,2.0,2.0,11,-21.195259999999998,8.0,0.0,hrl_dqn_apf,hierarchical,dqn,-7.612,6.871,2.521,0.00,0.00,0.00,-15.375,7.089,-3.923,0.00,0.00,0.00,-21.638,6.717,-0.677,0.00,0.00,0.00,4.119,4.119,4.119
2026-02-04 13:08:50,31.09,28,363,391,7.16%,85.05,1.74%,"[0, 5, 10, 15, 20, 25, 30, 35, 40, 45, 50, 55, 60, 65, 70, 75, 80, 85, 90, 95, 100]","[10, 9, 3, 2, 1, 3, 2, 1, 1, 1, 0, 0, 0, 0, 0, 0, 1217, 16, 7, 340]","[0.006199628022318661, 0.011779293242405457, 0.013639181649101054, 0.014879107253564786, 0.015499070055796652, 0.01735895846249225, 0.018598884066955982, 0.019218846869187848, 0.019838809671419714, 0.02045877247365158, 0.02045877247365158, 0.02045877247365158, 0.02045877247365158, 0.02045877247365158, 0.02045877247365158, 0.02045877247365158, 0.7749535027898327, 0.7848729076255425, 0.7892126472411656, 1.0]",4.0,2.0,2.0,2.0,2.0,18,-9.19505,8.0,6.0,hrl_dqn_apf,hierarchical,dqn,-8.213,6.924,2.641,0.00,0.00,0.00,-14.645,7.087,-3.964,0.00,0.00,0.00,-21.166,6.794,-0.743,0.00,0.00,0.00,4.116,4.116,4.116
2026-02-04 13:08:51,32.09,29,362,391,7.42%,85.15,1.80%,"[0, 5, 10, 15, 20, 25, 30, 35, 40, 45, 50, 55, 60, 65, 70, 75, 80, 85, 90, 95, 100]","[11, 8, 4, 2, 1, 3, 2, 2, 0, 1, 0, 0, 0, 0, 0, 0, 1217, 10, 12, 340]","[0.006819590824550527, 0.011779293242405457, 0.01425914445133292, 0.015499070055796652, 0.016119032858028518, 0.017978921264724116, 0.019218846869187848, 0.02045877247365158, 0.02045877247365158, 0.021078735275883446, 0.021078735275883446, 0.021078735275883446, 0.021078735275883446, 0.021078735275883446, 0.021078735275883446, 0.021078735275883446, 0.7755734655920645, 0.7817730936143832, 0.7892126472411656, 1.0]",4.0,2.0,2.0,2.0,2.0,18,-9.19505,8.0,6.0,hrl_dqn_apf,hierarchical,dqn,-8.450,6.951,3.163,0.00,0.00,0.00,-14.010,7.166,-3.977,0.00,0.00,0.00,-20.966,6.825,-0.276,0.00,0.00,0.00,4.113,4.113,4.113
2026-02-04 13:08:52,33.09,31,362,393,7.89%,85.27,1.92%,"[0, 5, 10, 15, 20, 25, 30, 35, 40, 45, 50, 55, 60, 65, 70, 75, 80, 85, 90, 95, 100]","[10, 9, 5, 3, 1, 3, 2, 1, 0, 1, 0, 0, 0, 0, 0, 0, 1217, 8, 14, 339]","[0.006199628022318661, 0.011779293242405457, 0.014879107253564786, 0.016738995660260384, 0.01735895846249225, 0.019218846869187848, 0.02045877247365158, 0.021078735275883446, 0.021078735275883446, 0.02169869807811531, 0.02169869807811531, 0.02169869807811531, 0.02169869807811531, 0.02169869807811531, 0.02169869807811531, 0.02169869807811531, 0.7761934283942964, 0.7811531308121513, 0.7898326100433974, 1.0]",4.0,2.0,2.0,2.0,2.0,0,-27.03511,8.0,-12.0,hrl_dqn_apf,hierarchical,dqn,-8.524,6.951,3.856,0.00,0.00,0.00,-14.158,7.258,-3.981,0.00,0.00,0.00,-20.903,6.825,0.402,0.00,0.00,0.00,4.113,4.113,4.113
2026-02-04 13:08:53,34.10,32,363,395,8.10%,85.53,1.98%,"[0, 5, 10, 15, 20, 25, 30, 35, 40, 45, 50, 55, 60, 65, 70, 75, 80, 85, 90, 95, 100]","[10, 8, 8, 1, 1, 4, 2, 1, 0, 1, 0, 0, 0, 0, 0, 0, 1212, 11, 16, 338]","[0.006199628022318661, 0.011159330440173589, 0.016119032858028518, 0.016738995660260384, 0.01735895846249225, 0.019838809671419714, 0.021078735275883446, 0.02169869807811531, 0.02169869807811531, 0.022318660880347178, 0.022318660880347178, 0.022318660880347178, 0.022318660880347178, 0.022318660880347178, 0.022318660880347178, 0.022318660880347178, 0.7737135771853689, 0.7805331680099195, 0.7904525728456293, 1.0]",4.0,2.0,2.0,2.0,2.0,0,-27.03511,8.0,-12.0,hrl_dqn_apf,hierarchical,dqn,-8.557,6.880,5.360,0.00,0.00,0.00,-15.448,7.201,-3.982,0.00,0.00,0.00,-20.876,6.753,1.895,0.00,0.00,0.00,4.200,4.200,4.200
2026-02-04 13:08:54,35.10,31,362,393,7.89%,85.63,1.92%,"[0, 5, 10, 15, 20, 25, 30, 35, 40, 45, 50, 55, 60, 65, 70, 75, 80, 85, 90, 95, 100]","[11, 7, 8, 2, 1, 2, 5, 1, 0, 0, 1, 0, 0, 0, 0, 0, 1211, 9, 16, 339]","[0.006819590824550527, 0.011159330440173589, 0.016119032858028518, 0.01735895846249225, 0.017978921264724116, 0.019218846869187848, 0.022318660880347178, 0.022938623682579044, 0.022938623682579044, 0.022938623682579044, 0.023558586484810913, 0.023558586484810913, 0.023558586484810913, 0.023558586484810913, 0.023558586484810913, 0.023558586484810913, 0.7743335399876008, 0.7799132052076876, 0.7898326100433974, 1.0]",4.0,2.0,2.0,2.0,2.0,0,-27.03511,8.0,-12.0,hrl_dqn_apf,hierarchical,dqn,-8.561,6.851,5.917,0.00,0.00,0.00,-16.197,7.165,-3.982,0.00,0.00,0.00,-20.874,6.719,2.656,0.00,0.00,0.00,4.200,4.200,4.200
2026-02-04 13:08:55,36.10,32,367,399,8.02%,85.76,1.98%,"[0, 5, 10, 15, 20, 25, 30, 35, 40, 45, 50, 55, 60, 65, 70, 75, 80, 85, 90, 95, 100]","[10, 7, 9, 3, 1, 2, 2, 2, 1, 0, 1, 0, 0, 0, 0, 2, 1210, 10, 16, 337]","[0.006199628022318661, 0.010539367637941723, 0.016119032858028518, 0.017978921264724116, 0.018598884066955982, 0.019838809671419714, 0.021078735275883446, 0.022318660880347178, 0.022938623682579044, 0.022938623682579044, 0.023558586484810913, 0.023558586484810913, 0.023558586484810913, 0.023558586484810913, 0.023558586484810913, 0.024798512089274645, 0.7749535027898327, 0.7811531308121513, 0.7910725356478612, 1.0]",4.0,2.0,2.0,2.0,2.0,0,-27.03511,8.0,-12.0,hrl_dqn_apf,hierarchical,dqn,-8.562,6.850,6.442,0.00,0.00,0.00,-16.954,7.149,-3.982,0.00,0.00,0.00,-20.874,6.703,3.416,0.00,0.00,0.00,4.200,4.200,4.200
2026-02-04 13:08:56,37.10,33,368,401,8.23%,85.78,2.05%,"[0, 5, 10, 15, 20, 25, 30, 35, 40, 45, 50, 55, 60, 65, 70, 75, 80, 85, 90, 95, 100]","[10, 8, 8, 4, 2, 1, 4, 2, 1, 0, 1, 0, 0, 0, 0, 0, 1211, 10, 12, 339]","[0.006199628022318661, 0.011159330440173589, 0.016119032858028518, 0.018598884066955982, 0.019838809671419714, 0.02045877247365158, 0.022938623682579044, 0.02417854928704278, 0.024798512089274645, 0.024798512089274645, 0.02541847489150651, 0.02541847489150651, 0.02541847489150651, 0.02541847489150651, 0.02541847489150651, 0.02541847489150651, 0.7761934283942964, 0.782393056416615, 0.7898326100433974, 1.0]",4.0,2.0,2.0,2.0,2.0,0,-27.03511,8.0,-12.0,hrl_dqn_apf,hierarchical,dqn,-8.562,6.844,7.136,0.00,0.00,0.00,-17.716,7.140,-3.982,0.00,0.00,0.00,-20.873,6.695,4.179,0.00,0.00,0.00,4.200,4.200,4.200
2026-02-04 13:08:57,38.11,36,367,403,8.93%,85.95,2.23%,"[0, 5, 10, 15, 20, 25, 30, 35, 40, 45, 50, 55, 60, 65, 70, 75, 80, 85, 90, 95, 100]","[10, 9, 8, 6, 3, 0, 4, 2, 1, 0, 1, 0, 0, 0, 0, 0, 1207, 8, 15, 339]","[0.006199628022318661, 0.011779293242405457, 0.016738995660260384, 0.02045877247365158, 0.022318660880347178, 0.022318660880347178, 0.024798512089274645, 0.026038437693738377, 0.026658400495970243, 0.026658400495970243, 0.02727836329820211, 0.02727836329820211, 0.02727836329820211, 0.02727836329820211, 0.02727836329820211, 0.02727836329820211, 0.7755734655920645, 0.7805331680099195, 0.7898326100433974, 1.0]",4.0,2.0,2.0,2.0,2.0,0,-27.03511,8.0,-12.0,hrl_dqn_apf,hierarchical,dqn,-8.561,6.835,8.660,0.00,0.00,0.00,-19.256,7.130,-3.982,0.00,0.00,0.00,-20.873,6.685,5.720,0.00,0.00,0.00,4.200,4.200,4.200
2026-02-04 13:08:58,39.11,38,367,405,9.38%,85.99,2.36%,"[0, 5, 10, 15, 20, 25, 30, 35, 40, 45, 50, 55, 60, 65, 70, 75, 80, 85, 90, 95, 100]","[11, 8, 9, 8, 1, 1, 4, 2, 1, 0, 0, 1, 0, 0, 0, 0, 1208, 7, 13, 339]","[0.006819590824550527, 0.011779293242405457, 0.01735895846249225, 0.022318660880347178, 0.022938623682579044, 0.023558586484810913, 0.026038437693738377, 0.02727836329820211, 0.027898326100433975, 0.027898326100433975, 0.027898326100433975, 0.02851828890266584, 0.02851828890266584, 0.02851828890266584, 0.02851828890266584, 0.02851828890266584, 0.7774333539987601, 0.7817730936143832, 0.7898326100433974, 1.0]",4.0,2.0,2.0,2.0,2.0,0,-27.03511,8.0,-12.0,hrl_dqn_apf,hierarchical,dqn,-8.561,6.832,9.422,0.00,0.00,0.00,-20.020,7.127,-3.982,0.00,0.00,0.00,-20.873,6.682,6.483,0.00,0.00,0.00,4.200,4.200,4.200
2026-02-04 13:08:59,40.11,39,366,405,9.63%,86.10,2.42%,"[0, 5, 10, 15, 20, 25, 30, 35, 40, 45, 50, 55, 60, 65, 70, 75, 80, 85, 90, 95, 100]","[10, 11, 7, 9, 1, 1, 4, 3, 1, 0, 0, 0, 0, 0, 0, 0, 1208, 7, 9, 342]","[0.006199628022318661, 0.013019218846869188, 0.01735895846249225, 0.022938623682579044, 0.023558586484810913, 0.02417854928704278, 0.026658400495970243, 0.02851828890266584, 0.029138251704897707, 0.029138251704897707, 0.029138251704897707, 0.029138251704897707, 0.029138251704897707, 0.029138251704897707, 0.029138251704897707, 0.029138251704897707, 0.778053316800992, 0.782393056416615, 0.7879727216367018, 1.0]",4.0,2.0,2.0,2.0,2.0,0,-27.03511,8.0,-12.0,hrl_dqn_apf,hierarchical,dqn,-8.561,6.829,10.156,0.00,0.00,0.00,-20.754,7.124,-3.981,0.00,0.00,0.00,-20.873,6.679,7.218,0.00,0.00,0.00,4.200,4.200,4.200
2026-02-04 13:09:00,41.11,0,354,354,0.00%,80.00,0.00%,"[0, 5, 10, 15, 20, 25, 30, 35, 40, 45, 50, 55, 60, 65, 70, 75, 80, 85, 90, 95, 100]","[0, 0, 0, 0, 0, 0, 0, 0, 0, 0, 0, 0, 0, 0, 0, 0, 1613, 0, 0, 0]","[0.0, 0.0, 0.0, 0.0, 0.0, 0.0, 0.0, 0.0, 0.0, 0.0, 0.0, 0.0, 0.0, 0.0, 0.0, 0.0, 1.0, 1.0, 1.0, 1.0]",4.0,2.0,2.0,2.0,2.0,0,-27.03511,8.0,-12.0,hrl_dqn_apf,hierarchical,dqn,-8.561,6.823,11.680,0.00,0.00,0.00,-22.278,7.118,-3.981,0.00,0.00,0.00,-20.873,6.673,8.742,0.00,0.00,0.00,4.200,4.200,4.200
2026-02-04 13:09:01,42.12,0,354,354,0.00%,80.00,0.00%,"[0, 5, 10, 15, 20, 25, 30, 35, 40, 45, 50, 55, 60, 65, 70, 75, 80, 85, 90, 95, 100]","[0, 0, 0, 0, 0, 0, 0, 0, 0, 0, 0, 0, 0, 0, 0, 0, 1613, 0, 0, 0]","[0.0, 0.0, 0.0, 0.0, 0.0, 0.0, 0.0, 0.0, 0.0, 0.0, 0.0, 0.0, 0.0, 0.0, 0.0, 0.0, 1.0, 1.0, 1.0, 1.0]",4.0,2.0,2.0,2.0,2.0,0,-27.03511,8.0,-12.0,hrl_dqn_apf,hierarchical,dqn,-8.561,6.820,12.440,0.00,0.00,0.00,-23.039,7.115,-3.981,0.00,0.00,0.00,-20.873,6.670,9.502,0.00,0.00,0.00,4.200,4.200,4.200
2026-02-04 13:09:02,43.12,0,354,354,0.00%,80.00,0.00%,"[0, 5, 10, 15, 20, 25, 30, 35, 40, 45, 50, 55, 60, 65, 70, 75, 80, 85, 90, 95, 100]","[0, 0, 0, 0, 0, 0, 0, 0, 0, 0, 0, 0, 0, 0, 0, 0, 1613, 0, 0, 0]","[0.0, 0.0, 0.0, 0.0, 0.0, 0.0, 0.0, 0.0, 0.0, 0.0, 0.0, 0.0, 0.0, 0.0, 0.0, 0.0, 1.0, 1.0, 1.0, 1.0]",4.0,2.0,2.0,2.0,2.0,0,-27.03511,8.0,-12.0,hrl_dqn_apf,hierarchical,dqn,-8.561,6.817,13.200,0.00,0.00,0.00,-23.799,7.112,-3.981,0.00,0.00,0.00,-20.873,6.667,10.263,0.00,0.00,0.00,4.200,4.200,4.200
2026-02-04 13:09:03,44.12,2,350,352,0.57%,79.98,0.19%,"[0, 5, 10, 15, 20, 25, 30, 35, 40, 45, 50, 55, 60, 65, 70, 75, 80, 85, 90, 95, 100]","[2, 0, 1, 0, 0, 0, 0, 0, 1, 1, 0, 0, 0, 1, 0, 0, 1607, 0, 0, 0]","[0.0012399256044637321, 0.0012399256044637321, 0.0018598884066955983, 0.0018598884066955983, 0.0018598884066955983, 0.0018598884066955983, 0.0018598884066955983, 0.0018598884066955983, 0.0024798512089274642, 0.0030998140111593306, 0.0030998140111593306, 0.0030998140111593306, 0.0030998140111593306, 0.0037197768133911966, 0.0037197768133911966, 0.0037197768133911966, 1.0, 1.0, 1.0, 1.0]",4.0,2.0,2.0,2.0,2.0,0,-27.03511,8.0,-12.0,hrl_dqn_apf,hierarchical,dqn,-8.561,6.814,13.964,0.00,0.00,0.00,-24.563,7.109,-3.981,0.00,0.00,0.00,-20.873,6.664,11.026,0.00,0.00,0.00,4.200,4.200,4.200
2026-02-04 13:09:04,45.12,3,349,352,0.85%,80.06,0.31%,"[0, 5, 10, 15, 20, 25, 30, 35, 40, 45, 50, 55, 60, 65, 70, 75, 80, 85, 90, 95, 100]","[3, 0, 1, 0, 1, 0, 0, 1, 0, 1, 0, 0, 0, 1, 0, 0, 1605, 0, 0, 0]","[0.0018598884066955983, 0.0018598884066955983, 0.0024798512089274642, 0.0024798512089274642, 0.0030998140111593306, 0.0030998140111593306, 0.0030998140111593306, 0.0037197768133911966, 0.0037197768133911966, 0.0043397396156230625, 0.0043397396156230625, 0.0043397396156230625, 0.0043397396156230625, 0.0049597024178549285, 0.0049597024178549285, 0.0049597024178549285, 1.0, 1.0, 1.0, 1.0]",4.0,2.0,2.0,2.0,2.0,0,-27.03511,8.0,-12.0,hrl_dqn_apf,hierarchical,dqn,-8.561,6.810,14.727,0.00,0.00,0.00,-25.326,7.105,-3.981,0.00,0.00,0.00,-20.873,6.661,11.789,0.00,0.00,0.00,4.200,4.200,4.200
2026-02-04 13:09:05,46.12,5,348,353,1.42%,80.25,0.50%,"[0, 5, 10, 15, 20, 25, 30, 35, 40, 45, 50, 55, 60, 65, 70, 75, 80, 85, 90, 95, 100]","[6, 0, 1, 1, 0, 0, 0, 0, 0, 1, 1, 1, 0, 0, 1, 0, 1601, 0, 0, 0]","[0.0037197768133911966, 0.0037197768133911966, 0.0043397396156230625, 0.0049597024178549285, 0.0049597024178549285, 0.0049597024178549285, 0.0049597024178549285, 0.0049597024178549285, 0.0049597024178549285, 0.005579665220086794, 0.006199628022318661, 0.006819590824550527, 0.006819590824550527, 0.006819590824550527, 0.007439553626782393, 0.007439553626782393, 1.0, 1.0, 1.0, 1.0]",4.0,2.0,2.0,2.0,2.0,0,-27.03511,8.0,-12.0,hrl_dqn_apf,hierarchical,dqn,-8.561,6.719,16.236,0.00,0.00,0.00,-26.835,7.013,-3.980,0.00,0.00,0.00,-20.873,6.569,13.298,0.00,0.00,0.00,4.200,4.200,4.200
2026-02-04 13:09:06,47.13,5,348,353,1.42%,80.35,0.56%,"[0, 5, 10, 15, 20, 25, 30, 35, 40, 45, 50, 55, 60, 65, 70, 75, 80, 85, 90, 95, 100]","[8, 0, 1, 0, 0, 0, 0, 1, 0, 2, 0, 0, 0, 0, 1, 0, 1600, 0, 0, 0]","[0.0049597024178549285, 0.0049597024178549285, 0.005579665220086794, 0.005579665220086794, 0.005579665220086794, 0.005579665220086794, 0.005579665220086794, 0.006199628022318661, 0.006199628022318661, 0.007439553626782393, 0.007439553626782393, 0.007439553626782393, 0.007439553626782393, 0.007439553626782393, 0.008059516429014259, 0.008059516429014259, 1.0, 1.0, 1.0, 1.0]",4.0,2.0,2.0,2.0,2.0,0,-27.03511,8.0,-12.0,hrl_dqn_apf,hierarchical,dqn,-8.561,6.697,17.002,0.00,0.00,0.00,-27.600,6.991,-3.980,0.00,0.00,0.00,-20.873,6.547,14.064,0.00,0.00,0.00,4.200,4.200,4.200
2026-02-04 13:09:07,48.13,6,349,355,1.69%,80.47,0.62%,"[0, 5, 10, 15, 20, 25, 30, 35, 40, 45, 50, 55, 60, 65, 70, 75, 80, 85, 90, 95, 100]","[9, 0, 1, 0, 0, 0, 1, 0, 0, 2, 0, 0, 0, 0, 1, 0, 1599, 0, 0, 0]","[0.005579665220086794, 0.005579665220086794, 0.006199628022318661, 0.006199628022318661, 0.006199628022318661, 0.006199628022318661, 0.006819590824550527, 0.006819590824550527, 0.006819590824550527, 0.008059516429014259, 0.008059516429014259, 0.008059516429014259, 0.008059516429014259, 0.008059516429014259, 0.008679479231246125, 0.008679479231246125, 1.0, 1.0, 1.0, 1.0]",4.0,2.0,2.0,2.0,2.0,0,-27.03511,8.0,-12.0,hrl_dqn_apf,hierarchical,dqn,-8.561,6.686,17.762,0.00,0.00,0.00,-28.361,6.980,-3.980,0.00,0.00,0.00,-20.873,6.536,14.824,0.00,0.00,0.00,4.200,4.200,4.200
2026-02-04 13:09:08,49.13,6,351,357,1.68%,80.58,0.74%,"[0, 5, 10, 15, 20, 25, 30, 35, 40, 45, 50, 55, 60, 65, 70, 75, 80, 85, 90, 95, 100]","[10, 0, 1, 0, 0, 1, 0, 0, 0, 2, 0, 0, 1, 0, 2, 0, 1253, 343, 0, 0]","[0.006199628022318661, 0.006199628022318661, 0.006819590824550527, 0.006819590824550527, 0.006819590824550527, 0.007439553626782393, 0.007439553626782393, 0.007439553626782393, 0.007439553626782393, 0.008679479231246125, 0.008679479231246125, 0.008679479231246125, 0.009299442033477991, 0.009299442033477991, 0.010539367637941723, 0.010539367637941723, 0.78735275883447, 1.0, 1.0, 1.0]",4.0,2.0,2.0,2.0,2.0,0,-27.03511,8.0,-12.0,hrl_dqn_apf,hierarchical,dqn,-8.561,6.679,18.523,0.00,0.00,0.00,-29.122,6.974,-3.980,0.00,0.00,0.00,-20.873,6.529,15.585,0.00,0.00,0.00,4.200,4.200,4.200
2026-02-04 13:09:09,50.13,6,355,361,1.66%,80.79,0.87%,"[0, 5, 10, 15, 20, 25, 30, 35, 40, 45, 50, 55, 60, 65, 70, 75, 80, 85, 90, 95, 100]","[11, 2, 1, 0, 0, 0, 0, 0, 1, 1, 2, 0, 0, 0, 1, 0, 1251, 343, 0, 0]","[0.006819590824550527, 0.008059516429014259, 0.008679479231246125, 0.008679479231246125, 0.008679479231246125, 0.008679479231246125, 0.008679479231246125, 0.008679479231246125, 0.009299442033477991, 0.009919404835709857, 0.011159330440173589, 0.011159330440173589, 0.011159330440173589, 0.011159330440173589, 0.011779293242405457, 0.011779293242405457, 0.78735275883447, 1.0, 1.0, 1.0]",4.0,2.0,2.0,2.0,2.0,0,-27.03511,8.0,-12.0,hrl_dqn_apf,hierarchical,dqn,-8.561,6.671,20.047,0.00,0.00,0.00,-30.645,6.966,-3.980,0.00,0.00,0.00,-20.873,6.521,17.108,0.00,0.00,0.00,4.200,4.200,4.200
2026-02-04 13:09:10,51.14,6,359,365,1.64%,80.91,0.93%,"[0, 5, 10, 15, 20, 25, 30, 35, 40, 45, 50, 55, 60, 65, 70, 75, 80, 85, 90, 95, 100]","[10, 4, 1, 0, 0, 0, 0, 1, 1, 0, 2, 0, 0, 0, 1, 1, 1248, 344, 0, 0]","[0.006199628022318661, 0.008679479231246125, 0.009299442033477991, 0.009299442033477991, 0.009299442033477991, 0.009299442033477991, 0.009299442033477991, 0.009919404835709857, 0.010539367637941723, 0.010539367637941723, 0.011779293242405457, 0.011779293242405457, 0.011779293242405457, 0.011779293242405457, 0.012399256044637322, 0.013019218846869188, 0.7867327960322381, 1.0, 1.0, 1.0]",4.0,2.0,2.0,2.0,2.0,0,-27.03511,8.0,-12.0,hrl_dqn_apf,hierarchical,dqn,-8.561,6.668,20.810,0.00,0.00,0.00,-31.409,6.963,-3.980,0.00,0.00,0.00,-20.873,6.518,17.872,0.00,0.00,0.00,4.200,4.200,4.200
2026-02-04 13:09:11,52.14,0,354,354,0.00%,80.00,0.00%,"[0, 5, 10, 15, 20, 25, 30, 35, 40, 45, 50, 55, 60, 65, 70, 75, 80, 85, 90, 95, 100]","[0, 0, 0, 0, 0, 0, 0, 0, 0, 0, 0, 0, 0, 0, 0, 0, 1613, 0, 0, 0]","[0.0, 0.0, 0.0, 0.0, 0.0, 0.0, 0.0, 0.0, 0.0, 0.0, 0.0, 0.0, 0.0, 0.0, 0.0, 0.0, 1.0, 1.0, 1.0, 1.0]",4.0,2.0,2.0,2.0,2.0,0,-27.03511,8.0,-12.0,hrl_dqn_apf,hierarchical,dqn,-8.561,6.665,21.591,0.00,0.00,0.00,-32.189,6.960,-3.980,0.00,0.00,0.00,-20.873,6.515,18.652,0.00,0.00,0.00,4.200,4.200,4.200
2026-02-04 13:09:12,53.14,0,354,354,0.00%,80.00,0.00%,"[0, 5, 10, 15, 20, 25, 30, 35, 40, 45, 50, 55, 60, 65, 70, 75, 80, 85, 90, 95, 100]","[0, 0, 0, 0, 0, 0, 0, 0, 0, 0, 0, 0, 0, 0, 0, 0, 1613, 0, 0, 0]","[0.0, 0.0, 0.0, 0.0, 0.0, 0.0, 0.0, 0.0, 0.0, 0.0, 0.0, 0.0, 0.0, 0.0, 0.0, 0.0, 1.0, 1.0, 1.0, 1.0]",4.0,2.0,2.0,2.0,2.0,0,-27.03511,8.0,-12.0,hrl_dqn_apf,hierarchical,dqn,-8.561,6.659,23.115,0.00,0.00,0.00,-33.712,6.953,-3.979,0.00,0.00,0.00,-20.873,6.509,20.176,0.00,0.00,0.00,4.200,4.200,4.200
2026-02-04 13:09:13,54.14,0,354,354,0.00%,80.00,0.00%,"[0, 5, 10, 15, 20, 25, 30, 35, 40, 45, 50, 55, 60, 65, 70, 75, 80, 85, 90, 95, 100]","[0, 0, 0, 0, 0, 0, 0, 0, 0, 0, 0, 0, 0, 0, 0, 0, 1613, 0, 0, 0]","[0.0, 0.0, 0.0, 0.0, 0.0, 0.0, 0.0, 0.0, 0.0, 0.0, 0.0, 0.0, 0.0, 0.0, 0.0, 0.0, 1.0, 1.0, 1.0, 1.0]",4.0,2.0,2.0,2.0,2.0,0,-27.03511,8.0,-12.0,hrl_dqn_apf,hierarchical,dqn,-8.561,6.656,23.875,0.00,0.00,0.00,-34.472,6.950,-3.979,0.00,0.00,0.00,-20.873,6.506,20.937,0.00,0.00,0.00,4.200,4.200,4.200
2026-02-04 13:09:14,55.15,0,352,352,0.00%,80.07,0.12%,"[0, 5, 10, 15, 20, 25, 30, 35, 40, 45, 50, 55, 60, 65, 70, 75, 80, 85, 90, 95, 100]","[2, 0, 0, 0, 0, 0, 0, 0, 0, 0, 0, 0, 0, 1, 0, 0, 1610, 0, 0, 0]","[0.0012399256044637321, 0.0012399256044637321, 0.0012399256044637321, 0.0012399256044637321, 0.0012399256044637321, 0.0012399256044637321, 0.0012399256044637321, 0.0012399256044637321, 0.0012399256044637321, 0.0012399256044637321, 0.0012399256044637321, 0.0012399256044637321, 0.0012399256044637321, 0.0018598884066955983, 0.0018598884066955983, 0.0018598884066955983, 1.0, 1.0, 1.0, 1.0]",4.0,2.0,2.0,2.0,2.0,0,-27.03511,8.0,-12.0,hrl_dqn_apf,hierarchical,dqn,-8.561,6.653,24.638,0.00,0.00,0.00,-35.235,6.947,-3.979,0.00,0.00,0.00,-20.873,6.503,21.700,0.00,0.00,0.00,4.200,4.200,4.200
2026-02-04 13:09:15,56.15,0,352,352,0.00%,80.19,0.19%,"[0, 5, 10, 15, 20, 25, 30, 35, 40, 45, 50, 55, 60, 65, 70, 75, 80, 85, 90, 95, 100]","[3, 0, 0, 0, 0, 0, 0, 0, 0, 0, 0, 0, 1, 0, 0, 0, 1609, 0, 0, 0]","[0.0018598884066955983, 0.0018598884066955983, 0.0018598884066955983, 0.0018598884066955983, 0.0018598884066955983, 0.0018598884066955983, 0.0018598884066955983, 0.0018598884066955983, 0.0018598884066955983, 0.0018598884066955983, 0.0018598884066955983, 0.0018598884066955983, 0.0024798512089274642, 0.0024798512089274642, 0.0024798512089274642, 0.0024798512089274642, 1.0, 1.0, 1.0, 1.0]",4.0,2.0,2.0,2.0,2.0,0,-27.03511,8.0,-12.0,hrl_dqn_apf,hierarchical,dqn,-8.561,6.650,25.399,0.00,0.00,0.00,-35.995,6.944,-3.979,0.00,0.00,0.00,-20.873,6.500,22.461,0.00,0.00,0.00,4.200,4.200,4.200
2026-02-04 13:09:16,57.15,0,353,353,0.00%,80.30,0.25%,"[0, 5, 10, 15, 20, 25, 30, 35, 40, 45, 50, 55, 60, 65, 70, 75, 80, 85, 90, 95, 100]","[4, 0, 0, 0, 0, 0, 0, 0, 1, 0, 0, 0, 0, 0, 0, 1, 1607, 0, 0, 0]","[0.0024798512089274642, 0.0024798512089274642, 0.0024798512089274642, 0.0024798512089274642, 0.0024798512089274642, 0.0024798512089274642, 0.0024798512089274642, 0.0024798512089274642, 0.0030998140111593306, 0.0030998140111593306, 0.0030998140111593306, 0.0030998140111593306, 0.0030998140111593306, 0.0030998140111593306, 0.0030998140111593306, 0.0037197768133911966, 1.0, 1.0, 1.0, 1.0]",4.0,2.0,2.0,2.0,2.0,0,-27.03511,8.0,-12.0,hrl_dqn_apf,hierarchical,dqn,-8.561,6.638,26.162,0.00,0.00,0.00,-36.758,6.932,-3.979,0.00,0.00,0.00,-20.873,6.488,23.224,0.00,0.00,0.00,4.200,4.200,4.200
2026-02-04 13:09:17,58.15,0,353,353,0.00%,80.60,0.31%,"[0, 5, 10, 15, 20, 25, 30, 35, 40, 45, 50, 55, 60, 65, 70, 75, 80, 85, 90, 95, 100]","[5, 0, 0, 0, 0, 0, 0, 0, 1, 0, 0, 0, 0, 0, 0, 1, 1606, 0, 0, 0]","[0.0030998140111593306, 0.0030998140111593306, 0.0030998140111593306, 0.0030998140111593306, 0.0030998140111593306, 0.0030998140111593306, 0.0030998140111593306, 0.0030998140111593306, 0.0037197768133911966, 0.0037197768133911966, 0.0037197768133911966, 0.0037197768133911966, 0.0037197768133911966, 0.0037197768133911966, 0.0037197768133911966, 0.0043397396156230625, 1.0, 1.0, 1.0, 1.0]",4.0,2.0,2.0,2.0,2.0,0,-27.03511,8.0,-12.0,hrl_dqn_apf,hierarchical,dqn,-8.561,6.542,27.642,0.00,0.00,0.00,-38.238,6.837,-3.979,0.00,0.00,0.00,-20.873,6.392,24.704,0.00,0.00,0.00,4.200,4.200,4.200
2026-02-04 13:09:18,59.15,0,355,355,0.00%,80.71,0.37%,"[0, 5, 10, 15, 20, 25, 30, 35, 40, 45, 50, 55, 60, 65, 70, 75, 80, 85, 90, 95, 100]","[6, 0, 0, 0, 0, 0, 0, 0, 2, 0, 0, 0, 0, 0, 0, 0, 1605, 0, 0, 0]","[0.0037197768133911966, 0.0037197768133911966, 0.0037197768133911966, 0.0037197768133911966, 0.0037197768133911966, 0.0037197768133911966, 0.0037197768133911966, 0.0037197768133911966, 0.0049597024178549285, 0.0049597024178549285, 0.0049597024178549285, 0.0049597024178549285, 0.0049597024178549285, 0.0049597024178549285, 0.0049597024178549285, 0.0049597024178549285, 1.0, 1.0, 1.0, 1.0]",4.0,2.0,2.0,2.0,2.0,0,-27.03511,8.0,-12.0,hrl_dqn_apf,hierarchical,dqn,-8.561,6.528,28.406,0.00,0.00,0.00,-39.001,6.822,-3.978,0.00,0.00,0.00,-20.873,6.378,25.467,0.00,0.00,0.00,4.200,4.200,4.200
2026-02-04 13:09:19,60.16,0,357,357,0.00%,80.89,0.37%,"[0, 5, 10, 15, 20, 25, 30, 35, 40, 45, 50, 55, 60, 65, 70, 75, 80, 85, 90, 95, 100]","[6, 0, 0, 0, 0, 0, 0, 0, 2, 0, 0, 0, 0, 0, 0, 0, 1253, 352, 0, 0]","[0.0037197768133911966, 0.0037197768133911966, 0.0037197768133911966, 0.0037197768133911966, 0.0037197768133911966, 0.0037197768133911966, 0.0037197768133911966, 0.0037197768133911966, 0.0049597024178549285, 0.0049597024178549285, 0.0049597024178549285, 0.0049597024178549285, 0.0049597024178549285, 0.0049597024178549285, 0.0049597024178549285, 0.0049597024178549285, 0.7817730936143832, 1.0, 1.0, 1.0]",4.0,2.0,2.0,2.0,2.0,0,-27.03511,8.0,-12.0,hrl_dqn_apf,hierarchical,dqn,-8.561,6.520,29.166,0.00,0.00,0.00,-39.761,6.814,-3.978,0.00,0.00,0.00,-20.873,6.370,26.228,0.00,0.00,0.00,4.200,4.200,4.200
2026-02-04 13:09:20,61.17,0,361,361,0.00%,81.24,0.37%,"[0, 5, 10, 15, 20, 25, 30, 35, 40, 45, 50, 55, 60, 65, 70, 75, 80, 85, 90, 95, 100]","[6, 0, 0, 0, 0, 0, 0, 0, 2, 0, 0, 0, 0, 0, 0, 0, 1253, 352, 0, 0]","[0.0037197768133911966, 0.0037197768133911966, 0.0037197768133911966, 0.0037197768133911966, 0.0037197768133911966, 0.0037197768133911966, 0.0037197768133911966, 0.0037197768133911966, 0.0049597024178549285, 0.0049597024178549285, 0.0049597024178549285, 0.0049597024178549285, 0.0049597024178549285, 0.0049597024178549285, 0.0049597024178549285, 0.0049597024178549285, 0.7817730936143832, 1.0, 1.0, 1.0]",4.0,2.0,2.0,2.0,2.0,0,-27.03511,8.0,-12.0,hrl_dqn_apf,hierarchical,dqn,-8.561,6.511,30.667,0.00,0.00,0.00,-41.261,6.806,-3.978,0.00,0.00,0.00,-20.873,6.361,27.729,0.00,0.00,0.00,4.200,4.200,4.200
2026-02-04 13:09:21,62.17,0,365,365,0.00%,81.42,0.37%,"[0, 5, 10, 15, 20, 25, 30, 35, 40, 45, 50, 55, 60, 65, 70, 75, 80, 85, 90, 95, 100]","[6, 0, 0, 0, 0, 0, 0, 0, 2, 0, 0, 0, 0, 0, 0, 0, 1252, 353, 0, 0]","[0.0037197768133911966, 0.0037197768133911966, 0.0037197768133911966, 0.0037197768133911966, 0.0037197768133911966, 0.0037197768133911966, 0.0037197768133911966, 0.0037197768133911966, 0.0049597024178549285, 0.0049597024178549285, 0.0049597024178549285, 0.0049597024178549285, 0.0049597024178549285, 0.0049597024178549285, 0.0049597024178549285, 0.0049597024178549285, 0.7811531308121513, 1.0, 1.0, 1.0]",4.0,2.0,2.0,2.0,2.0,0,-27.03511,8.0,-12.0,hrl_dqn_apf,hierarchical,dqn,-8.561,6.508,31.411,0.00,0.00,0.00,-42.004,6.802,-3.978,0.00,0.00,0.00,-20.873,6.358,28.472,0.00,0.00,0.00,4.200,4.200,4.200
2026-02-04 13:09:22,63.17,0,363,363,0.00%,81.60,0.37%,"[0, 5, 10, 15, 20, 25, 30, 35, 40, 45, 50, 55, 60, 65, 70, 75, 80, 85, 90, 95, 100]","[6, 0, 0, 0, 0, 0, 0, 0, 2, 0, 0, 0, 0, 0, 0, 0, 1252, 353, 0, 0]","[0.0037197768133911966, 0.0037197768133911966, 0.0037197768133911966, 0.0037197768133911966, 0.0037197768133911966, 0.0037197768133911966, 0.0037197768133911966, 0.0037197768133911966, 0.0049597024178549285, 0.0049597024178549285, 0.0049597024178549285, 0.0049597024178549285, 0.0049597024178549285, 0.0049597024178549285, 0.0049597024178549285, 0.0049597024178549285, 0.7811531308121513, 1.0, 1.0, 1.0]",4.0,2.0,2.0,2.0,2.0,0,-27.03511,8.0,-12.0,hrl_dqn_apf,hierarchical,dqn,-8.561,6.504,32.191,0.00,0.00,0.00,-42.784,6.799,-3.978,0.00,0.00,0.00,-20.873,6.355,29.253,0.00,0.00,0.00,4.200,4.200,4.200
2026-02-04 13:09:23,64.17,0,354,354,0.00%,80.00,0.00%,"[0, 5, 10, 15, 20, 25, 30, 35, 40, 45, 50, 55, 60, 65, 70, 75, 80, 85, 90, 95, 100]","[0, 0, 0, 0, 0, 0, 0, 0, 0, 0, 0, 0, 0, 0, 0, 0, 1613, 0, 0, 0]","[0.0, 0.0, 0.0, 0.0, 0.0, 0.0, 0.0, 0.0, 0.0, 0.0, 0.0, 0.0, 0.0, 0.0, 0.0, 0.0, 1.0, 1.0, 1.0, 1.0]",4.0,2.0,2.0,2.0,2.0,0,-27.03511,8.0,-12.0,hrl_dqn_apf,hierarchical,dqn,-8.561,6.501,32.951,0.00,0.00,0.00,-43.544,6.796,-3.978,0.00,0.00,0.00,-20.873,6.351,30.013,0.00,0.00,0.00,4.200,4.200,4.200
2026-02-04 13:09:24,65.18,0,354,354,0.00%,80.00,0.00%,"[0, 5, 10, 15, 20, 25, 30, 35, 40, 45, 50, 55, 60, 65, 70, 75, 80, 85, 90, 95, 100]","[0, 0, 0, 0, 0, 0, 0, 0, 0, 0, 0, 0, 0, 0, 0, 0, 1613, 0, 0, 0]","[0.0, 0.0, 0.0, 0.0, 0.0, 0.0, 0.0, 0.0, 0.0, 0.0, 0.0, 0.0, 0.0, 0.0, 0.0, 0.0, 1.0, 1.0, 1.0, 1.0]",4.0,2.0,2.0,2.0,2.0,0,-27.03511,8.0,-12.0,hrl_dqn_apf,hierarchical,dqn,-8.561,6.495,34.480,0.00,0.00,0.00,-45.072,6.790,-3.977,0.00,0.00,0.00,-20.873,6.345,31.543,0.00,0.00,0.00,4.200,4.200,4.200
2026-02-04 13:09:25,66.18,0,354,354,0.00%,80.00,0.00%,"[0, 5, 10, 15, 20, 25, 30, 35, 40, 45, 50, 55, 60, 65, 70, 75, 80, 85, 90, 95, 100]","[0, 0, 0, 0, 0, 0, 0, 0, 0, 0, 0, 0, 0, 0, 0, 0, 1613, 0, 0, 0]","[0.0, 0.0, 0.0, 0.0, 0.0, 0.0, 0.0, 0.0, 0.0, 0.0, 0.0, 0.0, 0.0, 0.0, 0.0, 0.0, 1.0, 1.0, 1.0, 1.0]",4.0,2.0,2.0,2.0,2.0,0,-27.03511,8.0,-12.0,hrl_dqn_apf,hierarchical,dqn,-8.561,6.492,35.240,0.00,0.00,0.00,-45.832,6.787,-3.977,0.00,0.00,0.00,-20.873,6.342,32.303,0.00,0.00,0.00,4.200,4.200,4.200
2026-02-04 13:09:26,67.18,0,352,352,0.00%,80.17,0.00%,"[0, 5, 10, 15, 20, 25, 30, 35, 40, 45, 50, 55, 60, 65, 70, 75, 80, 85, 90, 95, 100]","[0, 0, 0, 0, 0, 0, 0, 0, 0, 0, 0, 0, 0, 0, 0, 0, 1613, 0, 0, 0]","[0.0, 0.0, 0.0, 0.0, 0.0, 0.0, 0.0, 0.0, 0.0, 0.0, 0.0, 0.0, 0.0, 0.0, 0.0, 0.0, 1.0, 1.0, 1.0, 1.0]",4.0,2.0,2.0,2.0,2.0,0,-27.03511,8.0,-12.0,hrl_dqn_apf,hierarchical,dqn,-8.561,6.489,36.000,0.00,0.00,0.00,-46.592,6.784,-3.977,0.00,0.00,0.00,-20.873,6.339,33.063,0.00,0.00,0.00,4.200,4.200,4.200
2026-02-04 13:09:27,68.18,0,352,352,0.00%,80.35,0.00%,"[0, 5, 10, 15, 20, 25, 30, 35, 40, 45, 50, 55, 60, 65, 70, 75, 80, 85, 90, 95, 100]","[0, 0, 0, 0, 0, 0, 0, 0, 0, 0, 0, 0, 0, 0, 0, 0, 1613, 0, 0, 0]","[0.0, 0.0, 0.0, 0.0, 0.0, 0.0, 0.0, 0.0, 0.0, 0.0, 0.0, 0.0, 0.0, 0.0, 0.0, 0.0, 1.0, 1.0, 1.0, 1.0]",4.0,2.0,2.0,2.0,2.0,0,-27.03511,8.0,-12.0,hrl_dqn_apf,hierarchical,dqn,-8.561,6.486,36.763,0.00,0.00,0.00,-47.355,6.781,-3.977,0.00,0.00,0.00,-20.873,6.336,33.826,0.00,0.00,0.00,4.200,4.200,4.200
2026-02-04 13:09:28,69.19,0,353,353,0.00%,80.70,0.00%,"[0, 5, 10, 15, 20, 25, 30, 35, 40, 45, 50, 55, 60, 65, 70, 75, 80, 85, 90, 95, 100]","[0, 0, 0, 0, 0, 0, 0, 0, 0, 0, 0, 0, 0, 0, 0, 0, 1613, 0, 0, 0]","[0.0, 0.0, 0.0, 0.0, 0.0, 0.0, 0.0, 0.0, 0.0, 0.0, 0.0, 0.0, 0.0, 0.0, 0.0, 0.0, 1.0, 1.0, 1.0, 1.0]",4.0,2.0,2.0,2.0,2.0,0,-27.03511,8.0,-12.0,hrl_dqn_apf,hierarchical,dqn,-8.561,6.388,38.286,0.00,0.00,0.00,-48.878,6.682,-3.977,0.00,0.00,0.00,-20.873,6.238,35.349,0.00,0.00,0.00,4.200,4.200,4.200
2026-02-04 13:09:29,70.19,0,353,353,0.00%,80.87,0.00%,"[0, 5, 10, 15, 20, 25, 30, 35, 40, 45, 50, 55, 60, 65, 70, 75, 80, 85, 90, 95, 100]","[0, 0, 0, 0, 0, 0, 0, 0, 0, 0, 0, 0, 0, 0, 0, 0, 1613, 0, 0, 0]","[0.0, 0.0, 0.0, 0.0, 0.0, 0.0, 0.0, 0.0, 0.0, 0.0, 0.0, 0.0, 0.0, 0.0, 0.0, 0.0, 1.0, 1.0, 1.0, 1.0]",4.0,2.0,2.0,2.0,2.0,0,-27.03511,8.0,-12.0,hrl_dqn_apf,hierarchical,dqn,-8.561,6.370,39.046,0.00,0.00,0.00,-49.638,6.664,-3.977,0.00,0.00,0.00,-20.873,6.220,36.109,0.00,0.00,0.00,4.200,4.200,4.200
2026-02-04 13:09:30,71.19,0,355,355,0.00%,81.05,0.00%,"[0, 5, 10, 15, 20, 25, 30, 35, 40, 45, 50, 55, 60, 65, 70, 75, 80, 85, 90, 95, 100]","[0, 0, 0, 0, 0, 0, 0, 0, 0, 0, 0, 0, 0, 0, 0, 0, 1613, 0, 0, 0]","[0.0, 0.0, 0.0, 0.0, 0.0, 0.0, 0.0, 0.0, 0.0, 0.0, 0.0, 0.0, 0.0, 0.0, 0.0, 0.0, 1.0, 1.0, 1.0, 1.0]",4.0,2.0,2.0,2.0,2.0,0,-27.03511,8.0,-12.0,hrl_dqn_apf,hierarchical,dqn,-8.561,6.360,39.806,0.00,0.00,0.00,-50.398,6.655,-3.977,0.00,0.00,0.00,-20.873,6.210,36.869,0.00,0.00,0.00,4.200,4.200,4.200
2026-02-04 13:09:31,72.19,0,357,357,0.00%,81.23,0.00%,"[0, 5, 10, 15, 20, 25, 30, 35, 40, 45, 50, 55, 60, 65, 70, 75, 80, 85, 90, 95, 100]","[0, 0, 0, 0, 0, 0, 0, 0, 0, 0, 0, 0, 0, 0, 0, 0, 1261, 352, 0, 0]","[0.0, 0.0, 0.0, 0.0, 0.0, 0.0, 0.0, 0.0, 0.0, 0.0, 0.0, 0.0, 0.0, 0.0, 0.0, 0.0, 0.7817730936143832, 1.0, 1.0, 1.0]",4.0,2.0,2.0,2.0,2.0,0,-27.03511,8.0,-12.0,hrl_dqn_apf,hierarchical,dqn,-8.561,6.355,40.569,0.00,0.00,0.00,-51.161,6.649,-3.976,0.00,0.00,0.00,-20.873,6.205,37.632,0.00,0.00,0.00,4.200,4.200,4.200
2026-02-04 13:09:32,73.19,0,361,361,0.00%,81.58,0.00%,"[0, 5, 10, 15, 20, 25, 30, 35, 40, 45, 50, 55, 60, 65, 70, 75, 80, 85, 90, 95, 100]","[0, 0, 0, 0, 0, 0, 0, 0, 0, 0, 0, 0, 0, 0, 0, 0, 1261, 352, 0, 0]","[0.0, 0.0, 0.0, 0.0, 0.0, 0.0, 0.0, 0.0, 0.0, 0.0, 0.0, 0.0, 0.0, 0.0, 0.0, 0.0, 0.7817730936143832, 1.0, 1.0, 1.0]",4.0,2.0,2.0,2.0,2.0,0,-27.03511,8.0,-12.0,hrl_dqn_apf,hierarchical,dqn,-8.561,6.347,42.091,0.00,0.00,0.00,-52.684,6.642,-3.976,0.00,0.00,0.00,-20.873,6.197,39.155,0.00,0.00,0.00,4.200,4.200,4.200
2026-02-04 13:09:33,74.20,0,365,365,0.00%,81.76,0.00%,"[0, 5, 10, 15, 20, 25, 30, 35, 40, 45, 50, 55, 60, 65, 70, 75, 80, 85, 90, 95, 100]","[0, 0, 0, 0, 0, 0, 0, 0, 0, 0, 0, 0, 0, 0, 0, 0, 1260, 353, 0, 0]","[0.0, 0.0, 0.0, 0.0, 0.0, 0.0, 0.0, 0.0, 0.0, 0.0, 0.0, 0.0, 0.0, 0.0, 0.0, 0.0, 0.7811531308121513, 1.0, 1.0, 1.0]",4.0,2.0,2.0,2.0,2.0,0,-27.03511,8.0,-12.0,hrl_dqn_apf,hierarchical,dqn,-8.561,6.344,42.840,0.00,0.00,0.00,-53.433,6.638,-3.976,0.00,0.00,0.00,-20.873,6.194,39.904,0.00,0.00,0.00,4.200,4.200,4.200
2026-02-04 13:09:34,75.20,0,354,354,0.00%,80.00,0.00%,"[0, 5, 10, 15, 20, 25, 30, 35, 40, 45, 50, 55, 60, 65, 70, 75, 80, 85, 90, 95, 100]","[0, 0, 0, 0, 0, 0, 0, 0, 0, 0, 0, 0, 0, 0, 0, 0, 1613, 0, 0, 0]","[0.0, 0.0, 0.0, 0.0, 0.0, 0.0, 0.0, 0.0, 0.0, 0.0, 0.0, 0.0, 0.0, 0.0, 0.0, 0.0, 1.0, 1.0, 1.0, 1.0]",4.0,2.0,2.0,2.0,2.0,0,-27.03511,8.0,-12.0,hrl_dqn_apf,hierarchical,dqn,-8.561,6.341,43.603,0.00,0.00,0.00,-54.195,6.635,-3.976,0.00,0.00,0.00,-20.873,6.191,40.666,0.00,0.00,0.00,4.200,4.200,4.200
2026-02-04 13:09:35,76.20,0,354,354,0.00%,80.00,0.00%,"[0, 5, 10, 15, 20, 25, 30, 35, 40, 45, 50, 55, 60, 65, 70, 75, 80, 85, 90, 95, 100]","[0, 0, 0, 0, 0, 0, 0, 0, 0, 0, 0, 0, 0, 0, 0, 0, 1613, 0, 0, 0]","[0.0, 0.0, 0.0, 0.0, 0.0, 0.0, 0.0, 0.0, 0.0, 0.0, 0.0, 0.0, 0.0, 0.0, 0.0, 0.0, 1.0, 1.0, 1.0, 1.0]",4.0,2.0,2.0,2.0,2.0,0,-27.03511,8.0,-12.0,hrl_dqn_apf,hierarchical,dqn,-8.561,6.338,44.363,0.00,0.00,0.00,-54.955,6.632,-3.976,0.00,0.00,0.00,-20.873,6.188,41.426,0.00,0.00,0.00,4.200,4.200,4.200
2026-02-04 13:09:36,77.20,0,354,354,0.00%,80.00,0.00%,"[0, 5, 10, 15, 20, 25, 30, 35, 40, 45, 50, 55, 60, 65, 70, 75, 80, 85, 90, 95, 100]","[0, 0, 0, 0, 0, 0, 0, 0, 0, 0, 0, 0, 0, 0, 0, 0, 1613, 0, 0, 0]","[0.0, 0.0, 0.0, 0.0, 0.0, 0.0, 0.0, 0.0, 0.0, 0.0, 0.0, 0.0, 0.0, 0.0, 0.0, 0.0, 1.0, 1.0, 1.0, 1.0]",4.0,2.0,2.0,2.0,2.0,0,-27.03511,8.0,-12.0,hrl_dqn_apf,hierarchical,dqn,-8.561,6.332,45.877,0.00,0.00,0.00,-56.470,6.626,-3.975,0.00,0.00,0.00,-20.873,6.182,42.941,0.00,0.00,0.00,4.200,4.200,4.200
2026-02-04 13:09:37,78.20,0,352,352,0.00%,80.17,0.00%,"[0, 5, 10, 15, 20, 25, 30, 35, 40, 45, 50, 55, 60, 65, 70, 75, 80, 85, 90, 95, 100]","[0, 0, 0, 0, 0, 0, 0, 0, 0, 0, 0, 0, 0, 0, 0, 0, 1613, 0, 0, 0]","[0.0, 0.0, 0.0, 0.0, 0.0, 0.0, 0.0, 0.0, 0.0, 0.0, 0.0, 0.0, 0.0, 0.0, 0.0, 0.0, 1.0, 1.0, 1.0, 1.0]",4.0,2.0,2.0,2.0,2.0,0,-27.03511,8.0,-12.0,hrl_dqn_apf,hierarchical,dqn,-8.561,6.329,46.652,0.00,0.00,0.00,-57.244,6.623,-3.975,0.00,0.00,0.00,-20.873,6.179,43.715,0.00,0.00,0.00,4.200,4.200,4.200
2026-02-04 13:09:38,79.21,0,352,352,0.00%,80.35,0.00%,"[0, 5, 10, 15, 20, 25, 30, 35, 40, 45, 50, 55, 60, 65, 70, 75, 80, 85, 90, 95, 100]","[0, 0, 0, 0, 0, 0, 0, 0, 0, 0, 0, 0, 0, 0, 0, 0, 1613, 0, 0, 0]","[0.0, 0.0, 0.0, 0.0, 0.0, 0.0, 0.0, 0.0, 0.0, 0.0, 0.0, 0.0, 0.0, 0.0, 0.0, 0.0, 1.0, 1.0, 1.0, 1.0]",4.0,2.0,2.0,2.0,2.0,0,-27.03511,8.0,-12.0,hrl_dqn_apf,hierarchical,dqn,-8.561,6.325,47.414,0.00,0.00,0.00,-58.007,6.620,-3.975,0.00,0.00,0.00,-20.873,6.176,44.478,0.00,0.00,0.00,4.166,4.166,4.194
2026-02-04 13:09:39,80.21,0,353,353,0.00%,80.52,0.00%,"[0, 5, 10, 15, 20, 25, 30, 35, 40, 45, 50, 55, 60, 65, 70, 75, 80, 85, 90, 95, 100]","[0, 0, 0, 0, 0, 0, 0, 0, 0, 0, 0, 0, 0, 0, 0, 0, 1613, 0, 0, 0]","[0.0, 0.0, 0.0, 0.0, 0.0, 0.0, 0.0, 0.0, 0.0, 0.0, 0.0, 0.0, 0.0, 0.0, 0.0, 0.0, 1.0, 1.0, 1.0, 1.0]",4.0,2.0,2.0,2.0,2.0,10,-29.92048,8.0,0.0,hrl_dqn_apf,hierarchical,dqn,-8.561,6.411,48.045,0.00,0.00,0.00,-58.692,6.666,-4.051,0.00,0.00,0.00,-20.873,6.261,45.109,0.00,0.00,0.00,4.163,4.163,4.191
2026-02-04 13:09:40,81.21,0,353,353,0.00%,80.88,0.00%,"[0, 5, 10, 15, 20, 25, 30, 35, 40, 45, 50, 55, 60, 65, 70, 75, 80, 85, 90, 95, 100]","[0, 0, 0, 0, 0, 0, 0, 0, 0, 0, 0, 0, 0, 0, 0, 0, 1613, 0, 0, 0]","[0.0, 0.0, 0.0, 0.0, 0.0, 0.0, 0.0, 0.0, 0.0, 0.0, 0.0, 0.0, 0.0, 0.0, 0.0, 0.0, 1.0, 1.0, 1.0, 1.0]",4.0,2.0,2.0,2.0,2.0,10,-29.92048,8.0,0.0,hrl_dqn_apf,hierarchical,dqn,-8.561,6.506,47.301,0.00,0.00,0.00,-58.661,6.795,-4.813,0.00,0.00,0.00,-20.873,6.356,44.364,0.00,0.00,0.00,4.160,4.160,4.188
2026-02-04 13:09:41,82.21,0,355,355,0.00%,81.05,0.00%,"[0, 5, 10, 15, 20, 25, 30, 35, 40, 45, 50, 55, 60, 65, 70, 75, 80, 85, 90, 95, 100]","[0, 0, 0, 0, 0, 0, 0, 0, 0, 0, 0, 0, 0, 0, 0, 0, 1613, 0, 0, 0]","[0.0, 0.0, 0.0, 0.0, 0.0, 0.0, 0.0, 0.0, 0.0, 0.0, 0.0, 0.0, 0.0, 0.0, 0.0, 0.0, 1.0, 1.0, 1.0, 1.0]",4.0,2.0,2.0,2.0,2.0,5,-29.76033,8.0,-6.0,hrl_dqn_apf,hierarchical,dqn,-8.561,6.504,46.586,0.00,0.00,0.00,-58.035,6.800,-4.911,0.00,0.00,0.00,-20.873,6.354,43.650,0.00,0.00,0.00,4.157,4.157,4.185
2026-02-04 13:09:42,83.22,0,357,357,0.00%,81.23,0.00%,"[0, 5, 10, 15, 20, 25, 30, 35, 40, 45, 50, 55, 60, 65, 70, 75, 80, 85, 90, 95, 100]","[0, 0, 0, 0, 0, 0, 0, 0, 0, 0, 0, 0, 0, 0, 0, 0, 1261, 352, 0, 0]","[0.0, 0.0, 0.0, 0.0, 0.0, 0.0, 0.0, 0.0, 0.0, 0.0, 0.0, 0.0, 0.0, 0.0, 0.0, 0.0, 0.7817730936143832, 1.0, 1.0, 1.0]",4.0,2.0,2.0,2.0,2.0,19,-5.599920000000001,8.0,6.0,hrl_dqn_apf,hierarchical,dqn,-8.561,6.501,45.839,0.00,0.00,0.00,-57.312,6.798,-4.941,0.00,0.00,0.00,-20.873,6.351,42.903,0.00,0.00,0.00,4.154,4.154,4.182
2026-02-04 13:09:43,84.22,0,357,357,0.00%,81.41,0.00%,"[0, 5, 10, 15, 20, 25, 30, 35, 40, 45, 50, 55, 60, 65, 70, 75, 80, 85, 90, 95, 100]","[0, 0, 0, 0, 0, 0, 0, 0, 0, 0, 0, 0, 0, 0, 0, 0, 1261, 352, 0, 0]","[0.0, 0.0, 0.0, 0.0, 0.0, 0.0, 0.0, 0.0, 0.0, 0.0, 0.0, 0.0, 0.0, 0.0, 0.0, 0.0, 0.7817730936143832, 1.0, 1.0, 1.0]",4.0,2.0,2.0,2.0,2.0,19,-5.599920000000001,8.0,6.0,hrl_dqn_apf,hierarchical,dqn,-8.561,6.497,45.080,0.00,0.00,0.00,-56.559,6.795,-4.951,0.00,0.00,0.00,-20.873,6.348,42.143,0.00,0.00,0.00,4.151,4.151,4.179
2026-02-04 13:09:44,85.22,0,365,365,0.00%,81.76,0.00%,"[0, 5, 10, 15, 20, 25, 30, 35, 40, 45, 50, 55, 60, 65, 70, 75, 80, 85, 90, 95, 100]","[0, 0, 0, 0, 0, 0, 0, 0, 0, 0, 0, 0, 0, 0, 0, 0, 1260, 353, 0, 0]","[0.0, 0.0, 0.0, 0.0, 0.0, 0.0, 0.0, 0.0, 0.0, 0.0, 0.0, 0.0, 0.0, 0.0, 0.0, 0.0, 0.7811531308121513, 1.0, 1.0, 1.0]",4.0,2.0,2.0,2.0,2.0,9,-5.439520000000002,8.0,-6.0,hrl_dqn_apf,hierarchical,dqn,-8.561,6.491,43.580,0.00,0.00,0.00,-55.061,6.789,-4.955,0.00,0.00,0.00,-20.873,6.342,40.644,0.00,0.00,0.00,4.148,4.148,4.176
2026-02-04 13:09:45,86.22,0,363,363,0.00%,81.95,0.00%,"[0, 5, 10, 15, 20, 25, 30, 35, 40, 45, 50, 55, 60, 65, 70, 75, 80, 85, 90, 95, 100]","[0, 0, 0, 0, 0, 0, 0, 0, 0, 0, 0, 0, 0, 0, 0, 0, 1260, 353, 0, 0]","[0.0, 0.0, 0.0, 0.0, 0.0, 0.0, 0.0, 0.0, 0.0, 0.0, 0.0, 0.0, 0.0, 0.0, 0.0, 0.0, 0.7811531308121513, 1.0, 1.0, 1.0]",4.0,2.0,2.0,2.0,2.0,4,-5.359719999999999,8.0,-12.0,hrl_dqn_apf,hierarchical,dqn,-8.561,6.488,42.823,0.00,0.00,0.00,-54.304,6.786,-4.956,0.00,0.00,0.00,-20.873,6.339,39.887,0.00,0.00,0.00,4.145,4.145,4.173
2026-02-04 13:09:46,87.22,0,365,365,0.00%,82.13,0.00%,"[0, 5, 10, 15, 20, 25, 30, 35, 40, 45, 50, 55, 60, 65, 70, 75, 80, 85, 90, 95, 100]","[0, 0, 0, 0, 0, 0, 0, 0, 0, 0, 0, 0, 0, 0, 0, 0, 1258, 355, 0, 0]","[0.0, 0.0, 0.0, 0.0, 0.0, 0.0, 0.0, 0.0, 0.0, 0.0, 0.0, 0.0, 0.0, 0.0, 0.0, 0.0, 0.7799132052076876, 1.0, 1.0, 1.0]",4.0,2.0,2.0,2.0,2.0,4,-5.359719999999999,8.0,-12.0,hrl_dqn_apf,hierarchical,dqn,-8.561,6.485,42.095,0.00,0.00,0.00,-53.576,6.783,-4.956,0.00,0.00,0.00,-20.873,6.336,39.158,0.00,0.00,0.00,4.142,4.142,4.170
2026-02-04 13:09:47,88.23,0,369,369,0.00%,82.31,0.00%,"[0, 5, 10, 15, 20, 25, 30, 35, 40, 45, 50, 55, 60, 65, 70, 75, 80, 85, 90, 95, 100]","[0, 0, 0, 0, 0, 0, 0, 0, 0, 0, 0, 0, 0, 0, 0, 0, 1256, 7, 350, 0]","[0.0, 0.0, 0.0, 0.0, 0.0, 0.0, 0.0, 0.0, 0.0, 0.0, 0.0, 0.0, 0.0, 0.0, 0.0, 0.0, 0.7786732796032239, 0.7830130192188469, 1.0, 1.0]",4.0,2.0,2.0,2.0,2.0,5,-29.19938,8.0,-6.0,hrl_dqn_apf,hierarchical,dqn,-8.561,6.482,41.335,0.00,0.00,0.00,-52.816,6.780,-4.956,0.00,0.00,0.00,-20.873,6.333,38.398,0.00,0.00,0.00,4.138,4.138,4.167
2026-02-04 13:09:48,89.23,0,369,369,0.00%,82.49,0.00%,"[0, 5, 10, 15, 20, 25, 30, 35, 40, 45, 50, 55, 60, 65, 70, 75, 80, 85, 90, 95, 100]","[0, 0, 0, 0, 0, 0, 0, 0, 0, 0, 0, 0, 0, 0, 0, 0, 1256, 7, 350, 0]","[0.0, 0.0, 0.0, 0.0, 0.0, 0.0, 0.0, 0.0, 0.0, 0.0, 0.0, 0.0, 0.0, 0.0, 0.0, 0.0, 0.7786732796032239, 0.7830130192188469, 1.0, 1.0]",4.0,2.0,2.0,2.0,2.0,24,-5.03885,8.0,12.0,hrl_dqn_apf,hierarchical,dqn,-8.561,6.479,40.572,0.00,0.00,0.00,-52.053,6.777,-4.957,0.00,0.00,0.00,-20.873,6.330,37.635,0.00,0.00,0.00,4.136,4.136,4.164
2026-02-04 13:09:49,90.23,0,369,369,0.00%,82.86,0.00%,"[0, 5, 10, 15, 20, 25, 30, 35, 40, 45, 50, 55, 60, 65, 70, 75, 80, 85, 90, 95, 100]","[0, 0, 0, 0, 0, 0, 0, 0, 0, 0, 0, 0, 0, 0, 0, 0, 1250, 12, 351, 0]","[0.0, 0.0, 0.0, 0.0, 0.0, 0.0, 0.0, 0.0, 0.0, 0.0, 0.0, 0.0, 0.0, 0.0, 0.0, 0.0, 0.7749535027898327, 0.782393056416615, 1.0, 1.0]",4.0,2.0,2.0,2.0,2.0,24,-5.03885,8.0,12.0,hrl_dqn_apf,hierarchical,dqn,-8.561,6.473,39.063,0.00,0.00,0.00,-50.544,6.771,-4.957,0.00,0.00,0.00,-20.873,6.323,36.127,0.00,0.00,0.00,4.133,4.133,4.161
2026-02-04 13:09:50,91.23,0,373,373,0.00%,83.05,0.00%,"[0, 5, 10, 15, 20, 25, 30, 35, 40, 45, 50, 55, 60, 65, 70, 75, 80, 85, 90, 95, 100]","[0, 0, 0, 0, 0, 0, 0, 0, 0, 0, 0, 0, 0, 0, 0, 0, 1248, 14, 351, 0]","[0.0, 0.0, 0.0, 0.0, 0.0, 0.0, 0.0, 0.0, 0.0, 0.0, 0.0, 0.0, 0.0, 0.0, 0.0, 0.0, 0.7737135771853689, 0.782393056416615, 1.0, 1.0]",4.0,2.0,2.0,2.0,2.0,20,-28.87878,8.0,12.0,hrl_dqn_apf,hierarchical,dqn,-8.561,6.470,38.300,0.00,0.00,0.00,-49.781,6.768,-4.957,0.00,0.00,0.00,-20.873,6.320,35.364,0.00,0.00,0.00,4.130,4.130,4.158
2026-02-04 13:09:51,92.24,0,373,373,0.00%,83.23,0.00%,"[0, 5, 10, 15, 20, 25, 30, 35, 40, 45, 50, 55, 60, 65, 70, 75, 80, 85, 90, 95, 100]","[0, 0, 0, 0, 0, 0, 0, 0, 0, 0, 0, 0, 0, 0, 0, 0, 1246, 14, 353, 0]","[0.0, 0.0, 0.0, 0.0, 0.0, 0.0, 0.0, 0.0, 0.0, 0.0, 0.0, 0.0, 0.0, 0.0, 0.0, 0.0, 0.7724736515809052, 0.7811531308121513, 1.0, 1.0]",4.0,2.0,2.0,2.0,2.0,15,-28.71668,8.0,6.0,hrl_dqn_apf,hierarchical,dqn,-8.561,6.467,37.577,0.00,0.00,0.00,-49.058,6.765,-4.958,0.00,0.00,0.00,-20.873,6.317,34.641,0.00,0.00,0.00,4.126,4.126,4.155
2026-02-04 13:09:52,93.24,0,373,373,0.00%,83.60,0.00%,"[0, 5, 10, 15, 20, 25, 30, 35, 40, 45, 50, 55, 60, 65, 70, 75, 80, 85, 90, 95, 100]","[0, 0, 0, 0, 0, 0, 0, 0, 0, 0, 0, 0, 0, 0, 0, 0, 1242, 16, 7, 348]","[0.0, 0.0, 0.0, 0.0, 0.0, 0.0, 0.0, 0.0, 0.0, 0.0, 0.0, 0.0, 0.0, 0.0, 0.0, 0.0, 0.7699938003719777, 0.7799132052076876, 0.7842529448233106, 1.0]",4.0,2.0,2.0,2.0,2.0,15,-28.71668,8.0,6.0,hrl_dqn_apf,hierarchical,dqn,-8.561,6.464,36.780,0.00,0.00,0.00,-48.261,6.762,-4.958,0.00,0.00,0.00,-20.873,6.314,33.844,0.00,0.00,0.00,4.124,4.124,4.152
2026-02-04 13:09:53,94.24,0,374,374,0.00%,83.79,0.00%,"[0, 5, 10, 15, 20, 25, 30, 35, 40, 45, 50, 55, 60, 65, 70, 75, 80, 85, 90, 95, 100]","[0, 0, 0, 0, 0, 0, 0, 0, 0, 0, 0, 0, 0, 0, 0, 0, 1242, 16, 7, 348]","[0.0, 0.0, 0.0, 0.0, 0.0, 0.0, 0.0, 0.0, 0.0, 0.0, 0.0, 0.0, 0.0, 0.0, 0.0, 0.0, 0.7699938003719777, 0.7799132052076876, 0.7842529448233106, 1.0]",4.0,2.0,2.0,2.0,2.0,20,-28.55902,8.0,12.0,hrl_dqn_apf,hierarchical,dqn,-8.561,6.458,35.275,0.00,0.00,0.00,-46.755,6.755,-4.958,0.00,0.00,0.00,-20.873,6.308,32.338,0.00,0.00,0.00,4.120,4.120,4.149
2026-02-04 13:09:54,95.24,0,374,374,0.00%,83.97,0.00%,"[0, 5, 10, 15, 20, 25, 30, 35, 40, 45, 50, 55, 60, 65, 70, 75, 80, 85, 90, 95, 100]","[0, 0, 0, 0, 0, 0, 0, 0, 0, 0, 0, 0, 0, 0, 0, 0, 1242, 10, 12, 349]","[0.0, 0.0, 0.0, 0.0, 0.0, 0.0, 0.0, 0.0, 0.0, 0.0, 0.0, 0.0, 0.0, 0.0, 0.0, 0.0, 0.7699938003719777, 0.7761934283942964, 0.7836329820210788, 1.0]",4.0,2.0,2.0,2.0,2.0,18,-10.396460000000001,8.0,6.0,hrl_dqn_apf,hierarchical,dqn,-8.561,6.455,34.512,0.00,0.00,0.00,-45.993,6.752,-4.959,0.00,0.00,0.00,-20.873,6.305,31.575,0.00,0.00,0.00,4.117,4.117,4.146
2026-02-04 13:09:55,96.24,0,376,376,0.00%,84.16,0.00%,"[0, 5, 10, 15, 20, 25, 30, 35, 40, 45, 50, 55, 60, 65, 70, 75, 80, 85, 90, 95, 100]","[0, 0, 0, 0, 0, 0, 0, 0, 0, 0, 0, 0, 0, 0, 0, 0, 1240, 10, 14, 349]","[0.0, 0.0, 0.0, 0.0, 0.0, 0.0, 0.0, 0.0, 0.0, 0.0, 0.0, 0.0, 0.0, 0.0, 0.0, 0.0, 0.768753874767514, 0.7749535027898327, 0.7836329820210788, 1.0]",4.0,2.0,2.0,2.0,2.0,18,-10.396460000000001,8.0,6.0,hrl_dqn_apf,hierarchical,dqn,-8.561,6.452,33.752,0.00,0.00,0.00,-45.233,6.749,-4.959,0.00,0.00,0.00,-20.873,6.302,30.814,0.00,0.00,0.00,4.115,4.115,4.143
2026-02-04 13:09:56,97.25,0,378,378,0.00%,84.54,0.00%,"[0, 5, 10, 15, 20, 25, 30, 35, 40, 45, 50, 55, 60, 65, 70, 75, 80, 85, 90, 95, 100]","[0, 0, 0, 0, 0, 0, 0, 0, 0, 0, 0, 0, 0, 0, 0, 0, 1236, 10, 14, 353]","[0.0, 0.0, 0.0, 0.0, 0.0, 0.0, 0.0, 0.0, 0.0, 0.0, 0.0, 0.0, 0.0, 0.0, 0.0, 0.0, 0.7662740235585865, 0.7724736515809052, 0.7811531308121513, 1.0]",4.0,2.0,2.0,2.0,2.0,0,-28.23625,8.0,-12.0,hrl_dqn_apf,hierarchical,dqn,-8.561,6.449,32.992,0.00,0.00,0.00,-44.473,6.746,-4.959,0.00,0.00,0.00,-20.873,6.299,30.054,0.00,0.00,0.00,4.111,4.111,4.140
2026-02-04 13:09:57,98.25,0,380,380,0.00%,84.72,0.00%,"[0, 5, 10, 15, 20, 25, 30, 35, 40, 45, 50, 55, 60, 65, 70, 75, 80, 85, 90, 95, 100]","[0, 0, 0, 0, 0, 0, 0, 0, 0, 0, 0, 0, 0, 0, 0, 0, 1236, 8, 16, 353]","[0.0, 0.0, 0.0, 0.0, 0.0, 0.0, 0.0, 0.0, 0.0, 0.0, 0.0, 0.0, 0.0, 0.0, 0.0, 0.0, 0.7662740235585865, 0.7712337259764415, 0.7811531308121513, 1.0]",4.0,2.0,2.0,2.0,2.0,11,-22.07576,8.0,0.0,hrl_dqn_apf,hierarchical,dqn,-8.561,6.443,31.471,0.00,0.00,0.00,-42.953,6.740,-4.960,0.00,0.00,0.00,-20.873,6.293,28.533,0.00,0.00,0.00,4.109,4.109,4.137
2026-02-04 13:09:58,99.25,0,382,382,0.00%,84.91,0.00%,"[0, 5, 10, 15, 20, 25, 30, 35, 40, 45, 50, 55, 60, 65, 70, 75, 80, 85, 90, 95, 100]","[0, 0, 0, 0, 0, 0, 0, 0, 0, 0, 0, 0, 0, 0, 0, 0, 1235, 9, 16, 353]","[0.0, 0.0, 0.0, 0.0, 0.0, 0.0, 0.0, 0.0, 0.0, 0.0, 0.0, 0.0, 0.0, 0.0, 0.0, 0.0, 0.7656540607563547, 0.7712337259764415, 0.7811531308121513, 1.0]",4.0,2.0,2.0,2.0,2.0,11,-22.07576,8.0,0.0,hrl_dqn_apf,hierarchical,dqn,-8.561,6.440,30.705,0.00,0.00,0.00,-42.187,6.737,-4.960,0.00,0.00,0.00,-20.873,6.290,27.767,0.00,0.00,0.00,4.105,4.105,4.134
2026-02-04 13:09:59,100.25,0,384,384,0.00%,85.10,0.00%,"[0, 5, 10, 15, 20, 25, 30, 35, 40, 45, 50, 55, 60, 65, 70, 75, 80, 85, 90, 95, 100]","[0, 0, 0, 0, 0, 0, 0, 0, 0, 0, 0, 0, 0, 0, 0, 0, 1235, 9, 10, 359]","[0.0, 0.0, 0.0, 0.0, 0.0, 0.0, 0.0, 0.0, 0.0, 0.0, 0.0, 0.0, 0.0, 0.0, 0.0, 0.0, 0.7656540607563547, 0.7712337259764415, 0.7774333539987601, 1.0]",4.0,2.0,2.0,2.0,2.0,6,-21.91574,8.0,-6.0,hrl_dqn_apf,hierarchical,dqn,-8.561,6.437,29.947,0.00,0.00,0.00,-41.430,6.734,-4.960,0.00,0.00,0.00,-20.873,6.287,27.009,0.00,0.00,0.00,4.102,4.102,4.131
2026-02-04 13:10:00,101.26,0,384,384,0.00%,85.29,0.00%,"[0, 5, 10, 15, 20, 25, 30, 35, 40, 45, 50, 55, 60, 65, 70, 75, 80, 85, 90, 95, 100]","[0, 0, 0, 0, 0, 0, 0, 0, 0, 0, 0, 0, 0, 0, 0, 0, 1233, 11, 8, 361]","[0.0, 0.0, 0.0, 0.0, 0.0, 0.0, 0.0, 0.0, 0.0, 0.0, 0.0, 0.0, 0.0, 0.0, 0.0, 0.0, 0.7644141351518909, 0.7712337259764415, 0.7761934283942964, 1.0]",4.0,2.0,2.0,2.0,2.0,16,-21.755200000000002,8.0,6.0,hrl_dqn_apf,hierarchical,dqn,-8.561,6.434,29.190,0.00,0.00,0.00,-40.672,6.731,-4.960,0.00,0.00,0.00,-20.873,6.284,26.251,0.00,0.00,0.00,4.100,4.100,4.128
2026-02-04 13:10:01,102.26,0,388,388,0.00%,85.60,0.06%,"[0, 5, 10, 15, 20, 25, 30, 35, 40, 45, 50, 55, 60, 65, 70, 75, 80, 85, 90, 95, 100]","[1, 0, 0, 0, 0, 0, 0, 0, 1, 0, 0, 0, 0, 0, 0, 1, 1228, 7, 10, 365]","[0.0006199628022318661, 0.0006199628022318661, 0.0006199628022318661, 0.0006199628022318661, 0.0006199628022318661, 0.0006199628022318661, 0.0006199628022318661, 0.0006199628022318661, 0.0012399256044637321, 0.0012399256044637321, 0.0012399256044637321, 0.0012399256044637321, 0.0012399256044637321, 0.0012399256044637321, 0.0012399256044637321, 0.0018598884066955983, 0.7631742095474272, 0.7675139491630503, 0.7737135771853689, 1.0]",4.0,2.0,2.0,2.0,2.0,16,-21.755200000000002,8.0,6.0,hrl_dqn_apf,hierarchical,dqn,-8.561,6.428,27.691,0.00,0.00,0.00,-39.175,6.725,-4.961,0.00,0.00,0.00,-20.873,6.278,24.753,0.00,0.00,0.00,4.096,4.096,4.125
2026-02-04 13:10:02,103.26,0,388,388,0.00%,85.75,0.12%,"[0, 5, 10, 15, 20, 25, 30, 35, 40, 45, 50, 55, 60, 65, 70, 75, 80, 85, 90, 95, 100]","[2, 0, 0, 0, 0, 0, 0, 0, 1, 0, 0, 0, 0, 0, 0, 0, 1228, 7, 8, 367]","[0.0012399256044637321, 0.0012399256044637321, 0.0012399256044637321, 0.0012399256044637321, 0.0012399256044637321, 0.0012399256044637321, 0.0012399256044637321, 0.0012399256044637321, 0.0018598884066955983, 0.0018598884066955983, 0.0018598884066955983, 0.0018598884066955983, 0.0018598884066955983, 0.0018598884066955983, 0.0018598884066955983, 0.0018598884066955983, 0.7631742095474272, 0.7675139491630503, 0.7724736515809052, 1.0]",4.0,2.0,2.0,2.0,2.0,4,-3.6748700000000003,8.0,-12.0,hrl_dqn_apf,hierarchical,dqn,-8.561,6.425,26.931,0.00,0.00,0.00,-38.415,6.722,-4.961,0.00,0.00,0.00,-20.873,6.275,23.993,0.00,0.00,0.00,4.093,4.093,4.122
2026-02-04 13:10:03,104.26,0,388,388,0.00%,85.94,0.12%,"[0, 5, 10, 15, 20, 25, 30, 35, 40, 45, 50, 55, 60, 65, 70, 75, 80, 85, 90, 95, 100]","[2, 0, 0, 0, 0, 0, 0, 0, 1, 0, 0, 0, 0, 0, 1, 0, 1221, 12, 9, 367]","[0.0012399256044637321, 0.0012399256044637321, 0.0012399256044637321, 0.0012399256044637321, 0.0012399256044637321, 0.0012399256044637321, 0.0012399256044637321, 0.0012399256044637321, 0.0018598884066955983, 0.0018598884066955983, 0.0018598884066955983, 0.0018598884066955983, 0.0018598884066955983, 0.0018598884066955983, 0.0024798512089274642, 0.0024798512089274642, 0.759454432734036, 0.7668939863608184, 0.7724736515809052, 1.0]",4.0,2.0,2.0,2.0,2.0,4,-3.6748700000000003,8.0,-12.0,hrl_dqn_apf,hierarchical,dqn,-8.561,6.422,26.176,0.00,0.00,0.00,-37.661,6.719,-4.961,0.00,0.00,0.00,-20.873,6.272,23.238,0.00,0.00,0.00,4.090,4.090,4.119
2026-02-04 13:10:04,105.27,0,390,390,0.00%,86.16,0.31%,"[0, 5, 10, 15, 20, 25, 30, 35, 40, 45, 50, 55, 60, 65, 70, 75, 80, 85, 90, 95, 100]","[4, 1, 0, 0, 0, 0, 0, 0, 2, 0, 0, 0, 0, 1, 0, 0, 1215, 14, 9, 367]","[0.0024798512089274642, 0.0030998140111593306, 0.0030998140111593306, 0.0030998140111593306, 0.0030998140111593306, 0.0030998140111593306, 0.0030998140111593306, 0.0030998140111593306, 0.0043397396156230625, 0.0043397396156230625, 0.0043397396156230625, 0.0043397396156230625, 0.0043397396156230625, 0.0049597024178549285, 0.0049597024178549285, 0.0049597024178549285, 0.7582145071295723, 0.7668939863608184, 0.7724736515809052, 1.0]",4.0,2.0,2.0,2.0,2.0,11,-21.514519999999997,8.0,0.0,hrl_dqn_apf,hierarchical,dqn,-8.561,6.416,24.655,0.00,0.00,0.00,-36.141,6.713,-4.962,0.00,0.00,0.00,-20.873,6.266,21.717,0.00,0.00,0.00,4.087,4.087,4.116
2026-02-04 13:10:05,106.27,0,390,390,0.00%,86.30,0.37%,"[0, 5, 10, 15, 20, 25, 30, 35, 40, 45, 50, 55, 60, 65, 70, 75, 80, 85, 90, 95, 100]","[6, 0, 0, 0, 0, 0, 0, 0, 2, 0, 0, 0, 0, 0, 0, 0, 1211, 14, 7, 373]","[0.0037197768133911966, 0.0037197768133911966, 0.0037197768133911966, 0.0037197768133911966, 0.0037197768133911966, 0.0037197768133911966, 0.0037197768133911966, 0.0037197768133911966, 0.0049597024178549285, 0.0049597024178549285, 0.0049597024178549285, 0.0049597024178549285, 0.0049597024178549285, 0.0049597024178549285, 0.0049597024178549285, 0.0049597024178549285, 0.7557346559206448, 0.7644141351518909, 0.768753874767514, 1.0]",4.0,2.0,2.0,2.0,2.0,21,-21.35406,8.0,12.0,hrl_dqn_apf,hierarchical,dqn,-8.561,6.413,23.895,0.00,0.00,0.00,-35.381,6.710,-4.962,0.00,0.00,0.00,-20.873,6.263,20.956,0.00,0.00,0.00,4.084,4.084,4.113
2026-02-04 13:10:06,107.28,0,390,390,0.00%,86.41,0.43%,"[0, 5, 10, 15, 20, 25, 30, 35, 40, 45, 50, 55, 60, 65, 70, 75, 80, 85, 90, 95, 100]","[7, 0, 0, 0, 0, 0, 0, 0, 3, 1, 0, 0, 0, 0, 0, 0, 1206, 16, 7, 373]","[0.0043397396156230625, 0.0043397396156230625, 0.0043397396156230625, 0.0043397396156230625, 0.0043397396156230625, 0.0043397396156230625, 0.0043397396156230625, 0.0043397396156230625, 0.006199628022318661, 0.006819590824550527, 0.006819590824550527, 0.006819590824550527, 0.006819590824550527, 0.006819590824550527, 0.006819590824550527, 0.006819590824550527, 0.7544947303161811, 0.7644141351518909, 0.768753874767514, 1.0]",4.0,2.0,2.0,2.0,2.0,21,-21.35406,8.0,12.0,hrl_dqn_apf,hierarchical,dqn,-8.561,6.410,23.131,0.00,0.00,0.00,-34.618,6.707,-4.962,0.00,0.00,0.00,-20.873,6.260,20.193,0.00,0.00,0.00,4.081,4.081,4.110
2026-02-04 13:10:07,108.28,0,391,391,0.00%,86.53,0.56%,"[0, 5, 10, 15, 20, 25, 30, 35, 40, 45, 50, 55, 60, 65, 70, 75, 80, 85, 90, 95, 100]","[8, 0, 0, 0, 1, 0, 0, 0, 3, 0, 0, 0, 0, 0, 0, 0, 1205, 16, 7, 373]","[0.0049597024178549285, 0.0049597024178549285, 0.0049597024178549285, 0.0049597024178549285, 0.005579665220086794, 0.005579665220086794, 0.005579665220086794, 0.005579665220086794, 0.007439553626782393, 0.007439553626782393, 0.007439553626782393, 0.007439553626782393, 0.007439553626782393, 0.007439553626782393, 0.007439553626782393, 0.007439553626782393, 0.7544947303161811, 0.7644141351518909, 0.768753874767514, 1.0]",4.0,2.0,2.0,2.0,2.0,17,-15.19377,8.0,6.0,hrl_dqn_apf,hierarchical,dqn,-8.561,6.407,22.405,0.00,0.00,0.00,-33.892,6.704,-4.963,0.00,0.00,0.00,-20.873,6.257,19.467,0.00,0.00,0.00,4.078,4.078,4.107
2026-02-04 13:10:08,109.28,0,393,393,0.00%,86.79,0.68%,"[0, 5, 10, 15, 20, 25, 30, 35, 40, 45, 50, 55, 60, 65, 70, 75, 80, 85, 90, 95, 100]","[10, 0, 0, 1, 0, 0, 0, 0, 3, 0, 1, 0, 1, 0, 0, 0, 1201, 8, 14, 374]","[0.006199628022318661, 0.006199628022318661, 0.006199628022318661, 0.006819590824550527, 0.006819590824550527, 0.006819590824550527, 0.006819590824550527, 0.006819590824550527, 0.008679479231246125, 0.008679479231246125, 0.009299442033477991, 0.009299442033477991, 0.009919404835709857, 0.009919404835709857, 0.009919404835709857, 0.009919404835709857, 0.7544947303161811, 0.759454432734036, 0.7681339119652821, 1.0]",4.0,2.0,2.0,2.0,2.0,23,-9.0338,8.0,12.0,hrl_dqn_apf,hierarchical,dqn,-8.561,6.401,20.884,0.00,0.00,0.00,-32.372,6.698,-4.963,0.00,0.00,0.00,-20.873,6.251,17.946,0.00,0.00,0.00,4.077,4.077,4.105
2026-02-04 13:10:09,110.28,0,395,395,0.00%,86.90,0.74%,"[0, 5, 10, 15, 20, 25, 30, 35, 40, 45, 50, 55, 60, 65, 70, 75, 80, 85, 90, 95, 100]","[12, 0, 0, 0, 0, 0, 0, 1, 4, 0, 0, 0, 0, 0, 0, 0, 1194, 14, 14, 374]","[0.007439553626782393, 0.007439553626782393, 0.007439553626782393, 0.007439553626782393, 0.007439553626782393, 0.007439553626782393, 0.007439553626782393, 0.008059516429014259, 0.010539367637941723, 0.010539367637941723, 0.010539367637941723, 0.010539367637941723, 0.010539367637941723, 0.010539367637941723, 0.010539367637941723, 0.010539367637941723, 0.7507749535027899, 0.759454432734036, 0.7681339119652821, 1.0]",4.0,2.0,2.0,2.0,2.0,23,-9.0338,8.0,12.0,hrl_dqn_apf,hierarchical,dqn,-8.561,6.383,20.126,0.00,0.00,0.00,-31.615,6.695,-4.963,0.00,0.00,0.00,-20.873,6.231,17.188,0.00,0.00,0.00,4.200,4.200,4.200
2026-02-04 13:10:10,111.28,0,395,395,0.00%,87.04,0.87%,"[0, 5, 10, 15, 20, 25, 30, 35, 40, 45, 50, 55, 60, 65, 70, 75, 80, 85, 90, 95, 100]","[13, 0, 0, 1, 0, 0, 0, 0, 4, 0, 0, 0, 0, 0, 0, 0, 1193, 10, 16, 376]","[0.008059516429014259, 0.008059516429014259, 0.008059516429014259, 0.008679479231246125, 0.008679479231246125, 0.008679479231246125, 0.008679479231246125, 0.008679479231246125, 0.011159330440173589, 0.011159330440173589, 0.011159330440173589, 0.011159330440173589, 0.011159330440173589, 0.011159330440173589, 0.011159330440173589, 0.011159330440173589, 0.7507749535027899, 0.7569745815251085, 0.7668939863608184, 1.0]",4.0,2.0,2.0,2.0,2.0,23,-9.0338,8.0,12.0,hrl_dqn_apf,hierarchical,dqn,-8.561,6.319,19.369,0.00,0.00,0.00,-30.857,6.692,-4.964,0.00,0.00,0.00,-20.873,6.168,16.431,0.00,0.00,0.00,4.200,4.200,4.200
2026-02-04 13:10:11,112.29,0,393,393,0.00%,87.18,0.87%,"[0, 5, 10, 15, 20, 25, 30, 35, 40, 45, 50, 55, 60, 65, 70, 75, 80, 85, 90, 95, 100]","[14, 0, 0, 0, 0, 0, 1, 0, 4, 0, 0, 0, 0, 1, 1, 0, 1190, 8, 16, 378]","[0.008679479231246125, 0.008679479231246125, 0.008679479231246125, 0.008679479231246125, 0.008679479231246125, 0.008679479231246125, 0.009299442033477991, 0.009299442033477991, 0.011779293242405457, 0.011779293242405457, 0.011779293242405457, 0.011779293242405457, 0.011779293242405457, 0.012399256044637322, 0.013019218846869188, 0.013019218846869188, 0.7507749535027899, 0.7557346559206448, 0.7656540607563547, 1.0]",4.0,2.0,2.0,2.0,2.0,23,-9.0338,8.0,12.0,hrl_dqn_apf,hierarchical,dqn,-8.561,6.291,18.607,0.00,0.00,0.00,-30.094,6.689,-4.964,0.00,0.00,0.00,-20.873,6.140,15.668,0.00,0.00,0.00,4.200,4.200,4.200
2026-02-04 13:10:12,113.29,0,401,401,0.00%,87.41,1.12%,"[0, 5, 10, 15, 20, 25, 30, 35, 40, 45, 50, 55, 60, 65, 70, 75, 80, 85, 90, 95, 100]","[17, 0, 0, 0, 0, 1, 0, 0, 5, 0, 0, 0, 0, 0, 0, 0, 1188, 9, 11, 382]","[0.010539367637941723, 0.010539367637941723, 0.010539367637941723, 0.010539367637941723, 0.010539367637941723, 0.011159330440173589, 0.011159330440173589, 0.011159330440173589, 0.01425914445133292, 0.01425914445133292, 0.01425914445133292, 0.01425914445133292, 0.01425914445133292, 0.01425914445133292, 0.01425914445133292, 0.01425914445133292, 0.7507749535027899, 0.7563546187228767, 0.7631742095474272, 1.0]",4.0,2.0,2.0,2.0,2.0,23,-9.0338,8.0,12.0,hrl_dqn_apf,hierarchical,dqn,-8.561,6.270,17.083,0.00,0.00,0.00,-28.570,6.683,-4.964,0.00,0.00,0.00,-20.873,6.120,14.145,0.00,0.00,0.00,4.200,4.200,4.200
2026-02-04 13:10:13,114.29,0,399,399,0.00%,87.57,1.12%,"[0, 5, 10, 15, 20, 25, 30, 35, 40, 45, 50, 55, 60, 65, 70, 75, 80, 85, 90, 95, 100]","[18, 0, 0, 0, 0, 0, 0, 0, 5, 0, 0, 0, 0, 0, 0, 0, 1189, 9, 7, 385]","[0.011159330440173589, 0.011159330440173589, 0.011159330440173589, 0.011159330440173589, 0.011159330440173589, 0.011159330440173589, 0.011159330440173589, 0.011159330440173589, 0.01425914445133292, 0.01425914445133292, 0.01425914445133292, 0.01425914445133292, 0.01425914445133292, 0.01425914445133292, 0.01425914445133292, 0.01425914445133292, 0.7513949163050218, 0.7569745815251085, 0.7613143211407316, 1.0]",4.0,2.0,2.0,2.0,2.0,23,-9.0338,8.0,12.0,hrl_dqn_apf,hierarchical,dqn,-8.561,6.265,16.319,0.00,0.00,0.00,-27.807,6.680,-4.965,0.00,0.00,0.00,-20.873,6.115,13.382,0.00,0.00,0.00,4.200,4.200,4.200
2026-02-04 13:10:14,115.29,0,403,403,0.00%,87.64,1.24%,"[0, 5, 10, 15, 20, 25, 30, 35, 40, 45, 50, 55, 60, 65, 70, 75, 80, 85, 90, 95, 100]","[18, 2, 0, 0, 0, 0, 0, 0, 5, 0, 0, 0, 0, 0, 0, 0, 1184, 7, 13, 384]","[0.011159330440173589, 0.012399256044637322, 0.012399256044637322, 0.012399256044637322, 0.012399256044637322, 0.012399256044637322, 0.012399256044637322, 0.012399256044637322, 0.015499070055796652, 0.015499070055796652, 0.015499070055796652, 0.015499070055796652, 0.015499070055796652, 0.015499070055796652, 0.015499070055796652, 0.015499070055796652, 0.749535027898326, 0.7538747675139492, 0.7619342839429635, 1.0]",4.0,2.0,2.0,2.0,2.0,23,-9.0338,8.0,12.0,hrl_dqn_apf,hierarchical,dqn,-8.561,6.262,15.559,0.00,0.00,0.00,-27.046,6.677,-4.965,0.00,0.00,0.00,-20.873,6.111,12.621,0.00,0.00,0.00,4.200,4.200,4.200
2026-02-04 13:10:15,116.30,1,404,405,0.25%,87.76,1.30%,"[0, 5, 10, 15, 20, 25, 30, 35, 40, 45, 50, 55, 60, 65, 70, 75, 80, 85, 90, 95, 100]","[19, 1, 0, 1, 0, 0, 0, 0, 6, 0, 0, 0, 0, 0, 0, 0, 1183, 7, 11, 385]","[0.011779293242405457, 0.012399256044637322, 0.012399256044637322, 0.013019218846869188, 0.013019218846869188, 0.013019218846869188, 0.013019218846869188, 0.013019218846869188, 0.016738995660260384, 0.016738995660260384, 0.016738995660260384, 0.016738995660260384, 0.016738995660260384, 0.016738995660260384, 0.016738995660260384, 0.016738995660260384, 0.750154990700558, 0.7544947303161811, 0.7613143211407316, 1.0]",4.0,2.0,2.0,2.0,2.0,23,-9.0338,8.0,12.0,hrl_dqn_apf,hierarchical,dqn,-8.561,6.258,14.779,0.00,0.00,0.00,-26.265,6.673,-4.965,0.00,0.00,0.00,-20.873,6.108,11.841,0.00,0.00,0.00,4.200,4.200,4.200
2026-02-04 13:10:16,117.30,0,354,354,0.00%,80.00,0.00%,"[0, 5, 10, 15, 20, 25, 30, 35, 40, 45, 50, 55, 60, 65, 70, 75, 80, 85, 90, 95, 100]","[0, 0, 0, 0, 0, 0, 0, 0, 0, 0, 0, 0, 0, 0, 0, 0, 1613, 0, 0, 0]","[0.0, 0.0, 0.0, 0.0, 0.0, 0.0, 0.0, 0.0, 0.0, 0.0, 0.0, 0.0, 0.0, 0.0, 0.0, 0.0, 1.0, 1.0, 1.0, 1.0]",4.0,2.0,2.0,2.0,2.0,23,-9.0338,8.0,12.0,hrl_dqn_apf,hierarchical,dqn,-8.561,6.252,13.255,0.00,0.00,0.00,-24.742,6.667,-4.966,0.00,0.00,0.00,-20.873,6.102,10.318,0.00,0.00,0.00,4.200,4.200,4.200
2026-02-04 13:10:17,118.30,0,354,354,0.00%,80.00,0.00%,"[0, 5, 10, 15, 20, 25, 30, 35, 40, 45, 50, 55, 60, 65, 70, 75, 80, 85, 90, 95, 100]","[0, 0, 0, 0, 0, 0, 0, 0, 0, 0, 0, 0, 0, 0, 0, 0, 1613, 0, 0, 0]","[0.0, 0.0, 0.0, 0.0, 0.0, 0.0, 0.0, 0.0, 0.0, 0.0, 0.0, 0.0, 0.0, 0.0, 0.0, 0.0, 1.0, 1.0, 1.0, 1.0]",4.0,2.0,2.0,2.0,2.0,23,-9.0338,8.0,12.0,hrl_dqn_apf,hierarchical,dqn,-8.561,6.249,12.495,0.00,0.00,0.00,-23.981,6.664,-4.966,0.00,0.00,0.00,-20.873,6.099,9.557,0.00,0.00,0.00,4.200,4.200,4.200
2026-02-04 13:10:18,119.30,0,354,354,0.00%,80.00,0.00%,"[0, 5, 10, 15, 20, 25, 30, 35, 40, 45, 50, 55, 60, 65, 70, 75, 80, 85, 90, 95, 100]","[0, 0, 0, 0, 0, 0, 0, 0, 0, 0, 0, 0, 0, 0, 0, 0, 1613, 0, 0, 0]","[0.0, 0.0, 0.0, 0.0, 0.0, 0.0, 0.0, 0.0, 0.0, 0.0, 0.0, 0.0, 0.0, 0.0, 0.0, 0.0, 1.0, 1.0, 1.0, 1.0]",4.0,2.0,2.0,2.0,2.0,23,-9.0338,8.0,12.0,hrl_dqn_apf,hierarchical,dqn,-8.561,6.246,11.735,0.00,0.00,0.00,-23.221,6.661,-4.966,0.00,0.00,0.00,-20.873,6.096,8.797,0.00,0.00,0.00,4.200,4.200,4.200
2026-02-04 13:10:19,120.30,0,354,354,0.00%,80.00,0.00%,"[0, 5, 10, 15, 20, 25, 30, 35, 40, 45, 50, 55, 60, 65, 70, 75, 80, 85, 90, 95, 100]","[0, 0, 0, 0, 0, 0, 0, 0, 0, 0, 0, 0, 0, 0, 0, 0, 1613, 0, 0, 0]","[0.0, 0.0, 0.0, 0.0, 0.0, 0.0, 0.0, 0.0, 0.0, 0.0, 0.0, 0.0, 0.0, 0.0, 0.0, 0.0, 1.0, 1.0, 1.0, 1.0]",4.0,2.0,2.0,2.0,2.0,23,-9.0338,8.0,12.0,hrl_dqn_apf,hierarchical,dqn,-8.561,6.243,10.977,0.00,0.00,0.00,-22.463,6.658,-4.966,0.00,0.00,0.00,-20.873,6.093,8.040,0.00,0.00,0.00,4.200,4.200,4.200
2026-02-04 13:10:20,121.31,5,347,352,1.42%,80.10,0.31%,"[0, 5, 10, 15, 20, 25, 30, 35, 40, 45, 50, 55, 60, 65, 70, 75, 80, 85, 90, 95, 100]","[4, 0, 0, 1, 0, 0, 0, 0, 0, 0, 0, 0, 0, 1, 0, 0, 1607, 0, 0, 0]","[0.0024798512089274642, 0.0024798512089274642, 0.0024798512089274642, 0.0030998140111593306, 0.0030998140111593306, 0.0030998140111593306, 0.0030998140111593306, 0.0030998140111593306, 0.0030998140111593306, 0.0030998140111593306, 0.0030998140111593306, 0.0030998140111593306, 0.0030998140111593306, 0.0037197768133911966, 0.0037197768133911966, 0.0037197768133911966, 1.0, 1.0, 1.0, 1.0]",4.0,2.0,2.0,2.0,2.0,23,-9.0338,8.0,12.0,hrl_dqn_apf,hierarchical,dqn,-8.561,6.237,9.454,0.00,0.00,0.00,-20.939,6.652,-4.967,0.00,0.00,0.00,-20.873,6.086,6.516,0.00,0.00,0.00,4.200,4.200,4.200
2026-02-04 13:10:21,122.31,6,347,353,1.70%,80.16,0.37%,"[0, 5, 10, 15, 20, 25, 30, 35, 40, 45, 50, 55, 60, 65, 70, 75, 80, 85, 90, 95, 100]","[6, 0, 0, 0, 0, 0, 0, 0, 1, 1, 0, 0, 0, 1, 0, 0, 1604, 0, 0, 0]","[0.0037197768133911966, 0.0037197768133911966, 0.0037197768133911966, 0.0037197768133911966, 0.0037197768133911966, 0.0037197768133911966, 0.0037197768133911966, 0.0037197768133911966, 0.0043397396156230625, 0.0049597024178549285, 0.0049597024178549285, 0.0049597024178549285, 0.0049597024178549285, 0.005579665220086794, 0.005579665220086794, 0.005579665220086794, 1.0, 1.0, 1.0, 1.0]",4.0,2.0,2.0,2.0,2.0,23,-9.0338,8.0,12.0,hrl_dqn_apf,hierarchical,dqn,-8.561,6.172,8.694,0.00,0.00,0.00,-20.179,6.591,-4.967,0.00,0.00,0.00,-20.873,6.022,5.756,0.00,0.00,0.00,4.200,4.200,4.200
2026-02-04 13:10:22,123.31,9,344,353,2.55%,80.22,0.56%,"[0, 5, 10, 15, 20, 25, 30, 35, 40, 45, 50, 55, 60, 65, 70, 75, 80, 85, 90, 95, 100]","[8, 0, 0, 0, 1, 0, 0, 0, 0, 1, 0, 0, 0, 1, 0, 0, 1602, 0, 0, 0]","[0.0049597024178549285, 0.0049597024178549285, 0.0049597024178549285, 0.0049597024178549285, 0.005579665220086794, 0.005579665220086794, 0.005579665220086794, 0.005579665220086794, 0.005579665220086794, 0.006199628022318661, 0.006199628022318661, 0.006199628022318661, 0.006199628022318661, 0.006819590824550527, 0.006819590824550527, 0.006819590824550527, 1.0, 1.0, 1.0, 1.0]",4.0,2.0,2.0,2.0,2.0,23,-9.0338,8.0,12.0,hrl_dqn_apf,hierarchical,dqn,-8.561,6.151,8.279,0.00,0.00,0.00,-19.445,6.554,-4.968,0.00,0.00,0.00,-20.873,5.986,5.022,0.00,0.00,0.00,4.200,4.200,4.200
2026-02-04 13:10:23,124.31,9,344,353,2.55%,80.35,0.56%,"[0, 5, 10, 15, 20, 25, 30, 35, 40, 45, 50, 55, 60, 65, 70, 75, 80, 85, 90, 95, 100]","[9, 0, 0, 0, 0, 0, 0, 0, 0, 2, 0, 0, 0, 1, 1, 0, 1600, 0, 0, 0]","[0.005579665220086794, 0.005579665220086794, 0.005579665220086794, 0.005579665220086794, 0.005579665220086794, 0.005579665220086794, 0.005579665220086794, 0.005579665220086794, 0.005579665220086794, 0.006819590824550527, 0.006819590824550527, 0.006819590824550527, 0.006819590824550527, 0.007439553626782393, 0.008059516429014259, 0.008059516429014259, 1.0, 1.0, 1.0, 1.0]",4.0,2.0,2.0,2.0,2.0,23,-9.0338,8.0,12.0,hrl_dqn_apf,hierarchical,dqn,-8.561,6.141,7.670,0.00,0.00,0.00,-18.684,6.536,-4.968,0.00,0.00,0.00,-20.873,5.969,4.262,0.00,0.00,0.00,4.200,4.200,4.200
2026-02-04 13:10:24,125.32,12,345,357,3.36%,80.47,0.74%,"[0, 5, 10, 15, 20, 25, 30, 35, 40, 45, 50, 55, 60, 65, 70, 75, 80, 85, 90, 95, 100]","[12, 0, 0, 0, 0, 0, 0, 2, 0, 2, 0, 1, 0, 1, 0, 0, 1261, 334, 0, 0]","[0.007439553626782393, 0.007439553626782393, 0.007439553626782393, 0.007439553626782393, 0.007439553626782393, 0.007439553626782393, 0.007439553626782393, 0.008679479231246125, 0.008679479231246125, 0.009919404835709857, 0.009919404835709857, 0.010539367637941723, 0.010539367637941723, 0.011159330440173589, 0.011159330440173589, 0.011159330440173589, 0.7929324240545568, 1.0, 1.0, 1.0]",4.0,2.0,2.0,2.0,2.0,23,-9.0338,8.0,12.0,hrl_dqn_apf,hierarchical,dqn,-8.561,6.128,6.200,0.00,0.00,0.00,-17.160,6.521,-4.968,0.00,0.00,0.00,-20.873,5.954,2.738,0.00,0.00,0.00,4.200,4.200,4.200
2026-02-04 13:10:25,126.32,15,342,357,4.20%,80.56,0.93%,"[0, 5, 10, 15, 20, 25, 30, 35, 40, 45, 50, 55, 60, 65, 70, 75, 80, 85, 90, 95, 100]","[13, 2, 0, 0, 0, 0, 0, 0, 0, 0, 2, 0, 0, 0, 2, 0, 1261, 333, 0, 0]","[0.008059516429014259, 0.009299442033477991, 0.009299442033477991, 0.009299442033477991, 0.009299442033477991, 0.009299442033477991, 0.009299442033477991, 0.009299442033477991, 0.009299442033477991, 0.009299442033477991, 0.010539367637941723, 0.010539367637941723, 0.010539367637941723, 0.010539367637941723, 0.011779293242405457, 0.011779293242405457, 0.7935523868567886, 1.0, 1.0, 1.0]",4.0,2.0,2.0,2.0,2.0,23,-9.0338,8.0,12.0,hrl_dqn_apf,hierarchical,dqn,-8.563,6.124,5.435,0.00,0.00,0.00,-16.400,6.517,-4.969,0.00,0.00,0.00,-20.873,5.950,1.978,0.00,0.00,0.00,4.200,4.200,4.200
2026-02-04 13:10:26,127.32,16,345,361,4.43%,80.62,0.99%,"[0, 5, 10, 15, 20, 25, 30, 35, 40, 45, 50, 55, 60, 65, 70, 75, 80, 85, 90, 95, 100]","[13, 3, 0, 0, 0, 0, 1, 0, 1, 0, 2, 0, 0, 1, 1, 0, 1261, 330, 0, 0]","[0.008059516429014259, 0.009919404835709857, 0.009919404835709857, 0.009919404835709857, 0.009919404835709857, 0.009919404835709857, 0.010539367637941723, 0.010539367637941723, 0.011159330440173589, 0.011159330440173589, 0.012399256044637322, 0.012399256044637322, 0.012399256044637322, 0.013019218846869188, 0.013639181649101054, 0.013639181649101054, 0.7954122752634842, 1.0, 1.0, 1.0]",4.0,2.0,2.0,2.0,2.0,23,-9.0338,8.0,12.0,hrl_dqn_apf,hierarchical,dqn,-8.562,6.120,4.779,0.00,0.00,0.00,-15.639,6.513,-4.969,0.00,0.00,0.00,-20.873,5.947,1.218,0.00,0.00,0.00,4.200,4.200,4.200
2026-02-04 13:10:27,128.32,0,354,354,0.00%,80.00,0.00%,"[0, 5, 10, 15, 20, 25, 30, 35, 40, 45, 50, 55, 60, 65, 70, 75, 80, 85, 90, 95, 100]","[0, 0, 0, 0, 0, 0, 0, 0, 0, 0, 0, 0, 0, 0, 0, 0, 1613, 0, 0, 0]","[0.0, 0.0, 0.0, 0.0, 0.0, 0.0, 0.0, 0.0, 0.0, 0.0, 0.0, 0.0, 0.0, 0.0, 0.0, 0.0, 1.0, 1.0, 1.0, 1.0]",4.0,2.0,2.0,2.0,2.0,23,-9.0338,8.0,12.0,hrl_dqn_apf,hierarchical,dqn,-8.562,6.136,3.813,0.00,0.00,0.00,-14.290,6.507,-4.969,0.00,0.00,0.00,-20.873,5.941,-0.132,0.00,0.00,0.00,4.200,4.200,4.200
2026-02-04 13:10:28,129.33,0,354,354,0.00%,80.00,0.00%,"[0, 5, 10, 15, 20, 25, 30, 35, 40, 45, 50, 55, 60, 65, 70, 75, 80, 85, 90, 95, 100]","[0, 0, 0, 0, 0, 0, 0, 0, 0, 0, 0, 0, 0, 0, 0, 0, 1613, 0, 0, 0]","[0.0, 0.0, 0.0, 0.0, 0.0, 0.0, 0.0, 0.0, 0.0, 0.0, 0.0, 0.0, 0.0, 0.0, 0.0, 0.0, 1.0, 1.0, 1.0, 1.0]",4.0,2.0,2.0,2.0,2.0,23,-9.0338,8.0,12.0,hrl_dqn_apf,hierarchical,dqn,-8.562,6.133,2.973,0.00,0.00,0.00,-13.412,6.504,-4.970,0.00,0.00,0.00,-20.873,5.938,-1.009,0.00,0.00,0.00,4.200,4.200,4.200
2026-02-04 13:10:29,130.33,0,354,354,0.00%,80.00,0.00%,"[0, 5, 10, 15, 20, 25, 30, 35, 40, 45, 50, 55, 60, 65, 70, 75, 80, 85, 90, 95, 100]","[0, 0, 0, 0, 0, 0, 0, 0, 0, 0, 0, 0, 0, 0, 0, 0, 1613, 0, 0, 0]","[0.0, 0.0, 0.0, 0.0, 0.0, 0.0, 0.0, 0.0, 0.0, 0.0, 0.0, 0.0, 0.0, 0.0, 0.0, 0.0, 1.0, 1.0, 1.0, 1.0]",4.0,2.0,2.0,2.0,2.0,23,-9.0338,8.0,12.0,hrl_dqn_apf,hierarchical,dqn,-8.562,6.130,2.218,0.00,0.00,0.00,-12.648,6.501,-4.970,0.00,0.00,0.00,-20.873,5.935,-1.773,0.00,0.00,0.00,4.200,4.200,4.200
2026-02-04 13:10:30,131.33,0,354,354,0.00%,80.00,0.00%,"[0, 5, 10, 15, 20, 25, 30, 35, 40, 45, 50, 55, 60, 65, 70, 75, 80, 85, 90, 95, 100]","[0, 0, 0, 0, 0, 0, 0, 0, 0, 0, 0, 0, 0, 0, 0, 0, 1613, 0, 0, 0]","[0.0, 0.0, 0.0, 0.0, 0.0, 0.0, 0.0, 0.0, 0.0, 0.0, 0.0, 0.0, 0.0, 0.0, 0.0, 0.0, 1.0, 1.0, 1.0, 1.0]",4.0,2.0,2.0,2.0,2.0,23,-9.0338,8.0,12.0,hrl_dqn_apf,hierarchical,dqn,-8.563,6.128,1.455,0.00,0.00,0.00,-11.891,6.498,-4.970,0.00,0.00,0.00,-20.873,5.932,-2.530,0.00,0.00,0.00,4.200,4.200,4.200
2026-02-04 13:10:31,132.33,3,349,352,0.85%,80.00,0.19%,"[0, 5, 10, 15, 20, 25, 30, 35, 40, 45, 50, 55, 60, 65, 70, 75, 80, 85, 90, 95, 100]","[2, 0, 1, 0, 0, 0, 0, 0, 0, 0, 0, 2, 0, 0, 1, 0, 1607, 0, 0, 0]","[0.0012399256044637321, 0.0012399256044637321, 0.0018598884066955983, 0.0018598884066955983, 0.0018598884066955983, 0.0018598884066955983, 0.0018598884066955983, 0.0018598884066955983, 0.0018598884066955983, 0.0018598884066955983, 0.0018598884066955983, 0.0030998140111593306, 0.0030998140111593306, 0.0030998140111593306, 0.0037197768133911966, 0.0037197768133911966, 1.0, 1.0, 1.0, 1.0]",4.0,2.0,2.0,2.0,2.0,23,-9.0338,8.0,12.0,hrl_dqn_apf,hierarchical,dqn,-8.563,6.125,0.692,0.00,0.00,0.00,-11.127,6.495,-4.970,0.00,0.00,0.00,-20.873,5.929,-3.293,0.00,0.00,0.00,4.200,4.200,4.200
2026-02-04 13:10:32,133.33,7,346,353,1.98%,80.12,0.43%,"[0, 5, 10, 15, 20, 25, 30, 35, 40, 45, 50, 55, 60, 65, 70, 75, 80, 85, 90, 95, 100]","[6, 0, 1, 0, 0, 0, 0, 0, 0, 1, 1, 0, 1, 0, 0, 0, 1603, 0, 0, 0]","[0.0037197768133911966, 0.0037197768133911966, 0.0043397396156230625, 0.0043397396156230625, 0.0043397396156230625, 0.0043397396156230625, 0.0043397396156230625, 0.0043397396156230625, 0.0043397396156230625, 0.0049597024178549285, 0.005579665220086794, 0.005579665220086794, 0.006199628022318661, 0.006199628022318661, 0.006199628022318661, 0.006199628022318661, 1.0, 1.0, 1.0, 1.0]",4.0,2.0,2.0,2.0,2.0,23,-9.0338,8.0,12.0,hrl_dqn_apf,hierarchical,dqn,-8.563,6.081,-0.831,0.00,0.00,0.00,-9.604,6.452,-4.971,0.00,0.00,0.00,-20.873,5.884,-4.817,0.00,0.00,0.00,4.200,4.200,4.200
2026-02-04 13:10:33,134.34,8,345,353,2.27%,80.24,0.50%,"[0, 5, 10, 15, 20, 25, 30, 35, 40, 45, 50, 55, 60, 65, 70, 75, 80, 85, 90, 95, 100]","[7, 0, 1, 0, 0, 0, 0, 0, 0, 1, 0, 1, 1, 0, 1, 0, 1601, 0, 0, 0]","[0.0043397396156230625, 0.0043397396156230625, 0.0049597024178549285, 0.0049597024178549285, 0.0049597024178549285, 0.0049597024178549285, 0.0049597024178549285, 0.0049597024178549285, 0.0049597024178549285, 0.005579665220086794, 0.005579665220086794, 0.006199628022318661, 0.006819590824550527, 0.006819590824550527, 0.007439553626782393, 0.007439553626782393, 1.0, 1.0, 1.0, 1.0]",4.0,2.0,2.0,2.0,2.0,23,-9.0338,8.0,12.0,hrl_dqn_apf,hierarchical,dqn,-8.562,6.031,-1.551,0.00,0.00,0.00,-8.844,6.401,-4.971,0.00,0.00,0.00,-20.873,5.834,-5.576,0.00,0.00,0.00,4.200,4.200,4.200
2026-02-04 13:10:34,135.34,11,342,353,3.12%,80.28,0.68%,"[0, 5, 10, 15, 20, 25, 30, 35, 40, 45, 50, 55, 60, 65, 70, 75, 80, 85, 90, 95, 100]","[9, 0, 1, 0, 0, 1, 0, 0, 0, 2, 0, 0, 1, 0, 0, 0, 1599, 0, 0, 0]","[0.005579665220086794, 0.005579665220086794, 0.006199628022318661, 0.006199628022318661, 0.006199628022318661, 0.006819590824550527, 0.006819590824550527, 0.006819590824550527, 0.006819590824550527, 0.008059516429014259, 0.008059516429014259, 0.008059516429014259, 0.008679479231246125, 0.008679479231246125, 0.008679479231246125, 0.008679479231246125, 1.0, 1.0, 1.0, 1.0]",4.0,2.0,2.0,2.0,2.0,23,-9.0338,8.0,12.0,hrl_dqn_apf,hierarchical,dqn,-8.562,6.025,-1.987,0.00,0.00,0.00,-8.064,6.378,-4.971,0.00,0.00,0.00,-20.873,5.811,-6.357,0.00,0.00,0.00,4.200,4.200,4.200
2026-02-04 13:10:35,136.35,12,343,355,3.38%,80.37,0.74%,"[0, 5, 10, 15, 20, 25, 30, 35, 40, 45, 50, 55, 60, 65, 70, 75, 80, 85, 90, 95, 100]","[10, 1, 0, 1, 0, 0, 0, 0, 1, 2, 0, 0, 1, 0, 0, 0, 1597, 0, 0, 0]","[0.006199628022318661, 0.006819590824550527, 0.006819590824550527, 0.007439553626782393, 0.007439553626782393, 0.007439553626782393, 0.007439553626782393, 0.007439553626782393, 0.008059516429014259, 0.009299442033477991, 0.009299442033477991, 0.009299442033477991, 0.009919404835709857, 0.009919404835709857, 0.009919404835709857, 0.009919404835709857, 1.0, 1.0, 1.0, 1.0]",4.0,2.0,2.0,2.0,2.0,23,-9.0338,8.0,12.0,hrl_dqn_apf,hierarchical,dqn,-8.562,6.018,-2.643,0.00,0.00,0.00,-7.303,6.367,-4.972,0.00,0.00,0.00,-20.873,5.800,-7.117,0.00,0.00,0.00,4.200,4.200,4.200
2026-02-04 13:10:36,137.35,16,341,357,4.48%,80.52,0.99%,"[0, 5, 10, 15, 20, 25, 30, 35, 40, 45, 50, 55, 60, 65, 70, 75, 80, 85, 90, 95, 100]","[12, 2, 0, 1, 0, 1, 0, 0, 0, 0, 3, 0, 1, 0, 0, 0, 1261, 332, 0, 0]","[0.007439553626782393, 0.008679479231246125, 0.008679479231246125, 0.009299442033477991, 0.009299442033477991, 0.009919404835709857, 0.009919404835709857, 0.009919404835709857, 0.009919404835709857, 0.009919404835709857, 0.011779293242405457, 0.011779293242405457, 0.012399256044637322, 0.012399256044637322, 0.012399256044637322, 0.012399256044637322, 0.7941723496590205, 1.0, 1.0, 1.0]",4.0,2.0,2.0,2.0,2.0,23,-9.0338,8.0,12.0,hrl_dqn_apf,hierarchical,dqn,-8.562,6.008,-4.119,0.00,0.00,0.00,-5.791,6.356,-4.972,0.00,0.00,0.00,-20.873,5.790,-8.629,0.00,0.00,0.00,4.200,4.200,4.200
2026-02-04 13:10:37,138.35,17,344,361,4.71%,80.64,1.05%,"[0, 5, 10, 15, 20, 25, 30, 35, 40, 45, 50, 55, 60, 65, 70, 75, 80, 85, 90, 95, 100]","[12, 3, 0, 1, 0, 1, 0, 0, 0, 0, 3, 0, 0, 1, 0, 0, 1261, 331, 0, 0]","[0.007439553626782393, 0.009299442033477991, 0.009299442033477991, 0.009919404835709857, 0.009919404835709857, 0.010539367637941723, 0.010539367637941723, 0.010539367637941723, 0.010539367637941723, 0.010539367637941723, 0.012399256044637322, 0.012399256044637322, 0.012399256044637322, 0.013019218846869188, 0.013019218846869188, 0.013019218846869188, 0.7947923124612524, 1.0, 1.0, 1.0]",4.0,2.0,2.0,2.0,2.0,23,-9.0338,8.0,12.0,hrl_dqn_apf,hierarchical,dqn,-8.563,6.006,-4.884,0.00,0.00,0.00,-5.031,6.353,-4.972,0.00,0.00,0.00,-20.873,5.786,-9.389,0.00,0.00,0.00,4.200,4.200,4.200
2026-02-04 13:10:38,139.36,18,347,365,4.93%,80.74,1.12%,"[0, 5, 10, 15, 20, 25, 30, 35, 40, 45, 50, 55, 60, 65, 70, 75, 80, 85, 90, 95, 100]","[12, 4, 0, 2, 0, 0, 0, 0, 0, 0, 4, 0, 0, 1, 0, 0, 1260, 330, 0, 0]","[0.007439553626782393, 0.009919404835709857, 0.009919404835709857, 0.011159330440173589, 0.011159330440173589, 0.011159330440173589, 0.011159330440173589, 0.011159330440173589, 0.011159330440173589, 0.011159330440173589, 0.013639181649101054, 0.013639181649101054, 0.013639181649101054, 0.01425914445133292, 0.01425914445133292, 0.01425914445133292, 0.7954122752634842, 1.0, 1.0, 1.0]",4.0,2.0,2.0,2.0,2.0,23,-9.0338,8.0,12.0,hrl_dqn_apf,hierarchical,dqn,-8.562,6.005,-5.465,0.00,0.00,0.00,-4.270,6.349,-4.973,0.00,0.00,0.00,-20.873,5.783,-10.150,0.00,0.00,0.00,4.200,4.200,4.200
2026-02-04 13:10:39,140.36,0,354,354,0.00%,80.00,0.00%,"[0, 5, 10, 15, 20, 25, 30, 35, 40, 45, 50, 55, 60, 65, 70, 75, 80, 85, 90, 95, 100]","[0, 0, 0, 0, 0, 0, 0, 0, 0, 0, 0, 0, 0, 0, 0, 0, 1613, 0, 0, 0]","[0.0, 0.0, 0.0, 0.0, 0.0, 0.0, 0.0, 0.0, 0.0, 0.0, 0.0, 0.0, 0.0, 0.0, 0.0, 0.0, 1.0, 1.0, 1.0, 1.0]",4.0,2.0,2.0,2.0,2.0,23,-9.0338,8.0,12.0,hrl_dqn_apf,hierarchical,dqn,-8.562,6.018,-5.968,0.00,0.00,0.00,-3.518,6.346,-4.973,0.00,0.00,0.00,-20.873,5.780,-10.901,0.00,0.00,0.00,4.200,4.200,4.200
2026-02-04 13:10:40,141.36,0,354,354,0.00%,80.00,0.00%,"[0, 5, 10, 15, 20, 25, 30, 35, 40, 45, 50, 55, 60, 65, 70, 75, 80, 85, 90, 95, 100]","[0, 0, 0, 0, 0, 0, 0, 0, 0, 0, 0, 0, 0, 0, 0, 0, 1613, 0, 0, 0]","[0.0, 0.0, 0.0, 0.0, 0.0, 0.0, 0.0, 0.0, 0.0, 0.0, 0.0, 0.0, 0.0, 0.0, 0.0, 0.0, 1.0, 1.0, 1.0, 1.0]",4.0,2.0,2.0,2.0,2.0,23,-9.0338,8.0,12.0,hrl_dqn_apf,hierarchical,dqn,-8.562,6.015,-7.354,0.00,0.00,0.00,-2.038,6.340,-4.973,0.00,0.00,0.00,-20.873,5.774,-12.382,0.00,0.00,0.00,4.200,4.200,4.200
2026-02-04 13:10:41,142.36,0,354,354,0.00%,80.00,0.00%,"[0, 5, 10, 15, 20, 25, 30, 35, 40, 45, 50, 55, 60, 65, 70, 75, 80, 85, 90, 95, 100]","[0, 0, 0, 0, 0, 0, 0, 0, 0, 0, 0, 0, 0, 0, 0, 0, 1613, 0, 0, 0]","[0.0, 0.0, 0.0, 0.0, 0.0, 0.0, 0.0, 0.0, 0.0, 0.0, 0.0, 0.0, 0.0, 0.0, 0.0, 0.0, 1.0, 1.0, 1.0, 1.0]",4.0,2.0,2.0,2.0,2.0,23,-9.0338,8.0,12.0,hrl_dqn_apf,hierarchical,dqn,-8.562,6.012,-8.111,0.00,0.00,0.00,-1.274,6.337,-4.974,0.00,0.00,0.00,-20.873,5.771,-13.145,0.00,0.00,0.00,4.200,4.200,4.200
2026-02-04 13:10:42,143.36,2,350,352,0.57%,79.99,0.19%,"[0, 5, 10, 15, 20, 25, 30, 35, 40, 45, 50, 55, 60, 65, 70, 75, 80, 85, 90, 95, 100]","[1, 0, 1, 0, 1, 0, 0, 0, 0, 1, 1, 1, 0, 0, 0, 1, 1606, 0, 0, 0]","[0.0006199628022318661, 0.0006199628022318661, 0.0012399256044637321, 0.0012399256044637321, 0.0018598884066955983, 0.0018598884066955983, 0.0018598884066955983, 0.0018598884066955983, 0.0018598884066955983, 0.0024798512089274642, 0.0030998140111593306, 0.0037197768133911966, 0.0037197768133911966, 0.0037197768133911966, 0.0037197768133911966, 0.0043397396156230625, 1.0, 1.0, 1.0, 1.0]",4.0,2.0,2.0,2.0,2.0,23,-9.0338,8.0,12.0,hrl_dqn_apf,hierarchical,dqn,-8.563,6.010,-8.848,0.00,0.00,0.00,-0.543,6.334,-4.974,0.00,0.00,0.00,-20.873,5.768,-13.877,0.00,0.00,0.00,4.200,4.200,4.200
2026-02-04 13:10:43,144.37,4,348,352,1.14%,80.05,0.37%,"[0, 5, 10, 15, 20, 25, 30, 35, 40, 45, 50, 55, 60, 65, 70, 75, 80, 85, 90, 95, 100]","[4, 0, 1, 0, 1, 0, 0, 0, 0, 0, 0, 0, 1, 0, 0, 0, 1606, 0, 0, 0]","[0.0024798512089274642, 0.0024798512089274642, 0.0030998140111593306, 0.0030998140111593306, 0.0037197768133911966, 0.0037197768133911966, 0.0037197768133911966, 0.0037197768133911966, 0.0037197768133911966, 0.0037197768133911966, 0.0037197768133911966, 0.0037197768133911966, 0.0043397396156230625, 0.0043397396156230625, 0.0043397396156230625, 0.0043397396156230625, 1.0, 1.0, 1.0, 1.0]",4.0,2.0,2.0,2.0,2.0,23,-9.0338,8.0,12.0,hrl_dqn_apf,hierarchical,dqn,-8.563,6.007,-9.602,0.00,0.00,0.00,0.212,6.331,-4.974,0.00,0.00,0.00,-20.873,5.765,-14.631,0.00,0.00,0.00,4.200,4.200,4.200
2026-02-04 13:10:44,145.37,5,348,353,1.42%,80.22,0.56%,"[0, 5, 10, 15, 20, 25, 30, 35, 40, 45, 50, 55, 60, 65, 70, 75, 80, 85, 90, 95, 100]","[7, 0, 1, 0, 1, 0, 0, 0, 1, 0, 0, 0, 2, 0, 0, 0, 1601, 0, 0, 0]","[0.0043397396156230625, 0.0043397396156230625, 0.0049597024178549285, 0.0049597024178549285, 0.005579665220086794, 0.005579665220086794, 0.005579665220086794, 0.005579665220086794, 0.006199628022318661, 0.006199628022318661, 0.006199628022318661, 0.006199628022318661, 0.007439553626782393, 0.007439553626782393, 0.007439553626782393, 0.007439553626782393, 1.0, 1.0, 1.0, 1.0]",4.0,2.0,2.0,2.0,2.0,23,-9.0338,8.0,12.0,hrl_dqn_apf,hierarchical,dqn,-8.563,5.929,-11.143,0.00,0.00,0.00,1.753,6.325,-4.975,0.00,0.00,0.00,-20.873,5.686,-16.171,0.00,0.00,0.00,4.200,4.200,4.200
2026-02-04 13:10:45,146.37,5,348,353,1.42%,80.28,0.74%,"[0, 5, 10, 15, 20, 25, 30, 35, 40, 45, 50, 55, 60, 65, 70, 75, 80, 85, 90, 95, 100]","[8, 0, 2, 0, 1, 1, 0, 0, 1, 0, 0, 0, 1, 0, 0, 0, 1599, 0, 0, 0]","[0.0049597024178549285, 0.0049597024178549285, 0.006199628022318661, 0.006199628022318661, 0.006819590824550527, 0.007439553626782393, 0.007439553626782393, 0.007439553626782393, 0.008059516429014259, 0.008059516429014259, 0.008059516429014259, 0.008059516429014259, 0.008679479231246125, 0.008679479231246125, 0.008679479231246125, 0.008679479231246125, 1.0, 1.0, 1.0, 1.0]",4.0,2.0,2.0,2.0,2.0,23,-9.0338,8.0,12.0,hrl_dqn_apf,hierarchical,dqn,-8.563,5.898,-11.903,0.00,0.00,0.00,2.513,6.322,-4.975,0.00,0.00,0.00,-20.873,5.656,-16.931,0.00,0.00,0.00,4.200,4.200,4.200
2026-02-04 13:10:46,147.37,5,350,355,1.41%,80.41,0.74%,"[0, 5, 10, 15, 20, 25, 30, 35, 40, 45, 50, 55, 60, 65, 70, 75, 80, 85, 90, 95, 100]","[10, 0, 1, 0, 0, 1, 0, 0, 1, 0, 0, 1, 1, 1, 0, 0, 1597, 0, 0, 0]","[0.006199628022318661, 0.006199628022318661, 0.006819590824550527, 0.006819590824550527, 0.006819590824550527, 0.007439553626782393, 0.007439553626782393, 0.007439553626782393, 0.008059516429014259, 0.008059516429014259, 0.008059516429014259, 0.008679479231246125, 0.009299442033477991, 0.009919404835709857, 0.009919404835709857, 0.009919404835709857, 1.0, 1.0, 1.0, 1.0]",4.0,2.0,2.0,2.0,2.0,23,-9.0338,8.0,12.0,hrl_dqn_apf,hierarchical,dqn,-8.563,5.884,-12.666,0.00,0.00,0.00,3.276,6.319,-4.975,0.00,0.00,0.00,-20.873,5.642,-17.695,0.00,0.00,0.00,4.200,4.200,4.200
2026-02-04 13:10:47,148.38,5,352,357,1.40%,80.44,0.93%,"[0, 5, 10, 15, 20, 25, 30, 35, 40, 45, 50, 55, 60, 65, 70, 75, 80, 85, 90, 95, 100]","[12, 0, 2, 0, 0, 1, 0, 0, 2, 0, 0, 0, 1, 0, 0, 1, 1248, 346, 0, 0]","[0.007439553626782393, 0.007439553626782393, 0.008679479231246125, 0.008679479231246125, 0.008679479231246125, 0.009299442033477991, 0.009299442033477991, 0.009299442033477991, 0.010539367637941723, 0.010539367637941723, 0.010539367637941723, 0.010539367637941723, 0.011159330440173589, 0.011159330440173589, 0.011159330440173589, 0.011779293242405457, 0.7854928704277744, 1.0, 1.0, 1.0]",4.0,2.0,2.0,2.0,2.0,23,-9.0338,8.0,12.0,hrl_dqn_apf,hierarchical,dqn,-8.563,5.876,-13.426,0.00,0.00,0.00,4.037,6.316,-4.975,0.00,0.00,0.00,-20.873,5.634,-18.455,0.00,0.00,0.00,4.200,4.200,4.200
2026-02-04 13:10:48,149.38,6,355,361,1.66%,80.64,1.12%,"[0, 5, 10, 15, 20, 25, 30, 35, 40, 45, 50, 55, 60, 65, 70, 75, 80, 85, 90, 95, 100]","[14, 2, 1, 0, 0, 1, 0, 0, 2, 0, 0, 0, 0, 1, 1, 0, 1245, 346, 0, 0]","[0.008679479231246125, 0.009919404835709857, 0.010539367637941723, 0.010539367637941723, 0.010539367637941723, 0.011159330440173589, 0.011159330440173589, 0.011159330440173589, 0.012399256044637322, 0.012399256044637322, 0.012399256044637322, 0.012399256044637322, 0.012399256044637322, 0.013019218846869188, 0.013639181649101054, 0.013639181649101054, 0.7854928704277744, 1.0, 1.0, 1.0]",4.0,2.0,2.0,2.0,2.0,23,-9.0338,8.0,12.0,hrl_dqn_apf,hierarchical,dqn,-8.563,5.868,-14.927,0.00,0.00,0.00,5.538,6.310,-4.976,0.00,0.00,0.00,-20.873,5.626,-19.956,0.00,0.00,0.00,4.200,4.200,4.200
2026-02-04 13:10:49,150.38,6,359,365,1.64%,80.69,1.24%,"[0, 5, 10, 15, 20, 25, 30, 35, 40, 45, 50, 55, 60, 65, 70, 75, 80, 85, 90, 95, 100]","[15, 3, 1, 0, 0, 1, 0, 0, 3, 0, 0, 0, 1, 1, 0, 0, 1241, 347, 0, 0]","[0.009299442033477991, 0.011159330440173589, 0.011779293242405457, 0.011779293242405457, 0.011779293242405457, 0.012399256044637322, 0.012399256044637322, 0.012399256044637322, 0.01425914445133292, 0.01425914445133292, 0.01425914445133292, 0.01425914445133292, 0.014879107253564786, 0.015499070055796652, 0.015499070055796652, 0.015499070055796652, 0.7848729076255425, 1.0, 1.0, 1.0]",4.0,2.0,2.0,2.0,2.0,23,-9.0338,8.0,12.0,hrl_dqn_apf,hierarchical,dqn,-8.563,5.864,-15.687,0.00,0.00,0.00,6.298,6.307,-4.976,0.00,0.00,0.00,-20.873,5.622,-20.717,0.00,0.00,0.00,4.200,4.200,4.200
2026-02-04 13:10:50,151.39,6,357,363,1.65%,80.77,1.36%,"[0, 5, 10, 15, 20, 25, 30, 35, 40, 45, 50, 55, 60, 65, 70, 75, 80, 85, 90, 95, 100]","[15, 5, 1, 0, 0, 1, 0, 1, 3, 0, 0, 0, 0, 1, 0, 0, 1239, 347, 0, 0]","[0.009299442033477991, 0.012399256044637322, 0.013019218846869188, 0.013019218846869188, 0.013019218846869188, 0.013639181649101054, 0.013639181649101054, 0.01425914445133292, 0.016119032858028518, 0.016119032858028518, 0.016119032858028518, 0.016119032858028518, 0.016119032858028518, 0.016738995660260384, 0.016738995660260384, 0.016738995660260384, 0.7848729076255425, 1.0, 1.0, 1.0]",4.0,2.0,2.0,2.0,2.0,23,-9.0338,8.0,12.0,hrl_dqn_apf,hierarchical,dqn,-8.563,5.861,-16.450,0.00,0.00,0.00,6.696,6.320,-4.955,0.00,0.00,0.00,-20.873,5.619,-21.480,0.00,0.00,0.00,4.200,4.200,4.200
2026-02-04 13:10:51,152.39,0,354,354,0.00%,80.00,0.00%,"[0, 5, 10, 15, 20, 25, 30, 35, 40, 45, 50, 55, 60, 65, 70, 75, 80, 85, 90, 95, 100]","[0, 0, 0, 0, 0, 0, 0, 0, 0, 0, 0, 0, 0, 0, 0, 0, 1613, 0, 0, 0]","[0.0, 0.0, 0.0, 0.0, 0.0, 0.0, 0.0, 0.0, 0.0, 0.0, 0.0, 0.0, 0.0, 0.0, 0.0, 0.0, 1.0, 1.0, 1.0, 1.0]",4.0,2.0,2.0,2.0,2.0,23,-9.0338,8.0,12.0,hrl_dqn_apf,hierarchical,dqn,-8.563,5.858,-17.199,0.00,0.00,0.00,7.322,6.323,-4.955,0.00,0.00,0.00,-20.873,5.616,-22.229,0.00,0.00,0.00,4.200,4.200,4.200
2026-02-04 13:10:52,153.39,0,354,354,0.00%,80.00,0.00%,"[0, 5, 10, 15, 20, 25, 30, 35, 40, 45, 50, 55, 60, 65, 70, 75, 80, 85, 90, 95, 100]","[0, 0, 0, 0, 0, 0, 0, 0, 0, 0, 0, 0, 0, 0, 0, 0, 1613, 0, 0, 0]","[0.0, 0.0, 0.0, 0.0, 0.0, 0.0, 0.0, 0.0, 0.0, 0.0, 0.0, 0.0, 0.0, 0.0, 0.0, 0.0, 1.0, 1.0, 1.0, 1.0]",4.0,2.0,2.0,2.0,2.0,23,-9.0338,8.0,12.0,hrl_dqn_apf,hierarchical,dqn,-8.563,5.852,-18.720,0.00,0.00,0.00,8.798,6.317,-4.956,0.00,0.00,0.00,-20.873,5.610,-23.750,0.00,0.00,0.00,4.200,4.200,4.200
2026-02-04 13:10:53,154.39,0,354,354,0.00%,80.00,0.00%,"[0, 5, 10, 15, 20, 25, 30, 35, 40, 45, 50, 55, 60, 65, 70, 75, 80, 85, 90, 95, 100]","[0, 0, 0, 0, 0, 0, 0, 0, 0, 0, 0, 0, 0, 0, 0, 0, 1613, 0, 0, 0]","[0.0, 0.0, 0.0, 0.0, 0.0, 0.0, 0.0, 0.0, 0.0, 0.0, 0.0, 0.0, 0.0, 0.0, 0.0, 0.0, 1.0, 1.0, 1.0, 1.0]",4.0,2.0,2.0,2.0,2.0,23,-9.0338,8.0,12.0,hrl_dqn_apf,hierarchical,dqn,-8.563,5.849,-19.455,0.00,0.00,0.00,9.531,6.312,-4.974,0.00,0.00,0.00,-20.873,5.607,-24.485,0.00,0.00,0.00,4.200,4.200,4.200
2026-02-04 13:10:54,155.40,0,352,352,0.00%,79.99,0.25%,"[0, 5, 10, 15, 20, 25, 30, 35, 40, 45, 50, 55, 60, 65, 70, 75, 80, 85, 90, 95, 100]","[1, 0, 0, 1, 0, 2, 0, 0, 0, 1, 0, 1, 0, 0, 0, 0, 1607, 0, 0, 0]","[0.0006199628022318661, 0.0006199628022318661, 0.0006199628022318661, 0.0012399256044637321, 0.0012399256044637321, 0.0024798512089274642, 0.0024798512089274642, 0.0024798512089274642, 0.0024798512089274642, 0.0030998140111593306, 0.0030998140111593306, 0.0037197768133911966, 0.0037197768133911966, 0.0037197768133911966, 0.0037197768133911966, 0.0037197768133911966, 1.0, 1.0, 1.0, 1.0]",4.0,2.0,2.0,2.0,2.0,23,-9.0338,8.0,12.0,hrl_dqn_apf,hierarchical,dqn,-8.563,5.846,-20.218,0.00,0.00,0.00,10.096,6.320,-4.779,0.00,0.00,0.00,-20.873,5.604,-25.248,0.00,0.00,0.00,4.167,4.167,4.196
2026-02-04 13:10:55,156.40,0,352,352,0.00%,80.09,0.31%,"[0, 5, 10, 15, 20, 25, 30, 35, 40, 45, 50, 55, 60, 65, 70, 75, 80, 85, 90, 95, 100]","[3, 0, 0, 0, 0, 2, 0, 0, 1, 1, 0, 0, 0, 0, 1, 0, 1605, 0, 0, 0]","[0.0018598884066955983, 0.0018598884066955983, 0.0018598884066955983, 0.0018598884066955983, 0.0018598884066955983, 0.0030998140111593306, 0.0030998140111593306, 0.0030998140111593306, 0.0037197768133911966, 0.0043397396156230625, 0.0043397396156230625, 0.0043397396156230625, 0.0043397396156230625, 0.0043397396156230625, 0.0049597024178549285, 0.0049597024178549285, 1.0, 1.0, 1.0, 1.0]",4.0,2.0,2.0,2.0,2.0,23,-9.0338,8.0,12.0,hrl_dqn_apf,hierarchical,dqn,-8.563,6.106,-20.889,0.00,0.00,0.00,10.586,6.393,-4.713,0.00,0.00,0.00,-20.873,5.601,-26.009,0.00,0.00,0.00,4.164,4.164,4.193
2026-02-04 13:10:56,157.40,0,353,353,0.00%,80.35,0.37%,"[0, 5, 10, 15, 20, 25, 30, 35, 40, 45, 50, 55, 60, 65, 70, 75, 80, 85, 90, 95, 100]","[5, 0, 0, 0, 0, 1, 0, 0, 2, 1, 0, 0, 0, 0, 0, 1, 1603, 0, 0, 0]","[0.0030998140111593306, 0.0030998140111593306, 0.0030998140111593306, 0.0030998140111593306, 0.0030998140111593306, 0.0037197768133911966, 0.0037197768133911966, 0.0037197768133911966, 0.0049597024178549285, 0.005579665220086794, 0.005579665220086794, 0.005579665220086794, 0.005579665220086794, 0.005579665220086794, 0.005579665220086794, 0.006199628022318661, 1.0, 1.0, 1.0, 1.0]",4.0,2.0,2.0,2.0,2.0,10,-30.0,8.0,0.0,hrl_dqn_apf,hierarchical,dqn,-8.978,6.431,-21.258,0.00,0.00,0.00,10.849,6.448,-5.555,0.00,0.00,0.00,-20.873,5.595,-27.527,0.00,0.00,0.00,4.161,4.161,4.190
2026-02-04 13:10:57,158.40,0,353,353,0.00%,80.45,0.50%,"[0, 5, 10, 15, 20, 25, 30, 35, 40, 45, 50, 55, 60, 65, 70, 75, 80, 85, 90, 95, 100]","[7, 0, 0, 0, 0, 1, 0, 0, 1, 1, 0, 0, 0, 0, 0, 0, 1603, 0, 0, 0]","[0.0043397396156230625, 0.0043397396156230625, 0.0043397396156230625, 0.0043397396156230625, 0.0043397396156230625, 0.0049597024178549285, 0.0049597024178549285, 0.0049597024178549285, 0.005579665220086794, 0.006199628022318661, 0.006199628022318661, 0.006199628022318661, 0.006199628022318661, 0.006199628022318661, 0.006199628022318661, 0.006199628022318661, 1.0, 1.0, 1.0, 1.0]",4.0,2.0,2.0,2.0,2.0,3,-11.841239999999999,8.0,-12.0,hrl_dqn_apf,hierarchical,dqn,-9.633,6.429,-21.287,0.00,0.00,0.00,10.542,6.505,-5.882,0.00,0.00,0.00,-20.873,5.592,-28.291,0.00,0.00,0.00,4.158,4.158,4.187
2026-02-04 13:10:58,159.40,0,355,355,0.00%,80.62,0.50%,"[0, 5, 10, 15, 20, 25, 30, 35, 40, 45, 50, 55, 60, 65, 70, 75, 80, 85, 90, 95, 100]","[7, 0, 0, 0, 0, 1, 0, 0, 1, 1, 0, 0, 0, 1, 0, 0, 1602, 0, 0, 0]","[0.0043397396156230625, 0.0043397396156230625, 0.0043397396156230625, 0.0043397396156230625, 0.0043397396156230625, 0.0049597024178549285, 0.0049597024178549285, 0.0049597024178549285, 0.005579665220086794, 0.006199628022318661, 0.006199628022318661, 0.006199628022318661, 0.006199628022318661, 0.006819590824550527, 0.006819590824550527, 0.006819590824550527, 1.0, 1.0, 1.0, 1.0]",4.0,2.0,2.0,2.0,2.0,3,-11.841239999999999,8.0,-12.0,hrl_dqn_apf,hierarchical,dqn,-10.200,6.493,-21.108,0.00,0.00,0.00,10.041,6.514,-5.997,0.00,0.00,0.00,-20.873,5.971,-28.885,0.00,0.00,0.00,4.155,4.155,4.184
2026-02-04 13:10:59,160.41,0,357,357,0.00%,80.73,0.56%,"[0, 5, 10, 15, 20, 25, 30, 35, 40, 45, 50, 55, 60, 65, 70, 75, 80, 85, 90, 95, 100]","[8, 0, 0, 0, 0, 1, 0, 1, 1, 1, 0, 0, 0, 0, 0, 0, 1249, 352, 0, 0]","[0.0049597024178549285, 0.0049597024178549285, 0.0049597024178549285, 0.0049597024178549285, 0.0049597024178549285, 0.005579665220086794, 0.005579665220086794, 0.006199628022318661, 0.006819590824550527, 0.007439553626782393, 0.007439553626782393, 0.007439553626782393, 0.007439553626782393, 0.007439553626782393, 0.007439553626782393, 0.007439553626782393, 0.7817730936143832, 1.0, 1.0, 1.0]",4.0,2.0,2.0,2.0,2.0,9,-5.680789999999998,8.0,-6.0,hrl_dqn_apf,hierarchical,dqn,-10.396,6.510,-20.539,0.00,0.00,0.00,9.523,6.529,-6.029,0.00,0.00,0.00,-20.873,6.388,-29.086,0.00,0.00,0.00,4.152,4.152,4.181
2026-02-04 13:11:00,161.41,0,361,361,0.00%,80.98,0.68%,"[0, 5, 10, 15, 20, 25, 30, 35, 40, 45, 50, 55, 60, 65, 70, 75, 80, 85, 90, 95, 100]","[9, 0, 0, 1, 0, 1, 0, 0, 1, 3, 0, 0, 0, 0, 0, 0, 1246, 352, 0, 0]","[0.005579665220086794, 0.005579665220086794, 0.005579665220086794, 0.006199628022318661, 0.006199628022318661, 0.006819590824550527, 0.006819590824550527, 0.006819590824550527, 0.007439553626782393, 0.009299442033477991, 0.009299442033477991, 0.009299442033477991, 0.009299442033477991, 0.009299442033477991, 0.009299442033477991, 0.009299442033477991, 0.7817730936143832, 1.0, 1.0, 1.0]",4.0,2.0,2.0,2.0,2.0,8,-11.520309999999998,8.0,-6.0,hrl_dqn_apf,hierarchical,dqn,-10.475,6.506,-19.088,0.00,0.00,0.00,8.110,6.526,-6.042,0.00,0.00,0.00,-20.873,6.687,-28.749,0.00,0.00,0.00,4.149,4.149,4.178
2026-02-04 13:11:01,162.41,0,365,365,0.00%,81.08,0.81%,"[0, 5, 10, 15, 20, 25, 30, 35, 40, 45, 50, 55, 60, 65, 70, 75, 80, 85, 90, 95, 100]","[11, 0, 0, 0, 0, 2, 0, 1, 1, 1, 0, 0, 0, 0, 0, 0, 1244, 353, 0, 0]","[0.006819590824550527, 0.006819590824550527, 0.006819590824550527, 0.006819590824550527, 0.006819590824550527, 0.008059516429014259, 0.008059516429014259, 0.008679479231246125, 0.009299442033477991, 0.009919404835709857, 0.009919404835709857, 0.009919404835709857, 0.009919404835709857, 0.009919404835709857, 0.009919404835709857, 0.009919404835709857, 0.7811531308121513, 1.0, 1.0, 1.0]",4.0,2.0,2.0,2.0,2.0,8,-11.520309999999998,8.0,-6.0,hrl_dqn_apf,hierarchical,dqn,-10.481,6.503,-18.334,0.00,0.00,0.00,7.359,6.523,-6.043,0.00,0.00,0.00,-20.873,6.683,-28.104,0.00,0.00,0.00,4.146,4.146,4.175
2026-02-04 13:11:02,163.41,0,363,363,0.00%,81.22,0.81%,"[0, 5, 10, 15, 20, 25, 30, 35, 40, 45, 50, 55, 60, 65, 70, 75, 80, 85, 90, 95, 100]","[12, 0, 0, 0, 0, 1, 0, 2, 1, 1, 0, 0, 0, 0, 0, 0, 1243, 353, 0, 0]","[0.007439553626782393, 0.007439553626782393, 0.007439553626782393, 0.007439553626782393, 0.007439553626782393, 0.008059516429014259, 0.008059516429014259, 0.009299442033477991, 0.009919404835709857, 0.010539367637941723, 0.010539367637941723, 0.010539367637941723, 0.010539367637941723, 0.010539367637941723, 0.010539367637941723, 0.010539367637941723, 0.7811531308121513, 1.0, 1.0, 1.0]",4.0,2.0,2.0,2.0,2.0,16,-23.36041,8.0,6.0,hrl_dqn_apf,hierarchical,dqn,-10.483,6.500,-17.581,0.00,0.00,0.00,6.606,6.520,-6.043,0.00,0.00,0.00,-20.873,6.678,-27.381,0.00,0.00,0.00,4.143,4.143,4.172
2026-02-04 13:11:03,164.42,0,365,365,0.00%,81.34,0.93%,"[0, 5, 10, 15, 20, 25, 30, 35, 40, 45, 50, 55, 60, 65, 70, 75, 80, 85, 90, 95, 100]","[13, 0, 0, 0, 0, 2, 0, 1, 1, 1, 0, 0, 1, 0, 0, 0, 1239, 355, 0, 0]","[0.008059516429014259, 0.008059516429014259, 0.008059516429014259, 0.008059516429014259, 0.008059516429014259, 0.009299442033477991, 0.009299442033477991, 0.009919404835709857, 0.010539367637941723, 0.011159330440173589, 0.011159330440173589, 0.011159330440173589, 0.011779293242405457, 0.011779293242405457, 0.011779293242405457, 0.011779293242405457, 0.7799132052076876, 1.0, 1.0, 1.0]",4.0,2.0,2.0,2.0,2.0,3,-11.20009,8.0,-12.0,hrl_dqn_apf,hierarchical,dqn,-10.483,6.497,-16.815,0.00,0.00,0.00,5.837,6.518,-6.043,0.00,0.00,0.00,-20.873,6.674,-26.623,0.00,0.00,0.00,4.140,4.140,4.169
2026-02-04 13:11:04,165.42,0,369,369,0.00%,81.56,1.12%,"[0, 5, 10, 15, 20, 25, 30, 35, 40, 45, 50, 55, 60, 65, 70, 75, 80, 85, 90, 95, 100]","[16, 0, 0, 1, 0, 1, 0, 1, 0, 2, 0, 0, 0, 0, 0, 0, 1235, 7, 350, 0]","[0.009919404835709857, 0.009919404835709857, 0.009919404835709857, 0.010539367637941723, 0.010539367637941723, 0.011159330440173589, 0.011159330440173589, 0.011779293242405457, 0.011779293242405457, 0.013019218846869188, 0.013019218846869188, 0.013019218846869188, 0.013019218846869188, 0.013019218846869188, 0.013019218846869188, 0.013019218846869188, 0.7786732796032239, 0.7830130192188469, 1.0, 1.0]",4.0,2.0,2.0,2.0,2.0,3,-11.20009,8.0,-12.0,hrl_dqn_apf,hierarchical,dqn,-10.483,6.490,-15.300,0.00,0.00,0.00,4.322,6.512,-6.043,0.00,0.00,0.00,-20.873,6.668,-25.111,0.00,0.00,0.00,4.137,4.137,4.165
2026-02-04 13:11:05,166.42,0,369,369,0.00%,81.63,1.24%,"[0, 5, 10, 15, 20, 25, 30, 35, 40, 45, 50, 55, 60, 65, 70, 75, 80, 85, 90, 95, 100]","[17, 2, 0, 0, 0, 1, 0, 2, 0, 1, 0, 0, 0, 0, 0, 1, 1228, 11, 350, 0]","[0.010539367637941723, 0.011779293242405457, 0.011779293242405457, 0.011779293242405457, 0.011779293242405457, 0.012399256044637322, 0.012399256044637322, 0.013639181649101054, 0.013639181649101054, 0.01425914445133292, 0.01425914445133292, 0.01425914445133292, 0.01425914445133292, 0.01425914445133292, 0.01425914445133292, 0.014879107253564786, 0.7761934283942964, 0.7830130192188469, 1.0, 1.0]",4.0,2.0,2.0,2.0,2.0,13,-11.03952,8.0,0.0,hrl_dqn_apf,hierarchical,dqn,-10.483,6.487,-14.542,0.00,0.00,0.00,3.565,6.509,-6.043,0.00,0.00,0.00,-20.873,6.665,-24.354,0.00,0.00,0.00,4.134,4.134,4.163
2026-02-04 13:11:06,167.42,0,369,369,0.00%,81.75,1.30%,"[0, 5, 10, 15, 20, 25, 30, 35, 40, 45, 50, 55, 60, 65, 70, 75, 80, 85, 90, 95, 100]","[19, 1, 0, 0, 0, 1, 0, 1, 0, 2, 0, 0, 1, 0, 1, 0, 1225, 11, 351, 0]","[0.011779293242405457, 0.012399256044637322, 0.012399256044637322, 0.012399256044637322, 0.012399256044637322, 0.013019218846869188, 0.013019218846869188, 0.013639181649101054, 0.013639181649101054, 0.014879107253564786, 0.014879107253564786, 0.014879107253564786, 0.015499070055796652, 0.015499070055796652, 0.016119032858028518, 0.016119032858028518, 0.7755734655920645, 0.782393056416615, 1.0, 1.0]",4.0,2.0,2.0,2.0,2.0,9,-4.879480000000001,8.0,-6.0,hrl_dqn_apf,hierarchical,dqn,-10.483,6.484,-13.782,0.00,0.00,0.00,2.804,6.506,-6.043,0.00,0.00,0.00,-20.873,6.662,-23.593,0.00,0.00,0.00,4.131,4.131,4.160
2026-02-04 13:11:07,168.43,1,370,371,0.27%,81.81,1.43%,"[0, 5, 10, 15, 20, 25, 30, 35, 40, 45, 50, 55, 60, 65, 70, 75, 80, 85, 90, 95, 100]","[21, 1, 0, 0, 0, 1, 1, 1, 0, 2, 0, 0, 0, 1, 0, 0, 1221, 13, 351, 0]","[0.013019218846869188, 0.013639181649101054, 0.013639181649101054, 0.013639181649101054, 0.013639181649101054, 0.01425914445133292, 0.014879107253564786, 0.015499070055796652, 0.015499070055796652, 0.016738995660260384, 0.016738995660260384, 0.016738995660260384, 0.016738995660260384, 0.01735895846249225, 0.01735895846249225, 0.01735895846249225, 0.7743335399876008, 0.782393056416615, 1.0, 1.0]",4.0,2.0,2.0,2.0,2.0,9,-4.879480000000001,8.0,-6.0,hrl_dqn_apf,hierarchical,dqn,-10.483,6.481,-13.058,0.00,0.00,0.00,2.081,6.503,-6.043,0.00,0.00,0.00,-20.873,6.659,-22.870,0.00,0.00,0.00,4.128,4.128,4.156
2026-02-04 13:11:08,169.43,2,371,373,0.54%,81.96,1.67%,"[0, 5, 10, 15, 20, 25, 30, 35, 40, 45, 50, 55, 60, 65, 70, 75, 80, 85, 90, 95, 100]","[25, 1, 0, 0, 0, 1, 0, 1, 1, 2, 0, 0, 1, 0, 0, 0, 1213, 17, 6, 345]","[0.015499070055796652, 0.016119032858028518, 0.016119032858028518, 0.016119032858028518, 0.016119032858028518, 0.016738995660260384, 0.016738995660260384, 0.01735895846249225, 0.017978921264724116, 0.019218846869187848, 0.019218846869187848, 0.019218846869187848, 0.019838809671419714, 0.019838809671419714, 0.019838809671419714, 0.019838809671419714, 0.7718536887786733, 0.782393056416615, 0.7861128332300062, 1.0]",4.0,2.0,2.0,2.0,2.0,19,-4.7194600000000015,8.0,6.0,hrl_dqn_apf,hierarchical,dqn,-10.483,6.475,-11.534,0.00,0.00,0.00,0.557,6.497,-6.043,0.00,0.00,0.00,-20.873,6.653,-21.346,0.00,0.00,0.00,4.125,4.125,4.154
2026-02-04 13:11:09,170.43,3,370,373,0.80%,82.05,1.74%,"[0, 5, 10, 15, 20, 25, 30, 35, 40, 45, 50, 55, 60, 65, 70, 75, 80, 85, 90, 95, 100]","[25, 2, 0, 0, 0, 1, 0, 1, 2, 3, 0, 0, 1, 0, 0, 0, 1211, 16, 6, 345]","[0.015499070055796652, 0.016738995660260384, 0.016738995660260384, 0.016738995660260384, 0.016738995660260384, 0.01735895846249225, 0.01735895846249225, 0.017978921264724116, 0.019218846869187848, 0.021078735275883446, 0.021078735275883446, 0.021078735275883446, 0.02169869807811531, 0.02169869807811531, 0.02169869807811531, 0.02169869807811531, 0.7724736515809052, 0.782393056416615, 0.7861128332300062, 1.0]",4.0,2.0,2.0,2.0,2.0,9,-4.55885,8.0,-6.0,hrl_dqn_apf,hierarchical,dqn,-10.483,6.472,-10.771,0.00,0.00,0.00,-0.206,6.494,-6.043,0.00,0.00,0.00,-20.873,6.649,-20.582,0.00,0.00,0.00,4.122,4.122,4.151
2026-02-04 13:11:10,171.43,3,371,374,0.80%,82.14,1.86%,"[0, 5, 10, 15, 20, 25, 30, 35, 40, 45, 50, 55, 60, 65, 70, 75, 80, 85, 90, 95, 100]","[28, 1, 0, 0, 0, 1, 0, 1, 2, 2, 0, 0, 2, 0, 0, 0, 1209, 16, 6, 345]","[0.01735895846249225, 0.017978921264724116, 0.017978921264724116, 0.017978921264724116, 0.017978921264724116, 0.018598884066955982, 0.018598884066955982, 0.019218846869187848, 0.02045877247365158, 0.02169869807811531, 0.02169869807811531, 0.02169869807811531, 0.022938623682579044, 0.022938623682579044, 0.022938623682579044, 0.022938623682579044, 0.7724736515809052, 0.782393056416615, 0.7861128332300062, 1.0]",4.0,2.0,2.0,2.0,2.0,9,-4.55885,8.0,-6.0,hrl_dqn_apf,hierarchical,dqn,-10.299,6.541,-10.192,0.00,0.00,0.00,-0.966,6.491,-6.043,0.00,0.00,0.00,-20.873,6.646,-19.822,0.00,0.00,0.00,4.119,4.119,4.147
2026-02-04 13:11:11,172.44,4,370,374,1.07%,82.22,1.98%,"[0, 5, 10, 15, 20, 25, 30, 35, 40, 45, 50, 55, 60, 65, 70, 75, 80, 85, 90, 95, 100]","[29, 1, 0, 0, 1, 1, 1, 1, 2, 2, 0, 0, 1, 0, 0, 0, 1208, 10, 11, 345]","[0.017978921264724116, 0.018598884066955982, 0.018598884066955982, 0.018598884066955982, 0.019218846869187848, 0.019838809671419714, 0.02045877247365158, 0.021078735275883446, 0.022318660880347178, 0.023558586484810913, 0.023558586484810913, 0.023558586484810913, 0.02417854928704278, 0.02417854928704278, 0.02417854928704278, 0.02417854928704278, 0.7730936143831371, 0.7792932424054557, 0.7861128332300062, 1.0]",4.0,2.0,2.0,2.0,2.0,8,-10.39911,8.0,-6.0,hrl_dqn_apf,hierarchical,dqn,-9.730,6.560,-9.987,0.00,0.00,0.00,-1.730,6.488,-6.043,0.00,0.00,0.00,-20.873,6.643,-19.059,0.00,0.00,0.00,4.116,4.116,4.145
2026-02-04 13:11:12,173.44,6,372,378,1.59%,82.39,2.23%,"[0, 5, 10, 15, 20, 25, 30, 35, 40, 45, 50, 55, 60, 65, 70, 75, 80, 85, 90, 95, 100]","[32, 1, 1, 0, 0, 2, 0, 1, 3, 2, 0, 0, 0, 1, 1, 0, 1199, 14, 12, 344]","[0.019838809671419714, 0.02045877247365158, 0.021078735275883446, 0.021078735275883446, 0.021078735275883446, 0.022318660880347178, 0.022318660880347178, 0.022938623682579044, 0.024798512089274645, 0.026038437693738377, 0.026038437693738377, 0.026038437693738377, 0.026038437693738377, 0.026658400495970243, 0.02727836329820211, 0.02727836329820211, 0.7706137631742096, 0.7792932424054557, 0.7867327960322381, 1.0]",4.0,2.0,2.0,2.0,2.0,13,-10.23875,8.0,0.0,hrl_dqn_apf,hierarchical,dqn,-8.258,6.556,-9.904,0.00,0.00,0.00,-3.270,6.481,-6.043,0.00,0.00,0.00,-20.873,6.637,-17.518,0.00,0.00,0.00,4.113,4.113,4.141
2026-02-04 13:11:13,174.44,6,372,378,1.59%,82.49,2.29%,"[0, 5, 10, 15, 20, 25, 30, 35, 40, 45, 50, 55, 60, 65, 70, 75, 80, 85, 90, 95, 100]","[34, 2, 0, 0, 0, 1, 0, 1, 3, 2, 0, 0, 0, 1, 0, 0, 1200, 10, 13, 346]","[0.021078735275883446, 0.022318660880347178, 0.022318660880347178, 0.022318660880347178, 0.022318660880347178, 0.022938623682579044, 0.022938623682579044, 0.023558586484810913, 0.02541847489150651, 0.026658400495970243, 0.026658400495970243, 0.026658400495970243, 0.026658400495970243, 0.02727836329820211, 0.02727836329820211, 0.02727836329820211, 0.7712337259764415, 0.7774333539987601, 0.7854928704277744, 1.0]",4.0,2.0,2.0,2.0,2.0,13,-10.23875,8.0,0.0,hrl_dqn_apf,hierarchical,dqn,-7.499,6.553,-9.898,0.00,0.00,0.00,-4.034,6.478,-6.043,0.00,0.00,0.00,-20.873,6.634,-16.754,0.00,0.00,0.00,4.110,4.110,4.139
2026-02-04 13:11:14,175.44,8,372,380,2.11%,82.57,2.42%,"[0, 5, 10, 15, 20, 25, 30, 35, 40, 45, 50, 55, 60, 65, 70, 75, 80, 85, 90, 95, 100]","[34, 3, 0, 0, 1, 1, 0, 1, 3, 2, 0, 0, 0, 2, 0, 0, 1198, 8, 15, 345]","[0.021078735275883446, 0.022938623682579044, 0.022938623682579044, 0.022938623682579044, 0.023558586484810913, 0.02417854928704278, 0.02417854928704278, 0.024798512089274645, 0.026658400495970243, 0.027898326100433975, 0.027898326100433975, 0.027898326100433975, 0.027898326100433975, 0.029138251704897707, 0.029138251704897707, 0.029138251704897707, 0.7718536887786733, 0.7768133911965283, 0.7861128332300062, 1.0]",4.0,2.0,2.0,2.0,2.0,1,-22.15839,8.0,-12.0,hrl_dqn_apf,hierarchical,dqn,-7.132,6.694,-9.896,0.00,0.00,0.00,-4.794,6.475,-6.043,0.00,0.00,0.00,-20.873,6.631,-15.994,0.00,0.00,0.00,4.107,4.107,4.135
2026-02-04 13:11:15,176.44,8,374,382,2.09%,82.68,2.48%,"[0, 5, 10, 15, 20, 25, 30, 35, 40, 45, 50, 55, 60, 65, 70, 75, 80, 85, 90, 95, 100]","[36, 3, 0, 0, 0, 1, 0, 1, 4, 2, 0, 0, 0, 1, 0, 0, 1196, 9, 15, 345]","[0.022318660880347178, 0.02417854928704278, 0.02417854928704278, 0.02417854928704278, 0.02417854928704278, 0.024798512089274645, 0.024798512089274645, 0.02541847489150651, 0.027898326100433975, 0.029138251704897707, 0.029138251704897707, 0.029138251704897707, 0.029138251704897707, 0.029758214507129573, 0.029758214507129573, 0.029758214507129573, 0.7712337259764415, 0.7768133911965283, 0.7861128332300062, 1.0]",4.0,2.0,2.0,2.0,2.0,1,-21.998350000000002,8.0,-12.0,hrl_dqn_apf,hierarchical,dqn,-7.463,6.752,-9.978,0.00,0.00,0.00,-5.364,6.551,-5.934,0.00,0.00,0.00,-20.873,6.628,-15.233,0.00,0.00,0.00,4.104,4.104,4.132
2026-02-04 13:11:16,177.45,11,371,382,2.88%,82.88,2.67%,"[0, 5, 10, 15, 20, 25, 30, 35, 40, 45, 50, 55, 60, 65, 70, 75, 80, 85, 90, 95, 100]","[37, 5, 0, 0, 0, 1, 0, 1, 4, 2, 0, 0, 0, 1, 0, 0, 1194, 11, 7, 350]","[0.022938623682579044, 0.026038437693738377, 0.026038437693738377, 0.026038437693738377, 0.026038437693738377, 0.026658400495970243, 0.026658400495970243, 0.02727836329820211, 0.029758214507129573, 0.030998140111593304, 0.030998140111593304, 0.030998140111593304, 0.030998140111593304, 0.03161810291382517, 0.03161810291382517, 0.03161810291382517, 0.7718536887786733, 0.7786732796032239, 0.7830130192188469, 1.0]",4.0,2.0,2.0,2.0,2.0,1,-21.998350000000002,8.0,-12.0,hrl_dqn_apf,hierarchical,dqn,-8.253,6.798,-10.995,0.00,0.00,0.00,-5.094,6.576,-4.892,0.00,0.00,0.00,-20.876,6.627,-13.732,0.00,0.00,0.00,4.101,4.101,4.130
2026-02-04 13:11:17,178.45,13,373,386,3.37%,82.94,2.79%,"[0, 5, 10, 15, 20, 25, 30, 35, 40, 45, 50, 55, 60, 65, 70, 75, 80, 85, 90, 95, 100]","[37, 5, 0, 1, 1, 1, 0, 1, 4, 2, 1, 0, 0, 0, 1, 0, 1192, 7, 13, 347]","[0.022938623682579044, 0.026038437693738377, 0.026038437693738377, 0.026658400495970243, 0.02727836329820211, 0.027898326100433975, 0.027898326100433975, 0.02851828890266584, 0.030998140111593304, 0.032238065716057036, 0.0328580285182889, 0.0328580285182889, 0.0328580285182889, 0.0328580285182889, 0.03347799132052077, 0.03347799132052077, 0.7724736515809052, 0.7768133911965283, 0.7848729076255425, 1.0]",4.0,2.0,2.0,2.0,2.0,0,-27.83792,8.0,-12.0,hrl_dqn_apf,hierarchical,dqn,-8.785,6.831,-11.386,0.00,0.00,0.00,-5.267,6.669,-4.533,0.00,0.00,0.00,-21.180,6.701,-13.267,0.00,0.00,0.00,4.098,4.098,4.126
2026-02-04 13:11:18,179.45,13,375,388,3.35%,83.08,2.79%,"[0, 5, 10, 15, 20, 25, 30, 35, 40, 45, 50, 55, 60, 65, 70, 75, 80, 85, 90, 95, 100]","[39, 4, 1, 0, 0, 1, 0, 1, 6, 2, 0, 0, 0, 0, 0, 0, 1192, 7, 9, 351]","[0.02417854928704278, 0.026658400495970243, 0.02727836329820211, 0.02727836329820211, 0.02727836329820211, 0.027898326100433975, 0.027898326100433975, 0.02851828890266584, 0.032238065716057036, 0.03347799132052077, 0.03347799132052077, 0.03347799132052077, 0.03347799132052077, 0.03347799132052077, 0.03347799132052077, 0.03347799132052077, 0.7724736515809052, 0.7768133911965283, 0.782393056416615, 1.0]",4.0,2.0,2.0,2.0,2.0,0,-27.83792,8.0,-12.0,hrl_dqn_apf,hierarchical,dqn,-9.287,6.915,-11.317,0.00,0.00,0.00,-5.849,6.680,-4.417,0.00,0.00,0.00,-21.799,6.711,-13.116,0.00,0.00,0.00,4.095,4.095,4.123
2026-02-04 13:11:19,180.45,13,375,388,3.35%,83.20,2.79%,"[0, 5, 10, 15, 20, 25, 30, 35, 40, 45, 50, 55, 60, 65, 70, 75, 80, 85, 90, 95, 100]","[37, 5, 2, 0, 0, 1, 0, 1, 6, 2, 1, 0, 0, 1, 0, 0, 1193, 7, 7, 350]","[0.022938623682579044, 0.026038437693738377, 0.02727836329820211, 0.02727836329820211, 0.02727836329820211, 0.027898326100433975, 0.027898326100433975, 0.02851828890266584, 0.032238065716057036, 0.03347799132052077, 0.034097954122752634, 0.034097954122752634, 0.034097954122752634, 0.0347179169249845, 0.0347179169249845, 0.0347179169249845, 0.7743335399876008, 0.7786732796032239, 0.7830130192188469, 1.0]",4.0,2.0,2.0,2.0,2.0,13,-9.67731,8.0,0.0,hrl_dqn_apf,hierarchical,dqn,-9.467,6.936,-10.790,0.00,0.00,0.00,-6.537,6.677,-4.382,0.00,0.00,0.00,-22.512,6.709,-13.069,0.00,0.00,0.00,4.092,4.092,4.120
2026-02-04 13:11:20,181.45,14,374,388,3.61%,83.41,2.98%,"[0, 5, 10, 15, 20, 25, 30, 35, 40, 45, 50, 55, 60, 65, 70, 75, 80, 85, 90, 95, 100]","[38, 5, 3, 0, 0, 2, 0, 1, 5, 3, 0, 0, 2, 0, 0, 0, 1186, 12, 8, 348]","[0.023558586484810913, 0.026658400495970243, 0.02851828890266584, 0.02851828890266584, 0.02851828890266584, 0.029758214507129573, 0.029758214507129573, 0.03037817730936144, 0.03347799132052077, 0.035337879727216366, 0.035337879727216366, 0.035337879727216366, 0.0365778053316801, 0.0365778053316801, 0.0365778053316801, 0.0365778053316801, 0.7718536887786733, 0.7792932424054557, 0.7842529448233106, 1.0]",4.0,2.0,2.0,2.0,2.0,6,-21.517319999999998,8.0,-6.0,hrl_dqn_apf,hierarchical,dqn,-9.543,6.932,-9.351,0.00,0.00,0.00,-8.047,6.671,-4.368,0.00,0.00,0.00,-24.016,6.707,-13.047,0.00,0.00,0.00,4.089,4.089,4.117
2026-02-04 13:11:21,182.46,14,374,388,3.61%,83.41,2.98%,"[0, 5, 10, 15, 20, 25, 30, 35, 40, 45, 50, 55, 60, 65, 70, 75, 80, 85, 90, 95, 100]","[38, 5, 3, 0, 0, 2, 0, 1, 5, 3, 0, 0, 2, 0, 0, 0, 1186, 12, 8, 348]","[0.023558586484810913, 0.026658400495970243, 0.02851828890266584, 0.02851828890266584, 0.02851828890266584, 0.029758214507129573, 0.029758214507129573, 0.03037817730936144, 0.03347799132052077, 0.035337879727216366, 0.035337879727216366, 0.035337879727216366, 0.0365778053316801, 0.0365778053316801, 0.0365778053316801, 0.0365778053316801, 0.7718536887786733, 0.7792932424054557, 0.7842529448233106, 1.0]",4.0,2.0,2.0,2.0,2.0,6,-21.517319999999998,8.0,-6.0,hrl_dqn_apf,hierarchical,dqn,-9.543,6.932,-9.351,0.00,0.00,0.00,-8.047,6.671,-4.368,0.00,0.00,0.00,-24.016,6.707,-13.047,0.00,0.00,0.00,4.086,4.086,4.114
2026-02-04 13:11:22,183.46,14,374,388,3.61%,83.41,2.98%,"[0, 5, 10, 15, 20, 25, 30, 35, 40, 45, 50, 55, 60, 65, 70, 75, 80, 85, 90, 95, 100]","[38, 5, 3, 0, 0, 2, 0, 1, 5, 3, 0, 0, 2, 0, 0, 0, 1186, 12, 8, 348]","[0.023558586484810913, 0.026658400495970243, 0.02851828890266584, 0.02851828890266584, 0.02851828890266584, 0.029758214507129573, 0.029758214507129573, 0.03037817730936144, 0.03347799132052077, 0.035337879727216366, 0.035337879727216366, 0.035337879727216366, 0.0365778053316801, 0.0365778053316801, 0.0365778053316801, 0.0365778053316801, 0.7718536887786733, 0.7792932424054557, 0.7842529448233106, 1.0]",4.0,2.0,2.0,2.0,2.0,5,-27.35718,8.0,-6.0,hrl_dqn_apf,hierarchical,dqn,-9.543,6.932,-9.351,0.00,0.00,0.00,-8.047,6.671,-4.368,0.00,0.00,0.00,-24.016,6.707,-13.047,0.00,0.00,0.00,4.083,4.083,4.111
2026-02-04 13:11:23,184.46,14,374,388,3.61%,83.41,2.98%,"[0, 5, 10, 15, 20, 25, 30, 35, 40, 45, 50, 55, 60, 65, 70, 75, 80, 85, 90, 95, 100]","[38, 5, 3, 0, 0, 2, 0, 1, 5, 3, 0, 0, 2, 0, 0, 0, 1186, 12, 8, 348]","[0.023558586484810913, 0.026658400495970243, 0.02851828890266584, 0.02851828890266584, 0.02851828890266584, 0.029758214507129573, 0.029758214507129573, 0.03037817730936144, 0.03347799132052077, 0.035337879727216366, 0.035337879727216366, 0.035337879727216366, 0.0365778053316801, 0.0365778053316801, 0.0365778053316801, 0.0365778053316801, 0.7718536887786733, 0.7792932424054557, 0.7842529448233106, 1.0]",4.0,2.0,2.0,2.0,2.0,6,-21.2768,8.0,-6.0,hrl_dqn_apf,hierarchical,dqn,-9.543,6.932,-9.351,0.00,0.00,0.00,-8.047,6.671,-4.368,0.00,0.00,0.00,-24.016,6.707,-13.047,0.00,0.00,0.00,4.080,4.080,4.108
2026-02-04 13:11:24,185.46,14,374,388,3.61%,83.41,2.98%,"[0, 5, 10, 15, 20, 25, 30, 35, 40, 45, 50, 55, 60, 65, 70, 75, 80, 85, 90, 95, 100]","[38, 5, 3, 0, 0, 2, 0, 1, 5, 3, 0, 0, 2, 0, 0, 0, 1186, 12, 8, 348]","[0.023558586484810913, 0.026658400495970243, 0.02851828890266584, 0.02851828890266584, 0.02851828890266584, 0.029758214507129573, 0.029758214507129573, 0.03037817730936144, 0.03347799132052077, 0.035337879727216366, 0.035337879727216366, 0.035337879727216366, 0.0365778053316801, 0.0365778053316801, 0.0365778053316801, 0.0365778053316801, 0.7718536887786733, 0.7792932424054557, 0.7842529448233106, 1.0]",4.0,2.0,2.0,2.0,2.0,6,-21.2768,8.0,-6.0,hrl_dqn_apf,hierarchical,dqn,-9.543,6.932,-9.351,0.00,0.00,0.00,-8.047,6.671,-4.368,0.00,0.00,0.00,-24.016,6.707,-13.047,0.00,0.00,0.00,4.079,4.079,4.108
