timestamp,elapsed_time,scanned_count,unscanned_count,total_count,scan_ratio,global_avg_entropy,global_scan_ratio,entropy_bins,entropy_hist,entropy_cdf,repulsion_coefficient,entropy_coefficient,distance_coefficient,leader_range_coefficient,direction_retention_coefficient,hl_action,hl_goal_x,hl_goal_y,hl_goal_z,algorithm_type,env_type,control_mode,UAV1_x,UAV1_y,UAV1_z,UAV1_roll,UAV1_pitch,UAV1_yaw,UAV2_x,UAV2_y,UAV2_z,UAV2_roll,UAV2_pitch,UAV2_yaw,UAV3_x,UAV3_y,UAV3_z,UAV3_roll,UAV3_pitch,UAV3_yaw,UAV1_battery_voltage,UAV2_battery_voltage,UAV3_battery_voltage
2026-02-04 19:55:49,1.01,4,348,352,1.14%,79.98,0.25%,"[0, 5, 10, 15, 20, 25, 30, 35, 40, 45, 50, 55, 60, 65, 70, 75, 80, 85, 90, 95, 100]","[4, 0, 0, 0, 0, 0, 0, 0, 0, 0, 0, 0, 0, 0, 0, 0, 1609, 0, 0, 0]","[0.0024798512089274642, 0.0024798512089274642, 0.0024798512089274642, 0.0024798512089274642, 0.0024798512089274642, 0.0024798512089274642, 0.0024798512089274642, 0.0024798512089274642, 0.0024798512089274642, 0.0024798512089274642, 0.0024798512089274642, 0.0024798512089274642, 0.0024798512089274642, 0.0024798512089274642, 0.0024798512089274642, 0.0024798512089274642, 1.0, 1.0, 1.0, 1.0]",4.0,2.0,2.0,2.0,2.0,,,,,hrl_dqn_apf,hierarchical,dqn,-10.000,1.586,-0.759,0.00,0.00,0.00,-14.300,1.556,-0.590,0.00,0.00,0.00,-20.110,1.548,-0.590,0.00,0.00,0.00,4.200,4.200,4.200
2026-02-04 19:55:50,2.13,4,348,352,1.14%,80.14,0.25%,"[0, 5, 10, 15, 20, 25, 30, 35, 40, 45, 50, 55, 60, 65, 70, 75, 80, 85, 90, 95, 100]","[4, 0, 0, 0, 0, 0, 0, 0, 0, 0, 0, 0, 0, 0, 0, 0, 1609, 0, 0, 0]","[0.0024798512089274642, 0.0024798512089274642, 0.0024798512089274642, 0.0024798512089274642, 0.0024798512089274642, 0.0024798512089274642, 0.0024798512089274642, 0.0024798512089274642, 0.0024798512089274642, 0.0024798512089274642, 0.0024798512089274642, 0.0024798512089274642, 0.0024798512089274642, 0.0024798512089274642, 0.0024798512089274642, 0.0024798512089274642, 1.0, 1.0, 1.0, 1.0]",4.0,2.0,2.0,2.0,2.0,,,,,hrl_dqn_apf,hierarchical,dqn,-10.000,1.586,-0.759,0.00,0.00,0.00,-14.300,1.556,-0.590,0.00,0.00,0.00,-20.110,1.552,-0.590,0.00,0.00,0.00,4.200,4.200,4.200
2026-02-04 19:55:51,3.13,4,349,353,1.13%,80.49,0.25%,"[0, 5, 10, 15, 20, 25, 30, 35, 40, 45, 50, 55, 60, 65, 70, 75, 80, 85, 90, 95, 100]","[4, 0, 0, 0, 0, 0, 0, 0, 0, 0, 0, 0, 0, 0, 0, 0, 1609, 0, 0, 0]","[0.0024798512089274642, 0.0024798512089274642, 0.0024798512089274642, 0.0024798512089274642, 0.0024798512089274642, 0.0024798512089274642, 0.0024798512089274642, 0.0024798512089274642, 0.0024798512089274642, 0.0024798512089274642, 0.0024798512089274642, 0.0024798512089274642, 0.0024798512089274642, 0.0024798512089274642, 0.0024798512089274642, 0.0024798512089274642, 1.0, 1.0, 1.0, 1.0]",4.0,2.0,2.0,2.0,2.0,,,,,hrl_dqn_apf,hierarchical,dqn,-10.000,1.586,-0.759,0.00,0.00,0.00,-14.300,1.556,-0.590,0.00,0.00,0.00,-20.110,1.555,-0.590,0.00,0.00,0.00,4.200,4.200,4.200
2026-02-04 19:55:52,4.13,4,349,353,1.13%,80.66,0.25%,"[0, 5, 10, 15, 20, 25, 30, 35, 40, 45, 50, 55, 60, 65, 70, 75, 80, 85, 90, 95, 100]","[4, 0, 0, 0, 0, 0, 0, 0, 0, 0, 0, 0, 0, 0, 0, 0, 1609, 0, 0, 0]","[0.0024798512089274642, 0.0024798512089274642, 0.0024798512089274642, 0.0024798512089274642, 0.0024798512089274642, 0.0024798512089274642, 0.0024798512089274642, 0.0024798512089274642, 0.0024798512089274642, 0.0024798512089274642, 0.0024798512089274642, 0.0024798512089274642, 0.0024798512089274642, 0.0024798512089274642, 0.0024798512089274642, 0.0024798512089274642, 1.0, 1.0, 1.0, 1.0]",4.0,2.0,2.0,2.0,2.0,,,,,hrl_dqn_apf,hierarchical,dqn,-10.000,1.583,-0.759,0.00,0.00,0.00,-14.300,1.553,-0.590,0.00,0.00,0.00,-20.110,1.552,-0.590,0.00,0.00,0.00,4.197,4.197,4.197
2026-02-04 19:55:53,5.13,4,351,355,1.13%,80.81,0.25%,"[0, 5, 10, 15, 20, 25, 30, 35, 40, 45, 50, 55, 60, 65, 70, 75, 80, 85, 90, 95, 100]","[4, 0, 0, 0, 0, 0, 0, 0, 1, 0, 0, 0, 0, 0, 0, 0, 1608, 0, 0, 0]","[0.0024798512089274642, 0.0024798512089274642, 0.0024798512089274642, 0.0024798512089274642, 0.0024798512089274642, 0.0024798512089274642, 0.0024798512089274642, 0.0024798512089274642, 0.0030998140111593306, 0.0030998140111593306, 0.0030998140111593306, 0.0030998140111593306, 0.0030998140111593306, 0.0030998140111593306, 0.0030998140111593306, 0.0030998140111593306, 1.0, 1.0, 1.0, 1.0]",4.0,2.0,2.0,2.0,2.0,23,-11.68054,8.0,12.0,hrl_dqn_apf,hierarchical,dqn,-9.751,1.559,-0.769,0.00,0.00,0.00,-14.548,1.523,-0.580,0.00,0.00,0.00,-20.110,1.525,-0.839,0.00,0.00,0.00,4.194,4.194,4.194
2026-02-04 19:55:54,6.14,7,350,357,1.96%,80.89,0.43%,"[0, 5, 10, 15, 20, 25, 30, 35, 40, 45, 50, 55, 60, 65, 70, 75, 80, 85, 90, 95, 100]","[4, 1, 0, 1, 0, 1, 0, 0, 0, 0, 0, 0, 0, 0, 0, 0, 1261, 345, 0, 0]","[0.0024798512089274642, 0.0030998140111593306, 0.0030998140111593306, 0.0037197768133911966, 0.0037197768133911966, 0.0043397396156230625, 0.0043397396156230625, 0.0043397396156230625, 0.0043397396156230625, 0.0043397396156230625, 0.0043397396156230625, 0.0043397396156230625, 0.0043397396156230625, 0.0043397396156230625, 0.0043397396156230625, 0.0043397396156230625, 0.7861128332300062, 1.0, 1.0, 1.0]",4.0,2.0,2.0,2.0,2.0,23,-11.68054,8.0,12.0,hrl_dqn_apf,hierarchical,dqn,-9.292,1.856,-0.787,0.00,0.00,0.00,-15.007,1.819,-0.562,0.00,0.00,0.00,-20.110,1.502,-1.437,0.00,0.00,0.00,4.191,4.191,4.191
2026-02-04 19:55:55,7.14,7,354,361,1.94%,81.21,0.43%,"[0, 5, 10, 15, 20, 25, 30, 35, 40, 45, 50, 55, 60, 65, 70, 75, 80, 85, 90, 95, 100]","[6, 1, 0, 0, 0, 0, 0, 0, 0, 0, 0, 0, 0, 0, 0, 0, 1261, 345, 0, 0]","[0.0037197768133911966, 0.0043397396156230625, 0.0043397396156230625, 0.0043397396156230625, 0.0043397396156230625, 0.0043397396156230625, 0.0043397396156230625, 0.0043397396156230625, 0.0043397396156230625, 0.0043397396156230625, 0.0043397396156230625, 0.0043397396156230625, 0.0043397396156230625, 0.0043397396156230625, 0.0043397396156230625, 0.0043397396156230625, 0.7861128332300062, 1.0, 1.0, 1.0]",4.0,2.0,2.0,2.0,2.0,10,-29.52052,8.0,0.0,hrl_dqn_apf,hierarchical,dqn,-9.053,2.454,-0.797,0.00,0.00,0.00,-15.247,2.422,-0.552,0.00,0.00,0.00,-20.110,1.464,-1.729,0.00,0.00,0.00,4.188,4.188,4.188
2026-02-04 19:55:56,8.14,7,358,365,1.92%,81.39,0.43%,"[0, 5, 10, 15, 20, 25, 30, 35, 40, 45, 50, 55, 60, 65, 70, 75, 80, 85, 90, 95, 100]","[6, 1, 0, 0, 0, 0, 0, 0, 0, 0, 0, 0, 0, 0, 0, 0, 1260, 346, 0, 0]","[0.0037197768133911966, 0.0043397396156230625, 0.0043397396156230625, 0.0043397396156230625, 0.0043397396156230625, 0.0043397396156230625, 0.0043397396156230625, 0.0043397396156230625, 0.0043397396156230625, 0.0043397396156230625, 0.0043397396156230625, 0.0043397396156230625, 0.0043397396156230625, 0.0043397396156230625, 0.0043397396156230625, 0.0043397396156230625, 0.7854928704277744, 1.0, 1.0, 1.0]",4.0,2.0,2.0,2.0,2.0,10,-29.52052,8.0,0.0,hrl_dqn_apf,hierarchical,dqn,-9.037,2.833,-0.798,0.00,0.00,0.00,-15.263,2.802,-0.551,0.00,0.00,0.00,-20.110,1.797,-1.802,0.00,0.00,0.00,4.185,4.185,4.185
2026-02-04 19:55:57,9.14,7,356,363,1.93%,81.57,0.43%,"[0, 5, 10, 15, 20, 25, 30, 35, 40, 45, 50, 55, 60, 65, 70, 75, 80, 85, 90, 95, 100]","[6, 1, 0, 0, 0, 0, 0, 0, 0, 0, 0, 0, 0, 0, 0, 0, 1260, 346, 0, 0]","[0.0037197768133911966, 0.0043397396156230625, 0.0043397396156230625, 0.0043397396156230625, 0.0043397396156230625, 0.0043397396156230625, 0.0043397396156230625, 0.0043397396156230625, 0.0043397396156230625, 0.0043397396156230625, 0.0043397396156230625, 0.0043397396156230625, 0.0043397396156230625, 0.0043397396156230625, 0.0043397396156230625, 0.0043397396156230625, 0.7854928704277744, 1.0, 1.0, 1.0]",4.0,2.0,2.0,2.0,2.0,10,-29.36042,8.0,0.0,hrl_dqn_apf,hierarchical,dqn,-9.032,3.223,-0.798,0.00,0.00,0.00,-15.268,3.192,-0.551,0.00,0.00,0.00,-20.110,2.193,-1.847,0.00,0.00,0.00,4.182,4.182,4.182
2026-02-04 19:55:58,10.14,7,358,365,1.92%,81.75,0.43%,"[0, 5, 10, 15, 20, 25, 30, 35, 40, 45, 50, 55, 60, 65, 70, 75, 80, 85, 90, 95, 100]","[5, 2, 0, 0, 0, 0, 0, 0, 0, 0, 0, 0, 0, 0, 0, 0, 1258, 348, 0, 0]","[0.0030998140111593306, 0.0043397396156230625, 0.0043397396156230625, 0.0043397396156230625, 0.0043397396156230625, 0.0043397396156230625, 0.0043397396156230625, 0.0043397396156230625, 0.0043397396156230625, 0.0043397396156230625, 0.0043397396156230625, 0.0043397396156230625, 0.0043397396156230625, 0.0043397396156230625, 0.0043397396156230625, 0.0043397396156230625, 0.7842529448233106, 1.0, 1.0, 1.0]",4.0,2.0,2.0,2.0,2.0,21,-23.19996,8.0,12.0,hrl_dqn_apf,hierarchical,dqn,-9.030,3.627,-0.798,0.00,0.00,0.00,-15.270,3.595,-0.551,0.00,0.00,0.00,-20.110,2.599,-1.862,0.00,0.00,0.00,4.179,4.179,4.179
2026-02-04 19:55:59,11.16,7,362,369,1.90%,82.11,0.43%,"[0, 5, 10, 15, 20, 25, 30, 35, 40, 45, 50, 55, 60, 65, 70, 75, 80, 85, 90, 95, 100]","[3, 3, 1, 0, 0, 0, 0, 0, 0, 0, 0, 0, 0, 0, 0, 0, 1256, 7, 343, 0]","[0.0018598884066955983, 0.0037197768133911966, 0.0043397396156230625, 0.0043397396156230625, 0.0043397396156230625, 0.0043397396156230625, 0.0043397396156230625, 0.0043397396156230625, 0.0043397396156230625, 0.0043397396156230625, 0.0043397396156230625, 0.0043397396156230625, 0.0043397396156230625, 0.0043397396156230625, 0.0043397396156230625, 0.0043397396156230625, 0.7830130192188469, 0.78735275883447, 1.0, 1.0]",4.0,2.0,2.0,2.0,2.0,21,-23.19996,8.0,12.0,hrl_dqn_apf,hierarchical,dqn,-9.029,4.418,-0.798,0.00,0.00,0.00,-15.271,4.386,-0.551,0.00,0.00,0.00,-20.110,3.391,-1.868,0.00,0.00,0.00,4.176,4.176,4.176
2026-02-04 19:56:00,12.16,7,362,369,1.90%,82.30,0.43%,"[0, 5, 10, 15, 20, 25, 30, 35, 40, 45, 50, 55, 60, 65, 70, 75, 80, 85, 90, 95, 100]","[3, 3, 1, 0, 0, 0, 0, 0, 0, 0, 0, 0, 0, 0, 0, 0, 1252, 11, 343, 0]","[0.0018598884066955983, 0.0037197768133911966, 0.0043397396156230625, 0.0043397396156230625, 0.0043397396156230625, 0.0043397396156230625, 0.0043397396156230625, 0.0043397396156230625, 0.0043397396156230625, 0.0043397396156230625, 0.0043397396156230625, 0.0043397396156230625, 0.0043397396156230625, 0.0043397396156230625, 0.0043397396156230625, 0.0043397396156230625, 0.7805331680099195, 0.78735275883447, 1.0, 1.0]",4.0,2.0,2.0,2.0,2.0,24,-5.039860000000001,8.0,12.0,hrl_dqn_apf,hierarchical,dqn,-9.029,4.812,-0.798,0.00,0.00,0.00,-15.271,4.780,-0.551,0.00,0.00,0.00,-20.110,3.786,-1.868,0.00,0.00,0.00,4.173,4.173,4.173
2026-02-04 19:56:01,13.16,7,362,369,1.90%,82.48,0.43%,"[0, 5, 10, 15, 20, 25, 30, 35, 40, 45, 50, 55, 60, 65, 70, 75, 80, 85, 90, 95, 100]","[3, 3, 1, 0, 0, 0, 0, 0, 0, 0, 0, 0, 0, 0, 0, 0, 1250, 12, 344, 0]","[0.0018598884066955983, 0.0037197768133911966, 0.0043397396156230625, 0.0043397396156230625, 0.0043397396156230625, 0.0043397396156230625, 0.0043397396156230625, 0.0043397396156230625, 0.0043397396156230625, 0.0043397396156230625, 0.0043397396156230625, 0.0043397396156230625, 0.0043397396156230625, 0.0043397396156230625, 0.0043397396156230625, 0.0043397396156230625, 0.7792932424054557, 0.7867327960322381, 1.0, 1.0]",4.0,2.0,2.0,2.0,2.0,24,-4.879390000000001,8.0,12.0,hrl_dqn_apf,hierarchical,dqn,-9.029,5.201,-0.798,0.00,0.00,0.00,-15.271,5.170,-0.551,0.00,0.00,0.00,-20.110,4.175,-1.868,0.00,0.00,0.00,4.170,4.170,4.170
2026-02-04 19:56:02,14.16,7,364,371,1.89%,82.66,0.43%,"[0, 5, 10, 15, 20, 25, 30, 35, 40, 45, 50, 55, 60, 65, 70, 75, 80, 85, 90, 95, 100]","[3, 3, 1, 0, 0, 0, 0, 0, 0, 0, 0, 0, 0, 0, 0, 0, 1248, 14, 344, 0]","[0.0018598884066955983, 0.0037197768133911966, 0.0043397396156230625, 0.0043397396156230625, 0.0043397396156230625, 0.0043397396156230625, 0.0043397396156230625, 0.0043397396156230625, 0.0043397396156230625, 0.0043397396156230625, 0.0043397396156230625, 0.0043397396156230625, 0.0043397396156230625, 0.0043397396156230625, 0.0043397396156230625, 0.0043397396156230625, 0.778053316800992, 0.7867327960322381, 1.0, 1.0]",4.0,2.0,2.0,2.0,2.0,24,-4.879390000000001,8.0,12.0,hrl_dqn_apf,hierarchical,dqn,-9.029,5.597,-0.798,0.00,0.00,0.00,-15.271,5.566,-0.551,0.00,0.00,0.00,-20.110,4.571,-1.868,0.00,0.00,0.00,4.167,4.167,4.167
2026-02-04 19:56:03,15.16,7,366,373,1.88%,83.03,0.43%,"[0, 5, 10, 15, 20, 25, 30, 35, 40, 45, 50, 55, 60, 65, 70, 75, 80, 85, 90, 95, 100]","[3, 1, 2, 1, 0, 0, 0, 0, 0, 0, 0, 0, 0, 0, 0, 0, 1242, 16, 7, 341]","[0.0018598884066955983, 0.0024798512089274642, 0.0037197768133911966, 0.0043397396156230625, 0.0043397396156230625, 0.0043397396156230625, 0.0043397396156230625, 0.0043397396156230625, 0.0043397396156230625, 0.0043397396156230625, 0.0043397396156230625, 0.0043397396156230625, 0.0043397396156230625, 0.0043397396156230625, 0.0043397396156230625, 0.0043397396156230625, 0.7743335399876008, 0.7842529448233106, 0.7885926844389337, 1.0]",4.0,2.0,2.0,2.0,2.0,7,-16.71895,8.0,-6.0,hrl_dqn_apf,hierarchical,dqn,-9.029,6.388,-0.798,0.00,0.00,0.00,-15.271,6.357,-0.551,0.00,0.00,0.00,-20.110,5.362,-1.868,0.00,0.00,0.00,4.164,4.164,4.164
2026-02-04 19:56:04,16.17,7,366,373,1.88%,83.21,0.43%,"[0, 5, 10, 15, 20, 25, 30, 35, 40, 45, 50, 55, 60, 65, 70, 75, 80, 85, 90, 95, 100]","[3, 0, 3, 1, 0, 0, 0, 0, 0, 0, 0, 0, 0, 0, 0, 0, 1242, 16, 7, 341]","[0.0018598884066955983, 0.0018598884066955983, 0.0037197768133911966, 0.0043397396156230625, 0.0043397396156230625, 0.0043397396156230625, 0.0043397396156230625, 0.0043397396156230625, 0.0043397396156230625, 0.0043397396156230625, 0.0043397396156230625, 0.0043397396156230625, 0.0043397396156230625, 0.0043397396156230625, 0.0043397396156230625, 0.0043397396156230625, 0.7743335399876008, 0.7842529448233106, 0.7885926844389337, 1.0]",4.0,2.0,2.0,2.0,2.0,20,-28.55896,8.0,12.0,hrl_dqn_apf,hierarchical,dqn,-9.029,6.784,-0.798,0.00,0.00,0.00,-15.271,6.752,-0.551,0.00,0.00,0.00,-20.110,5.758,-1.868,0.00,0.00,0.00,4.161,4.161,4.161
2026-02-04 19:56:05,17.17,7,367,374,1.87%,83.40,0.43%,"[0, 5, 10, 15, 20, 25, 30, 35, 40, 45, 50, 55, 60, 65, 70, 75, 80, 85, 90, 95, 100]","[3, 0, 3, 1, 0, 0, 0, 0, 0, 0, 0, 0, 0, 0, 0, 0, 1242, 16, 7, 341]","[0.0018598884066955983, 0.0018598884066955983, 0.0037197768133911966, 0.0043397396156230625, 0.0043397396156230625, 0.0043397396156230625, 0.0043397396156230625, 0.0043397396156230625, 0.0043397396156230625, 0.0043397396156230625, 0.0043397396156230625, 0.0043397396156230625, 0.0043397396156230625, 0.0043397396156230625, 0.0043397396156230625, 0.0043397396156230625, 0.7743335399876008, 0.7842529448233106, 0.7885926844389337, 1.0]",4.0,2.0,2.0,2.0,2.0,20,-28.55896,8.0,12.0,hrl_dqn_apf,hierarchical,dqn,-9.121,6.952,-0.798,0.00,0.00,0.00,-15.363,6.920,-0.551,0.00,0.00,0.00,-20.110,6.155,-1.868,0.00,0.00,0.00,4.158,4.158,4.158
2026-02-04 19:56:06,18.17,7,367,374,1.87%,83.54,0.43%,"[0, 5, 10, 15, 20, 25, 30, 35, 40, 45, 50, 55, 60, 65, 70, 75, 80, 85, 90, 95, 100]","[3, 0, 3, 1, 0, 0, 0, 1, 0, 0, 0, 0, 0, 0, 0, 0, 1242, 10, 12, 341]","[0.0018598884066955983, 0.0018598884066955983, 0.0037197768133911966, 0.0043397396156230625, 0.0043397396156230625, 0.0043397396156230625, 0.0043397396156230625, 0.0049597024178549285, 0.0049597024178549285, 0.0049597024178549285, 0.0049597024178549285, 0.0049597024178549285, 0.0049597024178549285, 0.0049597024178549285, 0.0049597024178549285, 0.0049597024178549285, 0.7749535027898327, 0.7811531308121513, 0.7885926844389337, 1.0]",4.0,2.0,2.0,2.0,2.0,4,-4.398669999999999,8.0,-12.0,hrl_dqn_apf,hierarchical,dqn,-9.617,6.958,-0.798,0.00,0.00,0.00,-15.860,6.925,-0.551,0.00,0.00,0.00,-20.083,6.416,-1.868,0.00,0.00,0.00,4.155,4.155,4.155
2026-02-04 19:56:07,19.17,10,368,378,2.65%,83.75,0.62%,"[0, 5, 10, 15, 20, 25, 30, 35, 40, 45, 50, 55, 60, 65, 70, 75, 80, 85, 90, 95, 100]","[7, 1, 2, 0, 0, 0, 0, 0, 0, 0, 0, 0, 0, 0, 0, 0, 1236, 14, 12, 341]","[0.0043397396156230625, 0.0049597024178549285, 0.006199628022318661, 0.006199628022318661, 0.006199628022318661, 0.006199628022318661, 0.006199628022318661, 0.006199628022318661, 0.006199628022318661, 0.006199628022318661, 0.006199628022318661, 0.006199628022318661, 0.006199628022318661, 0.006199628022318661, 0.006199628022318661, 0.006199628022318661, 0.7724736515809052, 0.7811531308121513, 0.7885926844389337, 1.0]",4.0,2.0,2.0,2.0,2.0,12,-16.23799,8.0,0.0,hrl_dqn_apf,hierarchical,dqn,-11.048,6.947,-0.798,0.00,0.00,0.00,-16.672,7.118,-0.454,0.00,0.00,0.00,-19.614,6.482,-1.961,0.00,0.00,0.00,4.152,4.152,4.152
2026-02-04 19:56:08,20.17,11,367,378,2.91%,83.88,0.68%,"[0, 5, 10, 15, 20, 25, 30, 35, 40, 45, 50, 55, 60, 65, 70, 75, 80, 85, 90, 95, 100]","[7, 1, 1, 1, 1, 0, 0, 0, 0, 0, 0, 0, 0, 0, 0, 0, 1236, 10, 16, 340]","[0.0043397396156230625, 0.0049597024178549285, 0.005579665220086794, 0.006199628022318661, 0.006819590824550527, 0.006819590824550527, 0.006819590824550527, 0.006819590824550527, 0.006819590824550527, 0.006819590824550527, 0.006819590824550527, 0.006819590824550527, 0.006819590824550527, 0.006819590824550527, 0.006819590824550527, 0.006819590824550527, 0.7730936143831371, 0.7792932424054557, 0.7892126472411656, 1.0]",4.0,2.0,2.0,2.0,2.0,12,-16.23799,8.0,0.0,hrl_dqn_apf,hierarchical,dqn,-11.820,6.943,-0.798,0.00,0.00,0.00,-16.207,7.196,-0.243,0.00,0.00,0.00,-20.096,6.435,-2.170,0.00,0.00,0.00,4.149,4.149,4.149
2026-02-04 19:56:09,21.18,12,368,380,3.16%,84.00,0.74%,"[0, 5, 10, 15, 20, 25, 30, 35, 40, 45, 50, 55, 60, 65, 70, 75, 80, 85, 90, 95, 100]","[8, 1, 1, 2, 0, 0, 0, 0, 0, 0, 0, 0, 0, 0, 0, 0, 1236, 8, 17, 340]","[0.0049597024178549285, 0.005579665220086794, 0.006199628022318661, 0.007439553626782393, 0.007439553626782393, 0.007439553626782393, 0.007439553626782393, 0.007439553626782393, 0.007439553626782393, 0.007439553626782393, 0.007439553626782393, 0.007439553626782393, 0.007439553626782393, 0.007439553626782393, 0.007439553626782393, 0.007439553626782393, 0.7737135771853689, 0.7786732796032239, 0.7892126472411656, 1.0]",4.0,2.0,2.0,2.0,2.0,1,-22.158,8.0,-12.0,hrl_dqn_apf,hierarchical,dqn,-12.377,7.036,-0.811,0.00,0.00,0.00,-15.681,7.352,0.097,0.00,0.00,0.00,-20.736,6.366,-2.448,0.00,0.00,0.00,4.146,4.146,4.146
2026-02-04 19:56:10,22.18,12,370,382,3.14%,84.17,0.74%,"[0, 5, 10, 15, 20, 25, 30, 35, 40, 45, 50, 55, 60, 65, 70, 75, 80, 85, 90, 95, 100]","[9, 1, 0, 2, 0, 0, 0, 0, 0, 0, 0, 0, 0, 0, 0, 1, 1235, 9, 17, 339]","[0.005579665220086794, 0.006199628022318661, 0.006199628022318661, 0.007439553626782393, 0.007439553626782393, 0.007439553626782393, 0.007439553626782393, 0.007439553626782393, 0.007439553626782393, 0.007439553626782393, 0.007439553626782393, 0.007439553626782393, 0.007439553626782393, 0.007439553626782393, 0.007439553626782393, 0.008059516429014259, 0.7737135771853689, 0.7792932424054557, 0.7898326100433974, 1.0]",4.0,2.0,2.0,2.0,2.0,0,-27.997799999999998,8.0,-12.0,hrl_dqn_apf,hierarchical,dqn,-12.138,7.075,-0.881,0.00,0.00,0.00,-15.559,7.503,0.670,0.00,0.00,0.00,-21.378,6.338,-2.790,0.00,0.00,0.00,4.143,4.143,4.143
2026-02-04 19:56:11,23.19,14,368,382,3.66%,84.43,0.87%,"[0, 5, 10, 15, 20, 25, 30, 35, 40, 45, 50, 55, 60, 65, 70, 75, 80, 85, 90, 95, 100]","[10, 2, 0, 2, 0, 0, 0, 0, 0, 0, 0, 0, 0, 0, 0, 0, 1233, 11, 9, 346]","[0.006199628022318661, 0.007439553626782393, 0.007439553626782393, 0.008679479231246125, 0.008679479231246125, 0.008679479231246125, 0.008679479231246125, 0.008679479231246125, 0.008679479231246125, 0.008679479231246125, 0.008679479231246125, 0.008679479231246125, 0.008679479231246125, 0.008679479231246125, 0.008679479231246125, 0.008679479231246125, 0.7730936143831371, 0.7799132052076876, 0.7854928704277744, 1.0]",4.0,2.0,2.0,2.0,2.0,0,-27.997799999999998,8.0,-12.0,hrl_dqn_apf,hierarchical,dqn,-10.862,6.992,-1.263,0.00,0.00,0.00,-16.552,7.621,1.397,0.00,0.00,0.00,-21.791,6.370,-4.068,0.00,0.00,0.00,4.140,4.140,4.140
2026-02-04 19:56:12,24.19,16,370,386,4.15%,84.52,0.99%,"[0, 5, 10, 15, 20, 25, 30, 35, 40, 45, 50, 55, 60, 65, 70, 75, 80, 85, 90, 95, 100]","[8, 3, 1, 2, 1, 1, 0, 0, 0, 0, 0, 0, 0, 0, 0, 0, 1231, 7, 15, 344]","[0.0049597024178549285, 0.006819590824550527, 0.007439553626782393, 0.008679479231246125, 0.009299442033477991, 0.009919404835709857, 0.009919404835709857, 0.009919404835709857, 0.009919404835709857, 0.009919404835709857, 0.009919404835709857, 0.009919404835709857, 0.009919404835709857, 0.009919404835709857, 0.009919404835709857, 0.009919404835709857, 0.7730936143831371, 0.7774333539987601, 0.7867327960322381, 1.0]",4.0,2.0,2.0,2.0,2.0,12,-15.67715,8.0,0.0,hrl_dqn_apf,hierarchical,dqn,-10.154,6.990,-1.482,0.00,0.00,0.00,-17.041,7.722,1.425,0.00,0.00,0.00,-21.822,6.368,-4.813,0.00,0.00,0.00,4.137,4.137,4.137
2026-02-04 19:56:13,25.20,16,372,388,4.12%,84.66,0.99%,"[0, 5, 10, 15, 20, 25, 30, 35, 40, 45, 50, 55, 60, 65, 70, 75, 80, 85, 90, 95, 100]","[11, 2, 1, 1, 1, 0, 0, 0, 0, 0, 0, 0, 0, 0, 0, 1, 1231, 7, 11, 347]","[0.006819590824550527, 0.008059516429014259, 0.008679479231246125, 0.009299442033477991, 0.009919404835709857, 0.009919404835709857, 0.009919404835709857, 0.009919404835709857, 0.009919404835709857, 0.009919404835709857, 0.009919404835709857, 0.009919404835709857, 0.009919404835709857, 0.009919404835709857, 0.009919404835709857, 0.010539367637941723, 0.7737135771853689, 0.778053316800992, 0.7848729076255425, 1.0]",4.0,2.0,2.0,2.0,2.0,12,-15.67715,8.0,0.0,hrl_dqn_apf,hierarchical,dqn,-9.607,6.992,-1.556,0.00,0.00,0.00,-17.211,7.745,0.941,0.00,0.00,0.00,-21.923,6.418,-5.461,0.00,0.00,0.00,4.134,4.134,4.134
2026-02-04 19:56:14,26.20,17,371,388,4.38%,84.80,1.05%,"[0, 5, 10, 15, 20, 25, 30, 35, 40, 45, 50, 55, 60, 65, 70, 75, 80, 85, 90, 95, 100]","[10, 3, 1, 1, 1, 1, 0, 0, 0, 0, 0, 0, 0, 1, 0, 0, 1231, 7, 8, 349]","[0.006199628022318661, 0.008059516429014259, 0.008679479231246125, 0.009299442033477991, 0.009919404835709857, 0.010539367637941723, 0.010539367637941723, 0.010539367637941723, 0.010539367637941723, 0.010539367637941723, 0.010539367637941723, 0.010539367637941723, 0.010539367637941723, 0.011159330440173589, 0.011159330440173589, 0.011159330440173589, 0.7743335399876008, 0.7786732796032239, 0.7836329820210788, 1.0]",4.0,2.0,2.0,2.0,2.0,10,-27.677149999999997,8.0,0.0,hrl_dqn_apf,hierarchical,dqn,-9.622,7.055,-1.577,0.00,0.00,0.00,-17.227,7.777,0.298,0.00,0.00,0.00,-22.422,6.452,-5.731,0.00,0.00,0.00,4.131,4.131,4.131
2026-02-04 19:56:15,27.21,17,371,388,4.38%,85.09,1.05%,"[0, 5, 10, 15, 20, 25, 30, 35, 40, 45, 50, 55, 60, 65, 70, 75, 80, 85, 90, 95, 100]","[9, 5, 1, 0, 2, 0, 1, 0, 1, 0, 0, 0, 0, 0, 0, 0, 1223, 14, 9, 348]","[0.005579665220086794, 0.008679479231246125, 0.009299442033477991, 0.009299442033477991, 0.010539367637941723, 0.010539367637941723, 0.011159330440173589, 0.011159330440173589, 0.011779293242405457, 0.011779293242405457, 0.011779293242405457, 0.011779293242405457, 0.011779293242405457, 0.011779293242405457, 0.011779293242405457, 0.011779293242405457, 0.7699938003719777, 0.7786732796032239, 0.7842529448233106, 1.0]",4.0,2.0,2.0,2.0,2.0,8,-9.51691,8.0,-6.0,hrl_dqn_apf,hierarchical,dqn,-9.621,7.155,-1.869,0.00,0.00,0.00,-16.160,7.831,-0.126,0.00,0.00,0.00,-23.541,6.534,-5.528,0.00,0.00,0.00,4.128,4.128,4.128
2026-02-04 19:56:16,28.22,19,371,390,4.87%,85.20,1.18%,"[0, 5, 10, 15, 20, 25, 30, 35, 40, 45, 50, 55, 60, 65, 70, 75, 80, 85, 90, 95, 100]","[11, 4, 1, 1, 2, 0, 1, 0, 0, 0, 0, 0, 0, 0, 0, 0, 1223, 14, 9, 347]","[0.006819590824550527, 0.009299442033477991, 0.009919404835709857, 0.010539367637941723, 0.011779293242405457, 0.011779293242405457, 0.012399256044637322, 0.012399256044637322, 0.012399256044637322, 0.012399256044637322, 0.012399256044637322, 0.012399256044637322, 0.012399256044637322, 0.012399256044637322, 0.012399256044637322, 0.012399256044637322, 0.7706137631742096, 0.7792932424054557, 0.7848729076255425, 1.0]",4.0,2.0,2.0,2.0,2.0,8,-9.51691,8.0,-6.0,hrl_dqn_apf,hierarchical,dqn,-9.617,7.157,-2.488,0.00,0.00,0.00,-15.624,7.902,0.047,0.00,0.00,0.00,-23.685,6.542,-4.911,0.00,0.00,0.00,4.125,4.125,4.125
2026-02-04 19:56:17,29.22,19,371,390,4.87%,85.37,1.18%,"[0, 5, 10, 15, 20, 25, 30, 35, 40, 45, 50, 55, 60, 65, 70, 75, 80, 85, 90, 95, 100]","[10, 4, 2, 1, 2, 0, 1, 0, 0, 0, 0, 0, 0, 0, 0, 0, 1219, 14, 7, 353]","[0.006199628022318661, 0.008679479231246125, 0.009919404835709857, 0.010539367637941723, 0.011779293242405457, 0.011779293242405457, 0.012399256044637322, 0.012399256044637322, 0.012399256044637322, 0.012399256044637322, 0.012399256044637322, 0.012399256044637322, 0.012399256044637322, 0.012399256044637322, 0.012399256044637322, 0.012399256044637322, 0.7681339119652821, 0.7768133911965283, 0.7811531308121513, 1.0]",4.0,2.0,2.0,2.0,2.0,20,-27.35681,8.0,12.0,hrl_dqn_apf,hierarchical,dqn,-9.616,7.154,-3.208,0.00,0.00,0.00,-15.437,7.919,0.615,0.00,0.00,0.00,-23.730,6.540,-4.190,0.00,0.00,0.00,4.122,4.122,4.122
2026-02-04 19:56:18,30.22,21,369,390,5.38%,85.44,1.30%,"[0, 5, 10, 15, 20, 25, 30, 35, 40, 45, 50, 55, 60, 65, 70, 75, 80, 85, 90, 95, 100]","[9, 5, 2, 2, 1, 2, 1, 0, 0, 0, 0, 0, 0, 1, 0, 0, 1217, 16, 7, 350]","[0.005579665220086794, 0.008679479231246125, 0.009919404835709857, 0.011159330440173589, 0.011779293242405457, 0.013019218846869188, 0.013639181649101054, 0.013639181649101054, 0.013639181649101054, 0.013639181649101054, 0.013639181649101054, 0.013639181649101054, 0.013639181649101054, 0.01425914445133292, 0.01425914445133292, 0.01425914445133292, 0.768753874767514, 0.7786732796032239, 0.7830130192188469, 1.0]",4.0,2.0,2.0,2.0,2.0,6,-21.196640000000002,8.0,-6.0,hrl_dqn_apf,hierarchical,dqn,-9.615,7.151,-3.958,0.00,0.00,0.00,-15.416,7.951,1.285,0.00,0.00,0.00,-23.710,6.568,-3.474,0.00,0.00,0.00,4.119,4.119,4.119
2026-02-04 19:56:19,31.22,23,368,391,5.88%,85.62,1.43%,"[0, 5, 10, 15, 20, 25, 30, 35, 40, 45, 50, 55, 60, 65, 70, 75, 80, 85, 90, 95, 100]","[11, 6, 3, 1, 0, 2, 0, 1, 0, 0, 0, 0, 0, 2, 0, 0, 1218, 10, 12, 347]","[0.006819590824550527, 0.010539367637941723, 0.012399256044637322, 0.013019218846869188, 0.013019218846869188, 0.01425914445133292, 0.01425914445133292, 0.014879107253564786, 0.014879107253564786, 0.014879107253564786, 0.014879107253564786, 0.014879107253564786, 0.014879107253564786, 0.016119032858028518, 0.016119032858028518, 0.016119032858028518, 0.7712337259764415, 0.7774333539987601, 0.7848729076255425, 1.0]",4.0,2.0,2.0,2.0,2.0,6,-21.196640000000002,8.0,-6.0,hrl_dqn_apf,hierarchical,dqn,-9.306,7.227,-5.185,0.00,0.00,0.00,-16.491,8.008,1.722,0.00,0.00,0.00,-22.938,6.711,-3.337,0.00,0.00,0.00,4.116,4.116,4.116
2026-02-04 19:56:20,32.23,24,369,393,6.11%,85.71,1.49%,"[0, 5, 10, 15, 20, 25, 30, 35, 40, 45, 50, 55, 60, 65, 70, 75, 80, 85, 90, 95, 100]","[11, 5, 4, 2, 0, 2, 0, 1, 0, 1, 0, 0, 0, 2, 0, 0, 1218, 8, 14, 345]","[0.006819590824550527, 0.009919404835709857, 0.012399256044637322, 0.013639181649101054, 0.013639181649101054, 0.014879107253564786, 0.014879107253564786, 0.015499070055796652, 0.015499070055796652, 0.016119032858028518, 0.016119032858028518, 0.016119032858028518, 0.016119032858028518, 0.01735895846249225, 0.01735895846249225, 0.01735895846249225, 0.7724736515809052, 0.7774333539987601, 0.7861128332300062, 1.0]",4.0,2.0,2.0,2.0,2.0,14,-3.0359700000000007,8.0,0.0,hrl_dqn_apf,hierarchical,dqn,-8.685,7.236,-5.336,0.00,0.00,0.00,-17.223,8.005,1.754,0.00,0.00,0.00,-22.819,6.720,-3.931,0.00,0.00,0.00,4.113,4.113,4.113
2026-02-04 19:56:21,33.23,25,370,395,6.33%,85.80,1.55%,"[0, 5, 10, 15, 20, 25, 30, 35, 40, 45, 50, 55, 60, 65, 70, 75, 80, 85, 90, 95, 100]","[11, 6, 4, 2, 0, 2, 1, 1, 0, 0, 0, 0, 0, 1, 2, 0, 1211, 14, 14, 344]","[0.006819590824550527, 0.010539367637941723, 0.013019218846869188, 0.01425914445133292, 0.01425914445133292, 0.015499070055796652, 0.016119032858028518, 0.016738995660260384, 0.016738995660260384, 0.016738995660260384, 0.016738995660260384, 0.016738995660260384, 0.016738995660260384, 0.01735895846249225, 0.018598884066955982, 0.018598884066955982, 0.7693738375697459, 0.778053316800992, 0.7867327960322381, 1.0]",4.0,2.0,2.0,2.0,2.0,17,-14.87581,8.0,6.0,hrl_dqn_apf,hierarchical,dqn,-7.986,7.234,-5.343,0.00,0.00,0.00,-17.866,8.059,1.877,0.00,0.00,0.00,-22.782,6.718,-4.645,0.00,0.00,0.00,4.110,4.110,4.110
2026-02-04 19:56:22,34.23,27,368,395,6.84%,85.88,1.67%,"[0, 5, 10, 15, 20, 25, 30, 35, 40, 45, 50, 55, 60, 65, 70, 75, 80, 85, 90, 95, 100]","[13, 3, 4, 4, 1, 2, 1, 1, 0, 0, 0, 0, 0, 0, 2, 0, 1211, 11, 16, 344]","[0.008059516429014259, 0.009919404835709857, 0.012399256044637322, 0.014879107253564786, 0.015499070055796652, 0.016738995660260384, 0.01735895846249225, 0.017978921264724116, 0.017978921264724116, 0.017978921264724116, 0.017978921264724116, 0.017978921264724116, 0.017978921264724116, 0.017978921264724116, 0.019218846869187848, 0.019218846869187848, 0.7699938003719777, 0.7768133911965283, 0.7867327960322381, 1.0]",4.0,2.0,2.0,2.0,2.0,17,-14.87581,8.0,6.0,hrl_dqn_apf,hierarchical,dqn,-7.267,7.260,-5.312,0.00,0.00,0.00,-18.119,8.089,2.398,0.00,0.00,0.00,-22.738,6.743,-5.363,0.00,0.00,0.00,4.107,4.107,4.107
2026-02-04 19:56:23,35.23,29,370,399,7.27%,86.13,1.80%,"[0, 5, 10, 15, 20, 25, 30, 35, 40, 45, 50, 55, 60, 65, 70, 75, 80, 85, 90, 95, 100]","[11, 6, 4, 5, 2, 1, 2, 0, 0, 0, 0, 0, 0, 0, 2, 0, 1210, 9, 16, 345]","[0.006819590824550527, 0.010539367637941723, 0.013019218846869188, 0.016119032858028518, 0.01735895846249225, 0.017978921264724116, 0.019218846869187848, 0.019218846869187848, 0.019218846869187848, 0.019218846869187848, 0.019218846869187848, 0.019218846869187848, 0.019218846869187848, 0.019218846869187848, 0.02045877247365158, 0.02045877247365158, 0.7706137631742096, 0.7761934283942964, 0.7861128332300062, 1.0]",4.0,2.0,2.0,2.0,2.0,8,-8.71579,8.0,-6.0,hrl_dqn_apf,hierarchical,dqn,-6.804,7.327,-4.436,0.00,0.00,0.00,-18.222,8.086,3.833,0.00,0.00,0.00,-21.663,6.801,-5.827,0.00,0.00,0.00,4.104,4.104,4.104
2026-02-04 19:56:24,36.24,28,373,401,6.98%,86.28,1.74%,"[0, 5, 10, 15, 20, 25, 30, 35, 40, 45, 50, 55, 60, 65, 70, 75, 80, 85, 90, 95, 100]","[12, 6, 4, 5, 1, 0, 3, 0, 0, 0, 0, 1, 0, 0, 2, 0, 1210, 9, 12, 348]","[0.007439553626782393, 0.011159330440173589, 0.013639181649101054, 0.016738995660260384, 0.01735895846249225, 0.01735895846249225, 0.019218846869187848, 0.019218846869187848, 0.019218846869187848, 0.019218846869187848, 0.019218846869187848, 0.019838809671419714, 0.019838809671419714, 0.019838809671419714, 0.021078735275883446, 0.021078735275883446, 0.7712337259764415, 0.7768133911965283, 0.7842529448233106, 1.0]",4.0,2.0,2.0,2.0,2.0,16,-20.55508,8.0,6.0,hrl_dqn_apf,hierarchical,dqn,-6.956,7.380,-4.072,0.00,0.00,0.00,-18.019,8.157,4.381,0.00,0.00,0.00,-20.931,6.798,-5.862,0.00,0.00,0.00,4.101,4.101,4.101
2026-02-04 19:56:25,37.25,29,370,399,7.27%,86.35,1.80%,"[0, 5, 10, 15, 20, 25, 30, 35, 40, 45, 50, 55, 60, 65, 70, 75, 80, 85, 90, 95, 100]","[11, 8, 3, 5, 2, 0, 3, 1, 1, 0, 0, 0, 0, 0, 2, 0, 1210, 9, 8, 350]","[0.006819590824550527, 0.011779293242405457, 0.013639181649101054, 0.016738995660260384, 0.017978921264724116, 0.017978921264724116, 0.019838809671419714, 0.02045877247365158, 0.021078735275883446, 0.021078735275883446, 0.021078735275883446, 0.021078735275883446, 0.021078735275883446, 0.021078735275883446, 0.022318660880347178, 0.022318660880347178, 0.7724736515809052, 0.778053316800992, 0.7830130192188469, 1.0]",4.0,2.0,2.0,2.0,2.0,16,-20.55508,8.0,6.0,hrl_dqn_apf,hierarchical,dqn,-7.515,7.394,-3.933,0.00,0.00,0.00,-17.441,8.174,4.571,0.00,0.00,0.00,-20.178,6.795,-5.872,0.00,0.00,0.00,4.098,4.098,4.098
2026-02-04 19:56:26,38.25,31,372,403,7.69%,86.45,1.92%,"[0, 5, 10, 15, 20, 25, 30, 35, 40, 45, 50, 55, 60, 65, 70, 75, 80, 85, 90, 95, 100]","[12, 7, 5, 5, 2, 0, 2, 1, 1, 0, 0, 0, 0, 0, 0, 2, 1206, 7, 14, 349]","[0.007439553626782393, 0.011779293242405457, 0.014879107253564786, 0.017978921264724116, 0.019218846869187848, 0.019218846869187848, 0.02045877247365158, 0.021078735275883446, 0.02169869807811531, 0.02169869807811531, 0.02169869807811531, 0.02169869807811531, 0.02169869807811531, 0.02169869807811531, 0.02169869807811531, 0.022938623682579044, 0.7706137631742096, 0.7749535027898327, 0.7836329820210788, 1.0]",4.0,2.0,2.0,2.0,2.0,22,-14.39505,8.0,12.0,hrl_dqn_apf,hierarchical,dqn,-8.199,7.393,-3.891,0.00,0.00,0.00,-16.786,8.198,4.664,0.00,0.00,0.00,-19.440,6.792,-5.875,0.00,0.00,0.00,4.095,4.095,4.095
2026-02-04 19:56:27,39.25,33,372,405,8.15%,86.71,2.05%,"[0, 5, 10, 15, 20, 25, 30, 35, 40, 45, 50, 55, 60, 65, 70, 75, 80, 85, 90, 95, 100]","[11, 8, 5, 4, 4, 1, 2, 1, 0, 0, 0, 0, 0, 2, 0, 1, 1206, 7, 8, 353]","[0.006819590824550527, 0.011779293242405457, 0.014879107253564786, 0.01735895846249225, 0.019838809671419714, 0.02045877247365158, 0.02169869807811531, 0.022318660880347178, 0.022318660880347178, 0.022318660880347178, 0.022318660880347178, 0.022318660880347178, 0.022318660880347178, 0.023558586484810913, 0.023558586484810913, 0.02417854928704278, 0.7718536887786733, 0.7761934283942964, 0.7811531308121513, 1.0]",4.0,2.0,2.0,2.0,2.0,2,-14.2349,8.0,-12.0,hrl_dqn_apf,hierarchical,dqn,-9.703,7.387,-3.868,0.00,0.00,0.00,-16.345,8.249,5.768,0.00,0.00,0.00,-18.211,6.868,-6.173,0.00,0.00,0.00,4.092,4.092,4.092
2026-02-04 19:56:28,40.26,35,370,405,8.64%,86.79,2.17%,"[0, 5, 10, 15, 20, 25, 30, 35, 40, 45, 50, 55, 60, 65, 70, 75, 80, 85, 90, 95, 100]","[11, 9, 5, 5, 4, 1, 1, 2, 0, 0, 0, 0, 0, 0, 1, 1, 1200, 12, 9, 352]","[0.006819590824550527, 0.012399256044637322, 0.015499070055796652, 0.018598884066955982, 0.021078735275883446, 0.02169869807811531, 0.022318660880347178, 0.023558586484810913, 0.023558586484810913, 0.023558586484810913, 0.023558586484810913, 0.023558586484810913, 0.023558586484810913, 0.023558586484810913, 0.02417854928704278, 0.024798512089274645, 0.768753874767514, 0.7761934283942964, 0.7817730936143832, 1.0]",4.0,2.0,2.0,2.0,2.0,2,-14.2349,8.0,-12.0,hrl_dqn_apf,hierarchical,dqn,-10.463,7.384,-3.867,0.00,0.00,0.00,-16.312,8.246,6.503,0.00,0.00,0.00,-18.055,6.878,-6.791,0.00,0.00,0.00,4.089,4.089,4.089
2026-02-04 19:56:29,41.27,36,369,405,8.89%,86.88,2.23%,"[0, 5, 10, 15, 20, 25, 30, 35, 40, 45, 50, 55, 60, 65, 70, 75, 80, 85, 90, 95, 100]","[11, 10, 5, 4, 5, 1, 1, 3, 0, 0, 0, 0, 0, 0, 0, 1, 1198, 14, 9, 351]","[0.006819590824550527, 0.013019218846869188, 0.016119032858028518, 0.018598884066955982, 0.02169869807811531, 0.022318660880347178, 0.022938623682579044, 0.024798512089274645, 0.024798512089274645, 0.024798512089274645, 0.024798512089274645, 0.024798512089274645, 0.024798512089274645, 0.024798512089274645, 0.024798512089274645, 0.02541847489150651, 0.7681339119652821, 0.7768133911965283, 0.782393056416615, 1.0]",4.0,2.0,2.0,2.0,2.0,12,-14.07434,8.0,0.0,hrl_dqn_apf,hierarchical,dqn,-11.140,7.434,-3.780,0.00,0.00,0.00,-16.302,8.243,7.259,0.00,0.00,0.00,-18.007,6.876,-7.514,0.00,0.00,0.00,4.086,4.086,4.086
2026-02-04 19:56:30,42.28,38,371,409,9.29%,86.96,2.36%,"[0, 5, 10, 15, 20, 25, 30, 35, 40, 45, 50, 55, 60, 65, 70, 75, 80, 85, 90, 95, 100]","[10, 10, 7, 4, 6, 1, 0, 3, 0, 0, 0, 0, 0, 0, 0, 1, 1198, 16, 9, 348]","[0.006199628022318661, 0.012399256044637322, 0.016738995660260384, 0.019218846869187848, 0.022938623682579044, 0.023558586484810913, 0.023558586484810913, 0.02541847489150651, 0.02541847489150651, 0.02541847489150651, 0.02541847489150651, 0.02541847489150651, 0.02541847489150651, 0.02541847489150651, 0.02541847489150651, 0.026038437693738377, 0.768753874767514, 0.7786732796032239, 0.7842529448233106, 1.0]",4.0,2.0,2.0,2.0,2.0,1,-19.91554,8.0,-12.0,hrl_dqn_apf,hierarchical,dqn,-11.419,7.470,-3.288,0.00,0.00,0.00,-16.298,8.305,7.940,0.00,0.00,0.00,-17.992,6.873,-8.264,0.00,0.00,0.00,4.083,4.083,4.083
2026-02-04 19:56:31,43.28,41,366,407,10.07%,87.07,2.54%,"[0, 5, 10, 15, 20, 25, 30, 35, 40, 45, 50, 55, 60, 65, 70, 75, 80, 85, 90, 95, 100]","[10, 10, 9, 5, 4, 3, 1, 2, 1, 1, 0, 0, 0, 0, 0, 0, 1193, 16, 7, 351]","[0.006199628022318661, 0.012399256044637322, 0.017978921264724116, 0.021078735275883446, 0.023558586484810913, 0.02541847489150651, 0.026038437693738377, 0.02727836329820211, 0.027898326100433975, 0.02851828890266584, 0.02851828890266584, 0.02851828890266584, 0.02851828890266584, 0.02851828890266584, 0.02851828890266584, 0.02851828890266584, 0.7681339119652821, 0.778053316800992, 0.782393056416615, 1.0]",4.0,2.0,2.0,2.0,2.0,1,-19.91554,8.0,-12.0,hrl_dqn_apf,hierarchical,dqn,-11.534,7.468,-1.845,0.00,0.00,0.00,-16.297,8.423,7.283,0.00,0.00,0.00,-17.679,6.948,-9.500,0.00,0.00,0.00,4.080,4.080,4.080
2026-02-04 19:56:32,44.28,40,368,408,9.80%,87.23,2.48%,"[0, 5, 10, 15, 20, 25, 30, 35, 40, 45, 50, 55, 60, 65, 70, 75, 80, 85, 90, 95, 100]","[11, 9, 8, 5, 3, 4, 2, 2, 1, 1, 0, 0, 0, 0, 0, 1, 1193, 16, 7, 350]","[0.006819590824550527, 0.012399256044637322, 0.01735895846249225, 0.02045877247365158, 0.022318660880347178, 0.024798512089274645, 0.026038437693738377, 0.02727836329820211, 0.027898326100433975, 0.02851828890266584, 0.02851828890266584, 0.02851828890266584, 0.02851828890266584, 0.02851828890266584, 0.02851828890266584, 0.029138251704897707, 0.768753874767514, 0.7786732796032239, 0.7830130192188469, 1.0]",4.0,2.0,2.0,2.0,2.0,13,-7.83408,8.0,0.0,hrl_dqn_apf,hierarchical,dqn,-11.542,7.465,-1.090,0.00,0.00,0.00,-16.297,8.421,6.577,0.00,0.00,0.00,-17.058,6.957,-9.651,0.00,0.00,0.00,4.077,4.077,4.077
2026-02-04 19:56:33,45.28,41,367,408,10.05%,87.36,2.54%,"[0, 5, 10, 15, 20, 25, 30, 35, 40, 45, 50, 55, 60, 65, 70, 75, 80, 85, 90, 95, 100]","[10, 9, 10, 4, 4, 4, 2, 1, 2, 1, 0, 0, 0, 0, 0, 0, 1194, 12, 11, 349]","[0.006199628022318661, 0.011779293242405457, 0.017978921264724116, 0.02045877247365158, 0.022938623682579044, 0.02541847489150651, 0.026658400495970243, 0.02727836329820211, 0.02851828890266584, 0.029138251704897707, 0.029138251704897707, 0.029138251704897707, 0.029138251704897707, 0.029138251704897707, 0.029138251704897707, 0.029138251704897707, 0.7693738375697459, 0.7768133911965283, 0.7836329820210788, 1.0]",4.0,2.0,2.0,2.0,2.0,13,-7.83408,8.0,0.0,hrl_dqn_apf,hierarchical,dqn,-11.451,7.516,-0.423,0.00,0.00,0.00,-16.297,8.418,5.832,0.00,0.00,0.00,-16.429,7.011,-9.603,0.00,0.00,0.00,4.074,4.074,4.074
2026-02-04 19:56:34,46.28,42,366,408,10.29%,87.50,2.60%,"[0, 5, 10, 15, 20, 25, 30, 35, 40, 45, 50, 55, 60, 65, 70, 75, 80, 85, 90, 95, 100]","[12, 8, 9, 5, 3, 5, 2, 0, 3, 1, 0, 0, 0, 0, 0, 0, 1193, 8, 14, 350]","[0.007439553626782393, 0.012399256044637322, 0.017978921264724116, 0.021078735275883446, 0.022938623682579044, 0.026038437693738377, 0.02727836329820211, 0.02727836329820211, 0.029138251704897707, 0.029758214507129573, 0.029758214507129573, 0.029758214507129573, 0.029758214507129573, 0.029758214507129573, 0.029758214507129573, 0.029758214507129573, 0.7693738375697459, 0.7743335399876008, 0.7830130192188469, 1.0]",4.0,2.0,2.0,2.0,2.0,9,-1.6735799999999994,8.0,-6.0,hrl_dqn_apf,hierarchical,dqn,-10.965,7.550,-0.155,0.00,0.00,0.00,-16.297,8.415,5.090,0.00,0.00,0.00,-16.171,7.045,-9.129,0.00,0.00,0.00,4.071,4.071,4.071
2026-02-04 19:56:35,47.29,43,367,410,10.49%,87.76,2.67%,"[0, 5, 10, 15, 20, 25, 30, 35, 40, 45, 50, 55, 60, 65, 70, 75, 80, 85, 90, 95, 100]","[11, 7, 11, 6, 3, 5, 1, 1, 2, 1, 2, 0, 0, 0, 0, 0, 1186, 13, 14, 350]","[0.006819590824550527, 0.011159330440173589, 0.017978921264724116, 0.02169869807811531, 0.023558586484810913, 0.026658400495970243, 0.02727836329820211, 0.027898326100433975, 0.029138251704897707, 0.029758214507129573, 0.030998140111593304, 0.030998140111593304, 0.030998140111593304, 0.030998140111593304, 0.030998140111593304, 0.030998140111593304, 0.7662740235585865, 0.7743335399876008, 0.7830130192188469, 1.0]",4.0,2.0,2.0,2.0,2.0,10,-25.51325,8.0,0.0,hrl_dqn_apf,hierarchical,dqn,-9.559,7.548,-0.042,0.00,0.00,0.00,-16.618,8.492,3.902,0.00,0.00,0.00,-16.061,7.043,-7.728,0.00,0.00,0.00,4.068,4.068,4.068
2026-02-04 19:56:36,48.29,43,365,408,10.54%,87.84,2.67%,"[0, 5, 10, 15, 20, 25, 30, 35, 40, 45, 50, 55, 60, 65, 70, 75, 80, 85, 90, 95, 100]","[10, 6, 11, 7, 4, 5, 1, 1, 5, 1, 1, 0, 0, 0, 0, 0, 1186, 9, 17, 349]","[0.006199628022318661, 0.009919404835709857, 0.016738995660260384, 0.021078735275883446, 0.023558586484810913, 0.026658400495970243, 0.02727836329820211, 0.027898326100433975, 0.030998140111593304, 0.03161810291382517, 0.032238065716057036, 0.032238065716057036, 0.032238065716057036, 0.032238065716057036, 0.032238065716057036, 0.032238065716057036, 0.7675139491630503, 0.7730936143831371, 0.7836329820210788, 1.0]",4.0,2.0,2.0,2.0,2.0,10,-25.51325,8.0,0.0,hrl_dqn_apf,hierarchical,dqn,-8.805,7.545,-0.034,0.00,0.00,0.00,-17.242,8.500,3.755,0.00,0.00,0.00,-16.239,7.112,-7.156,0.00,0.00,0.00,4.065,4.065,4.065
2026-02-04 19:56:37,49.30,43,369,412,10.44%,87.93,2.67%,"[0, 5, 10, 15, 20, 25, 30, 35, 40, 45, 50, 55, 60, 65, 70, 75, 80, 85, 90, 95, 100]","[11, 8, 7, 10, 4, 3, 4, 1, 3, 1, 1, 0, 0, 0, 0, 0, 1185, 10, 16, 349]","[0.006819590824550527, 0.011779293242405457, 0.016119032858028518, 0.022318660880347178, 0.024798512089274645, 0.026658400495970243, 0.029138251704897707, 0.029758214507129573, 0.03161810291382517, 0.032238065716057036, 0.0328580285182889, 0.0328580285182889, 0.0328580285182889, 0.0328580285182889, 0.0328580285182889, 0.0328580285182889, 0.7675139491630503, 0.7737135771853689, 0.7836329820210788, 1.0]",4.0,2.0,2.0,2.0,2.0,5,-25.35406,8.0,-6.0,hrl_dqn_apf,hierarchical,dqn,-8.046,7.542,-0.031,0.00,0.00,0.00,-17.965,8.498,3.710,0.00,0.00,0.00,-16.804,7.131,-6.954,0.00,0.00,0.00,4.062,4.062,4.062
2026-02-04 19:56:38,50.30,43,371,414,10.39%,88.09,2.67%,"[0, 5, 10, 15, 20, 25, 30, 35, 40, 45, 50, 55, 60, 65, 70, 75, 80, 85, 90, 95, 100]","[12, 7, 7, 9, 4, 4, 4, 1, 2, 2, 1, 0, 0, 0, 0, 0, 1186, 10, 12, 352]","[0.007439553626782393, 0.011779293242405457, 0.016119032858028518, 0.02169869807811531, 0.02417854928704278, 0.026658400495970243, 0.029138251704897707, 0.029758214507129573, 0.030998140111593304, 0.032238065716057036, 0.0328580285182889, 0.0328580285182889, 0.0328580285182889, 0.0328580285182889, 0.0328580285182889, 0.0328580285182889, 0.7681339119652821, 0.7743335399876008, 0.7817730936143832, 1.0]",4.0,2.0,2.0,2.0,2.0,11,-19.19242,8.0,0.0,hrl_dqn_apf,hierarchical,dqn,-7.343,7.593,-0.030,0.00,0.00,0.00,-18.715,8.495,3.696,0.00,0.00,0.00,-17.509,7.130,-6.891,0.00,0.00,0.00,4.059,4.059,4.059
2026-02-04 19:56:39,51.30,43,371,414,10.39%,88.36,2.67%,"[0, 5, 10, 15, 20, 25, 30, 35, 40, 45, 50, 55, 60, 65, 70, 75, 80, 85, 90, 95, 100]","[10, 8, 8, 9, 5, 3, 6, 1, 1, 3, 0, 1, 0, 0, 0, 0, 1183, 8, 13, 354]","[0.006199628022318661, 0.011159330440173589, 0.016119032858028518, 0.02169869807811531, 0.024798512089274645, 0.026658400495970243, 0.03037817730936144, 0.030998140111593304, 0.03161810291382517, 0.03347799132052077, 0.03347799132052077, 0.034097954122752634, 0.034097954122752634, 0.034097954122752634, 0.034097954122752634, 0.034097954122752634, 0.7675139491630503, 0.7724736515809052, 0.7805331680099195, 1.0]",4.0,2.0,2.0,2.0,2.0,11,-19.19242,8.0,0.0,hrl_dqn_apf,hierarchical,dqn,-7.930,7.722,-0.030,0.00,0.00,0.00,-19.921,8.572,3.370,0.00,0.00,0.00,-19.014,7.124,-6.866,0.00,0.00,0.00,4.056,4.056,4.056
2026-02-04 19:56:40,52.30,44,374,418,10.53%,88.48,2.73%,"[0, 5, 10, 15, 20, 25, 30, 35, 40, 45, 50, 55, 60, 65, 70, 75, 80, 85, 90, 95, 100]","[9, 10, 6, 10, 6, 3, 5, 2, 1, 2, 1, 1, 0, 0, 0, 0, 1181, 8, 12, 356]","[0.005579665220086794, 0.011779293242405457, 0.015499070055796652, 0.02169869807811531, 0.02541847489150651, 0.02727836329820211, 0.03037817730936144, 0.03161810291382517, 0.032238065716057036, 0.03347799132052077, 0.034097954122752634, 0.0347179169249845, 0.0347179169249845, 0.0347179169249845, 0.0347179169249845, 0.0347179169249845, 0.7668939863608184, 0.7718536887786733, 0.7792932424054557, 1.0]",4.0,2.0,2.0,2.0,2.0,5,-25.032429999999998,8.0,-6.0,hrl_dqn_apf,hierarchical,dqn,-8.624,7.720,-0.030,0.00,0.00,0.00,-20.068,8.580,2.750,0.00,0.00,0.00,-19.767,7.121,-6.865,0.00,0.00,0.00,4.053,4.053,4.053
2026-02-04 19:56:41,53.31,44,374,418,10.53%,88.55,2.73%,"[0, 5, 10, 15, 20, 25, 30, 35, 40, 45, 50, 55, 60, 65, 70, 75, 80, 85, 90, 95, 100]","[9, 9, 5, 10, 7, 4, 5, 1, 2, 4, 1, 1, 0, 0, 0, 0, 1182, 7, 11, 355]","[0.005579665220086794, 0.011159330440173589, 0.01425914445133292, 0.02045877247365158, 0.024798512089274645, 0.02727836329820211, 0.03037817730936144, 0.030998140111593304, 0.032238065716057036, 0.0347179169249845, 0.035337879727216366, 0.03595784252944823, 0.03595784252944823, 0.03595784252944823, 0.03595784252944823, 0.03595784252944823, 0.768753874767514, 0.7730936143831371, 0.7799132052076876, 1.0]",4.0,2.0,2.0,2.0,2.0,12,-12.87207,8.0,0.0,hrl_dqn_apf,hierarchical,dqn,-9.388,7.717,-0.030,0.00,0.00,0.00,-20.115,8.578,2.008,0.00,0.00,0.00,-20.351,7.227,-6.864,0.00,0.00,0.00,4.050,4.050,4.050
2026-02-04 19:56:42,54.31,44,374,418,10.53%,88.65,2.73%,"[0, 5, 10, 15, 20, 25, 30, 35, 40, 45, 50, 55, 60, 65, 70, 75, 80, 85, 90, 95, 100]","[10, 8, 6, 7, 10, 3, 3, 4, 3, 3, 2, 1, 0, 0, 0, 0, 1177, 11, 9, 356]","[0.006199628022318661, 0.011159330440173589, 0.014879107253564786, 0.019218846869187848, 0.02541847489150651, 0.02727836329820211, 0.029138251704897707, 0.03161810291382517, 0.03347799132052077, 0.035337879727216366, 0.0365778053316801, 0.037197768133911964, 0.037197768133911964, 0.037197768133911964, 0.037197768133911964, 0.037197768133911964, 0.7668939863608184, 0.7737135771853689, 0.7792932424054557, 1.0]",4.0,2.0,2.0,2.0,2.0,12,-12.87207,8.0,0.0,hrl_dqn_apf,hierarchical,dqn,-10.144,7.714,-0.030,0.00,0.00,0.00,-20.129,8.575,1.257,0.00,0.00,0.00,-20.115,7.297,-6.864,0.00,0.00,0.00,4.047,4.047,4.047
2026-02-04 19:56:43,55.32,44,380,424,10.38%,88.94,2.73%,"[0, 5, 10, 15, 20, 25, 30, 35, 40, 45, 50, 55, 60, 65, 70, 75, 80, 85, 90, 95, 100]","[10, 6, 7, 7, 9, 5, 3, 5, 2, 3, 2, 2, 0, 0, 1, 0, 1173, 14, 10, 354]","[0.006199628022318661, 0.009919404835709857, 0.01425914445133292, 0.018598884066955982, 0.02417854928704278, 0.02727836329820211, 0.029138251704897707, 0.032238065716057036, 0.03347799132052077, 0.035337879727216366, 0.0365778053316801, 0.03781773093614383, 0.03781773093614383, 0.03781773093614383, 0.038437693738375696, 0.038437693738375696, 0.7656540607563547, 0.7743335399876008, 0.7805331680099195, 1.0]",4.0,2.0,2.0,2.0,2.0,11,-18.711489999999998,8.0,0.0,hrl_dqn_apf,hierarchical,dqn,-11.666,7.708,-0.030,0.00,0.00,0.00,-20.135,8.569,-0.263,0.00,0.00,0.00,-18.786,7.299,-6.864,0.00,0.00,0.00,4.044,4.044,4.044
2026-02-04 19:56:44,56.32,45,375,420,10.71%,89.06,2.79%,"[0, 5, 10, 15, 20, 25, 30, 35, 40, 45, 50, 55, 60, 65, 70, 75, 80, 85, 90, 95, 100]","[9, 6, 8, 8, 9, 5, 3, 5, 2, 2, 3, 1, 1, 1, 0, 0, 1171, 14, 10, 355]","[0.005579665220086794, 0.009299442033477991, 0.01425914445133292, 0.019218846869187848, 0.024798512089274645, 0.027898326100433975, 0.029758214507129573, 0.0328580285182889, 0.034097954122752634, 0.035337879727216366, 0.037197768133911964, 0.03781773093614383, 0.038437693738375696, 0.03905765654060756, 0.03905765654060756, 0.03905765654060756, 0.7650340979541228, 0.7737135771853689, 0.7799132052076876, 1.0]",4.0,2.0,2.0,2.0,2.0,2,-12.55154,8.0,-12.0,hrl_dqn_apf,hierarchical,dqn,-12.409,7.705,-0.030,0.00,0.00,0.00,-20.136,8.566,-1.006,0.00,0.00,0.00,-18.229,7.364,-6.686,0.00,0.00,0.00,4.041,4.041,4.041
2026-02-04 19:56:45,57.33,46,374,420,10.95%,89.20,2.85%,"[0, 5, 10, 15, 20, 25, 30, 35, 40, 45, 50, 55, 60, 65, 70, 75, 80, 85, 90, 95, 100]","[11, 6, 8, 5, 9, 7, 2, 5, 4, 2, 2, 0, 1, 0, 1, 0, 1167, 16, 8, 359]","[0.006819590824550527, 0.010539367637941723, 0.015499070055796652, 0.018598884066955982, 0.02417854928704278, 0.02851828890266584, 0.029758214507129573, 0.0328580285182889, 0.035337879727216366, 0.0365778053316801, 0.03781773093614383, 0.03781773093614383, 0.038437693738375696, 0.038437693738375696, 0.03905765654060756, 0.03905765654060756, 0.7625542467451953, 0.7724736515809052, 0.7774333539987601, 1.0]",4.0,2.0,2.0,2.0,2.0,2,-12.55154,8.0,-12.0,hrl_dqn_apf,hierarchical,dqn,-13.172,7.702,-0.030,0.00,0.00,0.00,-20.136,8.563,-1.769,0.00,0.00,0.00,-18.023,7.384,-6.120,0.00,0.00,0.00,4.038,4.038,4.038
2026-02-04 19:56:46,58.33,47,374,421,11.16%,89.39,2.91%,"[0, 5, 10, 15, 20, 25, 30, 35, 40, 45, 50, 55, 60, 65, 70, 75, 80, 85, 90, 95, 100]","[13, 6, 7, 5, 8, 8, 4, 3, 2, 4, 2, 1, 1, 0, 1, 0, 1167, 13, 11, 357]","[0.008059516429014259, 0.011779293242405457, 0.016119032858028518, 0.019218846869187848, 0.02417854928704278, 0.029138251704897707, 0.03161810291382517, 0.03347799132052077, 0.0347179169249845, 0.037197768133911964, 0.038437693738375696, 0.03905765654060756, 0.03967761934283943, 0.03967761934283943, 0.040297582145071294, 0.040297582145071294, 0.7637941723496591, 0.7718536887786733, 0.7786732796032239, 1.0]",4.0,2.0,2.0,2.0,2.0,23,-6.391299999999999,8.0,12.0,hrl_dqn_apf,hierarchical,dqn,-14.690,7.700,-0.034,0.00,0.00,0.00,-20.141,8.589,-3.279,0.00,0.00,0.00,-17.938,7.373,-4.674,0.00,0.00,0.00,4.034,4.034,4.034
2026-02-04 19:56:47,59.34,48,373,421,11.40%,89.52,2.98%,"[0, 5, 10, 15, 20, 25, 30, 35, 40, 45, 50, 55, 60, 65, 70, 75, 80, 85, 90, 95, 100]","[12, 8, 6, 7, 7, 8, 4, 1, 4, 3, 3, 1, 1, 0, 1, 0, 1167, 10, 12, 358]","[0.007439553626782393, 0.012399256044637322, 0.016119032858028518, 0.02045877247365158, 0.024798512089274645, 0.029758214507129573, 0.032238065716057036, 0.0328580285182889, 0.035337879727216366, 0.037197768133911964, 0.03905765654060756, 0.03967761934283943, 0.040297582145071294, 0.040297582145071294, 0.04091754494730316, 0.04091754494730316, 0.7644141351518909, 0.7706137631742096, 0.778053316800992, 1.0]",4.0,2.0,2.0,2.0,2.0,6,-18.23091,8.0,-6.0,hrl_dqn_apf,hierarchical,dqn,-15.155,7.775,-0.330,0.00,0.00,0.00,-20.336,8.848,-3.458,0.00,0.00,0.00,-17.753,7.380,-4.451,0.00,0.00,0.00,4.032,4.032,4.032
2026-02-04 19:56:48,60.35,48,373,421,11.40%,89.70,2.98%,"[0, 5, 10, 15, 20, 25, 30, 35, 40, 45, 50, 55, 60, 65, 70, 75, 80, 85, 90, 95, 100]","[12, 7, 6, 8, 6, 9, 4, 2, 3, 2, 4, 1, 1, 0, 1, 0, 1165, 10, 14, 358]","[0.007439553626782393, 0.011779293242405457, 0.015499070055796652, 0.02045877247365158, 0.02417854928704278, 0.029758214507129573, 0.032238065716057036, 0.03347799132052077, 0.035337879727216366, 0.0365778053316801, 0.03905765654060756, 0.03967761934283943, 0.040297582145071294, 0.040297582145071294, 0.04091754494730316, 0.04091754494730316, 0.7631742095474272, 0.7693738375697459, 0.778053316800992, 1.0]",4.0,2.0,2.0,2.0,2.0,6,-18.23091,8.0,-6.0,hrl_dqn_apf,hierarchical,dqn,-15.309,7.784,-0.948,0.00,0.00,0.00,-20.766,9.030,-3.149,0.00,0.00,0.00,-17.336,7.230,-4.745,0.00,0.00,0.00,4.028,4.028,4.028
2026-02-04 19:56:49,61.35,50,373,423,11.82%,89.80,3.10%,"[0, 5, 10, 15, 20, 25, 30, 35, 40, 45, 50, 55, 60, 65, 70, 75, 80, 85, 90, 95, 100]","[12, 8, 6, 9, 6, 9, 4, 1, 3, 3, 3, 1, 1, 0, 1, 0, 1161, 14, 12, 359]","[0.007439553626782393, 0.012399256044637322, 0.016119032858028518, 0.02169869807811531, 0.02541847489150651, 0.030998140111593304, 0.03347799132052077, 0.034097954122752634, 0.03595784252944823, 0.03781773093614383, 0.03967761934283943, 0.040297582145071294, 0.04091754494730316, 0.04091754494730316, 0.041537507749535026, 0.041537507749535026, 0.7613143211407316, 0.7699938003719777, 0.7774333539987601, 1.0]",4.0,2.0,2.0,2.0,2.0,6,-17.91138,8.0,-6.0,hrl_dqn_apf,hierarchical,dqn,-15.312,7.908,-1.493,0.00,0.00,0.00,-21.350,9.201,-2.771,0.00,0.00,0.00,-16.807,7.070,-5.165,0.00,0.00,0.00,4.025,4.025,4.025
2026-02-04 19:56:50,62.35,50,369,419,11.93%,90.01,3.10%,"[0, 5, 10, 15, 20, 25, 30, 35, 40, 45, 50, 55, 60, 65, 70, 75, 80, 85, 90, 95, 100]","[11, 10, 5, 9, 5, 10, 6, 2, 2, 2, 4, 0, 1, 1, 0, 1, 1161, 8, 16, 359]","[0.006819590824550527, 0.013019218846869188, 0.016119032858028518, 0.02169869807811531, 0.024798512089274645, 0.030998140111593304, 0.0347179169249845, 0.03595784252944823, 0.037197768133911964, 0.038437693738375696, 0.04091754494730316, 0.04091754494730316, 0.041537507749535026, 0.04215747055176689, 0.04215747055176689, 0.04277743335399876, 0.7625542467451953, 0.7675139491630503, 0.7774333539987601, 1.0]",4.0,2.0,2.0,2.0,2.0,24,0.08882999999999974,8.0,12.0,hrl_dqn_apf,hierarchical,dqn,-14.812,8.127,-0.775,0.00,0.00,0.00,-21.819,9.456,-2.280,0.00,0.00,0.00,-16.417,6.889,-6.435,0.00,0.00,0.00,4.022,4.022,4.022
2026-02-04 19:56:51,63.35,47,374,421,11.16%,90.20,2.91%,"[0, 5, 10, 15, 20, 25, 30, 35, 40, 45, 50, 55, 60, 65, 70, 75, 80, 85, 90, 95, 100]","[11, 10, 6, 8, 4, 8, 8, 3, 2, 1, 4, 1, 1, 1, 0, 1, 1160, 9, 16, 359]","[0.006819590824550527, 0.013019218846869188, 0.016738995660260384, 0.02169869807811531, 0.02417854928704278, 0.029138251704897707, 0.034097954122752634, 0.03595784252944823, 0.037197768133911964, 0.03781773093614383, 0.040297582145071294, 0.04091754494730316, 0.041537507749535026, 0.04215747055176689, 0.04215747055176689, 0.04277743335399876, 0.7619342839429635, 0.7675139491630503, 0.7774333539987601, 1.0]",4.0,2.0,2.0,2.0,2.0,24,0.08882999999999974,8.0,12.0,hrl_dqn_apf,hierarchical,dqn,-14.539,8.220,-0.090,0.00,0.00,0.00,-21.238,9.463,-2.229,0.00,0.00,0.00,-16.592,6.795,-7.158,0.00,0.00,0.00,4.019,4.019,4.019
2026-02-04 19:56:52,64.36,46,375,421,10.93%,90.41,2.85%,"[0, 5, 10, 15, 20, 25, 30, 35, 40, 45, 50, 55, 60, 65, 70, 75, 80, 85, 90, 95, 100]","[11, 8, 7, 7, 6, 7, 8, 4, 0, 3, 3, 2, 1, 1, 0, 1, 1160, 9, 10, 365]","[0.006819590824550527, 0.011779293242405457, 0.016119032858028518, 0.02045877247365158, 0.02417854928704278, 0.02851828890266584, 0.03347799132052077, 0.03595784252944823, 0.03595784252944823, 0.03781773093614383, 0.03967761934283943, 0.04091754494730316, 0.041537507749535026, 0.04215747055176689, 0.04215747055176689, 0.04277743335399876, 0.7619342839429635, 0.7675139491630503, 0.7737135771853689, 1.0]",4.0,2.0,2.0,2.0,2.0,0,-23.753819999999997,8.0,-12.0,hrl_dqn_apf,hierarchical,dqn,-14.172,8.273,0.455,0.00,0.00,0.00,-20.731,9.527,-2.419,0.00,0.00,0.00,-16.933,6.833,-7.710,0.00,0.00,0.00,4.016,4.016,4.016
2026-02-04 19:56:53,65.36,45,378,423,10.64%,90.57,2.79%,"[0, 5, 10, 15, 20, 25, 30, 35, 40, 45, 50, 55, 60, 65, 70, 75, 80, 85, 90, 95, 100]","[12, 7, 8, 5, 7, 6, 10, 3, 1, 3, 2, 2, 1, 1, 0, 1, 1158, 9, 10, 367]","[0.007439553626782393, 0.011779293242405457, 0.016738995660260384, 0.019838809671419714, 0.02417854928704278, 0.027898326100433975, 0.034097954122752634, 0.03595784252944823, 0.0365778053316801, 0.038437693738375696, 0.03967761934283943, 0.04091754494730316, 0.041537507749535026, 0.04215747055176689, 0.04215747055176689, 0.04277743335399876, 0.7606943583384997, 0.7662740235585865, 0.7724736515809052, 1.0]",4.0,2.0,2.0,2.0,2.0,0,-23.753819999999997,8.0,-12.0,hrl_dqn_apf,hierarchical,dqn,-13.589,8.284,0.642,0.00,0.00,0.00,-20.558,9.542,-2.951,0.00,0.00,0.00,-17.332,6.923,-7.896,0.00,0.00,0.00,4.013,4.013,4.013
2026-02-04 19:56:54,66.36,44,383,427,10.30%,90.86,2.73%,"[0, 5, 10, 15, 20, 25, 30, 35, 40, 45, 50, 55, 60, 65, 70, 75, 80, 85, 90, 95, 100]","[10, 8, 9, 4, 8, 5, 10, 5, 1, 3, 1, 3, 1, 0, 1, 1, 1156, 7, 10, 370]","[0.006199628022318661, 0.011159330440173589, 0.016738995660260384, 0.019218846869187848, 0.02417854928704278, 0.02727836329820211, 0.03347799132052077, 0.0365778053316801, 0.037197768133911964, 0.03905765654060756, 0.03967761934283943, 0.041537507749535026, 0.04215747055176689, 0.04215747055176689, 0.04277743335399876, 0.04339739615623062, 0.7600743955362679, 0.7644141351518909, 0.7706137631742096, 1.0]",4.0,2.0,2.0,2.0,2.0,9,0.32967000000000013,8.0,-6.0,hrl_dqn_apf,hierarchical,dqn,-12.101,8.283,0.731,0.00,0.00,0.00,-20.479,9.537,-4.422,0.00,0.00,0.00,-16.431,6.991,-7.979,0.00,0.00,0.00,4.010,4.010,4.010
2026-02-04 19:56:55,67.36,44,383,427,10.30%,90.97,2.73%,"[0, 5, 10, 15, 20, 25, 30, 35, 40, 45, 50, 55, 60, 65, 70, 75, 80, 85, 90, 95, 100]","[10, 6, 9, 5, 8, 6, 11, 5, 2, 2, 2, 3, 0, 1, 1, 0, 1153, 11, 8, 370]","[0.006199628022318661, 0.009919404835709857, 0.015499070055796652, 0.018598884066955982, 0.023558586484810913, 0.02727836329820211, 0.034097954122752634, 0.037197768133911964, 0.038437693738375696, 0.03967761934283943, 0.04091754494730316, 0.04277743335399876, 0.04277743335399876, 0.04339739615623062, 0.04401735895846249, 0.04401735895846249, 0.7588344699318041, 0.7656540607563547, 0.7706137631742096, 1.0]",4.0,2.0,2.0,2.0,2.0,21,-17.509900000000002,8.0,12.0,hrl_dqn_apf,hierarchical,dqn,-11.642,8.355,1.042,0.00,0.00,0.00,-20.474,9.534,-5.178,0.00,0.00,0.00,-15.709,6.988,-7.985,0.00,0.00,0.00,4.007,4.007,4.007
2026-02-04 19:56:56,68.37,44,383,427,10.30%,91.09,2.73%,"[0, 5, 10, 15, 20, 25, 30, 35, 40, 45, 50, 55, 60, 65, 70, 75, 80, 85, 90, 95, 100]","[11, 6, 10, 6, 7, 4, 9, 6, 3, 2, 1, 3, 1, 1, 1, 0, 1151, 12, 9, 370]","[0.006819590824550527, 0.010539367637941723, 0.016738995660260384, 0.02045877247365158, 0.024798512089274645, 0.02727836329820211, 0.0328580285182889, 0.0365778053316801, 0.038437693738375696, 0.03967761934283943, 0.040297582145071294, 0.04215747055176689, 0.04277743335399876, 0.04339739615623062, 0.04401735895846249, 0.04401735895846249, 0.7575945443273404, 0.7650340979541228, 0.7706137631742096, 1.0]",4.0,2.0,2.0,2.0,2.0,21,-17.509900000000002,8.0,12.0,hrl_dqn_apf,hierarchical,dqn,-11.491,8.364,1.665,0.00,0.00,0.00,-20.265,9.605,-5.734,0.00,0.00,0.00,-14.959,6.985,-7.986,0.00,0.00,0.00,4.004,4.004,4.004
2026-02-04 19:56:57,69.37,44,385,429,10.26%,91.20,2.73%,"[0, 5, 10, 15, 20, 25, 30, 35, 40, 45, 50, 55, 60, 65, 70, 75, 80, 85, 90, 95, 100]","[10, 7, 9, 7, 5, 6, 6, 9, 4, 1, 2, 2, 2, 1, 2, 0, 1149, 14, 9, 368]","[0.006199628022318661, 0.010539367637941723, 0.016119032858028518, 0.02045877247365158, 0.023558586484810913, 0.02727836329820211, 0.030998140111593304, 0.0365778053316801, 0.03905765654060756, 0.03967761934283943, 0.04091754494730316, 0.04215747055176689, 0.04339739615623062, 0.04401735895846249, 0.04525728456292622, 0.04525728456292622, 0.7575945443273404, 0.7662740235585865, 0.7718536887786733, 1.0]",4.0,2.0,2.0,2.0,2.0,8,-5.34966,8.0,-6.0,hrl_dqn_apf,hierarchical,dqn,-11.444,8.362,2.385,0.00,0.00,0.00,-19.689,9.621,-5.925,0.00,0.00,0.00,-14.204,6.982,-7.986,0.00,0.00,0.00,4.001,4.001,4.001
2026-02-04 19:56:58,70.38,46,381,427,10.77%,91.39,2.85%,"[0, 5, 10, 15, 20, 25, 30, 35, 40, 45, 50, 55, 60, 65, 70, 75, 80, 85, 90, 95, 100]","[10, 9, 5, 10, 3, 9, 5, 9, 5, 1, 3, 1, 3, 1, 1, 0, 1145, 14, 7, 372]","[0.006199628022318661, 0.011779293242405457, 0.014879107253564786, 0.021078735275883446, 0.022938623682579044, 0.02851828890266584, 0.03161810291382517, 0.037197768133911964, 0.040297582145071294, 0.04091754494730316, 0.04277743335399876, 0.04339739615623062, 0.04525728456292622, 0.04587724736515809, 0.04649721016738995, 0.04649721016738995, 0.7563546187228767, 0.7650340979541228, 0.7693738375697459, 1.0]",4.0,2.0,2.0,2.0,2.0,1,-17.18922,8.0,-12.0,hrl_dqn_apf,hierarchical,dqn,-11.422,8.361,3.889,0.00,0.00,0.00,-18.233,9.617,-6.004,0.00,0.00,0.00,-13.120,7.064,-8.431,0.00,0.00,0.00,3.998,3.998,3.998
2026-02-04 19:56:59,71.39,47,380,427,11.01%,91.47,2.91%,"[0, 5, 10, 15, 20, 25, 30, 35, 40, 45, 50, 55, 60, 65, 70, 75, 80, 85, 90, 95, 100]","[12, 9, 5, 9, 4, 8, 4, 10, 5, 1, 3, 1, 2, 1, 0, 1, 1143, 16, 8, 371]","[0.007439553626782393, 0.013019218846869188, 0.016119032858028518, 0.02169869807811531, 0.02417854928704278, 0.029138251704897707, 0.03161810291382517, 0.03781773093614383, 0.04091754494730316, 0.041537507749535026, 0.04339739615623062, 0.04401735895846249, 0.04525728456292622, 0.04587724736515809, 0.04587724736515809, 0.04649721016738995, 0.755114693118413, 0.7650340979541228, 0.7699938003719777, 1.0]",4.0,2.0,2.0,2.0,2.0,1,-17.18922,8.0,-12.0,hrl_dqn_apf,hierarchical,dqn,-11.116,8.435,4.351,0.00,0.00,0.00,-17.473,9.614,-6.011,0.00,0.00,0.00,-13.007,7.068,-9.092,0.00,0.00,0.00,3.995,3.995,3.995
2026-02-04 19:57:00,72.39,48,380,428,11.21%,91.57,2.98%,"[0, 5, 10, 15, 20, 25, 30, 35, 40, 45, 50, 55, 60, 65, 70, 75, 80, 85, 90, 95, 100]","[9, 10, 7, 9, 4, 9, 3, 10, 5, 2, 2, 2, 3, 0, 1, 1, 1142, 17, 7, 370]","[0.005579665220086794, 0.011779293242405457, 0.016119032858028518, 0.02169869807811531, 0.02417854928704278, 0.029758214507129573, 0.03161810291382517, 0.03781773093614383, 0.04091754494730316, 0.04215747055176689, 0.04339739615623062, 0.044637321760694355, 0.04649721016738995, 0.04649721016738995, 0.047117172969621826, 0.04773713577185369, 0.7557346559206448, 0.7662740235585865, 0.7706137631742096, 1.0]",4.0,2.0,2.0,2.0,2.0,24,0.9711499999999997,8.0,12.0,hrl_dqn_apf,hierarchical,dqn,-10.495,8.444,4.502,0.00,0.00,0.00,-16.714,9.611,-6.013,0.00,0.00,0.00,-13.161,7.139,-9.639,0.00,0.00,0.00,3.992,3.992,3.992
2026-02-04 19:57:01,73.40,46,380,426,10.80%,91.66,2.85%,"[0, 5, 10, 15, 20, 25, 30, 35, 40, 45, 50, 55, 60, 65, 70, 75, 80, 85, 90, 95, 100]","[9, 12, 4, 9, 5, 7, 4, 9, 7, 4, 2, 1, 2, 1, 1, 2, 1142, 11, 12, 369]","[0.005579665220086794, 0.013019218846869188, 0.015499070055796652, 0.021078735275883446, 0.02417854928704278, 0.02851828890266584, 0.030998140111593304, 0.0365778053316801, 0.04091754494730316, 0.04339739615623062, 0.044637321760694355, 0.04525728456292622, 0.04649721016738995, 0.047117172969621826, 0.04773713577185369, 0.048977061376317424, 0.7569745815251085, 0.7637941723496591, 0.7712337259764415, 1.0]",4.0,2.0,2.0,2.0,2.0,7,-10.86913,8.0,-6.0,hrl_dqn_apf,hierarchical,dqn,-9.776,8.442,4.549,0.00,0.00,0.00,-15.957,9.608,-6.014,0.00,0.00,0.00,-13.717,7.157,-9.833,0.00,0.00,0.00,3.989,3.989,3.989
2026-02-04 19:57:02,74.40,45,381,426,10.56%,91.88,2.79%,"[0, 5, 10, 15, 20, 25, 30, 35, 40, 45, 50, 55, 60, 65, 70, 75, 80, 85, 90, 95, 100]","[9, 10, 8, 6, 7, 5, 6, 7, 8, 5, 0, 4, 1, 3, 1, 1, 1136, 15, 14, 367]","[0.005579665220086794, 0.011779293242405457, 0.016738995660260384, 0.02045877247365158, 0.024798512089274645, 0.027898326100433975, 0.03161810291382517, 0.03595784252944823, 0.04091754494730316, 0.04401735895846249, 0.04401735895846249, 0.04649721016738995, 0.047117172969621826, 0.048977061376317424, 0.04959702417854929, 0.050216986980781156, 0.7544947303161811, 0.7637941723496591, 0.7724736515809052, 1.0]",4.0,2.0,2.0,2.0,2.0,7,-10.86913,8.0,-6.0,hrl_dqn_apf,hierarchical,dqn,-8.317,8.436,4.568,0.00,0.00,0.00,-14.490,9.633,-6.010,0.00,0.00,0.00,-14.297,7.294,-9.912,0.00,0.00,0.00,3.986,3.986,3.986
2026-02-04 19:57:03,75.40,46,378,424,10.85%,92.00,2.85%,"[0, 5, 10, 15, 20, 25, 30, 35, 40, 45, 50, 55, 60, 65, 70, 75, 80, 85, 90, 95, 100]","[10, 9, 9, 6, 8, 4, 7, 5, 9, 5, 1, 3, 1, 2, 1, 1, 1136, 11, 14, 371]","[0.006199628022318661, 0.011779293242405457, 0.01735895846249225, 0.021078735275883446, 0.026038437693738377, 0.02851828890266584, 0.0328580285182889, 0.03595784252944823, 0.041537507749535026, 0.044637321760694355, 0.04525728456292622, 0.047117172969621826, 0.04773713577185369, 0.048977061376317424, 0.04959702417854929, 0.050216986980781156, 0.7544947303161811, 0.7613143211407316, 0.7699938003719777, 1.0]",4.0,2.0,2.0,2.0,2.0,14,1.2911699999999993,8.0,0.0,hrl_dqn_apf,hierarchical,dqn,-7.558,8.433,4.569,0.00,0.00,0.00,-14.104,9.937,-5.703,0.00,0.00,0.00,-13.984,7.116,-10.192,0.00,0.00,0.00,3.983,3.983,3.983
2026-02-04 19:57:04,76.41,44,374,418,10.53%,92.06,2.73%,"[0, 5, 10, 15, 20, 25, 30, 35, 40, 45, 50, 55, 60, 65, 70, 75, 80, 85, 90, 95, 100]","[8, 11, 8, 5, 8, 4, 8, 6, 9, 5, 1, 3, 2, 2, 1, 0, 1137, 10, 17, 368]","[0.0049597024178549285, 0.011779293242405457, 0.016738995660260384, 0.019838809671419714, 0.024798512089274645, 0.02727836329820211, 0.032238065716057036, 0.03595784252944823, 0.041537507749535026, 0.044637321760694355, 0.04525728456292622, 0.047117172969621826, 0.04835709857408556, 0.04959702417854929, 0.050216986980781156, 0.050216986980781156, 0.755114693118413, 0.7613143211407316, 0.7718536887786733, 1.0]",4.0,2.0,2.0,2.0,2.0,9,1.4516899999999993,8.0,-6.0,hrl_dqn_apf,hierarchical,dqn,-6.979,8.502,4.382,0.00,0.00,0.00,-14.058,10.155,-5.086,0.00,0.00,0.00,-13.791,6.914,-10.798,0.00,0.00,0.00,3.980,3.980,3.980
2026-02-04 19:57:05,77.41,46,378,424,10.85%,92.08,2.85%,"[0, 5, 10, 15, 20, 25, 30, 35, 40, 45, 50, 55, 60, 65, 70, 75, 80, 85, 90, 95, 100]","[7, 9, 11, 6, 9, 4, 9, 4, 9, 7, 1, 2, 2, 2, 1, 1, 1136, 9, 17, 367]","[0.0043397396156230625, 0.009919404835709857, 0.016738995660260384, 0.02045877247365158, 0.026038437693738377, 0.02851828890266584, 0.034097954122752634, 0.0365778053316801, 0.04215747055176689, 0.04649721016738995, 0.047117172969621826, 0.04835709857408556, 0.04959702417854929, 0.05083694978301302, 0.05145691258524489, 0.052076875387476754, 0.7563546187228767, 0.7619342839429635, 0.7724736515809052, 1.0]",4.0,2.0,2.0,2.0,2.0,9,1.4516899999999993,8.0,-6.0,hrl_dqn_apf,hierarchical,dqn,-6.776,8.520,3.816,0.00,0.00,0.00,-14.068,9.988,-4.463,0.00,0.00,0.00,-13.611,6.876,-11.419,0.00,0.00,0.00,3.977,3.977,3.977
2026-02-04 19:57:06,78.42,47,377,424,11.08%,92.19,2.91%,"[0, 5, 10, 15, 20, 25, 30, 35, 40, 45, 50, 55, 60, 65, 70, 75, 80, 85, 90, 95, 100]","[6, 9, 11, 6, 10, 5, 6, 5, 7, 8, 5, 2, 3, 2, 3, 1, 1134, 11, 9, 370]","[0.0037197768133911966, 0.009299442033477991, 0.016119032858028518, 0.019838809671419714, 0.026038437693738377, 0.029138251704897707, 0.0328580285182889, 0.03595784252944823, 0.040297582145071294, 0.04525728456292622, 0.04835709857408556, 0.04959702417854929, 0.05145691258524489, 0.05269683818970862, 0.05455672659640422, 0.05517668939863608, 0.7582145071295723, 0.7650340979541228, 0.7706137631742096, 1.0]",4.0,2.0,2.0,2.0,2.0,5,-22.388469999999998,8.0,-6.0,hrl_dqn_apf,hierarchical,dqn,-6.692,8.516,2.361,0.00,0.00,0.00,-14.553,9.788,-4.139,0.00,0.00,0.00,-12.386,6.913,-11.758,0.00,0.00,0.00,3.974,3.974,3.974
2026-02-04 19:57:07,79.43,49,377,426,11.50%,92.22,3.04%,"[0, 5, 10, 15, 20, 25, 30, 35, 40, 45, 50, 55, 60, 65, 70, 75, 80, 85, 90, 95, 100]","[7, 11, 9, 8, 7, 7, 5, 6, 7, 8, 5, 1, 3, 1, 2, 2, 1132, 7, 15, 370]","[0.0043397396156230625, 0.011159330440173589, 0.016738995660260384, 0.02169869807811531, 0.026038437693738377, 0.03037817730936144, 0.03347799132052077, 0.037197768133911964, 0.041537507749535026, 0.04649721016738995, 0.04959702417854929, 0.050216986980781156, 0.052076875387476754, 0.05269683818970862, 0.05393676379417235, 0.05517668939863608, 0.7569745815251085, 0.7613143211407316, 0.7706137631742096, 1.0]",4.0,2.0,2.0,2.0,2.0,8,-4.228199999999999,8.0,-6.0,hrl_dqn_apf,hierarchical,dqn,-6.686,8.513,1.585,0.00,0.00,0.00,-15.238,9.791,-4.116,0.00,0.00,0.00,-11.624,6.911,-11.783,0.00,0.00,0.00,3.971,3.971,3.971
2026-02-04 19:57:08,80.43,49,379,428,11.45%,92.26,3.04%,"[0, 5, 10, 15, 20, 25, 30, 35, 40, 45, 50, 55, 60, 65, 70, 75, 80, 85, 90, 95, 100]","[7, 7, 12, 9, 6, 8, 4, 7, 5, 9, 6, 3, 3, 2, 2, 2, 1132, 8, 11, 370]","[0.0043397396156230625, 0.008679479231246125, 0.016119032858028518, 0.02169869807811531, 0.02541847489150651, 0.03037817730936144, 0.0328580285182889, 0.037197768133911964, 0.040297582145071294, 0.04587724736515809, 0.04959702417854929, 0.05145691258524489, 0.053316800991940486, 0.05455672659640422, 0.05579665220086795, 0.05703657780533168, 0.7588344699318041, 0.7637941723496591, 0.7706137631742096, 1.0]",4.0,2.0,2.0,2.0,2.0,8,-4.228199999999999,8.0,-6.0,hrl_dqn_apf,hierarchical,dqn,-6.684,8.510,0.826,0.00,0.00,0.00,-15.973,9.789,-4.110,0.00,0.00,0.00,-10.868,6.909,-11.790,0.00,0.00,0.00,3.968,3.968,3.968
2026-02-04 19:57:09,81.44,51,376,427,11.94%,92.33,3.16%,"[0, 5, 10, 15, 20, 25, 30, 35, 40, 45, 50, 55, 60, 65, 70, 75, 80, 85, 90, 95, 100]","[7, 9, 12, 7, 7, 9, 3, 8, 6, 9, 5, 2, 3, 2, 2, 2, 1131, 8, 9, 372]","[0.0043397396156230625, 0.009919404835709857, 0.01735895846249225, 0.02169869807811531, 0.026038437693738377, 0.03161810291382517, 0.03347799132052077, 0.038437693738375696, 0.04215747055176689, 0.04773713577185369, 0.05083694978301302, 0.052076875387476754, 0.05393676379417235, 0.05517668939863608, 0.056416615003099815, 0.05765654060756355, 0.7588344699318041, 0.7637941723496591, 0.7693738375697459, 1.0]",4.0,2.0,2.0,2.0,2.0,20,-22.06765,8.0,12.0,hrl_dqn_apf,hierarchical,dqn,-6.774,8.561,0.155,0.00,0.00,0.00,-16.727,9.787,-4.107,0.00,0.00,0.00,-10.109,6.906,-11.791,0.00,0.00,0.00,3.965,3.965,3.965
2026-02-04 19:57:10,82.44,52,375,427,12.18%,92.53,3.22%,"[0, 5, 10, 15, 20, 25, 30, 35, 40, 45, 50, 55, 60, 65, 70, 75, 80, 85, 90, 95, 100]","[10, 5, 12, 10, 5, 10, 3, 8, 4, 10, 6, 3, 2, 3, 2, 1, 1124, 15, 9, 371]","[0.006199628022318661, 0.009299442033477991, 0.016738995660260384, 0.022938623682579044, 0.026038437693738377, 0.032238065716057036, 0.034097954122752634, 0.03905765654060756, 0.041537507749535026, 0.04773713577185369, 0.05145691258524489, 0.053316800991940486, 0.05455672659640422, 0.056416615003099815, 0.05765654060756355, 0.05827650340979541, 0.755114693118413, 0.7644141351518909, 0.7699938003719777, 1.0]",4.0,2.0,2.0,2.0,2.0,24,2.091710000000001,8.0,12.0,hrl_dqn_apf,hierarchical,dqn,-7.924,8.597,-0.203,0.00,0.00,0.00,-17.282,9.958,-4.106,0.00,0.00,0.00,-8.622,6.903,-11.789,0.00,0.00,0.00,3.962,3.962,3.962
2026-02-04 19:57:11,83.45,53,374,427,12.41%,92.69,3.29%,"[0, 5, 10, 15, 20, 25, 30, 35, 40, 45, 50, 55, 60, 65, 70, 75, 80, 85, 90, 95, 100]","[9, 6, 10, 10, 6, 12, 3, 7, 4, 7, 8, 5, 2, 2, 2, 2, 1124, 15, 9, 370]","[0.005579665220086794, 0.009299442033477991, 0.015499070055796652, 0.02169869807811531, 0.02541847489150651, 0.0328580285182889, 0.0347179169249845, 0.03905765654060756, 0.041537507749535026, 0.04587724736515809, 0.05083694978301302, 0.05393676379417235, 0.05517668939863608, 0.056416615003099815, 0.05765654060756355, 0.05889646621202728, 0.7557346559206448, 0.7650340979541228, 0.7706137631742096, 1.0]",4.0,2.0,2.0,2.0,2.0,24,2.091710000000001,8.0,12.0,hrl_dqn_apf,hierarchical,dqn,-8.659,8.594,-0.231,0.00,0.00,0.00,-16.724,9.967,-4.106,0.00,0.00,0.00,-8.150,6.978,-11.497,0.00,0.00,0.00,3.959,3.959,3.959
2026-02-04 19:57:12,84.46,51,376,427,11.94%,92.80,3.16%,"[0, 5, 10, 15, 20, 25, 30, 35, 40, 45, 50, 55, 60, 65, 70, 75, 80, 85, 90, 95, 100]","[12, 4, 11, 9, 8, 7, 4, 6, 6, 6, 8, 5, 1, 4, 1, 2, 1121, 15, 8, 375]","[0.007439553626782393, 0.009919404835709857, 0.016738995660260384, 0.022318660880347178, 0.02727836329820211, 0.03161810291382517, 0.034097954122752634, 0.03781773093614383, 0.041537507749535026, 0.04525728456292622, 0.050216986980781156, 0.053316800991940486, 0.05393676379417235, 0.056416615003099815, 0.05703657780533168, 0.05827650340979541, 0.7532548047117174, 0.7625542467451953, 0.7675139491630503, 1.0]",4.0,2.0,2.0,2.0,2.0,12,-9.74702,8.0,0.0,hrl_dqn_apf,hierarchical,dqn,-9.408,8.591,-0.240,0.00,0.00,0.00,-16.025,9.965,-4.106,0.00,0.00,0.00,-7.994,6.988,-10.886,0.00,0.00,0.00,3.956,3.956,3.956
2026-02-04 19:57:13,85.46,52,375,427,12.18%,92.93,3.22%,"[0, 5, 10, 15, 20, 25, 30, 35, 40, 45, 50, 55, 60, 65, 70, 75, 80, 85, 90, 95, 100]","[9, 7, 9, 12, 7, 8, 5, 4, 7, 5, 10, 4, 2, 3, 1, 2, 1119, 17, 7, 375]","[0.005579665220086794, 0.009919404835709857, 0.015499070055796652, 0.022938623682579044, 0.02727836329820211, 0.032238065716057036, 0.035337879727216366, 0.03781773093614383, 0.04215747055176689, 0.04525728456292622, 0.05145691258524489, 0.05393676379417235, 0.05517668939863608, 0.05703657780533168, 0.05765654060756355, 0.05889646621202728, 0.7526348419094855, 0.7631742095474272, 0.7675139491630503, 1.0]",4.0,2.0,2.0,2.0,2.0,3,-3.6667900000000007,8.0,-12.0,hrl_dqn_apf,hierarchical,dqn,-10.081,8.640,-0.330,0.00,0.00,0.00,-15.280,9.962,-4.106,0.00,0.00,0.00,-7.945,6.986,-10.166,0.00,0.00,0.00,3.953,3.953,3.953
2026-02-04 19:57:14,86.46,50,376,426,11.74%,93.16,3.10%,"[0, 5, 10, 15, 20, 25, 30, 35, 40, 45, 50, 55, 60, 65, 70, 75, 80, 85, 90, 95, 100]","[13, 3, 7, 11, 10, 6, 8, 3, 8, 4, 11, 5, 1, 3, 1, 2, 1119, 10, 14, 374]","[0.008059516429014259, 0.009919404835709857, 0.01425914445133292, 0.021078735275883446, 0.02727836329820211, 0.030998140111593304, 0.03595784252944823, 0.03781773093614383, 0.04277743335399876, 0.04525728456292622, 0.052076875387476754, 0.05517668939863608, 0.05579665220086795, 0.05765654060756355, 0.05827650340979541, 0.059516429014259145, 0.7532548047117174, 0.759454432734036, 0.7681339119652821, 1.0]",4.0,2.0,2.0,2.0,2.0,3,-3.6667900000000007,8.0,-12.0,hrl_dqn_apf,hierarchical,dqn,-10.448,8.676,-1.529,0.00,0.00,0.00,-13.749,9.965,-4.100,0.00,0.00,0.00,-7.926,6.980,-8.637,0.00,0.00,0.00,3.950,3.950,3.950
2026-02-04 19:57:15,87.47,50,372,422,11.85%,93.25,3.10%,"[0, 5, 10, 15, 20, 25, 30, 35, 40, 45, 50, 55, 60, 65, 70, 75, 80, 85, 90, 95, 100]","[11, 6, 5, 13, 10, 5, 9, 3, 7, 4, 12, 4, 2, 2, 2, 2, 1119, 9, 15, 373]","[0.006819590824550527, 0.010539367637941723, 0.013639181649101054, 0.02169869807811531, 0.027898326100433975, 0.030998140111593304, 0.0365778053316801, 0.038437693738375696, 0.04277743335399876, 0.04525728456292622, 0.05269683818970862, 0.05517668939863608, 0.056416615003099815, 0.05765654060756355, 0.05889646621202728, 0.06013639181649101, 0.7538747675139492, 0.759454432734036, 0.768753874767514, 1.0]",4.0,2.0,2.0,2.0,2.0,23,-3.50615,8.0,12.0,hrl_dqn_apf,hierarchical,dqn,-10.474,8.674,-2.246,0.00,0.00,0.00,-13.319,10.036,-3.787,0.00,0.00,0.00,-7.925,6.992,-8.241,0.00,0.00,0.00,3.947,3.947,3.947
2026-02-04 19:57:16,88.47,52,374,426,12.21%,93.33,3.22%,"[0, 5, 10, 15, 20, 25, 30, 35, 40, 45, 50, 55, 60, 65, 70, 75, 80, 85, 90, 95, 100]","[15, 5, 5, 11, 10, 6, 9, 3, 6, 4, 9, 5, 4, 2, 1, 2, 1113, 15, 15, 373]","[0.009299442033477991, 0.012399256044637322, 0.015499070055796652, 0.022318660880347178, 0.02851828890266584, 0.032238065716057036, 0.03781773093614383, 0.03967761934283943, 0.04339739615623062, 0.04587724736515809, 0.05145691258524489, 0.05455672659640422, 0.05703657780533168, 0.05827650340979541, 0.05889646621202728, 0.06013639181649101, 0.750154990700558, 0.759454432734036, 0.768753874767514, 1.0]",4.0,2.0,2.0,2.0,2.0,23,-3.50615,8.0,12.0,hrl_dqn_apf,hierarchical,dqn,-10.338,8.681,-2.709,0.00,0.00,0.00,-13.346,10.254,-3.495,0.00,0.00,0.00,-7.925,6.995,-7.607,0.00,0.00,0.00,3.944,3.944,3.944
2026-02-04 19:57:17,89.48,52,372,424,12.26%,93.48,3.22%,"[0, 5, 10, 15, 20, 25, 30, 35, 40, 45, 50, 55, 60, 65, 70, 75, 80, 85, 90, 95, 100]","[10, 10, 3, 12, 9, 8, 7, 5, 5, 5, 9, 6, 4, 0, 3, 1, 1113, 14, 15, 374]","[0.006199628022318661, 0.012399256044637322, 0.01425914445133292, 0.02169869807811531, 0.02727836329820211, 0.032238065716057036, 0.0365778053316801, 0.03967761934283943, 0.04277743335399876, 0.04587724736515809, 0.05145691258524489, 0.05517668939863608, 0.05765654060756355, 0.05765654060756355, 0.059516429014259145, 0.06013639181649101, 0.750154990700558, 0.7588344699318041, 0.7681339119652821, 1.0]",4.0,2.0,2.0,2.0,2.0,20,-21.34573,8.0,12.0,hrl_dqn_apf,hierarchical,dqn,-9.908,8.555,-2.614,0.00,0.00,0.00,-13.758,10.434,-3.647,0.00,0.00,0.00,-7.926,6.992,-6.920,0.00,0.00,0.00,3.941,3.941,3.941
2026-02-04 19:57:18,90.48,52,372,424,12.26%,93.82,3.22%,"[0, 5, 10, 15, 20, 25, 30, 35, 40, 45, 50, 55, 60, 65, 70, 75, 80, 85, 90, 95, 100]","[9, 10, 5, 8, 12, 8, 6, 6, 4, 8, 8, 6, 3, 1, 2, 1, 1112, 11, 17, 376]","[0.005579665220086794, 0.011779293242405457, 0.014879107253564786, 0.019838809671419714, 0.02727836329820211, 0.032238065716057036, 0.03595784252944823, 0.03967761934283943, 0.04215747055176689, 0.047117172969621826, 0.052076875387476754, 0.05579665220086795, 0.05765654060756355, 0.05827650340979541, 0.059516429014259145, 0.06013639181649101, 0.749535027898326, 0.7563546187228767, 0.7668939863608184, 1.0]",4.0,2.0,2.0,2.0,2.0,23,-3.184939999999999,8.0,12.0,hrl_dqn_apf,hierarchical,dqn,-9.574,8.320,-2.258,0.00,0.00,0.00,-15.104,10.710,-4.059,0.00,0.00,0.00,-7.926,6.978,-5.385,0.00,0.00,0.00,3.938,3.938,3.938
2026-02-04 19:57:19,91.49,52,374,426,12.21%,94.00,3.22%,"[0, 5, 10, 15, 20, 25, 30, 35, 40, 45, 50, 55, 60, 65, 70, 75, 80, 85, 90, 95, 100]","[11, 8, 4, 8, 13, 8, 6, 7, 3, 7, 7, 7, 4, 1, 2, 1, 1112, 11, 12, 381]","[0.006819590824550527, 0.011779293242405457, 0.01425914445133292, 0.019218846869187848, 0.02727836329820211, 0.032238065716057036, 0.03595784252944823, 0.040297582145071294, 0.04215747055176689, 0.04649721016738995, 0.05083694978301302, 0.05517668939863608, 0.05765654060756355, 0.05827650340979541, 0.059516429014259145, 0.06013639181649101, 0.749535027898326, 0.7563546187228767, 0.7637941723496591, 1.0]",4.0,2.0,2.0,2.0,2.0,23,-3.184939999999999,8.0,12.0,hrl_dqn_apf,hierarchical,dqn,-9.638,8.480,-1.866,0.00,0.00,0.00,-15.544,10.316,-4.185,0.00,0.00,0.00,-7.806,6.990,-5.210,0.00,0.00,0.00,3.935,3.935,3.935
2026-02-04 19:57:20,92.49,51,373,424,12.03%,94.20,3.16%,"[0, 5, 10, 15, 20, 25, 30, 35, 40, 45, 50, 55, 60, 65, 70, 75, 80, 85, 90, 95, 100]","[10, 9, 4, 7, 11, 10, 5, 8, 3, 8, 6, 7, 4, 2, 1, 2, 1112, 10, 11, 383]","[0.006199628022318661, 0.011779293242405457, 0.01425914445133292, 0.018598884066955982, 0.02541847489150651, 0.03161810291382517, 0.0347179169249845, 0.03967761934283943, 0.041537507749535026, 0.04649721016738995, 0.050216986980781156, 0.05455672659640422, 0.05703657780533168, 0.05827650340979541, 0.05889646621202728, 0.06013639181649101, 0.749535027898326, 0.7557346559206448, 0.7625542467451953, 1.0]",4.0,2.0,2.0,2.0,2.0,17,-9.02486,8.0,6.0,hrl_dqn_apf,hierarchical,dqn,-9.875,8.629,-1.262,0.00,0.00,0.00,-15.688,9.904,-4.227,0.00,0.00,0.00,-7.567,6.891,-5.352,0.00,0.00,0.00,3.932,3.932,3.932
2026-02-04 19:57:21,93.50,51,375,426,11.97%,94.37,3.16%,"[0, 5, 10, 15, 20, 25, 30, 35, 40, 45, 50, 55, 60, 65, 70, 75, 80, 85, 90, 95, 100]","[12, 6, 6, 5, 11, 11, 5, 9, 3, 6, 7, 5, 4, 4, 1, 1, 1110, 7, 15, 385]","[0.007439553626782393, 0.011159330440173589, 0.014879107253564786, 0.017978921264724116, 0.024798512089274645, 0.03161810291382517, 0.0347179169249845, 0.040297582145071294, 0.04215747055176689, 0.04587724736515809, 0.050216986980781156, 0.053316800991940486, 0.05579665220086795, 0.05827650340979541, 0.05889646621202728, 0.059516429014259145, 0.7476751394916304, 0.7520148791072536, 0.7613143211407316, 1.0]",4.0,2.0,2.0,2.0,2.0,4,3.1354500000000005,8.0,-12.0,hrl_dqn_apf,hierarchical,dqn,-10.161,8.688,-0.597,0.00,0.00,0.00,-15.731,9.795,-4.124,0.00,0.00,0.00,-7.230,6.867,-5.341,0.00,0.00,0.00,3.929,3.929,3.929
2026-02-04 19:57:22,94.50,49,378,427,11.48%,94.69,3.04%,"[0, 5, 10, 15, 20, 25, 30, 35, 40, 45, 50, 55, 60, 65, 70, 75, 80, 85, 90, 95, 100]","[10, 4, 9, 5, 11, 10, 8, 6, 4, 5, 8, 4, 6, 3, 1, 2, 1108, 9, 10, 390]","[0.006199628022318661, 0.008679479231246125, 0.01425914445133292, 0.01735895846249225, 0.02417854928704278, 0.03037817730936144, 0.035337879727216366, 0.03905765654060756, 0.041537507749535026, 0.044637321760694355, 0.04959702417854929, 0.052076875387476754, 0.05579665220086795, 0.05765654060756355, 0.05827650340979541, 0.059516429014259145, 0.7464352138871667, 0.7520148791072536, 0.7582145071295723, 1.0]",4.0,2.0,2.0,2.0,2.0,4,3.1354500000000005,8.0,-12.0,hrl_dqn_apf,hierarchical,dqn,-10.780,8.755,0.467,0.00,0.00,0.00,-15.746,9.824,-2.883,0.00,0.00,0.00,-5.865,6.873,-5.363,0.00,0.00,0.00,3.926,3.926,3.926
2026-02-04 19:57:23,95.50,47,380,427,11.01%,94.77,2.91%,"[0, 5, 10, 15, 20, 25, 30, 35, 40, 45, 50, 55, 60, 65, 70, 75, 80, 85, 90, 95, 100]","[10, 4, 9, 5, 8, 11, 8, 7, 5, 4, 9, 4, 6, 5, 1, 3, 1101, 15, 10, 388]","[0.006199628022318661, 0.008679479231246125, 0.01425914445133292, 0.01735895846249225, 0.022318660880347178, 0.029138251704897707, 0.034097954122752634, 0.038437693738375696, 0.041537507749535026, 0.04401735895846249, 0.04959702417854929, 0.052076875387476754, 0.05579665220086795, 0.05889646621202728, 0.059516429014259145, 0.06137631742095474, 0.7439553626782393, 0.7532548047117174, 0.759454432734036, 1.0]",4.0,2.0,2.0,2.0,2.0,5,-20.70402,8.0,-6.0,hrl_dqn_apf,hierarchical,dqn,-11.452,8.757,0.574,0.00,0.00,0.00,-15.747,9.823,-2.141,0.00,0.00,0.00,-5.116,6.871,-5.364,0.00,0.00,0.00,3.923,3.923,3.923
2026-02-04 19:57:24,96.50,49,378,427,11.48%,94.80,3.04%,"[0, 5, 10, 15, 20, 25, 30, 35, 40, 45, 50, 55, 60, 65, 70, 75, 80, 85, 90, 95, 100]","[13, 5, 7, 4, 8, 12, 6, 6, 6, 3, 11, 5, 6, 4, 2, 2, 1099, 16, 11, 387]","[0.008059516429014259, 0.011159330440173589, 0.015499070055796652, 0.017978921264724116, 0.022938623682579044, 0.03037817730936144, 0.034097954122752634, 0.03781773093614383, 0.041537507749535026, 0.04339739615623062, 0.050216986980781156, 0.053316800991940486, 0.05703657780533168, 0.059516429014259145, 0.06075635461872288, 0.06199628022318661, 0.7433353998760074, 0.7532548047117174, 0.7600743955362679, 1.0]",4.0,2.0,2.0,2.0,2.0,1,-14.54141,8.0,-12.0,hrl_dqn_apf,hierarchical,dqn,-12.154,8.754,0.606,0.00,0.00,0.00,-15.747,9.965,-1.827,0.00,0.00,0.00,-4.392,6.868,-5.364,0.00,0.00,0.00,3.920,3.920,3.920
2026-02-04 19:57:25,97.51,47,382,429,10.96%,94.92,2.91%,"[0, 5, 10, 15, 20, 25, 30, 35, 40, 45, 50, 55, 60, 65, 70, 75, 80, 85, 90, 95, 100]","[11, 6, 9, 4, 7, 10, 9, 5, 6, 2, 11, 6, 5, 5, 3, 1, 1100, 16, 10, 387]","[0.006819590824550527, 0.010539367637941723, 0.016119032858028518, 0.018598884066955982, 0.022938623682579044, 0.029138251704897707, 0.0347179169249845, 0.03781773093614383, 0.041537507749535026, 0.04277743335399876, 0.04959702417854929, 0.053316800991940486, 0.056416615003099815, 0.059516429014259145, 0.06137631742095474, 0.06199628022318661, 0.7439553626782393, 0.7538747675139492, 0.7600743955362679, 1.0]",4.0,2.0,2.0,2.0,2.0,1,-14.54141,8.0,-12.0,hrl_dqn_apf,hierarchical,dqn,-12.723,8.781,0.674,0.00,0.00,0.00,-15.846,10.087,-2.166,0.00,0.00,0.00,-3.633,6.865,-5.364,0.00,0.00,0.00,3.917,3.917,3.917
2026-02-04 19:57:26,98.51,46,381,427,10.77%,95.11,2.85%,"[0, 5, 10, 15, 20, 25, 30, 35, 40, 45, 50, 55, 60, 65, 70, 75, 80, 85, 90, 95, 100]","[9, 8, 6, 8, 5, 10, 8, 7, 7, 3, 10, 5, 6, 4, 6, 1, 1093, 18, 9, 390]","[0.005579665220086794, 0.010539367637941723, 0.01425914445133292, 0.019218846869187848, 0.022318660880347178, 0.02851828890266584, 0.03347799132052077, 0.03781773093614383, 0.04215747055176689, 0.04401735895846249, 0.050216986980781156, 0.053316800991940486, 0.05703657780533168, 0.059516429014259145, 0.06323620582765034, 0.0638561686298822, 0.7414755114693118, 0.7526348419094855, 0.7582145071295723, 1.0]",4.0,2.0,2.0,2.0,2.0,12,-8.38107,8.0,0.0,hrl_dqn_apf,hierarchical,dqn,-12.119,8.630,1.394,0.00,0.00,0.00,-16.803,10.236,-3.075,0.00,0.00,0.00,-2.564,6.954,-4.922,0.00,0.00,0.00,3.914,3.914,3.914
2026-02-04 19:57:27,99.51,46,382,428,10.75%,95.28,2.85%,"[0, 5, 10, 15, 20, 25, 30, 35, 40, 45, 50, 55, 60, 65, 70, 75, 80, 85, 90, 95, 100]","[9, 9, 4, 8, 5, 11, 8, 7, 6, 3, 8, 7, 6, 5, 5, 1, 1094, 17, 9, 391]","[0.005579665220086794, 0.011159330440173589, 0.013639181649101054, 0.018598884066955982, 0.02169869807811531, 0.02851828890266584, 0.03347799132052077, 0.03781773093614383, 0.041537507749535026, 0.04339739615623062, 0.04835709857408556, 0.05269683818970862, 0.056416615003099815, 0.059516429014259145, 0.06261624302541847, 0.06323620582765034, 0.7414755114693118, 0.7520148791072536, 0.7575945443273404, 1.0]",4.0,2.0,2.0,2.0,2.0,19,3.7793200000000002,8.0,6.0,hrl_dqn_apf,hierarchical,dqn,-11.501,8.650,1.683,0.00,0.00,0.00,-17.126,9.843,-3.367,0.00,0.00,0.00,-2.766,7.036,-4.567,0.00,0.00,0.00,3.911,3.911,3.911
2026-02-04 19:57:28,100.51,43,385,428,10.05%,95.46,2.67%,"[0, 5, 10, 15, 20, 25, 30, 35, 40, 45, 50, 55, 60, 65, 70, 75, 80, 85, 90, 95, 100]","[9, 10, 4, 7, 6, 7, 9, 8, 6, 4, 7, 8, 5, 5, 6, 1, 1094, 13, 13, 391]","[0.005579665220086794, 0.011779293242405457, 0.01425914445133292, 0.018598884066955982, 0.022318660880347178, 0.026658400495970243, 0.032238065716057036, 0.037197768133911964, 0.04091754494730316, 0.04339739615623062, 0.04773713577185369, 0.05269683818970862, 0.05579665220086795, 0.05889646621202728, 0.06261624302541847, 0.06323620582765034, 0.7414755114693118, 0.749535027898326, 0.7575945443273404, 1.0]",4.0,2.0,2.0,2.0,2.0,19,3.7793200000000002,8.0,6.0,hrl_dqn_apf,hierarchical,dqn,-10.783,8.651,1.778,0.00,0.00,0.00,-17.232,9.435,-3.462,0.00,0.00,0.00,-3.357,7.045,-4.449,0.00,0.00,0.00,3.908,3.908,3.908
2026-02-04 19:57:29,101.52,43,381,424,10.14%,95.57,2.67%,"[0, 5, 10, 15, 20, 25, 30, 35, 40, 45, 50, 55, 60, 65, 70, 75, 80, 85, 90, 95, 100]","[9, 10, 5, 6, 4, 9, 10, 6, 6, 5, 6, 8, 6, 5, 5, 2, 1095, 11, 14, 391]","[0.005579665220086794, 0.011779293242405457, 0.014879107253564786, 0.018598884066955982, 0.021078735275883446, 0.026658400495970243, 0.0328580285182889, 0.0365778053316801, 0.040297582145071294, 0.04339739615623062, 0.047117172969621826, 0.052076875387476754, 0.05579665220086795, 0.05889646621202728, 0.06199628022318661, 0.06323620582765034, 0.7420954742715437, 0.7489150650960942, 0.7575945443273404, 1.0]",4.0,2.0,2.0,2.0,2.0,17,-8.06056,8.0,6.0,hrl_dqn_apf,hierarchical,dqn,-10.031,8.649,1.808,0.00,0.00,0.00,-17.263,9.344,-3.363,0.00,0.00,0.00,-4.073,7.043,-4.412,0.00,0.00,0.00,3.905,3.905,3.905
2026-02-04 19:57:30,102.52,39,387,426,9.15%,95.73,2.42%,"[0, 5, 10, 15, 20, 25, 30, 35, 40, 45, 50, 55, 60, 65, 70, 75, 80, 85, 90, 95, 100]","[7, 10, 6, 5, 6, 5, 11, 9, 5, 6, 6, 7, 5, 7, 6, 4, 1087, 14, 17, 390]","[0.0043397396156230625, 0.010539367637941723, 0.01425914445133292, 0.01735895846249225, 0.021078735275883446, 0.02417854928704278, 0.030998140111593304, 0.0365778053316801, 0.03967761934283943, 0.04339739615623062, 0.047117172969621826, 0.05145691258524489, 0.05455672659640422, 0.05889646621202728, 0.06261624302541847, 0.06509609423434594, 0.7389956602603843, 0.7476751394916304, 0.7582145071295723, 1.0]",4.0,2.0,2.0,2.0,2.0,24,4.09992,8.0,12.0,hrl_dqn_apf,hierarchical,dqn,-8.497,8.643,1.820,0.00,0.00,0.00,-17.265,9.384,-2.142,0.00,0.00,0.00,-5.141,7.124,-3.932,0.00,0.00,0.00,3.902,3.902,3.902
2026-02-04 19:57:31,103.52,40,382,422,9.48%,95.78,2.48%,"[0, 5, 10, 15, 20, 25, 30, 35, 40, 45, 50, 55, 60, 65, 70, 75, 80, 85, 90, 95, 100]","[6, 8, 8, 6, 7, 5, 9, 9, 6, 7, 6, 6, 5, 7, 5, 7, 1087, 9, 18, 392]","[0.0037197768133911966, 0.008679479231246125, 0.013639181649101054, 0.01735895846249225, 0.02169869807811531, 0.024798512089274645, 0.03037817730936144, 0.03595784252944823, 0.03967761934283943, 0.04401735895846249, 0.04773713577185369, 0.05145691258524489, 0.05455672659640422, 0.05889646621202728, 0.06199628022318661, 0.06633601983880967, 0.7402355858648481, 0.7458152510849348, 0.7569745815251085, 1.0]",4.0,2.0,2.0,2.0,2.0,24,4.09992,8.0,12.0,hrl_dqn_apf,hierarchical,dqn,-7.734,8.640,1.821,0.00,0.00,0.00,-16.918,9.452,-1.738,0.00,0.00,0.00,-5.249,7.127,-3.268,0.00,0.00,0.00,3.899,3.899,3.899
2026-02-04 19:57:32,104.52,38,384,422,9.00%,95.85,2.36%,"[0, 5, 10, 15, 20, 25, 30, 35, 40, 45, 50, 55, 60, 65, 70, 75, 80, 85, 90, 95, 100]","[9, 5, 9, 3, 9, 3, 11, 7, 8, 7, 5, 5, 8, 7, 5, 6, 1087, 10, 18, 391]","[0.005579665220086794, 0.008679479231246125, 0.01425914445133292, 0.016119032858028518, 0.02169869807811531, 0.023558586484810913, 0.03037817730936144, 0.0347179169249845, 0.03967761934283943, 0.04401735895846249, 0.047117172969621826, 0.050216986980781156, 0.05517668939863608, 0.059516429014259145, 0.06261624302541847, 0.06633601983880967, 0.7402355858648481, 0.7464352138871667, 0.7575945443273404, 1.0]",4.0,2.0,2.0,2.0,2.0,3,-1.8196199999999996,8.0,-12.0,hrl_dqn_apf,hierarchical,dqn,-7.172,8.711,1.619,0.00,0.00,0.00,-16.282,9.459,-1.608,0.00,0.00,0.00,-5.282,7.124,-2.534,0.00,0.00,0.00,3.896,3.896,3.896
2026-02-04 19:57:33,105.52,40,386,426,9.39%,95.94,2.48%,"[0, 5, 10, 15, 20, 25, 30, 35, 40, 45, 50, 55, 60, 65, 70, 75, 80, 85, 90, 95, 100]","[9, 5, 10, 4, 7, 5, 8, 11, 6, 7, 6, 4, 7, 7, 5, 7, 1086, 11, 14, 394]","[0.005579665220086794, 0.008679479231246125, 0.014879107253564786, 0.01735895846249225, 0.02169869807811531, 0.024798512089274645, 0.029758214507129573, 0.0365778053316801, 0.040297582145071294, 0.044637321760694355, 0.04835709857408556, 0.05083694978301302, 0.05517668939863608, 0.059516429014259145, 0.06261624302541847, 0.06695598264104154, 0.7402355858648481, 0.7470551766893986, 0.7557346559206448, 1.0]",4.0,2.0,2.0,2.0,2.0,24,4.34015,8.0,12.0,hrl_dqn_apf,hierarchical,dqn,-6.976,8.728,1.040,0.00,0.00,0.00,-15.553,9.457,-1.568,0.00,0.00,0.00,-5.293,7.121,-1.778,0.00,0.00,0.00,3.893,3.893,3.893
2026-02-04 19:57:34,106.53,40,384,424,9.43%,96.20,2.48%,"[0, 5, 10, 15, 20, 25, 30, 35, 40, 45, 50, 55, 60, 65, 70, 75, 80, 85, 90, 95, 100]","[10, 6, 9, 6, 6, 3, 7, 9, 8, 6, 8, 3, 8, 6, 5, 7, 1086, 11, 12, 397]","[0.006199628022318661, 0.009919404835709857, 0.015499070055796652, 0.019218846869187848, 0.022938623682579044, 0.024798512089274645, 0.029138251704897707, 0.0347179169249845, 0.03967761934283943, 0.04339739615623062, 0.04835709857408556, 0.050216986980781156, 0.05517668939863608, 0.05889646621202728, 0.06199628022318661, 0.06633601983880967, 0.7396156230626162, 0.7464352138871667, 0.7538747675139492, 1.0]",4.0,2.0,2.0,2.0,2.0,24,4.34015,8.0,12.0,hrl_dqn_apf,hierarchical,dqn,-7.138,9.137,0.435,0.00,0.00,0.00,-14.047,9.451,-1.552,0.00,0.00,0.00,-5.065,7.018,-1.093,0.00,0.00,0.00,3.890,3.890,3.890
2026-02-04 19:57:35,107.53,40,388,428,9.35%,96.36,2.48%,"[0, 5, 10, 15, 20, 25, 30, 35, 40, 45, 50, 55, 60, 65, 70, 75, 80, 85, 90, 95, 100]","[9, 6, 9, 6, 5, 5, 5, 11, 8, 5, 8, 3, 8, 6, 6, 6, 1085, 8, 17, 397]","[0.005579665220086794, 0.009299442033477991, 0.014879107253564786, 0.018598884066955982, 0.02169869807811531, 0.024798512089274645, 0.027898326100433975, 0.0347179169249845, 0.03967761934283943, 0.04277743335399876, 0.04773713577185369, 0.04959702417854929, 0.05455672659640422, 0.05827650340979541, 0.06199628022318661, 0.0657160570365778, 0.7383756974581525, 0.7433353998760074, 0.7538747675139492, 1.0]",4.0,2.0,2.0,2.0,2.0,2,-7.49975,8.0,-12.0,hrl_dqn_apf,hierarchical,dqn,-7.545,9.394,0.846,0.00,0.00,0.00,-13.290,9.448,-1.551,0.00,0.00,0.00,-4.658,6.776,-1.490,0.00,0.00,0.00,3.887,3.887,3.887
2026-02-04 19:57:36,108.53,40,388,428,9.35%,96.49,2.48%,"[0, 5, 10, 15, 20, 25, 30, 35, 40, 45, 50, 55, 60, 65, 70, 75, 80, 85, 90, 95, 100]","[9, 5, 7, 7, 7, 5, 5, 9, 11, 4, 9, 3, 7, 6, 5, 5, 1088, 8, 11, 402]","[0.005579665220086794, 0.008679479231246125, 0.013019218846869188, 0.01735895846249225, 0.02169869807811531, 0.024798512089274645, 0.027898326100433975, 0.03347799132052077, 0.040297582145071294, 0.04277743335399876, 0.04835709857408556, 0.050216986980781156, 0.05455672659640422, 0.05827650340979541, 0.06137631742095474, 0.06447613143211407, 0.7389956602603843, 0.7439553626782393, 0.7507749535027899, 1.0]",4.0,2.0,2.0,2.0,2.0,2,-7.49975,8.0,-12.0,hrl_dqn_apf,hierarchical,dqn,-8.082,9.649,1.323,0.00,0.00,0.00,-12.527,9.445,-1.551,0.00,0.00,0.00,-4.122,6.519,-1.962,0.00,0.00,0.00,3.884,3.884,3.884
2026-02-04 19:57:37,109.53,42,385,427,9.84%,96.57,2.60%,"[0, 5, 10, 15, 20, 25, 30, 35, 40, 45, 50, 55, 60, 65, 70, 75, 80, 85, 90, 95, 100]","[9, 6, 7, 7, 3, 10, 3, 12, 8, 6, 9, 4, 5, 7, 5, 5, 1083, 11, 10, 403]","[0.005579665220086794, 0.009299442033477991, 0.013639181649101054, 0.017978921264724116, 0.019838809671419714, 0.026038437693738377, 0.027898326100433975, 0.035337879727216366, 0.040297582145071294, 0.04401735895846249, 0.04959702417854929, 0.052076875387476754, 0.05517668939863608, 0.059516429014259145, 0.06261624302541847, 0.0657160570365778, 0.7371357718536887, 0.7439553626782393, 0.750154990700558, 1.0]",4.0,2.0,2.0,2.0,2.0,3,-1.33929,8.0,-12.0,hrl_dqn_apf,hierarchical,dqn,-8.595,9.825,1.632,0.00,0.00,0.00,-11.767,9.442,-1.551,0.00,0.00,0.00,-3.610,6.448,-2.469,0.00,0.00,0.00,3.881,3.881,3.881
2026-02-04 19:57:38,110.54,41,388,429,9.56%,96.84,2.54%,"[0, 5, 10, 15, 20, 25, 30, 35, 40, 45, 50, 55, 60, 65, 70, 75, 80, 85, 90, 95, 100]","[8, 7, 6, 10, 3, 7, 4, 9, 10, 6, 9, 3, 5, 8, 6, 5, 1079, 15, 11, 402]","[0.0049597024178549285, 0.009299442033477991, 0.013019218846869188, 0.019218846869187848, 0.021078735275883446, 0.02541847489150651, 0.027898326100433975, 0.03347799132052077, 0.03967761934283943, 0.04339739615623062, 0.048977061376317424, 0.05083694978301302, 0.05393676379417235, 0.05889646621202728, 0.06261624302541847, 0.0657160570365778, 0.7346559206447613, 0.7439553626782393, 0.7507749535027899, 1.0]",4.0,2.0,2.0,2.0,2.0,19,4.8205,8.0,6.0,hrl_dqn_apf,hierarchical,dqn,-8.554,10.013,1.415,0.00,0.00,0.00,-11.080,9.535,-1.899,0.00,0.00,0.00,-3.338,6.478,-3.844,0.00,0.00,0.00,3.878,3.878,3.878
2026-02-04 19:57:39,111.54,41,386,427,9.60%,96.98,2.54%,"[0, 5, 10, 15, 20, 25, 30, 35, 40, 45, 50, 55, 60, 65, 70, 75, 80, 85, 90, 95, 100]","[9, 7, 6, 9, 4, 6, 3, 10, 10, 7, 9, 4, 4, 8, 4, 5, 1077, 16, 13, 402]","[0.005579665220086794, 0.009919404835709857, 0.013639181649101054, 0.019218846869187848, 0.02169869807811531, 0.02541847489150651, 0.02727836329820211, 0.03347799132052077, 0.03967761934283943, 0.04401735895846249, 0.04959702417854929, 0.052076875387476754, 0.05455672659640422, 0.059516429014259145, 0.06199628022318661, 0.06509609423434594, 0.7327960322380657, 0.7427154370737755, 0.7507749535027899, 1.0]",4.0,2.0,2.0,2.0,2.0,19,4.8205,8.0,6.0,hrl_dqn_apf,hierarchical,dqn,-8.132,10.064,1.835,0.00,0.00,0.00,-11.422,9.494,-2.401,0.00,0.00,0.00,-3.318,6.626,-3.975,0.00,0.00,0.00,3.875,3.875,3.875
2026-02-04 19:57:40,112.54,40,387,427,9.37%,97.15,2.48%,"[0, 5, 10, 15, 20, 25, 30, 35, 40, 45, 50, 55, 60, 65, 70, 75, 80, 85, 90, 95, 100]","[9, 6, 8, 7, 5, 5, 5, 8, 10, 9, 7, 5, 4, 8, 3, 5, 1073, 19, 8, 409]","[0.005579665220086794, 0.009299442033477991, 0.01425914445133292, 0.018598884066955982, 0.02169869807811531, 0.024798512089274645, 0.027898326100433975, 0.0328580285182889, 0.03905765654060756, 0.044637321760694355, 0.048977061376317424, 0.052076875387476754, 0.05455672659640422, 0.059516429014259145, 0.06137631742095474, 0.06447613143211407, 0.7296962182269063, 0.7414755114693118, 0.7464352138871667, 1.0]",4.0,2.0,2.0,2.0,2.0,19,4.98073,8.0,6.0,hrl_dqn_apf,hierarchical,dqn,-7.670,10.107,2.387,0.00,0.00,0.00,-11.859,9.446,-2.977,0.00,0.00,0.00,-3.311,6.647,-3.494,0.00,0.00,0.00,3.872,3.872,3.872
2026-02-04 19:57:41,113.55,41,386,427,9.60%,97.32,2.54%,"[0, 5, 10, 15, 20, 25, 30, 35, 40, 45, 50, 55, 60, 65, 70, 75, 80, 85, 90, 95, 100]","[9, 7, 6, 8, 6, 5, 5, 6, 10, 10, 6, 6, 4, 7, 3, 4, 1072, 22, 8, 409]","[0.005579665220086794, 0.009919404835709857, 0.013639181649101054, 0.018598884066955982, 0.022318660880347178, 0.02541847489150651, 0.02851828890266584, 0.032238065716057036, 0.038437693738375696, 0.044637321760694355, 0.04835709857408556, 0.052076875387476754, 0.05455672659640422, 0.05889646621202728, 0.06075635461872288, 0.06323620582765034, 0.7278363298202107, 0.7414755114693118, 0.7464352138871667, 1.0]",4.0,2.0,2.0,2.0,2.0,0,-18.85876,8.0,-12.0,hrl_dqn_apf,hierarchical,dqn,-7.257,9.890,2.910,0.00,0.00,0.00,-12.123,9.525,-3.481,0.00,0.00,0.00,-3.310,6.646,-2.812,0.00,0.00,0.00,3.869,3.869,3.869
2026-02-04 19:57:42,114.56,37,389,426,8.69%,97.56,2.29%,"[0, 5, 10, 15, 20, 25, 30, 35, 40, 45, 50, 55, 60, 65, 70, 75, 80, 85, 90, 95, 100]","[8, 6, 7, 5, 8, 3, 8, 4, 13, 9, 8, 5, 5, 6, 3, 4, 1074, 15, 13, 409]","[0.0049597024178549285, 0.008679479231246125, 0.013019218846869188, 0.016119032858028518, 0.021078735275883446, 0.022938623682579044, 0.027898326100433975, 0.03037817730936144, 0.038437693738375696, 0.04401735895846249, 0.048977061376317424, 0.052076875387476754, 0.05517668939863608, 0.05889646621202728, 0.06075635461872288, 0.06323620582765034, 0.7290762554246745, 0.7383756974581525, 0.7464352138871667, 1.0]",4.0,2.0,2.0,2.0,2.0,0,-18.85876,8.0,-12.0,hrl_dqn_apf,hierarchical,dqn,-7.042,9.717,2.718,0.00,0.00,0.00,-11.099,9.577,-3.739,0.00,0.00,0.00,-3.306,6.645,-1.323,0.00,0.00,0.00,3.866,3.866,3.866
2026-02-04 19:57:43,115.56,38,386,424,8.96%,97.68,2.36%,"[0, 5, 10, 15, 20, 25, 30, 35, 40, 45, 50, 55, 60, 65, 70, 75, 80, 85, 90, 95, 100]","[7, 6, 7, 6, 9, 3, 7, 4, 12, 10, 8, 7, 4, 6, 3, 4, 1071, 16, 15, 408]","[0.0043397396156230625, 0.008059516429014259, 0.012399256044637322, 0.016119032858028518, 0.02169869807811531, 0.023558586484810913, 0.027898326100433975, 0.03037817730936144, 0.03781773093614383, 0.04401735895846249, 0.048977061376317424, 0.053316800991940486, 0.05579665220086795, 0.059516429014259145, 0.06137631742095474, 0.0638561686298822, 0.7278363298202107, 0.7377557346559206, 0.7470551766893986, 1.0]",4.0,2.0,2.0,2.0,2.0,3,-0.6987699999999997,8.0,-12.0,hrl_dqn_apf,hierarchical,dqn,-7.027,9.723,2.072,0.00,0.00,0.00,-10.369,9.574,-3.758,0.00,0.00,0.00,-2.998,6.719,-0.867,0.00,0.00,0.00,3.863,3.863,3.863
2026-02-04 19:57:44,116.57,39,387,426,9.15%,97.82,2.42%,"[0, 5, 10, 15, 20, 25, 30, 35, 40, 45, 50, 55, 60, 65, 70, 75, 80, 85, 90, 95, 100]","[7, 7, 6, 6, 9, 4, 6, 3, 11, 12, 8, 6, 5, 5, 5, 2, 1068, 19, 14, 410]","[0.0043397396156230625, 0.008679479231246125, 0.012399256044637322, 0.016119032858028518, 0.02169869807811531, 0.02417854928704278, 0.027898326100433975, 0.029758214507129573, 0.0365778053316801, 0.04401735895846249, 0.048977061376317424, 0.05269683818970862, 0.05579665220086795, 0.05889646621202728, 0.06199628022318661, 0.06323620582765034, 0.7253564786112833, 0.7371357718536887, 0.7458152510849348, 1.0]",4.0,2.0,2.0,2.0,2.0,15,-18.53863,8.0,6.0,hrl_dqn_apf,hierarchical,dqn,-7.023,9.723,1.344,0.00,0.00,0.00,-9.617,9.571,-3.764,0.00,0.00,0.00,-2.763,6.825,-0.722,0.00,0.00,0.00,3.860,3.860,3.860
2026-02-04 19:57:45,117.57,39,385,424,9.20%,97.92,2.42%,"[0, 5, 10, 15, 20, 25, 30, 35, 40, 45, 50, 55, 60, 65, 70, 75, 80, 85, 90, 95, 100]","[11, 4, 4, 8, 7, 5, 7, 3, 10, 10, 11, 4, 7, 4, 6, 2, 1065, 17, 17, 411]","[0.006819590824550527, 0.009299442033477991, 0.011779293242405457, 0.016738995660260384, 0.021078735275883446, 0.02417854928704278, 0.02851828890266584, 0.03037817730936144, 0.0365778053316801, 0.04277743335399876, 0.04959702417854929, 0.052076875387476754, 0.056416615003099815, 0.05889646621202728, 0.06261624302541847, 0.0638561686298822, 0.7241165530068195, 0.7346559206447613, 0.745195288282703, 1.0]",4.0,2.0,2.0,2.0,2.0,15,-18.53863,8.0,6.0,hrl_dqn_apf,hierarchical,dqn,-7.022,9.720,0.592,0.00,0.00,0.00,-9.207,9.584,-3.766,0.00,0.00,0.00,-3.179,6.856,-0.677,0.00,0.00,0.00,3.857,3.857,3.857
2026-02-04 19:57:46,118.73,39,385,424,9.20%,98.23,2.42%,"[0, 5, 10, 15, 20, 25, 30, 35, 40, 45, 50, 55, 60, 65, 70, 75, 80, 85, 90, 95, 100]","[9, 6, 4, 6, 8, 6, 5, 6, 7, 12, 11, 3, 8, 5, 5, 1, 1063, 15, 22, 411]","[0.005579665220086794, 0.009299442033477991, 0.011779293242405457, 0.015499070055796652, 0.02045877247365158, 0.02417854928704278, 0.02727836329820211, 0.030998140111593304, 0.035337879727216366, 0.04277743335399876, 0.04959702417854929, 0.05145691258524489, 0.056416615003099815, 0.059516429014259145, 0.06261624302541847, 0.06323620582765034, 0.7222566646001239, 0.7315561066336019, 0.745195288282703, 1.0]",4.0,2.0,2.0,2.0,2.0,4,5.62192,8.0,-12.0,hrl_dqn_apf,hierarchical,dqn,-6.577,9.830,-0.478,0.00,0.00,0.00,-7.866,9.594,-3.774,0.00,0.00,0.00,-4.566,6.828,-0.661,0.00,0.00,0.00,3.854,3.854,3.854
2026-02-04 19:57:47,119.74,38,388,426,8.92%,98.39,2.36%,"[0, 5, 10, 15, 20, 25, 30, 35, 40, 45, 50, 55, 60, 65, 70, 75, 80, 85, 90, 95, 100]","[10, 6, 2, 7, 5, 8, 3, 8, 5, 15, 10, 4, 8, 4, 5, 2, 1063, 15, 15, 418]","[0.006199628022318661, 0.009919404835709857, 0.011159330440173589, 0.015499070055796652, 0.018598884066955982, 0.023558586484810913, 0.02541847489150651, 0.03037817730936144, 0.03347799132052077, 0.04277743335399876, 0.048977061376317424, 0.05145691258524489, 0.056416615003099815, 0.05889646621202728, 0.06199628022318661, 0.06323620582765034, 0.7222566646001239, 0.7315561066336019, 0.7408555486670799, 1.0]",4.0,2.0,2.0,2.0,2.0,2,-6.21814,8.0,-12.0,hrl_dqn_apf,hierarchical,dqn,-6.251,10.106,-0.271,0.00,0.00,0.00,-7.573,9.676,-4.081,0.00,0.00,0.00,-4.718,6.698,-0.712,0.00,0.00,0.00,3.850,3.850,3.850
2026-02-04 19:57:48,120.74,38,384,422,9.00%,98.51,2.36%,"[0, 5, 10, 15, 20, 25, 30, 35, 40, 45, 50, 55, 60, 65, 70, 75, 80, 85, 90, 95, 100]","[11, 5, 4, 6, 5, 7, 3, 7, 6, 12, 11, 5, 8, 5, 5, 2, 1060, 17, 14, 420]","[0.006819590824550527, 0.009919404835709857, 0.012399256044637322, 0.016119032858028518, 0.019218846869187848, 0.023558586484810913, 0.02541847489150651, 0.029758214507129573, 0.03347799132052077, 0.04091754494730316, 0.04773713577185369, 0.05083694978301302, 0.05579665220086795, 0.05889646621202728, 0.06199628022318661, 0.06323620582765034, 0.7203967761934283, 0.7309361438313701, 0.7396156230626162, 1.0]",4.0,2.0,2.0,2.0,2.0,2,-6.21814,8.0,-12.0,hrl_dqn_apf,hierarchical,dqn,-6.215,10.382,0.336,0.00,0.00,0.00,-7.687,9.660,-4.682,0.00,0.00,0.00,-4.239,6.382,-0.804,0.00,0.00,0.00,3.847,3.847,3.847
2026-02-04 19:57:49,121.74,36,392,428,8.41%,98.91,2.23%,"[0, 5, 10, 15, 20, 25, 30, 35, 40, 45, 50, 55, 60, 65, 70, 75, 80, 85, 90, 95, 100]","[10, 6, 4, 5, 6, 5, 4, 7, 4, 12, 11, 7, 7, 6, 4, 4, 1057, 12, 17, 425]","[0.006199628022318661, 0.009919404835709857, 0.012399256044637322, 0.015499070055796652, 0.019218846869187848, 0.022318660880347178, 0.024798512089274645, 0.029138251704897707, 0.03161810291382517, 0.03905765654060756, 0.04587724736515809, 0.050216986980781156, 0.05455672659640422, 0.05827650340979541, 0.06075635461872288, 0.06323620582765034, 0.7185368877867327, 0.7259764414135151, 0.7365158090514569, 1.0]",4.0,2.0,2.0,2.0,2.0,7,-6.05805,8.0,-6.0,hrl_dqn_apf,hierarchical,dqn,-6.817,10.822,1.480,0.00,0.00,0.00,-7.941,9.696,-5.352,0.00,0.00,0.00,-2.941,5.850,-1.232,0.00,0.00,0.00,3.844,3.844,3.844
2026-02-04 19:57:50,122.74,37,390,427,8.67%,99.06,2.29%,"[0, 5, 10, 15, 20, 25, 30, 35, 40, 45, 50, 55, 60, 65, 70, 75, 80, 85, 90, 95, 100]","[11, 3, 5, 4, 7, 7, 4, 5, 6, 9, 13, 7, 6, 6, 4, 5, 1056, 12, 15, 428]","[0.006819590824550527, 0.008679479231246125, 0.011779293242405457, 0.01425914445133292, 0.018598884066955982, 0.022938623682579044, 0.02541847489150651, 0.02851828890266584, 0.032238065716057036, 0.03781773093614383, 0.04587724736515809, 0.050216986980781156, 0.05393676379417235, 0.05765654060756355, 0.06013639181649101, 0.06323620582765034, 0.7179169249845009, 0.7253564786112833, 0.7346559206447613, 1.0]",4.0,2.0,2.0,2.0,2.0,8,0.10256000000000043,8.0,-6.0,hrl_dqn_apf,hierarchical,dqn,-7.071,10.402,1.707,0.00,0.00,0.00,-7.962,9.755,-5.349,0.00,0.00,0.00,-2.643,5.944,-1.801,0.00,0.00,0.00,3.841,3.841,3.841
2026-02-04 19:57:51,123.74,36,391,427,8.43%,99.25,2.23%,"[0, 5, 10, 15, 20, 25, 30, 35, 40, 45, 50, 55, 60, 65, 70, 75, 80, 85, 90, 95, 100]","[11, 3, 6, 4, 5, 7, 4, 5, 7, 9, 12, 8, 4, 8, 4, 4, 1051, 15, 15, 431]","[0.006819590824550527, 0.008679479231246125, 0.012399256044637322, 0.014879107253564786, 0.017978921264724116, 0.022318660880347178, 0.024798512089274645, 0.027898326100433975, 0.032238065716057036, 0.03781773093614383, 0.04525728456292622, 0.050216986980781156, 0.05269683818970862, 0.05765654060756355, 0.06013639181649101, 0.06261624302541847, 0.7141971481711097, 0.7234965902045877, 0.7327960322380657, 1.0]",4.0,2.0,2.0,2.0,2.0,8,0.10256000000000043,8.0,-6.0,hrl_dqn_apf,hierarchical,dqn,-7.153,9.983,1.780,0.00,0.00,0.00,-7.968,9.813,-5.344,0.00,0.00,0.00,-2.557,6.391,-2.198,0.00,0.00,0.00,3.838,3.838,3.838
2026-02-04 19:57:52,124.75,34,393,427,7.96%,99.46,2.11%,"[0, 5, 10, 15, 20, 25, 30, 35, 40, 45, 50, 55, 60, 65, 70, 75, 80, 85, 90, 95, 100]","[11, 3, 6, 2, 7, 5, 5, 3, 10, 6, 15, 6, 6, 8, 3, 4, 1050, 17, 15, 431]","[0.006819590824550527, 0.008679479231246125, 0.012399256044637322, 0.013639181649101054, 0.017978921264724116, 0.021078735275883446, 0.02417854928704278, 0.026038437693738377, 0.032238065716057036, 0.03595784252944823, 0.04525728456292622, 0.048977061376317424, 0.05269683818970862, 0.05765654060756355, 0.059516429014259145, 0.06199628022318661, 0.712957222566646, 0.7234965902045877, 0.7327960322380657, 1.0]",4.0,2.0,2.0,2.0,2.0,22,-5.73739,8.0,12.0,hrl_dqn_apf,hierarchical,dqn,-7.179,9.575,1.802,0.00,0.00,0.00,-7.971,9.848,-5.181,0.00,0.00,0.00,-2.531,6.799,-2.327,0.00,0.00,0.00,3.835,3.835,3.835
2026-02-04 19:57:53,125.75,32,395,427,7.49%,99.88,1.98%,"[0, 5, 10, 15, 20, 25, 30, 35, 40, 45, 50, 55, 60, 65, 70, 75, 80, 85, 90, 95, 100]","[7, 6, 5, 3, 5, 6, 6, 4, 7, 6, 15, 8, 5, 9, 3, 4, 1047, 16, 13, 438]","[0.0043397396156230625, 0.008059516429014259, 0.011159330440173589, 0.013019218846869188, 0.016119032858028518, 0.019838809671419714, 0.023558586484810913, 0.026038437693738377, 0.03037817730936144, 0.034097954122752634, 0.04339739615623062, 0.04835709857408556, 0.05145691258524489, 0.05703657780533168, 0.05889646621202728, 0.06137631742095474, 0.7104773713577185, 0.7203967761934283, 0.7284562926224426, 1.0]",4.0,2.0,2.0,2.0,2.0,24,6.42304,8.0,12.0,hrl_dqn_apf,hierarchical,dqn,-7.189,9.488,1.190,0.00,0.00,0.00,-7.971,9.895,-4.583,0.00,0.00,0.00,-2.520,6.980,-1.787,0.00,0.00,0.00,3.832,3.832,3.832
2026-02-04 19:57:54,126.75,32,395,427,7.49%,100.04,1.98%,"[0, 5, 10, 15, 20, 25, 30, 35, 40, 45, 50, 55, 60, 65, 70, 75, 80, 85, 90, 95, 100]","[8, 4, 5, 4, 5, 6, 6, 4, 8, 6, 12, 9, 7, 7, 5, 3, 1046, 17, 12, 439]","[0.0049597024178549285, 0.007439553626782393, 0.010539367637941723, 0.013019218846869188, 0.016119032858028518, 0.019838809671419714, 0.023558586484810913, 0.026038437693738377, 0.030998140111593304, 0.0347179169249845, 0.04215747055176689, 0.04773713577185369, 0.052076875387476754, 0.056416615003099815, 0.059516429014259145, 0.06137631742095474, 0.7098574085554866, 0.7203967761934283, 0.7278363298202107, 1.0]",4.0,2.0,2.0,2.0,2.0,24,6.42304,8.0,12.0,hrl_dqn_apf,hierarchical,dqn,-7.189,9.492,0.498,0.00,0.00,0.00,-7.971,9.953,-4.589,0.00,0.00,0.00,-2.520,6.975,-1.102,0.00,0.00,0.00,3.829,3.829,3.829
2026-02-04 19:57:55,127.76,32,396,428,7.48%,100.19,1.98%,"[0, 5, 10, 15, 20, 25, 30, 35, 40, 45, 50, 55, 60, 65, 70, 75, 80, 85, 90, 95, 100]","[7, 6, 4, 4, 4, 7, 7, 4, 6, 8, 10, 11, 7, 5, 6, 2, 1047, 16, 12, 440]","[0.0043397396156230625, 0.008059516429014259, 0.010539367637941723, 0.013019218846869188, 0.015499070055796652, 0.019838809671419714, 0.02417854928704278, 0.026658400495970243, 0.03037817730936144, 0.035337879727216366, 0.041537507749535026, 0.04835709857408556, 0.05269683818970862, 0.05579665220086795, 0.059516429014259145, 0.06075635461872288, 0.7098574085554866, 0.7197768133911965, 0.7272163670179789, 1.0]",4.0,2.0,2.0,2.0,2.0,0,-17.41639,8.0,-12.0,hrl_dqn_apf,hierarchical,dqn,-7.190,9.491,-0.240,0.00,0.00,0.00,-7.971,10.011,-4.596,0.00,0.00,0.00,-2.520,6.971,-0.366,0.00,0.00,0.00,3.826,3.826,3.826
2026-02-04 19:57:56,128.76,31,395,426,7.28%,100.36,1.92%,"[0, 5, 10, 15, 20, 25, 30, 35, 40, 45, 50, 55, 60, 65, 70, 75, 80, 85, 90, 95, 100]","[8, 5, 3, 6, 4, 5, 7, 4, 7, 8, 10, 10, 8, 4, 7, 2, 1046, 11, 15, 443]","[0.0049597024178549285, 0.008059516429014259, 0.009919404835709857, 0.013639181649101054, 0.016119032858028518, 0.019218846869187848, 0.023558586484810913, 0.026038437693738377, 0.03037817730936144, 0.035337879727216366, 0.041537507749535026, 0.04773713577185369, 0.05269683818970862, 0.05517668939863608, 0.059516429014259145, 0.06075635461872288, 0.7092374457532548, 0.7160570365778053, 0.7253564786112833, 1.0]",4.0,2.0,2.0,2.0,2.0,0,-17.41639,8.0,-12.0,hrl_dqn_apf,hierarchical,dqn,-7.191,9.489,-0.995,0.00,0.00,0.00,-7.971,10.070,-4.578,0.00,0.00,0.00,-2.521,6.967,0.389,0.00,0.00,0.00,3.823,3.823,3.823
2026-02-04 19:57:57,129.77,31,395,426,7.28%,100.57,1.92%,"[0, 5, 10, 15, 20, 25, 30, 35, 40, 45, 50, 55, 60, 65, 70, 75, 80, 85, 90, 95, 100]","[8, 6, 2, 7, 2, 6, 5, 6, 4, 11, 9, 13, 6, 6, 7, 1, 1040, 16, 16, 442]","[0.0049597024178549285, 0.008679479231246125, 0.009919404835709857, 0.01425914445133292, 0.015499070055796652, 0.019218846869187848, 0.022318660880347178, 0.026038437693738377, 0.02851828890266584, 0.035337879727216366, 0.04091754494730316, 0.048977061376317424, 0.05269683818970862, 0.056416615003099815, 0.06075635461872288, 0.06137631742095474, 0.7061376317420954, 0.7160570365778053, 0.7259764414135151, 1.0]",4.0,2.0,2.0,2.0,2.0,2,-5.25646,8.0,-12.0,hrl_dqn_apf,hierarchical,dqn,-7.062,9.534,-1.195,0.00,0.00,0.00,-8.111,10.240,-5.125,0.00,0.00,0.00,-2.522,7.024,1.830,0.00,0.00,0.00,3.820,3.820,3.820
2026-02-04 19:57:58,130.77,30,394,424,7.08%,100.71,1.86%,"[0, 5, 10, 15, 20, 25, 30, 35, 40, 45, 50, 55, 60, 65, 70, 75, 80, 85, 90, 95, 100]","[7, 4, 5, 6, 3, 5, 6, 7, 4, 10, 7, 12, 8, 5, 9, 0, 1040, 13, 18, 444]","[0.0043397396156230625, 0.006819590824550527, 0.009919404835709857, 0.013639181649101054, 0.015499070055796652, 0.018598884066955982, 0.022318660880347178, 0.026658400495970243, 0.029138251704897707, 0.035337879727216366, 0.03967761934283943, 0.047117172969621826, 0.052076875387476754, 0.05517668939863608, 0.06075635461872288, 0.06075635461872288, 0.7055176689398636, 0.7135771853688778, 0.7247365158090514, 1.0]",4.0,2.0,2.0,2.0,2.0,3,0.8236499999999998,8.0,-12.0,hrl_dqn_apf,hierarchical,dqn,-6.897,9.463,-0.576,0.00,0.00,0.00,-8.261,10.323,-5.345,0.00,0.00,0.00,-2.523,7.134,1.756,0.00,0.00,0.00,3.817,3.817,3.817
2026-02-04 19:57:59,131.78,30,388,418,7.18%,100.89,1.86%,"[0, 5, 10, 15, 20, 25, 30, 35, 40, 45, 50, 55, 60, 65, 70, 75, 80, 85, 90, 95, 100]","[7, 5, 4, 5, 4, 5, 6, 6, 5, 9, 7, 11, 10, 5, 8, 2, 1040, 11, 17, 446]","[0.0043397396156230625, 0.007439553626782393, 0.009919404835709857, 0.013019218846869188, 0.015499070055796652, 0.018598884066955982, 0.022318660880347178, 0.026038437693738377, 0.029138251704897707, 0.0347179169249845, 0.03905765654060756, 0.04587724736515809, 0.052076875387476754, 0.05517668939863608, 0.06013639181649101, 0.06137631742095474, 0.7061376317420954, 0.712957222566646, 0.7234965902045877, 1.0]",4.0,2.0,2.0,2.0,2.0,3,0.8236499999999998,8.0,-12.0,hrl_dqn_apf,hierarchical,dqn,-6.705,9.391,0.132,0.00,0.00,0.00,-8.432,10.440,-5.364,0.00,0.00,0.00,-2.523,7.144,1.198,0.00,0.00,0.00,3.814,3.814,3.814
2026-02-04 19:58:00,132.78,28,396,424,6.60%,101.08,1.74%,"[0, 5, 10, 15, 20, 25, 30, 35, 40, 45, 50, 55, 60, 65, 70, 75, 80, 85, 90, 95, 100]","[7, 5, 4, 4, 4, 4, 8, 5, 5, 8, 9, 11, 9, 6, 8, 1, 1039, 13, 16, 447]","[0.0043397396156230625, 0.007439553626782393, 0.009919404835709857, 0.012399256044637322, 0.014879107253564786, 0.01735895846249225, 0.022318660880347178, 0.02541847489150651, 0.02851828890266584, 0.03347799132052077, 0.03905765654060756, 0.04587724736515809, 0.05145691258524489, 0.05517668939863608, 0.06013639181649101, 0.06075635461872288, 0.7048977061376317, 0.712957222566646, 0.7228766274023558, 1.0]",4.0,2.0,2.0,2.0,2.0,12,-5.01591,8.0,0.0,hrl_dqn_apf,hierarchical,dqn,-6.362,9.434,0.675,0.00,0.00,0.00,-8.566,10.078,-5.342,0.00,0.00,0.00,-2.522,7.141,0.495,0.00,0.00,0.00,3.811,3.811,3.811
2026-02-04 19:58:01,133.80,28,396,424,6.60%,101.41,1.74%,"[0, 5, 10, 15, 20, 25, 30, 35, 40, 45, 50, 55, 60, 65, 70, 75, 80, 85, 90, 95, 100]","[8, 4, 4, 3, 6, 3, 6, 7, 5, 6, 12, 6, 13, 5, 9, 2, 1039, 12, 9, 454]","[0.0049597024178549285, 0.007439553626782393, 0.009919404835709857, 0.011779293242405457, 0.015499070055796652, 0.01735895846249225, 0.021078735275883446, 0.02541847489150651, 0.02851828890266584, 0.032238065716057036, 0.03967761934283943, 0.04339739615623062, 0.05145691258524489, 0.05455672659640422, 0.06013639181649101, 0.06137631742095474, 0.7055176689398636, 0.712957222566646, 0.7185368877867327, 1.0]",4.0,2.0,2.0,2.0,2.0,17,-4.85595,8.0,6.0,hrl_dqn_apf,hierarchical,dqn,-6.227,9.944,0.950,0.00,0.00,0.00,-8.633,9.449,-5.291,0.00,0.00,0.00,-1.917,6.860,-0.462,0.00,0.00,0.00,3.808,3.808,3.808
2026-02-04 19:58:02,134.80,27,399,426,6.34%,101.57,1.67%,"[0, 5, 10, 15, 20, 25, 30, 35, 40, 45, 50, 55, 60, 65, 70, 75, 80, 85, 90, 95, 100]","[8, 3, 5, 3, 6, 2, 7, 5, 6, 6, 12, 7, 13, 5, 9, 2, 1034, 10, 16, 454]","[0.0049597024178549285, 0.006819590824550527, 0.009919404835709857, 0.011779293242405457, 0.015499070055796652, 0.016738995660260384, 0.021078735275883446, 0.02417854928704278, 0.027898326100433975, 0.03161810291382517, 0.03905765654060756, 0.04339739615623062, 0.05145691258524489, 0.05455672659640422, 0.06013639181649101, 0.06137631742095474, 0.7024178549287042, 0.7086174829510229, 0.7185368877867327, 1.0]",4.0,2.0,2.0,2.0,2.0,17,-4.85595,8.0,6.0,hrl_dqn_apf,hierarchical,dqn,-6.826,10.156,1.096,0.00,0.00,0.00,-8.638,9.485,-4.841,0.00,0.00,0.00,-1.254,6.662,-0.677,0.00,0.00,0.00,3.805,3.805,3.805
2026-02-04 19:58:03,135.81,26,402,428,6.07%,101.71,1.61%,"[0, 5, 10, 15, 20, 25, 30, 35, 40, 45, 50, 55, 60, 65, 70, 75, 80, 85, 90, 95, 100]","[8, 2, 3, 5, 5, 3, 5, 7, 7, 6, 11, 7, 11, 7, 8, 5, 1034, 9, 15, 455]","[0.0049597024178549285, 0.006199628022318661, 0.008059516429014259, 0.011159330440173589, 0.01425914445133292, 0.016119032858028518, 0.019218846869187848, 0.023558586484810913, 0.027898326100433975, 0.03161810291382517, 0.038437693738375696, 0.04277743335399876, 0.04959702417854929, 0.05393676379417235, 0.05889646621202728, 0.06199628022318661, 0.7030378177309361, 0.7086174829510229, 0.7179169249845009, 1.0]",4.0,2.0,2.0,2.0,2.0,3,1.3041,8.0,-12.0,hrl_dqn_apf,hierarchical,dqn,-6.908,10.282,1.205,0.00,0.00,0.00,-8.639,9.501,-4.398,0.00,0.00,0.00,-0.839,6.718,-1.126,0.00,0.00,0.00,3.802,3.802,3.802
2026-02-04 19:58:04,136.82,27,400,427,6.32%,101.86,1.67%,"[0, 5, 10, 15, 20, 25, 30, 35, 40, 45, 50, 55, 60, 65, 70, 75, 80, 85, 90, 95, 100]","[9, 1, 4, 3, 5, 5, 5, 6, 7, 7, 10, 6, 12, 8, 8, 3, 1035, 10, 11, 458]","[0.005579665220086794, 0.006199628022318661, 0.008679479231246125, 0.010539367637941723, 0.013639181649101054, 0.016738995660260384, 0.019838809671419714, 0.023558586484810913, 0.027898326100433975, 0.032238065716057036, 0.038437693738375696, 0.04215747055176689, 0.04959702417854929, 0.05455672659640422, 0.059516429014259145, 0.06137631742095474, 0.7030378177309361, 0.7092374457532548, 0.7160570365778053, 1.0]",4.0,2.0,2.0,2.0,2.0,4,7.46469,8.0,-12.0,hrl_dqn_apf,hierarchical,dqn,-6.619,9.915,1.244,0.00,0.00,0.00,-8.640,9.512,-3.831,0.00,0.00,0.00,-0.704,6.727,-1.792,0.00,0.00,0.00,3.799,3.799,3.799
2026-02-04 19:58:05,137.82,26,401,427,6.09%,102.09,1.61%,"[0, 5, 10, 15, 20, 25, 30, 35, 40, 45, 50, 55, 60, 65, 70, 75, 80, 85, 90, 95, 100]","[7, 4, 3, 4, 3, 5, 4, 6, 7, 8, 9, 8, 9, 9, 10, 3, 1026, 17, 13, 458]","[0.0043397396156230625, 0.006819590824550527, 0.008679479231246125, 0.011159330440173589, 0.013019218846869188, 0.016119032858028518, 0.018598884066955982, 0.022318660880347178, 0.026658400495970243, 0.03161810291382517, 0.037197768133911964, 0.04215747055176689, 0.04773713577185369, 0.053316800991940486, 0.059516429014259145, 0.06137631742095474, 0.6974581525108493, 0.707997520148791, 0.7160570365778053, 1.0]",4.0,2.0,2.0,2.0,2.0,4,7.46469,8.0,-12.0,hrl_dqn_apf,hierarchical,dqn,-5.856,9.803,1.259,0.00,0.00,0.00,-8.639,9.508,-2.380,0.00,0.00,0.00,-0.648,6.724,-3.280,0.00,0.00,0.00,3.796,3.796,3.796
2026-02-04 19:58:06,138.82,26,403,429,6.06%,102.15,1.61%,"[0, 5, 10, 15, 20, 25, 30, 35, 40, 45, 50, 55, 60, 65, 70, 75, 80, 85, 90, 95, 100]","[6, 5, 3, 4, 2, 6, 4, 5, 8, 7, 9, 10, 9, 10, 9, 4, 1027, 17, 13, 455]","[0.0037197768133911966, 0.006819590824550527, 0.008679479231246125, 0.011159330440173589, 0.012399256044637322, 0.016119032858028518, 0.018598884066955982, 0.02169869807811531, 0.026658400495970243, 0.030998140111593304, 0.0365778053316801, 0.04277743335399876, 0.04835709857408556, 0.05455672659640422, 0.06013639181649101, 0.06261624302541847, 0.6993180409175449, 0.7098574085554866, 0.7179169249845009, 1.0]",4.0,2.0,2.0,2.0,2.0,22,-4.37528,8.0,12.0,hrl_dqn_apf,hierarchical,dqn,-5.172,9.811,1.264,0.00,0.00,0.00,-8.645,9.523,-1.657,0.00,0.00,0.00,-0.639,6.728,-4.020,0.00,0.00,0.00,3.793,3.793,3.793
2026-02-04 19:58:07,139.82,28,399,427,6.56%,102.20,1.74%,"[0, 5, 10, 15, 20, 25, 30, 35, 40, 45, 50, 55, 60, 65, 70, 75, 80, 85, 90, 95, 100]","[5, 8, 2, 5, 2, 6, 2, 7, 6, 8, 7, 12, 7, 12, 8, 5, 1022, 19, 8, 462]","[0.0030998140111593306, 0.008059516429014259, 0.009299442033477991, 0.012399256044637322, 0.013639181649101054, 0.01735895846249225, 0.018598884066955982, 0.022938623682579044, 0.026658400495970243, 0.03161810291382517, 0.03595784252944823, 0.04339739615623062, 0.04773713577185369, 0.05517668939863608, 0.06013639181649101, 0.06323620582765034, 0.6968381897086174, 0.7086174829510229, 0.7135771853688778, 1.0]",4.0,2.0,2.0,2.0,2.0,9,7.78498,8.0,-6.0,hrl_dqn_apf,hierarchical,dqn,-4.549,9.864,1.514,0.00,0.00,0.00,-8.856,9.621,-1.512,0.00,0.00,0.00,-0.322,6.800,-4.470,0.00,0.00,0.00,3.790,3.790,3.790
2026-02-04 19:58:08,140.82,26,401,427,6.09%,102.30,1.61%,"[0, 5, 10, 15, 20, 25, 30, 35, 40, 45, 50, 55, 60, 65, 70, 75, 80, 85, 90, 95, 100]","[5, 8, 1, 5, 2, 5, 4, 6, 6, 10, 8, 11, 8, 9, 10, 5, 1021, 18, 10, 461]","[0.0030998140111593306, 0.008059516429014259, 0.008679479231246125, 0.011779293242405457, 0.013019218846869188, 0.016119032858028518, 0.018598884066955982, 0.022318660880347178, 0.026038437693738377, 0.032238065716057036, 0.037197768133911964, 0.04401735895846249, 0.048977061376317424, 0.05455672659640422, 0.06075635461872288, 0.0638561686298822, 0.6968381897086174, 0.707997520148791, 0.7141971481711097, 1.0]",4.0,2.0,2.0,2.0,2.0,9,7.78498,8.0,-6.0,hrl_dqn_apf,hierarchical,dqn,-4.001,9.889,1.983,0.00,0.00,0.00,-9.248,9.623,-1.537,0.00,0.00,0.00,0.303,6.809,-4.617,0.00,0.00,0.00,3.787,3.787,3.787
2026-02-04 19:58:09,141.82,27,401,428,6.31%,102.48,1.67%,"[0, 5, 10, 15, 20, 25, 30, 35, 40, 45, 50, 55, 60, 65, 70, 75, 80, 85, 90, 95, 100]","[5, 7, 3, 4, 3, 5, 3, 4, 10, 10, 8, 10, 7, 10, 11, 5, 1020, 15, 13, 460]","[0.0030998140111593306, 0.007439553626782393, 0.009299442033477991, 0.011779293242405457, 0.013639181649101054, 0.016738995660260384, 0.018598884066955982, 0.021078735275883446, 0.02727836329820211, 0.03347799132052077, 0.038437693738375696, 0.044637321760694355, 0.048977061376317424, 0.05517668939863608, 0.06199628022318661, 0.06509609423434594, 0.6974581525108493, 0.7067575945443273, 0.7148171109733416, 1.0]",4.0,2.0,2.0,2.0,2.0,2,-4.05451,8.0,-12.0,hrl_dqn_apf,hierarchical,dqn,-3.307,10.042,1.963,0.00,0.00,0.00,-9.314,9.700,-1.089,0.00,0.00,0.00,1.779,6.804,-4.675,0.00,0.00,0.00,3.784,3.784,3.784
2026-02-04 19:58:10,142.83,26,398,424,6.13%,102.58,1.61%,"[0, 5, 10, 15, 20, 25, 30, 35, 40, 45, 50, 55, 60, 65, 70, 75, 80, 85, 90, 95, 100]","[5, 6, 5, 3, 4, 3, 5, 4, 7, 12, 8, 8, 9, 8, 13, 5, 1020, 11, 15, 462]","[0.0030998140111593306, 0.006819590824550527, 0.009919404835709857, 0.011779293242405457, 0.01425914445133292, 0.016119032858028518, 0.019218846869187848, 0.02169869807811531, 0.026038437693738377, 0.03347799132052077, 0.038437693738375696, 0.04339739615623062, 0.048977061376317424, 0.05393676379417235, 0.06199628022318661, 0.06509609423434594, 0.6974581525108493, 0.7042777433353998, 0.7135771853688778, 1.0]",4.0,2.0,2.0,2.0,2.0,8,2.26559,8.0,-6.0,hrl_dqn_apf,hierarchical,dqn,-3.244,9.991,1.330,0.00,0.00,0.00,-8.872,9.736,-0.850,0.00,0.00,0.00,2.533,6.801,-4.679,0.00,0.00,0.00,3.781,3.781,3.781
2026-02-04 19:58:11,143.83,26,398,424,6.13%,102.66,1.61%,"[0, 5, 10, 15, 20, 25, 30, 35, 40, 45, 50, 55, 60, 65, 70, 75, 80, 85, 90, 95, 100]","[5, 7, 4, 4, 4, 2, 7, 4, 6, 12, 8, 8, 10, 8, 12, 6, 1014, 17, 15, 460]","[0.0030998140111593306, 0.007439553626782393, 0.009919404835709857, 0.012399256044637322, 0.014879107253564786, 0.016119032858028518, 0.02045877247365158, 0.022938623682579044, 0.026658400495970243, 0.034097954122752634, 0.03905765654060756, 0.04401735895846249, 0.050216986980781156, 0.05517668939863608, 0.06261624302541847, 0.06633601983880967, 0.6949783013019218, 0.7055176689398636, 0.7148171109733416, 1.0]",4.0,2.0,2.0,2.0,2.0,8,2.26559,8.0,-6.0,hrl_dqn_apf,hierarchical,dqn,-3.222,9.603,0.905,0.00,0.00,0.00,-8.207,9.737,-0.774,0.00,0.00,0.00,3.290,6.798,-4.679,0.00,0.00,0.00,3.778,3.778,3.778
2026-02-04 19:58:12,144.83,28,396,424,6.60%,102.77,1.74%,"[0, 5, 10, 15, 20, 25, 30, 35, 40, 45, 50, 55, 60, 65, 70, 75, 80, 85, 90, 95, 100]","[7, 4, 7, 3, 5, 2, 6, 2, 8, 9, 10, 6, 11, 6, 16, 4, 1016, 15, 14, 462]","[0.0043397396156230625, 0.006819590824550527, 0.011159330440173589, 0.013019218846869188, 0.016119032858028518, 0.01735895846249225, 0.021078735275883446, 0.022318660880347178, 0.02727836329820211, 0.0328580285182889, 0.03905765654060756, 0.04277743335399876, 0.04959702417854929, 0.053316800991940486, 0.06323620582765034, 0.0657160570365778, 0.6955982641041537, 0.7048977061376317, 0.7135771853688778, 1.0]",4.0,2.0,2.0,2.0,2.0,17,-3.73418,8.0,6.0,hrl_dqn_apf,hierarchical,dqn,-3.216,9.621,0.984,0.00,0.00,0.00,-7.472,9.734,-0.751,0.00,0.00,0.00,3.855,6.868,-4.878,0.00,0.00,0.00,3.775,3.775,3.775
2026-02-04 19:58:13,145.83,28,396,424,6.60%,103.08,1.74%,"[0, 5, 10, 15, 20, 25, 30, 35, 40, 45, 50, 55, 60, 65, 70, 75, 80, 85, 90, 95, 100]","[8, 4, 7, 1, 4, 4, 5, 3, 6, 10, 11, 7, 9, 6, 15, 6, 1015, 13, 16, 463]","[0.0049597024178549285, 0.007439553626782393, 0.011779293242405457, 0.012399256044637322, 0.014879107253564786, 0.01735895846249225, 0.02045877247365158, 0.022318660880347178, 0.026038437693738377, 0.032238065716057036, 0.03905765654060756, 0.04339739615623062, 0.048977061376317424, 0.05269683818970862, 0.06199628022318661, 0.0657160570365778, 0.6949783013019218, 0.7030378177309361, 0.712957222566646, 1.0]",4.0,2.0,2.0,2.0,2.0,8,2.42586,8.0,-6.0,hrl_dqn_apf,hierarchical,dqn,-2.654,9.657,1.859,0.00,0.00,0.00,-7.202,9.924,-0.996,0.00,0.00,0.00,3.501,6.978,-5.565,0.00,0.00,0.00,3.772,3.772,3.772
2026-02-04 19:58:14,146.84,28,398,426,6.57%,103.24,1.74%,"[0, 5, 10, 15, 20, 25, 30, 35, 40, 45, 50, 55, 60, 65, 70, 75, 80, 85, 90, 95, 100]","[9, 3, 6, 2, 5, 3, 5, 4, 6, 9, 12, 7, 8, 6, 13, 8, 1015, 11, 14, 467]","[0.005579665220086794, 0.007439553626782393, 0.011159330440173589, 0.012399256044637322, 0.015499070055796652, 0.01735895846249225, 0.02045877247365158, 0.022938623682579044, 0.026658400495970243, 0.032238065716057036, 0.03967761934283943, 0.04401735895846249, 0.048977061376317424, 0.05269683818970862, 0.06075635461872288, 0.0657160570365778, 0.6949783013019218, 0.7017978921264724, 0.7104773713577185, 1.0]",4.0,2.0,2.0,2.0,2.0,8,2.42586,8.0,-6.0,hrl_dqn_apf,hierarchical,dqn,-2.045,9.643,2.239,0.00,0.00,0.00,-7.732,9.955,-1.315,0.00,0.00,0.00,2.838,6.989,-5.631,0.00,0.00,0.00,3.769,3.769,3.769
2026-02-04 19:58:15,147.84,28,396,424,6.60%,103.36,1.74%,"[0, 5, 10, 15, 20, 25, 30, 35, 40, 45, 50, 55, 60, 65, 70, 75, 80, 85, 90, 95, 100]","[8, 3, 6, 3, 4, 4, 3, 5, 5, 9, 13, 7, 7, 8, 12, 9, 1015, 11, 13, 468]","[0.0049597024178549285, 0.006819590824550527, 0.010539367637941723, 0.012399256044637322, 0.014879107253564786, 0.01735895846249225, 0.019218846869187848, 0.022318660880347178, 0.02541847489150651, 0.030998140111593304, 0.03905765654060756, 0.04339739615623062, 0.04773713577185369, 0.05269683818970862, 0.06013639181649101, 0.0657160570365778, 0.6949783013019218, 0.7017978921264724, 0.7098574085554866, 1.0]",4.0,2.0,2.0,2.0,2.0,9,8.58598,8.0,-6.0,hrl_dqn_apf,hierarchical,dqn,-1.657,9.678,2.797,0.00,0.00,0.00,-7.725,10.077,-1.520,0.00,0.00,0.00,2.736,7.129,-5.651,0.00,0.00,0.00,3.766,3.766,3.766
2026-02-04 19:58:16,148.84,28,396,424,6.60%,103.49,1.74%,"[0, 5, 10, 15, 20, 25, 30, 35, 40, 45, 50, 55, 60, 65, 70, 75, 80, 85, 90, 95, 100]","[8, 3, 6, 3, 4, 4, 2, 6, 5, 8, 13, 7, 8, 8, 13, 10, 1013, 9, 14, 469]","[0.0049597024178549285, 0.006819590824550527, 0.010539367637941723, 0.012399256044637322, 0.014879107253564786, 0.01735895846249225, 0.018598884066955982, 0.022318660880347178, 0.02541847489150651, 0.03037817730936144, 0.038437693738375696, 0.04277743335399876, 0.04773713577185369, 0.05269683818970862, 0.06075635461872288, 0.06695598264104154, 0.6949783013019218, 0.7005579665220086, 0.7092374457532548, 1.0]",4.0,2.0,2.0,2.0,2.0,9,8.666319999999999,8.0,-6.0,hrl_dqn_apf,hierarchical,dqn,-1.536,9.680,3.491,0.00,0.00,0.00,-7.209,10.089,-1.526,0.00,0.00,0.00,3.230,7.147,-5.657,0.00,0.00,0.00,3.763,3.763,3.763
2026-02-04 19:58:17,149.84,28,399,427,6.56%,103.68,1.74%,"[0, 5, 10, 15, 20, 25, 30, 35, 40, 45, 50, 55, 60, 65, 70, 75, 80, 85, 90, 95, 100]","[6, 4, 4, 6, 2, 6, 1, 6, 5, 9, 10, 10, 6, 10, 11, 13, 1010, 12, 12, 470]","[0.0037197768133911966, 0.006199628022318661, 0.008679479231246125, 0.012399256044637322, 0.013639181649101054, 0.01735895846249225, 0.017978921264724116, 0.02169869807811531, 0.024798512089274645, 0.03037817730936144, 0.0365778053316801, 0.04277743335399876, 0.04649721016738995, 0.05269683818970862, 0.059516429014259145, 0.0675759454432734, 0.6937383756974581, 0.7011779293242405, 0.7086174829510229, 1.0]",4.0,2.0,2.0,2.0,2.0,9,8.666319999999999,8.0,-6.0,hrl_dqn_apf,hierarchical,dqn,-0.904,9.794,4.342,0.00,0.00,0.00,-6.623,9.611,-1.513,0.00,0.00,0.00,4.659,7.143,-5.658,0.00,0.00,0.00,3.760,3.760,3.760
2026-02-04 19:58:18,150.85,27,400,427,6.32%,103.75,1.67%,"[0, 5, 10, 15, 20, 25, 30, 35, 40, 45, 50, 55, 60, 65, 70, 75, 80, 85, 90, 95, 100]","[5, 6, 4, 7, 1, 4, 4, 5, 4, 8, 11, 10, 7, 10, 9, 13, 1007, 16, 11, 471]","[0.0030998140111593306, 0.006819590824550527, 0.009299442033477991, 0.013639181649101054, 0.01425914445133292, 0.016738995660260384, 0.019218846869187848, 0.022318660880347178, 0.024798512089274645, 0.029758214507129573, 0.0365778053316801, 0.04277743335399876, 0.047117172969621826, 0.053316800991940486, 0.05889646621202728, 0.06695598264104154, 0.6912585244885306, 0.7011779293242405, 0.707997520148791, 1.0]",4.0,2.0,2.0,2.0,2.0,13,2.82639,8.0,0.0,hrl_dqn_apf,hierarchical,dqn,-0.629,9.850,3.992,0.00,0.00,0.00,-6.173,9.643,-1.519,0.00,0.00,0.00,5.411,7.139,-5.657,0.00,0.00,0.00,3.757,3.757,3.757
2026-02-04 19:58:19,151.85,28,399,427,6.56%,103.86,1.74%,"[0, 5, 10, 15, 20, 25, 30, 35, 40, 45, 50, 55, 60, 65, 70, 75, 80, 85, 90, 95, 100]","[5, 6, 3, 7, 2, 5, 3, 5, 5, 8, 11, 11, 7, 9, 9, 12, 1005, 19, 10, 471]","[0.0030998140111593306, 0.006819590824550527, 0.008679479231246125, 0.013019218846869188, 0.01425914445133292, 0.01735895846249225, 0.019218846869187848, 0.022318660880347178, 0.02541847489150651, 0.03037817730936144, 0.037197768133911964, 0.04401735895846249, 0.04835709857408556, 0.05393676379417235, 0.059516429014259145, 0.06695598264104154, 0.6900185988840669, 0.7017978921264724, 0.707997520148791, 1.0]",4.0,2.0,2.0,2.0,2.0,13,2.82639,8.0,0.0,hrl_dqn_apf,hierarchical,dqn,-0.540,9.854,3.351,0.00,0.00,0.00,-5.503,9.647,-1.519,0.00,0.00,0.00,6.170,7.136,-5.656,0.00,0.00,0.00,3.754,3.754,3.754
2026-02-04 19:58:20,152.86,30,403,433,6.93%,103.98,1.86%,"[0, 5, 10, 15, 20, 25, 30, 35, 40, 45, 50, 55, 60, 65, 70, 75, 80, 85, 90, 95, 100]","[7, 6, 4, 5, 3, 5, 2, 4, 5, 7, 11, 11, 7, 7, 12, 11, 1006, 19, 10, 471]","[0.0043397396156230625, 0.008059516429014259, 0.010539367637941723, 0.013639181649101054, 0.015499070055796652, 0.018598884066955982, 0.019838809671419714, 0.022318660880347178, 0.02541847489150651, 0.029758214507129573, 0.0365778053316801, 0.04339739615623062, 0.04773713577185369, 0.052076875387476754, 0.059516429014259145, 0.06633601983880967, 0.6900185988840669, 0.7017978921264724, 0.707997520148791, 1.0]",4.0,2.0,2.0,2.0,2.0,7,-3.01325,8.0,-6.0,hrl_dqn_apf,hierarchical,dqn,-0.513,9.851,2.624,0.00,0.00,0.00,-4.767,9.646,-1.520,0.00,0.00,0.00,6.175,7.210,-5.657,0.00,0.00,0.00,3.751,3.751,3.751
2026-02-04 19:58:21,153.87,30,397,427,7.03%,104.27,1.86%,"[0, 5, 10, 15, 20, 25, 30, 35, 40, 45, 50, 55, 60, 65, 70, 75, 80, 85, 90, 95, 100]","[7, 5, 4, 5, 5, 4, 2, 2, 7, 6, 10, 11, 8, 7, 13, 7, 1005, 18, 11, 476]","[0.0043397396156230625, 0.007439553626782393, 0.009919404835709857, 0.013019218846869188, 0.016119032858028518, 0.018598884066955982, 0.019838809671419714, 0.021078735275883446, 0.02541847489150651, 0.029138251704897707, 0.035337879727216366, 0.04215747055176689, 0.047117172969621826, 0.05145691258524489, 0.059516429014259145, 0.0638561686298822, 0.6869187848729076, 0.6980781153130812, 0.7048977061376317, 1.0]",4.0,2.0,2.0,2.0,2.0,7,-2.85292,8.0,-6.0,hrl_dqn_apf,hierarchical,dqn,-0.501,9.845,1.118,0.00,0.00,0.00,-3.258,9.641,-1.521,0.00,0.00,0.00,4.928,7.219,-5.658,0.00,0.00,0.00,3.748,3.748,3.748
2026-02-04 19:58:22,154.87,28,399,427,6.56%,104.41,1.74%,"[0, 5, 10, 15, 20, 25, 30, 35, 40, 45, 50, 55, 60, 65, 70, 75, 80, 85, 90, 95, 100]","[8, 5, 4, 4, 5, 2, 4, 2, 7, 6, 11, 8, 10, 6, 15, 7, 1005, 18, 11, 475]","[0.0049597024178549285, 0.008059516429014259, 0.010539367637941723, 0.013019218846869188, 0.016119032858028518, 0.01735895846249225, 0.019838809671419714, 0.021078735275883446, 0.02541847489150651, 0.029138251704897707, 0.03595784252944823, 0.04091754494730316, 0.047117172969621826, 0.05083694978301302, 0.06013639181649101, 0.06447613143211407, 0.6875387476751394, 0.698698078115313, 0.7055176689398636, 1.0]",4.0,2.0,2.0,2.0,2.0,7,-2.85292,8.0,-6.0,hrl_dqn_apf,hierarchical,dqn,-0.497,9.856,0.366,0.00,0.00,0.00,-2.512,9.652,-1.527,0.00,0.00,0.00,4.184,7.216,-5.658,0.00,0.00,0.00,3.745,3.745,3.745
2026-02-04 19:58:23,155.88,27,401,428,6.31%,104.56,1.67%,"[0, 5, 10, 15, 20, 25, 30, 35, 40, 45, 50, 55, 60, 65, 70, 75, 80, 85, 90, 95, 100]","[8, 4, 4, 5, 5, 1, 3, 3, 6, 7, 9, 11, 10, 6, 14, 7, 1004, 15, 15, 476]","[0.0049597024178549285, 0.007439553626782393, 0.009919404835709857, 0.013019218846869188, 0.016119032858028518, 0.016738995660260384, 0.018598884066955982, 0.02045877247365158, 0.02417854928704278, 0.02851828890266584, 0.034097954122752634, 0.04091754494730316, 0.047117172969621826, 0.05083694978301302, 0.059516429014259145, 0.0638561686298822, 0.6862988220706757, 0.6955982641041537, 0.7048977061376317, 1.0]",4.0,2.0,2.0,2.0,2.0,12,-2.69361,8.0,0.0,hrl_dqn_apf,hierarchical,dqn,-0.267,10.003,0.138,0.00,0.00,0.00,-2.324,9.754,-1.761,0.00,0.00,0.00,3.428,7.213,-5.659,0.00,0.00,0.00,3.742,3.742,3.742
2026-02-04 19:58:24,156.89,28,396,424,6.60%,104.70,1.74%,"[0, 5, 10, 15, 20, 25, 30, 35, 40, 45, 50, 55, 60, 65, 70, 75, 80, 85, 90, 95, 100]","[9, 2, 6, 4, 7, 0, 3, 2, 6, 8, 9, 10, 10, 8, 13, 6, 1004, 14, 16, 476]","[0.005579665220086794, 0.006819590824550527, 0.010539367637941723, 0.013019218846869188, 0.01735895846249225, 0.01735895846249225, 0.019218846869187848, 0.02045877247365158, 0.02417854928704278, 0.029138251704897707, 0.0347179169249845, 0.04091754494730316, 0.047117172969621826, 0.052076875387476754, 0.06013639181649101, 0.0638561686298822, 0.6862988220706757, 0.6949783013019218, 0.7048977061376317, 1.0]",4.0,2.0,2.0,2.0,2.0,0,-14.53268,8.0,-12.0,hrl_dqn_apf,hierarchical,dqn,0.188,10.049,0.426,0.00,0.00,0.00,-2.645,9.740,-2.200,0.00,0.00,0.00,2.668,7.210,-5.660,0.00,0.00,0.00,3.739,3.739,3.739
2026-02-04 19:58:25,157.89,30,396,426,7.04%,104.93,1.86%,"[0, 5, 10, 15, 20, 25, 30, 35, 40, 45, 50, 55, 60, 65, 70, 75, 80, 85, 90, 95, 100]","[10, 3, 6, 3, 5, 3, 3, 2, 3, 8, 11, 8, 11, 8, 11, 9, 995, 21, 16, 477]","[0.006199628022318661, 0.008059516429014259, 0.011779293242405457, 0.013639181649101054, 0.016738995660260384, 0.018598884066955982, 0.02045877247365158, 0.02169869807811531, 0.023558586484810913, 0.02851828890266584, 0.035337879727216366, 0.040297582145071294, 0.047117172969621826, 0.052076875387476754, 0.05889646621202728, 0.06447613143211407, 0.6813391196528208, 0.69435833849969, 0.7042777433353998, 1.0]",4.0,2.0,2.0,2.0,2.0,0,-14.53268,8.0,-12.0,hrl_dqn_apf,hierarchical,dqn,1.253,9.952,1.371,0.00,0.00,0.00,-3.648,9.746,-3.144,0.00,0.00,0.00,1.145,7.204,-5.663,0.00,0.00,0.00,3.736,3.736,3.736
2026-02-04 19:58:26,158.90,32,392,424,7.55%,104.99,1.98%,"[0, 5, 10, 15, 20, 25, 30, 35, 40, 45, 50, 55, 60, 65, 70, 75, 80, 85, 90, 95, 100]","[8, 4, 6, 4, 6, 4, 3, 2, 3, 8, 10, 7, 11, 7, 11, 10, 995, 18, 17, 479]","[0.0049597024178549285, 0.007439553626782393, 0.011159330440173589, 0.013639181649101054, 0.01735895846249225, 0.019838809671419714, 0.02169869807811531, 0.022938623682579044, 0.024798512089274645, 0.029758214507129573, 0.03595784252944823, 0.040297582145071294, 0.047117172969621826, 0.05145691258524489, 0.05827650340979541, 0.06447613143211407, 0.6813391196528208, 0.6924984500929944, 0.7030378177309361, 1.0]",4.0,2.0,2.0,2.0,2.0,21,-8.37195,8.0,12.0,hrl_dqn_apf,hierarchical,dqn,1.518,9.613,1.621,0.00,0.00,0.00,-3.892,9.833,-2.920,0.00,0.00,0.00,0.367,7.201,-5.664,0.00,0.00,0.00,3.733,3.733,3.733
2026-02-04 19:58:27,159.90,32,390,422,7.58%,105.05,1.98%,"[0, 5, 10, 15, 20, 25, 30, 35, 40, 45, 50, 55, 60, 65, 70, 75, 80, 85, 90, 95, 100]","[8, 5, 5, 5, 4, 5, 1, 5, 3, 8, 8, 9, 9, 9, 10, 11, 994, 17, 17, 480]","[0.0049597024178549285, 0.008059516429014259, 0.011159330440173589, 0.01425914445133292, 0.016738995660260384, 0.019838809671419714, 0.02045877247365158, 0.023558586484810913, 0.02541847489150651, 0.03037817730936144, 0.035337879727216366, 0.04091754494730316, 0.04649721016738995, 0.052076875387476754, 0.05827650340979541, 0.06509609423434594, 0.6813391196528208, 0.6918784872907625, 0.7024178549287042, 1.0]",4.0,2.0,2.0,2.0,2.0,20,-14.21196,8.0,12.0,hrl_dqn_apf,hierarchical,dqn,1.591,9.648,2.019,0.00,0.00,0.00,-3.968,9.840,-2.316,0.00,0.00,0.00,-0.393,7.198,-5.665,0.00,0.00,0.00,3.730,3.730,3.730
2026-02-04 19:58:28,160.91,32,392,424,7.55%,105.16,1.98%,"[0, 5, 10, 15, 20, 25, 30, 35, 40, 45, 50, 55, 60, 65, 70, 75, 80, 85, 90, 95, 100]","[8, 5, 4, 5, 5, 5, 1, 5, 3, 7, 10, 8, 9, 10, 10, 10, 995, 16, 18, 479]","[0.0049597024178549285, 0.008059516429014259, 0.010539367637941723, 0.013639181649101054, 0.016738995660260384, 0.019838809671419714, 0.02045877247365158, 0.023558586484810913, 0.02541847489150651, 0.029758214507129573, 0.03595784252944823, 0.04091754494730316, 0.04649721016738995, 0.05269683818970862, 0.05889646621202728, 0.06509609423434594, 0.6819590824550527, 0.6918784872907625, 0.7030378177309361, 1.0]",4.0,2.0,2.0,2.0,2.0,20,-14.21196,8.0,12.0,hrl_dqn_apf,hierarchical,dqn,1.614,9.655,2.671,0.00,0.00,0.00,-3.991,9.837,-1.597,0.00,0.00,0.00,-1.156,7.195,-5.666,0.00,0.00,0.00,3.727,3.727,3.727
2026-02-04 19:58:29,161.92,31,393,424,7.31%,105.32,1.92%,"[0, 5, 10, 15, 20, 25, 30, 35, 40, 45, 50, 55, 60, 65, 70, 75, 80, 85, 90, 95, 100]","[6, 7, 2, 7, 4, 5, 2, 3, 4, 7, 10, 7, 10, 10, 12, 10, 992, 15, 15, 485]","[0.0037197768133911966, 0.008059516429014259, 0.009299442033477991, 0.013639181649101054, 0.016119032858028518, 0.019218846869187848, 0.02045877247365158, 0.022318660880347178, 0.024798512089274645, 0.029138251704897707, 0.035337879727216366, 0.03967761934283943, 0.04587724736515809, 0.052076875387476754, 0.059516429014259145, 0.0657160570365778, 0.6807191568505889, 0.6900185988840669, 0.6993180409175449, 1.0]",4.0,2.0,2.0,2.0,2.0,9,9.94835,8.0,-6.0,hrl_dqn_apf,hierarchical,dqn,1.079,9.779,3.540,0.00,0.00,0.00,-4.000,9.831,-0.091,0.00,0.00,0.00,-1.432,7.372,-5.667,0.00,0.00,0.00,3.724,3.724,3.724
2026-02-04 19:58:30,162.92,32,396,428,7.48%,105.39,1.98%,"[0, 5, 10, 15, 20, 25, 30, 35, 40, 45, 50, 55, 60, 65, 70, 75, 80, 85, 90, 95, 100]","[6, 8, 4, 6, 3, 5, 3, 3, 4, 5, 11, 8, 8, 11, 13, 8, 991, 12, 20, 484]","[0.0037197768133911966, 0.008679479231246125, 0.011159330440173589, 0.014879107253564786, 0.016738995660260384, 0.019838809671419714, 0.02169869807811531, 0.023558586484810913, 0.026038437693738377, 0.029138251704897707, 0.03595784252944823, 0.04091754494730316, 0.04587724736515809, 0.05269683818970862, 0.06075635461872288, 0.0657160570365778, 0.6800991940483571, 0.6875387476751394, 0.6999380037197768, 1.0]",4.0,2.0,2.0,2.0,2.0,14,10.10877,8.0,0.0,hrl_dqn_apf,hierarchical,dqn,1.241,9.864,3.614,0.00,0.00,0.00,-4.000,9.828,0.671,0.00,0.00,0.00,-0.814,7.376,-5.667,0.00,0.00,0.00,3.721,3.721,3.721
2026-02-04 19:58:31,163.92,34,394,428,7.94%,105.53,2.11%,"[0, 5, 10, 15, 20, 25, 30, 35, 40, 45, 50, 55, 60, 65, 70, 75, 80, 85, 90, 95, 100]","[7, 6, 5, 5, 4, 7, 3, 3, 4, 5, 10, 8, 7, 11, 13, 8, 991, 13, 16, 487]","[0.0043397396156230625, 0.008059516429014259, 0.011159330440173589, 0.01425914445133292, 0.016738995660260384, 0.021078735275883446, 0.022938623682579044, 0.024798512089274645, 0.02727836329820211, 0.03037817730936144, 0.0365778053316801, 0.041537507749535026, 0.04587724736515809, 0.05269683818970862, 0.06075635461872288, 0.0657160570365778, 0.6800991940483571, 0.6881587104773713, 0.6980781153130812, 1.0]",4.0,2.0,2.0,2.0,2.0,14,10.10877,8.0,0.0,hrl_dqn_apf,hierarchical,dqn,1.823,9.871,3.637,0.00,0.00,0.00,-4.000,9.825,1.431,0.00,0.00,0.00,-0.093,7.373,-5.667,0.00,0.00,0.00,3.718,3.718,3.718
2026-02-04 19:58:32,164.93,34,393,427,7.96%,105.81,2.11%,"[0, 5, 10, 15, 20, 25, 30, 35, 40, 45, 50, 55, 60, 65, 70, 75, 80, 85, 90, 95, 100]","[10, 6, 5, 5, 3, 5, 5, 1, 4, 5, 10, 8, 7, 8, 15, 7, 986, 17, 16, 490]","[0.006199628022318661, 0.009919404835709857, 0.013019218846869188, 0.016119032858028518, 0.017978921264724116, 0.021078735275883446, 0.02417854928704278, 0.024798512089274645, 0.02727836329820211, 0.03037817730936144, 0.0365778053316801, 0.041537507749535026, 0.04587724736515809, 0.05083694978301302, 0.06013639181649101, 0.06447613143211407, 0.675759454432734, 0.6862988220706757, 0.6962182269063856, 1.0]",4.0,2.0,2.0,2.0,2.0,24,10.26877,8.0,12.0,hrl_dqn_apf,hierarchical,dqn,3.272,9.865,3.647,0.00,0.00,0.00,-3.196,9.913,2.155,0.00,0.00,0.00,1.303,7.423,-5.561,0.00,0.00,0.00,3.715,3.715,3.715
2026-02-04 19:58:33,165.93,33,394,427,7.73%,105.96,2.05%,"[0, 5, 10, 15, 20, 25, 30, 35, 40, 45, 50, 55, 60, 65, 70, 75, 80, 85, 90, 95, 100]","[10, 6, 6, 2, 5, 4, 7, 0, 4, 6, 9, 8, 6, 9, 14, 9, 984, 17, 17, 490]","[0.006199628022318661, 0.009919404835709857, 0.013639181649101054, 0.014879107253564786, 0.017978921264724116, 0.02045877247365158, 0.024798512089274645, 0.024798512089274645, 0.02727836329820211, 0.030998140111593304, 0.0365778053316801, 0.041537507749535026, 0.04525728456292622, 0.05083694978301302, 0.059516429014259145, 0.06509609423434594, 0.6751394916305021, 0.6856788592684439, 0.6962182269063856, 1.0]",4.0,2.0,2.0,2.0,2.0,19,10.42874,8.0,6.0,hrl_dqn_apf,hierarchical,dqn,4.029,9.862,3.647,0.00,0.00,0.00,-2.485,9.912,2.213,0.00,0.00,0.00,1.565,7.455,-5.052,0.00,0.00,0.00,3.712,3.712,3.712
2026-02-04 19:58:34,166.93,33,394,427,7.73%,106.08,2.05%,"[0, 5, 10, 15, 20, 25, 30, 35, 40, 45, 50, 55, 60, 65, 70, 75, 80, 85, 90, 95, 100]","[8, 7, 7, 3, 5, 3, 5, 3, 4, 5, 9, 9, 6, 9, 13, 10, 983, 16, 17, 491]","[0.0049597024178549285, 0.009299442033477991, 0.013639181649101054, 0.015499070055796652, 0.018598884066955982, 0.02045877247365158, 0.023558586484810913, 0.02541847489150651, 0.027898326100433975, 0.030998140111593304, 0.0365778053316801, 0.04215747055176689, 0.04587724736515809, 0.05145691258524489, 0.059516429014259145, 0.0657160570365778, 0.6751394916305021, 0.685058896466212, 0.6955982641041537, 1.0]",4.0,2.0,2.0,2.0,2.0,19,10.42874,8.0,6.0,hrl_dqn_apf,hierarchical,dqn,4.777,9.875,3.647,0.00,0.00,0.00,-1.739,9.909,2.230,0.00,0.00,0.00,1.647,7.455,-4.363,0.00,0.00,0.00,3.709,3.709,3.709
2026-02-04 19:58:35,167.93,34,393,427,7.96%,106.17,2.11%,"[0, 5, 10, 15, 20, 25, 30, 35, 40, 45, 50, 55, 60, 65, 70, 75, 80, 85, 90, 95, 100]","[9, 7, 7, 3, 6, 2, 5, 3, 4, 5, 7, 10, 6, 8, 14, 10, 978, 19, 11, 499]","[0.005579665220086794, 0.009919404835709857, 0.01425914445133292, 0.016119032858028518, 0.019838809671419714, 0.021078735275883446, 0.02417854928704278, 0.026038437693738377, 0.02851828890266584, 0.03161810291382517, 0.03595784252944823, 0.04215747055176689, 0.04587724736515809, 0.05083694978301302, 0.059516429014259145, 0.0657160570365778, 0.6720396776193428, 0.6838189708617483, 0.6906385616862988, 1.0]",4.0,2.0,2.0,2.0,2.0,16,-7.49076,8.0,6.0,hrl_dqn_apf,hierarchical,dqn,4.895,10.022,3.647,0.00,0.00,0.00,-0.982,9.906,2.236,0.00,0.00,0.00,1.672,7.453,-3.622,0.00,0.00,0.00,3.706,3.706,3.706
2026-02-04 19:58:37,168.93,34,394,428,7.94%,106.41,2.11%,"[0, 5, 10, 15, 20, 25, 30, 35, 40, 45, 50, 55, 60, 65, 70, 75, 80, 85, 90, 95, 100]","[11, 5, 7, 3, 4, 4, 4, 5, 3, 7, 7, 9, 6, 8, 12, 12, 974, 23, 10, 499]","[0.006819590824550527, 0.009919404835709857, 0.01425914445133292, 0.016119032858028518, 0.018598884066955982, 0.021078735275883446, 0.023558586484810913, 0.026658400495970243, 0.02851828890266584, 0.0328580285182889, 0.037197768133911964, 0.04277743335399876, 0.04649721016738995, 0.05145691258524489, 0.05889646621202728, 0.06633601983880967, 0.6701797892126472, 0.6844389336639801, 0.6906385616862988, 1.0]",4.0,2.0,2.0,2.0,2.0,21,-7.33067,8.0,12.0,hrl_dqn_apf,hierarchical,dqn,3.825,9.792,3.647,0.00,0.00,0.00,-0.258,9.993,3.049,0.00,0.00,0.00,1.680,7.446,-2.108,0.00,0.00,0.00,3.703,3.703,3.703
2026-02-04 19:58:38,169.94,33,393,426,7.75%,106.55,2.05%,"[0, 5, 10, 15, 20, 25, 30, 35, 40, 45, 50, 55, 60, 65, 70, 75, 80, 85, 90, 95, 100]","[8, 8, 6, 4, 4, 3, 5, 5, 2, 8, 7, 9, 7, 7, 13, 11, 975, 16, 15, 500]","[0.0049597024178549285, 0.009919404835709857, 0.013639181649101054, 0.016119032858028518, 0.018598884066955982, 0.02045877247365158, 0.023558586484810913, 0.026658400495970243, 0.027898326100433975, 0.0328580285182889, 0.037197768133911964, 0.04277743335399876, 0.047117172969621826, 0.05145691258524489, 0.059516429014259145, 0.06633601983880967, 0.6707997520148791, 0.6807191568505889, 0.6900185988840669, 1.0]",4.0,2.0,2.0,2.0,2.0,21,-7.33067,8.0,12.0,hrl_dqn_apf,hierarchical,dqn,3.632,9.573,3.654,0.00,0.00,0.00,-0.248,10.044,3.707,0.00,0.00,0.00,1.641,7.477,-1.387,0.00,0.00,0.00,3.700,3.700,3.700
2026-02-04 19:58:39,170.94,33,391,424,7.78%,106.69,2.05%,"[0, 5, 10, 15, 20, 25, 30, 35, 40, 45, 50, 55, 60, 65, 70, 75, 80, 85, 90, 95, 100]","[7, 8, 7, 4, 2, 5, 4, 6, 1, 8, 8, 8, 8, 5, 15, 11, 976, 14, 16, 500]","[0.0043397396156230625, 0.009299442033477991, 0.013639181649101054, 0.016119032858028518, 0.01735895846249225, 0.02045877247365158, 0.022938623682579044, 0.026658400495970243, 0.02727836329820211, 0.032238065716057036, 0.037197768133911964, 0.04215747055176689, 0.047117172969621826, 0.050216986980781156, 0.059516429014259145, 0.06633601983880967, 0.6714197148171109, 0.6800991940483571, 0.6900185988840669, 1.0]",4.0,2.0,2.0,2.0,2.0,10,-13.17026,8.0,0.0,hrl_dqn_apf,hierarchical,dqn,3.990,9.598,3.716,0.00,0.00,0.00,-0.666,10.125,3.958,0.00,0.00,0.00,1.217,7.529,-1.045,0.00,0.00,0.00,3.697,3.697,3.697
2026-02-04 19:58:40,171.95,33,393,426,7.75%,106.85,2.05%,"[0, 5, 10, 15, 20, 25, 30, 35, 40, 45, 50, 55, 60, 65, 70, 75, 80, 85, 90, 95, 100]","[6, 7, 7, 5, 3, 5, 3, 6, 2, 7, 8, 8, 9, 5, 15, 9, 972, 21, 16, 499]","[0.0037197768133911966, 0.008059516429014259, 0.012399256044637322, 0.015499070055796652, 0.01735895846249225, 0.02045877247365158, 0.022318660880347178, 0.026038437693738377, 0.02727836329820211, 0.03161810291382517, 0.0365778053316801, 0.041537507749535026, 0.047117172969621826, 0.050216986980781156, 0.059516429014259145, 0.06509609423434594, 0.6676999380037197, 0.6807191568505889, 0.6906385616862988, 1.0]",4.0,2.0,2.0,2.0,2.0,4,10.99028,8.0,-12.0,hrl_dqn_apf,hierarchical,dqn,4.649,9.554,3.764,0.00,0.00,0.00,-1.345,10.176,4.013,0.00,0.00,0.00,0.536,7.532,-0.935,0.00,0.00,0.00,3.694,3.694,3.694
2026-02-04 19:58:41,172.95,35,389,424,8.25%,106.94,2.17%,"[0, 5, 10, 15, 20, 25, 30, 35, 40, 45, 50, 55, 60, 65, 70, 75, 80, 85, 90, 95, 100]","[5, 8, 7, 6, 4, 5, 3, 5, 3, 6, 9, 7, 9, 6, 15, 9, 972, 14, 18, 502]","[0.0030998140111593306, 0.008059516429014259, 0.012399256044637322, 0.016119032858028518, 0.018598884066955982, 0.02169869807811531, 0.023558586484810913, 0.026658400495970243, 0.02851828890266584, 0.032238065716057036, 0.03781773093614383, 0.04215747055176689, 0.04773713577185369, 0.05145691258524489, 0.06075635461872288, 0.06633601983880967, 0.6689398636081835, 0.6776193428394296, 0.6887786732796032, 1.0]",4.0,2.0,2.0,2.0,2.0,4,10.99028,8.0,-12.0,hrl_dqn_apf,hierarchical,dqn,5.377,9.508,3.764,0.00,0.00,0.00,-2.078,10.219,4.045,0.00,0.00,0.00,-0.198,7.530,-0.903,0.00,0.00,0.00,3.691,3.691,3.691
2026-02-04 19:58:42,173.95,34,390,424,8.02%,107.12,2.11%,"[0, 5, 10, 15, 20, 25, 30, 35, 40, 45, 50, 55, 60, 65, 70, 75, 80, 85, 90, 95, 100]","[8, 7, 5, 6, 4, 4, 4, 4, 5, 6, 9, 6, 9, 6, 14, 10, 971, 12, 22, 501]","[0.0049597024178549285, 0.009299442033477991, 0.012399256044637322, 0.016119032858028518, 0.018598884066955982, 0.021078735275883446, 0.023558586484810913, 0.026038437693738377, 0.029138251704897707, 0.0328580285182889, 0.038437693738375696, 0.04215747055176689, 0.04773713577185369, 0.05145691258524489, 0.06013639181649101, 0.06633601983880967, 0.6683199008059516, 0.675759454432734, 0.689398636081835, 1.0]",4.0,2.0,2.0,2.0,2.0,8,5.15272,8.0,-6.0,hrl_dqn_apf,hierarchical,dqn,6.258,9.579,3.088,0.00,0.00,0.00,-2.939,9.771,4.026,0.00,0.00,0.00,-1.712,7.524,-0.891,0.00,0.00,0.00,3.688,3.688,3.688
2026-02-04 19:58:43,174.95,34,392,426,7.98%,107.23,2.11%,"[0, 5, 10, 15, 20, 25, 30, 35, 40, 45, 50, 55, 60, 65, 70, 75, 80, 85, 90, 95, 100]","[7, 6, 7, 6, 3, 5, 4, 4, 5, 4, 11, 5, 10, 6, 13, 10, 971, 13, 16, 507]","[0.0043397396156230625, 0.008059516429014259, 0.012399256044637322, 0.016119032858028518, 0.017978921264724116, 0.021078735275883446, 0.023558586484810913, 0.026038437693738377, 0.029138251704897707, 0.03161810291382517, 0.038437693738375696, 0.041537507749535026, 0.04773713577185369, 0.05145691258524489, 0.059516429014259145, 0.0657160570365778, 0.6676999380037197, 0.675759454432734, 0.6856788592684439, 1.0]",4.0,2.0,2.0,2.0,2.0,8,5.31284,8.0,-6.0,hrl_dqn_apf,hierarchical,dqn,6.335,9.580,2.392,0.00,0.00,0.00,-3.005,9.804,3.566,0.00,0.00,0.00,-2.456,7.541,-0.891,0.00,0.00,0.00,3.685,3.685,3.685
2026-02-04 19:58:44,175.95,32,392,424,7.55%,107.32,1.98%,"[0, 5, 10, 15, 20, 25, 30, 35, 40, 45, 50, 55, 60, 65, 70, 75, 80, 85, 90, 95, 100]","[8, 3, 8, 6, 4, 3, 5, 5, 6, 4, 10, 7, 8, 8, 10, 13, 969, 15, 13, 508]","[0.0049597024178549285, 0.006819590824550527, 0.011779293242405457, 0.015499070055796652, 0.017978921264724116, 0.019838809671419714, 0.022938623682579044, 0.026038437693738377, 0.029758214507129573, 0.032238065716057036, 0.038437693738375696, 0.04277743335399876, 0.04773713577185369, 0.05269683818970862, 0.05889646621202728, 0.06695598264104154, 0.6676999380037197, 0.6769993800371977, 0.685058896466212, 1.0]",4.0,2.0,2.0,2.0,2.0,8,5.31284,8.0,-6.0,hrl_dqn_apf,hierarchical,dqn,6.359,9.577,1.649,0.00,0.00,0.00,-3.026,9.808,2.892,0.00,0.00,0.00,-2.547,7.685,-0.892,0.00,0.00,0.00,3.682,3.682,3.682
2026-02-04 19:58:45,176.96,32,394,426,7.51%,107.48,1.98%,"[0, 5, 10, 15, 20, 25, 30, 35, 40, 45, 50, 55, 60, 65, 70, 75, 80, 85, 90, 95, 100]","[7, 4, 7, 6, 5, 3, 5, 3, 8, 5, 9, 7, 8, 8, 11, 12, 966, 13, 19, 507]","[0.0043397396156230625, 0.006819590824550527, 0.011159330440173589, 0.014879107253564786, 0.017978921264724116, 0.019838809671419714, 0.022938623682579044, 0.024798512089274645, 0.029758214507129573, 0.0328580285182889, 0.038437693738375696, 0.04277743335399876, 0.04773713577185369, 0.05269683818970862, 0.059516429014259145, 0.06695598264104154, 0.6658400495970241, 0.6738995660260384, 0.6856788592684439, 1.0]",4.0,2.0,2.0,2.0,2.0,20,-12.52679,8.0,12.0,hrl_dqn_apf,hierarchical,dqn,6.148,9.650,1.107,0.00,0.00,0.00,-3.033,9.806,2.155,0.00,0.00,0.00,-2.050,7.703,-0.892,0.00,0.00,0.00,3.679,3.679,3.679
2026-02-04 19:58:46,177.96,32,395,427,7.49%,107.81,1.98%,"[0, 5, 10, 15, 20, 25, 30, 35, 40, 45, 50, 55, 60, 65, 70, 75, 80, 85, 90, 95, 100]","[7, 5, 5, 5, 7, 3, 6, 2, 7, 6, 8, 8, 6, 8, 12, 12, 965, 14, 13, 514]","[0.0043397396156230625, 0.007439553626782393, 0.010539367637941723, 0.013639181649101054, 0.017978921264724116, 0.019838809671419714, 0.023558586484810913, 0.024798512089274645, 0.029138251704897707, 0.0328580285182889, 0.03781773093614383, 0.04277743335399876, 0.04649721016738995, 0.05145691258524489, 0.05889646621202728, 0.06633601983880967, 0.6646001239925604, 0.6732796032238065, 0.6813391196528208, 1.0]",4.0,2.0,2.0,2.0,2.0,21,-6.36662,8.0,12.0,hrl_dqn_apf,hierarchical,dqn,4.854,9.664,0.863,0.00,0.00,0.00,-3.259,10.381,1.960,0.00,0.00,0.00,-1.043,7.358,-1.486,0.00,0.00,0.00,3.676,3.676,3.676
2026-02-04 19:58:47,178.96,32,395,427,7.49%,107.93,1.98%,"[0, 5, 10, 15, 20, 25, 30, 35, 40, 45, 50, 55, 60, 65, 70, 75, 80, 85, 90, 95, 100]","[7, 5, 4, 6, 6, 4, 5, 3, 7, 6, 9, 8, 6, 8, 12, 11, 960, 18, 12, 516]","[0.0043397396156230625, 0.007439553626782393, 0.009919404835709857, 0.013639181649101054, 0.01735895846249225, 0.019838809671419714, 0.022938623682579044, 0.024798512089274645, 0.029138251704897707, 0.0328580285182889, 0.038437693738375696, 0.04339739615623062, 0.047117172969621826, 0.052076875387476754, 0.059516429014259145, 0.06633601983880967, 0.6615003099814011, 0.6726596404215747, 0.6800991940483571, 1.0]",4.0,2.0,2.0,2.0,2.0,21,-6.36662,8.0,12.0,hrl_dqn_apf,hierarchical,dqn,4.121,9.661,0.846,0.00,0.00,0.00,-3.563,10.506,2.497,0.00,0.00,0.00,-0.676,7.165,-2.075,0.00,0.00,0.00,3.673,3.673,3.673
2026-02-04 19:58:48,179.96,31,396,427,7.26%,108.04,1.92%,"[0, 5, 10, 15, 20, 25, 30, 35, 40, 45, 50, 55, 60, 65, 70, 75, 80, 85, 90, 95, 100]","[6, 5, 5, 6, 6, 3, 5, 4, 6, 8, 7, 10, 6, 8, 11, 11, 957, 21, 13, 515]","[0.0037197768133911966, 0.006819590824550527, 0.009919404835709857, 0.013639181649101054, 0.01735895846249225, 0.019218846869187848, 0.022318660880347178, 0.024798512089274645, 0.02851828890266584, 0.03347799132052077, 0.03781773093614383, 0.04401735895846249, 0.04773713577185369, 0.05269683818970862, 0.059516429014259145, 0.06633601983880967, 0.6596404215747055, 0.6726596404215747, 0.6807191568505889, 1.0]",4.0,2.0,2.0,2.0,2.0,17,-0.20657,8.0,6.0,hrl_dqn_apf,hierarchical,dqn,3.365,9.658,0.840,0.00,0.00,0.00,-3.764,10.095,2.836,0.00,0.00,0.00,-0.454,7.304,-2.092,0.00,0.00,0.00,3.670,3.670,3.670
2026-02-04 19:58:49,180.97,33,394,427,7.73%,108.14,2.05%,"[0, 5, 10, 15, 20, 25, 30, 35, 40, 45, 50, 55, 60, 65, 70, 75, 80, 85, 90, 95, 100]","[8, 5, 3, 7, 6, 4, 4, 4, 7, 8, 5, 10, 6, 8, 13, 9, 959, 20, 13, 514]","[0.0049597024178549285, 0.008059516429014259, 0.009919404835709857, 0.01425914445133292, 0.017978921264724116, 0.02045877247365158, 0.022938623682579044, 0.02541847489150651, 0.029758214507129573, 0.0347179169249845, 0.03781773093614383, 0.04401735895846249, 0.04773713577185369, 0.05269683818970862, 0.06075635461872288, 0.06633601983880967, 0.6608803471791692, 0.6732796032238065, 0.6813391196528208, 1.0]",4.0,2.0,2.0,2.0,2.0,17,-0.20657,8.0,6.0,hrl_dqn_apf,hierarchical,dqn,2.605,9.655,0.838,0.00,0.00,0.00,-3.830,9.681,2.946,0.00,0.00,0.00,-0.381,7.325,-1.572,0.00,0.00,0.00,3.667,3.667,3.667
2026-02-04 19:58:50,181.98,33,394,427,7.73%,108.52,2.05%,"[0, 5, 10, 15, 20, 25, 30, 35, 40, 45, 50, 55, 60, 65, 70, 75, 80, 85, 90, 95, 100]","[9, 3, 5, 5, 6, 5, 4, 5, 5, 9, 6, 7, 8, 7, 12, 9, 954, 21, 12, 521]","[0.005579665220086794, 0.007439553626782393, 0.010539367637941723, 0.013639181649101054, 0.01735895846249225, 0.02045877247365158, 0.022938623682579044, 0.026038437693738377, 0.029138251704897707, 0.0347179169249845, 0.038437693738375696, 0.04277743335399876, 0.04773713577185369, 0.052076875387476754, 0.059516429014259145, 0.06509609423434594, 0.6565406075635462, 0.6695598264104153, 0.6769993800371977, 1.0]",4.0,2.0,2.0,2.0,2.0,8,5.95397,8.0,-6.0,hrl_dqn_apf,hierarchical,dqn,2.217,10.187,1.245,0.00,0.00,0.00,-3.799,9.645,3.611,0.00,0.00,0.00,-0.841,7.081,-1.152,0.00,0.00,0.00,3.664,3.664,3.664
2026-02-04 19:58:51,182.98,33,395,428,7.71%,108.72,2.05%,"[0, 5, 10, 15, 20, 25, 30, 35, 40, 45, 50, 55, 60, 65, 70, 75, 80, 85, 90, 95, 100]","[8, 3, 5, 6, 4, 7, 3, 6, 3, 10, 7, 7, 8, 5, 13, 10, 953, 22, 12, 521]","[0.0049597024178549285, 0.006819590824550527, 0.009919404835709857, 0.013639181649101054, 0.016119032858028518, 0.02045877247365158, 0.022318660880347178, 0.026038437693738377, 0.027898326100433975, 0.034097954122752634, 0.038437693738375696, 0.04277743335399876, 0.04773713577185369, 0.05083694978301302, 0.05889646621202728, 0.06509609423434594, 0.6559206447613143, 0.6695598264104153, 0.6769993800371977, 1.0]",4.0,2.0,2.0,2.0,2.0,4,12.11394,8.0,-12.0,hrl_dqn_apf,hierarchical,dqn,2.698,10.349,1.690,0.00,0.00,0.00,-3.329,9.686,3.868,0.00,0.00,0.00,-1.389,6.881,-1.509,0.00,0.00,0.00,3.660,3.660,3.660
2026-02-04 19:58:52,183.98,31,395,426,7.28%,108.87,1.92%,"[0, 5, 10, 15, 20, 25, 30, 35, 40, 45, 50, 55, 60, 65, 70, 75, 80, 85, 90, 95, 100]","[8, 3, 4, 5, 6, 5, 5, 4, 4, 11, 7, 7, 8, 5, 13, 10, 952, 17, 17, 522]","[0.0049597024178549285, 0.006819590824550527, 0.009299442033477991, 0.012399256044637322, 0.016119032858028518, 0.019218846869187848, 0.022318660880347178, 0.024798512089274645, 0.02727836329820211, 0.034097954122752634, 0.038437693738375696, 0.04277743335399876, 0.04773713577185369, 0.05083694978301302, 0.05889646621202728, 0.06509609423434594, 0.6553006819590824, 0.6658400495970241, 0.6763794172349659, 1.0]",4.0,2.0,2.0,2.0,2.0,4,12.11394,8.0,-12.0,hrl_dqn_apf,hierarchical,dqn,3.008,9.949,1.957,0.00,0.00,0.00,-2.668,9.689,3.945,0.00,0.00,0.00,-1.704,6.992,-1.403,0.00,0.00,0.00,3.658,3.658,3.658
2026-02-04 19:58:53,184.99,31,391,422,7.35%,109.03,1.92%,"[0, 5, 10, 15, 20, 25, 30, 35, 40, 45, 50, 55, 60, 65, 70, 75, 80, 85, 90, 95, 100]","[7, 3, 4, 5, 6, 6, 5, 4, 5, 9, 9, 5, 10, 5, 13, 9, 953, 13, 19, 523]","[0.0043397396156230625, 0.006199628022318661, 0.008679479231246125, 0.011779293242405457, 0.015499070055796652, 0.019218846869187848, 0.022318660880347178, 0.024798512089274645, 0.027898326100433975, 0.03347799132052077, 0.03905765654060756, 0.04215747055176689, 0.04835709857408556, 0.05145691258524489, 0.059516429014259145, 0.06509609423434594, 0.6559206447613143, 0.6639801611903285, 0.675759454432734, 1.0]",4.0,2.0,2.0,2.0,2.0,1,-5.80594,8.0,-12.0,hrl_dqn_apf,hierarchical,dqn,3.110,9.556,2.045,0.00,0.00,0.00,-2.188,9.762,3.748,0.00,0.00,0.00,-1.806,7.078,-1.280,0.00,0.00,0.00,3.655,3.655,3.655
2026-02-04 19:58:54,186.00,31,393,424,7.31%,109.37,1.92%,"[0, 5, 10, 15, 20, 25, 30, 35, 40, 45, 50, 55, 60, 65, 70, 75, 80, 85, 90, 95, 100]","[8, 4, 4, 2, 6, 7, 4, 3, 6, 8, 12, 4, 9, 6, 12, 11, 943, 20, 19, 525]","[0.0049597024178549285, 0.007439553626782393, 0.009919404835709857, 0.011159330440173589, 0.014879107253564786, 0.019218846869187848, 0.02169869807811531, 0.023558586484810913, 0.02727836329820211, 0.032238065716057036, 0.03967761934283943, 0.04215747055176689, 0.04773713577185369, 0.05145691258524489, 0.05889646621202728, 0.0657160570365778, 0.6503409795412275, 0.6627402355858648, 0.6745195288282703, 1.0]",4.0,2.0,2.0,2.0,2.0,0,-11.64544,8.0,-12.0,hrl_dqn_apf,hierarchical,dqn,2.518,9.493,2.081,0.00,0.00,0.00,-1.954,9.776,2.493,0.00,0.00,0.00,-1.851,7.106,-2.367,0.00,0.00,0.00,3.652,3.652,3.652
2026-02-04 19:58:55,187.00,30,392,422,7.11%,109.52,1.86%,"[0, 5, 10, 15, 20, 25, 30, 35, 40, 45, 50, 55, 60, 65, 70, 75, 80, 85, 90, 95, 100]","[8, 6, 2, 4, 5, 5, 5, 4, 7, 7, 10, 5, 8, 6, 12, 11, 944, 16, 20, 528]","[0.0049597024178549285, 0.008679479231246125, 0.009919404835709857, 0.012399256044637322, 0.015499070055796652, 0.018598884066955982, 0.02169869807811531, 0.02417854928704278, 0.02851828890266584, 0.0328580285182889, 0.03905765654060756, 0.04215747055176689, 0.047117172969621826, 0.05083694978301302, 0.05827650340979541, 0.06509609423434594, 0.6503409795412275, 0.6602603843769373, 0.6726596404215747, 1.0]",4.0,2.0,2.0,2.0,2.0,0,-11.64544,8.0,-12.0,hrl_dqn_apf,hierarchical,dqn,1.981,9.510,2.082,0.00,0.00,0.00,-1.951,9.798,1.901,0.00,0.00,0.00,-1.854,7.104,-2.964,0.00,0.00,0.00,3.648,3.648,3.648
2026-02-04 19:58:56,188.00,30,394,424,7.08%,109.65,1.86%,"[0, 5, 10, 15, 20, 25, 30, 35, 40, 45, 50, 55, 60, 65, 70, 75, 80, 85, 90, 95, 100]","[10, 4, 3, 3, 6, 4, 6, 3, 7, 5, 12, 5, 7, 7, 10, 12, 943, 17, 21, 528]","[0.006199628022318661, 0.008679479231246125, 0.010539367637941723, 0.012399256044637322, 0.016119032858028518, 0.018598884066955982, 0.022318660880347178, 0.02417854928704278, 0.02851828890266584, 0.03161810291382517, 0.03905765654060756, 0.04215747055176689, 0.04649721016738995, 0.05083694978301302, 0.05703657780533168, 0.06447613143211407, 0.6491010539367638, 0.6596404215747055, 0.6726596404215747, 1.0]",4.0,2.0,2.0,2.0,2.0,10,-11.48604,8.0,0.0,hrl_dqn_apf,hierarchical,dqn,1.925,9.618,2.051,0.00,0.00,0.00,-2.303,9.897,1.532,0.00,0.00,0.00,-1.854,7.101,-3.715,0.00,0.00,0.00,3.646,3.646,3.646
2026-02-04 19:58:57,189.01,29,395,424,6.84%,109.95,1.80%,"[0, 5, 10, 15, 20, 25, 30, 35, 40, 45, 50, 55, 60, 65, 70, 75, 80, 85, 90, 95, 100]","[8, 5, 3, 5, 3, 5, 6, 4, 6, 7, 11, 7, 6, 8, 10, 12, 942, 16, 14, 535]","[0.0049597024178549285, 0.008059516429014259, 0.009919404835709857, 0.013019218846869188, 0.014879107253564786, 0.017978921264724116, 0.02169869807811531, 0.02417854928704278, 0.027898326100433975, 0.032238065716057036, 0.03905765654060756, 0.04339739615623062, 0.047117172969621826, 0.052076875387476754, 0.05827650340979541, 0.0657160570365778, 0.6497210167389956, 0.6596404215747055, 0.6683199008059516, 1.0]",4.0,2.0,2.0,2.0,2.0,15,-11.32465,8.0,6.0,hrl_dqn_apf,hierarchical,dqn,2.878,9.699,2.031,0.00,0.00,0.00,-3.665,9.935,1.380,0.00,0.00,0.00,-2.549,7.250,-4.314,0.00,0.00,0.00,3.642,3.642,3.642
2026-02-04 19:58:58,190.01,31,395,426,7.28%,110.09,1.92%,"[0, 5, 10, 15, 20, 25, 30, 35, 40, 45, 50, 55, 60, 65, 70, 75, 80, 85, 90, 95, 100]","[10, 5, 2, 5, 3, 6, 4, 4, 6, 6, 12, 8, 5, 8, 10, 12, 941, 10, 20, 536]","[0.006199628022318661, 0.009299442033477991, 0.010539367637941723, 0.013639181649101054, 0.015499070055796652, 0.019218846869187848, 0.02169869807811531, 0.02417854928704278, 0.027898326100433975, 0.03161810291382517, 0.03905765654060756, 0.04401735895846249, 0.047117172969621826, 0.052076875387476754, 0.05827650340979541, 0.0657160570365778, 0.6491010539367638, 0.6553006819590824, 0.6676999380037197, 1.0]",4.0,2.0,2.0,2.0,2.0,15,-11.32465,8.0,6.0,hrl_dqn_apf,hierarchical,dqn,2.581,9.755,2.036,0.00,0.00,0.00,-4.413,9.931,1.363,0.00,0.00,0.00,-2.748,7.281,-3.847,0.00,0.00,0.00,3.640,3.640,3.640
2026-02-04 19:58:59,191.01,32,396,428,7.48%,110.25,1.98%,"[0, 5, 10, 15, 20, 25, 30, 35, 40, 45, 50, 55, 60, 65, 70, 75, 80, 85, 90, 95, 100]","[10, 6, 3, 4, 2, 7, 4, 4, 4, 8, 10, 9, 4, 8, 11, 11, 940, 11, 18, 539]","[0.006199628022318661, 0.009919404835709857, 0.011779293242405457, 0.01425914445133292, 0.015499070055796652, 0.019838809671419714, 0.022318660880347178, 0.024798512089274645, 0.02727836329820211, 0.032238065716057036, 0.038437693738375696, 0.04401735895846249, 0.04649721016738995, 0.05145691258524489, 0.05827650340979541, 0.06509609423434594, 0.6478611283323, 0.6546807191568506, 0.6658400495970241, 1.0]",4.0,2.0,2.0,2.0,2.0,15,-11.16422,8.0,6.0,hrl_dqn_apf,hierarchical,dqn,1.951,9.757,2.038,0.00,0.00,0.00,-5.173,9.928,1.357,0.00,0.00,0.00,-2.812,7.281,-3.167,0.00,0.00,0.00,3.636,3.636,3.636
2026-02-04 19:59:00,192.01,32,395,427,7.49%,110.41,1.98%,"[0, 5, 10, 15, 20, 25, 30, 35, 40, 45, 50, 55, 60, 65, 70, 75, 80, 85, 90, 95, 100]","[12, 5, 4, 2, 4, 5, 4, 4, 5, 8, 8, 10, 4, 7, 11, 11, 940, 12, 14, 543]","[0.007439553626782393, 0.010539367637941723, 0.013019218846869188, 0.01425914445133292, 0.016738995660260384, 0.019838809671419714, 0.022318660880347178, 0.024798512089274645, 0.027898326100433975, 0.0328580285182889, 0.03781773093614383, 0.04401735895846249, 0.04649721016738995, 0.05083694978301302, 0.05765654060756355, 0.06447613143211407, 0.6472411655300682, 0.6546807191568506, 0.6633601983880967, 1.0]",4.0,2.0,2.0,2.0,2.0,17,0.99577,8.0,6.0,hrl_dqn_apf,hierarchical,dqn,1.228,9.755,2.038,0.00,0.00,0.00,-5.933,9.925,1.356,0.00,0.00,0.00,-2.832,7.278,-2.429,0.00,0.00,0.00,3.633,3.633,3.633
2026-02-04 19:59:01,193.02,31,396,427,7.26%,110.79,1.92%,"[0, 5, 10, 15, 20, 25, 30, 35, 40, 45, 50, 55, 60, 65, 70, 75, 80, 85, 90, 95, 100]","[13, 4, 5, 2, 3, 4, 3, 5, 5, 9, 6, 11, 5, 6, 12, 9, 933, 19, 15, 544]","[0.008059516429014259, 0.010539367637941723, 0.013639181649101054, 0.014879107253564786, 0.016738995660260384, 0.019218846869187848, 0.021078735275883446, 0.02417854928704278, 0.02727836329820211, 0.0328580285182889, 0.0365778053316801, 0.04339739615623062, 0.04649721016738995, 0.050216986980781156, 0.05765654060756355, 0.06323620582765034, 0.6416615003099814, 0.6534407935523868, 0.6627402355858648, 1.0]",4.0,2.0,2.0,2.0,2.0,17,0.99577,8.0,6.0,hrl_dqn_apf,hierarchical,dqn,-0.286,9.749,2.039,0.00,0.00,0.00,-5.946,9.788,1.356,0.00,0.00,0.00,-2.966,7.333,-1.032,0.00,0.00,0.00,3.630,3.630,3.630
2026-02-04 19:59:02,194.02,30,399,429,6.99%,111.00,1.86%,"[0, 5, 10, 15, 20, 25, 30, 35, 40, 45, 50, 55, 60, 65, 70, 75, 80, 85, 90, 95, 100]","[13, 3, 5, 3, 3, 3, 4, 4, 5, 7, 9, 9, 7, 6, 12, 9, 933, 18, 15, 545]","[0.008059516429014259, 0.009919404835709857, 0.013019218846869188, 0.014879107253564786, 0.016738995660260384, 0.018598884066955982, 0.021078735275883446, 0.023558586484810913, 0.026658400495970243, 0.030998140111593304, 0.0365778053316801, 0.04215747055176689, 0.04649721016738995, 0.050216986980781156, 0.05765654060756355, 0.06323620582765034, 0.6416615003099814, 0.652820830750155, 0.662120272783633, 1.0]",4.0,2.0,2.0,2.0,2.0,15,-10.84397,8.0,6.0,hrl_dqn_apf,hierarchical,dqn,-0.960,9.899,2.078,0.00,0.00,0.00,-5.876,9.685,1.399,0.00,0.00,0.00,-3.428,7.286,-0.827,0.00,0.00,0.00,3.627,3.627,3.627
2026-02-04 19:59:03,195.02,29,398,427,6.79%,111.21,1.80%,"[0, 5, 10, 15, 20, 25, 30, 35, 40, 45, 50, 55, 60, 65, 70, 75, 80, 85, 90, 95, 100]","[11, 5, 5, 2, 4, 2, 5, 3, 5, 8, 9, 9, 7, 4, 14, 8, 932, 18, 13, 549]","[0.006819590824550527, 0.009919404835709857, 0.013019218846869188, 0.01425914445133292, 0.016738995660260384, 0.017978921264724116, 0.021078735275883446, 0.022938623682579044, 0.026038437693738377, 0.030998140111593304, 0.0365778053316801, 0.04215747055176689, 0.04649721016738995, 0.048977061376317424, 0.05765654060756355, 0.06261624302541847, 0.6404215747055176, 0.6515809051456912, 0.6596404215747055, 1.0]",4.0,2.0,2.0,2.0,2.0,4,13.3165,8.0,-12.0,hrl_dqn_apf,hierarchical,dqn,-0.989,10.193,2.417,0.00,0.00,0.00,-6.212,9.959,1.695,0.00,0.00,0.00,-3.540,7.080,-1.163,0.00,0.00,0.00,3.624,3.624,3.624
2026-02-04 19:59:04,196.03,29,398,427,6.79%,111.37,1.80%,"[0, 5, 10, 15, 20, 25, 30, 35, 40, 45, 50, 55, 60, 65, 70, 75, 80, 85, 90, 95, 100]","[11, 6, 4, 4, 3, 1, 5, 4, 5, 6, 10, 9, 8, 3, 12, 10, 926, 22, 10, 554]","[0.006819590824550527, 0.010539367637941723, 0.013019218846869188, 0.015499070055796652, 0.01735895846249225, 0.017978921264724116, 0.021078735275883446, 0.023558586484810913, 0.026658400495970243, 0.03037817730936144, 0.0365778053316801, 0.04215747055176689, 0.047117172969621826, 0.048977061376317424, 0.056416615003099815, 0.06261624302541847, 0.6367017978921264, 0.6503409795412275, 0.6565406075635462, 1.0]",4.0,2.0,2.0,2.0,2.0,4,13.3165,8.0,-12.0,hrl_dqn_apf,hierarchical,dqn,-0.631,10.418,2.913,0.00,0.00,0.00,-6.728,10.197,2.130,0.00,0.00,0.00,-3.374,6.809,-1.760,0.00,0.00,0.00,3.621,3.621,3.621
2026-02-04 19:59:05,197.03,29,399,428,6.78%,111.76,1.80%,"[0, 5, 10, 15, 20, 25, 30, 35, 40, 45, 50, 55, 60, 65, 70, 75, 80, 85, 90, 95, 100]","[9, 8, 5, 4, 2, 1, 6, 1, 6, 7, 10, 7, 9, 4, 10, 11, 925, 19, 14, 555]","[0.005579665220086794, 0.010539367637941723, 0.013639181649101054, 0.016119032858028518, 0.01735895846249225, 0.017978921264724116, 0.02169869807811531, 0.022318660880347178, 0.026038437693738377, 0.03037817730936144, 0.0365778053316801, 0.04091754494730316, 0.04649721016738995, 0.048977061376317424, 0.05517668939863608, 0.06199628022318661, 0.6354618722876627, 0.6472411655300682, 0.6559206447613143, 1.0]",4.0,2.0,2.0,2.0,2.0,23,7.47641,8.0,12.0,hrl_dqn_apf,hierarchical,dqn,-0.171,9.658,3.442,0.00,0.00,0.00,-6.550,10.042,2.575,0.00,0.00,0.00,-3.835,6.965,-2.265,0.00,0.00,0.00,3.618,3.618,3.618
2026-02-04 19:59:06,198.03,29,395,424,6.84%,111.97,1.80%,"[0, 5, 10, 15, 20, 25, 30, 35, 40, 45, 50, 55, 60, 65, 70, 75, 80, 85, 90, 95, 100]","[8, 9, 3, 5, 2, 2, 4, 2, 6, 7, 11, 5, 11, 4, 10, 11, 924, 17, 16, 556]","[0.0049597024178549285, 0.010539367637941723, 0.012399256044637322, 0.015499070055796652, 0.016738995660260384, 0.017978921264724116, 0.02045877247365158, 0.02169869807811531, 0.02541847489150651, 0.029758214507129573, 0.0365778053316801, 0.03967761934283943, 0.04649721016738995, 0.048977061376317424, 0.05517668939863608, 0.06199628022318661, 0.6348419094854308, 0.6453812771233726, 0.6553006819590824, 1.0]",4.0,2.0,2.0,2.0,2.0,23,7.47641,8.0,12.0,hrl_dqn_apf,hierarchical,dqn,-0.134,9.448,3.432,0.00,0.00,0.00,-6.405,9.631,2.614,0.00,0.00,0.00,-3.968,7.026,-1.835,0.00,0.00,0.00,3.615,3.615,3.615
2026-02-04 19:59:07,199.03,29,395,424,6.84%,112.17,1.80%,"[0, 5, 10, 15, 20, 25, 30, 35, 40, 45, 50, 55, 60, 65, 70, 75, 80, 85, 90, 95, 100]","[8, 8, 3, 5, 3, 2, 3, 3, 5, 7, 9, 8, 10, 5, 10, 11, 918, 21, 18, 556]","[0.0049597024178549285, 0.009919404835709857, 0.011779293242405457, 0.014879107253564786, 0.016738995660260384, 0.017978921264724116, 0.019838809671419714, 0.02169869807811531, 0.024798512089274645, 0.029138251704897707, 0.0347179169249845, 0.03967761934283943, 0.04587724736515809, 0.048977061376317424, 0.05517668939863608, 0.06199628022318661, 0.6311221326720396, 0.6441413515189088, 0.6553006819590824, 1.0]",4.0,2.0,2.0,2.0,2.0,3,7.63663,8.0,-12.0,hrl_dqn_apf,hierarchical,dqn,-0.115,9.490,3.002,0.00,0.00,0.00,-6.344,9.321,2.626,0.00,0.00,0.00,-3.580,7.074,-1.587,0.00,0.00,0.00,3.612,3.612,3.612
2026-02-04 19:59:08,200.04,29,397,426,6.81%,112.34,1.80%,"[0, 5, 10, 15, 20, 25, 30, 35, 40, 45, 50, 55, 60, 65, 70, 75, 80, 85, 90, 95, 100]","[8, 8, 3, 5, 2, 3, 3, 3, 5, 6, 10, 8, 9, 6, 8, 13, 918, 19, 17, 559]","[0.0049597024178549285, 0.009919404835709857, 0.011779293242405457, 0.014879107253564786, 0.016119032858028518, 0.017978921264724116, 0.019838809671419714, 0.02169869807811531, 0.024798512089274645, 0.02851828890266584, 0.0347179169249845, 0.03967761934283943, 0.04525728456292622, 0.048977061376317424, 0.05393676379417235, 0.06199628022318661, 0.6311221326720396, 0.6429014259144451, 0.6534407935523868, 1.0]",4.0,2.0,2.0,2.0,2.0,14,13.79726,8.0,0.0,hrl_dqn_apf,hierarchical,dqn,0.226,9.549,2.667,0.00,0.00,0.00,-5.964,9.367,2.629,0.00,0.00,0.00,-2.928,7.077,-1.507,0.00,0.00,0.00,3.609,3.609,3.609
2026-02-04 19:59:09,201.04,28,394,422,6.64%,112.64,1.74%,"[0, 5, 10, 15, 20, 25, 30, 35, 40, 45, 50, 55, 60, 65, 70, 75, 80, 85, 90, 95, 100]","[9, 3, 7, 4, 3, 2, 2, 5, 4, 7, 8, 10, 7, 9, 8, 10, 920, 13, 22, 560]","[0.005579665220086794, 0.007439553626782393, 0.011779293242405457, 0.01425914445133292, 0.016119032858028518, 0.01735895846249225, 0.018598884066955982, 0.02169869807811531, 0.02417854928704278, 0.02851828890266584, 0.03347799132052077, 0.03967761934283943, 0.04401735895846249, 0.04959702417854929, 0.05455672659640422, 0.06075635461872288, 0.6311221326720396, 0.6391816491010539, 0.652820830750155, 1.0]",4.0,2.0,2.0,2.0,2.0,14,13.79726,8.0,0.0,hrl_dqn_apf,hierarchical,dqn,1.563,9.555,2.522,0.00,0.00,0.00,-4.737,9.434,2.500,0.00,0.00,0.00,-1.583,7.132,-1.591,0.00,0.00,0.00,3.606,3.606,3.606
2026-02-04 19:59:10,202.04,28,398,426,6.57%,112.83,1.74%,"[0, 5, 10, 15, 20, 25, 30, 35, 40, 45, 50, 55, 60, 65, 70, 75, 80, 85, 90, 95, 100]","[10, 3, 6, 4, 3, 2, 2, 5, 2, 8, 9, 10, 7, 8, 9, 9, 919, 15, 19, 563]","[0.006199628022318661, 0.008059516429014259, 0.011779293242405457, 0.01425914445133292, 0.016119032858028518, 0.01735895846249225, 0.018598884066955982, 0.02169869807811531, 0.022938623682579044, 0.027898326100433975, 0.03347799132052077, 0.03967761934283943, 0.04401735895846249, 0.048977061376317424, 0.05455672659640422, 0.06013639181649101, 0.6298822070675759, 0.6391816491010539, 0.6509609423434594, 1.0]",4.0,2.0,2.0,2.0,2.0,2,1.9575,8.0,-12.0,hrl_dqn_apf,hierarchical,dqn,2.300,9.552,2.511,0.00,0.00,0.00,-4.508,9.461,1.981,0.00,0.00,0.00,-1.385,7.199,-2.054,0.00,0.00,0.00,3.603,3.603,3.603
2026-02-04 19:59:11,203.04,27,397,424,6.37%,113.04,1.67%,"[0, 5, 10, 15, 20, 25, 30, 35, 40, 45, 50, 55, 60, 65, 70, 75, 80, 85, 90, 95, 100]","[11, 3, 5, 3, 3, 2, 2, 6, 1, 9, 8, 11, 5, 10, 9, 9, 919, 13, 16, 568]","[0.006819590824550527, 0.008679479231246125, 0.011779293242405457, 0.013639181649101054, 0.015499070055796652, 0.016738995660260384, 0.017978921264724116, 0.02169869807811531, 0.022318660880347178, 0.027898326100433975, 0.0328580285182889, 0.03967761934283943, 0.04277743335399876, 0.048977061376317424, 0.05455672659640422, 0.06013639181649101, 0.6298822070675759, 0.6379417234965902, 0.6478611283323, 1.0]",4.0,2.0,2.0,2.0,2.0,11,-3.8821,8.0,0.0,hrl_dqn_apf,hierarchical,dqn,3.074,9.549,2.507,0.00,0.00,0.00,-4.433,9.461,1.271,0.00,0.00,0.00,-1.759,7.252,-2.317,0.00,0.00,0.00,3.600,3.600,3.600
2026-02-04 19:59:12,204.04,28,396,424,6.60%,113.20,1.74%,"[0, 5, 10, 15, 20, 25, 30, 35, 40, 45, 50, 55, 60, 65, 70, 75, 80, 85, 90, 95, 100]","[11, 3, 4, 3, 5, 2, 2, 4, 2, 7, 10, 9, 7, 10, 9, 9, 917, 13, 16, 570]","[0.006819590824550527, 0.008679479231246125, 0.011159330440173589, 0.013019218846869188, 0.016119032858028518, 0.01735895846249225, 0.018598884066955982, 0.021078735275883446, 0.022318660880347178, 0.026658400495970243, 0.0328580285182889, 0.038437693738375696, 0.04277743335399876, 0.048977061376317424, 0.05455672659640422, 0.06013639181649101, 0.6286422814631122, 0.6367017978921264, 0.6466212027278363, 1.0]",4.0,2.0,2.0,2.0,2.0,11,-3.8821,8.0,0.0,hrl_dqn_apf,hierarchical,dqn,3.834,9.546,2.506,0.00,0.00,0.00,-4.411,9.459,0.528,0.00,0.00,0.00,-2.407,7.255,-2.399,0.00,0.00,0.00,3.597,3.597,3.597
2026-02-04 19:59:13,205.05,30,398,428,7.01%,113.47,1.86%,"[0, 5, 10, 15, 20, 25, 30, 35, 40, 45, 50, 55, 60, 65, 70, 75, 80, 85, 90, 95, 100]","[11, 6, 2, 4, 3, 4, 2, 1, 5, 6, 8, 8, 9, 9, 11, 7, 916, 11, 16, 574]","[0.006819590824550527, 0.010539367637941723, 0.011779293242405457, 0.01425914445133292, 0.016119032858028518, 0.018598884066955982, 0.019838809671419714, 0.02045877247365158, 0.023558586484810913, 0.02727836329820211, 0.032238065716057036, 0.037197768133911964, 0.04277743335399876, 0.04835709857408556, 0.05517668939863608, 0.059516429014259145, 0.6274023558586485, 0.634221946683199, 0.6441413515189088, 1.0]",4.0,2.0,2.0,2.0,2.0,22,2.27846,8.0,12.0,hrl_dqn_apf,hierarchical,dqn,4.552,9.634,3.307,0.00,0.00,0.00,-4.491,9.763,-0.706,0.00,0.00,0.00,-3.016,7.236,-1.851,0.00,0.00,0.00,3.594,3.594,3.594
2026-02-04 19:59:14,206.05,30,397,427,7.03%,113.68,1.86%,"[0, 5, 10, 15, 20, 25, 30, 35, 40, 45, 50, 55, 60, 65, 70, 75, 80, 85, 90, 95, 100]","[11, 4, 2, 5, 4, 4, 2, 1, 5, 6, 8, 7, 10, 6, 14, 7, 911, 16, 13, 577]","[0.006819590824550527, 0.009299442033477991, 0.010539367637941723, 0.013639181649101054, 0.016119032858028518, 0.018598884066955982, 0.019838809671419714, 0.02045877247365158, 0.023558586484810913, 0.02727836329820211, 0.032238065716057036, 0.0365778053316801, 0.04277743335399876, 0.04649721016738995, 0.05517668939863608, 0.059516429014259145, 0.6243025418474891, 0.634221946683199, 0.6422814631122132, 1.0]",4.0,2.0,2.0,2.0,2.0,24,14.438,8.0,12.0,hrl_dqn_apf,hierarchical,dqn,4.610,9.633,4.018,0.00,0.00,0.00,-4.831,10.107,-0.509,0.00,0.00,0.00,-2.748,6.984,-2.070,0.00,0.00,0.00,3.591,3.591,3.591
2026-02-04 19:59:15,207.05,30,397,427,7.03%,113.81,1.86%,"[0, 5, 10, 15, 20, 25, 30, 35, 40, 45, 50, 55, 60, 65, 70, 75, 80, 85, 90, 95, 100]","[10, 5, 2, 5, 4, 4, 1, 2, 5, 4, 9, 8, 10, 6, 13, 8, 908, 17, 14, 578]","[0.006199628022318661, 0.009299442033477991, 0.010539367637941723, 0.013639181649101054, 0.016119032858028518, 0.018598884066955982, 0.019218846869187848, 0.02045877247365158, 0.023558586484810913, 0.026038437693738377, 0.03161810291382517, 0.0365778053316801, 0.04277743335399876, 0.04649721016738995, 0.05455672659640422, 0.059516429014259145, 0.6224426534407935, 0.6329820210787352, 0.6416615003099814, 1.0]",4.0,2.0,2.0,2.0,2.0,24,14.438,8.0,12.0,hrl_dqn_apf,hierarchical,dqn,4.629,9.630,4.762,0.00,0.00,0.00,-5.340,10.429,-0.099,0.00,0.00,0.00,-2.265,6.665,-2.485,0.00,0.00,0.00,3.588,3.588,3.588
2026-02-04 19:59:16,208.06,29,400,429,6.76%,113.89,1.80%,"[0, 5, 10, 15, 20, 25, 30, 35, 40, 45, 50, 55, 60, 65, 70, 75, 80, 85, 90, 95, 100]","[9, 7, 2, 4, 4, 3, 2, 2, 6, 4, 9, 7, 11, 5, 15, 8, 905, 20, 12, 578]","[0.005579665220086794, 0.009919404835709857, 0.011159330440173589, 0.013639181649101054, 0.016119032858028518, 0.017978921264724116, 0.019218846869187848, 0.02045877247365158, 0.02417854928704278, 0.026658400495970243, 0.032238065716057036, 0.0365778053316801, 0.04339739615623062, 0.04649721016738995, 0.05579665220086795, 0.06075635461872288, 0.6218226906385617, 0.634221946683199, 0.6416615003099814, 1.0]",4.0,2.0,2.0,2.0,2.0,15,-9.48133,8.0,6.0,hrl_dqn_apf,hierarchical,dqn,4.635,9.627,5.516,0.00,0.00,0.00,-5.920,10.727,0.351,0.00,0.00,0.00,-1.693,6.355,-2.938,0.00,0.00,0.00,3.585,3.585,3.585
2026-02-04 19:59:17,209.06,29,398,427,6.79%,114.17,1.80%,"[0, 5, 10, 15, 20, 25, 30, 35, 40, 45, 50, 55, 60, 65, 70, 75, 80, 85, 90, 95, 100]","[9, 7, 3, 3, 2, 5, 3, 2, 4, 5, 9, 7, 9, 8, 13, 10, 898, 23, 10, 583]","[0.005579665220086794, 0.009919404835709857, 0.011779293242405457, 0.013639181649101054, 0.014879107253564786, 0.017978921264724116, 0.019838809671419714, 0.021078735275883446, 0.023558586484810913, 0.026658400495970243, 0.032238065716057036, 0.0365778053316801, 0.04215747055176689, 0.047117172969621826, 0.05517668939863608, 0.06137631742095474, 0.6181029138251705, 0.6323620582765034, 0.638561686298822, 1.0]",4.0,2.0,2.0,2.0,2.0,21,-3.32095,8.0,12.0,hrl_dqn_apf,hierarchical,dqn,3.839,9.715,6.246,0.00,0.00,0.00,-6.496,9.951,0.793,0.00,0.00,0.00,-1.123,6.489,-2.563,0.00,0.00,0.00,3.582,3.582,3.582
2026-02-04 19:59:18,210.07,28,399,427,6.56%,114.33,1.74%,"[0, 5, 10, 15, 20, 25, 30, 35, 40, 45, 50, 55, 60, 65, 70, 75, 80, 85, 90, 95, 100]","[9, 6, 4, 1, 4, 4, 3, 3, 3, 6, 8, 7, 9, 7, 15, 11, 897, 23, 11, 582]","[0.005579665220086794, 0.009299442033477991, 0.011779293242405457, 0.012399256044637322, 0.014879107253564786, 0.01735895846249225, 0.019218846869187848, 0.021078735275883446, 0.022938623682579044, 0.026658400495970243, 0.03161810291382517, 0.03595784252944823, 0.041537507749535026, 0.04587724736515809, 0.05517668939863608, 0.06199628022318661, 0.6181029138251705, 0.6323620582765034, 0.6391816491010539, 1.0]",4.0,2.0,2.0,2.0,2.0,21,-3.32095,8.0,12.0,hrl_dqn_apf,hierarchical,dqn,3.131,9.713,6.304,0.00,0.00,0.00,-6.476,9.764,0.827,0.00,0.00,0.00,-1.078,6.492,-1.885,0.00,0.00,0.00,3.579,3.579,3.579
2026-02-04 19:59:19,211.08,27,401,428,6.31%,114.47,1.67%,"[0, 5, 10, 15, 20, 25, 30, 35, 40, 45, 50, 55, 60, 65, 70, 75, 80, 85, 90, 95, 100]","[8, 7, 4, 1, 4, 3, 4, 4, 2, 7, 8, 7, 7, 9, 13, 12, 897, 22, 12, 582]","[0.0049597024178549285, 0.009299442033477991, 0.011779293242405457, 0.012399256044637322, 0.014879107253564786, 0.016738995660260384, 0.019218846869187848, 0.02169869807811531, 0.022938623682579044, 0.02727836329820211, 0.032238065716057036, 0.0365778053316801, 0.04091754494730316, 0.04649721016738995, 0.05455672659640422, 0.06199628022318661, 0.6181029138251705, 0.6317420954742715, 0.6391816491010539, 1.0]",4.0,2.0,2.0,2.0,2.0,13,8.8391,8.0,0.0,hrl_dqn_apf,hierarchical,dqn,2.404,9.710,6.322,0.00,0.00,0.00,-6.040,9.799,0.837,0.00,0.00,0.00,-1.072,6.500,-1.174,0.00,0.00,0.00,3.576,3.576,3.576
2026-02-04 19:59:20,212.08,27,399,426,6.34%,114.62,1.67%,"[0, 5, 10, 15, 20, 25, 30, 35, 40, 45, 50, 55, 60, 65, 70, 75, 80, 85, 90, 95, 100]","[6, 8, 5, 1, 4, 3, 4, 3, 3, 7, 7, 7, 8, 9, 12, 12, 898, 15, 17, 584]","[0.0037197768133911966, 0.008679479231246125, 0.011779293242405457, 0.012399256044637322, 0.014879107253564786, 0.016738995660260384, 0.019218846869187848, 0.021078735275883446, 0.022938623682579044, 0.02727836329820211, 0.03161810291382517, 0.03595784252944823, 0.04091754494730316, 0.04649721016738995, 0.05393676379417235, 0.06137631742095474, 0.6181029138251705, 0.6274023558586485, 0.6379417234965902, 1.0]",4.0,2.0,2.0,2.0,2.0,18,8.99927,8.0,6.0,hrl_dqn_apf,hierarchical,dqn,1.650,9.707,6.328,0.00,0.00,0.00,-5.374,9.803,0.840,0.00,0.00,0.00,-1.396,6.572,-0.744,0.00,0.00,0.00,3.573,3.573,3.573
2026-02-04 19:59:21,213.09,27,399,426,6.34%,114.83,1.67%,"[0, 5, 10, 15, 20, 25, 30, 35, 40, 45, 50, 55, 60, 65, 70, 75, 80, 85, 90, 95, 100]","[7, 8, 6, 1, 3, 2, 4, 3, 3, 7, 6, 9, 7, 10, 11, 14, 892, 18, 20, 582]","[0.0043397396156230625, 0.009299442033477991, 0.013019218846869188, 0.013639181649101054, 0.015499070055796652, 0.016738995660260384, 0.019218846869187848, 0.021078735275883446, 0.022938623682579044, 0.02727836329820211, 0.030998140111593304, 0.0365778053316801, 0.04091754494730316, 0.047117172969621826, 0.05393676379417235, 0.06261624302541847, 0.615623062616243, 0.6267823930564166, 0.6391816491010539, 1.0]",4.0,2.0,2.0,2.0,2.0,18,8.99927,8.0,6.0,hrl_dqn_apf,hierarchical,dqn,0.235,9.762,6.208,0.00,0.00,0.00,-4.158,10.129,0.908,0.00,0.00,0.00,-1.171,6.515,-0.612,0.00,0.00,0.00,3.570,3.570,3.570
2026-02-04 19:59:22,214.09,27,397,424,6.37%,114.96,1.67%,"[0, 5, 10, 15, 20, 25, 30, 35, 40, 45, 50, 55, 60, 65, 70, 75, 80, 85, 90, 95, 100]","[7, 7, 5, 3, 2, 3, 4, 4, 3, 6, 7, 8, 7, 8, 14, 12, 894, 13, 21, 585]","[0.0043397396156230625, 0.008679479231246125, 0.011779293242405457, 0.013639181649101054, 0.014879107253564786, 0.016738995660260384, 0.019218846869187848, 0.02169869807811531, 0.023558586484810913, 0.02727836329820211, 0.03161810291382517, 0.0365778053316801, 0.04091754494730316, 0.04587724736515809, 0.05455672659640422, 0.06199628022318661, 0.6162430254184749, 0.6243025418474891, 0.6373217606943583, 1.0]",4.0,2.0,2.0,2.0,2.0,12,3.16003,8.0,0.0,hrl_dqn_apf,hierarchical,dqn,-0.012,9.791,5.680,0.00,0.00,0.00,-4.366,10.120,1.120,0.00,0.00,0.00,-0.547,6.365,-0.806,0.00,0.00,0.00,3.567,3.567,3.567
2026-02-04 19:59:23,215.09,27,395,422,6.40%,115.10,1.67%,"[0, 5, 10, 15, 20, 25, 30, 35, 40, 45, 50, 55, 60, 65, 70, 75, 80, 85, 90, 95, 100]","[7, 7, 4, 4, 2, 3, 3, 4, 5, 5, 8, 7, 7, 7, 13, 14, 894, 10, 24, 585]","[0.0043397396156230625, 0.008679479231246125, 0.011159330440173589, 0.013639181649101054, 0.014879107253564786, 0.016738995660260384, 0.018598884066955982, 0.021078735275883446, 0.02417854928704278, 0.02727836329820211, 0.032238065716057036, 0.0365778053316801, 0.04091754494730316, 0.04525728456292622, 0.053316800991940486, 0.06199628022318661, 0.6162430254184749, 0.6224426534407935, 0.6373217606943583, 1.0]",4.0,2.0,2.0,2.0,2.0,16,-2.67985,8.0,6.0,hrl_dqn_apf,hierarchical,dqn,-0.087,9.791,5.008,0.00,0.00,0.00,-4.509,9.703,1.228,0.00,0.00,0.00,0.143,6.371,-0.915,0.00,0.00,0.00,3.564,3.564,3.564
2026-02-04 19:59:24,216.10,27,397,424,6.37%,115.23,1.67%,"[0, 5, 10, 15, 20, 25, 30, 35, 40, 45, 50, 55, 60, 65, 70, 75, 80, 85, 90, 95, 100]","[7, 6, 5, 4, 3, 2, 3, 4, 5, 4, 9, 7, 7, 5, 14, 14, 894, 11, 22, 587]","[0.0043397396156230625, 0.008059516429014259, 0.011159330440173589, 0.013639181649101054, 0.015499070055796652, 0.016738995660260384, 0.018598884066955982, 0.021078735275883446, 0.02417854928704278, 0.026658400495970243, 0.032238065716057036, 0.0365778053316801, 0.04091754494730316, 0.04401735895846249, 0.05269683818970862, 0.06137631742095474, 0.615623062616243, 0.6224426534407935, 0.6360818350898946, 1.0]",4.0,2.0,2.0,2.0,2.0,16,-2.67985,8.0,6.0,hrl_dqn_apf,hierarchical,dqn,-0.112,9.788,4.269,0.00,0.00,0.00,-4.558,9.295,1.264,0.00,0.00,0.00,0.886,6.370,-0.950,0.00,0.00,0.00,3.561,3.561,3.561
2026-02-04 19:59:25,217.10,27,395,422,6.40%,115.54,1.67%,"[0, 5, 10, 15, 20, 25, 30, 35, 40, 45, 50, 55, 60, 65, 70, 75, 80, 85, 90, 95, 100]","[9, 3, 7, 3, 1, 4, 3, 4, 4, 4, 10, 5, 8, 6, 14, 12, 894, 14, 12, 596]","[0.005579665220086794, 0.007439553626782393, 0.011779293242405457, 0.013639181649101054, 0.01425914445133292, 0.016738995660260384, 0.018598884066955982, 0.021078735275883446, 0.023558586484810913, 0.026038437693738377, 0.032238065716057036, 0.035337879727216366, 0.040297582145071294, 0.04401735895846249, 0.05269683818970862, 0.06013639181649101, 0.6143831370117793, 0.6230626162430254, 0.6305021698698078, 1.0]",4.0,2.0,2.0,2.0,2.0,17,3.48049,8.0,6.0,hrl_dqn_apf,hierarchical,dqn,-0.122,9.782,2.752,0.00,0.00,0.00,-4.576,9.343,2.143,0.00,0.00,0.00,1.613,6.461,-0.154,0.00,0.00,0.00,3.558,3.558,3.558
2026-02-04 19:59:26,218.10,27,399,426,6.34%,115.70,1.67%,"[0, 5, 10, 15, 20, 25, 30, 35, 40, 45, 50, 55, 60, 65, 70, 75, 80, 85, 90, 95, 100]","[8, 3, 8, 3, 1, 4, 2, 4, 4, 5, 9, 5, 9, 5, 15, 10, 895, 10, 18, 595]","[0.0049597024178549285, 0.006819590824550527, 0.011779293242405457, 0.013639181649101054, 0.01425914445133292, 0.016738995660260384, 0.017978921264724116, 0.02045877247365158, 0.022938623682579044, 0.026038437693738377, 0.03161810291382517, 0.0347179169249845, 0.040297582145071294, 0.04339739615623062, 0.05269683818970862, 0.05889646621202728, 0.6137631742095474, 0.6199628022318661, 0.6311221326720396, 1.0]",4.0,2.0,2.0,2.0,2.0,17,3.48049,8.0,6.0,hrl_dqn_apf,hierarchical,dqn,-0.073,9.929,2.062,0.00,0.00,0.00,-4.647,9.371,2.799,0.00,0.00,0.00,1.695,6.394,0.483,0.00,0.00,0.00,3.555,3.555,3.555
2026-02-04 19:59:27,219.10,28,400,428,6.54%,115.79,1.74%,"[0, 5, 10, 15, 20, 25, 30, 35, 40, 45, 50, 55, 60, 65, 70, 75, 80, 85, 90, 95, 100]","[8, 5, 7, 3, 2, 3, 2, 3, 5, 5, 8, 6, 9, 5, 12, 13, 893, 11, 14, 599]","[0.0049597024178549285, 0.008059516429014259, 0.012399256044637322, 0.01425914445133292, 0.015499070055796652, 0.01735895846249225, 0.018598884066955982, 0.02045877247365158, 0.023558586484810913, 0.026658400495970243, 0.03161810291382517, 0.035337879727216366, 0.04091754494730316, 0.04401735895846249, 0.05145691258524489, 0.059516429014259145, 0.6131432114073155, 0.6199628022318661, 0.6286422814631122, 1.0]",4.0,2.0,2.0,2.0,2.0,11,-2.35899,8.0,0.0,hrl_dqn_apf,hierarchical,dqn,0.311,10.241,1.992,0.00,0.00,0.00,-5.115,9.372,3.026,0.00,0.00,0.00,1.941,6.180,0.418,0.00,0.00,0.00,3.552,3.552,3.552
2026-02-04 19:59:28,220.10,29,398,427,6.79%,115.87,1.80%,"[0, 5, 10, 15, 20, 25, 30, 35, 40, 45, 50, 55, 60, 65, 70, 75, 80, 85, 90, 95, 100]","[10, 5, 7, 1, 3, 3, 2, 2, 5, 6, 8, 6, 8, 5, 12, 11, 893, 13, 10, 603]","[0.006199628022318661, 0.009299442033477991, 0.013639181649101054, 0.01425914445133292, 0.016119032858028518, 0.017978921264724116, 0.019218846869187848, 0.02045877247365158, 0.023558586484810913, 0.02727836329820211, 0.032238065716057036, 0.03595784252944823, 0.04091754494730316, 0.04401735895846249, 0.05145691258524489, 0.05827650340979541, 0.6119032858028518, 0.6199628022318661, 0.6261624302541847, 1.0]",4.0,2.0,2.0,2.0,2.0,10,-8.19779,8.0,0.0,hrl_dqn_apf,hierarchical,dqn,0.655,10.661,2.421,0.00,0.00,0.00,-5.787,9.325,3.134,0.00,0.00,0.00,2.371,5.847,0.003,0.00,0.00,0.00,3.549,3.549,3.549
2026-02-04 19:59:29,221.11,29,398,427,6.79%,116.02,1.80%,"[0, 5, 10, 15, 20, 25, 30, 35, 40, 45, 50, 55, 60, 65, 70, 75, 80, 85, 90, 95, 100]","[11, 5, 4, 6, 1, 2, 3, 2, 5, 6, 7, 8, 6, 8, 9, 12, 883, 23, 11, 601]","[0.006819590824550527, 0.009919404835709857, 0.012399256044637322, 0.016119032858028518, 0.016738995660260384, 0.017978921264724116, 0.019838809671419714, 0.021078735275883446, 0.02417854928704278, 0.027898326100433975, 0.032238065716057036, 0.037197768133911964, 0.04091754494730316, 0.04587724736515809, 0.05145691258524489, 0.05889646621202728, 0.606323620582765, 0.6205827650340979, 0.6274023558586485, 1.0]",4.0,2.0,2.0,2.0,2.0,10,-8.19779,8.0,0.0,hrl_dqn_apf,hierarchical,dqn,0.366,10.897,3.493,0.00,0.00,0.00,-7.117,9.392,3.084,0.00,0.00,0.00,3.337,5.671,-0.915,0.00,0.00,0.00,3.546,3.546,3.546
2026-02-04 19:59:30,222.11,28,399,427,6.56%,116.16,1.74%,"[0, 5, 10, 15, 20, 25, 30, 35, 40, 45, 50, 55, 60, 65, 70, 75, 80, 85, 90, 95, 100]","[8, 7, 4, 7, 1, 1, 4, 2, 5, 6, 7, 8, 5, 7, 11, 12, 883, 23, 12, 600]","[0.0049597024178549285, 0.009299442033477991, 0.011779293242405457, 0.016119032858028518, 0.016738995660260384, 0.01735895846249225, 0.019838809671419714, 0.021078735275883446, 0.02417854928704278, 0.027898326100433975, 0.032238065716057036, 0.037197768133911964, 0.040297582145071294, 0.044637321760694355, 0.05145691258524489, 0.05889646621202728, 0.606323620582765, 0.6205827650340979, 0.6280223186608803, 1.0]",4.0,2.0,2.0,2.0,2.0,5,-8.03805,8.0,-6.0,hrl_dqn_apf,hierarchical,dqn,0.245,10.497,3.677,0.00,0.00,0.00,-7.333,9.416,2.581,0.00,0.00,0.00,3.500,6.095,-1.072,0.00,0.00,0.00,3.543,3.543,3.543
2026-02-04 19:59:31,223.12,29,398,427,6.79%,116.32,1.80%,"[0, 5, 10, 15, 20, 25, 30, 35, 40, 45, 50, 55, 60, 65, 70, 75, 80, 85, 90, 95, 100]","[8, 6, 5, 8, 1, 1, 4, 2, 4, 7, 6, 8, 5, 8, 11, 13, 877, 23, 10, 606]","[0.0049597024178549285, 0.008679479231246125, 0.011779293242405457, 0.016738995660260384, 0.01735895846249225, 0.017978921264724116, 0.02045877247365158, 0.02169869807811531, 0.02417854928704278, 0.02851828890266584, 0.032238065716057036, 0.037197768133911964, 0.040297582145071294, 0.04525728456292622, 0.052076875387476754, 0.06013639181649101, 0.6038437693738375, 0.6181029138251705, 0.6243025418474891, 1.0]",4.0,2.0,2.0,2.0,2.0,17,4.12325,8.0,6.0,hrl_dqn_apf,hierarchical,dqn,0.203,10.087,3.740,0.00,0.00,0.00,-7.407,9.416,1.898,0.00,0.00,0.00,3.551,6.440,-1.126,0.00,0.00,0.00,3.540,3.540,3.540
2026-02-04 19:59:32,224.12,30,397,427,7.03%,116.48,1.86%,"[0, 5, 10, 15, 20, 25, 30, 35, 40, 45, 50, 55, 60, 65, 70, 75, 80, 85, 90, 95, 100]","[9, 6, 4, 8, 1, 2, 3, 2, 5, 6, 7, 7, 6, 7, 12, 10, 877, 24, 11, 606]","[0.005579665220086794, 0.009299442033477991, 0.011779293242405457, 0.016738995660260384, 0.01735895846249225, 0.018598884066955982, 0.02045877247365158, 0.02169869807811531, 0.024798512089274645, 0.02851828890266584, 0.0328580285182889, 0.037197768133911964, 0.04091754494730316, 0.04525728456292622, 0.05269683818970862, 0.05889646621202728, 0.6026038437693738, 0.6174829510229386, 0.6243025418474891, 1.0]",4.0,2.0,2.0,2.0,2.0,17,4.12325,8.0,6.0,hrl_dqn_apf,hierarchical,dqn,0.190,9.677,3.760,0.00,0.00,0.00,-7.431,9.413,1.154,0.00,0.00,0.00,3.248,6.473,-1.144,0.00,0.00,0.00,3.537,3.537,3.537
2026-02-04 19:59:33,225.12,32,394,426,7.51%,116.78,1.98%,"[0, 5, 10, 15, 20, 25, 30, 35, 40, 45, 50, 55, 60, 65, 70, 75, 80, 85, 90, 95, 100]","[5, 10, 6, 8, 1, 2, 2, 3, 2, 7, 9, 5, 8, 6, 12, 9, 875, 18, 19, 606]","[0.0030998140111593306, 0.009299442033477991, 0.013019218846869188, 0.017978921264724116, 0.018598884066955982, 0.019838809671419714, 0.021078735275883446, 0.022938623682579044, 0.02417854928704278, 0.02851828890266584, 0.034097954122752634, 0.037197768133911964, 0.04215747055176689, 0.04587724736515809, 0.053316800991940486, 0.05889646621202728, 0.6013639181649101, 0.6125232486050837, 0.6243025418474891, 1.0]",4.0,2.0,2.0,2.0,2.0,6,-1.71673,8.0,-6.0,hrl_dqn_apf,hierarchical,dqn,0.312,9.194,3.768,0.00,0.00,0.00,-7.441,9.407,-0.340,0.00,0.00,0.00,2.140,6.575,-1.154,0.00,0.00,0.00,3.534,3.534,3.534
2026-02-04 19:59:34,226.13,32,392,424,7.55%,116.94,1.98%,"[0, 5, 10, 15, 20, 25, 30, 35, 40, 45, 50, 55, 60, 65, 70, 75, 80, 85, 90, 95, 100]","[6, 10, 5, 5, 5, 1, 2, 3, 3, 7, 9, 5, 8, 6, 12, 7, 876, 15, 22, 606]","[0.0037197768133911966, 0.009919404835709857, 0.013019218846869188, 0.016119032858028518, 0.019218846869187848, 0.019838809671419714, 0.021078735275883446, 0.022938623682579044, 0.024798512089274645, 0.029138251704897707, 0.0347179169249845, 0.03781773093614383, 0.04277743335399876, 0.04649721016738995, 0.05393676379417235, 0.05827650340979541, 0.6013639181649101, 0.6106633601983881, 0.6243025418474891, 1.0]",4.0,2.0,2.0,2.0,2.0,24,16.44346,8.0,12.0,hrl_dqn_apf,hierarchical,dqn,0.841,9.220,3.769,0.00,0.00,0.00,-7.374,9.450,-1.034,0.00,0.00,0.00,2.407,6.636,-1.154,0.00,0.00,0.00,3.531,3.531,3.531
2026-02-04 19:59:35,227.13,32,394,426,7.51%,117.12,1.98%,"[0, 5, 10, 15, 20, 25, 30, 35, 40, 45, 50, 55, 60, 65, 70, 75, 80, 85, 90, 95, 100]","[7, 8, 5, 4, 7, 1, 2, 4, 3, 7, 8, 7, 7, 4, 12, 8, 870, 21, 21, 607]","[0.0043397396156230625, 0.009299442033477991, 0.012399256044637322, 0.014879107253564786, 0.019218846869187848, 0.019838809671419714, 0.021078735275883446, 0.023558586484810913, 0.02541847489150651, 0.029758214507129573, 0.0347179169249845, 0.03905765654060756, 0.04339739615623062, 0.04587724736515809, 0.053316800991940486, 0.05827650340979541, 0.5976441413515189, 0.6106633601983881, 0.6236825790452573, 1.0]",4.0,2.0,2.0,2.0,2.0,24,16.44346,8.0,12.0,hrl_dqn_apf,hierarchical,dqn,1.533,9.223,3.769,0.00,0.00,0.00,-6.908,9.491,-1.333,0.00,0.00,0.00,3.022,6.639,-1.154,0.00,0.00,0.00,3.528,3.528,3.528
2026-02-04 19:59:36,228.14,34,390,424,8.02%,117.27,2.11%,"[0, 5, 10, 15, 20, 25, 30, 35, 40, 45, 50, 55, 60, 65, 70, 75, 80, 85, 90, 95, 100]","[9, 6, 6, 4, 8, 1, 1, 4, 3, 6, 9, 5, 8, 4, 12, 8, 870, 15, 25, 609]","[0.005579665220086794, 0.009299442033477991, 0.013019218846869188, 0.015499070055796652, 0.02045877247365158, 0.021078735275883446, 0.02169869807811531, 0.02417854928704278, 0.026038437693738377, 0.029758214507129573, 0.035337879727216366, 0.038437693738375696, 0.04339739615623062, 0.04587724736515809, 0.053316800991940486, 0.05827650340979541, 0.5976441413515189, 0.6069435833849969, 0.6224426534407935, 1.0]",4.0,2.0,2.0,2.0,2.0,9,16.60369,8.0,-6.0,hrl_dqn_apf,hierarchical,dqn,2.275,9.223,3.768,0.00,0.00,0.00,-6.232,9.493,-1.428,0.00,0.00,0.00,3.743,6.637,-1.153,0.00,0.00,0.00,3.525,3.525,3.525
2026-02-04 19:59:37,229.14,34,390,424,8.02%,117.56,2.11%,"[0, 5, 10, 15, 20, 25, 30, 35, 40, 45, 50, 55, 60, 65, 70, 75, 80, 85, 90, 95, 100]","[10, 5, 6, 5, 7, 1, 2, 3, 3, 6, 9, 5, 6, 5, 12, 9, 866, 17, 23, 613]","[0.006199628022318661, 0.009299442033477991, 0.013019218846869188, 0.016119032858028518, 0.02045877247365158, 0.021078735275883446, 0.022318660880347178, 0.02417854928704278, 0.026038437693738377, 0.029758214507129573, 0.035337879727216366, 0.038437693738375696, 0.04215747055176689, 0.04525728456292622, 0.05269683818970862, 0.05827650340979541, 0.5951642901425914, 0.6057036577805331, 0.6199628022318661, 1.0]",4.0,2.0,2.0,2.0,2.0,5,-7.31642,8.0,-6.0,hrl_dqn_apf,hierarchical,dqn,3.807,9.218,3.768,0.00,0.00,0.00,-4.876,9.552,-1.622,0.00,0.00,0.00,5.146,6.691,-1.027,0.00,0.00,0.00,3.522,3.522,3.522
2026-02-04 19:59:38,230.15,35,391,426,8.22%,117.67,2.17%,"[0, 5, 10, 15, 20, 25, 30, 35, 40, 45, 50, 55, 60, 65, 70, 75, 80, 85, 90, 95, 100]","[11, 4, 7, 6, 6, 1, 2, 2, 4, 5, 9, 6, 6, 5, 11, 10, 866, 14, 22, 616]","[0.006819590824550527, 0.009299442033477991, 0.013639181649101054, 0.01735895846249225, 0.021078735275883446, 0.02169869807811531, 0.022938623682579044, 0.02417854928704278, 0.026658400495970243, 0.029758214507129573, 0.035337879727216366, 0.03905765654060756, 0.04277743335399876, 0.04587724736515809, 0.05269683818970862, 0.05889646621202728, 0.5957842529448233, 0.6044637321760694, 0.6181029138251705, 1.0]",4.0,2.0,2.0,2.0,2.0,5,-7.31642,8.0,-6.0,hrl_dqn_apf,hierarchical,dqn,4.564,9.215,3.767,0.00,0.00,0.00,-4.655,9.574,-2.171,0.00,0.00,0.00,5.391,6.719,-0.503,0.00,0.00,0.00,3.519,3.519,3.519
2026-02-04 19:59:39,231.16,35,389,424,8.25%,117.83,2.17%,"[0, 5, 10, 15, 20, 25, 30, 35, 40, 45, 50, 55, 60, 65, 70, 75, 80, 85, 90, 95, 100]","[10, 3, 9, 5, 4, 4, 1, 2, 4, 5, 9, 7, 5, 6, 11, 10, 865, 15, 17, 621]","[0.006199628022318661, 0.008059516429014259, 0.013639181649101054, 0.016738995660260384, 0.019218846869187848, 0.02169869807811531, 0.022318660880347178, 0.023558586484810913, 0.026038437693738377, 0.029138251704897707, 0.0347179169249845, 0.03905765654060756, 0.04215747055176689, 0.04587724736515809, 0.05269683818970862, 0.05889646621202728, 0.5951642901425914, 0.6044637321760694, 0.6150030998140111, 1.0]",4.0,2.0,2.0,2.0,2.0,16,-1.1558900000000003,8.0,6.0,hrl_dqn_apf,hierarchical,dqn,5.327,9.212,3.767,0.00,0.00,0.00,-4.586,9.574,-2.875,0.00,0.00,0.00,5.459,6.731,0.185,0.00,0.00,0.00,3.516,3.516,3.516
2026-02-04 19:59:40,232.16,36,390,426,8.45%,117.89,2.23%,"[0, 5, 10, 15, 20, 25, 30, 35, 40, 45, 50, 55, 60, 65, 70, 75, 80, 85, 90, 95, 100]","[11, 3, 8, 5, 4, 5, 2, 1, 6, 6, 9, 6, 5, 5, 10, 11, 861, 13, 22, 620]","[0.006819590824550527, 0.008679479231246125, 0.013639181649101054, 0.016738995660260384, 0.019218846869187848, 0.022318660880347178, 0.023558586484810913, 0.02417854928704278, 0.027898326100433975, 0.03161810291382517, 0.037197768133911964, 0.04091754494730316, 0.04401735895846249, 0.047117172969621826, 0.053316800991940486, 0.06013639181649101, 0.5939243645381277, 0.601983880967142, 0.615623062616243, 1.0]",4.0,2.0,2.0,2.0,2.0,11,-0.9953599999999998,8.0,0.0,hrl_dqn_apf,hierarchical,dqn,6.088,9.210,3.766,0.00,0.00,0.00,-4.564,9.571,-3.620,0.00,0.00,0.00,5.142,6.802,0.594,0.00,0.00,0.00,3.513,3.513,3.513
2026-02-04 19:59:41,233.17,40,387,427,9.37%,118.09,2.48%,"[0, 5, 10, 15, 20, 25, 30, 35, 40, 45, 50, 55, 60, 65, 70, 75, 80, 85, 90, 95, 100]","[9, 6, 7, 6, 5, 7, 0, 2, 4, 6, 8, 6, 5, 6, 8, 11, 863, 13, 14, 627]","[0.005579665220086794, 0.009299442033477991, 0.013639181649101054, 0.01735895846249225, 0.02045877247365158, 0.024798512089274645, 0.024798512089274645, 0.026038437693738377, 0.02851828890266584, 0.032238065716057036, 0.037197768133911964, 0.04091754494730316, 0.04401735895846249, 0.04773713577185369, 0.05269683818970862, 0.059516429014259145, 0.5945443273403596, 0.6026038437693738, 0.6112833230006199, 1.0]",4.0,2.0,2.0,2.0,2.0,11,-0.9953599999999998,8.0,0.0,hrl_dqn_apf,hierarchical,dqn,6.627,9.652,4.478,0.00,0.00,0.00,-4.709,9.632,-4.987,0.00,0.00,0.00,4.493,6.630,0.082,0.00,0.00,0.00,3.510,3.510,3.510
2026-02-04 19:59:42,234.17,39,388,427,9.13%,118.13,2.42%,"[0, 5, 10, 15, 20, 25, 30, 35, 40, 45, 50, 55, 60, 65, 70, 75, 80, 85, 90, 95, 100]","[8, 8, 5, 6, 6, 6, 1, 2, 4, 5, 9, 7, 5, 5, 9, 12, 857, 15, 18, 625]","[0.0049597024178549285, 0.009919404835709857, 0.013019218846869188, 0.016738995660260384, 0.02045877247365158, 0.02417854928704278, 0.024798512089274645, 0.026038437693738377, 0.02851828890266584, 0.03161810291382517, 0.037197768133911964, 0.041537507749535026, 0.044637321760694355, 0.04773713577185369, 0.053316800991940486, 0.06075635461872288, 0.5920644761314321, 0.6013639181649101, 0.6125232486050837, 1.0]",4.0,2.0,2.0,2.0,2.0,5,-6.83524,8.0,-6.0,hrl_dqn_apf,hierarchical,dqn,6.145,9.676,4.666,0.00,0.00,0.00,-5.253,9.655,-5.210,0.00,0.00,0.00,3.980,6.688,-0.055,0.00,0.00,0.00,3.507,3.507,3.507
2026-02-04 19:59:43,235.17,41,386,427,9.60%,118.19,2.54%,"[0, 5, 10, 15, 20, 25, 30, 35, 40, 45, 50, 55, 60, 65, 70, 75, 80, 85, 90, 95, 100]","[7, 9, 4, 7, 7, 7, 1, 2, 3, 6, 8, 8, 5, 5, 9, 10, 856, 17, 16, 626]","[0.0043397396156230625, 0.009919404835709857, 0.012399256044637322, 0.016738995660260384, 0.021078735275883446, 0.02541847489150651, 0.026038437693738377, 0.02727836329820211, 0.029138251704897707, 0.0328580285182889, 0.03781773093614383, 0.04277743335399876, 0.04587724736515809, 0.048977061376317424, 0.05455672659640422, 0.06075635461872288, 0.5914445133292002, 0.601983880967142, 0.6119032858028518, 1.0]",4.0,2.0,2.0,2.0,2.0,14,17.324939999999998,8.0,0.0,hrl_dqn_apf,hierarchical,dqn,5.460,9.675,4.726,0.00,0.00,0.00,-5.955,9.654,-5.280,0.00,0.00,0.00,3.715,6.749,0.323,0.00,0.00,0.00,3.504,3.504,3.504
2026-02-04 19:59:44,236.18,38,391,429,8.86%,118.21,2.36%,"[0, 5, 10, 15, 20, 25, 30, 35, 40, 45, 50, 55, 60, 65, 70, 75, 80, 85, 90, 95, 100]","[8, 8, 3, 9, 6, 4, 4, 3, 4, 5, 8, 8, 6, 4, 12, 10, 856, 16, 16, 623]","[0.0049597024178549285, 0.009919404835709857, 0.011779293242405457, 0.01735895846249225, 0.021078735275883446, 0.023558586484810913, 0.026038437693738377, 0.027898326100433975, 0.03037817730936144, 0.03347799132052077, 0.038437693738375696, 0.04339739615623062, 0.047117172969621826, 0.04959702417854929, 0.05703657780533168, 0.06323620582765034, 0.5939243645381277, 0.6038437693738375, 0.6137631742095474, 1.0]",4.0,2.0,2.0,2.0,2.0,14,17.324939999999998,8.0,0.0,hrl_dqn_apf,hierarchical,dqn,4.727,9.671,4.745,0.00,0.00,0.00,-6.693,9.651,-5.302,0.00,0.00,0.00,3.962,6.820,0.646,0.00,0.00,0.00,3.501,3.501,3.501
2026-02-04 19:59:45,237.18,40,387,427,9.37%,118.43,2.48%,"[0, 5, 10, 15, 20, 25, 30, 35, 40, 45, 50, 55, 60, 65, 70, 75, 80, 85, 90, 95, 100]","[7, 9, 6, 7, 8, 3, 6, 1, 3, 8, 7, 8, 7, 3, 11, 8, 851, 19, 14, 627]","[0.0043397396156230625, 0.009919404835709857, 0.013639181649101054, 0.017978921264724116, 0.022938623682579044, 0.024798512089274645, 0.02851828890266584, 0.029138251704897707, 0.030998140111593304, 0.03595784252944823, 0.040297582145071294, 0.04525728456292622, 0.04959702417854929, 0.05145691258524489, 0.05827650340979541, 0.06323620582765034, 0.5908245505269684, 0.6026038437693738, 0.6112833230006199, 1.0]",4.0,2.0,2.0,2.0,2.0,4,17.48546,8.0,-12.0,hrl_dqn_apf,hierarchical,dqn,4.026,10.022,4.186,0.00,0.00,0.00,-8.036,9.712,-5.341,0.00,0.00,0.00,5.183,6.705,0.676,0.00,0.00,0.00,3.498,3.498,3.498
2026-02-04 19:59:46,238.18,40,388,428,9.35%,118.60,2.48%,"[0, 5, 10, 15, 20, 25, 30, 35, 40, 45, 50, 55, 60, 65, 70, 75, 80, 85, 90, 95, 100]","[8, 10, 5, 7, 7, 3, 7, 0, 4, 7, 7, 8, 6, 4, 11, 7, 852, 19, 14, 627]","[0.0049597024178549285, 0.011159330440173589, 0.01425914445133292, 0.018598884066955982, 0.022938623682579044, 0.024798512089274645, 0.029138251704897707, 0.029138251704897707, 0.03161810291382517, 0.03595784252944823, 0.040297582145071294, 0.04525728456292622, 0.048977061376317424, 0.05145691258524489, 0.05827650340979541, 0.06261624302541847, 0.5908245505269684, 0.6026038437693738, 0.6112833230006199, 1.0]",4.0,2.0,2.0,2.0,2.0,4,17.48546,8.0,-12.0,hrl_dqn_apf,hierarchical,dqn,3.927,10.012,4.472,0.00,0.00,0.00,-8.236,9.763,-5.305,0.00,0.00,0.00,5.512,6.595,0.213,0.00,0.00,0.00,3.495,3.495,3.495
2026-02-04 19:59:47,239.19,40,388,428,9.35%,118.81,2.48%,"[0, 5, 10, 15, 20, 25, 30, 35, 40, 45, 50, 55, 60, 65, 70, 75, 80, 85, 90, 95, 100]","[7, 8, 8, 5, 6, 6, 6, 1, 4, 6, 7, 8, 7, 4, 10, 8, 851, 16, 15, 630]","[0.0043397396156230625, 0.009299442033477991, 0.01425914445133292, 0.01735895846249225, 0.021078735275883446, 0.024798512089274645, 0.02851828890266584, 0.029138251704897707, 0.03161810291382517, 0.035337879727216366, 0.03967761934283943, 0.044637321760694355, 0.048977061376317424, 0.05145691258524489, 0.05765654060756355, 0.06261624302541847, 0.5902045877247365, 0.6001239925604464, 0.6094234345939243, 1.0]",4.0,2.0,2.0,2.0,2.0,16,-0.35536999999999974,8.0,6.0,hrl_dqn_apf,hierarchical,dqn,3.884,9.584,4.661,0.00,0.00,0.00,-8.304,9.793,-4.893,0.00,0.00,0.00,6.038,6.626,-0.054,0.00,0.00,0.00,3.492,3.492,3.492
2026-02-04 19:59:48,240.19,39,385,424,9.20%,118.97,2.48%,"[0, 5, 10, 15, 20, 25, 30, 35, 40, 45, 50, 55, 60, 65, 70, 75, 80, 85, 90, 95, 100]","[7, 8, 7, 5, 7, 6, 6, 1, 4, 6, 7, 7, 8, 4, 10, 8, 851, 12, 18, 631]","[0.0043397396156230625, 0.009299442033477991, 0.013639181649101054, 0.016738995660260384, 0.021078735275883446, 0.024798512089274645, 0.02851828890266584, 0.029138251704897707, 0.03161810291382517, 0.035337879727216366, 0.03967761934283943, 0.04401735895846249, 0.048977061376317424, 0.05145691258524489, 0.05765654060756355, 0.06261624302541847, 0.5902045877247365, 0.5976441413515189, 0.6088034717916925, 1.0]",4.0,2.0,2.0,2.0,2.0,7,5.80584,8.0,-6.0,hrl_dqn_apf,hierarchical,dqn,3.870,9.170,4.722,0.00,0.00,0.00,-8.327,9.804,-4.444,0.00,0.00,0.00,6.406,6.673,-0.469,0.00,0.00,0.00,3.489,3.489,3.489
2026-02-04 19:59:49,241.20,37,387,424,8.73%,119.15,2.48%,"[0, 5, 10, 15, 20, 25, 30, 35, 40, 45, 50, 55, 60, 65, 70, 75, 80, 85, 90, 95, 100]","[8, 5, 9, 3, 9, 6, 3, 6, 3, 5, 8, 7, 9, 5, 9, 9, 843, 18, 17, 631]","[0.0049597024178549285, 0.008059516429014259, 0.013639181649101054, 0.015499070055796652, 0.021078735275883446, 0.024798512089274645, 0.026658400495970243, 0.03037817730936144, 0.032238065716057036, 0.035337879727216366, 0.040297582145071294, 0.044637321760694355, 0.050216986980781156, 0.053316800991940486, 0.05889646621202728, 0.06447613143211407, 0.5871047737135772, 0.5982641041537508, 0.6088034717916925, 1.0]",4.0,2.0,2.0,2.0,2.0,7,5.80584,8.0,-6.0,hrl_dqn_apf,hierarchical,dqn,3.865,9.216,3.888,0.00,0.00,0.00,-8.336,9.813,-3.187,0.00,0.00,0.00,6.565,6.676,-1.874,0.00,0.00,0.00,3.486,3.486,3.486
2026-02-04 19:59:50,242.20,36,386,422,8.53%,119.25,2.42%,"[0, 5, 10, 15, 20, 25, 30, 35, 40, 45, 50, 55, 60, 65, 70, 75, 80, 85, 90, 95, 100]","[6, 6, 7, 6, 6, 8, 4, 6, 2, 5, 9, 7, 9, 5, 8, 11, 842, 14, 20, 632]","[0.0037197768133911966, 0.007439553626782393, 0.011779293242405457, 0.015499070055796652, 0.019218846869187848, 0.02417854928704278, 0.026658400495970243, 0.03037817730936144, 0.03161810291382517, 0.0347179169249845, 0.040297582145071294, 0.044637321760694355, 0.050216986980781156, 0.053316800991940486, 0.05827650340979541, 0.06509609423434594, 0.5871047737135772, 0.5957842529448233, 0.6081835089894606, 1.0]",4.0,2.0,2.0,2.0,2.0,11,-0.03369,8.0,0.0,hrl_dqn_apf,hierarchical,dqn,3.806,9.256,3.228,0.00,0.00,0.00,-8.265,9.856,-2.510,0.00,0.00,0.00,6.578,6.673,-2.630,0.00,0.00,0.00,3.483,3.483,3.483
2026-02-04 19:59:51,243.20,36,388,424,8.49%,119.35,2.42%,"[0, 5, 10, 15, 20, 25, 30, 35, 40, 45, 50, 55, 60, 65, 70, 75, 80, 85, 90, 95, 100]","[6, 5, 9, 6, 6, 7, 4, 7, 1, 6, 9, 7, 8, 6, 9, 10, 840, 16, 20, 631]","[0.0037197768133911966, 0.006819590824550527, 0.012399256044637322, 0.016119032858028518, 0.019838809671419714, 0.02417854928704278, 0.026658400495970243, 0.030998140111593304, 0.03161810291382517, 0.035337879727216366, 0.04091754494730316, 0.04525728456292622, 0.050216986980781156, 0.05393676379417235, 0.059516429014259145, 0.0657160570365778, 0.5864848109113453, 0.5964042157470552, 0.6088034717916925, 1.0]",4.0,2.0,2.0,2.0,2.0,18,12.12648,8.0,6.0,hrl_dqn_apf,hierarchical,dqn,3.348,9.299,2.929,0.00,0.00,0.00,-7.792,9.896,-2.218,0.00,0.00,0.00,6.583,6.670,-3.388,0.00,0.00,0.00,3.480,3.480,3.480
2026-02-04 19:59:52,244.22,34,392,426,7.98%,119.44,2.29%,"[0, 5, 10, 15, 20, 25, 30, 35, 40, 45, 50, 55, 60, 65, 70, 75, 80, 85, 90, 95, 100]","[7, 4, 7, 8, 6, 5, 6, 7, 1, 6, 8, 7, 9, 5, 10, 9, 841, 15, 18, 634]","[0.0043397396156230625, 0.006819590824550527, 0.011159330440173589, 0.016119032858028518, 0.019838809671419714, 0.022938623682579044, 0.026658400495970243, 0.030998140111593304, 0.03161810291382517, 0.035337879727216366, 0.040297582145071294, 0.044637321760694355, 0.050216986980781156, 0.053316800991940486, 0.059516429014259145, 0.06509609423434594, 0.5864848109113453, 0.5957842529448233, 0.6069435833849969, 1.0]",4.0,2.0,2.0,2.0,2.0,18,12.12648,8.0,6.0,hrl_dqn_apf,hierarchical,dqn,2.675,9.302,2.835,0.00,0.00,0.00,-7.115,9.897,-2.127,0.00,0.00,0.00,6.586,6.667,-4.148,0.00,0.00,0.00,3.477,3.477,3.477
2026-02-04 19:59:53,245.22,32,392,424,7.55%,119.59,2.23%,"[0, 5, 10, 15, 20, 25, 30, 35, 40, 45, 50, 55, 60, 65, 70, 75, 80, 85, 90, 95, 100]","[8, 5, 6, 7, 2, 8, 6, 8, 2, 6, 8, 8, 6, 7, 11, 8, 840, 12, 19, 636]","[0.0049597024178549285, 0.008059516429014259, 0.011779293242405457, 0.016119032858028518, 0.01735895846249225, 0.022318660880347178, 0.026038437693738377, 0.030998140111593304, 0.032238065716057036, 0.03595784252944823, 0.04091754494730316, 0.04587724736515809, 0.04959702417854929, 0.05393676379417235, 0.06075635461872288, 0.0657160570365778, 0.5864848109113453, 0.5939243645381277, 0.6057036577805331, 1.0]",4.0,2.0,2.0,2.0,2.0,18,12.28655,8.0,6.0,hrl_dqn_apf,hierarchical,dqn,1.315,9.357,2.666,0.00,0.00,0.00,-5.618,9.892,-2.089,0.00,0.00,0.00,6.588,6.848,-4.066,0.00,0.00,0.00,3.474,3.474,3.474
2026-02-04 19:59:54,246.22,34,394,428,7.94%,119.73,2.36%,"[0, 5, 10, 15, 20, 25, 30, 35, 40, 45, 50, 55, 60, 65, 70, 75, 80, 85, 90, 95, 100]","[8, 6, 7, 6, 3, 8, 6, 3, 6, 5, 8, 8, 7, 7, 11, 8, 838, 12, 18, 638]","[0.0049597024178549285, 0.008679479231246125, 0.013019218846869188, 0.016738995660260384, 0.018598884066955982, 0.023558586484810913, 0.02727836329820211, 0.029138251704897707, 0.0328580285182889, 0.03595784252944823, 0.04091754494730316, 0.04587724736515809, 0.050216986980781156, 0.05455672659640422, 0.06137631742095474, 0.06633601983880967, 0.5858648481091134, 0.5933044017358958, 0.6044637321760694, 1.0]",4.0,2.0,2.0,2.0,2.0,2,6.44705,8.0,-12.0,hrl_dqn_apf,hierarchical,dqn,1.079,9.383,2.133,0.00,0.00,0.00,-4.862,9.889,-2.086,0.00,0.00,0.00,6.588,6.848,-3.410,0.00,0.00,0.00,3.471,3.471,3.471
2026-02-04 19:59:55,247.23,34,393,427,7.96%,119.86,2.36%,"[0, 5, 10, 15, 20, 25, 30, 35, 40, 45, 50, 55, 60, 65, 70, 75, 80, 85, 90, 95, 100]","[9, 5, 5, 6, 5, 8, 6, 4, 6, 6, 7, 9, 6, 8, 10, 8, 838, 10, 17, 640]","[0.005579665220086794, 0.008679479231246125, 0.011779293242405457, 0.015499070055796652, 0.018598884066955982, 0.023558586484810913, 0.02727836329820211, 0.029758214507129573, 0.03347799132052077, 0.037197768133911964, 0.041537507749535026, 0.047117172969621826, 0.05083694978301302, 0.05579665220086795, 0.06199628022318661, 0.06695598264104154, 0.5864848109113453, 0.592684438933664, 0.6032238065716057, 1.0]",4.0,2.0,2.0,2.0,2.0,2,6.44705,8.0,-12.0,hrl_dqn_apf,hierarchical,dqn,1.004,9.383,1.436,0.00,0.00,0.00,-4.102,9.886,-2.086,0.00,0.00,0.00,6.587,6.845,-2.677,0.00,0.00,0.00,3.468,3.468,3.468
2026-02-04 19:59:56,248.23,34,393,427,7.96%,120.02,2.36%,"[0, 5, 10, 15, 20, 25, 30, 35, 40, 45, 50, 55, 60, 65, 70, 75, 80, 85, 90, 95, 100]","[11, 4, 5, 6, 7, 5, 7, 4, 6, 3, 9, 8, 7, 7, 11, 7, 835, 13, 16, 642]","[0.006819590824550527, 0.009299442033477991, 0.012399256044637322, 0.016119032858028518, 0.02045877247365158, 0.023558586484810913, 0.027898326100433975, 0.03037817730936144, 0.034097954122752634, 0.03595784252944823, 0.041537507749535026, 0.04649721016738995, 0.05083694978301302, 0.05517668939863608, 0.06199628022318661, 0.06633601983880967, 0.5840049597024178, 0.5920644761314321, 0.601983880967142, 1.0]",4.0,2.0,2.0,2.0,2.0,12,6.60708,8.0,0.0,hrl_dqn_apf,hierarchical,dqn,0.981,9.380,0.704,0.00,0.00,0.00,-3.353,9.883,-2.086,0.00,0.00,0.00,6.585,6.842,-1.936,0.00,0.00,0.00,3.465,3.465,3.465
2026-02-04 19:59:57,249.23,35,398,433,8.08%,120.32,2.42%,"[0, 5, 10, 15, 20, 25, 30, 35, 40, 45, 50, 55, 60, 65, 70, 75, 80, 85, 90, 95, 100]","[14, 5, 3, 6, 8, 3, 5, 5, 7, 3, 8, 8, 6, 7, 11, 8, 830, 17, 16, 643]","[0.008679479231246125, 0.011779293242405457, 0.013639181649101054, 0.01735895846249225, 0.022318660880347178, 0.02417854928704278, 0.02727836329820211, 0.03037817730936144, 0.0347179169249845, 0.0365778053316801, 0.041537507749535026, 0.04649721016738995, 0.050216986980781156, 0.05455672659640422, 0.06137631742095474, 0.06633601983880967, 0.5809051456912585, 0.5914445133292002, 0.6013639181649101, 1.0]",4.0,2.0,2.0,2.0,2.0,22,6.68721,8.0,12.0,hrl_dqn_apf,hierarchical,dqn,1.088,9.432,-0.612,0.00,0.00,0.00,-2.117,10.039,-2.165,0.00,0.00,0.00,6.581,6.836,-0.415,0.00,0.00,0.00,3.462,3.462,3.462
2026-02-04 19:59:58,250.23,34,393,427,7.96%,120.47,2.36%,"[0, 5, 10, 15, 20, 25, 30, 35, 40, 45, 50, 55, 60, 65, 70, 75, 80, 85, 90, 95, 100]","[13, 6, 4, 5, 7, 3, 6, 6, 7, 3, 8, 7, 7, 6, 12, 8, 828, 17, 15, 645]","[0.008059516429014259, 0.011779293242405457, 0.01425914445133292, 0.01735895846249225, 0.02169869807811531, 0.023558586484810913, 0.02727836329820211, 0.030998140111593304, 0.035337879727216366, 0.037197768133911964, 0.04215747055176689, 0.04649721016738995, 0.05083694978301302, 0.05455672659640422, 0.06199628022318661, 0.06695598264104154, 0.5802851828890266, 0.5908245505269684, 0.6001239925604464, 1.0]",4.0,2.0,2.0,2.0,2.0,22,6.68721,8.0,12.0,hrl_dqn_apf,hierarchical,dqn,1.549,9.413,-0.587,0.00,0.00,0.00,-2.370,10.145,-2.433,0.00,0.00,0.00,6.579,6.833,0.340,0.00,0.00,0.00,3.459,3.459,3.459
2026-02-04 19:59:59,251.24,35,392,427,8.20%,120.59,2.42%,"[0, 5, 10, 15, 20, 25, 30, 35, 40, 45, 50, 55, 60, 65, 70, 75, 80, 85, 90, 95, 100]","[15, 7, 4, 5, 5, 3, 6, 6, 4, 6, 7, 7, 7, 6, 11, 9, 823, 21, 13, 648]","[0.009299442033477991, 0.013639181649101054, 0.016119032858028518, 0.019218846869187848, 0.022318660880347178, 0.02417854928704278, 0.027898326100433975, 0.03161810291382517, 0.034097954122752634, 0.03781773093614383, 0.04215747055176689, 0.04649721016738995, 0.05083694978301302, 0.05455672659640422, 0.06137631742095474, 0.06695598264104154, 0.5771853688778673, 0.5902045877247365, 0.5982641041537508, 1.0]",4.0,2.0,2.0,2.0,2.0,13,12.8477,8.0,0.0,hrl_dqn_apf,hierarchical,dqn,2.166,9.346,-0.339,0.00,0.00,0.00,-2.927,10.215,-2.757,0.00,0.00,0.00,6.577,6.830,1.098,0.00,0.00,0.00,3.456,3.456,3.456
2026-02-04 20:00:00,252.24,37,390,427,8.67%,120.72,2.54%,"[0, 5, 10, 15, 20, 25, 30, 35, 40, 45, 50, 55, 60, 65, 70, 75, 80, 85, 90, 95, 100]","[14, 9, 3, 5, 7, 3, 6, 5, 4, 7, 7, 6, 7, 5, 12, 9, 823, 20, 12, 649]","[0.008679479231246125, 0.01425914445133292, 0.016119032858028518, 0.019218846869187848, 0.023558586484810913, 0.02541847489150651, 0.029138251704897707, 0.032238065716057036, 0.0347179169249845, 0.03905765654060756, 0.04339739615623062, 0.047117172969621826, 0.05145691258524489, 0.05455672659640422, 0.06199628022318661, 0.0675759454432734, 0.5778053316800992, 0.5902045877247365, 0.5976441413515189, 1.0]",4.0,2.0,2.0,2.0,2.0,22,7.00757,8.0,12.0,hrl_dqn_apf,hierarchical,dqn,2.838,9.276,-0.028,0.00,0.00,0.00,-3.582,10.267,-3.090,0.00,0.00,0.00,6.576,6.837,1.590,0.00,0.00,0.00,3.453,3.453,3.453
2026-02-04 20:00:01,253.24,34,390,424,8.02%,121.04,2.54%,"[0, 5, 10, 15, 20, 25, 30, 35, 40, 45, 50, 55, 60, 65, 70, 75, 80, 85, 90, 95, 100]","[16, 8, 4, 3, 5, 5, 5, 6, 4, 8, 5, 7, 7, 6, 12, 8, 823, 15, 15, 651]","[0.009919404835709857, 0.014879107253564786, 0.01735895846249225, 0.019218846869187848, 0.022318660880347178, 0.02541847489150651, 0.02851828890266584, 0.032238065716057036, 0.0347179169249845, 0.03967761934283943, 0.04277743335399876, 0.047117172969621826, 0.05145691258524489, 0.05517668939863608, 0.06261624302541847, 0.0675759454432734, 0.5778053316800992, 0.5871047737135772, 0.5964042157470552, 1.0]",4.0,2.0,2.0,2.0,2.0,22,7.00757,8.0,12.0,hrl_dqn_apf,hierarchical,dqn,4.043,9.563,0.198,0.00,0.00,0.00,-4.190,9.847,-3.226,0.00,0.00,0.00,6.671,6.704,2.869,0.00,0.00,0.00,3.450,3.450,3.450
2026-02-04 20:00:02,254.24,34,390,424,8.02%,121.21,2.54%,"[0, 5, 10, 15, 20, 25, 30, 35, 40, 45, 50, 55, 60, 65, 70, 75, 80, 85, 90, 95, 100]","[18, 7, 4, 2, 4, 6, 3, 5, 7, 8, 5, 7, 7, 5, 12, 9, 821, 14, 18, 651]","[0.011159330440173589, 0.015499070055796652, 0.017978921264724116, 0.019218846869187848, 0.02169869807811531, 0.02541847489150651, 0.02727836329820211, 0.03037817730936144, 0.0347179169249845, 0.03967761934283943, 0.04277743335399876, 0.047117172969621826, 0.05145691258524489, 0.05455672659640422, 0.06199628022318661, 0.0675759454432734, 0.5765654060756354, 0.5852448853068816, 0.5964042157470552, 1.0]",4.0,2.0,2.0,2.0,2.0,3,13.167729999999999,8.0,-12.0,hrl_dqn_apf,hierarchical,dqn,3.828,9.849,-0.087,0.00,0.00,0.00,-4.232,9.867,-2.693,0.00,0.00,0.00,7.098,6.477,3.393,0.00,0.00,0.00,3.447,3.447,3.447
2026-02-04 20:00:03,255.25,34,392,426,7.98%,121.36,2.54%,"[0, 5, 10, 15, 20, 25, 30, 35, 40, 45, 50, 55, 60, 65, 70, 75, 80, 85, 90, 95, 100]","[16, 8, 5, 3, 3, 6, 2, 5, 8, 8, 5, 7, 6, 6, 11, 10, 817, 16, 18, 653]","[0.009919404835709857, 0.014879107253564786, 0.017978921264724116, 0.019838809671419714, 0.02169869807811531, 0.02541847489150651, 0.026658400495970243, 0.029758214507129573, 0.0347179169249845, 0.03967761934283943, 0.04277743335399876, 0.047117172969621826, 0.05083694978301302, 0.05455672659640422, 0.06137631742095474, 0.0675759454432734, 0.574085554866708, 0.5840049597024178, 0.5951642901425914, 1.0]",4.0,2.0,2.0,2.0,2.0,9,19.32842,8.0,-6.0,hrl_dqn_apf,hierarchical,dqn,3.384,10.062,-0.536,0.00,0.00,0.00,-4.245,9.868,-1.993,0.00,0.00,0.00,7.618,6.285,3.903,0.00,0.00,0.00,3.444,3.444,3.444
2026-02-04 20:00:04,256.25,33,391,424,7.78%,121.49,2.48%,"[0, 5, 10, 15, 20, 25, 30, 35, 40, 45, 50, 55, 60, 65, 70, 75, 80, 85, 90, 95, 100]","[16, 9, 5, 3, 3, 4, 3, 7, 8, 5, 7, 6, 7, 5, 11, 10, 818, 13, 19, 654]","[0.009919404835709857, 0.015499070055796652, 0.018598884066955982, 0.02045877247365158, 0.022318660880347178, 0.024798512089274645, 0.026658400495970243, 0.030998140111593304, 0.03595784252944823, 0.03905765654060756, 0.04339739615623062, 0.047117172969621826, 0.05145691258524489, 0.05455672659640422, 0.06137631742095474, 0.0675759454432734, 0.5747055176689398, 0.5827650340979541, 0.5945443273403596, 1.0]",4.0,2.0,2.0,2.0,2.0,9,19.32842,8.0,-6.0,hrl_dqn_apf,hierarchical,dqn,3.458,10.163,-0.811,0.00,0.00,0.00,-4.249,9.867,-1.250,0.00,0.00,0.00,7.920,6.415,3.864,0.00,0.00,0.00,3.441,3.441,3.441
2026-02-04 20:00:05,257.25,35,389,424,8.25%,121.81,2.60%,"[0, 5, 10, 15, 20, 25, 30, 35, 40, 45, 50, 55, 60, 65, 70, 75, 80, 85, 90, 95, 100]","[14, 11, 5, 6, 1, 5, 3, 4, 9, 5, 7, 5, 7, 6, 10, 11, 817, 11, 22, 654]","[0.008679479231246125, 0.015499070055796652, 0.018598884066955982, 0.022318660880347178, 0.022938623682579044, 0.026038437693738377, 0.027898326100433975, 0.03037817730936144, 0.03595784252944823, 0.03905765654060756, 0.04339739615623062, 0.04649721016738995, 0.05083694978301302, 0.05455672659640422, 0.06075635461872288, 0.0675759454432734, 0.574085554866708, 0.5809051456912585, 0.5945443273403596, 1.0]",4.0,2.0,2.0,2.0,2.0,20,-4.51151,8.0,12.0,hrl_dqn_apf,hierarchical,dqn,4.009,9.670,-0.938,0.00,0.00,0.00,-4.249,9.861,0.250,0.00,0.00,0.00,8.051,6.435,2.641,0.00,0.00,0.00,3.438,3.438,3.438
2026-02-04 20:00:06,258.25,37,387,424,8.73%,121.91,2.73%,"[0, 5, 10, 15, 20, 25, 30, 35, 40, 45, 50, 55, 60, 65, 70, 75, 80, 85, 90, 95, 100]","[14, 11, 7, 4, 3, 5, 2, 5, 7, 5, 8, 4, 7, 6, 10, 11, 817, 12, 16, 659]","[0.008679479231246125, 0.015499070055796652, 0.019838809671419714, 0.022318660880347178, 0.02417854928704278, 0.02727836329820211, 0.02851828890266584, 0.03161810291382517, 0.03595784252944823, 0.03905765654060756, 0.04401735895846249, 0.04649721016738995, 0.05083694978301302, 0.05455672659640422, 0.06075635461872288, 0.0675759454432734, 0.574085554866708, 0.5815251084934904, 0.5914445133292002, 1.0]",4.0,2.0,2.0,2.0,2.0,20,-4.51151,8.0,12.0,hrl_dqn_apf,hierarchical,dqn,4.569,9.686,-0.947,0.00,0.00,0.00,-4.249,9.858,1.010,0.00,0.00,0.00,8.062,6.433,1.898,0.00,0.00,0.00,3.435,3.435,3.435
2026-02-04 20:00:07,259.25,38,386,424,8.96%,122.02,2.79%,"[0, 5, 10, 15, 20, 25, 30, 35, 40, 45, 50, 55, 60, 65, 70, 75, 80, 85, 90, 95, 100]","[11, 14, 7, 5, 3, 5, 3, 3, 5, 7, 8, 5, 6, 6, 10, 11, 815, 12, 15, 662]","[0.006819590824550527, 0.015499070055796652, 0.019838809671419714, 0.022938623682579044, 0.024798512089274645, 0.027898326100433975, 0.029758214507129573, 0.03161810291382517, 0.0347179169249845, 0.03905765654060756, 0.04401735895846249, 0.047117172969621826, 0.05083694978301302, 0.05455672659640422, 0.06075635461872288, 0.0675759454432734, 0.5728456292622442, 0.5802851828890266, 0.5895846249225046, 1.0]",4.0,2.0,2.0,2.0,2.0,1,1.6486200000000002,8.0,-12.0,hrl_dqn_apf,hierarchical,dqn,5.263,9.699,-0.940,0.00,0.00,0.00,-4.249,9.855,1.771,0.00,0.00,0.00,8.067,6.430,1.142,0.00,0.00,0.00,3.432,3.432,3.432
2026-02-04 20:00:08,260.26,38,390,428,8.88%,122.13,2.79%,"[0, 5, 10, 15, 20, 25, 30, 35, 40, 45, 50, 55, 60, 65, 70, 75, 80, 85, 90, 95, 100]","[14, 11, 7, 6, 2, 5, 3, 3, 5, 7, 8, 5, 6, 6, 10, 10, 814, 10, 20, 661]","[0.008679479231246125, 0.015499070055796652, 0.019838809671419714, 0.023558586484810913, 0.024798512089274645, 0.027898326100433975, 0.029758214507129573, 0.03161810291382517, 0.0347179169249845, 0.03905765654060756, 0.04401735895846249, 0.047117172969621826, 0.05083694978301302, 0.05455672659640422, 0.06075635461872288, 0.06695598264104154, 0.5716057036577805, 0.5778053316800992, 0.5902045877247365, 1.0]",4.0,2.0,2.0,2.0,2.0,20,-4.19103,8.0,12.0,hrl_dqn_apf,hierarchical,dqn,5.669,9.767,-0.595,0.00,0.00,0.00,-4.248,9.852,2.531,0.00,0.00,0.00,8.070,6.427,0.382,0.00,0.00,0.00,3.429,3.429,3.429
2026-02-04 20:00:09,261.26,39,388,427,9.13%,122.35,2.85%,"[0, 5, 10, 15, 20, 25, 30, 35, 40, 45, 50, 55, 60, 65, 70, 75, 80, 85, 90, 95, 100]","[12, 10, 11, 5, 3, 5, 3, 2, 6, 8, 6, 6, 6, 6, 10, 8, 811, 15, 13, 667]","[0.007439553626782393, 0.013639181649101054, 0.02045877247365158, 0.023558586484810913, 0.02541847489150651, 0.02851828890266584, 0.03037817730936144, 0.03161810291382517, 0.035337879727216366, 0.040297582145071294, 0.04401735895846249, 0.04773713577185369, 0.05145691258524489, 0.05517668939863608, 0.06137631742095474, 0.06633601983880967, 0.569125852448853, 0.578425294482331, 0.5864848109113453, 1.0]",4.0,2.0,2.0,2.0,2.0,20,-4.19103,8.0,12.0,hrl_dqn_apf,hierarchical,dqn,5.132,10.483,-0.474,0.00,0.00,0.00,-4.093,9.913,3.903,0.00,0.00,0.00,8.724,5.989,0.048,0.00,0.00,0.00,3.426,3.426,3.426
2026-02-04 20:00:10,262.26,38,389,427,8.90%,122.50,2.79%,"[0, 5, 10, 15, 20, 25, 30, 35, 40, 45, 50, 55, 60, 65, 70, 75, 80, 85, 90, 95, 100]","[13, 10, 9, 6, 4, 3, 3, 3, 5, 8, 7, 6, 6, 5, 11, 8, 809, 16, 12, 669]","[0.008059516429014259, 0.01425914445133292, 0.019838809671419714, 0.023558586484810913, 0.026038437693738377, 0.027898326100433975, 0.029758214507129573, 0.03161810291382517, 0.0347179169249845, 0.03967761934283943, 0.04401735895846249, 0.04773713577185369, 0.05145691258524489, 0.05455672659640422, 0.06137631742095474, 0.06633601983880967, 0.5678859268443893, 0.5778053316800992, 0.5852448853068816, 1.0]",4.0,2.0,2.0,2.0,2.0,24,19.96893,8.0,12.0,hrl_dqn_apf,hierarchical,dqn,4.508,10.522,-0.601,0.00,0.00,0.00,-3.548,9.936,4.126,0.00,0.00,0.00,9.346,5.929,0.158,0.00,0.00,0.00,3.423,3.423,3.423
2026-02-04 20:00:11,263.26,38,389,427,8.90%,122.63,2.79%,"[0, 5, 10, 15, 20, 25, 30, 35, 40, 45, 50, 55, 60, 65, 70, 75, 80, 85, 90, 95, 100]","[11, 10, 11, 6, 2, 5, 3, 3, 5, 7, 8, 6, 5, 6, 11, 9, 807, 17, 13, 668]","[0.006819590824550527, 0.013019218846869188, 0.019838809671419714, 0.023558586484810913, 0.024798512089274645, 0.027898326100433975, 0.029758214507129573, 0.03161810291382517, 0.0347179169249845, 0.03905765654060756, 0.04401735895846249, 0.04773713577185369, 0.05083694978301302, 0.05455672659640422, 0.06137631742095474, 0.06695598264104154, 0.5672659640421575, 0.5778053316800992, 0.5858648481091134, 1.0]",4.0,2.0,2.0,2.0,2.0,0,-3.87078,8.0,-12.0,hrl_dqn_apf,hierarchical,dqn,4.194,10.102,-0.657,0.00,0.00,0.00,-2.845,9.936,4.195,0.00,0.00,0.00,9.649,6.392,0.203,0.00,0.00,0.00,3.420,3.420,3.420
2026-02-04 20:00:12,264.27,39,388,427,9.13%,122.72,2.85%,"[0, 5, 10, 15, 20, 25, 30, 35, 40, 45, 50, 55, 60, 65, 70, 75, 80, 85, 90, 95, 100]","[12, 8, 10, 8, 4, 4, 3, 4, 5, 5, 9, 7, 5, 5, 11, 8, 807, 15, 15, 668]","[0.007439553626782393, 0.012399256044637322, 0.018598884066955982, 0.023558586484810913, 0.026038437693738377, 0.02851828890266584, 0.03037817730936144, 0.0328580285182889, 0.03595784252944823, 0.03905765654060756, 0.044637321760694355, 0.048977061376317424, 0.052076875387476754, 0.05517668939863608, 0.06199628022318661, 0.06695598264104154, 0.5672659640421575, 0.5765654060756354, 0.5858648481091134, 1.0]",4.0,2.0,2.0,2.0,2.0,0,-3.87078,8.0,-12.0,hrl_dqn_apf,hierarchical,dqn,4.095,9.688,-0.674,0.00,0.00,0.00,-2.104,9.933,4.216,0.00,0.00,0.00,9.744,6.807,0.218,0.00,0.00,0.00,3.417,3.417,3.417
2026-02-04 20:00:13,265.28,40,387,427,9.37%,123.01,2.91%,"[0, 5, 10, 15, 20, 25, 30, 35, 40, 45, 50, 55, 60, 65, 70, 75, 80, 85, 90, 95, 100]","[13, 7, 10, 8, 5, 4, 3, 4, 3, 6, 10, 7, 5, 5, 10, 9, 798, 21, 12, 673]","[0.008059516429014259, 0.012399256044637322, 0.018598884066955982, 0.023558586484810913, 0.026658400495970243, 0.029138251704897707, 0.030998140111593304, 0.03347799132052077, 0.035337879727216366, 0.03905765654060756, 0.04525728456292622, 0.04959702417854929, 0.05269683818970862, 0.05579665220086795, 0.06199628022318661, 0.0675759454432734, 0.5623062616243025, 0.5753254804711717, 0.5827650340979541, 1.0]",4.0,2.0,2.0,2.0,2.0,19,20.289740000000002,8.0,6.0,hrl_dqn_apf,hierarchical,dqn,4.181,9.188,-0.681,0.00,0.00,0.00,-0.589,9.927,4.224,0.00,0.00,0.00,9.021,6.890,0.224,0.00,0.00,0.00,3.414,3.414,3.414
2026-02-04 20:00:14,266.28,40,388,428,9.35%,123.17,2.91%,"[0, 5, 10, 15, 20, 25, 30, 35, 40, 45, 50, 55, 60, 65, 70, 75, 80, 85, 90, 95, 100]","[12, 7, 8, 11, 4, 5, 3, 4, 3, 6, 11, 6, 5, 5, 11, 9, 798, 21, 12, 672]","[0.007439553626782393, 0.011779293242405457, 0.016738995660260384, 0.023558586484810913, 0.026038437693738377, 0.029138251704897707, 0.030998140111593304, 0.03347799132052077, 0.035337879727216366, 0.03905765654060756, 0.04587724736515809, 0.04959702417854929, 0.05269683818970862, 0.05579665220086795, 0.06261624302541847, 0.06819590824550527, 0.5629262244265344, 0.5759454432734036, 0.583384996900186, 1.0]",4.0,2.0,2.0,2.0,2.0,19,20.44969,8.0,6.0,hrl_dqn_apf,hierarchical,dqn,4.706,9.213,-0.682,0.00,0.00,0.00,0.171,9.924,4.224,0.00,0.00,0.00,8.316,6.886,0.223,0.00,0.00,0.00,3.411,3.411,3.411
2026-02-04 20:00:15,267.29,42,384,426,9.86%,123.31,3.04%,"[0, 5, 10, 15, 20, 25, 30, 35, 40, 45, 50, 55, 60, 65, 70, 75, 80, 85, 90, 95, 100]","[14, 6, 9, 9, 5, 6, 1, 5, 3, 6, 9, 7, 5, 5, 10, 10, 797, 16, 17, 673]","[0.008679479231246125, 0.012399256044637322, 0.017978921264724116, 0.023558586484810913, 0.026658400495970243, 0.03037817730936144, 0.030998140111593304, 0.034097954122752634, 0.03595784252944823, 0.03967761934283943, 0.04525728456292622, 0.04959702417854929, 0.05269683818970862, 0.05579665220086795, 0.06199628022318661, 0.06819590824550527, 0.5623062616243025, 0.5722256664600124, 0.5827650340979541, 1.0]",4.0,2.0,2.0,2.0,2.0,19,20.44969,8.0,6.0,hrl_dqn_apf,hierarchical,dqn,5.397,9.282,-0.686,0.00,0.00,0.00,0.951,9.920,4.224,0.00,0.00,0.00,7.564,6.862,0.223,0.00,0.00,0.00,3.408,3.408,3.408
2026-02-04 20:00:16,268.29,40,384,424,9.43%,123.46,2.91%,"[0, 5, 10, 15, 20, 25, 30, 35, 40, 45, 50, 55, 60, 65, 70, 75, 80, 85, 90, 95, 100]","[14, 6, 8, 11, 4, 4, 3, 5, 3, 6, 8, 8, 5, 4, 11, 10, 797, 14, 19, 673]","[0.008679479231246125, 0.012399256044637322, 0.01735895846249225, 0.02417854928704278, 0.026658400495970243, 0.029138251704897707, 0.030998140111593304, 0.034097954122752634, 0.03595784252944823, 0.03967761934283943, 0.044637321760694355, 0.04959702417854929, 0.05269683818970862, 0.05517668939863608, 0.06199628022318661, 0.06819590824550527, 0.5623062616243025, 0.5709857408555487, 0.5827650340979541, 1.0]",4.0,2.0,2.0,2.0,2.0,0,-3.38997,8.0,-12.0,hrl_dqn_apf,hierarchical,dqn,5.449,9.634,-0.773,0.00,0.00,0.00,1.712,9.917,4.224,0.00,0.00,0.00,7.449,6.786,0.303,0.00,0.00,0.00,3.405,3.405,3.405
2026-02-04 20:00:17,269.29,40,384,424,9.43%,123.73,2.91%,"[0, 5, 10, 15, 20, 25, 30, 35, 40, 45, 50, 55, 60, 65, 70, 75, 80, 85, 90, 95, 100]","[14, 5, 5, 13, 6, 4, 2, 6, 4, 5, 7, 9, 6, 4, 10, 10, 792, 15, 19, 677]","[0.008679479231246125, 0.011779293242405457, 0.014879107253564786, 0.022938623682579044, 0.026658400495970243, 0.029138251704897707, 0.03037817730936144, 0.034097954122752634, 0.0365778053316801, 0.03967761934283943, 0.04401735895846249, 0.04959702417854929, 0.053316800991940486, 0.05579665220086795, 0.06199628022318661, 0.06819590824550527, 0.5592064476131432, 0.5685058896466212, 0.5802851828890266, 1.0]",4.0,2.0,2.0,2.0,2.0,15,-3.3095499999999998,8.0,6.0,hrl_dqn_apf,hierarchical,dqn,4.319,10.228,-1.239,0.00,0.00,0.00,3.233,9.911,4.223,0.00,0.00,0.00,8.539,6.226,0.757,0.00,0.00,0.00,3.402,3.402,3.402
2026-02-04 20:00:18,270.30,40,378,418,9.57%,123.86,2.91%,"[0, 5, 10, 15, 20, 25, 30, 35, 40, 45, 50, 55, 60, 65, 70, 75, 80, 85, 90, 95, 100]","[15, 4, 6, 11, 7, 4, 2, 6, 4, 3, 8, 10, 6, 4, 10, 9, 793, 12, 22, 677]","[0.009299442033477991, 0.011779293242405457, 0.015499070055796652, 0.022318660880347178, 0.026658400495970243, 0.029138251704897707, 0.03037817730936144, 0.034097954122752634, 0.0365778053316801, 0.038437693738375696, 0.04339739615623062, 0.04959702417854929, 0.053316800991940486, 0.05579665220086795, 0.06199628022318661, 0.0675759454432734, 0.5592064476131432, 0.5666460012399256, 0.5802851828890266, 1.0]",4.0,2.0,2.0,2.0,2.0,15,-3.3095499999999998,8.0,6.0,hrl_dqn_apf,hierarchical,dqn,3.681,10.229,-1.541,0.00,0.00,0.00,3.993,9.908,4.222,0.00,0.00,0.00,9.172,6.100,1.010,0.00,0.00,0.00,3.399,3.399,3.399
2026-02-04 20:00:19,271.30,41,383,424,9.67%,123.99,2.98%,"[0, 5, 10, 15, 20, 25, 30, 35, 40, 45, 50, 55, 60, 65, 70, 75, 80, 85, 90, 95, 100]","[15, 4, 6, 10, 9, 4, 2, 5, 3, 4, 9, 10, 5, 5, 9, 10, 792, 12, 22, 677]","[0.009299442033477991, 0.011779293242405457, 0.015499070055796652, 0.02169869807811531, 0.02727836329820211, 0.029758214507129573, 0.030998140111593304, 0.034097954122752634, 0.03595784252944823, 0.038437693738375696, 0.04401735895846249, 0.050216986980781156, 0.053316800991940486, 0.056416615003099815, 0.06199628022318661, 0.06819590824550527, 0.5592064476131432, 0.5666460012399256, 0.5802851828890266, 1.0]",4.0,2.0,2.0,2.0,2.0,14,20.850369999999998,8.0,0.0,hrl_dqn_apf,hierarchical,dqn,3.378,9.816,-1.689,0.00,0.00,0.00,4.756,9.905,4.222,0.00,0.00,0.00,9.470,6.184,0.715,0.00,0.00,0.00,3.396,3.396,3.396
2026-02-04 20:00:20,272.30,42,384,426,9.86%,124.16,3.04%,"[0, 5, 10, 15, 20, 25, 30, 35, 40, 45, 50, 55, 60, 65, 70, 75, 80, 85, 90, 95, 100]","[14, 5, 5, 11, 8, 6, 3, 5, 2, 5, 8, 10, 5, 4, 9, 9, 793, 11, 17, 683]","[0.008679479231246125, 0.011779293242405457, 0.014879107253564786, 0.02169869807811531, 0.026658400495970243, 0.03037817730936144, 0.032238065716057036, 0.035337879727216366, 0.0365778053316801, 0.03967761934283943, 0.044637321760694355, 0.05083694978301302, 0.05393676379417235, 0.056416615003099815, 0.06199628022318661, 0.0675759454432734, 0.5592064476131432, 0.5660260384376937, 0.5765654060756354, 1.0]",4.0,2.0,2.0,2.0,2.0,15,-2.9893800000000006,8.0,6.0,hrl_dqn_apf,hierarchical,dqn,3.284,9.406,-1.735,0.00,0.00,0.00,5.511,9.902,4.221,0.00,0.00,0.00,9.564,6.194,0.096,0.00,0.00,0.00,3.393,3.393,3.393
2026-02-04 20:00:21,273.30,42,384,426,9.86%,124.46,3.04%,"[0, 5, 10, 15, 20, 25, 30, 35, 40, 45, 50, 55, 60, 65, 70, 75, 80, 85, 90, 95, 100]","[13, 7, 4, 7, 10, 8, 2, 7, 2, 5, 8, 9, 5, 5, 9, 8, 789, 10, 20, 685]","[0.008059516429014259, 0.012399256044637322, 0.014879107253564786, 0.019218846869187848, 0.02541847489150651, 0.03037817730936144, 0.03161810291382517, 0.03595784252944823, 0.037197768133911964, 0.040297582145071294, 0.04525728456292622, 0.05083694978301302, 0.05393676379417235, 0.05703657780533168, 0.06261624302541847, 0.0675759454432734, 0.5567265964042157, 0.5629262244265344, 0.5753254804711717, 1.0]",4.0,2.0,2.0,2.0,2.0,15,-2.9893800000000006,8.0,6.0,hrl_dqn_apf,hierarchical,dqn,3.375,9.489,-1.040,0.00,0.00,0.00,7.035,9.896,4.220,0.00,0.00,0.00,8.810,6.284,-0.601,0.00,0.00,0.00,3.390,3.390,3.390
2026-02-04 20:00:22,274.31,42,386,428,9.81%,124.61,3.04%,"[0, 5, 10, 15, 20, 25, 30, 35, 40, 45, 50, 55, 60, 65, 70, 75, 80, 85, 90, 95, 100]","[14, 8, 3, 5, 11, 8, 2, 6, 3, 5, 7, 8, 7, 5, 9, 8, 789, 10, 15, 690]","[0.008679479231246125, 0.013639181649101054, 0.015499070055796652, 0.018598884066955982, 0.02541847489150651, 0.03037817730936144, 0.03161810291382517, 0.035337879727216366, 0.037197768133911964, 0.040297582145071294, 0.044637321760694355, 0.04959702417854929, 0.05393676379417235, 0.05703657780533168, 0.06261624302541847, 0.0675759454432734, 0.5567265964042157, 0.5629262244265344, 0.5722256664600124, 1.0]",4.0,2.0,2.0,2.0,2.0,24,21.171010000000003,8.0,12.0,hrl_dqn_apf,hierarchical,dqn,3.900,9.514,-0.846,0.00,0.00,0.00,7.795,9.893,4.220,0.00,0.00,0.00,8.102,6.283,-0.658,0.00,0.00,0.00,3.387,3.387,3.387
2026-02-04 20:00:23,275.32,41,386,427,9.60%,124.72,2.98%,"[0, 5, 10, 15, 20, 25, 30, 35, 40, 45, 50, 55, 60, 65, 70, 75, 80, 85, 90, 95, 100]","[14, 7, 3, 6, 9, 9, 3, 6, 3, 5, 7, 7, 8, 5, 9, 8, 788, 11, 12, 693]","[0.008679479231246125, 0.013019218846869188, 0.014879107253564786, 0.018598884066955982, 0.02417854928704278, 0.029758214507129573, 0.03161810291382517, 0.035337879727216366, 0.037197768133911964, 0.040297582145071294, 0.044637321760694355, 0.048977061376317424, 0.05393676379417235, 0.05703657780533168, 0.06261624302541847, 0.0675759454432734, 0.5561066336019839, 0.5629262244265344, 0.5703657780533168, 1.0]",4.0,2.0,2.0,2.0,2.0,12,9.33117,8.0,0.0,hrl_dqn_apf,hierarchical,dqn,4.594,9.515,-0.785,0.00,0.00,0.00,8.537,9.910,4.201,0.00,0.00,0.00,7.355,6.280,-0.676,0.00,0.00,0.00,3.383,3.383,3.383
2026-02-04 20:00:24,276.32,41,386,427,9.60%,124.82,2.98%,"[0, 5, 10, 15, 20, 25, 30, 35, 40, 45, 50, 55, 60, 65, 70, 75, 80, 85, 90, 95, 100]","[16, 5, 3, 5, 9, 10, 2, 7, 3, 4, 7, 8, 8, 5, 9, 7, 783, 16, 12, 694]","[0.009919404835709857, 0.013019218846869188, 0.014879107253564786, 0.017978921264724116, 0.023558586484810913, 0.029758214507129573, 0.030998140111593304, 0.035337879727216366, 0.037197768133911964, 0.03967761934283943, 0.04401735895846249, 0.048977061376317424, 0.05393676379417235, 0.05703657780533168, 0.06261624302541847, 0.06695598264104154, 0.5523868567885927, 0.5623062616243025, 0.5697458152510849, 1.0]",4.0,2.0,2.0,2.0,2.0,12,9.33117,8.0,0.0,hrl_dqn_apf,hierarchical,dqn,5.339,9.512,-0.767,0.00,0.00,0.00,8.929,9.974,3.821,0.00,0.00,0.00,6.596,6.277,-0.684,0.00,0.00,0.00,3.381,3.381,3.381
2026-02-04 20:00:25,277.33,39,388,427,9.13%,125.12,2.91%,"[0, 5, 10, 15, 20, 25, 30, 35, 40, 45, 50, 55, 60, 65, 70, 75, 80, 85, 90, 95, 100]","[14, 5, 5, 4, 8, 11, 4, 7, 3, 3, 8, 9, 8, 5, 8, 7, 780, 19, 12, 693]","[0.008679479231246125, 0.011779293242405457, 0.014879107253564786, 0.01735895846249225, 0.022318660880347178, 0.029138251704897707, 0.03161810291382517, 0.03595784252944823, 0.03781773093614383, 0.03967761934283943, 0.044637321760694355, 0.050216986980781156, 0.05517668939863608, 0.05827650340979541, 0.06323620582765034, 0.0675759454432734, 0.5511469311841289, 0.5629262244265344, 0.5703657780533168, 1.0]",4.0,2.0,2.0,2.0,2.0,13,15.49148,8.0,0.0,hrl_dqn_apf,hierarchical,dqn,5.208,10.358,-0.807,0.00,0.00,0.00,9.092,9.976,2.444,0.00,0.00,0.00,6.619,5.803,-0.645,0.00,0.00,0.00,3.377,3.377,3.377
2026-02-04 20:00:26,278.33,37,390,427,8.67%,125.25,2.79%,"[0, 5, 10, 15, 20, 25, 30, 35, 40, 45, 50, 55, 60, 65, 70, 75, 80, 85, 90, 95, 100]","[12, 8, 4, 4, 7, 10, 7, 5, 5, 3, 8, 8, 7, 5, 9, 7, 776, 19, 10, 699]","[0.007439553626782393, 0.012399256044637322, 0.014879107253564786, 0.01735895846249225, 0.02169869807811531, 0.027898326100433975, 0.032238065716057036, 0.035337879727216366, 0.038437693738375696, 0.040297582145071294, 0.04525728456292622, 0.050216986980781156, 0.05455672659640422, 0.05765654060756355, 0.06323620582765034, 0.0675759454432734, 0.5486670799752015, 0.5604463732176069, 0.5666460012399256, 1.0]",4.0,2.0,2.0,2.0,2.0,21,3.65151,8.0,12.0,hrl_dqn_apf,hierarchical,dqn,4.546,10.752,-0.893,0.00,0.00,0.00,9.104,9.973,1.689,0.00,0.00,0.00,7.266,5.410,-0.560,0.00,0.00,0.00,3.375,3.375,3.375
2026-02-04 20:00:27,279.34,37,390,427,8.67%,125.41,2.79%,"[0, 5, 10, 15, 20, 25, 30, 35, 40, 45, 50, 55, 60, 65, 70, 75, 80, 85, 90, 95, 100]","[11, 8, 5, 3, 6, 12, 8, 5, 4, 4, 8, 7, 6, 7, 9, 7, 773, 21, 11, 698]","[0.006819590824550527, 0.011779293242405457, 0.014879107253564786, 0.016738995660260384, 0.02045877247365158, 0.027898326100433975, 0.0328580285182889, 0.03595784252944823, 0.038437693738375696, 0.04091754494730316, 0.04587724736515809, 0.050216986980781156, 0.05393676379417235, 0.05827650340979541, 0.0638561686298822, 0.06819590824550527, 0.5474271543707377, 0.5604463732176069, 0.5672659640421575, 1.0]",4.0,2.0,2.0,2.0,2.0,21,3.65151,8.0,12.0,hrl_dqn_apf,hierarchical,dqn,3.821,11.024,-0.985,0.00,0.00,0.00,9.088,9.991,0.950,0.00,0.00,0.00,7.983,5.100,-0.467,0.00,0.00,0.00,3.371,3.371,3.371
2026-02-04 20:00:28,280.34,35,393,428,8.18%,125.62,2.67%,"[0, 5, 10, 15, 20, 25, 30, 35, 40, 45, 50, 55, 60, 65, 70, 75, 80, 85, 90, 95, 100]","[10, 9, 4, 4, 5, 11, 9, 5, 5, 4, 8, 7, 5, 8, 9, 7, 773, 21, 11, 698]","[0.006199628022318661, 0.011779293242405457, 0.01425914445133292, 0.016738995660260384, 0.019838809671419714, 0.026658400495970243, 0.032238065716057036, 0.035337879727216366, 0.038437693738375696, 0.04091754494730316, 0.04587724736515809, 0.050216986980781156, 0.053316800991940486, 0.05827650340979541, 0.0638561686298822, 0.06819590824550527, 0.5474271543707377, 0.5604463732176069, 0.5672659640421575, 1.0]",4.0,2.0,2.0,2.0,2.0,15,-2.1881400000000006,8.0,6.0,hrl_dqn_apf,hierarchical,dqn,3.383,10.616,-1.041,0.00,0.00,0.00,8.723,10.054,0.564,0.00,0.00,0.00,8.389,5.571,-0.415,0.00,0.00,0.00,3.369,3.369,3.369
2026-02-04 20:00:29,281.35,32,392,424,7.55%,126.01,2.60%,"[0, 5, 10, 15, 20, 25, 30, 35, 40, 45, 50, 55, 60, 65, 70, 75, 80, 85, 90, 95, 100]","[10, 8, 4, 5, 5, 10, 11, 5, 5, 4, 6, 7, 6, 8, 9, 7, 772, 13, 19, 699]","[0.006199628022318661, 0.011159330440173589, 0.013639181649101054, 0.016738995660260384, 0.019838809671419714, 0.026038437693738377, 0.0328580285182889, 0.03595784252944823, 0.03905765654060756, 0.041537507749535026, 0.04525728456292622, 0.04959702417854929, 0.053316800991940486, 0.05827650340979541, 0.0638561686298822, 0.06819590824550527, 0.5468071915685059, 0.5548667079975201, 0.5666460012399256, 1.0]",4.0,2.0,2.0,2.0,2.0,15,-2.1881400000000006,8.0,6.0,hrl_dqn_apf,hierarchical,dqn,3.190,9.791,-1.065,0.00,0.00,0.00,7.441,10.393,0.534,0.00,0.00,0.00,8.612,5.914,-0.472,0.00,0.00,0.00,3.365,3.365,3.365
2026-02-04 20:00:30,282.35,31,395,426,7.28%,126.17,2.54%,"[0, 5, 10, 15, 20, 25, 30, 35, 40, 45, 50, 55, 60, 65, 70, 75, 80, 85, 90, 95, 100]","[10, 7, 5, 5, 5, 9, 10, 7, 5, 4, 6, 8, 6, 8, 9, 7, 766, 18, 20, 698]","[0.006199628022318661, 0.010539367637941723, 0.013639181649101054, 0.016738995660260384, 0.019838809671419714, 0.02541847489150651, 0.03161810291382517, 0.03595784252944823, 0.03905765654060756, 0.041537507749535026, 0.04525728456292622, 0.050216986980781156, 0.05393676379417235, 0.05889646621202728, 0.06447613143211407, 0.06881587104773713, 0.5437073775573465, 0.5548667079975201, 0.5672659640421575, 1.0]",4.0,2.0,2.0,2.0,2.0,21,3.9719999999999995,8.0,12.0,hrl_dqn_apf,hierarchical,dqn,3.123,9.567,-1.087,0.00,0.00,0.00,7.065,10.779,0.980,0.00,0.00,0.00,8.877,5.515,-0.901,0.00,0.00,0.00,3.363,3.363,3.363
2026-02-04 20:00:31,283.36,31,393,424,7.31%,126.33,2.54%,"[0, 5, 10, 15, 20, 25, 30, 35, 40, 45, 50, 55, 60, 65, 70, 75, 80, 85, 90, 95, 100]","[10, 8, 5, 5, 5, 8, 10, 8, 3, 6, 6, 7, 6, 7, 9, 8, 766, 16, 20, 700]","[0.006199628022318661, 0.011159330440173589, 0.01425914445133292, 0.01735895846249225, 0.02045877247365158, 0.02541847489150651, 0.03161810291382517, 0.0365778053316801, 0.038437693738375696, 0.04215747055176689, 0.04587724736515809, 0.050216986980781156, 0.05393676379417235, 0.05827650340979541, 0.0638561686298822, 0.06881587104773713, 0.5437073775573465, 0.5536267823930564, 0.5660260384376937, 1.0]",4.0,2.0,2.0,2.0,2.0,10,-1.8676100000000009,8.0,0.0,hrl_dqn_apf,hierarchical,dqn,2.709,9.537,-1.244,0.00,0.00,0.00,7.285,11.023,1.421,0.00,0.00,0.00,9.315,5.220,-1.393,0.00,0.00,0.00,3.359,3.359,3.359
2026-02-04 20:00:32,284.37,28,396,424,6.60%,126.63,2.36%,"[0, 5, 10, 15, 20, 25, 30, 35, 40, 45, 50, 55, 60, 65, 70, 75, 80, 85, 90, 95, 100]","[11, 4, 8, 5, 6, 4, 11, 10, 3, 6, 6, 7, 5, 6, 11, 8, 765, 12, 22, 703]","[0.006819590824550527, 0.009299442033477991, 0.01425914445133292, 0.01735895846249225, 0.021078735275883446, 0.023558586484810913, 0.03037817730936144, 0.0365778053316801, 0.038437693738375696, 0.04215747055176689, 0.04587724736515809, 0.050216986980781156, 0.053316800991940486, 0.05703657780533168, 0.0638561686298822, 0.06881587104773713, 0.5430874147551147, 0.5505269683818971, 0.5641661500309981, 1.0]",4.0,2.0,2.0,2.0,2.0,10,-1.8676100000000009,8.0,0.0,hrl_dqn_apf,hierarchical,dqn,1.420,9.440,-1.752,0.00,0.00,0.00,8.219,10.717,2.077,0.00,0.00,0.00,9.694,6.116,-1.759,0.00,0.00,0.00,3.356,3.356,3.356
2026-02-04 20:00:33,285.37,28,398,426,6.57%,126.72,2.36%,"[0, 5, 10, 15, 20, 25, 30, 35, 40, 45, 50, 55, 60, 65, 70, 75, 80, 85, 90, 95, 100]","[11, 5, 7, 6, 6, 3, 10, 11, 3, 6, 7, 6, 6, 6, 12, 8, 765, 12, 17, 706]","[0.006819590824550527, 0.009919404835709857, 0.01425914445133292, 0.017978921264724116, 0.02169869807811531, 0.023558586484810913, 0.029758214507129573, 0.0365778053316801, 0.038437693738375696, 0.04215747055176689, 0.04649721016738995, 0.050216986980781156, 0.05393676379417235, 0.05765654060756355, 0.06509609423434594, 0.07005579665220087, 0.5443273403595784, 0.5517668939863608, 0.5623062616243025, 1.0]",4.0,2.0,2.0,2.0,2.0,3,16.29267,8.0,-12.0,hrl_dqn_apf,hierarchical,dqn,0.707,9.391,-1.835,0.00,0.00,0.00,8.356,10.311,2.163,0.00,0.00,0.00,9.724,6.268,-1.723,0.00,0.00,0.00,3.353,3.353,3.353
2026-02-04 20:00:34,286.37,29,395,424,6.84%,126.84,2.42%,"[0, 5, 10, 15, 20, 25, 30, 35, 40, 45, 50, 55, 60, 65, 70, 75, 80, 85, 90, 95, 100]","[11, 5, 6, 5, 8, 4, 9, 12, 4, 6, 6, 6, 6, 6, 12, 8, 765, 11, 16, 707]","[0.006819590824550527, 0.009919404835709857, 0.013639181649101054, 0.016738995660260384, 0.02169869807811531, 0.02417854928704278, 0.029758214507129573, 0.037197768133911964, 0.03967761934283943, 0.04339739615623062, 0.047117172969621826, 0.05083694978301302, 0.05455672659640422, 0.05827650340979541, 0.0657160570365778, 0.07067575945443273, 0.5449473031618103, 0.5517668939863608, 0.5616862988220707, 1.0]",4.0,2.0,2.0,2.0,2.0,22,10.45287,8.0,12.0,hrl_dqn_apf,hierarchical,dqn,-0.026,9.347,-1.860,0.00,0.00,0.00,8.399,9.904,2.190,0.00,0.00,0.00,9.734,6.237,-1.264,0.00,0.00,0.00,3.350,3.350,3.350
2026-02-04 20:00:35,287.38,30,396,426,7.04%,126.94,2.54%,"[0, 5, 10, 15, 20, 25, 30, 35, 40, 45, 50, 55, 60, 65, 70, 75, 80, 85, 90, 95, 100]","[11, 7, 5, 6, 8, 4, 8, 11, 5, 6, 6, 6, 6, 6, 11, 8, 763, 7, 19, 710]","[0.006819590824550527, 0.011159330440173589, 0.01425914445133292, 0.017978921264724116, 0.022938623682579044, 0.02541847489150651, 0.03037817730936144, 0.037197768133911964, 0.040297582145071294, 0.04401735895846249, 0.04773713577185369, 0.05145691258524489, 0.05517668939863608, 0.05889646621202728, 0.0657160570365778, 0.07067575945443273, 0.5437073775573465, 0.5480471171729696, 0.5598264104153751, 1.0]",4.0,2.0,2.0,2.0,2.0,22,10.45287,8.0,12.0,hrl_dqn_apf,hierarchical,dqn,-0.774,9.328,-1.868,0.00,0.00,0.00,8.413,9.626,2.175,0.00,0.00,0.00,9.736,6.215,-0.593,0.00,0.00,0.00,3.347,3.347,3.347
2026-02-04 20:00:36,288.40,30,397,427,7.03%,127.32,2.54%,"[0, 5, 10, 15, 20, 25, 30, 35, 40, 45, 50, 55, 60, 65, 70, 75, 80, 85, 90, 95, 100]","[13, 5, 4, 7, 8, 4, 5, 10, 9, 4, 8, 6, 6, 6, 9, 9, 762, 9, 12, 717]","[0.008059516429014259, 0.011159330440173589, 0.013639181649101054, 0.017978921264724116, 0.022938623682579044, 0.02541847489150651, 0.02851828890266584, 0.0347179169249845, 0.040297582145071294, 0.04277743335399876, 0.04773713577185369, 0.05145691258524489, 0.05517668939863608, 0.05889646621202728, 0.06447613143211407, 0.07005579665220087, 0.5424674519528828, 0.5480471171729696, 0.555486670799752, 1.0]",4.0,2.0,2.0,2.0,2.0,23,16.61328,8.0,12.0,hrl_dqn_apf,hierarchical,dqn,-0.561,9.497,-1.870,0.00,0.00,0.00,8.298,10.101,1.651,0.00,0.00,0.00,9.828,6.040,0.629,0.00,0.00,0.00,3.344,3.344,3.344
2026-02-04 20:00:37,289.40,30,397,427,7.03%,127.48,2.54%,"[0, 5, 10, 15, 20, 25, 30, 35, 40, 45, 50, 55, 60, 65, 70, 75, 80, 85, 90, 95, 100]","[12, 5, 4, 7, 7, 6, 4, 11, 8, 5, 8, 6, 5, 6, 9, 10, 758, 13, 12, 717]","[0.007439553626782393, 0.010539367637941723, 0.013019218846869188, 0.01735895846249225, 0.02169869807811531, 0.02541847489150651, 0.027898326100433975, 0.0347179169249845, 0.03967761934283943, 0.04277743335399876, 0.04773713577185369, 0.05145691258524489, 0.05455672659640422, 0.05827650340979541, 0.0638561686298822, 0.07005579665220087, 0.5399876007439554, 0.5480471171729696, 0.555486670799752, 1.0]",4.0,2.0,2.0,2.0,2.0,10,-1.22668,8.0,0.0,hrl_dqn_apf,hierarchical,dqn,0.104,9.495,-1.871,0.00,0.00,0.00,7.974,10.477,2.017,0.00,0.00,0.00,10.180,5.720,0.447,0.00,0.00,0.00,3.341,3.341,3.341
2026-02-04 20:00:38,290.41,31,396,427,7.26%,127.63,2.60%,"[0, 5, 10, 15, 20, 25, 30, 35, 40, 45, 50, 55, 60, 65, 70, 75, 80, 85, 90, 95, 100]","[12, 6, 3, 7, 8, 6, 3, 11, 8, 5, 8, 6, 6, 4, 10, 10, 754, 16, 13, 717]","[0.007439553626782393, 0.011159330440173589, 0.013019218846869188, 0.01735895846249225, 0.022318660880347178, 0.026038437693738377, 0.027898326100433975, 0.0347179169249845, 0.03967761934283943, 0.04277743335399876, 0.04773713577185369, 0.05145691258524489, 0.05517668939863608, 0.05765654060756355, 0.0638561686298822, 0.07005579665220087, 0.5375077495350279, 0.5474271543707377, 0.555486670799752, 1.0]",4.0,2.0,2.0,2.0,2.0,10,-1.22668,8.0,0.0,hrl_dqn_apf,hierarchical,dqn,0.837,9.492,-1.872,0.00,0.00,0.00,7.493,10.480,2.413,0.00,0.00,0.00,10.695,5.527,0.085,0.00,0.00,0.00,3.338,3.338,3.338
2026-02-04 20:00:39,291.42,31,400,431,7.19%,127.75,2.67%,"[0, 5, 10, 15, 20, 25, 30, 35, 40, 45, 50, 55, 60, 65, 70, 75, 80, 85, 90, 95, 100]","[13, 6, 3, 6, 7, 8, 3, 10, 9, 5, 8, 6, 4, 5, 10, 10, 754, 16, 12, 718]","[0.008059516429014259, 0.011779293242405457, 0.013639181649101054, 0.01735895846249225, 0.02169869807811531, 0.026658400495970243, 0.02851828890266584, 0.0347179169249845, 0.040297582145071294, 0.04339739615623062, 0.04835709857408556, 0.052076875387476754, 0.05455672659640422, 0.05765654060756355, 0.0638561686298822, 0.07005579665220087, 0.5375077495350279, 0.5474271543707377, 0.5548667079975201, 1.0]",4.0,2.0,2.0,2.0,2.0,7,10.93347,8.0,-6.0,hrl_dqn_apf,hierarchical,dqn,1.590,9.488,-1.873,0.00,0.00,0.00,7.261,10.058,2.594,0.00,0.00,0.00,10.979,6.002,-0.112,0.00,0.00,0.00,3.335,3.335,3.335
2026-02-04 20:00:40,292.42,32,395,427,7.49%,128.04,2.73%,"[0, 5, 10, 15, 20, 25, 30, 35, 40, 45, 50, 55, 60, 65, 70, 75, 80, 85, 90, 95, 100]","[15, 3, 3, 6, 8, 9, 3, 7, 10, 7, 7, 7, 4, 5, 10, 9, 749, 18, 10, 723]","[0.009299442033477991, 0.011159330440173589, 0.013019218846869188, 0.016738995660260384, 0.02169869807811531, 0.02727836329820211, 0.029138251704897707, 0.03347799132052077, 0.03967761934283943, 0.04401735895846249, 0.04835709857408556, 0.05269683818970862, 0.05517668939863608, 0.05827650340979541, 0.06447613143211407, 0.07005579665220087, 0.5344079355238686, 0.5455672659640421, 0.5517668939863608, 1.0]",4.0,2.0,2.0,2.0,2.0,7,11.09413,8.0,-6.0,hrl_dqn_apf,hierarchical,dqn,3.109,9.482,-1.875,0.00,0.00,0.00,7.165,9.232,2.670,0.00,0.00,0.00,11.099,6.541,-0.341,0.00,0.00,0.00,3.332,3.332,3.332
2026-02-04 20:00:41,293.43,32,395,427,7.49%,128.20,2.73%,"[0, 5, 10, 15, 20, 25, 30, 35, 40, 45, 50, 55, 60, 65, 70, 75, 80, 85, 90, 95, 100]","[14, 4, 3, 5, 9, 9, 3, 6, 7, 11, 6, 8, 4, 5, 10, 9, 748, 19, 10, 723]","[0.008679479231246125, 0.011159330440173589, 0.013019218846869188, 0.016119032858028518, 0.02169869807811531, 0.02727836329820211, 0.029138251704897707, 0.0328580285182889, 0.037197768133911964, 0.04401735895846249, 0.04773713577185369, 0.05269683818970862, 0.05517668939863608, 0.05827650340979541, 0.06447613143211407, 0.07005579665220087, 0.5337879727216367, 0.5455672659640421, 0.5517668939863608, 1.0]",4.0,2.0,2.0,2.0,2.0,7,11.09413,8.0,-6.0,hrl_dqn_apf,hierarchical,dqn,3.889,9.479,-1.875,0.00,0.00,0.00,7.158,9.182,2.505,0.00,0.00,0.00,11.110,6.545,-0.908,0.00,0.00,0.00,3.329,3.329,3.329
2026-02-04 20:00:42,294.44,31,396,427,7.26%,128.25,2.67%,"[0, 5, 10, 15, 20, 25, 30, 35, 40, 45, 50, 55, 60, 65, 70, 75, 80, 85, 90, 95, 100]","[13, 5, 3, 4, 9, 9, 4, 7, 7, 11, 6, 8, 4, 5, 9, 8, 750, 15, 14, 722]","[0.008059516429014259, 0.011159330440173589, 0.013019218846869188, 0.015499070055796652, 0.021078735275883446, 0.026658400495970243, 0.029138251704897707, 0.03347799132052077, 0.03781773093614383, 0.044637321760694355, 0.04835709857408556, 0.053316800991940486, 0.05579665220086795, 0.05889646621202728, 0.06447613143211407, 0.069435833849969, 0.5344079355238686, 0.5437073775573465, 0.5523868567885927, 1.0]",4.0,2.0,2.0,2.0,2.0,0,-0.8261199999999995,8.0,-12.0,hrl_dqn_apf,hierarchical,dqn,4.649,9.476,-1.876,0.00,0.00,0.00,7.156,9.202,1.948,0.00,0.00,0.00,11.114,6.541,-1.611,0.00,0.00,0.00,3.326,3.326,3.326
2026-02-04 20:00:43,295.45,30,393,423,7.09%,128.37,2.60%,"[0, 5, 10, 15, 20, 25, 30, 35, 40, 45, 50, 55, 60, 65, 70, 75, 80, 85, 90, 95, 100]","[12, 7, 2, 3, 10, 8, 5, 6, 8, 10, 7, 8, 4, 5, 9, 8, 750, 13, 15, 723]","[0.007439553626782393, 0.011779293242405457, 0.013019218846869188, 0.014879107253564786, 0.021078735275883446, 0.026038437693738377, 0.029138251704897707, 0.0328580285182889, 0.03781773093614383, 0.04401735895846249, 0.04835709857408556, 0.053316800991940486, 0.05579665220086795, 0.05889646621202728, 0.06447613143211407, 0.069435833849969, 0.5344079355238686, 0.5424674519528828, 0.5517668939863608, 1.0]",4.0,2.0,2.0,2.0,2.0,22,11.33447,8.0,12.0,hrl_dqn_apf,hierarchical,dqn,5.398,9.475,-1.878,0.00,0.00,0.00,7.166,9.230,1.291,0.00,0.00,0.00,11.116,6.540,-2.342,0.00,0.00,0.00,3.323,3.323,3.323
2026-02-04 20:00:44,296.45,29,394,423,6.86%,128.59,2.54%,"[0, 5, 10, 15, 20, 25, 30, 35, 40, 45, 50, 55, 60, 65, 70, 75, 80, 85, 90, 95, 100]","[10, 10, 2, 3, 7, 9, 7, 6, 6, 12, 7, 8, 4, 4, 9, 9, 745, 15, 17, 723]","[0.006199628022318661, 0.012399256044637322, 0.013639181649101054, 0.015499070055796652, 0.019838809671419714, 0.02541847489150651, 0.029758214507129573, 0.03347799132052077, 0.037197768133911964, 0.044637321760694355, 0.048977061376317424, 0.05393676379417235, 0.056416615003099815, 0.05889646621202728, 0.06447613143211407, 0.07005579665220087, 0.5319280843149411, 0.5412275263484191, 0.5517668939863608, 1.0]",4.0,2.0,2.0,2.0,2.0,22,11.33447,8.0,12.0,hrl_dqn_apf,hierarchical,dqn,5.603,9.666,-2.621,0.00,0.00,0.00,7.717,9.306,1.671,0.00,0.00,0.00,11.118,6.716,-2.091,0.00,0.00,0.00,3.320,3.320,3.320
2026-02-04 20:00:45,297.45,30,389,419,7.16%,128.71,2.60%,"[0, 5, 10, 15, 20, 25, 30, 35, 40, 45, 50, 55, 60, 65, 70, 75, 80, 85, 90, 95, 100]","[10, 10, 1, 4, 7, 10, 8, 5, 5, 11, 9, 8, 4, 4, 9, 9, 744, 11, 19, 725]","[0.006199628022318661, 0.012399256044637322, 0.013019218846869188, 0.015499070055796652, 0.019838809671419714, 0.026038437693738377, 0.030998140111593304, 0.034097954122752634, 0.037197768133911964, 0.04401735895846249, 0.04959702417854929, 0.05455672659640422, 0.05703657780533168, 0.059516429014259145, 0.06509609423434594, 0.07067575945443273, 0.5319280843149411, 0.5387476751394916, 0.5505269683818971, 1.0]",4.0,2.0,2.0,2.0,2.0,10,-0.5051199999999998,8.0,0.0,hrl_dqn_apf,hierarchical,dqn,5.281,9.704,-3.193,0.00,0.00,0.00,8.012,9.403,1.995,0.00,0.00,0.00,11.118,6.716,-1.425,0.00,0.00,0.00,3.317,3.317,3.317
2026-02-04 20:00:46,298.46,31,388,419,7.40%,128.80,2.67%,"[0, 5, 10, 15, 20, 25, 30, 35, 40, 45, 50, 55, 60, 65, 70, 75, 80, 85, 90, 95, 100]","[11, 10, 1, 3, 7, 11, 8, 5, 3, 10, 12, 7, 5, 4, 9, 9, 743, 11, 20, 724]","[0.006819590824550527, 0.013019218846869188, 0.013639181649101054, 0.015499070055796652, 0.019838809671419714, 0.026658400495970243, 0.03161810291382517, 0.0347179169249845, 0.0365778053316801, 0.04277743335399876, 0.050216986980781156, 0.05455672659640422, 0.05765654060756355, 0.06013639181649101, 0.0657160570365778, 0.0712957222566646, 0.5319280843149411, 0.5387476751394916, 0.5511469311841289, 1.0]",4.0,2.0,2.0,2.0,2.0,10,-0.5051199999999998,8.0,0.0,hrl_dqn_apf,hierarchical,dqn,4.700,9.724,-3.450,0.00,0.00,0.00,8.125,9.473,1.767,0.00,0.00,0.00,11.116,6.713,-0.694,0.00,0.00,0.00,3.314,3.314,3.314
2026-02-04 20:00:47,299.46,30,393,423,7.09%,128.95,2.60%,"[0, 5, 10, 15, 20, 25, 30, 35, 40, 45, 50, 55, 60, 65, 70, 75, 80, 85, 90, 95, 100]","[10, 8, 4, 3, 6, 11, 9, 5, 3, 10, 12, 7, 5, 4, 9, 8, 742, 13, 20, 724]","[0.006199628022318661, 0.011159330440173589, 0.013639181649101054, 0.015499070055796652, 0.019218846869187848, 0.026038437693738377, 0.03161810291382517, 0.0347179169249845, 0.0365778053316801, 0.04277743335399876, 0.050216986980781156, 0.05455672659640422, 0.05765654060756355, 0.06013639181649101, 0.0657160570365778, 0.07067575945443273, 0.5306881587104774, 0.5387476751394916, 0.5511469311841289, 1.0]",4.0,2.0,2.0,2.0,2.0,22,11.65492,8.0,12.0,hrl_dqn_apf,hierarchical,dqn,3.990,9.724,-3.532,0.00,0.00,0.00,8.148,9.591,2.050,0.00,0.00,0.00,11.115,6.697,0.058,0.00,0.00,0.00,3.311,3.311,3.311
2026-02-04 20:00:48,300.46,28,393,421,6.65%,129.22,2.48%,"[0, 5, 10, 15, 20, 25, 30, 35, 40, 45, 50, 55, 60, 65, 70, 75, 80, 85, 90, 95, 100]","[10, 6, 7, 3, 5, 9, 9, 7, 2, 11, 11, 8, 5, 4, 8, 8, 743, 11, 14, 732]","[0.006199628022318661, 0.009919404835709857, 0.01425914445133292, 0.016119032858028518, 0.019218846869187848, 0.024798512089274645, 0.03037817730936144, 0.0347179169249845, 0.03595784252944823, 0.04277743335399876, 0.04959702417854929, 0.05455672659640422, 0.05765654060756355, 0.06013639181649101, 0.06509609423434594, 0.07005579665220087, 0.5306881587104774, 0.5375077495350279, 0.546187228766274, 1.0]",4.0,2.0,2.0,2.0,2.0,14,23.81519,8.0,0.0,hrl_dqn_apf,hierarchical,dqn,2.490,9.718,-3.564,0.00,0.00,0.00,7.363,10.105,3.023,0.00,0.00,0.00,11.800,6.352,0.166,0.00,0.00,0.00,3.308,3.308,3.308
2026-02-04 20:00:49,301.46,27,394,421,6.41%,129.31,2.42%,"[0, 5, 10, 15, 20, 25, 30, 35, 40, 45, 50, 55, 60, 65, 70, 75, 80, 85, 90, 95, 100]","[11, 4, 9, 3, 5, 7, 8, 9, 2, 10, 12, 9, 5, 4, 8, 8, 741, 9, 18, 731]","[0.006819590824550527, 0.009299442033477991, 0.014879107253564786, 0.016738995660260384, 0.019838809671419714, 0.02417854928704278, 0.029138251704897707, 0.0347179169249845, 0.03595784252944823, 0.04215747055176689, 0.04959702417854929, 0.05517668939863608, 0.05827650340979541, 0.06075635461872288, 0.0657160570365778, 0.07067575945443273, 0.5300681959082455, 0.5356478611283323, 0.5468071915685059, 1.0]",4.0,2.0,2.0,2.0,2.0,14,23.81519,8.0,0.0,hrl_dqn_apf,hierarchical,dqn,1.871,9.808,-3.566,0.00,0.00,0.00,6.868,9.891,3.403,0.00,0.00,0.00,12.405,6.249,-0.163,0.00,0.00,0.00,3.305,3.305,3.305
2026-02-04 20:00:50,302.47,27,394,421,6.41%,129.43,2.42%,"[0, 5, 10, 15, 20, 25, 30, 35, 40, 45, 50, 55, 60, 65, 70, 75, 80, 85, 90, 95, 100]","[11, 4, 9, 2, 6, 7, 8, 10, 2, 9, 12, 10, 5, 4, 8, 8, 741, 9, 14, 734]","[0.006819590824550527, 0.009299442033477991, 0.014879107253564786, 0.016119032858028518, 0.019838809671419714, 0.02417854928704278, 0.029138251704897707, 0.035337879727216366, 0.0365778053316801, 0.04215747055176689, 0.04959702417854929, 0.05579665220086795, 0.05889646621202728, 0.06137631742095474, 0.06633601983880967, 0.0712957222566646, 0.5306881587104774, 0.5362678239305642, 0.5449473031618103, 1.0]",4.0,2.0,2.0,2.0,2.0,18,17.97567,8.0,6.0,hrl_dqn_apf,hierarchical,dqn,2.026,9.891,-3.566,0.00,0.00,0.00,6.688,9.692,3.591,0.00,0.00,0.00,13.070,6.258,-0.307,0.00,0.00,0.00,3.302,3.302,3.302
2026-02-04 20:00:51,303.48,26,394,420,6.19%,129.58,2.36%,"[0, 5, 10, 15, 20, 25, 30, 35, 40, 45, 50, 55, 60, 65, 70, 75, 80, 85, 90, 95, 100]","[11, 4, 9, 2, 5, 7, 9, 11, 2, 8, 10, 12, 4, 5, 8, 8, 737, 12, 12, 737]","[0.006819590824550527, 0.009299442033477991, 0.014879107253564786, 0.016119032858028518, 0.019218846869187848, 0.023558586484810913, 0.029138251704897707, 0.03595784252944823, 0.037197768133911964, 0.04215747055176689, 0.04835709857408556, 0.05579665220086795, 0.05827650340979541, 0.06137631742095474, 0.06633601983880967, 0.0712957222566646, 0.5282083075015499, 0.5356478611283323, 0.5430874147551147, 1.0]",4.0,2.0,2.0,2.0,2.0,4,24.13572,8.0,-12.0,hrl_dqn_apf,hierarchical,dqn,2.604,9.898,-3.567,0.00,0.00,0.00,6.644,9.723,4.069,0.00,0.00,0.00,13.813,6.258,-0.356,0.00,0.00,0.00,3.299,3.299,3.299
2026-02-04 20:00:52,304.49,27,395,422,6.40%,129.79,2.42%,"[0, 5, 10, 15, 20, 25, 30, 35, 40, 45, 50, 55, 60, 65, 70, 75, 80, 85, 90, 95, 100]","[11, 5, 7, 5, 5, 6, 8, 10, 4, 6, 11, 12, 6, 5, 8, 8, 732, 15, 14, 735]","[0.006819590824550527, 0.009919404835709857, 0.01425914445133292, 0.01735895846249225, 0.02045877247365158, 0.02417854928704278, 0.029138251704897707, 0.035337879727216366, 0.03781773093614383, 0.041537507749535026, 0.04835709857408556, 0.05579665220086795, 0.059516429014259145, 0.06261624302541847, 0.0675759454432734, 0.07253564786112833, 0.5263484190948543, 0.5356478611283323, 0.5443273403595784, 1.0]",4.0,2.0,2.0,2.0,2.0,4,24.13572,8.0,-12.0,hrl_dqn_apf,hierarchical,dqn,4.077,9.892,-3.568,0.00,0.00,0.00,7.637,9.788,4.509,0.00,0.00,0.00,15.177,6.324,-0.202,0.00,0.00,0.00,3.296,3.296,3.296
2026-02-04 20:00:53,305.49,27,391,418,6.46%,129.85,2.42%,"[0, 5, 10, 15, 20, 25, 30, 35, 40, 45, 50, 55, 60, 65, 70, 75, 80, 85, 90, 95, 100]","[10, 5, 6, 7, 5, 6, 6, 13, 5, 6, 11, 12, 7, 5, 8, 7, 730, 18, 14, 732]","[0.006199628022318661, 0.009299442033477991, 0.013019218846869188, 0.01735895846249225, 0.02045877247365158, 0.02417854928704278, 0.027898326100433975, 0.03595784252944823, 0.03905765654060756, 0.04277743335399876, 0.04959702417854929, 0.05703657780533168, 0.06137631742095474, 0.06447613143211407, 0.069435833849969, 0.07377557346559206, 0.5263484190948543, 0.5375077495350279, 0.546187228766274, 1.0]",4.0,2.0,2.0,2.0,2.0,23,18.29585,8.0,12.0,hrl_dqn_apf,hierarchical,dqn,4.834,9.889,-3.569,0.00,0.00,0.00,8.224,9.850,4.398,0.00,0.00,0.00,15.391,6.345,0.355,0.00,0.00,0.00,3.293,3.293,3.293
2026-02-04 20:00:54,306.49,31,387,418,7.42%,129.91,2.67%,"[0, 5, 10, 15, 20, 25, 30, 35, 40, 45, 50, 55, 60, 65, 70, 75, 80, 85, 90, 95, 100]","[11, 7, 5, 8, 6, 6, 5, 10, 8, 6, 9, 12, 6, 5, 8, 7, 730, 16, 10, 738]","[0.006819590824550527, 0.011159330440173589, 0.01425914445133292, 0.019218846869187848, 0.022938623682579044, 0.026658400495970243, 0.029758214507129573, 0.03595784252944823, 0.04091754494730316, 0.044637321760694355, 0.050216986980781156, 0.05765654060756355, 0.06137631742095474, 0.06447613143211407, 0.069435833849969, 0.07377557346559206, 0.5263484190948543, 0.5362678239305642, 0.5424674519528828, 1.0]",4.0,2.0,2.0,2.0,2.0,9,24.45646,8.0,-6.0,hrl_dqn_apf,hierarchical,dqn,5.593,9.886,-3.570,0.00,0.00,0.00,8.446,9.875,3.867,0.00,0.00,0.00,15.457,6.344,1.059,0.00,0.00,0.00,3.290,3.290,3.290
2026-02-04 20:00:55,307.50,32,386,418,7.66%,130.01,2.73%,"[0, 5, 10, 15, 20, 25, 30, 35, 40, 45, 50, 55, 60, 65, 70, 75, 80, 85, 90, 95, 100]","[12, 8, 2, 10, 4, 8, 4, 11, 7, 6, 9, 11, 8, 5, 8, 7, 730, 16, 10, 737]","[0.007439553626782393, 0.012399256044637322, 0.013639181649101054, 0.019838809671419714, 0.022318660880347178, 0.02727836329820211, 0.029758214507129573, 0.0365778053316801, 0.04091754494730316, 0.044637321760694355, 0.050216986980781156, 0.05703657780533168, 0.06199628022318661, 0.06509609423434594, 0.07005579665220087, 0.07439553626782393, 0.5269683818970862, 0.536887786732796, 0.5430874147551147, 1.0]",4.0,2.0,2.0,2.0,2.0,9,24.45646,8.0,-6.0,hrl_dqn_apf,hierarchical,dqn,6.351,9.883,-3.571,0.00,0.00,0.00,8.515,9.902,3.201,0.00,0.00,0.00,15.476,6.341,1.800,0.00,0.00,0.00,3.287,3.287,3.287
2026-02-04 20:00:56,308.51,31,385,416,7.45%,130.25,2.67%,"[0, 5, 10, 15, 20, 25, 30, 35, 40, 45, 50, 55, 60, 65, 70, 75, 80, 85, 90, 95, 100]","[11, 6, 4, 9, 6, 7, 5, 11, 8, 6, 6, 11, 10, 5, 9, 7, 730, 10, 14, 738]","[0.006819590824550527, 0.010539367637941723, 0.013019218846869188, 0.018598884066955982, 0.022318660880347178, 0.026658400495970243, 0.029758214507129573, 0.0365778053316801, 0.041537507749535026, 0.04525728456292622, 0.048977061376317424, 0.05579665220086795, 0.06199628022318661, 0.06509609423434594, 0.07067575945443273, 0.0750154990700558, 0.527588344699318, 0.5337879727216367, 0.5424674519528828, 1.0]",4.0,2.0,2.0,2.0,2.0,22,12.61671,8.0,12.0,hrl_dqn_apf,hierarchical,dqn,7.860,9.877,-3.573,0.00,0.00,0.00,8.542,10.046,3.680,0.00,0.00,0.00,15.482,6.351,2.909,0.00,0.00,0.00,3.284,3.284,3.284
2026-02-04 20:00:57,309.51,31,381,412,7.52%,130.32,2.67%,"[0, 5, 10, 15, 20, 25, 30, 35, 40, 45, 50, 55, 60, 65, 70, 75, 80, 85, 90, 95, 100]","[12, 6, 4, 8, 7, 6, 5, 10, 8, 7, 6, 11, 9, 6, 9, 7, 728, 9, 16, 739]","[0.007439553626782393, 0.011159330440173589, 0.013639181649101054, 0.018598884066955982, 0.022938623682579044, 0.026658400495970243, 0.029758214507129573, 0.03595784252944823, 0.04091754494730316, 0.04525728456292622, 0.048977061376317424, 0.05579665220086795, 0.06137631742095474, 0.06509609423434594, 0.07067575945443273, 0.0750154990700558, 0.5263484190948543, 0.5319280843149411, 0.541847489150651, 1.0]",4.0,2.0,2.0,2.0,2.0,16,6.776719999999999,8.0,6.0,hrl_dqn_apf,hierarchical,dqn,8.620,9.874,-3.574,0.00,0.00,0.00,8.545,9.765,4.246,0.00,0.00,0.00,15.400,6.395,3.521,0.00,0.00,0.00,3.281,3.281,3.281
2026-02-04 20:00:58,310.52,31,383,414,7.49%,130.41,2.67%,"[0, 5, 10, 15, 20, 25, 30, 35, 40, 45, 50, 55, 60, 65, 70, 75, 80, 85, 90, 95, 100]","[10, 8, 3, 7, 9, 6, 5, 9, 8, 8, 6, 11, 9, 7, 9, 7, 726, 10, 17, 738]","[0.006199628022318661, 0.011159330440173589, 0.013019218846869188, 0.01735895846249225, 0.022938623682579044, 0.026658400495970243, 0.029758214507129573, 0.035337879727216366, 0.040297582145071294, 0.04525728456292622, 0.048977061376317424, 0.05579665220086795, 0.06137631742095474, 0.0657160570365778, 0.0712957222566646, 0.07563546187228766, 0.5257284562926224, 0.5319280843149411, 0.5424674519528828, 1.0]",4.0,2.0,2.0,2.0,2.0,16,6.776719999999999,8.0,6.0,hrl_dqn_apf,hierarchical,dqn,9.369,9.871,-3.575,0.00,0.00,0.00,8.545,9.561,4.514,0.00,0.00,0.00,14.924,6.429,3.784,0.00,0.00,0.00,3.278,3.278,3.278
2026-02-04 20:00:59,311.52,31,381,412,7.52%,130.50,2.67%,"[0, 5, 10, 15, 20, 25, 30, 35, 40, 45, 50, 55, 60, 65, 70, 75, 80, 85, 90, 95, 100]","[9, 7, 5, 6, 10, 6, 5, 7, 8, 10, 6, 10, 11, 7, 9, 7, 726, 8, 17, 739]","[0.005579665220086794, 0.009919404835709857, 0.013019218846869188, 0.016738995660260384, 0.022938623682579044, 0.026658400495970243, 0.029758214507129573, 0.034097954122752634, 0.03905765654060756, 0.04525728456292622, 0.048977061376317424, 0.05517668939863608, 0.06199628022318661, 0.06633601983880967, 0.07191568505889646, 0.07625542467451953, 0.5263484190948543, 0.5313081215127092, 0.541847489150651, 1.0]",4.0,2.0,2.0,2.0,2.0,9,24.937849999999997,8.0,-6.0,hrl_dqn_apf,hierarchical,dqn,10.139,9.868,-3.575,0.00,0.00,0.00,8.546,9.584,5.035,0.00,0.00,0.00,14.236,6.430,3.869,0.00,0.00,0.00,3.275,3.275,3.275
2026-02-04 20:01:00,312.53,30,380,410,7.32%,130.60,2.60%,"[0, 5, 10, 15, 20, 25, 30, 35, 40, 45, 50, 55, 60, 65, 70, 75, 80, 85, 90, 95, 100]","[8, 7, 5, 5, 12, 5, 5, 7, 9, 11, 6, 8, 11, 6, 10, 8, 726, 9, 17, 738]","[0.0049597024178549285, 0.009299442033477991, 0.012399256044637322, 0.015499070055796652, 0.022938623682579044, 0.026038437693738377, 0.029138251704897707, 0.03347799132052077, 0.03905765654060756, 0.04587724736515809, 0.04959702417854929, 0.05455672659640422, 0.06137631742095474, 0.06509609423434594, 0.0712957222566646, 0.07625542467451953, 0.5263484190948543, 0.5319280843149411, 0.5424674519528828, 1.0]",4.0,2.0,2.0,2.0,2.0,10,1.0979899999999994,8.0,0.0,hrl_dqn_apf,hierarchical,dqn,11.665,9.862,-3.577,0.00,0.00,0.00,8.311,9.659,6.241,0.00,0.00,0.00,12.738,6.424,3.900,0.00,0.00,0.00,3.272,3.272,3.272
2026-02-04 20:01:01,313.53,30,380,410,7.32%,130.64,2.60%,"[0, 5, 10, 15, 20, 25, 30, 35, 40, 45, 50, 55, 60, 65, 70, 75, 80, 85, 90, 95, 100]","[6, 7, 6, 5, 12, 6, 5, 7, 9, 11, 6, 7, 8, 11, 10, 8, 726, 10, 11, 742]","[0.0037197768133911966, 0.008059516429014259, 0.011779293242405457, 0.014879107253564786, 0.022318660880347178, 0.026038437693738377, 0.029138251704897707, 0.03347799132052077, 0.03905765654060756, 0.04587724736515809, 0.04959702417854929, 0.05393676379417235, 0.05889646621202728, 0.0657160570365778, 0.07191568505889646, 0.07687538747675139, 0.5269683818970862, 0.5331680099194048, 0.5399876007439554, 1.0]",4.0,2.0,2.0,2.0,2.0,10,1.0979899999999994,8.0,0.0,hrl_dqn_apf,hierarchical,dqn,12.426,9.859,-3.578,0.00,0.00,0.00,7.720,9.673,6.415,0.00,0.00,0.00,11.979,6.421,3.901,0.00,0.00,0.00,3.269,3.269,3.269
2026-02-04 20:01:02,314.53,29,377,406,7.14%,130.66,2.60%,"[0, 5, 10, 15, 20, 25, 30, 35, 40, 45, 50, 55, 60, 65, 70, 75, 80, 85, 90, 95, 100]","[5, 8, 5, 6, 10, 8, 5, 7, 8, 11, 7, 7, 8, 10, 12, 8, 726, 9, 8, 745]","[0.0030998140111593306, 0.008059516429014259, 0.011159330440173589, 0.014879107253564786, 0.021078735275883446, 0.026038437693738377, 0.029138251704897707, 0.03347799132052077, 0.038437693738375696, 0.04525728456292622, 0.04959702417854929, 0.05393676379417235, 0.05889646621202728, 0.06509609423434594, 0.07253564786112833, 0.07749535027898326, 0.527588344699318, 0.5331680099194048, 0.5381277123372598, 1.0]",4.0,2.0,2.0,2.0,2.0,15,1.1780899999999992,8.0,6.0,hrl_dqn_apf,hierarchical,dqn,13.186,9.856,-3.579,0.00,0.00,0.00,7.006,9.672,6.469,0.00,0.00,0.00,11.219,6.418,3.900,0.00,0.00,0.00,3.266,3.266,3.266
2026-02-04 20:01:03,315.53,29,379,408,7.11%,130.68,2.60%,"[0, 5, 10, 15, 20, 25, 30, 35, 40, 45, 50, 55, 60, 65, 70, 75, 80, 85, 90, 95, 100]","[4, 7, 7, 5, 9, 10, 5, 7, 8, 10, 8, 7, 9, 9, 13, 8, 724, 8, 13, 742]","[0.0024798512089274642, 0.006819590824550527, 0.011159330440173589, 0.01425914445133292, 0.019838809671419714, 0.026038437693738377, 0.029138251704897707, 0.03347799132052077, 0.038437693738375696, 0.044637321760694355, 0.04959702417854929, 0.05393676379417235, 0.059516429014259145, 0.06509609423434594, 0.0731556106633602, 0.07811531308121512, 0.5269683818970862, 0.5319280843149411, 0.5399876007439554, 1.0]",4.0,2.0,2.0,2.0,2.0,3,19.33857,8.0,-12.0,hrl_dqn_apf,hierarchical,dqn,13.946,9.854,-3.581,0.00,0.00,0.00,6.270,9.682,6.476,0.00,0.00,0.00,10.457,6.415,3.900,0.00,0.00,0.00,3.263,3.263,3.263
2026-02-04 20:01:04,316.54,29,378,407,7.13%,130.80,2.60%,"[0, 5, 10, 15, 20, 25, 30, 35, 40, 45, 50, 55, 60, 65, 70, 75, 80, 85, 90, 95, 100]","[5, 4, 6, 7, 7, 13, 5, 7, 5, 12, 10, 7, 9, 10, 13, 8, 724, 7, 10, 744]","[0.0030998140111593306, 0.005579665220086794, 0.009299442033477991, 0.013639181649101054, 0.017978921264724116, 0.026038437693738377, 0.029138251704897707, 0.03347799132052077, 0.0365778053316801, 0.04401735895846249, 0.050216986980781156, 0.05455672659640422, 0.06013639181649101, 0.06633601983880967, 0.07439553626782393, 0.07935523868567886, 0.5282083075015499, 0.532548047117173, 0.5387476751394916, 1.0]",4.0,2.0,2.0,2.0,2.0,3,19.33857,8.0,-12.0,hrl_dqn_apf,hierarchical,dqn,14.615,9.941,-4.455,0.00,0.00,0.00,5.489,9.783,5.722,0.00,0.00,0.00,8.933,6.409,3.896,0.00,0.00,0.00,3.260,3.260,3.260
2026-02-04 20:01:05,317.54,28,379,407,6.88%,130.88,2.54%,"[0, 5, 10, 15, 20, 25, 30, 35, 40, 45, 50, 55, 60, 65, 70, 75, 80, 85, 90, 95, 100]","[5, 5, 6, 5, 7, 13, 4, 8, 6, 12, 11, 7, 8, 10, 11, 11, 720, 11, 10, 743]","[0.0030998140111593306, 0.006199628022318661, 0.009919404835709857, 0.013019218846869188, 0.01735895846249225, 0.02541847489150651, 0.027898326100433975, 0.0328580285182889, 0.0365778053316801, 0.04401735895846249, 0.05083694978301302, 0.05517668939863608, 0.06013639181649101, 0.06633601983880967, 0.0731556106633602, 0.07997520148791072, 0.5263484190948543, 0.5331680099194048, 0.5393676379417235, 1.0]",4.0,2.0,2.0,2.0,2.0,15,1.4983900000000006,8.0,6.0,hrl_dqn_apf,hierarchical,dqn,14.666,9.939,-5.169,0.00,0.00,0.00,4.862,9.791,5.579,0.00,0.00,0.00,8.244,6.406,3.900,0.00,0.00,0.00,3.257,3.257,3.257
2026-02-04 20:01:06,318.54,30,377,407,7.37%,130.97,2.67%,"[0, 5, 10, 15, 20, 25, 30, 35, 40, 45, 50, 55, 60, 65, 70, 75, 80, 85, 90, 95, 100]","[6, 3, 9, 4, 8, 13, 4, 7, 6, 11, 11, 7, 6, 8, 15, 10, 721, 11, 11, 742]","[0.0037197768133911966, 0.005579665220086794, 0.011159330440173589, 0.013639181649101054, 0.018598884066955982, 0.026658400495970243, 0.029138251704897707, 0.03347799132052077, 0.037197768133911964, 0.04401735895846249, 0.05083694978301302, 0.05517668939863608, 0.05889646621202728, 0.0638561686298822, 0.0731556106633602, 0.07935523868567886, 0.5263484190948543, 0.5331680099194048, 0.5399876007439554, 1.0]",4.0,2.0,2.0,2.0,2.0,15,1.4983900000000006,8.0,6.0,hrl_dqn_apf,hierarchical,dqn,14.681,9.936,-5.921,0.00,0.00,0.00,4.135,9.789,5.534,0.00,0.00,0.00,7.800,6.431,3.922,0.00,0.00,0.00,3.254,3.254,3.254
2026-02-04 20:01:07,319.54,28,377,405,6.91%,131.06,2.54%,"[0, 5, 10, 15, 20, 25, 30, 35, 40, 45, 50, 55, 60, 65, 70, 75, 80, 85, 90, 95, 100]","[7, 3, 6, 5, 8, 12, 6, 7, 5, 11, 11, 9, 6, 9, 14, 11, 721, 10, 12, 740]","[0.0043397396156230625, 0.006199628022318661, 0.009919404835709857, 0.013019218846869188, 0.017978921264724116, 0.02541847489150651, 0.029138251704897707, 0.03347799132052077, 0.0365778053316801, 0.04339739615623062, 0.050216986980781156, 0.05579665220086795, 0.059516429014259145, 0.06509609423434594, 0.07377557346559206, 0.08059516429014259, 0.527588344699318, 0.5337879727216367, 0.5412275263484191, 1.0]",4.0,2.0,2.0,2.0,2.0,20,1.6586499999999997,8.0,12.0,hrl_dqn_apf,hierarchical,dqn,14.685,9.934,-6.674,0.00,0.00,0.00,3.387,9.786,5.521,0.00,0.00,0.00,7.522,6.476,4.315,0.00,0.00,0.00,3.251,3.251,3.251
2026-02-04 20:01:08,320.55,26,379,405,6.42%,131.15,2.42%,"[0, 5, 10, 15, 20, 25, 30, 35, 40, 45, 50, 55, 60, 65, 70, 75, 80, 85, 90, 95, 100]","[8, 3, 5, 6, 7, 10, 9, 7, 6, 9, 13, 9, 4, 10, 13, 12, 719, 10, 12, 741]","[0.0049597024178549285, 0.006819590824550527, 0.009919404835709857, 0.013639181649101054, 0.017978921264724116, 0.02417854928704278, 0.029758214507129573, 0.034097954122752634, 0.03781773093614383, 0.04339739615623062, 0.05145691258524489, 0.05703657780533168, 0.059516429014259145, 0.0657160570365778, 0.07377557346559206, 0.08121512709237445, 0.5269683818970862, 0.5331680099194048, 0.5406075635461872, 1.0]",4.0,2.0,2.0,2.0,2.0,5,1.8191199999999998,8.0,-6.0,hrl_dqn_apf,hierarchical,dqn,13.988,9.712,-7.353,0.00,0.00,0.00,1.890,9.780,5.516,0.00,0.00,0.00,7.399,6.478,5.684,0.00,0.00,0.00,3.248,3.248,3.248
2026-02-04 20:01:09,321.55,26,379,405,6.42%,131.19,2.42%,"[0, 5, 10, 15, 20, 25, 30, 35, 40, 45, 50, 55, 60, 65, 70, 75, 80, 85, 90, 95, 100]","[9, 3, 4, 6, 8, 9, 11, 8, 5, 10, 11, 10, 4, 9, 14, 12, 719, 10, 8, 743]","[0.005579665220086794, 0.007439553626782393, 0.009919404835709857, 0.013639181649101054, 0.018598884066955982, 0.02417854928704278, 0.030998140111593304, 0.03595784252944823, 0.03905765654060756, 0.04525728456292622, 0.052076875387476754, 0.05827650340979541, 0.06075635461872288, 0.06633601983880967, 0.0750154990700558, 0.08245505269683819, 0.5282083075015499, 0.5344079355238686, 0.5393676379417235, 1.0]",4.0,2.0,2.0,2.0,2.0,5,1.8191199999999998,8.0,-6.0,hrl_dqn_apf,hierarchical,dqn,13.743,9.532,-7.410,0.00,0.00,0.00,1.380,9.898,5.516,0.00,0.00,0.00,7.389,6.475,6.433,0.00,0.00,0.00,3.245,3.245,3.245
2026-02-04 20:01:10,322.55,26,377,403,6.45%,131.27,2.42%,"[0, 5, 10, 15, 20, 25, 30, 35, 40, 45, 50, 55, 60, 65, 70, 75, 80, 85, 90, 95, 100]","[11, 2, 4, 6, 7, 9, 11, 6, 6, 10, 11, 11, 4, 8, 14, 11, 721, 7, 12, 742]","[0.006819590824550527, 0.008059516429014259, 0.010539367637941723, 0.01425914445133292, 0.018598884066955982, 0.02417854928704278, 0.030998140111593304, 0.0347179169249845, 0.038437693738375696, 0.044637321760694355, 0.05145691258524489, 0.05827650340979541, 0.06075635461872288, 0.0657160570365778, 0.07439553626782393, 0.08121512709237445, 0.5282083075015499, 0.532548047117173, 0.5399876007439554, 1.0]",4.0,2.0,2.0,2.0,2.0,23,19.978949999999998,8.0,12.0,hrl_dqn_apf,hierarchical,dqn,13.220,9.554,-7.426,0.00,0.00,0.00,1.660,9.958,5.516,0.00,0.00,0.00,7.384,6.516,7.144,0.00,0.00,0.00,3.242,3.242,3.242
2026-02-04 20:01:11,323.55,26,373,399,6.52%,131.36,2.42%,"[0, 5, 10, 15, 20, 25, 30, 35, 40, 45, 50, 55, 60, 65, 70, 75, 80, 85, 90, 95, 100]","[10, 3, 2, 8, 6, 10, 11, 6, 5, 10, 12, 11, 5, 7, 13, 13, 721, 7, 12, 741]","[0.006199628022318661, 0.008059516429014259, 0.009299442033477991, 0.01425914445133292, 0.017978921264724116, 0.02417854928704278, 0.030998140111593304, 0.0347179169249845, 0.03781773093614383, 0.04401735895846249, 0.05145691258524489, 0.05827650340979541, 0.06137631742095474, 0.0657160570365778, 0.07377557346559206, 0.08183508989460632, 0.5288282703037818, 0.5331680099194048, 0.5406075635461872, 1.0]",4.0,2.0,2.0,2.0,2.0,6,8.13914,8.0,-6.0,hrl_dqn_apf,hierarchical,dqn,12.528,9.556,-7.431,0.00,0.00,0.00,2.281,9.961,5.515,0.00,0.00,0.00,7.382,6.642,7.136,0.00,0.00,0.00,3.239,3.239,3.239
2026-02-04 20:01:12,324.56,26,373,399,6.52%,131.55,2.42%,"[0, 5, 10, 15, 20, 25, 30, 35, 40, 45, 50, 55, 60, 65, 70, 75, 80, 85, 90, 95, 100]","[9, 5, 1, 7, 7, 10, 11, 7, 5, 9, 12, 12, 6, 6, 12, 13, 719, 9, 13, 740]","[0.005579665220086794, 0.008679479231246125, 0.009299442033477991, 0.013639181649101054, 0.017978921264724116, 0.02417854928704278, 0.030998140111593304, 0.035337879727216366, 0.038437693738375696, 0.04401735895846249, 0.05145691258524489, 0.05889646621202728, 0.06261624302541847, 0.06633601983880967, 0.07377557346559206, 0.08183508989460632, 0.527588344699318, 0.5331680099194048, 0.5412275263484191, 1.0]",4.0,2.0,2.0,2.0,2.0,6,8.13914,8.0,-6.0,hrl_dqn_apf,hierarchical,dqn,11.178,9.618,-7.279,0.00,0.00,0.00,3.756,9.955,5.515,0.00,0.00,0.00,7.382,6.653,5.904,0.00,0.00,0.00,3.236,3.236,3.236
2026-02-04 20:01:13,325.56,25,368,393,6.36%,131.68,2.36%,"[0, 5, 10, 15, 20, 25, 30, 35, 40, 45, 50, 55, 60, 65, 70, 75, 80, 85, 90, 95, 100]","[11, 3, 1, 6, 8, 9, 10, 9, 5, 9, 10, 12, 8, 5, 13, 14, 719, 9, 11, 741]","[0.006819590824550527, 0.008679479231246125, 0.009299442033477991, 0.013019218846869188, 0.017978921264724116, 0.023558586484810913, 0.029758214507129573, 0.035337879727216366, 0.038437693738375696, 0.04401735895846249, 0.050216986980781156, 0.05765654060756355, 0.06261624302541847, 0.0657160570365778, 0.07377557346559206, 0.08245505269683819, 0.5282083075015499, 0.5337879727216367, 0.5406075635461872, 1.0]",4.0,2.0,2.0,2.0,2.0,12,14.29912,8.0,0.0,hrl_dqn_apf,hierarchical,dqn,10.954,9.642,-6.731,0.00,0.00,0.00,4.513,9.952,5.515,0.00,0.00,0.00,7.384,6.649,5.161,0.00,0.00,0.00,3.233,3.233,3.233
2026-02-04 20:01:14,326.57,24,371,395,6.08%,131.82,2.29%,"[0, 5, 10, 15, 20, 25, 30, 35, 40, 45, 50, 55, 60, 65, 70, 75, 80, 85, 90, 95, 100]","[11, 3, 1, 5, 7, 10, 10, 10, 6, 8, 11, 11, 9, 5, 12, 14, 719, 9, 11, 741]","[0.006819590824550527, 0.008679479231246125, 0.009299442033477991, 0.012399256044637322, 0.016738995660260384, 0.022938623682579044, 0.029138251704897707, 0.035337879727216366, 0.03905765654060756, 0.04401735895846249, 0.05083694978301302, 0.05765654060756355, 0.06323620582765034, 0.06633601983880967, 0.07377557346559206, 0.08245505269683819, 0.5282083075015499, 0.5337879727216367, 0.5406075635461872, 1.0]",4.0,2.0,2.0,2.0,2.0,20,2.4595699999999994,8.0,12.0,hrl_dqn_apf,hierarchical,dqn,10.885,9.641,-6.025,0.00,0.00,0.00,5.168,10.159,5.521,0.00,0.00,0.00,7.406,6.568,4.881,0.00,0.00,0.00,3.230,3.230,3.230
2026-02-04 20:01:15,327.58,24,371,395,6.08%,131.94,2.29%,"[0, 5, 10, 15, 20, 25, 30, 35, 40, 45, 50, 55, 60, 65, 70, 75, 80, 85, 90, 95, 100]","[12, 3, 0, 4, 8, 10, 7, 12, 5, 10, 10, 12, 8, 6, 12, 13, 719, 10, 9, 743]","[0.007439553626782393, 0.009299442033477991, 0.009299442033477991, 0.011779293242405457, 0.016738995660260384, 0.022938623682579044, 0.02727836329820211, 0.0347179169249845, 0.03781773093614383, 0.04401735895846249, 0.050216986980781156, 0.05765654060756355, 0.06261624302541847, 0.06633601983880967, 0.07377557346559206, 0.08183508989460632, 0.527588344699318, 0.5337879727216367, 0.5393676379417235, 1.0]",4.0,2.0,2.0,2.0,2.0,20,2.4595699999999994,8.0,12.0,hrl_dqn_apf,hierarchical,dqn,10.864,9.638,-5.284,0.00,0.00,0.00,5.036,10.571,5.578,0.00,0.00,0.00,7.772,6.300,4.887,0.00,0.00,0.00,3.227,3.227,3.227
2026-02-04 20:01:16,328.58,21,370,391,5.37%,132.20,2.11%,"[0, 5, 10, 15, 20, 25, 30, 35, 40, 45, 50, 55, 60, 65, 70, 75, 80, 85, 90, 95, 100]","[10, 4, 1, 2, 8, 9, 9, 12, 6, 8, 12, 12, 9, 6, 10, 11, 719, 9, 12, 744]","[0.006199628022318661, 0.008679479231246125, 0.009299442033477991, 0.010539367637941723, 0.015499070055796652, 0.021078735275883446, 0.026658400495970243, 0.034097954122752634, 0.03781773093614383, 0.04277743335399876, 0.050216986980781156, 0.05765654060756355, 0.06323620582765034, 0.06695598264104154, 0.0731556106633602, 0.07997520148791072, 0.5257284562926224, 0.5313081215127092, 0.5387476751394916, 1.0]",4.0,2.0,2.0,2.0,2.0,8,20.62072,8.0,-6.0,hrl_dqn_apf,hierarchical,dqn,10.857,9.632,-3.772,0.00,0.00,0.00,3.980,10.595,5.847,0.00,0.00,0.00,9.081,5.927,4.792,0.00,0.00,0.00,3.224,3.224,3.224
2026-02-04 20:01:17,329.58,23,368,391,5.88%,132.30,2.23%,"[0, 5, 10, 15, 20, 25, 30, 35, 40, 45, 50, 55, 60, 65, 70, 75, 80, 85, 90, 95, 100]","[10, 4, 2, 2, 9, 9, 8, 12, 6, 8, 10, 12, 9, 7, 9, 11, 718, 11, 10, 746]","[0.006199628022318661, 0.008679479231246125, 0.009919404835709857, 0.011159330440173589, 0.016738995660260384, 0.022318660880347178, 0.02727836329820211, 0.0347179169249845, 0.038437693738375696, 0.04339739615623062, 0.04959702417854929, 0.05703657780533168, 0.06261624302541847, 0.06695598264104154, 0.07253564786112833, 0.07935523868567886, 0.5244885306881587, 0.5313081215127092, 0.5375077495350279, 1.0]",4.0,2.0,2.0,2.0,2.0,11,8.78129,8.0,0.0,hrl_dqn_apf,hierarchical,dqn,10.857,9.629,-3.043,0.00,0.00,0.00,3.808,10.191,5.895,0.00,0.00,0.00,9.716,6.178,4.758,0.00,0.00,0.00,3.221,3.221,3.221
2026-02-04 20:01:18,330.59,23,367,390,5.90%,132.44,2.23%,"[0, 5, 10, 15, 20, 25, 30, 35, 40, 45, 50, 55, 60, 65, 70, 75, 80, 85, 90, 95, 100]","[11, 4, 2, 1, 8, 10, 7, 12, 7, 8, 10, 11, 9, 8, 8, 12, 718, 11, 10, 746]","[0.006819590824550527, 0.009299442033477991, 0.010539367637941723, 0.011159330440173589, 0.016119032858028518, 0.022318660880347178, 0.026658400495970243, 0.034097954122752634, 0.038437693738375696, 0.04339739615623062, 0.04959702417854929, 0.056416615003099815, 0.06199628022318661, 0.06695598264104154, 0.07191568505889646, 0.07935523868567886, 0.5244885306881587, 0.5313081215127092, 0.5375077495350279, 1.0]",4.0,2.0,2.0,2.0,2.0,11,8.78129,8.0,0.0,hrl_dqn_apf,hierarchical,dqn,10.858,9.626,-2.303,0.00,0.00,0.00,3.751,9.789,5.911,0.00,0.00,0.00,10.012,6.483,4.748,0.00,0.00,0.00,3.218,3.218,3.218
2026-02-04 20:01:19,331.59,23,367,390,5.90%,132.54,2.23%,"[0, 5, 10, 15, 20, 25, 30, 35, 40, 45, 50, 55, 60, 65, 70, 75, 80, 85, 90, 95, 100]","[10, 6, 2, 2, 7, 9, 7, 12, 7, 9, 9, 11, 8, 10, 8, 11, 717, 13, 10, 745]","[0.006199628022318661, 0.009919404835709857, 0.011159330440173589, 0.012399256044637322, 0.016738995660260384, 0.022318660880347178, 0.026658400495970243, 0.034097954122752634, 0.038437693738375696, 0.04401735895846249, 0.04959702417854929, 0.056416615003099815, 0.06137631742095474, 0.0675759454432734, 0.07253564786112833, 0.07935523868567886, 0.5238685678859268, 0.5319280843149411, 0.5381277123372598, 1.0]",4.0,2.0,2.0,2.0,2.0,5,2.9413300000000007,8.0,-6.0,hrl_dqn_apf,hierarchical,dqn,10.858,9.623,-1.543,0.00,0.00,0.00,3.733,9.454,5.908,0.00,0.00,0.00,10.477,6.490,4.744,0.00,0.00,0.00,3.215,3.215,3.215
2026-02-04 20:01:20,332.59,24,366,390,6.15%,132.80,2.29%,"[0, 5, 10, 15, 20, 25, 30, 35, 40, 45, 50, 55, 60, 65, 70, 75, 80, 85, 90, 95, 100]","[11, 5, 2, 3, 6, 10, 6, 9, 9, 8, 9, 11, 9, 10, 9, 10, 718, 11, 12, 745]","[0.006819590824550527, 0.009919404835709857, 0.011159330440173589, 0.013019218846869188, 0.016738995660260384, 0.022938623682579044, 0.026658400495970243, 0.032238065716057036, 0.03781773093614383, 0.04277743335399876, 0.04835709857408556, 0.05517668939863608, 0.06075635461872288, 0.06695598264104154, 0.07253564786112833, 0.07873527588344699, 0.5238685678859268, 0.5306881587104774, 0.5381277123372598, 1.0]",4.0,2.0,2.0,2.0,2.0,18,21.10158,8.0,6.0,hrl_dqn_apf,hierarchical,dqn,10.706,9.684,-0.184,0.00,0.00,0.00,3.726,9.515,4.947,0.00,0.00,0.00,11.152,6.573,4.135,0.00,0.00,0.00,3.212,3.212,3.212
2026-02-04 20:01:21,333.60,25,363,388,6.44%,132.88,2.36%,"[0, 5, 10, 15, 20, 25, 30, 35, 40, 45, 50, 55, 60, 65, 70, 75, 80, 85, 90, 95, 100]","[11, 6, 2, 3, 5, 11, 8, 8, 8, 10, 9, 11, 8, 10, 9, 9, 714, 15, 8, 748]","[0.006819590824550527, 0.010539367637941723, 0.011779293242405457, 0.013639181649101054, 0.016738995660260384, 0.023558586484810913, 0.02851828890266584, 0.03347799132052077, 0.038437693738375696, 0.044637321760694355, 0.050216986980781156, 0.05703657780533168, 0.06199628022318661, 0.06819590824550527, 0.07377557346559206, 0.07935523868567886, 0.5220086794792312, 0.5313081215127092, 0.5362678239305642, 1.0]",4.0,2.0,2.0,2.0,2.0,11,9.26212,8.0,0.0,hrl_dqn_apf,hierarchical,dqn,10.159,9.707,0.039,0.00,0.00,0.00,3.725,9.516,4.223,0.00,0.00,0.00,11.739,6.579,4.149,0.00,0.00,0.00,3.209,3.209,3.209
2026-02-04 20:01:22,334.60,26,362,388,6.70%,132.99,2.42%,"[0, 5, 10, 15, 20, 25, 30, 35, 40, 45, 50, 55, 60, 65, 70, 75, 80, 85, 90, 95, 100]","[12, 5, 3, 4, 4, 11, 7, 9, 8, 9, 9, 10, 8, 10, 10, 8, 714, 13, 11, 748]","[0.007439553626782393, 0.010539367637941723, 0.012399256044637322, 0.014879107253564786, 0.01735895846249225, 0.02417854928704278, 0.02851828890266584, 0.034097954122752634, 0.03905765654060756, 0.044637321760694355, 0.050216986980781156, 0.056416615003099815, 0.06137631742095474, 0.0675759454432734, 0.07377557346559206, 0.07873527588344699, 0.5213887166769994, 0.5294482331060136, 0.5362678239305642, 1.0]",4.0,2.0,2.0,2.0,2.0,11,9.26212,8.0,0.0,hrl_dqn_apf,hierarchical,dqn,9.440,9.707,0.110,0.00,0.00,0.00,3.725,9.514,3.452,0.00,0.00,0.00,12.471,6.577,4.158,0.00,0.00,0.00,3.206,3.206,3.206
2026-02-04 20:01:23,335.61,27,361,388,6.96%,133.06,2.48%,"[0, 5, 10, 15, 20, 25, 30, 35, 40, 45, 50, 55, 60, 65, 70, 75, 80, 85, 90, 95, 100]","[11, 6, 4, 4, 5, 10, 8, 8, 9, 9, 8, 10, 8, 9, 11, 8, 714, 12, 11, 748]","[0.006819590824550527, 0.010539367637941723, 0.013019218846869188, 0.015499070055796652, 0.018598884066955982, 0.024798512089274645, 0.029758214507129573, 0.0347179169249845, 0.040297582145071294, 0.04587724736515809, 0.05083694978301302, 0.05703657780533168, 0.06199628022318661, 0.0675759454432734, 0.07439553626782393, 0.07935523868567886, 0.5220086794792312, 0.5294482331060136, 0.5362678239305642, 1.0]",4.0,2.0,2.0,2.0,2.0,1,9.342,8.0,-12.0,hrl_dqn_apf,hierarchical,dqn,8.695,9.704,0.131,0.00,0.00,0.00,3.724,9.511,2.694,0.00,0.00,0.00,13.218,6.573,4.162,0.00,0.00,0.00,3.203,3.203,3.203
2026-02-04 20:01:24,336.61,28,356,384,7.29%,133.18,2.54%,"[0, 5, 10, 15, 20, 25, 30, 35, 40, 45, 50, 55, 60, 65, 70, 75, 80, 85, 90, 95, 100]","[14, 6, 4, 5, 3, 9, 9, 9, 6, 10, 9, 9, 7, 9, 12, 8, 714, 10, 14, 746]","[0.008679479231246125, 0.012399256044637322, 0.014879107253564786, 0.017978921264724116, 0.019838809671419714, 0.02541847489150651, 0.030998140111593304, 0.0365778053316801, 0.040297582145071294, 0.04649721016738995, 0.052076875387476754, 0.05765654060756355, 0.06199628022318661, 0.0675759454432734, 0.0750154990700558, 0.07997520148791072, 0.5226286422814631, 0.5288282703037818, 0.5375077495350279, 1.0]",4.0,2.0,2.0,2.0,2.0,10,3.42206,8.0,0.0,hrl_dqn_apf,hierarchical,dqn,7.505,9.844,0.073,0.00,0.00,0.00,3.724,9.505,1.169,0.00,0.00,0.00,14.397,6.705,4.167,0.00,0.00,0.00,3.200,3.200,3.200
2026-02-04 20:01:25,337.62,29,353,382,7.59%,133.30,2.60%,"[0, 5, 10, 15, 20, 25, 30, 35, 40, 45, 50, 55, 60, 65, 70, 75, 80, 85, 90, 95, 100]","[13, 7, 4, 4, 5, 9, 9, 8, 5, 11, 9, 8, 8, 10, 11, 9, 709, 15, 11, 748]","[0.008059516429014259, 0.012399256044637322, 0.014879107253564786, 0.01735895846249225, 0.02045877247365158, 0.026038437693738377, 0.03161810291382517, 0.0365778053316801, 0.03967761934283943, 0.04649721016738995, 0.052076875387476754, 0.05703657780533168, 0.06199628022318661, 0.06819590824550527, 0.0750154990700558, 0.08059516429014259, 0.5201487910725356, 0.5294482331060136, 0.5362678239305642, 1.0]",4.0,2.0,2.0,2.0,2.0,10,3.42206,8.0,0.0,hrl_dqn_apf,hierarchical,dqn,7.809,9.915,-0.138,0.00,0.00,0.00,3.607,9.555,0.567,0.00,0.00,0.00,14.052,6.750,4.167,0.00,0.00,0.00,3.197,3.197,3.197
2026-02-04 20:01:26,338.62,27,355,382,7.07%,133.41,2.54%,"[0, 5, 10, 15, 20, 25, 30, 35, 40, 45, 50, 55, 60, 65, 70, 75, 80, 85, 90, 95, 100]","[14, 7, 4, 4, 5, 7, 11, 8, 6, 12, 9, 7, 8, 10, 11, 8, 708, 12, 14, 748]","[0.008679479231246125, 0.013019218846869188, 0.015499070055796652, 0.017978921264724116, 0.021078735275883446, 0.02541847489150651, 0.032238065716057036, 0.037197768133911964, 0.04091754494730316, 0.04835709857408556, 0.05393676379417235, 0.05827650340979541, 0.06323620582765034, 0.069435833849969, 0.07625542467451953, 0.08121512709237445, 0.5201487910725356, 0.527588344699318, 0.5362678239305642, 1.0]",4.0,2.0,2.0,2.0,2.0,0,3.58268,8.0,-12.0,hrl_dqn_apf,hierarchical,dqn,8.415,9.952,-0.362,0.00,0.00,0.00,3.103,9.556,0.461,0.00,0.00,0.00,13.410,6.751,4.167,0.00,0.00,0.00,3.194,3.194,3.194
2026-02-04 20:01:27,339.62,28,352,380,7.37%,133.52,2.60%,"[0, 5, 10, 15, 20, 25, 30, 35, 40, 45, 50, 55, 60, 65, 70, 75, 80, 85, 90, 95, 100]","[13, 8, 5, 5, 5, 6, 10, 9, 5, 11, 10, 7, 7, 10, 11, 9, 708, 12, 12, 750]","[0.008059516429014259, 0.013019218846869188, 0.016119032858028518, 0.019218846869187848, 0.022318660880347178, 0.026038437693738377, 0.032238065716057036, 0.03781773093614383, 0.04091754494730316, 0.04773713577185369, 0.05393676379417235, 0.05827650340979541, 0.06261624302541847, 0.06881587104773713, 0.07563546187228766, 0.08121512709237445, 0.5201487910725356, 0.527588344699318, 0.5350278983261004, 1.0]",4.0,2.0,2.0,2.0,2.0,15,3.74291,8.0,6.0,hrl_dqn_apf,hierarchical,dqn,9.121,9.982,-0.541,0.00,0.00,0.00,2.433,9.537,0.538,0.00,0.00,0.00,12.683,6.748,4.165,0.00,0.00,0.00,3.191,3.191,3.191
2026-02-04 20:01:28,340.62,29,349,378,7.67%,133.74,2.67%,"[0, 5, 10, 15, 20, 25, 30, 35, 40, 45, 50, 55, 60, 65, 70, 75, 80, 85, 90, 95, 100]","[16, 6, 5, 5, 6, 5, 9, 10, 4, 13, 9, 8, 7, 9, 10, 11, 706, 14, 9, 751]","[0.009919404835709857, 0.013639181649101054, 0.016738995660260384, 0.019838809671419714, 0.023558586484810913, 0.026658400495970243, 0.032238065716057036, 0.038437693738375696, 0.04091754494730316, 0.048977061376317424, 0.05455672659640422, 0.059516429014259145, 0.0638561686298822, 0.069435833849969, 0.07563546187228766, 0.08245505269683819, 0.5201487910725356, 0.5288282703037818, 0.5344079355238686, 1.0]",4.0,2.0,2.0,2.0,2.0,15,3.74291,8.0,6.0,hrl_dqn_apf,hierarchical,dqn,9.758,9.736,-1.393,0.00,0.00,0.00,1.895,9.601,1.567,0.00,0.00,0.00,11.367,6.810,4.130,0.00,0.00,0.00,3.188,3.188,3.188
2026-02-04 20:01:29,341.63,29,347,376,7.71%,133.88,2.67%,"[0, 5, 10, 15, 20, 25, 30, 35, 40, 45, 50, 55, 60, 65, 70, 75, 80, 85, 90, 95, 100]","[16, 5, 6, 4, 7, 5, 7, 12, 5, 11, 11, 8, 6, 11, 10, 9, 707, 13, 9, 751]","[0.009919404835709857, 0.013019218846869188, 0.016738995660260384, 0.019218846869187848, 0.023558586484810913, 0.026658400495970243, 0.030998140111593304, 0.038437693738375696, 0.041537507749535026, 0.04835709857408556, 0.05517668939863608, 0.06013639181649101, 0.0638561686298822, 0.07067575945443273, 0.07687538747675139, 0.08245505269683819, 0.5207687538747675, 0.5288282703037818, 0.5344079355238686, 1.0]",4.0,2.0,2.0,2.0,2.0,12,15.90307,8.0,0.0,hrl_dqn_apf,hierarchical,dqn,9.810,9.567,-1.655,0.00,0.00,0.00,1.853,9.599,2.296,0.00,0.00,0.00,11.242,6.887,4.120,0.00,0.00,0.00,3.185,3.185,3.185
2026-02-04 20:01:30,342.63,30,344,374,8.02%,133.99,2.79%,"[0, 5, 10, 15, 20, 25, 30, 35, 40, 45, 50, 55, 60, 65, 70, 75, 80, 85, 90, 95, 100]","[18, 5, 5, 5, 6, 6, 7, 11, 5, 11, 12, 8, 5, 10, 10, 9, 707, 10, 12, 751]","[0.011159330440173589, 0.01425914445133292, 0.01735895846249225, 0.02045877247365158, 0.02417854928704278, 0.027898326100433975, 0.032238065716057036, 0.03905765654060756, 0.04215747055176689, 0.048977061376317424, 0.056416615003099815, 0.06137631742095474, 0.06447613143211407, 0.07067575945443273, 0.07687538747675139, 0.08245505269683819, 0.5207687538747675, 0.5269683818970862, 0.5344079355238686, 1.0]",4.0,2.0,2.0,2.0,2.0,12,16.06338,8.0,0.0,hrl_dqn_apf,hierarchical,dqn,9.847,9.601,-2.173,0.00,0.00,0.00,1.840,9.596,3.051,0.00,0.00,0.00,11.651,6.916,4.133,0.00,0.00,0.00,3.182,3.182,3.182
2026-02-04 20:01:31,343.64,32,342,374,8.56%,134.12,2.91%,"[0, 5, 10, 15, 20, 25, 30, 35, 40, 45, 50, 55, 60, 65, 70, 75, 80, 85, 90, 95, 100]","[17, 6, 6, 5, 6, 7, 5, 13, 5, 9, 12, 8, 4, 10, 11, 9, 705, 10, 12, 753]","[0.010539367637941723, 0.01425914445133292, 0.017978921264724116, 0.021078735275883446, 0.024798512089274645, 0.029138251704897707, 0.032238065716057036, 0.040297582145071294, 0.04339739615623062, 0.048977061376317424, 0.056416615003099815, 0.06137631742095474, 0.0638561686298822, 0.07005579665220087, 0.07687538747675139, 0.08245505269683819, 0.5195288282703038, 0.5257284562926224, 0.5331680099194048, 1.0]",4.0,2.0,2.0,2.0,2.0,12,16.06338,8.0,0.0,hrl_dqn_apf,hierarchical,dqn,10.240,9.654,-2.489,0.00,0.00,0.00,1.843,9.602,3.802,0.00,0.00,0.00,12.312,6.916,4.133,0.00,0.00,0.00,3.179,3.179,3.179
2026-02-04 20:01:32,344.65,33,340,373,8.85%,134.41,2.98%,"[0, 5, 10, 15, 20, 25, 30, 35, 40, 45, 50, 55, 60, 65, 70, 75, 80, 85, 90, 95, 100]","[16, 8, 4, 6, 6, 8, 4, 12, 6, 9, 11, 10, 4, 9, 12, 9, 702, 11, 12, 754]","[0.009919404835709857, 0.014879107253564786, 0.01735895846249225, 0.021078735275883446, 0.024798512089274645, 0.029758214507129573, 0.032238065716057036, 0.03967761934283943, 0.04339739615623062, 0.048977061376317424, 0.05579665220086795, 0.06199628022318661, 0.06447613143211407, 0.07005579665220087, 0.07749535027898326, 0.08307501549907005, 0.51828890266584, 0.5251084934903906, 0.532548047117173, 1.0]",4.0,2.0,2.0,2.0,2.0,4,28.22322,8.0,-12.0,hrl_dqn_apf,hierarchical,dqn,11.622,9.657,-2.623,0.00,0.00,0.00,2.800,9.681,4.380,0.00,0.00,0.00,13.599,6.981,4.137,0.00,0.00,0.00,3.176,3.176,3.176
2026-02-04 20:01:33,345.66,33,340,373,8.85%,134.55,2.98%,"[0, 5, 10, 15, 20, 25, 30, 35, 40, 45, 50, 55, 60, 65, 70, 75, 80, 85, 90, 95, 100]","[17, 7, 4, 5, 7, 8, 4, 11, 7, 8, 12, 9, 5, 9, 11, 8, 704, 10, 13, 754]","[0.010539367637941723, 0.014879107253564786, 0.01735895846249225, 0.02045877247365158, 0.024798512089274645, 0.029758214507129573, 0.032238065716057036, 0.03905765654060756, 0.04339739615623062, 0.04835709857408556, 0.05579665220086795, 0.06137631742095474, 0.06447613143211407, 0.07005579665220087, 0.07687538747675139, 0.08183508989460632, 0.51828890266584, 0.5244885306881587, 0.532548047117173, 1.0]",4.0,2.0,2.0,2.0,2.0,15,4.3836200000000005,8.0,6.0,hrl_dqn_apf,hierarchical,dqn,12.374,9.654,-2.634,0.00,0.00,0.00,3.524,9.679,4.424,0.00,0.00,0.00,13.720,7.058,4.126,0.00,0.00,0.00,3.172,3.172,3.172
2026-02-04 20:01:34,346.67,33,342,375,8.80%,134.68,2.98%,"[0, 5, 10, 15, 20, 25, 30, 35, 40, 45, 50, 55, 60, 65, 70, 75, 80, 85, 90, 95, 100]","[15, 9, 4, 5, 6, 9, 4, 9, 8, 9, 12, 9, 5, 8, 12, 8, 704, 10, 13, 754]","[0.009299442033477991, 0.014879107253564786, 0.01735895846249225, 0.02045877247365158, 0.02417854928704278, 0.029758214507129573, 0.032238065716057036, 0.03781773093614383, 0.04277743335399876, 0.04835709857408556, 0.05579665220086795, 0.06137631742095474, 0.06447613143211407, 0.069435833849969, 0.07687538747675139, 0.08183508989460632, 0.51828890266584, 0.5244885306881587, 0.532548047117173, 1.0]",4.0,2.0,2.0,2.0,2.0,15,4.3836200000000005,8.0,6.0,hrl_dqn_apf,hierarchical,dqn,13.125,9.676,-2.612,0.00,0.00,0.00,4.292,9.676,4.438,0.00,0.00,0.00,13.305,7.086,4.136,0.00,0.00,0.00,3.170,3.170,3.170
2026-02-04 20:01:35,347.67,31,338,369,8.40%,134.86,2.91%,"[0, 5, 10, 15, 20, 25, 30, 35, 40, 45, 50, 55, 60, 65, 70, 75, 80, 85, 90, 95, 100]","[14, 9, 5, 5, 6, 8, 6, 7, 10, 9, 10, 11, 5, 6, 12, 9, 704, 8, 10, 759]","[0.008679479231246125, 0.01425914445133292, 0.01735895846249225, 0.02045877247365158, 0.02417854928704278, 0.029138251704897707, 0.0328580285182889, 0.037197768133911964, 0.04339739615623062, 0.048977061376317424, 0.05517668939863608, 0.06199628022318661, 0.06509609423434594, 0.06881587104773713, 0.07625542467451953, 0.08183508989460632, 0.51828890266584, 0.523248605083695, 0.5294482331060136, 1.0]",4.0,2.0,2.0,2.0,2.0,20,4.54419,8.0,12.0,hrl_dqn_apf,hierarchical,dqn,13.496,9.736,-2.217,0.00,0.00,0.00,5.049,9.673,4.442,0.00,0.00,0.00,12.641,7.086,4.134,0.00,0.00,0.00,3.166,3.166,3.166
2026-02-04 20:01:36,348.68,31,338,369,8.40%,134.98,2.91%,"[0, 5, 10, 15, 20, 25, 30, 35, 40, 45, 50, 55, 60, 65, 70, 75, 80, 85, 90, 95, 100]","[15, 8, 5, 4, 7, 8, 6, 7, 9, 9, 10, 10, 7, 6, 12, 9, 704, 8, 10, 759]","[0.009299442033477991, 0.01425914445133292, 0.01735895846249225, 0.019838809671419714, 0.02417854928704278, 0.029138251704897707, 0.0328580285182889, 0.037197768133911964, 0.04277743335399876, 0.04835709857408556, 0.05455672659640422, 0.06075635461872288, 0.06509609423434594, 0.06881587104773713, 0.07625542467451953, 0.08183508989460632, 0.51828890266584, 0.523248605083695, 0.5294482331060136, 1.0]",4.0,2.0,2.0,2.0,2.0,20,4.54419,8.0,12.0,hrl_dqn_apf,hierarchical,dqn,13.652,9.738,-0.842,0.00,0.00,0.00,6.561,9.667,4.443,0.00,0.00,0.00,11.162,7.080,4.131,0.00,0.00,0.00,3.163,3.163,3.163
2026-02-04 20:01:37,349.68,30,339,369,8.13%,135.06,2.85%,"[0, 5, 10, 15, 20, 25, 30, 35, 40, 45, 50, 55, 60, 65, 70, 75, 80, 85, 90, 95, 100]","[15, 6, 7, 4, 6, 8, 8, 6, 10, 9, 10, 10, 7, 6, 12, 10, 704, 6, 11, 758]","[0.009299442033477991, 0.013019218846869188, 0.01735895846249225, 0.019838809671419714, 0.023558586484810913, 0.02851828890266584, 0.03347799132052077, 0.037197768133911964, 0.04339739615623062, 0.048977061376317424, 0.05517668939863608, 0.06137631742095474, 0.0657160570365778, 0.069435833849969, 0.07687538747675139, 0.08307501549907005, 0.5195288282703038, 0.523248605083695, 0.5300681959082455, 1.0]",4.0,2.0,2.0,2.0,2.0,14,28.70411,8.0,0.0,hrl_dqn_apf,hierarchical,dqn,13.664,9.735,-0.092,0.00,0.00,0.00,7.318,9.664,4.443,0.00,0.00,0.00,10.430,7.077,4.148,0.00,0.00,0.00,3.160,3.160,3.160
2026-02-04 20:01:38,350.68,32,335,367,8.72%,135.14,3.04%,"[0, 5, 10, 15, 20, 25, 30, 35, 40, 45, 50, 55, 60, 65, 70, 75, 80, 85, 90, 95, 100]","[17, 7, 7, 4, 6, 8, 6, 6, 9, 10, 9, 11, 7, 6, 11, 10, 703, 7, 10, 759]","[0.010539367637941723, 0.014879107253564786, 0.019218846869187848, 0.02169869807811531, 0.02541847489150651, 0.03037817730936144, 0.034097954122752634, 0.03781773093614383, 0.04339739615623062, 0.04959702417854929, 0.05517668939863608, 0.06199628022318661, 0.06633601983880967, 0.07005579665220087, 0.07687538747675139, 0.08307501549907005, 0.5189088654680719, 0.523248605083695, 0.5294482331060136, 1.0]",4.0,2.0,2.0,2.0,2.0,22,16.86424,8.0,12.0,hrl_dqn_apf,hierarchical,dqn,13.669,9.731,0.666,0.00,0.00,0.00,7.983,9.839,4.447,0.00,0.00,0.00,9.718,7.039,4.153,0.00,0.00,0.00,3.157,3.157,3.157
2026-02-04 20:01:39,351.68,30,335,365,8.22%,135.38,2.98%,"[0, 5, 10, 15, 20, 25, 30, 35, 40, 45, 50, 55, 60, 65, 70, 75, 80, 85, 90, 95, 100]","[17, 5, 9, 4, 5, 8, 7, 6, 7, 11, 10, 10, 7, 7, 10, 9, 702, 10, 10, 759]","[0.010539367637941723, 0.013639181649101054, 0.019218846869187848, 0.02169869807811531, 0.024798512089274645, 0.029758214507129573, 0.034097954122752634, 0.03781773093614383, 0.04215747055176689, 0.048977061376317424, 0.05517668939863608, 0.06137631742095474, 0.0657160570365778, 0.07005579665220087, 0.07625542467451953, 0.08183508989460632, 0.5170489770613763, 0.523248605083695, 0.5294482331060136, 1.0]",4.0,2.0,2.0,2.0,2.0,22,16.86424,8.0,12.0,hrl_dqn_apf,hierarchical,dqn,13.939,9.805,1.901,0.00,0.00,0.00,7.324,10.561,4.575,0.00,0.00,0.00,10.234,6.572,4.039,0.00,0.00,0.00,3.154,3.154,3.154
2026-02-04 20:01:40,352.69,28,335,363,7.71%,135.50,2.91%,"[0, 5, 10, 15, 20, 25, 30, 35, 40, 45, 50, 55, 60, 65, 70, 75, 80, 85, 90, 95, 100]","[15, 7, 7, 6, 5, 7, 7, 7, 7, 11, 10, 10, 7, 7, 8, 11, 702, 10, 8, 761]","[0.009299442033477991, 0.013639181649101054, 0.017978921264724116, 0.02169869807811531, 0.024798512089274645, 0.029138251704897707, 0.03347799132052077, 0.03781773093614383, 0.04215747055176689, 0.048977061376317424, 0.05517668939863608, 0.06137631742095474, 0.0657160570365778, 0.07005579665220087, 0.0750154990700558, 0.08183508989460632, 0.5170489770613763, 0.523248605083695, 0.5282083075015499, 1.0]",4.0,2.0,2.0,2.0,2.0,24,29.02451,8.0,12.0,hrl_dqn_apf,hierarchical,dqn,14.529,9.816,2.065,0.00,0.00,0.00,6.643,10.901,4.696,0.00,0.00,0.00,10.616,6.263,3.929,0.00,0.00,0.00,3.151,3.151,3.151
2026-02-04 20:01:41,353.69,29,328,357,8.12%,135.65,2.98%,"[0, 5, 10, 15, 20, 25, 30, 35, 40, 45, 50, 55, 60, 65, 70, 75, 80, 85, 90, 95, 100]","[15, 7, 7, 6, 5, 8, 7, 7, 4, 12, 10, 10, 6, 9, 8, 11, 702, 10, 8, 761]","[0.009299442033477991, 0.013639181649101054, 0.017978921264724116, 0.02169869807811531, 0.024798512089274645, 0.029758214507129573, 0.034097954122752634, 0.038437693738375696, 0.04091754494730316, 0.04835709857408556, 0.05455672659640422, 0.06075635461872288, 0.06447613143211407, 0.07005579665220087, 0.0750154990700558, 0.08183508989460632, 0.5170489770613763, 0.523248605083695, 0.5282083075015499, 1.0]",4.0,2.0,2.0,2.0,2.0,11,11.185009999999998,8.0,0.0,hrl_dqn_apf,hierarchical,dqn,15.261,9.815,2.118,0.00,0.00,0.00,5.986,10.788,4.825,0.00,0.00,0.00,10.617,6.175,3.886,0.00,0.00,0.00,3.148,3.148,3.148
2026-02-04 20:01:42,354.70,28,329,357,7.84%,135.82,2.91%,"[0, 5, 10, 15, 20, 25, 30, 35, 40, 45, 50, 55, 60, 65, 70, 75, 80, 85, 90, 95, 100]","[14, 8, 6, 7, 5, 7, 7, 8, 4, 12, 10, 10, 6, 9, 8, 10, 703, 10, 8, 761]","[0.008679479231246125, 0.013639181649101054, 0.01735895846249225, 0.02169869807811531, 0.024798512089274645, 0.029138251704897707, 0.03347799132052077, 0.038437693738375696, 0.04091754494730316, 0.04835709857408556, 0.05455672659640422, 0.06075635461872288, 0.06447613143211407, 0.07005579665220087, 0.0750154990700558, 0.08121512709237445, 0.5170489770613763, 0.523248605083695, 0.5282083075015499, 1.0]",4.0,2.0,2.0,2.0,2.0,11,11.185009999999998,8.0,0.0,hrl_dqn_apf,hierarchical,dqn,15.999,9.812,2.133,0.00,0.00,0.00,5.729,10.375,4.877,0.00,0.00,0.00,10.635,6.232,4.263,0.00,0.00,0.00,3.145,3.145,3.145
2026-02-04 20:01:43,355.74,27,326,353,7.65%,136.06,2.85%,"[0, 5, 10, 15, 20, 25, 30, 35, 40, 45, 50, 55, 60, 65, 70, 75, 80, 85, 90, 95, 100]","[13, 8, 4, 9, 5, 7, 7, 9, 4, 10, 11, 10, 7, 8, 9, 11, 702, 7, 10, 762]","[0.008059516429014259, 0.013019218846869188, 0.015499070055796652, 0.021078735275883446, 0.02417854928704278, 0.02851828890266584, 0.0328580285182889, 0.038437693738375696, 0.04091754494730316, 0.047117172969621826, 0.05393676379417235, 0.06013639181649101, 0.06447613143211407, 0.069435833849969, 0.0750154990700558, 0.08183508989460632, 0.5170489770613763, 0.5213887166769994, 0.527588344699318, 1.0]",4.0,2.0,2.0,2.0,2.0,6,11.34562,8.0,-6.0,hrl_dqn_apf,hierarchical,dqn,17.512,9.806,2.138,0.00,0.00,0.00,5.621,9.554,4.900,0.00,0.00,0.00,10.621,6.338,3.609,0.00,0.00,0.00,3.142,3.142,3.142
2026-02-04 20:01:44,356.74,27,326,353,7.65%,136.19,2.85%,"[0, 5, 10, 15, 20, 25, 30, 35, 40, 45, 50, 55, 60, 65, 70, 75, 80, 85, 90, 95, 100]","[11, 9, 4, 10, 5, 7, 7, 9, 4, 9, 12, 10, 6, 9, 9, 10, 700, 10, 10, 762]","[0.006819590824550527, 0.012399256044637322, 0.014879107253564786, 0.021078735275883446, 0.02417854928704278, 0.02851828890266584, 0.0328580285182889, 0.038437693738375696, 0.04091754494730316, 0.04649721016738995, 0.05393676379417235, 0.06013639181649101, 0.0638561686298822, 0.069435833849969, 0.0750154990700558, 0.08121512709237445, 0.5151890886546807, 0.5213887166769994, 0.527588344699318, 1.0]",4.0,2.0,2.0,2.0,2.0,15,5.66628,8.0,6.0,hrl_dqn_apf,hierarchical,dqn,18.015,9.864,2.018,0.00,0.00,0.00,5.762,9.564,4.901,0.00,0.00,0.00,10.618,6.337,3.039,0.00,0.00,0.00,3.139,3.139,3.139
2026-02-04 20:01:45,357.75,27,326,353,7.65%,136.24,2.85%,"[0, 5, 10, 15, 20, 25, 30, 35, 40, 45, 50, 55, 60, 65, 70, 75, 80, 85, 90, 95, 100]","[11, 7, 6, 9, 6, 7, 6, 9, 5, 9, 13, 10, 6, 9, 9, 9, 701, 10, 10, 761]","[0.006819590824550527, 0.011159330440173589, 0.014879107253564786, 0.02045877247365158, 0.02417854928704278, 0.02851828890266584, 0.032238065716057036, 0.03781773093614383, 0.04091754494730316, 0.04649721016738995, 0.05455672659640422, 0.06075635461872288, 0.06447613143211407, 0.07005579665220087, 0.07563546187228766, 0.08121512709237445, 0.5158090514569126, 0.5220086794792312, 0.5282083075015499, 1.0]",4.0,2.0,2.0,2.0,2.0,15,5.66628,8.0,6.0,hrl_dqn_apf,hierarchical,dqn,18.262,9.892,1.502,0.00,0.00,0.00,6.184,9.620,5.016,0.00,0.00,0.00,10.614,6.378,2.409,0.00,0.00,0.00,3.136,3.136,3.136
2026-02-04 20:01:46,358.75,26,326,352,7.39%,136.29,2.85%,"[0, 5, 10, 15, 20, 25, 30, 35, 40, 45, 50, 55, 60, 65, 70, 75, 80, 85, 90, 95, 100]","[11, 6, 7, 7, 7, 8, 6, 9, 5, 7, 14, 12, 6, 9, 9, 8, 702, 10, 10, 760]","[0.006819590824550527, 0.010539367637941723, 0.014879107253564786, 0.019218846869187848, 0.023558586484810913, 0.02851828890266584, 0.032238065716057036, 0.03781773093614383, 0.04091754494730316, 0.04525728456292622, 0.05393676379417235, 0.06137631742095474, 0.06509609423434594, 0.07067575945443273, 0.07625542467451953, 0.08121512709237445, 0.5164290142591444, 0.5226286422814631, 0.5288282703037818, 1.0]",4.0,2.0,2.0,2.0,2.0,13,23.66628,8.0,0.0,hrl_dqn_apf,hierarchical,dqn,18.339,9.893,0.851,0.00,0.00,0.00,6.367,9.646,5.499,0.00,0.00,0.00,10.722,6.451,2.152,0.00,0.00,0.00,3.133,3.133,3.133
2026-02-04 20:01:47,359.76,26,326,352,7.39%,136.38,2.85%,"[0, 5, 10, 15, 20, 25, 30, 35, 40, 45, 50, 55, 60, 65, 70, 75, 80, 85, 90, 95, 100]","[12, 6, 7, 6, 9, 6, 7, 9, 6, 7, 12, 12, 6, 9, 11, 7, 703, 11, 9, 758]","[0.007439553626782393, 0.011159330440173589, 0.015499070055796652, 0.019218846869187848, 0.024798512089274645, 0.02851828890266584, 0.0328580285182889, 0.038437693738375696, 0.04215747055176689, 0.04649721016738995, 0.05393676379417235, 0.06137631742095474, 0.06509609423434594, 0.07067575945443273, 0.07749535027898326, 0.08183508989460632, 0.5176689398636082, 0.5244885306881587, 0.5300681959082455, 1.0]",4.0,2.0,2.0,2.0,2.0,13,23.66628,8.0,0.0,hrl_dqn_apf,hierarchical,dqn,18.372,9.887,-0.635,0.00,0.00,0.00,6.137,9.728,6.611,0.00,0.00,0.00,11.933,6.465,2.032,0.00,0.00,0.00,3.130,3.130,3.130
2026-02-04 20:01:48,360.76,25,323,348,7.18%,136.40,2.85%,"[0, 5, 10, 15, 20, 25, 30, 35, 40, 45, 50, 55, 60, 65, 70, 75, 80, 85, 90, 95, 100]","[11, 6, 7, 7, 8, 7, 6, 10, 6, 7, 12, 12, 6, 9, 11, 8, 702, 10, 9, 759]","[0.006819590824550527, 0.010539367637941723, 0.014879107253564786, 0.019218846869187848, 0.02417854928704278, 0.02851828890266584, 0.032238065716057036, 0.038437693738375696, 0.04215747055176689, 0.04649721016738995, 0.05393676379417235, 0.06137631742095474, 0.06509609423434594, 0.07067575945443273, 0.07749535027898326, 0.08245505269683819, 0.5176689398636082, 0.5238685678859268, 0.5294482331060136, 1.0]",4.0,2.0,2.0,2.0,2.0,6,11.826809999999998,8.0,-6.0,hrl_dqn_apf,hierarchical,dqn,18.217,9.951,-1.237,0.00,0.00,0.00,5.523,9.738,6.754,0.00,0.00,0.00,12.672,6.462,2.024,0.00,0.00,0.00,3.127,3.127,3.127
2026-02-04 20:01:49,361.76,26,322,348,7.47%,136.39,2.91%,"[0, 5, 10, 15, 20, 25, 30, 35, 40, 45, 50, 55, 60, 65, 70, 75, 80, 85, 90, 95, 100]","[11, 7, 6, 7, 9, 7, 5, 9, 7, 7, 10, 13, 7, 8, 11, 10, 701, 9, 9, 760]","[0.006819590824550527, 0.011159330440173589, 0.014879107253564786, 0.019218846869187848, 0.024798512089274645, 0.029138251704897707, 0.032238065716057036, 0.03781773093614383, 0.04215747055176689, 0.04649721016738995, 0.05269683818970862, 0.06075635461872288, 0.06509609423434594, 0.07005579665220087, 0.07687538747675139, 0.08307501549907005, 0.5176689398636082, 0.523248605083695, 0.5288282703037818, 1.0]",4.0,2.0,2.0,2.0,2.0,0,5.986879999999999,8.0,-12.0,hrl_dqn_apf,hierarchical,dqn,17.670,9.974,-1.458,0.00,0.00,0.00,4.901,9.791,6.701,0.00,0.00,0.00,13.425,6.459,2.023,0.00,0.00,0.00,3.124,3.124,3.124
2026-02-04 20:01:50,362.77,27,321,348,7.76%,136.46,2.98%,"[0, 5, 10, 15, 20, 25, 30, 35, 40, 45, 50, 55, 60, 65, 70, 75, 80, 85, 90, 95, 100]","[11, 5, 6, 8, 11, 7, 5, 9, 7, 7, 10, 13, 7, 8, 11, 9, 701, 9, 10, 759]","[0.006819590824550527, 0.009919404835709857, 0.013639181649101054, 0.018598884066955982, 0.02541847489150651, 0.029758214507129573, 0.0328580285182889, 0.038437693738375696, 0.04277743335399876, 0.047117172969621826, 0.053316800991940486, 0.06137631742095474, 0.0657160570365778, 0.07067575945443273, 0.07749535027898326, 0.08307501549907005, 0.5176689398636082, 0.523248605083695, 0.5294482331060136, 1.0]",4.0,2.0,2.0,2.0,2.0,0,5.986879999999999,8.0,-12.0,hrl_dqn_apf,hierarchical,dqn,16.978,9.973,-1.526,0.00,0.00,0.00,4.644,9.825,6.219,0.00,0.00,0.00,14.176,6.456,2.024,0.00,0.00,0.00,3.121,3.121,3.121
2026-02-04 20:01:51,363.77,25,321,346,7.23%,136.67,2.91%,"[0, 5, 10, 15, 20, 25, 30, 35, 40, 45, 50, 55, 60, 65, 70, 75, 80, 85, 90, 95, 100]","[12, 6, 4, 8, 7, 10, 6, 7, 8, 8, 8, 15, 7, 8, 10, 11, 699, 11, 10, 758]","[0.007439553626782393, 0.011159330440173589, 0.013639181649101054, 0.018598884066955982, 0.022938623682579044, 0.029138251704897707, 0.0328580285182889, 0.037197768133911964, 0.04215747055176689, 0.047117172969621826, 0.052076875387476754, 0.06137631742095474, 0.0657160570365778, 0.07067575945443273, 0.07687538747675139, 0.08369497830130192, 0.5170489770613763, 0.5238685678859268, 0.5300681959082455, 1.0]",4.0,2.0,2.0,2.0,2.0,17,18.14691,8.0,6.0,hrl_dqn_apf,hierarchical,dqn,15.516,9.967,-1.553,0.00,0.00,0.00,4.537,9.823,4.835,0.00,0.00,0.00,15.423,6.528,2.267,0.00,0.00,0.00,3.118,3.118,3.118
2026-02-04 20:01:52,364.78,24,318,342,7.02%,136.77,2.91%,"[0, 5, 10, 15, 20, 25, 30, 35, 40, 45, 50, 55, 60, 65, 70, 75, 80, 85, 90, 95, 100]","[12, 6, 4, 8, 6, 11, 5, 8, 7, 9, 8, 14, 7, 10, 10, 11, 699, 10, 10, 758]","[0.007439553626782393, 0.011159330440173589, 0.013639181649101054, 0.018598884066955982, 0.022318660880347178, 0.029138251704897707, 0.032238065716057036, 0.037197768133911964, 0.041537507749535026, 0.047117172969621826, 0.052076875387476754, 0.06075635461872288, 0.06509609423434594, 0.0712957222566646, 0.07749535027898326, 0.08431494110353378, 0.5176689398636082, 0.5238685678859268, 0.5300681959082455, 1.0]",4.0,2.0,2.0,2.0,2.0,16,12.30736,8.0,6.0,hrl_dqn_apf,hierarchical,dqn,14.902,10.030,-1.406,0.00,0.00,0.00,4.528,9.820,4.081,0.00,0.00,0.00,15.573,6.581,2.276,0.00,0.00,0.00,3.115,3.115,3.115
2026-02-04 20:01:53,365.78,25,319,344,7.27%,136.85,2.98%,"[0, 5, 10, 15, 20, 25, 30, 35, 40, 45, 50, 55, 60, 65, 70, 75, 80, 85, 90, 95, 100]","[11, 7, 4, 8, 7, 11, 5, 7, 8, 9, 8, 14, 7, 8, 11, 10, 698, 12, 9, 759]","[0.006819590824550527, 0.011159330440173589, 0.013639181649101054, 0.018598884066955982, 0.022938623682579044, 0.029758214507129573, 0.0328580285182889, 0.037197768133911964, 0.04215747055176689, 0.04773713577185369, 0.05269683818970862, 0.06137631742095474, 0.0657160570365778, 0.07067575945443273, 0.07749535027898326, 0.08369497830130192, 0.5164290142591444, 0.5238685678859268, 0.5294482331060136, 1.0]",4.0,2.0,2.0,2.0,2.0,16,12.30736,8.0,6.0,hrl_dqn_apf,hierarchical,dqn,14.668,9.852,-0.927,0.00,0.00,0.00,4.525,9.817,3.325,0.00,0.00,0.00,15.620,6.643,2.290,0.00,0.00,0.00,3.112,3.112,3.112
2026-02-04 20:01:54,366.79,25,317,342,7.31%,136.94,3.04%,"[0, 5, 10, 15, 20, 25, 30, 35, 40, 45, 50, 55, 60, 65, 70, 75, 80, 85, 90, 95, 100]","[12, 7, 4, 7, 7, 12, 5, 7, 7, 9, 8, 12, 9, 9, 11, 10, 698, 11, 8, 760]","[0.007439553626782393, 0.011779293242405457, 0.01425914445133292, 0.018598884066955982, 0.022938623682579044, 0.03037817730936144, 0.03347799132052077, 0.03781773093614383, 0.04215747055176689, 0.04773713577185369, 0.05269683818970862, 0.06013639181649101, 0.0657160570365778, 0.0712957222566646, 0.07811531308121512, 0.08431494110353378, 0.5170489770613763, 0.5238685678859268, 0.5288282703037818, 1.0]",4.0,2.0,2.0,2.0,2.0,16,12.467279999999999,8.0,6.0,hrl_dqn_apf,hierarchical,dqn,14.585,9.595,-0.706,0.00,0.00,0.00,4.554,9.843,2.592,0.00,0.00,0.00,15.637,6.638,2.270,0.00,0.00,0.00,3.109,3.109,3.109
2026-02-04 20:01:55,367.79,24,312,336,7.14%,137.15,2.98%,"[0, 5, 10, 15, 20, 25, 30, 35, 40, 45, 50, 55, 60, 65, 70, 75, 80, 85, 90, 95, 100]","[12, 6, 4, 7, 8, 11, 7, 7, 6, 9, 9, 10, 11, 9, 10, 10, 698, 9, 10, 760]","[0.007439553626782393, 0.011159330440173589, 0.013639181649101054, 0.017978921264724116, 0.022938623682579044, 0.029758214507129573, 0.034097954122752634, 0.038437693738375696, 0.04215747055176689, 0.04773713577185369, 0.053316800991940486, 0.059516429014259145, 0.06633601983880967, 0.07191568505889646, 0.07811531308121512, 0.08431494110353378, 0.5170489770613763, 0.5226286422814631, 0.5288282703037818, 1.0]",4.0,2.0,2.0,2.0,2.0,16,12.467279999999999,8.0,6.0,hrl_dqn_apf,hierarchical,dqn,14.249,10.250,-1.616,0.00,0.00,0.00,5.618,9.903,2.118,0.00,0.00,0.00,15.909,6.242,2.286,0.00,0.00,0.00,3.106,3.106,3.106
2026-02-04 20:01:56,368.80,25,311,336,7.44%,137.18,3.04%,"[0, 5, 10, 15, 20, 25, 30, 35, 40, 45, 50, 55, 60, 65, 70, 75, 80, 85, 90, 95, 100]","[13, 5, 5, 6, 8, 12, 6, 8, 6, 10, 10, 9, 10, 8, 11, 8, 700, 9, 10, 759]","[0.008059516429014259, 0.011159330440173589, 0.01425914445133292, 0.017978921264724116, 0.022938623682579044, 0.03037817730936144, 0.034097954122752634, 0.03905765654060756, 0.04277743335399876, 0.048977061376317424, 0.05517668939863608, 0.06075635461872288, 0.06695598264104154, 0.07191568505889646, 0.07873527588344699, 0.08369497830130192, 0.5176689398636082, 0.523248605083695, 0.5294482331060136, 1.0]",4.0,2.0,2.0,2.0,2.0,4,30.62754,8.0,-12.0,hrl_dqn_apf,hierarchical,dqn,14.046,10.060,-2.189,0.00,0.00,0.00,6.347,9.901,2.083,0.00,0.00,0.00,16.215,6.211,2.282,0.00,0.00,0.00,3.103,3.103,3.103
2026-02-04 20:01:57,369.81,26,308,334,7.78%,137.28,3.10%,"[0, 5, 10, 15, 20, 25, 30, 35, 40, 45, 50, 55, 60, 65, 70, 75, 80, 85, 90, 95, 100]","[15, 5, 5, 6, 8, 11, 7, 8, 5, 9, 10, 9, 9, 9, 11, 8, 700, 9, 9, 760]","[0.009299442033477991, 0.012399256044637322, 0.015499070055796652, 0.019218846869187848, 0.02417854928704278, 0.030998140111593304, 0.035337879727216366, 0.040297582145071294, 0.04339739615623062, 0.048977061376317424, 0.05517668939863608, 0.06075635461872288, 0.06633601983880967, 0.07191568505889646, 0.07873527588344699, 0.08369497830130192, 0.5176689398636082, 0.523248605083695, 0.5288282703037818, 1.0]",4.0,2.0,2.0,2.0,2.0,0,6.787839999999999,8.0,-12.0,hrl_dqn_apf,hierarchical,dqn,13.965,9.646,-2.413,0.00,0.00,0.00,7.103,9.897,2.071,0.00,0.00,0.00,16.807,6.222,2.270,0.00,0.00,0.00,3.100,3.100,3.100
2026-02-04 20:01:58,370.81,24,308,332,7.23%,137.41,3.04%,"[0, 5, 10, 15, 20, 25, 30, 35, 40, 45, 50, 55, 60, 65, 70, 75, 80, 85, 90, 95, 100]","[15, 4, 5, 7, 7, 11, 9, 8, 6, 9, 10, 9, 8, 7, 11, 9, 698, 9, 11, 760]","[0.009299442033477991, 0.011779293242405457, 0.014879107253564786, 0.019218846869187848, 0.023558586484810913, 0.03037817730936144, 0.03595784252944823, 0.04091754494730316, 0.044637321760694355, 0.050216986980781156, 0.056416615003099815, 0.06199628022318661, 0.06695598264104154, 0.0712957222566646, 0.07811531308121512, 0.08369497830130192, 0.5164290142591444, 0.5220086794792312, 0.5288282703037818, 1.0]",4.0,2.0,2.0,2.0,2.0,0,6.787839999999999,8.0,-12.0,hrl_dqn_apf,hierarchical,dqn,13.940,9.328,-2.496,0.00,0.00,0.00,7.861,9.894,2.067,0.00,0.00,0.00,17.491,6.234,2.239,0.00,0.00,0.00,3.097,3.097,3.097
2026-02-04 20:01:59,371.82,24,307,331,7.25%,137.57,3.04%,"[0, 5, 10, 15, 20, 25, 30, 35, 40, 45, 50, 55, 60, 65, 70, 75, 80, 85, 90, 95, 100]","[16, 4, 5, 5, 9, 10, 11, 7, 6, 10, 10, 9, 5, 10, 10, 8, 697, 10, 11, 760]","[0.009919404835709857, 0.012399256044637322, 0.015499070055796652, 0.018598884066955982, 0.02417854928704278, 0.03037817730936144, 0.037197768133911964, 0.041537507749535026, 0.04525728456292622, 0.05145691258524489, 0.05765654060756355, 0.06323620582765034, 0.06633601983880967, 0.07253564786112833, 0.07873527588344699, 0.08369497830130192, 0.5158090514569126, 0.5220086794792312, 0.5288282703037818, 1.0]",4.0,2.0,2.0,2.0,2.0,8,24.94797,8.0,-6.0,hrl_dqn_apf,hierarchical,dqn,13.930,9.379,-3.542,0.00,0.00,0.00,9.401,9.888,2.065,0.00,0.00,0.00,18.028,6.306,1.225,0.00,0.00,0.00,3.094,3.094,3.094
2026-02-04 20:02:00,372.82,26,305,331,7.85%,137.55,3.16%,"[0, 5, 10, 15, 20, 25, 30, 35, 40, 45, 50, 55, 60, 65, 70, 75, 80, 85, 90, 95, 100]","[18, 3, 6, 5, 8, 11, 8, 9, 5, 9, 11, 10, 4, 12, 10, 8, 697, 10, 9, 760]","[0.011159330440173589, 0.013019218846869188, 0.016738995660260384, 0.019838809671419714, 0.024798512089274645, 0.03161810291382517, 0.0365778053316801, 0.04215747055176689, 0.04525728456292622, 0.05083694978301302, 0.05765654060756355, 0.0638561686298822, 0.06633601983880967, 0.07377557346559206, 0.07997520148791072, 0.08493490390576565, 0.5170489770613763, 0.523248605083695, 0.5288282703037818, 1.0]",4.0,2.0,2.0,2.0,2.0,0,7.109559999999998,8.0,-12.0,hrl_dqn_apf,hierarchical,dqn,13.929,9.379,-4.270,0.00,0.00,0.00,10.159,9.885,2.064,0.00,0.00,0.00,18.068,6.304,0.500,0.00,0.00,0.00,3.091,3.091,3.091
2026-02-04 20:02:01,373.82,26,305,331,7.85%,137.60,3.16%,"[0, 5, 10, 15, 20, 25, 30, 35, 40, 45, 50, 55, 60, 65, 70, 75, 80, 85, 90, 95, 100]","[18, 5, 3, 7, 7, 11, 9, 8, 6, 9, 10, 11, 4, 11, 10, 9, 696, 10, 9, 760]","[0.011159330440173589, 0.01425914445133292, 0.016119032858028518, 0.02045877247365158, 0.024798512089274645, 0.03161810291382517, 0.037197768133911964, 0.04215747055176689, 0.04587724736515809, 0.05145691258524489, 0.05765654060756355, 0.06447613143211407, 0.06695598264104154, 0.07377557346559206, 0.07997520148791072, 0.08555486670799752, 0.5170489770613763, 0.523248605083695, 0.5288282703037818, 1.0]",4.0,2.0,2.0,2.0,2.0,0,7.109559999999998,8.0,-12.0,hrl_dqn_apf,hierarchical,dqn,13.995,9.422,-4.975,0.00,0.00,0.00,10.939,9.882,2.064,0.00,0.00,0.00,18.082,6.301,-0.272,0.00,0.00,0.00,3.088,3.088,3.088
2026-02-04 20:02:02,374.83,25,302,327,7.65%,137.68,3.16%,"[0, 5, 10, 15, 20, 25, 30, 35, 40, 45, 50, 55, 60, 65, 70, 75, 80, 85, 90, 95, 100]","[18, 5, 3, 7, 6, 12, 8, 9, 6, 8, 11, 13, 5, 10, 10, 10, 696, 10, 8, 758]","[0.011159330440173589, 0.01425914445133292, 0.016119032858028518, 0.02045877247365158, 0.02417854928704278, 0.03161810291382517, 0.0365778053316801, 0.04215747055176689, 0.04587724736515809, 0.05083694978301302, 0.05765654060756355, 0.0657160570365778, 0.06881587104773713, 0.0750154990700558, 0.08121512709237445, 0.08741475511469311, 0.5189088654680719, 0.5251084934903906, 0.5300681959082455, 1.0]",4.0,2.0,2.0,2.0,2.0,19,31.27025,8.0,6.0,hrl_dqn_apf,hierarchical,dqn,14.464,9.464,-5.273,0.00,0.00,0.00,11.700,9.879,2.063,0.00,0.00,0.00,18.087,6.298,-1.030,0.00,0.00,0.00,3.085,3.085,3.085
2026-02-04 20:02:03,375.83,29,298,327,8.87%,137.62,3.41%,"[0, 5, 10, 15, 20, 25, 30, 35, 40, 45, 50, 55, 60, 65, 70, 75, 80, 85, 90, 95, 100]","[18, 7, 3, 7, 8, 12, 7, 11, 5, 8, 12, 11, 5, 9, 11, 8, 697, 7, 9, 758]","[0.011159330440173589, 0.015499070055796652, 0.01735895846249225, 0.02169869807811531, 0.026658400495970243, 0.034097954122752634, 0.038437693738375696, 0.04525728456292622, 0.04835709857408556, 0.053316800991940486, 0.06075635461872288, 0.0675759454432734, 0.07067575945443273, 0.07625542467451953, 0.08307501549907005, 0.08803471791692498, 0.5201487910725356, 0.5244885306881587, 0.5300681959082455, 1.0]",4.0,2.0,2.0,2.0,2.0,7,19.4304,8.0,-6.0,hrl_dqn_apf,hierarchical,dqn,15.878,9.463,-5.396,0.00,0.00,0.00,12.935,9.954,1.771,0.00,0.00,0.00,17.842,6.371,-2.305,0.00,0.00,0.00,3.082,3.082,3.082
2026-02-04 20:02:04,376.83,28,299,327,8.56%,137.60,3.35%,"[0, 5, 10, 15, 20, 25, 30, 35, 40, 45, 50, 55, 60, 65, 70, 75, 80, 85, 90, 95, 100]","[15, 10, 3, 7, 6, 13, 7, 12, 5, 8, 12, 12, 5, 9, 12, 8, 696, 8, 9, 756]","[0.009299442033477991, 0.015499070055796652, 0.01735895846249225, 0.02169869807811531, 0.02541847489150651, 0.03347799132052077, 0.03781773093614383, 0.04525728456292622, 0.04835709857408556, 0.053316800991940486, 0.06075635461872288, 0.06819590824550527, 0.0712957222566646, 0.07687538747675139, 0.08431494110353378, 0.08927464352138871, 0.5207687538747675, 0.5257284562926224, 0.5313081215127092, 1.0]",4.0,2.0,2.0,2.0,2.0,7,19.4304,8.0,-6.0,hrl_dqn_apf,hierarchical,dqn,16.397,9.747,-5.527,0.00,0.00,0.00,13.091,9.964,1.171,0.00,0.00,0.00,17.458,6.274,-2.371,0.00,0.00,0.00,3.079,3.079,3.079
2026-02-04 20:02:05,377.83,28,297,325,8.62%,137.63,3.41%,"[0, 5, 10, 15, 20, 25, 30, 35, 40, 45, 50, 55, 60, 65, 70, 75, 80, 85, 90, 95, 100]","[16, 11, 2, 7, 7, 12, 8, 11, 6, 9, 11, 11, 6, 8, 12, 8, 696, 8, 9, 755]","[0.009919404835709857, 0.016738995660260384, 0.017978921264724116, 0.022318660880347178, 0.026658400495970243, 0.034097954122752634, 0.03905765654060756, 0.04587724736515809, 0.04959702417854929, 0.05517668939863608, 0.06199628022318661, 0.06881587104773713, 0.07253564786112833, 0.07749535027898326, 0.08493490390576565, 0.08989460632362058, 0.5213887166769994, 0.5263484190948543, 0.5319280843149411, 1.0]",4.0,2.0,2.0,2.0,2.0,19,31.51053,8.0,6.0,hrl_dqn_apf,hierarchical,dqn,16.429,9.939,-5.946,0.00,0.00,0.00,13.141,9.962,0.439,0.00,0.00,0.00,17.592,6.193,-2.014,0.00,0.00,0.00,3.076,3.076,3.076
2026-02-04 20:02:06,378.84,28,295,323,8.67%,137.66,3.41%,"[0, 5, 10, 15, 20, 25, 30, 35, 40, 45, 50, 55, 60, 65, 70, 75, 80, 85, 90, 95, 100]","[17, 10, 3, 7, 8, 10, 10, 10, 6, 9, 11, 11, 6, 7, 12, 9, 696, 8, 9, 754]","[0.010539367637941723, 0.016738995660260384, 0.018598884066955982, 0.022938623682579044, 0.027898326100433975, 0.034097954122752634, 0.040297582145071294, 0.04649721016738995, 0.050216986980781156, 0.05579665220086795, 0.06261624302541847, 0.069435833849969, 0.0731556106633602, 0.07749535027898326, 0.08493490390576565, 0.09051456912585244, 0.5220086794792312, 0.5269683818970862, 0.532548047117173, 1.0]",4.0,2.0,2.0,2.0,2.0,15,7.66892,8.0,6.0,hrl_dqn_apf,hierarchical,dqn,16.818,9.986,-6.137,0.00,0.00,0.00,13.156,9.959,-0.313,0.00,0.00,0.00,18.135,6.217,-1.819,0.00,0.00,0.00,3.073,3.073,3.073
2026-02-04 20:02:07,379.85,28,291,319,8.78%,137.72,3.47%,"[0, 5, 10, 15, 20, 25, 30, 35, 40, 45, 50, 55, 60, 65, 70, 75, 80, 85, 90, 95, 100]","[16, 12, 3, 7, 7, 11, 9, 10, 8, 8, 11, 11, 7, 7, 12, 8, 695, 9, 10, 752]","[0.009919404835709857, 0.01735895846249225, 0.019218846869187848, 0.023558586484810913, 0.027898326100433975, 0.0347179169249845, 0.040297582145071294, 0.04649721016738995, 0.05145691258524489, 0.056416615003099815, 0.06323620582765034, 0.07005579665220087, 0.07439553626782393, 0.07873527588344699, 0.08617482951022938, 0.09113453192808431, 0.5220086794792312, 0.527588344699318, 0.5337879727216367, 1.0]",4.0,2.0,2.0,2.0,2.0,15,7.66892,8.0,6.0,hrl_dqn_apf,hierarchical,dqn,17.211,10.049,-5.206,0.00,0.00,0.00,13.448,10.034,-1.549,0.00,0.00,0.00,19.577,6.217,-1.736,0.00,0.00,0.00,3.070,3.070,3.070
2026-02-04 20:02:08,380.85,28,289,317,8.83%,137.72,3.47%,"[0, 5, 10, 15, 20, 25, 30, 35, 40, 45, 50, 55, 60, 65, 70, 75, 80, 85, 90, 95, 100]","[17, 9, 5, 7, 6, 12, 9, 10, 8, 8, 9, 13, 6, 8, 12, 8, 695, 9, 8, 754]","[0.010539367637941723, 0.016119032858028518, 0.019218846869187848, 0.023558586484810913, 0.02727836329820211, 0.0347179169249845, 0.040297582145071294, 0.04649721016738995, 0.05145691258524489, 0.056416615003099815, 0.06199628022318661, 0.07005579665220087, 0.07377557346559206, 0.07873527588344699, 0.08617482951022938, 0.09113453192808431, 0.5220086794792312, 0.527588344699318, 0.532548047117173, 1.0]",4.0,2.0,2.0,2.0,2.0,22,19.83152,8.0,12.0,hrl_dqn_apf,hierarchical,dqn,17.244,9.760,-4.618,0.00,0.00,0.00,13.896,9.718,-1.718,0.00,0.00,0.00,20.333,6.214,-1.728,0.00,0.00,0.00,3.067,3.067,3.067
2026-02-04 20:02:09,381.85,29,284,313,9.27%,137.72,3.53%,"[0, 5, 10, 15, 20, 25, 30, 35, 40, 45, 50, 55, 60, 65, 70, 75, 80, 85, 90, 95, 100]","[17, 8, 7, 7, 5, 13, 7, 11, 9, 8, 9, 13, 6, 8, 10, 10, 695, 8, 8, 754]","[0.010539367637941723, 0.015499070055796652, 0.019838809671419714, 0.02417854928704278, 0.02727836329820211, 0.035337879727216366, 0.03967761934283943, 0.04649721016738995, 0.052076875387476754, 0.05703657780533168, 0.06261624302541847, 0.07067575945443273, 0.07439553626782393, 0.07935523868567886, 0.08555486670799752, 0.09175449473031617, 0.5226286422814631, 0.527588344699318, 0.532548047117173, 1.0]",4.0,2.0,2.0,2.0,2.0,15,7.991790000000002,8.0,6.0,hrl_dqn_apf,hierarchical,dqn,17.310,9.595,-4.448,0.00,0.00,0.00,13.992,9.578,-1.708,0.00,0.00,0.00,20.979,6.300,-1.724,0.00,0.00,0.00,3.064,3.064,3.064
2026-02-04 20:02:10,382.85,27,286,313,8.63%,137.73,3.41%,"[0, 5, 10, 15, 20, 25, 30, 35, 40, 45, 50, 55, 60, 65, 70, 75, 80, 85, 90, 95, 100]","[18, 8, 6, 6, 5, 12, 8, 11, 9, 9, 9, 13, 6, 9, 10, 10, 695, 8, 8, 753]","[0.011159330440173589, 0.016119032858028518, 0.019838809671419714, 0.023558586484810913, 0.026658400495970243, 0.034097954122752634, 0.03905765654060756, 0.04587724736515809, 0.05145691258524489, 0.05703657780533168, 0.06261624302541847, 0.07067575945443273, 0.07439553626782393, 0.07997520148791072, 0.08617482951022938, 0.09237445753254804, 0.523248605083695, 0.5282083075015499, 0.5331680099194048, 1.0]",4.0,2.0,2.0,2.0,2.0,15,7.991790000000002,8.0,6.0,hrl_dqn_apf,hierarchical,dqn,17.675,9.636,-4.703,0.00,0.00,0.00,13.660,9.610,-1.395,0.00,0.00,0.00,20.813,6.388,-1.723,0.00,0.00,0.00,3.061,3.061,3.061
2026-02-04 20:02:11,383.86,29,280,309,9.39%,137.80,3.53%,"[0, 5, 10, 15, 20, 25, 30, 35, 40, 45, 50, 55, 60, 65, 70, 75, 80, 85, 90, 95, 100]","[18, 10, 7, 6, 5, 11, 7, 12, 8, 10, 10, 12, 6, 9, 9, 10, 695, 7, 9, 752]","[0.011159330440173589, 0.01735895846249225, 0.02169869807811531, 0.02541847489150651, 0.02851828890266584, 0.035337879727216366, 0.03967761934283943, 0.047117172969621826, 0.052076875387476754, 0.05827650340979541, 0.06447613143211407, 0.07191568505889646, 0.07563546187228766, 0.08121512709237445, 0.08679479231246125, 0.0929944203347799, 0.5238685678859268, 0.5282083075015499, 0.5337879727216367, 1.0]",4.0,2.0,2.0,2.0,2.0,14,32.15239,8.0,0.0,hrl_dqn_apf,hierarchical,dqn,18.827,9.658,-5.436,0.00,0.00,0.00,12.798,9.639,-0.373,0.00,0.00,0.00,19.518,6.392,-1.724,0.00,0.00,0.00,3.058,3.058,3.058
2026-02-04 20:02:12,384.86,28,281,309,9.06%,137.83,3.47%,"[0, 5, 10, 15, 20, 25, 30, 35, 40, 45, 50, 55, 60, 65, 70, 75, 80, 85, 90, 95, 100]","[18, 8, 9, 6, 5, 10, 8, 12, 7, 11, 10, 13, 5, 10, 9, 10, 695, 7, 9, 751]","[0.011159330440173589, 0.016119032858028518, 0.02169869807811531, 0.02541847489150651, 0.02851828890266584, 0.0347179169249845, 0.03967761934283943, 0.047117172969621826, 0.05145691258524489, 0.05827650340979541, 0.06447613143211407, 0.07253564786112833, 0.07563546187228766, 0.08183508989460632, 0.08741475511469311, 0.09361438313701177, 0.5244885306881587, 0.5288282703037818, 0.5344079355238686, 1.0]",4.0,2.0,2.0,2.0,2.0,14,32.15239,8.0,0.0,hrl_dqn_apf,hierarchical,dqn,19.549,9.659,-5.541,0.00,0.00,0.00,12.507,9.684,0.161,0.00,0.00,0.00,18.771,6.389,-1.726,0.00,0.00,0.00,3.055,3.055,3.055
2026-02-04 20:02:13,385.86,27,281,308,8.77%,137.92,3.41%,"[0, 5, 10, 15, 20, 25, 30, 35, 40, 45, 50, 55, 60, 65, 70, 75, 80, 85, 90, 95, 100]","[19, 7, 7, 8, 5, 9, 9, 11, 8, 11, 10, 11, 7, 10, 9, 10, 695, 7, 9, 751]","[0.011779293242405457, 0.016119032858028518, 0.02045877247365158, 0.02541847489150651, 0.02851828890266584, 0.034097954122752634, 0.03967761934283943, 0.04649721016738995, 0.05145691258524489, 0.05827650340979541, 0.06447613143211407, 0.0712957222566646, 0.07563546187228766, 0.08183508989460632, 0.08741475511469311, 0.09361438313701177, 0.5244885306881587, 0.5288282703037818, 0.5344079355238686, 1.0]",4.0,2.0,2.0,2.0,2.0,10,8.312249999999999,8.0,0.0,hrl_dqn_apf,hierarchical,dqn,20.293,9.657,-5.574,0.00,0.00,0.00,11.916,9.699,0.354,0.00,0.00,0.00,18.020,6.386,-1.728,0.00,0.00,0.00,3.052,3.052,3.052
2026-02-04 20:02:14,386.86,29,279,308,9.42%,137.95,3.53%,"[0, 5, 10, 15, 20, 25, 30, 35, 40, 45, 50, 55, 60, 65, 70, 75, 80, 85, 90, 95, 100]","[21, 6, 8, 8, 5, 9, 8, 9, 9, 12, 9, 11, 7, 9, 10, 8, 698, 7, 9, 750]","[0.013019218846869188, 0.016738995660260384, 0.02169869807811531, 0.026658400495970243, 0.029758214507129573, 0.035337879727216366, 0.040297582145071294, 0.04587724736515809, 0.05145691258524489, 0.05889646621202728, 0.06447613143211407, 0.0712957222566646, 0.07563546187228766, 0.08121512709237445, 0.08741475511469311, 0.09237445753254804, 0.5251084934903906, 0.5294482331060136, 0.5350278983261004, 1.0]",4.0,2.0,2.0,2.0,2.0,23,26.47255,8.0,12.0,hrl_dqn_apf,hierarchical,dqn,21.050,9.654,-5.585,0.00,0.00,0.00,11.203,9.698,0.414,0.00,0.00,0.00,17.275,6.400,-1.715,0.00,0.00,0.00,3.049,3.049,3.049
2026-02-04 20:02:15,387.87,30,278,308,9.74%,138.06,3.60%,"[0, 5, 10, 15, 20, 25, 30, 35, 40, 45, 50, 55, 60, 65, 70, 75, 80, 85, 90, 95, 100]","[19, 8, 5, 12, 4, 10, 7, 9, 10, 10, 11, 11, 6, 9, 11, 7, 699, 7, 9, 749]","[0.011779293242405457, 0.016738995660260384, 0.019838809671419714, 0.02727836329820211, 0.029758214507129573, 0.03595784252944823, 0.040297582145071294, 0.04587724736515809, 0.052076875387476754, 0.05827650340979541, 0.06509609423434594, 0.07191568505889646, 0.07563546187228766, 0.08121512709237445, 0.08803471791692498, 0.09237445753254804, 0.5257284562926224, 0.5300681959082455, 0.5356478611283323, 1.0]",4.0,2.0,2.0,2.0,2.0,23,26.47255,8.0,12.0,hrl_dqn_apf,hierarchical,dqn,22.047,9.805,-5.591,0.00,0.00,0.00,9.695,9.692,0.440,0.00,0.00,0.00,16.742,6.472,-0.706,0.00,0.00,0.00,3.046,3.046,3.046
2026-02-04 20:02:16,388.87,29,275,304,9.54%,138.12,3.53%,"[0, 5, 10, 15, 20, 25, 30, 35, 40, 45, 50, 55, 60, 65, 70, 75, 80, 85, 90, 95, 100]","[18, 8, 7, 11, 4, 9, 8, 8, 11, 10, 10, 12, 7, 9, 11, 7, 699, 6, 8, 750]","[0.011159330440173589, 0.016119032858028518, 0.02045877247365158, 0.02727836329820211, 0.029758214507129573, 0.035337879727216366, 0.040297582145071294, 0.04525728456292622, 0.052076875387476754, 0.05827650340979541, 0.06447613143211407, 0.07191568505889646, 0.07625542467451953, 0.08183508989460632, 0.08865468071915684, 0.0929944203347799, 0.5263484190948543, 0.5300681959082455, 0.5350278983261004, 1.0]",4.0,2.0,2.0,2.0,2.0,0,8.63287,8.0,-12.0,hrl_dqn_apf,hierarchical,dqn,21.608,9.832,-5.591,0.00,0.00,0.00,8.936,9.689,0.442,0.00,0.00,0.00,16.701,6.470,0.022,0.00,0.00,0.00,3.043,3.043,3.043
2026-02-04 20:02:17,389.87,30,274,304,9.87%,138.18,3.60%,"[0, 5, 10, 15, 20, 25, 30, 35, 40, 45, 50, 55, 60, 65, 70, 75, 80, 85, 90, 95, 100]","[17, 10, 5, 13, 4, 9, 8, 8, 10, 11, 10, 11, 7, 8, 12, 7, 699, 6, 8, 750]","[0.010539367637941723, 0.016738995660260384, 0.019838809671419714, 0.027898326100433975, 0.03037817730936144, 0.03595784252944823, 0.04091754494730316, 0.04587724736515809, 0.052076875387476754, 0.05889646621202728, 0.06509609423434594, 0.07191568505889646, 0.07625542467451953, 0.08121512709237445, 0.08865468071915684, 0.0929944203347799, 0.5263484190948543, 0.5300681959082455, 0.5350278983261004, 1.0]",4.0,2.0,2.0,2.0,2.0,15,8.79291,8.0,6.0,hrl_dqn_apf,hierarchical,dqn,20.938,9.832,-5.591,0.00,0.00,0.00,8.256,9.737,0.525,0.00,0.00,0.00,16.687,6.466,0.774,0.00,0.00,0.00,3.040,3.040,3.040
2026-02-04 20:02:18,390.88,32,272,304,10.53%,138.14,3.72%,"[0, 5, 10, 15, 20, 25, 30, 35, 40, 45, 50, 55, 60, 65, 70, 75, 80, 85, 90, 95, 100]","[17, 10, 5, 11, 7, 10, 6, 10, 9, 12, 10, 11, 5, 10, 12, 8, 699, 6, 7, 748]","[0.010539367637941723, 0.016738995660260384, 0.019838809671419714, 0.026658400495970243, 0.030998140111593304, 0.037197768133911964, 0.04091754494730316, 0.047117172969621826, 0.05269683818970862, 0.06013639181649101, 0.06633601983880967, 0.0731556106633602, 0.07625542467451953, 0.08245505269683819, 0.08989460632362058, 0.09485430874147552, 0.5282083075015499, 0.5319280843149411, 0.5362678239305642, 1.0]",4.0,2.0,2.0,2.0,2.0,15,8.79291,8.0,6.0,hrl_dqn_apf,hierarchical,dqn,20.202,9.829,-5.590,0.00,0.00,0.00,7.971,9.774,1.011,0.00,0.00,0.00,16.681,6.497,1.503,0.00,0.00,0.00,3.037,3.037,3.037
2026-02-04 20:02:19,391.88,34,266,300,11.33%,138.22,3.84%,"[0, 5, 10, 15, 20, 25, 30, 35, 40, 45, 50, 55, 60, 65, 70, 75, 80, 85, 90, 95, 100]","[19, 12, 6, 10, 6, 9, 5, 9, 9, 12, 13, 11, 5, 10, 11, 8, 696, 8, 7, 747]","[0.011779293242405457, 0.019218846869187848, 0.022938623682579044, 0.029138251704897707, 0.0328580285182889, 0.038437693738375696, 0.041537507749535026, 0.047117172969621826, 0.05269683818970862, 0.06013639181649101, 0.06819590824550527, 0.0750154990700558, 0.07811531308121512, 0.08431494110353378, 0.09113453192808431, 0.09609423434593925, 0.527588344699318, 0.532548047117173, 0.536887786732796, 1.0]",4.0,2.0,2.0,2.0,2.0,3,26.95335,8.0,-12.0,hrl_dqn_apf,hierarchical,dqn,18.690,9.823,-5.588,0.00,0.00,0.00,7.854,9.772,2.432,0.00,0.00,0.00,16.677,6.646,1.022,0.00,0.00,0.00,3.034,3.034,3.034
2026-02-04 20:02:20,392.89,33,265,298,11.07%,138.27,3.78%,"[0, 5, 10, 15, 20, 25, 30, 35, 40, 45, 50, 55, 60, 65, 70, 75, 80, 85, 90, 95, 100]","[21, 10, 6, 9, 8, 7, 7, 10, 7, 14, 11, 13, 5, 9, 10, 9, 694, 10, 7, 746]","[0.013019218846869188, 0.019218846869187848, 0.022938623682579044, 0.02851828890266584, 0.03347799132052077, 0.03781773093614383, 0.04215747055176689, 0.04835709857408556, 0.05269683818970862, 0.06137631742095474, 0.06819590824550527, 0.07625542467451953, 0.07935523868567886, 0.08493490390576565, 0.09113453192808431, 0.09671419714817112, 0.5269683818970862, 0.5331680099194048, 0.5375077495350279, 1.0]",4.0,2.0,2.0,2.0,2.0,18,27.11391,8.0,6.0,hrl_dqn_apf,hierarchical,dqn,18.065,9.884,-5.447,0.00,0.00,0.00,7.846,9.769,3.190,0.00,0.00,0.00,16.678,6.644,0.327,0.00,0.00,0.00,3.031,3.031,3.031
2026-02-04 20:02:21,393.89,35,263,298,11.74%,138.36,3.91%,"[0, 5, 10, 15, 20, 25, 30, 35, 40, 45, 50, 55, 60, 65, 70, 75, 80, 85, 90, 95, 100]","[22, 10, 5, 11, 7, 8, 7, 9, 7, 12, 12, 13, 5, 9, 10, 9, 694, 10, 7, 746]","[0.013639181649101054, 0.019838809671419714, 0.022938623682579044, 0.029758214507129573, 0.034097954122752634, 0.03905765654060756, 0.04339739615623062, 0.048977061376317424, 0.053316800991940486, 0.06075635461872288, 0.06819590824550527, 0.07625542467451953, 0.07935523868567886, 0.08493490390576565, 0.09113453192808431, 0.09671419714817112, 0.5269683818970862, 0.5331680099194048, 0.5375077495350279, 1.0]",4.0,2.0,2.0,2.0,2.0,18,27.11391,8.0,6.0,hrl_dqn_apf,hierarchical,dqn,17.829,9.909,-4.890,0.00,0.00,0.00,7.844,9.870,3.789,0.00,0.00,0.00,16.680,6.641,-0.434,0.00,0.00,0.00,3.028,3.028,3.028
2026-02-04 20:02:22,394.89,35,259,294,11.90%,138.48,3.91%,"[0, 5, 10, 15, 20, 25, 30, 35, 40, 45, 50, 55, 60, 65, 70, 75, 80, 85, 90, 95, 100]","[22, 8, 7, 10, 8, 8, 7, 9, 6, 13, 12, 12, 6, 9, 10, 9, 694, 10, 7, 746]","[0.013639181649101054, 0.018598884066955982, 0.022938623682579044, 0.029138251704897707, 0.034097954122752634, 0.03905765654060756, 0.04339739615623062, 0.048977061376317424, 0.05269683818970862, 0.06075635461872288, 0.06819590824550527, 0.07563546187228766, 0.07935523868567886, 0.08493490390576565, 0.09113453192808431, 0.09671419714817112, 0.5269683818970862, 0.5331680099194048, 0.5375077495350279, 1.0]",4.0,2.0,2.0,2.0,2.0,6,15.27401,8.0,-6.0,hrl_dqn_apf,hierarchical,dqn,17.759,9.909,-4.190,0.00,0.00,0.00,7.843,9.945,3.570,0.00,0.00,0.00,16.682,6.638,-1.190,0.00,0.00,0.00,3.025,3.025,3.025
2026-02-04 20:02:23,395.89,35,255,290,12.07%,138.58,3.91%,"[0, 5, 10, 15, 20, 25, 30, 35, 40, 45, 50, 55, 60, 65, 70, 75, 80, 85, 90, 95, 100]","[19, 9, 9, 8, 9, 9, 7, 7, 8, 11, 13, 13, 5, 10, 11, 8, 695, 8, 9, 745]","[0.011779293242405457, 0.01735895846249225, 0.022938623682579044, 0.027898326100433975, 0.03347799132052077, 0.03905765654060756, 0.04339739615623062, 0.04773713577185369, 0.05269683818970862, 0.059516429014259145, 0.0675759454432734, 0.07563546187228766, 0.07873527588344699, 0.08493490390576565, 0.09175449473031617, 0.09671419714817112, 0.527588344699318, 0.532548047117173, 0.5381277123372598, 1.0]",4.0,2.0,2.0,2.0,2.0,4,33.43419,8.0,-12.0,hrl_dqn_apf,hierarchical,dqn,17.823,10.347,-3.205,0.00,0.00,0.00,7.843,9.947,2.250,0.00,0.00,0.00,16.600,6.485,-2.220,0.00,0.00,0.00,3.022,3.022,3.022
2026-02-04 20:02:24,396.89,36,252,288,12.50%,138.59,3.97%,"[0, 5, 10, 15, 20, 25, 30, 35, 40, 45, 50, 55, 60, 65, 70, 75, 80, 85, 90, 95, 100]","[18, 9, 9, 10, 8, 10, 7, 7, 6, 12, 13, 14, 5, 10, 11, 8, 696, 8, 9, 743]","[0.011159330440173589, 0.016738995660260384, 0.022318660880347178, 0.02851828890266584, 0.03347799132052077, 0.03967761934283943, 0.04401735895846249, 0.04835709857408556, 0.052076875387476754, 0.059516429014259145, 0.0675759454432734, 0.07625542467451953, 0.07935523868567886, 0.08555486670799752, 0.09237445753254804, 0.09733415995040298, 0.5288282703037818, 0.5337879727216367, 0.5393676379417235, 1.0]",4.0,2.0,2.0,2.0,2.0,4,33.43419,8.0,-12.0,hrl_dqn_apf,hierarchical,dqn,18.093,10.731,-3.571,0.00,0.00,0.00,7.842,9.944,1.502,0.00,0.00,0.00,16.335,6.154,-1.874,0.00,0.00,0.00,3.019,3.019,3.019
2026-02-04 20:02:25,397.90,36,250,286,12.59%,138.62,4.03%,"[0, 5, 10, 15, 20, 25, 30, 35, 40, 45, 50, 55, 60, 65, 70, 75, 80, 85, 90, 95, 100]","[17, 10, 8, 12, 6, 12, 6, 7, 7, 11, 14, 13, 7, 9, 10, 8, 696, 6, 11, 743]","[0.010539367637941723, 0.016738995660260384, 0.02169869807811531, 0.029138251704897707, 0.0328580285182889, 0.040297582145071294, 0.04401735895846249, 0.04835709857408556, 0.05269683818970862, 0.059516429014259145, 0.06819590824550527, 0.07625542467451953, 0.08059516429014259, 0.08617482951022938, 0.09237445753254804, 0.09733415995040298, 0.5288282703037818, 0.532548047117173, 0.5393676379417235, 1.0]",4.0,2.0,2.0,2.0,2.0,10,9.51464,8.0,0.0,hrl_dqn_apf,hierarchical,dqn,18.534,10.747,-4.003,0.00,0.00,0.00,7.842,9.941,0.744,0.00,0.00,0.00,15.976,6.031,-1.460,0.00,0.00,0.00,3.016,3.016,3.016
2026-02-04 20:02:26,398.90,35,251,286,12.24%,138.71,3.97%,"[0, 5, 10, 15, 20, 25, 30, 35, 40, 45, 50, 55, 60, 65, 70, 75, 80, 85, 90, 95, 100]","[17, 10, 7, 11, 8, 11, 6, 8, 7, 10, 14, 14, 8, 9, 10, 8, 696, 6, 11, 742]","[0.010539367637941723, 0.016738995660260384, 0.021078735275883446, 0.027898326100433975, 0.0328580285182889, 0.03967761934283943, 0.04339739615623062, 0.04835709857408556, 0.05269683818970862, 0.05889646621202728, 0.0675759454432734, 0.07625542467451953, 0.08121512709237445, 0.08679479231246125, 0.0929944203347799, 0.09795412275263485, 0.5294482331060136, 0.5331680099194048, 0.5399876007439554, 1.0]",4.0,2.0,2.0,2.0,2.0,19,33.674589999999995,8.0,6.0,hrl_dqn_apf,hierarchical,dqn,18.749,10.329,-4.203,0.00,0.00,0.00,7.868,9.964,0.020,0.00,0.00,0.00,16.242,6.111,-1.279,0.00,0.00,0.00,3.013,3.013,3.013
2026-02-04 20:02:27,399.91,36,249,285,12.63%,138.88,4.03%,"[0, 5, 10, 15, 20, 25, 30, 35, 40, 45, 50, 55, 60, 65, 70, 75, 80, 85, 90, 95, 100]","[16, 10, 7, 12, 7, 13, 6, 9, 7, 10, 13, 15, 6, 9, 11, 8, 696, 6, 11, 741]","[0.009919404835709857, 0.016119032858028518, 0.02045877247365158, 0.027898326100433975, 0.032238065716057036, 0.040297582145071294, 0.04401735895846249, 0.04959702417854929, 0.05393676379417235, 0.06013639181649101, 0.06819590824550527, 0.07749535027898326, 0.08121512709237445, 0.08679479231246125, 0.09361438313701177, 0.09857408555486671, 0.5300681959082455, 0.5337879727216367, 0.5406075635461872, 1.0]",4.0,2.0,2.0,2.0,2.0,19,33.674589999999995,8.0,6.0,hrl_dqn_apf,hierarchical,dqn,18.841,9.500,-4.287,0.00,0.00,0.00,8.925,10.027,-0.464,0.00,0.00,0.00,17.329,6.188,-0.943,0.00,0.00,0.00,3.010,3.010,3.010
2026-02-04 20:02:28,400.91,38,247,285,13.33%,138.94,4.15%,"[0, 5, 10, 15, 20, 25, 30, 35, 40, 45, 50, 55, 60, 65, 70, 75, 80, 85, 90, 95, 100]","[19, 11, 4, 14, 7, 12, 6, 8, 5, 11, 13, 15, 6, 9, 10, 9, 695, 7, 11, 741]","[0.011779293242405457, 0.018598884066955982, 0.021078735275883446, 0.029758214507129573, 0.034097954122752634, 0.041537507749535026, 0.04525728456292622, 0.050216986980781156, 0.053316800991940486, 0.06013639181649101, 0.06819590824550527, 0.07749535027898326, 0.08121512709237445, 0.08679479231246125, 0.0929944203347799, 0.09857408555486671, 0.5294482331060136, 0.5337879727216367, 0.5406075635461872, 1.0]",4.0,2.0,2.0,2.0,2.0,23,27.83492,8.0,12.0,hrl_dqn_apf,hierarchical,dqn,18.694,9.443,-4.293,0.00,0.00,0.00,9.490,9.710,-0.502,0.00,0.00,0.00,17.488,6.200,-0.339,0.00,0.00,0.00,3.007,3.007,3.007
2026-02-04 20:02:29,401.91,37,248,285,12.98%,139.08,4.09%,"[0, 5, 10, 15, 20, 25, 30, 35, 40, 45, 50, 55, 60, 65, 70, 75, 80, 85, 90, 95, 100]","[19, 9, 5, 15, 6, 12, 7, 8, 5, 11, 11, 17, 6, 9, 10, 9, 695, 7, 9, 743]","[0.011779293242405457, 0.01735895846249225, 0.02045877247365158, 0.029758214507129573, 0.03347799132052077, 0.04091754494730316, 0.04525728456292622, 0.050216986980781156, 0.053316800991940486, 0.06013639181649101, 0.06695598264104154, 0.07749535027898326, 0.08121512709237445, 0.08679479231246125, 0.0929944203347799, 0.09857408555486671, 0.5294482331060136, 0.5337879727216367, 0.5393676379417235, 1.0]",4.0,2.0,2.0,2.0,2.0,7,21.99542,8.0,-6.0,hrl_dqn_apf,hierarchical,dqn,18.280,9.520,-4.295,0.00,0.00,0.00,9.778,9.553,-0.514,0.00,0.00,0.00,17.537,6.198,0.379,0.00,0.00,0.00,3.004,3.004,3.004
2026-02-04 20:02:30,402.92,37,242,279,13.26%,139.18,4.15%,"[0, 5, 10, 15, 20, 25, 30, 35, 40, 45, 50, 55, 60, 65, 70, 75, 80, 85, 90, 95, 100]","[20, 7, 6, 12, 10, 12, 7, 7, 5, 10, 12, 16, 7, 9, 10, 9, 694, 8, 9, 743]","[0.012399256044637322, 0.016738995660260384, 0.02045877247365158, 0.027898326100433975, 0.034097954122752634, 0.041537507749535026, 0.04587724736515809, 0.050216986980781156, 0.053316800991940486, 0.059516429014259145, 0.06695598264104154, 0.07687538747675139, 0.08121512709237445, 0.08679479231246125, 0.0929944203347799, 0.09857408555486671, 0.5288282703037818, 0.5337879727216367, 0.5393676379417235, 1.0]",4.0,2.0,2.0,2.0,2.0,7,21.99542,8.0,-6.0,hrl_dqn_apf,hierarchical,dqn,18.509,9.594,-4.295,0.00,0.00,0.00,10.328,9.572,-0.518,0.00,0.00,0.00,17.550,6.195,1.127,0.00,0.00,0.00,3.001,3.001,3.001
2026-02-04 20:02:31,403.92,36,243,279,12.90%,139.38,4.09%,"[0, 5, 10, 15, 20, 25, 30, 35, 40, 45, 50, 55, 60, 65, 70, 75, 80, 85, 90, 95, 100]","[22, 6, 7, 8, 10, 13, 7, 7, 6, 10, 10, 16, 8, 9, 11, 8, 695, 9, 7, 744]","[0.013639181649101054, 0.01735895846249225, 0.02169869807811531, 0.026658400495970243, 0.0328580285182889, 0.04091754494730316, 0.04525728456292622, 0.04959702417854929, 0.053316800991940486, 0.059516429014259145, 0.0657160570365778, 0.07563546187228766, 0.08059516429014259, 0.08617482951022938, 0.0929944203347799, 0.09795412275263485, 0.5288282703037818, 0.5344079355238686, 0.5387476751394916, 1.0]",4.0,2.0,2.0,2.0,2.0,13,28.15545,8.0,0.0,hrl_dqn_apf,hierarchical,dqn,19.828,9.598,-4.296,0.00,0.00,0.00,11.770,9.573,-0.520,0.00,0.00,0.00,17.553,6.189,2.641,0.00,0.00,0.00,3.000,3.000,3.000
2026-02-04 20:02:32,404.92,35,244,279,12.54%,139.37,4.03%,"[0, 5, 10, 15, 20, 25, 30, 35, 40, 45, 50, 55, 60, 65, 70, 75, 80, 85, 90, 95, 100]","[22, 7, 6, 8, 10, 12, 8, 7, 7, 9, 11, 16, 8, 9, 10, 9, 695, 8, 7, 744]","[0.013639181649101054, 0.017978921264724116, 0.02169869807811531, 0.026658400495970243, 0.0328580285182889, 0.040297582145071294, 0.04525728456292622, 0.04959702417854929, 0.05393676379417235, 0.059516429014259145, 0.06633601983880967, 0.07625542467451953, 0.08121512709237445, 0.08679479231246125, 0.0929944203347799, 0.09857408555486671, 0.5294482331060136, 0.5344079355238686, 0.5387476751394916, 1.0]",4.0,2.0,2.0,2.0,2.0,13,28.15545,8.0,0.0,hrl_dqn_apf,hierarchical,dqn,20.579,9.595,-4.297,0.00,0.00,0.00,12.529,9.570,-0.520,0.00,0.00,0.00,17.551,6.317,3.105,0.00,0.00,0.00,3.000,3.000,3.000
2026-02-04 20:02:33,405.93,35,242,277,12.64%,139.38,4.03%,"[0, 5, 10, 15, 20, 25, 30, 35, 40, 45, 50, 55, 60, 65, 70, 75, 80, 85, 90, 95, 100]","[21, 9, 6, 7, 11, 11, 8, 7, 7, 9, 12, 15, 9, 9, 10, 8, 696, 8, 7, 743]","[0.013019218846869188, 0.018598884066955982, 0.022318660880347178, 0.026658400495970243, 0.03347799132052077, 0.040297582145071294, 0.04525728456292622, 0.04959702417854929, 0.05393676379417235, 0.059516429014259145, 0.06695598264104154, 0.07625542467451953, 0.08183508989460632, 0.08741475511469311, 0.09361438313701177, 0.09857408555486671, 0.5300681959082455, 0.5350278983261004, 0.5393676379417235, 1.0]",4.0,2.0,2.0,2.0,2.0,5,10.315660000000001,8.0,-6.0,hrl_dqn_apf,hierarchical,dqn,21.274,9.638,-4.365,0.00,0.00,0.00,13.291,9.567,-0.521,0.00,0.00,0.00,17.550,6.368,2.783,0.00,0.00,0.00,3.000,3.000,3.000
2026-02-04 20:02:35,406.94,34,239,273,12.45%,139.44,4.03%,"[0, 5, 10, 15, 20, 25, 30, 35, 40, 45, 50, 55, 60, 65, 70, 75, 80, 85, 90, 95, 100]","[22, 10, 4, 8, 11, 10, 9, 7, 6, 9, 12, 13, 11, 9, 10, 8, 696, 7, 8, 743]","[0.013639181649101054, 0.019838809671419714, 0.022318660880347178, 0.02727836329820211, 0.034097954122752634, 0.040297582145071294, 0.04587724736515809, 0.050216986980781156, 0.05393676379417235, 0.059516429014259145, 0.06695598264104154, 0.0750154990700558, 0.08183508989460632, 0.08741475511469311, 0.09361438313701177, 0.09857408555486671, 0.5300681959082455, 0.5344079355238686, 0.5393676379417235, 1.0]",4.0,2.0,2.0,2.0,2.0,16,16.47607,8.0,6.0,hrl_dqn_apf,hierarchical,dqn,21.578,9.699,-4.809,0.00,0.00,0.00,14.065,9.564,-0.521,0.00,0.00,0.00,17.551,6.370,2.135,0.00,0.00,0.00,3.000,3.000,3.000
2026-02-04 20:02:36,407.94,35,236,271,12.92%,139.52,4.09%,"[0, 5, 10, 15, 20, 25, 30, 35, 40, 45, 50, 55, 60, 65, 70, 75, 80, 85, 90, 95, 100]","[22, 12, 3, 10, 7, 12, 8, 9, 4, 10, 12, 12, 11, 10, 11, 8, 695, 7, 9, 741]","[0.013639181649101054, 0.021078735275883446, 0.022938623682579044, 0.029138251704897707, 0.03347799132052077, 0.04091754494730316, 0.04587724736515809, 0.05145691258524489, 0.05393676379417235, 0.06013639181649101, 0.0675759454432734, 0.0750154990700558, 0.08183508989460632, 0.08803471791692498, 0.09485430874147552, 0.09981401115933045, 0.5306881587104774, 0.5350278983261004, 0.5406075635461872, 1.0]",4.0,2.0,2.0,2.0,2.0,16,16.47607,8.0,6.0,hrl_dqn_apf,hierarchical,dqn,21.696,9.811,-4.187,0.00,0.00,0.00,15.589,9.558,-0.522,0.00,0.00,0.00,17.554,6.364,0.654,0.00,0.00,0.00,3.000,3.000,3.000
2026-02-04 20:02:37,408.94,34,231,265,12.83%,139.60,4.03%,"[0, 5, 10, 15, 20, 25, 30, 35, 40, 45, 50, 55, 60, 65, 70, 75, 80, 85, 90, 95, 100]","[22, 12, 3, 10, 6, 12, 9, 8, 5, 10, 12, 11, 11, 11, 10, 9, 695, 7, 9, 741]","[0.013639181649101054, 0.021078735275883446, 0.022938623682579044, 0.029138251704897707, 0.0328580285182889, 0.040297582145071294, 0.04587724736515809, 0.05083694978301302, 0.05393676379417235, 0.06013639181649101, 0.0675759454432734, 0.07439553626782393, 0.08121512709237445, 0.08803471791692498, 0.09423434593924365, 0.09981401115933045, 0.5306881587104774, 0.5350278983261004, 0.5406075635461872, 1.0]",4.0,2.0,2.0,2.0,2.0,13,28.63645,8.0,0.0,hrl_dqn_apf,hierarchical,dqn,21.706,9.809,-3.484,0.00,0.00,0.00,15.998,9.960,-0.622,0.00,0.00,0.00,17.680,6.204,0.113,0.00,0.00,0.00,3.000,3.000,3.000
2026-02-04 20:02:38,409.94,34,231,265,12.83%,139.67,4.03%,"[0, 5, 10, 15, 20, 25, 30, 35, 40, 45, 50, 55, 60, 65, 70, 75, 80, 85, 90, 95, 100]","[20, 14, 2, 11, 5, 13, 8, 10, 5, 10, 12, 11, 11, 11, 10, 8, 696, 7, 9, 740]","[0.012399256044637322, 0.021078735275883446, 0.022318660880347178, 0.029138251704897707, 0.032238065716057036, 0.040297582145071294, 0.04525728456292622, 0.05145691258524489, 0.05455672659640422, 0.06075635461872288, 0.06819590824550527, 0.0750154990700558, 0.08183508989460632, 0.08865468071915684, 0.09485430874147552, 0.09981401115933045, 0.5313081215127092, 0.5356478611283323, 0.5412275263484191, 1.0]",4.0,2.0,2.0,2.0,2.0,16,16.79678,8.0,6.0,hrl_dqn_apf,hierarchical,dqn,21.709,9.806,-2.740,0.00,0.00,0.00,15.704,10.355,-0.908,0.00,0.00,0.00,18.147,5.889,0.154,0.00,0.00,0.00,3.000,3.000,3.000
2026-02-04 20:02:39,410.95,34,231,265,12.83%,139.74,4.03%,"[0, 5, 10, 15, 20, 25, 30, 35, 40, 45, 50, 55, 60, 65, 70, 75, 80, 85, 90, 95, 100]","[19, 14, 3, 10, 6, 13, 8, 9, 6, 10, 10, 13, 10, 12, 10, 8, 695, 8, 9, 740]","[0.011779293242405457, 0.02045877247365158, 0.022318660880347178, 0.02851828890266584, 0.032238065716057036, 0.040297582145071294, 0.04525728456292622, 0.05083694978301302, 0.05455672659640422, 0.06075635461872288, 0.06695598264104154, 0.0750154990700558, 0.08121512709237445, 0.08865468071915684, 0.09485430874147552, 0.09981401115933045, 0.5306881587104774, 0.5356478611283323, 0.5412275263484191, 1.0]",4.0,2.0,2.0,2.0,2.0,16,16.79678,8.0,6.0,hrl_dqn_apf,hierarchical,dqn,21.727,9.821,-2.003,0.00,0.00,0.00,15.147,10.500,-1.214,0.00,0.00,0.00,18.755,5.682,0.386,0.00,0.00,0.00,3.000,3.000,3.000
2026-02-04 20:02:40,411.95,31,230,261,11.88%,139.72,3.91%,"[0, 5, 10, 15, 20, 25, 30, 35, 40, 45, 50, 55, 60, 65, 70, 75, 80, 85, 90, 95, 100]","[16, 16, 5, 8, 6, 12, 10, 9, 7, 9, 10, 13, 9, 15, 10, 8, 695, 8, 8, 739]","[0.009919404835709857, 0.019838809671419714, 0.022938623682579044, 0.027898326100433975, 0.03161810291382517, 0.03905765654060756, 0.04525728456292622, 0.05083694978301302, 0.05517668939863608, 0.06075635461872288, 0.06695598264104154, 0.0750154990700558, 0.08059516429014259, 0.08989460632362058, 0.09609423434593925, 0.10105393676379418, 0.5319280843149411, 0.536887786732796, 0.541847489150651, 1.0]",4.0,2.0,2.0,2.0,2.0,4,34.957319999999996,8.0,-12.0,hrl_dqn_apf,hierarchical,dqn,22.730,9.891,-1.480,0.00,0.00,0.00,14.726,9.666,-1.429,0.00,0.00,0.00,19.189,6.575,0.569,0.00,0.00,0.00,3.000,3.000,3.000
2026-02-04 20:02:41,412.96,32,229,261,12.26%,139.75,3.97%,"[0, 5, 10, 15, 20, 25, 30, 35, 40, 45, 50, 55, 60, 65, 70, 75, 80, 85, 90, 95, 100]","[16, 14, 7, 7, 8, 12, 9, 9, 7, 8, 12, 13, 7, 16, 10, 9, 696, 7, 8, 738]","[0.009919404835709857, 0.018598884066955982, 0.022938623682579044, 0.02727836329820211, 0.032238065716057036, 0.03967761934283943, 0.04525728456292622, 0.05083694978301302, 0.05517668939863608, 0.06013639181649101, 0.0675759454432734, 0.07563546187228766, 0.07997520148791072, 0.08989460632362058, 0.09609423434593925, 0.10167389956602604, 0.5331680099194048, 0.5375077495350279, 0.5424674519528828, 1.0]",4.0,2.0,2.0,2.0,2.0,8,29.11732,8.0,-6.0,hrl_dqn_apf,hierarchical,dqn,23.457,9.889,-1.440,0.00,0.00,0.00,14.694,9.255,-1.446,0.00,0.00,0.00,19.224,6.702,0.720,0.00,0.00,0.00,3.000,3.000,3.000
2026-02-04 20:02:42,413.96,30,230,260,11.54%,139.81,3.91%,"[0, 5, 10, 15, 20, 25, 30, 35, 40, 45, 50, 55, 60, 65, 70, 75, 80, 85, 90, 95, 100]","[13, 16, 9, 6, 8, 11, 9, 10, 6, 9, 12, 13, 8, 14, 12, 9, 695, 7, 8, 738]","[0.008059516429014259, 0.017978921264724116, 0.023558586484810913, 0.02727836329820211, 0.032238065716057036, 0.03905765654060756, 0.044637321760694355, 0.05083694978301302, 0.05455672659640422, 0.06013639181649101, 0.0675759454432734, 0.07563546187228766, 0.08059516429014259, 0.08927464352138871, 0.09671419714817112, 0.10229386236825791, 0.5331680099194048, 0.5375077495350279, 0.5424674519528828, 1.0]",4.0,2.0,2.0,2.0,2.0,8,29.11732,8.0,-6.0,hrl_dqn_apf,hierarchical,dqn,24.206,9.886,-1.429,0.00,0.00,0.00,14.774,9.115,-1.451,0.00,0.00,0.00,19.299,6.734,1.197,0.00,0.00,0.00,3.000,3.000,3.000
2026-02-04 20:02:43,414.97,29,231,260,11.15%,139.83,3.84%,"[0, 5, 10, 15, 20, 25, 30, 35, 40, 45, 50, 55, 60, 65, 70, 75, 80, 85, 90, 95, 100]","[13, 14, 11, 5, 9, 10, 10, 10, 6, 9, 12, 13, 7, 16, 12, 8, 696, 7, 8, 737]","[0.008059516429014259, 0.016738995660260384, 0.023558586484810913, 0.026658400495970243, 0.032238065716057036, 0.038437693738375696, 0.044637321760694355, 0.05083694978301302, 0.05455672659640422, 0.06013639181649101, 0.0675759454432734, 0.07563546187228766, 0.07997520148791072, 0.08989460632362058, 0.09733415995040298, 0.10229386236825791, 0.5337879727216367, 0.5381277123372598, 0.5430874147551147, 1.0]",4.0,2.0,2.0,2.0,2.0,8,29.27759,8.0,-6.0,hrl_dqn_apf,hierarchical,dqn,24.964,9.883,-1.426,0.00,0.00,0.00,15.266,9.145,-1.452,0.00,0.00,0.00,19.768,6.765,1.438,0.00,0.00,0.00,3.000,3.000,3.000
2026-02-04 20:02:44,415.97,28,226,254,11.02%,139.87,3.78%,"[0, 5, 10, 15, 20, 25, 30, 35, 40, 45, 50, 55, 60, 65, 70, 75, 80, 85, 90, 95, 100]","[13, 12, 12, 6, 7, 11, 11, 9, 7, 10, 12, 11, 10, 13, 15, 8, 695, 7, 9, 735]","[0.008059516429014259, 0.015499070055796652, 0.022938623682579044, 0.026658400495970243, 0.030998140111593304, 0.03781773093614383, 0.044637321760694355, 0.050216986980781156, 0.05455672659640422, 0.06075635461872288, 0.06819590824550527, 0.0750154990700558, 0.08121512709237445, 0.08927464352138871, 0.09857408555486671, 0.10353378797272164, 0.5344079355238686, 0.5387476751394916, 0.5443273403595784, 1.0]",4.0,2.0,2.0,2.0,2.0,21,17.43814,8.0,12.0,hrl_dqn_apf,hierarchical,dqn,26.236,9.956,-1.170,0.00,0.00,0.00,16.693,9.149,-1.453,0.00,0.00,0.00,21.185,6.762,1.540,0.00,0.00,0.00,3.000,3.000,3.000
2026-02-04 20:02:45,416.97,28,226,254,11.02%,139.93,3.78%,"[0, 5, 10, 15, 20, 25, 30, 35, 40, 45, 50, 55, 60, 65, 70, 75, 80, 85, 90, 95, 100]","[14, 10, 14, 6, 6, 11, 10, 10, 7, 10, 11, 12, 9, 13, 16, 8, 695, 7, 9, 735]","[0.008679479231246125, 0.014879107253564786, 0.023558586484810913, 0.02727836329820211, 0.030998140111593304, 0.03781773093614383, 0.04401735895846249, 0.050216986980781156, 0.05455672659640422, 0.06075635461872288, 0.0675759454432734, 0.0750154990700558, 0.08059516429014259, 0.08865468071915684, 0.09857408555486671, 0.10353378797272164, 0.5344079355238686, 0.5387476751394916, 0.5443273403595784, 1.0]",4.0,2.0,2.0,2.0,2.0,21,17.43814,8.0,12.0,hrl_dqn_apf,hierarchical,dqn,26.409,9.968,-0.550,0.00,0.00,0.00,17.285,9.217,-1.640,0.00,0.00,0.00,21.959,6.758,1.550,0.00,0.00,0.00,3.000,3.000,3.000
2026-02-04 20:02:46,417.98,29,225,254,11.42%,139.98,3.84%,"[0, 5, 10, 15, 20, 25, 30, 35, 40, 45, 50, 55, 60, 65, 70, 75, 80, 85, 90, 95, 100]","[15, 9, 13, 8, 5, 12, 8, 10, 7, 10, 11, 12, 10, 12, 16, 8, 696, 7, 8, 736]","[0.009299442033477991, 0.014879107253564786, 0.022938623682579044, 0.027898326100433975, 0.030998140111593304, 0.038437693738375696, 0.04339739615623062, 0.04959702417854929, 0.05393676379417235, 0.06013639181649101, 0.06695598264104154, 0.07439553626782393, 0.08059516429014259, 0.08803471791692498, 0.09795412275263485, 0.10291382517048978, 0.5344079355238686, 0.5387476751394916, 0.5437073775573465, 1.0]",4.0,2.0,2.0,2.0,2.0,5,11.517009999999999,8.0,-6.0,hrl_dqn_apf,hierarchical,dqn,26.461,9.966,0.165,0.00,0.00,0.00,17.394,9.291,-2.117,0.00,0.00,0.00,22.646,6.802,1.483,0.00,0.00,0.00,3.000,3.000,3.000
2026-02-04 20:02:47,418.98,30,224,254,11.81%,140.01,3.91%,"[0, 5, 10, 15, 20, 25, 30, 35, 40, 45, 50, 55, 60, 65, 70, 75, 80, 85, 90, 95, 100]","[16, 6, 14, 10, 4, 13, 7, 10, 8, 9, 11, 13, 10, 11, 15, 9, 696, 7, 8, 736]","[0.009919404835709857, 0.013639181649101054, 0.022318660880347178, 0.02851828890266584, 0.030998140111593304, 0.03905765654060756, 0.04339739615623062, 0.04959702417854929, 0.05455672659640422, 0.06013639181649101, 0.06695598264104154, 0.0750154990700558, 0.08121512709237445, 0.08803471791692498, 0.09733415995040298, 0.10291382517048978, 0.5344079355238686, 0.5387476751394916, 0.5437073775573465, 1.0]",4.0,2.0,2.0,2.0,2.0,5,11.67812,8.0,-6.0,hrl_dqn_apf,hierarchical,dqn,26.478,9.963,0.913,0.00,0.00,0.00,16.959,9.329,-2.336,0.00,0.00,0.00,22.923,6.864,1.028,0.00,0.00,0.00,3.000,3.000,3.000
2026-02-04 20:02:48,419.98,29,219,248,11.69%,140.12,3.91%,"[0, 5, 10, 15, 20, 25, 30, 35, 40, 45, 50, 55, 60, 65, 70, 75, 80, 85, 90, 95, 100]","[15, 8, 12, 12, 3, 13, 7, 11, 7, 9, 12, 13, 9, 10, 16, 10, 695, 7, 9, 735]","[0.009299442033477991, 0.01425914445133292, 0.02169869807811531, 0.029138251704897707, 0.030998140111593304, 0.03905765654060756, 0.04339739615623062, 0.050216986980781156, 0.05455672659640422, 0.06013639181649101, 0.0675759454432734, 0.07563546187228766, 0.08121512709237445, 0.08741475511469311, 0.09733415995040298, 0.10353378797272164, 0.5344079355238686, 0.5387476751394916, 0.5443273403595784, 1.0]",4.0,2.0,2.0,2.0,2.0,5,11.67812,8.0,-6.0,hrl_dqn_apf,hierarchical,dqn,26.757,10.315,2.156,0.00,0.00,0.00,15.556,9.327,-2.426,0.00,0.00,0.00,22.027,6.658,0.620,0.00,0.00,0.00,3.000,3.000,3.000
2026-02-04 20:02:49,420.99,30,218,248,12.10%,140.12,3.97%,"[0, 5, 10, 15, 20, 25, 30, 35, 40, 45, 50, 55, 60, 65, 70, 75, 80, 85, 90, 95, 100]","[15, 7, 12, 13, 4, 13, 6, 12, 7, 9, 12, 13, 6, 13, 14, 12, 695, 7, 8, 735]","[0.009299442033477991, 0.013639181649101054, 0.021078735275883446, 0.029138251704897707, 0.03161810291382517, 0.03967761934283943, 0.04339739615623062, 0.05083694978301302, 0.05517668939863608, 0.06075635461872288, 0.06819590824550527, 0.07625542467451953, 0.07997520148791072, 0.08803471791692498, 0.09671419714817112, 0.10415375077495351, 0.5350278983261004, 0.5393676379417235, 0.5443273403595784, 1.0]",4.0,2.0,2.0,2.0,2.0,3,29.83869,8.0,-12.0,hrl_dqn_apf,hierarchical,dqn,27.216,10.086,2.321,0.00,0.00,0.00,14.803,9.324,-2.433,0.00,0.00,0.00,21.306,6.604,0.602,0.00,0.00,0.00,3.000,3.000,3.000
2026-02-04 20:02:50,421.99,29,217,246,11.79%,140.12,3.91%,"[0, 5, 10, 15, 20, 25, 30, 35, 40, 45, 50, 55, 60, 65, 70, 75, 80, 85, 90, 95, 100]","[15, 9, 9, 16, 3, 11, 8, 11, 6, 10, 12, 13, 7, 12, 13, 13, 695, 7, 8, 735]","[0.009299442033477991, 0.014879107253564786, 0.02045877247365158, 0.03037817730936144, 0.032238065716057036, 0.03905765654060756, 0.04401735895846249, 0.05083694978301302, 0.05455672659640422, 0.06075635461872288, 0.06819590824550527, 0.07625542467451953, 0.08059516429014259, 0.08803471791692498, 0.09609423434593925, 0.10415375077495351, 0.5350278983261004, 0.5393676379417235, 0.5443273403595784, 1.0]",4.0,2.0,2.0,2.0,2.0,12,23.99853,8.0,0.0,hrl_dqn_apf,hierarchical,dqn,27.398,9.669,2.374,0.00,0.00,0.00,14.232,9.427,-2.434,0.00,0.00,0.00,20.559,6.605,0.596,0.00,0.00,0.00,3.000,3.000,3.000
2026-02-04 20:02:51,423.00,29,211,240,12.08%,140.18,3.91%,"[0, 5, 10, 15, 20, 25, 30, 35, 40, 45, 50, 55, 60, 65, 70, 75, 80, 85, 90, 95, 100]","[16, 10, 7, 16, 4, 10, 9, 9, 8, 10, 12, 11, 7, 13, 12, 14, 695, 7, 8, 735]","[0.009919404835709857, 0.016119032858028518, 0.02045877247365158, 0.03037817730936144, 0.0328580285182889, 0.03905765654060756, 0.044637321760694355, 0.050216986980781156, 0.05517668939863608, 0.06137631742095474, 0.06881587104773713, 0.07563546187228766, 0.07997520148791072, 0.08803471791692498, 0.09547427154370738, 0.10415375077495351, 0.5350278983261004, 0.5393676379417235, 0.5443273403595784, 1.0]",4.0,2.0,2.0,2.0,2.0,12,23.99853,8.0,0.0,hrl_dqn_apf,hierarchical,dqn,27.455,9.375,2.371,0.00,0.00,0.00,14.457,9.500,-2.435,0.00,0.00,0.00,19.801,6.603,0.593,0.00,0.00,0.00,3.000,3.000,3.000
2026-02-04 20:02:52,424.01,28,212,240,11.67%,140.31,3.84%,"[0, 5, 10, 15, 20, 25, 30, 35, 40, 45, 50, 55, 60, 65, 70, 75, 80, 85, 90, 95, 100]","[18, 10, 3, 15, 8, 8, 11, 7, 8, 11, 11, 12, 8, 13, 10, 15, 695, 7, 9, 734]","[0.011159330440173589, 0.01735895846249225, 0.019218846869187848, 0.02851828890266584, 0.03347799132052077, 0.038437693738375696, 0.04525728456292622, 0.04959702417854929, 0.05455672659640422, 0.06137631742095474, 0.06819590824550527, 0.07563546187228766, 0.08059516429014259, 0.08865468071915684, 0.09485430874147552, 0.10415375077495351, 0.5350278983261004, 0.5393676379417235, 0.5449473031618103, 1.0]",4.0,2.0,2.0,2.0,2.0,5,12.15898,8.0,-6.0,hrl_dqn_apf,hierarchical,dqn,27.475,9.428,1.344,0.00,0.00,0.00,15.782,9.501,-2.435,0.00,0.00,0.00,18.278,6.598,0.588,0.00,0.00,0.00,3.000,3.000,3.000
2026-02-04 20:02:53,425.01,28,210,238,11.76%,140.43,3.84%,"[0, 5, 10, 15, 20, 25, 30, 35, 40, 45, 50, 55, 60, 65, 70, 75, 80, 85, 90, 95, 100]","[17, 10, 4, 14, 9, 8, 10, 8, 8, 10, 11, 13, 8, 12, 10, 16, 695, 7, 8, 735]","[0.010539367637941723, 0.016738995660260384, 0.019218846869187848, 0.027898326100433975, 0.03347799132052077, 0.038437693738375696, 0.044637321760694355, 0.04959702417854929, 0.05455672659640422, 0.06075635461872288, 0.0675759454432734, 0.07563546187228766, 0.08059516429014259, 0.08803471791692498, 0.09423434593924365, 0.10415375077495351, 0.5350278983261004, 0.5393676379417235, 0.5443273403595784, 1.0]",4.0,2.0,2.0,2.0,2.0,1,18.3193,8.0,-12.0,hrl_dqn_apf,hierarchical,dqn,27.476,9.427,0.621,0.00,0.00,0.00,16.524,9.498,-2.436,0.00,0.00,0.00,17.669,6.661,0.437,0.00,0.00,0.00,3.000,3.000,3.000
2026-02-04 20:02:54,426.02,28,208,236,11.86%,140.54,3.84%,"[0, 5, 10, 15, 20, 25, 30, 35, 40, 45, 50, 55, 60, 65, 70, 75, 80, 85, 90, 95, 100]","[17, 10, 4, 13, 10, 8, 10, 7, 9, 10, 11, 13, 8, 10, 12, 14, 697, 7, 8, 735]","[0.010539367637941723, 0.016738995660260384, 0.019218846869187848, 0.02727836329820211, 0.03347799132052077, 0.038437693738375696, 0.044637321760694355, 0.048977061376317424, 0.05455672659640422, 0.06075635461872288, 0.0675759454432734, 0.07563546187228766, 0.08059516429014259, 0.08679479231246125, 0.09423434593924365, 0.10291382517048978, 0.5350278983261004, 0.5393676379417235, 0.5443273403595784, 1.0]",4.0,2.0,2.0,2.0,2.0,1,18.3193,8.0,-12.0,hrl_dqn_apf,hierarchical,dqn,27.476,9.425,-0.131,0.00,0.00,0.00,17.157,9.727,-2.522,0.00,0.00,0.00,17.462,6.601,0.020,0.00,0.00,0.00,3.000,3.000,3.000
2026-02-04 20:02:55,427.02,28,207,235,11.91%,140.74,3.91%,"[0, 5, 10, 15, 20, 25, 30, 35, 40, 45, 50, 55, 60, 65, 70, 75, 80, 85, 90, 95, 100]","[18, 9, 6, 8, 14, 8, 7, 10, 7, 10, 12, 13, 6, 11, 13, 11, 700, 7, 8, 735]","[0.011159330440173589, 0.016738995660260384, 0.02045877247365158, 0.02541847489150651, 0.034097954122752634, 0.03905765654060756, 0.04339739615623062, 0.04959702417854929, 0.05393676379417235, 0.06013639181649101, 0.0675759454432734, 0.07563546187228766, 0.07935523868567886, 0.08617482951022938, 0.09423434593924365, 0.10105393676379418, 0.5350278983261004, 0.5393676379417235, 0.5443273403595784, 1.0]",4.0,2.0,2.0,2.0,2.0,22,24.47935,8.0,12.0,hrl_dqn_apf,hierarchical,dqn,27.474,9.420,-1.649,0.00,0.00,0.00,17.179,10.339,-3.651,0.00,0.00,0.00,17.695,6.084,0.796,0.00,0.00,0.00,3.000,3.000,3.000
2026-02-04 20:02:56,428.03,28,207,235,11.91%,140.85,3.91%,"[0, 5, 10, 15, 20, 25, 30, 35, 40, 45, 50, 55, 60, 65, 70, 75, 80, 85, 90, 95, 100]","[16, 9, 8, 8, 12, 10, 6, 11, 6, 10, 12, 13, 6, 12, 13, 10, 701, 6, 9, 735]","[0.009919404835709857, 0.015499070055796652, 0.02045877247365158, 0.02541847489150651, 0.0328580285182889, 0.03905765654060756, 0.04277743335399876, 0.04959702417854929, 0.053316800991940486, 0.059516429014259145, 0.06695598264104154, 0.0750154990700558, 0.07873527588344699, 0.08617482951022938, 0.09423434593924365, 0.10043397396156231, 0.5350278983261004, 0.5387476751394916, 0.5443273403595784, 1.0]",4.0,2.0,2.0,2.0,2.0,22,24.47935,8.0,12.0,hrl_dqn_apf,hierarchical,dqn,27.473,9.417,-2.406,0.00,0.00,0.00,17.123,9.939,-4.115,0.00,0.00,0.00,17.508,6.166,1.247,0.00,0.00,0.00,3.000,3.000,3.000
2026-02-04 20:02:57,429.03,29,206,235,12.34%,140.94,3.97%,"[0, 5, 10, 15, 20, 25, 30, 35, 40, 45, 50, 55, 60, 65, 70, 75, 80, 85, 90, 95, 100]","[16, 10, 8, 6, 13, 11, 6, 11, 6, 8, 13, 12, 7, 12, 13, 9, 702, 6, 8, 736]","[0.009919404835709857, 0.016119032858028518, 0.021078735275883446, 0.024798512089274645, 0.0328580285182889, 0.03967761934283943, 0.04339739615623062, 0.050216986980781156, 0.05393676379417235, 0.05889646621202728, 0.06695598264104154, 0.07439553626782393, 0.07873527588344699, 0.08617482951022938, 0.09423434593924365, 0.09981401115933045, 0.5350278983261004, 0.5387476751394916, 0.5437073775573465, 1.0]",4.0,2.0,2.0,2.0,2.0,10,12.639569999999999,8.0,0.0,hrl_dqn_apf,hierarchical,dqn,27.472,9.414,-3.170,0.00,0.00,0.00,17.103,9.520,-4.271,0.00,0.00,0.00,16.926,6.186,1.401,0.00,0.00,0.00,3.000,3.000,3.000
2026-02-04 20:02:58,430.03,30,201,231,12.99%,141.03,4.03%,"[0, 5, 10, 15, 20, 25, 30, 35, 40, 45, 50, 55, 60, 65, 70, 75, 80, 85, 90, 95, 100]","[15, 12, 7, 7, 11, 13, 5, 11, 5, 9, 12, 13, 7, 12, 12, 9, 703, 6, 8, 736]","[0.009299442033477991, 0.016738995660260384, 0.021078735275883446, 0.02541847489150651, 0.032238065716057036, 0.040297582145071294, 0.04339739615623062, 0.050216986980781156, 0.053316800991940486, 0.05889646621202728, 0.06633601983880967, 0.07439553626782393, 0.07873527588344699, 0.08617482951022938, 0.09361438313701177, 0.09919404835709858, 0.5350278983261004, 0.5387476751394916, 0.5437073775573465, 1.0]",4.0,2.0,2.0,2.0,2.0,21,18.80002,8.0,12.0,hrl_dqn_apf,hierarchical,dqn,27.472,9.505,-3.801,0.00,0.00,0.00,17.098,9.381,-4.218,0.00,0.00,0.00,16.199,6.187,1.448,0.00,0.00,0.00,3.000,3.000,3.000
2026-02-04 20:02:59,431.04,30,199,229,13.10%,141.22,4.03%,"[0, 5, 10, 15, 20, 25, 30, 35, 40, 45, 50, 55, 60, 65, 70, 75, 80, 85, 90, 95, 100]","[15, 10, 8, 8, 9, 15, 5, 8, 7, 10, 11, 13, 8, 12, 10, 11, 699, 10, 8, 736]","[0.009299442033477991, 0.015499070055796652, 0.02045877247365158, 0.02541847489150651, 0.030998140111593304, 0.040297582145071294, 0.04339739615623062, 0.04835709857408556, 0.05269683818970862, 0.05889646621202728, 0.0657160570365778, 0.07377557346559206, 0.07873527588344699, 0.08617482951022938, 0.09237445753254804, 0.09919404835709858, 0.532548047117173, 0.5387476751394916, 0.5437073775573465, 1.0]",4.0,2.0,2.0,2.0,2.0,21,18.80002,8.0,12.0,hrl_dqn_apf,hierarchical,dqn,27.471,9.594,-3.030,0.00,0.00,0.00,17.535,9.473,-3.476,0.00,0.00,0.00,14.698,6.183,1.464,0.00,0.00,0.00,3.000,3.000,3.000
2026-02-04 20:03:00,432.04,30,199,229,13.10%,141.26,4.03%,"[0, 5, 10, 15, 20, 25, 30, 35, 40, 45, 50, 55, 60, 65, 70, 75, 80, 85, 90, 95, 100]","[15, 11, 7, 9, 6, 17, 5, 8, 7, 10, 11, 13, 8, 10, 12, 11, 699, 10, 8, 736]","[0.009299442033477991, 0.016119032858028518, 0.02045877247365158, 0.026038437693738377, 0.029758214507129573, 0.040297582145071294, 0.04339739615623062, 0.04835709857408556, 0.05269683818970862, 0.05889646621202728, 0.0657160570365778, 0.07377557346559206, 0.07873527588344699, 0.08493490390576565, 0.09237445753254804, 0.09919404835709858, 0.532548047117173, 0.5387476751394916, 0.5437073775573465, 1.0]",4.0,2.0,2.0,2.0,2.0,3,30.96008,8.0,-12.0,hrl_dqn_apf,hierarchical,dqn,27.472,9.592,-2.336,0.00,0.00,0.00,18.174,9.477,-3.387,0.00,0.00,0.00,13.959,6.180,1.463,0.00,0.00,0.00,3.000,3.000,3.000
2026-02-04 20:03:01,433.05,30,199,229,13.10%,141.33,4.03%,"[0, 5, 10, 15, 20, 25, 30, 35, 40, 45, 50, 55, 60, 65, 70, 75, 80, 85, 90, 95, 100]","[15, 10, 8, 10, 6, 16, 6, 7, 8, 10, 10, 12, 8, 10, 13, 11, 697, 12, 7, 737]","[0.009299442033477991, 0.015499070055796652, 0.02045877247365158, 0.026658400495970243, 0.03037817730936144, 0.040297582145071294, 0.04401735895846249, 0.04835709857408556, 0.053316800991940486, 0.059516429014259145, 0.0657160570365778, 0.0731556106633602, 0.07811531308121512, 0.08431494110353378, 0.09237445753254804, 0.09919404835709858, 0.5313081215127092, 0.5387476751394916, 0.5430874147551147, 1.0]",4.0,2.0,2.0,2.0,2.0,21,19.12063,8.0,12.0,hrl_dqn_apf,hierarchical,dqn,27.472,9.589,-1.606,0.00,0.00,0.00,18.888,9.475,-3.358,0.00,0.00,0.00,13.361,6.243,1.610,0.00,0.00,0.00,3.000,3.000,3.000
2026-02-04 20:03:02,434.05,29,196,225,12.89%,141.40,3.97%,"[0, 5, 10, 15, 20, 25, 30, 35, 40, 45, 50, 55, 60, 65, 70, 75, 80, 85, 90, 95, 100]","[15, 9, 8, 11, 4, 17, 7, 8, 8, 10, 10, 12, 7, 11, 12, 11, 697, 12, 7, 737]","[0.009299442033477991, 0.014879107253564786, 0.019838809671419714, 0.026658400495970243, 0.029138251704897707, 0.03967761934283943, 0.04401735895846249, 0.048977061376317424, 0.05393676379417235, 0.06013639181649101, 0.06633601983880967, 0.07377557346559206, 0.07811531308121512, 0.08493490390576565, 0.09237445753254804, 0.09919404835709858, 0.5313081215127092, 0.5387476751394916, 0.5430874147551147, 1.0]",4.0,2.0,2.0,2.0,2.0,21,19.12063,8.0,12.0,hrl_dqn_apf,hierarchical,dqn,27.545,9.633,-0.926,0.00,0.00,0.00,19.634,9.473,-3.349,0.00,0.00,0.00,13.134,6.267,2.149,0.00,0.00,0.00,3.000,3.000,3.000
2026-02-04 20:03:03,435.05,30,191,221,13.57%,141.43,4.03%,"[0, 5, 10, 15, 20, 25, 30, 35, 40, 45, 50, 55, 60, 65, 70, 75, 80, 85, 90, 95, 100]","[15, 9, 9, 12, 5, 15, 10, 6, 9, 9, 11, 11, 7, 11, 12, 9, 697, 11, 9, 736]","[0.009299442033477991, 0.014879107253564786, 0.02045877247365158, 0.027898326100433975, 0.030998140111593304, 0.040297582145071294, 0.04649721016738995, 0.050216986980781156, 0.05579665220086795, 0.06137631742095474, 0.06819590824550527, 0.0750154990700558, 0.07935523868567886, 0.08617482951022938, 0.09361438313701177, 0.09919404835709858, 0.5313081215127092, 0.5381277123372598, 0.5437073775573465, 1.0]",4.0,2.0,2.0,2.0,2.0,13,31.28115,8.0,0.0,hrl_dqn_apf,hierarchical,dqn,28.694,9.674,-0.542,0.00,0.00,0.00,21.144,9.470,-3.344,0.00,0.00,0.00,13.045,6.283,3.177,0.00,0.00,0.00,3.000,3.000,3.000
2026-02-04 20:03:04,436.06,29,190,219,13.24%,141.50,3.97%,"[0, 5, 10, 15, 20, 25, 30, 35, 40, 45, 50, 55, 60, 65, 70, 75, 80, 85, 90, 95, 100]","[16, 10, 9, 10, 6, 13, 11, 7, 7, 9, 12, 11, 7, 11, 12, 9, 697, 10, 10, 736]","[0.009919404835709857, 0.016119032858028518, 0.02169869807811531, 0.027898326100433975, 0.03161810291382517, 0.03967761934283943, 0.04649721016738995, 0.05083694978301302, 0.05517668939863608, 0.06075635461872288, 0.06819590824550527, 0.0750154990700558, 0.07935523868567886, 0.08617482951022938, 0.09361438313701177, 0.09919404835709858, 0.5313081215127092, 0.5375077495350279, 0.5437073775573465, 1.0]",4.0,2.0,2.0,2.0,2.0,21,19.44118,8.0,12.0,hrl_dqn_apf,hierarchical,dqn,29.429,9.672,-0.514,0.00,0.00,0.00,21.617,9.545,-3.052,0.00,0.00,0.00,13.036,6.281,3.896,0.00,0.00,0.00,3.000,3.000,3.000
2026-02-04 20:03:05,437.06,27,188,215,12.56%,141.53,3.84%,"[0, 5, 10, 15, 20, 25, 30, 35, 40, 45, 50, 55, 60, 65, 70, 75, 80, 85, 90, 95, 100]","[17, 9, 9, 10, 7, 10, 14, 7, 6, 11, 12, 11, 7, 10, 11, 11, 697, 8, 10, 736]","[0.010539367637941723, 0.016119032858028518, 0.02169869807811531, 0.027898326100433975, 0.032238065716057036, 0.038437693738375696, 0.047117172969621826, 0.05145691258524489, 0.05517668939863608, 0.06199628022318661, 0.069435833849969, 0.07625542467451953, 0.08059516429014259, 0.08679479231246125, 0.09361438313701177, 0.10043397396156231, 0.532548047117173, 0.5375077495350279, 0.5437073775573465, 1.0]",4.0,2.0,2.0,2.0,2.0,21,19.44118,8.0,12.0,hrl_dqn_apf,hierarchical,dqn,30.186,9.669,-0.506,0.00,0.00,0.00,21.774,9.555,-2.434,0.00,0.00,0.00,13.190,6.346,4.497,0.00,0.00,0.00,3.000,3.000,3.000
2026-02-04 20:03:06,438.06,28,187,215,13.02%,141.57,3.91%,"[0, 5, 10, 15, 20, 25, 30, 35, 40, 45, 50, 55, 60, 65, 70, 75, 80, 85, 90, 95, 100]","[17, 9, 10, 9, 8, 10, 13, 8, 7, 10, 12, 11, 6, 12, 10, 11, 697, 8, 9, 736]","[0.010539367637941723, 0.016119032858028518, 0.022318660880347178, 0.027898326100433975, 0.0328580285182889, 0.03905765654060756, 0.047117172969621826, 0.052076875387476754, 0.056416615003099815, 0.06261624302541847, 0.07005579665220087, 0.07687538747675139, 0.08059516429014259, 0.08803471791692498, 0.09423434593924365, 0.10105393676379418, 0.5331680099194048, 0.5381277123372598, 0.5437073775573465, 1.0]",4.0,2.0,2.0,2.0,2.0,12,25.52144,8.0,0.0,hrl_dqn_apf,hierarchical,dqn,30.950,9.666,-0.504,0.00,0.00,0.00,21.823,9.553,-1.708,0.00,0.00,0.00,13.743,6.368,4.716,0.00,0.00,0.00,3.000,3.000,3.000
2026-02-04 20:03:07,439.07,27,184,211,12.80%,141.65,3.84%,"[0, 5, 10, 15, 20, 25, 30, 35, 40, 45, 50, 55, 60, 65, 70, 75, 80, 85, 90, 95, 100]","[16, 10, 7, 12, 9, 8, 13, 10, 5, 12, 10, 12, 7, 10, 11, 11, 697, 6, 11, 736]","[0.009919404835709857, 0.016119032858028518, 0.02045877247365158, 0.027898326100433975, 0.03347799132052077, 0.038437693738375696, 0.04649721016738995, 0.05269683818970862, 0.05579665220086795, 0.06323620582765034, 0.069435833849969, 0.07687538747675139, 0.08121512709237445, 0.08741475511469311, 0.09423434593924365, 0.10105393676379418, 0.5331680099194048, 0.536887786732796, 0.5437073775573465, 1.0]",4.0,2.0,2.0,2.0,2.0,6,19.6818,8.0,-6.0,hrl_dqn_apf,hierarchical,dqn,31.647,9.834,-0.504,0.00,0.00,0.00,21.843,9.547,-0.170,0.00,0.00,0.00,15.220,6.364,4.807,0.00,0.00,0.00,3.000,3.000,3.000
2026-02-04 20:03:08,440.07,28,183,211,13.27%,141.64,3.91%,"[0, 5, 10, 15, 20, 25, 30, 35, 40, 45, 50, 55, 60, 65, 70, 75, 80, 85, 90, 95, 100]","[14, 11, 8, 12, 9, 9, 13, 10, 5, 11, 11, 12, 7, 10, 11, 11, 696, 7, 11, 735]","[0.008679479231246125, 0.015499070055796652, 0.02045877247365158, 0.027898326100433975, 0.03347799132052077, 0.03905765654060756, 0.047117172969621826, 0.053316800991940486, 0.056416615003099815, 0.06323620582765034, 0.07005579665220087, 0.07749535027898326, 0.08183508989460632, 0.08803471791692498, 0.09485430874147552, 0.10167389956602604, 0.5331680099194048, 0.5375077495350279, 0.5443273403595784, 1.0]",4.0,2.0,2.0,2.0,2.0,6,19.6818,8.0,-6.0,hrl_dqn_apf,hierarchical,dqn,31.119,9.846,-0.504,0.00,0.00,0.00,21.844,9.544,0.573,0.00,0.00,0.00,15.960,6.361,4.814,0.00,0.00,0.00,3.000,3.000,3.000
2026-02-04 20:03:09,441.07,28,182,210,13.33%,141.67,3.91%,"[0, 5, 10, 15, 20, 25, 30, 35, 40, 45, 50, 55, 60, 65, 70, 75, 80, 85, 90, 95, 100]","[16, 10, 8, 11, 9, 9, 12, 10, 5, 12, 10, 13, 7, 10, 11, 11, 695, 8, 10, 736]","[0.009919404835709857, 0.016119032858028518, 0.021078735275883446, 0.027898326100433975, 0.03347799132052077, 0.03905765654060756, 0.04649721016738995, 0.05269683818970862, 0.05579665220086795, 0.06323620582765034, 0.069435833849969, 0.07749535027898326, 0.08183508989460632, 0.08803471791692498, 0.09485430874147552, 0.10167389956602604, 0.532548047117173, 0.5375077495350279, 0.5437073775573465, 1.0]",4.0,2.0,2.0,2.0,2.0,4,37.844120000000004,8.0,-12.0,hrl_dqn_apf,hierarchical,dqn,30.424,9.844,-0.503,0.00,0.00,0.00,22.042,9.614,1.136,0.00,0.00,0.00,16.716,6.358,4.818,0.00,0.00,0.00,3.000,3.000,3.000
2026-02-04 20:03:10,442.07,28,182,210,13.33%,141.70,3.91%,"[0, 5, 10, 15, 20, 25, 30, 35, 40, 45, 50, 55, 60, 65, 70, 75, 80, 85, 90, 95, 100]","[15, 12, 7, 12, 6, 11, 10, 12, 5, 10, 12, 13, 7, 10, 11, 10, 696, 8, 10, 736]","[0.009299442033477991, 0.016738995660260384, 0.021078735275883446, 0.02851828890266584, 0.032238065716057036, 0.03905765654060756, 0.04525728456292622, 0.05269683818970862, 0.05579665220086795, 0.06199628022318661, 0.069435833849969, 0.07749535027898326, 0.08183508989460632, 0.08803471791692498, 0.09485430874147552, 0.10105393676379418, 0.532548047117173, 0.5375077495350279, 0.5437073775573465, 1.0]",4.0,2.0,2.0,2.0,2.0,19,38.004580000000004,8.0,6.0,hrl_dqn_apf,hierarchical,dqn,29.678,9.841,-0.503,0.00,0.00,0.00,22.618,9.631,1.334,0.00,0.00,0.00,17.479,6.355,4.821,0.00,0.00,0.00,3.000,3.000,3.000
2026-02-04 20:03:11,443.08,28,182,210,13.33%,141.75,3.91%,"[0, 5, 10, 15, 20, 25, 30, 35, 40, 45, 50, 55, 60, 65, 70, 75, 80, 85, 90, 95, 100]","[14, 12, 7, 11, 6, 13, 7, 14, 6, 9, 13, 12, 7, 10, 12, 9, 697, 8, 10, 736]","[0.008679479231246125, 0.016119032858028518, 0.02045877247365158, 0.02727836329820211, 0.030998140111593304, 0.03905765654060756, 0.04339739615623062, 0.052076875387476754, 0.05579665220086795, 0.06137631742095474, 0.069435833849969, 0.07687538747675139, 0.08121512709237445, 0.08741475511469311, 0.09485430874147552, 0.10043397396156231, 0.532548047117173, 0.5375077495350279, 0.5437073775573465, 1.0]",4.0,2.0,2.0,2.0,2.0,19,38.004580000000004,8.0,6.0,hrl_dqn_apf,hierarchical,dqn,28.218,9.835,-0.501,0.00,0.00,0.00,24.018,9.627,1.413,0.00,0.00,0.00,18.946,6.349,4.825,0.00,0.00,0.00,3.000,3.000,3.000
2026-02-04 20:03:12,444.08,28,176,204,13.73%,141.76,3.91%,"[0, 5, 10, 15, 20, 25, 30, 35, 40, 45, 50, 55, 60, 65, 70, 75, 80, 85, 90, 95, 100]","[12, 12, 9, 10, 7, 13, 6, 15, 6, 8, 14, 11, 8, 10, 11, 10, 697, 8, 10, 736]","[0.007439553626782393, 0.014879107253564786, 0.02045877247365158, 0.026658400495970243, 0.030998140111593304, 0.03905765654060756, 0.04277743335399876, 0.052076875387476754, 0.05579665220086795, 0.06075635461872288, 0.069435833849969, 0.07625542467451953, 0.08121512709237445, 0.08741475511469311, 0.09423434593924365, 0.10043397396156231, 0.532548047117173, 0.5375077495350279, 0.5437073775573465, 1.0]",4.0,2.0,2.0,2.0,2.0,20,14.164909999999999,8.0,12.0,hrl_dqn_apf,hierarchical,dqn,27.458,9.832,-0.500,0.00,0.00,0.00,24.774,9.624,1.420,0.00,0.00,0.00,19.706,6.346,4.827,0.00,0.00,0.00,3.000,3.000,3.000
2026-02-04 20:03:13,445.08,27,177,204,13.24%,141.73,3.84%,"[0, 5, 10, 15, 20, 25, 30, 35, 40, 45, 50, 55, 60, 65, 70, 75, 80, 85, 90, 95, 100]","[12, 11, 8, 10, 9, 12, 7, 14, 7, 8, 13, 12, 8, 10, 11, 10, 698, 7, 10, 736]","[0.007439553626782393, 0.01425914445133292, 0.019218846869187848, 0.02541847489150651, 0.030998140111593304, 0.038437693738375696, 0.04277743335399876, 0.05145691258524489, 0.05579665220086795, 0.06075635461872288, 0.06881587104773713, 0.07625542467451953, 0.08121512709237445, 0.08741475511469311, 0.09423434593924365, 0.10043397396156231, 0.5331680099194048, 0.5375077495350279, 0.5437073775573465, 1.0]",4.0,2.0,2.0,2.0,2.0,20,14.324850000000001,8.0,12.0,hrl_dqn_apf,hierarchical,dqn,27.009,9.975,-0.602,0.00,0.00,0.00,25.187,9.729,1.535,0.00,0.00,0.00,20.467,6.343,4.829,0.00,0.00,0.00,3.000,3.000,3.000
2026-02-04 20:03:14,446.08,27,177,204,13.24%,141.72,3.84%,"[0, 5, 10, 15, 20, 25, 30, 35, 40, 45, 50, 55, 60, 65, 70, 75, 80, 85, 90, 95, 100]","[11, 11, 9, 10, 9, 12, 7, 13, 8, 7, 14, 11, 9, 10, 11, 10, 698, 6, 11, 736]","[0.006819590824550527, 0.013639181649101054, 0.019218846869187848, 0.02541847489150651, 0.030998140111593304, 0.038437693738375696, 0.04277743335399876, 0.05083694978301302, 0.05579665220086795, 0.06013639181649101, 0.06881587104773713, 0.07563546187228766, 0.08121512709237445, 0.08741475511469311, 0.09423434593924365, 0.10043397396156231, 0.5331680099194048, 0.536887786732796, 0.5437073775573465, 1.0]",4.0,2.0,2.0,2.0,2.0,20,14.324850000000001,8.0,12.0,hrl_dqn_apf,hierarchical,dqn,27.241,10.044,-0.943,0.00,0.00,0.00,24.937,9.730,1.887,0.00,0.00,0.00,21.228,6.340,4.831,0.00,0.00,0.00,3.000,3.000,3.000
2026-02-04 20:03:15,447.09,25,175,200,12.50%,141.68,3.72%,"[0, 5, 10, 15, 20, 25, 30, 35, 40, 45, 50, 55, 60, 65, 70, 75, 80, 85, 90, 95, 100]","[10, 10, 9, 10, 11, 10, 9, 9, 11, 8, 12, 13, 10, 10, 11, 10, 696, 8, 11, 735]","[0.006199628022318661, 0.012399256044637322, 0.017978921264724116, 0.02417854928704278, 0.030998140111593304, 0.037197768133911964, 0.04277743335399876, 0.04835709857408556, 0.05517668939863608, 0.06013639181649101, 0.0675759454432734, 0.07563546187228766, 0.08183508989460632, 0.08803471791692498, 0.09485430874147552, 0.10105393676379418, 0.532548047117173, 0.5375077495350279, 0.5443273403595784, 1.0]",4.0,2.0,2.0,2.0,2.0,12,26.48508,8.0,0.0,hrl_dqn_apf,hierarchical,dqn,28.146,10.084,-2.002,0.00,0.00,0.00,24.027,9.663,2.951,0.00,0.00,0.00,22.739,6.336,4.834,0.00,0.00,0.00,3.000,3.000,3.000
2026-02-04 20:03:16,448.09,23,175,198,11.62%,141.63,3.60%,"[0, 5, 10, 15, 20, 25, 30, 35, 40, 45, 50, 55, 60, 65, 70, 75, 80, 85, 90, 95, 100]","[9, 10, 10, 10, 9, 10, 11, 8, 11, 9, 11, 14, 9, 11, 10, 11, 696, 8, 12, 734]","[0.005579665220086794, 0.011779293242405457, 0.017978921264724116, 0.02417854928704278, 0.029758214507129573, 0.03595784252944823, 0.04277743335399876, 0.04773713577185369, 0.05455672659640422, 0.06013639181649101, 0.06695598264104154, 0.07563546187228766, 0.08121512709237445, 0.08803471791692498, 0.09423434593924365, 0.10105393676379418, 0.532548047117173, 0.5375077495350279, 0.5449473031618103, 1.0]",4.0,2.0,2.0,2.0,2.0,12,26.48508,8.0,0.0,hrl_dqn_apf,hierarchical,dqn,28.464,9.702,-2.384,0.00,0.00,0.00,23.429,9.689,3.307,0.00,0.00,0.00,23.225,6.412,4.553,0.00,0.00,0.00,3.000,3.000,3.000
2026-02-04 20:03:17,449.09,23,175,198,11.62%,141.63,3.60%,"[0, 5, 10, 15, 20, 25, 30, 35, 40, 45, 50, 55, 60, 65, 70, 75, 80, 85, 90, 95, 100]","[9, 9, 9, 12, 8, 11, 11, 7, 12, 9, 11, 14, 9, 10, 11, 10, 697, 8, 11, 735]","[0.005579665220086794, 0.011159330440173589, 0.016738995660260384, 0.02417854928704278, 0.029138251704897707, 0.03595784252944823, 0.04277743335399876, 0.047117172969621826, 0.05455672659640422, 0.06013639181649101, 0.06695598264104154, 0.07563546187228766, 0.08121512709237445, 0.08741475511469311, 0.09423434593924365, 0.10043397396156231, 0.532548047117173, 0.5375077495350279, 0.5443273403595784, 1.0]",4.0,2.0,2.0,2.0,2.0,6,20.64561,8.0,-6.0,hrl_dqn_apf,hierarchical,dqn,28.388,9.681,-2.501,0.00,0.00,0.00,23.023,10.091,3.249,0.00,0.00,0.00,23.365,6.208,4.266,0.00,0.00,0.00,3.000,3.000,3.000
2026-02-04 20:03:18,450.10,24,172,196,12.24%,141.61,3.66%,"[0, 5, 10, 15, 20, 25, 30, 35, 40, 45, 50, 55, 60, 65, 70, 75, 80, 85, 90, 95, 100]","[9, 8, 9, 13, 7, 13, 10, 8, 11, 10, 10, 15, 8, 11, 11, 10, 697, 8, 11, 734]","[0.005579665220086794, 0.010539367637941723, 0.016119032858028518, 0.02417854928704278, 0.02851828890266584, 0.0365778053316801, 0.04277743335399876, 0.04773713577185369, 0.05455672659640422, 0.06075635461872288, 0.06695598264104154, 0.07625542467451953, 0.08121512709237445, 0.08803471791692498, 0.09485430874147552, 0.10105393676379418, 0.5331680099194048, 0.5381277123372598, 0.5449473031618103, 1.0]",4.0,2.0,2.0,2.0,2.0,3,32.80556,8.0,-12.0,hrl_dqn_apf,hierarchical,dqn,27.856,9.702,-2.536,0.00,0.00,0.00,23.083,10.494,2.792,0.00,0.00,0.00,23.365,5.857,4.637,0.00,0.00,0.00,3.000,3.000,3.000
2026-02-04 20:03:19,451.10,25,165,190,13.16%,141.70,3.72%,"[0, 5, 10, 15, 20, 25, 30, 35, 40, 45, 50, 55, 60, 65, 70, 75, 80, 85, 90, 95, 100]","[12, 5, 10, 11, 8, 14, 9, 9, 9, 11, 11, 12, 9, 13, 11, 10, 696, 9, 10, 734]","[0.007439553626782393, 0.010539367637941723, 0.016738995660260384, 0.023558586484810913, 0.02851828890266584, 0.037197768133911964, 0.04277743335399876, 0.04835709857408556, 0.05393676379417235, 0.06075635461872288, 0.0675759454432734, 0.0750154990700558, 0.08059516429014259, 0.08865468071915684, 0.09547427154370738, 0.10167389956602604, 0.5331680099194048, 0.5387476751394916, 0.5449473031618103, 1.0]",4.0,2.0,2.0,2.0,2.0,3,32.80556,8.0,-12.0,hrl_dqn_apf,hierarchical,dqn,26.422,9.703,-2.549,0.00,0.00,0.00,22.935,10.220,1.842,0.00,0.00,0.00,23.578,6.145,5.548,0.00,0.00,0.00,3.000,3.000,3.000
2026-02-04 20:03:20,452.10,25,163,188,13.30%,141.74,3.72%,"[0, 5, 10, 15, 20, 25, 30, 35, 40, 45, 50, 55, 60, 65, 70, 75, 80, 85, 90, 95, 100]","[12, 5, 8, 12, 9, 14, 8, 10, 6, 14, 11, 12, 9, 13, 11, 10, 696, 8, 11, 734]","[0.007439553626782393, 0.010539367637941723, 0.015499070055796652, 0.022938623682579044, 0.02851828890266584, 0.037197768133911964, 0.04215747055176689, 0.04835709857408556, 0.052076875387476754, 0.06075635461872288, 0.0675759454432734, 0.0750154990700558, 0.08059516429014259, 0.08865468071915684, 0.09547427154370738, 0.10167389956602604, 0.5331680099194048, 0.5381277123372598, 0.5449473031618103, 1.0]",4.0,2.0,2.0,2.0,2.0,20,14.96574,8.0,12.0,hrl_dqn_apf,hierarchical,dqn,25.650,9.700,-2.550,0.00,0.00,0.00,22.912,9.791,1.733,0.00,0.00,0.00,23.607,6.577,5.650,0.00,0.00,0.00,3.000,3.000,3.000
2026-02-04 20:03:21,453.10,22,164,186,11.83%,141.72,3.60%,"[0, 5, 10, 15, 20, 25, 30, 35, 40, 45, 50, 55, 60, 65, 70, 75, 80, 85, 90, 95, 100]","[12, 5, 7, 13, 8, 13, 9, 11, 6, 13, 12, 11, 10, 13, 11, 9, 697, 8, 11, 734]","[0.007439553626782393, 0.010539367637941723, 0.014879107253564786, 0.022938623682579044, 0.027898326100433975, 0.03595784252944823, 0.041537507749535026, 0.04835709857408556, 0.052076875387476754, 0.06013639181649101, 0.0675759454432734, 0.07439553626782393, 0.08059516429014259, 0.08865468071915684, 0.09547427154370738, 0.10105393676379418, 0.5331680099194048, 0.5381277123372598, 0.5449473031618103, 1.0]",4.0,2.0,2.0,2.0,2.0,2,27.12624,8.0,-12.0,hrl_dqn_apf,hierarchical,dqn,25.059,9.767,-2.722,0.00,0.00,0.00,22.905,9.773,1.502,0.00,0.00,0.00,23.455,6.682,5.682,0.00,0.00,0.00,3.000,3.000,3.000
2026-02-04 20:03:22,454.11,21,165,186,11.29%,141.70,3.53%,"[0, 5, 10, 15, 20, 25, 30, 35, 40, 45, 50, 55, 60, 65, 70, 75, 80, 85, 90, 95, 100]","[12, 5, 6, 12, 10, 12, 9, 12, 4, 15, 12, 11, 10, 12, 11, 10, 696, 9, 12, 733]","[0.007439553626782393, 0.010539367637941723, 0.01425914445133292, 0.02169869807811531, 0.027898326100433975, 0.035337879727216366, 0.04091754494730316, 0.04835709857408556, 0.05083694978301302, 0.06013639181649101, 0.0675759454432734, 0.07439553626782393, 0.08059516429014259, 0.08803471791692498, 0.09485430874147552, 0.10105393676379418, 0.532548047117173, 0.5381277123372598, 0.5455672659640421, 1.0]",4.0,2.0,2.0,2.0,2.0,2,27.12624,8.0,-12.0,hrl_dqn_apf,hierarchical,dqn,24.884,9.799,-3.259,0.00,0.00,0.00,22.860,9.854,1.107,0.00,0.00,0.00,22.919,6.687,5.692,0.00,0.00,0.00,3.000,3.000,3.000
2026-02-04 20:03:23,455.11,19,166,185,10.27%,141.63,3.41%,"[0, 5, 10, 15, 20, 25, 30, 35, 40, 45, 50, 55, 60, 65, 70, 75, 80, 85, 90, 95, 100]","[12, 5, 4, 13, 9, 12, 11, 11, 5, 14, 13, 11, 10, 11, 13, 10, 696, 8, 12, 733]","[0.007439553626782393, 0.010539367637941723, 0.013019218846869188, 0.021078735275883446, 0.026658400495970243, 0.034097954122752634, 0.04091754494730316, 0.04773713577185369, 0.05083694978301302, 0.059516429014259145, 0.0675759454432734, 0.07439553626782393, 0.08059516429014259, 0.08741475511469311, 0.09547427154370738, 0.10167389956602604, 0.5331680099194048, 0.5381277123372598, 0.5455672659640421, 1.0]",4.0,2.0,2.0,2.0,2.0,19,39.28622,8.0,6.0,hrl_dqn_apf,hierarchical,dqn,25.146,9.806,-4.643,0.00,0.00,0.00,22.965,9.985,1.499,0.00,0.00,0.00,21.459,6.681,5.691,0.00,0.00,0.00,3.000,3.000,3.000
2026-02-04 20:03:24,456.12,19,166,185,10.27%,141.60,3.41%,"[0, 5, 10, 15, 20, 25, 30, 35, 40, 45, 50, 55, 60, 65, 70, 75, 80, 85, 90, 95, 100]","[11, 6, 4, 13, 8, 13, 11, 10, 6, 13, 13, 12, 9, 11, 14, 10, 697, 8, 11, 733]","[0.006819590824550527, 0.010539367637941723, 0.013019218846869188, 0.021078735275883446, 0.026038437693738377, 0.034097954122752634, 0.04091754494730316, 0.047117172969621826, 0.05083694978301302, 0.05889646621202728, 0.06695598264104154, 0.07439553626782393, 0.07997520148791072, 0.08679479231246125, 0.09547427154370738, 0.10167389956602604, 0.5337879727216367, 0.5387476751394916, 0.5455672659640421, 1.0]",4.0,2.0,2.0,2.0,2.0,1,21.3648,8.0,-12.0,hrl_dqn_apf,hierarchical,dqn,25.184,9.803,-5.390,0.00,0.00,0.00,23.587,9.990,1.560,0.00,0.00,0.00,20.982,6.755,5.405,0.00,0.00,0.00,3.000,3.000,3.000
2026-02-04 20:03:25,457.12,20,165,185,10.81%,141.52,3.47%,"[0, 5, 10, 15, 20, 25, 30, 35, 40, 45, 50, 55, 60, 65, 70, 75, 80, 85, 90, 95, 100]","[11, 7, 3, 13, 10, 12, 12, 9, 7, 10, 16, 12, 8, 12, 14, 11, 696, 8, 10, 732]","[0.006819590824550527, 0.011159330440173589, 0.013019218846869188, 0.021078735275883446, 0.02727836329820211, 0.0347179169249845, 0.04215747055176689, 0.04773713577185369, 0.052076875387476754, 0.05827650340979541, 0.06819590824550527, 0.07563546187228766, 0.08059516429014259, 0.08803471791692498, 0.09671419714817112, 0.10353378797272164, 0.5350278983261004, 0.5399876007439554, 0.546187228766274, 1.0]",4.0,2.0,2.0,2.0,2.0,1,21.3648,8.0,-12.0,hrl_dqn_apf,hierarchical,dqn,25.014,9.872,-5.986,0.00,0.00,0.00,24.325,9.987,1.579,0.00,0.00,0.00,20.822,6.765,4.777,0.00,0.00,0.00,3.000,3.000,3.000
2026-02-04 20:03:26,458.13,18,161,179,10.06%,141.52,3.41%,"[0, 5, 10, 15, 20, 25, 30, 35, 40, 45, 50, 55, 60, 65, 70, 75, 80, 85, 90, 95, 100]","[12, 7, 3, 11, 10, 12, 11, 10, 8, 10, 15, 13, 7, 13, 14, 10, 696, 9, 9, 733]","[0.007439553626782393, 0.011779293242405457, 0.013639181649101054, 0.02045877247365158, 0.026658400495970243, 0.034097954122752634, 0.04091754494730316, 0.047117172969621826, 0.052076875387476754, 0.05827650340979541, 0.0675759454432734, 0.07563546187228766, 0.07997520148791072, 0.08803471791692498, 0.09671419714817112, 0.10291382517048978, 0.5344079355238686, 0.5399876007439554, 0.5455672659640421, 1.0]",4.0,2.0,2.0,2.0,2.0,0,15.52824,8.0,-12.0,hrl_dqn_apf,hierarchical,dqn,24.462,9.892,-6.189,0.00,0.00,0.00,25.064,9.984,1.585,0.00,0.00,0.00,20.776,6.763,4.067,0.00,0.00,0.00,3.000,3.000,3.000
2026-02-04 20:03:27,459.14,18,161,179,10.06%,141.37,3.41%,"[0, 5, 10, 15, 20, 25, 30, 35, 40, 45, 50, 55, 60, 65, 70, 75, 80, 85, 90, 95, 100]","[13, 7, 3, 9, 10, 13, 9, 12, 9, 8, 16, 14, 7, 14, 12, 11, 697, 8, 10, 731]","[0.008059516429014259, 0.012399256044637322, 0.01425914445133292, 0.019838809671419714, 0.026038437693738377, 0.034097954122752634, 0.03967761934283943, 0.047117172969621826, 0.05269683818970862, 0.05765654060756355, 0.0675759454432734, 0.07625542467451953, 0.08059516429014259, 0.08927464352138871, 0.09671419714817112, 0.10353378797272164, 0.5356478611283323, 0.5406075635461872, 0.5468071915685059, 1.0]",4.0,2.0,2.0,2.0,2.0,5,15.68824,8.0,-6.0,hrl_dqn_apf,hierarchical,dqn,23.014,9.888,-6.273,0.00,0.00,0.00,25.673,10.101,1.587,0.00,0.00,0.00,20.760,6.763,2.565,0.00,0.00,0.00,3.000,3.000,3.000
2026-02-04 20:03:28,460.14,17,162,179,9.50%,141.36,3.35%,"[0, 5, 10, 15, 20, 25, 30, 35, 40, 45, 50, 55, 60, 65, 70, 75, 80, 85, 90, 95, 100]","[13, 7, 3, 9, 9, 13, 10, 12, 8, 9, 16, 14, 7, 13, 12, 12, 697, 8, 10, 731]","[0.008059516429014259, 0.012399256044637322, 0.01425914445133292, 0.019838809671419714, 0.02541847489150651, 0.03347799132052077, 0.03967761934283943, 0.047117172969621826, 0.052076875387476754, 0.05765654060756355, 0.0675759454432734, 0.07625542467451953, 0.08059516429014259, 0.08865468071915684, 0.09609423434593925, 0.10353378797272164, 0.5356478611283323, 0.5406075635461872, 0.5468071915685059, 1.0]",4.0,2.0,2.0,2.0,2.0,5,15.68824,8.0,-6.0,hrl_dqn_apf,hierarchical,dqn,22.264,9.885,-6.279,0.00,0.00,0.00,25.433,9.688,1.588,0.00,0.00,0.00,20.760,6.915,2.388,0.00,0.00,0.00,3.000,3.000,3.000
2026-02-04 20:03:29,461.14,18,167,185,9.73%,141.35,3.35%,"[0, 5, 10, 15, 20, 25, 30, 35, 40, 45, 50, 55, 60, 65, 70, 75, 80, 85, 90, 95, 100]","[14, 7, 3, 8, 10, 12, 11, 12, 8, 9, 15, 14, 8, 13, 10, 14, 697, 8, 10, 730]","[0.008679479231246125, 0.013019218846869188, 0.014879107253564786, 0.019838809671419714, 0.026038437693738377, 0.03347799132052077, 0.040297582145071294, 0.04773713577185369, 0.05269683818970862, 0.05827650340979541, 0.0675759454432734, 0.07625542467451953, 0.08121512709237445, 0.08927464352138871, 0.09547427154370738, 0.10415375077495351, 0.5362678239305642, 0.5412275263484191, 0.5474271543707377, 1.0]",4.0,2.0,2.0,2.0,2.0,20,15.84843,8.0,12.0,hrl_dqn_apf,hierarchical,dqn,21.505,9.882,-6.280,0.00,0.00,0.00,25.347,9.278,1.588,0.00,0.00,0.00,20.761,6.939,2.849,0.00,0.00,0.00,3.000,3.000,3.000
2026-02-04 20:03:30,462.14,18,167,185,9.73%,141.36,3.35%,"[0, 5, 10, 15, 20, 25, 30, 35, 40, 45, 50, 55, 60, 65, 70, 75, 80, 85, 90, 95, 100]","[13, 6, 5, 7, 10, 13, 11, 13, 6, 11, 14, 14, 10, 11, 11, 13, 697, 8, 10, 730]","[0.008059516429014259, 0.011779293242405457, 0.014879107253564786, 0.019218846869187848, 0.02541847489150651, 0.03347799132052077, 0.040297582145071294, 0.04835709857408556, 0.052076875387476754, 0.05889646621202728, 0.0675759454432734, 0.07625542467451953, 0.08245505269683819, 0.08927464352138871, 0.09609423434593925, 0.10415375077495351, 0.5362678239305642, 0.5412275263484191, 0.5474271543707377, 1.0]",4.0,2.0,2.0,2.0,2.0,5,15.79155,8.0,-6.0,hrl_dqn_apf,hierarchical,dqn,20.756,9.879,-6.280,0.00,0.00,0.00,25.223,9.153,1.588,0.00,0.00,0.00,20.760,6.938,3.514,0.00,0.00,0.00,3.000,3.000,3.000
2026-02-04 20:03:31,463.15,18,167,185,9.73%,141.42,3.35%,"[0, 5, 10, 15, 20, 25, 30, 35, 40, 45, 50, 55, 60, 65, 70, 75, 80, 85, 90, 95, 100]","[14, 6, 5, 7, 9, 13, 11, 12, 6, 14, 10, 17, 10, 10, 11, 12, 696, 9, 11, 730]","[0.008679479231246125, 0.012399256044637322, 0.015499070055796652, 0.019838809671419714, 0.02541847489150651, 0.03347799132052077, 0.040297582145071294, 0.04773713577185369, 0.05145691258524489, 0.06013639181649101, 0.06633601983880967, 0.07687538747675139, 0.08307501549907005, 0.08927464352138871, 0.09609423434593925, 0.10353378797272164, 0.5350278983261004, 0.5406075635461872, 0.5474271543707377, 1.0]",4.0,2.0,2.0,2.0,2.0,5,15.79155,8.0,-6.0,hrl_dqn_apf,hierarchical,dqn,19.235,9.873,-6.278,0.00,0.00,0.00,24.025,9.188,1.584,0.00,0.00,0.00,20.756,6.932,5.005,0.00,0.00,0.00,3.000,3.000,3.000
2026-02-04 20:03:32,464.15,17,169,186,9.14%,141.46,3.29%,"[0, 5, 10, 15, 20, 25, 30, 35, 40, 45, 50, 55, 60, 65, 70, 75, 80, 85, 90, 95, 100]","[16, 5, 5, 7, 7, 13, 13, 10, 8, 12, 11, 17, 10, 9, 12, 11, 697, 9, 10, 731]","[0.009919404835709857, 0.013019218846869188, 0.016119032858028518, 0.02045877247365158, 0.024798512089274645, 0.0328580285182889, 0.04091754494730316, 0.047117172969621826, 0.052076875387476754, 0.059516429014259145, 0.06633601983880967, 0.07687538747675139, 0.08307501549907005, 0.08865468071915684, 0.09609423434593925, 0.10291382517048978, 0.5350278983261004, 0.5406075635461872, 0.5468071915685059, 1.0]",4.0,2.0,2.0,2.0,2.0,0,15.631689999999999,8.0,-12.0,hrl_dqn_apf,hierarchical,dqn,18.474,9.870,-6.277,0.00,0.00,0.00,23.585,9.260,1.277,0.00,0.00,0.00,20.753,6.929,5.764,0.00,0.00,0.00,3.000,3.000,3.000
2026-02-04 20:03:33,465.16,16,170,186,8.60%,141.43,3.22%,"[0, 5, 10, 15, 20, 25, 30, 35, 40, 45, 50, 55, 60, 65, 70, 75, 80, 85, 90, 95, 100]","[16, 5, 5, 7, 7, 12, 13, 11, 9, 11, 12, 16, 10, 10, 12, 11, 698, 9, 10, 729]","[0.009919404835709857, 0.013019218846869188, 0.016119032858028518, 0.02045877247365158, 0.024798512089274645, 0.032238065716057036, 0.040297582145071294, 0.047117172969621826, 0.05269683818970862, 0.059516429014259145, 0.06695598264104154, 0.07687538747675139, 0.08307501549907005, 0.08927464352138871, 0.09671419714817112, 0.10353378797272164, 0.5362678239305642, 0.541847489150651, 0.5480471171729696, 1.0]",4.0,2.0,2.0,2.0,2.0,9,39.47134,8.0,-6.0,hrl_dqn_apf,hierarchical,dqn,17.714,9.866,-6.276,0.00,0.00,0.00,23.440,9.270,0.655,0.00,0.00,0.00,20.925,6.996,6.353,0.00,0.00,0.00,3.000,3.000,3.000
2026-02-04 20:03:34,466.16,19,169,188,10.11%,141.40,3.35%,"[0, 5, 10, 15, 20, 25, 30, 35, 40, 45, 50, 55, 60, 65, 70, 75, 80, 85, 90, 95, 100]","[18, 5, 5, 7, 5, 14, 11, 12, 9, 11, 12, 16, 10, 10, 12, 9, 699, 9, 10, 729]","[0.011159330440173589, 0.01425914445133292, 0.01735895846249225, 0.02169869807811531, 0.024798512089274645, 0.03347799132052077, 0.040297582145071294, 0.04773713577185369, 0.053316800991940486, 0.06013639181649101, 0.0675759454432734, 0.07749535027898326, 0.08369497830130192, 0.08989460632362058, 0.09733415995040298, 0.10291382517048978, 0.5362678239305642, 0.541847489150651, 0.5480471171729696, 1.0]",4.0,2.0,2.0,2.0,2.0,9,39.47134,8.0,-6.0,hrl_dqn_apf,hierarchical,dqn,16.951,9.863,-6.275,0.00,0.00,0.00,23.395,9.268,-0.070,0.00,0.00,0.00,21.487,7.016,6.564,0.00,0.00,0.00,3.000,3.000,3.000
2026-02-04 20:03:35,467.16,21,169,190,11.05%,141.30,3.47%,"[0, 5, 10, 15, 20, 25, 30, 35, 40, 45, 50, 55, 60, 65, 70, 75, 80, 85, 90, 95, 100]","[17, 8, 4, 9, 4, 14, 10, 12, 11, 9, 14, 12, 12, 11, 11, 10, 699, 7, 11, 728]","[0.010539367637941723, 0.015499070055796652, 0.017978921264724116, 0.023558586484810913, 0.026038437693738377, 0.0347179169249845, 0.04091754494730316, 0.04835709857408556, 0.05517668939863608, 0.06075635461872288, 0.069435833849969, 0.07687538747675139, 0.08431494110353378, 0.09113453192808431, 0.09795412275263485, 0.10415375077495351, 0.5375077495350279, 0.541847489150651, 0.5486670799752015, 1.0]",4.0,2.0,2.0,2.0,2.0,7,27.31091,8.0,-6.0,hrl_dqn_apf,hierarchical,dqn,16.280,10.032,-6.274,0.00,0.00,0.00,23.373,9.267,-1.574,0.00,0.00,0.00,22.937,7.012,6.652,0.00,0.00,0.00,3.000,3.000,3.000
2026-02-04 20:03:36,468.16,20,174,194,10.31%,141.29,3.41%,"[0, 5, 10, 15, 20, 25, 30, 35, 40, 45, 50, 55, 60, 65, 70, 75, 80, 85, 90, 95, 100]","[19, 7, 3, 8, 5, 13, 11, 12, 9, 9, 16, 11, 12, 12, 11, 10, 698, 8, 10, 729]","[0.011779293242405457, 0.016119032858028518, 0.017978921264724116, 0.022938623682579044, 0.026038437693738377, 0.034097954122752634, 0.04091754494730316, 0.04835709857408556, 0.05393676379417235, 0.059516429014259145, 0.069435833849969, 0.07625542467451953, 0.08369497830130192, 0.09113453192808431, 0.09795412275263485, 0.10415375077495351, 0.536887786732796, 0.541847489150651, 0.5480471171729696, 1.0]",4.0,2.0,2.0,2.0,2.0,7,27.31091,8.0,-6.0,hrl_dqn_apf,hierarchical,dqn,16.822,10.044,-6.274,0.00,0.00,0.00,23.065,9.341,-2.033,0.00,0.00,0.00,23.693,7.009,6.660,0.00,0.00,0.00,3.000,3.000,3.000
2026-02-04 20:03:37,469.17,20,176,196,10.20%,141.26,3.41%,"[0, 5, 10, 15, 20, 25, 30, 35, 40, 45, 50, 55, 60, 65, 70, 75, 80, 85, 90, 95, 100]","[19, 8, 3, 8, 5, 12, 9, 14, 8, 10, 17, 10, 13, 12, 11, 10, 698, 8, 10, 728]","[0.011779293242405457, 0.016738995660260384, 0.018598884066955982, 0.023558586484810913, 0.026658400495970243, 0.034097954122752634, 0.03967761934283943, 0.04835709857408556, 0.053316800991940486, 0.059516429014259145, 0.07005579665220087, 0.07625542467451953, 0.08431494110353378, 0.09175449473031617, 0.09857408555486671, 0.10477371357718537, 0.5375077495350279, 0.5424674519528828, 0.5486670799752015, 1.0]",4.0,2.0,2.0,2.0,2.0,10,15.1509,8.0,0.0,hrl_dqn_apf,hierarchical,dqn,17.357,9.723,-6.274,0.00,0.00,0.00,22.444,9.350,-2.183,0.00,0.00,0.00,24.453,7.006,6.664,0.00,0.00,0.00,3.000,3.000,3.000
2026-02-04 20:03:38,470.17,20,178,198,10.10%,141.30,3.41%,"[0, 5, 10, 15, 20, 25, 30, 35, 40, 45, 50, 55, 60, 65, 70, 75, 80, 85, 90, 95, 100]","[16, 11, 3, 8, 5, 12, 9, 14, 7, 12, 14, 12, 12, 13, 10, 11, 697, 9, 10, 728]","[0.009919404835709857, 0.016738995660260384, 0.018598884066955982, 0.023558586484810913, 0.026658400495970243, 0.034097954122752634, 0.03967761934283943, 0.04835709857408556, 0.05269683818970862, 0.06013639181649101, 0.06881587104773713, 0.07625542467451953, 0.08369497830130192, 0.09175449473031617, 0.09795412275263485, 0.10477371357718537, 0.536887786732796, 0.5424674519528828, 0.5486670799752015, 1.0]",4.0,2.0,2.0,2.0,2.0,10,14.9905,8.0,0.0,hrl_dqn_apf,hierarchical,dqn,17.634,9.565,-6.275,0.00,0.00,0.00,21.722,9.348,-2.229,0.00,0.00,0.00,25.042,7.105,6.667,0.00,0.00,0.00,3.000,3.000,3.000
2026-02-04 20:03:39,471.17,19,185,204,9.31%,141.31,3.35%,"[0, 5, 10, 15, 20, 25, 30, 35, 40, 45, 50, 55, 60, 65, 70, 75, 80, 85, 90, 95, 100]","[17, 12, 3, 8, 6, 8, 12, 12, 8, 13, 13, 13, 11, 12, 12, 10, 696, 10, 10, 727]","[0.010539367637941723, 0.017978921264724116, 0.019838809671419714, 0.024798512089274645, 0.02851828890266584, 0.03347799132052077, 0.04091754494730316, 0.04835709857408556, 0.053316800991940486, 0.06137631742095474, 0.069435833849969, 0.07749535027898326, 0.08431494110353378, 0.09175449473031617, 0.09919404835709858, 0.10539367637941724, 0.536887786732796, 0.5430874147551147, 0.5492870427774333, 1.0]",4.0,2.0,2.0,2.0,2.0,10,14.9905,8.0,0.0,hrl_dqn_apf,hierarchical,dqn,18.470,9.653,-6.711,0.00,0.00,0.00,20.197,9.342,-2.248,0.00,0.00,0.00,24.217,7.187,6.668,0.00,0.00,0.00,3.000,3.000,3.000
2026-02-04 20:03:40,472.17,19,185,204,9.31%,141.26,3.35%,"[0, 5, 10, 15, 20, 25, 30, 35, 40, 45, 50, 55, 60, 65, 70, 75, 80, 85, 90, 95, 100]","[17, 11, 4, 7, 7, 8, 11, 11, 9, 14, 12, 15, 8, 15, 13, 10, 696, 10, 10, 725]","[0.010539367637941723, 0.01735895846249225, 0.019838809671419714, 0.02417854928704278, 0.02851828890266584, 0.03347799132052077, 0.040297582145071294, 0.047117172969621826, 0.05269683818970862, 0.06137631742095474, 0.06881587104773713, 0.07811531308121512, 0.08307501549907005, 0.09237445753254804, 0.10043397396156231, 0.10663360198388097, 0.5381277123372598, 0.5443273403595784, 0.5505269683818971, 1.0]",4.0,2.0,2.0,2.0,2.0,1,20.8302,8.0,-12.0,hrl_dqn_apf,hierarchical,dqn,18.566,9.657,-7.352,0.00,0.00,0.00,19.455,9.339,-2.250,0.00,0.00,0.00,23.516,7.185,6.666,0.00,0.00,0.00,3.000,3.000,3.000
2026-02-04 20:03:41,473.18,21,183,204,10.29%,141.23,3.47%,"[0, 5, 10, 15, 20, 25, 30, 35, 40, 45, 50, 55, 60, 65, 70, 75, 80, 85, 90, 95, 100]","[17, 11, 6, 7, 6, 9, 11, 11, 9, 12, 13, 15, 8, 14, 13, 10, 696, 10, 9, 726]","[0.010539367637941723, 0.01735895846249225, 0.021078735275883446, 0.02541847489150651, 0.029138251704897707, 0.0347179169249845, 0.041537507749535026, 0.04835709857408556, 0.05393676379417235, 0.06137631742095474, 0.069435833849969, 0.07873527588344699, 0.08369497830130192, 0.09237445753254804, 0.10043397396156231, 0.10663360198388097, 0.5381277123372598, 0.5443273403595784, 0.5499070055796652, 1.0]",4.0,2.0,2.0,2.0,2.0,24,38.67012,8.0,12.0,hrl_dqn_apf,hierarchical,dqn,18.597,9.655,-8.083,0.00,0.00,0.00,19.093,9.481,-2.250,0.00,0.00,0.00,22.768,7.181,6.664,0.00,0.00,0.00,3.000,3.000,3.000
2026-02-04 20:03:42,474.18,21,183,204,10.29%,141.23,3.47%,"[0, 5, 10, 15, 20, 25, 30, 35, 40, 45, 50, 55, 60, 65, 70, 75, 80, 85, 90, 95, 100]","[16, 11, 7, 7, 6, 9, 10, 10, 11, 11, 13, 16, 6, 16, 13, 10, 697, 10, 9, 725]","[0.009919404835709857, 0.016738995660260384, 0.021078735275883446, 0.02541847489150651, 0.029138251704897707, 0.0347179169249845, 0.04091754494730316, 0.047117172969621826, 0.05393676379417235, 0.06075635461872288, 0.06881587104773713, 0.07873527588344699, 0.08245505269683819, 0.09237445753254804, 0.10043397396156231, 0.10663360198388097, 0.5387476751394916, 0.5449473031618103, 0.5505269683818971, 1.0]",4.0,2.0,2.0,2.0,2.0,24,38.67012,8.0,12.0,hrl_dqn_apf,hierarchical,dqn,18.605,9.652,-8.835,0.00,0.00,0.00,19.472,9.519,-2.250,0.00,0.00,0.00,22.098,7.231,6.573,0.00,0.00,0.00,3.000,3.000,3.000
2026-02-04 20:03:43,475.19,21,189,210,10.00%,141.28,3.47%,"[0, 5, 10, 15, 20, 25, 30, 35, 40, 45, 50, 55, 60, 65, 70, 75, 80, 85, 90, 95, 100]","[16, 8, 9, 8, 6, 9, 7, 12, 10, 11, 14, 16, 8, 15, 14, 9, 697, 7, 11, 726]","[0.009919404835709857, 0.014879107253564786, 0.02045877247365158, 0.02541847489150651, 0.029138251704897707, 0.0347179169249845, 0.03905765654060756, 0.04649721016738995, 0.05269683818970862, 0.059516429014259145, 0.06819590824550527, 0.07811531308121512, 0.08307501549907005, 0.09237445753254804, 0.10105393676379418, 0.10663360198388097, 0.5387476751394916, 0.5430874147551147, 0.5499070055796652, 1.0]",4.0,2.0,2.0,2.0,2.0,5,14.50994,8.0,-6.0,hrl_dqn_apf,hierarchical,dqn,18.608,9.654,-10.342,0.00,0.00,0.00,20.849,9.517,-2.250,0.00,0.00,0.00,21.737,7.267,5.398,0.00,0.00,0.00,3.000,3.000,3.000
2026-02-04 20:03:44,476.19,21,189,210,10.00%,141.28,3.47%,"[0, 5, 10, 15, 20, 25, 30, 35, 40, 45, 50, 55, 60, 65, 70, 75, 80, 85, 90, 95, 100]","[16, 8, 9, 7, 6, 10, 8, 12, 9, 12, 14, 15, 9, 14, 13, 11, 696, 7, 12, 725]","[0.009919404835709857, 0.014879107253564786, 0.02045877247365158, 0.024798512089274645, 0.02851828890266584, 0.0347179169249845, 0.03967761934283943, 0.047117172969621826, 0.05269683818970862, 0.06013639181649101, 0.06881587104773713, 0.07811531308121512, 0.08369497830130192, 0.09237445753254804, 0.10043397396156231, 0.10725356478611284, 0.5387476751394916, 0.5430874147551147, 0.5505269683818971, 1.0]",4.0,2.0,2.0,2.0,2.0,16,20.34945,8.0,6.0,hrl_dqn_apf,hierarchical,dqn,18.607,9.806,-10.510,0.00,0.00,0.00,21.604,9.514,-2.250,0.00,0.00,0.00,21.712,7.264,4.656,0.00,0.00,0.00,3.000,3.000,3.000
2026-02-04 20:03:45,477.19,22,188,210,10.48%,141.27,3.53%,"[0, 5, 10, 15, 20, 25, 30, 35, 40, 45, 50, 55, 60, 65, 70, 75, 80, 85, 90, 95, 100]","[15, 10, 8, 8, 5, 11, 6, 12, 9, 12, 15, 14, 10, 11, 16, 11, 696, 7, 12, 725]","[0.009299442033477991, 0.015499070055796652, 0.02045877247365158, 0.02541847489150651, 0.02851828890266584, 0.035337879727216366, 0.03905765654060756, 0.04649721016738995, 0.052076875387476754, 0.059516429014259145, 0.06881587104773713, 0.07749535027898326, 0.08369497830130192, 0.09051456912585244, 0.10043397396156231, 0.10725356478611284, 0.5387476751394916, 0.5430874147551147, 0.5505269683818971, 1.0]",4.0,2.0,2.0,2.0,2.0,16,20.34945,8.0,6.0,hrl_dqn_apf,hierarchical,dqn,18.607,9.829,-10.044,0.00,0.00,0.00,22.167,9.583,-2.054,0.00,0.00,0.00,21.706,7.261,3.904,0.00,0.00,0.00,3.000,3.000,3.000
2026-02-04 20:03:46,478.19,22,189,211,10.43%,141.25,3.53%,"[0, 5, 10, 15, 20, 25, 30, 35, 40, 45, 50, 55, 60, 65, 70, 75, 80, 85, 90, 95, 100]","[16, 9, 7, 9, 6, 10, 7, 12, 8, 12, 14, 15, 11, 11, 15, 12, 696, 7, 13, 723]","[0.009919404835709857, 0.015499070055796652, 0.019838809671419714, 0.02541847489150651, 0.029138251704897707, 0.035337879727216366, 0.03967761934283943, 0.047117172969621826, 0.052076875387476754, 0.059516429014259145, 0.06819590824550527, 0.07749535027898326, 0.08431494110353378, 0.09113453192808431, 0.10043397396156231, 0.1078735275883447, 0.5393676379417235, 0.5437073775573465, 0.5517668939863608, 1.0]",4.0,2.0,2.0,2.0,2.0,16,20.26962,8.0,6.0,hrl_dqn_apf,hierarchical,dqn,18.608,9.828,-9.367,0.00,0.00,0.00,22.366,9.601,-1.481,0.00,0.00,0.00,21.705,7.258,3.145,0.00,0.00,0.00,3.000,3.000,3.000
2026-02-04 20:03:47,479.20,24,189,213,11.27%,141.22,3.66%,"[0, 5, 10, 15, 20, 25, 30, 35, 40, 45, 50, 55, 60, 65, 70, 75, 80, 85, 90, 95, 100]","[17, 10, 6, 11, 5, 10, 7, 9, 8, 13, 12, 16, 12, 10, 16, 14, 695, 8, 11, 723]","[0.010539367637941723, 0.016738995660260384, 0.02045877247365158, 0.02727836329820211, 0.03037817730936144, 0.0365778053316801, 0.04091754494730316, 0.04649721016738995, 0.05145691258524489, 0.059516429014259145, 0.06695598264104154, 0.07687538747675139, 0.08431494110353378, 0.09051456912585244, 0.10043397396156231, 0.10911345319280844, 0.5399876007439554, 0.5449473031618103, 0.5517668939863608, 1.0]",4.0,2.0,2.0,2.0,2.0,4,38.10919,8.0,-12.0,hrl_dqn_apf,hierarchical,dqn,18.611,9.825,-7.874,0.00,0.00,0.00,22.448,9.636,-0.034,0.00,0.00,0.00,22.136,7.320,2.045,0.00,0.00,0.00,3.000,3.000,3.000
2026-02-04 20:03:48,480.20,24,191,215,11.16%,141.23,3.66%,"[0, 5, 10, 15, 20, 25, 30, 35, 40, 45, 50, 55, 60, 65, 70, 75, 80, 85, 90, 95, 100]","[17, 10, 4, 13, 5, 10, 7, 9, 7, 13, 13, 15, 11, 12, 17, 14, 695, 8, 8, 725]","[0.010539367637941723, 0.016738995660260384, 0.019218846869187848, 0.02727836329820211, 0.03037817730936144, 0.0365778053316801, 0.04091754494730316, 0.04649721016738995, 0.05083694978301302, 0.05889646621202728, 0.06695598264104154, 0.07625542467451953, 0.08307501549907005, 0.09051456912585244, 0.10105393676379418, 0.1097334159950403, 0.5406075635461872, 0.5455672659640421, 0.5505269683818971, 1.0]",4.0,2.0,2.0,2.0,2.0,4,38.10919,8.0,-12.0,hrl_dqn_apf,hierarchical,dqn,18.904,9.899,-7.403,0.00,0.00,0.00,22.522,10.020,0.095,0.00,0.00,0.00,22.444,7.177,2.208,0.00,0.00,0.00,3.000,3.000,3.000
2026-02-04 20:03:49,481.20,25,190,215,11.63%,141.24,3.72%,"[0, 5, 10, 15, 20, 25, 30, 35, 40, 45, 50, 55, 60, 65, 70, 75, 80, 85, 90, 95, 100]","[17, 10, 5, 12, 5, 11, 7, 7, 9, 12, 14, 15, 11, 12, 15, 14, 696, 8, 7, 726]","[0.010539367637941723, 0.016738995660260384, 0.019838809671419714, 0.02727836329820211, 0.03037817730936144, 0.037197768133911964, 0.041537507749535026, 0.04587724736515809, 0.05145691258524489, 0.05889646621202728, 0.0675759454432734, 0.07687538747675139, 0.08369497830130192, 0.09113453192808431, 0.10043397396156231, 0.10911345319280844, 0.5406075635461872, 0.5455672659640421, 0.5499070055796652, 1.0]",4.0,2.0,2.0,2.0,2.0,9,37.9488,8.0,-6.0,hrl_dqn_apf,hierarchical,dqn,19.520,9.909,-7.248,0.00,0.00,0.00,22.647,10.335,-0.381,0.00,0.00,0.00,22.451,6.898,2.773,0.00,0.00,0.00,3.000,3.000,3.000
2026-02-04 20:03:50,482.20,23,192,215,10.70%,141.24,3.60%,"[0, 5, 10, 15, 20, 25, 30, 35, 40, 45, 50, 55, 60, 65, 70, 75, 80, 85, 90, 95, 100]","[15, 11, 6, 12, 5, 9, 9, 6, 9, 12, 14, 17, 9, 14, 14, 14, 697, 7, 8, 725]","[0.009299442033477991, 0.016119032858028518, 0.019838809671419714, 0.02727836329820211, 0.03037817730936144, 0.03595784252944823, 0.041537507749535026, 0.04525728456292622, 0.05083694978301302, 0.05827650340979541, 0.06695598264104154, 0.07749535027898326, 0.08307501549907005, 0.09175449473031617, 0.10043397396156231, 0.10911345319280844, 0.5412275263484191, 0.5455672659640421, 0.5505269683818971, 1.0]",4.0,2.0,2.0,2.0,2.0,21,19.78881,8.0,12.0,hrl_dqn_apf,hierarchical,dqn,20.240,9.907,-7.200,0.00,0.00,0.00,22.761,10.632,-1.057,0.00,0.00,0.00,22.376,6.598,3.473,0.00,0.00,0.00,3.000,3.000,3.000
2026-02-04 20:03:51,483.21,24,199,223,10.76%,141.27,3.66%,"[0, 5, 10, 15, 20, 25, 30, 35, 40, 45, 50, 55, 60, 65, 70, 75, 80, 85, 90, 95, 100]","[16, 9, 7, 10, 8, 9, 8, 7, 9, 11, 14, 15, 8, 17, 10, 16, 699, 7, 8, 725]","[0.009919404835709857, 0.015499070055796652, 0.019838809671419714, 0.026038437693738377, 0.030998140111593304, 0.0365778053316801, 0.041537507749535026, 0.04587724736515809, 0.05145691258524489, 0.05827650340979541, 0.06695598264104154, 0.07625542467451953, 0.08121512709237445, 0.09175449473031617, 0.09795412275263485, 0.1078735275883447, 0.5412275263484191, 0.5455672659640421, 0.5505269683818971, 1.0]",4.0,2.0,2.0,2.0,2.0,21,19.78881,8.0,12.0,hrl_dqn_apf,hierarchical,dqn,21.766,9.901,-7.182,0.00,0.00,0.00,22.871,10.282,-2.144,0.00,0.00,0.00,22.731,6.501,4.547,0.00,0.00,0.00,3.000,3.000,3.000
2026-02-04 20:03:52,484.21,25,198,223,11.21%,141.26,3.72%,"[0, 5, 10, 15, 20, 25, 30, 35, 40, 45, 50, 55, 60, 65, 70, 75, 80, 85, 90, 95, 100]","[17, 9, 7, 9, 9, 9, 7, 7, 7, 11, 16, 13, 11, 16, 11, 16, 699, 6, 9, 724]","[0.010539367637941723, 0.016119032858028518, 0.02045877247365158, 0.026038437693738377, 0.03161810291382517, 0.037197768133911964, 0.041537507749535026, 0.04587724736515809, 0.050216986980781156, 0.05703657780533168, 0.06695598264104154, 0.0750154990700558, 0.08183508989460632, 0.09175449473031617, 0.09857408555486671, 0.10849349039057657, 0.541847489150651, 0.5455672659640421, 0.5511469311841289, 1.0]",4.0,2.0,2.0,2.0,2.0,20,13.628609999999998,8.0,12.0,hrl_dqn_apf,hierarchical,dqn,22.523,9.898,-7.181,0.00,0.00,0.00,22.882,9.868,-2.257,0.00,0.00,0.00,22.781,6.619,4.653,0.00,0.00,0.00,3.000,3.000,3.000
2026-02-04 20:03:53,485.21,26,201,227,11.45%,141.25,3.78%,"[0, 5, 10, 15, 20, 25, 30, 35, 40, 45, 50, 55, 60, 65, 70, 75, 80, 85, 90, 95, 100]","[17, 9, 8, 7, 11, 9, 7, 7, 7, 10, 15, 14, 11, 14, 13, 15, 700, 6, 10, 723]","[0.010539367637941723, 0.016119032858028518, 0.021078735275883446, 0.02541847489150651, 0.032238065716057036, 0.03781773093614383, 0.04215747055176689, 0.04649721016738995, 0.05083694978301302, 0.05703657780533168, 0.06633601983880967, 0.0750154990700558, 0.08183508989460632, 0.09051456912585244, 0.09857408555486671, 0.1078735275883447, 0.541847489150651, 0.5455672659640421, 0.5517668939863608, 1.0]",4.0,2.0,2.0,2.0,2.0,5,13.467479999999998,8.0,-6.0,hrl_dqn_apf,hierarchical,dqn,22.914,10.037,-7.181,0.00,0.00,0.00,22.885,9.458,-2.293,0.00,0.00,0.00,22.275,6.638,4.686,0.00,0.00,0.00,3.000,3.000,3.000
2026-02-04 20:03:54,486.21,26,203,229,11.35%,141.29,3.78%,"[0, 5, 10, 15, 20, 25, 30, 35, 40, 45, 50, 55, 60, 65, 70, 75, 80, 85, 90, 95, 100]","[17, 8, 9, 8, 10, 9, 8, 7, 5, 12, 14, 15, 10, 15, 13, 15, 699, 7, 9, 723]","[0.010539367637941723, 0.015499070055796652, 0.021078735275883446, 0.026038437693738377, 0.032238065716057036, 0.03781773093614383, 0.04277743335399876, 0.047117172969621826, 0.050216986980781156, 0.05765654060756355, 0.06633601983880967, 0.07563546187228766, 0.08183508989460632, 0.09113453192808431, 0.09919404835709858, 0.10849349039057657, 0.541847489150651, 0.546187228766274, 0.5517668939863608, 1.0]",4.0,2.0,2.0,2.0,2.0,5,13.467479999999998,8.0,-6.0,hrl_dqn_apf,hierarchical,dqn,22.645,9.820,-7.181,0.00,0.00,0.00,22.886,9.342,-2.197,0.00,0.00,0.00,21.586,6.637,4.695,0.00,0.00,0.00,3.000,3.000,3.000
2026-02-04 20:03:55,487.22,26,203,229,11.35%,141.48,3.78%,"[0, 5, 10, 15, 20, 25, 30, 35, 40, 45, 50, 55, 60, 65, 70, 75, 80, 85, 90, 95, 100]","[17, 9, 7, 10, 7, 11, 7, 8, 4, 12, 13, 15, 12, 13, 15, 10, 703, 8, 8, 724]","[0.010539367637941723, 0.016119032858028518, 0.02045877247365158, 0.026658400495970243, 0.030998140111593304, 0.03781773093614383, 0.04215747055176689, 0.047117172969621826, 0.04959702417854929, 0.05703657780533168, 0.06509609423434594, 0.07439553626782393, 0.08183508989460632, 0.08989460632362058, 0.09919404835709858, 0.10539367637941724, 0.5412275263484191, 0.546187228766274, 0.5511469311841289, 1.0]",4.0,2.0,2.0,2.0,2.0,13,31.30758,8.0,0.0,hrl_dqn_apf,hierarchical,dqn,22.006,9.585,-7.181,0.00,0.00,0.00,23.340,9.435,-1.441,0.00,0.00,0.00,20.090,6.636,4.692,0.00,0.00,0.00,3.000,3.000,3.000
2026-02-04 20:03:56,488.23,26,203,229,11.35%,141.49,3.78%,"[0, 5, 10, 15, 20, 25, 30, 35, 40, 45, 50, 55, 60, 65, 70, 75, 80, 85, 90, 95, 100]","[16, 9, 8, 9, 8, 11, 7, 7, 5, 12, 13, 15, 10, 13, 18, 10, 702, 10, 8, 722]","[0.009919404835709857, 0.015499070055796652, 0.02045877247365158, 0.026038437693738377, 0.030998140111593304, 0.03781773093614383, 0.04215747055176689, 0.04649721016738995, 0.04959702417854929, 0.05703657780533168, 0.06509609423434594, 0.07439553626782393, 0.08059516429014259, 0.08865468071915684, 0.09981401115933045, 0.1060136391816491, 0.5412275263484191, 0.5474271543707377, 0.5523868567885927, 1.0]",4.0,2.0,2.0,2.0,2.0,12,25.14749,8.0,0.0,hrl_dqn_apf,hierarchical,dqn,21.349,9.589,-7.181,0.00,0.00,0.00,23.987,9.440,-1.353,0.00,0.00,0.00,19.627,6.709,4.403,0.00,0.00,0.00,3.000,3.000,3.000
2026-02-04 20:03:57,489.23,28,207,235,11.91%,141.44,3.91%,"[0, 5, 10, 15, 20, 25, 30, 35, 40, 45, 50, 55, 60, 65, 70, 75, 80, 85, 90, 95, 100]","[17, 9, 8, 10, 7, 12, 7, 8, 5, 10, 13, 17, 9, 13, 17, 9, 703, 10, 9, 720]","[0.010539367637941723, 0.016119032858028518, 0.021078735275883446, 0.02727836329820211, 0.03161810291382517, 0.03905765654060756, 0.04339739615623062, 0.04835709857408556, 0.05145691258524489, 0.05765654060756355, 0.0657160570365778, 0.07625542467451953, 0.08183508989460632, 0.08989460632362058, 0.10043397396156231, 0.1060136391816491, 0.541847489150651, 0.5480471171729696, 0.5536267823930564, 1.0]",4.0,2.0,2.0,2.0,2.0,12,25.14749,8.0,0.0,hrl_dqn_apf,hierarchical,dqn,20.613,9.588,-7.180,0.00,0.00,0.00,24.719,9.438,-1.324,0.00,0.00,0.00,19.653,6.792,3.965,0.00,0.00,0.00,3.000,3.000,3.000
2026-02-04 20:03:58,490.24,31,204,235,13.19%,141.42,4.09%,"[0, 5, 10, 15, 20, 25, 30, 35, 40, 45, 50, 55, 60, 65, 70, 75, 80, 85, 90, 95, 100]","[17, 10, 8, 12, 6, 13, 6, 8, 5, 10, 12, 17, 8, 15, 14, 11, 702, 11, 7, 721]","[0.010539367637941723, 0.016738995660260384, 0.02169869807811531, 0.029138251704897707, 0.0328580285182889, 0.04091754494730316, 0.044637321760694355, 0.04959702417854929, 0.05269683818970862, 0.05889646621202728, 0.06633601983880967, 0.07687538747675139, 0.08183508989460632, 0.09113453192808431, 0.09981401115933045, 0.10663360198388097, 0.541847489150651, 0.5486670799752015, 0.5530068195908245, 1.0]",4.0,2.0,2.0,2.0,2.0,5,12.98714,8.0,-6.0,hrl_dqn_apf,hierarchical,dqn,19.860,9.585,-7.179,0.00,0.00,0.00,25.472,9.435,-1.315,0.00,0.00,0.00,20.172,6.813,3.800,0.00,0.00,0.00,3.000,3.000,3.000
2026-02-04 20:03:59,491.25,32,204,236,13.56%,141.54,4.09%,"[0, 5, 10, 15, 20, 25, 30, 35, 40, 45, 50, 55, 60, 65, 70, 75, 80, 85, 90, 95, 100]","[18, 11, 5, 13, 6, 13, 6, 8, 6, 7, 14, 16, 9, 15, 13, 13, 701, 10, 9, 720]","[0.011159330440173589, 0.017978921264724116, 0.021078735275883446, 0.029138251704897707, 0.0328580285182889, 0.04091754494730316, 0.044637321760694355, 0.04959702417854929, 0.053316800991940486, 0.05765654060756355, 0.06633601983880967, 0.07625542467451953, 0.08183508989460632, 0.09113453192808431, 0.09919404835709858, 0.10725356478611284, 0.541847489150651, 0.5480471171729696, 0.5536267823930564, 1.0]",4.0,2.0,2.0,2.0,2.0,5,12.98714,8.0,-6.0,hrl_dqn_apf,hierarchical,dqn,18.344,9.580,-7.178,0.00,0.00,0.00,26.098,9.605,-1.311,0.00,0.00,0.00,21.603,6.809,3.735,0.00,0.00,0.00,3.000,3.000,3.000
2026-02-04 20:04:00,492.25,32,204,236,13.56%,141.60,4.09%,"[0, 5, 10, 15, 20, 25, 30, 35, 40, 45, 50, 55, 60, 65, 70, 75, 80, 85, 90, 95, 100]","[19, 9, 6, 11, 8, 13, 7, 8, 6, 7, 14, 14, 10, 16, 13, 13, 698, 13, 9, 719]","[0.011779293242405457, 0.01735895846249225, 0.021078735275883446, 0.027898326100433975, 0.0328580285182889, 0.04091754494730316, 0.04525728456292622, 0.050216986980781156, 0.05393676379417235, 0.05827650340979541, 0.06695598264104154, 0.07563546187228766, 0.08183508989460632, 0.09175449473031617, 0.09981401115933045, 0.1078735275883447, 0.5406075635461872, 0.5486670799752015, 0.5542467451952883, 1.0]",4.0,2.0,2.0,2.0,2.0,11,18.82723,8.0,0.0,hrl_dqn_apf,hierarchical,dqn,17.584,9.577,-7.177,0.00,0.00,0.00,25.547,9.615,-1.311,0.00,0.00,0.00,22.358,6.806,3.732,0.00,0.00,0.00,3.000,3.000,3.000
2026-02-04 20:04:01,493.25,31,205,236,13.14%,141.66,4.03%,"[0, 5, 10, 15, 20, 25, 30, 35, 40, 45, 50, 55, 60, 65, 70, 75, 80, 85, 90, 95, 100]","[18, 11, 6, 11, 6, 13, 8, 8, 5, 8, 14, 14, 10, 14, 14, 14, 697, 12, 11, 719]","[0.011159330440173589, 0.017978921264724116, 0.02169869807811531, 0.02851828890266584, 0.032238065716057036, 0.040297582145071294, 0.04525728456292622, 0.050216986980781156, 0.053316800991940486, 0.05827650340979541, 0.06695598264104154, 0.07563546187228766, 0.08183508989460632, 0.09051456912585244, 0.09919404835709858, 0.1078735275883447, 0.5399876007439554, 0.5474271543707377, 0.5542467451952883, 1.0]",4.0,2.0,2.0,2.0,2.0,14,36.667100000000005,8.0,0.0,hrl_dqn_apf,hierarchical,dqn,16.846,9.574,-7.176,0.00,0.00,0.00,24.867,9.613,-1.311,0.00,0.00,0.00,23.094,6.803,3.733,0.00,0.00,0.00,3.000,3.000,3.000
2026-02-04 20:04:02,494.25,30,210,240,12.50%,141.70,3.97%,"[0, 5, 10, 15, 20, 25, 30, 35, 40, 45, 50, 55, 60, 65, 70, 75, 80, 85, 90, 95, 100]","[17, 12, 6, 10, 7, 12, 9, 8, 5, 8, 13, 13, 12, 13, 13, 16, 695, 14, 11, 719]","[0.010539367637941723, 0.017978921264724116, 0.02169869807811531, 0.027898326100433975, 0.032238065716057036, 0.03967761934283943, 0.04525728456292622, 0.050216986980781156, 0.053316800991940486, 0.05827650340979541, 0.06633601983880967, 0.07439553626782393, 0.08183508989460632, 0.08989460632362058, 0.09795412275263485, 0.1078735275883447, 0.5387476751394916, 0.5474271543707377, 0.5542467451952883, 1.0]",4.0,2.0,2.0,2.0,2.0,14,36.667100000000005,8.0,0.0,hrl_dqn_apf,hierarchical,dqn,16.168,9.622,-7.092,0.00,0.00,0.00,24.123,9.610,-1.311,0.00,0.00,0.00,23.855,6.800,3.734,0.00,0.00,0.00,3.000,3.000,3.000
2026-02-04 20:04:03,495.26,28,212,240,11.67%,141.77,3.84%,"[0, 5, 10, 15, 20, 25, 30, 35, 40, 45, 50, 55, 60, 65, 70, 75, 80, 85, 90, 95, 100]","[18, 11, 6, 10, 8, 9, 10, 8, 7, 8, 10, 15, 11, 13, 14, 14, 698, 13, 12, 718]","[0.011159330440173589, 0.017978921264724116, 0.02169869807811531, 0.027898326100433975, 0.0328580285182889, 0.038437693738375696, 0.044637321760694355, 0.04959702417854929, 0.05393676379417235, 0.05889646621202728, 0.06509609423434594, 0.07439553626782393, 0.08121512709237445, 0.08927464352138871, 0.09795412275263485, 0.10663360198388097, 0.5393676379417235, 0.5474271543707377, 0.5548667079975201, 1.0]",4.0,2.0,2.0,2.0,2.0,20,12.506730000000001,8.0,12.0,hrl_dqn_apf,hierarchical,dqn,15.798,9.660,-5.922,0.00,0.00,0.00,22.614,9.609,-1.309,0.00,0.00,0.00,25.373,6.794,3.739,0.00,0.00,0.00,3.000,3.000,3.000
2026-02-04 20:04:04,496.26,29,217,246,11.79%,141.81,3.91%,"[0, 5, 10, 15, 20, 25, 30, 35, 40, 45, 50, 55, 60, 65, 70, 75, 80, 85, 90, 95, 100]","[16, 11, 8, 7, 10, 11, 10, 7, 7, 9, 10, 14, 10, 14, 14, 12, 700, 12, 11, 720]","[0.009919404835709857, 0.016738995660260384, 0.02169869807811531, 0.026038437693738377, 0.032238065716057036, 0.03905765654060756, 0.04525728456292622, 0.04959702417854929, 0.05393676379417235, 0.059516429014259145, 0.0657160570365778, 0.07439553626782393, 0.08059516429014259, 0.08927464352138871, 0.09795412275263485, 0.10539367637941724, 0.5393676379417235, 0.5468071915685059, 0.5536267823930564, 1.0]",4.0,2.0,2.0,2.0,2.0,23,30.42674,8.0,12.0,hrl_dqn_apf,hierarchical,dqn,15.770,9.657,-5.167,0.00,0.00,0.00,22.142,9.684,-0.997,0.00,0.00,0.00,26.150,6.791,3.741,0.00,0.00,0.00,3.000,3.000,3.000
2026-02-04 20:04:05,497.26,28,220,248,11.29%,141.84,3.84%,"[0, 5, 10, 15, 20, 25, 30, 35, 40, 45, 50, 55, 60, 65, 70, 75, 80, 85, 90, 95, 100]","[18, 10, 7, 8, 8, 11, 10, 9, 7, 9, 9, 14, 9, 15, 15, 12, 699, 10, 14, 719]","[0.011159330440173589, 0.01735895846249225, 0.02169869807811531, 0.026658400495970243, 0.03161810291382517, 0.038437693738375696, 0.044637321760694355, 0.050216986980781156, 0.05455672659640422, 0.06013639181649101, 0.0657160570365778, 0.07439553626782393, 0.07997520148791072, 0.08927464352138871, 0.09857408555486671, 0.1060136391816491, 0.5393676379417235, 0.5455672659640421, 0.5542467451952883, 1.0]",4.0,2.0,2.0,2.0,2.0,23,30.42674,8.0,12.0,hrl_dqn_apf,hierarchical,dqn,15.763,9.654,-4.412,0.00,0.00,0.00,21.993,9.693,-0.374,0.00,0.00,0.00,26.911,6.788,3.743,0.00,0.00,0.00,3.000,3.000,3.000
2026-02-04 20:04:06,498.26,29,219,248,11.69%,141.90,3.91%,"[0, 5, 10, 15, 20, 25, 30, 35, 40, 45, 50, 55, 60, 65, 70, 75, 80, 85, 90, 95, 100]","[16, 11, 8, 9, 8, 11, 9, 9, 7, 8, 10, 14, 9, 14, 14, 13, 700, 9, 14, 720]","[0.009919404835709857, 0.016738995660260384, 0.02169869807811531, 0.02727836329820211, 0.032238065716057036, 0.03905765654060756, 0.044637321760694355, 0.050216986980781156, 0.05455672659640422, 0.059516429014259145, 0.0657160570365778, 0.07439553626782393, 0.07997520148791072, 0.08865468071915684, 0.09733415995040298, 0.10539367637941724, 0.5393676379417235, 0.5449473031618103, 0.5536267823930564, 1.0]",4.0,2.0,2.0,2.0,2.0,9,36.26639,8.0,-6.0,hrl_dqn_apf,hierarchical,dqn,15.761,9.651,-3.650,0.00,0.00,0.00,21.947,9.691,0.351,0.00,0.00,0.00,27.588,6.837,3.657,0.00,0.00,0.00,3.000,3.000,3.000
2026-02-04 20:04:07,499.27,32,222,254,12.60%,141.95,4.03%,"[0, 5, 10, 15, 20, 25, 30, 35, 40, 45, 50, 55, 60, 65, 70, 75, 80, 85, 90, 95, 100]","[17, 12, 8, 9, 7, 12, 8, 10, 5, 10, 10, 12, 8, 15, 12, 13, 701, 8, 14, 722]","[0.010539367637941723, 0.017978921264724116, 0.022938623682579044, 0.02851828890266584, 0.0328580285182889, 0.040297582145071294, 0.04525728456292622, 0.05145691258524489, 0.05455672659640422, 0.06075635461872288, 0.06695598264104154, 0.07439553626782393, 0.07935523868567886, 0.08865468071915684, 0.09609423434593925, 0.10415375077495351, 0.5387476751394916, 0.5437073775573465, 0.5523868567885927, 1.0]",4.0,2.0,2.0,2.0,2.0,0,12.106100000000001,8.0,-12.0,hrl_dqn_apf,hierarchical,dqn,15.761,9.820,-2.990,0.00,0.00,0.00,21.927,9.695,1.846,0.00,0.00,0.00,27.953,6.874,2.486,0.00,0.00,0.00,3.000,3.000,3.000
2026-02-04 20:04:08,500.27,32,222,254,12.60%,142.03,4.03%,"[0, 5, 10, 15, 20, 25, 30, 35, 40, 45, 50, 55, 60, 65, 70, 75, 80, 85, 90, 95, 100]","[16, 12, 9, 7, 8, 13, 6, 12, 5, 10, 10, 11, 8, 16, 13, 12, 700, 10, 14, 721]","[0.009919404835709857, 0.01735895846249225, 0.022938623682579044, 0.02727836329820211, 0.032238065716057036, 0.040297582145071294, 0.04401735895846249, 0.05145691258524489, 0.05455672659640422, 0.06075635461872288, 0.06695598264104154, 0.07377557346559206, 0.07873527588344699, 0.08865468071915684, 0.09671419714817112, 0.10415375077495351, 0.5381277123372598, 0.5443273403595784, 0.5530068195908245, 1.0]",4.0,2.0,2.0,2.0,2.0,0,12.106100000000001,8.0,-12.0,hrl_dqn_apf,hierarchical,dqn,15.761,9.831,-3.533,0.00,0.00,0.00,21.926,9.845,1.993,0.00,0.00,0.00,27.981,6.871,1.746,0.00,0.00,0.00,3.000,3.000,3.000
2026-02-04 20:04:09,501.28,32,222,254,12.60%,142.11,4.03%,"[0, 5, 10, 15, 20, 25, 30, 35, 40, 45, 50, 55, 60, 65, 70, 75, 80, 85, 90, 95, 100]","[17, 11, 11, 6, 7, 13, 7, 11, 5, 11, 10, 10, 9, 14, 14, 12, 699, 11, 13, 722]","[0.010539367637941723, 0.01735895846249225, 0.02417854928704278, 0.027898326100433975, 0.032238065716057036, 0.040297582145071294, 0.044637321760694355, 0.05145691258524489, 0.05455672659640422, 0.06137631742095474, 0.0675759454432734, 0.07377557346559206, 0.07935523868567886, 0.08803471791692498, 0.09671419714817112, 0.10415375077495351, 0.5375077495350279, 0.5443273403595784, 0.5523868567885927, 1.0]",4.0,2.0,2.0,2.0,2.0,3,29.94599,8.0,-12.0,hrl_dqn_apf,hierarchical,dqn,15.761,9.829,-4.232,0.00,0.00,0.00,21.925,9.866,1.518,0.00,0.00,0.00,28.167,6.936,1.164,0.00,0.00,0.00,3.000,3.000,3.000
2026-02-04 20:04:10,502.28,31,223,254,12.20%,142.22,3.97%,"[0, 5, 10, 15, 20, 25, 30, 35, 40, 45, 50, 55, 60, 65, 70, 75, 80, 85, 90, 95, 100]","[15, 13, 8, 9, 5, 14, 7, 11, 6, 10, 11, 10, 8, 13, 15, 12, 699, 11, 13, 723]","[0.009299442033477991, 0.01735895846249225, 0.022318660880347178, 0.027898326100433975, 0.030998140111593304, 0.03967761934283943, 0.04401735895846249, 0.05083694978301302, 0.05455672659640422, 0.06075635461872288, 0.0675759454432734, 0.07377557346559206, 0.07873527588344699, 0.08679479231246125, 0.09609423434593925, 0.10353378797272164, 0.536887786732796, 0.5437073775573465, 0.5517668939863608, 1.0]",4.0,2.0,2.0,2.0,2.0,17,23.78577,8.0,6.0,hrl_dqn_apf,hierarchical,dqn,15.760,9.826,-4.948,0.00,0.00,0.00,21.925,9.865,0.865,0.00,0.00,0.00,28.634,7.006,1.038,0.00,0.00,0.00,3.000,3.000,3.000
2026-02-04 20:04:11,503.28,29,231,260,11.15%,142.47,3.84%,"[0, 5, 10, 15, 20, 25, 30, 35, 40, 45, 50, 55, 60, 65, 70, 75, 80, 85, 90, 95, 100]","[17, 8, 9, 11, 5, 12, 9, 9, 8, 10, 10, 11, 8, 12, 15, 11, 698, 14, 8, 728]","[0.010539367637941723, 0.015499070055796652, 0.021078735275883446, 0.027898326100433975, 0.030998140111593304, 0.038437693738375696, 0.04401735895846249, 0.04959702417854929, 0.05455672659640422, 0.06075635461872288, 0.06695598264104154, 0.07377557346559206, 0.07873527588344699, 0.08617482951022938, 0.09547427154370738, 0.10229386236825791, 0.5350278983261004, 0.5437073775573465, 0.5486670799752015, 1.0]",4.0,2.0,2.0,2.0,2.0,17,23.78577,8.0,6.0,hrl_dqn_apf,hierarchical,dqn,15.761,9.823,-6.455,0.00,0.00,0.00,21.925,9.859,-0.621,0.00,0.00,0.00,28.938,7.052,2.107,0.00,0.00,0.00,3.000,3.000,3.000
2026-02-04 20:04:12,504.29,29,231,260,11.15%,142.55,3.84%,"[0, 5, 10, 15, 20, 25, 30, 35, 40, 45, 50, 55, 60, 65, 70, 75, 80, 85, 90, 95, 100]","[17, 7, 10, 11, 5, 12, 9, 9, 8, 8, 12, 11, 7, 11, 17, 9, 700, 13, 9, 728]","[0.010539367637941723, 0.014879107253564786, 0.021078735275883446, 0.027898326100433975, 0.030998140111593304, 0.038437693738375696, 0.04401735895846249, 0.04959702417854929, 0.05455672659640422, 0.059516429014259145, 0.06695598264104154, 0.07377557346559206, 0.07811531308121512, 0.08493490390576565, 0.09547427154370738, 0.10105393676379418, 0.5350278983261004, 0.5430874147551147, 0.5486670799752015, 1.0]",4.0,2.0,2.0,2.0,2.0,4,35.625479999999996,8.0,-12.0,hrl_dqn_apf,hierarchical,dqn,16.051,9.899,-6.929,0.00,0.00,0.00,21.925,9.856,-1.379,0.00,0.00,0.00,28.671,7.126,2.556,0.00,0.00,0.00,3.000,3.000,3.000
2026-02-04 20:04:13,505.29,29,232,261,11.11%,142.62,3.78%,"[0, 5, 10, 15, 20, 25, 30, 35, 40, 45, 50, 55, 60, 65, 70, 75, 80, 85, 90, 95, 100]","[17, 7, 10, 10, 4, 13, 10, 7, 10, 8, 12, 11, 7, 10, 17, 11, 699, 12, 11, 727]","[0.010539367637941723, 0.014879107253564786, 0.021078735275883446, 0.02727836329820211, 0.029758214507129573, 0.03781773093614383, 0.04401735895846249, 0.04835709857408556, 0.05455672659640422, 0.059516429014259145, 0.06695598264104154, 0.07377557346559206, 0.07811531308121512, 0.08431494110353378, 0.09485430874147552, 0.10167389956602604, 0.5350278983261004, 0.5424674519528828, 0.5492870427774333, 1.0]",4.0,2.0,2.0,2.0,2.0,12,23.46561,8.0,0.0,hrl_dqn_apf,hierarchical,dqn,16.666,9.908,-7.085,0.00,0.00,0.00,22.113,9.925,-1.955,0.00,0.00,0.00,28.064,7.136,2.705,0.00,0.00,0.00,3.000,3.000,3.000
2026-02-04 20:04:14,506.29,29,232,261,11.11%,142.70,3.78%,"[0, 5, 10, 15, 20, 25, 30, 35, 40, 45, 50, 55, 60, 65, 70, 75, 80, 85, 90, 95, 100]","[19, 7, 8, 11, 4, 12, 10, 8, 9, 8, 13, 11, 5, 12, 15, 12, 699, 12, 11, 727]","[0.011779293242405457, 0.016119032858028518, 0.021078735275883446, 0.027898326100433975, 0.03037817730936144, 0.03781773093614383, 0.04401735895846249, 0.048977061376317424, 0.05455672659640422, 0.059516429014259145, 0.0675759454432734, 0.07439553626782393, 0.07749535027898326, 0.08493490390576565, 0.09423434593924365, 0.10167389956602604, 0.5350278983261004, 0.5424674519528828, 0.5492870427774333, 1.0]",4.0,2.0,2.0,2.0,2.0,12,23.46561,8.0,0.0,hrl_dqn_apf,hierarchical,dqn,17.388,9.907,-7.134,0.00,0.00,0.00,22.591,10.000,-2.060,0.00,0.00,0.00,27.343,7.134,2.750,0.00,0.00,0.00,3.000,3.000,3.000
2026-02-04 20:04:15,507.29,28,235,263,10.65%,142.94,3.66%,"[0, 5, 10, 15, 20, 25, 30, 35, 40, 45, 50, 55, 60, 65, 70, 75, 80, 85, 90, 95, 100]","[17, 10, 4, 12, 6, 10, 10, 9, 8, 10, 12, 12, 5, 11, 13, 13, 700, 10, 13, 728]","[0.010539367637941723, 0.016738995660260384, 0.019218846869187848, 0.026658400495970243, 0.03037817730936144, 0.0365778053316801, 0.04277743335399876, 0.04835709857408556, 0.053316800991940486, 0.059516429014259145, 0.06695598264104154, 0.07439553626782393, 0.07749535027898326, 0.08431494110353378, 0.09237445753254804, 0.10043397396156231, 0.5344079355238686, 0.5406075635461872, 0.5486670799752015, 1.0]",4.0,2.0,2.0,2.0,2.0,17,23.30507,8.0,6.0,hrl_dqn_apf,hierarchical,dqn,18.892,9.900,-7.155,0.00,0.00,0.00,22.876,9.995,-0.955,0.00,0.00,0.00,25.840,7.128,2.766,0.00,0.00,0.00,3.000,3.000,3.000
2026-02-04 20:04:16,508.30,28,237,265,10.57%,143.03,3.66%,"[0, 5, 10, 15, 20, 25, 30, 35, 40, 45, 50, 55, 60, 65, 70, 75, 80, 85, 90, 95, 100]","[17, 10, 3, 11, 8, 10, 10, 9, 8, 10, 12, 11, 7, 11, 13, 13, 698, 11, 14, 727]","[0.010539367637941723, 0.016738995660260384, 0.018598884066955982, 0.02541847489150651, 0.03037817730936144, 0.0365778053316801, 0.04277743335399876, 0.04835709857408556, 0.053316800991940486, 0.059516429014259145, 0.06695598264104154, 0.07377557346559206, 0.07811531308121512, 0.08493490390576565, 0.0929944203347799, 0.10105393676379418, 0.5337879727216367, 0.5406075635461872, 0.5492870427774333, 1.0]",4.0,2.0,2.0,2.0,2.0,4,35.1447,8.0,-12.0,hrl_dqn_apf,hierarchical,dqn,19.655,9.897,-7.158,0.00,0.00,0.00,22.899,9.607,-0.506,0.00,0.00,0.00,25.077,7.125,2.765,0.00,0.00,0.00,3.000,3.000,3.000
2026-02-04 20:04:17,509.30,29,236,265,10.94%,143.06,3.72%,"[0, 5, 10, 15, 20, 25, 30, 35, 40, 45, 50, 55, 60, 65, 70, 75, 80, 85, 90, 95, 100]","[18, 11, 2, 11, 8, 10, 9, 10, 7, 12, 11, 11, 6, 10, 12, 15, 698, 11, 14, 727]","[0.011159330440173589, 0.017978921264724116, 0.019218846869187848, 0.026038437693738377, 0.030998140111593304, 0.037197768133911964, 0.04277743335399876, 0.048977061376317424, 0.053316800991940486, 0.06075635461872288, 0.0675759454432734, 0.07439553626782393, 0.07811531308121512, 0.08431494110353378, 0.09175449473031617, 0.10105393676379418, 0.5337879727216367, 0.5406075635461872, 0.5492870427774333, 1.0]",4.0,2.0,2.0,2.0,2.0,4,35.1447,8.0,-12.0,hrl_dqn_apf,hierarchical,dqn,20.432,9.894,-7.159,0.00,0.00,0.00,22.906,9.574,-0.163,0.00,0.00,0.00,24.578,7.044,2.915,0.00,0.00,0.00,3.000,3.000,3.000
2026-02-04 20:04:18,510.31,29,240,269,10.78%,143.11,3.72%,"[0, 5, 10, 15, 20, 25, 30, 35, 40, 45, 50, 55, 60, 65, 70, 75, 80, 85, 90, 95, 100]","[19, 11, 2, 12, 7, 9, 10, 11, 6, 12, 10, 12, 6, 10, 11, 14, 698, 12, 12, 729]","[0.011779293242405457, 0.018598884066955982, 0.019838809671419714, 0.02727836329820211, 0.03161810291382517, 0.037197768133911964, 0.04339739615623062, 0.050216986980781156, 0.05393676379417235, 0.06137631742095474, 0.0675759454432734, 0.0750154990700558, 0.07873527588344699, 0.08493490390576565, 0.09175449473031617, 0.10043397396156231, 0.5331680099194048, 0.5406075635461872, 0.5480471171729696, 1.0]",4.0,2.0,2.0,2.0,2.0,16,16.98507,8.0,6.0,hrl_dqn_apf,hierarchical,dqn,21.193,9.891,-7.160,0.00,0.00,0.00,22.856,9.812,0.258,0.00,0.00,0.00,24.676,6.845,3.390,0.00,0.00,0.00,3.000,3.000,3.000
2026-02-04 20:04:19,511.31,29,244,273,10.62%,143.29,3.72%,"[0, 5, 10, 15, 20, 25, 30, 35, 40, 45, 50, 55, 60, 65, 70, 75, 80, 85, 90, 95, 100]","[18, 11, 4, 11, 5, 11, 7, 13, 5, 13, 10, 12, 7, 8, 12, 14, 698, 13, 11, 730]","[0.011159330440173589, 0.017978921264724116, 0.02045877247365158, 0.02727836329820211, 0.03037817730936144, 0.037197768133911964, 0.041537507749535026, 0.04959702417854929, 0.05269683818970862, 0.06075635461872288, 0.06695598264104154, 0.07439553626782393, 0.07873527588344699, 0.08369497830130192, 0.09113453192808431, 0.09981401115933045, 0.532548047117173, 0.5406075635461872, 0.5474271543707377, 1.0]",4.0,2.0,2.0,2.0,2.0,16,16.82434,8.0,6.0,hrl_dqn_apf,hierarchical,dqn,22.717,9.885,-7.162,0.00,0.00,0.00,22.266,10.310,-0.509,0.00,0.00,0.00,25.327,6.371,4.649,0.00,0.00,0.00,3.000,3.000,3.000
2026-02-04 20:04:20,512.31,29,246,275,10.55%,143.32,3.72%,"[0, 5, 10, 15, 20, 25, 30, 35, 40, 45, 50, 55, 60, 65, 70, 75, 80, 85, 90, 95, 100]","[19, 9, 5, 8, 8, 11, 7, 11, 7, 12, 11, 12, 7, 8, 12, 11, 700, 13, 12, 730]","[0.011779293242405457, 0.01735895846249225, 0.02045877247365158, 0.02541847489150651, 0.03037817730936144, 0.037197768133911964, 0.041537507749535026, 0.04835709857408556, 0.05269683818970862, 0.06013639181649101, 0.06695598264104154, 0.07439553626782393, 0.07873527588344699, 0.08369497830130192, 0.09113453192808431, 0.09795412275263485, 0.5319280843149411, 0.5399876007439554, 0.5474271543707377, 1.0]",4.0,2.0,2.0,2.0,2.0,16,16.82434,8.0,6.0,hrl_dqn_apf,hierarchical,dqn,23.474,9.882,-7.163,0.00,0.00,0.00,22.037,9.906,-0.882,0.00,0.00,0.00,25.255,6.491,5.047,0.00,0.00,0.00,3.000,3.000,3.000
2026-02-04 20:04:21,513.32,30,249,279,10.75%,143.36,3.72%,"[0, 5, 10, 15, 20, 25, 30, 35, 40, 45, 50, 55, 60, 65, 70, 75, 80, 85, 90, 95, 100]","[18, 9, 6, 7, 8, 12, 7, 11, 7, 11, 13, 12, 6, 10, 12, 11, 700, 10, 14, 729]","[0.011159330440173589, 0.016738995660260384, 0.02045877247365158, 0.024798512089274645, 0.029758214507129573, 0.037197768133911964, 0.041537507749535026, 0.04835709857408556, 0.05269683818970862, 0.059516429014259145, 0.0675759454432734, 0.0750154990700558, 0.07873527588344699, 0.08493490390576565, 0.09237445753254804, 0.09919404835709858, 0.5331680099194048, 0.5393676379417235, 0.5480471171729696, 1.0]",4.0,2.0,2.0,2.0,2.0,13,28.66395,8.0,0.0,hrl_dqn_apf,hierarchical,dqn,24.051,9.950,-6.984,0.00,0.00,0.00,21.960,9.496,-1.005,0.00,0.00,0.00,24.718,6.512,5.178,0.00,0.00,0.00,3.000,3.000,3.000
2026-02-04 20:04:22,514.32,33,246,279,11.83%,143.37,3.91%,"[0, 5, 10, 15, 20, 25, 30, 35, 40, 45, 50, 55, 60, 65, 70, 75, 80, 85, 90, 95, 100]","[17, 12, 8, 6, 9, 11, 7, 10, 7, 10, 13, 12, 7, 9, 11, 10, 702, 9, 13, 730]","[0.010539367637941723, 0.017978921264724116, 0.022938623682579044, 0.026658400495970243, 0.032238065716057036, 0.03905765654060756, 0.04339739615623062, 0.04959702417854929, 0.05393676379417235, 0.06013639181649101, 0.06819590824550527, 0.07563546187228766, 0.07997520148791072, 0.08555486670799752, 0.09237445753254804, 0.09857408555486671, 0.5337879727216367, 0.5393676379417235, 0.5474271543707377, 1.0]",4.0,2.0,2.0,2.0,2.0,13,28.66395,8.0,0.0,hrl_dqn_apf,hierarchical,dqn,24.259,9.970,-6.423,0.00,0.00,0.00,21.937,9.376,-0.938,0.00,0.00,0.00,24.022,6.513,5.219,0.00,0.00,0.00,3.000,3.000,3.000
