timestamp,elapsed_time,scanned_count,unscanned_count,total_count,scan_ratio,global_avg_entropy,global_scan_ratio,entropy_bins,entropy_hist,entropy_cdf,repulsion_coefficient,entropy_coefficient,distance_coefficient,leader_range_coefficient,direction_retention_coefficient,hl_action,hl_goal_x,hl_goal_y,hl_goal_z,algorithm_type,env_type,control_mode,UAV1_x,UAV1_y,UAV1_z,UAV1_roll,UAV1_pitch,UAV1_yaw,UAV2_x,UAV2_y,UAV2_z,UAV2_roll,UAV2_pitch,UAV2_yaw,UAV3_x,UAV3_y,UAV3_z,UAV3_roll,UAV3_pitch,UAV3_yaw,UAV1_battery_voltage,UAV2_battery_voltage,UAV3_battery_voltage
2026-02-04 17:24:48,1.00,4,348,352,1.14%,79.98,0.25%,"[0, 5, 10, 15, 20, 25, 30, 35, 40, 45, 50, 55, 60, 65, 70, 75, 80, 85, 90, 95, 100]","[4, 0, 0, 0, 0, 0, 0, 0, 0, 0, 0, 0, 0, 0, 0, 0, 1609, 0, 0, 0]","[0.0024798512089274642, 0.0024798512089274642, 0.0024798512089274642, 0.0024798512089274642, 0.0024798512089274642, 0.0024798512089274642, 0.0024798512089274642, 0.0024798512089274642, 0.0024798512089274642, 0.0024798512089274642, 0.0024798512089274642, 0.0024798512089274642, 0.0024798512089274642, 0.0024798512089274642, 0.0024798512089274642, 0.0024798512089274642, 1.0, 1.0, 1.0, 1.0]",4.0,2.0,2.0,2.0,2.0,,,,,hrl_dqn_apf,hierarchical,dqn,-10.000,1.567,-0.759,0.00,0.00,0.00,-14.300,1.566,-0.590,0.00,0.00,0.00,-20.110,1.557,-0.590,0.00,0.00,0.00,4.200,4.200,4.200
2026-02-04 17:24:49,2.00,4,349,353,1.13%,80.32,0.25%,"[0, 5, 10, 15, 20, 25, 30, 35, 40, 45, 50, 55, 60, 65, 70, 75, 80, 85, 90, 95, 100]","[4, 0, 0, 0, 0, 0, 0, 0, 0, 0, 0, 0, 0, 0, 0, 0, 1609, 0, 0, 0]","[0.0024798512089274642, 0.0024798512089274642, 0.0024798512089274642, 0.0024798512089274642, 0.0024798512089274642, 0.0024798512089274642, 0.0024798512089274642, 0.0024798512089274642, 0.0024798512089274642, 0.0024798512089274642, 0.0024798512089274642, 0.0024798512089274642, 0.0024798512089274642, 0.0024798512089274642, 0.0024798512089274642, 0.0024798512089274642, 1.0, 1.0, 1.0, 1.0]",4.0,2.0,2.0,2.0,2.0,,,,,hrl_dqn_apf,hierarchical,dqn,-10.000,1.567,-0.759,0.00,0.00,0.00,-14.300,1.566,-0.590,0.00,0.00,0.00,-20.110,1.564,-0.590,0.00,0.00,0.00,4.200,4.200,4.200
2026-02-04 17:24:50,3.01,4,349,353,1.13%,80.49,0.25%,"[0, 5, 10, 15, 20, 25, 30, 35, 40, 45, 50, 55, 60, 65, 70, 75, 80, 85, 90, 95, 100]","[4, 0, 0, 0, 0, 0, 0, 0, 0, 0, 0, 0, 0, 0, 0, 0, 1609, 0, 0, 0]","[0.0024798512089274642, 0.0024798512089274642, 0.0024798512089274642, 0.0024798512089274642, 0.0024798512089274642, 0.0024798512089274642, 0.0024798512089274642, 0.0024798512089274642, 0.0024798512089274642, 0.0024798512089274642, 0.0024798512089274642, 0.0024798512089274642, 0.0024798512089274642, 0.0024798512089274642, 0.0024798512089274642, 0.0024798512089274642, 1.0, 1.0, 1.0, 1.0]",4.0,2.0,2.0,2.0,2.0,,,,,hrl_dqn_apf,hierarchical,dqn,-10.000,1.567,-0.759,0.00,0.00,0.00,-14.300,1.566,-0.590,0.00,0.00,0.00,-20.110,1.565,-0.590,0.00,0.00,0.00,4.199,4.199,4.199
2026-02-04 17:24:51,4.01,4,349,353,1.13%,80.67,0.25%,"[0, 5, 10, 15, 20, 25, 30, 35, 40, 45, 50, 55, 60, 65, 70, 75, 80, 85, 90, 95, 100]","[4, 0, 0, 0, 0, 0, 0, 0, 0, 0, 0, 0, 0, 0, 0, 0, 1609, 0, 0, 0]","[0.0024798512089274642, 0.0024798512089274642, 0.0024798512089274642, 0.0024798512089274642, 0.0024798512089274642, 0.0024798512089274642, 0.0024798512089274642, 0.0024798512089274642, 0.0024798512089274642, 0.0024798512089274642, 0.0024798512089274642, 0.0024798512089274642, 0.0024798512089274642, 0.0024798512089274642, 0.0024798512089274642, 0.0024798512089274642, 1.0, 1.0, 1.0, 1.0]",4.0,2.0,2.0,2.0,2.0,,,,,hrl_dqn_apf,hierarchical,dqn,-9.997,1.558,-0.759,0.00,0.00,0.00,-14.302,1.558,-0.590,0.00,0.00,0.00,-20.110,1.558,-0.592,0.00,0.00,0.00,4.196,4.196,4.196
2026-02-04 17:24:52,5.01,4,351,355,1.13%,80.81,0.25%,"[0, 5, 10, 15, 20, 25, 30, 35, 40, 45, 50, 55, 60, 65, 70, 75, 80, 85, 90, 95, 100]","[4, 0, 0, 0, 0, 0, 1, 0, 0, 0, 0, 0, 0, 0, 0, 0, 1608, 0, 0, 0]","[0.0024798512089274642, 0.0024798512089274642, 0.0024798512089274642, 0.0024798512089274642, 0.0024798512089274642, 0.0024798512089274642, 0.0030998140111593306, 0.0030998140111593306, 0.0030998140111593306, 0.0030998140111593306, 0.0030998140111593306, 0.0030998140111593306, 0.0030998140111593306, 0.0030998140111593306, 0.0030998140111593306, 0.0030998140111593306, 1.0, 1.0, 1.0, 1.0]",4.0,2.0,2.0,2.0,2.0,2,-17.76083,8.0,-12.0,hrl_dqn_apf,hierarchical,dqn,-9.705,1.534,-0.771,0.00,0.00,0.00,-14.595,1.534,-0.578,0.00,0.00,0.00,-20.110,1.533,-0.885,0.00,0.00,0.00,4.193,4.193,4.193
2026-02-04 17:24:53,6.02,7,350,357,1.96%,81.04,0.43%,"[0, 5, 10, 15, 20, 25, 30, 35, 40, 45, 50, 55, 60, 65, 70, 75, 80, 85, 90, 95, 100]","[6, 1, 0, 0, 0, 0, 0, 0, 0, 0, 0, 0, 0, 0, 0, 0, 1261, 345, 0, 0]","[0.0037197768133911966, 0.0043397396156230625, 0.0043397396156230625, 0.0043397396156230625, 0.0043397396156230625, 0.0043397396156230625, 0.0043397396156230625, 0.0043397396156230625, 0.0043397396156230625, 0.0043397396156230625, 0.0043397396156230625, 0.0043397396156230625, 0.0043397396156230625, 0.0043397396156230625, 0.0043397396156230625, 0.0043397396156230625, 0.7861128332300062, 1.0, 1.0, 1.0]",4.0,2.0,2.0,2.0,2.0,7,-17.60081,8.0,-6.0,hrl_dqn_apf,hierarchical,dqn,-9.098,2.283,-0.795,0.00,0.00,0.00,-15.202,2.283,-0.554,0.00,0.00,0.00,-20.110,1.527,-1.742,0.00,0.00,0.00,4.190,4.190,4.190
2026-02-04 17:24:54,7.03,7,354,361,1.94%,81.21,0.43%,"[0, 5, 10, 15, 20, 25, 30, 35, 40, 45, 50, 55, 60, 65, 70, 75, 80, 85, 90, 95, 100]","[6, 1, 0, 0, 0, 0, 0, 0, 0, 0, 0, 0, 0, 0, 0, 0, 1261, 345, 0, 0]","[0.0037197768133911966, 0.0043397396156230625, 0.0043397396156230625, 0.0043397396156230625, 0.0043397396156230625, 0.0043397396156230625, 0.0043397396156230625, 0.0043397396156230625, 0.0043397396156230625, 0.0043397396156230625, 0.0043397396156230625, 0.0043397396156230625, 0.0043397396156230625, 0.0043397396156230625, 0.0043397396156230625, 0.0043397396156230625, 0.7861128332300062, 1.0, 1.0, 1.0]",4.0,2.0,2.0,2.0,2.0,7,-17.60081,8.0,-6.0,hrl_dqn_apf,hierarchical,dqn,-9.048,2.680,-0.797,0.00,0.00,0.00,-15.252,2.680,-0.552,0.00,0.00,0.00,-20.110,1.711,-1.912,0.00,0.00,0.00,4.187,4.187,4.187
2026-02-04 17:24:55,8.03,8,357,365,2.19%,81.33,0.50%,"[0, 5, 10, 15, 20, 25, 30, 35, 40, 45, 50, 55, 60, 65, 70, 75, 80, 85, 90, 95, 100]","[6, 1, 0, 0, 0, 1, 0, 0, 0, 1, 0, 0, 0, 0, 0, 0, 1260, 344, 0, 0]","[0.0037197768133911966, 0.0043397396156230625, 0.0043397396156230625, 0.0043397396156230625, 0.0043397396156230625, 0.0049597024178549285, 0.0049597024178549285, 0.0049597024178549285, 0.0049597024178549285, 0.005579665220086794, 0.005579665220086794, 0.005579665220086794, 0.005579665220086794, 0.005579665220086794, 0.005579665220086794, 0.005579665220086794, 0.7867327960322381, 1.0, 1.0, 1.0]",4.0,2.0,2.0,2.0,2.0,22,-17.44053,8.0,12.0,hrl_dqn_apf,hierarchical,dqn,-9.033,3.077,-0.798,0.00,0.00,0.00,-15.267,3.077,-0.551,0.00,0.00,0.00,-20.110,2.125,-2.101,0.00,0.00,0.00,4.184,4.184,4.184
2026-02-04 17:24:56,9.03,9,354,363,2.48%,81.46,0.56%,"[0, 5, 10, 15, 20, 25, 30, 35, 40, 45, 50, 55, 60, 65, 70, 75, 80, 85, 90, 95, 100]","[8, 1, 0, 0, 0, 0, 0, 0, 0, 0, 0, 0, 0, 0, 0, 0, 1260, 344, 0, 0]","[0.0049597024178549285, 0.005579665220086794, 0.005579665220086794, 0.005579665220086794, 0.005579665220086794, 0.005579665220086794, 0.005579665220086794, 0.005579665220086794, 0.005579665220086794, 0.005579665220086794, 0.005579665220086794, 0.005579665220086794, 0.005579665220086794, 0.005579665220086794, 0.005579665220086794, 0.005579665220086794, 0.7867327960322381, 1.0, 1.0, 1.0]",4.0,2.0,2.0,2.0,2.0,19,-5.280049999999999,8.0,6.0,hrl_dqn_apf,hierarchical,dqn,-9.028,3.470,-0.798,0.00,0.00,0.00,-15.272,3.470,-0.551,0.00,0.00,0.00,-20.110,2.523,-2.162,0.00,0.00,0.00,4.181,4.181,4.181
2026-02-04 17:24:57,10.03,9,360,369,2.44%,81.82,0.56%,"[0, 5, 10, 15, 20, 25, 30, 35, 40, 45, 50, 55, 60, 65, 70, 75, 80, 85, 90, 95, 100]","[6, 2, 1, 0, 0, 0, 0, 0, 0, 0, 0, 0, 0, 0, 0, 0, 1256, 7, 341, 0]","[0.0037197768133911966, 0.0049597024178549285, 0.005579665220086794, 0.005579665220086794, 0.005579665220086794, 0.005579665220086794, 0.005579665220086794, 0.005579665220086794, 0.005579665220086794, 0.005579665220086794, 0.005579665220086794, 0.005579665220086794, 0.005579665220086794, 0.005579665220086794, 0.005579665220086794, 0.005579665220086794, 0.7842529448233106, 0.7885926844389337, 1.0, 1.0]",4.0,2.0,2.0,2.0,2.0,19,-5.280049999999999,8.0,6.0,hrl_dqn_apf,hierarchical,dqn,-9.026,4.264,-0.798,0.00,0.00,0.00,-15.274,4.264,-0.551,0.00,0.00,0.00,-20.110,3.320,-2.187,0.00,0.00,0.00,4.178,4.178,4.178
2026-02-04 17:24:58,11.03,9,360,369,2.44%,82.00,0.56%,"[0, 5, 10, 15, 20, 25, 30, 35, 40, 45, 50, 55, 60, 65, 70, 75, 80, 85, 90, 95, 100]","[5, 3, 1, 0, 0, 0, 0, 0, 0, 0, 0, 0, 0, 0, 0, 0, 1256, 7, 341, 0]","[0.0030998140111593306, 0.0049597024178549285, 0.005579665220086794, 0.005579665220086794, 0.005579665220086794, 0.005579665220086794, 0.005579665220086794, 0.005579665220086794, 0.005579665220086794, 0.005579665220086794, 0.005579665220086794, 0.005579665220086794, 0.005579665220086794, 0.005579665220086794, 0.005579665220086794, 0.005579665220086794, 0.7842529448233106, 0.7885926844389337, 1.0, 1.0]",4.0,2.0,2.0,2.0,2.0,19,-5.120100000000001,8.0,6.0,hrl_dqn_apf,hierarchical,dqn,-9.026,4.660,-0.798,0.00,0.00,0.00,-15.274,4.659,-0.551,0.00,0.00,0.00,-20.110,3.716,-2.189,0.00,0.00,0.00,4.175,4.175,4.175
2026-02-04 17:24:59,12.04,9,360,369,2.44%,82.18,0.56%,"[0, 5, 10, 15, 20, 25, 30, 35, 40, 45, 50, 55, 60, 65, 70, 75, 80, 85, 90, 95, 100]","[5, 3, 1, 0, 0, 0, 0, 0, 0, 0, 0, 0, 0, 0, 0, 0, 1252, 11, 341, 0]","[0.0030998140111593306, 0.0049597024178549285, 0.005579665220086794, 0.005579665220086794, 0.005579665220086794, 0.005579665220086794, 0.005579665220086794, 0.005579665220086794, 0.005579665220086794, 0.005579665220086794, 0.005579665220086794, 0.005579665220086794, 0.005579665220086794, 0.005579665220086794, 0.005579665220086794, 0.005579665220086794, 0.7817730936143832, 0.7885926844389337, 1.0, 1.0]",4.0,2.0,2.0,2.0,2.0,24,-4.959879999999998,8.0,12.0,hrl_dqn_apf,hierarchical,dqn,-9.026,5.055,-0.798,0.00,0.00,0.00,-15.274,5.055,-0.551,0.00,0.00,0.00,-20.110,4.112,-2.189,0.00,0.00,0.00,4.172,4.172,4.172
2026-02-04 17:25:00,13.04,9,360,369,2.44%,82.36,0.56%,"[0, 5, 10, 15, 20, 25, 30, 35, 40, 45, 50, 55, 60, 65, 70, 75, 80, 85, 90, 95, 100]","[4, 4, 1, 0, 0, 0, 0, 0, 0, 0, 0, 0, 0, 0, 0, 0, 1250, 12, 342, 0]","[0.0024798512089274642, 0.0049597024178549285, 0.005579665220086794, 0.005579665220086794, 0.005579665220086794, 0.005579665220086794, 0.005579665220086794, 0.005579665220086794, 0.005579665220086794, 0.005579665220086794, 0.005579665220086794, 0.005579665220086794, 0.005579665220086794, 0.005579665220086794, 0.005579665220086794, 0.005579665220086794, 0.7805331680099195, 0.7879727216367018, 1.0, 1.0]",4.0,2.0,2.0,2.0,2.0,24,-4.959879999999998,8.0,12.0,hrl_dqn_apf,hierarchical,dqn,-9.026,5.452,-0.798,0.00,0.00,0.00,-15.274,5.452,-0.551,0.00,0.00,0.00,-20.110,4.509,-2.190,0.00,0.00,0.00,4.169,4.169,4.169
2026-02-04 17:25:01,14.04,9,364,373,2.41%,82.73,0.56%,"[0, 5, 10, 15, 20, 25, 30, 35, 40, 45, 50, 55, 60, 65, 70, 75, 80, 85, 90, 95, 100]","[4, 4, 1, 0, 0, 0, 0, 0, 0, 0, 0, 0, 0, 0, 0, 0, 1246, 14, 344, 0]","[0.0024798512089274642, 0.0049597024178549285, 0.005579665220086794, 0.005579665220086794, 0.005579665220086794, 0.005579665220086794, 0.005579665220086794, 0.005579665220086794, 0.005579665220086794, 0.005579665220086794, 0.005579665220086794, 0.005579665220086794, 0.005579665220086794, 0.005579665220086794, 0.005579665220086794, 0.005579665220086794, 0.778053316800992, 0.7867327960322381, 1.0, 1.0]",4.0,2.0,2.0,2.0,2.0,10,-28.79948,8.0,0.0,hrl_dqn_apf,hierarchical,dqn,-9.026,6.245,-0.798,0.00,0.00,0.00,-15.274,6.245,-0.551,0.00,0.00,0.00,-20.110,5.302,-2.190,0.00,0.00,0.00,4.166,4.166,4.166
2026-02-04 17:25:02,15.04,9,364,373,2.41%,82.91,0.56%,"[0, 5, 10, 15, 20, 25, 30, 35, 40, 45, 50, 55, 60, 65, 70, 75, 80, 85, 90, 95, 100]","[4, 2, 2, 1, 0, 0, 0, 0, 0, 0, 0, 0, 0, 0, 0, 0, 1242, 16, 7, 339]","[0.0024798512089274642, 0.0037197768133911966, 0.0049597024178549285, 0.005579665220086794, 0.005579665220086794, 0.005579665220086794, 0.005579665220086794, 0.005579665220086794, 0.005579665220086794, 0.005579665220086794, 0.005579665220086794, 0.005579665220086794, 0.005579665220086794, 0.005579665220086794, 0.005579665220086794, 0.005579665220086794, 0.7755734655920645, 0.7854928704277744, 0.7898326100433974, 1.0]",4.0,2.0,2.0,2.0,2.0,9,-4.6396000000000015,8.0,-6.0,hrl_dqn_apf,hierarchical,dqn,-9.051,6.514,-0.798,0.00,0.00,0.00,-15.250,6.515,-0.551,0.00,0.00,0.00,-20.110,5.699,-2.190,0.00,0.00,0.00,4.163,4.163,4.163
2026-02-04 17:25:03,16.04,9,364,373,2.41%,83.09,0.56%,"[0, 5, 10, 15, 20, 25, 30, 35, 40, 45, 50, 55, 60, 65, 70, 75, 80, 85, 90, 95, 100]","[5, 1, 2, 1, 0, 0, 0, 0, 0, 0, 0, 0, 0, 0, 0, 0, 1242, 16, 7, 339]","[0.0030998140111593306, 0.0037197768133911966, 0.0049597024178549285, 0.005579665220086794, 0.005579665220086794, 0.005579665220086794, 0.005579665220086794, 0.005579665220086794, 0.005579665220086794, 0.005579665220086794, 0.005579665220086794, 0.005579665220086794, 0.005579665220086794, 0.005579665220086794, 0.005579665220086794, 0.005579665220086794, 0.7755734655920645, 0.7854928704277744, 0.7898326100433974, 1.0]",4.0,2.0,2.0,2.0,2.0,9,-4.6396000000000015,8.0,-6.0,hrl_dqn_apf,hierarchical,dqn,-9.448,6.530,-0.798,0.00,0.00,0.00,-14.853,6.531,-0.551,0.00,0.00,0.00,-20.110,6.095,-2.190,0.00,0.00,0.00,4.160,4.160,4.160
2026-02-04 17:25:04,17.05,9,365,374,2.41%,83.25,0.56%,"[0, 5, 10, 15, 20, 25, 30, 35, 40, 45, 50, 55, 60, 65, 70, 75, 80, 85, 90, 95, 100]","[7, 2, 0, 0, 0, 0, 0, 0, 0, 0, 0, 0, 0, 0, 0, 0, 1242, 16, 7, 339]","[0.0043397396156230625, 0.005579665220086794, 0.005579665220086794, 0.005579665220086794, 0.005579665220086794, 0.005579665220086794, 0.005579665220086794, 0.005579665220086794, 0.005579665220086794, 0.005579665220086794, 0.005579665220086794, 0.005579665220086794, 0.005579665220086794, 0.005579665220086794, 0.005579665220086794, 0.005579665220086794, 0.7755734655920645, 0.7854928704277744, 0.7898326100433974, 1.0]",4.0,2.0,2.0,2.0,2.0,14,-4.479369999999999,8.0,0.0,hrl_dqn_apf,hierarchical,dqn,-10.102,6.525,-0.798,0.00,0.00,0.00,-14.200,6.526,-0.551,0.00,0.00,0.00,-20.110,6.490,-2.190,0.00,0.00,0.00,4.157,4.157,4.157
2026-02-04 17:25:05,18.06,9,367,376,2.39%,83.62,0.56%,"[0, 5, 10, 15, 20, 25, 30, 35, 40, 45, 50, 55, 60, 65, 70, 75, 80, 85, 90, 95, 100]","[7, 0, 2, 0, 0, 0, 0, 0, 0, 0, 0, 0, 0, 0, 0, 0, 1240, 10, 14, 340]","[0.0043397396156230625, 0.0043397396156230625, 0.005579665220086794, 0.005579665220086794, 0.005579665220086794, 0.005579665220086794, 0.005579665220086794, 0.005579665220086794, 0.005579665220086794, 0.005579665220086794, 0.005579665220086794, 0.005579665220086794, 0.005579665220086794, 0.005579665220086794, 0.005579665220086794, 0.005579665220086794, 0.7743335399876008, 0.7805331680099195, 0.7892126472411656, 1.0]",4.0,2.0,2.0,2.0,2.0,14,-4.479369999999999,8.0,0.0,hrl_dqn_apf,hierarchical,dqn,-10.102,6.690,-0.846,0.00,0.00,0.00,-14.200,6.691,-0.503,0.00,0.00,0.00,-19.378,6.577,-2.190,0.00,0.00,0.00,4.154,4.154,4.154
2026-02-04 17:25:06,19.07,9,369,378,2.38%,83.80,0.56%,"[0, 5, 10, 15, 20, 25, 30, 35, 40, 45, 50, 55, 60, 65, 70, 75, 80, 85, 90, 95, 100]","[7, 0, 2, 0, 0, 0, 0, 0, 0, 0, 0, 0, 0, 0, 0, 0, 1236, 15, 14, 339]","[0.0043397396156230625, 0.0043397396156230625, 0.005579665220086794, 0.005579665220086794, 0.005579665220086794, 0.005579665220086794, 0.005579665220086794, 0.005579665220086794, 0.005579665220086794, 0.005579665220086794, 0.005579665220086794, 0.005579665220086794, 0.005579665220086794, 0.005579665220086794, 0.005579665220086794, 0.005579665220086794, 0.7718536887786733, 0.7811531308121513, 0.7898326100433974, 1.0]",4.0,2.0,2.0,2.0,2.0,14,-4.318709999999999,8.0,0.0,hrl_dqn_apf,hierarchical,dqn,-9.436,6.690,-0.902,0.00,0.00,0.00,-14.866,6.692,-0.447,0.00,0.00,0.00,-18.654,6.571,-2.190,0.00,0.00,0.00,4.151,4.151,4.151
2026-02-04 17:25:07,20.07,10,368,378,2.65%,83.93,0.62%,"[0, 5, 10, 15, 20, 25, 30, 35, 40, 45, 50, 55, 60, 65, 70, 75, 80, 85, 90, 95, 100]","[7, 1, 2, 0, 0, 0, 0, 0, 0, 0, 0, 0, 0, 0, 0, 0, 1236, 10, 14, 343]","[0.0043397396156230625, 0.0049597024178549285, 0.006199628022318661, 0.006199628022318661, 0.006199628022318661, 0.006199628022318661, 0.006199628022318661, 0.006199628022318661, 0.006199628022318661, 0.006199628022318661, 0.006199628022318661, 0.006199628022318661, 0.006199628022318661, 0.006199628022318661, 0.006199628022318661, 0.006199628022318661, 0.7724736515809052, 0.7786732796032239, 0.78735275883447, 1.0]",4.0,2.0,2.0,2.0,2.0,18,-10.15851,8.0,6.0,hrl_dqn_apf,hierarchical,dqn,-8.705,6.687,-0.964,0.00,0.00,0.00,-15.590,6.699,-0.384,0.00,0.00,0.00,-17.913,6.575,-2.191,0.00,0.00,0.00,4.148,4.148,4.148
2026-02-04 17:25:08,21.08,10,370,380,2.63%,84.09,0.62%,"[0, 5, 10, 15, 20, 25, 30, 35, 40, 45, 50, 55, 60, 65, 70, 75, 80, 85, 90, 95, 100]","[8, 0, 2, 0, 0, 0, 0, 0, 0, 0, 1, 0, 0, 0, 0, 0, 1236, 8, 16, 342]","[0.0049597024178549285, 0.0049597024178549285, 0.006199628022318661, 0.006199628022318661, 0.006199628022318661, 0.006199628022318661, 0.006199628022318661, 0.006199628022318661, 0.006199628022318661, 0.006199628022318661, 0.006819590824550527, 0.006819590824550527, 0.006819590824550527, 0.006819590824550527, 0.006819590824550527, 0.006819590824550527, 0.7730936143831371, 0.778053316800992, 0.7879727216367018, 1.0]",4.0,2.0,2.0,2.0,2.0,18,-10.15851,8.0,6.0,hrl_dqn_apf,hierarchical,dqn,-7.954,6.684,-1.004,0.00,0.00,0.00,-15.755,6.848,-0.214,0.00,0.00,0.00,-17.743,6.704,-2.322,0.00,0.00,0.00,4.145,4.145,4.145
2026-02-04 17:25:09,22.09,11,373,384,2.86%,84.36,0.68%,"[0, 5, 10, 15, 20, 25, 30, 35, 40, 45, 50, 55, 60, 65, 70, 75, 80, 85, 90, 95, 100]","[9, 0, 2, 0, 0, 0, 0, 0, 1, 0, 0, 0, 0, 1, 0, 0, 1235, 9, 11, 345]","[0.005579665220086794, 0.005579665220086794, 0.006819590824550527, 0.006819590824550527, 0.006819590824550527, 0.006819590824550527, 0.006819590824550527, 0.006819590824550527, 0.007439553626782393, 0.007439553626782393, 0.007439553626782393, 0.007439553626782393, 0.007439553626782393, 0.008059516429014259, 0.008059516429014259, 0.008059516429014259, 0.7737135771853689, 0.7792932424054557, 0.7861128332300062, 1.0]",4.0,2.0,2.0,2.0,2.0,6,-22.07838,8.0,-6.0,hrl_dqn_apf,hierarchical,dqn,-6.433,6.678,-1.021,0.00,0.00,0.00,-14.809,6.898,0.530,0.00,0.00,0.00,-18.685,6.686,-3.050,0.00,0.00,0.00,4.142,4.142,4.142
2026-02-04 17:25:10,23.09,14,368,382,3.66%,84.44,0.87%,"[0, 5, 10, 15, 20, 25, 30, 35, 40, 45, 50, 55, 60, 65, 70, 75, 80, 85, 90, 95, 100]","[10, 1, 2, 1, 0, 0, 0, 0, 0, 0, 0, 0, 0, 0, 0, 0, 1233, 11, 8, 347]","[0.006199628022318661, 0.006819590824550527, 0.008059516429014259, 0.008679479231246125, 0.008679479231246125, 0.008679479231246125, 0.008679479231246125, 0.008679479231246125, 0.008679479231246125, 0.008679479231246125, 0.008679479231246125, 0.008679479231246125, 0.008679479231246125, 0.008679479231246125, 0.008679479231246125, 0.008679479231246125, 0.7730936143831371, 0.7799132052076876, 0.7848729076255425, 1.0]",4.0,2.0,2.0,2.0,2.0,14,-3.91798,8.0,0.0,hrl_dqn_apf,hierarchical,dqn,-5.670,6.675,-1.022,0.00,0.00,0.00,-14.275,6.917,1.043,0.00,0.00,0.00,-19.250,6.679,-3.530,0.00,0.00,0.00,4.139,4.139,4.139
2026-02-04 17:25:11,24.09,16,370,386,4.15%,84.52,0.99%,"[0, 5, 10, 15, 20, 25, 30, 35, 40, 45, 50, 55, 60, 65, 70, 75, 80, 85, 90, 95, 100]","[9, 3, 0, 2, 0, 2, 0, 0, 0, 0, 0, 0, 0, 0, 0, 0, 1231, 7, 14, 345]","[0.005579665220086794, 0.007439553626782393, 0.007439553626782393, 0.008679479231246125, 0.008679479231246125, 0.009919404835709857, 0.009919404835709857, 0.009919404835709857, 0.009919404835709857, 0.009919404835709857, 0.009919404835709857, 0.009919404835709857, 0.009919404835709857, 0.009919404835709857, 0.009919404835709857, 0.009919404835709857, 0.7730936143831371, 0.7774333539987601, 0.7861128332300062, 1.0]",4.0,2.0,2.0,2.0,2.0,14,-3.91798,8.0,0.0,hrl_dqn_apf,hierarchical,dqn,-4.910,6.672,-1.023,0.00,0.00,0.00,-14.010,6.932,1.689,0.00,0.00,0.00,-19.917,6.692,-3.773,0.00,0.00,0.00,4.136,4.136,4.136
2026-02-04 17:25:12,25.10,17,371,388,4.38%,84.62,1.05%,"[0, 5, 10, 15, 20, 25, 30, 35, 40, 45, 50, 55, 60, 65, 70, 75, 80, 85, 90, 95, 100]","[9, 5, 0, 3, 0, 0, 0, 0, 0, 0, 0, 0, 0, 0, 0, 0, 1231, 7, 11, 347]","[0.005579665220086794, 0.008679479231246125, 0.008679479231246125, 0.010539367637941723, 0.010539367637941723, 0.010539367637941723, 0.010539367637941723, 0.010539367637941723, 0.010539367637941723, 0.010539367637941723, 0.010539367637941723, 0.010539367637941723, 0.010539367637941723, 0.010539367637941723, 0.010539367637941723, 0.010539367637941723, 0.7737135771853689, 0.778053316800992, 0.7848729076255425, 1.0]",4.0,2.0,2.0,2.0,2.0,13,-9.75795,8.0,0.0,hrl_dqn_apf,hierarchical,dqn,-4.147,6.669,-1.023,0.00,0.00,0.00,-13.625,6.985,2.122,0.00,0.00,0.00,-20.653,6.691,-3.851,0.00,0.00,0.00,4.133,4.133,4.133
2026-02-04 17:25:13,26.10,20,368,388,5.15%,84.79,1.24%,"[0, 5, 10, 15, 20, 25, 30, 35, 40, 45, 50, 55, 60, 65, 70, 75, 80, 85, 90, 95, 100]","[12, 6, 0, 2, 0, 0, 0, 0, 0, 0, 0, 0, 0, 0, 0, 1, 1225, 12, 9, 346]","[0.007439553626782393, 0.011159330440173589, 0.011159330440173589, 0.012399256044637322, 0.012399256044637322, 0.012399256044637322, 0.012399256044637322, 0.012399256044637322, 0.012399256044637322, 0.012399256044637322, 0.012399256044637322, 0.012399256044637322, 0.012399256044637322, 0.012399256044637322, 0.012399256044637322, 0.013019218846869188, 0.7724736515809052, 0.7799132052076876, 0.7854928704277744, 1.0]",4.0,2.0,2.0,2.0,2.0,18,-9.59773,8.0,6.0,hrl_dqn_apf,hierarchical,dqn,-3.369,6.757,-0.262,0.00,0.00,0.00,-12.250,6.989,2.307,0.00,0.00,0.00,-20.651,6.869,-3.881,0.00,0.00,0.00,4.130,4.130,4.130
2026-02-04 17:25:14,27.10,21,367,388,5.41%,84.90,1.30%,"[0, 5, 10, 15, 20, 25, 30, 35, 40, 45, 50, 55, 60, 65, 70, 75, 80, 85, 90, 95, 100]","[12, 7, 0, 2, 0, 0, 0, 0, 0, 0, 0, 0, 0, 1, 0, 0, 1223, 14, 9, 345]","[0.007439553626782393, 0.011779293242405457, 0.011779293242405457, 0.013019218846869188, 0.013019218846869188, 0.013019218846869188, 0.013019218846869188, 0.013019218846869188, 0.013019218846869188, 0.013019218846869188, 0.013019218846869188, 0.013019218846869188, 0.013019218846869188, 0.013639181649101054, 0.013639181649101054, 0.013639181649101054, 0.7718536887786733, 0.7805331680099195, 0.7861128332300062, 1.0]",4.0,2.0,2.0,2.0,2.0,18,-9.59773,8.0,6.0,hrl_dqn_apf,hierarchical,dqn,-3.338,6.786,0.416,0.00,0.00,0.00,-11.495,6.986,2.321,0.00,0.00,0.00,-19.998,6.870,-3.883,0.00,0.00,0.00,4.127,4.127,4.127
2026-02-04 17:25:15,28.10,23,367,390,5.90%,85.00,1.43%,"[0, 5, 10, 15, 20, 25, 30, 35, 40, 45, 50, 55, 60, 65, 70, 75, 80, 85, 90, 95, 100]","[11, 8, 1, 1, 1, 1, 0, 0, 0, 0, 0, 0, 0, 0, 0, 0, 1223, 14, 9, 344]","[0.006819590824550527, 0.011779293242405457, 0.012399256044637322, 0.013019218846869188, 0.013639181649101054, 0.01425914445133292, 0.01425914445133292, 0.01425914445133292, 0.01425914445133292, 0.01425914445133292, 0.01425914445133292, 0.01425914445133292, 0.01425914445133292, 0.01425914445133292, 0.01425914445133292, 0.01425914445133292, 0.7724736515809052, 0.7811531308121513, 0.7867327960322381, 1.0]",4.0,2.0,2.0,2.0,2.0,6,-21.43754,8.0,-6.0,hrl_dqn_apf,hierarchical,dqn,-3.734,6.842,0.758,0.00,0.00,0.00,-10.735,6.983,2.325,0.00,0.00,0.00,-19.265,6.867,-3.884,0.00,0.00,0.00,4.124,4.124,4.124
2026-02-04 17:25:16,29.11,23,367,390,5.90%,85.12,1.43%,"[0, 5, 10, 15, 20, 25, 30, 35, 40, 45, 50, 55, 60, 65, 70, 75, 80, 85, 90, 95, 100]","[11, 8, 2, 0, 2, 0, 0, 0, 0, 0, 1, 0, 0, 0, 0, 1, 1219, 14, 7, 348]","[0.006819590824550527, 0.011779293242405457, 0.013019218846869188, 0.013019218846869188, 0.01425914445133292, 0.01425914445133292, 0.01425914445133292, 0.01425914445133292, 0.01425914445133292, 0.01425914445133292, 0.014879107253564786, 0.014879107253564786, 0.014879107253564786, 0.014879107253564786, 0.014879107253564786, 0.015499070055796652, 0.7712337259764415, 0.7799132052076876, 0.7842529448233106, 1.0]",4.0,2.0,2.0,2.0,2.0,14,-3.2774599999999996,8.0,0.0,hrl_dqn_apf,hierarchical,dqn,-4.387,6.846,0.866,0.00,0.00,0.00,-9.975,6.980,2.326,0.00,0.00,0.00,-18.513,6.864,-3.884,0.00,0.00,0.00,4.121,4.121,4.121
2026-02-04 17:25:17,30.11,26,365,391,6.65%,85.32,1.61%,"[0, 5, 10, 15, 20, 25, 30, 35, 40, 45, 50, 55, 60, 65, 70, 75, 80, 85, 90, 95, 100]","[12, 7, 5, 0, 2, 0, 0, 0, 0, 0, 0, 0, 0, 0, 1, 0, 1217, 17, 7, 345]","[0.007439553626782393, 0.011779293242405457, 0.014879107253564786, 0.014879107253564786, 0.016119032858028518, 0.016119032858028518, 0.016119032858028518, 0.016119032858028518, 0.016119032858028518, 0.016119032858028518, 0.016119032858028518, 0.016119032858028518, 0.016119032858028518, 0.016119032858028518, 0.016738995660260384, 0.016738995660260384, 0.7712337259764415, 0.7817730936143832, 0.7861128332300062, 1.0]",4.0,2.0,2.0,2.0,2.0,14,-3.2774599999999996,8.0,0.0,hrl_dqn_apf,hierarchical,dqn,-5.683,6.937,0.879,0.00,0.00,0.00,-9.075,7.064,2.356,0.00,0.00,0.00,-17.835,7.007,-3.216,0.00,0.00,0.00,4.118,4.118,4.118
2026-02-04 17:25:18,31.11,27,364,391,6.91%,85.43,1.67%,"[0, 5, 10, 15, 20, 25, 30, 35, 40, 45, 50, 55, 60, 65, 70, 75, 80, 85, 90, 95, 100]","[12, 7, 6, 0, 2, 0, 0, 0, 0, 0, 0, 0, 1, 0, 0, 1, 1217, 10, 12, 345]","[0.007439553626782393, 0.011779293242405457, 0.015499070055796652, 0.015499070055796652, 0.016738995660260384, 0.016738995660260384, 0.016738995660260384, 0.016738995660260384, 0.016738995660260384, 0.016738995660260384, 0.016738995660260384, 0.016738995660260384, 0.01735895846249225, 0.01735895846249225, 0.01735895846249225, 0.017978921264724116, 0.7724736515809052, 0.7786732796032239, 0.7861128332300062, 1.0]",4.0,2.0,2.0,2.0,2.0,10,-27.11723,8.0,0.0,hrl_dqn_apf,hierarchical,dqn,-5.470,6.992,0.719,0.00,0.00,0.00,-9.358,7.128,2.520,0.00,0.00,0.00,-18.279,7.043,-3.000,0.00,0.00,0.00,4.115,4.115,4.115
2026-02-04 17:25:19,32.11,28,365,393,7.12%,85.57,1.74%,"[0, 5, 10, 15, 20, 25, 30, 35, 40, 45, 50, 55, 60, 65, 70, 75, 80, 85, 90, 95, 100]","[12, 8, 6, 0, 2, 0, 0, 0, 0, 0, 0, 0, 1, 0, 0, 0, 1217, 8, 14, 345]","[0.007439553626782393, 0.012399256044637322, 0.016119032858028518, 0.016119032858028518, 0.01735895846249225, 0.01735895846249225, 0.01735895846249225, 0.01735895846249225, 0.01735895846249225, 0.01735895846249225, 0.01735895846249225, 0.01735895846249225, 0.017978921264724116, 0.017978921264724116, 0.017978921264724116, 0.017978921264724116, 0.7724736515809052, 0.7774333539987601, 0.7861128332300062, 1.0]",4.0,2.0,2.0,2.0,2.0,11,-20.95683,8.0,0.0,hrl_dqn_apf,hierarchical,dqn,-4.909,6.981,0.464,0.00,0.00,0.00,-9.940,7.143,2.775,0.00,0.00,0.00,-18.949,7.044,-2.933,0.00,0.00,0.00,4.112,4.112,4.112
2026-02-04 17:25:20,33.11,28,367,395,7.09%,85.68,1.74%,"[0, 5, 10, 15, 20, 25, 30, 35, 40, 45, 50, 55, 60, 65, 70, 75, 80, 85, 90, 95, 100]","[10, 8, 7, 1, 1, 1, 0, 0, 1, 0, 1, 0, 1, 0, 0, 0, 1211, 14, 14, 343]","[0.006199628022318661, 0.011159330440173589, 0.015499070055796652, 0.016119032858028518, 0.016738995660260384, 0.01735895846249225, 0.01735895846249225, 0.01735895846249225, 0.017978921264724116, 0.017978921264724116, 0.018598884066955982, 0.018598884066955982, 0.019218846869187848, 0.019218846869187848, 0.019218846869187848, 0.019218846869187848, 0.7699938003719777, 0.7786732796032239, 0.78735275883447, 1.0]",4.0,2.0,2.0,2.0,2.0,11,-20.95683,8.0,0.0,hrl_dqn_apf,hierarchical,dqn,-4.248,6.966,0.162,0.00,0.00,0.00,-10.607,7.153,3.077,0.00,0.00,0.00,-19.687,7.041,-2.912,0.00,0.00,0.00,4.109,4.109,4.109
2026-02-04 17:25:21,34.12,31,362,393,7.89%,85.93,1.92%,"[0, 5, 10, 15, 20, 25, 30, 35, 40, 45, 50, 55, 60, 65, 70, 75, 80, 85, 90, 95, 100]","[13, 7, 6, 3, 0, 2, 0, 0, 0, 0, 0, 0, 1, 0, 0, 0, 1211, 8, 16, 346]","[0.008059516429014259, 0.012399256044637322, 0.016119032858028518, 0.017978921264724116, 0.017978921264724116, 0.019218846869187848, 0.019218846869187848, 0.019218846869187848, 0.019218846869187848, 0.019218846869187848, 0.019218846869187848, 0.019218846869187848, 0.019838809671419714, 0.019838809671419714, 0.019838809671419714, 0.019838809671419714, 0.7706137631742096, 0.7755734655920645, 0.7854928704277744, 1.0]",4.0,2.0,2.0,2.0,2.0,21,-20.796709999999997,8.0,12.0,hrl_dqn_apf,hierarchical,dqn,-4.315,7.133,-0.164,0.00,0.00,0.00,-12.051,7.157,3.408,0.00,0.00,0.00,-21.107,7.089,-2.997,0.00,0.00,0.00,4.106,4.106,4.106
2026-02-04 17:25:22,35.12,31,368,399,7.77%,86.09,1.92%,"[0, 5, 10, 15, 20, 25, 30, 35, 40, 45, 50, 55, 60, 65, 70, 75, 80, 85, 90, 95, 100]","[13, 6, 7, 3, 0, 2, 0, 0, 0, 0, 0, 0, 1, 1, 0, 0, 1210, 9, 16, 345]","[0.008059516429014259, 0.011779293242405457, 0.016119032858028518, 0.017978921264724116, 0.017978921264724116, 0.019218846869187848, 0.019218846869187848, 0.019218846869187848, 0.019218846869187848, 0.019218846869187848, 0.019218846869187848, 0.019218846869187848, 0.019838809671419714, 0.02045877247365158, 0.02045877247365158, 0.02045877247365158, 0.7706137631742096, 0.7761934283942964, 0.7861128332300062, 1.0]",4.0,2.0,2.0,2.0,2.0,6,-20.63653,8.0,-6.0,hrl_dqn_apf,hierarchical,dqn,-4.991,7.134,-0.192,0.00,0.00,0.00,-12.829,7.154,3.436,0.00,0.00,0.00,-21.382,7.124,-3.514,0.00,0.00,0.00,4.103,4.103,4.103
2026-02-04 17:25:23,36.12,32,369,401,7.98%,86.24,1.98%,"[0, 5, 10, 15, 20, 25, 30, 35, 40, 45, 50, 55, 60, 65, 70, 75, 80, 85, 90, 95, 100]","[13, 6, 7, 4, 0, 2, 0, 0, 0, 0, 0, 0, 0, 1, 0, 0, 1210, 9, 12, 349]","[0.008059516429014259, 0.011779293242405457, 0.016119032858028518, 0.018598884066955982, 0.018598884066955982, 0.019838809671419714, 0.019838809671419714, 0.019838809671419714, 0.019838809671419714, 0.019838809671419714, 0.019838809671419714, 0.019838809671419714, 0.019838809671419714, 0.02045877247365158, 0.02045877247365158, 0.02045877247365158, 0.7706137631742096, 0.7761934283942964, 0.7836329820210788, 1.0]",4.0,2.0,2.0,2.0,2.0,6,-20.63653,8.0,-6.0,hrl_dqn_apf,hierarchical,dqn,-5.720,7.137,-0.195,0.00,0.00,0.00,-13.584,7.157,3.449,0.00,0.00,0.00,-21.464,7.124,-4.203,0.00,0.00,0.00,4.100,4.100,4.100
2026-02-04 17:25:24,37.12,32,367,399,8.02%,86.33,1.98%,"[0, 5, 10, 15, 20, 25, 30, 35, 40, 45, 50, 55, 60, 65, 70, 75, 80, 85, 90, 95, 100]","[12, 6, 8, 4, 0, 2, 0, 0, 0, 0, 0, 3, 0, 1, 0, 0, 1210, 9, 8, 350]","[0.007439553626782393, 0.011159330440173589, 0.016119032858028518, 0.018598884066955982, 0.018598884066955982, 0.019838809671419714, 0.019838809671419714, 0.019838809671419714, 0.019838809671419714, 0.019838809671419714, 0.019838809671419714, 0.02169869807811531, 0.02169869807811531, 0.022318660880347178, 0.022318660880347178, 0.022318660880347178, 0.7724736515809052, 0.778053316800992, 0.7830130192188469, 1.0]",4.0,2.0,2.0,2.0,2.0,19,-2.4761299999999995,8.0,6.0,hrl_dqn_apf,hierarchical,dqn,-6.167,7.210,0.117,0.00,0.00,0.00,-14.039,7.230,3.766,0.00,0.00,0.00,-21.490,7.121,-4.947,0.00,0.00,0.00,4.097,4.097,4.097
2026-02-04 17:25:25,38.12,33,372,405,8.15%,86.47,2.05%,"[0, 5, 10, 15, 20, 25, 30, 35, 40, 45, 50, 55, 60, 65, 70, 75, 80, 85, 90, 95, 100]","[11, 9, 7, 6, 0, 0, 3, 1, 0, 0, 0, 0, 1, 1, 0, 0, 1206, 7, 12, 349]","[0.006819590824550527, 0.012399256044637322, 0.016738995660260384, 0.02045877247365158, 0.02045877247365158, 0.02045877247365158, 0.022318660880347178, 0.022938623682579044, 0.022938623682579044, 0.022938623682579044, 0.022938623682579044, 0.022938623682579044, 0.023558586484810913, 0.02417854928704278, 0.02417854928704278, 0.02417854928704278, 0.7718536887786733, 0.7761934283942964, 0.7836329820210788, 1.0]",4.0,2.0,2.0,2.0,2.0,9,-2.3962699999999995,8.0,-6.0,hrl_dqn_apf,hierarchical,dqn,-6.359,7.216,1.468,0.00,0.00,0.00,-13.454,7.332,4.361,0.00,0.00,0.00,-21.400,7.171,-6.368,0.00,0.00,0.00,4.094,4.094,4.094
2026-02-04 17:25:26,39.13,33,372,405,8.15%,86.59,2.05%,"[0, 5, 10, 15, 20, 25, 30, 35, 40, 45, 50, 55, 60, 65, 70, 75, 80, 85, 90, 95, 100]","[10, 8, 7, 5, 3, 0, 3, 1, 0, 0, 0, 0, 1, 1, 2, 1, 1206, 7, 8, 350]","[0.006199628022318661, 0.011159330440173589, 0.015499070055796652, 0.018598884066955982, 0.02045877247365158, 0.02045877247365158, 0.022318660880347178, 0.022938623682579044, 0.022938623682579044, 0.022938623682579044, 0.022938623682579044, 0.022938623682579044, 0.023558586484810913, 0.02417854928704278, 0.02541847489150651, 0.026038437693738377, 0.7737135771853689, 0.778053316800992, 0.7830130192188469, 1.0]",4.0,2.0,2.0,2.0,2.0,9,-2.3962699999999995,8.0,-6.0,hrl_dqn_apf,hierarchical,dqn,-6.373,7.213,2.218,0.00,0.00,0.00,-12.758,7.331,4.411,0.00,0.00,0.00,-20.896,7.204,-6.632,0.00,0.00,0.00,4.091,4.091,4.091
2026-02-04 17:25:27,40.13,36,369,405,8.89%,86.62,2.23%,"[0, 5, 10, 15, 20, 25, 30, 35, 40, 45, 50, 55, 60, 65, 70, 75, 80, 85, 90, 95, 100]","[11, 10, 6, 6, 3, 0, 3, 1, 0, 0, 0, 0, 1, 1, 0, 0, 1200, 13, 9, 349]","[0.006819590824550527, 0.013019218846869188, 0.016738995660260384, 0.02045877247365158, 0.022318660880347178, 0.022318660880347178, 0.02417854928704278, 0.024798512089274645, 0.024798512089274645, 0.024798512089274645, 0.024798512089274645, 0.024798512089274645, 0.02541847489150651, 0.026038437693738377, 0.026038437693738377, 0.026038437693738377, 0.7699938003719777, 0.778053316800992, 0.7836329820210788, 1.0]",4.0,2.0,2.0,2.0,2.0,3,-8.23608,8.0,-12.0,hrl_dqn_apf,hierarchical,dqn,-6.374,7.215,2.973,0.00,0.00,0.00,-12.019,7.333,4.423,0.00,0.00,0.00,-20.209,7.205,-6.715,0.00,0.00,0.00,4.088,4.088,4.088
2026-02-04 17:25:28,41.13,37,368,405,9.14%,86.68,2.29%,"[0, 5, 10, 15, 20, 25, 30, 35, 40, 45, 50, 55, 60, 65, 70, 75, 80, 85, 90, 95, 100]","[11, 9, 6, 6, 5, 0, 3, 1, 1, 0, 0, 1, 1, 0, 1, 0, 1198, 14, 10, 346]","[0.006819590824550527, 0.012399256044637322, 0.016119032858028518, 0.019838809671419714, 0.022938623682579044, 0.022938623682579044, 0.024798512089274645, 0.02541847489150651, 0.026038437693738377, 0.026038437693738377, 0.026038437693738377, 0.026658400495970243, 0.02727836329820211, 0.02727836329820211, 0.027898326100433975, 0.027898326100433975, 0.7706137631742096, 0.7792932424054557, 0.7854928704277744, 1.0]",4.0,2.0,2.0,2.0,2.0,3,-8.07533,8.0,-12.0,hrl_dqn_apf,hierarchical,dqn,-6.070,7.289,3.433,0.00,0.00,0.00,-11.562,7.407,4.122,0.00,0.00,0.00,-19.469,7.202,-6.740,0.00,0.00,0.00,4.085,4.085,4.085
2026-02-04 17:25:29,42.13,38,369,407,9.34%,86.89,2.36%,"[0, 5, 10, 15, 20, 25, 30, 35, 40, 45, 50, 55, 60, 65, 70, 75, 80, 85, 90, 95, 100]","[12, 8, 5, 8, 5, 0, 3, 0, 2, 1, 0, 0, 2, 0, 1, 1, 1194, 16, 9, 346]","[0.007439553626782393, 0.012399256044637322, 0.015499070055796652, 0.02045877247365158, 0.023558586484810913, 0.023558586484810913, 0.02541847489150651, 0.02541847489150651, 0.026658400495970243, 0.02727836329820211, 0.02727836329820211, 0.02727836329820211, 0.02851828890266584, 0.02851828890266584, 0.029138251704897707, 0.029758214507129573, 0.7699938003719777, 0.7799132052076876, 0.7854928704277744, 1.0]",4.0,2.0,2.0,2.0,2.0,3,-8.07533,8.0,-12.0,hrl_dqn_apf,hierarchical,dqn,-5.470,7.392,2.862,0.00,0.00,0.00,-11.462,7.470,2.870,0.00,0.00,0.00,-17.949,7.196,-6.751,0.00,0.00,0.00,4.082,4.082,4.082
2026-02-04 17:25:30,43.14,40,367,407,9.83%,86.97,2.48%,"[0, 5, 10, 15, 20, 25, 30, 35, 40, 45, 50, 55, 60, 65, 70, 75, 80, 85, 90, 95, 100]","[14, 7, 7, 6, 6, 0, 1, 2, 1, 1, 0, 0, 0, 2, 1, 1, 1192, 16, 9, 347]","[0.008679479231246125, 0.013019218846869188, 0.01735895846249225, 0.021078735275883446, 0.024798512089274645, 0.024798512089274645, 0.02541847489150651, 0.026658400495970243, 0.02727836329820211, 0.027898326100433975, 0.027898326100433975, 0.027898326100433975, 0.027898326100433975, 0.029138251704897707, 0.029758214507129573, 0.03037817730936144, 0.7693738375697459, 0.7792932424054557, 0.7848729076255425, 1.0]",4.0,2.0,2.0,2.0,2.0,10,-25.91527,8.0,0.0,hrl_dqn_apf,hierarchical,dqn,-5.419,7.391,2.167,0.00,0.00,0.00,-11.949,7.504,2.612,0.00,0.00,0.00,-17.189,7.193,-6.752,0.00,0.00,0.00,4.079,4.079,4.079
2026-02-04 17:25:31,44.14,40,368,408,9.80%,87.10,2.48%,"[0, 5, 10, 15, 20, 25, 30, 35, 40, 45, 50, 55, 60, 65, 70, 75, 80, 85, 90, 95, 100]","[12, 8, 7, 6, 5, 2, 1, 3, 1, 1, 0, 1, 0, 2, 1, 0, 1192, 16, 9, 346]","[0.007439553626782393, 0.012399256044637322, 0.016738995660260384, 0.02045877247365158, 0.023558586484810913, 0.024798512089274645, 0.02541847489150651, 0.02727836329820211, 0.027898326100433975, 0.02851828890266584, 0.02851828890266584, 0.029138251704897707, 0.029138251704897707, 0.03037817730936144, 0.030998140111593304, 0.030998140111593304, 0.7699938003719777, 0.7799132052076876, 0.7854928704277744, 1.0]",4.0,2.0,2.0,2.0,2.0,10,-25.91527,8.0,0.0,hrl_dqn_apf,hierarchical,dqn,-5.404,7.388,1.517,0.00,0.00,0.00,-12.543,7.505,2.537,0.00,0.00,0.00,-16.527,7.195,-6.749,0.00,0.00,0.00,4.076,4.076,4.076
2026-02-04 17:25:32,45.14,41,367,408,10.05%,87.23,2.54%,"[0, 5, 10, 15, 20, 25, 30, 35, 40, 45, 50, 55, 60, 65, 70, 75, 80, 85, 90, 95, 100]","[14, 7, 8, 4, 5, 3, 0, 3, 1, 1, 0, 1, 0, 2, 2, 0, 1192, 12, 13, 345]","[0.008679479231246125, 0.013019218846869188, 0.017978921264724116, 0.02045877247365158, 0.023558586484810913, 0.02541847489150651, 0.02541847489150651, 0.02727836329820211, 0.027898326100433975, 0.02851828890266584, 0.02851828890266584, 0.029138251704897707, 0.029138251704897707, 0.03037817730936144, 0.03161810291382517, 0.03161810291382517, 0.7706137631742096, 0.778053316800992, 0.7861128332300062, 1.0]",4.0,2.0,2.0,2.0,2.0,22,-13.7551,8.0,12.0,hrl_dqn_apf,hierarchical,dqn,-5.398,7.385,0.760,0.00,0.00,0.00,-13.281,7.502,2.508,0.00,0.00,0.00,-16.064,7.269,-6.442,0.00,0.00,0.00,4.073,4.073,4.073
2026-02-04 17:25:33,46.15,42,366,408,10.29%,87.55,2.60%,"[0, 5, 10, 15, 20, 25, 30, 35, 40, 45, 50, 55, 60, 65, 70, 75, 80, 85, 90, 95, 100]","[12, 8, 9, 3, 6, 4, 0, 3, 1, 1, 0, 0, 1, 2, 0, 1, 1186, 15, 14, 347]","[0.007439553626782393, 0.012399256044637322, 0.017978921264724116, 0.019838809671419714, 0.023558586484810913, 0.026038437693738377, 0.026038437693738377, 0.027898326100433975, 0.02851828890266584, 0.029138251704897707, 0.029138251704897707, 0.029138251704897707, 0.029758214507129573, 0.030998140111593304, 0.030998140111593304, 0.03161810291382517, 0.7668939863608184, 0.7761934283942964, 0.7848729076255425, 1.0]",4.0,2.0,2.0,2.0,2.0,24,-1.5945699999999992,8.0,12.0,hrl_dqn_apf,hierarchical,dqn,-5.396,7.565,0.773,0.00,0.00,0.00,-14.813,7.496,2.496,0.00,0.00,0.00,-15.866,7.276,-5.079,0.00,0.00,0.00,4.070,4.070,4.070
2026-02-04 17:25:34,47.15,44,366,410,10.73%,87.62,2.73%,"[0, 5, 10, 15, 20, 25, 30, 35, 40, 45, 50, 55, 60, 65, 70, 75, 80, 85, 90, 95, 100]","[10, 11, 7, 5, 6, 5, 0, 3, 0, 2, 0, 0, 1, 2, 0, 1, 1187, 12, 14, 347]","[0.006199628022318661, 0.013019218846869188, 0.01735895846249225, 0.02045877247365158, 0.02417854928704278, 0.02727836329820211, 0.02727836329820211, 0.029138251704897707, 0.029138251704897707, 0.03037817730936144, 0.03037817730936144, 0.03037817730936144, 0.030998140111593304, 0.032238065716057036, 0.032238065716057036, 0.0328580285182889, 0.768753874767514, 0.7761934283942964, 0.7848729076255425, 1.0]",4.0,2.0,2.0,2.0,2.0,24,-1.5945699999999992,8.0,12.0,hrl_dqn_apf,hierarchical,dqn,-5.396,7.565,1.426,0.00,0.00,0.00,-15.537,7.525,2.459,0.00,0.00,0.00,-15.851,7.273,-4.329,0.00,0.00,0.00,4.067,4.067,4.067
2026-02-04 17:25:35,48.15,44,364,408,10.78%,87.77,2.73%,"[0, 5, 10, 15, 20, 25, 30, 35, 40, 45, 50, 55, 60, 65, 70, 75, 80, 85, 90, 95, 100]","[10, 10, 7, 5, 6, 6, 0, 1, 3, 1, 1, 0, 1, 1, 1, 1, 1187, 8, 16, 348]","[0.006199628022318661, 0.012399256044637322, 0.016738995660260384, 0.019838809671419714, 0.023558586484810913, 0.02727836329820211, 0.02727836329820211, 0.027898326100433975, 0.029758214507129573, 0.03037817730936144, 0.030998140111593304, 0.030998140111593304, 0.03161810291382517, 0.032238065716057036, 0.0328580285182889, 0.03347799132052077, 0.7693738375697459, 0.7743335399876008, 0.7842529448233106, 1.0]",4.0,2.0,2.0,2.0,2.0,12,-13.43417,8.0,0.0,hrl_dqn_apf,hierarchical,dqn,-5.396,7.562,2.160,0.00,0.00,0.00,-15.888,7.578,2.037,0.00,0.00,0.00,-15.842,7.276,-3.573,0.00,0.00,0.00,4.064,4.064,4.064
2026-02-04 17:25:36,49.15,44,368,412,10.68%,87.89,2.73%,"[0, 5, 10, 15, 20, 25, 30, 35, 40, 45, 50, 55, 60, 65, 70, 75, 80, 85, 90, 95, 100]","[9, 11, 5, 7, 6, 6, 1, 0, 3, 1, 2, 0, 1, 0, 2, 1, 1186, 9, 16, 347]","[0.005579665220086794, 0.012399256044637322, 0.015499070055796652, 0.019838809671419714, 0.023558586484810913, 0.02727836329820211, 0.027898326100433975, 0.027898326100433975, 0.029758214507129573, 0.03037817730936144, 0.03161810291382517, 0.03161810291382517, 0.032238065716057036, 0.032238065716057036, 0.03347799132052077, 0.034097954122752634, 0.7693738375697459, 0.7749535027898327, 0.7848729076255425, 1.0]",4.0,2.0,2.0,2.0,2.0,14,-1.2740399999999994,8.0,0.0,hrl_dqn_apf,hierarchical,dqn,-5.396,7.559,2.912,0.00,0.00,0.00,-15.998,7.582,1.375,0.00,0.00,0.00,-15.529,7.350,-3.120,0.00,0.00,0.00,4.061,4.061,4.061
2026-02-04 17:25:37,50.16,45,367,412,10.92%,88.02,2.79%,"[0, 5, 10, 15, 20, 25, 30, 35, 40, 45, 50, 55, 60, 65, 70, 75, 80, 85, 90, 95, 100]","[10, 7, 9, 10, 4, 5, 4, 0, 3, 1, 1, 0, 1, 0, 2, 0, 1187, 10, 10, 349]","[0.006199628022318661, 0.010539367637941723, 0.016119032858028518, 0.022318660880347178, 0.024798512089274645, 0.027898326100433975, 0.03037817730936144, 0.03037817730936144, 0.032238065716057036, 0.0328580285182889, 0.03347799132052077, 0.03347799132052077, 0.034097954122752634, 0.034097954122752634, 0.035337879727216366, 0.035337879727216366, 0.7712337259764415, 0.7774333539987601, 0.7836329820210788, 1.0]",4.0,2.0,2.0,2.0,2.0,14,-1.2740399999999994,8.0,0.0,hrl_dqn_apf,hierarchical,dqn,-5.497,7.609,4.334,0.00,0.00,0.00,-15.392,7.753,0.744,0.00,0.00,0.00,-14.255,7.381,-3.023,0.00,0.00,0.00,4.058,4.058,4.058
2026-02-04 17:25:38,51.17,46,368,414,11.11%,88.11,2.85%,"[0, 5, 10, 15, 20, 25, 30, 35, 40, 45, 50, 55, 60, 65, 70, 75, 80, 85, 90, 95, 100]","[12, 8, 8, 10, 4, 4, 4, 0, 3, 1, 1, 0, 0, 1, 2, 1, 1184, 8, 12, 350]","[0.007439553626782393, 0.012399256044637322, 0.01735895846249225, 0.023558586484810913, 0.026038437693738377, 0.02851828890266584, 0.030998140111593304, 0.030998140111593304, 0.0328580285182889, 0.03347799132052077, 0.034097954122752634, 0.034097954122752634, 0.034097954122752634, 0.0347179169249845, 0.03595784252944823, 0.0365778053316801, 0.7706137631742096, 0.7755734655920645, 0.7830130192188469, 1.0]",4.0,2.0,2.0,2.0,2.0,21,-19.11374,8.0,12.0,hrl_dqn_apf,hierarchical,dqn,-6.005,7.642,4.598,0.00,0.00,0.00,-15.305,7.829,1.184,0.00,0.00,0.00,-13.878,7.371,-3.503,0.00,0.00,0.00,4.055,4.055,4.055
2026-02-04 17:25:39,52.17,45,373,418,10.77%,88.21,2.79%,"[0, 5, 10, 15, 20, 25, 30, 35, 40, 45, 50, 55, 60, 65, 70, 75, 80, 85, 90, 95, 100]","[10, 8, 10, 9, 5, 3, 5, 1, 3, 0, 2, 0, 0, 2, 2, 1, 1182, 8, 12, 350]","[0.006199628022318661, 0.011159330440173589, 0.01735895846249225, 0.022938623682579044, 0.026038437693738377, 0.027898326100433975, 0.030998140111593304, 0.03161810291382517, 0.03347799132052077, 0.03347799132052077, 0.0347179169249845, 0.0347179169249845, 0.0347179169249845, 0.03595784252944823, 0.037197768133911964, 0.03781773093614383, 0.7706137631742096, 0.7755734655920645, 0.7830130192188469, 1.0]",4.0,2.0,2.0,2.0,2.0,18,-6.95365,8.0,6.0,hrl_dqn_apf,hierarchical,dqn,-6.693,7.642,4.680,0.00,0.00,0.00,-15.422,7.868,1.828,0.00,0.00,0.00,-13.610,7.340,-4.158,0.00,0.00,0.00,4.052,4.052,4.052
2026-02-04 17:25:40,53.18,47,371,418,11.24%,88.30,2.91%,"[0, 5, 10, 15, 20, 25, 30, 35, 40, 45, 50, 55, 60, 65, 70, 75, 80, 85, 90, 95, 100]","[10, 8, 10, 8, 7, 4, 5, 1, 2, 1, 2, 0, 0, 1, 2, 1, 1182, 8, 10, 351]","[0.006199628022318661, 0.011159330440173589, 0.01735895846249225, 0.022318660880347178, 0.026658400495970243, 0.029138251704897707, 0.032238065716057036, 0.0328580285182889, 0.034097954122752634, 0.0347179169249845, 0.03595784252944823, 0.03595784252944823, 0.03595784252944823, 0.0365778053316801, 0.03781773093614383, 0.038437693738375696, 0.7712337259764415, 0.7761934283942964, 0.782393056416615, 1.0]",4.0,2.0,2.0,2.0,2.0,18,-6.95365,8.0,6.0,hrl_dqn_apf,hierarchical,dqn,-7.262,7.645,4.812,0.00,0.00,0.00,-15.226,7.951,2.241,0.00,0.00,0.00,-13.164,7.386,-4.575,0.00,0.00,0.00,4.049,4.049,4.049
2026-02-04 17:25:41,54.19,49,369,418,11.72%,88.56,3.04%,"[0, 5, 10, 15, 20, 25, 30, 35, 40, 45, 50, 55, 60, 65, 70, 75, 80, 85, 90, 95, 100]","[10, 7, 8, 9, 9, 6, 3, 3, 0, 3, 1, 1, 0, 1, 0, 3, 1174, 15, 9, 351]","[0.006199628022318661, 0.010539367637941723, 0.015499070055796652, 0.021078735275883446, 0.026658400495970243, 0.03037817730936144, 0.032238065716057036, 0.034097954122752634, 0.034097954122752634, 0.03595784252944823, 0.0365778053316801, 0.037197768133911964, 0.037197768133911964, 0.03781773093614383, 0.03781773093614383, 0.03967761934283943, 0.7675139491630503, 0.7768133911965283, 0.782393056416615, 1.0]",4.0,2.0,2.0,2.0,2.0,3,-6.793480000000001,8.0,-12.0,hrl_dqn_apf,hierarchical,dqn,-8.343,7.725,5.008,0.00,0.00,0.00,-13.914,7.960,2.423,0.00,0.00,0.00,-12.501,7.437,-5.523,0.00,0.00,0.00,4.046,4.046,4.046
2026-02-04 17:25:42,55.19,48,376,424,11.32%,88.66,2.98%,"[0, 5, 10, 15, 20, 25, 30, 35, 40, 45, 50, 55, 60, 65, 70, 75, 80, 85, 90, 95, 100]","[11, 6, 7, 9, 10, 5, 4, 3, 0, 3, 1, 2, 0, 2, 0, 3, 1174, 15, 9, 349]","[0.006819590824550527, 0.010539367637941723, 0.014879107253564786, 0.02045877247365158, 0.026658400495970243, 0.029758214507129573, 0.032238065716057036, 0.034097954122752634, 0.034097954122752634, 0.03595784252944823, 0.0365778053316801, 0.03781773093614383, 0.03781773093614383, 0.03905765654060756, 0.03905765654060756, 0.04091754494730316, 0.768753874767514, 0.778053316800992, 0.7836329820210788, 1.0]",4.0,2.0,2.0,2.0,2.0,1,-18.63295,8.0,-12.0,hrl_dqn_apf,hierarchical,dqn,-8.583,7.765,4.670,0.00,0.00,0.00,-13.164,7.957,2.436,0.00,0.00,0.00,-12.447,7.435,-6.245,0.00,0.00,0.00,4.043,4.043,4.043
2026-02-04 17:25:43,56.19,48,372,420,11.43%,88.79,2.98%,"[0, 5, 10, 15, 20, 25, 30, 35, 40, 45, 50, 55, 60, 65, 70, 75, 80, 85, 90, 95, 100]","[10, 7, 6, 10, 9, 6, 3, 4, 0, 5, 1, 1, 0, 0, 2, 2, 1172, 16, 9, 350]","[0.006199628022318661, 0.010539367637941723, 0.01425914445133292, 0.02045877247365158, 0.026038437693738377, 0.029758214507129573, 0.03161810291382517, 0.034097954122752634, 0.034097954122752634, 0.037197768133911964, 0.03781773093614383, 0.038437693738375696, 0.038437693738375696, 0.038437693738375696, 0.03967761934283943, 0.04091754494730316, 0.7675139491630503, 0.7774333539987601, 0.7830130192188469, 1.0]",4.0,2.0,2.0,2.0,2.0,1,-18.63295,8.0,-12.0,hrl_dqn_apf,hierarchical,dqn,-8.659,7.797,4.126,0.00,0.00,0.00,-12.411,7.959,2.437,0.00,0.00,0.00,-12.431,7.432,-6.994,0.00,0.00,0.00,4.040,4.040,4.040
2026-02-04 17:25:44,57.19,47,373,420,11.19%,88.91,2.91%,"[0, 5, 10, 15, 20, 25, 30, 35, 40, 45, 50, 55, 60, 65, 70, 75, 80, 85, 90, 95, 100]","[8, 8, 7, 9, 10, 5, 6, 4, 0, 4, 2, 1, 0, 0, 1, 2, 1168, 17, 8, 353]","[0.0049597024178549285, 0.009919404835709857, 0.01425914445133292, 0.019838809671419714, 0.026038437693738377, 0.029138251704897707, 0.0328580285182889, 0.035337879727216366, 0.035337879727216366, 0.03781773093614383, 0.03905765654060756, 0.03967761934283943, 0.03967761934283943, 0.03967761934283943, 0.040297582145071294, 0.041537507749535026, 0.7656540607563547, 0.7761934283942964, 0.7811531308121513, 1.0]",4.0,2.0,2.0,2.0,2.0,1,-18.47299,8.0,-12.0,hrl_dqn_apf,hierarchical,dqn,-8.682,7.781,3.425,0.00,0.00,0.00,-11.953,8.033,2.126,0.00,0.00,0.00,-12.426,7.429,-7.754,0.00,0.00,0.00,4.037,4.037,4.037
2026-02-04 17:25:45,58.19,49,372,421,11.64%,89.04,3.04%,"[0, 5, 10, 15, 20, 25, 30, 35, 40, 45, 50, 55, 60, 65, 70, 75, 80, 85, 90, 95, 100]","[10, 8, 4, 12, 7, 8, 5, 6, 0, 0, 5, 1, 1, 0, 1, 0, 1170, 12, 13, 350]","[0.006199628022318661, 0.011159330440173589, 0.013639181649101054, 0.021078735275883446, 0.02541847489150651, 0.03037817730936144, 0.03347799132052077, 0.037197768133911964, 0.037197768133911964, 0.037197768133911964, 0.040297582145071294, 0.04091754494730316, 0.041537507749535026, 0.041537507749535026, 0.04215747055176689, 0.04215747055176689, 0.7675139491630503, 0.7749535027898327, 0.7830130192188469, 1.0]",4.0,2.0,2.0,2.0,2.0,21,-18.39294,8.0,12.0,hrl_dqn_apf,hierarchical,dqn,-7.989,7.865,2.987,0.00,0.00,0.00,-12.463,8.144,1.222,0.00,0.00,0.00,-12.424,7.609,-7.747,0.00,0.00,0.00,4.034,4.034,4.034
2026-02-04 17:25:46,59.20,48,373,421,11.40%,89.15,2.98%,"[0, 5, 10, 15, 20, 25, 30, 35, 40, 45, 50, 55, 60, 65, 70, 75, 80, 85, 90, 95, 100]","[8, 8, 6, 8, 9, 9, 6, 3, 5, 0, 5, 1, 1, 0, 1, 0, 1170, 10, 14, 349]","[0.0049597024178549285, 0.009919404835709857, 0.013639181649101054, 0.018598884066955982, 0.02417854928704278, 0.029758214507129573, 0.03347799132052077, 0.035337879727216366, 0.038437693738375696, 0.038437693738375696, 0.041537507749535026, 0.04215747055176689, 0.04277743335399876, 0.04277743335399876, 0.04339739615623062, 0.04339739615623062, 0.768753874767514, 0.7749535027898327, 0.7836329820210788, 1.0]",4.0,2.0,2.0,2.0,2.0,21,-18.39294,8.0,12.0,hrl_dqn_apf,hierarchical,dqn,-7.398,7.900,3.186,0.00,0.00,0.00,-13.080,8.174,0.882,0.00,0.00,0.00,-12.424,7.610,-7.093,0.00,0.00,0.00,4.031,4.031,4.031
2026-02-04 17:25:47,60.20,51,370,421,12.11%,89.28,3.16%,"[0, 5, 10, 15, 20, 25, 30, 35, 40, 45, 50, 55, 60, 65, 70, 75, 80, 85, 90, 95, 100]","[9, 10, 5, 8, 9, 10, 5, 5, 2, 0, 4, 1, 1, 0, 1, 0, 1168, 10, 16, 349]","[0.005579665220086794, 0.011779293242405457, 0.014879107253564786, 0.019838809671419714, 0.02541847489150651, 0.03161810291382517, 0.0347179169249845, 0.03781773093614383, 0.03905765654060756, 0.03905765654060756, 0.041537507749535026, 0.04215747055176689, 0.04277743335399876, 0.04277743335399876, 0.04339739615623062, 0.04339739615623062, 0.7675139491630503, 0.7737135771853689, 0.7836329820210788, 1.0]",4.0,2.0,2.0,2.0,2.0,12,-12.07246,8.0,0.0,hrl_dqn_apf,hierarchical,dqn,-7.515,8.004,3.299,0.00,0.00,0.00,-13.398,8.203,0.310,0.00,0.00,0.00,-12.423,7.607,-6.343,0.00,0.00,0.00,4.028,4.028,4.028
2026-02-04 17:25:48,61.21,52,371,423,12.29%,89.42,3.22%,"[0, 5, 10, 15, 20, 25, 30, 35, 40, 45, 50, 55, 60, 65, 70, 75, 80, 85, 90, 95, 100]","[11, 8, 7, 6, 10, 10, 6, 3, 3, 0, 3, 1, 1, 0, 1, 0, 1164, 14, 14, 351]","[0.006819590824550527, 0.011779293242405457, 0.016119032858028518, 0.019838809671419714, 0.026038437693738377, 0.032238065716057036, 0.03595784252944823, 0.03781773093614383, 0.03967761934283943, 0.03967761934283943, 0.041537507749535026, 0.04215747055176689, 0.04277743335399876, 0.04277743335399876, 0.04339739615623062, 0.04339739615623062, 0.7650340979541228, 0.7737135771853689, 0.782393056416615, 1.0]",4.0,2.0,2.0,2.0,2.0,15,-24.07246,8.0,6.0,hrl_dqn_apf,hierarchical,dqn,-8.088,8.012,3.334,0.00,0.00,0.00,-13.495,8.203,-0.396,0.00,0.00,0.00,-12.423,7.603,-5.588,0.00,0.00,0.00,4.025,4.025,4.025
2026-02-04 17:25:49,62.21,49,370,419,11.69%,89.74,3.04%,"[0, 5, 10, 15, 20, 25, 30, 35, 40, 45, 50, 55, 60, 65, 70, 75, 80, 85, 90, 95, 100]","[11, 5, 9, 5, 11, 8, 7, 5, 4, 0, 3, 0, 2, 0, 0, 1, 1163, 9, 17, 353]","[0.006819590824550527, 0.009919404835709857, 0.015499070055796652, 0.018598884066955982, 0.02541847489150651, 0.03037817730936144, 0.0347179169249845, 0.03781773093614383, 0.040297582145071294, 0.040297582145071294, 0.04215747055176689, 0.04215747055176689, 0.04339739615623062, 0.04339739615623062, 0.04339739615623062, 0.04401735895846249, 0.7650340979541228, 0.7706137631742096, 0.7811531308121513, 1.0]",4.0,2.0,2.0,2.0,2.0,15,-24.07246,8.0,6.0,hrl_dqn_apf,hierarchical,dqn,-9.330,8.113,3.348,0.00,0.00,0.00,-12.884,8.398,-1.032,0.00,0.00,0.00,-12.400,7.662,-4.278,0.00,0.00,0.00,4.022,4.022,4.022
2026-02-04 17:25:50,63.21,48,373,421,11.40%,89.94,2.98%,"[0, 5, 10, 15, 20, 25, 30, 35, 40, 45, 50, 55, 60, 65, 70, 75, 80, 85, 90, 95, 100]","[11, 5, 8, 4, 12, 8, 7, 6, 4, 0, 1, 2, 1, 1, 0, 1, 1160, 12, 16, 354]","[0.006819590824550527, 0.009919404835709857, 0.014879107253564786, 0.01735895846249225, 0.024798512089274645, 0.029758214507129573, 0.034097954122752634, 0.03781773093614383, 0.040297582145071294, 0.040297582145071294, 0.04091754494730316, 0.04215747055176689, 0.04277743335399876, 0.04339739615623062, 0.04339739615623062, 0.04401735895846249, 0.7631742095474272, 0.7706137631742096, 0.7805331680099195, 1.0]",4.0,2.0,2.0,2.0,2.0,19,0.08798999999999957,8.0,6.0,hrl_dqn_apf,hierarchical,dqn,-9.077,8.183,3.349,0.00,0.00,0.00,-12.781,8.518,-0.583,0.00,0.00,0.00,-12.286,7.654,-4.512,0.00,0.00,0.00,4.019,4.019,4.019
2026-02-04 17:25:51,64.22,45,376,421,10.69%,90.10,2.79%,"[0, 5, 10, 15, 20, 25, 30, 35, 40, 45, 50, 55, 60, 65, 70, 75, 80, 85, 90, 95, 100]","[9, 5, 10, 4, 9, 8, 9, 6, 5, 1, 0, 3, 1, 1, 0, 1, 1160, 12, 10, 359]","[0.005579665220086794, 0.008679479231246125, 0.014879107253564786, 0.01735895846249225, 0.022938623682579044, 0.027898326100433975, 0.03347799132052077, 0.037197768133911964, 0.040297582145071294, 0.04091754494730316, 0.04091754494730316, 0.04277743335399876, 0.04339739615623062, 0.04401735895846249, 0.04401735895846249, 0.044637321760694355, 0.7637941723496591, 0.7712337259764415, 0.7774333539987601, 1.0]",4.0,2.0,2.0,2.0,2.0,17,-11.75478,8.0,6.0,hrl_dqn_apf,hierarchical,dqn,-8.460,8.186,3.349,0.00,0.00,0.00,-12.841,8.607,0.083,0.00,0.00,0.00,-12.160,7.569,-5.114,0.00,0.00,0.00,4.016,4.016,4.016
2026-02-04 17:25:52,65.22,45,378,423,10.64%,90.27,2.79%,"[0, 5, 10, 15, 20, 25, 30, 35, 40, 45, 50, 55, 60, 65, 70, 75, 80, 85, 90, 95, 100]","[10, 5, 8, 5, 9, 8, 10, 6, 3, 2, 0, 3, 1, 1, 0, 1, 1158, 12, 10, 361]","[0.006199628022318661, 0.009299442033477991, 0.01425914445133292, 0.01735895846249225, 0.022938623682579044, 0.027898326100433975, 0.034097954122752634, 0.03781773093614383, 0.03967761934283943, 0.04091754494730316, 0.04091754494730316, 0.04277743335399876, 0.04339739615623062, 0.04401735895846249, 0.04401735895846249, 0.044637321760694355, 0.7625542467451953, 0.7699938003719777, 0.7761934283942964, 1.0]",4.0,2.0,2.0,2.0,2.0,17,-11.75478,8.0,6.0,hrl_dqn_apf,hierarchical,dqn,-7.740,8.184,3.349,0.00,0.00,0.00,-12.934,8.690,0.812,0.00,0.00,0.00,-12.047,7.481,-5.826,0.00,0.00,0.00,4.013,4.013,4.013
2026-02-04 17:25:53,66.22,42,385,427,9.84%,90.66,2.60%,"[0, 5, 10, 15, 20, 25, 30, 35, 40, 45, 50, 55, 60, 65, 70, 75, 80, 85, 90, 95, 100]","[11, 3, 8, 6, 6, 8, 12, 4, 5, 3, 0, 3, 1, 1, 0, 0, 1157, 9, 11, 365]","[0.006819590824550527, 0.008679479231246125, 0.013639181649101054, 0.01735895846249225, 0.021078735275883446, 0.026038437693738377, 0.03347799132052077, 0.03595784252944823, 0.03905765654060756, 0.04091754494730316, 0.04091754494730316, 0.04277743335399876, 0.04339739615623062, 0.04401735895846249, 0.04401735895846249, 0.04401735895846249, 0.7613143211407316, 0.7668939863608184, 0.7737135771853689, 1.0]",4.0,2.0,2.0,2.0,2.0,11,-17.59165,8.0,0.0,hrl_dqn_apf,hierarchical,dqn,-6.231,8.178,3.349,0.00,0.00,0.00,-13.033,8.689,2.321,0.00,0.00,0.00,-12.622,7.629,-6.459,0.00,0.00,0.00,4.010,4.010,4.010
2026-02-04 17:25:54,67.23,42,385,427,9.84%,90.85,2.60%,"[0, 5, 10, 15, 20, 25, 30, 35, 40, 45, 50, 55, 60, 65, 70, 75, 80, 85, 90, 95, 100]","[13, 3, 4, 8, 6, 8, 9, 7, 4, 4, 0, 3, 0, 2, 0, 0, 1155, 11, 9, 367]","[0.008059516429014259, 0.009919404835709857, 0.012399256044637322, 0.01735895846249225, 0.021078735275883446, 0.026038437693738377, 0.03161810291382517, 0.03595784252944823, 0.038437693738375696, 0.04091754494730316, 0.04091754494730316, 0.04277743335399876, 0.04277743335399876, 0.04401735895846249, 0.04401735895846249, 0.04401735895846249, 0.7600743955362679, 0.7668939863608184, 0.7724736515809052, 1.0]",4.0,2.0,2.0,2.0,2.0,24,0.5686599999999995,8.0,12.0,hrl_dqn_apf,hierarchical,dqn,-5.504,8.207,3.386,0.00,0.00,0.00,-13.041,8.685,3.083,0.00,0.00,0.00,-12.825,7.663,-6.005,0.00,0.00,0.00,4.007,4.007,4.007
2026-02-04 17:25:55,68.23,41,386,427,9.60%,91.05,2.54%,"[0, 5, 10, 15, 20, 25, 30, 35, 40, 45, 50, 55, 60, 65, 70, 75, 80, 85, 90, 95, 100]","[13, 3, 4, 7, 5, 9, 9, 6, 6, 4, 0, 1, 2, 1, 1, 0, 1151, 12, 12, 367]","[0.008059516429014259, 0.009919404835709857, 0.012399256044637322, 0.016738995660260384, 0.019838809671419714, 0.02541847489150651, 0.030998140111593304, 0.0347179169249845, 0.038437693738375696, 0.04091754494730316, 0.04091754494730316, 0.041537507749535026, 0.04277743335399876, 0.04339739615623062, 0.04401735895846249, 0.04401735895846249, 0.7575945443273404, 0.7650340979541228, 0.7724736515809052, 1.0]",4.0,2.0,2.0,2.0,2.0,24,0.5686599999999995,8.0,12.0,hrl_dqn_apf,hierarchical,dqn,-5.156,8.260,3.810,0.00,0.00,0.00,-13.039,8.688,3.841,0.00,0.00,0.00,-12.889,7.664,-5.329,0.00,0.00,0.00,4.004,4.004,4.004
2026-02-04 17:25:56,69.24,40,387,427,9.37%,91.23,2.48%,"[0, 5, 10, 15, 20, 25, 30, 35, 40, 45, 50, 55, 60, 65, 70, 75, 80, 85, 90, 95, 100]","[14, 2, 4, 8, 4, 8, 7, 8, 6, 5, 0, 0, 3, 1, 1, 0, 1149, 14, 12, 367]","[0.008679479231246125, 0.009919404835709857, 0.012399256044637322, 0.01735895846249225, 0.019838809671419714, 0.024798512089274645, 0.029138251704897707, 0.034097954122752634, 0.03781773093614383, 0.04091754494730316, 0.04091754494730316, 0.04091754494730316, 0.04277743335399876, 0.04339739615623062, 0.04401735895846249, 0.04401735895846249, 0.7563546187228767, 0.7650340979541228, 0.7724736515809052, 1.0]",4.0,2.0,2.0,2.0,2.0,18,-5.271380000000001,8.0,6.0,hrl_dqn_apf,hierarchical,dqn,-5.046,8.264,4.472,0.00,0.00,0.00,-12.724,8.762,4.292,0.00,0.00,0.00,-12.909,7.661,-4.593,0.00,0.00,0.00,4.001,4.001,4.001
2026-02-04 17:25:57,70.24,37,390,427,8.67%,91.56,2.29%,"[0, 5, 10, 15, 20, 25, 30, 35, 40, 45, 50, 55, 60, 65, 70, 75, 80, 85, 90, 95, 100]","[13, 4, 3, 7, 5, 5, 7, 11, 5, 4, 2, 0, 3, 1, 3, 0, 1145, 14, 10, 371]","[0.008059516429014259, 0.010539367637941723, 0.012399256044637322, 0.016738995660260384, 0.019838809671419714, 0.022938623682579044, 0.02727836329820211, 0.034097954122752634, 0.037197768133911964, 0.03967761934283943, 0.04091754494730316, 0.04091754494730316, 0.04277743335399876, 0.04339739615623062, 0.04525728456292622, 0.04525728456292622, 0.755114693118413, 0.7637941723496591, 0.7699938003719777, 1.0]",4.0,2.0,2.0,2.0,2.0,1,-17.11114,8.0,-12.0,hrl_dqn_apf,hierarchical,dqn,-5.001,8.258,5.961,0.00,0.00,0.00,-11.375,8.768,4.484,0.00,0.00,0.00,-12.917,7.767,-3.286,0.00,0.00,0.00,3.998,3.998,3.998
2026-02-04 17:25:58,71.25,39,388,427,9.13%,91.67,2.42%,"[0, 5, 10, 15, 20, 25, 30, 35, 40, 45, 50, 55, 60, 65, 70, 75, 80, 85, 90, 95, 100]","[12, 6, 3, 7, 6, 5, 6, 11, 4, 5, 3, 0, 3, 1, 1, 0, 1142, 17, 9, 372]","[0.007439553626782393, 0.011159330440173589, 0.013019218846869188, 0.01735895846249225, 0.021078735275883446, 0.02417854928704278, 0.027898326100433975, 0.0347179169249845, 0.037197768133911964, 0.040297582145071294, 0.04215747055176689, 0.04215747055176689, 0.04401735895846249, 0.044637321760694355, 0.04525728456292622, 0.04525728456292622, 0.7532548047117174, 0.7637941723496591, 0.7693738375697459, 1.0]",4.0,2.0,2.0,2.0,2.0,1,-17.11114,8.0,-12.0,hrl_dqn_apf,hierarchical,dqn,-4.998,8.255,6.722,0.00,0.00,0.00,-10.622,8.765,4.498,0.00,0.00,0.00,-12.918,7.835,-3.536,0.00,0.00,0.00,3.995,3.995,3.995
2026-02-04 17:25:59,72.25,38,390,428,8.88%,91.80,2.36%,"[0, 5, 10, 15, 20, 25, 30, 35, 40, 45, 50, 55, 60, 65, 70, 75, 80, 85, 90, 95, 100]","[11, 7, 3, 4, 7, 6, 7, 10, 5, 4, 4, 0, 4, 0, 2, 0, 1142, 18, 9, 370]","[0.006819590824550527, 0.011159330440173589, 0.013019218846869188, 0.015499070055796652, 0.019838809671419714, 0.023558586484810913, 0.027898326100433975, 0.034097954122752634, 0.037197768133911964, 0.03967761934283943, 0.04215747055176689, 0.04215747055176689, 0.044637321760694355, 0.044637321760694355, 0.04587724736515809, 0.04587724736515809, 0.7538747675139492, 0.7650340979541228, 0.7706137631742096, 1.0]",4.0,2.0,2.0,2.0,2.0,23,-4.95078,8.0,12.0,hrl_dqn_apf,hierarchical,dqn,-4.997,8.252,7.485,0.00,0.00,0.00,-9.861,8.762,4.502,0.00,0.00,0.00,-12.918,7.838,-4.151,0.00,0.00,0.00,3.992,3.992,3.992
2026-02-04 17:26:00,73.25,38,388,426,8.92%,91.90,2.36%,"[0, 5, 10, 15, 20, 25, 30, 35, 40, 45, 50, 55, 60, 65, 70, 75, 80, 85, 90, 95, 100]","[9, 10, 3, 4, 6, 6, 8, 8, 7, 5, 4, 0, 2, 1, 2, 1, 1142, 11, 14, 370]","[0.005579665220086794, 0.011779293242405457, 0.013639181649101054, 0.016119032858028518, 0.019838809671419714, 0.023558586484810913, 0.02851828890266584, 0.03347799132052077, 0.03781773093614383, 0.04091754494730316, 0.04339739615623062, 0.04339739615623062, 0.044637321760694355, 0.04525728456292622, 0.04649721016738995, 0.047117172969621826, 0.755114693118413, 0.7619342839429635, 0.7706137631742096, 1.0]",4.0,2.0,2.0,2.0,2.0,23,-4.95078,8.0,12.0,hrl_dqn_apf,hierarchical,dqn,-4.997,8.249,8.245,0.00,0.00,0.00,-9.102,8.759,4.503,0.00,0.00,0.00,-12.918,7.836,-4.871,0.00,0.00,0.00,3.989,3.989,3.989
2026-02-04 17:26:01,74.25,37,389,426,8.69%,92.20,2.29%,"[0, 5, 10, 15, 20, 25, 30, 35, 40, 45, 50, 55, 60, 65, 70, 75, 80, 85, 90, 95, 100]","[10, 9, 3, 3, 6, 6, 7, 7, 9, 6, 3, 2, 0, 4, 1, 1, 1136, 15, 14, 371]","[0.006199628022318661, 0.011779293242405457, 0.013639181649101054, 0.015499070055796652, 0.019218846869187848, 0.022938623682579044, 0.02727836329820211, 0.03161810291382517, 0.037197768133911964, 0.04091754494730316, 0.04277743335399876, 0.04401735895846249, 0.04401735895846249, 0.04649721016738995, 0.047117172969621826, 0.04773713577185369, 0.7520148791072536, 0.7613143211407316, 0.7699938003719777, 1.0]",4.0,2.0,2.0,2.0,2.0,5,-22.79085,8.0,-6.0,hrl_dqn_apf,hierarchical,dqn,-4.997,8.243,9.771,0.00,0.00,0.00,-9.123,8.939,4.504,0.00,0.00,0.00,-12.816,7.886,-6.283,0.00,0.00,0.00,3.986,3.986,3.986
2026-02-04 17:26:02,75.25,37,387,424,8.73%,92.33,2.29%,"[0, 5, 10, 15, 20, 25, 30, 35, 40, 45, 50, 55, 60, 65, 70, 75, 80, 85, 90, 95, 100]","[10, 8, 4, 3, 7, 5, 6, 7, 11, 5, 4, 2, 0, 3, 2, 1, 1136, 11, 14, 374]","[0.006199628022318661, 0.011159330440173589, 0.013639181649101054, 0.015499070055796652, 0.019838809671419714, 0.022938623682579044, 0.026658400495970243, 0.030998140111593304, 0.03781773093614383, 0.04091754494730316, 0.04339739615623062, 0.044637321760694355, 0.044637321760694355, 0.04649721016738995, 0.04773713577185369, 0.04835709857408556, 0.7526348419094855, 0.759454432734036, 0.7681339119652821, 1.0]",4.0,2.0,2.0,2.0,2.0,4,1.28913,8.0,-12.0,hrl_dqn_apf,hierarchical,dqn,-4.997,8.240,10.532,0.00,0.00,0.00,-9.776,8.940,4.504,0.00,0.00,0.00,-12.309,7.918,-6.545,0.00,0.00,0.00,3.983,3.983,3.983
2026-02-04 17:26:03,76.26,38,380,418,9.09%,92.49,2.36%,"[0, 5, 10, 15, 20, 25, 30, 35, 40, 45, 50, 55, 60, 65, 70, 75, 80, 85, 90, 95, 100]","[11, 7, 5, 2, 7, 6, 6, 7, 10, 6, 3, 3, 0, 3, 1, 1, 1136, 8, 17, 374]","[0.006819590824550527, 0.011159330440173589, 0.01425914445133292, 0.015499070055796652, 0.019838809671419714, 0.023558586484810913, 0.02727836329820211, 0.03161810291382517, 0.03781773093614383, 0.041537507749535026, 0.04339739615623062, 0.04525728456292622, 0.04525728456292622, 0.047117172969621826, 0.04773713577185369, 0.04835709857408556, 0.7526348419094855, 0.7575945443273404, 0.7681339119652821, 1.0]",4.0,2.0,2.0,2.0,2.0,4,1.28913,8.0,-12.0,hrl_dqn_apf,hierarchical,dqn,-4.997,8.249,11.284,0.00,0.00,0.00,-10.506,8.937,4.504,0.00,0.00,0.00,-11.621,7.918,-6.627,0.00,0.00,0.00,3.980,3.980,3.980
2026-02-04 17:26:04,77.26,36,388,424,8.49%,92.62,2.23%,"[0, 5, 10, 15, 20, 25, 30, 35, 40, 45, 50, 55, 60, 65, 70, 75, 80, 85, 90, 95, 100]","[10, 7, 5, 3, 4, 7, 7, 7, 10, 5, 5, 3, 1, 3, 1, 2, 1135, 9, 17, 372]","[0.006199628022318661, 0.010539367637941723, 0.013639181649101054, 0.015499070055796652, 0.017978921264724116, 0.022318660880347178, 0.026658400495970243, 0.030998140111593304, 0.037197768133911964, 0.040297582145071294, 0.04339739615623062, 0.04525728456292622, 0.04587724736515809, 0.04773713577185369, 0.04835709857408556, 0.04959702417854929, 0.7532548047117174, 0.7588344699318041, 0.7693738375697459, 1.0]",4.0,2.0,2.0,2.0,2.0,6,-16.55034,8.0,-6.0,hrl_dqn_apf,hierarchical,dqn,-4.997,8.400,11.414,0.00,0.00,0.00,-11.282,8.934,4.504,0.00,0.00,0.00,-10.858,7.915,-6.653,0.00,0.00,0.00,3.977,3.977,3.977
2026-02-04 17:26:05,78.26,36,388,424,8.49%,92.87,2.23%,"[0, 5, 10, 15, 20, 25, 30, 35, 40, 45, 50, 55, 60, 65, 70, 75, 80, 85, 90, 95, 100]","[10, 6, 6, 4, 3, 7, 5, 9, 6, 8, 5, 6, 2, 0, 3, 1, 1136, 9, 9, 378]","[0.006199628022318661, 0.009919404835709857, 0.013639181649101054, 0.016119032858028518, 0.017978921264724116, 0.022318660880347178, 0.02541847489150651, 0.030998140111593304, 0.0347179169249845, 0.03967761934283943, 0.04277743335399876, 0.04649721016738995, 0.04773713577185369, 0.04773713577185369, 0.04959702417854929, 0.050216986980781156, 0.7544947303161811, 0.7600743955362679, 0.7656540607563547, 1.0]",4.0,2.0,2.0,2.0,2.0,4,1.6093600000000006,8.0,-12.0,hrl_dqn_apf,hierarchical,dqn,-4.997,8.418,10.279,0.00,0.00,0.00,-12.026,9.021,3.755,0.00,0.00,0.00,-9.552,7.913,-6.662,0.00,0.00,0.00,3.974,3.974,3.974
2026-02-04 17:26:06,79.27,35,391,426,8.22%,92.98,2.17%,"[0, 5, 10, 15, 20, 25, 30, 35, 40, 45, 50, 55, 60, 65, 70, 75, 80, 85, 90, 95, 100]","[10, 7, 7, 2, 3, 6, 6, 7, 7, 9, 6, 4, 3, 0, 3, 1, 1132, 7, 15, 378]","[0.006199628022318661, 0.010539367637941723, 0.014879107253564786, 0.016119032858028518, 0.017978921264724116, 0.02169869807811531, 0.02541847489150651, 0.029758214507129573, 0.034097954122752634, 0.03967761934283943, 0.04339739615623062, 0.04587724736515809, 0.04773713577185369, 0.04773713577185369, 0.04959702417854929, 0.050216986980781156, 0.7520148791072536, 0.7563546187228767, 0.7656540607563547, 1.0]",4.0,2.0,2.0,2.0,2.0,4,1.6093600000000006,8.0,-12.0,hrl_dqn_apf,hierarchical,dqn,-4.997,8.415,9.541,0.00,0.00,0.00,-12.090,9.020,3.049,0.00,0.00,0.00,-9.129,7.964,-6.663,0.00,0.00,0.00,3.971,3.971,3.971
2026-02-04 17:26:07,80.27,36,392,428,8.41%,93.13,2.23%,"[0, 5, 10, 15, 20, 25, 30, 35, 40, 45, 50, 55, 60, 65, 70, 75, 80, 85, 90, 95, 100]","[10, 5, 7, 4, 4, 6, 5, 7, 7, 10, 5, 5, 2, 1, 3, 1, 1132, 7, 13, 379]","[0.006199628022318661, 0.009299442033477991, 0.013639181649101054, 0.016119032858028518, 0.018598884066955982, 0.022318660880347178, 0.02541847489150651, 0.029758214507129573, 0.034097954122752634, 0.040297582145071294, 0.04339739615623062, 0.04649721016738995, 0.04773713577185369, 0.04835709857408556, 0.050216986980781156, 0.05083694978301302, 0.7526348419094855, 0.7569745815251085, 0.7650340979541228, 1.0]",4.0,2.0,2.0,2.0,2.0,11,-16.22971,8.0,0.0,hrl_dqn_apf,hierarchical,dqn,-5.002,8.420,8.806,0.00,0.00,0.00,-12.110,9.017,2.318,0.00,0.00,0.00,-9.287,8.045,-6.663,0.00,0.00,0.00,3.968,3.968,3.968
2026-02-04 17:26:08,81.27,35,392,427,8.20%,93.32,2.17%,"[0, 5, 10, 15, 20, 25, 30, 35, 40, 45, 50, 55, 60, 65, 70, 75, 80, 85, 90, 95, 100]","[11, 6, 6, 5, 1, 6, 6, 6, 7, 10, 6, 3, 4, 1, 3, 1, 1132, 7, 9, 383]","[0.006819590824550527, 0.010539367637941723, 0.01425914445133292, 0.01735895846249225, 0.017978921264724116, 0.02169869807811531, 0.02541847489150651, 0.029138251704897707, 0.03347799132052077, 0.03967761934283943, 0.04339739615623062, 0.04525728456292622, 0.04773713577185369, 0.04835709857408556, 0.050216986980781156, 0.05083694978301302, 0.7526348419094855, 0.7569745815251085, 0.7625542467451953, 1.0]",4.0,2.0,2.0,2.0,2.0,21,-16.06936,8.0,12.0,hrl_dqn_apf,hierarchical,dqn,-5.323,8.492,8.362,0.00,0.00,0.00,-12.116,9.014,1.561,0.00,0.00,0.00,-9.867,8.053,-6.663,0.00,0.00,0.00,3.965,3.965,3.965
2026-02-04 17:26:09,82.27,35,392,427,8.20%,93.58,2.17%,"[0, 5, 10, 15, 20, 25, 30, 35, 40, 45, 50, 55, 60, 65, 70, 75, 80, 85, 90, 95, 100]","[13, 5, 6, 6, 2, 3, 7, 5, 8, 7, 7, 5, 4, 1, 2, 1, 1125, 14, 9, 383]","[0.008059516429014259, 0.011159330440173589, 0.014879107253564786, 0.018598884066955982, 0.019838809671419714, 0.02169869807811531, 0.026038437693738377, 0.029138251704897707, 0.034097954122752634, 0.038437693738375696, 0.04277743335399876, 0.04587724736515809, 0.04835709857408556, 0.048977061376317424, 0.050216986980781156, 0.05083694978301302, 0.7482951022938623, 0.7569745815251085, 0.7625542467451953, 1.0]",4.0,2.0,2.0,2.0,2.0,21,-16.06936,8.0,12.0,hrl_dqn_apf,hierarchical,dqn,-6.675,8.498,8.173,0.00,0.00,0.00,-12.013,9.065,0.144,0.00,0.00,0.00,-11.222,8.103,-6.557,0.00,0.00,0.00,3.962,3.962,3.962
2026-02-04 17:26:10,83.28,35,392,427,8.20%,93.70,2.17%,"[0, 5, 10, 15, 20, 25, 30, 35, 40, 45, 50, 55, 60, 65, 70, 75, 80, 85, 90, 95, 100]","[13, 6, 6, 5, 2, 3, 6, 4, 9, 7, 7, 6, 4, 1, 1, 2, 1124, 15, 9, 383]","[0.008059516429014259, 0.011779293242405457, 0.015499070055796652, 0.018598884066955982, 0.019838809671419714, 0.02169869807811531, 0.02541847489150651, 0.027898326100433975, 0.03347799132052077, 0.03781773093614383, 0.04215747055176689, 0.04587724736515809, 0.04835709857408556, 0.048977061376317424, 0.04959702417854929, 0.05083694978301302, 0.7476751394916304, 0.7569745815251085, 0.7625542467451953, 1.0]",4.0,2.0,2.0,2.0,2.0,9,2.0907999999999998,8.0,-6.0,hrl_dqn_apf,hierarchical,dqn,-7.425,8.495,8.159,0.00,0.00,0.00,-11.502,9.097,-0.115,0.00,0.00,0.00,-11.478,8.134,-6.045,0.00,0.00,0.00,3.959,3.959,3.959
2026-02-04 17:26:11,84.29,35,392,427,8.20%,93.82,2.17%,"[0, 5, 10, 15, 20, 25, 30, 35, 40, 45, 50, 55, 60, 65, 70, 75, 80, 85, 90, 95, 100]","[12, 6, 5, 6, 3, 3, 8, 4, 7, 6, 9, 6, 4, 2, 0, 3, 1120, 15, 7, 387]","[0.007439553626782393, 0.011159330440173589, 0.01425914445133292, 0.017978921264724116, 0.019838809671419714, 0.02169869807811531, 0.026658400495970243, 0.029138251704897707, 0.03347799132052077, 0.037197768133911964, 0.04277743335399876, 0.04649721016738995, 0.048977061376317424, 0.050216986980781156, 0.050216986980781156, 0.052076875387476754, 0.7464352138871667, 0.7557346559206448, 0.7600743955362679, 1.0]",4.0,2.0,2.0,2.0,2.0,10,-21.7489,8.0,0.0,hrl_dqn_apf,hierarchical,dqn,-8.080,8.492,8.155,0.00,0.00,0.00,-10.911,9.097,-0.190,0.00,0.00,0.00,-11.557,8.139,-5.458,0.00,0.00,0.00,3.956,3.956,3.956
2026-02-04 17:26:12,85.29,35,392,427,8.20%,93.88,2.17%,"[0, 5, 10, 15, 20, 25, 30, 35, 40, 45, 50, 55, 60, 65, 70, 75, 80, 85, 90, 95, 100]","[13, 7, 4, 6, 3, 2, 6, 5, 8, 6, 10, 6, 3, 2, 1, 2, 1118, 17, 8, 386]","[0.008059516429014259, 0.012399256044637322, 0.014879107253564786, 0.018598884066955982, 0.02045877247365158, 0.02169869807811531, 0.02541847489150651, 0.02851828890266584, 0.03347799132052077, 0.037197768133911964, 0.04339739615623062, 0.047117172969621826, 0.048977061376317424, 0.050216986980781156, 0.05083694978301302, 0.052076875387476754, 0.745195288282703, 0.7557346559206448, 0.7606943583384997, 1.0]",4.0,2.0,2.0,2.0,2.0,10,-21.7489,8.0,0.0,hrl_dqn_apf,hierarchical,dqn,-8.848,8.489,8.154,0.00,0.00,0.00,-10.165,9.095,-0.220,0.00,0.00,0.00,-11.909,8.202,-5.030,0.00,0.00,0.00,3.952,3.952,3.952
2026-02-04 17:26:13,86.30,36,390,426,8.45%,94.13,2.23%,"[0, 5, 10, 15, 20, 25, 30, 35, 40, 45, 50, 55, 60, 65, 70, 75, 80, 85, 90, 95, 100]","[11, 8, 5, 6, 4, 2, 5, 6, 7, 6, 11, 4, 4, 3, 1, 2, 1118, 12, 13, 385]","[0.006819590824550527, 0.011779293242405457, 0.014879107253564786, 0.018598884066955982, 0.021078735275883446, 0.022318660880347178, 0.02541847489150651, 0.029138251704897707, 0.03347799132052077, 0.037197768133911964, 0.04401735895846249, 0.04649721016738995, 0.048977061376317424, 0.05083694978301302, 0.05145691258524489, 0.05269683818970862, 0.7458152510849348, 0.7532548047117174, 0.7613143211407316, 1.0]",4.0,2.0,2.0,2.0,2.0,11,-15.58851,8.0,0.0,hrl_dqn_apf,hierarchical,dqn,-9.603,8.577,7.356,0.00,0.00,0.00,-8.638,9.089,-0.232,0.00,0.00,0.00,-13.284,8.206,-4.850,0.00,0.00,0.00,3.950,3.950,3.950
2026-02-04 17:26:14,87.30,38,386,424,8.96%,94.21,2.36%,"[0, 5, 10, 15, 20, 25, 30, 35, 40, 45, 50, 55, 60, 65, 70, 75, 80, 85, 90, 95, 100]","[10, 11, 5, 6, 4, 2, 3, 8, 5, 8, 8, 7, 3, 4, 1, 2, 1117, 10, 14, 385]","[0.006199628022318661, 0.013019218846869188, 0.016119032858028518, 0.019838809671419714, 0.022318660880347178, 0.023558586484810913, 0.02541847489150651, 0.03037817730936144, 0.03347799132052077, 0.038437693738375696, 0.04339739615623062, 0.04773713577185369, 0.04959702417854929, 0.052076875387476754, 0.05269683818970862, 0.05393676379417235, 0.7464352138871667, 0.7526348419094855, 0.7613143211407316, 1.0]",4.0,2.0,2.0,2.0,2.0,19,2.5715400000000006,8.0,6.0,hrl_dqn_apf,hierarchical,dqn,-9.662,8.575,6.643,0.00,0.00,0.00,-7.875,9.086,-0.233,0.00,0.00,0.00,-14.038,8.203,-4.837,0.00,0.00,0.00,3.946,3.946,3.947
2026-02-04 17:26:15,88.30,40,386,426,9.39%,94.27,2.48%,"[0, 5, 10, 15, 20, 25, 30, 35, 40, 45, 50, 55, 60, 65, 70, 75, 80, 85, 90, 95, 100]","[9, 12, 5, 6, 6, 2, 3, 6, 4, 10, 8, 6, 4, 4, 1, 0, 1113, 15, 15, 384]","[0.005579665220086794, 0.013019218846869188, 0.016119032858028518, 0.019838809671419714, 0.023558586484810913, 0.024798512089274645, 0.026658400495970243, 0.03037817730936144, 0.0328580285182889, 0.03905765654060756, 0.04401735895846249, 0.04773713577185369, 0.050216986980781156, 0.05269683818970862, 0.053316800991940486, 0.053316800991940486, 0.7433353998760074, 0.7526348419094855, 0.7619342839429635, 1.0]",4.0,2.0,2.0,2.0,2.0,19,2.5715400000000006,8.0,6.0,hrl_dqn_apf,hierarchical,dqn,-9.680,8.572,5.893,0.00,0.00,0.00,-7.112,9.082,-0.233,0.00,0.00,0.00,-14.786,8.217,-4.833,0.00,0.00,0.00,3.944,3.944,3.944
2026-02-04 17:26:16,89.30,40,384,424,9.43%,94.39,2.48%,"[0, 5, 10, 15, 20, 25, 30, 35, 40, 45, 50, 55, 60, 65, 70, 75, 80, 85, 90, 95, 100]","[11, 12, 5, 4, 6, 2, 2, 8, 4, 8, 5, 9, 4, 5, 1, 1, 1113, 13, 16, 384]","[0.006819590824550527, 0.01425914445133292, 0.01735895846249225, 0.019838809671419714, 0.023558586484810913, 0.024798512089274645, 0.026038437693738377, 0.030998140111593304, 0.03347799132052077, 0.038437693738375696, 0.041537507749535026, 0.047117172969621826, 0.04959702417854929, 0.05269683818970862, 0.053316800991940486, 0.05393676379417235, 0.7439553626782393, 0.7520148791072536, 0.7619342839429635, 1.0]",4.0,2.0,2.0,2.0,2.0,14,2.7318800000000003,8.0,0.0,hrl_dqn_apf,hierarchical,dqn,-9.686,8.569,5.134,0.00,0.00,0.00,-6.349,9.079,-0.234,0.00,0.00,0.00,-14.896,8.363,-4.832,0.00,0.00,0.00,3.941,3.941,3.941
2026-02-04 17:26:17,90.30,41,383,424,9.67%,94.77,2.54%,"[0, 5, 10, 15, 20, 25, 30, 35, 40, 45, 50, 55, 60, 65, 70, 75, 80, 85, 90, 95, 100]","[9, 12, 6, 4, 7, 3, 1, 7, 4, 6, 7, 10, 3, 4, 2, 2, 1112, 10, 18, 386]","[0.005579665220086794, 0.013019218846869188, 0.016738995660260384, 0.019218846869187848, 0.023558586484810913, 0.02541847489150651, 0.026038437693738377, 0.03037817730936144, 0.0328580285182889, 0.0365778053316801, 0.04091754494730316, 0.047117172969621826, 0.048977061376317424, 0.05145691258524489, 0.05269683818970862, 0.05393676379417235, 0.7433353998760074, 0.749535027898326, 0.7606943583384997, 1.0]",4.0,2.0,2.0,2.0,2.0,19,2.89232,8.0,6.0,hrl_dqn_apf,hierarchical,dqn,-10.260,8.731,4.389,0.00,0.00,0.00,-4.828,9.073,-0.234,0.00,0.00,0.00,-13.721,8.381,-4.831,0.00,0.00,0.00,3.937,3.937,3.937
2026-02-04 17:26:18,91.31,42,384,426,9.86%,94.92,2.60%,"[0, 5, 10, 15, 20, 25, 30, 35, 40, 45, 50, 55, 60, 65, 70, 75, 80, 85, 90, 95, 100]","[9, 13, 6, 5, 5, 4, 2, 6, 5, 5, 6, 9, 3, 4, 3, 2, 1112, 10, 13, 391]","[0.005579665220086794, 0.013639181649101054, 0.01735895846249225, 0.02045877247365158, 0.023558586484810913, 0.026038437693738377, 0.02727836329820211, 0.030998140111593304, 0.034097954122752634, 0.037197768133911964, 0.04091754494730316, 0.04649721016738995, 0.04835709857408556, 0.05083694978301302, 0.05269683818970862, 0.05393676379417235, 0.7433353998760074, 0.749535027898326, 0.7575945443273404, 1.0]",4.0,2.0,2.0,2.0,2.0,19,2.89232,8.0,6.0,hrl_dqn_apf,hierarchical,dqn,-9.951,8.783,4.331,0.00,0.00,0.00,-4.106,9.104,-0.195,0.00,0.00,0.00,-12.982,8.378,-4.831,0.00,0.00,0.00,3.935,3.935,3.935
2026-02-04 17:26:19,92.31,42,382,424,9.91%,95.12,2.60%,"[0, 5, 10, 15, 20, 25, 30, 35, 40, 45, 50, 55, 60, 65, 70, 75, 80, 85, 90, 95, 100]","[9, 9, 10, 4, 7, 3, 2, 3, 7, 4, 8, 7, 5, 3, 4, 1, 1113, 9, 12, 393]","[0.005579665220086794, 0.011159330440173589, 0.01735895846249225, 0.019838809671419714, 0.02417854928704278, 0.026038437693738377, 0.02727836329820211, 0.029138251704897707, 0.03347799132052077, 0.03595784252944823, 0.04091754494730316, 0.04525728456292622, 0.04835709857408556, 0.050216986980781156, 0.05269683818970862, 0.053316800991940486, 0.7433353998760074, 0.7489150650960942, 0.7563546187228767, 1.0]",4.0,2.0,2.0,2.0,2.0,18,-2.94759,8.0,6.0,hrl_dqn_apf,hierarchical,dqn,-9.319,8.785,4.314,0.00,0.00,0.00,-3.763,9.156,0.234,0.00,0.00,0.00,-12.224,8.375,-4.831,0.00,0.00,0.00,3.931,3.931,3.931
2026-02-04 17:26:20,93.32,43,383,426,10.09%,95.25,2.67%,"[0, 5, 10, 15, 20, 25, 30, 35, 40, 45, 50, 55, 60, 65, 70, 75, 80, 85, 90, 95, 100]","[10, 8, 12, 3, 6, 4, 2, 3, 6, 5, 7, 7, 5, 4, 4, 1, 1110, 6, 16, 394]","[0.006199628022318661, 0.011159330440173589, 0.018598884066955982, 0.02045877247365158, 0.02417854928704278, 0.026658400495970243, 0.027898326100433975, 0.029758214507129573, 0.03347799132052077, 0.0365778053316801, 0.04091754494730316, 0.04525728456292622, 0.04835709857408556, 0.05083694978301302, 0.053316800991940486, 0.05393676379417235, 0.7420954742715437, 0.7458152510849348, 0.7557346559206448, 1.0]",4.0,2.0,2.0,2.0,2.0,10,-20.86751,8.0,0.0,hrl_dqn_apf,hierarchical,dqn,-8.591,8.783,4.308,0.00,0.00,0.00,-3.654,9.159,0.900,0.00,0.00,0.00,-11.462,8.372,-4.831,0.00,0.00,0.00,3.928,3.928,3.928
2026-02-04 17:26:21,94.33,44,383,427,10.30%,95.54,2.73%,"[0, 5, 10, 15, 20, 25, 30, 35, 40, 45, 50, 55, 60, 65, 70, 75, 80, 85, 90, 95, 100]","[13, 5, 13, 5, 4, 4, 2, 2, 5, 5, 6, 6, 8, 3, 3, 3, 1107, 9, 9, 401]","[0.008059516429014259, 0.011159330440173589, 0.019218846869187848, 0.022318660880347178, 0.024798512089274645, 0.02727836329820211, 0.02851828890266584, 0.029758214507129573, 0.0328580285182889, 0.03595784252944823, 0.03967761934283943, 0.04339739615623062, 0.04835709857408556, 0.050216986980781156, 0.052076875387476754, 0.05393676379417235, 0.7402355858648481, 0.7458152510849348, 0.7513949163050218, 1.0]",4.0,2.0,2.0,2.0,2.0,10,-20.86751,8.0,0.0,hrl_dqn_apf,hierarchical,dqn,-7.187,8.833,4.203,0.00,0.00,0.00,-3.610,9.154,2.384,0.00,0.00,0.00,-11.499,8.552,-4.831,0.00,0.00,0.00,3.925,3.925,3.925
2026-02-04 17:26:22,95.34,44,383,427,10.30%,95.68,2.73%,"[0, 5, 10, 15, 20, 25, 30, 35, 40, 45, 50, 55, 60, 65, 70, 75, 80, 85, 90, 95, 100]","[13, 5, 13, 5, 3, 5, 2, 2, 5, 5, 5, 7, 9, 2, 4, 2, 1104, 13, 9, 400]","[0.008059516429014259, 0.011159330440173589, 0.019218846869187848, 0.022318660880347178, 0.02417854928704278, 0.02727836329820211, 0.02851828890266584, 0.029758214507129573, 0.0328580285182889, 0.03595784252944823, 0.03905765654060756, 0.04339739615623062, 0.048977061376317424, 0.050216986980781156, 0.05269683818970862, 0.05393676379417235, 0.7383756974581525, 0.7464352138871667, 0.7520148791072536, 1.0]",4.0,2.0,2.0,2.0,2.0,4,3.2929700000000004,8.0,-12.0,hrl_dqn_apf,hierarchical,dqn,-6.958,8.892,3.744,0.00,0.00,0.00,-3.574,9.209,3.092,0.00,0.00,0.00,-12.155,8.553,-4.831,0.00,0.00,0.00,3.922,3.922,3.922
2026-02-04 17:26:23,96.34,44,383,427,10.30%,95.84,2.73%,"[0, 5, 10, 15, 20, 25, 30, 35, 40, 45, 50, 55, 60, 65, 70, 75, 80, 85, 90, 95, 100]","[11, 6, 12, 6, 4, 5, 2, 1, 5, 5, 6, 8, 8, 3, 3, 3, 1100, 16, 10, 399]","[0.006819590824550527, 0.010539367637941723, 0.017978921264724116, 0.02169869807811531, 0.02417854928704278, 0.02727836329820211, 0.02851828890266584, 0.029138251704897707, 0.032238065716057036, 0.035337879727216366, 0.03905765654060756, 0.04401735895846249, 0.048977061376317424, 0.05083694978301302, 0.05269683818970862, 0.05455672659640422, 0.7365158090514569, 0.7464352138871667, 0.7526348419094855, 1.0]",4.0,2.0,2.0,2.0,2.0,3,-2.5469799999999996,8.0,-12.0,hrl_dqn_apf,hierarchical,dqn,-7.255,8.933,3.657,0.00,0.00,0.00,-3.197,9.320,3.250,0.00,0.00,0.00,-12.886,8.550,-4.831,0.00,0.00,0.00,3.919,3.919,3.919
2026-02-04 17:26:24,97.34,44,387,431,10.21%,95.97,2.73%,"[0, 5, 10, 15, 20, 25, 30, 35, 40, 45, 50, 55, 60, 65, 70, 75, 80, 85, 90, 95, 100]","[11, 6, 11, 8, 3, 5, 2, 2, 3, 6, 6, 7, 8, 3, 4, 3, 1100, 16, 9, 400]","[0.006819590824550527, 0.010539367637941723, 0.01735895846249225, 0.022318660880347178, 0.02417854928704278, 0.02727836329820211, 0.02851828890266584, 0.029758214507129573, 0.03161810291382517, 0.035337879727216366, 0.03905765654060756, 0.04339739615623062, 0.04835709857408556, 0.050216986980781156, 0.05269683818970862, 0.05455672659640422, 0.7365158090514569, 0.7464352138871667, 0.7520148791072536, 1.0]",4.0,2.0,2.0,2.0,2.0,3,-2.5469799999999996,8.0,-12.0,hrl_dqn_apf,hierarchical,dqn,-7.850,8.900,3.791,0.00,0.00,0.00,-2.579,9.360,3.138,0.00,0.00,0.00,-13.639,8.547,-4.831,0.00,0.00,0.00,3.916,3.916,3.916
2026-02-04 17:26:25,98.35,45,382,427,10.54%,96.23,2.79%,"[0, 5, 10, 15, 20, 25, 30, 35, 40, 45, 50, 55, 60, 65, 70, 75, 80, 85, 90, 95, 100]","[9, 8, 7, 12, 3, 6, 2, 3, 2, 5, 4, 9, 5, 6, 3, 6, 1093, 17, 9, 404]","[0.005579665220086794, 0.010539367637941723, 0.014879107253564786, 0.022318660880347178, 0.02417854928704278, 0.027898326100433975, 0.029138251704897707, 0.030998140111593304, 0.032238065716057036, 0.035337879727216366, 0.03781773093614383, 0.04339739615623062, 0.04649721016738995, 0.050216986980781156, 0.052076875387476754, 0.05579665220086795, 0.7334159950402975, 0.7439553626782393, 0.749535027898326, 1.0]",4.0,2.0,2.0,2.0,2.0,20,-20.38673,8.0,12.0,hrl_dqn_apf,hierarchical,dqn,-9.202,8.906,3.906,0.00,0.00,0.00,-1.216,9.453,2.828,0.00,0.00,0.00,-14.404,8.634,-4.059,0.00,0.00,0.00,3.913,3.913,3.913
2026-02-04 17:26:26,99.35,44,384,428,10.28%,96.39,2.73%,"[0, 5, 10, 15, 20, 25, 30, 35, 40, 45, 50, 55, 60, 65, 70, 75, 80, 85, 90, 95, 100]","[9, 8, 7, 12, 4, 4, 4, 2, 2, 4, 6, 6, 6, 8, 3, 3, 1095, 17, 9, 404]","[0.005579665220086794, 0.010539367637941723, 0.014879107253564786, 0.022318660880347178, 0.024798512089274645, 0.02727836329820211, 0.029758214507129573, 0.030998140111593304, 0.032238065716057036, 0.0347179169249845, 0.038437693738375696, 0.04215747055176689, 0.04587724736515809, 0.05083694978301302, 0.05269683818970862, 0.05455672659640422, 0.7334159950402975, 0.7439553626782393, 0.749535027898326, 1.0]",4.0,2.0,2.0,2.0,2.0,20,-20.38673,8.0,12.0,hrl_dqn_apf,hierarchical,dqn,-9.505,8.947,3.452,0.00,0.00,0.00,-0.952,9.480,2.271,0.00,0.00,0.00,-14.467,8.633,-3.329,0.00,0.00,0.00,3.910,3.910,3.910
2026-02-04 17:26:27,100.36,42,386,428,9.81%,96.55,2.60%,"[0, 5, 10, 15, 20, 25, 30, 35, 40, 45, 50, 55, 60, 65, 70, 75, 80, 85, 90, 95, 100]","[8, 8, 5, 13, 5, 3, 6, 2, 2, 4, 5, 5, 8, 8, 2, 4, 1094, 14, 14, 403]","[0.0049597024178549285, 0.009919404835709857, 0.013019218846869188, 0.021078735275883446, 0.02417854928704278, 0.026038437693738377, 0.029758214507129573, 0.030998140111593304, 0.032238065716057036, 0.0347179169249845, 0.03781773093614383, 0.04091754494730316, 0.04587724736515809, 0.05083694978301302, 0.052076875387476754, 0.05455672659640422, 0.7327960322380657, 0.7414755114693118, 0.750154990700558, 1.0]",4.0,2.0,2.0,2.0,2.0,5,-20.226390000000002,8.0,-6.0,hrl_dqn_apf,hierarchical,dqn,-10.006,8.975,3.192,0.00,0.00,0.00,-0.873,9.479,1.574,0.00,0.00,0.00,-14.485,8.630,-2.585,0.00,0.00,0.00,3.907,3.907,3.907
2026-02-04 17:26:28,101.36,44,380,424,10.38%,96.62,2.73%,"[0, 5, 10, 15, 20, 25, 30, 35, 40, 45, 50, 55, 60, 65, 70, 75, 80, 85, 90, 95, 100]","[7, 8, 7, 11, 7, 4, 7, 2, 1, 4, 5, 6, 8, 7, 3, 3, 1094, 12, 14, 403]","[0.0043397396156230625, 0.009299442033477991, 0.013639181649101054, 0.02045877247365158, 0.024798512089274645, 0.02727836329820211, 0.03161810291382517, 0.0328580285182889, 0.03347799132052077, 0.03595784252944823, 0.03905765654060756, 0.04277743335399876, 0.04773713577185369, 0.052076875387476754, 0.05393676379417235, 0.05579665220086795, 0.7340359578425294, 0.7414755114693118, 0.750154990700558, 1.0]",4.0,2.0,2.0,2.0,2.0,9,3.9337400000000002,8.0,-6.0,hrl_dqn_apf,hierarchical,dqn,-10.697,8.976,3.108,0.00,0.00,0.00,-0.849,9.476,0.824,0.00,0.00,0.00,-14.491,8.627,-1.823,0.00,0.00,0.00,3.904,3.904,3.904
2026-02-04 17:26:29,102.36,45,381,426,10.56%,96.83,2.79%,"[0, 5, 10, 15, 20, 25, 30, 35, 40, 45, 50, 55, 60, 65, 70, 75, 80, 85, 90, 95, 100]","[9, 9, 6, 10, 9, 2, 6, 3, 3, 2, 6, 4, 8, 5, 4, 4, 1089, 13, 16, 405]","[0.005579665220086794, 0.011159330440173589, 0.014879107253564786, 0.021078735275883446, 0.026658400495970243, 0.027898326100433975, 0.03161810291382517, 0.03347799132052077, 0.035337879727216366, 0.0365778053316801, 0.040297582145071294, 0.04277743335399876, 0.04773713577185369, 0.05083694978301302, 0.053316800991940486, 0.05579665220086795, 0.7309361438313701, 0.7389956602603843, 0.7489150650960942, 1.0]",4.0,2.0,2.0,2.0,2.0,9,3.9337400000000002,8.0,-6.0,hrl_dqn_apf,hierarchical,dqn,-12.085,9.026,2.965,0.00,0.00,0.00,-0.839,9.470,-0.691,0.00,0.00,0.00,-14.493,8.736,-0.524,0.00,0.00,0.00,3.901,3.901,3.901
2026-02-04 17:26:30,103.36,45,377,422,10.66%,96.98,2.79%,"[0, 5, 10, 15, 20, 25, 30, 35, 40, 45, 50, 55, 60, 65, 70, 75, 80, 85, 90, 95, 100]","[10, 7, 6, 8, 11, 3, 6, 3, 3, 3, 5, 4, 8, 5, 5, 4, 1089, 9, 18, 406]","[0.006199628022318661, 0.010539367637941723, 0.01425914445133292, 0.019218846869187848, 0.026038437693738377, 0.027898326100433975, 0.03161810291382517, 0.03347799132052077, 0.035337879727216366, 0.037197768133911964, 0.040297582145071294, 0.04277743335399876, 0.04773713577185369, 0.05083694978301302, 0.05393676379417235, 0.056416615003099815, 0.7315561066336019, 0.7371357718536887, 0.7482951022938623, 1.0]",4.0,2.0,2.0,2.0,2.0,6,-13.90602,8.0,-6.0,hrl_dqn_apf,hierarchical,dqn,-12.316,9.112,2.521,0.00,0.00,0.00,-0.839,9.467,-1.451,0.00,0.00,0.00,-14.515,8.790,-0.775,0.00,0.00,0.00,3.898,3.898,3.898
2026-02-04 17:26:31,104.36,46,376,422,10.90%,97.14,2.85%,"[0, 5, 10, 15, 20, 25, 30, 35, 40, 45, 50, 55, 60, 65, 70, 75, 80, 85, 90, 95, 100]","[10, 6, 7, 8, 11, 4, 4, 4, 3, 2, 5, 5, 6, 5, 7, 3, 1089, 10, 18, 406]","[0.006199628022318661, 0.009919404835709857, 0.01425914445133292, 0.019218846869187848, 0.026038437693738377, 0.02851828890266584, 0.030998140111593304, 0.03347799132052077, 0.035337879727216366, 0.0365778053316801, 0.03967761934283943, 0.04277743335399876, 0.04649721016738995, 0.04959702417854929, 0.05393676379417235, 0.05579665220086795, 0.7309361438313701, 0.7371357718536887, 0.7482951022938623, 1.0]",4.0,2.0,2.0,2.0,2.0,15,-19.74562,8.0,6.0,hrl_dqn_apf,hierarchical,dqn,-12.147,9.227,2.605,0.00,0.00,0.00,-0.833,9.472,-2.208,0.00,0.00,0.00,-14.757,8.769,-1.318,0.00,0.00,0.00,3.895,3.895,3.895
2026-02-04 17:26:32,105.37,45,379,424,10.61%,97.41,2.79%,"[0, 5, 10, 15, 20, 25, 30, 35, 40, 45, 50, 55, 60, 65, 70, 75, 80, 85, 90, 95, 100]","[8, 6, 9, 6, 11, 5, 4, 6, 3, 1, 4, 5, 8, 5, 7, 3, 1088, 11, 13, 410]","[0.0049597024178549285, 0.008679479231246125, 0.01425914445133292, 0.017978921264724116, 0.024798512089274645, 0.027898326100433975, 0.03037817730936144, 0.034097954122752634, 0.03595784252944823, 0.0365778053316801, 0.03905765654060756, 0.04215747055176689, 0.047117172969621826, 0.050216986980781156, 0.05455672659640422, 0.056416615003099815, 0.7309361438313701, 0.7377557346559206, 0.7458152510849348, 1.0]",4.0,2.0,2.0,2.0,2.0,15,-19.74562,8.0,6.0,hrl_dqn_apf,hierarchical,dqn,-11.385,9.302,3.664,0.00,0.00,0.00,-0.084,9.628,-2.592,0.00,0.00,0.00,-15.548,8.693,-2.557,0.00,0.00,0.00,3.892,3.892,3.892
2026-02-04 17:26:33,106.38,46,378,424,10.85%,97.57,2.85%,"[0, 5, 10, 15, 20, 25, 30, 35, 40, 45, 50, 55, 60, 65, 70, 75, 80, 85, 90, 95, 100]","[8, 7, 10, 4, 11, 6, 3, 6, 2, 3, 3, 4, 9, 4, 8, 2, 1087, 11, 13, 412]","[0.0049597024178549285, 0.009299442033477991, 0.015499070055796652, 0.017978921264724116, 0.024798512089274645, 0.02851828890266584, 0.03037817730936144, 0.034097954122752634, 0.035337879727216366, 0.037197768133911964, 0.03905765654060756, 0.041537507749535026, 0.047117172969621826, 0.04959702417854929, 0.05455672659640422, 0.05579665220086795, 0.7296962182269063, 0.7365158090514569, 0.7445753254804711, 1.0]",4.0,2.0,2.0,2.0,2.0,23,-1.5857799999999997,8.0,12.0,hrl_dqn_apf,hierarchical,dqn,-11.128,9.401,4.201,0.00,0.00,0.00,0.073,9.646,-2.054,0.00,0.00,0.00,-15.915,8.782,-2.994,0.00,0.00,0.00,3.889,3.889,3.889
2026-02-04 17:26:34,107.38,46,382,428,10.75%,97.72,2.85%,"[0, 5, 10, 15, 20, 25, 30, 35, 40, 45, 50, 55, 60, 65, 70, 75, 80, 85, 90, 95, 100]","[8, 8, 8, 5, 9, 8, 2, 6, 3, 3, 2, 5, 7, 6, 6, 4, 1084, 10, 16, 413]","[0.0049597024178549285, 0.009919404835709857, 0.014879107253564786, 0.017978921264724116, 0.023558586484810913, 0.02851828890266584, 0.029758214507129573, 0.03347799132052077, 0.035337879727216366, 0.037197768133911964, 0.038437693738375696, 0.041537507749535026, 0.04587724736515809, 0.04959702417854929, 0.053316800991940486, 0.05579665220086795, 0.7278363298202107, 0.7340359578425294, 0.7439553626782393, 1.0]",4.0,2.0,2.0,2.0,2.0,23,-1.4255199999999997,8.0,12.0,hrl_dqn_apf,hierarchical,dqn,-11.498,9.450,4.415,0.00,0.00,0.00,0.122,9.645,-1.354,0.00,0.00,0.00,-16.062,8.843,-2.693,0.00,0.00,0.00,3.886,3.886,3.886
2026-02-04 17:26:35,108.38,48,380,428,11.21%,97.80,2.98%,"[0, 5, 10, 15, 20, 25, 30, 35, 40, 45, 50, 55, 60, 65, 70, 75, 80, 85, 90, 95, 100]","[9, 7, 7, 6, 7, 12, 2, 5, 3, 3, 2, 4, 7, 7, 6, 4, 1085, 10, 12, 415]","[0.005579665220086794, 0.009919404835709857, 0.01425914445133292, 0.017978921264724116, 0.022318660880347178, 0.029758214507129573, 0.030998140111593304, 0.034097954122752634, 0.03595784252944823, 0.03781773093614383, 0.03905765654060756, 0.041537507749535026, 0.04587724736515809, 0.050216986980781156, 0.05393676379417235, 0.056416615003099815, 0.7290762554246745, 0.7352758834469931, 0.7427154370737755, 1.0]",4.0,2.0,2.0,2.0,2.0,23,-1.4255199999999997,8.0,12.0,hrl_dqn_apf,hierarchical,dqn,-12.146,9.452,4.481,0.00,0.00,0.00,0.138,9.642,-0.610,0.00,0.00,0.00,-16.109,8.847,-2.065,0.00,0.00,0.00,3.883,3.883,3.883
2026-02-04 17:26:36,109.39,49,378,427,11.48%,97.97,3.04%,"[0, 5, 10, 15, 20, 25, 30, 35, 40, 45, 50, 55, 60, 65, 70, 75, 80, 85, 90, 95, 100]","[9, 7, 6, 7, 6, 14, 3, 5, 4, 3, 2, 4, 7, 5, 3, 8, 1078, 15, 12, 415]","[0.005579665220086794, 0.009919404835709857, 0.013639181649101054, 0.017978921264724116, 0.02169869807811531, 0.03037817730936144, 0.032238065716057036, 0.035337879727216366, 0.03781773093614383, 0.03967761934283943, 0.04091754494730316, 0.04339739615623062, 0.04773713577185369, 0.05083694978301302, 0.05269683818970862, 0.05765654060756355, 0.7259764414135151, 0.7352758834469931, 0.7427154370737755, 1.0]",4.0,2.0,2.0,2.0,2.0,16,-13.26524,8.0,6.0,hrl_dqn_apf,hierarchical,dqn,-13.429,9.517,4.713,0.00,0.00,0.00,0.145,9.636,0.907,0.00,0.00,0.00,-15.927,8.914,-0.785,0.00,0.00,0.00,3.880,3.880,3.880
2026-02-04 17:26:37,110.39,48,381,429,11.19%,98.07,2.98%,"[0, 5, 10, 15, 20, 25, 30, 35, 40, 45, 50, 55, 60, 65, 70, 75, 80, 85, 90, 95, 100]","[9, 6, 7, 9, 5, 12, 5, 3, 7, 3, 1, 4, 5, 6, 4, 8, 1075, 17, 12, 415]","[0.005579665220086794, 0.009299442033477991, 0.013639181649101054, 0.019218846869187848, 0.022318660880347178, 0.029758214507129573, 0.0328580285182889, 0.0347179169249845, 0.03905765654060756, 0.04091754494730316, 0.041537507749535026, 0.04401735895846249, 0.047117172969621826, 0.05083694978301302, 0.053316800991940486, 0.05827650340979541, 0.7247365158090514, 0.7352758834469931, 0.7427154370737755, 1.0]",4.0,2.0,2.0,2.0,2.0,12,-7.10533,8.0,0.0,hrl_dqn_apf,hierarchical,dqn,-13.622,9.533,5.295,0.00,0.00,0.00,0.041,9.690,1.567,0.00,0.00,0.00,-15.351,8.931,-0.592,0.00,0.00,0.00,3.877,3.877,3.877
2026-02-04 17:26:38,111.39,46,381,427,10.77%,98.17,2.85%,"[0, 5, 10, 15, 20, 25, 30, 35, 40, 45, 50, 55, 60, 65, 70, 75, 80, 85, 90, 95, 100]","[10, 5, 7, 8, 4, 12, 7, 4, 5, 2, 3, 4, 4, 7, 4, 7, 1074, 18, 14, 414]","[0.006199628022318661, 0.009299442033477991, 0.013639181649101054, 0.018598884066955982, 0.021078735275883446, 0.02851828890266584, 0.0328580285182889, 0.035337879727216366, 0.038437693738375696, 0.03967761934283943, 0.041537507749535026, 0.04401735895846249, 0.04649721016738995, 0.05083694978301302, 0.053316800991940486, 0.05765654060756355, 0.7234965902045877, 0.7346559206447613, 0.7433353998760074, 1.0]",4.0,2.0,2.0,2.0,2.0,12,-7.10533,8.0,0.0,hrl_dqn_apf,hierarchical,dqn,-13.681,9.532,6.002,0.00,0.00,0.00,-0.465,9.722,1.827,0.00,0.00,0.00,-14.646,8.929,-0.532,0.00,0.00,0.00,3.874,3.874,3.874
2026-02-04 17:26:39,112.39,44,383,427,10.30%,98.27,2.73%,"[0, 5, 10, 15, 20, 25, 30, 35, 40, 45, 50, 55, 60, 65, 70, 75, 80, 85, 90, 95, 100]","[10, 6, 6, 8, 5, 9, 10, 3, 5, 3, 2, 3, 6, 5, 7, 6, 1072, 17, 11, 419]","[0.006199628022318661, 0.009919404835709857, 0.013639181649101054, 0.018598884066955982, 0.02169869807811531, 0.02727836329820211, 0.03347799132052077, 0.035337879727216366, 0.038437693738375696, 0.040297582145071294, 0.041537507749535026, 0.04339739615623062, 0.047117172969621826, 0.050216986980781156, 0.05455672659640422, 0.05827650340979541, 0.7228766274023558, 0.7334159950402975, 0.7402355858648481, 1.0]",4.0,2.0,2.0,2.0,2.0,3,-1.0252299999999996,8.0,-12.0,hrl_dqn_apf,hierarchical,dqn,-13.695,9.536,6.744,0.00,0.00,0.00,-1.154,9.722,1.909,0.00,0.00,0.00,-13.900,8.927,-0.514,0.00,0.00,0.00,3.871,3.871,3.871
2026-02-04 17:26:40,113.40,43,385,428,10.05%,98.44,2.67%,"[0, 5, 10, 15, 20, 25, 30, 35, 40, 45, 50, 55, 60, 65, 70, 75, 80, 85, 90, 95, 100]","[11, 7, 4, 8, 7, 6, 12, 3, 6, 2, 1, 4, 5, 5, 8, 3, 1073, 19, 12, 417]","[0.006819590824550527, 0.011159330440173589, 0.013639181649101054, 0.018598884066955982, 0.022938623682579044, 0.026658400495970243, 0.034097954122752634, 0.03595784252944823, 0.03967761934283943, 0.04091754494730316, 0.041537507749535026, 0.04401735895846249, 0.047117172969621826, 0.050216986980781156, 0.05517668939863608, 0.05703657780533168, 0.7222566646001239, 0.7340359578425294, 0.7414755114693118, 1.0]",4.0,2.0,2.0,2.0,2.0,3,-0.8646000000000003,8.0,-12.0,hrl_dqn_apf,hierarchical,dqn,-12.949,9.693,7.123,0.00,0.00,0.00,-2.666,9.716,1.943,0.00,0.00,0.00,-12.367,8.920,-0.506,0.00,0.00,0.00,3.868,3.868,3.868
2026-02-04 17:26:41,114.40,42,384,426,9.86%,98.50,2.60%,"[0, 5, 10, 15, 20, 25, 30, 35, 40, 45, 50, 55, 60, 65, 70, 75, 80, 85, 90, 95, 100]","[12, 7, 5, 6, 7, 5, 13, 4, 5, 4, 2, 2, 5, 6, 6, 3, 1074, 13, 16, 418]","[0.007439553626782393, 0.011779293242405457, 0.014879107253564786, 0.018598884066955982, 0.022938623682579044, 0.026038437693738377, 0.034097954122752634, 0.0365778053316801, 0.03967761934283943, 0.04215747055176689, 0.04339739615623062, 0.044637321760694355, 0.04773713577185369, 0.05145691258524489, 0.05517668939863608, 0.05703657780533168, 0.7228766274023558, 0.7309361438313701, 0.7408555486670799, 1.0]",4.0,2.0,2.0,2.0,2.0,3,-0.8646000000000003,8.0,-12.0,hrl_dqn_apf,hierarchical,dqn,-12.794,9.711,6.581,0.00,0.00,0.00,-3.322,9.771,1.837,0.00,0.00,0.00,-11.714,8.976,-0.617,0.00,0.00,0.00,3.865,3.865,3.865
2026-02-04 17:26:42,115.41,42,382,424,9.91%,98.62,2.60%,"[0, 5, 10, 15, 20, 25, 30, 35, 40, 45, 50, 55, 60, 65, 70, 75, 80, 85, 90, 95, 100]","[12, 7, 4, 6, 7, 6, 12, 6, 3, 6, 1, 3, 5, 4, 7, 3, 1073, 12, 19, 417]","[0.007439553626782393, 0.011779293242405457, 0.01425914445133292, 0.017978921264724116, 0.022318660880347178, 0.026038437693738377, 0.03347799132052077, 0.037197768133911964, 0.03905765654060756, 0.04277743335399876, 0.04339739615623062, 0.04525728456292622, 0.04835709857408556, 0.05083694978301302, 0.05517668939863608, 0.05703657780533168, 0.7222566646001239, 0.7296962182269063, 0.7414755114693118, 1.0]",4.0,2.0,2.0,2.0,2.0,11,-12.544450000000001,8.0,0.0,hrl_dqn_apf,hierarchical,dqn,-12.746,9.710,5.882,0.00,0.00,0.00,-3.579,9.802,1.325,0.00,0.00,0.00,-11.459,9.007,-1.134,0.00,0.00,0.00,3.862,3.862,3.862
2026-02-04 17:26:43,116.41,42,384,426,9.86%,98.78,2.60%,"[0, 5, 10, 15, 20, 25, 30, 35, 40, 45, 50, 55, 60, 65, 70, 75, 80, 85, 90, 95, 100]","[12, 8, 4, 5, 7, 6, 11, 7, 4, 5, 2, 1, 6, 3, 7, 4, 1068, 17, 18, 418]","[0.007439553626782393, 0.012399256044637322, 0.014879107253564786, 0.017978921264724116, 0.022318660880347178, 0.026038437693738377, 0.0328580285182889, 0.037197768133911964, 0.03967761934283943, 0.04277743335399876, 0.04401735895846249, 0.044637321760694355, 0.04835709857408556, 0.050216986980781156, 0.05455672659640422, 0.05703657780533168, 0.7191568505889646, 0.7296962182269063, 0.7408555486670799, 1.0]",4.0,2.0,2.0,2.0,2.0,1,-12.54418,8.0,-12.0,hrl_dqn_apf,hierarchical,dqn,-12.731,9.707,5.136,0.00,0.00,0.00,-3.660,9.803,0.632,0.00,0.00,0.00,-11.379,9.022,-1.815,0.00,0.00,0.00,3.859,3.859,3.859
2026-02-04 17:26:44,117.41,41,379,420,9.76%,99.05,2.54%,"[0, 5, 10, 15, 20, 25, 30, 35, 40, 45, 50, 55, 60, 65, 70, 75, 80, 85, 90, 95, 100]","[11, 6, 7, 5, 6, 6, 8, 12, 2, 5, 4, 2, 4, 3, 7, 5, 1066, 12, 20, 422]","[0.006819590824550527, 0.010539367637941723, 0.014879107253564786, 0.017978921264724116, 0.02169869807811531, 0.02541847489150651, 0.03037817730936144, 0.03781773093614383, 0.03905765654060756, 0.04215747055176689, 0.044637321760694355, 0.04587724736515809, 0.04835709857408556, 0.050216986980781156, 0.05455672659640422, 0.05765654060756355, 0.7185368877867327, 0.7259764414135151, 0.7383756974581525, 1.0]",4.0,2.0,2.0,2.0,2.0,1,-12.54418,8.0,-12.0,hrl_dqn_apf,hierarchical,dqn,-12.724,9.700,3.621,0.00,0.00,0.00,-3.899,9.868,-0.662,0.00,0.00,0.00,-11.348,9.178,-1.409,0.00,0.00,0.00,3.856,3.856,3.856
2026-02-04 17:26:45,118.41,42,382,424,9.91%,99.20,2.60%,"[0, 5, 10, 15, 20, 25, 30, 35, 40, 45, 50, 55, 60, 65, 70, 75, 80, 85, 90, 95, 100]","[9, 9, 7, 4, 7, 6, 6, 13, 3, 5, 4, 2, 4, 3, 6, 6, 1064, 14, 18, 423]","[0.005579665220086794, 0.011159330440173589, 0.015499070055796652, 0.017978921264724116, 0.022318660880347178, 0.026038437693738377, 0.029758214507129573, 0.03781773093614383, 0.03967761934283943, 0.04277743335399876, 0.04525728456292622, 0.04649721016738995, 0.048977061376317424, 0.05083694978301302, 0.05455672659640422, 0.05827650340979541, 0.7179169249845009, 0.726596404215747, 0.7377557346559206, 1.0]",4.0,2.0,2.0,2.0,2.0,6,-12.38403,8.0,-6.0,hrl_dqn_apf,hierarchical,dqn,-12.723,9.697,2.858,0.00,0.00,0.00,-4.481,9.885,-0.855,0.00,0.00,0.00,-11.346,9.177,-0.720,0.00,0.00,0.00,3.853,3.853,3.853
2026-02-04 17:26:46,119.42,43,383,426,10.09%,99.36,2.67%,"[0, 5, 10, 15, 20, 25, 30, 35, 40, 45, 50, 55, 60, 65, 70, 75, 80, 85, 90, 95, 100]","[10, 10, 6, 5, 6, 6, 6, 12, 4, 4, 4, 1, 4, 3, 7, 5, 1063, 16, 12, 429]","[0.006199628022318661, 0.012399256044637322, 0.016119032858028518, 0.019218846869187848, 0.022938623682579044, 0.026658400495970243, 0.03037817730936144, 0.03781773093614383, 0.040297582145071294, 0.04277743335399876, 0.04525728456292622, 0.04587724736515809, 0.04835709857408556, 0.050216986980781156, 0.05455672659640422, 0.05765654060756355, 0.7166769993800371, 0.726596404215747, 0.7340359578425294, 1.0]",4.0,2.0,2.0,2.0,2.0,23,-0.2236900000000004,8.0,12.0,hrl_dqn_apf,hierarchical,dqn,-12.738,9.782,2.178,0.00,0.00,0.00,-5.191,9.883,-0.914,0.00,0.00,0.00,-11.331,9.214,-0.059,0.00,0.00,0.00,3.850,3.850,3.850
2026-02-04 17:26:47,120.42,41,381,422,9.72%,99.54,2.54%,"[0, 5, 10, 15, 20, 25, 30, 35, 40, 45, 50, 55, 60, 65, 70, 75, 80, 85, 90, 95, 100]","[9, 10, 6, 4, 6, 6, 6, 11, 6, 4, 6, 1, 4, 3, 6, 5, 1061, 19, 10, 430]","[0.005579665220086794, 0.011779293242405457, 0.015499070055796652, 0.017978921264724116, 0.02169869807811531, 0.02541847489150651, 0.029138251704897707, 0.03595784252944823, 0.03967761934283943, 0.04215747055176689, 0.04587724736515809, 0.04649721016738995, 0.048977061376317424, 0.05083694978301302, 0.05455672659640422, 0.05765654060756355, 0.7154370737755734, 0.7272163670179789, 0.7334159950402975, 1.0]",4.0,2.0,2.0,2.0,2.0,23,-0.2236900000000004,8.0,12.0,hrl_dqn_apf,hierarchical,dqn,-12.896,9.945,2.245,0.00,0.00,0.00,-5.946,9.880,-0.932,0.00,0.00,0.00,-11.173,9.254,-0.127,0.00,0.00,0.00,3.847,3.847,3.847
2026-02-04 17:26:48,121.42,42,386,428,9.81%,99.80,2.60%,"[0, 5, 10, 15, 20, 25, 30, 35, 40, 45, 50, 55, 60, 65, 70, 75, 80, 85, 90, 95, 100]","[9, 9, 7, 6, 5, 6, 6, 10, 9, 3, 5, 2, 4, 2, 4, 7, 1060, 13, 14, 432]","[0.005579665220086794, 0.011159330440173589, 0.015499070055796652, 0.019218846869187848, 0.022318660880347178, 0.026038437693738377, 0.029758214507129573, 0.03595784252944823, 0.041537507749535026, 0.04339739615623062, 0.04649721016738995, 0.04773713577185369, 0.050216986980781156, 0.05145691258524489, 0.05393676379417235, 0.05827650340979541, 0.7154370737755734, 0.7234965902045877, 0.7321760694358338, 1.0]",4.0,2.0,2.0,2.0,2.0,18,-0.06336999999999993,8.0,6.0,hrl_dqn_apf,hierarchical,dqn,-13.582,10.128,3.335,0.00,0.00,0.00,-7.459,9.874,-0.939,0.00,0.00,0.00,-10.488,9.082,-1.213,0.00,0.00,0.00,3.844,3.844,3.844
2026-02-04 17:26:49,122.43,42,385,427,9.84%,99.94,2.60%,"[0, 5, 10, 15, 20, 25, 30, 35, 40, 45, 50, 55, 60, 65, 70, 75, 80, 85, 90, 95, 100]","[10, 8, 7, 6, 5, 6, 8, 7, 11, 2, 5, 3, 4, 1, 5, 6, 1060, 11, 13, 435]","[0.006199628022318661, 0.011159330440173589, 0.015499070055796652, 0.019218846869187848, 0.022318660880347178, 0.026038437693738377, 0.030998140111593304, 0.035337879727216366, 0.04215747055176689, 0.04339739615623062, 0.04649721016738995, 0.04835709857408556, 0.05083694978301302, 0.05145691258524489, 0.05455672659640422, 0.05827650340979541, 0.7154370737755734, 0.7222566646001239, 0.7303161810291382, 1.0]",4.0,2.0,2.0,2.0,2.0,18,-0.06336999999999993,8.0,6.0,hrl_dqn_apf,hierarchical,dqn,-13.960,9.917,3.873,0.00,0.00,0.00,-7.999,10.053,-0.929,0.00,0.00,0.00,-10.224,9.065,-1.751,0.00,0.00,0.00,3.841,3.841,3.841
2026-02-04 17:26:50,123.44,43,384,427,10.07%,100.10,2.67%,"[0, 5, 10, 15, 20, 25, 30, 35, 40, 45, 50, 55, 60, 65, 70, 75, 80, 85, 90, 95, 100]","[11, 6, 8, 7, 4, 7, 7, 6, 13, 2, 5, 2, 4, 1, 4, 6, 1055, 15, 15, 435]","[0.006819590824550527, 0.010539367637941723, 0.015499070055796652, 0.019838809671419714, 0.022318660880347178, 0.026658400495970243, 0.030998140111593304, 0.0347179169249845, 0.04277743335399876, 0.04401735895846249, 0.047117172969621826, 0.04835709857408556, 0.05083694978301302, 0.05145691258524489, 0.05393676379417235, 0.05765654060756355, 0.7117172969621822, 0.7210167389956602, 0.7303161810291382, 1.0]",4.0,2.0,2.0,2.0,2.0,23,0.09684000000000026,8.0,12.0,hrl_dqn_apf,hierarchical,dqn,-14.068,9.701,4.086,0.00,0.00,0.00,-7.741,10.243,-0.871,0.00,0.00,0.00,-10.584,8.986,-2.018,0.00,0.00,0.00,3.838,3.838,3.838
2026-02-04 17:26:51,124.44,44,383,427,10.30%,100.28,2.73%,"[0, 5, 10, 15, 20, 25, 30, 35, 40, 45, 50, 55, 60, 65, 70, 75, 80, 85, 90, 95, 100]","[11, 7, 8, 7, 5, 6, 6, 5, 12, 4, 4, 3, 3, 1, 4, 7, 1052, 16, 17, 435]","[0.006819590824550527, 0.011159330440173589, 0.016119032858028518, 0.02045877247365158, 0.023558586484810913, 0.02727836329820211, 0.030998140111593304, 0.034097954122752634, 0.041537507749535026, 0.04401735895846249, 0.04649721016738995, 0.04835709857408556, 0.050216986980781156, 0.05083694978301302, 0.053316800991940486, 0.05765654060756355, 0.7098574085554866, 0.7197768133911965, 0.7303161810291382, 1.0]",4.0,2.0,2.0,2.0,2.0,23,0.2572099999999997,8.0,12.0,hrl_dqn_apf,hierarchical,dqn,-13.677,9.744,4.146,0.00,0.00,0.00,-7.150,10.403,-0.698,0.00,0.00,0.00,-11.202,8.832,-2.256,0.00,0.00,0.00,3.835,3.835,3.835
2026-02-04 17:26:52,125.45,42,385,427,9.84%,100.60,2.60%,"[0, 5, 10, 15, 20, 25, 30, 35, 40, 45, 50, 55, 60, 65, 70, 75, 80, 85, 90, 95, 100]","[13, 5, 8, 7, 4, 5, 6, 5, 9, 7, 4, 5, 3, 1, 4, 4, 1050, 17, 14, 442]","[0.008059516429014259, 0.011159330440173589, 0.016119032858028518, 0.02045877247365158, 0.022938623682579044, 0.026038437693738377, 0.029758214507129573, 0.0328580285182889, 0.038437693738375696, 0.04277743335399876, 0.04525728456292622, 0.04835709857408556, 0.050216986980781156, 0.05083694978301302, 0.053316800991940486, 0.05579665220086795, 0.7067575945443273, 0.717296962182269, 0.7259764414135151, 1.0]",4.0,2.0,2.0,2.0,2.0,23,0.2572099999999997,8.0,12.0,hrl_dqn_apf,hierarchical,dqn,-12.482,9.819,3.954,0.00,0.00,0.00,-5.750,10.691,-0.163,0.00,0.00,0.00,-12.611,8.532,-2.816,0.00,0.00,0.00,3.832,3.832,3.832
2026-02-04 17:26:53,126.45,42,385,427,9.84%,100.73,2.60%,"[0, 5, 10, 15, 20, 25, 30, 35, 40, 45, 50, 55, 60, 65, 70, 75, 80, 85, 90, 95, 100]","[12, 6, 9, 6, 4, 5, 7, 3, 9, 10, 2, 5, 3, 2, 3, 4, 1048, 20, 14, 441]","[0.007439553626782393, 0.011159330440173589, 0.016738995660260384, 0.02045877247365158, 0.022938623682579044, 0.026038437693738377, 0.03037817730936144, 0.032238065716057036, 0.03781773093614383, 0.04401735895846249, 0.04525728456292622, 0.04835709857408556, 0.050216986980781156, 0.05145691258524489, 0.053316800991940486, 0.05579665220086795, 0.7055176689398636, 0.7179169249845009, 0.726596404215747, 1.0]",4.0,2.0,2.0,2.0,2.0,2,-5.5824,8.0,-12.0,hrl_dqn_apf,hierarchical,dqn,-12.302,9.835,3.372,0.00,0.00,0.00,-5.136,10.486,0.081,0.00,0.00,0.00,-13.213,8.569,-2.938,0.00,0.00,0.00,3.829,3.829,3.829
2026-02-04 17:26:54,127.45,43,385,428,10.05%,100.91,2.67%,"[0, 5, 10, 15, 20, 25, 30, 35, 40, 45, 50, 55, 60, 65, 70, 75, 80, 85, 90, 95, 100]","[15, 4, 7, 6, 5, 6, 6, 4, 7, 11, 2, 4, 4, 2, 2, 5, 1047, 21, 12, 443]","[0.009299442033477991, 0.011779293242405457, 0.016119032858028518, 0.019838809671419714, 0.022938623682579044, 0.026658400495970243, 0.03037817730936144, 0.0328580285182889, 0.037197768133911964, 0.04401735895846249, 0.04525728456292622, 0.04773713577185369, 0.050216986980781156, 0.05145691258524489, 0.05269683818970862, 0.05579665220086795, 0.7048977061376317, 0.7179169249845009, 0.7253564786112833, 1.0]",4.0,2.0,2.0,2.0,2.0,20,-17.42239,8.0,12.0,hrl_dqn_apf,hierarchical,dqn,-12.245,9.834,2.659,0.00,0.00,0.00,-4.891,10.080,0.179,0.00,0.00,0.00,-13.449,8.615,-2.508,0.00,0.00,0.00,3.826,3.826,3.826
2026-02-04 17:26:55,128.46,42,384,426,9.86%,101.11,2.60%,"[0, 5, 10, 15, 20, 25, 30, 35, 40, 45, 50, 55, 60, 65, 70, 75, 80, 85, 90, 95, 100]","[15, 5, 4, 7, 6, 5, 6, 4, 6, 12, 3, 4, 4, 2, 2, 4, 1047, 16, 15, 446]","[0.009299442033477991, 0.012399256044637322, 0.014879107253564786, 0.019218846869187848, 0.022938623682579044, 0.026038437693738377, 0.029758214507129573, 0.032238065716057036, 0.03595784252944823, 0.04339739615623062, 0.04525728456292622, 0.04773713577185369, 0.050216986980781156, 0.05145691258524489, 0.05269683818970862, 0.05517668939863608, 0.7042777433353998, 0.7141971481711097, 0.7234965902045877, 1.0]",4.0,2.0,2.0,2.0,2.0,20,-17.42239,8.0,12.0,hrl_dqn_apf,hierarchical,dqn,-12.227,9.831,1.912,0.00,0.00,0.00,-4.814,9.671,0.210,0.00,0.00,0.00,-13.522,8.618,-1.842,0.00,0.00,0.00,3.823,3.823,3.823
2026-02-04 17:26:56,129.46,41,385,426,9.62%,101.49,2.54%,"[0, 5, 10, 15, 20, 25, 30, 35, 40, 45, 50, 55, 60, 65, 70, 75, 80, 85, 90, 95, 100]","[14, 7, 3, 7, 6, 4, 7, 4, 4, 12, 5, 3, 5, 1, 2, 4, 1041, 20, 17, 447]","[0.008679479231246125, 0.013019218846869188, 0.014879107253564786, 0.019218846869187848, 0.022938623682579044, 0.02541847489150651, 0.029758214507129573, 0.032238065716057036, 0.0347179169249845, 0.04215747055176689, 0.04525728456292622, 0.047117172969621826, 0.050216986980781156, 0.05083694978301302, 0.052076875387476754, 0.05455672659640422, 0.6999380037197768, 0.7123372597644141, 0.7228766274023558, 1.0]",4.0,2.0,2.0,2.0,2.0,17,-5.26204,8.0,6.0,hrl_dqn_apf,hierarchical,dqn,-12.149,10.078,0.812,0.00,0.00,0.00,-5.004,9.278,0.223,0.00,0.00,0.00,-13.622,8.644,-0.762,0.00,0.00,0.00,3.820,3.820,3.820
2026-02-04 17:26:58,130.47,40,384,424,9.43%,101.69,2.48%,"[0, 5, 10, 15, 20, 25, 30, 35, 40, 45, 50, 55, 60, 65, 70, 75, 80, 85, 90, 95, 100]","[12, 9, 4, 5, 6, 4, 6, 5, 5, 9, 7, 2, 7, 1, 2, 4, 1039, 17, 20, 449]","[0.007439553626782393, 0.013019218846869188, 0.015499070055796652, 0.018598884066955982, 0.022318660880347178, 0.024798512089274645, 0.02851828890266584, 0.03161810291382517, 0.0347179169249845, 0.040297582145071294, 0.044637321760694355, 0.04587724736515809, 0.050216986980781156, 0.05083694978301302, 0.052076875387476754, 0.05455672659640422, 0.698698078115313, 0.7092374457532548, 0.7216367017978921, 1.0]",4.0,2.0,2.0,2.0,2.0,5,-17.18154,8.0,-6.0,hrl_dqn_apf,hierarchical,dqn,-11.917,10.302,1.159,0.00,0.00,0.00,-5.587,9.295,0.224,0.00,0.00,0.00,-13.852,8.486,-1.097,0.00,0.00,0.00,3.817,3.817,3.817
2026-02-04 17:26:59,131.47,39,381,420,9.29%,101.89,2.42%,"[0, 5, 10, 15, 20, 25, 30, 35, 40, 45, 50, 55, 60, 65, 70, 75, 80, 85, 90, 95, 100]","[11, 9, 4, 5, 6, 4, 6, 6, 3, 9, 8, 2, 7, 1, 3, 4, 1038, 15, 21, 451]","[0.006819590824550527, 0.012399256044637322, 0.014879107253564786, 0.017978921264724116, 0.02169869807811531, 0.02417854928704278, 0.027898326100433975, 0.03161810291382517, 0.03347799132052077, 0.03905765654060756, 0.04401735895846249, 0.04525728456292622, 0.04959702417854929, 0.050216986980781156, 0.052076875387476754, 0.05455672659640422, 0.6980781153130812, 0.7073775573465592, 0.7203967761934283, 1.0]",4.0,2.0,2.0,2.0,2.0,5,-17.18154,8.0,-6.0,hrl_dqn_apf,hierarchical,dqn,-11.498,10.521,1.674,0.00,0.00,0.00,-6.258,9.329,0.183,0.00,0.00,0.00,-14.269,8.268,-1.605,0.00,0.00,0.00,3.814,3.814,3.814
2026-02-04 17:27:00,132.49,39,385,424,9.20%,102.06,2.42%,"[0, 5, 10, 15, 20, 25, 30, 35, 40, 45, 50, 55, 60, 65, 70, 75, 80, 85, 90, 95, 100]","[11, 10, 4, 5, 5, 4, 5, 6, 4, 7, 10, 2, 6, 2, 3, 2, 1039, 15, 22, 451]","[0.006819590824550527, 0.013019218846869188, 0.015499070055796652, 0.018598884066955982, 0.02169869807811531, 0.02417854928704278, 0.02727836329820211, 0.030998140111593304, 0.03347799132052077, 0.03781773093614383, 0.04401735895846249, 0.04525728456292622, 0.048977061376317424, 0.050216986980781156, 0.052076875387476754, 0.053316800991940486, 0.6974581525108493, 0.7067575945443273, 0.7203967761934283, 1.0]",4.0,2.0,2.0,2.0,2.0,7,-5.02147,8.0,-6.0,hrl_dqn_apf,hierarchical,dqn,-11.016,10.651,2.233,0.00,0.00,0.00,-6.584,9.380,-0.249,0.00,0.00,0.00,-14.741,8.098,-2.161,0.00,0.00,0.00,3.811,3.811,3.811
2026-02-04 17:27:01,133.49,39,385,424,9.20%,102.47,2.42%,"[0, 5, 10, 15, 20, 25, 30, 35, 40, 45, 50, 55, 60, 65, 70, 75, 80, 85, 90, 95, 100]","[11, 8, 5, 5, 5, 5, 3, 7, 4, 5, 11, 4, 5, 3, 2, 3, 1038, 16, 14, 459]","[0.006819590824550527, 0.011779293242405457, 0.014879107253564786, 0.017978921264724116, 0.021078735275883446, 0.02417854928704278, 0.026038437693738377, 0.03037817730936144, 0.0328580285182889, 0.03595784252944823, 0.04277743335399876, 0.04525728456292622, 0.04835709857408556, 0.050216986980781156, 0.05145691258524489, 0.053316800991940486, 0.6968381897086174, 0.7067575945443273, 0.7154370737755734, 1.0]",4.0,2.0,2.0,2.0,2.0,23,1.13861,8.0,12.0,hrl_dqn_apf,hierarchical,dqn,-10.616,9.840,2.696,0.00,0.00,0.00,-6.716,9.380,-1.648,0.00,0.00,0.00,-14.153,8.245,-2.597,0.00,0.00,0.00,3.808,3.808,3.808
2026-02-04 17:27:02,134.50,38,388,426,8.92%,102.63,2.36%,"[0, 5, 10, 15, 20, 25, 30, 35, 40, 45, 50, 55, 60, 65, 70, 75, 80, 85, 90, 95, 100]","[11, 6, 7, 3, 7, 4, 4, 6, 5, 3, 12, 5, 5, 3, 2, 2, 1034, 15, 19, 460]","[0.006819590824550527, 0.010539367637941723, 0.014879107253564786, 0.016738995660260384, 0.021078735275883446, 0.023558586484810913, 0.026038437693738377, 0.029758214507129573, 0.0328580285182889, 0.0347179169249845, 0.04215747055176689, 0.04525728456292622, 0.04835709857408556, 0.050216986980781156, 0.05145691258524489, 0.05269683818970862, 0.6937383756974581, 0.7030378177309361, 0.7148171109733416, 1.0]",4.0,2.0,2.0,2.0,2.0,23,1.13861,8.0,12.0,hrl_dqn_apf,hierarchical,dqn,-10.469,9.728,2.730,0.00,0.00,0.00,-6.726,9.377,-2.404,0.00,0.00,0.00,-13.451,8.245,-2.631,0.00,0.00,0.00,3.805,3.805,3.805
2026-02-04 17:27:03,135.50,38,390,428,8.88%,102.70,2.36%,"[0, 5, 10, 15, 20, 25, 30, 35, 40, 45, 50, 55, 60, 65, 70, 75, 80, 85, 90, 95, 100]","[10, 7, 7, 4, 6, 4, 4, 6, 5, 5, 10, 6, 4, 5, 2, 2, 1034, 12, 19, 461]","[0.006199628022318661, 0.010539367637941723, 0.014879107253564786, 0.01735895846249225, 0.021078735275883446, 0.023558586484810913, 0.026038437693738377, 0.029758214507129573, 0.0328580285182889, 0.03595784252944823, 0.04215747055176689, 0.04587724736515809, 0.04835709857408556, 0.05145691258524489, 0.05269683818970862, 0.05393676379417235, 0.6949783013019218, 0.7024178549287042, 0.7141971481711097, 1.0]",4.0,2.0,2.0,2.0,2.0,4,7.29904,8.0,-12.0,hrl_dqn_apf,hierarchical,dqn,-9.941,9.752,2.739,0.00,0.00,0.00,-6.730,9.374,-3.163,0.00,0.00,0.00,-12.748,8.277,-2.600,0.00,0.00,0.00,3.802,3.802,3.802
2026-02-04 17:27:04,136.50,39,388,427,9.13%,102.84,2.42%,"[0, 5, 10, 15, 20, 25, 30, 35, 40, 45, 50, 55, 60, 65, 70, 75, 80, 85, 90, 95, 100]","[10, 6, 8, 4, 6, 5, 3, 5, 6, 4, 10, 6, 5, 4, 3, 2, 1034, 12, 14, 466]","[0.006199628022318661, 0.009919404835709857, 0.014879107253564786, 0.01735895846249225, 0.021078735275883446, 0.02417854928704278, 0.026038437693738377, 0.029138251704897707, 0.0328580285182889, 0.035337879727216366, 0.041537507749535026, 0.04525728456292622, 0.04835709857408556, 0.05083694978301302, 0.05269683818970862, 0.05393676379417235, 0.6949783013019218, 0.7024178549287042, 0.7110973341599504, 1.0]",4.0,2.0,2.0,2.0,2.0,13,1.4590800000000002,8.0,0.0,hrl_dqn_apf,hierarchical,dqn,-9.260,9.755,2.743,0.00,0.00,0.00,-6.725,9.379,-3.903,0.00,0.00,0.00,-12.415,8.328,-2.185,0.00,0.00,0.00,3.799,3.799,3.799
2026-02-04 17:27:05,137.50,38,389,427,8.90%,103.05,2.36%,"[0, 5, 10, 15, 20, 25, 30, 35, 40, 45, 50, 55, 60, 65, 70, 75, 80, 85, 90, 95, 100]","[9, 7, 9, 4, 5, 4, 5, 4, 6, 4, 8, 10, 4, 4, 3, 2, 1024, 19, 16, 466]","[0.005579665220086794, 0.009919404835709857, 0.015499070055796652, 0.017978921264724116, 0.021078735275883446, 0.023558586484810913, 0.026658400495970243, 0.029138251704897707, 0.0328580285182889, 0.035337879727216366, 0.040297582145071294, 0.04649721016738995, 0.048977061376317424, 0.05145691258524489, 0.053316800991940486, 0.05455672659640422, 0.689398636081835, 0.7011779293242405, 0.7110973341599504, 1.0]",4.0,2.0,2.0,2.0,2.0,13,1.4590800000000002,8.0,0.0,hrl_dqn_apf,hierarchical,dqn,-7.760,9.751,2.744,0.00,0.00,0.00,-5.768,9.458,-4.494,0.00,0.00,0.00,-12.066,8.392,-0.992,0.00,0.00,0.00,3.796,3.796,3.796
2026-02-04 17:27:06,138.51,39,390,429,9.09%,103.17,2.42%,"[0, 5, 10, 15, 20, 25, 30, 35, 40, 45, 50, 55, 60, 65, 70, 75, 80, 85, 90, 95, 100]","[7, 8, 9, 5, 4, 6, 5, 3, 7, 4, 5, 12, 5, 4, 3, 3, 1024, 19, 16, 464]","[0.0043397396156230625, 0.009299442033477991, 0.014879107253564786, 0.017978921264724116, 0.02045877247365158, 0.02417854928704278, 0.02727836329820211, 0.029138251704897707, 0.03347799132052077, 0.03595784252944823, 0.03905765654060756, 0.04649721016738995, 0.04959702417854929, 0.052076875387476754, 0.05393676379417235, 0.05579665220086795, 0.6906385616862988, 0.7024178549287042, 0.7123372597644141, 1.0]",4.0,2.0,2.0,2.0,2.0,3,1.6191199999999997,8.0,-12.0,hrl_dqn_apf,hierarchical,dqn,-7.001,9.748,2.745,0.00,0.00,0.00,-5.044,9.456,-4.538,0.00,0.00,0.00,-11.477,8.407,-0.808,0.00,0.00,0.00,3.793,3.793,3.793
2026-02-04 17:27:07,139.51,39,388,427,9.13%,103.29,2.42%,"[0, 5, 10, 15, 20, 25, 30, 35, 40, 45, 50, 55, 60, 65, 70, 75, 80, 85, 90, 95, 100]","[9, 9, 7, 5, 3, 6, 4, 4, 6, 5, 6, 11, 6, 3, 4, 2, 1021, 19, 17, 466]","[0.005579665220086794, 0.011159330440173589, 0.015499070055796652, 0.018598884066955982, 0.02045877247365158, 0.02417854928704278, 0.026658400495970243, 0.029138251704897707, 0.0328580285182889, 0.03595784252944823, 0.03967761934283943, 0.04649721016738995, 0.050216986980781156, 0.052076875387476754, 0.05455672659640422, 0.05579665220086795, 0.6887786732796032, 0.7005579665220086, 0.7110973341599504, 1.0]",4.0,2.0,2.0,2.0,2.0,15,-16.2205,8.0,6.0,hrl_dqn_apf,hierarchical,dqn,-6.311,9.818,2.745,0.00,0.00,0.00,-4.271,9.453,-4.553,0.00,0.00,0.00,-10.743,8.405,-0.749,0.00,0.00,0.00,3.790,3.790,3.790
2026-02-04 17:27:08,140.51,38,389,427,8.90%,103.44,2.36%,"[0, 5, 10, 15, 20, 25, 30, 35, 40, 45, 50, 55, 60, 65, 70, 75, 80, 85, 90, 95, 100]","[7, 9, 7, 6, 3, 6, 4, 3, 6, 5, 6, 11, 7, 3, 6, 3, 1017, 21, 13, 470]","[0.0043397396156230625, 0.009919404835709857, 0.01425914445133292, 0.017978921264724116, 0.019838809671419714, 0.023558586484810913, 0.026038437693738377, 0.027898326100433975, 0.03161810291382517, 0.0347179169249845, 0.038437693738375696, 0.04525728456292622, 0.04959702417854929, 0.05145691258524489, 0.05517668939863608, 0.05703657780533168, 0.6875387476751394, 0.7005579665220086, 0.7086174829510229, 1.0]",4.0,2.0,2.0,2.0,2.0,15,-16.2205,8.0,6.0,hrl_dqn_apf,hierarchical,dqn,-6.418,9.920,2.745,0.00,0.00,0.00,-3.520,9.459,-4.564,0.00,0.00,0.00,-9.995,8.402,-0.732,0.00,0.00,0.00,3.787,3.787,3.787
2026-02-04 17:27:09,141.52,38,390,428,8.88%,103.62,2.36%,"[0, 5, 10, 15, 20, 25, 30, 35, 40, 45, 50, 55, 60, 65, 70, 75, 80, 85, 90, 95, 100]","[8, 7, 8, 7, 2, 6, 6, 3, 5, 7, 5, 8, 10, 2, 6, 3, 1018, 16, 15, 471]","[0.0049597024178549285, 0.009299442033477991, 0.01425914445133292, 0.018598884066955982, 0.019838809671419714, 0.023558586484810913, 0.02727836329820211, 0.029138251704897707, 0.032238065716057036, 0.0365778053316801, 0.03967761934283943, 0.044637321760694355, 0.05083694978301302, 0.052076875387476754, 0.05579665220086795, 0.05765654060756355, 0.6887786732796032, 0.698698078115313, 0.707997520148791, 1.0]",4.0,2.0,2.0,2.0,2.0,2,-4.0604,8.0,-12.0,hrl_dqn_apf,hierarchical,dqn,-7.697,9.927,2.745,0.00,0.00,0.00,-2.940,9.538,-5.531,0.00,0.00,0.00,-8.473,8.396,-0.724,0.00,0.00,0.00,3.784,3.784,3.784
2026-02-04 17:27:10,142.52,38,386,424,8.96%,103.74,2.36%,"[0, 5, 10, 15, 20, 25, 30, 35, 40, 45, 50, 55, 60, 65, 70, 75, 80, 85, 90, 95, 100]","[9, 7, 7, 7, 3, 5, 5, 4, 5, 6, 4, 9, 11, 2, 5, 4, 1018, 11, 19, 472]","[0.005579665220086794, 0.009919404835709857, 0.01425914445133292, 0.018598884066955982, 0.02045877247365158, 0.023558586484810913, 0.026658400495970243, 0.029138251704897707, 0.032238065716057036, 0.03595784252944823, 0.038437693738375696, 0.04401735895846249, 0.05083694978301302, 0.052076875387476754, 0.05517668939863608, 0.05765654060756355, 0.6887786732796032, 0.6955982641041537, 0.7073775573465592, 1.0]",4.0,2.0,2.0,2.0,2.0,21,-9.89934,8.0,12.0,hrl_dqn_apf,hierarchical,dqn,-8.298,10.103,2.861,0.00,0.00,0.00,-2.896,9.535,-6.253,0.00,0.00,0.00,-7.852,8.355,-0.835,0.00,0.00,0.00,3.781,3.781,3.781
2026-02-04 17:27:11,143.52,38,386,424,8.96%,103.86,2.36%,"[0, 5, 10, 15, 20, 25, 30, 35, 40, 45, 50, 55, 60, 65, 70, 75, 80, 85, 90, 95, 100]","[10, 5, 9, 7, 3, 4, 5, 5, 3, 7, 4, 6, 14, 2, 5, 3, 1014, 17, 18, 472]","[0.006199628022318661, 0.009299442033477991, 0.014879107253564786, 0.019218846869187848, 0.021078735275883446, 0.023558586484810913, 0.026658400495970243, 0.029758214507129573, 0.03161810291382517, 0.03595784252944823, 0.038437693738375696, 0.04215747055176689, 0.05083694978301302, 0.052076875387476754, 0.05517668939863608, 0.05703657780533168, 0.6856788592684439, 0.6962182269063856, 0.7073775573465592, 1.0]",4.0,2.0,2.0,2.0,2.0,21,-9.89934,8.0,12.0,hrl_dqn_apf,hierarchical,dqn,-8.446,10.303,3.373,0.00,0.00,0.00,-2.883,9.532,-7.006,0.00,0.00,0.00,-7.696,8.220,-1.342,0.00,0.00,0.00,3.778,3.778,3.778
2026-02-04 17:27:12,144.53,38,386,424,8.96%,104.02,2.36%,"[0, 5, 10, 15, 20, 25, 30, 35, 40, 45, 50, 55, 60, 65, 70, 75, 80, 85, 90, 95, 100]","[9, 5, 9, 7, 4, 4, 5, 4, 4, 7, 4, 7, 12, 4, 4, 4, 1013, 15, 19, 473]","[0.005579665220086794, 0.008679479231246125, 0.01425914445133292, 0.018598884066955982, 0.021078735275883446, 0.023558586484810913, 0.026658400495970243, 0.029138251704897707, 0.03161810291382517, 0.03595784252944823, 0.038437693738375696, 0.04277743335399876, 0.050216986980781156, 0.05269683818970862, 0.05517668939863608, 0.05765654060756355, 0.6856788592684439, 0.6949783013019218, 0.7067575945443273, 1.0]",4.0,2.0,2.0,2.0,2.0,1,-9.7388,8.0,-12.0,hrl_dqn_apf,hierarchical,dqn,-8.514,10.392,4.052,0.00,0.00,0.00,-2.879,9.529,-7.764,0.00,0.00,0.00,-7.624,8.092,-1.744,0.00,0.00,0.00,3.775,3.775,3.775
2026-02-04 17:27:13,145.53,37,385,422,8.77%,104.27,2.29%,"[0, 5, 10, 15, 20, 25, 30, 35, 40, 45, 50, 55, 60, 65, 70, 75, 80, 85, 90, 95, 100]","[8, 5, 8, 7, 6, 3, 5, 6, 3, 5, 6, 5, 11, 6, 4, 6, 1013, 11, 21, 474]","[0.0049597024178549285, 0.008059516429014259, 0.013019218846869188, 0.01735895846249225, 0.021078735275883446, 0.022938623682579044, 0.026038437693738377, 0.029758214507129573, 0.03161810291382517, 0.0347179169249845, 0.038437693738375696, 0.041537507749535026, 0.04835709857408556, 0.052076875387476754, 0.05455672659640422, 0.05827650340979541, 0.6862988220706757, 0.6931184128952262, 0.7061376317420954, 1.0]",4.0,2.0,2.0,2.0,2.0,0,-15.57873,8.0,-12.0,hrl_dqn_apf,hierarchical,dqn,-8.579,9.572,4.624,0.00,0.00,0.00,-3.101,9.599,-9.085,0.00,0.00,0.00,-7.558,8.197,-1.099,0.00,0.00,0.00,3.772,3.772,3.772
2026-02-04 17:27:14,146.53,36,390,426,8.45%,104.40,2.23%,"[0, 5, 10, 15, 20, 25, 30, 35, 40, 45, 50, 55, 60, 65, 70, 75, 80, 85, 90, 95, 100]","[8, 5, 7, 8, 6, 2, 6, 7, 2, 5, 6, 4, 10, 8, 3, 6, 1013, 13, 16, 478]","[0.0049597024178549285, 0.008059516429014259, 0.012399256044637322, 0.01735895846249225, 0.021078735275883446, 0.022318660880347178, 0.026038437693738377, 0.03037817730936144, 0.03161810291382517, 0.0347179169249845, 0.038437693738375696, 0.04091754494730316, 0.047117172969621826, 0.052076875387476754, 0.05393676379417235, 0.05765654060756355, 0.6856788592684439, 0.6937383756974581, 0.703657780533168, 1.0]",4.0,2.0,2.0,2.0,2.0,0,-15.57873,8.0,-12.0,hrl_dqn_apf,hierarchical,dqn,-8.584,9.482,4.537,0.00,0.00,0.00,-3.689,9.614,-9.271,0.00,0.00,0.00,-7.433,8.249,-0.512,0.00,0.00,0.00,3.769,3.769,3.769
2026-02-04 17:27:15,147.54,36,388,424,8.49%,104.56,2.23%,"[0, 5, 10, 15, 20, 25, 30, 35, 40, 45, 50, 55, 60, 65, 70, 75, 80, 85, 90, 95, 100]","[5, 7, 6, 7, 8, 3, 5, 6, 4, 5, 4, 6, 9, 9, 3, 5, 1013, 14, 14, 480]","[0.0030998140111593306, 0.007439553626782393, 0.011159330440173589, 0.015499070055796652, 0.02045877247365158, 0.022318660880347178, 0.02541847489150651, 0.029138251704897707, 0.03161810291382517, 0.0347179169249845, 0.037197768133911964, 0.04091754494730316, 0.04649721016738995, 0.052076875387476754, 0.05393676379417235, 0.05703657780533168, 0.685058896466212, 0.6937383756974581, 0.7024178549287042, 1.0]",4.0,2.0,2.0,2.0,2.0,12,-3.41842,8.0,0.0,hrl_dqn_apf,hierarchical,dqn,-8.585,9.507,4.038,0.00,0.00,0.00,-4.378,9.613,-9.327,0.00,0.00,0.00,-6.927,8.276,-0.285,0.00,0.00,0.00,3.766,3.766,3.766
2026-02-04 17:27:16,148.54,36,388,424,8.49%,104.70,2.23%,"[0, 5, 10, 15, 20, 25, 30, 35, 40, 45, 50, 55, 60, 65, 70, 75, 80, 85, 90, 95, 100]","[4, 9, 6, 6, 8, 3, 4, 7, 5, 4, 5, 4, 9, 11, 3, 5, 1010, 15, 13, 482]","[0.0024798512089274642, 0.008059516429014259, 0.011779293242405457, 0.015499070055796652, 0.02045877247365158, 0.022318660880347178, 0.024798512089274645, 0.029138251704897707, 0.032238065716057036, 0.0347179169249845, 0.03781773093614383, 0.040297582145071294, 0.04587724736515809, 0.05269683818970862, 0.05455672659640422, 0.05765654060756355, 0.6838189708617483, 0.6931184128952262, 0.7011779293242405, 1.0]",4.0,2.0,2.0,2.0,2.0,15,-15.33808,8.0,6.0,hrl_dqn_apf,hierarchical,dqn,-8.588,9.543,3.361,0.00,0.00,0.00,-5.128,9.610,-9.345,0.00,0.00,0.00,-6.237,8.264,-0.216,0.00,0.00,0.00,3.763,3.763,3.763
2026-02-04 17:27:17,149.55,37,390,427,8.67%,104.98,2.29%,"[0, 5, 10, 15, 20, 25, 30, 35, 40, 45, 50, 55, 60, 65, 70, 75, 80, 85, 90, 95, 100]","[6, 6, 5, 6, 10, 4, 2, 8, 5, 3, 7, 3, 7, 12, 5, 4, 1009, 12, 13, 486]","[0.0037197768133911966, 0.007439553626782393, 0.010539367637941723, 0.01425914445133292, 0.02045877247365158, 0.022938623682579044, 0.02417854928704278, 0.029138251704897707, 0.032238065716057036, 0.034097954122752634, 0.038437693738375696, 0.040297582145071294, 0.044637321760694355, 0.052076875387476754, 0.05517668939863608, 0.05765654060756355, 0.6831990080595164, 0.6906385616862988, 0.698698078115313, 1.0]",4.0,2.0,2.0,2.0,2.0,15,-15.33808,8.0,6.0,hrl_dqn_apf,hierarchical,dqn,-8.977,9.916,3.699,0.00,0.00,0.00,-6.220,9.752,-9.351,0.00,0.00,0.00,-5.299,8.089,-1.061,0.00,0.00,0.00,3.760,3.760,3.760
2026-02-04 17:27:18,150.55,37,390,427,8.67%,105.15,2.29%,"[0, 5, 10, 15, 20, 25, 30, 35, 40, 45, 50, 55, 60, 65, 70, 75, 80, 85, 90, 95, 100]","[7, 5, 5, 7, 8, 5, 2, 6, 7, 3, 6, 3, 7, 10, 7, 3, 1007, 16, 11, 488]","[0.0043397396156230625, 0.007439553626782393, 0.010539367637941723, 0.014879107253564786, 0.019838809671419714, 0.022938623682579044, 0.02417854928704278, 0.027898326100433975, 0.032238065716057036, 0.034097954122752634, 0.03781773093614383, 0.03967761934283943, 0.04401735895846249, 0.050216986980781156, 0.05455672659640422, 0.056416615003099815, 0.6807191568505889, 0.6906385616862988, 0.6974581525108493, 1.0]",4.0,2.0,2.0,2.0,2.0,3,2.82187,8.0,-12.0,hrl_dqn_apf,hierarchical,dqn,-9.400,9.974,4.194,0.00,0.00,0.00,-5.825,9.787,-9.352,0.00,0.00,0.00,-4.834,8.076,-1.589,0.00,0.00,0.00,3.757,3.757,3.757
2026-02-04 17:27:19,151.55,37,390,427,8.67%,105.31,2.29%,"[0, 5, 10, 15, 20, 25, 30, 35, 40, 45, 50, 55, 60, 65, 70, 75, 80, 85, 90, 95, 100]","[8, 4, 6, 6, 7, 6, 1, 6, 8, 2, 6, 4, 6, 8, 9, 3, 1005, 17, 13, 488]","[0.0049597024178549285, 0.007439553626782393, 0.011159330440173589, 0.014879107253564786, 0.019218846869187848, 0.022938623682579044, 0.023558586484810913, 0.02727836329820211, 0.032238065716057036, 0.03347799132052077, 0.037197768133911964, 0.03967761934283943, 0.04339739615623062, 0.04835709857408556, 0.05393676379417235, 0.05579665220086795, 0.6788592684438933, 0.689398636081835, 0.6974581525108493, 1.0]",4.0,2.0,2.0,2.0,2.0,3,2.82187,8.0,-12.0,hrl_dqn_apf,hierarchical,dqn,-10.034,9.983,4.394,0.00,0.00,0.00,-5.174,9.787,-9.352,0.00,0.00,0.00,-4.273,8.147,-1.796,0.00,0.00,0.00,3.754,3.754,3.754
2026-02-04 17:27:20,152.55,38,395,433,8.78%,105.42,2.36%,"[0, 5, 10, 15, 20, 25, 30, 35, 40, 45, 50, 55, 60, 65, 70, 75, 80, 85, 90, 95, 100]","[9, 3, 6, 6, 6, 8, 2, 5, 5, 4, 5, 4, 7, 7, 10, 3, 1002, 19, 14, 488]","[0.005579665220086794, 0.007439553626782393, 0.011159330440173589, 0.014879107253564786, 0.018598884066955982, 0.023558586484810913, 0.024798512089274645, 0.027898326100433975, 0.030998140111593304, 0.03347799132052077, 0.0365778053316801, 0.03905765654060756, 0.04339739615623062, 0.04773713577185369, 0.05393676379417235, 0.05579665220086795, 0.6769993800371977, 0.6887786732796032, 0.6974581525108493, 1.0]",4.0,2.0,2.0,2.0,2.0,15,-15.01784,8.0,6.0,hrl_dqn_apf,hierarchical,dqn,-10.760,9.981,4.457,0.00,0.00,0.00,-4.442,9.784,-9.353,0.00,0.00,0.00,-4.401,8.243,-1.858,0.00,0.00,0.00,3.751,3.751,3.751
2026-02-04 17:27:21,153.56,38,389,427,8.90%,105.68,2.36%,"[0, 5, 10, 15, 20, 25, 30, 35, 40, 45, 50, 55, 60, 65, 70, 75, 80, 85, 90, 95, 100]","[8, 4, 8, 5, 6, 7, 3, 4, 6, 4, 3, 7, 5, 6, 11, 5, 995, 21, 12, 493]","[0.0049597024178549285, 0.007439553626782393, 0.012399256044637322, 0.015499070055796652, 0.019218846869187848, 0.023558586484810913, 0.02541847489150651, 0.027898326100433975, 0.03161810291382517, 0.034097954122752634, 0.03595784252944823, 0.040297582145071294, 0.04339739615623062, 0.047117172969621826, 0.05393676379417235, 0.05703657780533168, 0.6738995660260384, 0.6869187848729076, 0.69435833849969, 1.0]",4.0,2.0,2.0,2.0,2.0,6,-8.857479999999999,8.0,-6.0,hrl_dqn_apf,hierarchical,dqn,-12.069,10.049,4.273,0.00,0.00,0.00,-2.926,9.778,-9.354,0.00,0.00,0.00,-5.687,8.249,-1.884,0.00,0.00,0.00,3.748,3.748,3.748
2026-02-04 17:27:22,154.56,37,390,427,8.67%,105.82,2.29%,"[0, 5, 10, 15, 20, 25, 30, 35, 40, 45, 50, 55, 60, 65, 70, 75, 80, 85, 90, 95, 100]","[10, 4, 6, 6, 6, 5, 4, 2, 7, 4, 3, 9, 5, 4, 12, 5, 995, 21, 11, 494]","[0.006199628022318661, 0.008679479231246125, 0.012399256044637322, 0.016119032858028518, 0.019838809671419714, 0.022938623682579044, 0.02541847489150651, 0.026658400495970243, 0.030998140111593304, 0.03347799132052077, 0.035337879727216366, 0.04091754494730316, 0.04401735895846249, 0.04649721016738995, 0.05393676379417235, 0.05703657780533168, 0.6738995660260384, 0.6869187848729076, 0.6937383756974581, 1.0]",4.0,2.0,2.0,2.0,2.0,6,-8.857479999999999,8.0,-6.0,hrl_dqn_apf,hierarchical,dqn,-12.270,9.803,3.801,0.00,0.00,0.00,-2.273,9.833,-9.245,0.00,0.00,0.00,-6.433,8.246,-1.886,0.00,0.00,0.00,3.745,3.745,3.745
2026-02-04 17:27:23,155.56,37,391,428,8.64%,105.95,2.29%,"[0, 5, 10, 15, 20, 25, 30, 35, 40, 45, 50, 55, 60, 65, 70, 75, 80, 85, 90, 95, 100]","[11, 4, 6, 4, 6, 6, 5, 2, 7, 3, 3, 7, 5, 6, 9, 7, 994, 19, 15, 494]","[0.006819590824550527, 0.009299442033477991, 0.013019218846869188, 0.015499070055796652, 0.019218846869187848, 0.022938623682579044, 0.026038437693738377, 0.02727836329820211, 0.03161810291382517, 0.03347799132052077, 0.035337879727216366, 0.03967761934283943, 0.04277743335399876, 0.04649721016738995, 0.052076875387476754, 0.056416615003099815, 0.6726596404215747, 0.6844389336639801, 0.6937383756974581, 1.0]",4.0,2.0,2.0,2.0,2.0,12,-2.69763,8.0,0.0,hrl_dqn_apf,hierarchical,dqn,-12.334,9.569,3.557,0.00,0.00,0.00,-2.015,9.864,-8.732,0.00,0.00,0.00,-6.852,8.258,-1.890,0.00,0.00,0.00,3.742,3.742,3.742
2026-02-04 17:27:24,156.57,36,390,426,8.45%,106.10,2.23%,"[0, 5, 10, 15, 20, 25, 30, 35, 40, 45, 50, 55, 60, 65, 70, 75, 80, 85, 90, 95, 100]","[11, 4, 5, 6, 5, 5, 6, 1, 6, 5, 4, 5, 7, 4, 10, 7, 995, 16, 17, 494]","[0.006819590824550527, 0.009299442033477991, 0.012399256044637322, 0.016119032858028518, 0.019218846869187848, 0.022318660880347178, 0.026038437693738377, 0.026658400495970243, 0.03037817730936144, 0.03347799132052077, 0.03595784252944823, 0.03905765654060756, 0.04339739615623062, 0.04587724736515809, 0.052076875387476754, 0.056416615003099815, 0.6732796032238065, 0.6831990080595164, 0.6937383756974581, 1.0]",4.0,2.0,2.0,2.0,2.0,7,-2.53742,8.0,-6.0,hrl_dqn_apf,hierarchical,dqn,-12.352,9.595,3.065,0.00,0.00,0.00,-1.934,9.865,-8.039,0.00,0.00,0.00,-7.470,8.273,-1.890,0.00,0.00,0.00,3.739,3.739,3.739
2026-02-04 17:27:25,157.57,35,391,426,8.22%,106.38,2.17%,"[0, 5, 10, 15, 20, 25, 30, 35, 40, 45, 50, 55, 60, 65, 70, 75, 80, 85, 90, 95, 100]","[10, 6, 3, 7, 5, 4, 6, 2, 5, 5, 4, 4, 8, 3, 9, 11, 988, 20, 17, 496]","[0.006199628022318661, 0.009919404835709857, 0.011779293242405457, 0.016119032858028518, 0.019218846869187848, 0.02169869807811531, 0.02541847489150651, 0.026658400495970243, 0.029758214507129573, 0.0328580285182889, 0.035337879727216366, 0.03781773093614383, 0.04277743335399876, 0.044637321760694355, 0.050216986980781156, 0.05703657780533168, 0.6695598264104153, 0.6819590824550527, 0.6924984500929944, 1.0]",4.0,2.0,2.0,2.0,2.0,7,-2.53742,8.0,-6.0,hrl_dqn_apf,hierarchical,dqn,-12.359,9.597,1.641,0.00,0.00,0.00,-1.901,9.859,-6.539,0.00,0.00,0.00,-7.049,8.422,-1.890,0.00,0.00,0.00,3.736,3.736,3.736
2026-02-04 17:27:26,158.58,35,389,424,8.25%,106.53,2.17%,"[0, 5, 10, 15, 20, 25, 30, 35, 40, 45, 50, 55, 60, 65, 70, 75, 80, 85, 90, 95, 100]","[8, 8, 2, 8, 4, 5, 6, 2, 4, 6, 4, 3, 9, 3, 8, 11, 989, 16, 18, 499]","[0.0049597024178549285, 0.009919404835709857, 0.011159330440173589, 0.016119032858028518, 0.018598884066955982, 0.02169869807811531, 0.02541847489150651, 0.026658400495970243, 0.029138251704897707, 0.0328580285182889, 0.035337879727216366, 0.037197768133911964, 0.04277743335399876, 0.044637321760694355, 0.04959702417854929, 0.056416615003099815, 0.6695598264104153, 0.6794792312461252, 0.6906385616862988, 1.0]",4.0,2.0,2.0,2.0,2.0,6,-8.37692,8.0,-6.0,hrl_dqn_apf,hierarchical,dqn,-12.360,9.594,0.884,0.00,0.00,0.00,-1.898,9.856,-5.777,0.00,0.00,0.00,-6.358,8.421,-1.891,0.00,0.00,0.00,3.733,3.733,3.733
2026-02-04 17:27:27,159.59,36,386,422,8.53%,106.61,2.23%,"[0, 5, 10, 15, 20, 25, 30, 35, 40, 45, 50, 55, 60, 65, 70, 75, 80, 85, 90, 95, 100]","[8, 9, 2, 6, 6, 5, 5, 3, 4, 6, 4, 3, 10, 3, 6, 12, 990, 13, 21, 497]","[0.0049597024178549285, 0.010539367637941723, 0.011779293242405457, 0.015499070055796652, 0.019218846869187848, 0.022318660880347178, 0.02541847489150651, 0.02727836329820211, 0.029758214507129573, 0.03347799132052077, 0.03595784252944823, 0.03781773093614383, 0.04401735895846249, 0.04587724736515809, 0.04959702417854929, 0.05703657780533168, 0.6707997520148791, 0.6788592684438933, 0.6918784872907625, 1.0]",4.0,2.0,2.0,2.0,2.0,24,9.78286,8.0,12.0,hrl_dqn_apf,hierarchical,dqn,-12.360,9.592,0.125,0.00,0.00,0.00,-1.896,9.853,-5.017,0.00,0.00,0.00,-5.657,8.451,-1.931,0.00,0.00,0.00,3.730,3.730,3.730
2026-02-04 17:27:28,160.59,35,389,424,8.25%,106.73,2.17%,"[0, 5, 10, 15, 20, 25, 30, 35, 40, 45, 50, 55, 60, 65, 70, 75, 80, 85, 90, 95, 100]","[8, 9, 3, 6, 4, 5, 5, 5, 2, 6, 4, 3, 9, 3, 7, 11, 990, 13, 24, 496]","[0.0049597024178549285, 0.010539367637941723, 0.012399256044637322, 0.016119032858028518, 0.018598884066955982, 0.02169869807811531, 0.024798512089274645, 0.027898326100433975, 0.029138251704897707, 0.0328580285182889, 0.035337879727216366, 0.037197768133911964, 0.04277743335399876, 0.044637321760694355, 0.048977061376317424, 0.05579665220086795, 0.6695598264104153, 0.6776193428394296, 0.6924984500929944, 1.0]",4.0,2.0,2.0,2.0,2.0,24,9.78286,8.0,12.0,hrl_dqn_apf,hierarchical,dqn,-12.359,9.589,-0.635,0.00,0.00,0.00,-1.896,9.850,-4.257,0.00,0.00,0.00,-5.315,8.498,-2.354,0.00,0.00,0.00,3.727,3.727,3.727
2026-02-04 17:27:29,161.60,35,389,424,8.25%,106.96,2.17%,"[0, 5, 10, 15, 20, 25, 30, 35, 40, 45, 50, 55, 60, 65, 70, 75, 80, 85, 90, 95, 100]","[10, 8, 5, 3, 4, 5, 5, 5, 1, 5, 8, 2, 7, 4, 6, 9, 991, 16, 16, 503]","[0.006199628022318661, 0.011159330440173589, 0.01425914445133292, 0.016119032858028518, 0.018598884066955982, 0.02169869807811531, 0.024798512089274645, 0.027898326100433975, 0.02851828890266584, 0.03161810291382517, 0.0365778053316801, 0.03781773093614383, 0.04215747055176689, 0.044637321760694355, 0.04835709857408556, 0.05393676379417235, 0.6683199008059516, 0.6782393056416615, 0.6881587104773713, 1.0]",4.0,2.0,2.0,2.0,2.0,24,9.94309,8.0,12.0,hrl_dqn_apf,hierarchical,dqn,-12.359,9.583,-2.179,0.00,0.00,0.00,-1.706,10.075,-3.029,0.00,0.00,0.00,-4.608,8.529,-2.722,0.00,0.00,0.00,3.724,3.724,3.724
2026-02-04 17:27:30,162.60,36,390,426,8.45%,107.09,2.23%,"[0, 5, 10, 15, 20, 25, 30, 35, 40, 45, 50, 55, 60, 65, 70, 75, 80, 85, 90, 95, 100]","[9, 7, 7, 3, 6, 4, 4, 6, 2, 4, 5, 5, 6, 5, 4, 10, 990, 12, 20, 504]","[0.005579665220086794, 0.009919404835709857, 0.01425914445133292, 0.016119032858028518, 0.019838809671419714, 0.022318660880347178, 0.024798512089274645, 0.02851828890266584, 0.029758214507129573, 0.032238065716057036, 0.035337879727216366, 0.038437693738375696, 0.04215747055176689, 0.04525728456292622, 0.04773713577185369, 0.05393676379417235, 0.6676999380037197, 0.6751394916305021, 0.6875387476751394, 1.0]",4.0,2.0,2.0,2.0,2.0,8,4.10381,8.0,-6.0,hrl_dqn_apf,hierarchical,dqn,-12.249,9.638,-2.834,0.00,0.00,0.00,-1.181,10.269,-3.086,0.00,0.00,0.00,-4.967,8.391,-2.511,0.00,0.00,0.00,3.721,3.721,3.721
2026-02-04 17:27:31,163.61,35,393,428,8.18%,107.21,2.17%,"[0, 5, 10, 15, 20, 25, 30, 35, 40, 45, 50, 55, 60, 65, 70, 75, 80, 85, 90, 95, 100]","[9, 5, 8, 3, 7, 3, 5, 6, 2, 3, 6, 5, 5, 6, 4, 8, 992, 11, 17, 508]","[0.005579665220086794, 0.008679479231246125, 0.013639181649101054, 0.015499070055796652, 0.019838809671419714, 0.02169869807811531, 0.024798512089274645, 0.02851828890266584, 0.029758214507129573, 0.03161810291382517, 0.035337879727216366, 0.038437693738375696, 0.041537507749535026, 0.04525728456292622, 0.04773713577185369, 0.05269683818970862, 0.6676999380037197, 0.6745195288282703, 0.685058896466212, 1.0]",4.0,2.0,2.0,2.0,2.0,8,4.10381,8.0,-6.0,hrl_dqn_apf,hierarchical,dqn,-11.735,9.669,-3.090,0.00,0.00,0.00,-0.497,10.452,-3.187,0.00,0.00,0.00,-5.602,8.208,-2.363,0.00,0.00,0.00,3.718,3.718,3.718
2026-02-04 17:27:32,164.62,36,391,427,8.43%,107.29,2.23%,"[0, 5, 10, 15, 20, 25, 30, 35, 40, 45, 50, 55, 60, 65, 70, 75, 80, 85, 90, 95, 100]","[8, 6, 9, 2, 8, 3, 5, 4, 3, 3, 6, 4, 7, 6, 4, 7, 991, 13, 14, 510]","[0.0049597024178549285, 0.008679479231246125, 0.01425914445133292, 0.015499070055796652, 0.02045877247365158, 0.022318660880347178, 0.02541847489150651, 0.027898326100433975, 0.029758214507129573, 0.03161810291382517, 0.035337879727216366, 0.03781773093614383, 0.04215747055176689, 0.04587724736515809, 0.04835709857408556, 0.05269683818970862, 0.6670799752014879, 0.6751394916305021, 0.6838189708617483, 1.0]",4.0,2.0,2.0,2.0,2.0,20,-13.7362,8.0,12.0,hrl_dqn_apf,hierarchical,dqn,-11.042,9.669,-3.170,0.00,0.00,0.00,0.237,10.553,-3.295,0.00,0.00,0.00,-6.313,8.069,-2.241,0.00,0.00,0.00,3.715,3.715,3.715
2026-02-04 17:27:33,165.62,35,392,427,8.20%,107.51,2.17%,"[0, 5, 10, 15, 20, 25, 30, 35, 40, 45, 50, 55, 60, 65, 70, 75, 80, 85, 90, 95, 100]","[7, 6, 8, 5, 6, 3, 4, 6, 4, 2, 4, 6, 6, 5, 5, 6, 982, 22, 16, 510]","[0.0043397396156230625, 0.008059516429014259, 0.013019218846869188, 0.016119032858028518, 0.019838809671419714, 0.02169869807811531, 0.02417854928704278, 0.027898326100433975, 0.03037817730936144, 0.03161810291382517, 0.034097954122752634, 0.03781773093614383, 0.041537507749535026, 0.044637321760694355, 0.04773713577185369, 0.05145691258524489, 0.6602603843769373, 0.6738995660260384, 0.6838189708617483, 1.0]",4.0,2.0,2.0,2.0,2.0,18,4.42412,8.0,6.0,hrl_dqn_apf,hierarchical,dqn,-9.546,9.663,-3.202,0.00,0.00,0.00,0.835,9.747,-3.388,0.00,0.00,0.00,-5.914,8.240,-2.148,0.00,0.00,0.00,3.712,3.712,3.712
2026-02-04 17:27:34,166.62,34,393,427,7.96%,107.67,2.11%,"[0, 5, 10, 15, 20, 25, 30, 35, 40, 45, 50, 55, 60, 65, 70, 75, 80, 85, 90, 95, 100]","[7, 6, 8, 5, 5, 3, 5, 5, 4, 1, 5, 7, 4, 6, 6, 5, 981, 22, 17, 511]","[0.0043397396156230625, 0.008059516429014259, 0.013019218846869188, 0.016119032858028518, 0.019218846869187848, 0.021078735275883446, 0.02417854928704278, 0.02727836329820211, 0.029758214507129573, 0.03037817730936144, 0.03347799132052077, 0.03781773093614383, 0.040297582145071294, 0.04401735895846249, 0.04773713577185369, 0.05083694978301302, 0.6590204587724736, 0.6726596404215747, 0.6831990080595164, 1.0]",4.0,2.0,2.0,2.0,2.0,18,4.42412,8.0,6.0,hrl_dqn_apf,hierarchical,dqn,-9.366,9.810,-3.235,0.00,0.00,0.00,0.879,9.636,-3.281,0.00,0.00,0.00,-5.232,8.145,-2.112,0.00,0.00,0.00,3.709,3.709,3.709
2026-02-04 17:27:35,167.62,34,393,427,7.96%,107.79,2.11%,"[0, 5, 10, 15, 20, 25, 30, 35, 40, 45, 50, 55, 60, 65, 70, 75, 80, 85, 90, 95, 100]","[7, 6, 6, 6, 3, 6, 4, 4, 5, 2, 4, 6, 6, 6, 6, 6, 976, 26, 13, 515]","[0.0043397396156230625, 0.008059516429014259, 0.011779293242405457, 0.015499070055796652, 0.01735895846249225, 0.021078735275883446, 0.023558586484810913, 0.026038437693738377, 0.029138251704897707, 0.03037817730936144, 0.0328580285182889, 0.0365778053316801, 0.040297582145071294, 0.04401735895846249, 0.04773713577185369, 0.05145691258524489, 0.6565406075635462, 0.6726596404215747, 0.6807191568505889, 1.0]",4.0,2.0,2.0,2.0,2.0,19,10.50437,8.0,6.0,hrl_dqn_apf,hierarchical,dqn,-9.726,9.993,-3.381,0.00,0.00,0.00,0.892,9.662,-2.762,0.00,0.00,0.00,-4.510,7.998,-1.966,0.00,0.00,0.00,3.706,3.706,3.706
2026-02-04 17:27:36,168.63,35,392,427,8.20%,107.89,2.17%,"[0, 5, 10, 15, 20, 25, 30, 35, 40, 45, 50, 55, 60, 65, 70, 75, 80, 85, 90, 95, 100]","[5, 7, 8, 6, 2, 7, 4, 4, 6, 2, 3, 7, 6, 5, 6, 4, 974, 30, 13, 514]","[0.0030998140111593306, 0.007439553626782393, 0.012399256044637322, 0.016119032858028518, 0.01735895846249225, 0.02169869807811531, 0.02417854928704278, 0.026658400495970243, 0.03037817730936144, 0.03161810291382517, 0.03347799132052077, 0.03781773093614383, 0.041537507749535026, 0.044637321760694355, 0.04835709857408556, 0.05083694978301302, 0.6546807191568506, 0.6732796032238065, 0.6813391196528208, 1.0]",4.0,2.0,2.0,2.0,2.0,12,-1.33568,8.0,0.0,hrl_dqn_apf,hierarchical,dqn,-10.341,10.128,-3.569,0.00,0.00,0.00,0.896,9.665,-2.070,0.00,0.00,0.00,-3.779,7.872,-1.778,0.00,0.00,0.00,3.702,3.702,3.702
2026-02-04 17:27:37,169.63,36,390,426,8.45%,108.14,2.23%,"[0, 5, 10, 15, 20, 25, 30, 35, 40, 45, 50, 55, 60, 65, 70, 75, 80, 85, 90, 95, 100]","[7, 5, 6, 8, 3, 7, 3, 4, 5, 4, 3, 7, 6, 4, 8, 3, 972, 23, 19, 516]","[0.0043397396156230625, 0.007439553626782393, 0.011159330440173589, 0.016119032858028518, 0.017978921264724116, 0.022318660880347178, 0.02417854928704278, 0.026658400495970243, 0.029758214507129573, 0.032238065716057036, 0.034097954122752634, 0.038437693738375696, 0.04215747055176689, 0.044637321760694355, 0.04959702417854929, 0.05145691258524489, 0.6540607563546187, 0.6683199008059516, 0.6800991940483571, 1.0]",4.0,2.0,2.0,2.0,2.0,12,-1.33568,8.0,0.0,hrl_dqn_apf,hierarchical,dqn,-10.131,9.890,-3.729,0.00,0.00,0.00,0.692,9.735,-0.773,0.00,0.00,0.00,-2.275,7.876,-1.621,0.00,0.00,0.00,3.700,3.700,3.700
2026-02-04 17:27:38,170.63,36,388,424,8.49%,108.27,2.23%,"[0, 5, 10, 15, 20, 25, 30, 35, 40, 45, 50, 55, 60, 65, 70, 75, 80, 85, 90, 95, 100]","[6, 5, 6, 10, 3, 6, 3, 5, 5, 4, 2, 7, 6, 3, 7, 4, 972, 19, 23, 517]","[0.0037197768133911966, 0.006819590824550527, 0.010539367637941723, 0.016738995660260384, 0.018598884066955982, 0.022318660880347178, 0.02417854928704278, 0.02727836329820211, 0.03037817730936144, 0.0328580285182889, 0.034097954122752634, 0.038437693738375696, 0.04215747055176689, 0.04401735895846249, 0.04835709857408556, 0.05083694978301302, 0.6534407935523868, 0.6652200867947923, 0.6794792312461252, 1.0]",4.0,2.0,2.0,2.0,2.0,24,10.824349999999999,8.0,12.0,hrl_dqn_apf,hierarchical,dqn,-9.911,9.763,-3.741,0.00,0.00,0.00,0.327,9.956,-0.557,0.00,0.00,0.00,-1.725,7.848,-1.639,0.00,0.00,0.00,3.697,3.697,3.697
2026-02-04 17:27:39,171.64,36,390,426,8.45%,108.38,2.23%,"[0, 5, 10, 15, 20, 25, 30, 35, 40, 45, 50, 55, 60, 65, 70, 75, 80, 85, 90, 95, 100]","[7, 5, 6, 8, 5, 5, 5, 4, 5, 4, 1, 8, 6, 1, 8, 5, 965, 24, 24, 517]","[0.0043397396156230625, 0.007439553626782393, 0.011159330440173589, 0.016119032858028518, 0.019218846869187848, 0.022318660880347178, 0.02541847489150651, 0.027898326100433975, 0.030998140111593304, 0.03347799132052077, 0.034097954122752634, 0.03905765654060756, 0.04277743335399876, 0.04339739615623062, 0.04835709857408556, 0.05145691258524489, 0.6497210167389956, 0.6646001239925604, 0.6794792312461252, 1.0]",4.0,2.0,2.0,2.0,2.0,7,-1.01508,8.0,-6.0,hrl_dqn_apf,hierarchical,dqn,-9.483,9.785,-3.745,0.00,0.00,0.00,0.620,10.243,-0.352,0.00,0.00,0.00,-1.954,7.675,-1.785,0.00,0.00,0.00,3.693,3.693,3.693
2026-02-04 17:27:40,172.64,35,389,424,8.25%,108.49,2.17%,"[0, 5, 10, 15, 20, 25, 30, 35, 40, 45, 50, 55, 60, 65, 70, 75, 80, 85, 90, 95, 100]","[8, 5, 6, 6, 7, 3, 5, 4, 4, 5, 2, 7, 6, 2, 7, 5, 966, 19, 27, 519]","[0.0049597024178549285, 0.008059516429014259, 0.011779293242405457, 0.015499070055796652, 0.019838809671419714, 0.02169869807811531, 0.024798512089274645, 0.02727836329820211, 0.029758214507129573, 0.0328580285182889, 0.034097954122752634, 0.038437693738375696, 0.04215747055176689, 0.04339739615623062, 0.04773713577185369, 0.05083694978301302, 0.6497210167389956, 0.6615003099814011, 0.6782393056416615, 1.0]",4.0,2.0,2.0,2.0,2.0,7,-1.01508,8.0,-6.0,hrl_dqn_apf,hierarchical,dqn,-8.983,9.802,-3.746,0.00,0.00,0.00,1.195,10.516,-0.061,0.00,0.00,0.00,-2.507,7.407,-2.057,0.00,0.00,0.00,3.691,3.691,3.691
2026-02-04 17:27:41,173.64,34,390,424,8.02%,108.63,2.11%,"[0, 5, 10, 15, 20, 25, 30, 35, 40, 45, 50, 55, 60, 65, 70, 75, 80, 85, 90, 95, 100]","[8, 4, 6, 5, 8, 3, 8, 3, 5, 4, 3, 6, 6, 3, 5, 7, 963, 18, 27, 521]","[0.0049597024178549285, 0.007439553626782393, 0.011159330440173589, 0.01425914445133292, 0.019218846869187848, 0.021078735275883446, 0.026038437693738377, 0.027898326100433975, 0.030998140111593304, 0.03347799132052077, 0.035337879727216366, 0.03905765654060756, 0.04277743335399876, 0.044637321760694355, 0.04773713577185369, 0.052076875387476754, 0.6491010539367638, 0.6602603843769373, 0.6769993800371977, 1.0]",4.0,2.0,2.0,2.0,2.0,15,-12.85506,8.0,6.0,hrl_dqn_apf,hierarchical,dqn,-7.556,9.801,-3.746,0.00,0.00,0.00,2.349,10.475,0.571,0.00,0.00,0.00,-3.630,7.219,-2.461,0.00,0.00,0.00,3.687,3.687,3.687
2026-02-04 17:27:42,174.65,35,391,426,8.22%,108.68,2.17%,"[0, 5, 10, 15, 20, 25, 30, 35, 40, 45, 50, 55, 60, 65, 70, 75, 80, 85, 90, 95, 100]","[7, 4, 5, 6, 8, 5, 7, 4, 4, 4, 3, 5, 7, 4, 5, 8, 964, 15, 24, 524]","[0.0043397396156230625, 0.006819590824550527, 0.009919404835709857, 0.013639181649101054, 0.018598884066955982, 0.02169869807811531, 0.026038437693738377, 0.02851828890266584, 0.030998140111593304, 0.03347799132052077, 0.035337879727216366, 0.038437693738375696, 0.04277743335399876, 0.04525728456292622, 0.04835709857408556, 0.053316800991940486, 0.6509609423434594, 0.6602603843769373, 0.6751394916305021, 1.0]",4.0,2.0,2.0,2.0,2.0,8,5.30513,8.0,-6.0,hrl_dqn_apf,hierarchical,dqn,-6.798,9.798,-3.746,0.00,0.00,0.00,2.529,10.059,0.672,0.00,0.00,0.00,-3.696,7.298,-2.072,0.00,0.00,0.00,3.685,3.685,3.685
2026-02-04 17:27:43,175.65,37,387,424,8.73%,108.78,2.29%,"[0, 5, 10, 15, 20, 25, 30, 35, 40, 45, 50, 55, 60, 65, 70, 75, 80, 85, 90, 95, 100]","[11, 3, 4, 6, 9, 4, 7, 2, 5, 5, 3, 4, 8, 2, 4, 7, 965, 16, 19, 529]","[0.006819590824550527, 0.008679479231246125, 0.011159330440173589, 0.014879107253564786, 0.02045877247365158, 0.022938623682579044, 0.02727836329820211, 0.02851828890266584, 0.03161810291382517, 0.0347179169249845, 0.0365778053316801, 0.03905765654060756, 0.04401735895846249, 0.04525728456292622, 0.04773713577185369, 0.052076875387476754, 0.6503409795412275, 0.6602603843769373, 0.6720396776193428, 1.0]",4.0,2.0,2.0,2.0,2.0,8,5.30513,8.0,-6.0,hrl_dqn_apf,hierarchical,dqn,-6.102,9.943,-3.767,0.00,0.00,0.00,2.586,9.647,0.704,0.00,0.00,0.00,-3.245,7.234,-1.869,0.00,0.00,0.00,3.681,3.681,3.681
2026-02-04 17:27:44,176.65,37,389,426,8.69%,108.99,2.29%,"[0, 5, 10, 15, 20, 25, 30, 35, 40, 45, 50, 55, 60, 65, 70, 75, 80, 85, 90, 95, 100]","[9, 4, 5, 5, 8, 6, 5, 4, 4, 5, 4, 3, 8, 3, 3, 7, 962, 12, 27, 529]","[0.005579665220086794, 0.008059516429014259, 0.011159330440173589, 0.01425914445133292, 0.019218846869187848, 0.022938623682579044, 0.026038437693738377, 0.02851828890266584, 0.030998140111593304, 0.034097954122752634, 0.0365778053316801, 0.038437693738375696, 0.04339739615623062, 0.04525728456292622, 0.047117172969621826, 0.05145691258524489, 0.6478611283323, 0.6553006819590824, 0.6720396776193428, 1.0]",4.0,2.0,2.0,2.0,2.0,17,-0.53447,8.0,6.0,hrl_dqn_apf,hierarchical,dqn,-6.136,10.287,-3.972,0.00,0.00,0.00,2.597,9.293,0.714,0.00,0.00,0.00,-2.625,6.995,-1.611,0.00,0.00,0.00,3.678,3.678,3.678
2026-02-04 17:27:45,177.65,36,391,427,8.43%,109.32,2.23%,"[0, 5, 10, 15, 20, 25, 30, 35, 40, 45, 50, 55, 60, 65, 70, 75, 80, 85, 90, 95, 100]","[8, 3, 5, 6, 8, 6, 3, 6, 4, 4, 6, 3, 8, 3, 3, 6, 963, 11, 18, 539]","[0.0049597024178549285, 0.006819590824550527, 0.009919404835709857, 0.013639181649101054, 0.018598884066955982, 0.022318660880347178, 0.02417854928704278, 0.027898326100433975, 0.03037817730936144, 0.0328580285182889, 0.0365778053316801, 0.038437693738375696, 0.04339739615623062, 0.04525728456292622, 0.047117172969621826, 0.05083694978301302, 0.6478611283323, 0.6546807191568506, 0.6658400495970241, 1.0]",4.0,2.0,2.0,2.0,2.0,17,-0.53447,8.0,6.0,hrl_dqn_apf,hierarchical,dqn,-6.753,10.212,-4.425,0.00,0.00,0.00,1.636,9.358,0.717,0.00,0.00,0.00,-1.287,6.729,-0.945,0.00,0.00,0.00,3.676,3.676,3.676
2026-02-04 17:27:46,178.65,37,390,427,8.67%,109.42,2.29%,"[0, 5, 10, 15, 20, 25, 30, 35, 40, 45, 50, 55, 60, 65, 70, 75, 80, 85, 90, 95, 100]","[10, 4, 4, 6, 5, 8, 3, 7, 4, 4, 5, 4, 6, 4, 3, 5, 958, 16, 19, 538]","[0.006199628022318661, 0.008679479231246125, 0.011159330440173589, 0.014879107253564786, 0.017978921264724116, 0.022938623682579044, 0.024798512089274645, 0.029138251704897707, 0.03161810291382517, 0.034097954122752634, 0.037197768133911964, 0.03967761934283943, 0.04339739615623062, 0.04587724736515809, 0.04773713577185369, 0.05083694978301302, 0.6447613143211407, 0.6546807191568506, 0.666460012399256, 1.0]",4.0,2.0,2.0,2.0,2.0,16,-6.37447,8.0,6.0,hrl_dqn_apf,hierarchical,dqn,-6.833,9.789,-4.450,0.00,0.00,0.00,1.120,9.620,0.775,0.00,0.00,0.00,-0.752,6.675,-0.893,0.00,0.00,0.00,3.672,3.672,3.672
2026-02-04 17:27:47,179.66,38,389,427,8.90%,109.60,2.36%,"[0, 5, 10, 15, 20, 25, 30, 35, 40, 45, 50, 55, 60, 65, 70, 75, 80, 85, 90, 95, 100]","[11, 4, 3, 5, 6, 9, 2, 7, 5, 4, 4, 4, 6, 4, 3, 4, 957, 18, 17, 540]","[0.006819590824550527, 0.009299442033477991, 0.011159330440173589, 0.01425914445133292, 0.017978921264724116, 0.023558586484810913, 0.024798512089274645, 0.029138251704897707, 0.032238065716057036, 0.0347179169249845, 0.037197768133911964, 0.03967761934283943, 0.04339739615623062, 0.04587724736515809, 0.04773713577185369, 0.050216986980781156, 0.643521388716677, 0.6546807191568506, 0.6652200867947923, 1.0]",4.0,2.0,2.0,2.0,2.0,23,5.78572,8.0,12.0,hrl_dqn_apf,hierarchical,dqn,-6.857,9.556,-4.413,0.00,0.00,0.00,1.322,9.956,1.041,0.00,0.00,0.00,-0.940,6.461,-1.123,0.00,0.00,0.00,3.669,3.669,3.669
2026-02-04 17:27:48,180.66,37,390,427,8.67%,109.81,2.29%,"[0, 5, 10, 15, 20, 25, 30, 35, 40, 45, 50, 55, 60, 65, 70, 75, 80, 85, 90, 95, 100]","[10, 5, 3, 5, 5, 9, 3, 7, 3, 4, 5, 5, 5, 5, 3, 3, 956, 19, 17, 541]","[0.006199628022318661, 0.009299442033477991, 0.011159330440173589, 0.01425914445133292, 0.01735895846249225, 0.022938623682579044, 0.024798512089274645, 0.029138251704897707, 0.030998140111593304, 0.03347799132052077, 0.0365778053316801, 0.03967761934283943, 0.04277743335399876, 0.04587724736515809, 0.04773713577185369, 0.04959702417854929, 0.6422814631122132, 0.6540607563546187, 0.6646001239925604, 1.0]",4.0,2.0,2.0,2.0,2.0,23,5.78572,8.0,12.0,hrl_dqn_apf,hierarchical,dqn,-6.860,9.596,-3.986,0.00,0.00,0.00,1.804,10.267,1.461,0.00,0.00,0.00,-1.413,6.157,-1.530,0.00,0.00,0.00,3.666,3.666,3.666
2026-02-04 17:27:49,181.66,33,394,427,7.73%,110.15,2.05%,"[0, 5, 10, 15, 20, 25, 30, 35, 40, 45, 50, 55, 60, 65, 70, 75, 80, 85, 90, 95, 100]","[9, 4, 5, 3, 6, 6, 7, 4, 5, 4, 5, 5, 3, 7, 4, 1, 950, 22, 14, 549]","[0.005579665220086794, 0.008059516429014259, 0.011159330440173589, 0.013019218846869188, 0.016738995660260384, 0.02045877247365158, 0.024798512089274645, 0.02727836329820211, 0.03037817730936144, 0.0328580285182889, 0.03595784252944823, 0.03905765654060756, 0.04091754494730316, 0.04525728456292622, 0.04773713577185369, 0.04835709857408556, 0.6373217606943583, 0.6509609423434594, 0.6596404215747055, 1.0]",4.0,2.0,2.0,2.0,2.0,13,5.94615,8.0,0.0,hrl_dqn_apf,hierarchical,dqn,-5.917,9.666,-3.513,0.00,0.00,0.00,2.770,10.265,2.355,0.00,0.00,0.00,-2.357,5.944,-2.191,0.00,0.00,0.00,3.663,3.663,3.663
2026-02-04 17:27:50,182.66,34,394,428,7.94%,110.28,2.11%,"[0, 5, 10, 15, 20, 25, 30, 35, 40, 45, 50, 55, 60, 65, 70, 75, 80, 85, 90, 95, 100]","[9, 4, 3, 5, 6, 7, 6, 3, 7, 3, 4, 7, 3, 6, 3, 3, 949, 23, 12, 550]","[0.005579665220086794, 0.008059516429014259, 0.009919404835709857, 0.013019218846869188, 0.016738995660260384, 0.021078735275883446, 0.024798512089274645, 0.026658400495970243, 0.030998140111593304, 0.0328580285182889, 0.035337879727216366, 0.03967761934283943, 0.041537507749535026, 0.04525728456292622, 0.047117172969621826, 0.048977061376317424, 0.6373217606943583, 0.6515809051456912, 0.6590204587724736, 1.0]",4.0,2.0,2.0,2.0,2.0,13,6.10617,8.0,0.0,hrl_dqn_apf,hierarchical,dqn,-5.191,9.665,-3.477,0.00,0.00,0.00,2.921,9.847,2.497,0.00,0.00,0.00,-2.493,6.239,-1.832,0.00,0.00,0.00,3.660,3.660,3.660
2026-02-04 17:27:51,183.67,31,397,428,7.24%,110.43,1.92%,"[0, 5, 10, 15, 20, 25, 30, 35, 40, 45, 50, 55, 60, 65, 70, 75, 80, 85, 90, 95, 100]","[10, 3, 4, 4, 5, 5, 8, 3, 8, 3, 4, 7, 3, 5, 4, 3, 948, 20, 16, 550]","[0.006199628022318661, 0.008059516429014259, 0.010539367637941723, 0.013019218846869188, 0.016119032858028518, 0.019218846869187848, 0.02417854928704278, 0.026038437693738377, 0.030998140111593304, 0.0328580285182889, 0.035337879727216366, 0.03967761934283943, 0.041537507749535026, 0.044637321760694355, 0.047117172969621826, 0.048977061376317424, 0.6367017978921264, 0.6491010539367638, 0.6590204587724736, 1.0]",4.0,2.0,2.0,2.0,2.0,13,6.10617,8.0,0.0,hrl_dqn_apf,hierarchical,dqn,-4.516,9.830,-3.487,0.00,0.00,0.00,3.007,9.606,2.540,0.00,0.00,0.00,-2.513,6.422,-1.637,0.00,0.00,0.00,3.657,3.657,3.657
2026-02-04 17:27:52,184.67,30,394,424,7.08%,110.58,1.86%,"[0, 5, 10, 15, 20, 25, 30, 35, 40, 45, 50, 55, 60, 65, 70, 75, 80, 85, 90, 95, 100]","[9, 4, 4, 4, 3, 6, 9, 2, 9, 3, 4, 8, 3, 5, 4, 3, 948, 16, 19, 550]","[0.005579665220086794, 0.008059516429014259, 0.010539367637941723, 0.013019218846869188, 0.014879107253564786, 0.018598884066955982, 0.02417854928704278, 0.02541847489150651, 0.030998140111593304, 0.0328580285182889, 0.035337879727216366, 0.040297582145071294, 0.04215747055176689, 0.04525728456292622, 0.04773713577185369, 0.04959702417854929, 0.6373217606943583, 0.6472411655300682, 0.6590204587724736, 1.0]",4.0,2.0,2.0,2.0,2.0,17,0.1863,8.0,6.0,hrl_dqn_apf,hierarchical,dqn,-4.544,10.238,-3.710,0.00,0.00,0.00,3.449,9.642,2.553,0.00,0.00,0.00,-2.185,6.120,-1.363,0.00,0.00,0.00,3.654,3.654,3.654
2026-02-04 17:27:53,185.67,31,393,424,7.31%,110.78,1.92%,"[0, 5, 10, 15, 20, 25, 30, 35, 40, 45, 50, 55, 60, 65, 70, 75, 80, 85, 90, 95, 100]","[7, 6, 5, 3, 4, 6, 8, 5, 7, 3, 3, 10, 3, 4, 5, 4, 941, 18, 21, 550]","[0.0043397396156230625, 0.008059516429014259, 0.011159330440173589, 0.013019218846869188, 0.015499070055796652, 0.019218846869187848, 0.02417854928704278, 0.02727836329820211, 0.03161810291382517, 0.03347799132052077, 0.035337879727216366, 0.041537507749535026, 0.04339739615623062, 0.04587724736515809, 0.048977061376317424, 0.05145691258524489, 0.6348419094854308, 0.6460012399256044, 0.6590204587724736, 1.0]",4.0,2.0,2.0,2.0,2.0,12,0.34667,8.0,0.0,hrl_dqn_apf,hierarchical,dqn,-5.374,10.273,-4.476,0.00,0.00,0.00,4.855,9.646,2.557,0.00,0.00,0.00,-1.253,5.782,-0.393,0.00,0.00,0.00,3.651,3.651,3.651
2026-02-04 17:27:54,186.67,32,390,422,7.58%,110.87,1.98%,"[0, 5, 10, 15, 20, 25, 30, 35, 40, 45, 50, 55, 60, 65, 70, 75, 80, 85, 90, 95, 100]","[7, 7, 4, 5, 3, 6, 8, 5, 6, 3, 4, 9, 3, 3, 6, 4, 939, 16, 24, 551]","[0.0043397396156230625, 0.008679479231246125, 0.011159330440173589, 0.01425914445133292, 0.016119032858028518, 0.019838809671419714, 0.024798512089274645, 0.027898326100433975, 0.03161810291382517, 0.03347799132052077, 0.03595784252944823, 0.041537507749535026, 0.04339739615623062, 0.04525728456292622, 0.048977061376317424, 0.05145691258524489, 0.6336019838809671, 0.643521388716677, 0.6584004959702418, 1.0]",4.0,2.0,2.0,2.0,2.0,12,0.34667,8.0,0.0,hrl_dqn_apf,hierarchical,dqn,-5.519,9.855,-4.609,0.00,0.00,0.00,5.405,9.753,2.556,0.00,0.00,0.00,-1.115,6.067,0.202,0.00,0.00,0.00,3.648,3.648,3.648
2026-02-04 17:27:55,187.68,33,391,424,7.78%,111.03,2.05%,"[0, 5, 10, 15, 20, 25, 30, 35, 40, 45, 50, 55, 60, 65, 70, 75, 80, 85, 90, 95, 100]","[6, 8, 5, 3, 5, 6, 6, 6, 4, 6, 4, 7, 5, 3, 5, 3, 940, 16, 23, 552]","[0.0037197768133911966, 0.008679479231246125, 0.011779293242405457, 0.013639181649101054, 0.016738995660260384, 0.02045877247365158, 0.02417854928704278, 0.027898326100433975, 0.03037817730936144, 0.034097954122752634, 0.0365778053316801, 0.04091754494730316, 0.04401735895846249, 0.04587724736515809, 0.048977061376317424, 0.05083694978301302, 0.6336019838809671, 0.643521388716677, 0.6577805331680099, 1.0]",4.0,2.0,2.0,2.0,2.0,16,-5.49345,8.0,6.0,hrl_dqn_apf,hierarchical,dqn,-5.525,9.610,-4.650,0.00,0.00,0.00,5.158,9.822,2.556,0.00,0.00,0.00,-1.074,6.345,0.480,0.00,0.00,0.00,3.645,3.645,3.645
2026-02-04 17:27:56,188.68,32,394,426,7.51%,111.18,1.98%,"[0, 5, 10, 15, 20, 25, 30, 35, 40, 45, 50, 55, 60, 65, 70, 75, 80, 85, 90, 95, 100]","[9, 7, 3, 4, 4, 5, 8, 6, 3, 7, 4, 7, 5, 3, 4, 3, 940, 15, 20, 556]","[0.005579665220086794, 0.009919404835709857, 0.011779293242405457, 0.01425914445133292, 0.016738995660260384, 0.019838809671419714, 0.024798512089274645, 0.02851828890266584, 0.03037817730936144, 0.0347179169249845, 0.037197768133911964, 0.041537507749535026, 0.044637321760694355, 0.04649721016738995, 0.048977061376317424, 0.05083694978301302, 0.6336019838809671, 0.6429014259144451, 0.6553006819590824, 1.0]",4.0,2.0,2.0,2.0,2.0,8,6.66679,8.0,-6.0,hrl_dqn_apf,hierarchical,dqn,-5.114,9.651,-4.662,0.00,0.00,0.00,4.547,9.826,2.556,0.00,0.00,0.00,-1.057,6.353,0.964,0.00,0.00,0.00,3.642,3.642,3.642
2026-02-04 17:27:57,189.68,31,393,424,7.31%,111.54,1.92%,"[0, 5, 10, 15, 20, 25, 30, 35, 40, 45, 50, 55, 60, 65, 70, 75, 80, 85, 90, 95, 100]","[9, 6, 5, 4, 3, 4, 6, 8, 4, 7, 4, 6, 7, 3, 3, 4, 938, 12, 21, 559]","[0.005579665220086794, 0.009299442033477991, 0.012399256044637322, 0.014879107253564786, 0.016738995660260384, 0.019218846869187848, 0.022938623682579044, 0.027898326100433975, 0.03037817730936144, 0.0347179169249845, 0.037197768133911964, 0.04091754494730316, 0.04525728456292622, 0.047117172969621826, 0.048977061376317424, 0.05145691258524489, 0.6329820210787352, 0.6404215747055176, 0.6534407935523868, 1.0]",4.0,2.0,2.0,2.0,2.0,8,6.66679,8.0,-6.0,hrl_dqn_apf,hierarchical,dqn,-3.905,9.723,-4.858,0.00,0.00,0.00,3.073,9.820,2.558,0.00,0.00,0.00,-0.120,6.414,1.472,0.00,0.00,0.00,3.639,3.639,3.639
2026-02-04 17:27:58,190.68,30,398,428,7.01%,111.73,1.86%,"[0, 5, 10, 15, 20, 25, 30, 35, 40, 45, 50, 55, 60, 65, 70, 75, 80, 85, 90, 95, 100]","[8, 6, 5, 5, 2, 4, 6, 9, 4, 6, 5, 6, 7, 3, 2, 4, 937, 12, 19, 563]","[0.0049597024178549285, 0.008679479231246125, 0.011779293242405457, 0.014879107253564786, 0.016119032858028518, 0.018598884066955982, 0.022318660880347178, 0.027898326100433975, 0.03037817730936144, 0.034097954122752634, 0.037197768133911964, 0.04091754494730316, 0.04525728456292622, 0.047117172969621826, 0.04835709857408556, 0.05083694978301302, 0.6317420954742715, 0.6391816491010539, 0.6509609423434594, 1.0]",4.0,2.0,2.0,2.0,2.0,2,0.8272,8.0,-12.0,hrl_dqn_apf,hierarchical,dqn,-3.712,9.741,-5.430,0.00,0.00,0.00,2.514,10.097,2.592,0.00,0.00,0.00,0.420,6.330,1.481,0.00,0.00,0.00,3.636,3.636,3.636
2026-02-04 17:27:59,191.68,30,397,427,7.03%,111.89,1.86%,"[0, 5, 10, 15, 20, 25, 30, 35, 40, 45, 50, 55, 60, 65, 70, 75, 80, 85, 90, 95, 100]","[8, 4, 6, 4, 4, 4, 6, 8, 6, 5, 6, 5, 7, 4, 1, 5, 937, 10, 16, 567]","[0.0049597024178549285, 0.007439553626782393, 0.011159330440173589, 0.013639181649101054, 0.016119032858028518, 0.018598884066955982, 0.022318660880347178, 0.02727836329820211, 0.030998140111593304, 0.034097954122752634, 0.03781773093614383, 0.04091754494730316, 0.04525728456292622, 0.04773713577185369, 0.04835709857408556, 0.05145691258524489, 0.6323620582765034, 0.638561686298822, 0.6484810911345319, 1.0]",4.0,2.0,2.0,2.0,2.0,15,-11.01297,8.0,6.0,hrl_dqn_apf,hierarchical,dqn,-3.652,9.740,-6.140,0.00,0.00,0.00,2.733,10.478,2.763,0.00,0.00,0.00,0.210,6.084,1.326,0.00,0.00,0.00,3.633,3.633,3.633
2026-02-04 17:28:00,192.69,30,397,427,7.03%,112.04,1.86%,"[0, 5, 10, 15, 20, 25, 30, 35, 40, 45, 50, 55, 60, 65, 70, 75, 80, 85, 90, 95, 100]","[9, 4, 5, 4, 4, 4, 6, 6, 8, 3, 7, 6, 5, 6, 1, 5, 932, 15, 15, 568]","[0.005579665220086794, 0.008059516429014259, 0.011159330440173589, 0.013639181649101054, 0.016119032858028518, 0.018598884066955982, 0.022318660880347178, 0.026038437693738377, 0.030998140111593304, 0.0328580285182889, 0.037197768133911964, 0.04091754494730316, 0.04401735895846249, 0.04773713577185369, 0.04835709857408556, 0.05145691258524489, 0.629262244265344, 0.638561686298822, 0.6478611283323, 1.0]",4.0,2.0,2.0,2.0,2.0,15,-11.01297,8.0,6.0,hrl_dqn_apf,hierarchical,dqn,-3.633,9.738,-6.886,0.00,0.00,0.00,3.283,10.774,3.048,0.00,0.00,0.00,-0.329,5.780,1.047,0.00,0.00,0.00,3.630,3.630,3.630
2026-02-04 17:28:01,193.69,31,402,433,7.16%,112.25,1.92%,"[0, 5, 10, 15, 20, 25, 30, 35, 40, 45, 50, 55, 60, 65, 70, 75, 80, 85, 90, 95, 100]","[7, 7, 6, 4, 3, 4, 5, 5, 9, 2, 10, 6, 5, 5, 1, 4, 928, 19, 15, 568]","[0.0043397396156230625, 0.008679479231246125, 0.012399256044637322, 0.014879107253564786, 0.016738995660260384, 0.019218846869187848, 0.022318660880347178, 0.02541847489150651, 0.030998140111593304, 0.032238065716057036, 0.038437693738375696, 0.04215747055176689, 0.04525728456292622, 0.04835709857408556, 0.048977061376317424, 0.05145691258524489, 0.6267823930564166, 0.638561686298822, 0.6478611283323, 1.0]",4.0,2.0,2.0,2.0,2.0,9,13.147310000000001,8.0,-6.0,hrl_dqn_apf,hierarchical,dqn,-3.625,9.732,-8.365,0.00,0.00,0.00,3.808,9.966,3.327,0.00,0.00,0.00,-0.067,6.269,0.791,0.00,0.00,0.00,3.627,3.627,3.627
2026-02-04 17:28:02,194.69,30,397,427,7.03%,112.45,1.86%,"[0, 5, 10, 15, 20, 25, 30, 35, 40, 45, 50, 55, 60, 65, 70, 75, 80, 85, 90, 95, 100]","[8, 6, 6, 4, 3, 3, 4, 6, 9, 3, 9, 7, 4, 6, 1, 3, 927, 19, 14, 571]","[0.0049597024178549285, 0.008679479231246125, 0.012399256044637322, 0.014879107253564786, 0.016738995660260384, 0.018598884066955982, 0.021078735275883446, 0.024798512089274645, 0.03037817730936144, 0.032238065716057036, 0.03781773093614383, 0.04215747055176689, 0.044637321760694355, 0.04835709857408556, 0.048977061376317424, 0.05083694978301302, 0.6255424674519529, 0.6373217606943583, 0.6460012399256044, 1.0]",4.0,2.0,2.0,2.0,2.0,3,7.30763,8.0,-12.0,hrl_dqn_apf,hierarchical,dqn,-3.520,9.785,-9.043,0.00,0.00,0.00,3.743,9.834,3.349,0.00,0.00,0.00,0.172,6.447,0.770,0.00,0.00,0.00,3.624,3.624,3.624
2026-02-04 17:28:03,195.70,31,396,427,7.26%,112.64,1.92%,"[0, 5, 10, 15, 20, 25, 30, 35, 40, 45, 50, 55, 60, 65, 70, 75, 80, 85, 90, 95, 100]","[9, 4, 6, 5, 4, 3, 3, 6, 9, 3, 8, 7, 5, 6, 1, 2, 923, 22, 12, 575]","[0.005579665220086794, 0.008059516429014259, 0.011779293242405457, 0.014879107253564786, 0.01735895846249225, 0.019218846869187848, 0.021078735275883446, 0.024798512089274645, 0.03037817730936144, 0.032238065716057036, 0.037197768133911964, 0.041537507749535026, 0.044637321760694355, 0.04835709857408556, 0.048977061376317424, 0.050216986980781156, 0.6224426534407935, 0.6360818350898946, 0.643521388716677, 1.0]",4.0,2.0,2.0,2.0,2.0,3,7.30763,8.0,-12.0,hrl_dqn_apf,hierarchical,dqn,-3.010,9.817,-9.305,0.00,0.00,0.00,3.274,9.878,3.322,0.00,0.00,0.00,0.719,6.451,0.764,0.00,0.00,0.00,3.621,3.621,3.621
2026-02-04 17:28:04,196.70,30,397,427,7.03%,112.83,1.86%,"[0, 5, 10, 15, 20, 25, 30, 35, 40, 45, 50, 55, 60, 65, 70, 75, 80, 85, 90, 95, 100]","[9, 5, 5, 4, 3, 4, 4, 5, 8, 5, 7, 8, 4, 7, 1, 2, 923, 22, 11, 576]","[0.005579665220086794, 0.008679479231246125, 0.011779293242405457, 0.01425914445133292, 0.016119032858028518, 0.018598884066955982, 0.021078735275883446, 0.02417854928704278, 0.029138251704897707, 0.032238065716057036, 0.0365778053316801, 0.041537507749535026, 0.04401735895846249, 0.04835709857408556, 0.048977061376317424, 0.050216986980781156, 0.6224426534407935, 0.6360818350898946, 0.6429014259144451, 1.0]",4.0,2.0,2.0,2.0,2.0,12,1.46764,8.0,0.0,hrl_dqn_apf,hierarchical,dqn,-2.318,9.818,-9.387,0.00,0.00,0.00,2.995,9.925,2.904,0.00,0.00,0.00,1.420,6.447,0.762,0.00,0.00,0.00,3.618,3.618,3.618
2026-02-04 17:28:05,197.70,28,396,424,6.60%,113.14,1.74%,"[0, 5, 10, 15, 20, 25, 30, 35, 40, 45, 50, 55, 60, 65, 70, 75, 80, 85, 90, 95, 100]","[10, 6, 3, 4, 3, 2, 5, 4, 8, 6, 5, 10, 5, 7, 1, 1, 925, 14, 17, 577]","[0.006199628022318661, 0.009919404835709857, 0.011779293242405457, 0.01425914445133292, 0.016119032858028518, 0.01735895846249225, 0.02045877247365158, 0.022938623682579044, 0.027898326100433975, 0.03161810291382517, 0.0347179169249845, 0.04091754494730316, 0.04401735895846249, 0.04835709857408556, 0.048977061376317424, 0.04959702417854929, 0.6230626162430254, 0.6317420954742715, 0.6422814631122132, 1.0]",4.0,2.0,2.0,2.0,2.0,22,1.62773,8.0,12.0,hrl_dqn_apf,hierarchical,dqn,-0.819,9.812,-9.419,0.00,0.00,0.00,3.000,10.330,1.866,0.00,0.00,0.00,2.628,6.268,0.609,0.00,0.00,0.00,3.615,3.615,3.615
2026-02-04 17:28:06,198.70,28,396,424,6.60%,113.29,1.74%,"[0, 5, 10, 15, 20, 25, 30, 35, 40, 45, 50, 55, 60, 65, 70, 75, 80, 85, 90, 95, 100]","[10, 4, 4, 5, 2, 3, 4, 5, 5, 8, 5, 11, 6, 7, 1, 1, 921, 15, 19, 577]","[0.006199628022318661, 0.008679479231246125, 0.011159330440173589, 0.01425914445133292, 0.015499070055796652, 0.01735895846249225, 0.019838809671419714, 0.022938623682579044, 0.026038437693738377, 0.030998140111593304, 0.034097954122752634, 0.04091754494730316, 0.044637321760694355, 0.048977061376317424, 0.04959702417854929, 0.050216986980781156, 0.6212027278363298, 0.6305021698698078, 0.6422814631122132, 1.0]",4.0,2.0,2.0,2.0,2.0,22,1.62773,8.0,12.0,hrl_dqn_apf,hierarchical,dqn,-0.161,9.865,-9.319,0.00,0.00,0.00,3.307,10.735,2.159,0.00,0.00,0.00,2.524,5.930,0.137,0.00,0.00,0.00,3.612,3.612,3.612
2026-02-04 17:28:07,199.70,28,398,426,6.57%,113.43,1.74%,"[0, 5, 10, 15, 20, 25, 30, 35, 40, 45, 50, 55, 60, 65, 70, 75, 80, 85, 90, 95, 100]","[10, 3, 5, 5, 2, 3, 3, 4, 7, 7, 5, 11, 8, 7, 1, 1, 917, 17, 19, 578]","[0.006199628022318661, 0.008059516429014259, 0.011159330440173589, 0.01425914445133292, 0.015499070055796652, 0.01735895846249225, 0.019218846869187848, 0.02169869807811531, 0.026038437693738377, 0.03037817730936144, 0.03347799132052077, 0.040297582145071294, 0.04525728456292622, 0.04959702417854929, 0.050216986980781156, 0.05083694978301302, 0.6193428394296342, 0.6298822070675759, 0.6416615003099814, 1.0]",4.0,2.0,2.0,2.0,2.0,23,7.7880400000000005,8.0,12.0,hrl_dqn_apf,hierarchical,dqn,0.103,9.898,-8.812,0.00,0.00,0.00,3.572,10.881,2.732,0.00,0.00,0.00,2.328,5.792,-0.473,0.00,0.00,0.00,3.609,3.609,3.609
2026-02-04 17:28:08,200.71,28,394,422,6.64%,113.63,1.74%,"[0, 5, 10, 15, 20, 25, 30, 35, 40, 45, 50, 55, 60, 65, 70, 75, 80, 85, 90, 95, 100]","[8, 4, 4, 5, 2, 5, 2, 4, 8, 5, 7, 9, 10, 7, 2, 1, 916, 14, 22, 578]","[0.0049597024178549285, 0.007439553626782393, 0.009919404835709857, 0.013019218846869188, 0.01425914445133292, 0.01735895846249225, 0.018598884066955982, 0.021078735275883446, 0.026038437693738377, 0.029138251704897707, 0.03347799132052077, 0.03905765654060756, 0.04525728456292622, 0.04959702417854929, 0.05083694978301302, 0.05145691258524489, 0.6193428394296342, 0.6280223186608803, 0.6416615003099814, 1.0]",4.0,2.0,2.0,2.0,2.0,24,13.94782,8.0,12.0,hrl_dqn_apf,hierarchical,dqn,0.209,9.896,-7.445,0.00,0.00,0.00,3.744,10.072,3.152,0.00,0.00,0.00,2.202,6.651,-0.868,0.00,0.00,0.00,3.606,3.606,3.606
2026-02-04 17:28:09,201.72,27,397,424,6.37%,113.75,1.67%,"[0, 5, 10, 15, 20, 25, 30, 35, 40, 45, 50, 55, 60, 65, 70, 75, 80, 85, 90, 95, 100]","[6, 7, 4, 4, 3, 3, 4, 3, 8, 4, 9, 8, 8, 9, 2, 1, 914, 16, 23, 577]","[0.0037197768133911966, 0.008059516429014259, 0.010539367637941723, 0.013019218846869188, 0.014879107253564786, 0.016738995660260384, 0.019218846869187848, 0.021078735275883446, 0.026038437693738377, 0.02851828890266584, 0.034097954122752634, 0.03905765654060756, 0.04401735895846249, 0.04959702417854929, 0.05083694978301302, 0.05145691258524489, 0.6181029138251705, 0.6280223186608803, 0.6422814631122132, 1.0]",4.0,2.0,2.0,2.0,2.0,24,13.94782,8.0,12.0,hrl_dqn_apf,hierarchical,dqn,0.218,9.893,-6.688,0.00,0.00,0.00,3.759,9.659,3.188,0.00,0.00,0.00,2.190,6.741,-1.075,0.00,0.00,0.00,3.603,3.603,3.603
2026-02-04 17:28:10,202.72,27,397,424,6.37%,113.90,1.67%,"[0, 5, 10, 15, 20, 25, 30, 35, 40, 45, 50, 55, 60, 65, 70, 75, 80, 85, 90, 95, 100]","[6, 6, 5, 3, 4, 3, 2, 5, 7, 5, 8, 7, 10, 10, 2, 1, 914, 16, 14, 585]","[0.0037197768133911966, 0.007439553626782393, 0.010539367637941723, 0.012399256044637322, 0.014879107253564786, 0.016738995660260384, 0.017978921264724116, 0.021078735275883446, 0.02541847489150651, 0.02851828890266584, 0.03347799132052077, 0.03781773093614383, 0.04401735895846249, 0.050216986980781156, 0.05145691258524489, 0.052076875387476754, 0.6187228766274023, 0.6286422814631122, 0.6373217606943583, 1.0]",4.0,2.0,2.0,2.0,2.0,2,2.02729,8.0,-12.0,hrl_dqn_apf,hierarchical,dqn,0.220,9.889,-5.929,0.00,0.00,0.00,3.861,9.528,3.198,0.00,0.00,0.00,2.187,6.744,-1.647,0.00,0.00,0.00,3.600,3.600,3.600
2026-02-04 17:28:11,203.72,26,398,424,6.13%,113.99,1.61%,"[0, 5, 10, 15, 20, 25, 30, 35, 40, 45, 50, 55, 60, 65, 70, 75, 80, 85, 90, 95, 100]","[5, 7, 3, 4, 5, 2, 3, 4, 7, 3, 10, 7, 11, 10, 2, 1, 912, 15, 15, 587]","[0.0030998140111593306, 0.007439553626782393, 0.009299442033477991, 0.011779293242405457, 0.014879107253564786, 0.016119032858028518, 0.017978921264724116, 0.02045877247365158, 0.024798512089274645, 0.026658400495970243, 0.0328580285182889, 0.037197768133911964, 0.04401735895846249, 0.050216986980781156, 0.05145691258524489, 0.052076875387476754, 0.6174829510229386, 0.6267823930564166, 0.6360818350898946, 1.0]",4.0,2.0,2.0,2.0,2.0,10,-9.81123,8.0,0.0,hrl_dqn_apf,hierarchical,dqn,0.186,9.918,-5.201,0.00,0.00,0.00,4.368,9.556,3.201,0.00,0.00,0.00,2.186,6.740,-2.357,0.00,0.00,0.00,3.597,3.597,3.597
2026-02-04 17:28:12,204.72,26,402,428,6.07%,114.09,1.61%,"[0, 5, 10, 15, 20, 25, 30, 35, 40, 45, 50, 55, 60, 65, 70, 75, 80, 85, 90, 95, 100]","[3, 6, 6, 5, 5, 1, 4, 3, 7, 5, 9, 7, 11, 9, 3, 2, 909, 13, 16, 589]","[0.0018598884066955983, 0.005579665220086794, 0.009299442033477991, 0.012399256044637322, 0.015499070055796652, 0.016119032858028518, 0.018598884066955982, 0.02045877247365158, 0.024798512089274645, 0.027898326100433975, 0.03347799132052077, 0.03781773093614383, 0.044637321760694355, 0.050216986980781156, 0.052076875387476754, 0.053316800991940486, 0.6168629882207067, 0.624922504649721, 0.6348419094854308, 1.0]",4.0,2.0,2.0,2.0,2.0,10,-9.81123,8.0,0.0,hrl_dqn_apf,hierarchical,dqn,-0.771,10.335,-5.009,0.00,0.00,0.00,5.193,9.713,3.201,0.00,0.00,0.00,2.356,6.574,-3.329,0.00,0.00,0.00,3.594,3.594,3.594
2026-02-04 17:28:13,205.72,27,400,427,6.32%,114.20,1.67%,"[0, 5, 10, 15, 20, 25, 30, 35, 40, 45, 50, 55, 60, 65, 70, 75, 80, 85, 90, 95, 100]","[3, 7, 4, 4, 6, 3, 4, 3, 8, 5, 7, 9, 8, 12, 3, 2, 905, 16, 14, 590]","[0.0018598884066955983, 0.006199628022318661, 0.008679479231246125, 0.011159330440173589, 0.014879107253564786, 0.016738995660260384, 0.019218846869187848, 0.021078735275883446, 0.026038437693738377, 0.029138251704897707, 0.03347799132052077, 0.03905765654060756, 0.04401735895846249, 0.05145691258524489, 0.053316800991940486, 0.05455672659640422, 0.615623062616243, 0.6255424674519529, 0.634221946683199, 1.0]",4.0,2.0,2.0,2.0,2.0,16,-3.65129,8.0,6.0,hrl_dqn_apf,hierarchical,dqn,-1.292,10.633,-5.450,0.00,0.00,0.00,4.717,9.734,3.201,0.00,0.00,0.00,2.611,6.597,-3.298,0.00,0.00,0.00,3.591,3.591,3.591
2026-02-04 17:28:14,206.73,27,400,427,6.32%,114.30,1.67%,"[0, 5, 10, 15, 20, 25, 30, 35, 40, 45, 50, 55, 60, 65, 70, 75, 80, 85, 90, 95, 100]","[5, 4, 7, 4, 4, 3, 3, 5, 7, 5, 8, 9, 8, 11, 4, 2, 903, 16, 16, 589]","[0.0030998140111593306, 0.005579665220086794, 0.009919404835709857, 0.012399256044637322, 0.014879107253564786, 0.016738995660260384, 0.018598884066955982, 0.02169869807811531, 0.026038437693738377, 0.029138251704897707, 0.034097954122752634, 0.03967761934283943, 0.044637321760694355, 0.05145691258524489, 0.05393676379417235, 0.05517668939863608, 0.6150030998140111, 0.624922504649721, 0.6348419094854308, 1.0]",4.0,2.0,2.0,2.0,2.0,16,-3.65129,8.0,6.0,hrl_dqn_apf,hierarchical,dqn,-1.811,10.524,-5.864,0.00,0.00,0.00,4.034,9.734,3.202,0.00,0.00,0.00,2.708,6.673,-3.601,0.00,0.00,0.00,3.588,3.588,3.588
2026-02-04 17:28:15,207.73,28,401,429,6.53%,114.44,1.74%,"[0, 5, 10, 15, 20, 25, 30, 35, 40, 45, 50, 55, 60, 65, 70, 75, 80, 85, 90, 95, 100]","[6, 4, 6, 5, 3, 4, 3, 2, 8, 6, 6, 10, 6, 13, 5, 2, 901, 18, 16, 589]","[0.0037197768133911966, 0.006199628022318661, 0.009919404835709857, 0.013019218846869188, 0.014879107253564786, 0.01735895846249225, 0.019218846869187848, 0.02045877247365158, 0.02541847489150651, 0.029138251704897707, 0.0328580285182889, 0.03905765654060756, 0.04277743335399876, 0.05083694978301302, 0.05393676379417235, 0.05517668939863608, 0.6137631742095474, 0.624922504649721, 0.6348419094854308, 1.0]",4.0,2.0,2.0,2.0,2.0,23,8.50919,8.0,12.0,hrl_dqn_apf,hierarchical,dqn,-2.029,10.109,-6.036,0.00,0.00,0.00,3.292,9.731,3.202,0.00,0.00,0.00,2.737,6.727,-3.298,0.00,0.00,0.00,3.585,3.585,3.585
2026-02-04 17:28:16,208.73,29,398,427,6.79%,114.73,1.80%,"[0, 5, 10, 15, 20, 25, 30, 35, 40, 45, 50, 55, 60, 65, 70, 75, 80, 85, 90, 95, 100]","[6, 4, 6, 3, 5, 5, 2, 3, 8, 4, 5, 12, 5, 15, 5, 2, 897, 17, 15, 594]","[0.0037197768133911966, 0.006199628022318661, 0.009919404835709857, 0.011779293242405457, 0.014879107253564786, 0.017978921264724116, 0.019218846869187848, 0.021078735275883446, 0.026038437693738377, 0.02851828890266584, 0.03161810291382517, 0.03905765654060756, 0.04215747055176689, 0.05145691258524489, 0.05455672659640422, 0.05579665220086795, 0.6119032858028518, 0.6224426534407935, 0.6317420954742715, 1.0]",4.0,2.0,2.0,2.0,2.0,12,2.66963,8.0,0.0,hrl_dqn_apf,hierarchical,dqn,-2.119,9.278,-6.107,0.00,0.00,0.00,1.759,9.725,3.204,0.00,0.00,0.00,2.750,6.728,-1.927,0.00,0.00,0.00,3.582,3.582,3.582
2026-02-04 17:28:17,209.74,29,398,427,6.79%,114.83,1.80%,"[0, 5, 10, 15, 20, 25, 30, 35, 40, 45, 50, 55, 60, 65, 70, 75, 80, 85, 90, 95, 100]","[7, 1, 7, 4, 5, 5, 2, 3, 7, 4, 6, 11, 6, 14, 4, 3, 897, 19, 14, 594]","[0.0043397396156230625, 0.0049597024178549285, 0.009299442033477991, 0.011779293242405457, 0.014879107253564786, 0.017978921264724116, 0.019218846869187848, 0.021078735275883446, 0.02541847489150651, 0.027898326100433975, 0.03161810291382517, 0.038437693738375696, 0.04215747055176689, 0.05083694978301302, 0.053316800991940486, 0.05517668939863608, 0.6112833230006199, 0.6230626162430254, 0.6317420954742715, 1.0]",4.0,2.0,2.0,2.0,2.0,12,2.66963,8.0,0.0,hrl_dqn_apf,hierarchical,dqn,-2.125,9.280,-5.902,0.00,0.00,0.00,1.190,9.794,3.011,0.00,0.00,0.00,2.750,6.725,-1.177,0.00,0.00,0.00,3.579,3.579,3.579
2026-02-04 17:28:18,210.74,27,401,428,6.31%,114.96,1.67%,"[0, 5, 10, 15, 20, 25, 30, 35, 40, 45, 50, 55, 60, 65, 70, 75, 80, 85, 90, 95, 100]","[8, 0, 6, 4, 4, 5, 3, 4, 6, 5, 6, 11, 6, 12, 6, 3, 896, 20, 12, 596]","[0.0049597024178549285, 0.0049597024178549285, 0.008679479231246125, 0.011159330440173589, 0.013639181649101054, 0.016738995660260384, 0.018598884066955982, 0.021078735275883446, 0.024798512089274645, 0.027898326100433975, 0.03161810291382517, 0.038437693738375696, 0.04215747055176689, 0.04959702417854929, 0.053316800991940486, 0.05517668939863608, 0.6106633601983881, 0.6230626162430254, 0.6305021698698078, 1.0]",4.0,2.0,2.0,2.0,2.0,1,-3.17048,8.0,-12.0,hrl_dqn_apf,hierarchical,dqn,-2.127,9.297,-5.321,0.00,0.00,0.00,0.989,9.812,2.436,0.00,0.00,0.00,2.751,6.722,-0.416,0.00,0.00,0.00,3.576,3.576,3.576
2026-02-04 17:28:19,211.74,26,400,426,6.10%,115.06,1.61%,"[0, 5, 10, 15, 20, 25, 30, 35, 40, 45, 50, 55, 60, 65, 70, 75, 80, 85, 90, 95, 100]","[9, 0, 5, 4, 4, 4, 4, 4, 8, 4, 7, 9, 8, 11, 6, 4, 896, 14, 16, 596]","[0.005579665220086794, 0.005579665220086794, 0.008679479231246125, 0.011159330440173589, 0.013639181649101054, 0.016119032858028518, 0.018598884066955982, 0.021078735275883446, 0.026038437693738377, 0.02851828890266584, 0.0328580285182889, 0.038437693738375696, 0.04339739615623062, 0.050216986980781156, 0.05393676379417235, 0.056416615003099815, 0.6119032858028518, 0.6205827650340979, 0.6305021698698078, 1.0]",4.0,2.0,2.0,2.0,2.0,18,8.98981,8.0,6.0,hrl_dqn_apf,hierarchical,dqn,-2.128,9.299,-4.611,0.00,0.00,0.00,0.908,9.961,1.797,0.00,0.00,0.00,2.765,6.673,0.292,0.00,0.00,0.00,3.573,3.573,3.573
2026-02-04 17:28:20,212.74,28,398,426,6.57%,115.37,1.74%,"[0, 5, 10, 15, 20, 25, 30, 35, 40, 45, 50, 55, 60, 65, 70, 75, 80, 85, 90, 95, 100]","[7, 4, 2, 6, 3, 6, 4, 3, 6, 5, 7, 8, 9, 8, 8, 5, 890, 18, 18, 596]","[0.0043397396156230625, 0.006819590824550527, 0.008059516429014259, 0.011779293242405457, 0.013639181649101054, 0.01735895846249225, 0.019838809671419714, 0.02169869807811531, 0.02541847489150651, 0.02851828890266584, 0.0328580285182889, 0.03781773093614383, 0.04339739615623062, 0.04835709857408556, 0.053316800991940486, 0.056416615003099815, 0.6081835089894606, 0.6193428394296342, 0.6305021698698078, 1.0]",4.0,2.0,2.0,2.0,2.0,18,8.98981,8.0,6.0,hrl_dqn_apf,hierarchical,dqn,-1.802,9.378,-3.423,0.00,0.00,0.00,0.230,10.681,2.227,0.00,0.00,0.00,3.399,6.175,-0.067,0.00,0.00,0.00,3.570,3.570,3.570
2026-02-04 17:28:21,213.75,28,396,424,6.60%,115.46,1.74%,"[0, 5, 10, 15, 20, 25, 30, 35, 40, 45, 50, 55, 60, 65, 70, 75, 80, 85, 90, 95, 100]","[7, 4, 2, 6, 3, 6, 5, 2, 7, 5, 7, 6, 10, 8, 9, 5, 891, 14, 17, 599]","[0.0043397396156230625, 0.006819590824550527, 0.008059516429014259, 0.011779293242405457, 0.013639181649101054, 0.01735895846249225, 0.02045877247365158, 0.02169869807811531, 0.026038437693738377, 0.029138251704897707, 0.03347799132052077, 0.037197768133911964, 0.04339739615623062, 0.04835709857408556, 0.05393676379417235, 0.05703657780533168, 0.6094234345939243, 0.6181029138251705, 0.6286422814631122, 1.0]",4.0,2.0,2.0,2.0,2.0,14,15.15009,8.0,0.0,hrl_dqn_apf,hierarchical,dqn,-1.175,9.386,-3.280,0.00,0.00,0.00,-0.330,11.006,2.675,0.00,0.00,0.00,3.802,6.226,-0.222,0.00,0.00,0.00,3.567,3.567,3.567
2026-02-04 17:28:22,214.75,29,389,418,6.94%,115.52,1.80%,"[0, 5, 10, 15, 20, 25, 30, 35, 40, 45, 50, 55, 60, 65, 70, 75, 80, 85, 90, 95, 100]","[8, 5, 1, 6, 3, 6, 5, 2, 7, 4, 7, 8, 9, 9, 8, 5, 890, 13, 19, 598]","[0.0049597024178549285, 0.008059516429014259, 0.008679479231246125, 0.012399256044637322, 0.01425914445133292, 0.017978921264724116, 0.021078735275883446, 0.022318660880347178, 0.026658400495970243, 0.029138251704897707, 0.03347799132052077, 0.038437693738375696, 0.04401735895846249, 0.04959702417854929, 0.05455672659640422, 0.05765654060756355, 0.6094234345939243, 0.6174829510229386, 0.629262244265344, 1.0]",4.0,2.0,2.0,2.0,2.0,13,9.309989999999999,8.0,0.0,hrl_dqn_apf,hierarchical,dqn,-0.452,9.384,-3.235,0.00,0.00,0.00,-0.879,10.910,3.066,0.00,0.00,0.00,3.950,6.266,0.224,0.00,0.00,0.00,3.564,3.564,3.564
2026-02-04 17:28:23,215.75,29,395,424,6.84%,115.60,1.80%,"[0, 5, 10, 15, 20, 25, 30, 35, 40, 45, 50, 55, 60, 65, 70, 75, 80, 85, 90, 95, 100]","[8, 5, 1, 6, 5, 4, 5, 3, 8, 2, 8, 7, 9, 9, 6, 6, 890, 13, 20, 598]","[0.0049597024178549285, 0.008059516429014259, 0.008679479231246125, 0.012399256044637322, 0.015499070055796652, 0.017978921264724116, 0.021078735275883446, 0.022938623682579044, 0.027898326100433975, 0.029138251704897707, 0.034097954122752634, 0.038437693738375696, 0.04401735895846249, 0.04959702417854929, 0.053316800991940486, 0.05703657780533168, 0.6088034717916925, 0.6168629882207067, 0.629262244265344, 1.0]",4.0,2.0,2.0,2.0,2.0,13,9.309989999999999,8.0,0.0,hrl_dqn_apf,hierarchical,dqn,0.301,9.381,-3.221,0.00,0.00,0.00,-1.110,10.492,3.229,0.00,0.00,0.00,3.997,6.270,0.898,0.00,0.00,0.00,3.561,3.561,3.561
2026-02-04 17:28:24,216.75,29,395,424,6.84%,115.85,1.80%,"[0, 5, 10, 15, 20, 25, 30, 35, 40, 45, 50, 55, 60, 65, 70, 75, 80, 85, 90, 95, 100]","[10, 5, 2, 2, 6, 4, 5, 3, 7, 3, 8, 8, 5, 13, 3, 7, 890, 15, 13, 604]","[0.006199628022318661, 0.009299442033477991, 0.010539367637941723, 0.011779293242405457, 0.015499070055796652, 0.017978921264724116, 0.021078735275883446, 0.022938623682579044, 0.02727836329820211, 0.029138251704897707, 0.034097954122752634, 0.03905765654060756, 0.04215747055176689, 0.050216986980781156, 0.052076875387476754, 0.056416615003099815, 0.6081835089894606, 0.6174829510229386, 0.6255424674519529, 1.0]",4.0,2.0,2.0,2.0,2.0,22,3.47011,8.0,12.0,hrl_dqn_apf,hierarchical,dqn,1.821,9.375,-3.215,0.00,0.00,0.00,-1.205,9.668,3.296,0.00,0.00,0.00,4.016,6.266,2.391,0.00,0.00,0.00,3.558,3.558,3.558
2026-02-04 17:28:25,217.76,29,397,426,6.81%,116.06,1.80%,"[0, 5, 10, 15, 20, 25, 30, 35, 40, 45, 50, 55, 60, 65, 70, 75, 80, 85, 90, 95, 100]","[10, 5, 2, 1, 6, 5, 4, 4, 7, 3, 8, 7, 6, 12, 3, 8, 888, 11, 19, 604]","[0.006199628022318661, 0.009299442033477991, 0.010539367637941723, 0.011159330440173589, 0.014879107253564786, 0.017978921264724116, 0.02045877247365158, 0.022938623682579044, 0.02727836329820211, 0.029138251704897707, 0.034097954122752634, 0.038437693738375696, 0.04215747055176689, 0.04959702417854929, 0.05145691258524489, 0.056416615003099815, 0.6069435833849969, 0.6137631742095474, 0.6255424674519529, 1.0]",4.0,2.0,2.0,2.0,2.0,19,15.6308,8.0,6.0,hrl_dqn_apf,hierarchical,dqn,2.585,9.372,-3.214,0.00,0.00,0.00,-1.212,9.262,3.301,0.00,0.00,0.00,4.017,6.263,3.152,0.00,0.00,0.00,3.555,3.555,3.555
2026-02-04 17:28:26,218.76,27,401,428,6.31%,116.23,1.67%,"[0, 5, 10, 15, 20, 25, 30, 35, 40, 45, 50, 55, 60, 65, 70, 75, 80, 85, 90, 95, 100]","[9, 6, 2, 1, 6, 3, 5, 5, 7, 4, 8, 7, 4, 13, 3, 9, 888, 11, 15, 607]","[0.005579665220086794, 0.009299442033477991, 0.010539367637941723, 0.011159330440173589, 0.014879107253564786, 0.016738995660260384, 0.019838809671419714, 0.022938623682579044, 0.02727836329820211, 0.029758214507129573, 0.0347179169249845, 0.03905765654060756, 0.041537507749535026, 0.04959702417854929, 0.05145691258524489, 0.05703657780533168, 0.6075635461872287, 0.6143831370117793, 0.6236825790452573, 1.0]",4.0,2.0,2.0,2.0,2.0,19,15.6308,8.0,6.0,hrl_dqn_apf,hierarchical,dqn,3.348,9.369,-3.214,0.00,0.00,0.00,-1.214,9.142,3.198,0.00,0.00,0.00,4.018,6.260,3.915,0.00,0.00,0.00,3.552,3.552,3.552
2026-02-04 17:28:27,219.76,28,399,427,6.56%,116.32,1.74%,"[0, 5, 10, 15, 20, 25, 30, 35, 40, 45, 50, 55, 60, 65, 70, 75, 80, 85, 90, 95, 100]","[8, 7, 3, 0, 6, 4, 6, 5, 6, 4, 8, 6, 5, 12, 4, 9, 887, 12, 13, 608]","[0.0049597024178549285, 0.009299442033477991, 0.011159330440173589, 0.011159330440173589, 0.014879107253564786, 0.01735895846249225, 0.021078735275883446, 0.02417854928704278, 0.027898326100433975, 0.03037817730936144, 0.035337879727216366, 0.03905765654060756, 0.04215747055176689, 0.04959702417854929, 0.052076875387476754, 0.05765654060756355, 0.6075635461872287, 0.6150030998140111, 0.6230626162430254, 1.0]",4.0,2.0,2.0,2.0,2.0,11,-2.28921,8.0,0.0,hrl_dqn_apf,hierarchical,dqn,4.108,9.366,-3.214,0.00,0.00,0.00,-1.215,9.170,2.689,0.00,0.00,0.00,4.018,6.257,4.676,0.00,0.00,0.00,3.549,3.549,3.549
2026-02-04 17:28:28,220.77,27,400,427,6.32%,116.48,1.67%,"[0, 5, 10, 15, 20, 25, 30, 35, 40, 45, 50, 55, 60, 65, 70, 75, 80, 85, 90, 95, 100]","[8, 7, 4, 1, 4, 3, 4, 6, 6, 6, 8, 7, 5, 10, 7, 6, 882, 18, 14, 607]","[0.0049597024178549285, 0.009299442033477991, 0.011779293242405457, 0.012399256044637322, 0.014879107253564786, 0.016738995660260384, 0.019218846869187848, 0.022938623682579044, 0.026658400495970243, 0.03037817730936144, 0.035337879727216366, 0.03967761934283943, 0.04277743335399876, 0.048977061376317424, 0.053316800991940486, 0.05703657780533168, 0.6038437693738375, 0.6150030998140111, 0.6236825790452573, 1.0]",4.0,2.0,2.0,2.0,2.0,18,9.87086,8.0,6.0,hrl_dqn_apf,hierarchical,dqn,5.626,9.360,-3.213,0.00,0.00,0.00,-1.217,9.174,1.262,0.00,0.00,0.00,4.296,6.331,5.920,0.00,0.00,0.00,3.546,3.546,3.546
2026-02-04 17:28:29,221.77,28,399,427,6.56%,116.58,1.74%,"[0, 5, 10, 15, 20, 25, 30, 35, 40, 45, 50, 55, 60, 65, 70, 75, 80, 85, 90, 95, 100]","[8, 7, 4, 2, 2, 5, 3, 5, 7, 4, 10, 6, 6, 8, 9, 5, 881, 21, 14, 606]","[0.0049597024178549285, 0.009299442033477991, 0.011779293242405457, 0.013019218846869188, 0.01425914445133292, 0.01735895846249225, 0.019218846869187848, 0.022318660880347178, 0.026658400495970243, 0.029138251704897707, 0.035337879727216366, 0.03905765654060756, 0.04277743335399876, 0.04773713577185369, 0.053316800991940486, 0.056416615003099815, 0.6026038437693738, 0.615623062616243, 0.6243025418474891, 1.0]",4.0,2.0,2.0,2.0,2.0,18,9.87086,8.0,6.0,hrl_dqn_apf,hierarchical,dqn,5.986,9.503,-3.213,0.00,0.00,0.00,-1.218,9.172,0.504,0.00,0.00,0.00,4.908,6.342,6.082,0.00,0.00,0.00,3.543,3.543,3.543
2026-02-04 17:28:30,222.78,28,399,427,6.56%,116.68,1.74%,"[0, 5, 10, 15, 20, 25, 30, 35, 40, 45, 50, 55, 60, 65, 70, 75, 80, 85, 90, 95, 100]","[8, 7, 5, 2, 2, 4, 4, 5, 8, 4, 8, 8, 5, 9, 8, 4, 879, 20, 11, 612]","[0.0049597024178549285, 0.009299442033477991, 0.012399256044637322, 0.013639181649101054, 0.014879107253564786, 0.01735895846249225, 0.019838809671419714, 0.022938623682579044, 0.027898326100433975, 0.03037817730936144, 0.035337879727216366, 0.040297582145071294, 0.04339739615623062, 0.048977061376317424, 0.05393676379417235, 0.056416615003099815, 0.6013639181649101, 0.6137631742095474, 0.6205827650340979, 1.0]",4.0,2.0,2.0,2.0,2.0,15,-7.96883,8.0,6.0,hrl_dqn_apf,hierarchical,dqn,5.603,9.541,-3.213,0.00,0.00,0.00,-1.317,9.224,-0.159,0.00,0.00,0.00,5.627,6.340,6.132,0.00,0.00,0.00,3.540,3.540,3.540
2026-02-04 17:28:31,223.78,30,397,427,7.03%,116.79,1.86%,"[0, 5, 10, 15, 20, 25, 30, 35, 40, 45, 50, 55, 60, 65, 70, 75, 80, 85, 90, 95, 100]","[7, 7, 7, 2, 1, 6, 3, 4, 9, 3, 9, 8, 5, 7, 8, 4, 878, 22, 11, 612]","[0.0043397396156230625, 0.008679479231246125, 0.013019218846869188, 0.01425914445133292, 0.014879107253564786, 0.018598884066955982, 0.02045877247365158, 0.022938623682579044, 0.02851828890266584, 0.03037817730936144, 0.03595784252944823, 0.04091754494730316, 0.04401735895846249, 0.04835709857408556, 0.053316800991940486, 0.05579665220086795, 0.6001239925604464, 0.6137631742095474, 0.6205827650340979, 1.0]",4.0,2.0,2.0,2.0,2.0,4,16.19108,8.0,-12.0,hrl_dqn_apf,hierarchical,dqn,4.948,9.541,-3.213,0.00,0.00,0.00,-1.757,9.290,-0.426,0.00,0.00,0.00,6.378,6.337,6.148,0.00,0.00,0.00,3.537,3.537,3.537
2026-02-04 17:28:32,224.78,29,397,426,6.81%,117.11,1.80%,"[0, 5, 10, 15, 20, 25, 30, 35, 40, 45, 50, 55, 60, 65, 70, 75, 80, 85, 90, 95, 100]","[7, 7, 8, 3, 0, 4, 6, 4, 8, 2, 10, 8, 4, 8, 7, 5, 878, 15, 17, 612]","[0.0043397396156230625, 0.008679479231246125, 0.013639181649101054, 0.015499070055796652, 0.015499070055796652, 0.017978921264724116, 0.02169869807811531, 0.02417854928704278, 0.029138251704897707, 0.03037817730936144, 0.0365778053316801, 0.041537507749535026, 0.04401735895846249, 0.048977061376317424, 0.053316800991940486, 0.056416615003099815, 0.6007439553626782, 0.6100433973961562, 0.6205827650340979, 1.0]",4.0,2.0,2.0,2.0,2.0,4,16.19108,8.0,-12.0,hrl_dqn_apf,hierarchical,dqn,3.462,9.535,-3.213,0.00,0.00,0.00,-1.049,9.388,-0.530,0.00,0.00,0.00,6.656,6.420,6.153,0.00,0.00,0.00,3.534,3.534,3.534
2026-02-04 17:28:33,225.79,31,391,422,7.35%,117.26,1.92%,"[0, 5, 10, 15, 20, 25, 30, 35, 40, 45, 50, 55, 60, 65, 70, 75, 80, 85, 90, 95, 100]","[9, 5, 8, 4, 1, 4, 3, 4, 8, 3, 10, 7, 5, 8, 5, 7, 875, 16, 18, 613]","[0.005579665220086794, 0.008679479231246125, 0.013639181649101054, 0.016119032858028518, 0.016738995660260384, 0.019218846869187848, 0.021078735275883446, 0.023558586484810913, 0.02851828890266584, 0.03037817730936144, 0.0365778053316801, 0.04091754494730316, 0.04401735895846249, 0.048977061376317424, 0.052076875387476754, 0.056416615003099815, 0.5988840669559826, 0.6088034717916925, 0.6199628022318661, 1.0]",4.0,2.0,2.0,2.0,2.0,18,10.351479999999999,8.0,6.0,hrl_dqn_apf,hierarchical,dqn,2.686,9.532,-3.214,0.00,0.00,0.00,-0.324,9.386,-0.539,0.00,0.00,0.00,7.050,6.452,6.153,0.00,0.00,0.00,3.531,3.531,3.531
2026-02-04 17:28:34,226.79,29,397,426,6.81%,117.42,1.80%,"[0, 5, 10, 15, 20, 25, 30, 35, 40, 45, 50, 55, 60, 65, 70, 75, 80, 85, 90, 95, 100]","[9, 4, 8, 4, 2, 2, 5, 3, 8, 3, 10, 8, 5, 8, 5, 8, 869, 21, 19, 612]","[0.005579665220086794, 0.008059516429014259, 0.013019218846869188, 0.015499070055796652, 0.016738995660260384, 0.017978921264724116, 0.021078735275883446, 0.022938623682579044, 0.027898326100433975, 0.029758214507129573, 0.03595784252944823, 0.04091754494730316, 0.04401735895846249, 0.048977061376317424, 0.052076875387476754, 0.05703657780533168, 0.5957842529448233, 0.6088034717916925, 0.6205827650340979, 1.0]",4.0,2.0,2.0,2.0,2.0,13,10.511700000000001,8.0,0.0,hrl_dqn_apf,hierarchical,dqn,2.126,9.633,-3.279,0.00,0.00,0.00,0.234,9.464,-0.481,0.00,0.00,0.00,7.673,6.452,6.153,0.00,0.00,0.00,3.528,3.528,3.528
2026-02-04 17:28:35,227.79,30,394,424,7.08%,117.57,1.86%,"[0, 5, 10, 15, 20, 25, 30, 35, 40, 45, 50, 55, 60, 65, 70, 75, 80, 85, 90, 95, 100]","[9, 5, 8, 4, 2, 2, 4, 4, 7, 4, 10, 6, 6, 9, 4, 7, 867, 21, 20, 614]","[0.005579665220086794, 0.008679479231246125, 0.013639181649101054, 0.016119032858028518, 0.01735895846249225, 0.018598884066955982, 0.021078735275883446, 0.023558586484810913, 0.027898326100433975, 0.03037817730936144, 0.0365778053316801, 0.040297582145071294, 0.04401735895846249, 0.04959702417854929, 0.052076875387476754, 0.056416615003099815, 0.5939243645381277, 0.6069435833849969, 0.6193428394296342, 1.0]",4.0,2.0,2.0,2.0,2.0,13,10.511700000000001,8.0,0.0,hrl_dqn_apf,hierarchical,dqn,2.227,9.709,-3.622,0.00,0.00,0.00,0.141,9.508,-0.144,0.00,0.00,0.00,8.405,6.449,6.153,0.00,0.00,0.00,3.525,3.525,3.525
2026-02-04 17:28:36,228.80,30,394,424,7.08%,117.81,1.86%,"[0, 5, 10, 15, 20, 25, 30, 35, 40, 45, 50, 55, 60, 65, 70, 75, 80, 85, 90, 95, 100]","[10, 1, 8, 8, 2, 1, 5, 2, 8, 5, 9, 7, 6, 8, 3, 8, 866, 19, 22, 615]","[0.006199628022318661, 0.006819590824550527, 0.011779293242405457, 0.016738995660260384, 0.017978921264724116, 0.018598884066955982, 0.02169869807811531, 0.022938623682579044, 0.027898326100433975, 0.030998140111593304, 0.0365778053316801, 0.04091754494730316, 0.044637321760694355, 0.04959702417854929, 0.05145691258524489, 0.056416615003099815, 0.5933044017358958, 0.6050836949783013, 0.6187228766274023, 1.0]",4.0,2.0,2.0,2.0,2.0,6,-1.3283500000000004,8.0,-6.0,hrl_dqn_apf,hierarchical,dqn,2.981,9.749,-4.766,0.00,0.00,0.00,-0.612,9.467,0.995,0.00,0.00,0.00,9.915,6.442,6.153,0.00,0.00,0.00,3.522,3.522,3.522
2026-02-04 17:28:37,229.80,29,397,426,6.81%,117.92,1.80%,"[0, 5, 10, 15, 20, 25, 30, 35, 40, 45, 50, 55, 60, 65, 70, 75, 80, 85, 90, 95, 100]","[8, 3, 7, 8, 3, 0, 5, 3, 8, 5, 10, 7, 6, 7, 5, 7, 867, 19, 17, 618]","[0.0049597024178549285, 0.006819590824550527, 0.011159330440173589, 0.016119032858028518, 0.017978921264724116, 0.017978921264724116, 0.021078735275883446, 0.022938623682579044, 0.027898326100433975, 0.030998140111593304, 0.037197768133911964, 0.041537507749535026, 0.04525728456292622, 0.04959702417854929, 0.05269683818970862, 0.05703657780533168, 0.5945443273403596, 0.606323620582765, 0.6168629882207067, 1.0]",4.0,2.0,2.0,2.0,2.0,21,-1.16817,8.0,12.0,hrl_dqn_apf,hierarchical,dqn,3.482,9.781,-5.239,0.00,0.00,0.00,-0.911,9.594,1.271,0.00,0.00,0.00,10.337,6.577,6.153,0.00,0.00,0.00,3.519,3.519,3.519
2026-02-04 17:28:38,230.81,30,394,424,7.08%,118.01,1.86%,"[0, 5, 10, 15, 20, 25, 30, 35, 40, 45, 50, 55, 60, 65, 70, 75, 80, 85, 90, 95, 100]","[8, 3, 6, 9, 3, 1, 4, 3, 8, 5, 9, 8, 5, 8, 5, 7, 867, 18, 16, 620]","[0.0049597024178549285, 0.006819590824550527, 0.010539367637941723, 0.016119032858028518, 0.017978921264724116, 0.018598884066955982, 0.021078735275883446, 0.022938623682579044, 0.027898326100433975, 0.030998140111593304, 0.0365778053316801, 0.041537507749535026, 0.044637321760694355, 0.04959702417854929, 0.05269683818970862, 0.05703657780533168, 0.5945443273403596, 0.6057036577805331, 0.615623062616243, 1.0]",4.0,2.0,2.0,2.0,2.0,21,-1.16817,8.0,12.0,hrl_dqn_apf,hierarchical,dqn,4.157,9.787,-5.402,0.00,0.00,0.00,-1.018,9.629,0.861,0.00,0.00,0.00,9.991,6.622,6.153,0.00,0.00,0.00,3.516,3.516,3.516
2026-02-04 17:28:39,231.81,30,396,426,7.04%,118.14,1.86%,"[0, 5, 10, 15, 20, 25, 30, 35, 40, 45, 50, 55, 60, 65, 70, 75, 80, 85, 90, 95, 100]","[7, 5, 5, 8, 4, 1, 3, 4, 7, 5, 9, 8, 6, 8, 5, 5, 867, 13, 21, 622]","[0.0043397396156230625, 0.007439553626782393, 0.010539367637941723, 0.015499070055796652, 0.017978921264724116, 0.018598884066955982, 0.02045877247365158, 0.022938623682579044, 0.02727836329820211, 0.03037817730936144, 0.03595784252944823, 0.04091754494730316, 0.044637321760694355, 0.04959702417854929, 0.05269683818970862, 0.05579665220086795, 0.5933044017358958, 0.6013639181649101, 0.6143831370117793, 1.0]",4.0,2.0,2.0,2.0,2.0,23,10.992239999999999,8.0,12.0,hrl_dqn_apf,hierarchical,dqn,4.858,9.820,-5.413,0.00,0.00,0.00,-1.051,9.630,0.197,0.00,0.00,0.00,9.346,6.623,6.153,0.00,0.00,0.00,3.513,3.513,3.513
2026-02-04 17:28:40,232.81,30,397,427,7.03%,118.44,1.86%,"[0, 5, 10, 15, 20, 25, 30, 35, 40, 45, 50, 55, 60, 65, 70, 75, 80, 85, 90, 95, 100]","[8, 4, 3, 7, 6, 2, 1, 5, 7, 5, 10, 8, 4, 9, 4, 7, 865, 13, 17, 628]","[0.0049597024178549285, 0.007439553626782393, 0.009299442033477991, 0.013639181649101054, 0.01735895846249225, 0.018598884066955982, 0.019218846869187848, 0.022318660880347178, 0.026658400495970243, 0.029758214507129573, 0.03595784252944823, 0.04091754494730316, 0.04339739615623062, 0.048977061376317424, 0.05145691258524489, 0.05579665220086795, 0.5920644761314321, 0.6001239925604464, 0.6106633601983881, 1.0]",4.0,2.0,2.0,2.0,2.0,22,5.15212,8.0,12.0,hrl_dqn_apf,hierarchical,dqn,5.300,9.877,-4.338,0.00,0.00,0.00,-1.066,9.785,-0.657,0.00,0.00,0.00,7.864,6.617,6.153,0.00,0.00,0.00,3.510,3.510,3.510
2026-02-04 17:28:41,233.81,30,397,427,7.03%,118.62,1.86%,"[0, 5, 10, 15, 20, 25, 30, 35, 40, 45, 50, 55, 60, 65, 70, 75, 80, 85, 90, 95, 100]","[7, 5, 3, 5, 8, 2, 1, 5, 7, 5, 11, 7, 5, 9, 4, 4, 862, 17, 18, 628]","[0.0043397396156230625, 0.007439553626782393, 0.009299442033477991, 0.012399256044637322, 0.01735895846249225, 0.018598884066955982, 0.019218846869187848, 0.022318660880347178, 0.026658400495970243, 0.029758214507129573, 0.0365778053316801, 0.04091754494730316, 0.04401735895846249, 0.04959702417854929, 0.052076875387476754, 0.05455672659640422, 0.5889646621202728, 0.5995040297582145, 0.6106633601983881, 1.0]",4.0,2.0,2.0,2.0,2.0,22,5.15212,8.0,12.0,hrl_dqn_apf,hierarchical,dqn,5.333,9.874,-3.602,0.00,0.00,0.00,-1.067,9.805,-0.173,0.00,0.00,0.00,7.444,6.751,6.153,0.00,0.00,0.00,3.507,3.507,3.507
2026-02-04 17:28:42,234.81,30,397,427,7.03%,118.81,1.86%,"[0, 5, 10, 15, 20, 25, 30, 35, 40, 45, 50, 55, 60, 65, 70, 75, 80, 85, 90, 95, 100]","[7, 4, 2, 6, 8, 3, 0, 5, 7, 6, 11, 7, 5, 9, 3, 5, 857, 21, 19, 628]","[0.0043397396156230625, 0.006819590824550527, 0.008059516429014259, 0.011779293242405457, 0.016738995660260384, 0.018598884066955982, 0.018598884066955982, 0.02169869807811531, 0.026038437693738377, 0.029758214507129573, 0.0365778053316801, 0.04091754494730316, 0.04401735895846249, 0.04959702417854929, 0.05145691258524489, 0.05455672659640422, 0.5858648481091134, 0.5988840669559826, 0.6106633601983881, 1.0]",4.0,2.0,2.0,2.0,2.0,18,11.31235,8.0,6.0,hrl_dqn_apf,hierarchical,dqn,5.343,9.871,-2.849,0.00,0.00,0.00,-1.067,9.804,0.509,0.00,0.00,0.00,7.791,6.796,6.153,0.00,0.00,0.00,3.504,3.504,3.504
2026-02-04 17:28:43,235.82,29,400,429,6.76%,118.97,1.80%,"[0, 5, 10, 15, 20, 25, 30, 35, 40, 45, 50, 55, 60, 65, 70, 75, 80, 85, 90, 95, 100]","[7, 4, 2, 4, 9, 3, 1, 4, 8, 5, 11, 7, 6, 8, 4, 5, 857, 21, 18, 629]","[0.0043397396156230625, 0.006819590824550527, 0.008059516429014259, 0.010539367637941723, 0.016119032858028518, 0.017978921264724116, 0.018598884066955982, 0.021078735275883446, 0.026038437693738377, 0.029138251704897707, 0.03595784252944823, 0.040297582145071294, 0.04401735895846249, 0.048977061376317424, 0.05145691258524489, 0.05455672659640422, 0.5858648481091134, 0.5988840669559826, 0.6100433973961562, 1.0]",4.0,2.0,2.0,2.0,2.0,18,11.31235,8.0,6.0,hrl_dqn_apf,hierarchical,dqn,5.346,9.868,-2.088,0.00,0.00,0.00,-1.067,9.801,1.251,0.00,0.00,0.00,8.436,6.797,6.153,0.00,0.00,0.00,3.501,3.501,3.501
2026-02-04 17:28:44,236.82,28,399,427,6.56%,119.25,1.74%,"[0, 5, 10, 15, 20, 25, 30, 35, 40, 45, 50, 55, 60, 65, 70, 75, 80, 85, 90, 95, 100]","[8, 2, 3, 3, 8, 4, 2, 2, 9, 5, 11, 7, 6, 9, 4, 6, 849, 25, 14, 636]","[0.0049597024178549285, 0.006199628022318661, 0.008059516429014259, 0.009919404835709857, 0.014879107253564786, 0.01735895846249225, 0.018598884066955982, 0.019838809671419714, 0.02541847489150651, 0.02851828890266584, 0.035337879727216366, 0.03967761934283943, 0.04339739615623062, 0.048977061376317424, 0.05145691258524489, 0.05517668939863608, 0.5815251084934904, 0.597024178549287, 0.6057036577805331, 1.0]",4.0,2.0,2.0,2.0,2.0,24,17.39256,8.0,12.0,hrl_dqn_apf,hierarchical,dqn,5.346,9.862,-0.565,0.00,0.00,0.00,-1.065,9.795,2.768,0.00,0.00,0.00,9.918,6.791,6.153,0.00,0.00,0.00,3.498,3.498,3.498
2026-02-04 17:28:45,237.82,28,400,428,6.54%,119.40,1.74%,"[0, 5, 10, 15, 20, 25, 30, 35, 40, 45, 50, 55, 60, 65, 70, 75, 80, 85, 90, 95, 100]","[9, 2, 3, 2, 7, 5, 2, 1, 9, 6, 10, 8, 6, 8, 5, 4, 851, 24, 14, 637]","[0.005579665220086794, 0.006819590824550527, 0.008679479231246125, 0.009919404835709857, 0.01425914445133292, 0.01735895846249225, 0.018598884066955982, 0.019218846869187848, 0.024798512089274645, 0.02851828890266584, 0.0347179169249845, 0.03967761934283943, 0.04339739615623062, 0.04835709857408556, 0.05145691258524489, 0.05393676379417235, 0.5815251084934904, 0.5964042157470552, 0.6050836949783013, 1.0]",4.0,2.0,2.0,2.0,2.0,4,17.55255,8.0,-12.0,hrl_dqn_apf,hierarchical,dqn,5.346,9.859,0.195,0.00,0.00,0.00,-0.870,9.864,3.337,0.00,0.00,0.00,10.676,6.788,6.153,0.00,0.00,0.00,3.495,3.495,3.495
2026-02-04 17:28:46,238.82,28,400,428,6.54%,119.52,1.74%,"[0, 5, 10, 15, 20, 25, 30, 35, 40, 45, 50, 55, 60, 65, 70, 75, 80, 85, 90, 95, 100]","[8, 2, 4, 1, 5, 8, 2, 1, 9, 4, 11, 9, 7, 8, 5, 4, 849, 21, 18, 637]","[0.0049597024178549285, 0.006199628022318661, 0.008679479231246125, 0.009299442033477991, 0.012399256044637322, 0.01735895846249225, 0.018598884066955982, 0.019218846869187848, 0.024798512089274645, 0.02727836329820211, 0.034097954122752634, 0.03967761934283943, 0.04401735895846249, 0.048977061376317424, 0.052076875387476754, 0.05455672659640422, 0.5809051456912585, 0.5939243645381277, 0.6050836949783013, 1.0]",4.0,2.0,2.0,2.0,2.0,4,17.55255,8.0,-12.0,hrl_dqn_apf,hierarchical,dqn,5.454,9.914,0.852,0.00,0.00,0.00,-0.296,9.882,3.536,0.00,0.00,0.00,11.439,6.785,6.153,0.00,0.00,0.00,3.492,3.492,3.492
2026-02-04 17:28:47,239.82,27,397,424,6.37%,119.58,1.67%,"[0, 5, 10, 15, 20, 25, 30, 35, 40, 45, 50, 55, 60, 65, 70, 75, 80, 85, 90, 95, 100]","[8, 1, 4, 1, 5, 8, 4, 0, 10, 3, 12, 9, 7, 8, 5, 3, 850, 18, 20, 637]","[0.0049597024178549285, 0.005579665220086794, 0.008059516429014259, 0.008679479231246125, 0.011779293242405457, 0.016738995660260384, 0.019218846869187848, 0.019218846869187848, 0.02541847489150651, 0.02727836329820211, 0.0347179169249845, 0.040297582145071294, 0.044637321760694355, 0.04959702417854929, 0.05269683818970862, 0.05455672659640422, 0.5815251084934904, 0.592684438933664, 0.6050836949783013, 1.0]",4.0,2.0,2.0,2.0,2.0,19,17.71279,8.0,6.0,hrl_dqn_apf,hierarchical,dqn,5.966,9.945,1.110,0.00,0.00,0.00,0.412,9.881,3.598,0.00,0.00,0.00,12.199,6.782,6.153,0.00,0.00,0.00,3.489,3.489,3.489
2026-02-04 17:28:48,240.83,28,398,426,6.57%,119.66,1.74%,"[0, 5, 10, 15, 20, 25, 30, 35, 40, 45, 50, 55, 60, 65, 70, 75, 80, 85, 90, 95, 100]","[6, 5, 2, 4, 3, 8, 4, 1, 8, 5, 11, 10, 6, 11, 4, 4, 844, 19, 23, 635]","[0.0037197768133911966, 0.006819590824550527, 0.008059516429014259, 0.010539367637941723, 0.012399256044637322, 0.01735895846249225, 0.019838809671419714, 0.02045877247365158, 0.02541847489150651, 0.02851828890266584, 0.035337879727216366, 0.041537507749535026, 0.04525728456292622, 0.052076875387476754, 0.05455672659640422, 0.05703657780533168, 0.5802851828890266, 0.5920644761314321, 0.606323620582765, 1.0]",4.0,2.0,2.0,2.0,2.0,17,5.87325,8.0,6.0,hrl_dqn_apf,hierarchical,dqn,7.082,10.014,1.542,0.00,0.00,0.00,1.920,9.875,3.621,0.00,0.00,0.00,13.725,6.776,6.153,0.00,0.00,0.00,3.486,3.486,3.486
2026-02-04 17:28:49,241.83,28,394,422,6.64%,119.72,1.74%,"[0, 5, 10, 15, 20, 25, 30, 35, 40, 45, 50, 55, 60, 65, 70, 75, 80, 85, 90, 95, 100]","[7, 5, 2, 4, 2, 8, 4, 2, 6, 6, 11, 10, 7, 9, 6, 3, 845, 15, 25, 636]","[0.0043397396156230625, 0.007439553626782393, 0.008679479231246125, 0.011159330440173589, 0.012399256044637322, 0.01735895846249225, 0.019838809671419714, 0.021078735275883446, 0.024798512089274645, 0.02851828890266584, 0.035337879727216366, 0.041537507749535026, 0.04587724736515809, 0.05145691258524489, 0.05517668939863608, 0.05703657780533168, 0.5809051456912585, 0.5902045877247365, 0.6057036577805331, 1.0]",4.0,2.0,2.0,2.0,2.0,17,5.87325,8.0,6.0,hrl_dqn_apf,hierarchical,dqn,7.221,10.021,2.173,0.00,0.00,0.00,2.487,9.944,3.429,0.00,0.00,0.00,14.483,6.773,6.153,0.00,0.00,0.00,3.483,3.483,3.483
2026-02-04 17:28:50,242.83,29,393,422,6.87%,119.81,1.80%,"[0, 5, 10, 15, 20, 25, 30, 35, 40, 45, 50, 55, 60, 65, 70, 75, 80, 85, 90, 95, 100]","[7, 7, 2, 4, 2, 7, 5, 2, 5, 5, 12, 8, 8, 9, 5, 5, 843, 17, 25, 635]","[0.0043397396156230625, 0.008679479231246125, 0.009919404835709857, 0.012399256044637322, 0.013639181649101054, 0.017978921264724116, 0.021078735275883446, 0.022318660880347178, 0.02541847489150651, 0.02851828890266584, 0.03595784252944823, 0.04091754494730316, 0.04587724736515809, 0.05145691258524489, 0.05455672659640422, 0.05765654060756355, 0.5802851828890266, 0.5908245505269684, 0.606323620582765, 1.0]",4.0,2.0,2.0,2.0,2.0,5,-5.96674,8.0,-6.0,hrl_dqn_apf,hierarchical,dqn,7.267,9.777,2.805,0.00,0.00,0.00,2.688,9.962,2.856,0.00,0.00,0.00,15.247,6.770,6.153,0.00,0.00,0.00,3.480,3.480,3.480
2026-02-04 17:28:51,243.83,29,397,426,6.81%,119.88,1.80%,"[0, 5, 10, 15, 20, 25, 30, 35, 40, 45, 50, 55, 60, 65, 70, 75, 80, 85, 90, 95, 100]","[7, 7, 2, 4, 2, 7, 7, 2, 4, 6, 11, 8, 9, 9, 4, 5, 842, 16, 26, 635]","[0.0043397396156230625, 0.008679479231246125, 0.009919404835709857, 0.012399256044637322, 0.013639181649101054, 0.017978921264724116, 0.022318660880347178, 0.023558586484810913, 0.026038437693738377, 0.029758214507129573, 0.0365778053316801, 0.041537507749535026, 0.047117172969621826, 0.05269683818970862, 0.05517668939863608, 0.05827650340979541, 0.5802851828890266, 0.5902045877247365, 0.606323620582765, 1.0]",4.0,2.0,2.0,2.0,2.0,15,-5.80668,8.0,6.0,hrl_dqn_apf,hierarchical,dqn,7.322,9.546,3.056,0.00,0.00,0.00,2.716,9.999,2.179,0.00,0.00,0.00,15.962,6.814,6.153,0.00,0.00,0.00,3.477,3.477,3.477
2026-02-04 17:28:52,244.83,29,395,424,6.84%,120.12,1.80%,"[0, 5, 10, 15, 20, 25, 30, 35, 40, 45, 50, 55, 60, 65, 70, 75, 80, 85, 90, 95, 100]","[8, 7, 3, 4, 2, 5, 8, 3, 5, 3, 11, 9, 8, 9, 5, 5, 839, 17, 19, 643]","[0.0049597024178549285, 0.009299442033477991, 0.011159330440173589, 0.013639181649101054, 0.014879107253564786, 0.017978921264724116, 0.022938623682579044, 0.024798512089274645, 0.027898326100433975, 0.029758214507129573, 0.0365778053316801, 0.04215747055176689, 0.047117172969621826, 0.05269683818970862, 0.05579665220086795, 0.05889646621202728, 0.5790452572845629, 0.5895846249225046, 0.6013639181649101, 1.0]",4.0,2.0,2.0,2.0,2.0,15,-5.80668,8.0,6.0,hrl_dqn_apf,hierarchical,dqn,8.436,9.527,3.204,0.00,0.00,0.00,1.647,10.114,1.682,0.00,0.00,0.00,15.390,6.950,6.153,0.00,0.00,0.00,3.474,3.474,3.474
2026-02-04 17:28:53,245.84,29,399,428,6.78%,120.23,1.80%,"[0, 5, 10, 15, 20, 25, 30, 35, 40, 45, 50, 55, 60, 65, 70, 75, 80, 85, 90, 95, 100]","[10, 6, 4, 2, 4, 3, 7, 4, 5, 3, 10, 9, 8, 9, 6, 4, 838, 15, 22, 644]","[0.006199628022318661, 0.009919404835709857, 0.012399256044637322, 0.013639181649101054, 0.016119032858028518, 0.017978921264724116, 0.022318660880347178, 0.024798512089274645, 0.027898326100433975, 0.029758214507129573, 0.03595784252944823, 0.041537507749535026, 0.04649721016738995, 0.052076875387476754, 0.05579665220086795, 0.05827650340979541, 0.5778053316800992, 0.5871047737135772, 0.6007439553626782, 1.0]",4.0,2.0,2.0,2.0,2.0,9,18.353650000000002,8.0,-6.0,hrl_dqn_apf,hierarchical,dqn,9.165,9.525,3.291,0.00,0.00,0.00,1.111,9.777,1.568,0.00,0.00,0.00,14.690,6.948,6.153,0.00,0.00,0.00,3.471,3.471,3.471
2026-02-04 17:28:54,246.84,28,400,428,6.54%,120.39,1.74%,"[0, 5, 10, 15, 20, 25, 30, 35, 40, 45, 50, 55, 60, 65, 70, 75, 80, 85, 90, 95, 100]","[10, 5, 5, 2, 4, 2, 7, 4, 7, 1, 12, 9, 7, 9, 5, 6, 838, 15, 18, 647]","[0.006199628022318661, 0.009299442033477991, 0.012399256044637322, 0.013639181649101054, 0.016119032858028518, 0.01735895846249225, 0.02169869807811531, 0.02417854928704278, 0.02851828890266584, 0.029138251704897707, 0.0365778053316801, 0.04215747055176689, 0.04649721016738995, 0.052076875387476754, 0.05517668939863608, 0.05889646621202728, 0.578425294482331, 0.587724736515809, 0.5988840669559826, 1.0]",4.0,2.0,2.0,2.0,2.0,15,-5.48637,8.0,6.0,hrl_dqn_apf,hierarchical,dqn,9.807,9.585,3.208,0.00,0.00,0.00,0.819,9.648,1.529,0.00,0.00,0.00,13.943,6.945,6.153,0.00,0.00,0.00,3.468,3.468,3.468
2026-02-04 17:28:55,247.84,28,399,427,6.56%,120.52,1.74%,"[0, 5, 10, 15, 20, 25, 30, 35, 40, 45, 50, 55, 60, 65, 70, 75, 80, 85, 90, 95, 100]","[9, 4, 7, 2, 4, 2, 7, 4, 7, 1, 11, 10, 6, 10, 5, 4, 835, 20, 16, 649]","[0.005579665220086794, 0.008059516429014259, 0.012399256044637322, 0.013639181649101054, 0.016119032858028518, 0.01735895846249225, 0.02169869807811531, 0.02417854928704278, 0.02851828890266584, 0.029138251704897707, 0.03595784252944823, 0.04215747055176689, 0.04587724736515809, 0.052076875387476754, 0.05517668939863608, 0.05765654060756355, 0.5753254804711717, 0.587724736515809, 0.5976441413515189, 1.0]",4.0,2.0,2.0,2.0,2.0,15,-5.48637,8.0,6.0,hrl_dqn_apf,hierarchical,dqn,10.060,9.617,2.695,0.00,0.00,0.00,0.248,9.664,1.518,0.00,0.00,0.00,13.182,6.942,6.153,0.00,0.00,0.00,3.465,3.465,3.465
2026-02-04 17:28:56,248.87,27,402,429,6.29%,120.81,1.67%,"[0, 5, 10, 15, 20, 25, 30, 35, 40, 45, 50, 55, 60, 65, 70, 75, 80, 85, 90, 95, 100]","[9, 4, 7, 1, 5, 1, 6, 7, 7, 1, 11, 8, 7, 11, 5, 4, 831, 21, 17, 650]","[0.005579665220086794, 0.008059516429014259, 0.012399256044637322, 0.013019218846869188, 0.016119032858028518, 0.016738995660260384, 0.02045877247365158, 0.024798512089274645, 0.029138251704897707, 0.029758214507129573, 0.0365778053316801, 0.041537507749535026, 0.04587724736515809, 0.05269683818970862, 0.05579665220086795, 0.05827650340979541, 0.5734655920644761, 0.5864848109113453, 0.597024178549287, 1.0]",4.0,2.0,2.0,2.0,2.0,21,0.6738999999999997,8.0,12.0,hrl_dqn_apf,hierarchical,dqn,10.161,9.615,1.315,0.00,0.00,0.00,-1.152,9.663,1.515,0.00,0.00,0.00,11.714,6.936,6.153,0.00,0.00,0.00,3.462,3.462,3.462
2026-02-04 17:28:57,249.87,27,400,427,6.32%,120.93,1.67%,"[0, 5, 10, 15, 20, 25, 30, 35, 40, 45, 50, 55, 60, 65, 70, 75, 80, 85, 90, 95, 100]","[9, 4, 6, 2, 4, 2, 5, 7, 7, 3, 10, 8, 8, 10, 6, 4, 829, 20, 20, 649]","[0.005579665220086794, 0.008059516429014259, 0.011779293242405457, 0.013019218846869188, 0.015499070055796652, 0.016738995660260384, 0.019838809671419714, 0.02417854928704278, 0.02851828890266584, 0.03037817730936144, 0.0365778053316801, 0.041537507749535026, 0.04649721016738995, 0.05269683818970862, 0.056416615003099815, 0.05889646621202728, 0.5728456292622442, 0.5852448853068816, 0.5976441413515189, 1.0]",4.0,2.0,2.0,2.0,2.0,3,12.83472,8.0,-12.0,hrl_dqn_apf,hierarchical,dqn,10.169,9.612,0.603,0.00,0.00,0.00,-1.865,9.661,1.515,0.00,0.00,0.00,10.997,6.933,6.153,0.00,0.00,0.00,3.459,3.459,3.459
2026-02-04 17:28:58,250.87,28,399,427,6.56%,121.03,1.74%,"[0, 5, 10, 15, 20, 25, 30, 35, 40, 45, 50, 55, 60, 65, 70, 75, 80, 85, 90, 95, 100]","[6, 7, 4, 4, 4, 3, 3, 8, 7, 3, 9, 8, 8, 10, 5, 6, 824, 23, 16, 655]","[0.0037197768133911966, 0.008059516429014259, 0.010539367637941723, 0.013019218846869188, 0.015499070055796652, 0.01735895846249225, 0.019218846869187848, 0.02417854928704278, 0.02851828890266584, 0.03037817730936144, 0.03595784252944823, 0.04091754494730316, 0.04587724736515809, 0.052076875387476754, 0.05517668939863608, 0.05889646621202728, 0.5697458152510849, 0.5840049597024178, 0.5939243645381277, 1.0]",4.0,2.0,2.0,2.0,2.0,3,12.83472,8.0,-12.0,hrl_dqn_apf,hierarchical,dqn,10.172,9.609,-0.152,0.00,0.00,0.00,-2.518,9.715,1.411,0.00,0.00,0.00,10.239,6.930,6.153,0.00,0.00,0.00,3.456,3.456,3.456
2026-02-04 17:28:59,251.87,28,399,427,6.56%,121.09,1.74%,"[0, 5, 10, 15, 20, 25, 30, 35, 40, 45, 50, 55, 60, 65, 70, 75, 80, 85, 90, 95, 100]","[7, 7, 3, 4, 2, 5, 3, 7, 9, 3, 8, 9, 8, 10, 5, 5, 826, 24, 16, 652]","[0.0043397396156230625, 0.008679479231246125, 0.010539367637941723, 0.013019218846869188, 0.01425914445133292, 0.01735895846249225, 0.019218846869187848, 0.023558586484810913, 0.029138251704897707, 0.030998140111593304, 0.03595784252944823, 0.041537507749535026, 0.04649721016738995, 0.05269683818970862, 0.05579665220086795, 0.05889646621202728, 0.5709857408555487, 0.5858648481091134, 0.5957842529448233, 1.0]",4.0,2.0,2.0,2.0,2.0,6,0.9946900000000003,8.0,-6.0,hrl_dqn_apf,hierarchical,dqn,10.173,9.606,-0.912,0.00,0.00,0.00,-2.779,9.747,0.900,0.00,0.00,0.00,9.479,6.927,6.153,0.00,0.00,0.00,3.453,3.453,3.453
2026-02-04 17:29:00,252.88,26,400,426,6.10%,121.28,1.61%,"[0, 5, 10, 15, 20, 25, 30, 35, 40, 45, 50, 55, 60, 65, 70, 75, 80, 85, 90, 95, 100]","[6, 7, 4, 4, 2, 3, 3, 9, 9, 4, 7, 9, 8, 9, 8, 6, 824, 18, 20, 653]","[0.0037197768133911966, 0.008059516429014259, 0.010539367637941723, 0.013019218846869188, 0.01425914445133292, 0.016119032858028518, 0.017978921264724116, 0.023558586484810913, 0.029138251704897707, 0.03161810291382517, 0.03595784252944823, 0.041537507749535026, 0.04649721016738995, 0.052076875387476754, 0.05703657780533168, 0.06075635461872288, 0.5716057036577805, 0.5827650340979541, 0.5951642901425914, 1.0]",4.0,2.0,2.0,2.0,2.0,3,13.15499,8.0,-12.0,hrl_dqn_apf,hierarchical,dqn,10.174,9.600,-2.436,0.00,0.00,0.00,-2.886,9.744,-0.533,0.00,0.00,0.00,8.239,7.002,5.863,0.00,0.00,0.00,3.450,3.450,3.450
2026-02-04 17:29:01,253.88,27,397,424,6.37%,121.34,1.67%,"[0, 5, 10, 15, 20, 25, 30, 35, 40, 45, 50, 55, 60, 65, 70, 75, 80, 85, 90, 95, 100]","[5, 8, 4, 4, 1, 5, 3, 7, 11, 4, 8, 9, 7, 9, 10, 4, 822, 18, 22, 652]","[0.0030998140111593306, 0.008059516429014259, 0.010539367637941723, 0.013019218846869188, 0.013639181649101054, 0.016738995660260384, 0.018598884066955982, 0.022938623682579044, 0.029758214507129573, 0.032238065716057036, 0.037197768133911964, 0.04277743335399876, 0.047117172969621826, 0.05269683818970862, 0.05889646621202728, 0.06137631742095474, 0.5709857408555487, 0.5821450712957222, 0.5957842529448233, 1.0]",4.0,2.0,2.0,2.0,2.0,3,13.15499,8.0,-12.0,hrl_dqn_apf,hierarchical,dqn,10.174,9.597,-3.199,0.00,0.00,0.00,-2.895,9.741,-1.291,0.00,0.00,0.00,8.081,7.012,5.246,0.00,0.00,0.00,3.447,3.447,3.447
2026-02-04 17:29:02,254.88,27,399,426,6.34%,121.42,1.67%,"[0, 5, 10, 15, 20, 25, 30, 35, 40, 45, 50, 55, 60, 65, 70, 75, 80, 85, 90, 95, 100]","[5, 7, 4, 4, 3, 4, 3, 7, 11, 4, 9, 8, 7, 10, 8, 6, 818, 22, 22, 651]","[0.0030998140111593306, 0.007439553626782393, 0.009919404835709857, 0.012399256044637322, 0.01425914445133292, 0.016738995660260384, 0.018598884066955982, 0.022938623682579044, 0.029758214507129573, 0.032238065716057036, 0.03781773093614383, 0.04277743335399876, 0.047117172969621826, 0.053316800991940486, 0.05827650340979541, 0.06199628022318661, 0.569125852448853, 0.5827650340979541, 0.5964042157470552, 1.0]",4.0,2.0,2.0,2.0,2.0,2,7.23537,8.0,-12.0,hrl_dqn_apf,hierarchical,dqn,10.174,9.594,-3.959,0.00,0.00,0.00,-2.898,9.738,-2.050,0.00,0.00,0.00,8.031,7.017,4.734,0.00,0.00,0.00,3.444,3.444,3.444
2026-02-04 17:29:03,255.88,28,396,424,6.60%,121.50,1.74%,"[0, 5, 10, 15, 20, 25, 30, 35, 40, 45, 50, 55, 60, 65, 70, 75, 80, 85, 90, 95, 100]","[6, 6, 6, 3, 3, 4, 3, 6, 12, 4, 10, 7, 8, 9, 9, 3, 820, 17, 22, 655]","[0.0037197768133911966, 0.007439553626782393, 0.011159330440173589, 0.013019218846869188, 0.014879107253564786, 0.01735895846249225, 0.019218846869187848, 0.022938623682579044, 0.03037817730936144, 0.0328580285182889, 0.03905765654060756, 0.04339739615623062, 0.04835709857408556, 0.05393676379417235, 0.059516429014259145, 0.06137631742095474, 0.5697458152510849, 0.5802851828890266, 0.5939243645381277, 1.0]",4.0,2.0,2.0,2.0,2.0,17,7.39512,8.0,6.0,hrl_dqn_apf,hierarchical,dqn,10.174,9.590,-4.740,0.00,0.00,0.00,-2.858,9.771,-2.788,0.00,0.00,0.00,8.016,7.028,4.180,0.00,0.00,0.00,3.441,3.441,3.441
2026-02-04 17:29:04,256.89,27,397,424,6.37%,121.74,1.67%,"[0, 5, 10, 15, 20, 25, 30, 35, 40, 45, 50, 55, 60, 65, 70, 75, 80, 85, 90, 95, 100]","[7, 5, 7, 3, 3, 2, 5, 4, 11, 5, 11, 5, 8, 12, 8, 4, 818, 17, 24, 654]","[0.0043397396156230625, 0.007439553626782393, 0.011779293242405457, 0.013639181649101054, 0.015499070055796652, 0.016738995660260384, 0.019838809671419714, 0.022318660880347178, 0.029138251704897707, 0.032238065716057036, 0.03905765654060756, 0.04215747055176689, 0.047117172969621826, 0.05455672659640422, 0.059516429014259145, 0.06199628022318661, 0.569125852448853, 0.5796652200867948, 0.5945443273403596, 1.0]",4.0,2.0,2.0,2.0,2.0,17,7.39512,8.0,6.0,hrl_dqn_apf,hierarchical,dqn,10.175,9.584,-6.241,0.00,0.00,0.00,-1.782,9.825,-3.230,0.00,0.00,0.00,8.010,7.024,2.758,0.00,0.00,0.00,3.438,3.438,3.438
2026-02-04 17:29:05,257.89,29,397,426,6.81%,121.82,1.80%,"[0, 5, 10, 15, 20, 25, 30, 35, 40, 45, 50, 55, 60, 65, 70, 75, 80, 85, 90, 95, 100]","[8, 4, 7, 3, 4, 3, 3, 4, 12, 5, 11, 5, 9, 12, 5, 7, 817, 16, 19, 659]","[0.0049597024178549285, 0.007439553626782393, 0.011779293242405457, 0.013639181649101054, 0.016119032858028518, 0.017978921264724116, 0.019838809671419714, 0.022318660880347178, 0.029758214507129573, 0.0328580285182889, 0.03967761934283943, 0.04277743335399876, 0.04835709857408556, 0.05579665220086795, 0.05889646621202728, 0.06323620582765034, 0.5697458152510849, 0.5796652200867948, 0.5914445133292002, 1.0]",4.0,2.0,2.0,2.0,2.0,1,1.5556900000000002,8.0,-12.0,hrl_dqn_apf,hierarchical,dqn,10.175,9.581,-7.001,0.00,0.00,0.00,-1.049,9.822,-3.265,0.00,0.00,0.00,8.010,7.021,2.003,0.00,0.00,0.00,3.435,3.435,3.435
2026-02-04 17:29:06,258.89,28,394,422,6.64%,121.91,1.74%,"[0, 5, 10, 15, 20, 25, 30, 35, 40, 45, 50, 55, 60, 65, 70, 75, 80, 85, 90, 95, 100]","[7, 4, 7, 4, 3, 3, 5, 4, 10, 7, 10, 6, 9, 11, 6, 8, 815, 18, 17, 659]","[0.0043397396156230625, 0.006819590824550527, 0.011159330440173589, 0.013639181649101054, 0.015499070055796652, 0.01735895846249225, 0.02045877247365158, 0.022938623682579044, 0.029138251704897707, 0.03347799132052077, 0.03967761934283943, 0.04339739615623062, 0.048977061376317424, 0.05579665220086795, 0.059516429014259145, 0.06447613143211407, 0.5697458152510849, 0.5809051456912585, 0.5914445133292002, 1.0]",4.0,2.0,2.0,2.0,2.0,19,19.71627,8.0,6.0,hrl_dqn_apf,hierarchical,dqn,10.175,9.698,-7.523,0.00,0.00,0.00,-0.403,9.878,-3.164,0.00,0.00,0.00,8.008,7.019,1.234,0.00,0.00,0.00,3.432,3.432,3.432
2026-02-04 17:29:07,259.89,30,396,426,7.04%,121.98,1.86%,"[0, 5, 10, 15, 20, 25, 30, 35, 40, 45, 50, 55, 60, 65, 70, 75, 80, 85, 90, 95, 100]","[7, 5, 7, 3, 5, 3, 4, 4, 10, 7, 11, 6, 8, 8, 8, 7, 815, 14, 23, 658]","[0.0043397396156230625, 0.007439553626782393, 0.011779293242405457, 0.013639181649101054, 0.016738995660260384, 0.018598884066955982, 0.021078735275883446, 0.023558586484810913, 0.029758214507129573, 0.034097954122752634, 0.04091754494730316, 0.044637321760694355, 0.04959702417854929, 0.05455672659640422, 0.059516429014259145, 0.0638561686298822, 0.569125852448853, 0.5778053316800992, 0.5920644761314321, 1.0]",4.0,2.0,2.0,2.0,2.0,19,19.71627,8.0,6.0,hrl_dqn_apf,hierarchical,dqn,10.175,9.759,-7.247,0.00,0.00,0.00,-0.150,9.909,-2.651,0.00,0.00,0.00,8.008,7.016,0.474,0.00,0.00,0.00,3.429,3.429,3.429
2026-02-04 17:29:08,260.89,31,396,427,7.26%,122.19,1.92%,"[0, 5, 10, 15, 20, 25, 30, 35, 40, 45, 50, 55, 60, 65, 70, 75, 80, 85, 90, 95, 100]","[8, 5, 5, 6, 3, 4, 2, 5, 10, 6, 12, 8, 6, 9, 9, 8, 812, 15, 17, 663]","[0.0049597024178549285, 0.008059516429014259, 0.011159330440173589, 0.014879107253564786, 0.016738995660260384, 0.019218846869187848, 0.02045877247365158, 0.023558586484810913, 0.029758214507129573, 0.03347799132052077, 0.04091754494730316, 0.04587724736515809, 0.04959702417854929, 0.05517668939863608, 0.06075635461872288, 0.0657160570365778, 0.569125852448853, 0.578425294482331, 0.5889646621202728, 1.0]",4.0,2.0,2.0,2.0,2.0,4,19.8763,8.0,-12.0,hrl_dqn_apf,hierarchical,dqn,10.175,9.760,-5.901,0.00,0.00,0.00,0.285,9.978,-1.542,0.00,0.00,0.00,8.008,7.010,-1.050,0.00,0.00,0.00,3.426,3.426,3.426
2026-02-04 17:29:09,261.89,32,395,427,7.49%,122.30,1.98%,"[0, 5, 10, 15, 20, 25, 30, 35, 40, 45, 50, 55, 60, 65, 70, 75, 80, 85, 90, 95, 100]","[8, 5, 5, 7, 3, 4, 2, 5, 9, 7, 11, 9, 4, 11, 8, 7, 807, 19, 19, 663]","[0.0049597024178549285, 0.008059516429014259, 0.011159330440173589, 0.015499070055796652, 0.01735895846249225, 0.019838809671419714, 0.021078735275883446, 0.02417854928704278, 0.029758214507129573, 0.034097954122752634, 0.04091754494730316, 0.04649721016738995, 0.048977061376317424, 0.05579665220086795, 0.06075635461872288, 0.06509609423434594, 0.5654060756354619, 0.5771853688778673, 0.5889646621202728, 1.0]",4.0,2.0,2.0,2.0,2.0,10,-3.9634800000000006,8.0,0.0,hrl_dqn_apf,hierarchical,dqn,10.175,9.757,-5.143,0.00,0.00,0.00,0.928,9.985,-1.404,0.00,0.00,0.00,7.822,7.078,-1.636,0.00,0.00,0.00,3.423,3.423,3.423
2026-02-04 17:29:10,262.90,35,392,427,8.20%,122.40,2.17%,"[0, 5, 10, 15, 20, 25, 30, 35, 40, 45, 50, 55, 60, 65, 70, 75, 80, 85, 90, 95, 100]","[7, 7, 6, 7, 3, 5, 2, 3, 10, 7, 10, 9, 4, 10, 8, 6, 807, 21, 17, 664]","[0.0043397396156230625, 0.008679479231246125, 0.012399256044637322, 0.016738995660260384, 0.018598884066955982, 0.02169869807811531, 0.022938623682579044, 0.024798512089274645, 0.030998140111593304, 0.035337879727216366, 0.041537507749535026, 0.047117172969621826, 0.04959702417854929, 0.05579665220086795, 0.06075635461872288, 0.06447613143211407, 0.56478611283323, 0.5778053316800992, 0.5883446993180409, 1.0]",4.0,2.0,2.0,2.0,2.0,10,-3.9634800000000006,8.0,0.0,hrl_dqn_apf,hierarchical,dqn,10.175,9.753,-4.388,0.00,0.00,0.00,1.651,9.983,-1.362,0.00,0.00,0.00,7.257,7.097,-1.839,0.00,0.00,0.00,3.420,3.420,3.420
2026-02-04 17:29:11,263.90,34,393,427,7.96%,122.52,2.11%,"[0, 5, 10, 15, 20, 25, 30, 35, 40, 45, 50, 55, 60, 65, 70, 75, 80, 85, 90, 95, 100]","[9, 7, 4, 8, 3, 3, 3, 4, 7, 7, 12, 8, 5, 10, 7, 5, 809, 21, 17, 664]","[0.005579665220086794, 0.009919404835709857, 0.012399256044637322, 0.01735895846249225, 0.019218846869187848, 0.021078735275883446, 0.022938623682579044, 0.02541847489150651, 0.029758214507129573, 0.034097954122752634, 0.041537507749535026, 0.04649721016738995, 0.04959702417854929, 0.05579665220086795, 0.06013639181649101, 0.06323620582765034, 0.56478611283323, 0.5778053316800992, 0.5883446993180409, 1.0]",4.0,2.0,2.0,2.0,2.0,9,20.19692,8.0,-6.0,hrl_dqn_apf,hierarchical,dqn,10.213,9.908,-3.711,0.00,0.00,0.00,2.402,9.979,-1.350,0.00,0.00,0.00,6.558,7.022,-1.886,0.00,0.00,0.00,3.417,3.417,3.417
2026-02-04 17:29:12,264.90,32,395,427,7.49%,122.72,1.98%,"[0, 5, 10, 15, 20, 25, 30, 35, 40, 45, 50, 55, 60, 65, 70, 75, 80, 85, 90, 95, 100]","[7, 6, 5, 8, 3, 3, 4, 4, 7, 7, 12, 8, 6, 8, 8, 7, 802, 23, 17, 668]","[0.0043397396156230625, 0.008059516429014259, 0.011159330440173589, 0.016119032858028518, 0.017978921264724116, 0.019838809671419714, 0.022318660880347178, 0.024798512089274645, 0.029138251704897707, 0.03347799132052077, 0.04091754494730316, 0.04587724736515809, 0.04959702417854929, 0.05455672659640422, 0.059516429014259145, 0.0638561686298822, 0.5610663360198388, 0.5753254804711717, 0.5858648481091134, 1.0]",4.0,2.0,2.0,2.0,2.0,9,20.19692,8.0,-6.0,hrl_dqn_apf,hierarchical,dqn,11.135,10.179,-3.789,0.00,0.00,0.00,3.598,10.057,-1.009,0.00,0.00,0.00,5.231,6.837,-1.403,0.00,0.00,0.00,3.414,3.414,3.414
2026-02-04 17:29:13,265.90,34,394,428,7.94%,122.79,2.11%,"[0, 5, 10, 15, 20, 25, 30, 35, 40, 45, 50, 55, 60, 65, 70, 75, 80, 85, 90, 95, 100]","[6, 7, 7, 5, 6, 3, 4, 2, 9, 6, 12, 8, 7, 8, 6, 7, 803, 22, 18, 667]","[0.0037197768133911966, 0.008059516429014259, 0.012399256044637322, 0.015499070055796652, 0.019218846869187848, 0.021078735275883446, 0.023558586484810913, 0.024798512089274645, 0.03037817730936144, 0.034097954122752634, 0.041537507749535026, 0.04649721016738995, 0.05083694978301302, 0.05579665220086795, 0.059516429014259145, 0.0638561686298822, 0.5616862988220707, 0.5753254804711717, 0.5864848109113453, 1.0]",4.0,2.0,2.0,2.0,2.0,20,-3.6426599999999993,8.0,12.0,hrl_dqn_apf,hierarchical,dqn,11.626,9.808,-3.834,0.00,0.00,0.00,3.506,10.421,-0.565,0.00,0.00,0.00,4.871,6.705,-1.341,0.00,0.00,0.00,3.411,3.411,3.411
2026-02-04 17:29:14,266.91,36,390,426,8.45%,122.91,2.23%,"[0, 5, 10, 15, 20, 25, 30, 35, 40, 45, 50, 55, 60, 65, 70, 75, 80, 85, 90, 95, 100]","[8, 6, 7, 6, 6, 3, 4, 2, 9, 4, 12, 8, 8, 6, 8, 7, 802, 17, 21, 669]","[0.0049597024178549285, 0.008679479231246125, 0.013019218846869188, 0.016738995660260384, 0.02045877247365158, 0.022318660880347178, 0.024798512089274645, 0.026038437693738377, 0.03161810291382517, 0.034097954122752634, 0.041537507749535026, 0.04649721016738995, 0.05145691258524489, 0.05517668939863608, 0.06013639181649101, 0.06447613143211407, 0.5616862988220707, 0.5722256664600124, 0.5852448853068816, 1.0]",4.0,2.0,2.0,2.0,2.0,20,-3.48245,8.0,12.0,hrl_dqn_apf,hierarchical,dqn,11.919,9.706,-3.848,0.00,0.00,0.00,2.973,10.787,-0.308,0.00,0.00,0.00,5.228,6.397,-1.414,0.00,0.00,0.00,3.408,3.408,3.408
2026-02-04 17:29:15,267.91,35,389,424,8.25%,123.09,2.17%,"[0, 5, 10, 15, 20, 25, 30, 35, 40, 45, 50, 55, 60, 65, 70, 75, 80, 85, 90, 95, 100]","[7, 7, 7, 5, 6, 3, 5, 2, 8, 5, 12, 8, 8, 6, 8, 7, 803, 15, 23, 668]","[0.0043397396156230625, 0.008679479231246125, 0.013019218846869188, 0.016119032858028518, 0.019838809671419714, 0.02169869807811531, 0.024798512089274645, 0.026038437693738377, 0.030998140111593304, 0.034097954122752634, 0.041537507749535026, 0.04649721016738995, 0.05145691258524489, 0.05517668939863608, 0.06013639181649101, 0.06447613143211407, 0.5623062616243025, 0.5716057036577805, 0.5858648481091134, 1.0]",4.0,2.0,2.0,2.0,2.0,20,-3.48245,8.0,12.0,hrl_dqn_apf,hierarchical,dqn,12.394,9.774,-3.852,0.00,0.00,0.00,2.367,10.863,-0.000,0.00,0.00,0.00,5.781,6.190,-1.625,0.00,0.00,0.00,3.405,3.405,3.405
2026-02-04 17:29:16,268.91,36,388,424,8.49%,123.40,2.23%,"[0, 5, 10, 15, 20, 25, 30, 35, 40, 45, 50, 55, 60, 65, 70, 75, 80, 85, 90, 95, 100]","[7, 7, 7, 5, 7, 3, 4, 2, 8, 4, 14, 9, 7, 7, 6, 6, 795, 20, 25, 670]","[0.0043397396156230625, 0.008679479231246125, 0.013019218846869188, 0.016119032858028518, 0.02045877247365158, 0.022318660880347178, 0.024798512089274645, 0.026038437693738377, 0.030998140111593304, 0.03347799132052077, 0.04215747055176689, 0.04773713577185369, 0.052076875387476754, 0.056416615003099815, 0.06013639181649101, 0.0638561686298822, 0.5567265964042157, 0.569125852448853, 0.5846249225046497, 1.0]",4.0,2.0,2.0,2.0,2.0,7,8.67817,8.0,-6.0,hrl_dqn_apf,hierarchical,dqn,11.620,9.865,-3.853,0.00,0.00,0.00,1.972,10.023,0.210,0.00,0.00,0.00,6.159,6.289,-0.726,0.00,0.00,0.00,3.402,3.402,3.402
2026-02-04 17:29:17,269.91,35,383,418,8.37%,123.55,2.17%,"[0, 5, 10, 15, 20, 25, 30, 35, 40, 45, 50, 55, 60, 65, 70, 75, 80, 85, 90, 95, 100]","[7, 6, 6, 5, 8, 3, 3, 4, 9, 4, 13, 9, 7, 8, 5, 6, 796, 17, 25, 672]","[0.0043397396156230625, 0.008059516429014259, 0.011779293242405457, 0.014879107253564786, 0.019838809671419714, 0.02169869807811531, 0.023558586484810913, 0.026038437693738377, 0.03161810291382517, 0.034097954122752634, 0.04215747055176689, 0.04773713577185369, 0.052076875387476754, 0.05703657780533168, 0.06013639181649101, 0.0638561686298822, 0.5573465592064476, 0.5678859268443893, 0.583384996900186, 1.0]",4.0,2.0,2.0,2.0,2.0,21,2.83821,8.0,12.0,hrl_dqn_apf,hierarchical,dqn,10.907,9.863,-3.854,0.00,0.00,0.00,1.942,9.613,0.226,0.00,0.00,0.00,6.187,6.290,-0.005,0.00,0.00,0.00,3.399,3.399,3.399
2026-02-04 17:29:18,270.91,37,387,424,8.73%,123.69,2.29%,"[0, 5, 10, 15, 20, 25, 30, 35, 40, 45, 50, 55, 60, 65, 70, 75, 80, 85, 90, 95, 100]","[8, 5, 7, 6, 5, 6, 3, 4, 8, 3, 12, 10, 6, 9, 5, 5, 795, 19, 24, 673]","[0.0049597024178549285, 0.008059516429014259, 0.012399256044637322, 0.016119032858028518, 0.019218846869187848, 0.022938623682579044, 0.024798512089274645, 0.02727836329820211, 0.032238065716057036, 0.034097954122752634, 0.041537507749535026, 0.04773713577185369, 0.05145691258524489, 0.05703657780533168, 0.06013639181649101, 0.06323620582765034, 0.5561066336019839, 0.5678859268443893, 0.5827650340979541, 1.0]",4.0,2.0,2.0,2.0,2.0,21,2.83821,8.0,12.0,hrl_dqn_apf,hierarchical,dqn,10.156,9.860,-3.854,0.00,0.00,0.00,1.934,9.517,0.355,0.00,0.00,0.00,6.196,6.395,0.552,0.00,0.00,0.00,3.396,3.396,3.396
2026-02-04 17:29:19,271.92,37,389,426,8.69%,123.85,2.29%,"[0, 5, 10, 15, 20, 25, 30, 35, 40, 45, 50, 55, 60, 65, 70, 75, 80, 85, 90, 95, 100]","[9, 5, 6, 6, 6, 5, 3, 4, 6, 5, 11, 10, 6, 10, 5, 5, 795, 18, 21, 677]","[0.005579665220086794, 0.008679479231246125, 0.012399256044637322, 0.016119032858028518, 0.019838809671419714, 0.022938623682579044, 0.024798512089274645, 0.02727836329820211, 0.030998140111593304, 0.034097954122752634, 0.04091754494730316, 0.047117172969621826, 0.05083694978301302, 0.05703657780533168, 0.06013639181649101, 0.06323620582765034, 0.5561066336019839, 0.5672659640421575, 0.5802851828890266, 1.0]",4.0,2.0,2.0,2.0,2.0,7,8.91827,8.0,-6.0,hrl_dqn_apf,hierarchical,dqn,9.449,9.896,-3.904,0.00,0.00,0.00,1.931,9.542,0.883,0.00,0.00,0.00,6.199,6.465,0.313,0.00,0.00,0.00,3.393,3.393,3.393
2026-02-04 17:29:20,272.92,36,390,426,8.45%,124.14,2.23%,"[0, 5, 10, 15, 20, 25, 30, 35, 40, 45, 50, 55, 60, 65, 70, 75, 80, 85, 90, 95, 100]","[10, 3, 6, 8, 4, 5, 3, 5, 6, 4, 9, 11, 8, 9, 6, 4, 790, 15, 26, 681]","[0.006199628022318661, 0.008059516429014259, 0.011779293242405457, 0.016738995660260384, 0.019218846869187848, 0.022318660880347178, 0.02417854928704278, 0.02727836329820211, 0.030998140111593304, 0.03347799132052077, 0.03905765654060756, 0.04587724736515809, 0.05083694978301302, 0.056416615003099815, 0.06013639181649101, 0.06261624302541847, 0.5523868567885927, 0.5616862988220707, 0.5778053316800992, 1.0]",4.0,2.0,2.0,2.0,2.0,19,21.0781,8.0,6.0,hrl_dqn_apf,hierarchical,dqn,9.382,10.033,-4.677,0.00,0.00,0.00,1.932,9.544,2.323,0.00,0.00,0.00,6.200,6.467,-1.017,0.00,0.00,0.00,3.390,3.390,3.390
2026-02-04 17:29:21,273.92,35,393,428,8.18%,124.35,2.17%,"[0, 5, 10, 15, 20, 25, 30, 35, 40, 45, 50, 55, 60, 65, 70, 75, 80, 85, 90, 95, 100]","[9, 4, 6, 6, 5, 5, 3, 4, 6, 6, 8, 12, 8, 9, 6, 4, 790, 15, 24, 683]","[0.005579665220086794, 0.008059516429014259, 0.011779293242405457, 0.015499070055796652, 0.018598884066955982, 0.02169869807811531, 0.023558586484810913, 0.026038437693738377, 0.029758214507129573, 0.03347799132052077, 0.038437693738375696, 0.04587724736515809, 0.05083694978301302, 0.056416615003099815, 0.06013639181649101, 0.06261624302541847, 0.5523868567885927, 0.5616862988220707, 0.5765654060756354, 1.0]",4.0,2.0,2.0,2.0,2.0,19,21.0781,8.0,6.0,hrl_dqn_apf,hierarchical,dqn,9.988,10.040,-4.787,0.00,0.00,0.00,1.933,9.690,2.641,0.00,0.00,0.00,6.200,6.463,-1.766,0.00,0.00,0.00,3.387,3.387,3.387
2026-02-04 17:29:22,274.92,34,393,427,7.96%,124.47,2.11%,"[0, 5, 10, 15, 20, 25, 30, 35, 40, 45, 50, 55, 60, 65, 70, 75, 80, 85, 90, 95, 100]","[9, 3, 5, 6, 6, 5, 3, 4, 8, 5, 9, 11, 8, 9, 8, 3, 790, 16, 19, 686]","[0.005579665220086794, 0.007439553626782393, 0.010539367637941723, 0.01425914445133292, 0.017978921264724116, 0.021078735275883446, 0.022938623682579044, 0.02541847489150651, 0.03037817730936144, 0.03347799132052077, 0.03905765654060756, 0.04587724736515809, 0.05083694978301302, 0.056416615003099815, 0.06137631742095474, 0.06323620582765034, 0.5530068195908245, 0.5629262244265344, 0.5747055176689398, 1.0]",4.0,2.0,2.0,2.0,2.0,1,3.238759999999999,8.0,-12.0,hrl_dqn_apf,hierarchical,dqn,10.591,9.771,-4.822,0.00,0.00,0.00,1.933,9.724,2.237,0.00,0.00,0.00,6.200,6.460,-2.526,0.00,0.00,0.00,3.384,3.384,3.384
2026-02-04 17:29:23,275.92,35,392,427,8.20%,124.56,2.17%,"[0, 5, 10, 15, 20, 25, 30, 35, 40, 45, 50, 55, 60, 65, 70, 75, 80, 85, 90, 95, 100]","[8, 5, 4, 7, 5, 6, 4, 3, 8, 5, 10, 10, 9, 8, 8, 3, 784, 20, 21, 685]","[0.0049597024178549285, 0.008059516429014259, 0.010539367637941723, 0.014879107253564786, 0.017978921264724116, 0.02169869807811531, 0.02417854928704278, 0.026038437693738377, 0.030998140111593304, 0.034097954122752634, 0.040297582145071294, 0.04649721016738995, 0.052076875387476754, 0.05703657780533168, 0.06199628022318661, 0.0638561686298822, 0.5499070055796652, 0.5623062616243025, 0.5753254804711717, 1.0]",4.0,2.0,2.0,2.0,2.0,12,9.39901,8.0,0.0,hrl_dqn_apf,hierarchical,dqn,10.821,9.575,-4.779,0.00,0.00,0.00,1.933,9.725,1.578,0.00,0.00,0.00,6.231,6.487,-3.254,0.00,0.00,0.00,3.381,3.381,3.381
2026-02-04 17:29:24,276.93,35,394,429,8.16%,124.88,2.17%,"[0, 5, 10, 15, 20, 25, 30, 35, 40, 45, 50, 55, 60, 65, 70, 75, 80, 85, 90, 95, 100]","[9, 5, 3, 6, 7, 5, 5, 3, 8, 3, 11, 9, 9, 9, 9, 3, 779, 23, 21, 686]","[0.005579665220086794, 0.008679479231246125, 0.010539367637941723, 0.01425914445133292, 0.018598884066955982, 0.02169869807811531, 0.024798512089274645, 0.026658400495970243, 0.03161810291382517, 0.03347799132052077, 0.040297582145071294, 0.04587724736515809, 0.05145691258524489, 0.05703657780533168, 0.06261624302541847, 0.06447613143211407, 0.5474271543707377, 0.5616862988220707, 0.5747055176689398, 1.0]",4.0,2.0,2.0,2.0,2.0,12,9.39901,8.0,0.0,hrl_dqn_apf,hierarchical,dqn,10.908,9.614,-3.657,0.00,0.00,0.00,1.931,9.719,0.090,0.00,0.00,0.00,7.005,6.630,-3.415,0.00,0.00,0.00,3.378,3.378,3.378
2026-02-04 17:29:25,277.93,35,392,427,8.20%,125.00,2.17%,"[0, 5, 10, 15, 20, 25, 30, 35, 40, 45, 50, 55, 60, 65, 70, 75, 80, 85, 90, 95, 100]","[9, 4, 4, 6, 8, 4, 5, 3, 9, 3, 10, 7, 11, 9, 9, 3, 775, 25, 16, 693]","[0.005579665220086794, 0.008059516429014259, 0.010539367637941723, 0.01425914445133292, 0.019218846869187848, 0.02169869807811531, 0.024798512089274645, 0.026658400495970243, 0.032238065716057036, 0.034097954122752634, 0.040297582145071294, 0.044637321760694355, 0.05145691258524489, 0.05703657780533168, 0.06261624302541847, 0.06447613143211407, 0.5449473031618103, 0.5604463732176069, 0.5703657780533168, 1.0]",4.0,2.0,2.0,2.0,2.0,23,15.55952,8.0,12.0,hrl_dqn_apf,hierarchical,dqn,10.914,9.613,-2.919,0.00,0.00,0.00,1.930,9.716,-0.671,0.00,0.00,0.00,7.128,6.640,-2.824,0.00,0.00,0.00,3.375,3.375,3.375
2026-02-04 17:29:26,278.93,34,393,427,7.96%,125.15,2.11%,"[0, 5, 10, 15, 20, 25, 30, 35, 40, 45, 50, 55, 60, 65, 70, 75, 80, 85, 90, 95, 100]","[10, 4, 3, 6, 6, 5, 5, 4, 7, 3, 12, 7, 10, 10, 8, 4, 773, 24, 17, 695]","[0.006199628022318661, 0.008679479231246125, 0.010539367637941723, 0.01425914445133292, 0.017978921264724116, 0.021078735275883446, 0.02417854928704278, 0.026658400495970243, 0.030998140111593304, 0.0328580285182889, 0.040297582145071294, 0.044637321760694355, 0.05083694978301302, 0.05703657780533168, 0.06199628022318661, 0.06447613143211407, 0.5437073775573465, 0.5585864848109113, 0.569125852448853, 1.0]",4.0,2.0,2.0,2.0,2.0,22,9.71932,8.0,12.0,hrl_dqn_apf,hierarchical,dqn,10.916,9.611,-2.145,0.00,0.00,0.00,1.929,9.835,-1.196,0.00,0.00,0.00,7.166,6.638,-2.092,0.00,0.00,0.00,3.372,3.372,3.372
2026-02-04 17:29:27,279.93,34,394,428,7.94%,125.28,2.11%,"[0, 5, 10, 15, 20, 25, 30, 35, 40, 45, 50, 55, 60, 65, 70, 75, 80, 85, 90, 95, 100]","[10, 4, 4, 5, 6, 5, 5, 3, 8, 5, 11, 7, 9, 10, 9, 4, 773, 23, 18, 694]","[0.006199628022318661, 0.008679479231246125, 0.011159330440173589, 0.01425914445133292, 0.017978921264724116, 0.021078735275883446, 0.02417854928704278, 0.026038437693738377, 0.030998140111593304, 0.034097954122752634, 0.04091754494730316, 0.04525728456292622, 0.05083694978301302, 0.05703657780533168, 0.06261624302541847, 0.06509609423434594, 0.5443273403595784, 0.5585864848109113, 0.5697458152510849, 1.0]",4.0,2.0,2.0,2.0,2.0,22,9.71932,8.0,12.0,hrl_dqn_apf,hierarchical,dqn,10.976,9.769,-1.445,0.00,0.00,0.00,1.928,9.894,-0.909,0.00,0.00,0.00,7.145,6.567,-1.378,0.00,0.00,0.00,3.369,3.369,3.369
2026-02-04 17:29:28,280.94,33,391,424,7.78%,125.59,2.05%,"[0, 5, 10, 15, 20, 25, 30, 35, 40, 45, 50, 55, 60, 65, 70, 75, 80, 85, 90, 95, 100]","[10, 4, 5, 2, 7, 5, 5, 4, 7, 5, 10, 9, 9, 10, 8, 6, 773, 15, 25, 694]","[0.006199628022318661, 0.008679479231246125, 0.011779293242405457, 0.013019218846869188, 0.01735895846249225, 0.02045877247365158, 0.023558586484810913, 0.026038437693738377, 0.03037817730936144, 0.03347799132052077, 0.03967761934283943, 0.04525728456292622, 0.05083694978301302, 0.05703657780533168, 0.06199628022318661, 0.0657160570365778, 0.5449473031618103, 0.5542467451952883, 0.5697458152510849, 1.0]",4.0,2.0,2.0,2.0,2.0,16,3.87965,8.0,6.0,hrl_dqn_apf,hierarchical,dqn,11.750,10.039,-0.682,0.00,0.00,0.00,1.929,9.894,0.443,0.00,0.00,0.00,6.379,6.435,-0.594,0.00,0.00,0.00,3.366,3.366,3.366
2026-02-04 17:29:29,281.94,33,391,424,7.78%,125.69,2.05%,"[0, 5, 10, 15, 20, 25, 30, 35, 40, 45, 50, 55, 60, 65, 70, 75, 80, 85, 90, 95, 100]","[10, 3, 5, 3, 7, 5, 6, 5, 7, 5, 10, 9, 7, 10, 8, 7, 767, 21, 25, 693]","[0.006199628022318661, 0.008059516429014259, 0.011159330440173589, 0.013019218846869188, 0.01735895846249225, 0.02045877247365158, 0.02417854928704278, 0.02727836329820211, 0.03161810291382517, 0.0347179169249845, 0.04091754494730316, 0.04649721016738995, 0.05083694978301302, 0.05703657780533168, 0.06199628022318661, 0.06633601983880967, 0.541847489150651, 0.5548667079975201, 0.5703657780533168, 1.0]",4.0,2.0,2.0,2.0,2.0,7,10.04011,8.0,-6.0,hrl_dqn_apf,hierarchical,dqn,11.866,9.658,-0.248,0.00,0.00,0.00,1.930,9.891,1.193,0.00,0.00,0.00,6.260,6.443,0.062,0.00,0.00,0.00,3.363,3.363,3.363
2026-02-04 17:29:30,282.94,34,390,424,8.02%,125.82,2.11%,"[0, 5, 10, 15, 20, 25, 30, 35, 40, 45, 50, 55, 60, 65, 70, 75, 80, 85, 90, 95, 100]","[11, 4, 2, 4, 6, 7, 5, 4, 7, 6, 10, 8, 8, 10, 8, 8, 767, 18, 25, 695]","[0.006819590824550527, 0.009299442033477991, 0.010539367637941723, 0.013019218846869188, 0.016738995660260384, 0.021078735275883446, 0.02417854928704278, 0.026658400495970243, 0.030998140111593304, 0.0347179169249845, 0.04091754494730316, 0.04587724736515809, 0.05083694978301302, 0.05703657780533168, 0.06199628022318661, 0.06695598264104154, 0.5424674519528828, 0.5536267823930564, 0.569125852448853, 1.0]",4.0,2.0,2.0,2.0,2.0,7,10.04011,8.0,-6.0,hrl_dqn_apf,hierarchical,dqn,11.900,9.597,-0.247,0.00,0.00,0.00,2.056,9.949,1.830,0.00,0.00,0.00,6.224,6.442,0.797,0.00,0.00,0.00,3.360,3.360,3.360
2026-02-04 17:29:31,283.94,35,387,422,8.29%,125.96,2.17%,"[0, 5, 10, 15, 20, 25, 30, 35, 40, 45, 50, 55, 60, 65, 70, 75, 80, 85, 90, 95, 100]","[12, 5, 2, 3, 7, 6, 4, 5, 7, 4, 11, 9, 6, 11, 9, 6, 768, 14, 26, 698]","[0.007439553626782393, 0.010539367637941723, 0.011779293242405457, 0.013639181649101054, 0.017978921264724116, 0.02169869807811531, 0.02417854928704278, 0.02727836329820211, 0.03161810291382517, 0.034097954122752634, 0.04091754494730316, 0.04649721016738995, 0.050216986980781156, 0.05703657780533168, 0.06261624302541847, 0.06633601983880967, 0.5424674519528828, 0.5511469311841289, 0.5672659640421575, 1.0]",4.0,2.0,2.0,2.0,2.0,13,16.20036,8.0,0.0,hrl_dqn_apf,hierarchical,dqn,11.910,9.623,-0.745,0.00,0.00,0.00,2.584,9.976,2.073,0.00,0.00,0.00,6.212,6.439,1.549,0.00,0.00,0.00,3.357,3.357,3.357
2026-02-04 17:29:32,284.94,36,390,426,8.45%,126.21,2.23%,"[0, 5, 10, 15, 20, 25, 30, 35, 40, 45, 50, 55, 60, 65, 70, 75, 80, 85, 90, 95, 100]","[13, 6, 1, 5, 5, 6, 4, 6, 5, 4, 12, 9, 6, 10, 9, 6, 768, 15, 21, 702]","[0.008059516429014259, 0.011779293242405457, 0.012399256044637322, 0.015499070055796652, 0.018598884066955982, 0.022318660880347178, 0.024798512089274645, 0.02851828890266584, 0.03161810291382517, 0.034097954122752634, 0.041537507749535026, 0.047117172969621826, 0.05083694978301302, 0.05703657780533168, 0.06261624302541847, 0.06633601983880967, 0.5424674519528828, 0.5517668939863608, 0.56478611283323, 1.0]",4.0,2.0,2.0,2.0,2.0,16,4.360709999999999,8.0,6.0,hrl_dqn_apf,hierarchical,dqn,11.914,9.624,-2.174,0.00,0.00,0.00,4.023,9.973,2.171,0.00,0.00,0.00,6.208,6.434,3.070,0.00,0.00,0.00,3.354,3.354,3.354
2026-02-04 17:29:33,285.94,35,389,424,8.25%,126.32,2.17%,"[0, 5, 10, 15, 20, 25, 30, 35, 40, 45, 50, 55, 60, 65, 70, 75, 80, 85, 90, 95, 100]","[12, 7, 2, 4, 2, 8, 5, 5, 6, 4, 11, 8, 8, 9, 9, 6, 769, 15, 20, 703]","[0.007439553626782393, 0.011779293242405457, 0.013019218846869188, 0.015499070055796652, 0.016738995660260384, 0.02169869807811531, 0.024798512089274645, 0.027898326100433975, 0.03161810291382517, 0.034097954122752634, 0.04091754494730316, 0.04587724736515809, 0.05083694978301302, 0.056416615003099815, 0.06199628022318661, 0.0657160570365778, 0.5424674519528828, 0.5517668939863608, 0.5641661500309981, 1.0]",4.0,2.0,2.0,2.0,2.0,16,4.360709999999999,8.0,6.0,hrl_dqn_apf,hierarchical,dqn,11.914,9.621,-2.932,0.00,0.00,0.00,4.310,10.415,2.163,0.00,0.00,0.00,6.332,6.225,3.646,0.00,0.00,0.00,3.351,3.351,3.351
2026-02-04 17:29:34,286.95,34,390,424,8.02%,126.47,2.11%,"[0, 5, 10, 15, 20, 25, 30, 35, 40, 45, 50, 55, 60, 65, 70, 75, 80, 85, 90, 95, 100]","[10, 8, 3, 3, 3, 7, 5, 6, 6, 4, 11, 8, 8, 8, 9, 6, 769, 16, 19, 704]","[0.006199628022318661, 0.011159330440173589, 0.013019218846869188, 0.014879107253564786, 0.016738995660260384, 0.021078735275883446, 0.02417854928704278, 0.027898326100433975, 0.03161810291382517, 0.034097954122752634, 0.04091754494730316, 0.04587724736515809, 0.05083694978301302, 0.05579665220086795, 0.06137631742095474, 0.06509609423434594, 0.541847489150651, 0.5517668939863608, 0.5635461872287663, 1.0]",4.0,2.0,2.0,2.0,2.0,16,4.44107,8.0,6.0,hrl_dqn_apf,hierarchical,dqn,11.914,9.743,-3.426,0.00,0.00,0.00,4.025,10.264,2.138,0.00,0.00,0.00,6.316,6.161,3.932,0.00,0.00,0.00,3.348,3.348,3.348
2026-02-04 17:29:35,287.95,34,394,428,7.94%,126.62,2.11%,"[0, 5, 10, 15, 20, 25, 30, 35, 40, 45, 50, 55, 60, 65, 70, 75, 80, 85, 90, 95, 100]","[7, 10, 5, 1, 3, 8, 6, 5, 6, 4, 12, 8, 7, 9, 9, 6, 766, 14, 21, 706]","[0.0043397396156230625, 0.010539367637941723, 0.013639181649101054, 0.01425914445133292, 0.016119032858028518, 0.021078735275883446, 0.024798512089274645, 0.027898326100433975, 0.03161810291382517, 0.034097954122752634, 0.041537507749535026, 0.04649721016738995, 0.05083694978301302, 0.056416615003099815, 0.06199628022318661, 0.0657160570365778, 0.5406075635461872, 0.5492870427774333, 0.5623062616243025, 1.0]",4.0,2.0,2.0,2.0,2.0,1,4.601179999999999,8.0,-12.0,hrl_dqn_apf,hierarchical,dqn,11.914,9.800,-3.130,0.00,0.00,0.00,3.886,9.834,2.127,0.00,0.00,0.00,6.309,6.175,4.486,0.00,0.00,0.00,3.345,3.345,3.345
2026-02-04 17:29:36,288.95,34,393,427,7.96%,126.85,2.11%,"[0, 5, 10, 15, 20, 25, 30, 35, 40, 45, 50, 55, 60, 65, 70, 75, 80, 85, 90, 95, 100]","[7, 11, 6, 0, 4, 6, 6, 5, 8, 2, 12, 8, 7, 8, 10, 7, 761, 18, 17, 710]","[0.0043397396156230625, 0.011159330440173589, 0.014879107253564786, 0.014879107253564786, 0.01735895846249225, 0.021078735275883446, 0.024798512089274645, 0.027898326100433975, 0.0328580285182889, 0.034097954122752634, 0.041537507749535026, 0.04649721016738995, 0.05083694978301302, 0.05579665220086795, 0.06199628022318661, 0.06633601983880967, 0.5381277123372598, 0.5492870427774333, 0.5598264104153751, 1.0]",4.0,2.0,2.0,2.0,2.0,1,4.601179999999999,8.0,-12.0,hrl_dqn_apf,hierarchical,dqn,11.914,9.799,-1.758,0.00,0.00,0.00,3.829,9.546,1.749,0.00,0.00,0.00,5.982,6.253,5.637,0.00,0.00,0.00,3.342,3.342,3.342
2026-02-04 17:29:37,289.95,33,394,427,7.73%,127.01,2.05%,"[0, 5, 10, 15, 20, 25, 30, 35, 40, 45, 50, 55, 60, 65, 70, 75, 80, 85, 90, 95, 100]","[5, 12, 5, 2, 4, 5, 6, 4, 10, 2, 10, 11, 7, 8, 9, 7, 757, 22, 18, 709]","[0.0030998140111593306, 0.010539367637941723, 0.013639181649101054, 0.014879107253564786, 0.01735895846249225, 0.02045877247365158, 0.02417854928704278, 0.026658400495970243, 0.0328580285182889, 0.034097954122752634, 0.040297582145071294, 0.047117172969621826, 0.05145691258524489, 0.056416615003099815, 0.06199628022318661, 0.06633601983880967, 0.5356478611283323, 0.5492870427774333, 0.5604463732176069, 1.0]",4.0,2.0,2.0,2.0,2.0,9,22.76146,8.0,-6.0,hrl_dqn_apf,hierarchical,dqn,11.914,9.796,-1.005,0.00,0.00,0.00,3.825,9.553,1.104,0.00,0.00,0.00,5.765,6.361,5.773,0.00,0.00,0.00,3.339,3.339,3.339
2026-02-04 17:29:38,290.96,33,400,433,7.62%,127.14,2.05%,"[0, 5, 10, 15, 20, 25, 30, 35, 40, 45, 50, 55, 60, 65, 70, 75, 80, 85, 90, 95, 100]","[6, 10, 7, 3, 4, 3, 6, 6, 9, 3, 10, 9, 8, 8, 8, 7, 756, 23, 18, 709]","[0.0037197768133911966, 0.009919404835709857, 0.01425914445133292, 0.016119032858028518, 0.018598884066955982, 0.02045877247365158, 0.02417854928704278, 0.027898326100433975, 0.03347799132052077, 0.035337879727216366, 0.041537507749535026, 0.047117172969621826, 0.052076875387476754, 0.05703657780533168, 0.06199628022318661, 0.06633601983880967, 0.5350278983261004, 0.5492870427774333, 0.5604463732176069, 1.0]",4.0,2.0,2.0,2.0,2.0,3,16.92181,8.0,-12.0,hrl_dqn_apf,hierarchical,dqn,11.914,9.921,-0.529,0.00,0.00,0.00,3.823,9.553,0.374,0.00,0.00,0.00,6.196,6.390,5.815,0.00,0.00,0.00,3.336,3.336,3.336
2026-02-04 17:29:39,291.96,33,394,427,7.73%,127.33,2.05%,"[0, 5, 10, 15, 20, 25, 30, 35, 40, 45, 50, 55, 60, 65, 70, 75, 80, 85, 90, 95, 100]","[8, 7, 9, 3, 3, 3, 6, 5, 10, 3, 10, 9, 7, 9, 8, 5, 755, 24, 18, 711]","[0.0049597024178549285, 0.009299442033477991, 0.014879107253564786, 0.016738995660260384, 0.018598884066955982, 0.02045877247365158, 0.02417854928704278, 0.02727836329820211, 0.03347799132052077, 0.035337879727216366, 0.041537507749535026, 0.047117172969621826, 0.05145691258524489, 0.05703657780533168, 0.06199628022318661, 0.06509609423434594, 0.5331680099194048, 0.5480471171729696, 0.5592064476131432, 1.0]",4.0,2.0,2.0,2.0,2.0,3,16.92181,8.0,-12.0,hrl_dqn_apf,hierarchical,dqn,11.914,9.974,-0.839,0.00,0.00,0.00,3.822,9.550,-0.378,0.00,0.00,0.00,6.703,6.399,5.830,0.00,0.00,0.00,3.333,3.333,3.333
2026-02-04 17:29:40,292.96,32,395,427,7.49%,127.71,1.98%,"[0, 5, 10, 15, 20, 25, 30, 35, 40, 45, 50, 55, 60, 65, 70, 75, 80, 85, 90, 95, 100]","[9, 4, 10, 6, 1, 2, 6, 5, 9, 4, 10, 10, 7, 8, 7, 6, 752, 25, 17, 715]","[0.005579665220086794, 0.008059516429014259, 0.01425914445133292, 0.017978921264724116, 0.018598884066955982, 0.019838809671419714, 0.023558586484810913, 0.026658400495970243, 0.032238065716057036, 0.0347179169249845, 0.04091754494730316, 0.047117172969621826, 0.05145691258524489, 0.056416615003099815, 0.06075635461872288, 0.06447613143211407, 0.5306881587104774, 0.546187228766274, 0.5567265964042157, 1.0]",4.0,2.0,2.0,2.0,2.0,16,5.08188,8.0,6.0,hrl_dqn_apf,hierarchical,dqn,11.914,9.974,-2.197,0.00,0.00,0.00,3.820,9.715,-1.168,0.00,0.00,0.00,7.793,6.419,5.828,0.00,0.00,0.00,3.330,3.330,3.330
2026-02-04 17:29:41,293.96,33,394,427,7.73%,127.90,2.05%,"[0, 5, 10, 15, 20, 25, 30, 35, 40, 45, 50, 55, 60, 65, 70, 75, 80, 85, 90, 95, 100]","[10, 3, 10, 6, 0, 4, 6, 5, 7, 5, 9, 9, 7, 10, 6, 7, 752, 21, 21, 715]","[0.006199628022318661, 0.008059516429014259, 0.01425914445133292, 0.017978921264724116, 0.017978921264724116, 0.02045877247365158, 0.02417854928704278, 0.02727836329820211, 0.03161810291382517, 0.0347179169249845, 0.040297582145071294, 0.04587724736515809, 0.050216986980781156, 0.056416615003099815, 0.06013639181649101, 0.06447613143211407, 0.5306881587104774, 0.5437073775573465, 0.5567265964042157, 1.0]",4.0,2.0,2.0,2.0,2.0,16,5.08188,8.0,6.0,hrl_dqn_apf,hierarchical,dqn,11.914,9.971,-2.948,0.00,0.00,0.00,3.820,9.730,-0.658,0.00,0.00,0.00,8.326,6.485,5.624,0.00,0.00,0.00,3.327,3.327,3.327
2026-02-04 17:29:42,294.97,34,389,423,8.04%,128.08,2.11%,"[0, 5, 10, 15, 20, 25, 30, 35, 40, 45, 50, 55, 60, 65, 70, 75, 80, 85, 90, 95, 100]","[11, 2, 11, 5, 2, 3, 4, 5, 7, 6, 8, 9, 8, 9, 7, 6, 752, 19, 23, 716]","[0.006819590824550527, 0.008059516429014259, 0.014879107253564786, 0.017978921264724116, 0.019218846869187848, 0.021078735275883446, 0.023558586484810913, 0.026658400495970243, 0.030998140111593304, 0.0347179169249845, 0.03967761934283943, 0.04525728456292622, 0.050216986980781156, 0.05579665220086795, 0.06013639181649101, 0.0638561686298822, 0.5300681959082455, 0.541847489150651, 0.5561066336019839, 1.0]",4.0,2.0,2.0,2.0,2.0,4,23.24212,8.0,-12.0,hrl_dqn_apf,hierarchical,dqn,11.914,9.967,-3.708,0.00,0.00,0.00,3.821,9.729,0.035,0.00,0.00,0.00,8.513,6.501,5.044,0.00,0.00,0.00,3.324,3.324,3.324
2026-02-04 17:29:43,295.97,34,387,421,8.08%,128.27,2.11%,"[0, 5, 10, 15, 20, 25, 30, 35, 40, 45, 50, 55, 60, 65, 70, 75, 80, 85, 90, 95, 100]","[11, 1, 9, 7, 3, 3, 3, 6, 6, 6, 9, 8, 9, 9, 7, 6, 750, 19, 25, 716]","[0.006819590824550527, 0.007439553626782393, 0.013019218846869188, 0.01735895846249225, 0.019218846869187848, 0.021078735275883446, 0.022938623682579044, 0.026658400495970243, 0.03037817730936144, 0.034097954122752634, 0.03967761934283943, 0.044637321760694355, 0.050216986980781156, 0.05579665220086795, 0.06013639181649101, 0.0638561686298822, 0.5288282703037818, 0.5406075635461872, 0.5561066336019839, 1.0]",4.0,2.0,2.0,2.0,2.0,0,-0.5974900000000005,8.0,-12.0,hrl_dqn_apf,hierarchical,dqn,11.855,10.007,-4.410,0.00,0.00,0.00,3.821,9.726,0.776,0.00,0.00,0.00,8.571,6.500,4.334,0.00,0.00,0.00,3.321,3.321,3.321
2026-02-04 17:29:44,296.97,36,385,421,8.55%,128.56,2.23%,"[0, 5, 10, 15, 20, 25, 30, 35, 40, 45, 50, 55, 60, 65, 70, 75, 80, 85, 90, 95, 100]","[12, 2, 6, 8, 4, 4, 1, 6, 7, 6, 10, 8, 7, 9, 8, 5, 745, 20, 25, 720]","[0.007439553626782393, 0.008679479231246125, 0.012399256044637322, 0.01735895846249225, 0.019838809671419714, 0.022318660880347178, 0.022938623682579044, 0.026658400495970243, 0.030998140111593304, 0.0347179169249845, 0.04091754494730316, 0.04587724736515809, 0.050216986980781156, 0.05579665220086795, 0.06075635461872288, 0.0638561686298822, 0.5257284562926224, 0.5381277123372598, 0.5536267823930564, 1.0]",4.0,2.0,2.0,2.0,2.0,0,-0.5974900000000005,8.0,-12.0,hrl_dqn_apf,hierarchical,dqn,11.087,9.561,-4.833,0.00,0.00,0.00,3.823,9.720,2.293,0.00,0.00,0.00,8.594,6.494,2.828,0.00,0.00,0.00,3.317,3.317,3.317
2026-02-04 17:29:45,297.97,34,385,419,8.11%,128.74,2.11%,"[0, 5, 10, 15, 20, 25, 30, 35, 40, 45, 50, 55, 60, 65, 70, 75, 80, 85, 90, 95, 100]","[11, 4, 4, 9, 5, 1, 2, 6, 8, 5, 10, 9, 8, 9, 7, 4, 746, 18, 27, 720]","[0.006819590824550527, 0.009299442033477991, 0.011779293242405457, 0.01735895846249225, 0.02045877247365158, 0.021078735275883446, 0.022318660880347178, 0.026038437693738377, 0.030998140111593304, 0.034097954122752634, 0.040297582145071294, 0.04587724736515809, 0.05083694978301302, 0.056416615003099815, 0.06075635461872288, 0.06323620582765034, 0.5257284562926224, 0.536887786732796, 0.5536267823930564, 1.0]",4.0,2.0,2.0,2.0,2.0,16,5.562670000000001,8.0,6.0,hrl_dqn_apf,hierarchical,dqn,10.739,9.577,-4.863,0.00,0.00,0.00,3.824,9.717,3.056,0.00,0.00,0.00,8.595,6.491,2.066,0.00,0.00,0.00,3.315,3.315,3.315
2026-02-04 17:29:46,298.98,35,386,421,8.31%,128.86,2.17%,"[0, 5, 10, 15, 20, 25, 30, 35, 40, 45, 50, 55, 60, 65, 70, 75, 80, 85, 90, 95, 100]","[13, 4, 3, 10, 4, 1, 2, 6, 8, 4, 11, 8, 7, 8, 9, 4, 745, 19, 26, 721]","[0.008059516429014259, 0.010539367637941723, 0.012399256044637322, 0.018598884066955982, 0.021078735275883446, 0.02169869807811531, 0.022938623682579044, 0.026658400495970243, 0.03161810291382517, 0.034097954122752634, 0.04091754494730316, 0.04587724736515809, 0.050216986980781156, 0.05517668939863608, 0.06075635461872288, 0.06323620582765034, 0.5251084934903906, 0.536887786732796, 0.5530068195908245, 1.0]",4.0,2.0,2.0,2.0,2.0,11,5.722899999999999,8.0,0.0,hrl_dqn_apf,hierarchical,dqn,10.112,9.586,-4.872,0.00,0.00,0.00,3.825,9.714,3.816,0.00,0.00,0.00,8.489,6.545,1.411,0.00,0.00,0.00,3.312,3.311,3.311
2026-02-04 17:29:47,299.98,35,386,421,8.31%,128.98,2.17%,"[0, 5, 10, 15, 20, 25, 30, 35, 40, 45, 50, 55, 60, 65, 70, 75, 80, 85, 90, 95, 100]","[11, 7, 2, 10, 4, 1, 3, 4, 9, 3, 12, 6, 8, 9, 8, 6, 744, 19, 21, 726]","[0.006819590824550527, 0.011159330440173589, 0.012399256044637322, 0.018598884066955982, 0.021078735275883446, 0.02169869807811531, 0.023558586484810913, 0.026038437693738377, 0.03161810291382517, 0.03347799132052077, 0.04091754494730316, 0.044637321760694355, 0.04959702417854929, 0.05517668939863608, 0.06013639181649101, 0.0638561686298822, 0.5251084934903906, 0.536887786732796, 0.5499070055796652, 1.0]",4.0,2.0,2.0,2.0,2.0,11,5.722899999999999,8.0,0.0,hrl_dqn_apf,hierarchical,dqn,9.444,9.626,-4.935,0.00,0.00,0.00,3.826,9.711,4.580,0.00,0.00,0.00,7.976,6.577,1.151,0.00,0.00,0.00,3.308,3.308,3.308
2026-02-04 17:29:48,300.98,36,385,421,8.55%,129.21,2.23%,"[0, 5, 10, 15, 20, 25, 30, 35, 40, 45, 50, 55, 60, 65, 70, 75, 80, 85, 90, 95, 100]","[10, 8, 2, 8, 6, 2, 3, 2, 11, 2, 12, 7, 7, 9, 9, 6, 742, 14, 25, 728]","[0.006199628022318661, 0.011159330440173589, 0.012399256044637322, 0.01735895846249225, 0.021078735275883446, 0.022318660880347178, 0.02417854928704278, 0.02541847489150651, 0.032238065716057036, 0.03347799132052077, 0.04091754494730316, 0.04525728456292622, 0.04959702417854929, 0.05517668939863608, 0.06075635461872288, 0.06447613143211407, 0.5244885306881587, 0.5331680099194048, 0.5486670799752015, 1.0]",4.0,2.0,2.0,2.0,2.0,2,11.88338,8.0,-12.0,hrl_dqn_apf,hierarchical,dqn,9.046,9.672,-6.088,0.00,0.00,0.00,4.202,9.790,5.753,0.00,0.00,0.00,6.526,6.574,1.046,0.00,0.00,0.00,3.306,3.306,3.306
2026-02-04 17:29:49,301.98,37,384,421,8.79%,129.32,2.29%,"[0, 5, 10, 15, 20, 25, 30, 35, 40, 45, 50, 55, 60, 65, 70, 75, 80, 85, 90, 95, 100]","[10, 9, 2, 5, 9, 2, 3, 2, 10, 2, 12, 8, 7, 10, 8, 6, 741, 14, 21, 732]","[0.006199628022318661, 0.011779293242405457, 0.013019218846869188, 0.016119032858028518, 0.02169869807811531, 0.022938623682579044, 0.024798512089274645, 0.026038437693738377, 0.032238065716057036, 0.03347799132052077, 0.04091754494730316, 0.04587724736515809, 0.050216986980781156, 0.056416615003099815, 0.06137631742095474, 0.06509609423434594, 0.5244885306881587, 0.5331680099194048, 0.546187228766274, 1.0]",4.0,2.0,2.0,2.0,2.0,9,24.04341,8.0,-6.0,hrl_dqn_apf,hierarchical,dqn,9.018,9.669,-6.828,0.00,0.00,0.00,4.846,9.796,5.884,0.00,0.00,0.00,5.767,6.571,1.039,0.00,0.00,0.00,3.303,3.302,3.302
2026-02-04 17:29:50,302.99,38,382,420,9.05%,129.41,2.36%,"[0, 5, 10, 15, 20, 25, 30, 35, 40, 45, 50, 55, 60, 65, 70, 75, 80, 85, 90, 95, 100]","[11, 9, 2, 3, 10, 3, 1, 2, 10, 3, 12, 7, 7, 11, 8, 5, 739, 17, 19, 734]","[0.006819590824550527, 0.012399256044637322, 0.013639181649101054, 0.015499070055796652, 0.02169869807811531, 0.023558586484810913, 0.02417854928704278, 0.02541847489150651, 0.03161810291382517, 0.03347799132052077, 0.04091754494730316, 0.04525728456292622, 0.04959702417854929, 0.056416615003099815, 0.06137631742095474, 0.06447613143211407, 0.5226286422814631, 0.5331680099194048, 0.5449473031618103, 1.0]",4.0,2.0,2.0,2.0,2.0,9,24.04341,8.0,-6.0,hrl_dqn_apf,hierarchical,dqn,9.009,9.666,-7.585,0.00,0.00,0.00,5.576,9.794,5.923,0.00,0.00,0.00,5.239,6.686,1.037,0.00,0.00,0.00,3.299,3.299,3.299
2026-02-04 17:29:51,303.99,38,382,420,9.05%,129.52,2.36%,"[0, 5, 10, 15, 20, 25, 30, 35, 40, 45, 50, 55, 60, 65, 70, 75, 80, 85, 90, 95, 100]","[8, 11, 3, 2, 10, 4, 1, 2, 10, 3, 10, 9, 7, 10, 8, 6, 735, 22, 19, 733]","[0.0049597024178549285, 0.011779293242405457, 0.013639181649101054, 0.014879107253564786, 0.021078735275883446, 0.023558586484810913, 0.02417854928704278, 0.02541847489150651, 0.03161810291382517, 0.03347799132052077, 0.03967761934283943, 0.04525728456292622, 0.04959702417854929, 0.05579665220086795, 0.06075635461872288, 0.06447613143211407, 0.5201487910725356, 0.5337879727216367, 0.5455672659640421, 1.0]",4.0,2.0,2.0,2.0,2.0,4,24.12366,8.0,-12.0,hrl_dqn_apf,hierarchical,dqn,9.006,9.663,-8.343,0.00,0.00,0.00,6.327,9.791,5.935,0.00,0.00,0.00,5.509,6.748,1.036,0.00,0.00,0.00,3.297,3.297,3.297
2026-02-04 17:29:52,304.99,37,381,418,8.85%,129.77,2.29%,"[0, 5, 10, 15, 20, 25, 30, 35, 40, 45, 50, 55, 60, 65, 70, 75, 80, 85, 90, 95, 100]","[8, 9, 5, 0, 10, 5, 1, 3, 9, 4, 8, 11, 5, 9, 12, 6, 734, 22, 19, 733]","[0.0049597024178549285, 0.010539367637941723, 0.013639181649101054, 0.013639181649101054, 0.019838809671419714, 0.022938623682579044, 0.023558586484810913, 0.02541847489150651, 0.030998140111593304, 0.03347799132052077, 0.038437693738375696, 0.04525728456292622, 0.04835709857408556, 0.05393676379417235, 0.06137631742095474, 0.06509609423434594, 0.5201487910725356, 0.5337879727216367, 0.5455672659640421, 1.0]",4.0,2.0,2.0,2.0,2.0,2,12.28413,8.0,-12.0,hrl_dqn_apf,hierarchical,dqn,9.005,9.657,-9.832,0.00,0.00,0.00,7.813,9.785,5.938,0.00,0.00,0.00,6.818,6.749,1.036,0.00,0.00,0.00,3.294,3.294,3.294
2026-02-04 17:29:53,305.99,36,382,418,8.61%,129.90,2.23%,"[0, 5, 10, 15, 20, 25, 30, 35, 40, 45, 50, 55, 60, 65, 70, 75, 80, 85, 90, 95, 100]","[7, 8, 7, 0, 8, 6, 2, 3, 8, 5, 8, 10, 6, 9, 11, 6, 733, 22, 15, 739]","[0.0043397396156230625, 0.009299442033477991, 0.013639181649101054, 0.013639181649101054, 0.018598884066955982, 0.022318660880347178, 0.023558586484810913, 0.02541847489150651, 0.03037817730936144, 0.03347799132052077, 0.038437693738375696, 0.044637321760694355, 0.04835709857408556, 0.05393676379417235, 0.06075635461872288, 0.06447613143211407, 0.5189088654680719, 0.532548047117173, 0.541847489150651, 1.0]",4.0,2.0,2.0,2.0,2.0,2,12.28413,8.0,-12.0,hrl_dqn_apf,hierarchical,dqn,9.260,9.733,-10.341,0.00,0.00,0.00,8.574,9.782,5.938,0.00,0.00,0.00,7.567,6.746,1.035,0.00,0.00,0.00,3.290,3.290,3.290
2026-02-04 17:29:54,306.99,36,382,418,8.61%,130.05,2.23%,"[0, 5, 10, 15, 20, 25, 30, 35, 40, 45, 50, 55, 60, 65, 70, 75, 80, 85, 90, 95, 100]","[7, 7, 7, 1, 6, 8, 2, 3, 8, 5, 7, 11, 6, 9, 11, 6, 733, 21, 16, 739]","[0.0043397396156230625, 0.008679479231246125, 0.013019218846869188, 0.013639181649101054, 0.01735895846249225, 0.022318660880347178, 0.023558586484810913, 0.02541847489150651, 0.03037817730936144, 0.03347799132052077, 0.03781773093614383, 0.044637321760694355, 0.04835709857408556, 0.05393676379417235, 0.06075635461872288, 0.06447613143211407, 0.5189088654680719, 0.5319280843149411, 0.541847489150651, 1.0]",4.0,2.0,2.0,2.0,2.0,18,18.44419,8.0,6.0,hrl_dqn_apf,hierarchical,dqn,9.861,9.745,-10.511,0.00,0.00,0.00,9.334,9.779,5.937,0.00,0.00,0.00,8.324,6.743,1.035,0.00,0.00,0.00,3.287,3.287,3.287
2026-02-04 17:29:55,308.00,36,382,418,8.61%,130.12,2.23%,"[0, 5, 10, 15, 20, 25, 30, 35, 40, 45, 50, 55, 60, 65, 70, 75, 80, 85, 90, 95, 100]","[8, 6, 8, 1, 3, 10, 3, 1, 8, 6, 8, 9, 6, 10, 12, 6, 732, 22, 16, 738]","[0.0049597024178549285, 0.008679479231246125, 0.013639181649101054, 0.01425914445133292, 0.016119032858028518, 0.022318660880347178, 0.02417854928704278, 0.024798512089274645, 0.029758214507129573, 0.03347799132052077, 0.038437693738375696, 0.04401735895846249, 0.04773713577185369, 0.05393676379417235, 0.06137631742095474, 0.06509609423434594, 0.5189088654680719, 0.532548047117173, 0.5424674519528828, 1.0]",4.0,2.0,2.0,2.0,2.0,4,24.60438,8.0,-12.0,hrl_dqn_apf,hierarchical,dqn,10.580,9.743,-10.564,0.00,0.00,0.00,10.097,9.776,5.936,0.00,0.00,0.00,9.087,6.740,1.034,0.00,0.00,0.00,3.285,3.285,3.285
2026-02-04 17:29:56,309.00,38,374,412,9.22%,130.29,2.36%,"[0, 5, 10, 15, 20, 25, 30, 35, 40, 45, 50, 55, 60, 65, 70, 75, 80, 85, 90, 95, 100]","[9, 5, 9, 3, 2, 10, 4, 0, 10, 5, 9, 6, 8, 7, 12, 6, 735, 12, 24, 737]","[0.005579665220086794, 0.008679479231246125, 0.01425914445133292, 0.016119032858028518, 0.01735895846249225, 0.023558586484810913, 0.026038437693738377, 0.026038437693738377, 0.032238065716057036, 0.035337879727216366, 0.04091754494730316, 0.044637321760694355, 0.04959702417854929, 0.05393676379417235, 0.06137631742095474, 0.06509609423434594, 0.5207687538747675, 0.5282083075015499, 0.5430874147551147, 1.0]",4.0,2.0,2.0,2.0,2.0,4,24.60438,8.0,-12.0,hrl_dqn_apf,hierarchical,dqn,11.706,9.824,-10.210,0.00,0.00,0.00,11.607,9.770,5.934,0.00,0.00,0.00,10.596,6.734,1.033,0.00,0.00,0.00,3.281,3.281,3.281
2026-02-04 17:29:57,310.00,37,377,414,8.94%,130.38,2.29%,"[0, 5, 10, 15, 20, 25, 30, 35, 40, 45, 50, 55, 60, 65, 70, 75, 80, 85, 90, 95, 100]","[8, 5, 9, 4, 0, 11, 4, 1, 10, 5, 9, 7, 8, 7, 8, 10, 730, 16, 23, 738]","[0.0049597024178549285, 0.008059516429014259, 0.013639181649101054, 0.016119032858028518, 0.016119032858028518, 0.022938623682579044, 0.02541847489150651, 0.026038437693738377, 0.032238065716057036, 0.035337879727216366, 0.04091754494730316, 0.04525728456292622, 0.050216986980781156, 0.05455672659640422, 0.059516429014259145, 0.0657160570365778, 0.51828890266584, 0.5282083075015499, 0.5424674519528828, 1.0]",4.0,2.0,2.0,2.0,2.0,20,0.7647999999999993,8.0,12.0,hrl_dqn_apf,hierarchical,dqn,11.838,9.830,-9.554,0.00,0.00,0.00,12.385,9.766,5.933,0.00,0.00,0.00,11.373,6.730,1.033,0.00,0.00,0.00,3.278,3.278,3.278
2026-02-04 17:29:58,311.00,35,377,412,8.50%,130.43,2.17%,"[0, 5, 10, 15, 20, 25, 30, 35, 40, 45, 50, 55, 60, 65, 70, 75, 80, 85, 90, 95, 100]","[8, 4, 9, 6, 0, 8, 6, 2, 10, 5, 9, 6, 7, 8, 8, 9, 730, 15, 23, 740]","[0.0049597024178549285, 0.007439553626782393, 0.013019218846869188, 0.016738995660260384, 0.016738995660260384, 0.02169869807811531, 0.02541847489150651, 0.026658400495970243, 0.0328580285182889, 0.03595784252944823, 0.041537507749535026, 0.04525728456292622, 0.04959702417854929, 0.05455672659640422, 0.059516429014259145, 0.06509609423434594, 0.5176689398636082, 0.5269683818970862, 0.5412275263484191, 1.0]",4.0,2.0,2.0,2.0,2.0,19,24.92229,8.0,6.0,hrl_dqn_apf,hierarchical,dqn,11.877,9.827,-8.824,0.00,0.00,0.00,13.148,9.763,5.931,0.00,0.00,0.00,12.136,6.727,1.032,0.00,0.00,0.00,3.275,3.275,3.275
2026-02-04 17:29:59,312.01,33,373,406,8.13%,130.51,2.05%,"[0, 5, 10, 15, 20, 25, 30, 35, 40, 45, 50, 55, 60, 65, 70, 75, 80, 85, 90, 95, 100]","[7, 5, 8, 6, 1, 6, 8, 2, 10, 5, 10, 6, 6, 8, 8, 10, 730, 15, 23, 739]","[0.0043397396156230625, 0.007439553626782393, 0.012399256044637322, 0.016119032858028518, 0.016738995660260384, 0.02045877247365158, 0.02541847489150651, 0.026658400495970243, 0.0328580285182889, 0.03595784252944823, 0.04215747055176689, 0.04587724736515809, 0.04959702417854929, 0.05455672659640422, 0.059516429014259145, 0.0657160570365778, 0.51828890266584, 0.527588344699318, 0.541847489150651, 1.0]",4.0,2.0,2.0,2.0,2.0,19,24.92229,8.0,6.0,hrl_dqn_apf,hierarchical,dqn,11.890,9.824,-8.072,0.00,0.00,0.00,13.909,9.760,5.930,0.00,0.00,0.00,12.856,6.760,0.990,0.00,0.00,0.00,3.272,3.272,3.272
2026-02-04 17:30:00,313.01,30,380,410,7.32%,130.64,1.86%,"[0, 5, 10, 15, 20, 25, 30, 35, 40, 45, 50, 55, 60, 65, 70, 75, 80, 85, 90, 95, 100]","[6, 5, 7, 8, 2, 2, 10, 5, 7, 6, 11, 7, 5, 7, 8, 11, 731, 15, 16, 744]","[0.0037197768133911966, 0.006819590824550527, 0.011159330440173589, 0.016119032858028518, 0.01735895846249225, 0.018598884066955982, 0.024798512089274645, 0.027898326100433975, 0.032238065716057036, 0.03595784252944823, 0.04277743335399876, 0.047117172969621826, 0.050216986980781156, 0.05455672659640422, 0.059516429014259145, 0.06633601983880967, 0.5195288282703038, 0.5288282703037818, 0.5387476751394916, 1.0]",4.0,2.0,2.0,2.0,2.0,1,7.08522,8.0,-12.0,hrl_dqn_apf,hierarchical,dqn,11.895,9.818,-6.549,0.00,0.00,0.00,15.435,9.754,5.928,0.00,0.00,0.00,13.301,6.813,-0.112,0.00,0.00,0.00,3.269,3.269,3.269
2026-02-04 17:30:01,314.01,31,377,408,7.60%,130.71,1.92%,"[0, 5, 10, 15, 20, 25, 30, 35, 40, 45, 50, 55, 60, 65, 70, 75, 80, 85, 90, 95, 100]","[5, 7, 5, 10, 2, 2, 10, 4, 6, 6, 12, 6, 6, 7, 7, 10, 731, 17, 14, 746]","[0.0030998140111593306, 0.007439553626782393, 0.010539367637941723, 0.016738995660260384, 0.017978921264724116, 0.019218846869187848, 0.02541847489150651, 0.027898326100433975, 0.03161810291382517, 0.035337879727216366, 0.04277743335399876, 0.04649721016738995, 0.050216986980781156, 0.05455672659640422, 0.05889646621202728, 0.06509609423434594, 0.51828890266584, 0.5288282703037818, 0.5375077495350279, 1.0]",4.0,2.0,2.0,2.0,2.0,10,1.2456200000000006,8.0,0.0,hrl_dqn_apf,hierarchical,dqn,11.643,9.894,-6.039,0.00,0.00,0.00,16.193,9.751,5.927,0.00,0.00,0.00,13.334,6.811,-0.844,0.00,0.00,0.00,3.266,3.266,3.266
2026-02-04 17:30:02,315.01,30,378,408,7.35%,130.78,1.86%,"[0, 5, 10, 15, 20, 25, 30, 35, 40, 45, 50, 55, 60, 65, 70, 75, 80, 85, 90, 95, 100]","[4, 7, 5, 9, 4, 1, 11, 4, 7, 7, 10, 7, 5, 8, 6, 9, 731, 15, 18, 745]","[0.0024798512089274642, 0.006819590824550527, 0.009919404835709857, 0.015499070055796652, 0.017978921264724116, 0.018598884066955982, 0.02541847489150651, 0.027898326100433975, 0.032238065716057036, 0.0365778053316801, 0.04277743335399876, 0.047117172969621826, 0.050216986980781156, 0.05517668939863608, 0.05889646621202728, 0.06447613143211407, 0.5176689398636082, 0.5269683818970862, 0.5381277123372598, 1.0]",4.0,2.0,2.0,2.0,2.0,10,1.2456200000000006,8.0,0.0,hrl_dqn_apf,hierarchical,dqn,11.051,9.906,-5.869,0.00,0.00,0.00,16.945,9.748,5.926,0.00,0.00,0.00,13.344,6.808,-1.588,0.00,0.00,0.00,3.263,3.263,3.263
2026-02-04 17:30:03,316.02,30,378,408,7.35%,130.84,1.86%,"[0, 5, 10, 15, 20, 25, 30, 35, 40, 45, 50, 55, 60, 65, 70, 75, 80, 85, 90, 95, 100]","[4, 7, 5, 8, 6, 0, 8, 6, 9, 6, 11, 7, 5, 9, 6, 7, 733, 15, 16, 745]","[0.0024798512089274642, 0.006819590824550527, 0.009919404835709857, 0.014879107253564786, 0.018598884066955982, 0.018598884066955982, 0.023558586484810913, 0.02727836329820211, 0.0328580285182889, 0.0365778053316801, 0.04339739615623062, 0.04773713577185369, 0.05083694978301302, 0.056416615003099815, 0.06013639181649101, 0.06447613143211407, 0.5189088654680719, 0.5282083075015499, 0.5381277123372598, 1.0]",4.0,2.0,2.0,2.0,2.0,18,19.40544,8.0,6.0,hrl_dqn_apf,hierarchical,dqn,10.320,9.905,-5.814,0.00,0.00,0.00,17.723,9.745,5.925,0.00,0.00,0.00,13.346,6.805,-2.364,0.00,0.00,0.00,3.260,3.260,3.260
2026-02-04 17:30:04,317.02,33,374,407,8.11%,130.96,2.05%,"[0, 5, 10, 15, 20, 25, 30, 35, 40, 45, 50, 55, 60, 65, 70, 75, 80, 85, 90, 95, 100]","[4, 6, 7, 6, 9, 1, 5, 8, 10, 5, 10, 7, 6, 9, 6, 7, 726, 20, 18, 743]","[0.0024798512089274642, 0.006199628022318661, 0.010539367637941723, 0.01425914445133292, 0.019838809671419714, 0.02045877247365158, 0.023558586484810913, 0.02851828890266584, 0.0347179169249845, 0.03781773093614383, 0.04401735895846249, 0.04835709857408556, 0.052076875387476754, 0.05765654060756355, 0.06137631742095474, 0.0657160570365778, 0.5158090514569126, 0.5282083075015499, 0.5393676379417235, 1.0]",4.0,2.0,2.0,2.0,2.0,19,25.56549,8.0,6.0,hrl_dqn_apf,hierarchical,dqn,8.812,9.899,-5.792,0.00,0.00,0.00,19.247,9.739,5.923,0.00,0.00,0.00,13.691,6.883,-3.549,0.00,0.00,0.00,3.257,3.257,3.257
2026-02-04 17:30:05,318.02,33,374,407,8.11%,131.01,2.05%,"[0, 5, 10, 15, 20, 25, 30, 35, 40, 45, 50, 55, 60, 65, 70, 75, 80, 85, 90, 95, 100]","[5, 5, 6, 8, 7, 2, 3, 9, 10, 4, 11, 9, 6, 8, 6, 9, 726, 20, 17, 742]","[0.0030998140111593306, 0.006199628022318661, 0.009919404835709857, 0.014879107253564786, 0.019218846869187848, 0.02045877247365158, 0.022318660880347178, 0.027898326100433975, 0.034097954122752634, 0.0365778053316801, 0.04339739615623062, 0.048977061376317424, 0.05269683818970862, 0.05765654060756355, 0.06137631742095474, 0.06695598264104154, 0.5170489770613763, 0.5294482331060136, 0.5399876007439554, 1.0]",4.0,2.0,2.0,2.0,2.0,19,25.56549,8.0,6.0,hrl_dqn_apf,hierarchical,dqn,8.049,9.895,-5.790,0.00,0.00,0.00,20.010,9.736,5.922,0.00,0.00,0.00,14.326,6.890,-3.688,0.00,0.00,0.00,3.254,3.254,3.254
2026-02-04 17:30:06,319.02,34,371,405,8.40%,131.07,2.11%,"[0, 5, 10, 15, 20, 25, 30, 35, 40, 45, 50, 55, 60, 65, 70, 75, 80, 85, 90, 95, 100]","[5, 4, 8, 5, 10, 2, 2, 10, 10, 4, 10, 10, 5, 10, 6, 7, 726, 19, 19, 741]","[0.0030998140111593306, 0.005579665220086794, 0.010539367637941723, 0.013639181649101054, 0.019838809671419714, 0.021078735275883446, 0.022318660880347178, 0.02851828890266584, 0.0347179169249845, 0.037197768133911964, 0.04339739615623062, 0.04959702417854929, 0.05269683818970862, 0.05889646621202728, 0.06261624302541847, 0.06695598264104154, 0.5170489770613763, 0.5288282703037818, 0.5406075635461872, 1.0]",4.0,2.0,2.0,2.0,2.0,4,25.72611,8.0,-12.0,hrl_dqn_apf,hierarchical,dqn,7.598,10.026,-5.790,0.00,0.00,0.00,20.479,9.863,5.921,0.00,0.00,0.00,15.053,6.888,-3.732,0.00,0.00,0.00,3.251,3.251,3.251
2026-02-04 17:30:07,320.02,34,371,405,8.40%,131.16,2.11%,"[0, 5, 10, 15, 20, 25, 30, 35, 40, 45, 50, 55, 60, 65, 70, 75, 80, 85, 90, 95, 100]","[4, 5, 7, 5, 9, 4, 2, 10, 10, 4, 11, 10, 5, 8, 7, 6, 724, 23, 15, 744]","[0.0024798512089274642, 0.005579665220086794, 0.009919404835709857, 0.013019218846869188, 0.018598884066955982, 0.021078735275883446, 0.022318660880347178, 0.02851828890266584, 0.0347179169249845, 0.037197768133911964, 0.04401735895846249, 0.050216986980781156, 0.053316800991940486, 0.05827650340979541, 0.06261624302541847, 0.06633601983880967, 0.5151890886546807, 0.5294482331060136, 0.5387476751394916, 1.0]",4.0,2.0,2.0,2.0,2.0,13,19.80514,8.0,0.0,hrl_dqn_apf,hierarchical,dqn,7.851,9.845,-5.790,0.00,0.00,0.00,20.224,9.924,5.858,0.00,0.00,0.00,15.807,6.885,-3.745,0.00,0.00,0.00,3.248,3.248,3.248
2026-02-04 17:30:08,321.03,34,371,405,8.40%,131.33,2.11%,"[0, 5, 10, 15, 20, 25, 30, 35, 40, 45, 50, 55, 60, 65, 70, 75, 80, 85, 90, 95, 100]","[5, 3, 6, 6, 8, 6, 1, 9, 13, 5, 11, 9, 6, 7, 8, 6, 722, 21, 17, 744]","[0.0030998140111593306, 0.0049597024178549285, 0.008679479231246125, 0.012399256044637322, 0.01735895846249225, 0.021078735275883446, 0.02169869807811531, 0.02727836329820211, 0.035337879727216366, 0.038437693738375696, 0.04525728456292622, 0.05083694978301302, 0.05455672659640422, 0.05889646621202728, 0.0638561686298822, 0.0675759454432734, 0.5151890886546807, 0.5282083075015499, 0.5387476751394916, 1.0]",4.0,2.0,2.0,2.0,2.0,13,19.80514,8.0,0.0,hrl_dqn_apf,hierarchical,dqn,8.461,9.579,-5.790,0.00,0.00,0.00,19.992,9.951,4.717,0.00,0.00,0.00,17.324,6.879,-3.752,0.00,0.00,0.00,3.245,3.245,3.245
2026-02-04 17:30:09,322.03,34,369,403,8.44%,131.42,2.11%,"[0, 5, 10, 15, 20, 25, 30, 35, 40, 45, 50, 55, 60, 65, 70, 75, 80, 85, 90, 95, 100]","[4, 3, 6, 7, 7, 7, 2, 5, 17, 5, 12, 8, 6, 8, 8, 6, 722, 17, 21, 742]","[0.0024798512089274642, 0.0043397396156230625, 0.008059516429014259, 0.012399256044637322, 0.016738995660260384, 0.021078735275883446, 0.022318660880347178, 0.02541847489150651, 0.03595784252944823, 0.03905765654060756, 0.04649721016738995, 0.05145691258524489, 0.05517668939863608, 0.06013639181649101, 0.06509609423434594, 0.06881587104773713, 0.5164290142591444, 0.5269683818970862, 0.5399876007439554, 1.0]",4.0,2.0,2.0,2.0,2.0,23,19.96621,8.0,12.0,hrl_dqn_apf,hierarchical,dqn,9.126,9.584,-5.790,0.00,0.00,0.00,19.973,9.948,3.977,0.00,0.00,0.00,17.871,6.952,-3.531,0.00,0.00,0.00,3.242,3.242,3.242
2026-02-04 17:30:10,323.03,35,366,401,8.73%,131.51,2.17%,"[0, 5, 10, 15, 20, 25, 30, 35, 40, 45, 50, 55, 60, 65, 70, 75, 80, 85, 90, 95, 100]","[4, 4, 5, 8, 6, 8, 1, 3, 19, 5, 11, 9, 7, 8, 8, 5, 723, 16, 22, 741]","[0.0024798512089274642, 0.0049597024178549285, 0.008059516429014259, 0.013019218846869188, 0.016738995660260384, 0.02169869807811531, 0.022318660880347178, 0.02417854928704278, 0.03595784252944823, 0.03905765654060756, 0.04587724736515809, 0.05145691258524489, 0.05579665220086795, 0.06075635461872288, 0.0657160570365778, 0.06881587104773713, 0.5170489770613763, 0.5269683818970862, 0.5406075635461872, 1.0]",4.0,2.0,2.0,2.0,2.0,10,2.1269799999999996,8.0,0.0,hrl_dqn_apf,hierarchical,dqn,9.552,9.709,-5.790,0.00,0.00,0.00,19.967,9.945,3.220,0.00,0.00,0.00,18.058,6.967,-2.943,0.00,0.00,0.00,3.239,3.239,3.239
2026-02-04 17:30:11,324.03,35,366,401,8.73%,131.60,2.17%,"[0, 5, 10, 15, 20, 25, 30, 35, 40, 45, 50, 55, 60, 65, 70, 75, 80, 85, 90, 95, 100]","[5, 3, 5, 7, 5, 10, 2, 2, 18, 6, 10, 9, 8, 7, 8, 7, 718, 21, 21, 741]","[0.0030998140111593306, 0.0049597024178549285, 0.008059516429014259, 0.012399256044637322, 0.015499070055796652, 0.02169869807811531, 0.022938623682579044, 0.02417854928704278, 0.035337879727216366, 0.03905765654060756, 0.04525728456292622, 0.05083694978301302, 0.05579665220086795, 0.06013639181649101, 0.06509609423434594, 0.069435833849969, 0.5145691258524488, 0.527588344699318, 0.5406075635461872, 1.0]",4.0,2.0,2.0,2.0,2.0,10,2.1269799999999996,8.0,0.0,hrl_dqn_apf,hierarchical,dqn,9.216,9.757,-5.790,0.00,0.00,0.00,19.964,9.942,2.462,0.00,0.00,0.00,18.116,6.965,-2.231,0.00,0.00,0.00,3.236,3.236,3.236
2026-02-04 17:30:12,325.03,34,363,397,8.56%,131.77,2.11%,"[0, 5, 10, 15, 20, 25, 30, 35, 40, 45, 50, 55, 60, 65, 70, 75, 80, 85, 90, 95, 100]","[5, 2, 4, 9, 5, 9, 4, 0, 15, 10, 10, 11, 9, 7, 7, 8, 717, 17, 23, 741]","[0.0030998140111593306, 0.0043397396156230625, 0.006819590824550527, 0.012399256044637322, 0.015499070055796652, 0.021078735275883446, 0.023558586484810913, 0.023558586484810913, 0.0328580285182889, 0.03905765654060756, 0.04525728456292622, 0.052076875387476754, 0.05765654060756355, 0.06199628022318661, 0.06633601983880967, 0.0712957222566646, 0.5158090514569126, 0.5263484190948543, 0.5406075635461872, 1.0]",4.0,2.0,2.0,2.0,2.0,21,8.28615,8.0,12.0,hrl_dqn_apf,hierarchical,dqn,7.848,9.756,-5.790,0.00,0.00,0.00,19.581,10.025,1.313,0.00,0.00,0.00,18.140,6.959,-0.724,0.00,0.00,0.00,3.233,3.233,3.233
2026-02-04 17:30:13,326.04,32,363,395,8.10%,131.83,1.98%,"[0, 5, 10, 15, 20, 25, 30, 35, 40, 45, 50, 55, 60, 65, 70, 75, 80, 85, 90, 95, 100]","[5, 3, 3, 7, 6, 8, 7, 0, 15, 9, 10, 12, 7, 8, 8, 7, 717, 17, 22, 742]","[0.0030998140111593306, 0.0049597024178549285, 0.006819590824550527, 0.011159330440173589, 0.014879107253564786, 0.019838809671419714, 0.02417854928704278, 0.02417854928704278, 0.03347799132052077, 0.03905765654060756, 0.04525728456292622, 0.05269683818970862, 0.05703657780533168, 0.06199628022318661, 0.06695598264104154, 0.0712957222566646, 0.5158090514569126, 0.5263484190948543, 0.5399876007439554, 1.0]",4.0,2.0,2.0,2.0,2.0,21,8.28615,8.0,12.0,hrl_dqn_apf,hierarchical,dqn,7.097,9.753,-5.790,0.00,0.00,0.00,19.307,10.387,1.419,0.00,0.00,0.00,18.036,6.855,-0.363,0.00,0.00,0.00,3.230,3.230,3.230
2026-02-04 17:30:14,327.04,33,362,395,8.35%,131.86,2.05%,"[0, 5, 10, 15, 20, 25, 30, 35, 40, 45, 50, 55, 60, 65, 70, 75, 80, 85, 90, 95, 100]","[5, 2, 4, 8, 6, 8, 7, 1, 13, 11, 10, 11, 7, 8, 8, 8, 717, 17, 20, 742]","[0.0030998140111593306, 0.0043397396156230625, 0.006819590824550527, 0.011779293242405457, 0.015499070055796652, 0.02045877247365158, 0.024798512089274645, 0.02541847489150651, 0.03347799132052077, 0.040297582145071294, 0.04649721016738995, 0.053316800991940486, 0.05765654060756355, 0.06261624302541847, 0.0675759454432734, 0.07253564786112833, 0.5170489770613763, 0.527588344699318, 0.5399876007439554, 1.0]",4.0,2.0,2.0,2.0,2.0,5,2.4471000000000007,8.0,-6.0,hrl_dqn_apf,hierarchical,dqn,6.486,9.816,-5.637,0.00,0.00,0.00,19.482,10.735,1.907,0.00,0.00,0.00,17.739,6.566,-0.674,0.00,0.00,0.00,3.227,3.227,3.227
2026-02-04 17:30:15,328.04,32,361,393,8.14%,131.93,1.98%,"[0, 5, 10, 15, 20, 25, 30, 35, 40, 45, 50, 55, 60, 65, 70, 75, 80, 85, 90, 95, 100]","[5, 2, 4, 6, 9, 6, 8, 1, 9, 14, 10, 10, 7, 9, 9, 8, 716, 18, 17, 745]","[0.0030998140111593306, 0.0043397396156230625, 0.006819590824550527, 0.010539367637941723, 0.016119032858028518, 0.019838809671419714, 0.024798512089274645, 0.02541847489150651, 0.030998140111593304, 0.03967761934283943, 0.04587724736515809, 0.052076875387476754, 0.056416615003099815, 0.06199628022318661, 0.0675759454432734, 0.07253564786112833, 0.5164290142591444, 0.527588344699318, 0.5381277123372598, 1.0]",4.0,2.0,2.0,2.0,2.0,15,2.6069700000000005,8.0,6.0,hrl_dqn_apf,hierarchical,dqn,6.261,9.839,-5.087,0.00,0.00,0.00,19.817,10.741,2.458,0.00,0.00,0.00,17.316,6.383,-1.175,0.00,0.00,0.00,3.224,3.224,3.224
2026-02-04 17:30:16,329.04,31,360,391,7.93%,132.09,1.92%,"[0, 5, 10, 15, 20, 25, 30, 35, 40, 45, 50, 55, 60, 65, 70, 75, 80, 85, 90, 95, 100]","[5, 3, 4, 5, 9, 5, 8, 4, 8, 15, 10, 8, 8, 10, 8, 7, 716, 14, 20, 746]","[0.0030998140111593306, 0.0049597024178549285, 0.007439553626782393, 0.010539367637941723, 0.016119032858028518, 0.019218846869187848, 0.02417854928704278, 0.026658400495970243, 0.03161810291382517, 0.04091754494730316, 0.047117172969621826, 0.052076875387476754, 0.05703657780533168, 0.06323620582765034, 0.06819590824550527, 0.07253564786112833, 0.5164290142591444, 0.5251084934903906, 0.5375077495350279, 1.0]",4.0,2.0,2.0,2.0,2.0,15,2.6069700000000005,8.0,6.0,hrl_dqn_apf,hierarchical,dqn,6.170,9.836,-3.623,0.00,0.00,0.00,20.036,9.895,2.796,0.00,0.00,0.00,15.958,6.414,-1.502,0.00,0.00,0.00,3.221,3.221,3.221
2026-02-04 17:30:17,330.04,30,360,390,7.69%,132.22,1.86%,"[0, 5, 10, 15, 20, 25, 30, 35, 40, 45, 50, 55, 60, 65, 70, 75, 80, 85, 90, 95, 100]","[5, 3, 3, 5, 9, 5, 9, 4, 6, 14, 12, 11, 7, 10, 8, 7, 716, 14, 18, 747]","[0.0030998140111593306, 0.0049597024178549285, 0.006819590824550527, 0.009919404835709857, 0.015499070055796652, 0.018598884066955982, 0.02417854928704278, 0.026658400495970243, 0.03037817730936144, 0.03905765654060756, 0.04649721016738995, 0.053316800991940486, 0.05765654060756355, 0.0638561686298822, 0.06881587104773713, 0.0731556106633602, 0.5170489770613763, 0.5257284562926224, 0.536887786732796, 1.0]",4.0,2.0,2.0,2.0,2.0,17,14.76735,8.0,6.0,hrl_dqn_apf,hierarchical,dqn,6.163,9.833,-2.864,0.00,0.00,0.00,20.052,9.485,2.821,0.00,0.00,0.00,15.206,6.413,-1.526,0.00,0.00,0.00,3.218,3.218,3.218
2026-02-04 17:30:18,331.05,30,360,390,7.69%,132.29,1.86%,"[0, 5, 10, 15, 20, 25, 30, 35, 40, 45, 50, 55, 60, 65, 70, 75, 80, 85, 90, 95, 100]","[7, 2, 4, 3, 8, 6, 9, 6, 6, 12, 12, 11, 7, 10, 7, 7, 715, 16, 18, 747]","[0.0043397396156230625, 0.005579665220086794, 0.008059516429014259, 0.009919404835709857, 0.014879107253564786, 0.018598884066955982, 0.02417854928704278, 0.027898326100433975, 0.03161810291382517, 0.03905765654060756, 0.04649721016738995, 0.053316800991940486, 0.05765654060756355, 0.0638561686298822, 0.06819590824550527, 0.07253564786112833, 0.5158090514569126, 0.5257284562926224, 0.536887786732796, 1.0]",4.0,2.0,2.0,2.0,2.0,18,20.92775,8.0,6.0,hrl_dqn_apf,hierarchical,dqn,6.161,9.830,-2.105,0.00,0.00,0.00,19.899,9.432,2.828,0.00,0.00,0.00,14.572,6.473,-1.407,0.00,0.00,0.00,3.215,3.215,3.215
2026-02-04 17:30:19,332.05,31,359,390,7.95%,132.40,1.92%,"[0, 5, 10, 15, 20, 25, 30, 35, 40, 45, 50, 55, 60, 65, 70, 75, 80, 85, 90, 95, 100]","[6, 4, 3, 4, 7, 7, 8, 6, 7, 9, 14, 10, 8, 11, 7, 7, 715, 16, 18, 746]","[0.0037197768133911966, 0.006199628022318661, 0.008059516429014259, 0.010539367637941723, 0.014879107253564786, 0.019218846869187848, 0.02417854928704278, 0.027898326100433975, 0.032238065716057036, 0.03781773093614383, 0.04649721016738995, 0.05269683818970862, 0.05765654060756355, 0.06447613143211407, 0.06881587104773713, 0.0731556106633602, 0.5164290142591444, 0.5263484190948543, 0.5375077495350279, 1.0]",4.0,2.0,2.0,2.0,2.0,18,20.92775,8.0,6.0,hrl_dqn_apf,hierarchical,dqn,6.235,9.875,-1.415,0.00,0.00,0.00,19.347,9.453,2.830,0.00,0.00,0.00,14.328,6.501,-0.879,0.00,0.00,0.00,3.212,3.212,3.212
2026-02-04 17:30:20,333.05,32,356,388,8.25%,132.56,1.98%,"[0, 5, 10, 15, 20, 25, 30, 35, 40, 45, 50, 55, 60, 65, 70, 75, 80, 85, 90, 95, 100]","[8, 3, 2, 5, 7, 7, 7, 8, 8, 4, 17, 10, 7, 10, 8, 8, 714, 16, 16, 748]","[0.0049597024178549285, 0.006819590824550527, 0.008059516429014259, 0.011159330440173589, 0.015499070055796652, 0.019838809671419714, 0.02417854928704278, 0.029138251704897707, 0.034097954122752634, 0.0365778053316801, 0.047117172969621826, 0.053316800991940486, 0.05765654060756355, 0.0638561686298822, 0.06881587104773713, 0.07377557346559206, 0.5164290142591444, 0.5263484190948543, 0.5362678239305642, 1.0]",4.0,2.0,2.0,2.0,2.0,8,21.08821,8.0,-6.0,hrl_dqn_apf,hierarchical,dqn,7.395,9.916,-1.033,0.00,0.00,0.00,17.899,9.454,2.833,0.00,0.00,0.00,14.229,6.498,0.560,0.00,0.00,0.00,3.209,3.209,3.209
2026-02-04 17:30:21,334.05,32,356,388,8.25%,132.63,1.98%,"[0, 5, 10, 15, 20, 25, 30, 35, 40, 45, 50, 55, 60, 65, 70, 75, 80, 85, 90, 95, 100]","[7, 4, 2, 5, 5, 9, 5, 9, 9, 4, 17, 11, 6, 10, 9, 7, 714, 15, 15, 750]","[0.0043397396156230625, 0.006819590824550527, 0.008059516429014259, 0.011159330440173589, 0.01425914445133292, 0.019838809671419714, 0.022938623682579044, 0.02851828890266584, 0.034097954122752634, 0.0365778053316801, 0.047117172969621826, 0.05393676379417235, 0.05765654060756355, 0.0638561686298822, 0.069435833849969, 0.07377557346559206, 0.5164290142591444, 0.5257284562926224, 0.5350278983261004, 1.0]",4.0,2.0,2.0,2.0,2.0,16,9.24827,8.0,6.0,hrl_dqn_apf,hierarchical,dqn,8.136,9.913,-1.004,0.00,0.00,0.00,17.285,9.454,2.836,0.00,0.00,0.00,14.450,6.571,1.095,0.00,0.00,0.00,3.206,3.206,3.206
2026-02-04 17:30:22,335.05,31,357,388,7.99%,132.65,1.92%,"[0, 5, 10, 15, 20, 25, 30, 35, 40, 45, 50, 55, 60, 65, 70, 75, 80, 85, 90, 95, 100]","[7, 3, 3, 3, 6, 9, 5, 9, 10, 2, 18, 10, 8, 11, 9, 7, 715, 15, 15, 748]","[0.0043397396156230625, 0.006199628022318661, 0.008059516429014259, 0.009919404835709857, 0.013639181649101054, 0.019218846869187848, 0.022318660880347178, 0.027898326100433975, 0.034097954122752634, 0.035337879727216366, 0.04649721016738995, 0.05269683818970862, 0.05765654060756355, 0.06447613143211407, 0.07005579665220087, 0.07439553626782393, 0.5176689398636082, 0.5269683818970862, 0.5362678239305642, 1.0]",4.0,2.0,2.0,2.0,2.0,16,9.24827,8.0,6.0,hrl_dqn_apf,hierarchical,dqn,8.890,9.910,-0.996,0.00,0.00,0.00,17.336,9.701,2.931,0.00,0.00,0.00,14.811,6.482,1.216,0.00,0.00,0.00,3.203,3.203,3.203
2026-02-04 17:30:23,336.06,31,357,388,7.99%,132.69,1.92%,"[0, 5, 10, 15, 20, 25, 30, 35, 40, 45, 50, 55, 60, 65, 70, 75, 80, 85, 90, 95, 100]","[8, 4, 3, 3, 4, 9, 6, 8, 12, 2, 17, 10, 9, 10, 9, 6, 714, 14, 17, 748]","[0.0049597024178549285, 0.007439553626782393, 0.009299442033477991, 0.011159330440173589, 0.013639181649101054, 0.019218846869187848, 0.022938623682579044, 0.027898326100433975, 0.035337879727216366, 0.0365778053316801, 0.047117172969621826, 0.053316800991940486, 0.05889646621202728, 0.06509609423434594, 0.07067575945443273, 0.07439553626782393, 0.5170489770613763, 0.5257284562926224, 0.5362678239305642, 1.0]",4.0,2.0,2.0,2.0,2.0,6,9.32831,8.0,-6.0,hrl_dqn_apf,hierarchical,dqn,9.652,9.907,-0.993,0.00,0.00,0.00,17.753,10.002,3.229,0.00,0.00,0.00,14.558,6.247,0.994,0.00,0.00,0.00,3.200,3.200,3.200
2026-02-04 17:30:24,337.06,30,352,382,7.85%,132.93,1.86%,"[0, 5, 10, 15, 20, 25, 30, 35, 40, 45, 50, 55, 60, 65, 70, 75, 80, 85, 90, 95, 100]","[7, 4, 5, 3, 4, 7, 8, 6, 14, 3, 12, 13, 9, 10, 9, 6, 711, 18, 17, 747]","[0.0043397396156230625, 0.006819590824550527, 0.009919404835709857, 0.011779293242405457, 0.01425914445133292, 0.018598884066955982, 0.023558586484810913, 0.02727836329820211, 0.03595784252944823, 0.03781773093614383, 0.04525728456292622, 0.053316800991940486, 0.05889646621202728, 0.06509609423434594, 0.07067575945443273, 0.07439553626782393, 0.5151890886546807, 0.5263484190948543, 0.536887786732796, 1.0]",4.0,2.0,2.0,2.0,2.0,15,3.48869,8.0,6.0,hrl_dqn_apf,hierarchical,dqn,10.779,9.988,-0.588,0.00,0.00,0.00,18.644,9.723,3.839,0.00,0.00,0.00,13.716,6.053,0.052,0.00,0.00,0.00,3.197,3.197,3.197
2026-02-04 17:30:25,338.06,29,355,384,7.55%,133.06,1.80%,"[0, 5, 10, 15, 20, 25, 30, 35, 40, 45, 50, 55, 60, 65, 70, 75, 80, 85, 90, 95, 100]","[6, 6, 3, 2, 6, 6, 7, 8, 13, 4, 10, 14, 9, 10, 11, 6, 711, 17, 16, 748]","[0.0037197768133911966, 0.007439553626782393, 0.009299442033477991, 0.010539367637941723, 0.01425914445133292, 0.017978921264724116, 0.022318660880347178, 0.02727836329820211, 0.035337879727216366, 0.03781773093614383, 0.04401735895846249, 0.05269683818970862, 0.05827650340979541, 0.06447613143211407, 0.0712957222566646, 0.0750154990700558, 0.5158090514569126, 0.5263484190948543, 0.5362678239305642, 1.0]",4.0,2.0,2.0,2.0,2.0,15,3.48869,8.0,6.0,hrl_dqn_apf,hierarchical,dqn,10.902,9.993,0.064,0.00,0.00,0.00,18.749,9.307,3.911,0.00,0.00,0.00,13.611,6.059,-0.655,0.00,0.00,0.00,3.194,3.194,3.194
2026-02-04 17:30:26,339.06,28,352,380,7.37%,133.14,1.74%,"[0, 5, 10, 15, 20, 25, 30, 35, 40, 45, 50, 55, 60, 65, 70, 75, 80, 85, 90, 95, 100]","[7, 7, 3, 2, 5, 4, 9, 5, 16, 4, 9, 15, 9, 9, 10, 7, 710, 17, 15, 750]","[0.0043397396156230625, 0.008679479231246125, 0.010539367637941723, 0.011779293242405457, 0.014879107253564786, 0.01735895846249225, 0.022938623682579044, 0.026038437693738377, 0.03595784252944823, 0.038437693738375696, 0.04401735895846249, 0.053316800991940486, 0.05889646621202728, 0.06447613143211407, 0.07067575945443273, 0.0750154990700558, 0.5151890886546807, 0.5257284562926224, 0.5350278983261004, 1.0]",4.0,2.0,2.0,2.0,2.0,9,27.648699999999998,8.0,-6.0,hrl_dqn_apf,hierarchical,dqn,10.782,10.059,0.639,0.00,0.00,0.00,18.780,9.252,3.774,0.00,0.00,0.00,13.578,6.058,-1.400,0.00,0.00,0.00,3.191,3.191,3.191
2026-02-04 17:30:27,340.06,28,350,378,7.41%,133.28,1.74%,"[0, 5, 10, 15, 20, 25, 30, 35, 40, 45, 50, 55, 60, 65, 70, 75, 80, 85, 90, 95, 100]","[7, 6, 4, 2, 3, 6, 8, 5, 15, 6, 8, 16, 7, 12, 10, 7, 711, 17, 15, 748]","[0.0043397396156230625, 0.008059516429014259, 0.010539367637941723, 0.011779293242405457, 0.013639181649101054, 0.01735895846249225, 0.022318660880347178, 0.02541847489150651, 0.0347179169249845, 0.038437693738375696, 0.04339739615623062, 0.053316800991940486, 0.05765654060756355, 0.06509609423434594, 0.0712957222566646, 0.07563546187228766, 0.5164290142591444, 0.5269683818970862, 0.5362678239305642, 1.0]",4.0,2.0,2.0,2.0,2.0,20,3.80884,8.0,12.0,hrl_dqn_apf,hierarchical,dqn,10.313,9.863,0.858,0.00,0.00,0.00,18.789,9.272,3.227,0.00,0.00,0.00,13.568,6.132,-2.056,0.00,0.00,0.00,3.188,3.188,3.188
2026-02-04 17:30:28,341.07,29,347,376,7.71%,133.55,1.80%,"[0, 5, 10, 15, 20, 25, 30, 35, 40, 45, 50, 55, 60, 65, 70, 75, 80, 85, 90, 95, 100]","[8, 4, 5, 3, 5, 4, 5, 7, 14, 8, 8, 15, 7, 12, 11, 7, 709, 19, 12, 750]","[0.0049597024178549285, 0.007439553626782393, 0.010539367637941723, 0.012399256044637322, 0.015499070055796652, 0.017978921264724116, 0.021078735275883446, 0.02541847489150651, 0.034097954122752634, 0.03905765654060756, 0.04401735895846249, 0.053316800991940486, 0.05765654060756355, 0.06509609423434594, 0.07191568505889646, 0.07625542467451953, 0.5158090514569126, 0.527588344699318, 0.5350278983261004, 1.0]",4.0,2.0,2.0,2.0,2.0,20,3.80884,8.0,12.0,hrl_dqn_apf,hierarchical,dqn,9.610,9.607,0.949,0.00,0.00,0.00,18.791,9.273,1.781,0.00,0.00,0.00,13.564,6.238,-1.356,0.00,0.00,0.00,3.185,3.185,3.185
2026-02-04 17:30:29,342.07,29,345,374,7.75%,133.68,1.80%,"[0, 5, 10, 15, 20, 25, 30, 35, 40, 45, 50, 55, 60, 65, 70, 75, 80, 85, 90, 95, 100]","[9, 4, 4, 4, 4, 4, 5, 8, 13, 9, 8, 11, 11, 11, 11, 6, 709, 18, 14, 750]","[0.005579665220086794, 0.008059516429014259, 0.010539367637941723, 0.013019218846869188, 0.015499070055796652, 0.017978921264724116, 0.021078735275883446, 0.026038437693738377, 0.034097954122752634, 0.03967761934283943, 0.044637321760694355, 0.05145691258524489, 0.05827650340979541, 0.06509609423434594, 0.07191568505889646, 0.07563546187228766, 0.5151890886546807, 0.5263484190948543, 0.5350278983261004, 1.0]",4.0,2.0,2.0,2.0,2.0,19,27.9692,8.0,6.0,hrl_dqn_apf,hierarchical,dqn,9.475,9.731,0.956,0.00,0.00,0.00,19.050,9.348,1.280,0.00,0.00,0.00,13.564,6.236,-0.648,0.00,0.00,0.00,3.182,3.182,3.182
2026-02-04 17:30:30,343.07,29,345,374,7.75%,133.86,1.80%,"[0, 5, 10, 15, 20, 25, 30, 35, 40, 45, 50, 55, 60, 65, 70, 75, 80, 85, 90, 95, 100]","[9, 4, 5, 2, 2, 7, 4, 8, 13, 10, 8, 9, 13, 10, 11, 7, 707, 18, 16, 750]","[0.005579665220086794, 0.008059516429014259, 0.011159330440173589, 0.012399256044637322, 0.013639181649101054, 0.017978921264724116, 0.02045877247365158, 0.02541847489150651, 0.03347799132052077, 0.03967761934283943, 0.044637321760694355, 0.050216986980781156, 0.05827650340979541, 0.06447613143211407, 0.0712957222566646, 0.07563546187228766, 0.513949163050217, 0.5251084934903906, 0.5350278983261004, 1.0]",4.0,2.0,2.0,2.0,2.0,14,28.12916,8.0,0.0,hrl_dqn_apf,hierarchical,dqn,9.949,9.754,0.957,0.00,0.00,0.00,19.655,9.360,1.112,0.00,0.00,0.00,13.564,6.233,0.101,0.00,0.00,0.00,3.179,3.179,3.179
2026-02-04 17:30:31,344.07,28,346,374,7.49%,134.02,1.74%,"[0, 5, 10, 15, 20, 25, 30, 35, 40, 45, 50, 55, 60, 65, 70, 75, 80, 85, 90, 95, 100]","[9, 4, 5, 2, 2, 6, 5, 7, 11, 12, 9, 8, 13, 12, 10, 7, 708, 17, 17, 749]","[0.005579665220086794, 0.008059516429014259, 0.011159330440173589, 0.012399256044637322, 0.013639181649101054, 0.01735895846249225, 0.02045877247365158, 0.024798512089274645, 0.03161810291382517, 0.03905765654060756, 0.044637321760694355, 0.04959702417854929, 0.05765654060756355, 0.06509609423434594, 0.0712957222566646, 0.07563546187228766, 0.5145691258524488, 0.5251084934903906, 0.5356478611283323, 1.0]",4.0,2.0,2.0,2.0,2.0,14,28.12916,8.0,0.0,hrl_dqn_apf,hierarchical,dqn,10.632,9.754,0.958,0.00,0.00,0.00,20.374,9.358,1.059,0.00,0.00,0.00,13.514,6.269,0.811,0.00,0.00,0.00,3.176,3.176,3.176
2026-02-04 17:30:32,345.07,28,345,373,7.51%,134.20,1.74%,"[0, 5, 10, 15, 20, 25, 30, 35, 40, 45, 50, 55, 60, 65, 70, 75, 80, 85, 90, 95, 100]","[10, 4, 4, 3, 3, 4, 5, 7, 12, 11, 11, 7, 13, 11, 11, 8, 706, 18, 18, 747]","[0.006199628022318661, 0.008679479231246125, 0.011159330440173589, 0.013019218846869188, 0.014879107253564786, 0.01735895846249225, 0.02045877247365158, 0.024798512089274645, 0.032238065716057036, 0.03905765654060756, 0.04587724736515809, 0.050216986980781156, 0.05827650340979541, 0.06509609423434594, 0.07191568505889646, 0.07687538747675139, 0.5145691258524488, 0.5257284562926224, 0.536887786732796, 1.0]",4.0,2.0,2.0,2.0,2.0,11,10.289259999999999,8.0,0.0,hrl_dqn_apf,hierarchical,dqn,11.257,10.331,0.980,0.00,0.00,0.00,21.857,9.352,1.037,0.00,0.00,0.00,13.135,6.047,1.223,0.00,0.00,0.00,3.173,3.173,3.173
2026-02-04 17:30:33,346.07,29,346,375,7.73%,134.32,1.80%,"[0, 5, 10, 15, 20, 25, 30, 35, 40, 45, 50, 55, 60, 65, 70, 75, 80, 85, 90, 95, 100]","[9, 5, 4, 4, 2, 5, 4, 6, 12, 10, 14, 6, 13, 11, 10, 9, 706, 17, 19, 747]","[0.005579665220086794, 0.008679479231246125, 0.011159330440173589, 0.013639181649101054, 0.014879107253564786, 0.017978921264724116, 0.02045877247365158, 0.02417854928704278, 0.03161810291382517, 0.03781773093614383, 0.04649721016738995, 0.050216986980781156, 0.05827650340979541, 0.06509609423434594, 0.0712957222566646, 0.07687538747675139, 0.5145691258524488, 0.5251084934903906, 0.536887786732796, 1.0]",4.0,2.0,2.0,2.0,2.0,21,10.4496,8.0,12.0,hrl_dqn_apf,hierarchical,dqn,10.711,10.707,0.974,0.00,0.00,0.00,22.619,9.349,1.034,0.00,0.00,0.00,13.667,5.697,1.257,0.00,0.00,0.00,3.170,3.170,3.170
2026-02-04 17:30:34,347.08,28,341,369,7.59%,134.45,1.74%,"[0, 5, 10, 15, 20, 25, 30, 35, 40, 45, 50, 55, 60, 65, 70, 75, 80, 85, 90, 95, 100]","[9, 4, 4, 4, 3, 4, 5, 6, 13, 9, 14, 7, 12, 12, 10, 9, 706, 17, 19, 746]","[0.005579665220086794, 0.008059516429014259, 0.010539367637941723, 0.013019218846869188, 0.014879107253564786, 0.01735895846249225, 0.02045877247365158, 0.02417854928704278, 0.032238065716057036, 0.03781773093614383, 0.04649721016738995, 0.05083694978301302, 0.05827650340979541, 0.0657160570365778, 0.07191568505889646, 0.07749535027898326, 0.5151890886546807, 0.5257284562926224, 0.5375077495350279, 1.0]",4.0,2.0,2.0,2.0,2.0,21,10.4496,8.0,12.0,hrl_dqn_apf,hierarchical,dqn,10.157,10.478,0.940,0.00,0.00,0.00,23.382,9.346,1.033,0.00,0.00,0.00,14.223,5.888,1.302,0.00,0.00,0.00,3.167,3.167,3.167
2026-02-04 17:30:35,348.08,26,343,369,7.05%,134.57,1.61%,"[0, 5, 10, 15, 20, 25, 30, 35, 40, 45, 50, 55, 60, 65, 70, 75, 80, 85, 90, 95, 100]","[7, 6, 5, 4, 2, 2, 7, 4, 15, 8, 15, 7, 8, 16, 9, 9, 707, 15, 18, 749]","[0.0043397396156230625, 0.008059516429014259, 0.011159330440173589, 0.013639181649101054, 0.014879107253564786, 0.016119032858028518, 0.02045877247365158, 0.022938623682579044, 0.032238065716057036, 0.037197768133911964, 0.04649721016738995, 0.05083694978301302, 0.05579665220086795, 0.0657160570365778, 0.0712957222566646, 0.07687538747675139, 0.5151890886546807, 0.5244885306881587, 0.5356478611283323, 1.0]",4.0,2.0,2.0,2.0,2.0,15,4.609680000000001,8.0,6.0,hrl_dqn_apf,hierarchical,dqn,9.949,10.056,0.926,0.00,0.00,0.00,23.994,9.438,1.032,0.00,0.00,0.00,14.432,6.331,1.320,0.00,0.00,0.00,3.164,3.164,3.164
2026-02-04 17:30:36,349.08,27,342,369,7.32%,134.88,1.67%,"[0, 5, 10, 15, 20, 25, 30, 35, 40, 45, 50, 55, 60, 65, 70, 75, 80, 85, 90, 95, 100]","[6, 8, 3, 5, 3, 2, 5, 5, 14, 7, 15, 10, 7, 16, 10, 7, 707, 16, 17, 750]","[0.0037197768133911966, 0.008679479231246125, 0.010539367637941723, 0.013639181649101054, 0.015499070055796652, 0.016738995660260384, 0.019838809671419714, 0.022938623682579044, 0.03161810291382517, 0.03595784252944823, 0.04525728456292622, 0.05145691258524489, 0.05579665220086795, 0.0657160570365778, 0.07191568505889646, 0.07625542467451953, 0.5145691258524488, 0.5244885306881587, 0.5350278983261004, 1.0]",4.0,2.0,2.0,2.0,2.0,7,16.76979,8.0,-6.0,hrl_dqn_apf,hierarchical,dqn,9.864,9.255,0.922,0.00,0.00,0.00,23.214,9.527,1.032,0.00,0.00,0.00,14.519,6.691,0.979,0.00,0.00,0.00,3.161,3.161,3.161
2026-02-04 17:30:37,350.08,27,340,367,7.36%,135.05,1.67%,"[0, 5, 10, 15, 20, 25, 30, 35, 40, 45, 50, 55, 60, 65, 70, 75, 80, 85, 90, 95, 100]","[7, 7, 2, 6, 2, 3, 4, 6, 13, 7, 16, 10, 5, 17, 9, 9, 707, 14, 18, 751]","[0.0043397396156230625, 0.008679479231246125, 0.009919404835709857, 0.013639181649101054, 0.014879107253564786, 0.016738995660260384, 0.019218846869187848, 0.022938623682579044, 0.030998140111593304, 0.035337879727216366, 0.04525728456292622, 0.05145691258524489, 0.05455672659640422, 0.06509609423434594, 0.07067575945443273, 0.07625542467451953, 0.5145691258524488, 0.523248605083695, 0.5344079355238686, 1.0]",4.0,2.0,2.0,2.0,2.0,7,16.76979,8.0,-6.0,hrl_dqn_apf,hierarchical,dqn,9.858,9.305,1.209,0.00,0.00,0.00,22.497,9.525,1.032,0.00,0.00,0.00,14.526,6.689,0.343,0.00,0.00,0.00,3.158,3.158,3.158
2026-02-04 17:30:38,351.09,26,337,363,7.16%,135.16,1.61%,"[0, 5, 10, 15, 20, 25, 30, 35, 40, 45, 50, 55, 60, 65, 70, 75, 80, 85, 90, 95, 100]","[7, 7, 3, 4, 3, 2, 5, 4, 12, 8, 16, 12, 5, 16, 10, 9, 705, 17, 17, 751]","[0.0043397396156230625, 0.008679479231246125, 0.010539367637941723, 0.013019218846869188, 0.014879107253564786, 0.016119032858028518, 0.019218846869187848, 0.02169869807811531, 0.029138251704897707, 0.034097954122752634, 0.04401735895846249, 0.05145691258524489, 0.05455672659640422, 0.06447613143211407, 0.07067575945443273, 0.07625542467451953, 0.5133292002479851, 0.5238685678859268, 0.5344079355238686, 1.0]",4.0,2.0,2.0,2.0,2.0,21,10.930340000000001,8.0,12.0,hrl_dqn_apf,hierarchical,dqn,9.857,9.317,1.823,0.00,0.00,0.00,21.750,9.521,1.033,0.00,0.00,0.00,14.528,6.685,-0.383,0.00,0.00,0.00,3.155,3.155,3.155
2026-02-04 17:30:39,352.09,28,337,365,7.67%,135.27,1.74%,"[0, 5, 10, 15, 20, 25, 30, 35, 40, 45, 50, 55, 60, 65, 70, 75, 80, 85, 90, 95, 100]","[7, 7, 4, 3, 4, 3, 4, 3, 12, 9, 15, 12, 6, 15, 11, 8, 706, 16, 17, 751]","[0.0043397396156230625, 0.008679479231246125, 0.011159330440173589, 0.013019218846869188, 0.015499070055796652, 0.01735895846249225, 0.019838809671419714, 0.02169869807811531, 0.029138251704897707, 0.0347179169249845, 0.04401735895846249, 0.05145691258524489, 0.05517668939863608, 0.06447613143211407, 0.0712957222566646, 0.07625542467451953, 0.513949163050217, 0.5238685678859268, 0.5344079355238686, 1.0]",4.0,2.0,2.0,2.0,2.0,7,17.01031,8.0,-6.0,hrl_dqn_apf,hierarchical,dqn,9.856,9.318,2.545,0.00,0.00,0.00,21.061,9.566,0.961,0.00,0.00,0.00,14.528,6.681,-1.137,0.00,0.00,0.00,3.152,3.152,3.152
2026-02-04 17:30:40,353.09,27,330,357,7.56%,135.42,1.67%,"[0, 5, 10, 15, 20, 25, 30, 35, 40, 45, 50, 55, 60, 65, 70, 75, 80, 85, 90, 95, 100]","[9, 3, 5, 3, 5, 2, 2, 5, 11, 9, 14, 14, 7, 12, 14, 8, 705, 17, 15, 753]","[0.005579665220086794, 0.007439553626782393, 0.010539367637941723, 0.012399256044637322, 0.015499070055796652, 0.016738995660260384, 0.017978921264724116, 0.021078735275883446, 0.027898326100433975, 0.03347799132052077, 0.04215747055176689, 0.05083694978301302, 0.05517668939863608, 0.06261624302541847, 0.0712957222566646, 0.07625542467451953, 0.5133292002479851, 0.5238685678859268, 0.5331680099194048, 1.0]",4.0,2.0,2.0,2.0,2.0,7,17.01031,8.0,-6.0,hrl_dqn_apf,hierarchical,dqn,9.857,9.314,4.055,0.00,0.00,0.00,20.675,9.607,-0.196,0.00,0.00,0.00,14.527,6.675,-2.657,0.00,0.00,0.00,3.149,3.149,3.149
2026-02-04 17:30:41,354.09,29,328,357,8.12%,135.43,1.80%,"[0, 5, 10, 15, 20, 25, 30, 35, 40, 45, 50, 55, 60, 65, 70, 75, 80, 85, 90, 95, 100]","[9, 5, 5, 3, 4, 3, 2, 5, 10, 10, 12, 15, 8, 11, 13, 8, 704, 17, 17, 752]","[0.005579665220086794, 0.008679479231246125, 0.011779293242405457, 0.013639181649101054, 0.016119032858028518, 0.017978921264724116, 0.019218846869187848, 0.022318660880347178, 0.02851828890266584, 0.0347179169249845, 0.04215747055176689, 0.05145691258524489, 0.056416615003099815, 0.06323620582765034, 0.0712957222566646, 0.07625542467451953, 0.5127092374457533, 0.523248605083695, 0.5337879727216367, 1.0]",4.0,2.0,2.0,2.0,2.0,16,11.170369999999998,8.0,6.0,hrl_dqn_apf,hierarchical,dqn,9.857,9.311,4.817,0.00,0.00,0.00,20.646,9.604,-0.937,0.00,0.00,0.00,14.527,6.825,-2.948,0.00,0.00,0.00,3.146,3.146,3.146
2026-02-04 17:30:42,355.09,28,329,357,7.84%,135.48,1.74%,"[0, 5, 10, 15, 20, 25, 30, 35, 40, 45, 50, 55, 60, 65, 70, 75, 80, 85, 90, 95, 100]","[9, 4, 6, 2, 5, 2, 3, 4, 11, 9, 12, 15, 9, 9, 14, 7, 706, 18, 15, 753]","[0.005579665220086794, 0.008059516429014259, 0.011779293242405457, 0.013019218846869188, 0.016119032858028518, 0.01735895846249225, 0.019218846869187848, 0.02169869807811531, 0.02851828890266584, 0.034097954122752634, 0.041537507749535026, 0.05083694978301302, 0.056416615003099815, 0.06199628022318661, 0.07067575945443273, 0.0750154990700558, 0.5127092374457533, 0.5238685678859268, 0.5331680099194048, 1.0]",4.0,2.0,2.0,2.0,2.0,5,5.330749999999998,8.0,-6.0,hrl_dqn_apf,hierarchical,dqn,9.857,9.445,5.245,0.00,0.00,0.00,20.636,9.601,-1.692,0.00,0.00,0.00,14.527,6.856,-2.533,0.00,0.00,0.00,3.143,3.143,3.143
2026-02-04 17:30:43,356.10,28,327,355,7.89%,135.51,1.74%,"[0, 5, 10, 15, 20, 25, 30, 35, 40, 45, 50, 55, 60, 65, 70, 75, 80, 85, 90, 95, 100]","[7, 6, 5, 3, 4, 3, 2, 5, 9, 9, 13, 15, 11, 9, 14, 7, 708, 17, 15, 751]","[0.0043397396156230625, 0.008059516429014259, 0.011159330440173589, 0.013019218846869188, 0.015499070055796652, 0.01735895846249225, 0.018598884066955982, 0.02169869807811531, 0.02727836329820211, 0.0328580285182889, 0.04091754494730316, 0.050216986980781156, 0.05703657780533168, 0.06261624302541847, 0.0712957222566646, 0.07563546187228766, 0.5145691258524488, 0.5251084934903906, 0.5344079355238686, 1.0]",4.0,2.0,2.0,2.0,2.0,5,5.330749999999998,8.0,-6.0,hrl_dqn_apf,hierarchical,dqn,9.857,9.491,4.903,0.00,0.00,0.00,20.632,9.598,-2.453,0.00,0.00,0.00,14.527,6.856,-1.867,0.00,0.00,0.00,3.140,3.140,3.140
2026-02-04 17:30:44,357.10,30,323,353,8.50%,135.64,1.86%,"[0, 5, 10, 15, 20, 25, 30, 35, 40, 45, 50, 55, 60, 65, 70, 75, 80, 85, 90, 95, 100]","[6, 6, 5, 4, 4, 5, 3, 4, 9, 7, 15, 12, 13, 10, 12, 9, 704, 18, 16, 751]","[0.0037197768133911966, 0.007439553626782393, 0.010539367637941723, 0.013019218846869188, 0.015499070055796652, 0.018598884066955982, 0.02045877247365158, 0.022938623682579044, 0.02851828890266584, 0.0328580285182889, 0.04215747055176689, 0.04959702417854929, 0.05765654060756355, 0.0638561686298822, 0.0712957222566646, 0.07687538747675139, 0.5133292002479851, 0.5244885306881587, 0.5344079355238686, 1.0]",4.0,2.0,2.0,2.0,2.0,14,29.49077,8.0,0.0,hrl_dqn_apf,hierarchical,dqn,9.857,9.490,3.531,0.00,0.00,0.00,21.029,9.679,-3.584,0.00,0.00,0.00,14.527,6.850,-0.378,0.00,0.00,0.00,3.137,3.137,3.137
2026-02-04 17:30:45,358.10,30,322,352,8.52%,135.70,1.86%,"[0, 5, 10, 15, 20, 25, 30, 35, 40, 45, 50, 55, 60, 65, 70, 75, 80, 85, 90, 95, 100]","[7, 6, 3, 5, 3, 6, 2, 2, 12, 7, 14, 13, 13, 11, 10, 10, 704, 18, 17, 750]","[0.0043397396156230625, 0.008059516429014259, 0.009919404835709857, 0.013019218846869188, 0.014879107253564786, 0.018598884066955982, 0.019838809671419714, 0.021078735275883446, 0.02851828890266584, 0.0328580285182889, 0.041537507749535026, 0.04959702417854929, 0.05765654060756355, 0.06447613143211407, 0.07067575945443273, 0.07687538747675139, 0.5133292002479851, 0.5244885306881587, 0.5350278983261004, 1.0]",4.0,2.0,2.0,2.0,2.0,16,11.651060000000001,8.0,6.0,hrl_dqn_apf,hierarchical,dqn,9.857,9.487,2.777,0.00,0.00,0.00,21.679,9.684,-3.708,0.00,0.00,0.00,14.528,6.847,0.384,0.00,0.00,0.00,3.134,3.134,3.134
2026-02-04 17:30:46,359.10,31,321,352,8.81%,135.81,1.92%,"[0, 5, 10, 15, 20, 25, 30, 35, 40, 45, 50, 55, 60, 65, 70, 75, 80, 85, 90, 95, 100]","[9, 5, 3, 5, 3, 6, 2, 2, 11, 6, 15, 11, 15, 11, 10, 10, 704, 18, 16, 751]","[0.005579665220086794, 0.008679479231246125, 0.010539367637941723, 0.013639181649101054, 0.015499070055796652, 0.019218846869187848, 0.02045877247365158, 0.02169869807811531, 0.02851828890266584, 0.032238065716057036, 0.041537507749535026, 0.04835709857408556, 0.05765654060756355, 0.06447613143211407, 0.07067575945443273, 0.07687538747675139, 0.5133292002479851, 0.5244885306881587, 0.5344079355238686, 1.0]",4.0,2.0,2.0,2.0,2.0,16,11.651060000000001,8.0,6.0,hrl_dqn_apf,hierarchical,dqn,9.857,9.484,2.019,0.00,0.00,0.00,22.409,9.682,-3.746,0.00,0.00,0.00,14.528,6.844,1.143,0.00,0.00,0.00,3.131,3.131,3.131
2026-02-04 17:30:47,360.10,29,323,352,8.24%,135.93,1.80%,"[0, 5, 10, 15, 20, 25, 30, 35, 40, 45, 50, 55, 60, 65, 70, 75, 80, 85, 90, 95, 100]","[9, 4, 3, 6, 2, 5, 4, 2, 10, 7, 14, 12, 14, 13, 10, 10, 701, 21, 16, 750]","[0.005579665220086794, 0.008059516429014259, 0.009919404835709857, 0.013639181649101054, 0.014879107253564786, 0.017978921264724116, 0.02045877247365158, 0.02169869807811531, 0.027898326100433975, 0.032238065716057036, 0.04091754494730316, 0.04835709857408556, 0.05703657780533168, 0.06509609423434594, 0.0712957222566646, 0.07749535027898326, 0.5120892746435214, 0.5251084934903906, 0.5350278983261004, 1.0]",4.0,2.0,2.0,2.0,2.0,18,23.81151,8.0,6.0,hrl_dqn_apf,hierarchical,dqn,9.933,9.530,1.332,0.00,0.00,0.00,23.164,9.679,-3.759,0.00,0.00,0.00,14.529,6.840,1.907,0.00,0.00,0.00,3.128,3.128,3.128
2026-02-04 17:30:48,361.11,27,321,348,7.76%,135.99,1.67%,"[0, 5, 10, 15, 20, 25, 30, 35, 40, 45, 50, 55, 60, 65, 70, 75, 80, 85, 90, 95, 100]","[8, 5, 4, 4, 3, 3, 7, 2, 11, 5, 12, 13, 13, 15, 10, 10, 702, 18, 17, 751]","[0.0049597024178549285, 0.008059516429014259, 0.010539367637941723, 0.013019218846869188, 0.014879107253564786, 0.016738995660260384, 0.021078735275883446, 0.022318660880347178, 0.029138251704897707, 0.032238065716057036, 0.03967761934283943, 0.04773713577185369, 0.05579665220086795, 0.06509609423434594, 0.0712957222566646, 0.07749535027898326, 0.5127092374457533, 0.5238685678859268, 0.5344079355238686, 1.0]",4.0,2.0,2.0,2.0,2.0,18,23.81151,8.0,6.0,hrl_dqn_apf,hierarchical,dqn,11.115,9.570,0.952,0.00,0.00,0.00,23.875,9.846,-3.765,0.00,0.00,0.00,14.531,6.852,3.011,0.00,0.00,0.00,3.125,3.125,3.125
2026-02-04 17:30:49,362.11,28,320,348,8.05%,136.08,1.74%,"[0, 5, 10, 15, 20, 25, 30, 35, 40, 45, 50, 55, 60, 65, 70, 75, 80, 85, 90, 95, 100]","[10, 4, 3, 5, 3, 3, 5, 3, 10, 5, 12, 14, 12, 16, 10, 8, 704, 18, 17, 751]","[0.006199628022318661, 0.008679479231246125, 0.010539367637941723, 0.013639181649101054, 0.015499070055796652, 0.01735895846249225, 0.02045877247365158, 0.022318660880347178, 0.02851828890266584, 0.03161810291382517, 0.03905765654060756, 0.04773713577185369, 0.05517668939863608, 0.06509609423434594, 0.0712957222566646, 0.07625542467451953, 0.5127092374457533, 0.5238685678859268, 0.5344079355238686, 1.0]",4.0,2.0,2.0,2.0,2.0,7,17.97149,8.0,-6.0,hrl_dqn_apf,hierarchical,dqn,11.857,9.567,0.924,0.00,0.00,0.00,23.336,9.858,-3.765,0.00,0.00,0.00,14.531,6.851,3.712,0.00,0.00,0.00,3.122,3.122,3.122
2026-02-04 17:30:50,363.11,27,321,348,7.76%,136.20,1.67%,"[0, 5, 10, 15, 20, 25, 30, 35, 40, 45, 50, 55, 60, 65, 70, 75, 80, 85, 90, 95, 100]","[8, 5, 4, 2, 5, 3, 6, 2, 8, 8, 11, 13, 13, 17, 10, 7, 705, 17, 17, 752]","[0.0049597024178549285, 0.008059516429014259, 0.010539367637941723, 0.011779293242405457, 0.014879107253564786, 0.016738995660260384, 0.02045877247365158, 0.02169869807811531, 0.026658400495970243, 0.03161810291382517, 0.038437693738375696, 0.04649721016738995, 0.05455672659640422, 0.06509609423434594, 0.0712957222566646, 0.07563546187228766, 0.5127092374457533, 0.523248605083695, 0.5337879727216367, 1.0]",4.0,2.0,2.0,2.0,2.0,18,24.13166,8.0,6.0,hrl_dqn_apf,hierarchical,dqn,12.311,9.872,0.786,0.00,0.00,0.00,22.638,9.857,-3.765,0.00,0.00,0.00,14.624,6.689,4.426,0.00,0.00,0.00,3.119,3.119,3.119
2026-02-04 17:30:51,364.11,28,318,346,8.09%,136.27,1.74%,"[0, 5, 10, 15, 20, 25, 30, 35, 40, 45, 50, 55, 60, 65, 70, 75, 80, 85, 90, 95, 100]","[8, 6, 4, 2, 5, 3, 6, 2, 8, 7, 12, 13, 10, 19, 10, 7, 705, 17, 17, 752]","[0.0049597024178549285, 0.008679479231246125, 0.011159330440173589, 0.012399256044637322, 0.015499070055796652, 0.01735895846249225, 0.021078735275883446, 0.022318660880347178, 0.02727836329820211, 0.03161810291382517, 0.03905765654060756, 0.047117172969621826, 0.053316800991940486, 0.06509609423434594, 0.0712957222566646, 0.07563546187228766, 0.5127092374457533, 0.523248605083695, 0.5337879727216367, 1.0]",4.0,2.0,2.0,2.0,2.0,18,24.13166,8.0,6.0,hrl_dqn_apf,hierarchical,dqn,12.269,10.029,0.433,0.00,0.00,0.00,21.891,9.853,-3.764,0.00,0.00,0.00,15.018,6.594,4.996,0.00,0.00,0.00,3.116,3.116,3.116
2026-02-04 17:30:52,365.11,28,316,344,8.14%,136.45,1.74%,"[0, 5, 10, 15, 20, 25, 30, 35, 40, 45, 50, 55, 60, 65, 70, 75, 80, 85, 90, 95, 100]","[7, 7, 3, 3, 5, 3, 4, 4, 9, 6, 10, 14, 12, 18, 11, 6, 704, 17, 20, 750]","[0.0043397396156230625, 0.008679479231246125, 0.010539367637941723, 0.012399256044637322, 0.015499070055796652, 0.01735895846249225, 0.019838809671419714, 0.022318660880347178, 0.027898326100433975, 0.03161810291382517, 0.03781773093614383, 0.04649721016738995, 0.05393676379417235, 0.06509609423434594, 0.07191568505889646, 0.07563546187228766, 0.5120892746435214, 0.5226286422814631, 0.5350278983261004, 1.0]",4.0,2.0,2.0,2.0,2.0,4,30.29207,8.0,-12.0,hrl_dqn_apf,hierarchical,dqn,12.907,9.547,0.210,0.00,0.00,0.00,20.373,9.851,-3.762,0.00,0.00,0.00,16.375,6.616,5.316,0.00,0.00,0.00,3.113,3.113,3.113
2026-02-04 17:30:53,366.12,29,313,342,8.48%,136.51,1.80%,"[0, 5, 10, 15, 20, 25, 30, 35, 40, 45, 50, 55, 60, 65, 70, 75, 80, 85, 90, 95, 100]","[9, 5, 3, 4, 5, 3, 3, 6, 8, 7, 9, 13, 12, 16, 14, 5, 704, 17, 19, 751]","[0.005579665220086794, 0.008679479231246125, 0.010539367637941723, 0.013019218846869188, 0.016119032858028518, 0.017978921264724116, 0.019838809671419714, 0.023558586484810913, 0.02851828890266584, 0.0328580285182889, 0.038437693738375696, 0.04649721016738995, 0.05393676379417235, 0.0638561686298822, 0.07253564786112833, 0.07563546187228766, 0.5120892746435214, 0.5226286422814631, 0.5344079355238686, 1.0]",4.0,2.0,2.0,2.0,2.0,14,30.45195,8.0,0.0,hrl_dqn_apf,hierarchical,dqn,13.278,9.577,0.194,0.00,0.00,0.00,20.173,10.005,-3.762,0.00,0.00,0.00,17.126,6.614,5.340,0.00,0.00,0.00,3.110,3.110,3.110
2026-02-04 17:30:54,367.12,29,309,338,8.58%,136.62,1.80%,"[0, 5, 10, 15, 20, 25, 30, 35, 40, 45, 50, 55, 60, 65, 70, 75, 80, 85, 90, 95, 100]","[9, 5, 4, 3, 5, 3, 3, 5, 9, 6, 9, 13, 13, 16, 14, 5, 703, 18, 17, 753]","[0.005579665220086794, 0.008679479231246125, 0.011159330440173589, 0.013019218846869188, 0.016119032858028518, 0.017978921264724116, 0.019838809671419714, 0.022938623682579044, 0.02851828890266584, 0.032238065716057036, 0.03781773093614383, 0.04587724736515809, 0.05393676379417235, 0.0638561686298822, 0.07253564786112833, 0.07563546187228766, 0.5114693118412895, 0.5226286422814631, 0.5331680099194048, 1.0]",4.0,2.0,2.0,2.0,2.0,14,30.45195,8.0,0.0,hrl_dqn_apf,hierarchical,dqn,13.918,9.585,0.189,0.00,0.00,0.00,20.456,9.684,-3.762,0.00,0.00,0.00,17.749,6.674,5.483,0.00,0.00,0.00,3.107,3.107,3.107
2026-02-04 17:30:55,368.12,29,307,336,8.63%,136.74,1.80%,"[0, 5, 10, 15, 20, 25, 30, 35, 40, 45, 50, 55, 60, 65, 70, 75, 80, 85, 90, 95, 100]","[8, 5, 4, 4, 3, 5, 4, 5, 8, 4, 11, 11, 15, 15, 15, 5, 700, 21, 16, 754]","[0.0049597024178549285, 0.008059516429014259, 0.010539367637941723, 0.013019218846869188, 0.014879107253564786, 0.017978921264724116, 0.02045877247365158, 0.023558586484810913, 0.02851828890266584, 0.030998140111593304, 0.03781773093614383, 0.044637321760694355, 0.05393676379417235, 0.06323620582765034, 0.07253564786112833, 0.07563546187228766, 0.5096094234345939, 0.5226286422814631, 0.532548047117173, 1.0]",4.0,2.0,2.0,2.0,2.0,22,18.53157,8.0,12.0,hrl_dqn_apf,hierarchical,dqn,14.647,9.584,0.187,0.00,0.00,0.00,20.656,9.514,-3.762,0.00,0.00,0.00,17.985,6.700,6.024,0.00,0.00,0.00,3.104,3.104,3.104
2026-02-04 17:30:56,369.12,30,304,334,8.98%,136.91,1.86%,"[0, 5, 10, 15, 20, 25, 30, 35, 40, 45, 50, 55, 60, 65, 70, 75, 80, 85, 90, 95, 100]","[8, 6, 5, 3, 2, 6, 3, 5, 9, 4, 10, 10, 16, 13, 16, 7, 699, 21, 16, 754]","[0.0049597024178549285, 0.008679479231246125, 0.011779293242405457, 0.013639181649101054, 0.014879107253564786, 0.018598884066955982, 0.02045877247365158, 0.023558586484810913, 0.029138251704897707, 0.03161810291382517, 0.03781773093614383, 0.04401735895846249, 0.05393676379417235, 0.06199628022318661, 0.07191568505889646, 0.07625542467451953, 0.5096094234345939, 0.5226286422814631, 0.532548047117173, 1.0]",4.0,2.0,2.0,2.0,2.0,21,12.69265,8.0,12.0,hrl_dqn_apf,hierarchical,dqn,15.744,9.666,0.610,0.00,0.00,0.00,21.870,9.540,-3.761,0.00,0.00,0.00,18.081,6.697,7.468,0.00,0.00,0.00,3.101,3.101,3.101
2026-02-04 17:30:57,370.13,30,302,332,9.04%,136.97,1.86%,"[0, 5, 10, 15, 20, 25, 30, 35, 40, 45, 50, 55, 60, 65, 70, 75, 80, 85, 90, 95, 100]","[9, 3, 6, 3, 3, 6, 2, 5, 9, 5, 11, 10, 15, 14, 16, 7, 696, 21, 16, 756]","[0.005579665220086794, 0.007439553626782393, 0.011159330440173589, 0.013019218846869188, 0.014879107253564786, 0.018598884066955982, 0.019838809671419714, 0.022938623682579044, 0.02851828890266584, 0.03161810291382517, 0.038437693738375696, 0.044637321760694355, 0.05393676379417235, 0.06261624302541847, 0.07253564786112833, 0.07687538747675139, 0.5083694978301302, 0.5213887166769994, 0.5313081215127092, 1.0]",4.0,2.0,2.0,2.0,2.0,21,12.69265,8.0,12.0,hrl_dqn_apf,hierarchical,dqn,15.862,9.671,1.266,0.00,0.00,0.00,22.343,9.613,-3.484,0.00,0.00,0.00,18.088,6.694,8.226,0.00,0.00,0.00,3.098,3.098,3.098
2026-02-04 17:30:58,371.13,29,303,332,8.73%,136.97,1.80%,"[0, 5, 10, 15, 20, 25, 30, 35, 40, 45, 50, 55, 60, 65, 70, 75, 80, 85, 90, 95, 100]","[8, 4, 5, 3, 4, 5, 3, 3, 11, 4, 12, 8, 15, 15, 15, 10, 696, 21, 16, 755]","[0.0049597024178549285, 0.007439553626782393, 0.010539367637941723, 0.012399256044637322, 0.014879107253564786, 0.017978921264724116, 0.019838809671419714, 0.02169869807811531, 0.02851828890266584, 0.030998140111593304, 0.038437693738375696, 0.04339739615623062, 0.05269683818970862, 0.06199628022318661, 0.0712957222566646, 0.07749535027898326, 0.5089894606323621, 0.5220086794792312, 0.5319280843149411, 1.0]",4.0,2.0,2.0,2.0,2.0,24,30.8527,8.0,12.0,hrl_dqn_apf,hierarchical,dqn,15.899,9.668,1.997,0.00,0.00,0.00,22.500,9.624,-2.874,0.00,0.00,0.00,18.091,6.691,8.986,0.00,0.00,0.00,3.095,3.095,3.095
2026-02-04 17:30:59,372.13,28,303,331,8.46%,136.94,1.74%,"[0, 5, 10, 15, 20, 25, 30, 35, 40, 45, 50, 55, 60, 65, 70, 75, 80, 85, 90, 95, 100]","[7, 4, 6, 3, 3, 5, 3, 3, 11, 5, 11, 8, 16, 16, 14, 11, 697, 20, 17, 753]","[0.0043397396156230625, 0.006819590824550527, 0.010539367637941723, 0.012399256044637322, 0.01425914445133292, 0.01735895846249225, 0.019218846869187848, 0.021078735275883446, 0.027898326100433975, 0.030998140111593304, 0.03781773093614383, 0.04277743335399876, 0.05269683818970862, 0.06261624302541847, 0.0712957222566646, 0.07811531308121512, 0.5102293862368258, 0.5226286422814631, 0.5331680099194048, 1.0]",4.0,2.0,2.0,2.0,2.0,6,13.012979999999999,8.0,-6.0,hrl_dqn_apf,hierarchical,dqn,15.906,9.675,2.478,0.00,0.00,0.00,22.549,9.623,-2.152,0.00,0.00,0.00,18.092,6.772,9.630,0.00,0.00,0.00,3.092,3.092,3.092
2026-02-04 17:31:00,373.13,27,304,331,8.16%,136.95,1.67%,"[0, 5, 10, 15, 20, 25, 30, 35, 40, 45, 50, 55, 60, 65, 70, 75, 80, 85, 90, 95, 100]","[4, 8, 4, 5, 4, 2, 5, 4, 12, 4, 10, 10, 13, 19, 14, 11, 697, 17, 19, 751]","[0.0024798512089274642, 0.007439553626782393, 0.009919404835709857, 0.013019218846869188, 0.015499070055796652, 0.016738995660260384, 0.019838809671419714, 0.022318660880347178, 0.029758214507129573, 0.032238065716057036, 0.038437693738375696, 0.044637321760694355, 0.05269683818970862, 0.06447613143211407, 0.0731556106633602, 0.07997520148791072, 0.5120892746435214, 0.5226286422814631, 0.5344079355238686, 1.0]",4.0,2.0,2.0,2.0,2.0,6,13.012979999999999,8.0,-6.0,hrl_dqn_apf,hierarchical,dqn,15.909,9.683,3.756,0.00,0.00,0.00,22.570,9.616,-0.643,0.00,0.00,0.00,18.093,6.871,8.901,0.00,0.00,0.00,3.089,3.089,3.089
2026-02-04 17:31:01,374.13,28,301,329,8.51%,136.92,1.74%,"[0, 5, 10, 15, 20, 25, 30, 35, 40, 45, 50, 55, 60, 65, 70, 75, 80, 85, 90, 95, 100]","[4, 7, 5, 5, 4, 3, 5, 5, 11, 6, 9, 10, 12, 19, 13, 12, 698, 16, 20, 749]","[0.0024798512089274642, 0.006819590824550527, 0.009919404835709857, 0.013019218846869188, 0.015499070055796652, 0.01735895846249225, 0.02045877247365158, 0.023558586484810913, 0.03037817730936144, 0.034097954122752634, 0.03967761934283943, 0.04587724736515809, 0.053316800991940486, 0.06509609423434594, 0.0731556106633602, 0.08059516429014259, 0.5133292002479851, 0.523248605083695, 0.5356478611283323, 1.0]",4.0,2.0,2.0,2.0,2.0,15,7.173210000000001,8.0,6.0,hrl_dqn_apf,hierarchical,dqn,15.625,9.756,4.229,0.00,0.00,0.00,22.573,9.613,0.117,0.00,0.00,0.00,18.092,6.869,8.190,0.00,0.00,0.00,3.086,3.086,3.086
2026-02-04 17:31:02,375.14,29,298,327,8.87%,136.93,1.80%,"[0, 5, 10, 15, 20, 25, 30, 35, 40, 45, 50, 55, 60, 65, 70, 75, 80, 85, 90, 95, 100]","[7, 7, 4, 6, 2, 3, 6, 5, 11, 5, 11, 9, 12, 17, 14, 12, 698, 15, 18, 751]","[0.0043397396156230625, 0.008679479231246125, 0.011159330440173589, 0.014879107253564786, 0.016119032858028518, 0.017978921264724116, 0.02169869807811531, 0.024798512089274645, 0.03161810291382517, 0.0347179169249845, 0.041537507749535026, 0.047117172969621826, 0.05455672659640422, 0.06509609423434594, 0.07377557346559206, 0.08121512709237445, 0.513949163050217, 0.523248605083695, 0.5344079355238686, 1.0]",4.0,2.0,2.0,2.0,2.0,6,13.33313,8.0,-6.0,hrl_dqn_apf,hierarchical,dqn,15.009,9.766,4.384,0.00,0.00,0.00,22.411,9.679,0.719,0.00,0.00,0.00,18.092,6.866,7.441,0.00,0.00,0.00,3.083,3.083,3.083
2026-02-04 17:31:03,376.14,30,297,327,9.17%,137.04,1.86%,"[0, 5, 10, 15, 20, 25, 30, 35, 40, 45, 50, 55, 60, 65, 70, 75, 80, 85, 90, 95, 100]","[7, 7, 5, 5, 3, 3, 5, 5, 10, 6, 10, 10, 10, 18, 14, 12, 699, 13, 20, 751]","[0.0043397396156230625, 0.008679479231246125, 0.011779293242405457, 0.014879107253564786, 0.016738995660260384, 0.018598884066955982, 0.02169869807811531, 0.024798512089274645, 0.030998140111593304, 0.0347179169249845, 0.04091754494730316, 0.047117172969621826, 0.053316800991940486, 0.06447613143211407, 0.0731556106633602, 0.08059516429014259, 0.513949163050217, 0.5220086794792312, 0.5344079355238686, 1.0]",4.0,2.0,2.0,2.0,2.0,6,13.33313,8.0,-6.0,hrl_dqn_apf,hierarchical,dqn,14.290,9.764,4.432,0.00,0.00,0.00,21.858,9.701,0.937,0.00,0.00,0.00,18.091,6.862,6.684,0.00,0.00,0.00,3.080,3.080,3.080
2026-02-04 17:31:04,377.14,30,297,327,9.17%,137.20,1.86%,"[0, 5, 10, 15, 20, 25, 30, 35, 40, 45, 50, 55, 60, 65, 70, 75, 80, 85, 90, 95, 100]","[9, 5, 4, 5, 5, 2, 3, 4, 11, 7, 10, 10, 10, 15, 18, 9, 702, 13, 18, 753]","[0.005579665220086794, 0.008679479231246125, 0.011159330440173589, 0.01425914445133292, 0.01735895846249225, 0.018598884066955982, 0.02045877247365158, 0.022938623682579044, 0.029758214507129573, 0.034097954122752634, 0.040297582145071294, 0.04649721016738995, 0.05269683818970862, 0.06199628022318661, 0.0731556106633602, 0.07873527588344699, 0.513949163050217, 0.5220086794792312, 0.5331680099194048, 1.0]",4.0,2.0,2.0,2.0,2.0,11,13.49335,8.0,0.0,hrl_dqn_apf,hierarchical,dqn,12.779,9.760,4.453,0.00,0.00,0.00,20.406,9.697,1.026,0.00,0.00,0.00,18.090,6.856,5.159,0.00,0.00,0.00,3.077,3.077,3.077
2026-02-04 17:31:05,378.14,30,293,323,9.29%,137.27,1.86%,"[0, 5, 10, 15, 20, 25, 30, 35, 40, 45, 50, 55, 60, 65, 70, 75, 80, 85, 90, 95, 100]","[9, 3, 6, 4, 6, 2, 1, 5, 11, 9, 9, 9, 12, 15, 17, 10, 701, 14, 16, 754]","[0.005579665220086794, 0.007439553626782393, 0.011159330440173589, 0.013639181649101054, 0.01735895846249225, 0.018598884066955982, 0.019218846869187848, 0.022318660880347178, 0.029138251704897707, 0.0347179169249845, 0.040297582145071294, 0.04587724736515809, 0.053316800991940486, 0.06261624302541847, 0.0731556106633602, 0.07935523868567886, 0.513949163050217, 0.5226286422814631, 0.532548047117173, 1.0]",4.0,2.0,2.0,2.0,2.0,16,13.653649999999999,8.0,6.0,hrl_dqn_apf,hierarchical,dqn,12.289,9.836,4.750,0.00,0.00,0.00,19.630,9.694,1.034,0.00,0.00,0.00,18.090,6.853,4.378,0.00,0.00,0.00,3.074,3.074,3.074
2026-02-04 17:31:06,379.14,34,287,321,10.59%,137.29,2.11%,"[0, 5, 10, 15, 20, 25, 30, 35, 40, 45, 50, 55, 60, 65, 70, 75, 80, 85, 90, 95, 100]","[10, 5, 5, 5, 6, 3, 1, 3, 10, 8, 9, 9, 12, 14, 17, 9, 701, 16, 17, 753]","[0.006199628022318661, 0.009299442033477991, 0.012399256044637322, 0.015499070055796652, 0.019218846869187848, 0.021078735275883446, 0.02169869807811531, 0.023558586484810913, 0.029758214507129573, 0.0347179169249845, 0.040297582145071294, 0.04587724736515809, 0.053316800991940486, 0.06199628022318661, 0.07253564786112833, 0.07811531308121512, 0.5127092374457533, 0.5226286422814631, 0.5331680099194048, 1.0]",4.0,2.0,2.0,2.0,2.0,16,13.653649999999999,8.0,6.0,hrl_dqn_apf,hierarchical,dqn,12.134,9.846,5.365,0.00,0.00,0.00,19.118,9.991,0.876,0.00,0.00,0.00,18.030,6.785,3.887,0.00,0.00,0.00,3.071,3.071,3.071
2026-02-04 17:31:07,380.14,34,287,321,10.59%,137.34,2.11%,"[0, 5, 10, 15, 20, 25, 30, 35, 40, 45, 50, 55, 60, 65, 70, 75, 80, 85, 90, 95, 100]","[12, 4, 5, 5, 6, 2, 2, 3, 9, 7, 11, 9, 11, 14, 16, 11, 700, 17, 15, 754]","[0.007439553626782393, 0.009919404835709857, 0.013019218846869188, 0.016119032858028518, 0.019838809671419714, 0.021078735275883446, 0.022318660880347178, 0.02417854928704278, 0.029758214507129573, 0.034097954122752634, 0.04091754494730316, 0.04649721016738995, 0.053316800991940486, 0.06199628022318661, 0.07191568505889646, 0.07873527588344699, 0.5127092374457533, 0.523248605083695, 0.532548047117173, 1.0]",4.0,2.0,2.0,2.0,2.0,14,31.81376,8.0,0.0,hrl_dqn_apf,hierarchical,dqn,12.174,9.897,6.002,0.00,0.00,0.00,19.137,10.295,0.361,0.00,0.00,0.00,17.808,6.566,4.146,0.00,0.00,0.00,3.068,3.068,3.068
2026-02-04 17:31:08,381.15,35,278,313,11.18%,137.51,2.17%,"[0, 5, 10, 15, 20, 25, 30, 35, 40, 45, 50, 55, 60, 65, 70, 75, 80, 85, 90, 95, 100]","[10, 5, 5, 6, 6, 3, 3, 2, 10, 4, 12, 10, 12, 12, 14, 13, 698, 20, 12, 756]","[0.006199628022318661, 0.009299442033477991, 0.012399256044637322, 0.016119032858028518, 0.019838809671419714, 0.02169869807811531, 0.023558586484810913, 0.024798512089274645, 0.030998140111593304, 0.03347799132052077, 0.04091754494730316, 0.047117172969621826, 0.05455672659640422, 0.06199628022318661, 0.07067575945443273, 0.07873527588344699, 0.5114693118412895, 0.5238685678859268, 0.5313081215127092, 1.0]",4.0,2.0,2.0,2.0,2.0,9,31.97398,8.0,-6.0,hrl_dqn_apf,hierarchical,dqn,13.335,9.934,6.351,0.00,0.00,0.00,19.443,9.976,-0.632,0.00,0.00,0.00,17.804,6.463,5.053,0.00,0.00,0.00,3.065,3.065,3.065
2026-02-04 17:31:09,382.15,35,278,313,11.18%,137.61,2.17%,"[0, 5, 10, 15, 20, 25, 30, 35, 40, 45, 50, 55, 60, 65, 70, 75, 80, 85, 90, 95, 100]","[8, 8, 5, 4, 6, 4, 2, 3, 10, 5, 12, 9, 13, 12, 13, 14, 697, 21, 12, 755]","[0.0049597024178549285, 0.009919404835709857, 0.013019218846869188, 0.015499070055796652, 0.019218846869187848, 0.02169869807811531, 0.022938623682579044, 0.024798512089274645, 0.030998140111593304, 0.034097954122752634, 0.041537507749535026, 0.047117172969621826, 0.05517668939863608, 0.06261624302541847, 0.07067575945443273, 0.07935523868567886, 0.5114693118412895, 0.5244885306881587, 0.5319280843149411, 1.0]",4.0,2.0,2.0,2.0,2.0,9,31.97398,8.0,-6.0,hrl_dqn_apf,hierarchical,dqn,14.076,9.931,6.377,0.00,0.00,0.00,19.481,9.560,-0.744,0.00,0.00,0.00,18.409,6.476,5.162,0.00,0.00,0.00,3.062,3.062,3.062
2026-02-04 17:31:10,383.15,37,274,311,11.90%,137.67,2.29%,"[0, 5, 10, 15, 20, 25, 30, 35, 40, 45, 50, 55, 60, 65, 70, 75, 80, 85, 90, 95, 100]","[10, 8, 4, 5, 4, 6, 2, 1, 9, 6, 13, 8, 11, 15, 12, 14, 698, 21, 12, 754]","[0.006199628022318661, 0.011159330440173589, 0.013639181649101054, 0.016738995660260384, 0.019218846869187848, 0.022938623682579044, 0.02417854928704278, 0.024798512089274645, 0.03037817730936144, 0.034097954122752634, 0.04215747055176689, 0.047117172969621826, 0.05393676379417235, 0.06323620582765034, 0.07067575945443273, 0.07935523868567886, 0.5120892746435214, 0.5251084934903906, 0.532548047117173, 1.0]",4.0,2.0,2.0,2.0,2.0,2,20.0542,8.0,-12.0,hrl_dqn_apf,hierarchical,dqn,14.657,9.999,6.205,0.00,0.00,0.00,19.671,9.522,-0.777,0.00,0.00,0.00,19.128,6.475,5.196,0.00,0.00,0.00,3.059,3.059,3.059
2026-02-04 17:31:11,384.15,38,271,309,12.30%,137.78,2.36%,"[0, 5, 10, 15, 20, 25, 30, 35, 40, 45, 50, 55, 60, 65, 70, 75, 80, 85, 90, 95, 100]","[10, 8, 4, 5, 5, 6, 2, 1, 9, 6, 13, 8, 11, 14, 12, 13, 697, 20, 15, 754]","[0.006199628022318661, 0.011159330440173589, 0.013639181649101054, 0.016738995660260384, 0.019838809671419714, 0.023558586484810913, 0.024798512089274645, 0.02541847489150651, 0.030998140111593304, 0.0347179169249845, 0.04277743335399876, 0.04773713577185369, 0.05455672659640422, 0.06323620582765034, 0.07067575945443273, 0.07873527588344699, 0.5108493490390577, 0.523248605083695, 0.532548047117173, 1.0]",4.0,2.0,2.0,2.0,2.0,20,8.214210000000001,8.0,12.0,hrl_dqn_apf,hierarchical,dqn,14.864,10.019,5.643,0.00,0.00,0.00,20.159,9.573,-0.706,0.00,0.00,0.00,19.877,6.473,5.206,0.00,0.00,0.00,3.056,3.056,3.056
2026-02-04 17:31:12,385.15,38,271,309,12.30%,137.95,2.36%,"[0, 5, 10, 15, 20, 25, 30, 35, 40, 45, 50, 55, 60, 65, 70, 75, 80, 85, 90, 95, 100]","[9, 9, 3, 5, 5, 7, 1, 2, 10, 6, 11, 10, 11, 14, 11, 13, 698, 19, 16, 753]","[0.005579665220086794, 0.011159330440173589, 0.013019218846869188, 0.016119032858028518, 0.019218846869187848, 0.023558586484810913, 0.02417854928704278, 0.02541847489150651, 0.03161810291382517, 0.035337879727216366, 0.04215747055176689, 0.04835709857408556, 0.05517668939863608, 0.0638561686298822, 0.07067575945443273, 0.07873527588344699, 0.5114693118412895, 0.523248605083695, 0.5331680099194048, 1.0]",4.0,2.0,2.0,2.0,2.0,20,8.214210000000001,8.0,12.0,hrl_dqn_apf,hierarchical,dqn,14.951,9.532,4.600,0.00,0.00,0.00,20.462,9.609,0.460,0.00,0.00,0.00,21.396,6.468,5.210,0.00,0.00,0.00,3.053,3.053,3.053
2026-02-04 17:31:13,386.16,36,272,308,11.69%,138.03,2.23%,"[0, 5, 10, 15, 20, 25, 30, 35, 40, 45, 50, 55, 60, 65, 70, 75, 80, 85, 90, 95, 100]","[9, 7, 4, 5, 6, 5, 3, 2, 11, 5, 10, 11, 11, 14, 10, 12, 699, 18, 19, 752]","[0.005579665220086794, 0.009919404835709857, 0.012399256044637322, 0.015499070055796652, 0.019218846869187848, 0.022318660880347178, 0.02417854928704278, 0.02541847489150651, 0.032238065716057036, 0.035337879727216366, 0.041537507749535026, 0.04835709857408556, 0.05517668939863608, 0.0638561686298822, 0.07005579665220087, 0.07749535027898326, 0.5108493490390577, 0.5220086794792312, 0.5337879727216367, 1.0]",4.0,2.0,2.0,2.0,2.0,12,20.37425,8.0,0.0,hrl_dqn_apf,hierarchical,dqn,14.957,9.559,4.197,0.00,0.00,0.00,20.485,9.607,1.202,0.00,0.00,0.00,21.913,6.543,4.959,0.00,0.00,0.00,3.050,3.050,3.050
2026-02-04 17:31:14,387.16,36,272,308,11.69%,138.08,2.23%,"[0, 5, 10, 15, 20, 25, 30, 35, 40, 45, 50, 55, 60, 65, 70, 75, 80, 85, 90, 95, 100]","[8, 7, 6, 5, 5, 5, 4, 1, 11, 5, 11, 11, 11, 14, 11, 10, 701, 17, 19, 751]","[0.0049597024178549285, 0.009299442033477991, 0.013019218846869188, 0.016119032858028518, 0.019218846869187848, 0.022318660880347178, 0.024798512089274645, 0.02541847489150651, 0.032238065716057036, 0.035337879727216366, 0.04215747055176689, 0.048977061376317424, 0.05579665220086795, 0.06447613143211407, 0.0712957222566646, 0.07749535027898326, 0.5120892746435214, 0.5226286422814631, 0.5344079355238686, 1.0]",4.0,2.0,2.0,2.0,2.0,5,8.53462,8.0,-6.0,hrl_dqn_apf,hierarchical,dqn,14.959,9.600,4.119,0.00,0.00,0.00,20.324,9.674,1.791,0.00,0.00,0.00,22.086,6.556,4.359,0.00,0.00,0.00,3.047,3.047,3.047
2026-02-04 17:31:15,388.16,36,268,304,11.84%,138.18,2.23%,"[0, 5, 10, 15, 20, 25, 30, 35, 40, 45, 50, 55, 60, 65, 70, 75, 80, 85, 90, 95, 100]","[9, 6, 6, 5, 5, 5, 6, 1, 9, 4, 12, 11, 10, 13, 13, 9, 700, 17, 20, 752]","[0.005579665220086794, 0.009299442033477991, 0.013019218846869188, 0.016119032858028518, 0.019218846869187848, 0.022318660880347178, 0.026038437693738377, 0.026658400495970243, 0.032238065716057036, 0.0347179169249845, 0.04215747055176689, 0.048977061376317424, 0.05517668939863608, 0.06323620582765034, 0.0712957222566646, 0.07687538747675139, 0.5108493490390577, 0.5213887166769994, 0.5337879727216367, 1.0]",4.0,2.0,2.0,2.0,2.0,5,8.53462,8.0,-6.0,hrl_dqn_apf,hierarchical,dqn,14.959,9.718,4.130,0.00,0.00,0.00,19.287,10.204,1.587,0.00,0.00,0.00,22.456,6.259,3.829,0.00,0.00,0.00,3.044,3.044,3.044
2026-02-04 17:31:16,389.16,36,268,304,11.84%,138.28,2.23%,"[0, 5, 10, 15, 20, 25, 30, 35, 40, 45, 50, 55, 60, 65, 70, 75, 80, 85, 90, 95, 100]","[6, 8, 7, 5, 6, 4, 7, 0, 10, 4, 12, 10, 11, 13, 13, 8, 701, 16, 18, 754]","[0.0037197768133911966, 0.008679479231246125, 0.013019218846869188, 0.016119032858028518, 0.019838809671419714, 0.022318660880347178, 0.026658400495970243, 0.026658400495970243, 0.0328580285182889, 0.035337879727216366, 0.04277743335399876, 0.048977061376317424, 0.05579665220086795, 0.0638561686298822, 0.07191568505889646, 0.07687538747675139, 0.5114693118412895, 0.5213887166769994, 0.532548047117173, 1.0]",4.0,2.0,2.0,2.0,2.0,19,32.6944,8.0,6.0,hrl_dqn_apf,hierarchical,dqn,14.959,9.778,4.112,0.00,0.00,0.00,18.743,10.476,1.122,0.00,0.00,0.00,22.926,5.966,4.218,0.00,0.00,0.00,3.041,3.041,3.041
2026-02-04 17:31:17,390.16,35,269,304,11.51%,138.37,2.17%,"[0, 5, 10, 15, 20, 25, 30, 35, 40, 45, 50, 55, 60, 65, 70, 75, 80, 85, 90, 95, 100]","[7, 7, 7, 4, 6, 4, 7, 1, 8, 6, 11, 10, 11, 14, 13, 8, 700, 17, 18, 754]","[0.0043397396156230625, 0.008679479231246125, 0.013019218846869188, 0.015499070055796652, 0.019218846869187848, 0.02169869807811531, 0.026038437693738377, 0.026658400495970243, 0.03161810291382517, 0.035337879727216366, 0.04215747055176689, 0.04835709857408556, 0.05517668939863608, 0.0638561686298822, 0.07191568505889646, 0.07687538747675139, 0.5108493490390577, 0.5213887166769994, 0.532548047117173, 1.0]",4.0,2.0,2.0,2.0,2.0,9,32.85483,8.0,-6.0,hrl_dqn_apf,hierarchical,dqn,14.959,9.836,4.119,0.00,0.00,0.00,18.356,10.082,0.805,0.00,0.00,0.00,23.552,5.982,4.518,0.00,0.00,0.00,3.038,3.038,3.038
2026-02-04 17:31:18,391.17,35,269,304,11.51%,138.44,2.17%,"[0, 5, 10, 15, 20, 25, 30, 35, 40, 45, 50, 55, 60, 65, 70, 75, 80, 85, 90, 95, 100]","[6, 7, 7, 4, 6, 5, 6, 3, 9, 6, 11, 9, 12, 14, 13, 7, 698, 18, 16, 756]","[0.0037197768133911966, 0.008059516429014259, 0.012399256044637322, 0.014879107253564786, 0.018598884066955982, 0.02169869807811531, 0.02541847489150651, 0.02727836329820211, 0.0328580285182889, 0.0365778053316801, 0.04339739615623062, 0.048977061376317424, 0.056416615003099815, 0.06509609423434594, 0.0731556106633602, 0.07749535027898326, 0.5102293862368258, 0.5213887166769994, 0.5313081215127092, 1.0]",4.0,2.0,2.0,2.0,2.0,9,32.85483,8.0,-6.0,hrl_dqn_apf,hierarchical,dqn,14.836,9.857,4.203,0.00,0.00,0.00,18.363,10.053,0.584,0.00,0.00,0.00,24.130,6.317,4.613,0.00,0.00,0.00,3.035,3.035,3.035
2026-02-04 17:31:19,392.17,35,263,298,11.74%,138.50,2.17%,"[0, 5, 10, 15, 20, 25, 30, 35, 40, 45, 50, 55, 60, 65, 70, 75, 80, 85, 90, 95, 100]","[9, 4, 5, 7, 6, 4, 5, 6, 8, 6, 9, 12, 11, 13, 14, 8, 694, 22, 15, 755]","[0.005579665220086794, 0.008059516429014259, 0.011159330440173589, 0.015499070055796652, 0.019218846869187848, 0.02169869807811531, 0.024798512089274645, 0.02851828890266584, 0.03347799132052077, 0.037197768133911964, 0.04277743335399876, 0.050216986980781156, 0.05703657780533168, 0.06509609423434594, 0.07377557346559206, 0.07873527588344699, 0.5089894606323621, 0.5226286422814631, 0.5319280843149411, 1.0]",4.0,2.0,2.0,2.0,2.0,20,9.01519,8.0,12.0,hrl_dqn_apf,hierarchical,dqn,14.334,9.880,5.189,0.00,0.00,0.00,18.804,9.583,0.050,0.00,0.00,0.00,24.425,6.579,4.169,0.00,0.00,0.00,3.032,3.032,3.032
2026-02-04 17:31:20,393.17,36,262,298,12.08%,138.57,2.23%,"[0, 5, 10, 15, 20, 25, 30, 35, 40, 45, 50, 55, 60, 65, 70, 75, 80, 85, 90, 95, 100]","[9, 4, 6, 7, 4, 6, 4, 7, 7, 5, 10, 12, 11, 13, 12, 10, 695, 21, 16, 754]","[0.005579665220086794, 0.008059516429014259, 0.011779293242405457, 0.016119032858028518, 0.018598884066955982, 0.022318660880347178, 0.024798512089274645, 0.029138251704897707, 0.03347799132052077, 0.0365778053316801, 0.04277743335399876, 0.050216986980781156, 0.05703657780533168, 0.06509609423434594, 0.07253564786112833, 0.07873527588344699, 0.5096094234345939, 0.5226286422814631, 0.532548047117173, 1.0]",4.0,2.0,2.0,2.0,2.0,5,9.17522,8.0,-6.0,hrl_dqn_apf,hierarchical,dqn,14.281,9.878,5.911,0.00,0.00,0.00,18.470,9.637,-0.000,0.00,0.00,0.00,24.449,6.577,3.505,0.00,0.00,0.00,3.029,3.029,3.029
2026-02-04 17:31:21,394.17,36,260,296,12.16%,138.64,2.23%,"[0, 5, 10, 15, 20, 25, 30, 35, 40, 45, 50, 55, 60, 65, 70, 75, 80, 85, 90, 95, 100]","[8, 5, 7, 6, 5, 5, 5, 7, 6, 6, 10, 12, 10, 14, 12, 10, 693, 21, 15, 756]","[0.0049597024178549285, 0.008059516429014259, 0.012399256044637322, 0.016119032858028518, 0.019218846869187848, 0.022318660880347178, 0.02541847489150651, 0.029758214507129573, 0.03347799132052077, 0.037197768133911964, 0.04339739615623062, 0.05083694978301302, 0.05703657780533168, 0.0657160570365778, 0.0731556106633602, 0.07935523868567886, 0.5089894606323621, 0.5220086794792312, 0.5313081215127092, 1.0]",4.0,2.0,2.0,2.0,2.0,5,9.17522,8.0,-6.0,hrl_dqn_apf,hierarchical,dqn,14.264,9.875,6.681,0.00,0.00,0.00,17.817,9.645,-0.016,0.00,0.00,0.00,24.457,6.573,2.751,0.00,0.00,0.00,3.026,3.026,3.026
2026-02-04 17:31:22,395.18,35,255,290,12.07%,138.67,2.17%,"[0, 5, 10, 15, 20, 25, 30, 35, 40, 45, 50, 55, 60, 65, 70, 75, 80, 85, 90, 95, 100]","[7, 4, 7, 7, 4, 6, 4, 8, 7, 5, 11, 11, 10, 14, 13, 10, 694, 20, 16, 755]","[0.0043397396156230625, 0.006819590824550527, 0.011159330440173589, 0.015499070055796652, 0.017978921264724116, 0.02169869807811531, 0.02417854928704278, 0.029138251704897707, 0.03347799132052077, 0.0365778053316801, 0.04339739615623062, 0.050216986980781156, 0.056416615003099815, 0.06509609423434594, 0.0731556106633602, 0.07935523868567886, 0.5096094234345939, 0.5220086794792312, 0.5319280843149411, 1.0]",4.0,2.0,2.0,2.0,2.0,17,21.3355,8.0,6.0,hrl_dqn_apf,hierarchical,dqn,14.259,9.872,7.442,0.00,0.00,0.00,17.087,9.645,-0.020,0.00,0.00,0.00,24.459,6.699,2.301,0.00,0.00,0.00,3.023,3.023,3.023
2026-02-04 17:31:23,396.18,34,256,290,11.72%,138.68,2.11%,"[0, 5, 10, 15, 20, 25, 30, 35, 40, 45, 50, 55, 60, 65, 70, 75, 80, 85, 90, 95, 100]","[8, 5, 6, 6, 5, 4, 5, 7, 9, 3, 13, 11, 9, 15, 13, 9, 693, 21, 15, 756]","[0.0049597024178549285, 0.008059516429014259, 0.011779293242405457, 0.015499070055796652, 0.018598884066955982, 0.021078735275883446, 0.02417854928704278, 0.02851828890266584, 0.034097954122752634, 0.03595784252944823, 0.04401735895846249, 0.05083694978301302, 0.056416615003099815, 0.0657160570365778, 0.07377557346559206, 0.07935523868567886, 0.5089894606323621, 0.5220086794792312, 0.5313081215127092, 1.0]",4.0,2.0,2.0,2.0,2.0,17,21.3355,8.0,6.0,hrl_dqn_apf,hierarchical,dqn,14.838,9.957,8.380,0.00,0.00,0.00,15.589,9.640,-0.020,0.00,0.00,0.00,24.460,6.750,3.253,0.00,0.00,0.00,3.020,3.020,3.020
2026-02-04 17:31:24,397.18,34,252,286,11.89%,138.76,2.11%,"[0, 5, 10, 15, 20, 25, 30, 35, 40, 45, 50, 55, 60, 65, 70, 75, 80, 85, 90, 95, 100]","[6, 7, 5, 4, 7, 5, 4, 5, 12, 3, 12, 10, 11, 15, 12, 10, 694, 19, 17, 755]","[0.0037197768133911966, 0.008059516429014259, 0.011159330440173589, 0.013639181649101054, 0.017978921264724116, 0.021078735275883446, 0.023558586484810913, 0.026658400495970243, 0.034097954122752634, 0.03595784252944823, 0.04339739615623062, 0.04959702417854929, 0.056416615003099815, 0.0657160570365778, 0.0731556106633602, 0.07935523868567886, 0.5096094234345939, 0.5213887166769994, 0.5319280843149411, 1.0]",4.0,2.0,2.0,2.0,2.0,24,33.49579,8.0,12.0,hrl_dqn_apf,hierarchical,dqn,15.535,9.958,8.467,0.00,0.00,0.00,14.817,9.640,-0.017,0.00,0.00,0.00,24.459,6.748,3.992,0.00,0.00,0.00,3.017,3.017,3.017
2026-02-04 17:31:25,398.18,34,252,286,11.89%,138.80,2.11%,"[0, 5, 10, 15, 20, 25, 30, 35, 40, 45, 50, 55, 60, 65, 70, 75, 80, 85, 90, 95, 100]","[8, 6, 4, 6, 7, 3, 5, 4, 12, 3, 11, 10, 12, 15, 11, 9, 696, 17, 18, 756]","[0.0049597024178549285, 0.008679479231246125, 0.011159330440173589, 0.014879107253564786, 0.019218846869187848, 0.021078735275883446, 0.02417854928704278, 0.026658400495970243, 0.034097954122752634, 0.03595784252944823, 0.04277743335399876, 0.048977061376317424, 0.056416615003099815, 0.0657160570365778, 0.07253564786112833, 0.07811531308121512, 0.5096094234345939, 0.5201487910725356, 0.5313081215127092, 1.0]",4.0,2.0,2.0,2.0,2.0,22,21.65487,8.0,12.0,hrl_dqn_apf,hierarchical,dqn,16.277,9.955,8.494,0.00,0.00,0.00,14.339,9.716,0.275,0.00,0.00,0.00,24.201,6.821,4.491,0.00,0.00,0.00,3.014,3.014,3.014
2026-02-04 17:31:26,399.18,35,251,286,12.24%,138.86,2.17%,"[0, 5, 10, 15, 20, 25, 30, 35, 40, 45, 50, 55, 60, 65, 70, 75, 80, 85, 90, 95, 100]","[9, 5, 5, 6, 6, 4, 4, 4, 12, 3, 11, 10, 12, 15, 11, 9, 696, 16, 19, 756]","[0.005579665220086794, 0.008679479231246125, 0.011779293242405457, 0.015499070055796652, 0.019218846869187848, 0.02169869807811531, 0.02417854928704278, 0.026658400495970243, 0.034097954122752634, 0.03595784252944823, 0.04277743335399876, 0.048977061376317424, 0.056416615003099815, 0.0657160570365778, 0.07253564786112833, 0.07811531308121512, 0.5096094234345939, 0.5195288282703038, 0.5313081215127092, 1.0]",4.0,2.0,2.0,2.0,2.0,22,21.65487,8.0,12.0,hrl_dqn_apf,hierarchical,dqn,17.035,9.952,8.502,0.00,0.00,0.00,14.182,9.726,0.894,0.00,0.00,0.00,23.596,6.833,4.658,0.00,0.00,0.00,3.011,3.011,3.011
2026-02-04 17:31:27,400.19,35,250,285,12.28%,138.99,2.17%,"[0, 5, 10, 15, 20, 25, 30, 35, 40, 45, 50, 55, 60, 65, 70, 75, 80, 85, 90, 95, 100]","[10, 6, 4, 5, 7, 3, 3, 5, 12, 3, 10, 12, 11, 15, 11, 10, 696, 16, 18, 756]","[0.006199628022318661, 0.009919404835709857, 0.012399256044637322, 0.015499070055796652, 0.019838809671419714, 0.02169869807811531, 0.023558586484810913, 0.026658400495970243, 0.034097954122752634, 0.03595784252944823, 0.04215747055176689, 0.04959702417854929, 0.056416615003099815, 0.0657160570365778, 0.07253564786112833, 0.07873527588344699, 0.5102293862368258, 0.5201487910725356, 0.5313081215127092, 1.0]",4.0,2.0,2.0,2.0,2.0,20,9.735779999999998,8.0,12.0,hrl_dqn_apf,hierarchical,dqn,18.557,9.946,8.505,0.00,0.00,0.00,14.119,9.721,2.296,0.00,0.00,0.00,22.128,6.828,4.726,0.00,0.00,0.00,3.008,3.008,3.008
2026-02-04 17:31:28,401.19,35,250,285,12.28%,139.07,2.17%,"[0, 5, 10, 15, 20, 25, 30, 35, 40, 45, 50, 55, 60, 65, 70, 75, 80, 85, 90, 95, 100]","[9, 6, 4, 6, 7, 3, 4, 6, 10, 5, 10, 11, 11, 14, 12, 10, 696, 15, 19, 755]","[0.005579665220086794, 0.009299442033477991, 0.011779293242405457, 0.015499070055796652, 0.019838809671419714, 0.02169869807811531, 0.02417854928704278, 0.027898326100433975, 0.034097954122752634, 0.037197768133911964, 0.04339739615623062, 0.050216986980781156, 0.05703657780533168, 0.0657160570365778, 0.0731556106633602, 0.07935523868567886, 0.5108493490390577, 0.5201487910725356, 0.5319280843149411, 1.0]",4.0,2.0,2.0,2.0,2.0,23,27.89616,8.0,12.0,hrl_dqn_apf,hierarchical,dqn,19.320,9.943,8.505,0.00,0.00,0.00,14.117,9.764,2.280,0.00,0.00,0.00,21.369,6.825,4.731,0.00,0.00,0.00,3.005,3.005,3.005
2026-02-04 17:31:29,402.19,36,243,279,12.90%,139.12,2.23%,"[0, 5, 10, 15, 20, 25, 30, 35, 40, 45, 50, 55, 60, 65, 70, 75, 80, 85, 90, 95, 100]","[11, 4, 6, 5, 4, 6, 3, 4, 11, 6, 9, 12, 10, 15, 12, 9, 696, 16, 17, 757]","[0.006819590824550527, 0.009299442033477991, 0.013019218846869188, 0.016119032858028518, 0.018598884066955982, 0.022318660880347178, 0.02417854928704278, 0.026658400495970243, 0.03347799132052077, 0.037197768133911964, 0.04277743335399876, 0.050216986980781156, 0.056416615003099815, 0.0657160570365778, 0.0731556106633602, 0.07873527588344699, 0.5102293862368258, 0.5201487910725356, 0.5306881587104774, 1.0]",4.0,2.0,2.0,2.0,2.0,23,27.89616,8.0,12.0,hrl_dqn_apf,hierarchical,dqn,20.083,9.940,8.505,0.00,0.00,0.00,14.394,9.800,2.272,0.00,0.00,0.00,20.606,6.822,4.733,0.00,0.00,0.00,3.002,3.002,3.002
2026-02-04 17:31:30,403.19,37,242,279,13.26%,139.16,2.29%,"[0, 5, 10, 15, 20, 25, 30, 35, 40, 45, 50, 55, 60, 65, 70, 75, 80, 85, 90, 95, 100]","[11, 6, 5, 3, 6, 6, 3, 3, 9, 8, 9, 10, 11, 17, 12, 8, 694, 19, 14, 759]","[0.006819590824550527, 0.010539367637941723, 0.013639181649101054, 0.015499070055796652, 0.019218846869187848, 0.022938623682579044, 0.024798512089274645, 0.026658400495970243, 0.032238065716057036, 0.037197768133911964, 0.04277743335399876, 0.048977061376317424, 0.05579665220086795, 0.06633601983880967, 0.07377557346559206, 0.07873527588344699, 0.5089894606323621, 0.5207687538747675, 0.5294482331060136, 1.0]",4.0,2.0,2.0,2.0,2.0,12,22.05616,8.0,0.0,hrl_dqn_apf,hierarchical,dqn,20.844,9.937,8.505,0.00,0.00,0.00,15.008,9.804,2.276,0.00,0.00,0.00,19.846,6.819,4.734,0.00,0.00,0.00,3.000,3.000,3.000
2026-02-04 17:31:31,404.19,36,243,279,12.90%,139.27,2.23%,"[0, 5, 10, 15, 20, 25, 30, 35, 40, 45, 50, 55, 60, 65, 70, 75, 80, 85, 90, 95, 100]","[10, 6, 6, 3, 6, 5, 4, 3, 9, 9, 9, 12, 10, 16, 13, 8, 694, 19, 13, 758]","[0.006199628022318661, 0.009919404835709857, 0.013639181649101054, 0.015499070055796652, 0.019218846869187848, 0.022318660880347178, 0.024798512089274645, 0.026658400495970243, 0.032238065716057036, 0.03781773093614383, 0.04339739615623062, 0.05083694978301302, 0.05703657780533168, 0.06695598264104154, 0.0750154990700558, 0.07997520148791072, 0.5102293862368258, 0.5220086794792312, 0.5300681959082455, 1.0]",4.0,2.0,2.0,2.0,2.0,5,10.21639,8.0,-6.0,hrl_dqn_apf,hierarchical,dqn,22.368,9.931,8.505,0.00,0.00,0.00,16.480,9.798,2.276,0.00,0.00,0.00,18.848,6.904,4.197,0.00,0.00,0.00,3.000,3.000,3.000
2026-02-04 17:31:32,405.20,37,240,277,13.36%,139.33,2.29%,"[0, 5, 10, 15, 20, 25, 30, 35, 40, 45, 50, 55, 60, 65, 70, 75, 80, 85, 90, 95, 100]","[8, 8, 6, 4, 5, 6, 2, 3, 10, 9, 9, 10, 12, 16, 12, 8, 695, 20, 13, 757]","[0.0049597024178549285, 0.009919404835709857, 0.013639181649101054, 0.016119032858028518, 0.019218846869187848, 0.022938623682579044, 0.02417854928704278, 0.026038437693738377, 0.032238065716057036, 0.03781773093614383, 0.04339739615623062, 0.04959702417854929, 0.05703657780533168, 0.06695598264104154, 0.07439553626782393, 0.07935523868567886, 0.5102293862368258, 0.5226286422814631, 0.5306881587104774, 1.0]",4.0,2.0,2.0,2.0,2.0,5,10.21639,8.0,-6.0,hrl_dqn_apf,hierarchical,dqn,23.128,9.932,8.502,0.00,0.00,0.00,17.014,9.821,2.268,0.00,0.00,0.00,18.753,6.897,3.518,0.00,0.00,0.00,3.000,3.000,3.000
2026-02-04 17:31:33,406.20,36,237,273,13.19%,139.40,2.23%,"[0, 5, 10, 15, 20, 25, 30, 35, 40, 45, 50, 55, 60, 65, 70, 75, 80, 85, 90, 95, 100]","[8, 8, 7, 3, 5, 5, 3, 3, 11, 7, 11, 10, 12, 16, 11, 9, 695, 19, 12, 758]","[0.0049597024178549285, 0.009919404835709857, 0.01425914445133292, 0.016119032858028518, 0.019218846869187848, 0.022318660880347178, 0.02417854928704278, 0.026038437693738377, 0.0328580285182889, 0.037197768133911964, 0.04401735895846249, 0.050216986980781156, 0.05765654060756355, 0.0675759454432734, 0.07439553626782393, 0.07997520148791072, 0.5108493490390577, 0.5226286422814631, 0.5300681959082455, 1.0]",4.0,2.0,2.0,2.0,2.0,2,22.37678,8.0,-12.0,hrl_dqn_apf,hierarchical,dqn,23.595,10.007,8.202,0.00,0.00,0.00,17.027,10.176,2.075,0.00,0.00,0.00,18.920,6.739,3.189,0.00,0.00,0.00,3.000,3.000,3.000
2026-02-04 17:31:34,407.20,35,238,273,12.82%,139.46,2.17%,"[0, 5, 10, 15, 20, 25, 30, 35, 40, 45, 50, 55, 60, 65, 70, 75, 80, 85, 90, 95, 100]","[7, 9, 4, 6, 4, 5, 4, 3, 9, 7, 13, 9, 13, 16, 12, 8, 694, 19, 13, 758]","[0.0043397396156230625, 0.009919404835709857, 0.012399256044637322, 0.016119032858028518, 0.018598884066955982, 0.02169869807811531, 0.02417854928704278, 0.026038437693738377, 0.03161810291382517, 0.03595784252944823, 0.04401735895846249, 0.04959702417854929, 0.05765654060756355, 0.0675759454432734, 0.0750154990700558, 0.07997520148791072, 0.5102293862368258, 0.5220086794792312, 0.5300681959082455, 1.0]",4.0,2.0,2.0,2.0,2.0,8,28.53687,8.0,-6.0,hrl_dqn_apf,hierarchical,dqn,23.748,10.016,7.580,0.00,0.00,0.00,16.609,10.523,1.699,0.00,0.00,0.00,19.390,6.429,3.386,0.00,0.00,0.00,3.000,3.000,3.000
2026-02-04 17:31:35,408.20,36,229,265,13.58%,139.52,2.23%,"[0, 5, 10, 15, 20, 25, 30, 35, 40, 45, 50, 55, 60, 65, 70, 75, 80, 85, 90, 95, 100]","[8, 8, 6, 5, 4, 5, 5, 3, 9, 6, 15, 9, 11, 15, 14, 8, 693, 17, 16, 756]","[0.0049597024178549285, 0.009919404835709857, 0.013639181649101054, 0.016738995660260384, 0.019218846869187848, 0.022318660880347178, 0.02541847489150651, 0.02727836329820211, 0.0328580285182889, 0.0365778053316801, 0.04587724736515809, 0.05145691258524489, 0.05827650340979541, 0.0675759454432734, 0.07625542467451953, 0.08121512709237445, 0.5108493490390577, 0.5213887166769994, 0.5313081215127092, 1.0]",4.0,2.0,2.0,2.0,2.0,8,28.53687,8.0,-6.0,hrl_dqn_apf,hierarchical,dqn,23.813,9.533,6.646,0.00,0.00,0.00,15.849,10.043,1.184,0.00,0.00,0.00,20.160,6.402,3.301,0.00,0.00,0.00,3.000,3.000,3.000
2026-02-04 17:31:36,409.20,36,229,265,13.58%,139.59,2.23%,"[0, 5, 10, 15, 20, 25, 30, 35, 40, 45, 50, 55, 60, 65, 70, 75, 80, 85, 90, 95, 100]","[7, 8, 7, 6, 2, 6, 5, 3, 9, 5, 16, 8, 12, 15, 14, 8, 693, 17, 16, 756]","[0.0043397396156230625, 0.009299442033477991, 0.013639181649101054, 0.01735895846249225, 0.018598884066955982, 0.022318660880347178, 0.02541847489150651, 0.02727836329820211, 0.0328580285182889, 0.03595784252944823, 0.04587724736515809, 0.05083694978301302, 0.05827650340979541, 0.0675759454432734, 0.07625542467451953, 0.08121512709237445, 0.5108493490390577, 0.5213887166769994, 0.5313081215127092, 1.0]",4.0,2.0,2.0,2.0,2.0,10,10.697120000000002,8.0,0.0,hrl_dqn_apf,hierarchical,dqn,23.821,9.559,6.160,0.00,0.00,0.00,15.776,9.626,1.135,0.00,0.00,0.00,19.863,6.468,3.025,0.00,0.00,0.00,3.000,3.000,3.000
2026-02-04 17:31:37,410.20,35,230,265,13.21%,139.66,2.17%,"[0, 5, 10, 15, 20, 25, 30, 35, 40, 45, 50, 55, 60, 65, 70, 75, 80, 85, 90, 95, 100]","[6, 7, 8, 6, 3, 5, 6, 3, 10, 5, 15, 9, 10, 17, 14, 7, 694, 17, 16, 755]","[0.0037197768133911966, 0.008059516429014259, 0.013019218846869188, 0.016738995660260384, 0.018598884066955982, 0.02169869807811531, 0.02541847489150651, 0.02727836329820211, 0.03347799132052077, 0.0365778053316801, 0.04587724736515809, 0.05145691258524489, 0.05765654060756355, 0.06819590824550527, 0.07687538747675139, 0.08121512709237445, 0.5114693118412895, 0.5220086794792312, 0.5319280843149411, 1.0]",4.0,2.0,2.0,2.0,2.0,14,34.85754,8.0,0.0,hrl_dqn_apf,hierarchical,dqn,24.133,9.624,5.766,0.00,0.00,0.00,15.753,9.207,1.119,0.00,0.00,0.00,19.222,6.475,2.933,0.00,0.00,0.00,3.000,3.000,3.000
2026-02-04 17:31:38,411.21,35,228,263,13.31%,139.77,2.17%,"[0, 5, 10, 15, 20, 25, 30, 35, 40, 45, 50, 55, 60, 65, 70, 75, 80, 85, 90, 95, 100]","[7, 7, 8, 6, 2, 5, 6, 2, 10, 6, 13, 11, 10, 17, 14, 7, 694, 17, 16, 755]","[0.0043397396156230625, 0.008679479231246125, 0.013639181649101054, 0.01735895846249225, 0.018598884066955982, 0.02169869807811531, 0.02541847489150651, 0.026658400495970243, 0.0328580285182889, 0.0365778053316801, 0.044637321760694355, 0.05145691258524489, 0.05765654060756355, 0.06819590824550527, 0.07687538747675139, 0.08121512709237445, 0.5114693118412895, 0.5220086794792312, 0.5319280843149411, 1.0]",4.0,2.0,2.0,2.0,2.0,14,34.85754,8.0,0.0,hrl_dqn_apf,hierarchical,dqn,24.744,9.633,5.642,0.00,0.00,0.00,15.930,9.191,1.115,0.00,0.00,0.00,18.789,6.408,2.975,0.00,0.00,0.00,3.000,3.000,3.000
2026-02-04 17:31:39,412.21,32,229,261,12.26%,139.94,1.98%,"[0, 5, 10, 15, 20, 25, 30, 35, 40, 45, 50, 55, 60, 65, 70, 75, 80, 85, 90, 95, 100]","[6, 5, 10, 4, 5, 2, 5, 6, 9, 5, 13, 14, 9, 17, 12, 10, 694, 15, 16, 756]","[0.0037197768133911966, 0.006819590824550527, 0.013019218846869188, 0.015499070055796652, 0.018598884066955982, 0.019838809671419714, 0.022938623682579044, 0.026658400495970243, 0.032238065716057036, 0.035337879727216366, 0.04339739615623062, 0.052076875387476754, 0.05765654060756355, 0.06819590824550527, 0.07563546187228766, 0.08183508989460632, 0.5120892746435214, 0.5213887166769994, 0.5313081215127092, 1.0]",4.0,2.0,2.0,2.0,2.0,12,23.01761,8.0,0.0,hrl_dqn_apf,hierarchical,dqn,26.234,9.629,5.589,0.00,0.00,0.00,16.134,9.753,0.780,0.00,0.00,0.00,19.599,5.941,3.601,0.00,0.00,0.00,3.000,3.000,3.000
2026-02-04 17:31:40,413.21,32,228,260,12.31%,140.05,1.98%,"[0, 5, 10, 15, 20, 25, 30, 35, 40, 45, 50, 55, 60, 65, 70, 75, 80, 85, 90, 95, 100]","[7, 4, 8, 5, 5, 3, 5, 6, 9, 6, 11, 15, 9, 16, 13, 10, 694, 15, 14, 758]","[0.0043397396156230625, 0.006819590824550527, 0.011779293242405457, 0.014879107253564786, 0.017978921264724116, 0.019838809671419714, 0.022938623682579044, 0.026658400495970243, 0.032238065716057036, 0.03595784252944823, 0.04277743335399876, 0.052076875387476754, 0.05765654060756355, 0.0675759454432734, 0.07563546187228766, 0.08183508989460632, 0.5120892746435214, 0.5213887166769994, 0.5300681959082455, 1.0]",4.0,2.0,2.0,2.0,2.0,7,23.1786,8.0,-6.0,hrl_dqn_apf,hierarchical,dqn,26.992,9.626,5.585,0.00,0.00,0.00,15.646,10.008,0.369,0.00,0.00,0.00,20.190,5.679,4.037,0.00,0.00,0.00,3.000,3.000,3.000
2026-02-04 17:31:41,414.21,32,228,260,12.31%,140.17,1.98%,"[0, 5, 10, 15, 20, 25, 30, 35, 40, 45, 50, 55, 60, 65, 70, 75, 80, 85, 90, 95, 100]","[7, 4, 7, 6, 5, 3, 5, 5, 9, 6, 12, 15, 8, 17, 13, 10, 694, 15, 14, 758]","[0.0043397396156230625, 0.006819590824550527, 0.011159330440173589, 0.014879107253564786, 0.017978921264724116, 0.019838809671419714, 0.022938623682579044, 0.026038437693738377, 0.03161810291382517, 0.035337879727216366, 0.04277743335399876, 0.052076875387476754, 0.05703657780533168, 0.0675759454432734, 0.07563546187228766, 0.08183508989460632, 0.5120892746435214, 0.5213887166769994, 0.5300681959082455, 1.0]",4.0,2.0,2.0,2.0,2.0,7,23.1786,8.0,-6.0,hrl_dqn_apf,hierarchical,dqn,27.755,9.623,5.584,0.00,0.00,0.00,15.602,10.126,0.090,0.00,0.00,0.00,20.568,6.123,4.331,0.00,0.00,0.00,3.000,3.000,3.000
2026-02-04 17:31:42,415.21,31,229,260,11.92%,140.28,1.92%,"[0, 5, 10, 15, 20, 25, 30, 35, 40, 45, 50, 55, 60, 65, 70, 75, 80, 85, 90, 95, 100]","[7, 2, 8, 5, 6, 3, 5, 6, 8, 7, 11, 15, 9, 15, 15, 10, 693, 16, 14, 758]","[0.0043397396156230625, 0.005579665220086794, 0.010539367637941723, 0.013639181649101054, 0.01735895846249225, 0.019218846869187848, 0.022318660880347178, 0.026038437693738377, 0.030998140111593304, 0.035337879727216366, 0.04215747055176689, 0.05145691258524489, 0.05703657780533168, 0.06633601983880967, 0.07563546187228766, 0.08183508989460632, 0.5114693118412895, 0.5213887166769994, 0.5300681959082455, 1.0]",4.0,2.0,2.0,2.0,2.0,21,17.25891,8.0,12.0,hrl_dqn_apf,hierarchical,dqn,28.125,9.764,5.583,0.00,0.00,0.00,15.920,9.780,-0.009,0.00,0.00,0.00,20.699,6.277,4.286,0.00,0.00,0.00,3.000,3.000,3.000
2026-02-04 17:31:43,416.22,31,223,254,12.20%,140.42,1.92%,"[0, 5, 10, 15, 20, 25, 30, 35, 40, 45, 50, 55, 60, 65, 70, 75, 80, 85, 90, 95, 100]","[6, 4, 4, 8, 5, 4, 5, 5, 9, 6, 12, 14, 11, 14, 16, 10, 693, 17, 14, 756]","[0.0037197768133911966, 0.006199628022318661, 0.008679479231246125, 0.013639181649101054, 0.016738995660260384, 0.019218846869187848, 0.022318660880347178, 0.02541847489150651, 0.030998140111593304, 0.0347179169249845, 0.04215747055176689, 0.05083694978301302, 0.05765654060756355, 0.06633601983880967, 0.07625542467451953, 0.08245505269683819, 0.5120892746435214, 0.5226286422814631, 0.5313081215127092, 1.0]",4.0,2.0,2.0,2.0,2.0,7,23.41889,8.0,-6.0,hrl_dqn_apf,hierarchical,dqn,27.095,9.804,5.583,0.00,0.00,0.00,16.680,9.650,-0.049,0.00,0.00,0.00,20.754,6.292,3.077,0.00,0.00,0.00,3.000,3.000,3.000
2026-02-04 17:31:44,417.22,31,223,254,12.20%,140.48,1.92%,"[0, 5, 10, 15, 20, 25, 30, 35, 40, 45, 50, 55, 60, 65, 70, 75, 80, 85, 90, 95, 100]","[7, 3, 5, 8, 3, 5, 4, 3, 12, 6, 11, 12, 14, 14, 15, 9, 695, 17, 13, 757]","[0.0043397396156230625, 0.006199628022318661, 0.009299442033477991, 0.01425914445133292, 0.016119032858028518, 0.019218846869187848, 0.02169869807811531, 0.023558586484810913, 0.030998140111593304, 0.0347179169249845, 0.041537507749535026, 0.048977061376317424, 0.05765654060756355, 0.06633601983880967, 0.07563546187228766, 0.08121512709237445, 0.5120892746435214, 0.5226286422814631, 0.5306881587104774, 1.0]",4.0,2.0,2.0,2.0,2.0,7,23.41889,8.0,-6.0,hrl_dqn_apf,hierarchical,dqn,26.362,9.801,5.583,0.00,0.00,0.00,17.380,9.652,-0.052,0.00,0.00,0.00,20.758,6.290,2.334,0.00,0.00,0.00,3.000,3.000,3.000
2026-02-04 17:31:45,418.22,31,223,254,12.20%,140.52,1.92%,"[0, 5, 10, 15, 20, 25, 30, 35, 40, 45, 50, 55, 60, 65, 70, 75, 80, 85, 90, 95, 100]","[7, 4, 4, 7, 4, 5, 3, 7, 11, 4, 12, 11, 15, 14, 14, 9, 696, 17, 12, 757]","[0.0043397396156230625, 0.006819590824550527, 0.009299442033477991, 0.013639181649101054, 0.016119032858028518, 0.019218846869187848, 0.021078735275883446, 0.02541847489150651, 0.032238065716057036, 0.0347179169249845, 0.04215747055176689, 0.048977061376317424, 0.05827650340979541, 0.06695598264104154, 0.07563546187228766, 0.08121512709237445, 0.5127092374457533, 0.523248605083695, 0.5306881587104774, 1.0]",4.0,2.0,2.0,2.0,2.0,9,35.57916,8.0,-6.0,hrl_dqn_apf,hierarchical,dqn,25.609,9.798,5.584,0.00,0.00,0.00,18.123,9.650,-0.054,0.00,0.00,0.00,21.027,6.365,1.842,0.00,0.00,0.00,3.000,3.000,3.000
2026-02-04 17:31:46,419.22,33,221,254,12.99%,140.58,2.05%,"[0, 5, 10, 15, 20, 25, 30, 35, 40, 45, 50, 55, 60, 65, 70, 75, 80, 85, 90, 95, 100]","[9, 5, 5, 6, 4, 4, 3, 5, 10, 5, 11, 12, 15, 14, 14, 9, 696, 17, 12, 757]","[0.005579665220086794, 0.008679479231246125, 0.011779293242405457, 0.015499070055796652, 0.017978921264724116, 0.02045877247365158, 0.022318660880347178, 0.02541847489150651, 0.03161810291382517, 0.0347179169249845, 0.041537507749535026, 0.048977061376317424, 0.05827650340979541, 0.06695598264104154, 0.07563546187228766, 0.08121512709237445, 0.5127092374457533, 0.523248605083695, 0.5306881587104774, 1.0]",4.0,2.0,2.0,2.0,2.0,1,17.73945,8.0,-12.0,hrl_dqn_apf,hierarchical,dqn,25.040,9.867,5.391,0.00,0.00,0.00,18.879,9.648,-0.055,0.00,0.00,0.00,21.603,6.173,1.752,0.00,0.00,0.00,3.000,3.000,3.000
2026-02-04 17:31:47,420.22,32,216,248,12.90%,140.71,1.98%,"[0, 5, 10, 15, 20, 25, 30, 35, 40, 45, 50, 55, 60, 65, 70, 75, 80, 85, 90, 95, 100]","[7, 7, 3, 6, 5, 4, 3, 4, 11, 5, 11, 12, 14, 15, 13, 11, 696, 15, 15, 756]","[0.0043397396156230625, 0.008679479231246125, 0.010539367637941723, 0.01425914445133292, 0.01735895846249225, 0.019838809671419714, 0.02169869807811531, 0.02417854928704278, 0.030998140111593304, 0.034097954122752634, 0.04091754494730316, 0.04835709857408556, 0.05703657780533168, 0.06633601983880967, 0.07439553626782393, 0.08121512709237445, 0.5127092374457533, 0.5220086794792312, 0.5313081215127092, 1.0]",4.0,2.0,2.0,2.0,2.0,1,17.73945,8.0,-12.0,hrl_dqn_apf,hierarchical,dqn,24.777,9.884,4.090,0.00,0.00,0.00,19.334,10.196,-0.350,0.00,0.00,0.00,22.862,5.771,2.369,0.00,0.00,0.00,3.000,3.000,3.000
2026-02-04 17:31:48,421.22,31,215,246,12.60%,140.77,1.92%,"[0, 5, 10, 15, 20, 25, 30, 35, 40, 45, 50, 55, 60, 65, 70, 75, 80, 85, 90, 95, 100]","[8, 5, 4, 5, 5, 4, 3, 5, 10, 5, 11, 12, 14, 16, 13, 12, 696, 15, 14, 756]","[0.0049597024178549285, 0.008059516429014259, 0.010539367637941723, 0.013639181649101054, 0.016738995660260384, 0.019218846869187848, 0.021078735275883446, 0.02417854928704278, 0.03037817730936144, 0.03347799132052077, 0.040297582145071294, 0.04773713577185369, 0.056416615003099815, 0.06633601983880967, 0.07439553626782393, 0.08183508989460632, 0.5133292002479851, 0.5226286422814631, 0.5313081215127092, 1.0]",4.0,2.0,2.0,2.0,2.0,20,11.899370000000001,8.0,12.0,hrl_dqn_apf,hierarchical,dqn,24.758,9.881,3.340,0.00,0.00,0.00,19.181,10.198,-0.099,0.00,0.00,0.00,23.165,6.242,2.561,0.00,0.00,0.00,3.000,3.000,3.000
2026-02-04 17:31:49,422.23,29,215,244,11.89%,140.82,1.80%,"[0, 5, 10, 15, 20, 25, 30, 35, 40, 45, 50, 55, 60, 65, 70, 75, 80, 85, 90, 95, 100]","[8, 6, 3, 5, 6, 1, 5, 4, 9, 7, 11, 11, 15, 17, 12, 13, 695, 16, 14, 755]","[0.0049597024178549285, 0.008679479231246125, 0.010539367637941723, 0.013639181649101054, 0.01735895846249225, 0.017978921264724116, 0.021078735275883446, 0.023558586484810913, 0.029138251704897707, 0.03347799132052077, 0.040297582145071294, 0.047117172969621826, 0.056416615003099815, 0.06695598264104154, 0.07439553626782393, 0.08245505269683819, 0.5133292002479851, 0.523248605083695, 0.5319280843149411, 1.0]",4.0,2.0,2.0,2.0,2.0,7,24.05967,8.0,-6.0,hrl_dqn_apf,hierarchical,dqn,24.752,9.878,2.584,0.00,0.00,0.00,19.127,9.787,0.204,0.00,0.00,0.00,23.261,6.661,2.623,0.00,0.00,0.00,3.000,3.000,3.000
2026-02-04 17:31:50,423.23,30,210,240,12.50%,140.90,1.86%,"[0, 5, 10, 15, 20, 25, 30, 35, 40, 45, 50, 55, 60, 65, 70, 75, 80, 85, 90, 95, 100]","[8, 5, 5, 4, 7, 1, 4, 3, 11, 7, 11, 11, 12, 19, 12, 12, 694, 18, 14, 755]","[0.0049597024178549285, 0.008059516429014259, 0.011159330440173589, 0.013639181649101054, 0.017978921264724116, 0.018598884066955982, 0.021078735275883446, 0.022938623682579044, 0.029758214507129573, 0.034097954122752634, 0.04091754494730316, 0.04773713577185369, 0.05517668939863608, 0.06695598264104154, 0.07439553626782393, 0.08183508989460632, 0.5120892746435214, 0.523248605083695, 0.5319280843149411, 1.0]",4.0,2.0,2.0,2.0,2.0,7,24.05967,8.0,-6.0,hrl_dqn_apf,hierarchical,dqn,24.942,10.302,2.123,0.00,0.00,0.00,19.109,9.376,0.308,0.00,0.00,0.00,23.153,6.495,2.647,0.00,0.00,0.00,3.000,3.000,3.000
2026-02-04 17:31:51,424.23,31,207,238,13.03%,141.07,1.92%,"[0, 5, 10, 15, 20, 25, 30, 35, 40, 45, 50, 55, 60, 65, 70, 75, 80, 85, 90, 95, 100]","[7, 7, 5, 2, 9, 1, 4, 2, 12, 6, 11, 11, 12, 19, 12, 11, 695, 18, 12, 757]","[0.0043397396156230625, 0.008679479231246125, 0.011779293242405457, 0.013019218846869188, 0.018598884066955982, 0.019218846869187848, 0.02169869807811531, 0.022938623682579044, 0.03037817730936144, 0.034097954122752634, 0.04091754494730316, 0.04773713577185369, 0.05517668939863608, 0.06695598264104154, 0.07439553626782393, 0.08121512709237445, 0.5120892746435214, 0.523248605083695, 0.5306881587104774, 1.0]",4.0,2.0,2.0,2.0,2.0,10,12.220120000000001,8.0,0.0,hrl_dqn_apf,hierarchical,dqn,26.115,10.797,2.019,0.00,0.00,0.00,19.069,9.295,0.930,0.00,0.00,0.00,21.970,5.878,2.801,0.00,0.00,0.00,3.000,3.000,3.000
2026-02-04 17:31:52,425.23,31,205,236,13.14%,141.19,1.92%,"[0, 5, 10, 15, 20, 25, 30, 35, 40, 45, 50, 55, 60, 65, 70, 75, 80, 85, 90, 95, 100]","[7, 7, 5, 2, 6, 4, 3, 3, 10, 7, 11, 11, 13, 19, 12, 10, 696, 18, 12, 757]","[0.0043397396156230625, 0.008679479231246125, 0.011779293242405457, 0.013019218846869188, 0.016738995660260384, 0.019218846869187848, 0.021078735275883446, 0.022938623682579044, 0.029138251704897707, 0.03347799132052077, 0.040297582145071294, 0.047117172969621826, 0.05517668939863608, 0.06695598264104154, 0.07439553626782393, 0.08059516429014259, 0.5120892746435214, 0.523248605083695, 0.5306881587104774, 1.0]",4.0,2.0,2.0,2.0,2.0,10,12.380210000000002,8.0,0.0,hrl_dqn_apf,hierarchical,dqn,26.450,10.374,1.951,0.00,0.00,0.00,18.651,9.343,1.214,0.00,0.00,0.00,21.624,5.982,2.490,0.00,0.00,0.00,3.000,3.000,3.000
2026-02-04 17:31:53,426.23,31,205,236,13.14%,141.28,1.92%,"[0, 5, 10, 15, 20, 25, 30, 35, 40, 45, 50, 55, 60, 65, 70, 75, 80, 85, 90, 95, 100]","[7, 6, 5, 3, 6, 4, 3, 2, 11, 6, 11, 11, 14, 17, 14, 10, 696, 18, 12, 757]","[0.0043397396156230625, 0.008059516429014259, 0.011159330440173589, 0.013019218846869188, 0.016738995660260384, 0.019218846869187848, 0.021078735275883446, 0.022318660880347178, 0.029138251704897707, 0.0328580285182889, 0.03967761934283943, 0.04649721016738995, 0.05517668939863608, 0.0657160570365778, 0.07439553626782393, 0.08059516429014259, 0.5120892746435214, 0.523248605083695, 0.5306881587104774, 1.0]",4.0,2.0,2.0,2.0,2.0,10,12.380210000000002,8.0,0.0,hrl_dqn_apf,hierarchical,dqn,26.556,9.955,1.929,0.00,0.00,0.00,17.988,9.348,1.305,0.00,0.00,0.00,21.524,6.416,2.128,0.00,0.00,0.00,3.000,3.000,3.000
2026-02-04 17:31:54,427.24,31,204,235,13.19%,141.35,1.92%,"[0, 5, 10, 15, 20, 25, 30, 35, 40, 45, 50, 55, 60, 65, 70, 75, 80, 85, 90, 95, 100]","[6, 6, 5, 4, 4, 6, 1, 4, 10, 5, 13, 11, 12, 18, 15, 9, 697, 17, 13, 757]","[0.0037197768133911966, 0.007439553626782393, 0.010539367637941723, 0.013019218846869188, 0.015499070055796652, 0.019218846869187848, 0.019838809671419714, 0.022318660880347178, 0.02851828890266584, 0.03161810291382517, 0.03967761934283943, 0.04649721016738995, 0.05393676379417235, 0.06509609423434594, 0.07439553626782393, 0.07997520148791072, 0.5120892746435214, 0.5226286422814631, 0.5306881587104774, 1.0]",4.0,2.0,2.0,2.0,2.0,2,24.54044,8.0,-12.0,hrl_dqn_apf,hierarchical,dqn,26.589,9.545,1.922,0.00,0.00,0.00,17.268,9.616,1.255,0.00,0.00,0.00,21.631,6.344,2.027,0.00,0.00,0.00,3.000,3.000,3.000
2026-02-04 17:31:55,428.24,32,203,235,13.62%,141.51,1.98%,"[0, 5, 10, 15, 20, 25, 30, 35, 40, 45, 50, 55, 60, 65, 70, 75, 80, 85, 90, 95, 100]","[6, 6, 4, 4, 4, 8, 1, 3, 9, 7, 11, 11, 12, 17, 17, 9, 696, 16, 15, 757]","[0.0037197768133911966, 0.007439553626782393, 0.009919404835709857, 0.012399256044637322, 0.014879107253564786, 0.019838809671419714, 0.02045877247365158, 0.022318660880347178, 0.027898326100433975, 0.032238065716057036, 0.03905765654060756, 0.04587724736515809, 0.053316800991940486, 0.0638561686298822, 0.07439553626782393, 0.07997520148791072, 0.5114693118412895, 0.5213887166769994, 0.5306881587104774, 1.0]",4.0,2.0,2.0,2.0,2.0,18,30.70086,8.0,6.0,hrl_dqn_apf,hierarchical,dqn,27.189,9.473,1.956,0.00,0.00,0.00,15.807,9.716,0.989,0.00,0.00,0.00,22.299,6.299,1.565,0.00,0.00,0.00,3.000,3.000,3.000
2026-02-04 17:31:56,429.24,31,204,235,13.19%,141.59,1.92%,"[0, 5, 10, 15, 20, 25, 30, 35, 40, 45, 50, 55, 60, 65, 70, 75, 80, 85, 90, 95, 100]","[6, 6, 6, 3, 3, 7, 1, 4, 8, 8, 11, 11, 12, 17, 17, 8, 697, 16, 15, 757]","[0.0037197768133911966, 0.007439553626782393, 0.011159330440173589, 0.013019218846869188, 0.014879107253564786, 0.019218846869187848, 0.019838809671419714, 0.022318660880347178, 0.02727836329820211, 0.032238065716057036, 0.03905765654060756, 0.04587724736515809, 0.053316800991940486, 0.0638561686298822, 0.07439553626782393, 0.07935523868567886, 0.5114693118412895, 0.5213887166769994, 0.5306881587104774, 1.0]",4.0,2.0,2.0,2.0,2.0,18,30.70086,8.0,6.0,hrl_dqn_apf,hierarchical,dqn,27.467,9.521,2.377,0.00,0.00,0.00,15.060,9.722,0.964,0.00,0.00,0.00,22.369,6.300,0.894,0.00,0.00,0.00,3.000,3.000,3.000
2026-02-04 17:31:57,430.24,30,199,229,13.10%,141.66,1.86%,"[0, 5, 10, 15, 20, 25, 30, 35, 40, 45, 50, 55, 60, 65, 70, 75, 80, 85, 90, 95, 100]","[6, 6, 7, 3, 2, 6, 3, 3, 9, 7, 12, 10, 13, 17, 15, 9, 695, 18, 15, 757]","[0.0037197768133911966, 0.007439553626782393, 0.011779293242405457, 0.013639181649101054, 0.014879107253564786, 0.018598884066955982, 0.02045877247365158, 0.022318660880347178, 0.027898326100433975, 0.032238065716057036, 0.03967761934283943, 0.04587724736515809, 0.05393676379417235, 0.06447613143211407, 0.07377557346559206, 0.07935523868567886, 0.5102293862368258, 0.5213887166769994, 0.5306881587104774, 1.0]",4.0,2.0,2.0,2.0,2.0,19,36.78081,8.0,6.0,hrl_dqn_apf,hierarchical,dqn,27.557,9.525,3.041,0.00,0.00,0.00,14.918,9.872,0.956,0.00,0.00,0.00,22.390,6.298,0.156,0.00,0.00,0.00,3.000,3.000,3.000
2026-02-04 17:31:58,431.24,30,199,229,13.10%,141.76,1.86%,"[0, 5, 10, 15, 20, 25, 30, 35, 40, 45, 50, 55, 60, 65, 70, 75, 80, 85, 90, 95, 100]","[7, 4, 6, 4, 3, 6, 3, 3, 8, 7, 12, 10, 13, 18, 14, 10, 695, 19, 14, 757]","[0.0043397396156230625, 0.006819590824550527, 0.010539367637941723, 0.013019218846869188, 0.014879107253564786, 0.018598884066955982, 0.02045877247365158, 0.022318660880347178, 0.02727836329820211, 0.03161810291382517, 0.03905765654060756, 0.04525728456292622, 0.053316800991940486, 0.06447613143211407, 0.0731556106633602, 0.07935523868567886, 0.5102293862368258, 0.5220086794792312, 0.5306881587104774, 1.0]",4.0,2.0,2.0,2.0,2.0,19,36.78081,8.0,6.0,hrl_dqn_apf,hierarchical,dqn,27.585,9.523,3.777,0.00,0.00,0.00,15.398,9.892,0.954,0.00,0.00,0.00,22.397,6.295,-0.600,0.00,0.00,0.00,3.000,3.000,3.000
2026-02-04 17:31:59,432.25,28,201,229,12.23%,141.88,1.74%,"[0, 5, 10, 15, 20, 25, 30, 35, 40, 45, 50, 55, 60, 65, 70, 75, 80, 85, 90, 95, 100]","[6, 5, 5, 4, 4, 4, 6, 1, 11, 4, 13, 12, 12, 17, 14, 12, 694, 18, 13, 758]","[0.0037197768133911966, 0.006819590824550527, 0.009919404835709857, 0.012399256044637322, 0.014879107253564786, 0.01735895846249225, 0.021078735275883446, 0.02169869807811531, 0.02851828890266584, 0.030998140111593304, 0.03905765654060756, 0.04649721016738995, 0.05393676379417235, 0.06447613143211407, 0.0731556106633602, 0.08059516429014259, 0.5108493490390577, 0.5220086794792312, 0.5300681959082455, 1.0]",4.0,2.0,2.0,2.0,2.0,0,12.941130000000001,8.0,-12.0,hrl_dqn_apf,hierarchical,dqn,28.183,9.643,4.651,0.00,0.00,0.00,16.838,9.887,0.952,0.00,0.00,0.00,22.399,6.288,-2.139,0.00,0.00,0.00,3.000,3.000,3.000
2026-02-04 17:32:00,433.25,30,195,225,13.33%,141.92,1.86%,"[0, 5, 10, 15, 20, 25, 30, 35, 40, 45, 50, 55, 60, 65, 70, 75, 80, 85, 90, 95, 100]","[7, 5, 5, 4, 5, 4, 6, 1, 9, 5, 13, 12, 11, 18, 14, 12, 694, 18, 13, 757]","[0.0043397396156230625, 0.007439553626782393, 0.010539367637941723, 0.013019218846869188, 0.016119032858028518, 0.018598884066955982, 0.022318660880347178, 0.022938623682579044, 0.02851828890266584, 0.03161810291382517, 0.03967761934283943, 0.047117172969621826, 0.05393676379417235, 0.06509609423434594, 0.07377557346559206, 0.08121512709237445, 0.5114693118412895, 0.5226286422814631, 0.5306881587104774, 1.0]",4.0,2.0,2.0,2.0,2.0,13,31.10167,8.0,0.0,hrl_dqn_apf,hierarchical,dqn,28.452,9.698,4.306,0.00,0.00,0.00,17.577,9.890,0.947,0.00,0.00,0.00,22.399,6.285,-2.888,0.00,0.00,0.00,3.000,3.000,3.000
2026-02-04 17:32:01,434.25,30,193,223,13.45%,141.97,1.86%,"[0, 5, 10, 15, 20, 25, 30, 35, 40, 45, 50, 55, 60, 65, 70, 75, 80, 85, 90, 95, 100]","[9, 4, 5, 5, 3, 4, 6, 2, 9, 5, 13, 11, 11, 17, 15, 12, 693, 19, 13, 757]","[0.005579665220086794, 0.008059516429014259, 0.011159330440173589, 0.01425914445133292, 0.016119032858028518, 0.018598884066955982, 0.022318660880347178, 0.023558586484810913, 0.029138251704897707, 0.032238065716057036, 0.040297582145071294, 0.047117172969621826, 0.05393676379417235, 0.06447613143211407, 0.07377557346559206, 0.08121512709237445, 0.5108493490390577, 0.5226286422814631, 0.5306881587104774, 1.0]",4.0,2.0,2.0,2.0,2.0,13,31.10167,8.0,0.0,hrl_dqn_apf,hierarchical,dqn,28.541,9.702,3.652,0.00,0.00,0.00,18.036,9.964,0.625,0.00,0.00,0.00,22.399,6.282,-3.662,0.00,0.00,0.00,3.000,3.000,3.000
2026-02-04 17:32:02,435.25,28,195,223,12.56%,142.05,1.74%,"[0, 5, 10, 15, 20, 25, 30, 35, 40, 45, 50, 55, 60, 65, 70, 75, 80, 85, 90, 95, 100]","[8, 4, 5, 6, 3, 2, 7, 2, 9, 5, 13, 12, 10, 18, 15, 11, 694, 17, 15, 757]","[0.0049597024178549285, 0.007439553626782393, 0.010539367637941723, 0.01425914445133292, 0.016119032858028518, 0.01735895846249225, 0.02169869807811531, 0.022938623682579044, 0.02851828890266584, 0.03161810291382517, 0.03967761934283943, 0.047117172969621826, 0.053316800991940486, 0.06447613143211407, 0.07377557346559206, 0.08059516429014259, 0.5108493490390577, 0.5213887166769994, 0.5306881587104774, 1.0]",4.0,2.0,2.0,2.0,2.0,1,19.26159,8.0,-12.0,hrl_dqn_apf,hierarchical,dqn,28.568,9.699,2.922,0.00,0.00,0.00,18.181,9.972,-0.004,0.00,0.00,0.00,22.226,6.349,-4.255,0.00,0.00,0.00,3.000,3.000,3.000
2026-02-04 17:32:03,436.25,28,187,215,13.02%,142.11,1.74%,"[0, 5, 10, 15, 20, 25, 30, 35, 40, 45, 50, 55, 60, 65, 70, 75, 80, 85, 90, 95, 100]","[6, 4, 6, 4, 4, 4, 4, 5, 8, 5, 14, 12, 11, 16, 17, 10, 696, 16, 16, 755]","[0.0037197768133911966, 0.006199628022318661, 0.009919404835709857, 0.012399256044637322, 0.014879107253564786, 0.01735895846249225, 0.019838809671419714, 0.022938623682579044, 0.027898326100433975, 0.030998140111593304, 0.03967761934283943, 0.047117172969621826, 0.05393676379417235, 0.0638561686298822, 0.07439553626782393, 0.08059516429014259, 0.5120892746435214, 0.5220086794792312, 0.5319280843149411, 1.0]",4.0,2.0,2.0,2.0,2.0,4,37.42175,8.0,-12.0,hrl_dqn_apf,hierarchical,dqn,28.621,9.728,1.450,0.00,0.00,0.00,18.240,9.967,-1.480,0.00,0.00,0.00,22.098,6.496,-4.527,0.00,0.00,0.00,3.000,3.000,3.000
2026-02-04 17:32:04,437.26,28,187,215,13.02%,142.12,1.74%,"[0, 5, 10, 15, 20, 25, 30, 35, 40, 45, 50, 55, 60, 65, 70, 75, 80, 85, 90, 95, 100]","[6, 5, 5, 5, 4, 3, 5, 5, 8, 6, 13, 10, 14, 16, 16, 9, 697, 16, 15, 755]","[0.0037197768133911966, 0.006819590824550527, 0.009919404835709857, 0.013019218846869188, 0.015499070055796652, 0.01735895846249225, 0.02045877247365158, 0.023558586484810913, 0.02851828890266584, 0.032238065716057036, 0.040297582145071294, 0.04649721016738995, 0.05517668939863608, 0.06509609423434594, 0.0750154990700558, 0.08059516429014259, 0.5127092374457533, 0.5226286422814631, 0.5319280843149411, 1.0]",4.0,2.0,2.0,2.0,2.0,4,37.42175,8.0,-12.0,hrl_dqn_apf,hierarchical,dqn,29.045,9.774,1.106,0.00,0.00,0.00,18.243,9.964,-2.238,0.00,0.00,0.00,22.715,6.499,-4.546,0.00,0.00,0.00,3.000,3.000,3.000
2026-02-04 17:32:05,438.26,29,184,213,13.62%,142.14,1.80%,"[0, 5, 10, 15, 20, 25, 30, 35, 40, 45, 50, 55, 60, 65, 70, 75, 80, 85, 90, 95, 100]","[6, 6, 5, 4, 4, 4, 4, 6, 7, 6, 12, 12, 13, 15, 17, 9, 697, 16, 15, 755]","[0.0037197768133911966, 0.007439553626782393, 0.010539367637941723, 0.013019218846869188, 0.015499070055796652, 0.017978921264724116, 0.02045877247365158, 0.02417854928704278, 0.02851828890266584, 0.032238065716057036, 0.03967761934283943, 0.047117172969621826, 0.05517668939863608, 0.06447613143211407, 0.0750154990700558, 0.08059516429014259, 0.5127092374457533, 0.5226286422814631, 0.5319280843149411, 1.0]",4.0,2.0,2.0,2.0,2.0,2,25.58213,8.0,-12.0,hrl_dqn_apf,hierarchical,dqn,29.395,9.811,0.678,0.00,0.00,0.00,18.244,9.961,-3.001,0.00,0.00,0.00,23.438,6.496,-4.552,0.00,0.00,0.00,3.000,3.000,3.000
2026-02-04 17:32:06,439.26,28,183,211,13.27%,142.14,1.74%,"[0, 5, 10, 15, 20, 25, 30, 35, 40, 45, 50, 55, 60, 65, 70, 75, 80, 85, 90, 95, 100]","[5, 6, 5, 4, 5, 3, 5, 5, 8, 6, 12, 12, 12, 16, 16, 10, 697, 15, 17, 754]","[0.0030998140111593306, 0.006819590824550527, 0.009919404835709857, 0.012399256044637322, 0.015499070055796652, 0.01735895846249225, 0.02045877247365158, 0.023558586484810913, 0.02851828890266584, 0.032238065716057036, 0.03967761934283943, 0.047117172969621826, 0.05455672659640422, 0.06447613143211407, 0.07439553626782393, 0.08059516429014259, 0.5127092374457533, 0.5220086794792312, 0.532548047117173, 1.0]",4.0,2.0,2.0,2.0,2.0,2,25.74218,8.0,-12.0,hrl_dqn_apf,hierarchical,dqn,29.511,9.815,0.018,0.00,0.00,0.00,18.244,9.958,-3.764,0.00,0.00,0.00,24.191,6.493,-4.554,0.00,0.00,0.00,3.000,3.000,3.000
2026-02-04 17:32:07,440.26,28,183,211,13.27%,142.13,1.74%,"[0, 5, 10, 15, 20, 25, 30, 35, 40, 45, 50, 55, 60, 65, 70, 75, 80, 85, 90, 95, 100]","[3, 7, 4, 5, 4, 5, 2, 6, 9, 6, 12, 12, 13, 15, 17, 11, 696, 17, 14, 755]","[0.0018598884066955983, 0.006199628022318661, 0.008679479231246125, 0.011779293242405457, 0.01425914445133292, 0.01735895846249225, 0.018598884066955982, 0.022318660880347178, 0.027898326100433975, 0.03161810291382517, 0.03905765654060756, 0.04649721016738995, 0.05455672659640422, 0.0638561686298822, 0.07439553626782393, 0.08121512709237445, 0.5127092374457533, 0.523248605083695, 0.5319280843149411, 1.0]",4.0,2.0,2.0,2.0,2.0,2,25.74218,8.0,-12.0,hrl_dqn_apf,hierarchical,dqn,29.558,9.809,-1.470,0.00,0.00,0.00,18.280,9.985,-5.250,0.00,0.00,0.00,25.711,6.487,-4.555,0.00,0.00,0.00,3.000,3.000,3.000
2026-02-04 17:32:08,441.26,26,184,210,12.38%,142.16,1.61%,"[0, 5, 10, 15, 20, 25, 30, 35, 40, 45, 50, 55, 60, 65, 70, 75, 80, 85, 90, 95, 100]","[2, 6, 5, 5, 5, 3, 4, 5, 10, 6, 11, 13, 12, 16, 16, 12, 696, 17, 14, 755]","[0.0012399256044637321, 0.0049597024178549285, 0.008059516429014259, 0.011159330440173589, 0.01425914445133292, 0.016119032858028518, 0.018598884066955982, 0.02169869807811531, 0.027898326100433975, 0.03161810291382517, 0.038437693738375696, 0.04649721016738995, 0.05393676379417235, 0.0638561686298822, 0.07377557346559206, 0.08121512709237445, 0.5127092374457533, 0.523248605083695, 0.5319280843149411, 1.0]",4.0,2.0,2.0,2.0,2.0,8,31.90235,8.0,-6.0,hrl_dqn_apf,hierarchical,dqn,29.561,9.806,-2.231,0.00,0.00,0.00,18.704,10.038,-5.597,0.00,0.00,0.00,26.473,6.484,-4.555,0.00,0.00,0.00,3.000,3.000,3.000
2026-02-04 17:32:09,442.26,26,184,210,12.38%,142.22,1.61%,"[0, 5, 10, 15, 20, 25, 30, 35, 40, 45, 50, 55, 60, 65, 70, 75, 80, 85, 90, 95, 100]","[2, 6, 4, 5, 5, 4, 3, 5, 11, 4, 13, 12, 11, 18, 15, 12, 696, 18, 13, 756]","[0.0012399256044637321, 0.0049597024178549285, 0.007439553626782393, 0.010539367637941723, 0.013639181649101054, 0.016119032858028518, 0.017978921264724116, 0.021078735275883446, 0.027898326100433975, 0.03037817730936144, 0.038437693738375696, 0.04587724736515809, 0.05269683818970862, 0.0638561686298822, 0.0731556106633602, 0.08059516429014259, 0.5120892746435214, 0.523248605083695, 0.5313081215127092, 1.0]",4.0,2.0,2.0,2.0,2.0,3,32.06269,8.0,-12.0,hrl_dqn_apf,hierarchical,dqn,29.562,9.803,-2.991,0.00,0.00,0.00,19.367,10.041,-5.706,0.00,0.00,0.00,27.234,6.481,-4.555,0.00,0.00,0.00,3.000,3.000,3.000
2026-02-04 17:32:10,443.27,25,185,210,11.90%,142.27,1.55%,"[0, 5, 10, 15, 20, 25, 30, 35, 40, 45, 50, 55, 60, 65, 70, 75, 80, 85, 90, 95, 100]","[1, 5, 6, 5, 4, 4, 4, 4, 12, 3, 13, 11, 13, 18, 15, 12, 694, 20, 13, 756]","[0.0006199628022318661, 0.0037197768133911966, 0.007439553626782393, 0.010539367637941723, 0.013019218846869188, 0.015499070055796652, 0.017978921264724116, 0.02045877247365158, 0.027898326100433975, 0.029758214507129573, 0.03781773093614383, 0.044637321760694355, 0.05269683818970862, 0.0638561686298822, 0.0731556106633602, 0.08059516429014259, 0.5108493490390577, 0.523248605083695, 0.5313081215127092, 1.0]",4.0,2.0,2.0,2.0,2.0,3,32.06269,8.0,-12.0,hrl_dqn_apf,hierarchical,dqn,29.563,9.800,-3.754,0.00,0.00,0.00,19.914,9.700,-5.742,0.00,0.00,0.00,27.693,6.346,-4.649,0.00,0.00,0.00,3.000,3.000,3.000
2026-02-04 17:32:11,444.27,25,179,204,12.25%,142.36,1.55%,"[0, 5, 10, 15, 20, 25, 30, 35, 40, 45, 50, 55, 60, 65, 70, 75, 80, 85, 90, 95, 100]","[0, 4, 7, 3, 5, 6, 3, 3, 14, 3, 13, 11, 14, 17, 15, 12, 695, 19, 13, 756]","[0.0, 0.0024798512089274642, 0.006819590824550527, 0.008679479231246125, 0.011779293242405457, 0.015499070055796652, 0.01735895846249225, 0.019218846869187848, 0.027898326100433975, 0.029758214507129573, 0.03781773093614383, 0.044637321760694355, 0.053316800991940486, 0.0638561686298822, 0.0731556106633602, 0.08059516429014259, 0.5114693118412895, 0.523248605083695, 0.5313081215127092, 1.0]",4.0,2.0,2.0,2.0,2.0,9,38.22274,8.0,-6.0,hrl_dqn_apf,hierarchical,dqn,30.141,10.502,-4.385,0.00,0.00,0.00,20.771,9.585,-5.756,0.00,0.00,0.00,26.881,5.709,-5.285,0.00,0.00,0.00,3.000,3.000,3.000
2026-02-04 17:32:12,445.27,26,178,204,12.75%,142.40,1.61%,"[0, 5, 10, 15, 20, 25, 30, 35, 40, 45, 50, 55, 60, 65, 70, 75, 80, 85, 90, 95, 100]","[0, 3, 7, 4, 5, 7, 3, 2, 12, 5, 13, 11, 13, 18, 14, 12, 696, 19, 13, 756]","[0.0, 0.0018598884066955983, 0.006199628022318661, 0.008679479231246125, 0.011779293242405457, 0.016119032858028518, 0.017978921264724116, 0.019218846869187848, 0.026658400495970243, 0.029758214507129573, 0.03781773093614383, 0.044637321760694355, 0.05269683818970862, 0.0638561686298822, 0.07253564786112833, 0.07997520148791072, 0.5114693118412895, 0.523248605083695, 0.5313081215127092, 1.0]",4.0,2.0,2.0,2.0,2.0,13,32.382909999999995,8.0,0.0,hrl_dqn_apf,hierarchical,dqn,30.790,10.776,-4.233,0.00,0.00,0.00,21.476,9.587,-5.758,0.00,0.00,0.00,26.207,5.386,-5.555,0.00,0.00,0.00,3.000,3.000,3.000
2026-02-04 17:32:13,446.27,23,181,204,11.27%,142.40,1.43%,"[0, 5, 10, 15, 20, 25, 30, 35, 40, 45, 50, 55, 60, 65, 70, 75, 80, 85, 90, 95, 100]","[0, 2, 6, 6, 4, 5, 4, 4, 12, 5, 13, 10, 14, 17, 15, 11, 697, 18, 14, 756]","[0.0, 0.0012399256044637321, 0.0049597024178549285, 0.008679479231246125, 0.011159330440173589, 0.01425914445133292, 0.016738995660260384, 0.019218846869187848, 0.026658400495970243, 0.029758214507129573, 0.03781773093614383, 0.04401735895846249, 0.05269683818970862, 0.06323620582765034, 0.07253564786112833, 0.07935523868567886, 0.5114693118412895, 0.5226286422814631, 0.5313081215127092, 1.0]",4.0,2.0,2.0,2.0,2.0,13,32.382909999999995,8.0,0.0,hrl_dqn_apf,hierarchical,dqn,31.220,10.362,-4.121,0.00,0.00,0.00,22.224,9.585,-5.759,0.00,0.00,0.00,25.775,5.843,-5.698,0.00,0.00,0.00,3.000,3.000,3.000
2026-02-04 17:32:14,447.27,22,180,202,10.89%,142.40,1.36%,"[0, 5, 10, 15, 20, 25, 30, 35, 40, 45, 50, 55, 60, 65, 70, 75, 80, 85, 90, 95, 100]","[0, 2, 6, 4, 5, 5, 5, 4, 10, 7, 11, 13, 13, 16, 17, 11, 696, 18, 15, 755]","[0.0, 0.0012399256044637321, 0.0049597024178549285, 0.007439553626782393, 0.010539367637941723, 0.013639181649101054, 0.016738995660260384, 0.019218846869187848, 0.02541847489150651, 0.029758214507129573, 0.0365778053316801, 0.044637321760694355, 0.05269683818970862, 0.06261624302541847, 0.0731556106633602, 0.07997520148791072, 0.5114693118412895, 0.5226286422814631, 0.5319280843149411, 1.0]",4.0,2.0,2.0,2.0,2.0,17,26.46312,8.0,6.0,hrl_dqn_apf,hierarchical,dqn,31.361,9.944,-4.084,0.00,0.00,0.00,22.980,9.583,-5.760,0.00,0.00,0.00,25.634,6.272,-5.744,0.00,0.00,0.00,3.000,3.000,3.000
2026-02-04 17:32:15,448.28,23,175,198,11.62%,142.43,1.43%,"[0, 5, 10, 15, 20, 25, 30, 35, 40, 45, 50, 55, 60, 65, 70, 75, 80, 85, 90, 95, 100]","[2, 0, 6, 5, 5, 5, 5, 4, 10, 8, 10, 12, 12, 18, 16, 10, 698, 16, 17, 754]","[0.0012399256044637321, 0.0012399256044637321, 0.0049597024178549285, 0.008059516429014259, 0.011159330440173589, 0.01425914445133292, 0.01735895846249225, 0.019838809671419714, 0.026038437693738377, 0.030998140111593304, 0.037197768133911964, 0.044637321760694355, 0.052076875387476754, 0.06323620582765034, 0.0731556106633602, 0.07935523868567886, 0.5120892746435214, 0.5220086794792312, 0.532548047117173, 1.0]",4.0,2.0,2.0,2.0,2.0,6,20.62298,8.0,-6.0,hrl_dqn_apf,hierarchical,dqn,31.415,9.849,-3.438,0.00,0.00,0.00,23.265,10.291,-5.764,0.00,0.00,0.00,26.108,5.990,-5.762,0.00,0.00,0.00,3.000,3.000,3.000
2026-02-04 17:32:16,449.28,21,175,196,10.71%,142.52,1.30%,"[0, 5, 10, 15, 20, 25, 30, 35, 40, 45, 50, 55, 60, 65, 70, 75, 80, 85, 90, 95, 100]","[2, 0, 4, 7, 3, 5, 7, 3, 9, 9, 10, 13, 11, 19, 16, 10, 698, 16, 17, 754]","[0.0012399256044637321, 0.0012399256044637321, 0.0037197768133911966, 0.008059516429014259, 0.009919404835709857, 0.013019218846869188, 0.01735895846249225, 0.019218846869187848, 0.024798512089274645, 0.03037817730936144, 0.0365778053316801, 0.044637321760694355, 0.05145691258524489, 0.06323620582765034, 0.0731556106633602, 0.07935523868567886, 0.5120892746435214, 0.5220086794792312, 0.532548047117173, 1.0]",4.0,2.0,2.0,2.0,2.0,6,20.62298,8.0,-6.0,hrl_dqn_apf,hierarchical,dqn,31.418,9.852,-2.745,0.00,0.00,0.00,22.651,10.578,-5.766,0.00,0.00,0.00,26.778,5.660,-5.761,0.00,0.00,0.00,3.000,3.000,3.000
2026-02-04 17:32:17,450.28,21,169,190,11.05%,142.61,1.30%,"[0, 5, 10, 15, 20, 25, 30, 35, 40, 45, 50, 55, 60, 65, 70, 75, 80, 85, 90, 95, 100]","[2, 0, 3, 7, 4, 5, 7, 3, 8, 8, 12, 12, 12, 18, 17, 9, 699, 16, 17, 754]","[0.0012399256044637321, 0.0012399256044637321, 0.0030998140111593306, 0.007439553626782393, 0.009919404835709857, 0.013019218846869188, 0.01735895846249225, 0.019218846869187848, 0.02417854928704278, 0.029138251704897707, 0.0365778053316801, 0.04401735895846249, 0.05145691258524489, 0.06261624302541847, 0.0731556106633602, 0.07873527588344699, 0.5120892746435214, 0.5220086794792312, 0.532548047117173, 1.0]",4.0,2.0,2.0,2.0,2.0,4,38.78246,8.0,-12.0,hrl_dqn_apf,hierarchical,dqn,31.419,9.850,-1.981,0.00,0.00,0.00,22.210,10.151,-5.766,0.00,0.00,0.00,27.227,6.121,-5.761,0.00,0.00,0.00,3.000,3.000,3.000
2026-02-04 17:32:18,451.28,21,169,190,11.05%,142.66,1.30%,"[0, 5, 10, 15, 20, 25, 30, 35, 40, 45, 50, 55, 60, 65, 70, 75, 80, 85, 90, 95, 100]","[2, 0, 3, 7, 5, 4, 5, 5, 9, 8, 12, 12, 11, 19, 16, 10, 698, 17, 15, 755]","[0.0012399256044637321, 0.0012399256044637321, 0.0030998140111593306, 0.007439553626782393, 0.010539367637941723, 0.013019218846869188, 0.016119032858028518, 0.019218846869187848, 0.024798512089274645, 0.029758214507129573, 0.037197768133911964, 0.044637321760694355, 0.05145691258524489, 0.06323620582765034, 0.0731556106633602, 0.07935523868567886, 0.5120892746435214, 0.5226286422814631, 0.5319280843149411, 1.0]",4.0,2.0,2.0,2.0,2.0,12,26.9437,8.0,0.0,hrl_dqn_apf,hierarchical,dqn,31.204,9.922,-1.437,0.00,0.00,0.00,22.071,9.732,-5.766,0.00,0.00,0.00,27.367,6.546,-5.761,0.00,0.00,0.00,3.000,3.000,3.000
2026-02-04 17:32:19,452.28,20,168,188,10.64%,142.84,1.24%,"[0, 5, 10, 15, 20, 25, 30, 35, 40, 45, 50, 55, 60, 65, 70, 75, 80, 85, 90, 95, 100]","[3, 0, 2, 4, 6, 5, 4, 5, 10, 6, 15, 10, 13, 17, 16, 12, 696, 18, 13, 758]","[0.0018598884066955983, 0.0018598884066955983, 0.0030998140111593306, 0.005579665220086794, 0.009299442033477991, 0.012399256044637322, 0.014879107253564786, 0.017978921264724116, 0.02417854928704278, 0.027898326100433975, 0.037197768133911964, 0.04339739615623062, 0.05145691258524489, 0.06199628022318661, 0.07191568505889646, 0.07935523868567886, 0.5108493490390577, 0.5220086794792312, 0.5300681959082455, 1.0]",4.0,2.0,2.0,2.0,2.0,12,26.9437,8.0,0.0,hrl_dqn_apf,hierarchical,dqn,29.905,9.937,-1.192,0.00,0.00,0.00,21.419,9.659,-5.726,0.00,0.00,0.00,27.993,6.743,-5.761,0.00,0.00,0.00,3.000,3.000,3.000
2026-02-04 17:32:20,453.28,20,166,186,10.75%,142.91,1.24%,"[0, 5, 10, 15, 20, 25, 30, 35, 40, 45, 50, 55, 60, 65, 70, 75, 80, 85, 90, 95, 100]","[3, 0, 0, 6, 6, 5, 4, 5, 10, 6, 15, 9, 13, 18, 16, 11, 696, 19, 13, 758]","[0.0018598884066955983, 0.0018598884066955983, 0.0018598884066955983, 0.005579665220086794, 0.009299442033477991, 0.012399256044637322, 0.014879107253564786, 0.017978921264724116, 0.02417854928704278, 0.027898326100433975, 0.037197768133911964, 0.04277743335399876, 0.05083694978301302, 0.06199628022318661, 0.07191568505889646, 0.07873527588344699, 0.5102293862368258, 0.5220086794792312, 0.5300681959082455, 1.0]",4.0,2.0,2.0,2.0,2.0,18,33.103750000000005,8.0,6.0,hrl_dqn_apf,hierarchical,dqn,29.158,9.934,-1.174,0.00,0.00,0.00,21.145,9.704,-5.295,0.00,0.00,0.00,28.675,6.745,-5.761,0.00,0.00,0.00,3.000,3.000,3.000
2026-02-04 17:32:21,454.29,18,168,186,9.68%,142.95,1.12%,"[0, 5, 10, 15, 20, 25, 30, 35, 40, 45, 50, 55, 60, 65, 70, 75, 80, 85, 90, 95, 100]","[2, 1, 0, 4, 7, 4, 5, 6, 9, 6, 15, 9, 14, 18, 16, 11, 696, 19, 13, 758]","[0.0012399256044637321, 0.0018598884066955983, 0.0018598884066955983, 0.0043397396156230625, 0.008679479231246125, 0.011159330440173589, 0.01425914445133292, 0.017978921264724116, 0.023558586484810913, 0.02727836329820211, 0.0365778053316801, 0.04215747055176689, 0.05083694978301302, 0.06199628022318661, 0.07191568505889646, 0.07873527588344699, 0.5102293862368258, 0.5220086794792312, 0.5300681959082455, 1.0]",4.0,2.0,2.0,2.0,2.0,6,21.26384,8.0,-6.0,hrl_dqn_apf,hierarchical,dqn,28.402,9.931,-1.169,0.00,0.00,0.00,21.057,9.707,-4.631,0.00,0.00,0.00,28.829,6.887,-5.761,0.00,0.00,0.00,3.000,3.000,3.000
2026-02-04 17:32:22,455.29,17,168,185,9.19%,142.97,1.05%,"[0, 5, 10, 15, 20, 25, 30, 35, 40, 45, 50, 55, 60, 65, 70, 75, 80, 85, 90, 95, 100]","[2, 1, 0, 3, 7, 4, 5, 7, 9, 5, 16, 10, 13, 18, 16, 12, 695, 19, 13, 758]","[0.0012399256044637321, 0.0018598884066955983, 0.0018598884066955983, 0.0037197768133911966, 0.008059516429014259, 0.010539367637941723, 0.013639181649101054, 0.017978921264724116, 0.023558586484810913, 0.026658400495970243, 0.0365778053316801, 0.04277743335399876, 0.05083694978301302, 0.06199628022318661, 0.07191568505889646, 0.07935523868567886, 0.5102293862368258, 0.5220086794792312, 0.5300681959082455, 1.0]",4.0,2.0,2.0,2.0,2.0,6,21.26384,8.0,-6.0,hrl_dqn_apf,hierarchical,dqn,27.639,9.928,-1.167,0.00,0.00,0.00,21.239,9.779,-4.099,0.00,0.00,0.00,28.356,6.909,-5.761,0.00,0.00,0.00,3.000,3.000,3.000
2026-02-04 17:32:23,456.29,16,169,185,8.65%,143.12,0.99%,"[0, 5, 10, 15, 20, 25, 30, 35, 40, 45, 50, 55, 60, 65, 70, 75, 80, 85, 90, 95, 100]","[3, 2, 0, 2, 5, 4, 6, 4, 11, 6, 13, 13, 12, 18, 17, 11, 696, 18, 14, 758]","[0.0018598884066955983, 0.0030998140111593306, 0.0030998140111593306, 0.0043397396156230625, 0.007439553626782393, 0.009919404835709857, 0.013639181649101054, 0.016119032858028518, 0.022938623682579044, 0.026658400495970243, 0.0347179169249845, 0.04277743335399876, 0.050216986980781156, 0.06137631742095474, 0.07191568505889646, 0.07873527588344699, 0.5102293862368258, 0.5213887166769994, 0.5300681959082455, 1.0]",4.0,2.0,2.0,2.0,2.0,20,15.424510000000001,8.0,12.0,hrl_dqn_apf,hierarchical,dqn,26.737,10.014,-0.532,0.00,0.00,0.00,22.521,9.795,-3.858,0.00,0.00,0.00,26.936,6.904,-5.761,0.00,0.00,0.00,3.000,3.000,3.000
2026-02-04 17:32:24,457.29,16,163,179,8.94%,143.20,0.99%,"[0, 5, 10, 15, 20, 25, 30, 35, 40, 45, 50, 55, 60, 65, 70, 75, 80, 85, 90, 95, 100]","[4, 1, 0, 2, 4, 5, 5, 4, 12, 5, 14, 13, 11, 19, 17, 9, 698, 17, 14, 759]","[0.0024798512089274642, 0.0030998140111593306, 0.0030998140111593306, 0.0043397396156230625, 0.006819590824550527, 0.009919404835709857, 0.013019218846869188, 0.015499070055796652, 0.022938623682579044, 0.026038437693738377, 0.0347179169249845, 0.04277743335399876, 0.04959702417854929, 0.06137631742095474, 0.07191568505889646, 0.07749535027898326, 0.5102293862368258, 0.5207687538747675, 0.5294482331060136, 1.0]",4.0,2.0,2.0,2.0,2.0,12,27.58469,8.0,0.0,hrl_dqn_apf,hierarchical,dqn,26.658,9.948,0.157,0.00,0.00,0.00,23.270,9.792,-3.840,0.00,0.00,0.00,26.179,6.901,-5.761,0.00,0.00,0.00,3.000,3.000,3.000
2026-02-04 17:32:25,458.29,16,163,179,8.94%,143.25,0.99%,"[0, 5, 10, 15, 20, 25, 30, 35, 40, 45, 50, 55, 60, 65, 70, 75, 80, 85, 90, 95, 100]","[4, 1, 0, 1, 4, 6, 5, 5, 11, 6, 13, 14, 10, 19, 16, 11, 698, 16, 15, 758]","[0.0024798512089274642, 0.0030998140111593306, 0.0030998140111593306, 0.0037197768133911966, 0.006199628022318661, 0.009919404835709857, 0.013019218846869188, 0.016119032858028518, 0.022938623682579044, 0.026658400495970243, 0.0347179169249845, 0.04339739615623062, 0.04959702417854929, 0.06137631742095474, 0.0712957222566646, 0.07811531308121512, 0.5108493490390577, 0.5207687538747675, 0.5300681959082455, 1.0]",4.0,2.0,2.0,2.0,2.0,12,27.58469,8.0,0.0,hrl_dqn_apf,hierarchical,dqn,26.631,9.560,0.583,0.00,0.00,0.00,24.029,9.789,-3.835,0.00,0.00,0.00,25.417,6.898,-5.761,0.00,0.00,0.00,3.000,3.000,3.000
2026-02-04 17:32:26,459.30,16,163,179,8.94%,143.30,0.99%,"[0, 5, 10, 15, 20, 25, 30, 35, 40, 45, 50, 55, 60, 65, 70, 75, 80, 85, 90, 95, 100]","[4, 2, 0, 0, 3, 7, 5, 4, 12, 5, 14, 13, 11, 19, 16, 11, 697, 17, 15, 758]","[0.0024798512089274642, 0.0037197768133911966, 0.0037197768133911966, 0.0037197768133911966, 0.005579665220086794, 0.009919404835709857, 0.013019218846869188, 0.015499070055796652, 0.022938623682579044, 0.026038437693738377, 0.0347179169249845, 0.04277743335399876, 0.04959702417854929, 0.06137631742095474, 0.0712957222566646, 0.07811531308121512, 0.5102293862368258, 0.5207687538747675, 0.5300681959082455, 1.0]",4.0,2.0,2.0,2.0,2.0,11,21.74491,8.0,0.0,hrl_dqn_apf,hierarchical,dqn,26.623,9.551,0.931,0.00,0.00,0.00,24.398,10.154,-3.714,0.00,0.00,0.00,24.929,6.739,-5.902,0.00,0.00,0.00,3.000,3.000,3.000
2026-02-04 17:32:27,460.30,15,166,181,8.29%,143.36,0.93%,"[0, 5, 10, 15, 20, 25, 30, 35, 40, 45, 50, 55, 60, 65, 70, 75, 80, 85, 90, 95, 100]","[4, 2, 0, 0, 3, 6, 4, 5, 11, 7, 11, 14, 12, 19, 15, 12, 698, 17, 14, 759]","[0.0024798512089274642, 0.0037197768133911966, 0.0037197768133911966, 0.0037197768133911966, 0.005579665220086794, 0.009299442033477991, 0.011779293242405457, 0.014879107253564786, 0.02169869807811531, 0.026038437693738377, 0.0328580285182889, 0.041537507749535026, 0.048977061376317424, 0.06075635461872288, 0.07005579665220087, 0.07749535027898326, 0.5102293862368258, 0.5207687538747675, 0.5294482331060136, 1.0]",4.0,2.0,2.0,2.0,2.0,22,27.89492,8.0,12.0,hrl_dqn_apf,hierarchical,dqn,26.620,9.560,2.297,0.00,0.00,0.00,23.919,10.566,-2.751,0.00,0.00,0.00,25.195,6.256,-6.973,0.00,0.00,0.00,3.000,3.000,3.000
2026-02-04 17:32:28,461.30,13,172,185,7.03%,143.35,0.81%,"[0, 5, 10, 15, 20, 25, 30, 35, 40, 45, 50, 55, 60, 65, 70, 75, 80, 85, 90, 95, 100]","[3, 2, 1, 0, 2, 5, 5, 5, 11, 6, 13, 13, 13, 18, 16, 12, 697, 19, 14, 758]","[0.0018598884066955983, 0.0030998140111593306, 0.0037197768133911966, 0.0037197768133911966, 0.0049597024178549285, 0.008059516429014259, 0.011159330440173589, 0.01425914445133292, 0.021078735275883446, 0.024798512089274645, 0.0328580285182889, 0.04091754494730316, 0.048977061376317424, 0.06013639181649101, 0.07005579665220087, 0.07749535027898326, 0.5096094234345939, 0.5213887166769994, 0.5300681959082455, 1.0]",4.0,2.0,2.0,2.0,2.0,22,27.89492,8.0,12.0,hrl_dqn_apf,hierarchical,dqn,26.620,9.558,3.050,0.00,0.00,0.00,23.812,10.144,-2.450,0.00,0.00,0.00,25.282,6.372,-6.871,0.00,0.00,0.00,3.000,3.000,3.000
2026-02-04 17:32:29,462.30,13,172,185,7.03%,143.36,0.81%,"[0, 5, 10, 15, 20, 25, 30, 35, 40, 45, 50, 55, 60, 65, 70, 75, 80, 85, 90, 95, 100]","[3, 2, 1, 0, 2, 5, 5, 5, 11, 7, 12, 13, 14, 17, 18, 12, 695, 20, 13, 758]","[0.0018598884066955983, 0.0030998140111593306, 0.0037197768133911966, 0.0037197768133911966, 0.0049597024178549285, 0.008059516429014259, 0.011159330440173589, 0.01425914445133292, 0.021078735275883446, 0.02541847489150651, 0.0328580285182889, 0.04091754494730316, 0.04959702417854929, 0.06013639181649101, 0.0712957222566646, 0.07873527588344699, 0.5096094234345939, 0.5220086794792312, 0.5300681959082455, 1.0]",4.0,2.0,2.0,2.0,2.0,20,15.814879999999999,8.0,12.0,hrl_dqn_apf,hierarchical,dqn,26.620,9.556,3.807,0.00,0.00,0.00,23.778,9.727,-2.355,0.00,0.00,0.00,25.310,6.387,-6.307,0.00,0.00,0.00,3.000,3.000,3.000
2026-02-04 17:32:30,463.30,12,173,185,6.49%,143.40,0.74%,"[0, 5, 10, 15, 20, 25, 30, 35, 40, 45, 50, 55, 60, 65, 70, 75, 80, 85, 90, 95, 100]","[3, 3, 1, 0, 1, 4, 7, 5, 10, 7, 13, 12, 15, 16, 17, 11, 697, 20, 13, 758]","[0.0018598884066955983, 0.0037197768133911966, 0.0043397396156230625, 0.0043397396156230625, 0.0049597024178549285, 0.007439553626782393, 0.011779293242405457, 0.014879107253564786, 0.021078735275883446, 0.02541847489150651, 0.03347799132052077, 0.04091754494730316, 0.050216986980781156, 0.06013639181649101, 0.07067575945443273, 0.07749535027898326, 0.5096094234345939, 0.5220086794792312, 0.5300681959082455, 1.0]",4.0,2.0,2.0,2.0,2.0,16,21.6546,8.0,6.0,hrl_dqn_apf,hierarchical,dqn,26.620,9.553,4.570,0.00,0.00,0.00,23.767,9.317,-2.325,0.00,0.00,0.00,25.319,6.388,-5.599,0.00,0.00,0.00,3.000,3.000,3.000
2026-02-04 17:32:31,464.30,11,175,186,5.91%,143.52,0.68%,"[0, 5, 10, 15, 20, 25, 30, 35, 40, 45, 50, 55, 60, 65, 70, 75, 80, 85, 90, 95, 100]","[4, 2, 2, 0, 0, 3, 8, 3, 11, 9, 12, 10, 17, 16, 17, 11, 698, 19, 13, 758]","[0.0024798512089274642, 0.0037197768133911966, 0.0049597024178549285, 0.0049597024178549285, 0.0049597024178549285, 0.006819590824550527, 0.011779293242405457, 0.013639181649101054, 0.02045877247365158, 0.026038437693738377, 0.03347799132052077, 0.03967761934283943, 0.050216986980781156, 0.06013639181649101, 0.07067575945443273, 0.07749535027898326, 0.5102293862368258, 0.5220086794792312, 0.5300681959082455, 1.0]",4.0,2.0,2.0,2.0,2.0,16,21.6546,8.0,6.0,hrl_dqn_apf,hierarchical,dqn,26.668,9.585,6.045,0.00,0.00,0.00,23.473,9.676,-1.713,0.00,0.00,0.00,25.578,6.128,-5.208,0.00,0.00,0.00,3.000,3.000,3.000
2026-02-04 17:32:32,465.31,12,176,188,6.38%,143.60,0.74%,"[0, 5, 10, 15, 20, 25, 30, 35, 40, 45, 50, 55, 60, 65, 70, 75, 80, 85, 90, 95, 100]","[5, 2, 2, 0, 0, 3, 6, 4, 11, 9, 12, 10, 15, 18, 17, 11, 697, 19, 14, 758]","[0.0030998140111593306, 0.0043397396156230625, 0.005579665220086794, 0.005579665220086794, 0.005579665220086794, 0.007439553626782393, 0.011159330440173589, 0.013639181649101054, 0.02045877247365158, 0.026038437693738377, 0.03347799132052077, 0.03967761934283943, 0.048977061376317424, 0.06013639181649101, 0.07067575945443273, 0.07749535027898326, 0.5096094234345939, 0.5213887166769994, 0.5300681959082455, 1.0]",4.0,2.0,2.0,2.0,2.0,24,39.49416,8.0,12.0,hrl_dqn_apf,hierarchical,dqn,27.110,9.633,6.372,0.00,0.00,0.00,23.140,9.910,-1.097,0.00,0.00,0.00,25.905,5.887,-5.726,0.00,0.00,0.00,3.000,3.000,3.000
2026-02-04 17:32:33,466.31,11,179,190,5.79%,143.68,0.68%,"[0, 5, 10, 15, 20, 25, 30, 35, 40, 45, 50, 55, 60, 65, 70, 75, 80, 85, 90, 95, 100]","[4, 3, 1, 1, 0, 2, 5, 6, 10, 7, 13, 12, 15, 18, 17, 10, 698, 18, 15, 758]","[0.0024798512089274642, 0.0043397396156230625, 0.0049597024178549285, 0.005579665220086794, 0.005579665220086794, 0.006819590824550527, 0.009919404835709857, 0.013639181649101054, 0.019838809671419714, 0.02417854928704278, 0.032238065716057036, 0.03967761934283943, 0.048977061376317424, 0.06013639181649101, 0.07067575945443273, 0.07687538747675139, 0.5096094234345939, 0.5207687538747675, 0.5300681959082455, 1.0]",4.0,2.0,2.0,2.0,2.0,16,21.33409,8.0,6.0,hrl_dqn_apf,hierarchical,dqn,27.781,9.636,6.475,0.00,0.00,0.00,22.927,9.912,-0.405,0.00,0.00,0.00,26.126,6.022,-5.779,0.00,0.00,0.00,3.000,3.000,3.000
2026-02-04 17:32:34,467.31,12,178,190,6.32%,143.70,0.74%,"[0, 5, 10, 15, 20, 25, 30, 35, 40, 45, 50, 55, 60, 65, 70, 75, 80, 85, 90, 95, 100]","[5, 2, 2, 1, 0, 2, 4, 4, 11, 7, 14, 12, 13, 20, 15, 12, 698, 16, 17, 758]","[0.0030998140111593306, 0.0043397396156230625, 0.005579665220086794, 0.006199628022318661, 0.006199628022318661, 0.007439553626782393, 0.009919404835709857, 0.012399256044637322, 0.019218846869187848, 0.023558586484810913, 0.032238065716057036, 0.03967761934283943, 0.04773713577185369, 0.06013639181649101, 0.069435833849969, 0.07687538747675139, 0.5096094234345939, 0.5195288282703038, 0.5300681959082455, 1.0]",4.0,2.0,2.0,2.0,2.0,16,21.33409,8.0,6.0,hrl_dqn_apf,hierarchical,dqn,28.519,9.633,6.507,0.00,0.00,0.00,22.858,9.909,0.338,0.00,0.00,0.00,26.201,6.046,-5.271,0.00,0.00,0.00,3.000,3.000,3.000
2026-02-04 17:32:35,468.31,11,185,196,5.61%,143.85,0.68%,"[0, 5, 10, 15, 20, 25, 30, 35, 40, 45, 50, 55, 60, 65, 70, 75, 80, 85, 90, 95, 100]","[6, 1, 2, 2, 0, 0, 5, 3, 11, 7, 14, 12, 13, 21, 14, 12, 697, 18, 16, 759]","[0.0037197768133911966, 0.0043397396156230625, 0.005579665220086794, 0.006819590824550527, 0.006819590824550527, 0.006819590824550527, 0.009919404835709857, 0.011779293242405457, 0.018598884066955982, 0.022938623682579044, 0.03161810291382517, 0.03905765654060756, 0.047117172969621826, 0.06013639181649101, 0.06881587104773713, 0.07625542467451953, 0.5083694978301302, 0.5195288282703038, 0.5294482331060136, 1.0]",4.0,2.0,2.0,2.0,2.0,11,21.1739,8.0,0.0,hrl_dqn_apf,hierarchical,dqn,29.933,9.703,6.520,0.00,0.00,0.00,22.830,9.901,1.854,0.00,0.00,0.00,26.200,6.073,-3.869,0.00,0.00,0.00,3.000,3.000,3.000
2026-02-04 17:32:36,469.31,13,185,198,6.57%,143.84,0.81%,"[0, 5, 10, 15, 20, 25, 30, 35, 40, 45, 50, 55, 60, 65, 70, 75, 80, 85, 90, 95, 100]","[8, 1, 2, 2, 0, 0, 3, 5, 8, 6, 16, 11, 12, 22, 14, 13, 696, 19, 16, 759]","[0.0049597024178549285, 0.005579665220086794, 0.006819590824550527, 0.008059516429014259, 0.008059516429014259, 0.008059516429014259, 0.009919404835709857, 0.013019218846869188, 0.017978921264724116, 0.02169869807811531, 0.03161810291382517, 0.038437693738375696, 0.04587724736515809, 0.059516429014259145, 0.06819590824550527, 0.07625542467451953, 0.5077495350278983, 0.5195288282703038, 0.5294482331060136, 1.0]",4.0,2.0,2.0,2.0,2.0,11,21.1739,8.0,0.0,hrl_dqn_apf,hierarchical,dqn,29.813,9.802,6.521,0.00,0.00,0.00,22.828,9.898,2.614,0.00,0.00,0.00,25.793,6.129,-3.516,0.00,0.00,0.00,3.000,3.000,3.000
2026-02-04 17:32:37,470.32,14,184,198,7.07%,143.85,0.87%,"[0, 5, 10, 15, 20, 25, 30, 35, 40, 45, 50, 55, 60, 65, 70, 75, 80, 85, 90, 95, 100]","[6, 3, 2, 3, 0, 0, 3, 5, 8, 6, 16, 11, 11, 22, 16, 12, 696, 18, 16, 759]","[0.0037197768133911966, 0.005579665220086794, 0.006819590824550527, 0.008679479231246125, 0.008679479231246125, 0.008679479231246125, 0.010539367637941723, 0.013639181649101054, 0.018598884066955982, 0.022318660880347178, 0.032238065716057036, 0.03905765654060756, 0.04587724736515809, 0.059516429014259145, 0.069435833849969, 0.07687538747675139, 0.5083694978301302, 0.5195288282703038, 0.5294482331060136, 1.0]",4.0,2.0,2.0,2.0,2.0,15,15.013449999999999,8.0,6.0,hrl_dqn_apf,hierarchical,dqn,29.240,9.810,6.521,0.00,0.00,0.00,22.828,9.895,3.378,0.00,0.00,0.00,25.133,6.133,-3.403,0.00,0.00,0.00,3.000,3.000,3.000
2026-02-04 17:32:38,471.32,14,188,202,6.93%,143.92,0.87%,"[0, 5, 10, 15, 20, 25, 30, 35, 40, 45, 50, 55, 60, 65, 70, 75, 80, 85, 90, 95, 100]","[8, 2, 2, 1, 1, 0, 2, 5, 10, 5, 14, 13, 12, 21, 16, 12, 695, 19, 15, 760]","[0.0049597024178549285, 0.006199628022318661, 0.007439553626782393, 0.008059516429014259, 0.008679479231246125, 0.008679479231246125, 0.009919404835709857, 0.013019218846869188, 0.019218846869187848, 0.022318660880347178, 0.030998140111593304, 0.03905765654060756, 0.04649721016738995, 0.059516429014259145, 0.069435833849969, 0.07687538747675139, 0.5077495350278983, 0.5195288282703038, 0.5288282703037818, 1.0]",4.0,2.0,2.0,2.0,2.0,5,14.852820000000001,8.0,-6.0,hrl_dqn_apf,hierarchical,dqn,28.532,9.808,6.521,0.00,0.00,0.00,22.828,10.041,3.703,0.00,0.00,0.00,24.402,6.130,-3.369,0.00,0.00,0.00,3.000,3.000,3.000
2026-02-04 17:32:39,472.32,14,190,204,6.86%,144.11,0.87%,"[0, 5, 10, 15, 20, 25, 30, 35, 40, 45, 50, 55, 60, 65, 70, 75, 80, 85, 90, 95, 100]","[6, 5, 0, 2, 1, 0, 1, 4, 10, 6, 13, 13, 13, 18, 20, 10, 696, 18, 15, 762]","[0.0037197768133911966, 0.006819590824550527, 0.006819590824550527, 0.008059516429014259, 0.008679479231246125, 0.008679479231246125, 0.009299442033477991, 0.011779293242405457, 0.017978921264724116, 0.02169869807811531, 0.029758214507129573, 0.03781773093614383, 0.04587724736515809, 0.05703657780533168, 0.069435833849969, 0.07563546187228766, 0.5071295722256665, 0.51828890266584, 0.527588344699318, 1.0]",4.0,2.0,2.0,2.0,2.0,5,14.852820000000001,8.0,-6.0,hrl_dqn_apf,hierarchical,dqn,27.006,9.802,6.521,0.00,0.00,0.00,22.828,9.556,3.234,0.00,0.00,0.00,23.463,6.216,-3.963,0.00,0.00,0.00,3.000,3.000,3.000
2026-02-04 17:32:40,473.32,14,190,204,6.86%,144.16,0.87%,"[0, 5, 10, 15, 20, 25, 30, 35, 40, 45, 50, 55, 60, 65, 70, 75, 80, 85, 90, 95, 100]","[6, 5, 0, 1, 2, 0, 0, 5, 11, 6, 13, 13, 13, 18, 20, 9, 696, 19, 15, 761]","[0.0037197768133911966, 0.006819590824550527, 0.006819590824550527, 0.007439553626782393, 0.008679479231246125, 0.008679479231246125, 0.008679479231246125, 0.011779293242405457, 0.018598884066955982, 0.022318660880347178, 0.03037817730936144, 0.038437693738375696, 0.04649721016738995, 0.05765654060756355, 0.07005579665220087, 0.07563546187228766, 0.5071295722256665, 0.5189088654680719, 0.5282083075015499, 1.0]",4.0,2.0,2.0,2.0,2.0,1,20.69272,8.0,-12.0,hrl_dqn_apf,hierarchical,dqn,26.267,9.826,6.521,0.00,0.00,0.00,22.828,9.582,2.744,0.00,0.00,0.00,23.380,6.217,-4.653,0.00,0.00,0.00,3.000,3.000,3.000
2026-02-04 17:32:41,474.32,16,188,204,7.84%,144.20,0.99%,"[0, 5, 10, 15, 20, 25, 30, 35, 40, 45, 50, 55, 60, 65, 70, 75, 80, 85, 90, 95, 100]","[7, 6, 0, 1, 2, 0, 0, 3, 12, 5, 13, 13, 12, 18, 20, 9, 697, 18, 16, 761]","[0.0043397396156230625, 0.008059516429014259, 0.008059516429014259, 0.008679479231246125, 0.009919404835709857, 0.009919404835709857, 0.009919404835709857, 0.011779293242405457, 0.019218846869187848, 0.022318660880347178, 0.03037817730936144, 0.038437693738375696, 0.04587724736515809, 0.05703657780533168, 0.069435833849969, 0.0750154990700558, 0.5071295722256665, 0.51828890266584, 0.5282083075015499, 1.0]",4.0,2.0,2.0,2.0,2.0,18,32.53193,8.0,6.0,hrl_dqn_apf,hierarchical,dqn,26.204,9.965,6.521,0.00,0.00,0.00,22.828,9.585,2.062,0.00,0.00,0.00,23.355,6.214,-5.393,0.00,0.00,0.00,3.000,3.000,3.000
2026-02-04 17:32:42,475.33,16,194,210,7.62%,144.28,0.99%,"[0, 5, 10, 15, 20, 25, 30, 35, 40, 45, 50, 55, 60, 65, 70, 75, 80, 85, 90, 95, 100]","[9, 3, 2, 1, 1, 0, 0, 3, 12, 4, 13, 14, 12, 16, 21, 10, 697, 18, 15, 762]","[0.005579665220086794, 0.007439553626782393, 0.008679479231246125, 0.009299442033477991, 0.009919404835709857, 0.009919404835709857, 0.009919404835709857, 0.011779293242405457, 0.019218846869187848, 0.02169869807811531, 0.029758214507129573, 0.038437693738375696, 0.04587724736515809, 0.05579665220086795, 0.06881587104773713, 0.0750154990700558, 0.5071295722256665, 0.51828890266584, 0.527588344699318, 1.0]",4.0,2.0,2.0,2.0,2.0,18,32.53193,8.0,6.0,hrl_dqn_apf,hierarchical,dqn,26.714,9.981,6.521,0.00,0.00,0.00,22.828,9.583,1.321,0.00,0.00,0.00,23.347,6.211,-6.151,0.00,0.00,0.00,3.000,3.000,3.000
2026-02-04 17:32:43,476.33,16,194,210,7.62%,144.37,0.99%,"[0, 5, 10, 15, 20, 25, 30, 35, 40, 45, 50, 55, 60, 65, 70, 75, 80, 85, 90, 95, 100]","[9, 2, 3, 0, 2, 0, 0, 2, 11, 4, 14, 11, 14, 18, 18, 13, 696, 18, 16, 762]","[0.005579665220086794, 0.006819590824550527, 0.008679479231246125, 0.008679479231246125, 0.009919404835709857, 0.009919404835709857, 0.009919404835709857, 0.011159330440173589, 0.017978921264724116, 0.02045877247365158, 0.029138251704897707, 0.03595784252944823, 0.044637321760694355, 0.05579665220086795, 0.06695598264104154, 0.0750154990700558, 0.5065096094234346, 0.5176689398636082, 0.527588344699318, 1.0]",4.0,2.0,2.0,2.0,2.0,4,38.37208,8.0,-12.0,hrl_dqn_apf,hierarchical,dqn,28.150,9.977,6.521,0.00,0.00,0.00,23.480,9.670,0.443,0.00,0.00,0.00,23.344,6.268,-7.602,0.00,0.00,0.00,3.000,3.000,3.000
2026-02-04 17:32:44,477.33,16,195,211,7.58%,144.37,0.99%,"[0, 5, 10, 15, 20, 25, 30, 35, 40, 45, 50, 55, 60, 65, 70, 75, 80, 85, 90, 95, 100]","[9, 0, 5, 0, 2, 0, 0, 2, 9, 7, 13, 11, 15, 18, 18, 14, 695, 18, 16, 761]","[0.005579665220086794, 0.005579665220086794, 0.008679479231246125, 0.008679479231246125, 0.009919404835709857, 0.009919404835709857, 0.009919404835709857, 0.011159330440173589, 0.016738995660260384, 0.021078735275883446, 0.029138251704897707, 0.03595784252944823, 0.04525728456292622, 0.056416615003099815, 0.0675759454432734, 0.07625542467451953, 0.5071295722256665, 0.51828890266584, 0.5282083075015499, 1.0]",4.0,2.0,2.0,2.0,2.0,21,20.29195,8.0,12.0,hrl_dqn_apf,hierarchical,dqn,28.905,9.974,6.521,0.00,0.00,0.00,24.175,9.670,0.368,0.00,0.00,0.00,23.344,6.378,-7.529,0.00,0.00,0.00,3.000,3.000,3.000
2026-02-04 17:32:45,478.33,17,194,211,8.06%,144.38,1.05%,"[0, 5, 10, 15, 20, 25, 30, 35, 40, 45, 50, 55, 60, 65, 70, 75, 80, 85, 90, 95, 100]","[8, 2, 5, 0, 2, 0, 0, 2, 10, 6, 13, 11, 14, 18, 17, 15, 694, 18, 16, 762]","[0.0049597024178549285, 0.006199628022318661, 0.009299442033477991, 0.009299442033477991, 0.010539367637941723, 0.010539367637941723, 0.010539367637941723, 0.011779293242405457, 0.017978921264724116, 0.02169869807811531, 0.029758214507129573, 0.0365778053316801, 0.04525728456292622, 0.056416615003099815, 0.06695598264104154, 0.07625542467451953, 0.5065096094234346, 0.5176689398636082, 0.527588344699318, 1.0]",4.0,2.0,2.0,2.0,2.0,21,20.29195,8.0,12.0,hrl_dqn_apf,hierarchical,dqn,29.664,9.971,6.521,0.00,0.00,0.00,24.917,9.667,0.344,0.00,0.00,0.00,23.344,6.388,-6.974,0.00,0.00,0.00,3.000,3.000,3.000
2026-02-04 17:32:46,479.33,17,194,211,8.06%,144.44,1.05%,"[0, 5, 10, 15, 20, 25, 30, 35, 40, 45, 50, 55, 60, 65, 70, 75, 80, 85, 90, 95, 100]","[7, 3, 5, 0, 1, 1, 0, 1, 9, 8, 12, 12, 14, 17, 18, 14, 695, 18, 16, 762]","[0.0043397396156230625, 0.006199628022318661, 0.009299442033477991, 0.009299442033477991, 0.009919404835709857, 0.010539367637941723, 0.010539367637941723, 0.011159330440173589, 0.016738995660260384, 0.02169869807811531, 0.029138251704897707, 0.0365778053316801, 0.04525728456292622, 0.05579665220086795, 0.06695598264104154, 0.07563546187228766, 0.5065096094234346, 0.5176689398636082, 0.527588344699318, 1.0]",4.0,2.0,2.0,2.0,2.0,1,20.13141,8.0,-12.0,hrl_dqn_apf,hierarchical,dqn,30.199,10.044,6.288,0.00,0.00,0.00,25.675,9.664,0.336,0.00,0.00,0.00,23.344,6.386,-6.268,0.00,0.00,0.00,3.000,3.000,3.000
2026-02-04 17:32:47,480.33,17,198,215,7.91%,144.65,1.05%,"[0, 5, 10, 15, 20, 25, 30, 35, 40, 45, 50, 55, 60, 65, 70, 75, 80, 85, 90, 95, 100]","[4, 6, 3, 2, 1, 1, 0, 0, 10, 8, 11, 11, 14, 19, 15, 15, 696, 19, 14, 764]","[0.0024798512089274642, 0.006199628022318661, 0.008059516429014259, 0.009299442033477991, 0.009919404835709857, 0.010539367637941723, 0.010539367637941723, 0.010539367637941723, 0.016738995660260384, 0.02169869807811531, 0.02851828890266584, 0.035337879727216366, 0.04401735895846249, 0.05579665220086795, 0.06509609423434594, 0.07439553626782393, 0.5058896466212027, 0.5176689398636082, 0.5263484190948543, 1.0]",4.0,2.0,2.0,2.0,2.0,1,19.97142,8.0,-12.0,hrl_dqn_apf,hierarchical,dqn,30.449,9.562,5.577,0.00,0.00,0.00,26.559,9.749,-0.318,0.00,0.00,0.00,23.344,6.380,-4.765,0.00,0.00,0.00,3.000,3.000,3.000
2026-02-04 17:32:48,481.34,17,198,215,7.91%,144.75,1.05%,"[0, 5, 10, 15, 20, 25, 30, 35, 40, 45, 50, 55, 60, 65, 70, 75, 80, 85, 90, 95, 100]","[4, 6, 2, 3, 0, 2, 0, 0, 9, 7, 12, 12, 13, 18, 17, 14, 697, 18, 15, 764]","[0.0024798512089274642, 0.006199628022318661, 0.007439553626782393, 0.009299442033477991, 0.009299442033477991, 0.010539367637941723, 0.010539367637941723, 0.010539367637941723, 0.016119032858028518, 0.02045877247365158, 0.027898326100433975, 0.035337879727216366, 0.04339739615623062, 0.05455672659640422, 0.06509609423434594, 0.07377557346559206, 0.5058896466212027, 0.5170489770613763, 0.5263484190948543, 1.0]",4.0,2.0,2.0,2.0,2.0,1,19.97142,8.0,-12.0,hrl_dqn_apf,hierarchical,dqn,30.466,9.587,5.070,0.00,0.00,0.00,26.636,9.749,-1.013,0.00,0.00,0.00,23.340,6.382,-4.009,0.00,0.00,0.00,3.000,3.000,3.000
2026-02-04 17:32:49,482.34,17,204,221,7.69%,144.85,1.05%,"[0, 5, 10, 15, 20, 25, 30, 35, 40, 45, 50, 55, 60, 65, 70, 75, 80, 85, 90, 95, 100]","[4, 6, 0, 5, 0, 2, 0, 0, 9, 6, 12, 12, 13, 19, 16, 13, 699, 17, 15, 765]","[0.0024798512089274642, 0.006199628022318661, 0.006199628022318661, 0.009299442033477991, 0.009299442033477991, 0.010539367637941723, 0.010539367637941723, 0.010539367637941723, 0.016119032858028518, 0.019838809671419714, 0.02727836329820211, 0.0347179169249845, 0.04277743335399876, 0.05455672659640422, 0.06447613143211407, 0.07253564786112833, 0.5058896466212027, 0.5164290142591444, 0.5257284562926224, 1.0]",4.0,2.0,2.0,2.0,2.0,10,13.81139,8.0,0.0,hrl_dqn_apf,hierarchical,dqn,30.472,9.590,4.380,0.00,0.00,0.00,26.659,9.746,-1.758,0.00,0.00,0.00,23.029,6.456,-3.552,0.00,0.00,0.00,3.000,3.000,3.000
2026-02-04 17:32:50,483.34,17,206,223,7.62%,144.96,1.05%,"[0, 5, 10, 15, 20, 25, 30, 35, 40, 45, 50, 55, 60, 65, 70, 75, 80, 85, 90, 95, 100]","[4, 5, 1, 5, 0, 2, 0, 0, 8, 6, 12, 13, 12, 19, 17, 12, 700, 16, 15, 766]","[0.0024798512089274642, 0.005579665220086794, 0.006199628022318661, 0.009299442033477991, 0.009299442033477991, 0.010539367637941723, 0.010539367637941723, 0.010539367637941723, 0.015499070055796652, 0.019218846869187848, 0.026658400495970243, 0.0347179169249845, 0.04215747055176689, 0.05393676379417235, 0.06447613143211407, 0.07191568505889646, 0.5058896466212027, 0.5158090514569126, 0.5251084934903906, 1.0]",4.0,2.0,2.0,2.0,2.0,8,31.65093,8.0,-6.0,hrl_dqn_apf,hierarchical,dqn,30.474,9.588,3.637,0.00,0.00,0.00,26.666,9.743,-2.516,0.00,0.00,0.00,22.404,6.465,-3.403,0.00,0.00,0.00,3.000,3.000,3.000
2026-02-04 17:32:51,484.34,16,211,227,7.05%,145.17,0.99%,"[0, 5, 10, 15, 20, 25, 30, 35, 40, 45, 50, 55, 60, 65, 70, 75, 80, 85, 90, 95, 100]","[4, 2, 5, 5, 0, 0, 1, 0, 7, 5, 14, 11, 13, 20, 16, 10, 702, 16, 16, 766]","[0.0024798512089274642, 0.0037197768133911966, 0.006819590824550527, 0.009919404835709857, 0.009919404835709857, 0.009919404835709857, 0.010539367637941723, 0.010539367637941723, 0.014879107253564786, 0.017978921264724116, 0.026658400495970243, 0.03347799132052077, 0.041537507749535026, 0.05393676379417235, 0.0638561686298822, 0.07005579665220087, 0.5052696838189709, 0.5151890886546807, 0.5251084934903906, 1.0]",4.0,2.0,2.0,2.0,2.0,8,31.65093,8.0,-6.0,hrl_dqn_apf,hierarchical,dqn,30.475,9.583,2.101,0.00,0.00,0.00,26.613,9.778,-4.004,0.00,0.00,0.00,20.909,6.460,-3.343,0.00,0.00,0.00,3.000,3.000,3.000
2026-02-04 17:32:52,485.34,16,213,229,6.99%,145.24,0.99%,"[0, 5, 10, 15, 20, 25, 30, 35, 40, 45, 50, 55, 60, 65, 70, 75, 80, 85, 90, 95, 100]","[3, 3, 5, 3, 2, 0, 1, 0, 6, 7, 14, 11, 13, 19, 17, 10, 700, 18, 16, 765]","[0.0018598884066955983, 0.0037197768133911966, 0.006819590824550527, 0.008679479231246125, 0.009919404835709857, 0.009919404835709857, 0.010539367637941723, 0.010539367637941723, 0.01425914445133292, 0.018598884066955982, 0.02727836329820211, 0.034097954122752634, 0.04215747055176689, 0.05393676379417235, 0.06447613143211407, 0.07067575945443273, 0.504649721016739, 0.5158090514569126, 0.5257284562926224, 1.0]",4.0,2.0,2.0,2.0,2.0,0,13.49091,8.0,-12.0,hrl_dqn_apf,hierarchical,dqn,30.475,9.580,1.338,0.00,0.00,0.00,26.159,9.824,-4.321,0.00,0.00,0.00,20.149,6.457,-3.339,0.00,0.00,0.00,3.000,3.000,3.000
2026-02-04 17:32:53,486.35,17,212,229,7.42%,145.31,1.05%,"[0, 5, 10, 15, 20, 25, 30, 35, 40, 45, 50, 55, 60, 65, 70, 75, 80, 85, 90, 95, 100]","[4, 4, 5, 2, 2, 0, 1, 0, 6, 5, 13, 12, 13, 18, 17, 12, 700, 18, 16, 765]","[0.0024798512089274642, 0.0049597024178549285, 0.008059516429014259, 0.009299442033477991, 0.010539367637941723, 0.010539367637941723, 0.011159330440173589, 0.011159330440173589, 0.014879107253564786, 0.017978921264724116, 0.026038437693738377, 0.03347799132052077, 0.041537507749535026, 0.05269683818970862, 0.06323620582765034, 0.07067575945443273, 0.504649721016739, 0.5158090514569126, 0.5257284562926224, 1.0]",4.0,2.0,2.0,2.0,2.0,10,13.3307,8.0,0.0,hrl_dqn_apf,hierarchical,dqn,30.475,9.577,0.615,0.00,0.00,0.00,25.523,9.826,-4.418,0.00,0.00,0.00,19.426,6.454,-3.337,0.00,0.00,0.00,3.000,3.000,3.000
2026-02-04 17:32:54,487.35,17,212,229,7.42%,145.37,1.05%,"[0, 5, 10, 15, 20, 25, 30, 35, 40, 45, 50, 55, 60, 65, 70, 75, 80, 85, 90, 95, 100]","[4, 3, 6, 1, 3, 0, 1, 0, 6, 5, 12, 12, 13, 18, 18, 12, 697, 21, 14, 767]","[0.0024798512089274642, 0.0043397396156230625, 0.008059516429014259, 0.008679479231246125, 0.010539367637941723, 0.010539367637941723, 0.011159330440173589, 0.011159330440173589, 0.014879107253564786, 0.017978921264724116, 0.02541847489150651, 0.0328580285182889, 0.04091754494730316, 0.052076875387476754, 0.06323620582765034, 0.07067575945443273, 0.5027898326100434, 0.5158090514569126, 0.5244885306881587, 1.0]",4.0,2.0,2.0,2.0,2.0,10,13.3307,8.0,0.0,hrl_dqn_apf,hierarchical,dqn,30.475,9.574,-0.149,0.00,0.00,0.00,24.786,9.824,-4.450,0.00,0.00,0.00,18.663,6.451,-3.337,0.00,0.00,0.00,3.000,3.000,3.000
2026-02-04 17:32:55,488.35,18,217,235,7.66%,145.49,1.12%,"[0, 5, 10, 15, 20, 25, 30, 35, 40, 45, 50, 55, 60, 65, 70, 75, 80, 85, 90, 95, 100]","[4, 3, 4, 3, 4, 0, 0, 1, 6, 3, 12, 13, 14, 17, 18, 13, 697, 22, 13, 766]","[0.0024798512089274642, 0.0043397396156230625, 0.006819590824550527, 0.008679479231246125, 0.011159330440173589, 0.011159330440173589, 0.011159330440173589, 0.011779293242405457, 0.015499070055796652, 0.01735895846249225, 0.024798512089274645, 0.0328580285182889, 0.041537507749535026, 0.052076875387476754, 0.06323620582765034, 0.0712957222566646, 0.5034097954122753, 0.5170489770613763, 0.5251084934903906, 1.0]",4.0,2.0,2.0,2.0,2.0,10,13.1704,8.0,0.0,hrl_dqn_apf,hierarchical,dqn,29.851,9.661,-1.002,0.00,0.00,0.00,23.439,9.899,-4.463,0.00,0.00,0.00,17.197,6.445,-3.337,0.00,0.00,0.00,3.000,3.000,3.000
2026-02-04 17:32:56,489.35,19,216,235,8.09%,145.54,1.18%,"[0, 5, 10, 15, 20, 25, 30, 35, 40, 45, 50, 55, 60, 65, 70, 75, 80, 85, 90, 95, 100]","[4, 3, 2, 6, 4, 0, 0, 1, 6, 3, 11, 14, 12, 18, 18, 12, 696, 23, 13, 767]","[0.0024798512089274642, 0.0043397396156230625, 0.005579665220086794, 0.009299442033477991, 0.011779293242405457, 0.011779293242405457, 0.011779293242405457, 0.012399256044637322, 0.016119032858028518, 0.017978921264724116, 0.024798512089274645, 0.03347799132052077, 0.04091754494730316, 0.052076875387476754, 0.06323620582765034, 0.07067575945443273, 0.5021698698078115, 0.5164290142591444, 0.5244885306881587, 1.0]",4.0,2.0,2.0,2.0,2.0,9,37.01054,8.0,-6.0,hrl_dqn_apf,hierarchical,dqn,29.158,9.661,-1.082,0.00,0.00,0.00,23.578,9.994,-4.463,0.00,0.00,0.00,16.433,6.442,-3.337,0.00,0.00,0.00,3.000,3.000,3.000
2026-02-04 17:32:57,490.35,19,216,235,8.09%,145.61,1.18%,"[0, 5, 10, 15, 20, 25, 30, 35, 40, 45, 50, 55, 60, 65, 70, 75, 80, 85, 90, 95, 100]","[3, 3, 3, 6, 3, 1, 0, 1, 6, 2, 12, 14, 12, 18, 18, 12, 695, 22, 15, 767]","[0.0018598884066955983, 0.0037197768133911966, 0.005579665220086794, 0.009299442033477991, 0.011159330440173589, 0.011779293242405457, 0.011779293242405457, 0.012399256044637322, 0.016119032858028518, 0.01735895846249225, 0.024798512089274645, 0.03347799132052077, 0.04091754494730316, 0.052076875387476754, 0.06323620582765034, 0.07067575945443273, 0.5015499070055797, 0.5151890886546807, 0.5244885306881587, 1.0]",4.0,2.0,2.0,2.0,2.0,9,37.01054,8.0,-6.0,hrl_dqn_apf,hierarchical,dqn,28.417,9.658,-1.107,0.00,0.00,0.00,24.154,10.001,-4.464,0.00,0.00,0.00,15.673,6.439,-3.337,0.00,0.00,0.00,3.000,3.000,3.000
2026-02-04 17:32:58,491.36,20,216,236,8.47%,145.68,1.24%,"[0, 5, 10, 15, 20, 25, 30, 35, 40, 45, 50, 55, 60, 65, 70, 75, 80, 85, 90, 95, 100]","[3, 3, 3, 6, 4, 1, 0, 1, 6, 2, 11, 13, 14, 17, 16, 14, 696, 22, 15, 766]","[0.0018598884066955983, 0.0037197768133911966, 0.005579665220086794, 0.009299442033477991, 0.011779293242405457, 0.012399256044637322, 0.012399256044637322, 0.013019218846869188, 0.016738995660260384, 0.017978921264724116, 0.024798512089274645, 0.0328580285182889, 0.041537507749535026, 0.052076875387476754, 0.06199628022318661, 0.07067575945443273, 0.5021698698078115, 0.5158090514569126, 0.5251084934903906, 1.0]",4.0,2.0,2.0,2.0,2.0,9,36.85024,8.0,-6.0,hrl_dqn_apf,hierarchical,dqn,27.659,9.655,-1.115,0.00,0.00,0.00,24.867,9.999,-4.464,0.00,0.00,0.00,15.314,6.582,-3.337,0.00,0.00,0.00,3.000,3.000,3.000
2026-02-04 17:32:59,492.36,20,216,236,8.47%,145.89,1.24%,"[0, 5, 10, 15, 20, 25, 30, 35, 40, 45, 50, 55, 60, 65, 70, 75, 80, 85, 90, 95, 100]","[3, 3, 3, 6, 1, 4, 0, 1, 6, 2, 10, 12, 14, 18, 14, 14, 698, 19, 19, 766]","[0.0018598884066955983, 0.0037197768133911966, 0.005579665220086794, 0.009299442033477991, 0.009919404835709857, 0.012399256044637322, 0.012399256044637322, 0.013019218846869188, 0.016738995660260384, 0.017978921264724116, 0.02417854928704278, 0.03161810291382517, 0.040297582145071294, 0.05145691258524489, 0.06013639181649101, 0.06881587104773713, 0.5015499070055797, 0.5133292002479851, 0.5251084934903906, 1.0]",4.0,2.0,2.0,2.0,2.0,20,12.7698,8.0,12.0,hrl_dqn_apf,hierarchical,dqn,27.217,9.738,-0.593,0.00,0.00,0.00,25.302,10.196,-4.985,0.00,0.00,0.00,16.349,6.620,-3.337,0.00,0.00,0.00,3.000,3.000,3.000
2026-02-04 17:33:00,493.36,20,218,238,8.40%,145.99,1.24%,"[0, 5, 10, 15, 20, 25, 30, 35, 40, 45, 50, 55, 60, 65, 70, 75, 80, 85, 90, 95, 100]","[5, 2, 3, 4, 3, 3, 0, 0, 7, 2, 9, 13, 13, 19, 14, 14, 698, 19, 19, 766]","[0.0030998140111593306, 0.0043397396156230625, 0.006199628022318661, 0.008679479231246125, 0.010539367637941723, 0.012399256044637322, 0.012399256044637322, 0.012399256044637322, 0.016738995660260384, 0.017978921264724116, 0.023558586484810913, 0.03161810291382517, 0.03967761934283943, 0.05145691258524489, 0.06013639181649101, 0.06881587104773713, 0.5015499070055797, 0.5133292002479851, 0.5251084934903906, 1.0]",4.0,2.0,2.0,2.0,2.0,20,12.7698,8.0,12.0,hrl_dqn_apf,hierarchical,dqn,27.487,9.725,-0.007,0.00,0.00,0.00,25.018,10.147,-5.574,0.00,0.00,0.00,17.080,6.617,-3.337,0.00,0.00,0.00,3.000,3.000,3.000
2026-02-04 17:33:01,494.36,20,220,240,8.33%,146.06,1.24%,"[0, 5, 10, 15, 20, 25, 30, 35, 40, 45, 50, 55, 60, 65, 70, 75, 80, 85, 90, 95, 100]","[5, 2, 2, 4, 4, 3, 0, 0, 7, 2, 9, 11, 15, 19, 15, 14, 697, 19, 19, 766]","[0.0030998140111593306, 0.0043397396156230625, 0.005579665220086794, 0.008059516429014259, 0.010539367637941723, 0.012399256044637322, 0.012399256044637322, 0.012399256044637322, 0.016738995660260384, 0.017978921264724116, 0.023558586484810913, 0.03037817730936144, 0.03967761934283943, 0.05145691258524489, 0.06075635461872288, 0.069435833849969, 0.5015499070055797, 0.5133292002479851, 0.5251084934903906, 1.0]",4.0,2.0,2.0,2.0,2.0,7,24.60981,8.0,-6.0,hrl_dqn_apf,hierarchical,dqn,27.298,9.817,0.340,0.00,0.00,0.00,24.839,9.754,-5.935,0.00,0.00,0.00,17.835,6.614,-3.337,0.00,0.00,0.00,3.000,3.000,3.000
2026-02-04 17:33:02,495.37,20,220,240,8.33%,146.13,1.24%,"[0, 5, 10, 15, 20, 25, 30, 35, 40, 45, 50, 55, 60, 65, 70, 75, 80, 85, 90, 95, 100]","[7, 1, 2, 3, 5, 2, 1, 0, 7, 2, 9, 11, 15, 17, 15, 15, 697, 17, 19, 768]","[0.0043397396156230625, 0.0049597024178549285, 0.006199628022318661, 0.008059516429014259, 0.011159330440173589, 0.012399256044637322, 0.013019218846869188, 0.013019218846869188, 0.01735895846249225, 0.018598884066955982, 0.02417854928704278, 0.030998140111593304, 0.040297582145071294, 0.05083694978301302, 0.06013639181649101, 0.069435833849969, 0.5015499070055797, 0.5120892746435214, 0.5238685678859268, 1.0]",4.0,2.0,2.0,2.0,2.0,6,18.4496,8.0,-6.0,hrl_dqn_apf,hierarchical,dqn,26.711,9.827,0.452,0.00,0.00,0.00,24.781,9.347,-6.051,0.00,0.00,0.00,18.401,6.683,-3.533,0.00,0.00,0.00,3.000,3.000,3.000
2026-02-04 17:33:03,496.38,19,229,248,7.66%,146.24,1.18%,"[0, 5, 10, 15, 20, 25, 30, 35, 40, 45, 50, 55, 60, 65, 70, 75, 80, 85, 90, 95, 100]","[6, 1, 3, 2, 6, 1, 2, 0, 7, 2, 8, 11, 14, 17, 16, 12, 699, 19, 16, 771]","[0.0037197768133911966, 0.0043397396156230625, 0.006199628022318661, 0.007439553626782393, 0.011159330440173589, 0.011779293242405457, 0.013019218846869188, 0.013019218846869188, 0.01735895846249225, 0.018598884066955982, 0.023558586484810913, 0.03037817730936144, 0.03905765654060756, 0.04959702417854929, 0.059516429014259145, 0.06695598264104154, 0.5003099814011159, 0.5120892746435214, 0.5220086794792312, 1.0]",4.0,2.0,2.0,2.0,2.0,6,18.4496,8.0,-6.0,hrl_dqn_apf,hierarchical,dqn,25.305,9.863,0.554,0.00,0.00,0.00,24.140,9.311,-6.043,0.00,0.00,0.00,18.662,6.700,-4.817,0.00,0.00,0.00,3.000,3.000,3.000
2026-02-04 17:33:04,497.38,18,230,248,7.26%,146.20,1.12%,"[0, 5, 10, 15, 20, 25, 30, 35, 40, 45, 50, 55, 60, 65, 70, 75, 80, 85, 90, 95, 100]","[6, 1, 3, 2, 6, 0, 3, 0, 7, 2, 8, 11, 13, 18, 16, 12, 699, 20, 17, 769]","[0.0037197768133911966, 0.0043397396156230625, 0.006199628022318661, 0.007439553626782393, 0.011159330440173589, 0.011159330440173589, 0.013019218846869188, 0.013019218846869188, 0.01735895846249225, 0.018598884066955982, 0.023558586484810913, 0.03037817730936144, 0.038437693738375696, 0.04959702417854929, 0.059516429014259145, 0.06695598264104154, 0.5003099814011159, 0.5127092374457533, 0.523248605083695, 1.0]",4.0,2.0,2.0,2.0,2.0,18,30.28917,8.0,6.0,hrl_dqn_apf,hierarchical,dqn,25.001,9.906,0.990,0.00,0.00,0.00,23.881,9.350,-5.625,0.00,0.00,0.00,18.681,6.697,-5.535,0.00,0.00,0.00,3.000,3.000,3.000
2026-02-04 17:33:05,498.38,18,232,250,7.20%,146.18,1.12%,"[0, 5, 10, 15, 20, 25, 30, 35, 40, 45, 50, 55, 60, 65, 70, 75, 80, 85, 90, 95, 100]","[6, 1, 3, 2, 5, 1, 3, 0, 7, 2, 8, 10, 16, 19, 16, 11, 700, 20, 16, 767]","[0.0037197768133911966, 0.0043397396156230625, 0.006199628022318661, 0.007439553626782393, 0.010539367637941723, 0.011159330440173589, 0.013019218846869188, 0.013019218846869188, 0.01735895846249225, 0.018598884066955982, 0.023558586484810913, 0.029758214507129573, 0.03967761934283943, 0.05145691258524489, 0.06137631742095474, 0.06819590824550527, 0.5021698698078115, 0.5145691258524488, 0.5244885306881587, 1.0]",4.0,2.0,2.0,2.0,2.0,10,12.129090000000001,8.0,0.0,hrl_dqn_apf,hierarchical,dqn,24.898,9.909,1.659,0.00,0.00,0.00,23.467,9.392,-5.284,0.00,0.00,0.00,18.888,6.709,-5.981,0.00,0.00,0.00,3.000,3.000,3.000
2026-02-04 17:33:06,499.38,20,234,254,7.87%,146.21,1.24%,"[0, 5, 10, 15, 20, 25, 30, 35, 40, 45, 50, 55, 60, 65, 70, 75, 80, 85, 90, 95, 100]","[7, 2, 2, 2, 5, 2, 3, 0, 6, 3, 9, 9, 13, 20, 16, 11, 700, 19, 16, 768]","[0.0043397396156230625, 0.005579665220086794, 0.006819590824550527, 0.008059516429014259, 0.011159330440173589, 0.012399256044637322, 0.01425914445133292, 0.01425914445133292, 0.017978921264724116, 0.019838809671419714, 0.02541847489150651, 0.030998140111593304, 0.03905765654060756, 0.05145691258524489, 0.06137631742095474, 0.06819590824550527, 0.5021698698078115, 0.513949163050217, 0.5238685678859268, 1.0]",4.0,2.0,2.0,2.0,2.0,6,17.96881,8.0,-6.0,hrl_dqn_apf,hierarchical,dqn,25.119,9.985,2.167,0.00,0.00,0.00,22.794,9.397,-5.169,0.00,0.00,0.00,19.011,6.724,-6.582,0.00,0.00,0.00,3.000,3.000,3.000
2026-02-04 17:33:07,500.39,22,232,254,8.66%,146.27,1.36%,"[0, 5, 10, 15, 20, 25, 30, 35, 40, 45, 50, 55, 60, 65, 70, 75, 80, 85, 90, 95, 100]","[6, 4, 1, 2, 3, 6, 2, 1, 6, 3, 8, 8, 13, 20, 15, 10, 700, 21, 14, 770]","[0.0037197768133911966, 0.006199628022318661, 0.006819590824550527, 0.008059516429014259, 0.009919404835709857, 0.013639181649101054, 0.014879107253564786, 0.015499070055796652, 0.019218846869187848, 0.021078735275883446, 0.026038437693738377, 0.030998140111593304, 0.03905765654060756, 0.05145691258524489, 0.06075635461872288, 0.06695598264104154, 0.5009299442033478, 0.513949163050217, 0.5226286422814631, 1.0]",4.0,2.0,2.0,2.0,2.0,3,29.96863,8.0,-12.0,hrl_dqn_apf,hierarchical,dqn,25.761,9.885,1.758,0.00,0.00,0.00,21.424,9.578,-5.089,0.00,0.00,0.00,18.457,6.709,-7.450,0.00,0.00,0.00,3.000,3.000,3.000
2026-02-04 17:33:08,501.39,22,232,254,8.66%,146.28,1.36%,"[0, 5, 10, 15, 20, 25, 30, 35, 40, 45, 50, 55, 60, 65, 70, 75, 80, 85, 90, 95, 100]","[6, 5, 0, 3, 2, 6, 1, 2, 6, 3, 9, 8, 12, 19, 15, 11, 699, 21, 16, 769]","[0.0037197768133911966, 0.006819590824550527, 0.006819590824550527, 0.008679479231246125, 0.009919404835709857, 0.013639181649101054, 0.01425914445133292, 0.015499070055796652, 0.019218846869187848, 0.021078735275883446, 0.026658400495970243, 0.03161810291382517, 0.03905765654060756, 0.05083694978301302, 0.06013639181649101, 0.06695598264104154, 0.5003099814011159, 0.5133292002479851, 0.523248605083695, 1.0]",4.0,2.0,2.0,2.0,2.0,3,29.96863,8.0,-12.0,hrl_dqn_apf,hierarchical,dqn,25.824,9.580,1.513,0.00,0.00,0.00,21.507,9.901,-4.828,0.00,0.00,0.00,17.842,6.470,-7.762,0.00,0.00,0.00,3.000,3.000,3.000
2026-02-04 17:33:09,502.39,22,234,256,8.59%,146.33,1.36%,"[0, 5, 10, 15, 20, 25, 30, 35, 40, 45, 50, 55, 60, 65, 70, 75, 80, 85, 90, 95, 100]","[6, 5, 0, 3, 2, 6, 0, 4, 6, 3, 8, 8, 10, 20, 15, 11, 699, 22, 15, 770]","[0.0037197768133911966, 0.006819590824550527, 0.006819590824550527, 0.008679479231246125, 0.009919404835709857, 0.013639181649101054, 0.013639181649101054, 0.016119032858028518, 0.019838809671419714, 0.02169869807811531, 0.026658400495970243, 0.03161810291382517, 0.03781773093614383, 0.050216986980781156, 0.059516429014259145, 0.06633601983880967, 0.49969001859888407, 0.5133292002479851, 0.5226286422814631, 1.0]",4.0,2.0,2.0,2.0,2.0,9,35.808530000000005,8.0,-6.0,hrl_dqn_apf,hierarchical,dqn,25.842,9.611,1.076,0.00,0.00,0.00,21.965,10.148,-4.424,0.00,0.00,0.00,17.220,6.223,-8.185,0.00,0.00,0.00,3.000,3.000,3.000
2026-02-04 17:33:10,503.39,21,239,260,8.08%,146.40,1.30%,"[0, 5, 10, 15, 20, 25, 30, 35, 40, 45, 50, 55, 60, 65, 70, 75, 80, 85, 90, 95, 100]","[6, 5, 1, 2, 2, 5, 1, 4, 6, 3, 8, 8, 10, 19, 15, 12, 697, 22, 17, 770]","[0.0037197768133911966, 0.006819590824550527, 0.007439553626782393, 0.008679479231246125, 0.009919404835709857, 0.013019218846869188, 0.013639181649101054, 0.016119032858028518, 0.019838809671419714, 0.02169869807811531, 0.026658400495970243, 0.03161810291382517, 0.03781773093614383, 0.04959702417854929, 0.05889646621202728, 0.06633601983880967, 0.49845009299442034, 0.5120892746435214, 0.5226286422814631, 1.0]",4.0,2.0,2.0,2.0,2.0,11,17.64846,8.0,0.0,hrl_dqn_apf,hierarchical,dqn,25.848,9.616,0.412,0.00,0.00,0.00,22.573,10.161,-4.112,0.00,0.00,0.00,16.778,6.316,-8.304,0.00,0.00,0.00,3.000,3.000,3.000
2026-02-04 17:33:11,504.39,17,243,260,6.54%,146.48,1.05%,"[0, 5, 10, 15, 20, 25, 30, 35, 40, 45, 50, 55, 60, 65, 70, 75, 80, 85, 90, 95, 100]","[4, 4, 4, 2, 1, 2, 5, 4, 6, 2, 9, 8, 9, 18, 17, 11, 697, 23, 16, 771]","[0.0024798512089274642, 0.0049597024178549285, 0.007439553626782393, 0.008679479231246125, 0.009299442033477991, 0.010539367637941723, 0.013639181649101054, 0.016119032858028518, 0.019838809671419714, 0.021078735275883446, 0.026658400495970243, 0.03161810291382517, 0.037197768133911964, 0.04835709857408556, 0.05889646621202728, 0.0657160570365778, 0.49783013019218847, 0.5120892746435214, 0.5220086794792312, 1.0]",4.0,2.0,2.0,2.0,2.0,11,17.64846,8.0,0.0,hrl_dqn_apf,hierarchical,dqn,25.888,9.679,-0.965,0.00,0.00,0.00,23.341,9.712,-4.016,0.00,0.00,0.00,16.588,6.412,-8.013,0.00,0.00,0.00,3.000,3.000,3.000
2026-02-04 17:33:12,505.40,17,244,261,6.51%,146.49,1.05%,"[0, 5, 10, 15, 20, 25, 30, 35, 40, 45, 50, 55, 60, 65, 70, 75, 80, 85, 90, 95, 100]","[4, 4, 4, 1, 1, 3, 5, 3, 7, 2, 9, 8, 8, 18, 18, 11, 697, 22, 17, 771]","[0.0024798512089274642, 0.0049597024178549285, 0.007439553626782393, 0.008059516429014259, 0.008679479231246125, 0.010539367637941723, 0.013639181649101054, 0.015499070055796652, 0.019838809671419714, 0.021078735275883446, 0.026658400495970243, 0.03161810291382517, 0.0365778053316801, 0.04773713577185369, 0.05889646621202728, 0.0657160570365778, 0.49783013019218847, 0.5114693118412895, 0.5220086794792312, 1.0]",4.0,2.0,2.0,2.0,2.0,8,29.488,8.0,-6.0,hrl_dqn_apf,hierarchical,dqn,26.163,9.741,-0.895,0.00,0.00,0.00,23.128,9.773,-4.382,0.00,0.00,0.00,16.575,6.471,-8.013,0.00,0.00,0.00,3.000,3.000,3.000
2026-02-04 17:33:13,506.40,17,244,261,6.51%,146.54,1.05%,"[0, 5, 10, 15, 20, 25, 30, 35, 40, 45, 50, 55, 60, 65, 70, 75, 80, 85, 90, 95, 100]","[4, 3, 5, 1, 1, 3, 5, 2, 8, 2, 9, 8, 8, 17, 17, 12, 697, 21, 17, 773]","[0.0024798512089274642, 0.0043397396156230625, 0.007439553626782393, 0.008059516429014259, 0.008679479231246125, 0.010539367637941723, 0.013639181649101054, 0.014879107253564786, 0.019838809671419714, 0.021078735275883446, 0.026658400495970243, 0.03161810291382517, 0.0365778053316801, 0.047117172969621826, 0.05765654060756355, 0.06509609423434594, 0.4972101673899566, 0.5102293862368258, 0.5207687538747675, 1.0]",4.0,2.0,2.0,2.0,2.0,21,17.32783,8.0,12.0,hrl_dqn_apf,hierarchical,dqn,26.585,9.743,-0.452,0.00,0.00,0.00,22.724,9.781,-4.915,0.00,0.00,0.00,16.571,6.528,-7.994,0.00,0.00,0.00,3.000,3.000,3.000
2026-02-04 17:33:14,507.40,17,246,263,6.46%,146.61,1.05%,"[0, 5, 10, 15, 20, 25, 30, 35, 40, 45, 50, 55, 60, 65, 70, 75, 80, 85, 90, 95, 100]","[4, 3, 5, 0, 3, 2, 6, 1, 9, 2, 9, 8, 8, 15, 18, 12, 696, 21, 19, 772]","[0.0024798512089274642, 0.0043397396156230625, 0.007439553626782393, 0.007439553626782393, 0.009299442033477991, 0.010539367637941723, 0.01425914445133292, 0.014879107253564786, 0.02045877247365158, 0.02169869807811531, 0.02727836329820211, 0.032238065716057036, 0.037197768133911964, 0.04649721016738995, 0.05765654060756355, 0.06509609423434594, 0.49659020458772474, 0.5096094234345939, 0.5213887166769994, 1.0]",4.0,2.0,2.0,2.0,2.0,21,17.32783,8.0,12.0,hrl_dqn_apf,hierarchical,dqn,27.065,9.738,0.095,0.00,0.00,0.00,22.251,9.783,-5.488,0.00,0.00,0.00,16.570,6.586,-8.000,0.00,0.00,0.00,3.000,3.000,3.000
2026-02-04 17:33:15,508.40,18,247,265,6.79%,146.81,1.12%,"[0, 5, 10, 15, 20, 25, 30, 35, 40, 45, 50, 55, 60, 65, 70, 75, 80, 85, 90, 95, 100]","[5, 3, 4, 3, 2, 1, 4, 2, 10, 2, 8, 8, 8, 14, 17, 12, 698, 19, 19, 774]","[0.0030998140111593306, 0.0049597024178549285, 0.007439553626782393, 0.009299442033477991, 0.010539367637941723, 0.011159330440173589, 0.013639181649101054, 0.014879107253564786, 0.021078735275883446, 0.022318660880347178, 0.02727836329820211, 0.032238065716057036, 0.037197768133911964, 0.04587724736515809, 0.056416615003099815, 0.0638561686298822, 0.49659020458772474, 0.5083694978301302, 0.5201487910725356, 1.0]",4.0,2.0,2.0,2.0,2.0,17,23.16751,8.0,6.0,hrl_dqn_apf,hierarchical,dqn,27.565,9.917,0.109,0.00,0.00,0.00,21.688,9.942,-5.466,0.00,0.00,0.00,16.570,6.697,-8.017,0.00,0.00,0.00,3.000,3.000,3.000
2026-02-04 17:33:16,509.40,17,252,269,6.32%,146.93,1.05%,"[0, 5, 10, 15, 20, 25, 30, 35, 40, 45, 50, 55, 60, 65, 70, 75, 80, 85, 90, 95, 100]","[5, 2, 4, 4, 2, 0, 2, 5, 10, 2, 8, 8, 8, 14, 16, 13, 697, 19, 20, 774]","[0.0030998140111593306, 0.0043397396156230625, 0.006819590824550527, 0.009299442033477991, 0.010539367637941723, 0.010539367637941723, 0.011779293242405457, 0.014879107253564786, 0.021078735275883446, 0.022318660880347178, 0.02727836329820211, 0.032238065716057036, 0.037197768133911964, 0.04587724736515809, 0.05579665220086795, 0.0638561686298822, 0.49597024178549287, 0.5077495350278983, 0.5201487910725356, 1.0]",4.0,2.0,2.0,2.0,2.0,11,17.00702,8.0,0.0,hrl_dqn_apf,hierarchical,dqn,27.152,9.954,-0.087,0.00,0.00,0.00,21.639,9.943,-4.821,0.00,0.00,0.00,16.570,6.756,-8.000,0.00,0.00,0.00,3.000,3.000,3.000
2026-02-04 17:33:17,510.41,17,254,271,6.27%,147.04,1.05%,"[0, 5, 10, 15, 20, 25, 30, 35, 40, 45, 50, 55, 60, 65, 70, 75, 80, 85, 90, 95, 100]","[6, 1, 4, 4, 2, 0, 2, 5, 9, 3, 8, 8, 8, 13, 16, 14, 697, 19, 20, 774]","[0.0037197768133911966, 0.0043397396156230625, 0.006819590824550527, 0.009299442033477991, 0.010539367637941723, 0.010539367637941723, 0.011779293242405457, 0.014879107253564786, 0.02045877247365158, 0.022318660880347178, 0.02727836329820211, 0.032238065716057036, 0.037197768133911964, 0.04525728456292622, 0.05517668939863608, 0.0638561686298822, 0.49597024178549287, 0.5077495350278983, 0.5201487910725356, 1.0]",4.0,2.0,2.0,2.0,2.0,11,17.00702,8.0,0.0,hrl_dqn_apf,hierarchical,dqn,26.489,9.955,-0.150,0.00,0.00,0.00,21.624,9.941,-4.090,0.00,0.00,0.00,16.570,6.813,-8.007,0.00,0.00,0.00,3.000,3.000,3.000
2026-02-04 17:33:18,511.41,17,256,273,6.23%,147.16,1.05%,"[0, 5, 10, 15, 20, 25, 30, 35, 40, 45, 50, 55, 60, 65, 70, 75, 80, 85, 90, 95, 100]","[5, 2, 4, 4, 2, 0, 2, 5, 9, 3, 8, 8, 8, 13, 15, 13, 699, 18, 18, 777]","[0.0030998140111593306, 0.0043397396156230625, 0.006819590824550527, 0.009299442033477991, 0.010539367637941723, 0.010539367637941723, 0.011779293242405457, 0.014879107253564786, 0.02045877247365158, 0.022318660880347178, 0.02727836329820211, 0.032238065716057036, 0.037197768133911964, 0.04525728456292622, 0.05455672659640422, 0.06261624302541847, 0.49597024178549287, 0.5071295722256665, 0.51828890266584, 1.0]",4.0,2.0,2.0,2.0,2.0,12,22.9271,8.0,0.0,hrl_dqn_apf,hierarchical,dqn,25.790,9.952,-0.169,0.00,0.00,0.00,21.619,9.938,-3.372,0.00,0.00,0.00,16.570,6.867,-8.011,0.00,0.00,0.00,3.000,3.000,3.000
2026-02-04 17:33:19,512.41,20,257,277,7.22%,147.27,1.24%,"[0, 5, 10, 15, 20, 25, 30, 35, 40, 45, 50, 55, 60, 65, 70, 75, 80, 85, 90, 95, 100]","[6, 3, 3, 5, 1, 2, 1, 5, 7, 6, 8, 8, 8, 13, 13, 11, 698, 19, 17, 779]","[0.0037197768133911966, 0.005579665220086794, 0.007439553626782393, 0.010539367637941723, 0.011159330440173589, 0.012399256044637322, 0.013019218846869188, 0.016119032858028518, 0.02045877247365158, 0.02417854928704278, 0.029138251704897707, 0.034097954122752634, 0.03905765654060756, 0.047117172969621826, 0.05517668939863608, 0.06199628022318661, 0.49473031618102914, 0.5065096094234346, 0.5170489770613763, 1.0]",4.0,2.0,2.0,2.0,2.0,4,34.766819999999996,8.0,-12.0,hrl_dqn_apf,hierarchical,dqn,24.379,10.029,-0.139,0.00,0.00,0.00,21.565,10.001,-1.933,0.00,0.00,0.00,17.182,6.928,-8.015,0.00,0.00,0.00,3.000,3.000,3.000
2026-02-04 17:33:20,513.41,20,259,279,7.17%,147.30,1.24%,"[0, 5, 10, 15, 20, 25, 30, 35, 40, 45, 50, 55, 60, 65, 70, 75, 80, 85, 90, 95, 100]","[7, 2, 3, 4, 3, 1, 1, 5, 8, 6, 8, 8, 8, 13, 11, 12, 696, 21, 16, 780]","[0.0043397396156230625, 0.005579665220086794, 0.007439553626782393, 0.009919404835709857, 0.011779293242405457, 0.012399256044637322, 0.013019218846869188, 0.016119032858028518, 0.021078735275883446, 0.024798512089274645, 0.029758214507129573, 0.0347179169249845, 0.03967761934283943, 0.04773713577185369, 0.05455672659640422, 0.06199628022318661, 0.4934903905765654, 0.5065096094234346, 0.5164290142591444, 1.0]",4.0,2.0,2.0,2.0,2.0,4,34.766819999999996,8.0,-12.0,hrl_dqn_apf,hierarchical,dqn,24.464,10.110,0.135,0.00,0.00,0.00,21.183,10.068,-1.899,0.00,0.00,0.00,17.875,6.927,-8.014,0.00,0.00,0.00,3.000,3.000,3.000
2026-02-04 17:33:21,514.42,20,259,279,7.17%,147.34,1.24%,"[0, 5, 10, 15, 20, 25, 30, 35, 40, 45, 50, 55, 60, 65, 70, 75, 80, 85, 90, 95, 100]","[6, 3, 2, 4, 4, 1, 0, 4, 10, 6, 8, 8, 8, 13, 12, 11, 697, 20, 17, 779]","[0.0037197768133911966, 0.005579665220086794, 0.006819590824550527, 0.009299442033477991, 0.011779293242405457, 0.012399256044637322, 0.012399256044637322, 0.014879107253564786, 0.021078735275883446, 0.024798512089274645, 0.029758214507129573, 0.0347179169249845, 0.03967761934283943, 0.04773713577185369, 0.05517668939863608, 0.06199628022318661, 0.4941103533787973, 0.5065096094234346, 0.5170489770613763, 1.0]",4.0,2.0,2.0,2.0,2.0,5,10.606390000000001,8.0,-6.0,hrl_dqn_apf,hierarchical,dqn,24.938,10.119,0.517,0.00,0.00,0.00,20.621,10.068,-2.185,0.00,0.00,0.00,18.616,6.924,-8.014,0.00,0.00,0.00,3.000,3.000,3.000
2026-02-04 17:33:22,515.42,21,258,279,7.53%,147.36,1.30%,"[0, 5, 10, 15, 20, 25, 30, 35, 40, 45, 50, 55, 60, 65, 70, 75, 80, 85, 90, 95, 100]","[8, 3, 1, 3, 5, 1, 0, 2, 12, 5, 9, 8, 8, 13, 11, 10, 698, 20, 16, 780]","[0.0049597024178549285, 0.006819590824550527, 0.007439553626782393, 0.009299442033477991, 0.012399256044637322, 0.013019218846869188, 0.013019218846869188, 0.01425914445133292, 0.02169869807811531, 0.024798512089274645, 0.03037817730936144, 0.035337879727216366, 0.040297582145071294, 0.04835709857408556, 0.05517668939863608, 0.06137631742095474, 0.4941103533787973, 0.5065096094234346, 0.5164290142591444, 1.0]",4.0,2.0,2.0,2.0,2.0,21,16.44637,8.0,12.0,hrl_dqn_apf,hierarchical,dqn,25.539,10.121,0.923,0.00,0.00,0.00,19.995,10.061,-2.564,0.00,0.00,0.00,19.374,6.921,-8.014,0.00,0.00,0.00,3.000,3.000,3.000
2026-02-04 17:33:23,516.42,20,265,285,7.02%,147.44,1.24%,"[0, 5, 10, 15, 20, 25, 30, 35, 40, 45, 50, 55, 60, 65, 70, 75, 80, 85, 90, 95, 100]","[6, 3, 2, 3, 5, 1, 1, 1, 13, 3, 11, 8, 8, 13, 10, 9, 698, 20, 16, 782]","[0.0037197768133911966, 0.005579665220086794, 0.006819590824550527, 0.008679479231246125, 0.011779293242405457, 0.012399256044637322, 0.013019218846869188, 0.013639181649101054, 0.02169869807811531, 0.023558586484810913, 0.03037817730936144, 0.035337879727216366, 0.040297582145071294, 0.04835709857408556, 0.05455672659640422, 0.06013639181649101, 0.49287042777433354, 0.5052696838189709, 0.5151890886546807, 1.0]",4.0,2.0,2.0,2.0,2.0,21,16.44637,8.0,12.0,hrl_dqn_apf,hierarchical,dqn,26.177,9.678,1.382,0.00,0.00,0.00,19.270,9.611,-2.947,0.00,0.00,0.00,20.807,6.986,-8.013,0.00,0.00,0.00,3.000,3.000,3.000
2026-02-04 17:33:24,517.42,20,265,285,7.02%,147.48,1.24%,"[0, 5, 10, 15, 20, 25, 30, 35, 40, 45, 50, 55, 60, 65, 70, 75, 80, 85, 90, 95, 100]","[5, 4, 2, 3, 5, 1, 1, 1, 13, 2, 12, 8, 8, 13, 10, 9, 696, 21, 16, 783]","[0.0030998140111593306, 0.005579665220086794, 0.006819590824550527, 0.008679479231246125, 0.011779293242405457, 0.012399256044637322, 0.013019218846869188, 0.013639181649101054, 0.02169869807811531, 0.022938623682579044, 0.03037817730936144, 0.035337879727216366, 0.040297582145071294, 0.04835709857408556, 0.05455672659640422, 0.06013639181649101, 0.4916305021698698, 0.504649721016739, 0.5145691258524488, 1.0]",4.0,2.0,2.0,2.0,2.0,6,16.28619,8.0,-6.0,hrl_dqn_apf,hierarchical,dqn,25.754,9.719,1.417,0.00,0.00,0.00,19.215,9.649,-2.509,0.00,0.00,0.00,20.705,7.090,-8.013,0.00,0.00,0.00,3.000,3.000,3.000
2026-02-04 17:33:25,518.42,21,264,285,7.37%,147.52,1.30%,"[0, 5, 10, 15, 20, 25, 30, 35, 40, 45, 50, 55, 60, 65, 70, 75, 80, 85, 90, 95, 100]","[4, 5, 2, 2, 6, 2, 1, 1, 12, 3, 12, 8, 8, 13, 10, 9, 696, 20, 18, 781]","[0.0024798512089274642, 0.005579665220086794, 0.006819590824550527, 0.008059516429014259, 0.011779293242405457, 0.013019218846869188, 0.013639181649101054, 0.01425914445133292, 0.02169869807811531, 0.023558586484810913, 0.030998140111593304, 0.03595784252944823, 0.04091754494730316, 0.048977061376317424, 0.05517668939863608, 0.06075635461872288, 0.4922504649721017, 0.504649721016739, 0.5158090514569126, 1.0]",4.0,2.0,2.0,2.0,2.0,0,10.125810000000001,8.0,-12.0,hrl_dqn_apf,hierarchical,dqn,25.090,9.724,1.427,0.00,0.00,0.00,19.198,9.654,-1.841,0.00,0.00,0.00,20.140,7.098,-8.013,0.00,0.00,0.00,3.000,3.000,3.000
2026-02-04 17:33:26,519.43,23,263,286,8.04%,147.50,1.43%,"[0, 5, 10, 15, 20, 25, 30, 35, 40, 45, 50, 55, 60, 65, 70, 75, 80, 85, 90, 95, 100]","[4, 6, 4, 2, 4, 3, 1, 0, 12, 5, 12, 8, 8, 13, 10, 8, 695, 20, 18, 780]","[0.0024798512089274642, 0.006199628022318661, 0.008679479231246125, 0.009919404835709857, 0.012399256044637322, 0.01425914445133292, 0.014879107253564786, 0.014879107253564786, 0.022318660880347178, 0.02541847489150651, 0.0328580285182889, 0.03781773093614383, 0.04277743335399876, 0.05083694978301302, 0.05703657780533168, 0.06199628022318661, 0.49287042777433354, 0.5052696838189709, 0.5164290142591444, 1.0]",4.0,2.0,2.0,2.0,2.0,0,10.125810000000001,8.0,-12.0,hrl_dqn_apf,hierarchical,dqn,24.354,9.723,1.430,0.00,0.00,0.00,19.193,9.653,-1.103,0.00,0.00,0.00,19.431,7.096,-8.014,0.00,0.00,0.00,3.000,3.000,3.000
2026-02-04 17:33:27,520.43,25,263,288,8.68%,147.54,1.55%,"[0, 5, 10, 15, 20, 25, 30, 35, 40, 45, 50, 55, 60, 65, 70, 75, 80, 85, 90, 95, 100]","[7, 6, 3, 1, 4, 4, 2, 0, 7, 8, 13, 9, 8, 13, 10, 8, 694, 19, 18, 779]","[0.0043397396156230625, 0.008059516429014259, 0.009919404835709857, 0.010539367637941723, 0.013019218846869188, 0.015499070055796652, 0.016738995660260384, 0.016738995660260384, 0.021078735275883446, 0.026038437693738377, 0.034097954122752634, 0.03967761934283943, 0.044637321760694355, 0.05269683818970862, 0.05889646621202728, 0.0638561686298822, 0.4941103533787973, 0.5058896466212027, 0.5170489770613763, 1.0]",4.0,2.0,2.0,2.0,2.0,5,9.96585,8.0,-6.0,hrl_dqn_apf,hierarchical,dqn,22.839,9.718,1.430,0.00,0.00,0.00,18.504,9.739,-0.263,0.00,0.00,0.00,18.015,7.160,-8.014,0.00,0.00,0.00,3.000,3.000,3.000
2026-02-04 17:33:28,521.43,27,263,290,9.31%,147.61,1.67%,"[0, 5, 10, 15, 20, 25, 30, 35, 40, 45, 50, 55, 60, 65, 70, 75, 80, 85, 90, 95, 100]","[8, 6, 2, 2, 4, 5, 1, 1, 7, 8, 9, 11, 8, 13, 10, 7, 696, 18, 17, 780]","[0.0049597024178549285, 0.008679479231246125, 0.009919404835709857, 0.011159330440173589, 0.013639181649101054, 0.016738995660260384, 0.01735895846249225, 0.017978921264724116, 0.022318660880347178, 0.02727836329820211, 0.0328580285182889, 0.03967761934283943, 0.044637321760694355, 0.05269683818970862, 0.05889646621202728, 0.06323620582765034, 0.49473031618102914, 0.5058896466212027, 0.5164290142591444, 1.0]",4.0,2.0,2.0,2.0,2.0,13,27.80544,8.0,0.0,hrl_dqn_apf,hierarchical,dqn,22.110,9.750,1.436,0.00,0.00,0.00,17.804,9.741,-0.197,0.00,0.00,0.00,18.119,7.264,-8.014,0.00,0.00,0.00,3.000,3.000,3.000
2026-02-04 17:33:29,522.43,28,262,290,9.66%,147.67,1.74%,"[0, 5, 10, 15, 20, 25, 30, 35, 40, 45, 50, 55, 60, 65, 70, 75, 80, 85, 90, 95, 100]","[9, 5, 4, 2, 3, 5, 1, 1, 7, 8, 8, 12, 8, 13, 11, 7, 694, 18, 17, 780]","[0.005579665220086794, 0.008679479231246125, 0.011159330440173589, 0.012399256044637322, 0.01425914445133292, 0.01735895846249225, 0.017978921264724116, 0.018598884066955982, 0.022938623682579044, 0.027898326100433975, 0.0328580285182889, 0.040297582145071294, 0.04525728456292622, 0.053316800991940486, 0.06013639181649101, 0.06447613143211407, 0.49473031618102914, 0.5058896466212027, 0.5164290142591444, 1.0]",4.0,2.0,2.0,2.0,2.0,13,27.80544,8.0,0.0,hrl_dqn_apf,hierarchical,dqn,22.064,9.875,1.573,0.00,0.00,0.00,17.085,9.746,-0.307,0.00,0.00,0.00,18.684,7.272,-8.014,0.00,0.00,0.00,3.000,3.000,3.000
2026-02-04 17:33:30,523.44,29,261,290,10.00%,147.73,1.80%,"[0, 5, 10, 15, 20, 25, 30, 35, 40, 45, 50, 55, 60, 65, 70, 75, 80, 85, 90, 95, 100]","[11, 4, 5, 2, 2, 5, 2, 1, 7, 6, 9, 12, 8, 12, 11, 7, 694, 17, 16, 782]","[0.006819590824550527, 0.009299442033477991, 0.012399256044637322, 0.013639181649101054, 0.014879107253564786, 0.017978921264724116, 0.019218846869187848, 0.019838809671419714, 0.02417854928704278, 0.027898326100433975, 0.03347799132052077, 0.04091754494730316, 0.04587724736515809, 0.053316800991940486, 0.06013639181649101, 0.06447613143211407, 0.49473031618102914, 0.5052696838189709, 0.5151890886546807, 1.0]",4.0,2.0,2.0,2.0,2.0,24,33.64521,8.0,12.0,hrl_dqn_apf,hierarchical,dqn,22.546,9.890,1.809,0.00,0.00,0.00,16.368,9.743,-0.536,0.00,0.00,0.00,19.393,7.270,-8.014,0.00,0.00,0.00,3.000,3.000,3.000
2026-02-04 17:33:31,524.44,27,271,298,9.06%,147.86,1.67%,"[0, 5, 10, 15, 20, 25, 30, 35, 40, 45, 50, 55, 60, 65, 70, 75, 80, 85, 90, 95, 100]","[12, 4, 4, 3, 1, 3, 6, 1, 6, 3, 12, 12, 8, 12, 11, 7, 693, 17, 17, 781]","[0.007439553626782393, 0.009919404835709857, 0.012399256044637322, 0.01425914445133292, 0.014879107253564786, 0.016738995660260384, 0.02045877247365158, 0.021078735275883446, 0.024798512089274645, 0.026658400495970243, 0.034097954122752634, 0.041537507749535026, 0.04649721016738995, 0.05393676379417235, 0.06075635461872288, 0.06509609423434594, 0.49473031618102914, 0.5052696838189709, 0.5158090514569126, 1.0]",4.0,2.0,2.0,2.0,2.0,21,15.485119999999998,8.0,12.0,hrl_dqn_apf,hierarchical,dqn,23.935,9.892,2.107,0.00,0.00,0.00,15.569,9.861,-0.141,0.00,0.00,0.00,20.856,7.299,-7.971,0.00,0.00,0.00,3.000,3.000,3.000
2026-02-04 17:33:32,525.44,28,270,298,9.40%,147.88,1.74%,"[0, 5, 10, 15, 20, 25, 30, 35, 40, 45, 50, 55, 60, 65, 70, 75, 80, 85, 90, 95, 100]","[11, 5, 5, 3, 1, 3, 4, 2, 6, 3, 12, 11, 9, 12, 11, 7, 693, 17, 17, 781]","[0.006819590824550527, 0.009919404835709857, 0.013019218846869188, 0.014879107253564786, 0.015499070055796652, 0.01735895846249225, 0.019838809671419714, 0.021078735275883446, 0.024798512089274645, 0.026658400495970243, 0.034097954122752634, 0.04091754494730316, 0.04649721016738995, 0.05393676379417235, 0.06075635461872288, 0.06509609423434594, 0.49473031618102914, 0.5052696838189709, 0.5158090514569126, 1.0]",4.0,2.0,2.0,2.0,2.0,21,15.485119999999998,8.0,12.0,hrl_dqn_apf,hierarchical,dqn,24.672,9.905,2.149,0.00,0.00,0.00,15.501,9.861,0.535,0.00,0.00,0.00,21.193,7.349,-7.540,0.00,0.00,0.00,3.000,3.000,3.000
2026-02-04 17:33:33,526.44,28,274,302,9.27%,147.93,1.74%,"[0, 5, 10, 15, 20, 25, 30, 35, 40, 45, 50, 55, 60, 65, 70, 75, 80, 85, 90, 95, 100]","[10, 6, 6, 2, 2, 2, 5, 2, 6, 3, 12, 10, 10, 12, 11, 7, 692, 18, 14, 783]","[0.006199628022318661, 0.009919404835709857, 0.013639181649101054, 0.014879107253564786, 0.016119032858028518, 0.01735895846249225, 0.02045877247365158, 0.02169869807811531, 0.02541847489150651, 0.02727836329820211, 0.0347179169249845, 0.04091754494730316, 0.047117172969621826, 0.05455672659640422, 0.06137631742095474, 0.0657160570365778, 0.49473031618102914, 0.5058896466212027, 0.5145691258524488, 1.0]",4.0,2.0,2.0,2.0,2.0,21,15.405069999999998,8.0,12.0,hrl_dqn_apf,hierarchical,dqn,25.071,9.969,2.527,0.00,0.00,0.00,15.480,9.859,1.274,0.00,0.00,0.00,21.300,7.352,-6.872,0.00,0.00,0.00,3.000,3.000,3.000
2026-02-04 17:33:34,527.44,28,276,304,9.21%,148.00,1.74%,"[0, 5, 10, 15, 20, 25, 30, 35, 40, 45, 50, 55, 60, 65, 70, 75, 80, 85, 90, 95, 100]","[11, 7, 3, 3, 2, 2, 5, 1, 7, 3, 12, 7, 13, 11, 12, 7, 693, 16, 15, 783]","[0.006819590824550527, 0.011159330440173589, 0.013019218846869188, 0.014879107253564786, 0.016119032858028518, 0.01735895846249225, 0.02045877247365158, 0.021078735275883446, 0.02541847489150651, 0.02727836329820211, 0.0347179169249845, 0.03905765654060756, 0.047117172969621826, 0.05393676379417235, 0.06137631742095474, 0.0657160570365778, 0.495350278983261, 0.5052696838189709, 0.5145691258524488, 1.0]",4.0,2.0,2.0,2.0,2.0,13,27.24452,8.0,0.0,hrl_dqn_apf,hierarchical,dqn,25.198,9.974,3.176,0.00,0.00,0.00,15.474,9.856,2.031,0.00,0.00,0.00,21.333,7.350,-6.135,0.00,0.00,0.00,3.000,3.000,3.000
2026-02-04 17:33:35,528.45,29,275,304,9.54%,148.10,1.80%,"[0, 5, 10, 15, 20, 25, 30, 35, 40, 45, 50, 55, 60, 65, 70, 75, 80, 85, 90, 95, 100]","[8, 10, 4, 4, 2, 1, 4, 3, 7, 3, 10, 9, 12, 11, 11, 8, 692, 15, 16, 783]","[0.0049597024178549285, 0.011159330440173589, 0.013639181649101054, 0.016119032858028518, 0.01735895846249225, 0.017978921264724116, 0.02045877247365158, 0.022318660880347178, 0.026658400495970243, 0.02851828890266584, 0.0347179169249845, 0.040297582145071294, 0.04773713577185369, 0.05455672659640422, 0.06137631742095474, 0.06633601983880967, 0.495350278983261, 0.504649721016739, 0.5145691258524488, 1.0]",4.0,2.0,2.0,2.0,2.0,13,27.24452,8.0,0.0,hrl_dqn_apf,hierarchical,dqn,25.248,9.912,3.343,0.00,0.00,0.00,15.539,9.904,3.037,0.00,0.00,0.00,21.346,7.343,-4.601,0.00,0.00,0.00,3.000,3.000,3.000
2026-02-04 17:33:36,529.45,28,276,304,9.21%,148.14,1.74%,"[0, 5, 10, 15, 20, 25, 30, 35, 40, 45, 50, 55, 60, 65, 70, 75, 80, 85, 90, 95, 100]","[9, 10, 4, 3, 2, 0, 4, 4, 7, 2, 10, 11, 12, 11, 11, 8, 692, 15, 15, 783]","[0.005579665220086794, 0.011779293242405457, 0.01425914445133292, 0.016119032858028518, 0.01735895846249225, 0.01735895846249225, 0.019838809671419714, 0.022318660880347178, 0.026658400495970243, 0.027898326100433975, 0.034097954122752634, 0.04091754494730316, 0.04835709857408556, 0.05517668939863608, 0.06199628022318661, 0.06695598264104154, 0.49597024178549287, 0.5052696838189709, 0.5145691258524488, 1.0]",4.0,2.0,2.0,2.0,2.0,9,33.084689999999995,8.0,-6.0,hrl_dqn_apf,hierarchical,dqn,25.252,9.617,3.157,0.00,0.00,0.00,16.010,9.938,3.286,0.00,0.00,0.00,21.347,7.340,-3.841,0.00,0.00,0.00,3.000,3.000,3.000
2026-02-04 17:33:37,530.45,30,280,310,9.68%,148.20,1.86%,"[0, 5, 10, 15, 20, 25, 30, 35, 40, 45, 50, 55, 60, 65, 70, 75, 80, 85, 90, 95, 100]","[8, 10, 4, 4, 3, 1, 3, 4, 8, 2, 9, 11, 11, 12, 11, 8, 692, 14, 16, 782]","[0.0049597024178549285, 0.011159330440173589, 0.013639181649101054, 0.016119032858028518, 0.017978921264724116, 0.018598884066955982, 0.02045877247365158, 0.022938623682579044, 0.027898326100433975, 0.029138251704897707, 0.0347179169249845, 0.041537507749535026, 0.04835709857408556, 0.05579665220086795, 0.06261624302541847, 0.0675759454432734, 0.49659020458772474, 0.5052696838189709, 0.5151890886546807, 1.0]",4.0,2.0,2.0,2.0,2.0,9,33.084689999999995,8.0,-6.0,hrl_dqn_apf,hierarchical,dqn,25.254,9.650,2.723,0.00,0.00,0.00,16.690,9.939,3.365,0.00,0.00,0.00,21.347,7.337,-3.078,0.00,0.00,0.00,3.000,3.000,3.000
2026-02-04 17:33:38,531.45,30,278,308,9.74%,148.29,1.86%,"[0, 5, 10, 15, 20, 25, 30, 35, 40, 45, 50, 55, 60, 65, 70, 75, 80, 85, 90, 95, 100]","[8, 10, 5, 3, 2, 2, 3, 4, 8, 2, 9, 12, 11, 12, 11, 8, 692, 13, 17, 781]","[0.0049597024178549285, 0.011159330440173589, 0.01425914445133292, 0.016119032858028518, 0.01735895846249225, 0.018598884066955982, 0.02045877247365158, 0.022938623682579044, 0.027898326100433975, 0.029138251704897707, 0.0347179169249845, 0.04215747055176689, 0.048977061376317424, 0.056416615003099815, 0.06323620582765034, 0.06819590824550527, 0.4972101673899566, 0.5052696838189709, 0.5158090514569126, 1.0]",4.0,2.0,2.0,2.0,2.0,18,26.9245,8.0,6.0,hrl_dqn_apf,hierarchical,dqn,25.254,9.654,2.056,0.00,0.00,0.00,17.432,9.937,3.391,0.00,0.00,0.00,21.347,7.334,-2.314,0.00,0.00,0.00,3.000,3.000,3.000
2026-02-04 17:33:39,532.45,32,277,309,10.36%,148.40,1.98%,"[0, 5, 10, 15, 20, 25, 30, 35, 40, 45, 50, 55, 60, 65, 70, 75, 80, 85, 90, 95, 100]","[9, 9, 7, 2, 2, 3, 2, 5, 7, 3, 9, 9, 10, 15, 10, 8, 693, 13, 15, 782]","[0.005579665220086794, 0.011159330440173589, 0.015499070055796652, 0.016738995660260384, 0.017978921264724116, 0.019838809671419714, 0.021078735275883446, 0.02417854928704278, 0.02851828890266584, 0.03037817730936144, 0.03595784252944823, 0.041537507749535026, 0.04773713577185369, 0.05703657780533168, 0.06323620582765034, 0.06819590824550527, 0.49783013019218847, 0.5058896466212027, 0.5151890886546807, 1.0]",4.0,2.0,2.0,2.0,2.0,13,26.76411,8.0,0.0,hrl_dqn_apf,hierarchical,dqn,25.326,9.698,0.638,0.00,0.00,0.00,18.945,9.931,3.400,0.00,0.00,0.00,21.346,7.328,-0.793,0.00,0.00,0.00,3.000,3.000,3.000
2026-02-04 17:33:40,533.46,31,278,309,10.03%,148.46,1.92%,"[0, 5, 10, 15, 20, 25, 30, 35, 40, 45, 50, 55, 60, 65, 70, 75, 80, 85, 90, 95, 100]","[10, 6, 9, 1, 3, 2, 2, 4, 9, 3, 9, 8, 11, 15, 10, 9, 693, 13, 15, 781]","[0.006199628022318661, 0.009919404835709857, 0.015499070055796652, 0.016119032858028518, 0.017978921264724116, 0.019218846869187848, 0.02045877247365158, 0.022938623682579044, 0.02851828890266584, 0.03037817730936144, 0.03595784252944823, 0.04091754494730316, 0.04773713577185369, 0.05703657780533168, 0.06323620582765034, 0.06881587104773713, 0.49845009299442034, 0.5065096094234346, 0.5158090514569126, 1.0]",4.0,2.0,2.0,2.0,2.0,13,26.76411,8.0,0.0,hrl_dqn_apf,hierarchical,dqn,25.799,9.738,0.344,0.00,0.00,0.00,19.705,9.927,3.400,0.00,0.00,0.00,21.345,7.325,-0.033,0.00,0.00,0.00,3.000,3.000,3.000
2026-02-04 17:33:41,534.46,33,276,309,10.68%,148.52,2.05%,"[0, 5, 10, 15, 20, 25, 30, 35, 40, 45, 50, 55, 60, 65, 70, 75, 80, 85, 90, 95, 100]","[10, 7, 9, 1, 3, 3, 1, 4, 10, 3, 8, 8, 12, 15, 10, 8, 693, 13, 14, 781]","[0.006199628022318661, 0.010539367637941723, 0.016119032858028518, 0.016738995660260384, 0.018598884066955982, 0.02045877247365158, 0.021078735275883446, 0.023558586484810913, 0.029758214507129573, 0.03161810291382517, 0.0365778053316801, 0.041537507749535026, 0.048977061376317424, 0.05827650340979541, 0.06447613143211407, 0.069435833849969, 0.4990700557966522, 0.5071295722256665, 0.5158090514569126, 1.0]",4.0,2.0,2.0,2.0,2.0,9,32.60428,8.0,-6.0,hrl_dqn_apf,hierarchical,dqn,26.479,9.740,0.252,0.00,0.00,0.00,20.467,9.931,3.400,0.00,0.00,0.00,21.345,7.322,0.730,0.00,0.00,0.00,3.000,3.000,3.000
2026-02-04 17:33:43,535.46,33,278,311,10.61%,148.64,2.05%,"[0, 5, 10, 15, 20, 25, 30, 35, 40, 45, 50, 55, 60, 65, 70, 75, 80, 85, 90, 95, 100]","[9, 6, 9, 3, 3, 3, 1, 3, 11, 3, 8, 7, 13, 14, 11, 8, 693, 13, 13, 782]","[0.005579665220086794, 0.009299442033477991, 0.014879107253564786, 0.016738995660260384, 0.018598884066955982, 0.02045877247365158, 0.021078735275883446, 0.022938623682579044, 0.029758214507129573, 0.03161810291382517, 0.0365778053316801, 0.04091754494730316, 0.048977061376317424, 0.05765654060756355, 0.06447613143211407, 0.069435833849969, 0.4990700557966522, 0.5071295722256665, 0.5151890886546807, 1.0]",4.0,2.0,2.0,2.0,2.0,13,26.28345,8.0,0.0,hrl_dqn_apf,hierarchical,dqn,27.220,9.737,0.224,0.00,0.00,0.00,20.853,10.270,3.643,0.00,0.00,0.00,21.439,7.244,1.080,0.00,0.00,0.00,3.000,3.000,3.000
2026-02-04 17:33:44,536.46,32,281,313,10.22%,148.80,1.98%,"[0, 5, 10, 15, 20, 25, 30, 35, 40, 45, 50, 55, 60, 65, 70, 75, 80, 85, 90, 95, 100]","[7, 8, 9, 5, 2, 1, 4, 2, 11, 3, 9, 7, 13, 12, 12, 8, 693, 13, 13, 781]","[0.0043397396156230625, 0.009299442033477991, 0.014879107253564786, 0.017978921264724116, 0.019218846869187848, 0.019838809671419714, 0.022318660880347178, 0.023558586484810913, 0.03037817730936144, 0.032238065716057036, 0.03781773093614383, 0.04215747055176689, 0.050216986980781156, 0.05765654060756355, 0.06509609423434594, 0.07005579665220087, 0.49969001859888407, 0.5077495350278983, 0.5158090514569126, 1.0]",4.0,2.0,2.0,2.0,2.0,13,26.28345,8.0,0.0,hrl_dqn_apf,hierarchical,dqn,27.329,9.914,0.213,0.00,0.00,0.00,20.647,10.546,4.840,0.00,0.00,0.00,21.861,6.830,0.106,0.00,0.00,0.00,3.000,3.000,3.000
2026-02-04 17:33:45,537.46,32,285,317,10.09%,148.94,1.98%,"[0, 5, 10, 15, 20, 25, 30, 35, 40, 45, 50, 55, 60, 65, 70, 75, 80, 85, 90, 95, 100]","[7, 8, 8, 5, 2, 2, 4, 2, 11, 3, 8, 8, 11, 13, 13, 7, 693, 14, 12, 782]","[0.0043397396156230625, 0.009299442033477991, 0.01425914445133292, 0.01735895846249225, 0.018598884066955982, 0.019838809671419714, 0.022318660880347178, 0.023558586484810913, 0.03037817730936144, 0.032238065716057036, 0.037197768133911964, 0.04215747055176689, 0.048977061376317424, 0.05703657780533168, 0.06509609423434594, 0.069435833849969, 0.4990700557966522, 0.5077495350278983, 0.5151890886546807, 1.0]",4.0,2.0,2.0,2.0,2.0,8,26.28362,8.0,-6.0,hrl_dqn_apf,hierarchical,dqn,26.688,9.916,0.212,0.00,0.00,0.00,20.579,10.129,5.134,0.00,0.00,0.00,21.938,6.849,-0.612,0.00,0.00,0.00,3.000,3.000,3.000
2026-02-04 17:33:46,538.47,33,288,321,10.28%,149.05,2.05%,"[0, 5, 10, 15, 20, 25, 30, 35, 40, 45, 50, 55, 60, 65, 70, 75, 80, 85, 90, 95, 100]","[4, 10, 8, 7, 1, 3, 4, 1, 11, 4, 8, 8, 11, 13, 13, 7, 693, 14, 12, 781]","[0.0024798512089274642, 0.008679479231246125, 0.013639181649101054, 0.017978921264724116, 0.018598884066955982, 0.02045877247365158, 0.022938623682579044, 0.023558586484810913, 0.03037817730936144, 0.0328580285182889, 0.03781773093614383, 0.04277743335399876, 0.04959702417854929, 0.05765654060756355, 0.0657160570365778, 0.07005579665220087, 0.49969001859888407, 0.5083694978301302, 0.5158090514569126, 1.0]",4.0,2.0,2.0,2.0,2.0,16,14.123470000000001,8.0,6.0,hrl_dqn_apf,hierarchical,dqn,25.962,9.913,0.212,0.00,0.00,0.00,20.558,9.715,5.226,0.00,0.00,0.00,21.630,6.926,-1.034,0.00,0.00,0.00,3.000,3.000,3.000
2026-02-04 17:33:47,539.47,33,288,321,10.28%,149.19,2.05%,"[0, 5, 10, 15, 20, 25, 30, 35, 40, 45, 50, 55, 60, 65, 70, 75, 80, 85, 90, 95, 100]","[6, 7, 7, 9, 1, 3, 3, 2, 10, 5, 8, 7, 11, 14, 13, 7, 693, 14, 12, 781]","[0.0037197768133911966, 0.008059516429014259, 0.012399256044637322, 0.017978921264724116, 0.018598884066955982, 0.02045877247365158, 0.022318660880347178, 0.023558586484810913, 0.029758214507129573, 0.0328580285182889, 0.03781773093614383, 0.04215747055176689, 0.048977061376317424, 0.05765654060756355, 0.0657160570365778, 0.07005579665220087, 0.49969001859888407, 0.5083694978301302, 0.5158090514569126, 1.0]",4.0,2.0,2.0,2.0,2.0,16,14.123470000000001,8.0,6.0,hrl_dqn_apf,hierarchical,dqn,25.208,9.910,0.211,0.00,0.00,0.00,20.551,9.305,5.255,0.00,0.00,0.00,21.004,6.935,-1.171,0.00,0.00,0.00,3.000,3.000,3.000
2026-02-04 17:33:48,540.47,33,294,327,10.09%,149.42,2.05%,"[0, 5, 10, 15, 20, 25, 30, 35, 40, 45, 50, 55, 60, 65, 70, 75, 80, 85, 90, 95, 100]","[5, 7, 7, 8, 4, 2, 2, 3, 9, 6, 9, 7, 9, 16, 12, 8, 693, 14, 12, 780]","[0.0030998140111593306, 0.007439553626782393, 0.011779293242405457, 0.016738995660260384, 0.019218846869187848, 0.02045877247365158, 0.02169869807811531, 0.023558586484810913, 0.029138251704897707, 0.0328580285182889, 0.038437693738375696, 0.04277743335399876, 0.04835709857408556, 0.05827650340979541, 0.0657160570365778, 0.07067575945443273, 0.5003099814011159, 0.5089894606323621, 0.5164290142591444, 1.0]",4.0,2.0,2.0,2.0,2.0,19,31.96311,8.0,6.0,hrl_dqn_apf,hierarchical,dqn,25.015,9.858,0.210,0.00,0.00,0.00,20.549,9.273,4.558,0.00,0.00,0.00,20.156,7.024,-0.584,0.00,0.00,0.00,3.000,3.000,3.000
2026-02-04 17:33:49,541.47,34,293,327,10.40%,149.54,2.11%,"[0, 5, 10, 15, 20, 25, 30, 35, 40, 45, 50, 55, 60, 65, 70, 75, 80, 85, 90, 95, 100]","[8, 6, 6, 8, 4, 2, 1, 3, 8, 7, 8, 8, 9, 16, 11, 9, 693, 14, 12, 780]","[0.0049597024178549285, 0.008679479231246125, 0.012399256044637322, 0.01735895846249225, 0.019838809671419714, 0.021078735275883446, 0.02169869807811531, 0.023558586484810913, 0.02851828890266584, 0.0328580285182889, 0.03781773093614383, 0.04277743335399876, 0.04835709857408556, 0.05827650340979541, 0.06509609423434594, 0.07067575945443273, 0.5003099814011159, 0.5089894606323621, 0.5164290142591444, 1.0]",4.0,2.0,2.0,2.0,2.0,3,25.80322,8.0,-12.0,hrl_dqn_apf,hierarchical,dqn,25.197,9.560,0.210,0.00,0.00,0.00,20.548,9.275,3.857,0.00,0.00,0.00,20.081,7.024,0.105,0.00,0.00,0.00,3.000,3.000,3.000
2026-02-04 17:33:50,542.47,33,294,327,10.09%,149.67,2.05%,"[0, 5, 10, 15, 20, 25, 30, 35, 40, 45, 50, 55, 60, 65, 70, 75, 80, 85, 90, 95, 100]","[8, 3, 8, 8, 5, 1, 2, 3, 8, 7, 8, 7, 10, 15, 11, 10, 692, 14, 13, 780]","[0.0049597024178549285, 0.006819590824550527, 0.011779293242405457, 0.016738995660260384, 0.019838809671419714, 0.02045877247365158, 0.02169869807811531, 0.023558586484810913, 0.02851828890266584, 0.0328580285182889, 0.03781773093614383, 0.04215747055176689, 0.04835709857408556, 0.05765654060756355, 0.06447613143211407, 0.07067575945443273, 0.49969001859888407, 0.5083694978301302, 0.5164290142591444, 1.0]",4.0,2.0,2.0,2.0,2.0,3,25.80322,8.0,-12.0,hrl_dqn_apf,hierarchical,dqn,25.625,9.593,0.210,0.00,0.00,0.00,20.548,9.279,3.114,0.00,0.00,0.00,20.058,7.021,0.846,0.00,0.00,0.00,3.000,3.000,3.000
2026-02-04 17:33:51,543.48,34,293,327,10.40%,149.73,2.11%,"[0, 5, 10, 15, 20, 25, 30, 35, 40, 45, 50, 55, 60, 65, 70, 75, 80, 85, 90, 95, 100]","[7, 4, 7, 8, 5, 3, 3, 3, 7, 7, 9, 7, 10, 14, 12, 9, 693, 14, 13, 778]","[0.0043397396156230625, 0.006819590824550527, 0.011159330440173589, 0.016119032858028518, 0.019218846869187848, 0.021078735275883446, 0.022938623682579044, 0.024798512089274645, 0.029138251704897707, 0.03347799132052077, 0.03905765654060756, 0.04339739615623062, 0.04959702417854929, 0.05827650340979541, 0.0657160570365778, 0.0712957222566646, 0.5009299442033478, 0.5096094234345939, 0.5176689398636082, 1.0]",4.0,2.0,2.0,2.0,2.0,0,7.6428699999999985,8.0,-12.0,hrl_dqn_apf,hierarchical,dqn,26.290,9.598,0.210,0.00,0.00,0.00,20.581,9.637,2.878,0.00,0.00,0.00,20.023,6.968,1.172,0.00,0.00,0.00,3.000,3.000,3.000
2026-02-04 17:33:52,544.48,34,297,331,10.27%,149.97,2.11%,"[0, 5, 10, 15, 20, 25, 30, 35, 40, 45, 50, 55, 60, 65, 70, 75, 80, 85, 90, 95, 100]","[8, 3, 7, 6, 9, 1, 4, 2, 7, 5, 12, 7, 9, 12, 15, 9, 693, 14, 13, 777]","[0.0049597024178549285, 0.006819590824550527, 0.011159330440173589, 0.014879107253564786, 0.02045877247365158, 0.021078735275883446, 0.023558586484810913, 0.024798512089274645, 0.029138251704897707, 0.032238065716057036, 0.03967761934283943, 0.04401735895846249, 0.04959702417854929, 0.05703657780533168, 0.06633601983880967, 0.07191568505889646, 0.5015499070055797, 0.5102293862368258, 0.51828890266584, 1.0]",4.0,2.0,2.0,2.0,2.0,0,7.56268,8.0,-12.0,hrl_dqn_apf,hierarchical,dqn,26.366,9.771,0.211,0.00,0.00,0.00,20.882,10.307,3.983,0.00,0.00,0.00,19.734,6.369,0.140,0.00,0.00,0.00,3.000,3.000,3.000
2026-02-04 17:33:53,545.48,35,296,331,10.57%,150.12,2.17%,"[0, 5, 10, 15, 20, 25, 30, 35, 40, 45, 50, 55, 60, 65, 70, 75, 80, 85, 90, 95, 100]","[8, 4, 6, 6, 8, 3, 2, 2, 8, 5, 11, 8, 9, 12, 15, 8, 694, 14, 13, 777]","[0.0049597024178549285, 0.007439553626782393, 0.011159330440173589, 0.014879107253564786, 0.019838809671419714, 0.02169869807811531, 0.022938623682579044, 0.02417854928704278, 0.029138251704897707, 0.032238065716057036, 0.03905765654060756, 0.04401735895846249, 0.04959702417854929, 0.05703657780533168, 0.06633601983880967, 0.0712957222566646, 0.5015499070055797, 0.5102293862368258, 0.51828890266584, 1.0]",4.0,2.0,2.0,2.0,2.0,0,7.56268,8.0,-12.0,hrl_dqn_apf,hierarchical,dqn,25.723,9.772,0.211,0.00,0.00,0.00,21.097,10.446,4.677,0.00,0.00,0.00,19.520,6.122,-0.563,0.00,0.00,0.00,3.000,3.000,3.000
2026-02-04 17:33:54,546.48,35,296,331,10.57%,150.26,2.17%,"[0, 5, 10, 15, 20, 25, 30, 35, 40, 45, 50, 55, 60, 65, 70, 75, 80, 85, 90, 95, 100]","[9, 3, 6, 6, 8, 3, 2, 1, 9, 4, 12, 8, 9, 12, 15, 7, 695, 14, 13, 777]","[0.005579665220086794, 0.007439553626782393, 0.011159330440173589, 0.014879107253564786, 0.019838809671419714, 0.02169869807811531, 0.022938623682579044, 0.023558586484810913, 0.029138251704897707, 0.03161810291382517, 0.03905765654060756, 0.04401735895846249, 0.04959702417854929, 0.05703657780533168, 0.06633601983880967, 0.07067575945443273, 0.5015499070055797, 0.5102293862368258, 0.51828890266584, 1.0]",4.0,2.0,2.0,2.0,2.0,21,13.402619999999999,8.0,12.0,hrl_dqn_apf,hierarchical,dqn,24.993,9.769,0.210,0.00,0.00,0.00,21.218,10.033,5.064,0.00,0.00,0.00,19.396,6.133,-1.303,0.00,0.00,0.00,3.000,3.000,3.000
2026-02-04 17:33:55,547.49,35,297,332,10.54%,150.40,2.17%,"[0, 5, 10, 15, 20, 25, 30, 35, 40, 45, 50, 55, 60, 65, 70, 75, 80, 85, 90, 95, 100]","[9, 4, 3, 8, 8, 3, 1, 2, 9, 4, 12, 7, 10, 13, 14, 6, 696, 13, 14, 777]","[0.005579665220086794, 0.008059516429014259, 0.009919404835709857, 0.014879107253564786, 0.019838809671419714, 0.02169869807811531, 0.022318660880347178, 0.023558586484810913, 0.029138251704897707, 0.03161810291382517, 0.03905765654060756, 0.04339739615623062, 0.04959702417854929, 0.05765654060756355, 0.06633601983880967, 0.07005579665220087, 0.5015499070055797, 0.5096094234345939, 0.51828890266584, 1.0]",4.0,2.0,2.0,2.0,2.0,3,25.24231,8.0,-12.0,hrl_dqn_apf,hierarchical,dqn,24.241,9.766,0.209,0.00,0.00,0.00,21.257,9.617,5.188,0.00,0.00,0.00,19.356,6.135,-2.057,0.00,0.00,0.00,3.000,3.000,3.000
2026-02-04 17:33:56,548.49,37,297,334,11.08%,150.63,2.29%,"[0, 5, 10, 15, 20, 25, 30, 35, 40, 45, 50, 55, 60, 65, 70, 75, 80, 85, 90, 95, 100]","[12, 3, 1, 9, 5, 7, 0, 4, 8, 4, 10, 9, 8, 13, 11, 9, 695, 14, 13, 778]","[0.007439553626782393, 0.009299442033477991, 0.009919404835709857, 0.015499070055796652, 0.018598884066955982, 0.022938623682579044, 0.022938623682579044, 0.02541847489150651, 0.03037817730936144, 0.0328580285182889, 0.03905765654060756, 0.044637321760694355, 0.04959702417854929, 0.05765654060756355, 0.06447613143211407, 0.07005579665220087, 0.5009299442033478, 0.5096094234345939, 0.5176689398636082, 1.0]",4.0,2.0,2.0,2.0,2.0,3,25.24231,8.0,-12.0,hrl_dqn_apf,hierarchical,dqn,22.720,9.760,0.208,0.00,0.00,0.00,20.552,9.585,5.234,0.00,0.00,0.00,19.340,6.131,-3.578,0.00,0.00,0.00,3.000,3.000,3.000
2026-02-04 17:33:57,549.49,38,298,336,11.31%,150.71,2.36%,"[0, 5, 10, 15, 20, 25, 30, 35, 40, 45, 50, 55, 60, 65, 70, 75, 80, 85, 90, 95, 100]","[10, 4, 3, 7, 7, 7, 0, 3, 8, 3, 9, 11, 8, 12, 11, 10, 695, 14, 13, 778]","[0.006199628022318661, 0.008679479231246125, 0.010539367637941723, 0.014879107253564786, 0.019218846869187848, 0.023558586484810913, 0.023558586484810913, 0.02541847489150651, 0.03037817730936144, 0.032238065716057036, 0.03781773093614383, 0.044637321760694355, 0.04959702417854929, 0.05703657780533168, 0.0638561686298822, 0.07005579665220087, 0.5009299442033478, 0.5096094234345939, 0.5176689398636082, 1.0]",4.0,2.0,2.0,2.0,2.0,20,7.081800000000001,8.0,12.0,hrl_dqn_apf,hierarchical,dqn,21.957,9.757,0.207,0.00,0.00,0.00,19.866,9.606,5.218,0.00,0.00,0.00,19.340,6.129,-4.342,0.00,0.00,0.00,3.000,3.000,3.000
2026-02-04 17:33:58,550.49,37,299,336,11.01%,150.77,2.29%,"[0, 5, 10, 15, 20, 25, 30, 35, 40, 45, 50, 55, 60, 65, 70, 75, 80, 85, 90, 95, 100]","[10, 4, 3, 6, 6, 8, 1, 3, 9, 3, 9, 10, 9, 12, 11, 10, 694, 15, 13, 777]","[0.006199628022318661, 0.008679479231246125, 0.010539367637941723, 0.01425914445133292, 0.017978921264724116, 0.022938623682579044, 0.023558586484810913, 0.02541847489150651, 0.030998140111593304, 0.0328580285182889, 0.038437693738375696, 0.044637321760694355, 0.050216986980781156, 0.05765654060756355, 0.06447613143211407, 0.07067575945443273, 0.5009299442033478, 0.5102293862368258, 0.51828890266584, 1.0]",4.0,2.0,2.0,2.0,2.0,13,24.92181,8.0,0.0,hrl_dqn_apf,hierarchical,dqn,21.194,9.754,0.206,0.00,0.00,0.00,19.493,9.667,4.837,0.00,0.00,0.00,19.340,6.126,-5.105,0.00,0.00,0.00,3.000,3.000,3.000
2026-02-04 17:33:59,551.49,39,301,340,11.47%,150.85,2.42%,"[0, 5, 10, 15, 20, 25, 30, 35, 40, 45, 50, 55, 60, 65, 70, 75, 80, 85, 90, 95, 100]","[10, 5, 4, 5, 6, 9, 1, 2, 8, 4, 8, 10, 9, 12, 11, 9, 695, 15, 13, 777]","[0.006199628022318661, 0.009299442033477991, 0.011779293242405457, 0.014879107253564786, 0.018598884066955982, 0.02417854928704278, 0.024798512089274645, 0.026038437693738377, 0.030998140111593304, 0.03347799132052077, 0.038437693738375696, 0.044637321760694355, 0.050216986980781156, 0.05765654060756355, 0.06447613143211407, 0.07005579665220087, 0.5009299442033478, 0.5102293862368258, 0.51828890266584, 1.0]",4.0,2.0,2.0,2.0,2.0,13,24.92181,8.0,0.0,hrl_dqn_apf,hierarchical,dqn,20.433,9.751,0.206,0.00,0.00,0.00,19.374,9.673,4.189,0.00,0.00,0.00,19.340,6.123,-5.865,0.00,0.00,0.00,3.000,3.000,3.000
2026-02-04 17:34:00,552.50,38,304,342,11.11%,151.02,2.36%,"[0, 5, 10, 15, 20, 25, 30, 35, 40, 45, 50, 55, 60, 65, 70, 75, 80, 85, 90, 95, 100]","[13, 5, 2, 2, 8, 8, 3, 1, 8, 5, 8, 10, 9, 11, 11, 8, 695, 16, 13, 777]","[0.008059516429014259, 0.011159330440173589, 0.012399256044637322, 0.013639181649101054, 0.018598884066955982, 0.023558586484810913, 0.02541847489150651, 0.026038437693738377, 0.030998140111593304, 0.034097954122752634, 0.03905765654060756, 0.04525728456292622, 0.05083694978301302, 0.05765654060756355, 0.06447613143211407, 0.069435833849969, 0.5003099814011159, 0.5102293862368258, 0.51828890266584, 1.0]",4.0,2.0,2.0,2.0,2.0,9,30.76161,8.0,-6.0,hrl_dqn_apf,hierarchical,dqn,19.789,9.873,-0.491,0.00,0.00,0.00,19.150,9.825,4.090,0.00,0.00,0.00,19.993,6.209,-6.748,0.00,0.00,0.00,3.000,3.000,3.000
2026-02-04 17:34:01,553.50,35,309,344,10.17%,151.14,2.17%,"[0, 5, 10, 15, 20, 25, 30, 35, 40, 45, 50, 55, 60, 65, 70, 75, 80, 85, 90, 95, 100]","[12, 6, 2, 1, 8, 6, 6, 0, 9, 4, 8, 9, 11, 11, 11, 7, 696, 16, 13, 777]","[0.007439553626782393, 0.011159330440173589, 0.012399256044637322, 0.013019218846869188, 0.017978921264724116, 0.02169869807811531, 0.02541847489150651, 0.02541847489150651, 0.030998140111593304, 0.03347799132052077, 0.038437693738375696, 0.04401735895846249, 0.05083694978301302, 0.05765654060756355, 0.06447613143211407, 0.06881587104773713, 0.5003099814011159, 0.5102293862368258, 0.51828890266584, 1.0]",4.0,2.0,2.0,2.0,2.0,23,24.60115,8.0,12.0,hrl_dqn_apf,hierarchical,dqn,19.855,9.877,-1.181,0.00,0.00,0.00,19.012,9.822,4.717,0.00,0.00,0.00,20.688,6.209,-6.824,0.00,0.00,0.00,3.000,3.000,3.000
2026-02-04 17:34:02,554.50,34,314,348,9.77%,151.24,2.11%,"[0, 5, 10, 15, 20, 25, 30, 35, 40, 45, 50, 55, 60, 65, 70, 75, 80, 85, 90, 95, 100]","[10, 6, 3, 2, 6, 7, 8, 0, 9, 4, 8, 8, 11, 11, 11, 7, 697, 16, 13, 776]","[0.006199628022318661, 0.009919404835709857, 0.011779293242405457, 0.013019218846869188, 0.016738995660260384, 0.021078735275883446, 0.026038437693738377, 0.026038437693738377, 0.03161810291382517, 0.034097954122752634, 0.03905765654060756, 0.04401735895846249, 0.05083694978301302, 0.05765654060756355, 0.06447613143211407, 0.06881587104773713, 0.5009299442033478, 0.5108493490390577, 0.5189088654680719, 1.0]",4.0,2.0,2.0,2.0,2.0,23,24.60115,8.0,12.0,hrl_dqn_apf,hierarchical,dqn,19.955,9.881,-1.917,0.00,0.00,0.00,18.891,9.816,5.436,0.00,0.00,0.00,21.433,6.206,-6.847,0.00,0.00,0.00,3.000,3.000,3.000
2026-02-04 17:34:03,555.50,33,315,348,9.48%,151.31,2.05%,"[0, 5, 10, 15, 20, 25, 30, 35, 40, 45, 50, 55, 60, 65, 70, 75, 80, 85, 90, 95, 100]","[9, 6, 3, 3, 5, 7, 8, 1, 8, 5, 8, 7, 12, 11, 12, 7, 697, 15, 14, 775]","[0.005579665220086794, 0.009299442033477991, 0.011159330440173589, 0.013019218846869188, 0.016119032858028518, 0.02045877247365158, 0.02541847489150651, 0.026038437693738377, 0.030998140111593304, 0.034097954122752634, 0.03905765654060756, 0.04339739615623062, 0.05083694978301302, 0.05765654060756355, 0.06509609423434594, 0.069435833849969, 0.5015499070055797, 0.5108493490390577, 0.5195288282703038, 1.0]",4.0,2.0,2.0,2.0,2.0,2,18.4411,8.0,-12.0,hrl_dqn_apf,hierarchical,dqn,20.025,10.033,-2.117,0.00,0.00,0.00,18.814,9.967,5.646,0.00,0.00,0.00,22.208,6.203,-6.854,0.00,0.00,0.00,3.000,3.000,3.000
2026-02-04 17:34:04,556.50,33,315,348,9.48%,151.48,2.05%,"[0, 5, 10, 15, 20, 25, 30, 35, 40, 45, 50, 55, 60, 65, 70, 75, 80, 85, 90, 95, 100]","[8, 7, 4, 2, 3, 9, 8, 2, 7, 4, 10, 7, 10, 12, 12, 7, 696, 15, 15, 775]","[0.0049597024178549285, 0.009299442033477991, 0.011779293242405457, 0.013019218846869188, 0.014879107253564786, 0.02045877247365158, 0.02541847489150651, 0.026658400495970243, 0.030998140111593304, 0.03347799132052077, 0.03967761934283943, 0.04401735895846249, 0.050216986980781156, 0.05765654060756355, 0.06509609423434594, 0.069435833849969, 0.5009299442033478, 0.5102293862368258, 0.5195288282703038, 1.0]",4.0,2.0,2.0,2.0,2.0,10,6.278659999999999,8.0,0.0,hrl_dqn_apf,hierarchical,dqn,20.055,9.828,-1.042,0.00,0.00,0.00,18.780,9.990,4.493,0.00,0.00,0.00,22.385,6.382,-6.856,0.00,0.00,0.00,3.000,3.000,3.000
2026-02-04 17:34:05,557.51,32,316,348,9.20%,151.60,1.98%,"[0, 5, 10, 15, 20, 25, 30, 35, 40, 45, 50, 55, 60, 65, 70, 75, 80, 85, 90, 95, 100]","[7, 7, 5, 2, 2, 9, 8, 3, 8, 4, 10, 7, 10, 12, 11, 7, 695, 16, 16, 774]","[0.0043397396156230625, 0.008679479231246125, 0.011779293242405457, 0.013019218846869188, 0.01425914445133292, 0.019838809671419714, 0.024798512089274645, 0.026658400495970243, 0.03161810291382517, 0.034097954122752634, 0.040297582145071294, 0.044637321760694355, 0.05083694978301302, 0.05827650340979541, 0.06509609423434594, 0.069435833849969, 0.5003099814011159, 0.5102293862368258, 0.5201487910725356, 1.0]",4.0,2.0,2.0,2.0,2.0,10,6.278659999999999,8.0,0.0,hrl_dqn_apf,hierarchical,dqn,20.057,9.569,-0.758,0.00,0.00,0.00,18.778,9.988,3.755,0.00,0.00,0.00,21.752,6.384,-6.856,0.00,0.00,0.00,3.000,3.000,3.000
2026-02-04 17:34:06,558.51,32,320,352,9.09%,151.73,1.98%,"[0, 5, 10, 15, 20, 25, 30, 35, 40, 45, 50, 55, 60, 65, 70, 75, 80, 85, 90, 95, 100]","[8, 7, 6, 2, 1, 8, 7, 5, 6, 5, 10, 6, 10, 13, 11, 7, 694, 17, 15, 775]","[0.0049597024178549285, 0.009299442033477991, 0.013019218846869188, 0.01425914445133292, 0.014879107253564786, 0.019838809671419714, 0.02417854928704278, 0.02727836329820211, 0.030998140111593304, 0.034097954122752634, 0.040297582145071294, 0.04401735895846249, 0.050216986980781156, 0.05827650340979541, 0.06509609423434594, 0.069435833849969, 0.49969001859888407, 0.5102293862368258, 0.5195288282703038, 1.0]",4.0,2.0,2.0,2.0,2.0,23,24.11813,8.0,12.0,hrl_dqn_apf,hierarchical,dqn,20.058,9.593,-0.281,0.00,0.00,0.00,18.776,9.993,3.002,0.00,0.00,0.00,21.025,6.381,-6.857,0.00,0.00,0.00,3.000,3.000,3.000
2026-02-04 17:34:07,559.51,30,322,352,8.52%,151.85,1.86%,"[0, 5, 10, 15, 20, 25, 30, 35, 40, 45, 50, 55, 60, 65, 70, 75, 80, 85, 90, 95, 100]","[8, 6, 6, 2, 2, 6, 7, 7, 6, 5, 9, 7, 9, 13, 11, 7, 695, 18, 15, 774]","[0.0049597024178549285, 0.008679479231246125, 0.012399256044637322, 0.013639181649101054, 0.014879107253564786, 0.018598884066955982, 0.022938623682579044, 0.02727836329820211, 0.030998140111593304, 0.034097954122752634, 0.03967761934283943, 0.04401735895846249, 0.04959702417854929, 0.05765654060756355, 0.06447613143211407, 0.06881587104773713, 0.49969001859888407, 0.5108493490390577, 0.5201487910725356, 1.0]",4.0,2.0,2.0,2.0,2.0,23,24.0383,8.0,12.0,hrl_dqn_apf,hierarchical,dqn,20.140,9.679,-0.178,0.00,0.00,0.00,18.695,10.179,2.812,0.00,0.00,0.00,20.271,6.378,-6.857,0.00,0.00,0.00,3.000,3.000,3.000
2026-02-04 17:34:08,560.51,29,324,353,8.22%,152.10,1.80%,"[0, 5, 10, 15, 20, 25, 30, 35, 40, 45, 50, 55, 60, 65, 70, 75, 80, 85, 90, 95, 100]","[8, 4, 7, 3, 3, 4, 6, 9, 7, 4, 9, 8, 7, 14, 12, 7, 694, 18, 15, 774]","[0.0049597024178549285, 0.007439553626782393, 0.011779293242405457, 0.013639181649101054, 0.015499070055796652, 0.017978921264724116, 0.02169869807811531, 0.02727836329820211, 0.03161810291382517, 0.034097954122752634, 0.03967761934283943, 0.044637321760694355, 0.048977061376317424, 0.05765654060756355, 0.06509609423434594, 0.069435833849969, 0.49969001859888407, 0.5108493490390577, 0.5201487910725356, 1.0]",4.0,2.0,2.0,2.0,2.0,23,24.0383,8.0,12.0,hrl_dqn_apf,hierarchical,dqn,20.632,9.582,-1.261,0.00,0.00,0.00,18.205,10.315,3.862,0.00,0.00,0.00,18.967,6.376,-6.855,0.00,0.00,0.00,3.000,3.000,3.000
2026-02-04 17:34:09,561.52,28,325,353,7.93%,152.18,1.74%,"[0, 5, 10, 15, 20, 25, 30, 35, 40, 45, 50, 55, 60, 65, 70, 75, 80, 85, 90, 95, 100]","[9, 5, 6, 4, 1, 3, 7, 8, 8, 4, 8, 9, 8, 13, 12, 8, 694, 17, 15, 774]","[0.005579665220086794, 0.008679479231246125, 0.012399256044637322, 0.014879107253564786, 0.015499070055796652, 0.01735895846249225, 0.02169869807811531, 0.026658400495970243, 0.03161810291382517, 0.034097954122752634, 0.03905765654060756, 0.044637321760694355, 0.04959702417854929, 0.05765654060756355, 0.06509609423434594, 0.07005579665220087, 0.5003099814011159, 0.5108493490390577, 0.5201487910725356, 1.0]",4.0,2.0,2.0,2.0,2.0,1,11.878,8.0,-12.0,hrl_dqn_apf,hierarchical,dqn,20.942,9.592,-1.876,0.00,0.00,0.00,17.891,10.230,4.512,0.00,0.00,0.00,18.424,6.386,-6.855,0.00,0.00,0.00,3.000,3.000,3.000
2026-02-04 17:34:10,562.52,28,327,355,7.89%,152.27,1.74%,"[0, 5, 10, 15, 20, 25, 30, 35, 40, 45, 50, 55, 60, 65, 70, 75, 80, 85, 90, 95, 100]","[9, 4, 6, 6, 1, 2, 7, 8, 9, 3, 9, 9, 6, 14, 12, 7, 694, 17, 15, 775]","[0.005579665220086794, 0.008059516429014259, 0.011779293242405457, 0.015499070055796652, 0.016119032858028518, 0.01735895846249225, 0.02169869807811531, 0.026658400495970243, 0.032238065716057036, 0.034097954122752634, 0.03967761934283943, 0.04525728456292622, 0.048977061376317424, 0.05765654060756355, 0.06509609423434594, 0.069435833849969, 0.49969001859888407, 0.5102293862368258, 0.5195288282703038, 1.0]",4.0,2.0,2.0,2.0,2.0,1,11.878,8.0,-12.0,hrl_dqn_apf,hierarchical,dqn,21.098,9.703,-1.794,0.00,0.00,0.00,17.725,9.838,4.853,0.00,0.00,0.00,17.724,6.385,-6.856,0.00,0.00,0.00,3.000,3.000,3.000
2026-02-04 17:34:11,563.52,28,329,357,7.84%,152.39,1.74%,"[0, 5, 10, 15, 20, 25, 30, 35, 40, 45, 50, 55, 60, 65, 70, 75, 80, 85, 90, 95, 100]","[9, 3, 7, 6, 1, 2, 6, 8, 10, 2, 10, 9, 5, 14, 13, 7, 694, 17, 16, 774]","[0.005579665220086794, 0.007439553626782393, 0.011779293242405457, 0.015499070055796652, 0.016119032858028518, 0.01735895846249225, 0.021078735275883446, 0.026038437693738377, 0.032238065716057036, 0.03347799132052077, 0.03967761934283943, 0.04525728456292622, 0.04835709857408556, 0.05703657780533168, 0.06509609423434594, 0.069435833849969, 0.49969001859888407, 0.5102293862368258, 0.5201487910725356, 1.0]",4.0,2.0,2.0,2.0,2.0,15,5.717759999999998,8.0,6.0,hrl_dqn_apf,hierarchical,dqn,20.857,9.760,-1.522,0.00,0.00,0.00,17.671,9.431,4.962,0.00,0.00,0.00,16.981,6.382,-6.856,0.00,0.00,0.00,3.000,3.000,3.000
2026-02-04 17:34:12,564.52,27,330,357,7.56%,152.60,1.67%,"[0, 5, 10, 15, 20, 25, 30, 35, 40, 45, 50, 55, 60, 65, 70, 75, 80, 85, 90, 95, 100]","[7, 5, 4, 6, 3, 2, 5, 6, 14, 2, 10, 8, 6, 11, 15, 7, 694, 16, 19, 773]","[0.0043397396156230625, 0.007439553626782393, 0.009919404835709857, 0.013639181649101054, 0.015499070055796652, 0.016738995660260384, 0.019838809671419714, 0.023558586484810913, 0.032238065716057036, 0.03347799132052077, 0.03967761934283943, 0.044637321760694355, 0.04835709857408556, 0.05517668939863608, 0.06447613143211407, 0.06881587104773713, 0.4990700557966522, 0.5089894606323621, 0.5207687538747675, 1.0]",4.0,2.0,2.0,2.0,2.0,11,11.55783,8.0,0.0,hrl_dqn_apf,hierarchical,dqn,19.537,9.766,-1.397,0.00,0.00,0.00,16.904,9.418,5.002,0.00,0.00,0.00,16.132,6.468,-7.539,0.00,0.00,0.00,3.000,3.000,3.000
2026-02-04 17:34:13,565.52,28,335,363,7.71%,152.66,1.74%,"[0, 5, 10, 15, 20, 25, 30, 35, 40, 45, 50, 55, 60, 65, 70, 75, 80, 85, 90, 95, 100]","[8, 5, 4, 6, 3, 2, 4, 6, 14, 3, 8, 9, 7, 11, 14, 8, 694, 15, 18, 774]","[0.0049597024178549285, 0.008059516429014259, 0.010539367637941723, 0.01425914445133292, 0.016119032858028518, 0.01735895846249225, 0.019838809671419714, 0.023558586484810913, 0.032238065716057036, 0.034097954122752634, 0.03905765654060756, 0.044637321760694355, 0.048977061376317424, 0.05579665220086795, 0.06447613143211407, 0.069435833849969, 0.49969001859888407, 0.5089894606323621, 0.5201487910725356, 1.0]",4.0,2.0,2.0,2.0,2.0,11,11.55783,8.0,0.0,hrl_dqn_apf,hierarchical,dqn,18.792,9.763,-1.388,0.00,0.00,0.00,16.200,9.420,5.005,0.00,0.00,0.00,16.069,6.485,-8.225,0.00,0.00,0.00,3.000,3.000,3.000
2026-02-04 17:34:14,566.53,27,338,365,7.40%,152.78,1.67%,"[0, 5, 10, 15, 20, 25, 30, 35, 40, 45, 50, 55, 60, 65, 70, 75, 80, 85, 90, 95, 100]","[6, 6, 5, 6, 3, 1, 4, 6, 14, 4, 8, 8, 8, 11, 12, 10, 694, 15, 18, 774]","[0.0037197768133911966, 0.007439553626782393, 0.010539367637941723, 0.01425914445133292, 0.016119032858028518, 0.016738995660260384, 0.019218846869187848, 0.022938623682579044, 0.03161810291382517, 0.034097954122752634, 0.03905765654060756, 0.04401735895846249, 0.048977061376317424, 0.05579665220086795, 0.06323620582765034, 0.069435833849969, 0.49969001859888407, 0.5089894606323621, 0.5201487910725356, 1.0]",4.0,2.0,2.0,2.0,2.0,3,23.39759,8.0,-12.0,hrl_dqn_apf,hierarchical,dqn,18.034,9.763,-1.388,0.00,0.00,0.00,15.453,9.421,5.005,0.00,0.00,0.00,16.409,6.553,-8.617,0.00,0.00,0.00,3.000,3.000,3.000
2026-02-04 17:34:15,567.53,28,335,363,7.71%,152.83,1.74%,"[0, 5, 10, 15, 20, 25, 30, 35, 40, 45, 50, 55, 60, 65, 70, 75, 80, 85, 90, 95, 100]","[7, 5, 4, 7, 4, 1, 3, 7, 14, 4, 8, 7, 9, 10, 13, 9, 694, 14, 18, 775]","[0.0043397396156230625, 0.007439553626782393, 0.009919404835709857, 0.01425914445133292, 0.016738995660260384, 0.01735895846249225, 0.019218846869187848, 0.023558586484810913, 0.032238065716057036, 0.0347179169249845, 0.03967761934283943, 0.04401735895846249, 0.04959702417854929, 0.05579665220086795, 0.0638561686298822, 0.069435833849969, 0.49969001859888407, 0.5083694978301302, 0.5195288282703038, 1.0]",4.0,2.0,2.0,2.0,2.0,4,29.23718,8.0,-12.0,hrl_dqn_apf,hierarchical,dqn,17.560,9.838,-1.679,0.00,0.00,0.00,14.977,9.496,4.719,0.00,0.00,0.00,17.043,6.559,-8.743,0.00,0.00,0.00,3.000,3.000,3.000
2026-02-04 17:34:16,568.53,31,338,369,8.40%,152.97,1.92%,"[0, 5, 10, 15, 20, 25, 30, 35, 40, 45, 50, 55, 60, 65, 70, 75, 80, 85, 90, 95, 100]","[8, 7, 3, 6, 5, 2, 1, 7, 11, 7, 7, 8, 8, 11, 12, 11, 694, 14, 15, 776]","[0.0049597024178549285, 0.009299442033477991, 0.011159330440173589, 0.014879107253564786, 0.017978921264724116, 0.019218846869187848, 0.019838809671419714, 0.02417854928704278, 0.030998140111593304, 0.035337879727216366, 0.03967761934283943, 0.044637321760694355, 0.04959702417854929, 0.056416615003099815, 0.0638561686298822, 0.07067575945443273, 0.5009299442033478, 0.5096094234345939, 0.5189088654680719, 1.0]",4.0,2.0,2.0,2.0,2.0,4,29.23718,8.0,-12.0,hrl_dqn_apf,hierarchical,dqn,18.102,9.941,-2.289,0.00,0.00,0.00,14.771,9.523,3.727,0.00,0.00,0.00,18.522,6.553,-8.793,0.00,0.00,0.00,3.000,3.000,3.000
2026-02-04 17:34:17,569.53,31,338,369,8.40%,153.10,1.92%,"[0, 5, 10, 15, 20, 25, 30, 35, 40, 45, 50, 55, 60, 65, 70, 75, 80, 85, 90, 95, 100]","[9, 6, 4, 4, 5, 3, 2, 5, 12, 8, 7, 8, 8, 10, 10, 12, 694, 14, 15, 777]","[0.005579665220086794, 0.009299442033477991, 0.011779293242405457, 0.01425914445133292, 0.01735895846249225, 0.019218846869187848, 0.02045877247365158, 0.023558586484810913, 0.030998140111593304, 0.03595784252944823, 0.040297582145071294, 0.04525728456292622, 0.050216986980781156, 0.056416615003099815, 0.06261624302541847, 0.07005579665220087, 0.5003099814011159, 0.5089894606323621, 0.51828890266584, 1.0]",4.0,2.0,2.0,2.0,2.0,1,11.077169999999999,8.0,-12.0,hrl_dqn_apf,hierarchical,dqn,18.797,9.940,-2.341,0.00,0.00,0.00,14.756,9.524,3.080,0.00,0.00,0.00,19.269,6.567,-8.783,0.00,0.00,0.00,3.000,3.000,3.000
2026-02-04 17:34:18,570.54,33,336,369,8.94%,153.23,2.05%,"[0, 5, 10, 15, 20, 25, 30, 35, 40, 45, 50, 55, 60, 65, 70, 75, 80, 85, 90, 95, 100]","[10, 6, 5, 3, 6, 3, 2, 4, 11, 7, 8, 7, 9, 10, 10, 11, 695, 14, 15, 777]","[0.006199628022318661, 0.009919404835709857, 0.013019218846869188, 0.014879107253564786, 0.018598884066955982, 0.02045877247365158, 0.02169869807811531, 0.02417854928704278, 0.030998140111593304, 0.035337879727216366, 0.040297582145071294, 0.044637321760694355, 0.050216986980781156, 0.056416615003099815, 0.06261624302541847, 0.069435833849969, 0.5003099814011159, 0.5089894606323621, 0.51828890266584, 1.0]",4.0,2.0,2.0,2.0,2.0,7,16.91693,8.0,-6.0,hrl_dqn_apf,hierarchical,dqn,19.539,9.937,-2.357,0.00,0.00,0.00,14.751,9.522,2.317,0.00,0.00,0.00,19.676,6.633,-8.422,0.00,0.00,0.00,3.000,3.000,3.000
2026-02-04 17:34:19,571.54,33,336,369,8.94%,153.37,2.05%,"[0, 5, 10, 15, 20, 25, 30, 35, 40, 45, 50, 55, 60, 65, 70, 75, 80, 85, 90, 95, 100]","[12, 3, 5, 4, 6, 3, 2, 3, 11, 8, 8, 7, 8, 10, 11, 10, 696, 14, 15, 777]","[0.007439553626782393, 0.009299442033477991, 0.012399256044637322, 0.014879107253564786, 0.018598884066955982, 0.02045877247365158, 0.02169869807811531, 0.023558586484810913, 0.03037817730936144, 0.035337879727216366, 0.040297582145071294, 0.044637321760694355, 0.04959702417854929, 0.05579665220086795, 0.06261624302541847, 0.06881587104773713, 0.5003099814011159, 0.5089894606323621, 0.51828890266584, 1.0]",4.0,2.0,2.0,2.0,2.0,7,16.91693,8.0,-6.0,hrl_dqn_apf,hierarchical,dqn,20.314,9.934,-2.361,0.00,0.00,0.00,14.748,9.520,1.573,0.00,0.00,0.00,19.808,6.639,-7.763,0.00,0.00,0.00,3.000,3.000,3.000
2026-02-04 17:34:20,572.54,36,337,373,9.65%,153.63,2.23%,"[0, 5, 10, 15, 20, 25, 30, 35, 40, 45, 50, 55, 60, 65, 70, 75, 80, 85, 90, 95, 100]","[12, 5, 4, 4, 6, 5, 1, 2, 11, 7, 9, 6, 7, 12, 9, 11, 696, 14, 14, 778]","[0.007439553626782393, 0.010539367637941723, 0.013019218846869188, 0.015499070055796652, 0.019218846869187848, 0.022318660880347178, 0.022938623682579044, 0.02417854928704278, 0.030998140111593304, 0.035337879727216366, 0.04091754494730316, 0.044637321760694355, 0.048977061376317424, 0.056416615003099815, 0.06199628022318661, 0.06881587104773713, 0.5003099814011159, 0.5089894606323621, 0.5176689398636082, 1.0]",4.0,2.0,2.0,2.0,2.0,1,10.75655,8.0,-12.0,hrl_dqn_apf,hierarchical,dqn,21.104,9.775,-3.029,0.00,0.00,0.00,14.747,9.620,0.237,0.00,0.00,0.00,19.165,6.728,-6.958,0.00,0.00,0.00,3.000,3.000,3.000
2026-02-04 17:34:21,573.54,36,337,373,9.65%,153.81,2.23%,"[0, 5, 10, 15, 20, 25, 30, 35, 40, 45, 50, 55, 60, 65, 70, 75, 80, 85, 90, 95, 100]","[11, 6, 5, 2, 7, 5, 1, 1, 11, 6, 11, 6, 7, 11, 9, 10, 698, 14, 14, 778]","[0.006819590824550527, 0.010539367637941723, 0.013639181649101054, 0.014879107253564786, 0.019218846869187848, 0.022318660880347178, 0.022938623682579044, 0.023558586484810913, 0.03037817730936144, 0.034097954122752634, 0.04091754494730316, 0.044637321760694355, 0.048977061376317424, 0.05579665220086795, 0.06137631742095474, 0.0675759454432734, 0.5003099814011159, 0.5089894606323621, 0.5176689398636082, 1.0]",4.0,2.0,2.0,2.0,2.0,22,16.59657,8.0,12.0,hrl_dqn_apf,hierarchical,dqn,21.137,9.534,-3.241,0.00,0.00,0.00,14.746,9.693,0.464,0.00,0.00,0.00,19.122,6.765,-6.899,0.00,0.00,0.00,3.000,3.000,3.000
2026-02-04 17:34:22,574.54,34,340,374,9.09%,153.98,2.11%,"[0, 5, 10, 15, 20, 25, 30, 35, 40, 45, 50, 55, 60, 65, 70, 75, 80, 85, 90, 95, 100]","[11, 5, 5, 4, 4, 5, 2, 2, 10, 6, 12, 6, 7, 11, 9, 9, 698, 14, 14, 779]","[0.006819590824550527, 0.009919404835709857, 0.013019218846869188, 0.015499070055796652, 0.017978921264724116, 0.021078735275883446, 0.022318660880347178, 0.023558586484810913, 0.029758214507129573, 0.03347799132052077, 0.04091754494730316, 0.044637321760694355, 0.048977061376317424, 0.05579665220086795, 0.06137631742095474, 0.06695598264104154, 0.49969001859888407, 0.5083694978301302, 0.5170489770613763, 1.0]",4.0,2.0,2.0,2.0,2.0,22,16.59657,8.0,12.0,hrl_dqn_apf,hierarchical,dqn,20.738,9.577,-3.302,0.00,0.00,0.00,14.746,9.697,1.069,0.00,0.00,0.00,19.111,6.824,-6.881,0.00,0.00,0.00,3.000,3.000,3.000
2026-02-04 17:34:23,575.54,34,340,374,9.09%,154.15,2.11%,"[0, 5, 10, 15, 20, 25, 30, 35, 40, 45, 50, 55, 60, 65, 70, 75, 80, 85, 90, 95, 100]","[9, 7, 4, 5, 3, 6, 2, 2, 9, 6, 12, 7, 6, 12, 9, 8, 699, 14, 14, 779]","[0.005579665220086794, 0.009919404835709857, 0.012399256044637322, 0.015499070055796652, 0.01735895846249225, 0.021078735275883446, 0.022318660880347178, 0.023558586484810913, 0.029138251704897707, 0.0328580285182889, 0.040297582145071294, 0.044637321760694355, 0.04835709857408556, 0.05579665220086795, 0.06137631742095474, 0.06633601983880967, 0.49969001859888407, 0.5083694978301302, 0.5170489770613763, 1.0]",4.0,2.0,2.0,2.0,2.0,11,10.51642,8.0,0.0,hrl_dqn_apf,hierarchical,dqn,20.081,9.583,-3.321,0.00,0.00,0.00,14.747,9.695,1.789,0.00,0.00,0.00,19.120,6.882,-6.876,0.00,0.00,0.00,3.000,3.000,3.000
2026-02-04 17:34:24,576.55,33,345,378,8.73%,154.51,2.05%,"[0, 5, 10, 15, 20, 25, 30, 35, 40, 45, 50, 55, 60, 65, 70, 75, 80, 85, 90, 95, 100]","[9, 5, 5, 5, 3, 6, 3, 1, 9, 7, 12, 7, 5, 10, 11, 8, 697, 16, 15, 779]","[0.005579665220086794, 0.008679479231246125, 0.011779293242405457, 0.014879107253564786, 0.016738995660260384, 0.02045877247365158, 0.022318660880347178, 0.022938623682579044, 0.02851828890266584, 0.0328580285182889, 0.040297582145071294, 0.044637321760694355, 0.04773713577185369, 0.05393676379417235, 0.06075635461872288, 0.0657160570365778, 0.49783013019218847, 0.5077495350278983, 0.5170489770613763, 1.0]",4.0,2.0,2.0,2.0,2.0,18,22.35591,8.0,6.0,hrl_dqn_apf,hierarchical,dqn,19.335,9.669,-2.572,0.00,0.00,0.00,14.747,9.709,2.874,0.00,0.00,0.00,19.116,6.684,-7.414,0.00,0.00,0.00,3.000,3.000,3.000
2026-02-04 17:34:25,577.55,32,346,378,8.47%,154.69,1.98%,"[0, 5, 10, 15, 20, 25, 30, 35, 40, 45, 50, 55, 60, 65, 70, 75, 80, 85, 90, 95, 100]","[10, 4, 5, 4, 3, 6, 4, 1, 8, 7, 12, 8, 5, 10, 11, 8, 697, 16, 14, 780]","[0.006199628022318661, 0.008679479231246125, 0.011779293242405457, 0.01425914445133292, 0.016119032858028518, 0.019838809671419714, 0.022318660880347178, 0.022938623682579044, 0.027898326100433975, 0.032238065716057036, 0.03967761934283943, 0.044637321760694355, 0.04773713577185369, 0.05393676379417235, 0.06075635461872288, 0.0657160570365778, 0.49783013019218847, 0.5077495350278983, 0.5164290142591444, 1.0]",4.0,2.0,2.0,2.0,2.0,18,22.35591,8.0,6.0,hrl_dqn_apf,hierarchical,dqn,19.274,9.668,-1.866,0.00,0.00,0.00,14.747,9.755,3.500,0.00,0.00,0.00,18.901,6.749,-7.667,0.00,0.00,0.00,3.000,3.000,3.000
2026-02-04 17:34:26,578.55,32,346,378,8.47%,154.87,1.98%,"[0, 5, 10, 15, 20, 25, 30, 35, 40, 45, 50, 55, 60, 65, 70, 75, 80, 85, 90, 95, 100]","[10, 3, 5, 5, 2, 7, 4, 1, 7, 7, 12, 9, 4, 11, 11, 6, 698, 17, 14, 780]","[0.006199628022318661, 0.008059516429014259, 0.011159330440173589, 0.01425914445133292, 0.015499070055796652, 0.019838809671419714, 0.022318660880347178, 0.022938623682579044, 0.02727836329820211, 0.03161810291382517, 0.03905765654060756, 0.044637321760694355, 0.047117172969621826, 0.05393676379417235, 0.06075635461872288, 0.06447613143211407, 0.4972101673899566, 0.5077495350278983, 0.5164290142591444, 1.0]",4.0,2.0,2.0,2.0,2.0,7,16.19601,8.0,-6.0,hrl_dqn_apf,hierarchical,dqn,19.255,9.665,-1.117,0.00,0.00,0.00,14.748,9.865,3.434,0.00,0.00,0.00,18.468,6.773,-7.954,0.00,0.00,0.00,3.000,3.000,3.000
2026-02-04 17:34:27,579.55,31,351,382,8.12%,155.04,1.92%,"[0, 5, 10, 15, 20, 25, 30, 35, 40, 45, 50, 55, 60, 65, 70, 75, 80, 85, 90, 95, 100]","[11, 4, 4, 4, 2, 6, 4, 1, 8, 6, 11, 11, 4, 11, 10, 7, 697, 17, 14, 781]","[0.006819590824550527, 0.009299442033477991, 0.011779293242405457, 0.01425914445133292, 0.015499070055796652, 0.019218846869187848, 0.02169869807811531, 0.022318660880347178, 0.02727836329820211, 0.030998140111593304, 0.03781773093614383, 0.044637321760694355, 0.047117172969621826, 0.05393676379417235, 0.06013639181649101, 0.06447613143211407, 0.49659020458772474, 0.5071295722256665, 0.5158090514569126, 1.0]",4.0,2.0,2.0,2.0,2.0,11,10.03592,8.0,0.0,hrl_dqn_apf,hierarchical,dqn,19.248,9.662,-0.358,0.00,0.00,0.00,14.748,9.876,2.879,0.00,0.00,0.00,17.921,6.789,-8.214,0.00,0.00,0.00,3.000,3.000,3.000
2026-02-04 17:34:28,580.56,28,354,382,7.33%,155.38,1.74%,"[0, 5, 10, 15, 20, 25, 30, 35, 40, 45, 50, 55, 60, 65, 70, 75, 80, 85, 90, 95, 100]","[10, 4, 3, 4, 4, 3, 6, 2, 8, 5, 11, 11, 5, 9, 11, 7, 696, 18, 15, 781]","[0.006199628022318661, 0.008679479231246125, 0.010539367637941723, 0.013019218846869188, 0.015499070055796652, 0.01735895846249225, 0.021078735275883446, 0.022318660880347178, 0.02727836329820211, 0.03037817730936144, 0.037197768133911964, 0.04401735895846249, 0.047117172969621826, 0.05269683818970862, 0.059516429014259145, 0.0638561686298822, 0.495350278983261, 0.5065096094234346, 0.5158090514569126, 1.0]",4.0,2.0,2.0,2.0,2.0,11,10.03592,8.0,0.0,hrl_dqn_apf,hierarchical,dqn,19.245,9.656,1.164,0.00,0.00,0.00,14.747,9.870,1.429,0.00,0.00,0.00,17.158,6.895,-7.806,0.00,0.00,0.00,3.000,3.000,3.000
2026-02-04 17:34:29,581.56,29,357,386,7.51%,155.46,1.80%,"[0, 5, 10, 15, 20, 25, 30, 35, 40, 45, 50, 55, 60, 65, 70, 75, 80, 85, 90, 95, 100]","[10, 4, 4, 3, 4, 4, 6, 3, 7, 5, 12, 11, 5, 8, 11, 8, 696, 16, 16, 780]","[0.006199628022318661, 0.008679479231246125, 0.011159330440173589, 0.013019218846869188, 0.015499070055796652, 0.017978921264724116, 0.02169869807811531, 0.023558586484810913, 0.027898326100433975, 0.030998140111593304, 0.038437693738375696, 0.04525728456292622, 0.04835709857408556, 0.053316800991940486, 0.06013639181649101, 0.06509609423434594, 0.49659020458772474, 0.5065096094234346, 0.5164290142591444, 1.0]",4.0,2.0,2.0,2.0,2.0,23,21.87543,8.0,12.0,hrl_dqn_apf,hierarchical,dqn,19.275,9.676,1.893,0.00,0.00,0.00,14.718,9.903,0.703,0.00,0.00,0.00,17.092,6.903,-7.225,0.00,0.00,0.00,3.000,3.000,3.000
2026-02-04 17:34:30,582.56,28,360,388,7.22%,155.57,1.74%,"[0, 5, 10, 15, 20, 25, 30, 35, 40, 45, 50, 55, 60, 65, 70, 75, 80, 85, 90, 95, 100]","[11, 4, 3, 4, 3, 3, 7, 4, 7, 4, 12, 11, 6, 8, 10, 8, 695, 17, 16, 780]","[0.006819590824550527, 0.009299442033477991, 0.011159330440173589, 0.013639181649101054, 0.015499070055796652, 0.01735895846249225, 0.02169869807811531, 0.02417854928704278, 0.02851828890266584, 0.030998140111593304, 0.038437693738375696, 0.04525728456292622, 0.048977061376317424, 0.05393676379417235, 0.06013639181649101, 0.06509609423434594, 0.49597024178549287, 0.5065096094234346, 0.5164290142591444, 1.0]",4.0,2.0,2.0,2.0,2.0,1,9.7155,8.0,-12.0,hrl_dqn_apf,hierarchical,dqn,19.684,9.715,2.231,0.00,0.00,0.00,14.314,9.982,0.362,0.00,0.00,0.00,17.072,6.901,-6.512,0.00,0.00,0.00,3.000,3.000,3.000
2026-02-04 17:34:31,583.56,28,360,388,7.22%,155.64,1.74%,"[0, 5, 10, 15, 20, 25, 30, 35, 40, 45, 50, 55, 60, 65, 70, 75, 80, 85, 90, 95, 100]","[10, 5, 3, 5, 3, 2, 8, 3, 7, 4, 11, 12, 6, 7, 11, 9, 693, 17, 18, 779]","[0.006199628022318661, 0.009299442033477991, 0.011159330440173589, 0.01425914445133292, 0.016119032858028518, 0.01735895846249225, 0.022318660880347178, 0.02417854928704278, 0.02851828890266584, 0.030998140111593304, 0.03781773093614383, 0.04525728456292622, 0.048977061376317424, 0.053316800991940486, 0.06013639181649101, 0.0657160570365778, 0.495350278983261, 0.5058896466212027, 0.5170489770613763, 1.0]",4.0,2.0,2.0,2.0,2.0,1,9.7155,8.0,-12.0,hrl_dqn_apf,hierarchical,dqn,20.331,9.695,2.398,0.00,0.00,0.00,13.668,10.001,0.196,0.00,0.00,0.00,17.065,6.898,-5.766,0.00,0.00,0.00,3.000,3.000,3.000
2026-02-04 17:34:32,584.56,30,358,388,7.73%,155.72,1.86%,"[0, 5, 10, 15, 20, 25, 30, 35, 40, 45, 50, 55, 60, 65, 70, 75, 80, 85, 90, 95, 100]","[9, 6, 4, 4, 4, 3, 5, 5, 7, 3, 11, 10, 9, 7, 9, 9, 694, 14, 20, 780]","[0.005579665220086794, 0.009299442033477991, 0.011779293242405457, 0.01425914445133292, 0.016738995660260384, 0.018598884066955982, 0.02169869807811531, 0.024798512089274645, 0.029138251704897707, 0.030998140111593304, 0.03781773093614383, 0.04401735895846249, 0.04959702417854929, 0.05393676379417235, 0.059516429014259145, 0.06509609423434594, 0.495350278983261, 0.5040297582145071, 0.5164290142591444, 1.0]",4.0,2.0,2.0,2.0,2.0,9,27.55528,8.0,-6.0,hrl_dqn_apf,hierarchical,dqn,21.061,9.754,3.338,0.00,0.00,0.00,12.920,9.832,-0.651,0.00,0.00,0.00,17.750,6.988,-4.918,0.00,0.00,0.00,3.000,3.000,3.000
2026-02-04 17:34:33,585.57,31,363,394,7.87%,155.81,1.92%,"[0, 5, 10, 15, 20, 25, 30, 35, 40, 45, 50, 55, 60, 65, 70, 75, 80, 85, 90, 95, 100]","[7, 8, 4, 3, 5, 4, 3, 7, 7, 3, 10, 10, 9, 8, 8, 9, 694, 15, 19, 780]","[0.0043397396156230625, 0.009299442033477991, 0.011779293242405457, 0.013639181649101054, 0.016738995660260384, 0.019218846869187848, 0.021078735275883446, 0.02541847489150651, 0.029758214507129573, 0.03161810291382517, 0.03781773093614383, 0.04401735895846249, 0.04959702417854929, 0.05455672659640422, 0.059516429014259145, 0.06509609423434594, 0.495350278983261, 0.504649721016739, 0.5164290142591444, 1.0]",4.0,2.0,2.0,2.0,2.0,2,15.39493,8.0,-12.0,hrl_dqn_apf,hierarchical,dqn,21.120,9.806,3.998,0.00,0.00,0.00,12.854,9.570,-0.916,0.00,0.00,0.00,18.451,6.988,-4.847,0.00,0.00,0.00,3.000,3.000,3.000
2026-02-04 17:34:34,586.57,30,360,390,7.69%,155.90,1.86%,"[0, 5, 10, 15, 20, 25, 30, 35, 40, 45, 50, 55, 60, 65, 70, 75, 80, 85, 90, 95, 100]","[7, 8, 4, 4, 3, 4, 4, 7, 8, 2, 11, 10, 9, 8, 8, 8, 695, 15, 17, 781]","[0.0043397396156230625, 0.009299442033477991, 0.011779293242405457, 0.01425914445133292, 0.016119032858028518, 0.018598884066955982, 0.021078735275883446, 0.02541847489150651, 0.03037817730936144, 0.03161810291382517, 0.038437693738375696, 0.044637321760694355, 0.050216986980781156, 0.05517668939863608, 0.06013639181649101, 0.06509609423434594, 0.49597024178549287, 0.5052696838189709, 0.5158090514569126, 1.0]",4.0,2.0,2.0,2.0,2.0,2,15.39493,8.0,-12.0,hrl_dqn_apf,hierarchical,dqn,21.138,9.918,3.925,0.00,0.00,0.00,12.839,9.600,-1.403,0.00,0.00,0.00,19.214,6.985,-4.824,0.00,0.00,0.00,3.000,3.000,3.000
2026-02-04 17:34:35,587.57,30,360,390,7.69%,156.02,1.86%,"[0, 5, 10, 15, 20, 25, 30, 35, 40, 45, 50, 55, 60, 65, 70, 75, 80, 85, 90, 95, 100]","[7, 9, 4, 3, 4, 3, 3, 7, 9, 2, 9, 12, 9, 9, 7, 9, 695, 14, 18, 780]","[0.0043397396156230625, 0.009919404835709857, 0.012399256044637322, 0.01425914445133292, 0.016738995660260384, 0.018598884066955982, 0.02045877247365158, 0.024798512089274645, 0.03037817730936144, 0.03161810291382517, 0.037197768133911964, 0.044637321760694355, 0.050216986980781156, 0.05579665220086795, 0.06013639181649101, 0.0657160570365778, 0.49659020458772474, 0.5052696838189709, 0.5164290142591444, 1.0]",4.0,2.0,2.0,2.0,2.0,13,21.23561,8.0,0.0,hrl_dqn_apf,hierarchical,dqn,21.143,9.928,3.367,0.00,0.00,0.00,13.136,9.665,-1.786,0.00,0.00,0.00,19.970,6.982,-4.817,0.00,0.00,0.00,3.000,3.000,3.000
2026-02-04 17:34:36,588.57,31,360,391,7.93%,156.25,1.92%,"[0, 5, 10, 15, 20, 25, 30, 35, 40, 45, 50, 55, 60, 65, 70, 75, 80, 85, 90, 95, 100]","[6, 9, 5, 3, 4, 4, 3, 7, 10, 2, 8, 10, 7, 12, 6, 9, 695, 13, 17, 783]","[0.0037197768133911966, 0.009299442033477991, 0.012399256044637322, 0.01425914445133292, 0.016738995660260384, 0.019218846869187848, 0.021078735275883446, 0.02541847489150651, 0.03161810291382517, 0.0328580285182889, 0.03781773093614383, 0.04401735895846249, 0.04835709857408556, 0.05579665220086795, 0.059516429014259145, 0.06509609423434594, 0.49597024178549287, 0.5040297582145071, 0.5145691258524488, 1.0]",4.0,2.0,2.0,2.0,2.0,11,9.07432,8.0,0.0,hrl_dqn_apf,hierarchical,dqn,21.146,9.922,1.912,0.00,0.00,0.00,14.481,9.673,-1.954,0.00,0.00,0.00,21.351,7.069,-4.813,0.00,0.00,0.00,3.000,3.000,3.000
2026-02-04 17:34:37,589.57,31,360,391,7.93%,156.34,1.92%,"[0, 5, 10, 15, 20, 25, 30, 35, 40, 45, 50, 55, 60, 65, 70, 75, 80, 85, 90, 95, 100]","[6, 7, 6, 4, 4, 4, 4, 5, 11, 3, 7, 10, 7, 13, 6, 7, 696, 13, 16, 784]","[0.0037197768133911966, 0.008059516429014259, 0.011779293242405457, 0.01425914445133292, 0.016738995660260384, 0.019218846869187848, 0.02169869807811531, 0.024798512089274645, 0.03161810291382517, 0.03347799132052077, 0.03781773093614383, 0.04401735895846249, 0.04835709857408556, 0.056416615003099815, 0.06013639181649101, 0.06447613143211407, 0.49597024178549287, 0.5040297582145071, 0.513949163050217, 1.0]",4.0,2.0,2.0,2.0,2.0,11,9.07432,8.0,0.0,hrl_dqn_apf,hierarchical,dqn,21.146,9.981,1.228,0.00,0.00,0.00,15.231,9.670,-1.966,0.00,0.00,0.00,21.170,7.153,-4.813,0.00,0.00,0.00,3.000,3.000,3.000
2026-02-04 17:34:38,590.58,30,363,393,7.63%,156.47,1.86%,"[0, 5, 10, 15, 20, 25, 30, 35, 40, 45, 50, 55, 60, 65, 70, 75, 80, 85, 90, 95, 100]","[6, 6, 7, 4, 3, 4, 5, 3, 13, 3, 7, 9, 7, 13, 7, 7, 695, 14, 16, 784]","[0.0037197768133911966, 0.007439553626782393, 0.011779293242405457, 0.01425914445133292, 0.016119032858028518, 0.018598884066955982, 0.02169869807811531, 0.023558586484810913, 0.03161810291382517, 0.03347799132052077, 0.03781773093614383, 0.04339739615623062, 0.04773713577185369, 0.05579665220086795, 0.06013639181649101, 0.06447613143211407, 0.495350278983261, 0.5040297582145071, 0.513949163050217, 1.0]",4.0,2.0,2.0,2.0,2.0,23,20.993969999999997,8.0,12.0,hrl_dqn_apf,hierarchical,dqn,21.146,10.092,1.301,0.00,0.00,0.00,15.991,9.667,-1.971,0.00,0.00,0.00,20.577,7.159,-4.813,0.00,0.00,0.00,3.000,3.000,3.000
2026-02-04 17:34:39,591.58,30,365,395,7.59%,156.58,1.86%,"[0, 5, 10, 15, 20, 25, 30, 35, 40, 45, 50, 55, 60, 65, 70, 75, 80, 85, 90, 95, 100]","[6, 5, 8, 5, 3, 3, 4, 4, 13, 3, 7, 9, 7, 13, 7, 7, 694, 14, 17, 784]","[0.0037197768133911966, 0.006819590824550527, 0.011779293242405457, 0.014879107253564786, 0.016738995660260384, 0.018598884066955982, 0.021078735275883446, 0.023558586484810913, 0.03161810291382517, 0.03347799132052077, 0.03781773093614383, 0.04339739615623062, 0.04773713577185369, 0.05579665220086795, 0.06013639181649101, 0.06447613143211407, 0.49473031618102914, 0.5034097954122753, 0.513949163050217, 1.0]",4.0,2.0,2.0,2.0,2.0,15,2.8339499999999997,8.0,6.0,hrl_dqn_apf,hierarchical,dqn,21.146,10.102,1.856,0.00,0.00,0.00,16.751,9.664,-1.972,0.00,0.00,0.00,19.863,7.157,-4.813,0.00,0.00,0.00,3.000,3.000,3.000
2026-02-04 17:34:40,592.58,30,367,397,7.56%,156.84,1.86%,"[0, 5, 10, 15, 20, 25, 30, 35, 40, 45, 50, 55, 60, 65, 70, 75, 80, 85, 90, 95, 100]","[5, 4, 9, 5, 3, 4, 3, 3, 13, 5, 7, 7, 8, 11, 10, 5, 695, 15, 15, 786]","[0.0030998140111593306, 0.005579665220086794, 0.011159330440173589, 0.01425914445133292, 0.016119032858028518, 0.018598884066955982, 0.02045877247365158, 0.022318660880347178, 0.03037817730936144, 0.03347799132052077, 0.03781773093614383, 0.04215747055176689, 0.047117172969621826, 0.05393676379417235, 0.06013639181649101, 0.06323620582765034, 0.4941103533787973, 0.5034097954122753, 0.5127092374457533, 1.0]",4.0,2.0,2.0,2.0,2.0,15,2.8339499999999997,8.0,6.0,hrl_dqn_apf,hierarchical,dqn,21.146,9.625,2.659,0.00,0.00,0.00,16.791,10.004,-1.896,0.00,0.00,0.00,18.460,7.091,-4.869,0.00,0.00,0.00,3.000,3.000,3.000
2026-02-04 17:34:41,593.58,29,372,401,7.23%,156.97,1.80%,"[0, 5, 10, 15, 20, 25, 30, 35, 40, 45, 50, 55, 60, 65, 70, 75, 80, 85, 90, 95, 100]","[6, 2, 9, 5, 3, 4, 4, 2, 14, 5, 7, 6, 8, 10, 12, 5, 695, 14, 15, 787]","[0.0037197768133911966, 0.0049597024178549285, 0.010539367637941723, 0.013639181649101054, 0.015499070055796652, 0.017978921264724116, 0.02045877247365158, 0.02169869807811531, 0.03037817730936144, 0.03347799132052077, 0.03781773093614383, 0.041537507749535026, 0.04649721016738995, 0.05269683818970862, 0.06013639181649101, 0.06323620582765034, 0.4941103533787973, 0.5027898326100434, 0.5120892746435214, 1.0]",4.0,2.0,2.0,2.0,2.0,0,2.6734600000000004,8.0,-12.0,hrl_dqn_apf,hierarchical,dqn,21.146,9.643,3.220,0.00,0.00,0.00,16.344,10.270,-1.481,0.00,0.00,0.00,18.425,6.902,-5.258,0.00,0.00,0.00,3.000,3.000,3.000
2026-02-04 17:34:42,594.58,29,370,399,7.27%,157.09,1.80%,"[0, 5, 10, 15, 20, 25, 30, 35, 40, 45, 50, 55, 60, 65, 70, 75, 80, 85, 90, 95, 100]","[7, 1, 7, 6, 5, 3, 4, 4, 10, 7, 8, 6, 8, 9, 13, 5, 694, 15, 14, 787]","[0.0043397396156230625, 0.0049597024178549285, 0.009299442033477991, 0.013019218846869188, 0.016119032858028518, 0.017978921264724116, 0.02045877247365158, 0.022938623682579044, 0.029138251704897707, 0.03347799132052077, 0.038437693738375696, 0.04215747055176689, 0.047117172969621826, 0.05269683818970862, 0.06075635461872288, 0.0638561686298822, 0.4941103533787973, 0.5034097954122753, 0.5120892746435214, 1.0]",4.0,2.0,2.0,2.0,2.0,0,2.6734600000000004,8.0,-12.0,hrl_dqn_apf,hierarchical,dqn,21.142,9.649,3.919,0.00,0.00,0.00,15.933,10.480,-0.895,0.00,0.00,0.00,18.698,6.654,-5.795,0.00,0.00,0.00,3.000,3.000,3.000
2026-02-04 17:34:43,595.59,30,371,401,7.48%,157.23,1.86%,"[0, 5, 10, 15, 20, 25, 30, 35, 40, 45, 50, 55, 60, 65, 70, 75, 80, 85, 90, 95, 100]","[10, 1, 7, 6, 3, 3, 4, 4, 9, 7, 8, 6, 7, 9, 13, 6, 694, 15, 14, 787]","[0.006199628022318661, 0.006819590824550527, 0.011159330440173589, 0.014879107253564786, 0.016738995660260384, 0.018598884066955982, 0.021078735275883446, 0.023558586484810913, 0.029138251704897707, 0.03347799132052077, 0.038437693738375696, 0.04215747055176689, 0.04649721016738995, 0.052076875387476754, 0.06013639181649101, 0.0638561686298822, 0.4941103533787973, 0.5034097954122753, 0.5120892746435214, 1.0]",4.0,2.0,2.0,2.0,2.0,12,14.5132,8.0,0.0,hrl_dqn_apf,hierarchical,dqn,20.831,9.721,4.362,0.00,0.00,0.00,15.675,10.080,-0.493,0.00,0.00,0.00,18.852,6.767,-5.897,0.00,0.00,0.00,3.000,3.000,3.000
2026-02-04 17:34:44,596.59,30,375,405,7.41%,157.60,1.86%,"[0, 5, 10, 15, 20, 25, 30, 35, 40, 45, 50, 55, 60, 65, 70, 75, 80, 85, 90, 95, 100]","[9, 3, 4, 8, 3, 3, 4, 3, 9, 7, 9, 6, 6, 10, 13, 6, 693, 13, 16, 788]","[0.005579665220086794, 0.007439553626782393, 0.009919404835709857, 0.014879107253564786, 0.016738995660260384, 0.018598884066955982, 0.021078735275883446, 0.022938623682579044, 0.02851828890266584, 0.0328580285182889, 0.038437693738375696, 0.04215747055176689, 0.04587724736515809, 0.052076875387476754, 0.06013639181649101, 0.0638561686298822, 0.4934903905765654, 0.5015499070055797, 0.5114693118412895, 1.0]",4.0,2.0,2.0,2.0,2.0,12,14.35321,8.0,0.0,hrl_dqn_apf,hierarchical,dqn,19.483,9.729,4.550,0.00,0.00,0.00,15.465,9.529,-0.321,0.00,0.00,0.00,18.036,6.826,-5.502,0.00,0.00,0.00,3.000,3.000,3.000
2026-02-04 17:34:45,597.59,31,374,405,7.65%,157.75,1.92%,"[0, 5, 10, 15, 20, 25, 30, 35, 40, 45, 50, 55, 60, 65, 70, 75, 80, 85, 90, 95, 100]","[8, 4, 2, 10, 3, 4, 3, 3, 8, 7, 10, 6, 5, 10, 11, 9, 693, 13, 16, 788]","[0.0049597024178549285, 0.007439553626782393, 0.008679479231246125, 0.014879107253564786, 0.016738995660260384, 0.019218846869187848, 0.021078735275883446, 0.022938623682579044, 0.027898326100433975, 0.032238065716057036, 0.038437693738375696, 0.04215747055176689, 0.04525728456292622, 0.05145691258524489, 0.05827650340979541, 0.0638561686298822, 0.4934903905765654, 0.5015499070055797, 0.5114693118412895, 1.0]",4.0,2.0,2.0,2.0,2.0,12,14.35321,8.0,0.0,hrl_dqn_apf,hierarchical,dqn,18.733,9.726,4.564,0.00,0.00,0.00,14.954,9.555,-0.309,0.00,0.00,0.00,17.361,6.842,-5.414,0.00,0.00,0.00,3.000,3.000,3.000
2026-02-04 17:34:46,598.59,30,375,405,7.41%,157.86,1.86%,"[0, 5, 10, 15, 20, 25, 30, 35, 40, 45, 50, 55, 60, 65, 70, 75, 80, 85, 90, 95, 100]","[10, 3, 1, 9, 4, 3, 3, 4, 7, 8, 10, 6, 4, 10, 10, 11, 692, 13, 17, 788]","[0.006199628022318661, 0.008059516429014259, 0.008679479231246125, 0.01425914445133292, 0.016738995660260384, 0.018598884066955982, 0.02045877247365158, 0.022938623682579044, 0.02727836329820211, 0.032238065716057036, 0.038437693738375696, 0.04215747055176689, 0.044637321760694355, 0.05083694978301302, 0.05703657780533168, 0.0638561686298822, 0.49287042777433354, 0.5009299442033478, 0.5114693118412895, 1.0]",4.0,2.0,2.0,2.0,2.0,18,20.19306,8.0,6.0,hrl_dqn_apf,hierarchical,dqn,17.981,9.733,4.568,0.00,0.00,0.00,14.261,9.558,-0.305,0.00,0.00,0.00,16.985,6.898,-5.016,0.00,0.00,0.00,3.000,3.000,3.000
2026-02-04 17:34:47,599.59,30,377,407,7.37%,158.01,1.86%,"[0, 5, 10, 15, 20, 25, 30, 35, 40, 45, 50, 55, 60, 65, 70, 75, 80, 85, 90, 95, 100]","[9, 4, 1, 7, 6, 3, 3, 4, 7, 7, 11, 6, 4, 10, 8, 13, 692, 13, 16, 789]","[0.005579665220086794, 0.008059516429014259, 0.008679479231246125, 0.013019218846869188, 0.016738995660260384, 0.018598884066955982, 0.02045877247365158, 0.022938623682579044, 0.02727836329820211, 0.03161810291382517, 0.038437693738375696, 0.04215747055176689, 0.044637321760694355, 0.05083694978301302, 0.05579665220086795, 0.0638561686298822, 0.49287042777433354, 0.5009299442033478, 0.5108493490390577, 1.0]",4.0,2.0,2.0,2.0,2.0,14,26.03257,8.0,0.0,hrl_dqn_apf,hierarchical,dqn,17.837,9.884,4.569,0.00,0.00,0.00,13.520,9.557,-0.304,0.00,0.00,0.00,16.865,6.903,-4.363,0.00,0.00,0.00,3.000,3.000,3.000
2026-02-04 17:34:48,600.60,31,376,407,7.62%,158.24,1.92%,"[0, 5, 10, 15, 20, 25, 30, 35, 40, 45, 50, 55, 60, 65, 70, 75, 80, 85, 90, 95, 100]","[9, 6, 1, 4, 8, 3, 3, 3, 9, 4, 13, 6, 5, 9, 8, 12, 694, 12, 16, 788]","[0.005579665220086794, 0.009299442033477991, 0.009919404835709857, 0.012399256044637322, 0.01735895846249225, 0.019218846869187848, 0.021078735275883446, 0.022938623682579044, 0.02851828890266584, 0.030998140111593304, 0.03905765654060756, 0.04277743335399876, 0.04587724736515809, 0.05145691258524489, 0.056416615003099815, 0.0638561686298822, 0.4941103533787973, 0.5015499070055797, 0.5114693118412895, 1.0]",4.0,2.0,2.0,2.0,2.0,14,26.03257,8.0,0.0,hrl_dqn_apf,hierarchical,dqn,19.016,9.903,4.570,0.00,0.00,0.00,12.844,9.702,0.373,0.00,0.00,0.00,16.815,6.898,-2.857,0.00,0.00,0.00,3.000,3.000,3.000
2026-02-04 17:34:49,601.60,30,377,407,7.37%,158.35,1.86%,"[0, 5, 10, 15, 20, 25, 30, 35, 40, 45, 50, 55, 60, 65, 70, 75, 80, 85, 90, 95, 100]","[8, 5, 3, 3, 8, 3, 4, 2, 9, 5, 12, 7, 5, 9, 9, 12, 694, 11, 15, 789]","[0.0049597024178549285, 0.008059516429014259, 0.009919404835709857, 0.011779293242405457, 0.016738995660260384, 0.018598884066955982, 0.021078735275883446, 0.022318660880347178, 0.027898326100433975, 0.030998140111593304, 0.038437693738375696, 0.04277743335399876, 0.04587724736515809, 0.05145691258524489, 0.05703657780533168, 0.06447613143211407, 0.49473031618102914, 0.5015499070055797, 0.5108493490390577, 1.0]",4.0,2.0,2.0,2.0,2.0,8,19.87263,8.0,-6.0,hrl_dqn_apf,hierarchical,dqn,19.755,9.900,4.570,0.00,0.00,0.00,13.292,9.737,0.585,0.00,0.00,0.00,16.811,6.895,-2.099,0.00,0.00,0.00,3.000,3.000,3.000
2026-02-04 17:34:50,602.60,31,377,408,7.60%,158.45,1.92%,"[0, 5, 10, 15, 20, 25, 30, 35, 40, 45, 50, 55, 60, 65, 70, 75, 80, 85, 90, 95, 100]","[7, 6, 3, 2, 10, 3, 3, 3, 9, 4, 12, 8, 6, 7, 9, 10, 697, 11, 15, 788]","[0.0043397396156230625, 0.008059516429014259, 0.009919404835709857, 0.011159330440173589, 0.01735895846249225, 0.019218846869187848, 0.021078735275883446, 0.022938623682579044, 0.02851828890266584, 0.030998140111593304, 0.038437693738375696, 0.04339739615623062, 0.047117172969621826, 0.05145691258524489, 0.05703657780533168, 0.06323620582765034, 0.495350278983261, 0.5021698698078115, 0.5114693118412895, 1.0]",4.0,2.0,2.0,2.0,2.0,22,13.71239,8.0,12.0,hrl_dqn_apf,hierarchical,dqn,20.513,9.897,4.570,0.00,0.00,0.00,13.962,9.743,0.647,0.00,0.00,0.00,16.810,6.891,-1.336,0.00,0.00,0.00,3.000,3.000,3.000
2026-02-04 17:34:51,603.60,31,377,408,7.60%,158.59,1.92%,"[0, 5, 10, 15, 20, 25, 30, 35, 40, 45, 50, 55, 60, 65, 70, 75, 80, 85, 90, 95, 100]","[8, 6, 3, 2, 8, 4, 3, 4, 9, 3, 13, 9, 5, 7, 8, 9, 698, 10, 15, 789]","[0.0049597024178549285, 0.008679479231246125, 0.010539367637941723, 0.011779293242405457, 0.016738995660260384, 0.019218846869187848, 0.021078735275883446, 0.023558586484810913, 0.029138251704897707, 0.030998140111593304, 0.03905765654060756, 0.044637321760694355, 0.04773713577185369, 0.052076875387476754, 0.05703657780533168, 0.06261624302541847, 0.495350278983261, 0.5015499070055797, 0.5108493490390577, 1.0]",4.0,2.0,2.0,2.0,2.0,22,13.71239,8.0,12.0,hrl_dqn_apf,hierarchical,dqn,21.271,9.894,4.570,0.00,0.00,0.00,14.392,9.816,0.355,0.00,0.00,0.00,16.809,6.888,-0.576,0.00,0.00,0.00,3.000,3.000,3.000
2026-02-04 17:34:52,604.61,31,379,410,7.56%,158.85,1.92%,"[0, 5, 10, 15, 20, 25, 30, 35, 40, 45, 50, 55, 60, 65, 70, 75, 80, 85, 90, 95, 100]","[10, 4, 4, 2, 5, 6, 3, 4, 9, 5, 11, 9, 5, 7, 9, 7, 698, 12, 14, 789]","[0.006199628022318661, 0.008679479231246125, 0.011159330440173589, 0.012399256044637322, 0.015499070055796652, 0.019218846869187848, 0.021078735275883446, 0.023558586484810913, 0.029138251704897707, 0.032238065716057036, 0.03905765654060756, 0.044637321760694355, 0.04773713577185369, 0.052076875387476754, 0.05765654060756355, 0.06199628022318661, 0.49473031618102914, 0.5021698698078115, 0.5108493490390577, 1.0]",4.0,2.0,2.0,2.0,2.0,13,19.55197,8.0,0.0,hrl_dqn_apf,hierarchical,dqn,22.032,9.982,3.792,0.00,0.00,0.00,13.905,10.473,0.160,0.00,0.00,0.00,17.471,6.442,0.024,0.00,0.00,0.00,3.000,3.000,3.000
2026-02-04 17:34:53,605.61,32,378,410,7.80%,159.02,1.98%,"[0, 5, 10, 15, 20, 25, 30, 35, 40, 45, 50, 55, 60, 65, 70, 75, 80, 85, 90, 95, 100]","[10, 4, 5, 2, 3, 8, 3, 3, 9, 5, 9, 11, 5, 8, 8, 7, 697, 13, 14, 789]","[0.006199628022318661, 0.008679479231246125, 0.011779293242405457, 0.013019218846869188, 0.014879107253564786, 0.019838809671419714, 0.02169869807811531, 0.023558586484810913, 0.029138251704897707, 0.032238065716057036, 0.03781773093614383, 0.044637321760694355, 0.04773713577185369, 0.05269683818970862, 0.05765654060756355, 0.06199628022318661, 0.4941103533787973, 0.5021698698078115, 0.5108493490390577, 1.0]",4.0,2.0,2.0,2.0,2.0,18,19.39197,8.0,6.0,hrl_dqn_apf,hierarchical,dqn,22.093,9.980,3.080,0.00,0.00,0.00,13.267,10.556,0.251,0.00,0.00,0.00,18.137,6.229,0.021,0.00,0.00,0.00,3.000,3.000,3.000
2026-02-04 17:34:54,606.61,32,376,408,7.84%,159.17,1.98%,"[0, 5, 10, 15, 20, 25, 30, 35, 40, 45, 50, 55, 60, 65, 70, 75, 80, 85, 90, 95, 100]","[10, 5, 3, 4, 2, 8, 3, 4, 8, 5, 10, 11, 5, 7, 8, 7, 696, 14, 14, 789]","[0.006199628022318661, 0.009299442033477991, 0.011159330440173589, 0.013639181649101054, 0.014879107253564786, 0.019838809671419714, 0.02169869807811531, 0.02417854928704278, 0.029138251704897707, 0.032238065716057036, 0.038437693738375696, 0.04525728456292622, 0.04835709857408556, 0.05269683818970862, 0.05765654060756355, 0.06199628022318661, 0.4934903905765654, 0.5021698698078115, 0.5108493490390577, 1.0]",4.0,2.0,2.0,2.0,2.0,18,19.39197,8.0,6.0,hrl_dqn_apf,hierarchical,dqn,22.112,9.977,2.334,0.00,0.00,0.00,12.929,10.138,0.286,0.00,0.00,0.00,18.499,6.298,0.397,0.00,0.00,0.00,3.000,3.000,3.000
2026-02-04 17:34:55,607.61,33,379,412,8.01%,159.33,2.05%,"[0, 5, 10, 15, 20, 25, 30, 35, 40, 45, 50, 55, 60, 65, 70, 75, 80, 85, 90, 95, 100]","[11, 5, 4, 2, 3, 8, 3, 3, 9, 5, 9, 9, 7, 7, 6, 7, 697, 15, 13, 790]","[0.006819590824550527, 0.009919404835709857, 0.012399256044637322, 0.013639181649101054, 0.015499070055796652, 0.02045877247365158, 0.022318660880347178, 0.02417854928704278, 0.029758214507129573, 0.0328580285182889, 0.038437693738375696, 0.04401735895846249, 0.04835709857408556, 0.05269683818970862, 0.056416615003099815, 0.06075635461872288, 0.49287042777433354, 0.5021698698078115, 0.5102293862368258, 1.0]",4.0,2.0,2.0,2.0,2.0,9,25.31187,8.0,-6.0,hrl_dqn_apf,hierarchical,dqn,22.118,9.974,1.574,0.00,0.00,0.00,12.821,9.720,0.298,0.00,0.00,0.00,18.884,6.340,0.781,0.00,0.00,0.00,3.000,3.000,3.000
2026-02-04 17:34:56,608.61,32,380,412,7.77%,159.67,1.98%,"[0, 5, 10, 15, 20, 25, 30, 35, 40, 45, 50, 55, 60, 65, 70, 75, 80, 85, 90, 95, 100]","[10, 6, 4, 3, 2, 7, 4, 3, 9, 6, 8, 9, 8, 7, 5, 7, 695, 16, 13, 791]","[0.006199628022318661, 0.009919404835709857, 0.012399256044637322, 0.01425914445133292, 0.015499070055796652, 0.019838809671419714, 0.022318660880347178, 0.02417854928704278, 0.029758214507129573, 0.03347799132052077, 0.038437693738375696, 0.04401735895846249, 0.048977061376317424, 0.053316800991940486, 0.056416615003099815, 0.06075635461872288, 0.4916305021698698, 0.5015499070055797, 0.5096094234345939, 1.0]",4.0,2.0,2.0,2.0,2.0,24,25.151510000000002,8.0,12.0,hrl_dqn_apf,hierarchical,dqn,22.227,10.378,1.530,0.00,0.00,0.00,12.883,9.191,0.302,0.00,0.00,0.00,19.496,6.301,0.298,0.00,0.00,0.00,3.000,3.000,3.000
2026-02-04 17:34:57,609.62,29,387,416,6.97%,159.87,1.80%,"[0, 5, 10, 15, 20, 25, 30, 35, 40, 45, 50, 55, 60, 65, 70, 75, 80, 85, 90, 95, 100]","[10, 6, 4, 3, 2, 4, 6, 3, 10, 5, 9, 8, 8, 8, 5, 7, 694, 17, 13, 791]","[0.006199628022318661, 0.009919404835709857, 0.012399256044637322, 0.01425914445133292, 0.015499070055796652, 0.017978921264724116, 0.02169869807811531, 0.023558586484810913, 0.029758214507129573, 0.0328580285182889, 0.038437693738375696, 0.04339739615623062, 0.04835709857408556, 0.053316800991940486, 0.056416615003099815, 0.06075635461872288, 0.49101053936763794, 0.5015499070055797, 0.5096094234345939, 1.0]",4.0,2.0,2.0,2.0,2.0,24,25.151510000000002,8.0,12.0,hrl_dqn_apf,hierarchical,dqn,22.701,10.469,1.773,0.00,0.00,0.00,13.393,9.219,0.302,0.00,0.00,0.00,19.108,6.102,-0.020,0.00,0.00,0.00,3.000,3.000,3.000
2026-02-04 17:34:58,610.62,29,389,418,6.94%,160.06,1.80%,"[0, 5, 10, 15, 20, 25, 30, 35, 40, 45, 50, 55, 60, 65, 70, 75, 80, 85, 90, 95, 100]","[9, 7, 3, 5, 2, 3, 6, 3, 9, 5, 10, 7, 9, 7, 7, 6, 694, 15, 15, 791]","[0.005579665220086794, 0.009919404835709857, 0.011779293242405457, 0.014879107253564786, 0.016119032858028518, 0.017978921264724116, 0.02169869807811531, 0.023558586484810913, 0.029138251704897707, 0.032238065716057036, 0.038437693738375696, 0.04277743335399876, 0.04835709857408556, 0.05269683818970862, 0.05703657780533168, 0.06075635461872288, 0.49101053936763794, 0.5003099814011159, 0.5096094234345939, 1.0]",4.0,2.0,2.0,2.0,2.0,14,24.99155,8.0,0.0,hrl_dqn_apf,hierarchical,dqn,22.980,10.046,1.880,0.00,0.00,0.00,14.082,9.223,0.302,0.00,0.00,0.00,18.824,6.138,-0.519,0.00,0.00,0.00,3.000,3.000,3.000
2026-02-04 17:34:59,611.62,29,389,418,6.94%,160.20,1.80%,"[0, 5, 10, 15, 20, 25, 30, 35, 40, 45, 50, 55, 60, 65, 70, 75, 80, 85, 90, 95, 100]","[11, 6, 4, 3, 3, 2, 6, 4, 9, 4, 10, 8, 9, 7, 6, 6, 694, 14, 16, 791]","[0.006819590824550527, 0.010539367637941723, 0.013019218846869188, 0.014879107253564786, 0.016738995660260384, 0.017978921264724116, 0.02169869807811531, 0.02417854928704278, 0.029758214507129573, 0.032238065716057036, 0.038437693738375696, 0.04339739615623062, 0.048977061376317424, 0.053316800991940486, 0.05703657780533168, 0.06075635461872288, 0.49101053936763794, 0.49969001859888407, 0.5096094234345939, 1.0]",4.0,2.0,2.0,2.0,2.0,18,18.831490000000002,8.0,6.0,hrl_dqn_apf,hierarchical,dqn,23.070,9.628,1.913,0.00,0.00,0.00,14.826,9.222,0.303,0.00,0.00,0.00,18.735,6.268,-0.668,0.00,0.00,0.00,3.000,3.000,3.000
2026-02-04 17:35:00,612.62,28,390,418,6.70%,160.60,1.74%,"[0, 5, 10, 15, 20, 25, 30, 35, 40, 45, 50, 55, 60, 65, 70, 75, 80, 85, 90, 95, 100]","[12, 4, 3, 4, 2, 3, 6, 4, 9, 5, 10, 7, 8, 9, 6, 4, 694, 13, 18, 792]","[0.007439553626782393, 0.009919404835709857, 0.011779293242405457, 0.01425914445133292, 0.015499070055796652, 0.01735895846249225, 0.021078735275883446, 0.023558586484810913, 0.029138251704897707, 0.032238065716057036, 0.038437693738375696, 0.04277743335399876, 0.04773713577185369, 0.053316800991940486, 0.05703657780533168, 0.059516429014259145, 0.4897706137631742, 0.49783013019218847, 0.5089894606323621, 1.0]",4.0,2.0,2.0,2.0,2.0,18,18.831490000000002,8.0,6.0,hrl_dqn_apf,hierarchical,dqn,22.997,9.103,1.927,0.00,0.00,0.00,16.135,9.497,0.320,0.00,0.00,0.00,18.767,6.187,0.400,0.00,0.00,0.00,3.000,3.000,3.000
2026-02-04 17:35:01,613.62,27,393,420,6.43%,160.80,1.67%,"[0, 5, 10, 15, 20, 25, 30, 35, 40, 45, 50, 55, 60, 65, 70, 75, 80, 85, 90, 95, 100]","[12, 1, 6, 3, 3, 2, 6, 4, 9, 5, 11, 6, 9, 9, 6, 3, 694, 14, 17, 793]","[0.007439553626782393, 0.008059516429014259, 0.011779293242405457, 0.013639181649101054, 0.015499070055796652, 0.016738995660260384, 0.02045877247365158, 0.022938623682579044, 0.02851828890266584, 0.03161810291382517, 0.038437693738375696, 0.04215747055176689, 0.04773713577185369, 0.053316800991940486, 0.05703657780533168, 0.05889646621202728, 0.48915065096094235, 0.49783013019218847, 0.5083694978301302, 1.0]",4.0,2.0,2.0,2.0,2.0,21,6.67102,8.0,12.0,hrl_dqn_apf,hierarchical,dqn,22.485,9.131,1.928,0.00,0.00,0.00,15.891,9.860,0.395,0.00,0.00,0.00,19.230,5.937,0.601,0.00,0.00,0.00,3.000,3.000,3.000
2026-02-04 17:35:02,614.63,28,392,420,6.67%,160.98,1.74%,"[0, 5, 10, 15, 20, 25, 30, 35, 40, 45, 50, 55, 60, 65, 70, 75, 80, 85, 90, 95, 100]","[11, 2, 6, 3, 3, 3, 4, 5, 10, 5, 10, 7, 7, 10, 6, 3, 694, 14, 17, 793]","[0.006819590824550527, 0.008059516429014259, 0.011779293242405457, 0.013639181649101054, 0.015499070055796652, 0.01735895846249225, 0.019838809671419714, 0.022938623682579044, 0.029138251704897707, 0.032238065716057036, 0.038437693738375696, 0.04277743335399876, 0.047117172969621826, 0.053316800991940486, 0.05703657780533168, 0.05889646621202728, 0.48915065096094235, 0.49783013019218847, 0.5083694978301302, 1.0]",4.0,2.0,2.0,2.0,2.0,12,12.51099,8.0,0.0,hrl_dqn_apf,hierarchical,dqn,21.803,9.177,1.930,0.00,0.00,0.00,15.279,10.142,0.429,0.00,0.00,0.00,19.903,5.622,0.650,0.00,0.00,0.00,3.000,3.000,3.000
2026-02-04 17:35:03,615.63,28,392,420,6.67%,161.16,1.74%,"[0, 5, 10, 15, 20, 25, 30, 35, 40, 45, 50, 55, 60, 65, 70, 75, 80, 85, 90, 95, 100]","[13, 2, 5, 3, 3, 2, 4, 5, 9, 5, 10, 8, 6, 11, 5, 4, 693, 14, 16, 795]","[0.008059516429014259, 0.009299442033477991, 0.012399256044637322, 0.01425914445133292, 0.016119032858028518, 0.01735895846249225, 0.019838809671419714, 0.022938623682579044, 0.02851828890266584, 0.03161810291382517, 0.03781773093614383, 0.04277743335399876, 0.04649721016738995, 0.053316800991940486, 0.056416615003099815, 0.05889646621202728, 0.4885306881587105, 0.4972101673899566, 0.5071295722256665, 1.0]",4.0,2.0,2.0,2.0,2.0,12,12.51099,8.0,0.0,hrl_dqn_apf,hierarchical,dqn,21.676,9.593,2.053,0.00,0.00,0.00,14.564,10.131,0.434,0.00,0.00,0.00,20.121,5.492,0.569,0.00,0.00,0.00,3.000,3.000,3.000
2026-02-04 17:35:04,616.63,28,393,421,6.65%,161.57,1.74%,"[0, 5, 10, 15, 20, 25, 30, 35, 40, 45, 50, 55, 60, 65, 70, 75, 80, 85, 90, 95, 100]","[12, 2, 4, 3, 4, 3, 2, 6, 9, 4, 11, 8, 6, 11, 6, 4, 691, 16, 15, 796]","[0.007439553626782393, 0.008679479231246125, 0.011159330440173589, 0.013019218846869188, 0.015499070055796652, 0.01735895846249225, 0.018598884066955982, 0.022318660880347178, 0.027898326100433975, 0.03037817730936144, 0.037197768133911964, 0.04215747055176689, 0.04587724736515809, 0.05269683818970862, 0.056416615003099815, 0.05889646621202728, 0.48729076255424675, 0.4972101673899566, 0.5065096094234346, 1.0]",4.0,2.0,2.0,2.0,2.0,1,6.350759999999999,8.0,-12.0,hrl_dqn_apf,hierarchical,dqn,22.511,10.162,2.665,0.00,0.00,0.00,13.688,9.655,0.436,0.00,0.00,0.00,19.285,5.227,-0.102,0.00,0.00,0.00,3.000,3.000,3.000
2026-02-04 17:35:05,617.63,27,394,421,6.41%,161.76,1.67%,"[0, 5, 10, 15, 20, 25, 30, 35, 40, 45, 50, 55, 60, 65, 70, 75, 80, 85, 90, 95, 100]","[12, 2, 3, 3, 4, 3, 2, 7, 9, 4, 11, 8, 6, 10, 7, 4, 691, 14, 15, 798]","[0.007439553626782393, 0.008679479231246125, 0.010539367637941723, 0.012399256044637322, 0.014879107253564786, 0.016738995660260384, 0.017978921264724116, 0.022318660880347178, 0.027898326100433975, 0.03037817730936144, 0.037197768133911964, 0.04215747055176689, 0.04587724736515809, 0.052076875387476754, 0.056416615003099815, 0.05889646621202728, 0.48729076255424675, 0.49597024178549287, 0.5052696838189709, 1.0]",4.0,2.0,2.0,2.0,2.0,20,0.19031999999999982,8.0,12.0,hrl_dqn_apf,hierarchical,dqn,22.245,10.034,2.802,0.00,0.00,0.00,13.120,9.671,0.436,0.00,0.00,0.00,19.098,5.682,-0.270,0.00,0.00,0.00,3.000,3.000,3.000
2026-02-04 17:35:06,618.64,26,397,423,6.15%,161.95,1.61%,"[0, 5, 10, 15, 20, 25, 30, 35, 40, 45, 50, 55, 60, 65, 70, 75, 80, 85, 90, 95, 100]","[11, 3, 2, 4, 4, 2, 2, 6, 10, 4, 11, 9, 5, 11, 7, 4, 690, 14, 15, 799]","[0.006819590824550527, 0.008679479231246125, 0.009919404835709857, 0.012399256044637322, 0.014879107253564786, 0.016119032858028518, 0.01735895846249225, 0.021078735275883446, 0.02727836329820211, 0.029758214507129573, 0.0365778053316801, 0.04215747055176689, 0.04525728456292622, 0.052076875387476754, 0.056416615003099815, 0.05889646621202728, 0.4866707997520149, 0.495350278983261, 0.504649721016739, 1.0]",4.0,2.0,2.0,2.0,2.0,20,0.19031999999999982,8.0,12.0,hrl_dqn_apf,hierarchical,dqn,22.043,9.619,2.848,0.00,0.00,0.00,12.420,9.678,0.441,0.00,0.00,0.00,19.039,6.097,-0.323,0.00,0.00,0.00,3.000,3.000,3.000
2026-02-04 17:35:07,619.64,26,395,421,6.18%,162.13,1.61%,"[0, 5, 10, 15, 20, 25, 30, 35, 40, 45, 50, 55, 60, 65, 70, 75, 80, 85, 90, 95, 100]","[8, 6, 1, 5, 3, 3, 2, 5, 10, 5, 11, 9, 5, 10, 8, 4, 690, 14, 15, 799]","[0.0049597024178549285, 0.008679479231246125, 0.009299442033477991, 0.012399256044637322, 0.01425914445133292, 0.016119032858028518, 0.01735895846249225, 0.02045877247365158, 0.026658400495970243, 0.029758214507129573, 0.0365778053316801, 0.04215747055176689, 0.04525728456292622, 0.05145691258524489, 0.056416615003099815, 0.05889646621202728, 0.4866707997520149, 0.495350278983261, 0.504649721016739, 1.0]",4.0,2.0,2.0,2.0,2.0,18,18.030160000000002,8.0,6.0,hrl_dqn_apf,hierarchical,dqn,21.977,9.208,2.863,0.00,0.00,0.00,11.985,9.750,0.761,0.00,0.00,0.00,19.021,6.502,-0.340,0.00,0.00,0.00,3.000,3.000,3.000
2026-02-04 17:35:08,620.64,27,394,421,6.41%,162.40,1.67%,"[0, 5, 10, 15, 20, 25, 30, 35, 40, 45, 50, 55, 60, 65, 70, 75, 80, 85, 90, 95, 100]","[7, 9, 0, 3, 4, 4, 2, 3, 11, 5, 11, 8, 7, 8, 11, 3, 691, 13, 15, 798]","[0.0043397396156230625, 0.009919404835709857, 0.009919404835709857, 0.011779293242405457, 0.01425914445133292, 0.016738995660260384, 0.017978921264724116, 0.019838809671419714, 0.026658400495970243, 0.029758214507129573, 0.0365778053316801, 0.041537507749535026, 0.04587724736515809, 0.05083694978301302, 0.05765654060756355, 0.059516429014259145, 0.4879107253564786, 0.49597024178549287, 0.5052696838189709, 1.0]",4.0,2.0,2.0,2.0,2.0,16,5.869759999999999,8.0,6.0,hrl_dqn_apf,hierarchical,dqn,21.153,9.227,2.868,0.00,0.00,0.00,12.582,9.851,1.348,0.00,0.00,0.00,18.306,6.604,-0.347,0.00,0.00,0.00,3.000,3.000,3.000
2026-02-04 17:35:09,621.64,27,396,423,6.38%,162.56,1.67%,"[0, 5, 10, 15, 20, 25, 30, 35, 40, 45, 50, 55, 60, 65, 70, 75, 80, 85, 90, 95, 100]","[8, 9, 0, 3, 4, 3, 3, 2, 11, 5, 11, 8, 7, 9, 9, 4, 691, 12, 16, 798]","[0.0049597024178549285, 0.010539367637941723, 0.010539367637941723, 0.012399256044637322, 0.014879107253564786, 0.016738995660260384, 0.018598884066955982, 0.019838809671419714, 0.026658400495970243, 0.029758214507129573, 0.0365778053316801, 0.041537507749535026, 0.04587724736515809, 0.05145691258524489, 0.05703657780533168, 0.059516429014259145, 0.4879107253564786, 0.495350278983261, 0.5052696838189709, 1.0]",4.0,2.0,2.0,2.0,2.0,16,5.869759999999999,8.0,6.0,hrl_dqn_apf,hierarchical,dqn,20.478,9.260,2.909,0.00,0.00,0.00,13.282,9.850,1.398,0.00,0.00,0.00,17.601,6.599,-0.348,0.00,0.00,0.00,3.000,3.000,3.000
2026-02-04 17:35:10,622.64,28,393,421,6.65%,162.72,1.74%,"[0, 5, 10, 15, 20, 25, 30, 35, 40, 45, 50, 55, 60, 65, 70, 75, 80, 85, 90, 95, 100]","[11, 6, 1, 2, 3, 5, 2, 2, 12, 5, 10, 9, 7, 8, 8, 5, 691, 11, 15, 800]","[0.006819590824550527, 0.010539367637941723, 0.011159330440173589, 0.012399256044637322, 0.01425914445133292, 0.01735895846249225, 0.018598884066955982, 0.019838809671419714, 0.02727836329820211, 0.03037817730936144, 0.0365778053316801, 0.04215747055176689, 0.04649721016738995, 0.05145691258524489, 0.056416615003099815, 0.059516429014259145, 0.4879107253564786, 0.49473031618102914, 0.5040297582145071, 1.0]",4.0,2.0,2.0,2.0,2.0,24,23.70947,8.0,12.0,hrl_dqn_apf,hierarchical,dqn,20.150,9.311,3.338,0.00,0.00,0.00,14.025,9.847,1.413,0.00,0.00,0.00,16.856,6.595,-0.348,0.00,0.00,0.00,3.000,3.000,3.000
2026-02-04 17:35:11,623.65,26,399,425,6.12%,162.92,1.61%,"[0, 5, 10, 15, 20, 25, 30, 35, 40, 45, 50, 55, 60, 65, 70, 75, 80, 85, 90, 95, 100]","[10, 6, 2, 1, 4, 3, 3, 2, 11, 6, 10, 10, 7, 7, 9, 5, 691, 11, 14, 801]","[0.006199628022318661, 0.009919404835709857, 0.011159330440173589, 0.011779293242405457, 0.01425914445133292, 0.016119032858028518, 0.017978921264724116, 0.019218846869187848, 0.026038437693738377, 0.029758214507129573, 0.03595784252944823, 0.04215747055176689, 0.04649721016738995, 0.05083694978301302, 0.056416615003099815, 0.059516429014259145, 0.4879107253564786, 0.49473031618102914, 0.5034097954122753, 1.0]",4.0,2.0,2.0,2.0,2.0,7,11.62975,8.0,-6.0,hrl_dqn_apf,hierarchical,dqn,20.046,9.315,4.004,0.00,0.00,0.00,14.784,9.844,1.418,0.00,0.00,0.00,16.097,6.591,-0.349,0.00,0.00,0.00,3.000,3.000,3.000
2026-02-04 17:35:12,624.65,27,400,427,6.32%,163.25,1.67%,"[0, 5, 10, 15, 20, 25, 30, 35, 40, 45, 50, 55, 60, 65, 70, 75, 80, 85, 90, 95, 100]","[14, 4, 4, 0, 3, 2, 3, 2, 8, 6, 11, 10, 7, 8, 7, 7, 690, 10, 16, 801]","[0.008679479231246125, 0.011159330440173589, 0.013639181649101054, 0.013639181649101054, 0.015499070055796652, 0.016738995660260384, 0.018598884066955982, 0.019838809671419714, 0.024798512089274645, 0.02851828890266584, 0.035337879727216366, 0.041537507749535026, 0.04587724736515809, 0.05083694978301302, 0.05517668939863608, 0.059516429014259145, 0.48729076255424675, 0.4934903905765654, 0.5034097954122753, 1.0]",4.0,2.0,2.0,2.0,2.0,7,11.62975,8.0,-6.0,hrl_dqn_apf,hierarchical,dqn,20.003,9.309,5.492,0.00,0.00,0.00,14.915,10.593,1.888,0.00,0.00,0.00,15.841,6.194,-0.762,0.00,0.00,0.00,3.000,3.000,3.000
2026-02-04 17:35:13,625.65,27,400,427,6.32%,163.41,1.67%,"[0, 5, 10, 15, 20, 25, 30, 35, 40, 45, 50, 55, 60, 65, 70, 75, 80, 85, 90, 95, 100]","[12, 5, 5, 0, 2, 3, 3, 2, 8, 6, 11, 9, 7, 9, 6, 8, 690, 9, 16, 802]","[0.007439553626782393, 0.010539367637941723, 0.013639181649101054, 0.013639181649101054, 0.014879107253564786, 0.016738995660260384, 0.018598884066955982, 0.019838809671419714, 0.024798512089274645, 0.02851828890266584, 0.035337879727216366, 0.04091754494730316, 0.04525728456292622, 0.05083694978301302, 0.05455672659640422, 0.059516429014259145, 0.48729076255424675, 0.49287042777433354, 0.5027898326100434, 1.0]",4.0,2.0,2.0,2.0,2.0,20,-0.5304400000000005,8.0,12.0,hrl_dqn_apf,hierarchical,dqn,20.000,9.306,6.250,0.00,0.00,0.00,14.683,10.693,2.314,0.00,0.00,0.00,16.050,5.970,-1.325,0.00,0.00,0.00,3.000,3.000,3.000
2026-02-04 17:35:14,626.65,27,400,427,6.32%,163.52,1.67%,"[0, 5, 10, 15, 20, 25, 30, 35, 40, 45, 50, 55, 60, 65, 70, 75, 80, 85, 90, 95, 100]","[11, 5, 6, 0, 1, 4, 2, 3, 7, 6, 11, 9, 8, 9, 7, 8, 690, 9, 16, 801]","[0.006819590824550527, 0.009919404835709857, 0.013639181649101054, 0.013639181649101054, 0.01425914445133292, 0.016738995660260384, 0.017978921264724116, 0.019838809671419714, 0.02417854928704278, 0.027898326100433975, 0.0347179169249845, 0.040297582145071294, 0.04525728456292622, 0.05083694978301302, 0.05517668939863608, 0.06013639181649101, 0.4879107253564786, 0.4934903905765654, 0.5034097954122753, 1.0]",4.0,2.0,2.0,2.0,2.0,16,5.309100000000001,8.0,6.0,hrl_dqn_apf,hierarchical,dqn,19.993,9.311,7.007,0.00,0.00,0.00,14.569,10.250,2.413,0.00,0.00,0.00,15.760,6.078,-1.648,0.00,0.00,0.00,3.000,3.000,3.000
2026-02-04 17:35:15,627.65,26,403,429,6.06%,163.60,1.61%,"[0, 5, 10, 15, 20, 25, 30, 35, 40, 45, 50, 55, 60, 65, 70, 75, 80, 85, 90, 95, 100]","[9, 7, 5, 1, 1, 3, 3, 2, 8, 6, 11, 8, 9, 9, 7, 7, 692, 9, 14, 802]","[0.005579665220086794, 0.009919404835709857, 0.013019218846869188, 0.013639181649101054, 0.01425914445133292, 0.016119032858028518, 0.017978921264724116, 0.019218846869187848, 0.02417854928704278, 0.027898326100433975, 0.0347179169249845, 0.03967761934283943, 0.04525728456292622, 0.05083694978301302, 0.05517668939863608, 0.059516429014259145, 0.4885306881587105, 0.4941103533787973, 0.5027898326100434, 1.0]",4.0,2.0,2.0,2.0,2.0,16,5.309100000000001,8.0,6.0,hrl_dqn_apf,hierarchical,dqn,19.669,9.383,7.454,0.00,0.00,0.00,14.533,9.828,2.438,0.00,0.00,0.00,15.404,6.512,-1.742,0.00,0.00,0.00,3.000,3.000,3.000
2026-02-04 17:35:16,628.66,27,400,427,6.32%,163.72,1.67%,"[0, 5, 10, 15, 20, 25, 30, 35, 40, 45, 50, 55, 60, 65, 70, 75, 80, 85, 90, 95, 100]","[7, 9, 3, 4, 1, 3, 2, 3, 6, 7, 11, 9, 8, 11, 6, 6, 693, 9, 13, 802]","[0.0043397396156230625, 0.009919404835709857, 0.011779293242405457, 0.01425914445133292, 0.014879107253564786, 0.016738995660260384, 0.017978921264724116, 0.019838809671419714, 0.023558586484810913, 0.027898326100433975, 0.0347179169249845, 0.040297582145071294, 0.04525728456292622, 0.052076875387476754, 0.05579665220086795, 0.059516429014259145, 0.48915065096094235, 0.49473031618102914, 0.5027898326100434, 1.0]",4.0,2.0,2.0,2.0,2.0,10,-0.85093,8.0,0.0,hrl_dqn_apf,hierarchical,dqn,18.316,9.389,7.642,0.00,0.00,0.00,14.408,9.304,2.448,0.00,0.00,0.00,14.530,6.607,-1.783,0.00,0.00,0.00,3.000,3.000,3.000
2026-02-04 17:35:17,629.66,27,401,428,6.31%,163.80,1.67%,"[0, 5, 10, 15, 20, 25, 30, 35, 40, 45, 50, 55, 60, 65, 70, 75, 80, 85, 90, 95, 100]","[4, 11, 4, 4, 1, 3, 2, 3, 6, 5, 12, 9, 9, 11, 7, 5, 695, 9, 12, 801]","[0.0024798512089274642, 0.009299442033477991, 0.011779293242405457, 0.01425914445133292, 0.014879107253564786, 0.016738995660260384, 0.017978921264724116, 0.019838809671419714, 0.023558586484810913, 0.026658400495970243, 0.034097954122752634, 0.03967761934283943, 0.04525728456292622, 0.052076875387476754, 0.056416615003099815, 0.059516429014259145, 0.4903905765654061, 0.49597024178549287, 0.5034097954122753, 1.0]",4.0,2.0,2.0,2.0,2.0,10,-0.85093,8.0,0.0,hrl_dqn_apf,hierarchical,dqn,17.563,9.386,7.656,0.00,0.00,0.00,13.890,9.330,2.448,0.00,0.00,0.00,13.814,6.603,-1.786,0.00,0.00,0.00,3.000,3.000,3.000
2026-02-04 17:35:18,630.66,29,399,428,6.78%,163.87,1.80%,"[0, 5, 10, 15, 20, 25, 30, 35, 40, 45, 50, 55, 60, 65, 70, 75, 80, 85, 90, 95, 100]","[4, 10, 5, 6, 1, 3, 2, 3, 5, 5, 12, 9, 8, 10, 8, 4, 696, 8, 12, 802]","[0.0024798512089274642, 0.008679479231246125, 0.011779293242405457, 0.015499070055796652, 0.016119032858028518, 0.017978921264724116, 0.019218846869187848, 0.021078735275883446, 0.02417854928704278, 0.02727836329820211, 0.0347179169249845, 0.040297582145071294, 0.04525728456292622, 0.05145691258524489, 0.056416615003099815, 0.05889646621202728, 0.4903905765654061, 0.495350278983261, 0.5027898326100434, 1.0]",4.0,2.0,2.0,2.0,2.0,11,4.988770000000001,8.0,0.0,hrl_dqn_apf,hierarchical,dqn,16.811,9.391,7.654,0.00,0.00,0.00,13.199,9.334,2.448,0.00,0.00,0.00,13.067,6.599,-1.788,0.00,0.00,0.00,3.000,3.000,3.000
2026-02-04 17:35:19,631.66,27,397,424,6.37%,163.94,1.67%,"[0, 5, 10, 15, 20, 25, 30, 35, 40, 45, 50, 55, 60, 65, 70, 75, 80, 85, 90, 95, 100]","[4, 9, 5, 6, 1, 2, 4, 2, 6, 4, 12, 10, 7, 10, 8, 5, 696, 8, 12, 802]","[0.0024798512089274642, 0.008059516429014259, 0.011159330440173589, 0.014879107253564786, 0.015499070055796652, 0.016738995660260384, 0.019218846869187848, 0.02045877247365158, 0.02417854928704278, 0.026658400495970243, 0.034097954122752634, 0.040297582145071294, 0.044637321760694355, 0.05083694978301302, 0.05579665220086795, 0.05889646621202728, 0.4903905765654061, 0.495350278983261, 0.5027898326100434, 1.0]",4.0,2.0,2.0,2.0,2.0,7,10.82838,8.0,-6.0,hrl_dqn_apf,hierarchical,dqn,16.358,9.464,7.318,0.00,0.00,0.00,12.435,9.333,2.448,0.00,0.00,0.00,12.287,6.595,-1.789,0.00,0.00,0.00,3.000,3.000,3.000
2026-02-04 17:35:20,632.66,27,399,426,6.34%,163.98,1.67%,"[0, 5, 10, 15, 20, 25, 30, 35, 40, 45, 50, 55, 60, 65, 70, 75, 80, 85, 90, 95, 100]","[3, 7, 7, 6, 2, 2, 2, 3, 6, 3, 12, 11, 7, 11, 8, 5, 694, 10, 12, 802]","[0.0018598884066955983, 0.006199628022318661, 0.010539367637941723, 0.01425914445133292, 0.015499070055796652, 0.016738995660260384, 0.017978921264724116, 0.019838809671419714, 0.023558586484810913, 0.02541847489150651, 0.0328580285182889, 0.03967761934283943, 0.04401735895846249, 0.05083694978301302, 0.05579665220086795, 0.05889646621202728, 0.48915065096094235, 0.495350278983261, 0.5027898326100434, 1.0]",4.0,2.0,2.0,2.0,2.0,7,10.82838,8.0,-6.0,hrl_dqn_apf,hierarchical,dqn,16.175,9.470,5.962,0.00,0.00,0.00,11.148,9.445,2.448,0.00,0.00,0.00,10.768,6.589,-1.791,0.00,0.00,0.00,3.000,3.000,3.000
2026-02-04 17:35:21,633.67,26,396,422,6.16%,164.00,1.61%,"[0, 5, 10, 15, 20, 25, 30, 35, 40, 45, 50, 55, 60, 65, 70, 75, 80, 85, 90, 95, 100]","[3, 6, 8, 3, 5, 1, 3, 2, 7, 2, 13, 9, 8, 10, 10, 4, 694, 11, 12, 802]","[0.0018598884066955983, 0.005579665220086794, 0.010539367637941723, 0.012399256044637322, 0.015499070055796652, 0.016119032858028518, 0.017978921264724116, 0.019218846869187848, 0.023558586484810913, 0.024798512089274645, 0.0328580285182889, 0.038437693738375696, 0.04339739615623062, 0.04959702417854929, 0.05579665220086795, 0.05827650340979541, 0.4885306881587105, 0.495350278983261, 0.5027898326100434, 1.0]",4.0,2.0,2.0,2.0,2.0,24,22.66838,8.0,12.0,hrl_dqn_apf,hierarchical,dqn,16.162,9.467,5.211,0.00,0.00,0.00,11.414,9.509,2.448,0.00,0.00,0.00,10.007,6.586,-1.792,0.00,0.00,0.00,3.000,3.000,3.000
2026-02-04 17:35:22,634.67,26,396,422,6.16%,164.01,1.61%,"[0, 5, 10, 15, 20, 25, 30, 35, 40, 45, 50, 55, 60, 65, 70, 75, 80, 85, 90, 95, 100]","[2, 5, 9, 4, 5, 1, 3, 2, 7, 2, 11, 10, 9, 10, 9, 5, 693, 13, 12, 801]","[0.0012399256044637321, 0.0043397396156230625, 0.009919404835709857, 0.012399256044637322, 0.015499070055796652, 0.016119032858028518, 0.017978921264724116, 0.019218846869187848, 0.023558586484810913, 0.024798512089274645, 0.03161810291382517, 0.03781773093614383, 0.04339739615623062, 0.04959702417854929, 0.05517668939863608, 0.05827650340979541, 0.4879107253564786, 0.49597024178549287, 0.5034097954122753, 1.0]",4.0,2.0,2.0,2.0,2.0,15,-1.4919799999999999,8.0,6.0,hrl_dqn_apf,hierarchical,dqn,16.158,9.464,4.450,0.00,0.00,0.00,12.033,9.512,2.448,0.00,0.00,0.00,9.244,6.583,-1.792,0.00,0.00,0.00,3.000,3.000,3.000
2026-02-04 17:35:23,635.67,26,400,426,6.10%,164.03,1.61%,"[0, 5, 10, 15, 20, 25, 30, 35, 40, 45, 50, 55, 60, 65, 70, 75, 80, 85, 90, 95, 100]","[2, 2, 12, 3, 6, 1, 3, 2, 7, 2, 11, 11, 9, 10, 9, 6, 691, 14, 11, 801]","[0.0012399256044637321, 0.0024798512089274642, 0.009919404835709857, 0.011779293242405457, 0.015499070055796652, 0.016119032858028518, 0.017978921264724116, 0.019218846869187848, 0.023558586484810913, 0.024798512089274645, 0.03161810291382517, 0.038437693738375696, 0.04401735895846249, 0.050216986980781156, 0.05579665220086795, 0.059516429014259145, 0.4879107253564786, 0.49659020458772474, 0.5034097954122753, 1.0]",4.0,2.0,2.0,2.0,2.0,15,-1.4919799999999999,8.0,6.0,hrl_dqn_apf,hierarchical,dqn,16.156,9.469,3.941,0.00,0.00,0.00,12.757,9.509,2.448,0.00,0.00,0.00,8.481,6.580,-1.793,0.00,0.00,0.00,3.000,3.000,3.000
2026-02-04 17:35:24,636.67,26,398,424,6.13%,164.13,1.61%,"[0, 5, 10, 15, 20, 25, 30, 35, 40, 45, 50, 55, 60, 65, 70, 75, 80, 85, 90, 95, 100]","[2, 3, 9, 5, 5, 2, 2, 3, 7, 3, 10, 11, 9, 9, 10, 6, 693, 13, 13, 798]","[0.0012399256044637321, 0.0030998140111593306, 0.008679479231246125, 0.011779293242405457, 0.014879107253564786, 0.016119032858028518, 0.01735895846249225, 0.019218846869187848, 0.023558586484810913, 0.02541847489150651, 0.03161810291382517, 0.038437693738375696, 0.04401735895846249, 0.04959702417854929, 0.05579665220086795, 0.059516429014259145, 0.48915065096094235, 0.4972101673899566, 0.5052696838189709, 1.0]",4.0,2.0,2.0,2.0,2.0,9,22.34765,8.0,-6.0,hrl_dqn_apf,hierarchical,dqn,16.879,9.537,3.799,0.00,0.00,0.00,12.762,9.691,2.102,0.00,0.00,0.00,6.957,6.574,-1.795,0.00,0.00,0.00,3.000,3.000,3.000
2026-02-04 17:35:25,637.67,28,400,428,6.54%,164.18,1.74%,"[0, 5, 10, 15, 20, 25, 30, 35, 40, 45, 50, 55, 60, 65, 70, 75, 80, 85, 90, 95, 100]","[3, 2, 8, 7, 6, 2, 3, 2, 6, 3, 9, 12, 9, 9, 10, 7, 693, 11, 14, 797]","[0.0018598884066955983, 0.0030998140111593306, 0.008059516429014259, 0.012399256044637322, 0.016119032858028518, 0.01735895846249225, 0.019218846869187848, 0.02045877247365158, 0.02417854928704278, 0.026038437693738377, 0.03161810291382517, 0.03905765654060756, 0.044637321760694355, 0.050216986980781156, 0.056416615003099815, 0.06075635461872288, 0.4903905765654061, 0.4972101673899566, 0.5058896466212027, 1.0]",4.0,2.0,2.0,2.0,2.0,3,16.18766,8.0,-12.0,hrl_dqn_apf,hierarchical,dqn,17.538,9.521,4.042,0.00,0.00,0.00,12.159,9.705,1.815,0.00,0.00,0.00,6.194,6.571,-1.796,0.00,0.00,0.00,3.000,3.000,3.000
2026-02-04 17:35:26,638.68,30,398,428,7.01%,164.27,1.86%,"[0, 5, 10, 15, 20, 25, 30, 35, 40, 45, 50, 55, 60, 65, 70, 75, 80, 85, 90, 95, 100]","[6, 2, 6, 8, 5, 3, 1, 2, 6, 3, 8, 12, 10, 9, 9, 9, 691, 14, 14, 795]","[0.0037197768133911966, 0.0049597024178549285, 0.008679479231246125, 0.013639181649101054, 0.016738995660260384, 0.018598884066955982, 0.019218846869187848, 0.02045877247365158, 0.02417854928704278, 0.026038437693738377, 0.030998140111593304, 0.038437693738375696, 0.044637321760694355, 0.050216986980781156, 0.05579665220086795, 0.06137631742095474, 0.4897706137631742, 0.49845009299442034, 0.5071295722256665, 1.0]",4.0,2.0,2.0,2.0,2.0,3,16.18766,8.0,-12.0,hrl_dqn_apf,hierarchical,dqn,18.224,9.518,4.315,0.00,0.00,0.00,11.488,9.719,1.516,0.00,0.00,0.00,5.435,6.570,-1.798,0.00,0.00,0.00,3.000,3.000,3.000
2026-02-04 17:35:27,639.68,32,395,427,7.49%,164.34,1.98%,"[0, 5, 10, 15, 20, 25, 30, 35, 40, 45, 50, 55, 60, 65, 70, 75, 80, 85, 90, 95, 100]","[6, 2, 6, 8, 5, 5, 1, 2, 6, 3, 8, 9, 12, 10, 9, 8, 691, 11, 16, 795]","[0.0037197768133911966, 0.0049597024178549285, 0.008679479231246125, 0.013639181649101054, 0.016738995660260384, 0.019838809671419714, 0.02045877247365158, 0.02169869807811531, 0.02541847489150651, 0.02727836329820211, 0.032238065716057036, 0.03781773093614383, 0.04525728456292622, 0.05145691258524489, 0.05703657780533168, 0.06199628022318661, 0.4903905765654061, 0.4972101673899566, 0.5071295722256665, 1.0]",4.0,2.0,2.0,2.0,2.0,6,4.107609999999999,8.0,-6.0,hrl_dqn_apf,hierarchical,dqn,18.626,9.618,4.149,0.00,0.00,0.00,11.083,9.760,1.018,0.00,0.00,0.00,4.954,6.646,-2.087,0.00,0.00,0.00,3.000,3.000,3.000
2026-02-04 17:35:28,640.68,32,399,431,7.42%,164.53,1.98%,"[0, 5, 10, 15, 20, 25, 30, 35, 40, 45, 50, 55, 60, 65, 70, 75, 80, 85, 90, 95, 100]","[9, 1, 2, 8, 5, 7, 0, 2, 7, 3, 8, 9, 11, 10, 9, 7, 693, 9, 17, 796]","[0.005579665220086794, 0.006199628022318661, 0.007439553626782393, 0.012399256044637322, 0.015499070055796652, 0.019838809671419714, 0.019838809671419714, 0.021078735275883446, 0.02541847489150651, 0.02727836329820211, 0.032238065716057036, 0.03781773093614383, 0.044637321760694355, 0.05083694978301302, 0.056416615003099815, 0.06075635461872288, 0.4903905765654061, 0.49597024178549287, 0.5065096094234346, 1.0]",4.0,2.0,2.0,2.0,2.0,23,15.94715,8.0,12.0,hrl_dqn_apf,hierarchical,dqn,18.795,9.737,4.450,0.00,0.00,0.00,10.912,9.761,-0.405,0.00,0.00,0.00,4.747,6.654,-3.424,0.00,0.00,0.00,3.000,3.000,3.000
2026-02-04 17:35:29,641.68,31,396,427,7.26%,164.62,1.92%,"[0, 5, 10, 15, 20, 25, 30, 35, 40, 45, 50, 55, 60, 65, 70, 75, 80, 85, 90, 95, 100]","[7, 2, 3, 8, 5, 6, 1, 2, 7, 2, 9, 8, 10, 11, 9, 9, 692, 11, 16, 795]","[0.0043397396156230625, 0.005579665220086794, 0.007439553626782393, 0.012399256044637322, 0.015499070055796652, 0.019218846869187848, 0.019838809671419714, 0.021078735275883446, 0.02541847489150651, 0.026658400495970243, 0.032238065716057036, 0.037197768133911964, 0.04339739615623062, 0.050216986980781156, 0.05579665220086795, 0.06137631742095474, 0.4903905765654061, 0.4972101673899566, 0.5071295722256665, 1.0]",4.0,2.0,2.0,2.0,2.0,23,15.94715,8.0,12.0,hrl_dqn_apf,hierarchical,dqn,18.807,9.736,5.123,0.00,0.00,0.00,10.859,9.791,-1.118,0.00,0.00,0.00,4.732,6.651,-4.173,0.00,0.00,0.00,3.000,3.000,3.000
2026-02-04 17:35:30,642.68,32,395,427,7.49%,164.68,1.98%,"[0, 5, 10, 15, 20, 25, 30, 35, 40, 45, 50, 55, 60, 65, 70, 75, 80, 85, 90, 95, 100]","[8, 2, 3, 6, 8, 5, 2, 2, 5, 4, 8, 8, 11, 12, 8, 8, 693, 9, 16, 795]","[0.0049597024178549285, 0.006199628022318661, 0.008059516429014259, 0.011779293242405457, 0.016738995660260384, 0.019838809671419714, 0.021078735275883446, 0.022318660880347178, 0.02541847489150651, 0.027898326100433975, 0.0328580285182889, 0.03781773093614383, 0.044637321760694355, 0.052076875387476754, 0.05703657780533168, 0.06199628022318661, 0.4916305021698698, 0.4972101673899566, 0.5071295722256665, 1.0]",4.0,2.0,2.0,2.0,2.0,5,-2.212910000000001,8.0,-6.0,hrl_dqn_apf,hierarchical,dqn,18.810,9.733,5.862,0.00,0.00,0.00,10.424,9.842,-1.456,0.00,0.00,0.00,4.728,6.648,-4.933,0.00,0.00,0.00,3.000,3.000,3.000
2026-02-04 17:35:31,643.69,31,396,427,7.26%,164.83,1.92%,"[0, 5, 10, 15, 20, 25, 30, 35, 40, 45, 50, 55, 60, 65, 70, 75, 80, 85, 90, 95, 100]","[7, 4, 2, 6, 7, 5, 3, 1, 6, 3, 9, 6, 11, 13, 8, 8, 694, 7, 17, 796]","[0.0043397396156230625, 0.006819590824550527, 0.008059516429014259, 0.011779293242405457, 0.016119032858028518, 0.019218846869187848, 0.021078735275883446, 0.02169869807811531, 0.02541847489150651, 0.02727836329820211, 0.0328580285182889, 0.0365778053316801, 0.04339739615623062, 0.05145691258524489, 0.056416615003099815, 0.06137631742095474, 0.4916305021698698, 0.49597024178549287, 0.5065096094234346, 1.0]",4.0,2.0,2.0,2.0,2.0,2,9.62682,8.0,-12.0,hrl_dqn_apf,hierarchical,dqn,18.811,9.730,6.616,0.00,0.00,0.00,9.758,9.845,-1.562,0.00,0.00,0.00,4.728,6.645,-5.693,0.00,0.00,0.00,3.000,3.000,3.000
2026-02-04 17:35:32,644.69,29,397,426,6.81%,164.92,1.80%,"[0, 5, 10, 15, 20, 25, 30, 35, 40, 45, 50, 55, 60, 65, 70, 75, 80, 85, 90, 95, 100]","[6, 5, 1, 3, 10, 4, 5, 1, 6, 3, 9, 6, 8, 14, 9, 8, 694, 9, 12, 800]","[0.0037197768133911966, 0.006819590824550527, 0.007439553626782393, 0.009299442033477991, 0.015499070055796652, 0.017978921264724116, 0.021078735275883446, 0.02169869807811531, 0.02541847489150651, 0.02727836329820211, 0.0328580285182889, 0.0365778053316801, 0.041537507749535026, 0.050216986980781156, 0.05579665220086795, 0.06075635461872288, 0.49101053936763794, 0.49659020458772474, 0.5040297582145071, 1.0]",4.0,2.0,2.0,2.0,2.0,2,9.62682,8.0,-12.0,hrl_dqn_apf,hierarchical,dqn,18.689,9.785,8.038,0.00,0.00,0.00,8.248,9.839,-1.606,0.00,0.00,0.00,4.729,6.639,-7.237,0.00,0.00,0.00,3.000,3.000,3.000
2026-02-04 17:35:33,645.69,29,395,424,6.84%,164.97,1.80%,"[0, 5, 10, 15, 20, 25, 30, 35, 40, 45, 50, 55, 60, 65, 70, 75, 80, 85, 90, 95, 100]","[5, 7, 1, 2, 9, 5, 6, 0, 7, 3, 9, 6, 8, 15, 9, 7, 694, 9, 11, 800]","[0.0030998140111593306, 0.007439553626782393, 0.008059516429014259, 0.009299442033477991, 0.014879107253564786, 0.017978921264724116, 0.02169869807811531, 0.02169869807811531, 0.026038437693738377, 0.027898326100433975, 0.03347799132052077, 0.037197768133911964, 0.04215747055176689, 0.05145691258524489, 0.05703657780533168, 0.06137631742095474, 0.4916305021698698, 0.4972101673899566, 0.5040297582145071, 1.0]",4.0,2.0,2.0,2.0,2.0,0,-2.5335599999999996,8.0,-12.0,hrl_dqn_apf,hierarchical,dqn,18.163,9.813,8.285,0.00,0.00,0.00,7.486,9.836,-1.610,0.00,0.00,0.00,4.759,6.664,-7.970,0.00,0.00,0.00,3.000,3.000,3.000
2026-02-04 17:35:34,646.69,28,398,426,6.57%,165.03,1.74%,"[0, 5, 10, 15, 20, 25, 30, 35, 40, 45, 50, 55, 60, 65, 70, 75, 80, 85, 90, 95, 100]","[4, 7, 1, 3, 8, 5, 6, 2, 6, 5, 8, 8, 7, 11, 11, 7, 694, 9, 11, 800]","[0.0024798512089274642, 0.006819590824550527, 0.007439553626782393, 0.009299442033477991, 0.01425914445133292, 0.01735895846249225, 0.021078735275883446, 0.022318660880347178, 0.026038437693738377, 0.029138251704897707, 0.034097954122752634, 0.03905765654060756, 0.04339739615623062, 0.050216986980781156, 0.05703657780533168, 0.06137631742095474, 0.4916305021698698, 0.4972101673899566, 0.5040297582145071, 1.0]",4.0,2.0,2.0,2.0,2.0,12,9.30632,8.0,0.0,hrl_dqn_apf,hierarchical,dqn,17.470,9.813,8.361,0.00,0.00,0.00,6.743,9.854,-1.611,0.00,0.00,0.00,5.166,6.721,-8.332,0.00,0.00,0.00,3.000,3.000,3.000
2026-02-04 17:35:35,647.70,29,395,424,6.84%,165.10,1.80%,"[0, 5, 10, 15, 20, 25, 30, 35, 40, 45, 50, 55, 60, 65, 70, 75, 80, 85, 90, 95, 100]","[4, 7, 2, 3, 6, 7, 6, 3, 6, 3, 9, 7, 8, 11, 11, 6, 695, 9, 11, 799]","[0.0024798512089274642, 0.006819590824550527, 0.008059516429014259, 0.009919404835709857, 0.013639181649101054, 0.017978921264724116, 0.02169869807811531, 0.023558586484810913, 0.02727836329820211, 0.029138251704897707, 0.0347179169249845, 0.03905765654060756, 0.04401735895846249, 0.05083694978301302, 0.05765654060756355, 0.06137631742095474, 0.4922504649721017, 0.49783013019218847, 0.504649721016739, 1.0]",4.0,2.0,2.0,2.0,2.0,12,9.30632,8.0,0.0,hrl_dqn_apf,hierarchical,dqn,16.728,9.810,8.385,0.00,0.00,0.00,6.652,9.998,-1.611,0.00,0.00,0.00,5.822,6.725,-8.447,0.00,0.00,0.00,3.000,3.000,3.000
2026-02-04 17:35:36,648.70,30,394,424,7.08%,165.27,1.86%,"[0, 5, 10, 15, 20, 25, 30, 35, 40, 45, 50, 55, 60, 65, 70, 75, 80, 85, 90, 95, 100]","[2, 7, 5, 2, 5, 9, 3, 6, 5, 3, 9, 7, 5, 12, 10, 8, 694, 11, 10, 800]","[0.0012399256044637321, 0.005579665220086794, 0.008679479231246125, 0.009919404835709857, 0.013019218846869188, 0.018598884066955982, 0.02045877247365158, 0.02417854928704278, 0.02727836329820211, 0.029138251704897707, 0.0347179169249845, 0.03905765654060756, 0.04215747055176689, 0.04959702417854929, 0.05579665220086795, 0.06075635461872288, 0.49101053936763794, 0.49783013019218847, 0.5040297582145071, 1.0]",4.0,2.0,2.0,2.0,2.0,5,-2.85389,8.0,-6.0,hrl_dqn_apf,hierarchical,dqn,16.001,9.898,7.567,0.00,0.00,0.00,7.737,9.742,-1.611,0.00,0.00,0.00,5.805,6.894,-8.491,0.00,0.00,0.00,3.000,3.000,3.000
2026-02-04 17:35:37,649.70,29,397,426,6.81%,165.32,1.80%,"[0, 5, 10, 15, 20, 25, 30, 35, 40, 45, 50, 55, 60, 65, 70, 75, 80, 85, 90, 95, 100]","[2, 6, 6, 2, 3, 10, 4, 6, 5, 3, 9, 7, 5, 10, 11, 8, 695, 10, 11, 800]","[0.0012399256044637321, 0.0049597024178549285, 0.008679479231246125, 0.009919404835709857, 0.011779293242405457, 0.017978921264724116, 0.02045877247365158, 0.02417854928704278, 0.02727836329820211, 0.029138251704897707, 0.0347179169249845, 0.03905765654060756, 0.04215747055176689, 0.04835709857408556, 0.05517668939863608, 0.06013639181649101, 0.49101053936763794, 0.4972101673899566, 0.5040297582145071, 1.0]",4.0,2.0,2.0,2.0,2.0,5,-3.0159400000000005,8.0,-6.0,hrl_dqn_apf,hierarchical,dqn,15.892,9.930,6.904,0.00,0.00,0.00,7.957,9.545,-1.555,0.00,0.00,0.00,5.150,6.895,-8.495,0.00,0.00,0.00,3.000,3.000,3.000
2026-02-04 17:35:38,650.70,27,397,424,6.37%,165.40,1.67%,"[0, 5, 10, 15, 20, 25, 30, 35, 40, 45, 50, 55, 60, 65, 70, 75, 80, 85, 90, 95, 100]","[2, 5, 7, 2, 2, 9, 5, 7, 5, 3, 9, 7, 6, 10, 11, 8, 694, 10, 13, 798]","[0.0012399256044637321, 0.0043397396156230625, 0.008679479231246125, 0.009919404835709857, 0.011159330440173589, 0.016738995660260384, 0.019838809671419714, 0.02417854928704278, 0.02727836329820211, 0.029138251704897707, 0.0347179169249845, 0.03905765654060756, 0.04277743335399876, 0.048977061376317424, 0.05579665220086795, 0.06075635461872288, 0.49101053936763794, 0.4972101673899566, 0.5052696838189709, 1.0]",4.0,2.0,2.0,2.0,2.0,5,-3.0159400000000005,8.0,-6.0,hrl_dqn_apf,hierarchical,dqn,15.423,9.972,6.598,0.00,0.00,0.00,8.020,9.579,-1.098,0.00,0.00,0.00,4.416,6.892,-8.496,0.00,0.00,0.00,3.000,3.000,3.000
2026-02-04 17:35:39,651.70,26,400,426,6.10%,165.45,1.61%,"[0, 5, 10, 15, 20, 25, 30, 35, 40, 45, 50, 55, 60, 65, 70, 75, 80, 85, 90, 95, 100]","[2, 4, 7, 1, 4, 8, 5, 7, 5, 3, 11, 7, 6, 9, 9, 11, 693, 11, 12, 798]","[0.0012399256044637321, 0.0037197768133911966, 0.008059516429014259, 0.008679479231246125, 0.011159330440173589, 0.016119032858028518, 0.019218846869187848, 0.023558586484810913, 0.026658400495970243, 0.02851828890266584, 0.035337879727216366, 0.03967761934283943, 0.04339739615623062, 0.048977061376317424, 0.05455672659640422, 0.06137631742095474, 0.49101053936763794, 0.49783013019218847, 0.5052696838189709, 1.0]",4.0,2.0,2.0,2.0,2.0,21,2.82409,8.0,12.0,hrl_dqn_apf,hierarchical,dqn,14.747,9.973,6.502,0.00,0.00,0.00,8.039,9.583,-0.426,0.00,0.00,0.00,3.664,6.888,-8.497,0.00,0.00,0.00,3.000,3.000,3.000
2026-02-04 17:35:40,652.70,23,404,427,5.39%,165.51,1.43%,"[0, 5, 10, 15, 20, 25, 30, 35, 40, 45, 50, 55, 60, 65, 70, 75, 80, 85, 90, 95, 100]","[1, 3, 7, 3, 3, 6, 7, 6, 7, 3, 8, 8, 7, 8, 9, 12, 693, 12, 12, 798]","[0.0006199628022318661, 0.0024798512089274642, 0.006819590824550527, 0.008679479231246125, 0.010539367637941723, 0.01425914445133292, 0.018598884066955982, 0.022318660880347178, 0.026658400495970243, 0.02851828890266584, 0.03347799132052077, 0.038437693738375696, 0.04277743335399876, 0.04773713577185369, 0.053316800991940486, 0.06075635461872288, 0.4903905765654061, 0.49783013019218847, 0.5052696838189709, 1.0]",4.0,2.0,2.0,2.0,2.0,5,-3.3361400000000003,8.0,-6.0,hrl_dqn_apf,hierarchical,dqn,13.253,9.967,6.462,0.00,0.00,0.00,8.047,9.580,1.067,0.00,0.00,0.00,2.143,6.882,-8.499,0.00,0.00,0.00,3.000,3.000,3.000
2026-02-04 17:35:41,653.71,21,406,427,4.92%,165.53,1.30%,"[0, 5, 10, 15, 20, 25, 30, 35, 40, 45, 50, 55, 60, 65, 70, 75, 80, 85, 90, 95, 100]","[1, 1, 7, 5, 3, 4, 9, 4, 9, 2, 9, 8, 7, 7, 10, 8, 696, 11, 14, 798]","[0.0006199628022318661, 0.0012399256044637321, 0.005579665220086794, 0.008679479231246125, 0.010539367637941723, 0.013019218846869188, 0.018598884066955982, 0.021078735275883446, 0.026658400495970243, 0.027898326100433975, 0.03347799132052077, 0.038437693738375696, 0.04277743335399876, 0.047117172969621826, 0.053316800991940486, 0.05827650340979541, 0.4897706137631742, 0.49659020458772474, 0.5052696838189709, 1.0]",4.0,2.0,2.0,2.0,2.0,5,-3.3361400000000003,8.0,-6.0,hrl_dqn_apf,hierarchical,dqn,12.546,10.005,6.512,0.00,0.00,0.00,8.047,9.577,1.826,0.00,0.00,0.00,1.382,6.879,-8.500,0.00,0.00,0.00,3.000,3.000,3.000
2026-02-04 17:35:42,654.71,20,407,427,4.68%,165.59,1.24%,"[0, 5, 10, 15, 20, 25, 30, 35, 40, 45, 50, 55, 60, 65, 70, 75, 80, 85, 90, 95, 100]","[1, 1, 6, 6, 2, 4, 9, 5, 9, 2, 9, 8, 7, 7, 7, 10, 697, 11, 13, 799]","[0.0006199628022318661, 0.0012399256044637321, 0.0049597024178549285, 0.008679479231246125, 0.009919404835709857, 0.012399256044637322, 0.017978921264724116, 0.021078735275883446, 0.026658400495970243, 0.027898326100433975, 0.03347799132052077, 0.038437693738375696, 0.04277743335399876, 0.047117172969621826, 0.05145691258524489, 0.05765654060756355, 0.4897706137631742, 0.49659020458772474, 0.504649721016739, 1.0]",4.0,2.0,2.0,2.0,2.0,22,8.58348,8.0,12.0,hrl_dqn_apf,hierarchical,dqn,12.223,9.967,6.950,0.00,0.00,0.00,8.047,9.574,2.585,0.00,0.00,0.00,0.622,6.876,-8.500,0.00,0.00,0.00,3.000,3.000,3.000
2026-02-04 17:35:43,655.71,18,409,427,4.22%,165.62,1.12%,"[0, 5, 10, 15, 20, 25, 30, 35, 40, 45, 50, 55, 60, 65, 70, 75, 80, 85, 90, 95, 100]","[1, 1, 5, 7, 2, 2, 11, 4, 10, 2, 9, 8, 7, 7, 7, 11, 696, 11, 13, 799]","[0.0006199628022318661, 0.0012399256044637321, 0.0043397396156230625, 0.008679479231246125, 0.009919404835709857, 0.011159330440173589, 0.017978921264724116, 0.02045877247365158, 0.026658400495970243, 0.027898326100433975, 0.03347799132052077, 0.038437693738375696, 0.04277743335399876, 0.047117172969621826, 0.05145691258524489, 0.05827650340979541, 0.4897706137631742, 0.49659020458772474, 0.504649721016739, 1.0]",4.0,2.0,2.0,2.0,2.0,3,14.4235,8.0,-12.0,hrl_dqn_apf,hierarchical,dqn,12.113,9.568,7.282,0.00,0.00,0.00,8.046,9.571,3.349,0.00,0.00,0.00,-0.141,6.873,-8.501,0.00,0.00,0.00,3.000,3.000,3.000
2026-02-04 17:35:44,656.71,18,409,427,4.22%,165.71,1.12%,"[0, 5, 10, 15, 20, 25, 30, 35, 40, 45, 50, 55, 60, 65, 70, 75, 80, 85, 90, 95, 100]","[0, 2, 2, 8, 2, 4, 8, 6, 8, 4, 9, 7, 7, 9, 6, 10, 698, 10, 15, 798]","[0.0, 0.0012399256044637321, 0.0024798512089274642, 0.007439553626782393, 0.008679479231246125, 0.011159330440173589, 0.016119032858028518, 0.019838809671419714, 0.024798512089274645, 0.02727836329820211, 0.0328580285182889, 0.037197768133911964, 0.041537507749535026, 0.047117172969621826, 0.05083694978301302, 0.05703657780533168, 0.4897706137631742, 0.49597024178549287, 0.5052696838189709, 1.0]",4.0,2.0,2.0,2.0,2.0,3,14.4235,8.0,-12.0,hrl_dqn_apf,hierarchical,dqn,12.072,9.586,8.246,0.00,0.00,0.00,8.046,9.753,3.234,0.00,0.00,0.00,-1.570,6.922,-8.406,0.00,0.00,0.00,3.000,3.000,3.000
2026-02-04 17:35:45,657.71,17,411,428,3.97%,165.75,1.05%,"[0, 5, 10, 15, 20, 25, 30, 35, 40, 45, 50, 55, 60, 65, 70, 75, 80, 85, 90, 95, 100]","[0, 2, 2, 8, 2, 3, 7, 10, 9, 4, 9, 6, 7, 9, 5, 11, 698, 10, 15, 796]","[0.0, 0.0012399256044637321, 0.0024798512089274642, 0.007439553626782393, 0.008679479231246125, 0.010539367637941723, 0.014879107253564786, 0.021078735275883446, 0.026658400495970243, 0.029138251704897707, 0.0347179169249845, 0.038437693738375696, 0.04277743335399876, 0.04835709857408556, 0.05145691258524489, 0.05827650340979541, 0.49101053936763794, 0.4972101673899566, 0.5065096094234346, 1.0]",4.0,2.0,2.0,2.0,2.0,17,8.2633,8.0,6.0,hrl_dqn_apf,hierarchical,dqn,12.068,9.586,8.968,0.00,0.00,0.00,8.046,9.753,2.572,0.00,0.00,0.00,-1.840,6.956,-7.905,0.00,0.00,0.00,3.000,3.000,3.000
2026-02-04 17:35:46,658.72,19,407,426,4.46%,165.81,1.18%,"[0, 5, 10, 15, 20, 25, 30, 35, 40, 45, 50, 55, 60, 65, 70, 75, 80, 85, 90, 95, 100]","[2, 1, 1, 7, 5, 3, 5, 9, 10, 4, 8, 7, 7, 9, 4, 10, 698, 11, 14, 798]","[0.0012399256044637321, 0.0018598884066955983, 0.0024798512089274642, 0.006819590824550527, 0.009919404835709857, 0.011779293242405457, 0.014879107253564786, 0.02045877247365158, 0.026658400495970243, 0.029138251704897707, 0.034097954122752634, 0.038437693738375696, 0.04277743335399876, 0.04835709857408556, 0.05083694978301302, 0.05703657780533168, 0.4897706137631742, 0.49659020458772474, 0.5052696838189709, 1.0]",4.0,2.0,2.0,2.0,2.0,11,2.1029400000000003,8.0,0.0,hrl_dqn_apf,hierarchical,dqn,12.057,9.597,9.711,0.00,0.00,0.00,8.046,9.750,1.835,0.00,0.00,0.00,-1.925,6.957,-7.215,0.00,0.00,0.00,3.000,3.000,3.000
2026-02-04 17:35:47,659.72,19,405,424,4.48%,165.86,1.18%,"[0, 5, 10, 15, 20, 25, 30, 35, 40, 45, 50, 55, 60, 65, 70, 75, 80, 85, 90, 95, 100]","[1, 2, 1, 8, 5, 2, 5, 9, 9, 6, 8, 7, 7, 9, 4, 8, 697, 14, 15, 796]","[0.0006199628022318661, 0.0018598884066955983, 0.0024798512089274642, 0.007439553626782393, 0.010539367637941723, 0.011779293242405457, 0.014879107253564786, 0.02045877247365158, 0.026038437693738377, 0.029758214507129573, 0.0347179169249845, 0.03905765654060756, 0.04339739615623062, 0.048977061376317424, 0.05145691258524489, 0.056416615003099815, 0.4885306881587105, 0.4972101673899566, 0.5065096094234346, 1.0]",4.0,2.0,2.0,2.0,2.0,11,2.1029400000000003,8.0,0.0,hrl_dqn_apf,hierarchical,dqn,11.708,9.666,10.129,0.00,0.00,0.00,8.047,9.747,1.080,0.00,0.00,0.00,-1.951,6.954,-6.472,0.00,0.00,0.00,3.000,3.000,3.000
2026-02-04 17:35:48,660.72,18,406,424,4.25%,165.94,1.12%,"[0, 5, 10, 15, 20, 25, 30, 35, 40, 45, 50, 55, 60, 65, 70, 75, 80, 85, 90, 95, 100]","[3, 2, 1, 4, 8, 0, 4, 9, 10, 7, 8, 7, 8, 9, 4, 6, 697, 16, 12, 798]","[0.0018598884066955983, 0.0030998140111593306, 0.0037197768133911966, 0.006199628022318661, 0.011159330440173589, 0.011159330440173589, 0.013639181649101054, 0.019218846869187848, 0.02541847489150651, 0.029758214507129573, 0.0347179169249845, 0.03905765654060756, 0.04401735895846249, 0.04959702417854929, 0.052076875387476754, 0.05579665220086795, 0.4879107253564786, 0.49783013019218847, 0.5052696838189709, 1.0]",4.0,2.0,2.0,2.0,2.0,6,1.9428900000000002,8.0,-6.0,hrl_dqn_apf,hierarchical,dqn,10.470,9.733,10.177,0.00,0.00,0.00,8.048,9.740,-0.439,0.00,0.00,0.00,-1.963,6.948,-4.958,0.00,0.00,0.00,3.000,3.000,3.000
2026-02-04 17:35:49,661.72,18,400,418,4.31%,166.01,1.12%,"[0, 5, 10, 15, 20, 25, 30, 35, 40, 45, 50, 55, 60, 65, 70, 75, 80, 85, 90, 95, 100]","[4, 1, 1, 3, 7, 2, 5, 9, 10, 6, 9, 8, 8, 7, 7, 5, 696, 17, 12, 796]","[0.0024798512089274642, 0.0030998140111593306, 0.0037197768133911966, 0.005579665220086794, 0.009919404835709857, 0.011159330440173589, 0.01425914445133292, 0.019838809671419714, 0.026038437693738377, 0.029758214507129573, 0.035337879727216366, 0.040297582145071294, 0.04525728456292622, 0.04959702417854929, 0.05393676379417235, 0.05703657780533168, 0.4885306881587105, 0.4990700557966522, 0.5065096094234346, 1.0]",4.0,2.0,2.0,2.0,2.0,6,1.9428900000000002,8.0,-6.0,hrl_dqn_apf,hierarchical,dqn,10.236,9.761,9.658,0.00,0.00,0.00,7.997,9.777,-1.152,0.00,0.00,0.00,-1.965,6.945,-4.195,0.00,0.00,0.00,3.000,3.000,3.000
2026-02-04 17:35:50,662.72,19,405,424,4.48%,166.11,1.18%,"[0, 5, 10, 15, 20, 25, 30, 35, 40, 45, 50, 55, 60, 65, 70, 75, 80, 85, 90, 95, 100]","[5, 1, 1, 2, 8, 2, 4, 7, 13, 5, 10, 8, 5, 10, 5, 5, 697, 17, 11, 797]","[0.0030998140111593306, 0.0037197768133911966, 0.0043397396156230625, 0.005579665220086794, 0.010539367637941723, 0.011779293242405457, 0.01425914445133292, 0.018598884066955982, 0.026658400495970243, 0.029758214507129573, 0.03595784252944823, 0.04091754494730316, 0.04401735895846249, 0.050216986980781156, 0.053316800991940486, 0.056416615003099815, 0.4885306881587105, 0.4990700557966522, 0.5058896466212027, 1.0]",4.0,2.0,2.0,2.0,2.0,20,-4.21721,8.0,12.0,hrl_dqn_apf,hierarchical,dqn,10.150,9.772,8.959,0.00,0.00,0.00,7.536,9.824,-1.479,0.00,0.00,0.00,-1.966,6.941,-3.415,0.00,0.00,0.00,3.000,3.000,3.000
2026-02-04 17:35:51,663.73,19,407,426,4.46%,166.24,1.18%,"[0, 5, 10, 15, 20, 25, 30, 35, 40, 45, 50, 55, 60, 65, 70, 75, 80, 85, 90, 95, 100]","[5, 2, 0, 2, 5, 5, 4, 7, 11, 7, 10, 7, 6, 9, 6, 3, 697, 17, 12, 798]","[0.0030998140111593306, 0.0043397396156230625, 0.0043397396156230625, 0.005579665220086794, 0.008679479231246125, 0.011779293242405457, 0.01425914445133292, 0.018598884066955982, 0.02541847489150651, 0.029758214507129573, 0.03595784252944823, 0.040297582145071294, 0.04401735895846249, 0.04959702417854929, 0.053316800991940486, 0.05517668939863608, 0.48729076255424675, 0.49783013019218847, 0.5052696838189709, 1.0]",4.0,2.0,2.0,2.0,2.0,10,-4.37762,8.0,0.0,hrl_dqn_apf,hierarchical,dqn,9.783,9.831,8.571,0.00,0.00,0.00,6.878,9.827,-1.577,0.00,0.00,0.00,-1.967,6.938,-2.669,0.00,0.00,0.00,3.000,3.000,3.000
2026-02-04 17:35:52,664.73,19,407,426,4.46%,166.43,1.18%,"[0, 5, 10, 15, 20, 25, 30, 35, 40, 45, 50, 55, 60, 65, 70, 75, 80, 85, 90, 95, 100]","[4, 2, 1, 0, 6, 6, 2, 4, 15, 7, 12, 6, 7, 9, 6, 4, 694, 16, 15, 797]","[0.0024798512089274642, 0.0037197768133911966, 0.0043397396156230625, 0.0043397396156230625, 0.008059516429014259, 0.011779293242405457, 0.013019218846869188, 0.015499070055796652, 0.024798512089274645, 0.029138251704897707, 0.0365778053316801, 0.040297582145071294, 0.044637321760694355, 0.050216986980781156, 0.05393676379417235, 0.056416615003099815, 0.4866707997520149, 0.49659020458772474, 0.5058896466212027, 1.0]",4.0,2.0,2.0,2.0,2.0,10,-4.37762,8.0,0.0,hrl_dqn_apf,hierarchical,dqn,8.393,9.834,8.400,0.00,0.00,0.00,5.500,9.885,-1.485,0.00,0.00,0.00,-1.968,6.932,-1.128,0.00,0.00,0.00,3.000,3.000,3.000
2026-02-04 17:35:53,665.73,20,408,428,4.67%,166.49,1.24%,"[0, 5, 10, 15, 20, 25, 30, 35, 40, 45, 50, 55, 60, 65, 70, 75, 80, 85, 90, 95, 100]","[4, 3, 1, 0, 5, 7, 2, 4, 14, 7, 12, 5, 7, 10, 6, 4, 693, 18, 15, 796]","[0.0024798512089274642, 0.0043397396156230625, 0.0049597024178549285, 0.0049597024178549285, 0.008059516429014259, 0.012399256044637322, 0.013639181649101054, 0.016119032858028518, 0.024798512089274645, 0.029138251704897707, 0.0365778053316801, 0.03967761934283943, 0.04401735895846249, 0.050216986980781156, 0.05393676379417235, 0.056416615003099815, 0.486050836949783, 0.4972101673899566, 0.5065096094234346, 1.0]",4.0,2.0,2.0,2.0,2.0,21,1.4634299999999998,8.0,12.0,hrl_dqn_apf,hierarchical,dqn,7.639,9.831,8.388,0.00,0.00,0.00,5.264,9.911,-0.951,0.00,0.00,0.00,-1.932,6.962,-0.401,0.00,0.00,0.00,3.000,3.000,3.000
2026-02-04 17:35:54,666.73,19,408,427,4.45%,166.52,1.18%,"[0, 5, 10, 15, 20, 25, 30, 35, 40, 45, 50, 55, 60, 65, 70, 75, 80, 85, 90, 95, 100]","[4, 3, 1, 0, 3, 8, 2, 6, 13, 8, 11, 7, 7, 10, 4, 6, 692, 15, 18, 795]","[0.0024798512089274642, 0.0043397396156230625, 0.0049597024178549285, 0.0049597024178549285, 0.006819590824550527, 0.011779293242405457, 0.013019218846869188, 0.016738995660260384, 0.024798512089274645, 0.029758214507129573, 0.0365778053316801, 0.04091754494730316, 0.04525728456292622, 0.05145691258524489, 0.05393676379417235, 0.05765654060756355, 0.4866707997520149, 0.49597024178549287, 0.5071295722256665, 1.0]",4.0,2.0,2.0,2.0,2.0,8,13.30242,8.0,-6.0,hrl_dqn_apf,hierarchical,dqn,6.881,9.828,8.383,0.00,0.00,0.00,5.190,9.911,-0.255,0.00,0.00,0.00,-1.511,7.015,-0.054,0.00,0.00,0.00,3.000,3.000,3.000
2026-02-04 17:35:55,667.73,19,408,427,4.45%,166.60,1.18%,"[0, 5, 10, 15, 20, 25, 30, 35, 40, 45, 50, 55, 60, 65, 70, 75, 80, 85, 90, 95, 100]","[5, 3, 1, 0, 2, 8, 3, 6, 11, 9, 10, 8, 7, 8, 6, 4, 694, 15, 18, 795]","[0.0030998140111593306, 0.0049597024178549285, 0.005579665220086794, 0.005579665220086794, 0.006819590824550527, 0.011779293242405457, 0.013639181649101054, 0.01735895846249225, 0.02417854928704278, 0.029758214507129573, 0.03595784252944823, 0.04091754494730316, 0.04525728456292622, 0.050216986980781156, 0.05393676379417235, 0.056416615003099815, 0.4866707997520149, 0.49597024178549287, 0.5071295722256665, 1.0]",4.0,2.0,2.0,2.0,2.0,8,13.30242,8.0,-6.0,hrl_dqn_apf,hierarchical,dqn,6.121,9.825,8.382,0.00,0.00,0.00,5.167,9.908,0.488,0.00,0.00,0.00,-0.850,7.018,0.055,0.00,0.00,0.00,3.000,3.000,3.000
2026-02-04 17:35:56,668.74,17,410,427,3.98%,166.67,1.05%,"[0, 5, 10, 15, 20, 25, 30, 35, 40, 45, 50, 55, 60, 65, 70, 75, 80, 85, 90, 95, 100]","[3, 4, 1, 1, 0, 8, 5, 5, 10, 10, 11, 9, 6, 8, 5, 7, 691, 16, 15, 798]","[0.0018598884066955983, 0.0043397396156230625, 0.0049597024178549285, 0.005579665220086794, 0.005579665220086794, 0.010539367637941723, 0.013639181649101054, 0.016738995660260384, 0.022938623682579044, 0.029138251704897707, 0.03595784252944823, 0.041537507749535026, 0.04525728456292622, 0.050216986980781156, 0.053316800991940486, 0.05765654060756355, 0.486050836949783, 0.49597024178549287, 0.5052696838189709, 1.0]",4.0,2.0,2.0,2.0,2.0,2,7.14179,8.0,-12.0,hrl_dqn_apf,hierarchical,dqn,5.418,9.913,7.543,0.00,0.00,0.00,5.024,9.964,1.875,0.00,0.00,0.00,0.639,7.013,0.101,0.00,0.00,0.00,3.000,3.000,3.000
2026-02-04 17:35:57,669.74,16,411,427,3.75%,166.70,0.99%,"[0, 5, 10, 15, 20, 25, 30, 35, 40, 45, 50, 55, 60, 65, 70, 75, 80, 85, 90, 95, 100]","[3, 4, 2, 1, 0, 6, 6, 4, 9, 11, 12, 9, 5, 9, 6, 7, 692, 13, 18, 796]","[0.0018598884066955983, 0.0043397396156230625, 0.005579665220086794, 0.006199628022318661, 0.006199628022318661, 0.009919404835709857, 0.013639181649101054, 0.016119032858028518, 0.02169869807811531, 0.02851828890266584, 0.03595784252944823, 0.041537507749535026, 0.044637321760694355, 0.050216986980781156, 0.05393676379417235, 0.05827650340979541, 0.48729076255424675, 0.495350278983261, 0.5065096094234346, 1.0]",4.0,2.0,2.0,2.0,2.0,15,-5.01821,8.0,6.0,hrl_dqn_apf,hierarchical,dqn,5.363,9.911,6.826,0.00,0.00,0.00,4.489,9.991,2.113,0.00,0.00,0.00,1.400,7.010,0.105,0.00,0.00,0.00,3.000,3.000,3.000
2026-02-04 17:35:58,670.74,16,411,427,3.75%,166.75,0.99%,"[0, 5, 10, 15, 20, 25, 30, 35, 40, 45, 50, 55, 60, 65, 70, 75, 80, 85, 90, 95, 100]","[3, 4, 3, 1, 0, 5, 7, 4, 8, 11, 12, 10, 6, 9, 5, 7, 692, 12, 19, 795]","[0.0018598884066955983, 0.0043397396156230625, 0.006199628022318661, 0.006819590824550527, 0.006819590824550527, 0.009919404835709857, 0.01425914445133292, 0.016738995660260384, 0.02169869807811531, 0.02851828890266584, 0.03595784252944823, 0.04215747055176689, 0.04587724736515809, 0.05145691258524489, 0.05455672659640422, 0.05889646621202728, 0.4879107253564786, 0.495350278983261, 0.5071295722256665, 1.0]",4.0,2.0,2.0,2.0,2.0,15,-5.01821,8.0,6.0,hrl_dqn_apf,hierarchical,dqn,5.349,9.936,6.101,0.00,0.00,0.00,3.814,10.075,2.177,0.00,0.00,0.00,2.156,6.983,0.105,0.00,0.00,0.00,3.000,3.000,3.000
2026-02-04 17:35:59,671.74,16,412,428,3.74%,166.82,0.99%,"[0, 5, 10, 15, 20, 25, 30, 35, 40, 45, 50, 55, 60, 65, 70, 75, 80, 85, 90, 95, 100]","[3, 4, 4, 1, 0, 4, 7, 3, 11, 11, 11, 10, 5, 9, 6, 5, 694, 11, 17, 797]","[0.0018598884066955983, 0.0043397396156230625, 0.006819590824550527, 0.007439553626782393, 0.007439553626782393, 0.009919404835709857, 0.01425914445133292, 0.016119032858028518, 0.022938623682579044, 0.029758214507129573, 0.0365778053316801, 0.04277743335399876, 0.04587724736515809, 0.05145691258524489, 0.05517668939863608, 0.05827650340979541, 0.4885306881587105, 0.495350278983261, 0.5058896466212027, 1.0]",4.0,2.0,2.0,2.0,2.0,10,-5.09834,8.0,0.0,hrl_dqn_apf,hierarchical,dqn,5.410,10.064,6.049,0.00,0.00,0.00,3.722,10.495,1.988,0.00,0.00,0.00,2.350,6.862,-0.065,0.00,0.00,0.00,3.000,3.000,3.000
2026-02-04 17:36:00,672.74,16,408,424,3.77%,166.92,0.99%,"[0, 5, 10, 15, 20, 25, 30, 35, 40, 45, 50, 55, 60, 65, 70, 75, 80, 85, 90, 95, 100]","[3, 5, 3, 3, 0, 2, 8, 5, 10, 9, 12, 10, 7, 9, 3, 5, 694, 12, 17, 796]","[0.0018598884066955983, 0.0049597024178549285, 0.006819590824550527, 0.008679479231246125, 0.008679479231246125, 0.009919404835709857, 0.014879107253564786, 0.017978921264724116, 0.02417854928704278, 0.029758214507129573, 0.037197768133911964, 0.04339739615623062, 0.04773713577185369, 0.053316800991940486, 0.05517668939863608, 0.05827650340979541, 0.4885306881587105, 0.49597024178549287, 0.5065096094234346, 1.0]",4.0,2.0,2.0,2.0,2.0,9,18.74109,8.0,-6.0,hrl_dqn_apf,hierarchical,dqn,5.768,9.781,7.072,0.00,0.00,0.00,4.239,10.732,0.996,0.00,0.00,0.00,1.530,6.482,-0.908,0.00,0.00,0.00,3.000,3.000,3.000
2026-02-04 17:36:01,673.75,14,410,424,3.30%,167.01,0.87%,"[0, 5, 10, 15, 20, 25, 30, 35, 40, 45, 50, 55, 60, 65, 70, 75, 80, 85, 90, 95, 100]","[4, 3, 4, 3, 0, 0, 8, 7, 10, 7, 14, 10, 8, 8, 4, 5, 694, 10, 18, 796]","[0.0024798512089274642, 0.0043397396156230625, 0.006819590824550527, 0.008679479231246125, 0.008679479231246125, 0.008679479231246125, 0.013639181649101054, 0.017978921264724116, 0.02417854928704278, 0.02851828890266584, 0.037197768133911964, 0.04339739615623062, 0.04835709857408556, 0.053316800991940486, 0.05579665220086795, 0.05889646621202728, 0.48915065096094235, 0.495350278983261, 0.5065096094234346, 1.0]",4.0,2.0,2.0,2.0,2.0,9,18.74109,8.0,-6.0,hrl_dqn_apf,hierarchical,dqn,5.844,9.606,7.213,0.00,0.00,0.00,4.328,10.308,0.781,0.00,0.00,0.00,0.869,6.499,-1.098,0.00,0.00,0.00,3.000,3.000,3.000
2026-02-04 17:36:02,674.75,16,408,424,3.77%,167.07,0.99%,"[0, 5, 10, 15, 20, 25, 30, 35, 40, 45, 50, 55, 60, 65, 70, 75, 80, 85, 90, 95, 100]","[4, 3, 4, 3, 1, 1, 6, 9, 8, 9, 13, 11, 8, 7, 5, 5, 693, 11, 15, 797]","[0.0024798512089274642, 0.0043397396156230625, 0.006819590824550527, 0.008679479231246125, 0.009299442033477991, 0.009919404835709857, 0.013639181649101054, 0.019218846869187848, 0.02417854928704278, 0.029758214507129573, 0.03781773093614383, 0.044637321760694355, 0.04959702417854929, 0.05393676379417235, 0.05703657780533168, 0.06013639181649101, 0.4897706137631742, 0.49659020458772474, 0.5058896466212027, 1.0]",4.0,2.0,2.0,2.0,2.0,11,0.42100000000000026,8.0,0.0,hrl_dqn_apf,hierarchical,dqn,5.867,9.650,6.808,0.00,0.00,0.00,4.356,9.892,0.713,0.00,0.00,0.00,0.138,6.507,-1.153,0.00,0.00,0.00,3.000,3.000,3.000
2026-02-04 17:36:03,675.75,16,406,422,3.79%,167.11,0.99%,"[0, 5, 10, 15, 20, 25, 30, 35, 40, 45, 50, 55, 60, 65, 70, 75, 80, 85, 90, 95, 100]","[6, 2, 4, 3, 1, 0, 5, 10, 9, 7, 15, 11, 8, 7, 5, 5, 693, 11, 15, 796]","[0.0037197768133911966, 0.0049597024178549285, 0.007439553626782393, 0.009299442033477991, 0.009919404835709857, 0.009919404835709857, 0.013019218846869188, 0.019218846869187848, 0.024798512089274645, 0.029138251704897707, 0.038437693738375696, 0.04525728456292622, 0.050216986980781156, 0.05455672659640422, 0.05765654060756355, 0.06075635461872288, 0.4903905765654061, 0.4972101673899566, 0.5065096094234346, 1.0]",4.0,2.0,2.0,2.0,2.0,24,18.42077,8.0,12.0,hrl_dqn_apf,hierarchical,dqn,5.874,9.655,6.150,0.00,0.00,0.00,4.365,9.485,0.693,0.00,0.00,0.00,-0.310,6.584,-0.861,0.00,0.00,0.00,3.000,3.000,3.000
2026-02-04 17:36:04,676.75,18,408,426,4.23%,167.36,1.12%,"[0, 5, 10, 15, 20, 25, 30, 35, 40, 45, 50, 55, 60, 65, 70, 75, 80, 85, 90, 95, 100]","[9, 1, 4, 3, 1, 0, 2, 11, 9, 9, 14, 10, 8, 8, 5, 4, 694, 11, 14, 796]","[0.005579665220086794, 0.006199628022318661, 0.008679479231246125, 0.010539367637941723, 0.011159330440173589, 0.011159330440173589, 0.012399256044637322, 0.019218846869187848, 0.024798512089274645, 0.03037817730936144, 0.03905765654060756, 0.04525728456292622, 0.050216986980781156, 0.05517668939863608, 0.05827650340979541, 0.06075635461872288, 0.49101053936763794, 0.49783013019218847, 0.5065096094234346, 1.0]",4.0,2.0,2.0,2.0,2.0,24,18.42077,8.0,12.0,hrl_dqn_apf,hierarchical,dqn,6.711,9.739,5.478,0.00,0.00,0.00,4.368,9.532,1.528,0.00,0.00,0.00,-0.403,6.648,0.386,0.00,0.00,0.00,3.000,3.000,3.000
2026-02-04 17:36:05,677.75,18,406,424,4.25%,167.49,1.12%,"[0, 5, 10, 15, 20, 25, 30, 35, 40, 45, 50, 55, 60, 65, 70, 75, 80, 85, 90, 95, 100]","[7, 2, 5, 3, 1, 0, 2, 11, 8, 9, 12, 12, 9, 8, 5, 3, 693, 12, 13, 798]","[0.0043397396156230625, 0.005579665220086794, 0.008679479231246125, 0.010539367637941723, 0.011159330440173589, 0.011159330440173589, 0.012399256044637322, 0.019218846869187848, 0.02417854928704278, 0.029758214507129573, 0.037197768133911964, 0.044637321760694355, 0.050216986980781156, 0.05517668939863608, 0.05827650340979541, 0.06013639181649101, 0.4897706137631742, 0.4972101673899566, 0.5052696838189709, 1.0]",4.0,2.0,2.0,2.0,2.0,17,6.2608,8.0,6.0,hrl_dqn_apf,hierarchical,dqn,7.399,9.769,5.474,0.00,0.00,0.00,4.339,9.595,2.139,0.00,0.00,0.00,0.088,6.682,0.640,0.00,0.00,0.00,3.000,3.000,3.000
2026-02-04 17:36:06,678.76,18,406,424,4.25%,167.60,1.12%,"[0, 5, 10, 15, 20, 25, 30, 35, 40, 45, 50, 55, 60, 65, 70, 75, 80, 85, 90, 95, 100]","[7, 2, 3, 5, 1, 0, 0, 9, 12, 9, 11, 12, 10, 8, 4, 4, 693, 12, 12, 799]","[0.0043397396156230625, 0.005579665220086794, 0.007439553626782393, 0.010539367637941723, 0.011159330440173589, 0.011159330440173589, 0.011159330440173589, 0.016738995660260384, 0.02417854928704278, 0.029758214507129573, 0.0365778053316801, 0.04401735895846249, 0.050216986980781156, 0.05517668939863608, 0.05765654060756355, 0.06013639181649101, 0.4897706137631742, 0.4972101673899566, 0.504649721016739, 1.0]",4.0,2.0,2.0,2.0,2.0,24,18.100740000000002,8.0,12.0,hrl_dqn_apf,hierarchical,dqn,7.945,9.807,5.860,0.00,0.00,0.00,4.097,9.662,2.044,0.00,0.00,0.00,0.791,6.682,0.721,0.00,0.00,0.00,3.000,3.000,3.000
2026-02-04 17:36:07,679.76,19,409,428,4.44%,167.68,1.18%,"[0, 5, 10, 15, 20, 25, 30, 35, 40, 45, 50, 55, 60, 65, 70, 75, 80, 85, 90, 95, 100]","[9, 1, 3, 4, 1, 1, 0, 9, 11, 8, 13, 12, 10, 9, 3, 5, 693, 11, 13, 797]","[0.005579665220086794, 0.006199628022318661, 0.008059516429014259, 0.010539367637941723, 0.011159330440173589, 0.011779293242405457, 0.011779293242405457, 0.01735895846249225, 0.02417854928704278, 0.029138251704897707, 0.037197768133911964, 0.044637321760694355, 0.05083694978301302, 0.056416615003099815, 0.05827650340979541, 0.06137631742095474, 0.49101053936763794, 0.49783013019218847, 0.5058896466212027, 1.0]",4.0,2.0,2.0,2.0,2.0,24,18.100740000000002,8.0,12.0,hrl_dqn_apf,hierarchical,dqn,8.442,9.820,6.397,0.00,0.00,0.00,3.689,9.654,1.593,0.00,0.00,0.00,1.534,6.679,0.745,0.00,0.00,0.00,3.000,3.000,3.000
2026-02-04 17:36:08,680.76,20,407,427,4.68%,167.87,1.24%,"[0, 5, 10, 15, 20, 25, 30, 35, 40, 45, 50, 55, 60, 65, 70, 75, 80, 85, 90, 95, 100]","[6, 4, 1, 4, 3, 2, 0, 5, 15, 6, 13, 13, 9, 10, 3, 6, 694, 10, 14, 795]","[0.0037197768133911966, 0.006199628022318661, 0.006819590824550527, 0.009299442033477991, 0.011159330440173589, 0.012399256044637322, 0.012399256044637322, 0.015499070055796652, 0.024798512089274645, 0.02851828890266584, 0.0365778053316801, 0.044637321760694355, 0.050216986980781156, 0.056416615003099815, 0.05827650340979541, 0.06199628022318661, 0.4922504649721017, 0.49845009299442034, 0.5071295722256665, 1.0]",4.0,2.0,2.0,2.0,2.0,7,5.94029,8.0,-6.0,hrl_dqn_apf,hierarchical,dqn,8.906,9.974,6.044,0.00,0.00,0.00,4.064,10.402,1.445,0.00,0.00,0.00,1.563,6.286,0.464,0.00,0.00,0.00,3.000,3.000,3.000
2026-02-04 17:36:09,681.76,21,406,427,4.92%,168.03,1.30%,"[0, 5, 10, 15, 20, 25, 30, 35, 40, 45, 50, 55, 60, 65, 70, 75, 80, 85, 90, 95, 100]","[7, 4, 1, 4, 3, 2, 0, 4, 14, 8, 13, 13, 9, 10, 3, 5, 693, 10, 15, 795]","[0.0043397396156230625, 0.006819590824550527, 0.007439553626782393, 0.009919404835709857, 0.011779293242405457, 0.013019218846869188, 0.013019218846869188, 0.015499070055796652, 0.02417854928704278, 0.029138251704897707, 0.037197768133911964, 0.04525728456292622, 0.05083694978301302, 0.05703657780533168, 0.05889646621202728, 0.06199628022318661, 0.4916305021698698, 0.49783013019218847, 0.5071295722256665, 1.0]",4.0,2.0,2.0,2.0,2.0,5,-6.21978,8.0,-6.0,hrl_dqn_apf,hierarchical,dqn,8.943,9.973,5.364,0.00,0.00,0.00,4.659,10.422,1.658,0.00,0.00,0.00,1.042,6.120,0.217,0.00,0.00,0.00,3.000,3.000,3.000
2026-02-04 17:36:10,682.76,21,412,433,4.85%,168.16,1.30%,"[0, 5, 10, 15, 20, 25, 30, 35, 40, 45, 50, 55, 60, 65, 70, 75, 80, 85, 90, 95, 100]","[6, 4, 2, 4, 3, 2, 0, 3, 15, 8, 12, 12, 11, 9, 4, 5, 691, 11, 13, 798]","[0.0037197768133911966, 0.006199628022318661, 0.007439553626782393, 0.009919404835709857, 0.011779293242405457, 0.013019218846869188, 0.013019218846869188, 0.014879107253564786, 0.02417854928704278, 0.029138251704897707, 0.0365778053316801, 0.04401735895846249, 0.05083694978301302, 0.056416615003099815, 0.05889646621202728, 0.06199628022318661, 0.4903905765654061, 0.4972101673899566, 0.5052696838189709, 1.0]",4.0,2.0,2.0,2.0,2.0,5,-6.21978,8.0,-6.0,hrl_dqn_apf,hierarchical,dqn,8.955,9.970,4.626,0.00,0.00,0.00,4.943,10.000,1.764,0.00,0.00,0.00,1.190,6.225,0.097,0.00,0.00,0.00,3.000,3.000,3.000
2026-02-04 17:36:11,683.77,21,406,427,4.92%,168.30,1.30%,"[0, 5, 10, 15, 20, 25, 30, 35, 40, 45, 50, 55, 60, 65, 70, 75, 80, 85, 90, 95, 100]","[5, 5, 1, 3, 5, 2, 0, 3, 11, 10, 13, 13, 9, 11, 4, 4, 691, 11, 14, 798]","[0.0030998140111593306, 0.006199628022318661, 0.006819590824550527, 0.008679479231246125, 0.011779293242405457, 0.013019218846869188, 0.013019218846869188, 0.014879107253564786, 0.02169869807811531, 0.027898326100433975, 0.03595784252944823, 0.04401735895846249, 0.04959702417854929, 0.056416615003099815, 0.05889646621202728, 0.06137631742095474, 0.4897706137631742, 0.49659020458772474, 0.5052696838189709, 1.0]",4.0,2.0,2.0,2.0,2.0,19,17.62017,8.0,6.0,hrl_dqn_apf,hierarchical,dqn,8.959,9.967,3.868,0.00,0.00,0.00,5.033,9.582,1.798,0.00,0.00,0.00,1.771,6.239,0.058,0.00,0.00,0.00,3.000,3.000,3.000
2026-02-04 17:36:12,684.77,20,407,427,4.68%,168.50,1.24%,"[0, 5, 10, 15, 20, 25, 30, 35, 40, 45, 50, 55, 60, 65, 70, 75, 80, 85, 90, 95, 100]","[6, 5, 2, 3, 3, 1, 3, 1, 11, 11, 11, 12, 11, 11, 5, 3, 692, 11, 13, 798]","[0.0037197768133911966, 0.006819590824550527, 0.008059516429014259, 0.009919404835709857, 0.011779293242405457, 0.012399256044637322, 0.01425914445133292, 0.014879107253564786, 0.02169869807811531, 0.02851828890266584, 0.035337879727216366, 0.04277743335399876, 0.04959702417854929, 0.056416615003099815, 0.059516429014259145, 0.06137631742095474, 0.4903905765654061, 0.4972101673899566, 0.5052696838189709, 1.0]",4.0,2.0,2.0,2.0,2.0,21,-0.54026,8.0,12.0,hrl_dqn_apf,hierarchical,dqn,9.097,10.104,2.532,0.00,0.00,0.00,4.914,9.301,1.833,0.00,0.00,0.00,3.042,6.155,-0.015,0.00,0.00,0.00,3.000,3.000,3.000
2026-02-04 17:36:13,685.77,20,408,428,4.67%,168.66,1.24%,"[0, 5, 10, 15, 20, 25, 30, 35, 40, 45, 50, 55, 60, 65, 70, 75, 80, 85, 90, 95, 100]","[7, 3, 3, 1, 4, 2, 3, 1, 10, 12, 11, 12, 9, 11, 7, 2, 692, 12, 12, 799]","[0.0043397396156230625, 0.006199628022318661, 0.008059516429014259, 0.008679479231246125, 0.011159330440173589, 0.012399256044637322, 0.01425914445133292, 0.014879107253564786, 0.021078735275883446, 0.02851828890266584, 0.035337879727216366, 0.04277743335399876, 0.04835709857408556, 0.05517668939863608, 0.059516429014259145, 0.06075635461872288, 0.4897706137631742, 0.4972101673899566, 0.504649721016739, 1.0]",4.0,2.0,2.0,2.0,2.0,21,-0.54026,8.0,12.0,hrl_dqn_apf,hierarchical,dqn,9.613,10.212,2.463,0.00,0.00,0.00,4.385,9.658,1.946,0.00,0.00,0.00,2.884,5.919,-0.311,0.00,0.00,0.00,3.000,3.000,3.000
2026-02-04 17:36:14,686.77,20,404,424,4.72%,168.80,1.24%,"[0, 5, 10, 15, 20, 25, 30, 35, 40, 45, 50, 55, 60, 65, 70, 75, 80, 85, 90, 95, 100]","[6, 3, 4, 1, 4, 2, 2, 2, 9, 13, 10, 14, 10, 11, 5, 3, 692, 12, 11, 799]","[0.0037197768133911966, 0.005579665220086794, 0.008059516429014259, 0.008679479231246125, 0.011159330440173589, 0.012399256044637322, 0.013639181649101054, 0.014879107253564786, 0.02045877247365158, 0.02851828890266584, 0.0347179169249845, 0.04339739615623062, 0.04959702417854929, 0.056416615003099815, 0.059516429014259145, 0.06137631742095474, 0.4903905765654061, 0.49783013019218847, 0.504649721016739, 1.0]",4.0,2.0,2.0,2.0,2.0,7,5.2998,8.0,-6.0,hrl_dqn_apf,hierarchical,dqn,10.282,10.179,2.544,0.00,0.00,0.00,3.844,10.018,2.318,0.00,0.00,0.00,2.439,5.609,-0.763,0.00,0.00,0.00,3.000,3.000,3.000
2026-02-04 17:36:15,687.77,21,403,424,4.95%,168.92,1.30%,"[0, 5, 10, 15, 20, 25, 30, 35, 40, 45, 50, 55, 60, 65, 70, 75, 80, 85, 90, 95, 100]","[6, 3, 4, 2, 4, 2, 3, 2, 8, 12, 11, 14, 8, 12, 4, 4, 692, 10, 12, 800]","[0.0037197768133911966, 0.005579665220086794, 0.008059516429014259, 0.009299442033477991, 0.011779293242405457, 0.013019218846869188, 0.014879107253564786, 0.016119032858028518, 0.021078735275883446, 0.02851828890266584, 0.035337879727216366, 0.04401735895846249, 0.048977061376317424, 0.056416615003099815, 0.05889646621202728, 0.06137631742095474, 0.4903905765654061, 0.49659020458772474, 0.5040297582145071, 1.0]",4.0,2.0,2.0,2.0,2.0,13,11.219560000000001,8.0,0.0,hrl_dqn_apf,hierarchical,dqn,10.628,9.794,2.601,0.00,0.00,0.00,3.749,10.397,2.863,0.00,0.00,0.00,1.969,5.282,-1.317,0.00,0.00,0.00,3.000,3.000,3.000
2026-02-04 17:36:16,688.78,22,400,422,5.21%,169.07,1.36%,"[0, 5, 10, 15, 20, 25, 30, 35, 40, 45, 50, 55, 60, 65, 70, 75, 80, 85, 90, 95, 100]","[5, 3, 5, 1, 3, 5, 2, 3, 7, 9, 13, 13, 9, 12, 5, 5, 691, 9, 12, 801]","[0.0030998140111593306, 0.0049597024178549285, 0.008059516429014259, 0.008679479231246125, 0.010539367637941723, 0.013639181649101054, 0.014879107253564786, 0.016738995660260384, 0.021078735275883446, 0.026658400495970243, 0.0347179169249845, 0.04277743335399876, 0.04835709857408556, 0.05579665220086795, 0.05889646621202728, 0.06199628022318661, 0.4903905765654061, 0.49597024178549287, 0.5034097954122753, 1.0]",4.0,2.0,2.0,2.0,2.0,13,11.219560000000001,8.0,0.0,hrl_dqn_apf,hierarchical,dqn,10.616,9.324,2.625,0.00,0.00,0.00,3.916,9.603,3.439,0.00,0.00,0.00,1.539,6.064,-1.903,0.00,0.00,0.00,3.000,3.000,3.000
2026-02-04 17:36:17,689.78,23,399,422,5.45%,169.17,1.43%,"[0, 5, 10, 15, 20, 25, 30, 35, 40, 45, 50, 55, 60, 65, 70, 75, 80, 85, 90, 95, 100]","[6, 3, 5, 1, 4, 4, 1, 4, 7, 8, 14, 12, 9, 12, 6, 5, 690, 10, 12, 800]","[0.0037197768133911966, 0.005579665220086794, 0.008679479231246125, 0.009299442033477991, 0.011779293242405457, 0.01425914445133292, 0.014879107253564786, 0.01735895846249225, 0.02169869807811531, 0.026658400495970243, 0.035337879727216366, 0.04277743335399876, 0.04835709857408556, 0.05579665220086795, 0.059516429014259145, 0.06261624302541847, 0.4903905765654061, 0.49659020458772474, 0.5040297582145071, 1.0]",4.0,2.0,2.0,2.0,2.0,19,17.05922,8.0,6.0,hrl_dqn_apf,hierarchical,dqn,10.635,9.392,2.626,0.00,0.00,0.00,3.931,9.413,3.419,0.00,0.00,0.00,1.537,6.331,-1.950,0.00,0.00,0.00,3.000,3.000,3.000
2026-02-04 17:36:18,690.78,22,402,424,5.19%,169.31,1.36%,"[0, 5, 10, 15, 20, 25, 30, 35, 40, 45, 50, 55, 60, 65, 70, 75, 80, 85, 90, 95, 100]","[6, 4, 3, 3, 2, 4, 2, 4, 7, 7, 15, 12, 8, 11, 8, 6, 690, 10, 12, 799]","[0.0037197768133911966, 0.006199628022318661, 0.008059516429014259, 0.009919404835709857, 0.011159330440173589, 0.013639181649101054, 0.014879107253564786, 0.01735895846249225, 0.02169869807811531, 0.026038437693738377, 0.035337879727216366, 0.04277743335399876, 0.04773713577185369, 0.05455672659640422, 0.059516429014259145, 0.06323620582765034, 0.49101053936763794, 0.4972101673899566, 0.504649721016739, 1.0]",4.0,2.0,2.0,2.0,2.0,0,-7.10091,8.0,-12.0,hrl_dqn_apf,hierarchical,dqn,10.633,9.454,2.627,0.00,0.00,0.00,3.935,9.448,2.964,0.00,0.00,0.00,1.944,6.353,-1.965,0.00,0.00,0.00,3.000,3.000,3.000
2026-02-04 17:36:19,691.78,21,403,424,4.95%,169.47,1.30%,"[0, 5, 10, 15, 20, 25, 30, 35, 40, 45, 50, 55, 60, 65, 70, 75, 80, 85, 90, 95, 100]","[5, 4, 3, 4, 1, 4, 3, 3, 8, 6, 15, 11, 11, 11, 8, 4, 690, 10, 13, 799]","[0.0030998140111593306, 0.005579665220086794, 0.007439553626782393, 0.009919404835709857, 0.010539367637941723, 0.013019218846869188, 0.014879107253564786, 0.016738995660260384, 0.02169869807811531, 0.02541847489150651, 0.0347179169249845, 0.041537507749535026, 0.04835709857408556, 0.05517668939863608, 0.06013639181649101, 0.06261624302541847, 0.4903905765654061, 0.49659020458772474, 0.504649721016739, 1.0]",4.0,2.0,2.0,2.0,2.0,0,-7.10091,8.0,-12.0,hrl_dqn_apf,hierarchical,dqn,10.623,9.513,2.627,0.00,0.00,0.00,3.937,9.452,2.291,0.00,0.00,0.00,2.602,6.350,-1.970,0.00,0.00,0.00,3.000,3.000,3.000
2026-02-04 17:36:20,692.78,21,407,428,4.91%,169.79,1.30%,"[0, 5, 10, 15, 20, 25, 30, 35, 40, 45, 50, 55, 60, 65, 70, 75, 80, 85, 90, 95, 100]","[5, 4, 2, 4, 1, 5, 2, 4, 8, 5, 14, 13, 10, 11, 8, 5, 691, 10, 10, 801]","[0.0030998140111593306, 0.005579665220086794, 0.006819590824550527, 0.009299442033477991, 0.009919404835709857, 0.013019218846869188, 0.01425914445133292, 0.016738995660260384, 0.02169869807811531, 0.024798512089274645, 0.03347799132052077, 0.041537507749535026, 0.04773713577185369, 0.05455672659640422, 0.059516429014259145, 0.06261624302541847, 0.49101053936763794, 0.4972101673899566, 0.5034097954122753, 1.0]",4.0,2.0,2.0,2.0,2.0,3,10.73882,8.0,-12.0,hrl_dqn_apf,hierarchical,dqn,10.633,9.629,2.627,0.00,0.00,0.00,3.938,9.449,0.799,0.00,0.00,0.00,3.326,6.430,-2.750,0.00,0.00,0.00,3.000,3.000,3.000
2026-02-04 17:36:21,693.79,19,409,428,4.44%,169.93,1.18%,"[0, 5, 10, 15, 20, 25, 30, 35, 40, 45, 50, 55, 60, 65, 70, 75, 80, 85, 90, 95, 100]","[6, 4, 1, 4, 1, 3, 4, 5, 8, 4, 13, 13, 9, 12, 9, 4, 692, 9, 11, 801]","[0.0037197768133911966, 0.006199628022318661, 0.006819590824550527, 0.009299442033477991, 0.009919404835709857, 0.011779293242405457, 0.01425914445133292, 0.01735895846249225, 0.022318660880347178, 0.024798512089274645, 0.0328580285182889, 0.04091754494730316, 0.04649721016738995, 0.05393676379417235, 0.059516429014259145, 0.06199628022318661, 0.49101053936763794, 0.49659020458772474, 0.5034097954122753, 1.0]",4.0,2.0,2.0,2.0,2.0,3,10.73882,8.0,-12.0,hrl_dqn_apf,hierarchical,dqn,10.594,9.669,2.627,0.00,0.00,0.00,3.951,9.664,0.158,0.00,0.00,0.00,3.380,6.317,-3.476,0.00,0.00,0.00,3.000,3.000,3.000
2026-02-04 17:36:22,694.79,20,407,427,4.68%,170.07,1.24%,"[0, 5, 10, 15, 20, 25, 30, 35, 40, 45, 50, 55, 60, 65, 70, 75, 80, 85, 90, 95, 100]","[7, 3, 2, 4, 1, 3, 4, 2, 10, 4, 12, 14, 8, 13, 8, 5, 692, 8, 12, 801]","[0.0043397396156230625, 0.006199628022318661, 0.007439553626782393, 0.009919404835709857, 0.010539367637941723, 0.012399256044637322, 0.014879107253564786, 0.016119032858028518, 0.022318660880347178, 0.024798512089274645, 0.032238065716057036, 0.04091754494730316, 0.04587724736515809, 0.05393676379417235, 0.05889646621202728, 0.06199628022318661, 0.49101053936763794, 0.49597024178549287, 0.5034097954122753, 1.0]",4.0,2.0,2.0,2.0,2.0,16,-1.4212699999999998,8.0,6.0,hrl_dqn_apf,hierarchical,dqn,10.196,9.700,2.627,0.00,0.00,0.00,4.030,9.946,0.321,0.00,0.00,0.00,3.327,6.096,-4.219,0.00,0.00,0.00,3.000,3.000,3.000
2026-02-04 17:36:23,695.79,19,408,427,4.45%,170.22,1.18%,"[0, 5, 10, 15, 20, 25, 30, 35, 40, 45, 50, 55, 60, 65, 70, 75, 80, 85, 90, 95, 100]","[7, 2, 3, 2, 3, 2, 4, 3, 10, 4, 11, 15, 8, 11, 8, 7, 692, 8, 12, 801]","[0.0043397396156230625, 0.005579665220086794, 0.007439553626782393, 0.008679479231246125, 0.010539367637941723, 0.011779293242405457, 0.01425914445133292, 0.016119032858028518, 0.022318660880347178, 0.024798512089274645, 0.03161810291382517, 0.04091754494730316, 0.04587724736515809, 0.05269683818970862, 0.05765654060756355, 0.06199628022318661, 0.49101053936763794, 0.49597024178549287, 0.5034097954122753, 1.0]",4.0,2.0,2.0,2.0,2.0,23,10.41847,8.0,12.0,hrl_dqn_apf,hierarchical,dqn,9.542,9.700,2.627,0.00,0.00,0.00,4.085,9.950,0.894,0.00,0.00,0.00,3.273,6.099,-4.971,0.00,0.00,0.00,3.000,3.000,3.000
2026-02-04 17:36:24,696.79,18,409,427,4.22%,170.51,1.12%,"[0, 5, 10, 15, 20, 25, 30, 35, 40, 45, 50, 55, 60, 65, 70, 75, 80, 85, 90, 95, 100]","[7, 2, 2, 3, 3, 1, 4, 4, 9, 5, 9, 15, 8, 13, 8, 7, 690, 9, 12, 802]","[0.0043397396156230625, 0.005579665220086794, 0.006819590824550527, 0.008679479231246125, 0.010539367637941723, 0.011159330440173589, 0.013639181649101054, 0.016119032858028518, 0.02169869807811531, 0.024798512089274645, 0.03037817730936144, 0.03967761934283943, 0.044637321760694355, 0.05269683818970862, 0.05765654060756355, 0.06199628022318661, 0.4897706137631742, 0.495350278983261, 0.5027898326100434, 1.0]",4.0,2.0,2.0,2.0,2.0,23,10.41847,8.0,12.0,hrl_dqn_apf,hierarchical,dqn,8.055,9.695,2.626,0.00,0.00,0.00,4.108,9.942,2.351,0.00,0.00,0.00,3.362,6.157,-6.381,0.00,0.00,0.00,3.000,3.000,3.000
2026-02-04 17:36:25,697.80,17,410,427,3.98%,170.63,1.05%,"[0, 5, 10, 15, 20, 25, 30, 35, 40, 45, 50, 55, 60, 65, 70, 75, 80, 85, 90, 95, 100]","[7, 2, 2, 2, 3, 1, 5, 4, 9, 5, 9, 15, 7, 12, 8, 8, 691, 8, 13, 802]","[0.0043397396156230625, 0.005579665220086794, 0.006819590824550527, 0.008059516429014259, 0.009919404835709857, 0.010539367637941723, 0.013639181649101054, 0.016119032858028518, 0.02169869807811531, 0.024798512089274645, 0.03037817730936144, 0.03967761934283943, 0.04401735895846249, 0.05145691258524489, 0.056416615003099815, 0.06137631742095474, 0.4897706137631742, 0.49473031618102914, 0.5027898326100434, 1.0]",4.0,2.0,2.0,2.0,2.0,3,10.25831,8.0,-12.0,hrl_dqn_apf,hierarchical,dqn,7.429,9.768,2.630,0.00,0.00,0.00,4.045,10.000,3.042,0.00,0.00,0.00,3.879,6.187,-6.636,0.00,0.00,0.00,3.000,3.000,3.000
2026-02-04 17:36:26,698.80,17,410,427,3.98%,170.72,1.05%,"[0, 5, 10, 15, 20, 25, 30, 35, 40, 45, 50, 55, 60, 65, 70, 75, 80, 85, 90, 95, 100]","[8, 1, 2, 1, 4, 1, 3, 5, 10, 5, 8, 13, 9, 12, 8, 8, 692, 8, 12, 803]","[0.0049597024178549285, 0.005579665220086794, 0.006819590824550527, 0.007439553626782393, 0.009919404835709857, 0.010539367637941723, 0.012399256044637322, 0.015499070055796652, 0.02169869807811531, 0.024798512089274645, 0.029758214507129573, 0.03781773093614383, 0.04339739615623062, 0.05083694978301302, 0.05579665220086795, 0.06075635461872288, 0.4897706137631742, 0.49473031618102914, 0.5021698698078115, 1.0]",4.0,2.0,2.0,2.0,2.0,5,-7.90222,8.0,-6.0,hrl_dqn_apf,hierarchical,dqn,7.600,9.829,2.660,0.00,0.00,0.00,3.578,10.070,3.315,0.00,0.00,0.00,4.572,6.188,-6.715,0.00,0.00,0.00,3.000,3.000,3.000
2026-02-04 17:36:27,699.80,17,411,428,3.97%,170.84,1.05%,"[0, 5, 10, 15, 20, 25, 30, 35, 40, 45, 50, 55, 60, 65, 70, 75, 80, 85, 90, 95, 100]","[8, 1, 1, 2, 4, 1, 3, 5, 9, 6, 8, 13, 9, 10, 10, 6, 693, 9, 11, 804]","[0.0049597024178549285, 0.005579665220086794, 0.006199628022318661, 0.007439553626782393, 0.009919404835709857, 0.010539367637941723, 0.012399256044637322, 0.015499070055796652, 0.021078735275883446, 0.024798512089274645, 0.029758214507129573, 0.03781773093614383, 0.04339739615623062, 0.04959702417854929, 0.05579665220086795, 0.059516429014259145, 0.48915065096094235, 0.49473031618102914, 0.5015499070055797, 1.0]",4.0,2.0,2.0,2.0,2.0,5,-7.90222,8.0,-6.0,hrl_dqn_apf,hierarchical,dqn,8.184,9.809,2.639,0.00,0.00,0.00,2.906,10.097,3.432,0.00,0.00,0.00,5.313,6.185,-6.739,0.00,0.00,0.00,3.000,3.000,3.000
2026-02-04 17:36:28,700.81,17,407,424,4.01%,171.02,1.05%,"[0, 5, 10, 15, 20, 25, 30, 35, 40, 45, 50, 55, 60, 65, 70, 75, 80, 85, 90, 95, 100]","[6, 3, 1, 2, 2, 3, 1, 5, 10, 7, 7, 12, 11, 8, 10, 7, 695, 8, 11, 804]","[0.0037197768133911966, 0.005579665220086794, 0.006199628022318661, 0.007439553626782393, 0.008679479231246125, 0.010539367637941723, 0.011159330440173589, 0.01425914445133292, 0.02045877247365158, 0.024798512089274645, 0.029138251704897707, 0.0365778053316801, 0.04339739615623062, 0.04835709857408556, 0.05455672659640422, 0.05889646621202728, 0.4897706137631742, 0.49473031618102914, 0.5015499070055797, 1.0]",4.0,2.0,2.0,2.0,2.0,6,-2.06234,8.0,-6.0,hrl_dqn_apf,hierarchical,dqn,9.333,9.901,2.468,0.00,0.00,0.00,1.560,9.837,3.642,0.00,0.00,0.00,6.323,6.211,-6.640,0.00,0.00,0.00,3.000,3.000,3.000
2026-02-04 17:36:29,701.81,18,408,426,4.23%,171.09,1.12%,"[0, 5, 10, 15, 20, 25, 30, 35, 40, 45, 50, 55, 60, 65, 70, 75, 80, 85, 90, 95, 100]","[5, 4, 1, 3, 2, 3, 1, 5, 10, 6, 8, 12, 9, 10, 10, 6, 695, 8, 11, 804]","[0.0030998140111593306, 0.005579665220086794, 0.006199628022318661, 0.008059516429014259, 0.009299442033477991, 0.011159330440173589, 0.011779293242405457, 0.014879107253564786, 0.021078735275883446, 0.024798512089274645, 0.029758214507129573, 0.037197768133911964, 0.04277743335399876, 0.048977061376317424, 0.05517668939863608, 0.05889646621202728, 0.4897706137631742, 0.49473031618102914, 0.5015499070055797, 1.0]",4.0,2.0,2.0,2.0,2.0,18,9.77762,8.0,6.0,hrl_dqn_apf,hierarchical,dqn,9.006,9.951,2.434,0.00,0.00,0.00,1.338,9.667,3.609,0.00,0.00,0.00,6.322,6.227,-6.127,0.00,0.00,0.00,3.000,3.000,3.000
2026-02-04 17:36:30,702.81,17,407,424,4.01%,171.19,1.05%,"[0, 5, 10, 15, 20, 25, 30, 35, 40, 45, 50, 55, 60, 65, 70, 75, 80, 85, 90, 95, 100]","[5, 4, 1, 2, 2, 3, 2, 5, 10, 6, 8, 12, 9, 10, 8, 6, 696, 9, 10, 805]","[0.0030998140111593306, 0.005579665220086794, 0.006199628022318661, 0.007439553626782393, 0.008679479231246125, 0.010539367637941723, 0.011779293242405457, 0.014879107253564786, 0.021078735275883446, 0.024798512089274645, 0.029758214507129573, 0.037197768133911964, 0.04277743335399876, 0.048977061376317424, 0.05393676379417235, 0.05765654060756355, 0.48915065096094235, 0.49473031618102914, 0.5009299442033478, 1.0]",4.0,2.0,2.0,2.0,2.0,18,9.77762,8.0,6.0,hrl_dqn_apf,hierarchical,dqn,8.401,9.982,2.423,0.00,0.00,0.00,1.274,9.701,3.146,0.00,0.00,0.00,6.321,6.226,-5.434,0.00,0.00,0.00,3.000,3.000,3.000
2026-02-04 17:36:31,703.81,17,401,418,4.07%,171.27,1.05%,"[0, 5, 10, 15, 20, 25, 30, 35, 40, 45, 50, 55, 60, 65, 70, 75, 80, 85, 90, 95, 100]","[4, 5, 1, 2, 1, 4, 1, 4, 11, 7, 7, 12, 7, 11, 9, 7, 694, 11, 10, 805]","[0.0024798512089274642, 0.005579665220086794, 0.006199628022318661, 0.007439553626782393, 0.008059516429014259, 0.010539367637941723, 0.011159330440173589, 0.013639181649101054, 0.02045877247365158, 0.024798512089274645, 0.029138251704897707, 0.0365778053316801, 0.04091754494730316, 0.04773713577185369, 0.053316800991940486, 0.05765654060756355, 0.4879107253564786, 0.49473031618102914, 0.5009299442033478, 1.0]",4.0,2.0,2.0,2.0,2.0,14,15.61734,8.0,0.0,hrl_dqn_apf,hierarchical,dqn,8.413,10.101,2.419,0.00,0.00,0.00,1.254,9.704,2.471,0.00,0.00,0.00,6.320,6.223,-4.692,0.00,0.00,0.00,3.000,3.000,3.000
2026-02-04 17:36:32,704.81,17,409,426,3.99%,171.47,1.05%,"[0, 5, 10, 15, 20, 25, 30, 35, 40, 45, 50, 55, 60, 65, 70, 75, 80, 85, 90, 95, 100]","[4, 5, 3, 1, 2, 2, 3, 4, 10, 6, 9, 12, 6, 12, 6, 6, 694, 14, 10, 804]","[0.0024798512089274642, 0.005579665220086794, 0.007439553626782393, 0.008059516429014259, 0.009299442033477991, 0.010539367637941723, 0.012399256044637322, 0.014879107253564786, 0.021078735275883446, 0.024798512089274645, 0.03037817730936144, 0.03781773093614383, 0.041537507749535026, 0.048977061376317424, 0.05269683818970862, 0.056416615003099815, 0.4866707997520149, 0.495350278983261, 0.5015499070055797, 1.0]",4.0,2.0,2.0,2.0,2.0,10,-8.46246,8.0,0.0,hrl_dqn_apf,hierarchical,dqn,9.506,9.820,2.418,0.00,0.00,0.00,1.102,9.765,1.120,0.00,0.00,0.00,6.319,6.217,-3.175,0.00,0.00,0.00,3.000,3.000,3.000
2026-02-04 17:36:33,705.82,18,406,424,4.25%,171.61,1.12%,"[0, 5, 10, 15, 20, 25, 30, 35, 40, 45, 50, 55, 60, 65, 70, 75, 80, 85, 90, 95, 100]","[4, 4, 4, 1, 3, 2, 3, 2, 12, 7, 9, 11, 6, 13, 5, 6, 693, 15, 10, 803]","[0.0024798512089274642, 0.0049597024178549285, 0.007439553626782393, 0.008059516429014259, 0.009919404835709857, 0.011159330440173589, 0.013019218846869188, 0.01425914445133292, 0.02169869807811531, 0.026038437693738377, 0.03161810291382517, 0.038437693738375696, 0.04215747055176689, 0.050216986980781156, 0.053316800991940486, 0.05703657780533168, 0.4866707997520149, 0.49597024178549287, 0.5021698698078115, 1.0]",4.0,2.0,2.0,2.0,2.0,10,-8.46246,8.0,0.0,hrl_dqn_apf,hierarchical,dqn,9.783,9.633,2.418,0.00,0.00,0.00,0.558,9.790,0.892,0.00,0.00,0.00,6.276,6.248,-2.453,0.00,0.00,0.00,3.000,3.000,3.000
2026-02-04 17:36:34,706.82,19,407,426,4.46%,171.77,1.18%,"[0, 5, 10, 15, 20, 25, 30, 35, 40, 45, 50, 55, 60, 65, 70, 75, 80, 85, 90, 95, 100]","[6, 3, 3, 2, 3, 2, 3, 2, 11, 7, 8, 12, 6, 12, 5, 7, 693, 15, 9, 804]","[0.0037197768133911966, 0.005579665220086794, 0.007439553626782393, 0.008679479231246125, 0.010539367637941723, 0.011779293242405457, 0.013639181649101054, 0.014879107253564786, 0.02169869807811531, 0.026038437693738377, 0.030998140111593304, 0.038437693738375696, 0.04215747055176689, 0.04959702417854929, 0.05269683818970862, 0.05703657780533168, 0.4866707997520149, 0.49597024178549287, 0.5015499070055797, 1.0]",4.0,2.0,2.0,2.0,2.0,5,-8.62276,8.0,-6.0,hrl_dqn_apf,hierarchical,dqn,10.313,9.654,2.419,0.00,0.00,0.00,-0.141,9.789,0.822,0.00,0.00,0.00,5.846,6.299,-2.115,0.00,0.00,0.00,3.000,3.000,3.000
2026-02-04 17:36:35,707.82,18,410,428,4.21%,171.92,1.12%,"[0, 5, 10, 15, 20, 25, 30, 35, 40, 45, 50, 55, 60, 65, 70, 75, 80, 85, 90, 95, 100]","[6, 3, 3, 2, 2, 2, 3, 3, 11, 7, 8, 12, 6, 11, 6, 7, 691, 18, 9, 803]","[0.0037197768133911966, 0.005579665220086794, 0.007439553626782393, 0.008679479231246125, 0.009919404835709857, 0.011159330440173589, 0.013019218846869188, 0.014879107253564786, 0.02169869807811531, 0.026038437693738377, 0.030998140111593304, 0.038437693738375696, 0.04215747055176689, 0.048977061376317424, 0.05269683818970862, 0.05703657780533168, 0.48543087414755115, 0.49659020458772474, 0.5021698698078115, 1.0]",4.0,2.0,2.0,2.0,2.0,16,-2.78318,8.0,6.0,hrl_dqn_apf,hierarchical,dqn,10.635,9.669,2.419,0.00,0.00,0.00,-0.887,9.787,0.799,0.00,0.00,0.00,5.180,6.303,-2.008,0.00,0.00,0.00,3.000,3.000,3.000
2026-02-04 17:36:36,708.82,18,409,427,4.22%,172.13,1.12%,"[0, 5, 10, 15, 20, 25, 30, 35, 40, 45, 50, 55, 60, 65, 70, 75, 80, 85, 90, 95, 100]","[6, 2, 4, 3, 1, 2, 4, 3, 9, 9, 7, 12, 7, 9, 8, 3, 695, 15, 12, 802]","[0.0037197768133911966, 0.0049597024178549285, 0.007439553626782393, 0.009299442033477991, 0.009919404835709857, 0.011159330440173589, 0.013639181649101054, 0.015499070055796652, 0.021078735275883446, 0.026658400495970243, 0.030998140111593304, 0.038437693738375696, 0.04277743335399876, 0.04835709857408556, 0.053316800991940486, 0.05517668939863608, 0.486050836949783, 0.495350278983261, 0.5027898326100434, 1.0]",4.0,2.0,2.0,2.0,2.0,16,-2.78318,8.0,6.0,hrl_dqn_apf,hierarchical,dqn,9.885,9.722,2.421,0.00,0.00,0.00,-2.111,9.910,0.789,0.00,0.00,0.00,3.690,6.297,-1.966,0.00,0.00,0.00,3.000,3.000,3.000
2026-02-04 17:36:37,709.82,20,407,427,4.68%,172.22,1.24%,"[0, 5, 10, 15, 20, 25, 30, 35, 40, 45, 50, 55, 60, 65, 70, 75, 80, 85, 90, 95, 100]","[7, 2, 5, 3, 1, 2, 4, 3, 9, 9, 5, 13, 7, 8, 9, 2, 694, 13, 15, 802]","[0.0043397396156230625, 0.005579665220086794, 0.008679479231246125, 0.010539367637941723, 0.011159330440173589, 0.012399256044637322, 0.014879107253564786, 0.016738995660260384, 0.022318660880347178, 0.027898326100433975, 0.030998140111593304, 0.03905765654060756, 0.04339739615623062, 0.04835709857408556, 0.05393676379417235, 0.05517668939863608, 0.48543087414755115, 0.4934903905765654, 0.5027898326100434, 1.0]",4.0,2.0,2.0,2.0,2.0,24,15.05694,8.0,12.0,hrl_dqn_apf,hierarchical,dqn,9.160,9.720,2.420,0.00,0.00,0.00,-1.781,9.962,0.788,0.00,0.00,0.00,2.911,6.294,-1.964,0.00,0.00,0.00,3.000,3.000,3.000
2026-02-04 17:36:38,710.83,21,406,427,4.92%,172.39,1.30%,"[0, 5, 10, 15, 20, 25, 30, 35, 40, 45, 50, 55, 60, 65, 70, 75, 80, 85, 90, 95, 100]","[10, 1, 5, 2, 1, 2, 2, 4, 8, 9, 6, 13, 7, 7, 10, 2, 693, 13, 16, 802]","[0.006199628022318661, 0.006819590824550527, 0.009919404835709857, 0.011159330440173589, 0.011779293242405457, 0.013019218846869188, 0.01425914445133292, 0.016738995660260384, 0.02169869807811531, 0.02727836329820211, 0.030998140111593304, 0.03905765654060756, 0.04339739615623062, 0.04773713577185369, 0.05393676379417235, 0.05517668939863608, 0.4848109113453193, 0.49287042777433354, 0.5027898326100434, 1.0]",4.0,2.0,2.0,2.0,2.0,9,14.89666,8.0,-6.0,hrl_dqn_apf,hierarchical,dqn,8.412,9.717,2.420,0.00,0.00,0.00,-1.141,9.964,0.788,0.00,0.00,0.00,2.166,6.312,-1.964,0.00,0.00,0.00,3.000,3.000,3.000
2026-02-04 17:36:39,711.83,22,405,427,5.15%,172.55,1.36%,"[0, 5, 10, 15, 20, 25, 30, 35, 40, 45, 50, 55, 60, 65, 70, 75, 80, 85, 90, 95, 100]","[10, 2, 2, 3, 2, 3, 2, 4, 7, 9, 6, 13, 7, 8, 9, 2, 693, 13, 16, 802]","[0.006199628022318661, 0.007439553626782393, 0.008679479231246125, 0.010539367637941723, 0.011779293242405457, 0.013639181649101054, 0.014879107253564786, 0.01735895846249225, 0.02169869807811531, 0.02727836329820211, 0.030998140111593304, 0.03905765654060756, 0.04339739615623062, 0.04835709857408556, 0.05393676379417235, 0.05517668939863608, 0.4848109113453193, 0.49287042777433354, 0.5027898326100434, 1.0]",4.0,2.0,2.0,2.0,2.0,9,14.89666,8.0,-6.0,hrl_dqn_apf,hierarchical,dqn,7.652,9.714,2.420,0.00,0.00,0.00,-0.411,9.961,0.789,0.00,0.00,0.00,2.079,6.456,-1.964,0.00,0.00,0.00,3.000,3.000,3.000
2026-02-04 17:36:40,712.83,22,406,428,5.14%,172.84,1.36%,"[0, 5, 10, 15, 20, 25, 30, 35, 40, 45, 50, 55, 60, 65, 70, 75, 80, 85, 90, 95, 100]","[10, 3, 3, 3, 1, 2, 2, 5, 7, 9, 7, 13, 5, 9, 7, 4, 692, 13, 15, 803]","[0.006199628022318661, 0.008059516429014259, 0.009919404835709857, 0.011779293242405457, 0.012399256044637322, 0.013639181649101054, 0.014879107253564786, 0.017978921264724116, 0.022318660880347178, 0.027898326100433975, 0.032238065716057036, 0.040297582145071294, 0.04339739615623062, 0.048977061376317424, 0.053316800991940486, 0.05579665220086795, 0.4848109113453193, 0.49287042777433354, 0.5021698698078115, 1.0]",4.0,2.0,2.0,2.0,2.0,20,-9.264009999999999,8.0,12.0,hrl_dqn_apf,hierarchical,dqn,6.133,9.708,2.418,0.00,0.00,0.00,1.098,9.955,0.790,0.00,0.00,0.00,3.265,6.472,-1.963,0.00,0.00,0.00,3.000,3.000,3.000
2026-02-04 17:36:41,713.83,24,402,426,5.63%,172.92,1.49%,"[0, 5, 10, 15, 20, 25, 30, 35, 40, 45, 50, 55, 60, 65, 70, 75, 80, 85, 90, 95, 100]","[11, 5, 2, 4, 1, 1, 2, 4, 7, 7, 8, 11, 6, 9, 7, 5, 690, 14, 15, 804]","[0.006819590824550527, 0.009919404835709857, 0.011159330440173589, 0.013639181649101054, 0.01425914445133292, 0.014879107253564786, 0.016119032858028518, 0.018598884066955982, 0.022938623682579044, 0.02727836329820211, 0.032238065716057036, 0.03905765654060756, 0.04277743335399876, 0.04835709857408556, 0.05269683818970862, 0.05579665220086795, 0.48357098574085555, 0.4922504649721017, 0.5015499070055797, 1.0]",4.0,2.0,2.0,2.0,2.0,16,-3.42401,8.0,6.0,hrl_dqn_apf,hierarchical,dqn,5.370,9.705,2.418,0.00,0.00,0.00,1.792,9.999,0.861,0.00,0.00,0.00,4.008,6.469,-1.963,0.00,0.00,0.00,3.000,3.000,3.000
2026-02-04 17:36:42,714.83,24,398,422,5.69%,173.05,1.49%,"[0, 5, 10, 15, 20, 25, 30, 35, 40, 45, 50, 55, 60, 65, 70, 75, 80, 85, 90, 95, 100]","[13, 4, 2, 3, 1, 1, 3, 4, 7, 7, 7, 11, 6, 9, 6, 6, 689, 14, 13, 807]","[0.008059516429014259, 0.010539367637941723, 0.011779293242405457, 0.013639181649101054, 0.01425914445133292, 0.014879107253564786, 0.016738995660260384, 0.019218846869187848, 0.023558586484810913, 0.027898326100433975, 0.032238065716057036, 0.03905765654060756, 0.04277743335399876, 0.04835709857408556, 0.052076875387476754, 0.05579665220086795, 0.4829510229386237, 0.4916305021698698, 0.49969001859888407, 1.0]",4.0,2.0,2.0,2.0,2.0,16,-3.42401,8.0,6.0,hrl_dqn_apf,hierarchical,dqn,4.644,9.733,2.425,0.00,0.00,0.00,2.072,10.072,1.311,0.00,0.00,0.00,4.750,6.486,-1.962,0.00,0.00,0.00,3.000,3.000,3.000
2026-02-04 17:36:43,715.84,25,401,426,5.87%,173.23,1.55%,"[0, 5, 10, 15, 20, 25, 30, 35, 40, 45, 50, 55, 60, 65, 70, 75, 80, 85, 90, 95, 100]","[12, 6, 1, 3, 2, 1, 2, 2, 9, 6, 7, 12, 6, 9, 5, 7, 689, 13, 13, 808]","[0.007439553626782393, 0.011159330440173589, 0.011779293242405457, 0.013639181649101054, 0.014879107253564786, 0.015499070055796652, 0.016738995660260384, 0.017978921264724116, 0.023558586484810913, 0.02727836329820211, 0.03161810291382517, 0.03905765654060756, 0.04277743335399876, 0.04835709857408556, 0.05145691258524489, 0.05579665220086795, 0.4829510229386237, 0.49101053936763794, 0.4990700557966522, 1.0]",4.0,2.0,2.0,2.0,2.0,5,-9.58433,8.0,-6.0,hrl_dqn_apf,hierarchical,dqn,4.606,9.824,2.578,0.00,0.00,0.00,1.813,10.191,1.469,0.00,0.00,0.00,4.840,6.630,-1.961,0.00,0.00,0.00,3.000,3.000,3.000
2026-02-04 17:36:44,716.84,25,397,422,5.92%,173.51,1.55%,"[0, 5, 10, 15, 20, 25, 30, 35, 40, 45, 50, 55, 60, 65, 70, 75, 80, 85, 90, 95, 100]","[9, 8, 3, 1, 3, 1, 1, 4, 8, 6, 7, 12, 7, 8, 6, 5, 690, 14, 13, 807]","[0.005579665220086794, 0.010539367637941723, 0.012399256044637322, 0.013019218846869188, 0.014879107253564786, 0.015499070055796652, 0.016119032858028518, 0.018598884066955982, 0.023558586484810913, 0.02727836329820211, 0.03161810291382517, 0.03905765654060756, 0.04339739615623062, 0.04835709857408556, 0.052076875387476754, 0.05517668939863608, 0.4829510229386237, 0.4916305021698698, 0.49969001859888407, 1.0]",4.0,2.0,2.0,2.0,2.0,14,14.25531,8.0,0.0,hrl_dqn_apf,hierarchical,dqn,5.720,9.740,3.133,0.00,0.00,0.00,0.577,10.291,1.044,0.00,0.00,0.00,3.654,6.646,-1.962,0.00,0.00,0.00,3.000,3.000,3.000
2026-02-04 17:36:45,717.84,25,399,424,5.90%,173.63,1.55%,"[0, 5, 10, 15, 20, 25, 30, 35, 40, 45, 50, 55, 60, 65, 70, 75, 80, 85, 90, 95, 100]","[11, 7, 1, 2, 3, 1, 1, 3, 9, 5, 8, 12, 7, 8, 6, 6, 690, 13, 13, 807]","[0.006819590824550527, 0.011159330440173589, 0.011779293242405457, 0.013019218846869188, 0.014879107253564786, 0.015499070055796652, 0.016119032858028518, 0.017978921264724116, 0.023558586484810913, 0.026658400495970243, 0.03161810291382517, 0.03905765654060756, 0.04339739615623062, 0.04835709857408556, 0.052076875387476754, 0.05579665220086795, 0.48357098574085555, 0.4916305021698698, 0.49969001859888407, 1.0]",4.0,2.0,2.0,2.0,2.0,14,14.25531,8.0,0.0,hrl_dqn_apf,hierarchical,dqn,6.414,9.721,3.401,0.00,0.00,0.00,-0.063,10.116,0.783,0.00,0.00,0.00,2.914,6.643,-1.962,0.00,0.00,0.00,3.000,3.000,3.000
2026-02-04 17:36:46,718.84,25,401,426,5.87%,173.77,1.55%,"[0, 5, 10, 15, 20, 25, 30, 35, 40, 45, 50, 55, 60, 65, 70, 75, 80, 85, 90, 95, 100]","[11, 6, 2, 2, 3, 1, 1, 3, 9, 5, 6, 13, 7, 9, 6, 5, 692, 12, 13, 807]","[0.006819590824550527, 0.010539367637941723, 0.011779293242405457, 0.013019218846869188, 0.014879107253564786, 0.015499070055796652, 0.016119032858028518, 0.017978921264724116, 0.023558586484810913, 0.026658400495970243, 0.03037817730936144, 0.038437693738375696, 0.04277743335399876, 0.04835709857408556, 0.052076875387476754, 0.05517668939863608, 0.4841909485430874, 0.4916305021698698, 0.49969001859888407, 1.0]",4.0,2.0,2.0,2.0,2.0,24,14.09527,8.0,12.0,hrl_dqn_apf,hierarchical,dqn,7.152,9.723,3.518,0.00,0.00,0.00,-0.347,9.719,0.666,0.00,0.00,0.00,2.156,6.640,-1.963,0.00,0.00,0.00,3.000,3.000,3.000
2026-02-04 17:36:47,719.84,27,397,424,6.37%,173.91,1.67%,"[0, 5, 10, 15, 20, 25, 30, 35, 40, 45, 50, 55, 60, 65, 70, 75, 80, 85, 90, 95, 100]","[13, 6, 2, 2, 3, 1, 1, 2, 8, 5, 7, 13, 6, 8, 7, 5, 692, 10, 15, 807]","[0.008059516429014259, 0.011779293242405457, 0.013019218846869188, 0.01425914445133292, 0.016119032858028518, 0.016738995660260384, 0.01735895846249225, 0.018598884066955982, 0.023558586484810913, 0.026658400495970243, 0.030998140111593304, 0.03905765654060756, 0.04277743335399876, 0.04773713577185369, 0.052076875387476754, 0.05517668939863608, 0.4841909485430874, 0.4903905765654061, 0.49969001859888407, 1.0]",4.0,2.0,2.0,2.0,2.0,4,14.01511,8.0,-12.0,hrl_dqn_apf,hierarchical,dqn,7.906,9.721,3.555,0.00,0.00,0.00,-0.437,9.323,0.629,0.00,0.00,0.00,1.397,6.636,-1.964,0.00,0.00,0.00,3.000,3.000,3.000
2026-02-04 17:36:48,720.85,27,401,428,6.31%,174.25,1.67%,"[0, 5, 10, 15, 20, 25, 30, 35, 40, 45, 50, 55, 60, 65, 70, 75, 80, 85, 90, 95, 100]","[10, 5, 6, 1, 3, 2, 1, 3, 6, 7, 5, 13, 7, 9, 6, 3, 695, 9, 14, 808]","[0.006199628022318661, 0.009299442033477991, 0.013019218846869188, 0.013639181649101054, 0.015499070055796652, 0.016738995660260384, 0.01735895846249225, 0.019218846869187848, 0.022938623682579044, 0.02727836329820211, 0.03037817730936144, 0.038437693738375696, 0.04277743335399876, 0.04835709857408556, 0.052076875387476754, 0.05393676379417235, 0.4848109113453193, 0.4903905765654061, 0.4990700557966522, 1.0]",4.0,2.0,2.0,2.0,2.0,4,14.01511,8.0,-12.0,hrl_dqn_apf,hierarchical,dqn,9.278,9.782,3.416,0.00,0.00,0.00,-1.060,9.921,1.293,0.00,0.00,0.00,1.183,6.265,-2.563,0.00,0.00,0.00,3.000,3.000,3.000
2026-02-04 17:36:49,721.85,27,400,427,6.32%,174.40,1.67%,"[0, 5, 10, 15, 20, 25, 30, 35, 40, 45, 50, 55, 60, 65, 70, 75, 80, 85, 90, 95, 100]","[11, 5, 5, 2, 1, 3, 1, 3, 6, 7, 5, 13, 7, 9, 6, 3, 693, 11, 14, 808]","[0.006819590824550527, 0.009919404835709857, 0.013019218846869188, 0.01425914445133292, 0.014879107253564786, 0.016738995660260384, 0.01735895846249225, 0.019218846869187848, 0.022938623682579044, 0.02727836329820211, 0.03037817730936144, 0.038437693738375696, 0.04277743335399876, 0.04835709857408556, 0.052076875387476754, 0.05393676379417235, 0.48357098574085555, 0.4903905765654061, 0.4990700557966522, 1.0]",4.0,2.0,2.0,2.0,2.0,2,1.85479,8.0,-12.0,hrl_dqn_apf,hierarchical,dqn,9.501,9.805,2.868,0.00,0.00,0.00,-1.357,10.120,1.840,0.00,0.00,0.00,1.542,6.126,-3.119,0.00,0.00,0.00,3.000,3.000,3.000
2026-02-04 17:36:50,722.85,27,400,427,6.32%,174.51,1.67%,"[0, 5, 10, 15, 20, 25, 30, 35, 40, 45, 50, 55, 60, 65, 70, 75, 80, 85, 90, 95, 100]","[9, 7, 5, 1, 2, 3, 1, 2, 5, 8, 6, 13, 7, 9, 6, 4, 693, 11, 13, 808]","[0.005579665220086794, 0.009919404835709857, 0.013019218846869188, 0.013639181649101054, 0.014879107253564786, 0.016738995660260384, 0.01735895846249225, 0.018598884066955982, 0.02169869807811531, 0.026658400495970243, 0.03037817730936144, 0.038437693738375696, 0.04277743335399876, 0.04835709857408556, 0.052076875387476754, 0.05455672659640422, 0.4841909485430874, 0.49101053936763794, 0.4990700557966522, 1.0]",4.0,2.0,2.0,2.0,2.0,15,-10.30524,8.0,6.0,hrl_dqn_apf,hierarchical,dqn,9.571,9.805,2.148,0.00,0.00,0.00,-1.055,10.056,2.094,0.00,0.00,0.00,2.149,6.156,-3.395,0.00,0.00,0.00,3.000,3.000,3.000
2026-02-04 17:36:51,723.85,28,399,427,6.56%,174.59,1.74%,"[0, 5, 10, 15, 20, 25, 30, 35, 40, 45, 50, 55, 60, 65, 70, 75, 80, 85, 90, 95, 100]","[9, 7, 6, 1, 2, 3, 1, 2, 5, 8, 5, 12, 9, 7, 7, 3, 692, 13, 12, 809]","[0.005579665220086794, 0.009919404835709857, 0.013639181649101054, 0.01425914445133292, 0.015499070055796652, 0.01735895846249225, 0.017978921264724116, 0.019218846869187848, 0.022318660880347178, 0.02727836329820211, 0.03037817730936144, 0.03781773093614383, 0.04339739615623062, 0.04773713577185369, 0.052076875387476754, 0.05393676379417235, 0.4829510229386237, 0.49101053936763794, 0.49845009299442034, 1.0]",4.0,2.0,2.0,2.0,2.0,15,-10.30524,8.0,6.0,hrl_dqn_apf,hierarchical,dqn,9.593,9.802,1.401,0.00,0.00,0.00,-0.803,9.645,2.177,0.00,0.00,0.00,2.865,6.159,-3.478,0.00,0.00,0.00,3.000,3.000,3.000
2026-02-04 17:36:52,724.85,29,398,427,6.79%,174.75,1.80%,"[0, 5, 10, 15, 20, 25, 30, 35, 40, 45, 50, 55, 60, 65, 70, 75, 80, 85, 90, 95, 100]","[6, 11, 5, 2, 1, 4, 1, 2, 5, 5, 7, 12, 8, 8, 7, 4, 691, 15, 10, 809]","[0.0037197768133911966, 0.010539367637941723, 0.013639181649101054, 0.014879107253564786, 0.015499070055796652, 0.017978921264724116, 0.018598884066955982, 0.019838809671419714, 0.022938623682579044, 0.026038437693738377, 0.03037817730936144, 0.03781773093614383, 0.04277743335399876, 0.04773713577185369, 0.052076875387476754, 0.05455672659640422, 0.4829510229386237, 0.4922504649721017, 0.49845009299442034, 1.0]",4.0,2.0,2.0,2.0,2.0,10,-10.46551,8.0,0.0,hrl_dqn_apf,hierarchical,dqn,9.602,9.796,-0.118,0.00,0.00,0.00,-0.867,9.198,2.210,0.00,0.00,0.00,2.739,6.337,-3.510,0.00,0.00,0.00,3.000,3.000,3.000
2026-02-04 17:36:53,725.86,29,398,427,6.79%,174.85,1.80%,"[0, 5, 10, 15, 20, 25, 30, 35, 40, 45, 50, 55, 60, 65, 70, 75, 80, 85, 90, 95, 100]","[7, 10, 3, 5, 1, 3, 2, 2, 5, 5, 7, 11, 8, 9, 7, 3, 690, 16, 10, 809]","[0.0043397396156230625, 0.010539367637941723, 0.012399256044637322, 0.015499070055796652, 0.016119032858028518, 0.017978921264724116, 0.019218846869187848, 0.02045877247365158, 0.023558586484810913, 0.026658400495970243, 0.030998140111593304, 0.03781773093614383, 0.04277743335399876, 0.04835709857408556, 0.05269683818970862, 0.05455672659640422, 0.4823310601363918, 0.4922504649721017, 0.49845009299442034, 1.0]",4.0,2.0,2.0,2.0,2.0,10,-10.46551,8.0,0.0,hrl_dqn_apf,hierarchical,dqn,9.603,9.890,-0.722,0.00,0.00,0.00,-1.419,9.218,2.212,0.00,0.00,0.00,2.076,6.337,-3.513,0.00,0.00,0.00,3.000,3.000,3.000
2026-02-04 17:36:54,726.86,27,401,428,6.31%,174.96,1.67%,"[0, 5, 10, 15, 20, 25, 30, 35, 40, 45, 50, 55, 60, 65, 70, 75, 80, 85, 90, 95, 100]","[6, 8, 5, 5, 2, 1, 3, 2, 6, 5, 7, 11, 8, 7, 9, 3, 690, 15, 10, 810]","[0.0037197768133911966, 0.008679479231246125, 0.011779293242405457, 0.014879107253564786, 0.016119032858028518, 0.016738995660260384, 0.018598884066955982, 0.019838809671419714, 0.023558586484810913, 0.026658400495970243, 0.030998140111593304, 0.03781773093614383, 0.04277743335399876, 0.047117172969621826, 0.05269683818970862, 0.05455672659640422, 0.4823310601363918, 0.4916305021698698, 0.49783013019218847, 1.0]",4.0,2.0,2.0,2.0,2.0,18,7.37396,8.0,6.0,hrl_dqn_apf,hierarchical,dqn,9.604,9.971,-0.527,0.00,0.00,0.00,-2.079,9.261,2.212,0.00,0.00,0.00,1.340,6.334,-3.514,0.00,0.00,0.00,3.000,3.000,3.000
2026-02-04 17:36:55,727.86,27,401,428,6.31%,175.02,1.67%,"[0, 5, 10, 15, 20, 25, 30, 35, 40, 45, 50, 55, 60, 65, 70, 75, 80, 85, 90, 95, 100]","[4, 8, 7, 5, 1, 2, 3, 2, 5, 4, 8, 12, 8, 6, 10, 3, 690, 15, 10, 810]","[0.0024798512089274642, 0.007439553626782393, 0.011779293242405457, 0.014879107253564786, 0.015499070055796652, 0.016738995660260384, 0.018598884066955982, 0.019838809671419714, 0.022938623682579044, 0.02541847489150651, 0.03037817730936144, 0.03781773093614383, 0.04277743335399876, 0.04649721016738995, 0.05269683818970862, 0.05455672659640422, 0.4823310601363918, 0.4916305021698698, 0.49783013019218847, 1.0]",4.0,2.0,2.0,2.0,2.0,9,13.21364,8.0,-6.0,hrl_dqn_apf,hierarchical,dqn,9.604,9.976,0.069,0.00,0.00,0.00,-2.057,9.382,2.212,0.00,0.00,0.00,0.587,6.331,-3.515,0.00,0.00,0.00,3.000,3.000,3.000
2026-02-04 17:36:56,728.86,27,397,424,6.37%,175.20,1.67%,"[0, 5, 10, 15, 20, 25, 30, 35, 40, 45, 50, 55, 60, 65, 70, 75, 80, 85, 90, 95, 100]","[3, 6, 9, 5, 2, 2, 3, 2, 5, 4, 7, 12, 7, 8, 8, 5, 691, 14, 13, 807]","[0.0018598884066955983, 0.005579665220086794, 0.011159330440173589, 0.01425914445133292, 0.015499070055796652, 0.016738995660260384, 0.018598884066955982, 0.019838809671419714, 0.022938623682579044, 0.02541847489150651, 0.029758214507129573, 0.037197768133911964, 0.041537507749535026, 0.04649721016738995, 0.05145691258524489, 0.05455672659640422, 0.4829510229386237, 0.4916305021698698, 0.49969001859888407, 1.0]",4.0,2.0,2.0,2.0,2.0,9,13.21364,8.0,-6.0,hrl_dqn_apf,hierarchical,dqn,9.603,9.971,1.537,0.00,0.00,0.00,-0.817,9.393,2.213,0.00,0.00,0.00,-0.816,6.386,-3.393,0.00,0.00,0.00,3.000,3.000,3.000
2026-02-04 17:36:57,729.86,27,399,426,6.34%,175.28,1.67%,"[0, 5, 10, 15, 20, 25, 30, 35, 40, 45, 50, 55, 60, 65, 70, 75, 80, 85, 90, 95, 100]","[5, 4, 10, 5, 2, 1, 4, 2, 5, 4, 6, 13, 8, 8, 8, 5, 691, 13, 14, 805]","[0.0030998140111593306, 0.005579665220086794, 0.011779293242405457, 0.014879107253564786, 0.016119032858028518, 0.016738995660260384, 0.019218846869187848, 0.02045877247365158, 0.023558586484810913, 0.026038437693738377, 0.029758214507129573, 0.03781773093614383, 0.04277743335399876, 0.04773713577185369, 0.05269683818970862, 0.05579665220086795, 0.4841909485430874, 0.4922504649721017, 0.5009299442033478, 1.0]",4.0,2.0,2.0,2.0,2.0,22,1.05338,8.0,12.0,hrl_dqn_apf,hierarchical,dqn,9.528,10.016,2.217,0.00,0.00,0.00,-0.076,9.390,2.213,0.00,0.00,0.00,-1.060,6.414,-2.869,0.00,0.00,0.00,3.000,3.000,3.000
2026-02-04 17:36:58,730.87,28,394,422,6.64%,175.39,1.74%,"[0, 5, 10, 15, 20, 25, 30, 35, 40, 45, 50, 55, 60, 65, 70, 75, 80, 85, 90, 95, 100]","[5, 4, 11, 2, 5, 1, 5, 2, 5, 4, 4, 14, 6, 8, 10, 5, 691, 11, 16, 804]","[0.0030998140111593306, 0.005579665220086794, 0.012399256044637322, 0.013639181649101054, 0.016738995660260384, 0.01735895846249225, 0.02045877247365158, 0.02169869807811531, 0.024798512089274645, 0.02727836329820211, 0.029758214507129573, 0.038437693738375696, 0.04215747055176689, 0.047117172969621826, 0.053316800991940486, 0.056416615003099815, 0.4848109113453193, 0.4916305021698698, 0.5015499070055797, 1.0]",4.0,2.0,2.0,2.0,2.0,20,-11.10711,8.0,12.0,hrl_dqn_apf,hierarchical,dqn,9.068,9.935,2.512,0.00,0.00,0.00,0.683,9.387,2.214,0.00,0.00,0.00,-1.138,6.414,-2.172,0.00,0.00,0.00,3.000,3.000,3.000
2026-02-04 17:36:59,731.87,30,392,422,7.11%,175.53,1.86%,"[0, 5, 10, 15, 20, 25, 30, 35, 40, 45, 50, 55, 60, 65, 70, 75, 80, 85, 90, 95, 100]","[7, 5, 7, 5, 4, 2, 1, 4, 5, 5, 4, 14, 5, 8, 9, 7, 690, 12, 14, 805]","[0.0043397396156230625, 0.007439553626782393, 0.011779293242405457, 0.014879107253564786, 0.01735895846249225, 0.018598884066955982, 0.019218846869187848, 0.02169869807811531, 0.024798512089274645, 0.027898326100433975, 0.03037817730936144, 0.03905765654060756, 0.04215747055176689, 0.047117172969621826, 0.05269683818970862, 0.05703657780533168, 0.4848109113453193, 0.4922504649721017, 0.5009299442033478, 1.0]",4.0,2.0,2.0,2.0,2.0,20,-11.10711,8.0,12.0,hrl_dqn_apf,hierarchical,dqn,8.764,9.554,2.611,0.00,0.00,0.00,1.444,9.385,2.214,0.00,0.00,0.00,-1.162,6.411,-1.427,0.00,0.00,0.00,3.000,3.000,3.000
2026-02-04 17:37:00,732.87,30,394,424,7.08%,175.89,1.86%,"[0, 5, 10, 15, 20, 25, 30, 35, 40, 45, 50, 55, 60, 65, 70, 75, 80, 85, 90, 95, 100]","[9, 3, 7, 6, 4, 1, 2, 4, 4, 4, 3, 15, 5, 7, 10, 6, 691, 13, 12, 807]","[0.005579665220086794, 0.007439553626782393, 0.011779293242405457, 0.015499070055796652, 0.017978921264724116, 0.018598884066955982, 0.019838809671419714, 0.022318660880347178, 0.024798512089274645, 0.02727836329820211, 0.029138251704897707, 0.038437693738375696, 0.041537507749535026, 0.04587724736515809, 0.052076875387476754, 0.05579665220086795, 0.4841909485430874, 0.4922504649721017, 0.49969001859888407, 1.0]",4.0,2.0,2.0,2.0,2.0,12,0.73295,8.0,0.0,hrl_dqn_apf,hierarchical,dqn,7.755,9.589,2.647,0.00,0.00,0.00,2.102,9.472,1.332,0.00,0.00,0.00,-1.173,6.527,-0.159,0.00,0.00,0.00,3.000,3.000,3.000
2026-02-04 17:37:01,733.87,30,394,424,7.08%,176.09,1.86%,"[0, 5, 10, 15, 20, 25, 30, 35, 40, 45, 50, 55, 60, 65, 70, 75, 80, 85, 90, 95, 100]","[10, 3, 6, 7, 2, 2, 2, 4, 4, 4, 3, 15, 5, 5, 11, 5, 692, 13, 13, 807]","[0.006199628022318661, 0.008059516429014259, 0.011779293242405457, 0.016119032858028518, 0.01735895846249225, 0.018598884066955982, 0.019838809671419714, 0.022318660880347178, 0.024798512089274645, 0.02727836329820211, 0.029138251704897707, 0.038437693738375696, 0.041537507749535026, 0.044637321760694355, 0.05145691258524489, 0.05455672659640422, 0.48357098574085555, 0.4916305021698698, 0.49969001859888407, 1.0]",4.0,2.0,2.0,2.0,2.0,0,-11.42711,8.0,-12.0,hrl_dqn_apf,hierarchical,dqn,7.034,9.589,2.650,0.00,0.00,0.00,2.222,9.666,0.725,0.00,0.00,0.00,-1.213,6.473,-0.404,0.00,0.00,0.00,3.000,3.000,3.000
2026-02-04 17:37:02,734.88,31,397,428,7.24%,176.25,1.92%,"[0, 5, 10, 15, 20, 25, 30, 35, 40, 45, 50, 55, 60, 65, 70, 75, 80, 85, 90, 95, 100]","[10, 4, 6, 7, 2, 2, 1, 5, 4, 4, 3, 13, 6, 5, 11, 5, 692, 13, 12, 808]","[0.006199628022318661, 0.008679479231246125, 0.012399256044637322, 0.016738995660260384, 0.017978921264724116, 0.019218846869187848, 0.019838809671419714, 0.022938623682579044, 0.02541847489150651, 0.027898326100433975, 0.029758214507129573, 0.03781773093614383, 0.041537507749535026, 0.044637321760694355, 0.05145691258524489, 0.05455672659640422, 0.48357098574085555, 0.4916305021698698, 0.4990700557966522, 1.0]",4.0,2.0,2.0,2.0,2.0,0,-11.42711,8.0,-12.0,hrl_dqn_apf,hierarchical,dqn,6.263,9.587,2.650,0.00,0.00,0.00,2.644,9.926,0.635,0.00,0.00,0.00,-1.615,6.281,-0.781,0.00,0.00,0.00,3.000,3.000,3.000
2026-02-04 17:37:03,735.89,32,396,428,7.48%,176.43,1.98%,"[0, 5, 10, 15, 20, 25, 30, 35, 40, 45, 50, 55, 60, 65, 70, 75, 80, 85, 90, 95, 100]","[12, 3, 4, 8, 1, 4, 1, 4, 5, 3, 3, 10, 9, 3, 11, 7, 692, 13, 10, 810]","[0.007439553626782393, 0.009299442033477991, 0.011779293242405457, 0.016738995660260384, 0.01735895846249225, 0.019838809671419714, 0.02045877247365158, 0.022938623682579044, 0.026038437693738377, 0.027898326100433975, 0.029758214507129573, 0.03595784252944823, 0.041537507749535026, 0.04339739615623062, 0.050216986980781156, 0.05455672659640422, 0.48357098574085555, 0.4916305021698698, 0.49783013019218847, 1.0]",4.0,2.0,2.0,2.0,2.0,21,-5.58763,8.0,12.0,hrl_dqn_apf,hierarchical,dqn,5.508,9.586,2.650,0.00,0.00,0.00,2.529,10.012,0.672,0.00,0.00,0.00,-1.915,6.312,-1.321,0.00,0.00,0.00,3.000,3.000,3.000
2026-02-04 17:37:04,736.89,31,396,427,7.26%,176.78,1.92%,"[0, 5, 10, 15, 20, 25, 30, 35, 40, 45, 50, 55, 60, 65, 70, 75, 80, 85, 90, 95, 100]","[11, 3, 3, 9, 3, 2, 2, 2, 7, 3, 1, 12, 8, 4, 10, 5, 694, 13, 11, 810]","[0.006819590824550527, 0.008679479231246125, 0.010539367637941723, 0.016119032858028518, 0.017978921264724116, 0.019218846869187848, 0.02045877247365158, 0.02169869807811531, 0.026038437693738377, 0.027898326100433975, 0.02851828890266584, 0.03595784252944823, 0.04091754494730316, 0.04339739615623062, 0.04959702417854929, 0.05269683818970862, 0.4829510229386237, 0.49101053936763794, 0.49783013019218847, 1.0]",4.0,2.0,2.0,2.0,2.0,6,-5.66762,8.0,-6.0,hrl_dqn_apf,hierarchical,dqn,5.651,9.672,3.104,0.00,0.00,0.00,1.366,10.093,0.240,0.00,0.00,0.00,-2.043,6.315,-2.763,0.00,0.00,0.00,3.000,3.000,3.000
2026-02-04 17:37:05,737.89,32,399,431,7.42%,176.90,1.98%,"[0, 5, 10, 15, 20, 25, 30, 35, 40, 45, 50, 55, 60, 65, 70, 75, 80, 85, 90, 95, 100]","[10, 5, 3, 7, 5, 2, 1, 3, 7, 3, 1, 10, 10, 3, 8, 8, 694, 13, 11, 809]","[0.006199628022318661, 0.009299442033477991, 0.011159330440173589, 0.015499070055796652, 0.018598884066955982, 0.019838809671419714, 0.02045877247365158, 0.022318660880347178, 0.026658400495970243, 0.02851828890266584, 0.029138251704897707, 0.035337879727216366, 0.041537507749535026, 0.04339739615623062, 0.04835709857408556, 0.053316800991940486, 0.48357098574085555, 0.4916305021698698, 0.49845009299442034, 1.0]",4.0,2.0,2.0,2.0,2.0,6,-5.66762,8.0,-6.0,hrl_dqn_apf,hierarchical,dqn,6.064,9.732,3.457,0.00,0.00,0.00,0.784,9.887,-0.121,0.00,0.00,0.00,-2.052,6.397,-3.414,0.00,0.00,0.00,3.000,3.000,3.000
2026-02-04 17:37:06,738.89,32,395,427,7.49%,177.06,1.98%,"[0, 5, 10, 15, 20, 25, 30, 35, 40, 45, 50, 55, 60, 65, 70, 75, 80, 85, 90, 95, 100]","[11, 6, 3, 5, 6, 1, 2, 3, 7, 3, 1, 10, 10, 3, 7, 7, 693, 14, 11, 810]","[0.006819590824550527, 0.010539367637941723, 0.012399256044637322, 0.015499070055796652, 0.019218846869187848, 0.019838809671419714, 0.021078735275883446, 0.022938623682579044, 0.02727836329820211, 0.029138251704897707, 0.029758214507129573, 0.03595784252944823, 0.04215747055176689, 0.04401735895846249, 0.04835709857408556, 0.05269683818970862, 0.4823310601363918, 0.49101053936763794, 0.49783013019218847, 1.0]",4.0,2.0,2.0,2.0,2.0,22,0.17201,8.0,12.0,hrl_dqn_apf,hierarchical,dqn,5.780,9.796,3.604,0.00,0.00,0.00,0.519,9.628,-0.271,0.00,0.00,0.00,-2.054,6.488,-3.260,0.00,0.00,0.00,3.000,3.000,3.000
2026-02-04 17:37:07,739.89,32,395,427,7.49%,177.22,1.98%,"[0, 5, 10, 15, 20, 25, 30, 35, 40, 45, 50, 55, 60, 65, 70, 75, 80, 85, 90, 95, 100]","[11, 5, 4, 4, 7, 1, 2, 3, 7, 3, 1, 10, 8, 4, 8, 7, 692, 13, 14, 809]","[0.006819590824550527, 0.009919404835709857, 0.012399256044637322, 0.014879107253564786, 0.019218846869187848, 0.019838809671419714, 0.021078735275883446, 0.022938623682579044, 0.02727836329820211, 0.029138251704897707, 0.029758214507129573, 0.03595784252944823, 0.04091754494730316, 0.04339739615623062, 0.04835709857408556, 0.05269683818970862, 0.48171109733415995, 0.4897706137631742, 0.49845009299442034, 1.0]",4.0,2.0,2.0,2.0,2.0,11,-5.99039,8.0,0.0,hrl_dqn_apf,hierarchical,dqn,5.156,9.800,3.650,0.00,0.00,0.00,0.043,9.656,-0.315,0.00,0.00,0.00,-2.055,6.495,-2.676,0.00,0.00,0.00,3.000,3.000,3.000
2026-02-04 17:37:08,740.90,33,395,428,7.71%,177.50,2.05%,"[0, 5, 10, 15, 20, 25, 30, 35, 40, 45, 50, 55, 60, 65, 70, 75, 80, 85, 90, 95, 100]","[10, 5, 4, 5, 6, 3, 3, 2, 5, 5, 1, 10, 5, 7, 6, 6, 694, 14, 12, 810]","[0.006199628022318661, 0.009299442033477991, 0.011779293242405457, 0.014879107253564786, 0.018598884066955982, 0.02045877247365158, 0.022318660880347178, 0.023558586484810913, 0.026658400495970243, 0.029758214507129573, 0.03037817730936144, 0.0365778053316801, 0.03967761934283943, 0.04401735895846249, 0.04773713577185369, 0.05145691258524489, 0.48171109733415995, 0.4903905765654061, 0.49783013019218847, 1.0]",4.0,2.0,2.0,2.0,2.0,11,-5.99039,8.0,0.0,hrl_dqn_apf,hierarchical,dqn,3.681,9.794,3.668,0.00,0.00,0.00,-1.067,10.010,-0.191,0.00,0.00,0.00,-2.145,6.348,-1.451,0.00,0.00,0.00,3.000,3.000,3.000
2026-02-04 17:37:09,741.90,33,393,426,7.75%,177.71,2.05%,"[0, 5, 10, 15, 20, 25, 30, 35, 40, 45, 50, 55, 60, 65, 70, 75, 80, 85, 90, 95, 100]","[9, 6, 3, 4, 8, 3, 2, 3, 4, 6, 1, 8, 7, 7, 6, 6, 693, 14, 13, 810]","[0.005579665220086794, 0.009299442033477991, 0.011159330440173589, 0.013639181649101054, 0.018598884066955982, 0.02045877247365158, 0.02169869807811531, 0.023558586484810913, 0.026038437693738377, 0.029758214507129573, 0.03037817730936144, 0.035337879727216366, 0.03967761934283943, 0.04401735895846249, 0.04773713577185369, 0.05145691258524489, 0.4810911345319281, 0.4897706137631742, 0.49783013019218847, 1.0]",4.0,2.0,2.0,2.0,2.0,8,5.84957,8.0,-6.0,hrl_dqn_apf,hierarchical,dqn,2.923,9.791,3.669,0.00,0.00,0.00,-0.885,10.384,0.237,0.00,0.00,0.00,-2.496,6.039,-1.621,0.00,0.00,0.00,3.000,3.000,3.000
2026-02-04 17:37:10,742.90,34,390,424,8.02%,177.87,2.11%,"[0, 5, 10, 15, 20, 25, 30, 35, 40, 45, 50, 55, 60, 65, 70, 75, 80, 85, 90, 95, 100]","[11, 5, 5, 3, 6, 4, 2, 2, 4, 6, 1, 7, 6, 8, 7, 5, 692, 16, 13, 810]","[0.006819590824550527, 0.009919404835709857, 0.013019218846869188, 0.014879107253564786, 0.018598884066955982, 0.021078735275883446, 0.022318660880347178, 0.023558586484810913, 0.026038437693738377, 0.029758214507129573, 0.03037817730936144, 0.0347179169249845, 0.038437693738375696, 0.04339739615623062, 0.04773713577185369, 0.05083694978301302, 0.47985120892746436, 0.4897706137631742, 0.49783013019218847, 1.0]",4.0,2.0,2.0,2.0,2.0,7,-0.30989,8.0,-6.0,hrl_dqn_apf,hierarchical,dqn,2.163,9.788,3.669,0.00,0.00,0.00,-0.489,10.533,0.761,0.00,0.00,0.00,-2.945,5.763,-2.086,0.00,0.00,0.00,3.000,3.000,3.000
2026-02-04 17:37:11,743.90,34,392,426,7.98%,178.07,2.11%,"[0, 5, 10, 15, 20, 25, 30, 35, 40, 45, 50, 55, 60, 65, 70, 75, 80, 85, 90, 95, 100]","[10, 5, 6, 3, 5, 5, 1, 3, 4, 6, 1, 7, 6, 8, 6, 4, 694, 14, 14, 811]","[0.006199628022318661, 0.009299442033477991, 0.013019218846869188, 0.014879107253564786, 0.017978921264724116, 0.021078735275883446, 0.02169869807811531, 0.023558586484810913, 0.026038437693738377, 0.029758214507129573, 0.03037817730936144, 0.0347179169249845, 0.038437693738375696, 0.04339739615623062, 0.047117172969621826, 0.04959702417854929, 0.47985120892746436, 0.4885306881587105, 0.4972101673899566, 1.0]",4.0,2.0,2.0,2.0,2.0,7,-0.30989,8.0,-6.0,hrl_dqn_apf,hierarchical,dqn,1.404,9.783,3.670,0.00,0.00,0.00,-0.263,10.144,1.044,0.00,0.00,0.00,-3.202,5.795,-2.727,0.00,0.00,0.00,3.000,3.000,3.000
2026-02-04 17:37:12,744.90,35,387,422,8.29%,178.28,2.17%,"[0, 5, 10, 15, 20, 25, 30, 35, 40, 45, 50, 55, 60, 65, 70, 75, 80, 85, 90, 95, 100]","[8, 6, 7, 4, 2, 8, 1, 3, 3, 7, 1, 7, 6, 3, 10, 3, 694, 15, 13, 812]","[0.0049597024178549285, 0.008679479231246125, 0.013019218846869188, 0.015499070055796652, 0.016738995660260384, 0.02169869807811531, 0.022318660880347178, 0.02417854928704278, 0.026038437693738377, 0.03037817730936144, 0.030998140111593304, 0.035337879727216366, 0.03905765654060756, 0.04091754494730316, 0.047117172969621826, 0.048977061376317424, 0.4792312461252325, 0.4885306881587105, 0.49659020458772474, 1.0]",4.0,2.0,2.0,2.0,2.0,4,11.52867,8.0,-12.0,hrl_dqn_apf,hierarchical,dqn,1.368,9.800,4.365,0.00,0.00,0.00,-0.781,10.344,0.444,0.00,0.00,0.00,-3.174,6.379,-3.378,0.00,0.00,0.00,3.000,3.000,3.000
2026-02-04 17:37:13,745.91,33,391,424,7.78%,178.39,2.05%,"[0, 5, 10, 15, 20, 25, 30, 35, 40, 45, 50, 55, 60, 65, 70, 75, 80, 85, 90, 95, 100]","[7, 6, 7, 3, 4, 6, 2, 4, 3, 6, 2, 7, 6, 2, 11, 3, 692, 17, 13, 812]","[0.0043397396156230625, 0.008059516429014259, 0.012399256044637322, 0.01425914445133292, 0.016738995660260384, 0.02045877247365158, 0.02169869807811531, 0.02417854928704278, 0.026038437693738377, 0.029758214507129573, 0.030998140111593304, 0.035337879727216366, 0.03905765654060756, 0.040297582145071294, 0.047117172969621826, 0.048977061376317424, 0.47799132052076876, 0.4885306881587105, 0.49659020458772474, 1.0]",4.0,2.0,2.0,2.0,2.0,20,-12.63129,8.0,12.0,hrl_dqn_apf,hierarchical,dqn,1.742,9.749,4.979,0.00,0.00,0.00,-1.197,10.393,-0.163,0.00,0.00,0.00,-2.633,6.388,-3.434,0.00,0.00,0.00,3.000,3.000,3.000
2026-02-04 17:37:14,746.91,32,394,426,7.51%,178.54,1.98%,"[0, 5, 10, 15, 20, 25, 30, 35, 40, 45, 50, 55, 60, 65, 70, 75, 80, 85, 90, 95, 100]","[7, 5, 7, 4, 4, 5, 3, 3, 4, 4, 4, 7, 5, 3, 11, 3, 692, 15, 14, 813]","[0.0043397396156230625, 0.007439553626782393, 0.011779293242405457, 0.01425914445133292, 0.016738995660260384, 0.019838809671419714, 0.02169869807811531, 0.023558586484810913, 0.026038437693738377, 0.02851828890266584, 0.030998140111593304, 0.035337879727216366, 0.038437693738375696, 0.040297582145071294, 0.047117172969621826, 0.048977061376317424, 0.47799132052076876, 0.48729076255424675, 0.49597024178549287, 1.0]",4.0,2.0,2.0,2.0,2.0,20,-12.63129,8.0,12.0,hrl_dqn_apf,hierarchical,dqn,2.103,9.769,5.567,0.00,0.00,0.00,-1.574,10.290,-0.789,0.00,0.00,0.00,-1.935,6.384,-3.450,0.00,0.00,0.00,3.000,3.000,3.000
2026-02-04 17:37:15,747.91,31,391,422,7.35%,178.68,1.92%,"[0, 5, 10, 15, 20, 25, 30, 35, 40, 45, 50, 55, 60, 65, 70, 75, 80, 85, 90, 95, 100]","[7, 5, 5, 6, 2, 6, 4, 3, 4, 4, 4, 7, 3, 3, 12, 4, 690, 16, 15, 813]","[0.0043397396156230625, 0.007439553626782393, 0.010539367637941723, 0.01425914445133292, 0.015499070055796652, 0.019218846869187848, 0.02169869807811531, 0.023558586484810913, 0.026038437693738377, 0.02851828890266584, 0.030998140111593304, 0.035337879727216366, 0.037197768133911964, 0.03905765654060756, 0.04649721016738995, 0.048977061376317424, 0.476751394916305, 0.4866707997520149, 0.49597024178549287, 1.0]",4.0,2.0,2.0,2.0,2.0,19,11.20852,8.0,6.0,hrl_dqn_apf,hierarchical,dqn,2.281,9.876,5.458,0.00,0.00,0.00,-1.760,9.946,-1.101,0.00,0.00,0.00,-1.190,6.372,-3.454,0.00,0.00,0.00,3.000,3.000,3.000
2026-02-04 17:37:16,748.91,28,400,428,6.54%,178.98,1.74%,"[0, 5, 10, 15, 20, 25, 30, 35, 40, 45, 50, 55, 60, 65, 70, 75, 80, 85, 90, 95, 100]","[6, 5, 5, 7, 2, 3, 7, 2, 5, 4, 4, 6, 4, 3, 11, 4, 689, 16, 14, 816]","[0.0037197768133911966, 0.006819590824550527, 0.009919404835709857, 0.01425914445133292, 0.015499070055796652, 0.01735895846249225, 0.02169869807811531, 0.022938623682579044, 0.026038437693738377, 0.02851828890266584, 0.030998140111593304, 0.0347179169249845, 0.037197768133911964, 0.03905765654060756, 0.04587724736515809, 0.04835709857408556, 0.4755114693118413, 0.48543087414755115, 0.4941103533787973, 1.0]",4.0,2.0,2.0,2.0,2.0,20,-12.95191,8.0,12.0,hrl_dqn_apf,hierarchical,dqn,2.167,9.951,4.368,0.00,0.00,0.00,-1.762,10.729,-0.258,0.00,0.00,0.00,-0.458,6.079,-4.157,0.00,0.00,0.00,3.000,3.000,3.000
2026-02-04 17:37:17,749.91,28,399,427,6.56%,179.11,1.74%,"[0, 5, 10, 15, 20, 25, 30, 35, 40, 45, 50, 55, 60, 65, 70, 75, 80, 85, 90, 95, 100]","[6, 4, 5, 7, 3, 3, 7, 2, 5, 4, 4, 6, 4, 3, 8, 6, 690, 16, 14, 816]","[0.0037197768133911966, 0.006199628022318661, 0.009299442033477991, 0.013639181649101054, 0.015499070055796652, 0.01735895846249225, 0.02169869807811531, 0.022938623682579044, 0.026038437693738377, 0.02851828890266584, 0.030998140111593304, 0.0347179169249845, 0.037197768133911964, 0.03905765654060756, 0.04401735895846249, 0.04773713577185369, 0.4755114693118413, 0.48543087414755115, 0.4941103533787973, 1.0]",4.0,2.0,2.0,2.0,2.0,20,-12.95191,8.0,12.0,hrl_dqn_apf,hierarchical,dqn,1.603,9.968,4.181,0.00,0.00,0.00,-1.857,10.654,0.368,0.00,0.00,0.00,0.111,6.102,-4.338,0.00,0.00,0.00,3.000,3.000,3.000
2026-02-04 17:37:18,750.92,28,399,427,6.56%,179.17,1.74%,"[0, 5, 10, 15, 20, 25, 30, 35, 40, 45, 50, 55, 60, 65, 70, 75, 80, 85, 90, 95, 100]","[7, 3, 7, 6, 2, 3, 7, 2, 5, 3, 4, 7, 4, 3, 6, 8, 689, 15, 17, 815]","[0.0043397396156230625, 0.006199628022318661, 0.010539367637941723, 0.01425914445133292, 0.015499070055796652, 0.01735895846249225, 0.02169869807811531, 0.022938623682579044, 0.026038437693738377, 0.027898326100433975, 0.03037817730936144, 0.0347179169249845, 0.037197768133911964, 0.03905765654060756, 0.04277743335399876, 0.04773713577185369, 0.47489150650960943, 0.4841909485430874, 0.49473031618102914, 1.0]",4.0,2.0,2.0,2.0,2.0,19,10.88801,8.0,6.0,hrl_dqn_apf,hierarchical,dqn,0.892,9.967,4.123,0.00,0.00,0.00,-1.904,10.235,0.636,0.00,0.00,0.00,0.823,6.103,-4.395,0.00,0.00,0.00,3.000,3.000,3.000
2026-02-04 17:37:19,751.92,28,399,427,6.56%,179.31,1.74%,"[0, 5, 10, 15, 20, 25, 30, 35, 40, 45, 50, 55, 60, 65, 70, 75, 80, 85, 90, 95, 100]","[7, 3, 6, 5, 4, 3, 5, 4, 4, 4, 2, 9, 4, 2, 7, 8, 689, 15, 15, 817]","[0.0043397396156230625, 0.006199628022318661, 0.009919404835709857, 0.013019218846869188, 0.015499070055796652, 0.01735895846249225, 0.02045877247365158, 0.022938623682579044, 0.02541847489150651, 0.027898326100433975, 0.029138251704897707, 0.0347179169249845, 0.037197768133911964, 0.038437693738375696, 0.04277743335399876, 0.04773713577185369, 0.47489150650960943, 0.4841909485430874, 0.4934903905765654, 1.0]",4.0,2.0,2.0,2.0,2.0,23,4.80796,8.0,12.0,hrl_dqn_apf,hierarchical,dqn,0.152,9.968,4.107,0.00,0.00,0.00,-1.922,9.865,0.716,0.00,0.00,0.00,1.568,6.102,-4.411,0.00,0.00,0.00,3.000,3.000,3.000
2026-02-04 17:37:20,752.92,26,401,427,6.09%,179.54,1.61%,"[0, 5, 10, 15, 20, 25, 30, 35, 40, 45, 50, 55, 60, 65, 70, 75, 80, 85, 90, 95, 100]","[7, 3, 5, 5, 5, 1, 5, 6, 4, 4, 2, 8, 5, 0, 7, 9, 689, 13, 16, 819]","[0.0043397396156230625, 0.006199628022318661, 0.009299442033477991, 0.012399256044637322, 0.015499070055796652, 0.016119032858028518, 0.019218846869187848, 0.022938623682579044, 0.02541847489150651, 0.027898326100433975, 0.029138251704897707, 0.034097954122752634, 0.037197768133911964, 0.037197768133911964, 0.041537507749535026, 0.047117172969621826, 0.47427154370737756, 0.4823310601363918, 0.4922504649721017, 1.0]",4.0,2.0,2.0,2.0,2.0,23,4.80796,8.0,12.0,hrl_dqn_apf,hierarchical,dqn,0.109,10.087,4.841,0.00,0.00,0.00,-2.498,9.949,-0.002,0.00,0.00,0.00,2.244,6.190,-3.557,0.00,0.00,0.00,3.000,3.000,3.000
2026-02-04 17:37:21,753.92,27,400,427,6.32%,179.62,1.67%,"[0, 5, 10, 15, 20, 25, 30, 35, 40, 45, 50, 55, 60, 65, 70, 75, 80, 85, 90, 95, 100]","[6, 4, 5, 5, 6, 1, 4, 6, 3, 5, 2, 8, 4, 1, 7, 10, 687, 14, 16, 819]","[0.0037197768133911966, 0.006199628022318661, 0.009299442033477991, 0.012399256044637322, 0.016119032858028518, 0.016738995660260384, 0.019218846869187848, 0.022938623682579044, 0.024798512089274645, 0.027898326100433975, 0.029138251704897707, 0.034097954122752634, 0.0365778053316801, 0.037197768133911964, 0.041537507749535026, 0.04773713577185369, 0.4736515809051457, 0.4823310601363918, 0.4922504649721017, 1.0]",4.0,2.0,2.0,2.0,2.0,17,-1.35271,8.0,6.0,hrl_dqn_apf,hierarchical,dqn,0.418,9.859,5.375,0.00,0.00,0.00,-2.753,10.024,-0.528,0.00,0.00,0.00,2.296,6.189,-2.841,0.00,0.00,0.00,3.000,3.000,3.000
2026-02-04 17:37:22,754.92,28,400,428,6.54%,179.72,1.74%,"[0, 5, 10, 15, 20, 25, 30, 35, 40, 45, 50, 55, 60, 65, 70, 75, 80, 85, 90, 95, 100]","[7, 4, 4, 6, 5, 2, 3, 7, 3, 5, 2, 8, 4, 1, 7, 6, 689, 15, 16, 819]","[0.0043397396156230625, 0.006819590824550527, 0.009299442033477991, 0.013019218846869188, 0.016119032858028518, 0.01735895846249225, 0.019218846869187848, 0.023558586484810913, 0.02541847489150651, 0.02851828890266584, 0.029758214507129573, 0.0347179169249845, 0.037197768133911964, 0.03781773093614383, 0.04215747055176689, 0.04587724736515809, 0.47303161810291383, 0.4823310601363918, 0.4922504649721017, 1.0]",4.0,2.0,2.0,2.0,2.0,18,4.48733,8.0,6.0,hrl_dqn_apf,hierarchical,dqn,0.514,9.623,5.596,0.00,0.00,0.00,-2.428,9.927,-0.752,0.00,0.00,0.00,2.312,6.186,-2.090,0.00,0.00,0.00,3.000,3.000,3.000
2026-02-04 17:37:23,755.93,28,398,426,6.57%,179.86,1.74%,"[0, 5, 10, 15, 20, 25, 30, 35, 40, 45, 50, 55, 60, 65, 70, 75, 80, 85, 90, 95, 100]","[7, 4, 3, 7, 6, 1, 3, 6, 4, 5, 1, 8, 5, 1, 7, 3, 692, 13, 16, 821]","[0.0043397396156230625, 0.006819590824550527, 0.008679479231246125, 0.013019218846869188, 0.016738995660260384, 0.01735895846249225, 0.019218846869187848, 0.022938623682579044, 0.02541847489150651, 0.02851828890266584, 0.029138251704897707, 0.034097954122752634, 0.037197768133911964, 0.03781773093614383, 0.04215747055176689, 0.04401735895846249, 0.47303161810291383, 0.4810911345319281, 0.49101053936763794, 1.0]",4.0,2.0,2.0,2.0,2.0,18,4.48733,8.0,6.0,hrl_dqn_apf,hierarchical,dqn,0.134,9.670,5.659,0.00,0.00,0.00,-2.188,9.560,-0.827,0.00,0.00,0.00,2.316,6.183,-1.333,0.00,0.00,0.00,3.000,3.000,3.000
2026-02-04 17:37:24,756.93,28,398,426,6.57%,180.16,1.74%,"[0, 5, 10, 15, 20, 25, 30, 35, 40, 45, 50, 55, 60, 65, 70, 75, 80, 85, 90, 95, 100]","[7, 5, 3, 4, 6, 3, 1, 6, 6, 4, 2, 6, 7, 1, 4, 5, 692, 14, 14, 823]","[0.0043397396156230625, 0.007439553626782393, 0.009299442033477991, 0.011779293242405457, 0.015499070055796652, 0.01735895846249225, 0.017978921264724116, 0.02169869807811531, 0.02541847489150651, 0.027898326100433975, 0.029138251704897707, 0.0328580285182889, 0.037197768133911964, 0.03781773093614383, 0.040297582145071294, 0.04339739615623062, 0.47241165530068197, 0.4810911345319281, 0.4897706137631742, 1.0]",4.0,2.0,2.0,2.0,2.0,20,-13.67285,8.0,12.0,hrl_dqn_apf,hierarchical,dqn,-1.249,9.675,5.683,0.00,0.00,0.00,-1.349,9.653,-0.669,0.00,0.00,0.00,1.460,6.271,-0.652,0.00,0.00,0.00,3.000,3.000,3.000
2026-02-04 17:37:25,757.93,29,395,424,6.84%,180.28,1.80%,"[0, 5, 10, 15, 20, 25, 30, 35, 40, 45, 50, 55, 60, 65, 70, 75, 80, 85, 90, 95, 100]","[6, 5, 3, 4, 5, 6, 1, 4, 8, 4, 2, 6, 6, 2, 4, 4, 692, 13, 13, 825]","[0.0037197768133911966, 0.006819590824550527, 0.008679479231246125, 0.011159330440173589, 0.01425914445133292, 0.017978921264724116, 0.018598884066955982, 0.021078735275883446, 0.026038437693738377, 0.02851828890266584, 0.029758214507129573, 0.03347799132052077, 0.037197768133911964, 0.038437693738375696, 0.04091754494730316, 0.04339739615623062, 0.47241165530068197, 0.4804711717296962, 0.4885306881587105, 1.0]",4.0,2.0,2.0,2.0,2.0,3,4.16694,8.0,-12.0,hrl_dqn_apf,hierarchical,dqn,-1.910,9.727,5.592,0.00,0.00,0.00,-1.282,9.911,-0.192,0.00,0.00,0.00,0.867,6.191,-0.599,0.00,0.00,0.00,3.000,3.000,3.000
2026-02-04 17:37:26,758.93,29,389,418,6.94%,180.41,1.80%,"[0, 5, 10, 15, 20, 25, 30, 35, 40, 45, 50, 55, 60, 65, 70, 75, 80, 85, 90, 95, 100]","[7, 5, 3, 4, 4, 6, 1, 4, 8, 3, 3, 6, 6, 1, 5, 4, 692, 12, 13, 826]","[0.0043397396156230625, 0.007439553626782393, 0.009299442033477991, 0.011779293242405457, 0.01425914445133292, 0.017978921264724116, 0.018598884066955982, 0.021078735275883446, 0.026038437693738377, 0.027898326100433975, 0.029758214507129573, 0.03347799132052077, 0.037197768133911964, 0.03781773093614383, 0.04091754494730316, 0.04339739615623062, 0.47241165530068197, 0.47985120892746436, 0.4879107253564786, 1.0]",4.0,2.0,2.0,2.0,2.0,3,4.16694,8.0,-12.0,hrl_dqn_apf,hierarchical,dqn,-2.184,9.761,5.077,0.00,0.00,0.00,-1.753,10.285,0.032,0.00,0.00,0.00,1.045,5.942,-0.582,0.00,0.00,0.00,3.000,3.000,3.000
2026-02-04 17:37:27,759.94,28,396,424,6.60%,180.56,1.74%,"[0, 5, 10, 15, 20, 25, 30, 35, 40, 45, 50, 55, 60, 65, 70, 75, 80, 85, 90, 95, 100]","[7, 4, 3, 4, 5, 5, 2, 4, 8, 3, 3, 6, 6, 1, 5, 4, 689, 13, 14, 827]","[0.0043397396156230625, 0.006819590824550527, 0.008679479231246125, 0.011159330440173589, 0.01425914445133292, 0.01735895846249225, 0.018598884066955982, 0.021078735275883446, 0.026038437693738377, 0.027898326100433975, 0.029758214507129573, 0.03347799132052077, 0.037197768133911964, 0.03781773093614383, 0.04091754494730316, 0.04339739615623062, 0.47055176689398637, 0.4786112833230006, 0.48729076255424675, 1.0]",4.0,2.0,2.0,2.0,2.0,1,-7.99334,8.0,-12.0,hrl_dqn_apf,hierarchical,dqn,-2.266,9.762,4.387,0.00,0.00,0.00,-2.424,10.569,0.174,0.00,0.00,0.00,1.629,5.612,-0.645,0.00,0.00,0.00,3.000,3.000,3.000
2026-02-04 17:37:28,760.94,26,398,424,6.13%,180.87,1.61%,"[0, 5, 10, 15, 20, 25, 30, 35, 40, 45, 50, 55, 60, 65, 70, 75, 80, 85, 90, 95, 100]","[6, 4, 3, 3, 5, 5, 3, 4, 6, 6, 2, 6, 5, 3, 5, 4, 687, 15, 12, 829]","[0.0037197768133911966, 0.006199628022318661, 0.008059516429014259, 0.009919404835709857, 0.013019218846869188, 0.016119032858028518, 0.017978921264724116, 0.02045877247365158, 0.02417854928704278, 0.027898326100433975, 0.029138251704897707, 0.0328580285182889, 0.03595784252944823, 0.03781773093614383, 0.04091754494730316, 0.04339739615623062, 0.46931184128952264, 0.4786112833230006, 0.486050836949783, 1.0]",4.0,2.0,2.0,2.0,2.0,1,-7.99334,8.0,-12.0,hrl_dqn_apf,hierarchical,dqn,-2.291,9.831,3.283,0.00,0.00,0.00,-3.015,10.208,0.085,0.00,0.00,0.00,2.212,6.192,-0.596,0.00,0.00,0.00,3.000,3.000,3.000
2026-02-04 17:37:29,761.94,26,400,426,6.10%,181.02,1.61%,"[0, 5, 10, 15, 20, 25, 30, 35, 40, 45, 50, 55, 60, 65, 70, 75, 80, 85, 90, 95, 100]","[7, 3, 4, 3, 4, 5, 3, 2, 8, 6, 2, 6, 4, 4, 5, 2, 689, 15, 12, 829]","[0.0043397396156230625, 0.006199628022318661, 0.008679479231246125, 0.010539367637941723, 0.013019218846869188, 0.016119032858028518, 0.017978921264724116, 0.019218846869187848, 0.02417854928704278, 0.027898326100433975, 0.029138251704897707, 0.0328580285182889, 0.035337879727216366, 0.03781773093614383, 0.04091754494730316, 0.04215747055176689, 0.46931184128952264, 0.4786112833230006, 0.486050836949783, 1.0]",4.0,2.0,2.0,2.0,2.0,24,9.84646,8.0,12.0,hrl_dqn_apf,hierarchical,dqn,-2.254,9.812,3.662,0.00,0.00,0.00,-3.094,10.278,-0.483,0.00,0.00,0.00,2.260,6.206,-0.061,0.00,0.00,0.00,3.000,3.000,3.000
2026-02-04 17:37:30,762.94,24,404,428,5.61%,181.11,1.49%,"[0, 5, 10, 15, 20, 25, 30, 35, 40, 45, 50, 55, 60, 65, 70, 75, 80, 85, 90, 95, 100]","[7, 3, 4, 3, 4, 3, 5, 2, 7, 7, 2, 6, 4, 4, 6, 1, 688, 16, 13, 828]","[0.0043397396156230625, 0.006199628022318661, 0.008679479231246125, 0.010539367637941723, 0.013019218846869188, 0.014879107253564786, 0.017978921264724116, 0.019218846869187848, 0.023558586484810913, 0.027898326100433975, 0.029138251704897707, 0.0328580285182889, 0.035337879727216366, 0.03781773093614383, 0.041537507749535026, 0.04215747055176689, 0.46869187848729077, 0.4786112833230006, 0.4866707997520149, 1.0]",4.0,2.0,2.0,2.0,2.0,15,-14.31411,8.0,6.0,hrl_dqn_apf,hierarchical,dqn,-2.135,9.767,4.305,0.00,0.00,0.00,-3.227,10.322,-1.181,0.00,0.00,0.00,2.275,6.205,0.639,0.00,0.00,0.00,3.000,3.000,3.000
2026-02-04 17:37:31,763.94,24,403,427,5.62%,181.18,1.49%,"[0, 5, 10, 15, 20, 25, 30, 35, 40, 45, 50, 55, 60, 65, 70, 75, 80, 85, 90, 95, 100]","[7, 3, 5, 2, 5, 2, 6, 2, 6, 8, 1, 8, 4, 3, 5, 2, 688, 16, 11, 829]","[0.0043397396156230625, 0.006199628022318661, 0.009299442033477991, 0.010539367637941723, 0.013639181649101054, 0.014879107253564786, 0.018598884066955982, 0.019838809671419714, 0.023558586484810913, 0.02851828890266584, 0.029138251704897707, 0.034097954122752634, 0.0365778053316801, 0.038437693738375696, 0.041537507749535026, 0.04277743335399876, 0.46931184128952264, 0.4792312461252325, 0.486050836949783, 1.0]",4.0,2.0,2.0,2.0,2.0,15,-14.31411,8.0,6.0,hrl_dqn_apf,hierarchical,dqn,-1.992,9.733,5.017,0.00,0.00,0.00,-3.379,10.311,-1.910,0.00,0.00,0.00,2.279,6.202,1.382,0.00,0.00,0.00,3.000,3.000,3.000
2026-02-04 17:37:32,764.95,23,404,427,5.39%,181.29,1.43%,"[0, 5, 10, 15, 20, 25, 30, 35, 40, 45, 50, 55, 60, 65, 70, 75, 80, 85, 90, 95, 100]","[5, 5, 5, 3, 3, 2, 6, 3, 5, 9, 1, 8, 3, 4, 5, 2, 688, 12, 13, 831]","[0.0030998140111593306, 0.006199628022318661, 0.009299442033477991, 0.011159330440173589, 0.013019218846869188, 0.01425914445133292, 0.017978921264724116, 0.019838809671419714, 0.022938623682579044, 0.02851828890266584, 0.029138251704897707, 0.034097954122752634, 0.03595784252944823, 0.038437693738375696, 0.041537507749535026, 0.04277743335399876, 0.46931184128952264, 0.476751394916305, 0.4848109113453193, 1.0]",4.0,2.0,2.0,2.0,2.0,17,-2.4742,8.0,6.0,hrl_dqn_apf,hierarchical,dqn,-2.811,9.834,5.598,0.00,0.00,0.00,-3.508,9.519,-2.514,0.00,0.00,0.00,2.278,6.196,2.902,0.00,0.00,0.00,3.000,3.000,3.000
2026-02-04 17:37:33,765.95,24,405,429,5.59%,181.39,1.49%,"[0, 5, 10, 15, 20, 25, 30, 35, 40, 45, 50, 55, 60, 65, 70, 75, 80, 85, 90, 95, 100]","[6, 4, 5, 2, 2, 5, 5, 3, 6, 7, 3, 7, 4, 3, 6, 2, 688, 11, 14, 830]","[0.0037197768133911966, 0.006199628022318661, 0.009299442033477991, 0.010539367637941723, 0.011779293242405457, 0.014879107253564786, 0.017978921264724116, 0.019838809671419714, 0.023558586484810913, 0.027898326100433975, 0.029758214507129573, 0.034097954122752634, 0.0365778053316801, 0.038437693738375696, 0.04215747055176689, 0.04339739615623062, 0.4699318040917545, 0.476751394916305, 0.48543087414755115, 1.0]",4.0,2.0,2.0,2.0,2.0,23,3.36554,8.0,12.0,hrl_dqn_apf,hierarchical,dqn,-3.506,9.833,5.641,0.00,0.00,0.00,-3.517,9.402,-2.460,0.00,0.00,0.00,2.277,6.193,3.643,0.00,0.00,0.00,3.000,3.000,3.000
2026-02-04 17:37:34,766.95,24,403,427,5.62%,181.51,1.49%,"[0, 5, 10, 15, 20, 25, 30, 35, 40, 45, 50, 55, 60, 65, 70, 75, 80, 85, 90, 95, 100]","[6, 6, 3, 3, 2, 4, 4, 4, 5, 7, 4, 6, 5, 1, 8, 2, 687, 12, 14, 830]","[0.0037197768133911966, 0.007439553626782393, 0.009299442033477991, 0.011159330440173589, 0.012399256044637322, 0.014879107253564786, 0.01735895846249225, 0.019838809671419714, 0.022938623682579044, 0.02727836329820211, 0.029758214507129573, 0.03347799132052077, 0.0365778053316801, 0.037197768133911964, 0.04215747055176689, 0.04339739615623062, 0.46931184128952264, 0.476751394916305, 0.48543087414755115, 1.0]",4.0,2.0,2.0,2.0,2.0,23,3.36554,8.0,12.0,hrl_dqn_apf,hierarchical,dqn,-4.254,9.864,5.615,0.00,0.00,0.00,-3.520,9.432,-1.938,0.00,0.00,0.00,2.276,6.190,4.443,0.00,0.00,0.00,3.000,3.000,3.000
2026-02-04 17:37:35,767.95,23,404,427,5.39%,181.58,1.43%,"[0, 5, 10, 15, 20, 25, 30, 35, 40, 45, 50, 55, 60, 65, 70, 75, 80, 85, 90, 95, 100]","[6, 5, 3, 3, 2, 4, 3, 6, 4, 7, 5, 6, 5, 1, 8, 2, 685, 12, 15, 831]","[0.0037197768133911966, 0.006819590824550527, 0.008679479231246125, 0.010539367637941723, 0.011779293242405457, 0.01425914445133292, 0.016119032858028518, 0.019838809671419714, 0.022318660880347178, 0.026658400495970243, 0.029758214507129573, 0.03347799132052077, 0.0365778053316801, 0.037197768133911964, 0.04215747055176689, 0.04339739615623062, 0.4680719156850589, 0.4755114693118413, 0.4848109113453193, 1.0]",4.0,2.0,2.0,2.0,2.0,3,3.28521,8.0,-12.0,hrl_dqn_apf,hierarchical,dqn,-4.592,9.916,5.191,0.00,0.00,0.00,-3.521,9.436,-1.249,0.00,0.00,0.00,2.275,6.187,5.203,0.00,0.00,0.00,3.000,3.000,3.000
2026-02-04 17:37:36,768.95,23,405,428,5.37%,181.72,1.43%,"[0, 5, 10, 15, 20, 25, 30, 35, 40, 45, 50, 55, 60, 65, 70, 75, 80, 85, 90, 95, 100]","[5, 5, 3, 4, 2, 4, 2, 7, 4, 6, 6, 5, 6, 1, 7, 2, 686, 12, 14, 832]","[0.0030998140111593306, 0.006199628022318661, 0.008059516429014259, 0.010539367637941723, 0.011779293242405457, 0.01425914445133292, 0.015499070055796652, 0.019838809671419714, 0.022318660880347178, 0.026038437693738377, 0.029758214507129573, 0.0328580285182889, 0.0365778053316801, 0.037197768133911964, 0.041537507749535026, 0.04277743335399876, 0.4680719156850589, 0.4755114693118413, 0.4841909485430874, 1.0]",4.0,2.0,2.0,2.0,2.0,10,-14.875630000000001,8.0,0.0,hrl_dqn_apf,hierarchical,dqn,-4.733,9.916,3.790,0.00,0.00,0.00,-3.727,9.506,0.050,0.00,0.00,0.00,2.273,6.181,6.730,0.00,0.00,0.00,3.000,3.000,3.000
2026-02-04 17:37:37,769.95,22,402,424,5.19%,181.78,1.36%,"[0, 5, 10, 15, 20, 25, 30, 35, 40, 45, 50, 55, 60, 65, 70, 75, 80, 85, 90, 95, 100]","[4, 4, 5, 3, 3, 3, 2, 7, 5, 6, 6, 5, 6, 1, 7, 2, 686, 12, 12, 834]","[0.0024798512089274642, 0.0049597024178549285, 0.008059516429014259, 0.009919404835709857, 0.011779293242405457, 0.013639181649101054, 0.014879107253564786, 0.019218846869187848, 0.022318660880347178, 0.026038437693738377, 0.029758214507129573, 0.0328580285182889, 0.0365778053316801, 0.037197768133911964, 0.041537507749535026, 0.04277743335399876, 0.4680719156850589, 0.4755114693118413, 0.4829510229386237, 1.0]",4.0,2.0,2.0,2.0,2.0,10,-14.875630000000001,8.0,0.0,hrl_dqn_apf,hierarchical,dqn,-4.771,10.052,3.252,0.00,0.00,0.00,-4.173,9.562,0.136,0.00,0.00,0.00,2.272,6.275,7.335,0.00,0.00,0.00,3.000,3.000,3.000
2026-02-04 17:37:38,770.96,20,404,424,4.72%,181.84,1.24%,"[0, 5, 10, 15, 20, 25, 30, 35, 40, 45, 50, 55, 60, 65, 70, 75, 80, 85, 90, 95, 100]","[4, 4, 4, 4, 2, 2, 4, 7, 4, 6, 6, 6, 6, 1, 7, 3, 686, 12, 10, 835]","[0.0024798512089274642, 0.0049597024178549285, 0.007439553626782393, 0.009919404835709857, 0.011159330440173589, 0.012399256044637322, 0.014879107253564786, 0.019218846869187848, 0.02169869807811531, 0.02541847489150651, 0.029138251704897707, 0.0328580285182889, 0.0365778053316801, 0.037197768133911964, 0.041537507749535026, 0.04339739615623062, 0.46869187848729077, 0.47613143211407316, 0.4823310601363918, 1.0]",4.0,2.0,2.0,2.0,2.0,3,2.96402,8.0,-12.0,hrl_dqn_apf,hierarchical,dqn,-4.906,10.167,3.497,0.00,0.00,0.00,-4.251,9.551,-0.304,0.00,0.00,0.00,2.271,6.356,7.140,0.00,0.00,0.00,3.000,3.000,3.000
2026-02-04 17:37:39,771.96,21,403,424,4.95%,181.88,1.30%,"[0, 5, 10, 15, 20, 25, 30, 35, 40, 45, 50, 55, 60, 65, 70, 75, 80, 85, 90, 95, 100]","[4, 4, 5, 4, 2, 2, 5, 5, 6, 6, 4, 8, 4, 2, 5, 5, 686, 11, 11, 834]","[0.0024798512089274642, 0.0049597024178549285, 0.008059516429014259, 0.010539367637941723, 0.011779293242405457, 0.013019218846869188, 0.016119032858028518, 0.019218846869187848, 0.022938623682579044, 0.026658400495970243, 0.029138251704897707, 0.034097954122752634, 0.0365778053316801, 0.03781773093614383, 0.04091754494730316, 0.04401735895846249, 0.46931184128952264, 0.47613143211407316, 0.4829510229386237, 1.0]",4.0,2.0,2.0,2.0,2.0,0,-15.19634,8.0,-12.0,hrl_dqn_apf,hierarchical,dqn,-5.060,10.233,4.098,0.00,0.00,0.00,-4.165,9.489,-0.961,0.00,0.00,0.00,2.272,6.362,6.545,0.00,0.00,0.00,3.000,3.000,3.000
2026-02-04 17:37:40,772.96,21,403,424,4.95%,182.04,1.30%,"[0, 5, 10, 15, 20, 25, 30, 35, 40, 45, 50, 55, 60, 65, 70, 75, 80, 85, 90, 95, 100]","[3, 4, 6, 3, 3, 2, 4, 4, 8, 5, 4, 10, 4, 2, 5, 4, 686, 10, 11, 835]","[0.0018598884066955983, 0.0043397396156230625, 0.008059516429014259, 0.009919404835709857, 0.011779293242405457, 0.013019218846869188, 0.015499070055796652, 0.017978921264724116, 0.022938623682579044, 0.026038437693738377, 0.02851828890266584, 0.0347179169249845, 0.037197768133911964, 0.038437693738375696, 0.041537507749535026, 0.04401735895846249, 0.46931184128952264, 0.4755114693118413, 0.4823310601363918, 1.0]",4.0,2.0,2.0,2.0,2.0,0,-15.19634,8.0,-12.0,hrl_dqn_apf,hierarchical,dqn,-5.312,9.962,5.362,0.00,0.00,0.00,-4.145,9.498,-2.234,0.00,0.00,0.00,2.273,6.356,5.079,0.00,0.00,0.00,3.000,3.000,3.000
2026-02-04 17:37:41,773.96,21,405,426,4.93%,182.10,1.30%,"[0, 5, 10, 15, 20, 25, 30, 35, 40, 45, 50, 55, 60, 65, 70, 75, 80, 85, 90, 95, 100]","[4, 3, 6, 2, 4, 2, 4, 3, 9, 5, 4, 10, 3, 3, 5, 4, 686, 11, 11, 834]","[0.0024798512089274642, 0.0043397396156230625, 0.008059516429014259, 0.009299442033477991, 0.011779293242405457, 0.013019218846869188, 0.015499070055796652, 0.01735895846249225, 0.022938623682579044, 0.026038437693738377, 0.02851828890266584, 0.0347179169249845, 0.0365778053316801, 0.038437693738375696, 0.041537507749535026, 0.04401735895846249, 0.46931184128952264, 0.47613143211407316, 0.4829510229386237, 1.0]",4.0,2.0,2.0,2.0,2.0,0,-15.35645,8.0,-12.0,hrl_dqn_apf,hierarchical,dqn,-5.348,9.865,5.437,0.00,0.00,0.00,-4.690,9.520,-2.425,0.00,0.00,0.00,2.274,6.353,4.320,0.00,0.00,0.00,3.000,3.000,3.000
2026-02-04 17:37:42,774.97,22,402,424,5.19%,182.19,1.36%,"[0, 5, 10, 15, 20, 25, 30, 35, 40, 45, 50, 55, 60, 65, 70, 75, 80, 85, 90, 95, 100]","[4, 3, 5, 4, 3, 3, 3, 4, 8, 6, 4, 10, 3, 3, 5, 4, 686, 10, 11, 834]","[0.0024798512089274642, 0.0043397396156230625, 0.007439553626782393, 0.009919404835709857, 0.011779293242405457, 0.013639181649101054, 0.015499070055796652, 0.017978921264724116, 0.022938623682579044, 0.026658400495970243, 0.029138251704897707, 0.035337879727216366, 0.037197768133911964, 0.03905765654060756, 0.04215747055176689, 0.044637321760694355, 0.4699318040917545, 0.47613143211407316, 0.4829510229386237, 1.0]",4.0,2.0,2.0,2.0,2.0,24,8.48338,8.0,12.0,hrl_dqn_apf,hierarchical,dqn,-5.358,9.897,4.974,0.00,0.00,0.00,-5.390,9.520,-2.484,0.00,0.00,0.00,2.275,6.395,3.605,0.00,0.00,0.00,3.000,3.000,3.000
2026-02-04 17:37:43,775.97,21,403,424,4.95%,182.34,1.30%,"[0, 5, 10, 15, 20, 25, 30, 35, 40, 45, 50, 55, 60, 65, 70, 75, 80, 85, 90, 95, 100]","[5, 2, 4, 4, 4, 2, 2, 5, 9, 4, 5, 10, 4, 2, 5, 4, 688, 10, 11, 833]","[0.0030998140111593306, 0.0043397396156230625, 0.006819590824550527, 0.009299442033477991, 0.011779293242405457, 0.013019218846869188, 0.01425914445133292, 0.01735895846249225, 0.022938623682579044, 0.02541847489150651, 0.02851828890266584, 0.0347179169249845, 0.037197768133911964, 0.038437693738375696, 0.041537507749535026, 0.04401735895846249, 0.47055176689398637, 0.476751394916305, 0.48357098574085555, 1.0]",4.0,2.0,2.0,2.0,2.0,24,8.48338,8.0,12.0,hrl_dqn_apf,hierarchical,dqn,-5.366,9.906,4.300,0.00,0.00,0.00,-6.136,9.517,-2.502,0.00,0.00,0.00,2.276,6.520,3.615,0.00,0.00,0.00,3.000,3.000,3.000
2026-02-04 17:37:44,776.97,21,406,427,4.92%,182.54,1.30%,"[0, 5, 10, 15, 20, 25, 30, 35, 40, 45, 50, 55, 60, 65, 70, 75, 80, 85, 90, 95, 100]","[5, 1, 4, 4, 4, 3, 2, 5, 7, 7, 3, 10, 7, 2, 6, 2, 689, 10, 8, 834]","[0.0030998140111593306, 0.0037197768133911966, 0.006199628022318661, 0.008679479231246125, 0.011159330440173589, 0.013019218846869188, 0.01425914445133292, 0.01735895846249225, 0.02169869807811531, 0.026038437693738377, 0.027898326100433975, 0.034097954122752634, 0.038437693738375696, 0.03967761934283943, 0.04339739615623062, 0.044637321760694355, 0.4717916924984501, 0.47799132052076876, 0.4829510229386237, 1.0]",4.0,2.0,2.0,2.0,2.0,16,-9.67693,8.0,6.0,hrl_dqn_apf,hierarchical,dqn,-6.307,9.985,3.730,0.00,0.00,0.00,-7.020,9.569,-2.700,0.00,0.00,0.00,2.275,6.531,4.848,0.00,0.00,0.00,3.000,3.000,3.000
2026-02-04 17:37:45,777.97,23,404,427,5.39%,182.57,1.43%,"[0, 5, 10, 15, 20, 25, 30, 35, 40, 45, 50, 55, 60, 65, 70, 75, 80, 85, 90, 95, 100]","[6, 2, 3, 6, 3, 3, 2, 5, 6, 8, 2, 8, 8, 2, 6, 2, 688, 11, 8, 834]","[0.0037197768133911966, 0.0049597024178549285, 0.006819590824550527, 0.010539367637941723, 0.012399256044637322, 0.01425914445133292, 0.015499070055796652, 0.018598884066955982, 0.022318660880347178, 0.02727836329820211, 0.02851828890266584, 0.03347799132052077, 0.038437693738375696, 0.03967761934283943, 0.04339739615623062, 0.044637321760694355, 0.47117172969621823, 0.47799132052076876, 0.4829510229386237, 1.0]",4.0,2.0,2.0,2.0,2.0,16,-9.83694,8.0,6.0,hrl_dqn_apf,hierarchical,dqn,-7.033,9.983,3.686,0.00,0.00,0.00,-7.151,9.653,-3.075,0.00,0.00,0.00,2.275,6.528,5.594,0.00,0.00,0.00,3.000,3.000,3.000
2026-02-04 17:37:46,778.98,23,404,427,5.39%,182.69,1.43%,"[0, 5, 10, 15, 20, 25, 30, 35, 40, 45, 50, 55, 60, 65, 70, 75, 80, 85, 90, 95, 100]","[7, 2, 2, 6, 3, 3, 2, 5, 5, 9, 2, 8, 8, 2, 6, 2, 688, 10, 9, 834]","[0.0043397396156230625, 0.005579665220086794, 0.006819590824550527, 0.010539367637941723, 0.012399256044637322, 0.01425914445133292, 0.015499070055796652, 0.018598884066955982, 0.02169869807811531, 0.02727836329820211, 0.02851828890266584, 0.03347799132052077, 0.038437693738375696, 0.03967761934283943, 0.04339739615623062, 0.044637321760694355, 0.47117172969621823, 0.4773713577185369, 0.4829510229386237, 1.0]",4.0,2.0,2.0,2.0,2.0,16,-9.83694,8.0,6.0,hrl_dqn_apf,hierarchical,dqn,-7.783,9.980,3.672,0.00,0.00,0.00,-7.191,9.707,-2.777,0.00,0.00,0.00,2.253,6.547,6.329,0.00,0.00,0.00,3.000,3.000,3.000
2026-02-04 17:37:47,779.98,22,411,433,5.08%,182.83,1.36%,"[0, 5, 10, 15, 20, 25, 30, 35, 40, 45, 50, 55, 60, 65, 70, 75, 80, 85, 90, 95, 100]","[5, 4, 1, 5, 4, 3, 3, 4, 6, 8, 3, 8, 8, 2, 6, 2, 688, 10, 10, 833]","[0.0030998140111593306, 0.005579665220086794, 0.006199628022318661, 0.009299442033477991, 0.011779293242405457, 0.013639181649101054, 0.015499070055796652, 0.017978921264724116, 0.02169869807811531, 0.026658400495970243, 0.02851828890266584, 0.03347799132052077, 0.038437693738375696, 0.03967761934283943, 0.04339739615623062, 0.044637321760694355, 0.47117172969621823, 0.4773713577185369, 0.48357098574085555, 1.0]",4.0,2.0,2.0,2.0,2.0,6,-9.997209999999999,8.0,-6.0,hrl_dqn_apf,hierarchical,dqn,-8.537,9.982,3.671,0.00,0.00,0.00,-7.204,9.710,-2.150,0.00,0.00,0.00,1.870,6.609,6.712,0.00,0.00,0.00,3.000,3.000,3.000
2026-02-04 17:37:48,780.98,23,404,427,5.39%,182.98,1.43%,"[0, 5, 10, 15, 20, 25, 30, 35, 40, 45, 50, 55, 60, 65, 70, 75, 80, 85, 90, 95, 100]","[5, 5, 1, 4, 4, 4, 2, 3, 7, 7, 4, 8, 6, 5, 4, 4, 687, 12, 10, 831]","[0.0030998140111593306, 0.006199628022318661, 0.006819590824550527, 0.009299442033477991, 0.011779293242405457, 0.01425914445133292, 0.015499070055796652, 0.01735895846249225, 0.02169869807811531, 0.026038437693738377, 0.02851828890266584, 0.03347799132052077, 0.037197768133911964, 0.040297582145071294, 0.04277743335399876, 0.04525728456292622, 0.47117172969621823, 0.4786112833230006, 0.4848109113453193, 1.0]",4.0,2.0,2.0,2.0,2.0,2,-4.15764,8.0,-12.0,hrl_dqn_apf,hierarchical,dqn,-9.144,10.164,4.213,0.00,0.00,0.00,-7.211,9.705,-0.652,0.00,0.00,0.00,1.349,6.707,5.972,0.00,0.00,0.00,3.000,3.000,3.000
2026-02-04 17:37:49,781.98,22,405,427,5.15%,183.07,1.36%,"[0, 5, 10, 15, 20, 25, 30, 35, 40, 45, 50, 55, 60, 65, 70, 75, 80, 85, 90, 95, 100]","[3, 6, 1, 4, 4, 4, 3, 3, 7, 7, 4, 6, 9, 5, 4, 3, 686, 13, 10, 831]","[0.0018598884066955983, 0.005579665220086794, 0.006199628022318661, 0.008679479231246125, 0.011159330440173589, 0.013639181649101054, 0.015499070055796652, 0.01735895846249225, 0.02169869807811531, 0.026038437693738377, 0.02851828890266584, 0.032238065716057036, 0.03781773093614383, 0.04091754494730316, 0.04339739615623062, 0.04525728456292622, 0.47055176689398637, 0.4786112833230006, 0.4848109113453193, 1.0]",4.0,2.0,2.0,2.0,2.0,2,-4.15764,8.0,-12.0,hrl_dqn_apf,hierarchical,dqn,-9.190,9.922,3.896,0.00,0.00,0.00,-7.108,9.758,0.004,0.00,0.00,0.00,1.309,6.705,5.263,0.00,0.00,0.00,3.000,3.000,3.000
2026-02-04 17:37:50,782.99,21,407,428,4.91%,183.18,1.30%,"[0, 5, 10, 15, 20, 25, 30, 35, 40, 45, 50, 55, 60, 65, 70, 75, 80, 85, 90, 95, 100]","[3, 5, 2, 2, 6, 3, 3, 3, 7, 6, 6, 6, 7, 7, 5, 3, 686, 12, 10, 831]","[0.0018598884066955983, 0.0049597024178549285, 0.006199628022318661, 0.007439553626782393, 0.011159330440173589, 0.013019218846869188, 0.014879107253564786, 0.016738995660260384, 0.021078735275883446, 0.024798512089274645, 0.02851828890266584, 0.032238065716057036, 0.0365778053316801, 0.04091754494730316, 0.04401735895846249, 0.04587724736515809, 0.47117172969621823, 0.4786112833230006, 0.4848109113453193, 1.0]",4.0,2.0,2.0,2.0,2.0,9,7.68236,8.0,-6.0,hrl_dqn_apf,hierarchical,dqn,-9.225,9.692,3.777,0.00,0.00,0.00,-6.618,9.807,0.233,0.00,0.00,0.00,1.273,6.725,4.540,0.00,0.00,0.00,3.000,3.000,3.000
2026-02-04 17:37:51,783.99,23,401,424,5.42%,183.26,1.43%,"[0, 5, 10, 15, 20, 25, 30, 35, 40, 45, 50, 55, 60, 65, 70, 75, 80, 85, 90, 95, 100]","[5, 5, 2, 2, 6, 3, 2, 3, 7, 5, 7, 6, 8, 6, 5, 3, 686, 12, 9, 831]","[0.0030998140111593306, 0.006199628022318661, 0.007439553626782393, 0.008679479231246125, 0.012399256044637322, 0.01425914445133292, 0.015499070055796652, 0.01735895846249225, 0.02169869807811531, 0.024798512089274645, 0.029138251704897707, 0.0328580285182889, 0.03781773093614383, 0.041537507749535026, 0.044637321760694355, 0.04649721016738995, 0.4717916924984501, 0.4792312461252325, 0.4848109113453193, 1.0]",4.0,2.0,2.0,2.0,2.0,8,1.60229,8.0,-6.0,hrl_dqn_apf,hierarchical,dqn,-9.432,9.749,4.110,0.00,0.00,0.00,-6.145,9.831,-0.057,0.00,0.00,0.00,0.878,6.780,4.168,0.00,0.00,0.00,3.000,3.000,3.000
2026-02-04 17:37:52,784.99,22,404,426,5.16%,183.46,1.36%,"[0, 5, 10, 15, 20, 25, 30, 35, 40, 45, 50, 55, 60, 65, 70, 75, 80, 85, 90, 95, 100]","[5, 4, 4, 1, 4, 4, 3, 3, 7, 5, 7, 6, 6, 9, 5, 2, 686, 13, 9, 830]","[0.0030998140111593306, 0.005579665220086794, 0.008059516429014259, 0.008679479231246125, 0.011159330440173589, 0.013639181649101054, 0.015499070055796652, 0.01735895846249225, 0.02169869807811531, 0.024798512089274645, 0.029138251704897707, 0.0328580285182889, 0.0365778053316801, 0.04215747055176689, 0.04525728456292622, 0.04649721016738995, 0.4717916924984501, 0.47985120892746436, 0.48543087414755115, 1.0]",4.0,2.0,2.0,2.0,2.0,8,1.60229,8.0,-6.0,hrl_dqn_apf,hierarchical,dqn,-10.101,9.755,5.301,0.00,0.00,0.00,-5.176,9.866,-1.039,0.00,0.00,0.00,0.370,6.822,3.125,0.00,0.00,0.00,3.000,3.000,3.000
2026-02-04 17:37:53,785.99,23,401,424,5.42%,183.54,1.43%,"[0, 5, 10, 15, 20, 25, 30, 35, 40, 45, 50, 55, 60, 65, 70, 75, 80, 85, 90, 95, 100]","[6, 4, 4, 1, 4, 4, 3, 3, 5, 7, 5, 7, 7, 6, 8, 2, 686, 12, 10, 829]","[0.0037197768133911966, 0.006199628022318661, 0.008679479231246125, 0.009299442033477991, 0.011779293242405457, 0.01425914445133292, 0.016119032858028518, 0.017978921264724116, 0.021078735275883446, 0.02541847489150651, 0.02851828890266584, 0.0328580285182889, 0.037197768133911964, 0.04091754494730316, 0.04587724736515809, 0.047117172969621826, 0.47241165530068197, 0.47985120892746436, 0.486050836949783, 1.0]",4.0,2.0,2.0,2.0,2.0,21,-10.55811,8.0,12.0,hrl_dqn_apf,hierarchical,dqn,-10.213,9.757,6.026,0.00,0.00,0.00,-4.488,9.871,-1.196,0.00,0.00,0.00,0.331,6.819,2.394,0.00,0.00,0.00,3.000,3.000,3.000
2026-02-04 17:37:54,786.99,24,398,422,5.69%,183.63,1.49%,"[0, 5, 10, 15, 20, 25, 30, 35, 40, 45, 50, 55, 60, 65, 70, 75, 80, 85, 90, 95, 100]","[6, 2, 5, 2, 4, 5, 3, 3, 6, 7, 5, 7, 5, 6, 8, 1, 687, 10, 12, 829]","[0.0037197768133911966, 0.0049597024178549285, 0.008059516429014259, 0.009299442033477991, 0.011779293242405457, 0.014879107253564786, 0.016738995660260384, 0.018598884066955982, 0.022318660880347178, 0.026658400495970243, 0.029758214507129573, 0.034097954122752634, 0.037197768133911964, 0.04091754494730316, 0.04587724736515809, 0.04649721016738995, 0.47241165530068197, 0.4786112833230006, 0.486050836949783, 1.0]",4.0,2.0,2.0,2.0,2.0,6,-10.71813,8.0,-6.0,hrl_dqn_apf,hierarchical,dqn,-10.249,9.754,6.776,0.00,0.00,0.00,-3.821,9.929,-1.244,0.00,0.00,0.00,0.319,6.816,1.642,0.00,0.00,0.00,3.000,3.000,3.000
2026-02-04 17:37:55,788.00,24,400,424,5.66%,183.76,1.49%,"[0, 5, 10, 15, 20, 25, 30, 35, 40, 45, 50, 55, 60, 65, 70, 75, 80, 85, 90, 95, 100]","[7, 2, 5, 2, 3, 5, 3, 3, 5, 7, 4, 9, 4, 6, 9, 1, 687, 10, 12, 829]","[0.0043397396156230625, 0.005579665220086794, 0.008679479231246125, 0.009919404835709857, 0.011779293242405457, 0.014879107253564786, 0.016738995660260384, 0.018598884066955982, 0.02169869807811531, 0.026038437693738377, 0.02851828890266584, 0.034097954122752634, 0.0365778053316801, 0.040297582145071294, 0.04587724736515809, 0.04649721016738995, 0.47241165530068197, 0.4786112833230006, 0.486050836949783, 1.0]",4.0,2.0,2.0,2.0,2.0,6,-10.71813,8.0,-6.0,hrl_dqn_apf,hierarchical,dqn,-10.260,9.751,7.533,0.00,0.00,0.00,-3.900,10.038,-1.258,0.00,0.00,0.00,0.318,6.815,0.886,0.00,0.00,0.00,3.000,3.000,3.000
2026-02-04 17:37:56,789.00,24,400,424,5.66%,184.01,1.49%,"[0, 5, 10, 15, 20, 25, 30, 35, 40, 45, 50, 55, 60, 65, 70, 75, 80, 85, 90, 95, 100]","[8, 4, 4, 2, 1, 5, 3, 4, 5, 5, 4, 10, 4, 5, 9, 2, 687, 9, 13, 829]","[0.0049597024178549285, 0.007439553626782393, 0.009919404835709857, 0.011159330440173589, 0.011779293242405457, 0.014879107253564786, 0.016738995660260384, 0.019218846869187848, 0.022318660880347178, 0.02541847489150651, 0.027898326100433975, 0.034097954122752634, 0.0365778053316801, 0.03967761934283943, 0.04525728456292622, 0.04649721016738995, 0.47241165530068197, 0.47799132052076876, 0.486050836949783, 1.0]",4.0,2.0,2.0,2.0,2.0,19,7.12161,8.0,6.0,hrl_dqn_apf,hierarchical,dqn,-10.266,9.745,9.056,0.00,0.00,0.00,-4.978,9.708,-1.264,0.00,0.00,0.00,1.210,6.902,0.241,0.00,0.00,0.00,3.000,3.000,3.000
2026-02-04 17:37:57,790.00,23,405,428,5.37%,184.16,1.43%,"[0, 5, 10, 15, 20, 25, 30, 35, 40, 45, 50, 55, 60, 65, 70, 75, 80, 85, 90, 95, 100]","[8, 4, 3, 3, 1, 4, 4, 3, 6, 5, 3, 10, 5, 4, 10, 2, 687, 9, 13, 829]","[0.0049597024178549285, 0.007439553626782393, 0.009299442033477991, 0.011159330440173589, 0.011779293242405457, 0.01425914445133292, 0.016738995660260384, 0.018598884066955982, 0.022318660880347178, 0.02541847489150651, 0.02727836329820211, 0.03347799132052077, 0.0365778053316801, 0.03905765654060756, 0.04525728456292622, 0.04649721016738995, 0.47241165530068197, 0.47799132052076876, 0.486050836949783, 1.0]",4.0,2.0,2.0,2.0,2.0,7,-5.03868,8.0,-6.0,hrl_dqn_apf,hierarchical,dqn,-10.267,9.852,9.617,0.00,0.00,0.00,-5.259,9.570,-1.264,0.00,0.00,0.00,1.929,6.900,0.192,0.00,0.00,0.00,3.000,3.000,3.000
2026-02-04 17:37:58,791.00,23,405,428,5.37%,184.28,1.43%,"[0, 5, 10, 15, 20, 25, 30, 35, 40, 45, 50, 55, 60, 65, 70, 75, 80, 85, 90, 95, 100]","[7, 5, 4, 3, 1, 3, 3, 4, 5, 5, 4, 10, 4, 4, 10, 3, 686, 9, 13, 830]","[0.0043397396156230625, 0.007439553626782393, 0.009919404835709857, 0.011779293242405457, 0.012399256044637322, 0.01425914445133292, 0.016119032858028518, 0.018598884066955982, 0.02169869807811531, 0.024798512089274645, 0.02727836329820211, 0.03347799132052077, 0.03595784252944823, 0.038437693738375696, 0.044637321760694355, 0.04649721016738995, 0.4717916924984501, 0.4773713577185369, 0.48543087414755115, 1.0]",4.0,2.0,2.0,2.0,2.0,7,-5.03868,8.0,-6.0,hrl_dqn_apf,hierarchical,dqn,-10.268,9.922,9.376,0.00,0.00,0.00,-5.787,9.607,-1.232,0.00,0.00,0.00,2.658,6.921,0.200,0.00,0.00,0.00,3.000,3.000,3.000
2026-02-04 17:37:59,792.01,22,405,427,5.15%,184.37,1.36%,"[0, 5, 10, 15, 20, 25, 30, 35, 40, 45, 50, 55, 60, 65, 70, 75, 80, 85, 90, 95, 100]","[7, 4, 3, 4, 1, 3, 4, 4, 5, 5, 4, 10, 4, 4, 8, 5, 685, 12, 11, 830]","[0.0043397396156230625, 0.006819590824550527, 0.008679479231246125, 0.011159330440173589, 0.011779293242405457, 0.013639181649101054, 0.016119032858028518, 0.018598884066955982, 0.02169869807811531, 0.024798512089274645, 0.02727836329820211, 0.03347799132052077, 0.03595784252944823, 0.038437693738375696, 0.04339739615623062, 0.04649721016738995, 0.47117172969621823, 0.4786112833230006, 0.48543087414755115, 1.0]",4.0,2.0,2.0,2.0,2.0,16,-11.19865,8.0,6.0,hrl_dqn_apf,hierarchical,dqn,-10.268,9.926,8.769,0.00,0.00,0.00,-6.084,9.656,-0.820,0.00,0.00,0.00,3.031,6.981,0.586,0.00,0.00,0.00,3.000,3.000,3.000
2026-02-04 17:38:00,793.01,24,405,429,5.59%,184.50,1.49%,"[0, 5, 10, 15, 20, 25, 30, 35, 40, 45, 50, 55, 60, 65, 70, 75, 80, 85, 90, 95, 100]","[7, 6, 2, 6, 1, 2, 4, 4, 6, 6, 4, 9, 6, 2, 9, 5, 686, 10, 9, 829]","[0.0043397396156230625, 0.008059516429014259, 0.009299442033477991, 0.013019218846869188, 0.013639181649101054, 0.014879107253564786, 0.01735895846249225, 0.019838809671419714, 0.023558586484810913, 0.02727836329820211, 0.029758214507129573, 0.035337879727216366, 0.03905765654060756, 0.040297582145071294, 0.04587724736515809, 0.048977061376317424, 0.47427154370737756, 0.4804711717296962, 0.486050836949783, 1.0]",4.0,2.0,2.0,2.0,2.0,16,-11.19865,8.0,6.0,hrl_dqn_apf,hierarchical,dqn,-10.266,9.921,7.298,0.00,0.00,0.00,-6.210,9.658,0.574,0.00,0.00,0.00,3.021,7.053,1.804,0.00,0.00,0.00,3.000,3.000,3.000
2026-02-04 17:38:01,794.01,25,402,427,5.85%,184.56,1.55%,"[0, 5, 10, 15, 20, 25, 30, 35, 40, 45, 50, 55, 60, 65, 70, 75, 80, 85, 90, 95, 100]","[6, 7, 3, 6, 1, 2, 4, 3, 7, 5, 4, 8, 7, 3, 8, 6, 686, 10, 9, 828]","[0.0037197768133911966, 0.008059516429014259, 0.009919404835709857, 0.013639181649101054, 0.01425914445133292, 0.015499070055796652, 0.017978921264724116, 0.019838809671419714, 0.02417854928704278, 0.02727836329820211, 0.029758214507129573, 0.0347179169249845, 0.03905765654060756, 0.04091754494730316, 0.04587724736515809, 0.04959702417854929, 0.47489150650960943, 0.4810911345319281, 0.4866707997520149, 1.0]",4.0,2.0,2.0,2.0,2.0,7,-5.35883,8.0,-6.0,hrl_dqn_apf,hierarchical,dqn,-10.266,9.918,6.570,0.00,0.00,0.00,-6.219,9.655,1.298,0.00,0.00,0.00,2.500,7.075,2.007,0.00,0.00,0.00,3.000,3.000,3.000
2026-02-04 17:38:02,795.01,26,401,427,6.09%,184.62,1.61%,"[0, 5, 10, 15, 20, 25, 30, 35, 40, 45, 50, 55, 60, 65, 70, 75, 80, 85, 90, 95, 100]","[6, 7, 4, 4, 3, 2, 4, 5, 6, 6, 3, 9, 5, 3, 8, 6, 686, 10, 9, 827]","[0.0037197768133911966, 0.008059516429014259, 0.010539367637941723, 0.013019218846869188, 0.014879107253564786, 0.016119032858028518, 0.018598884066955982, 0.02169869807811531, 0.02541847489150651, 0.029138251704897707, 0.030998140111593304, 0.0365778053316801, 0.03967761934283943, 0.041537507749535026, 0.04649721016738995, 0.050216986980781156, 0.4755114693118413, 0.48171109733415995, 0.48729076255424675, 1.0]",4.0,2.0,2.0,2.0,2.0,7,-5.51917,8.0,-6.0,hrl_dqn_apf,hierarchical,dqn,-10.265,9.915,5.810,0.00,0.00,0.00,-6.252,9.681,2.026,0.00,0.00,0.00,1.826,7.098,2.050,0.00,0.00,0.00,3.000,3.000,3.000
2026-02-04 17:38:03,796.01,28,399,427,6.56%,184.72,1.74%,"[0, 5, 10, 15, 20, 25, 30, 35, 40, 45, 50, 55, 60, 65, 70, 75, 80, 85, 90, 95, 100]","[7, 6, 5, 4, 5, 1, 2, 4, 7, 5, 3, 9, 6, 2, 7, 7, 687, 9, 9, 828]","[0.0043397396156230625, 0.008059516429014259, 0.011159330440173589, 0.013639181649101054, 0.016738995660260384, 0.01735895846249225, 0.018598884066955982, 0.021078735275883446, 0.02541847489150651, 0.02851828890266584, 0.03037817730936144, 0.03595784252944823, 0.03967761934283943, 0.04091754494730316, 0.04525728456292622, 0.04959702417854929, 0.4755114693118413, 0.4810911345319281, 0.4866707997520149, 1.0]",4.0,2.0,2.0,2.0,2.0,7,-5.51917,8.0,-6.0,hrl_dqn_apf,hierarchical,dqn,-10.264,9.912,5.050,0.00,0.00,0.00,-6.658,9.733,2.389,0.00,0.00,0.00,1.466,7.159,1.678,0.00,0.00,0.00,3.000,3.000,3.000
2026-02-04 17:38:04,797.02,28,398,426,6.57%,184.93,1.74%,"[0, 5, 10, 15, 20, 25, 30, 35, 40, 45, 50, 55, 60, 65, 70, 75, 80, 85, 90, 95, 100]","[9, 5, 4, 3, 6, 1, 2, 4, 8, 5, 2, 11, 6, 2, 6, 6, 689, 8, 10, 826]","[0.005579665220086794, 0.008679479231246125, 0.011159330440173589, 0.013019218846869188, 0.016738995660260384, 0.01735895846249225, 0.018598884066955982, 0.021078735275883446, 0.026038437693738377, 0.029138251704897707, 0.03037817730936144, 0.037197768133911964, 0.04091754494730316, 0.04215747055176689, 0.04587724736515809, 0.04959702417854929, 0.476751394916305, 0.48171109733415995, 0.4879107253564786, 1.0]",4.0,2.0,2.0,2.0,2.0,22,-5.67923,8.0,12.0,hrl_dqn_apf,hierarchical,dqn,-10.421,10.035,3.816,0.00,0.00,0.00,-6.988,9.862,3.163,0.00,0.00,0.00,1.315,7.161,0.281,0.00,0.00,0.00,3.000,3.000,3.000
2026-02-04 17:38:05,798.02,28,396,424,6.60%,185.05,1.74%,"[0, 5, 10, 15, 20, 25, 30, 35, 40, 45, 50, 55, 60, 65, 70, 75, 80, 85, 90, 95, 100]","[9, 5, 4, 3, 6, 1, 1, 5, 7, 6, 4, 9, 6, 4, 6, 5, 689, 9, 9, 825]","[0.005579665220086794, 0.008679479231246125, 0.011159330440173589, 0.013019218846869188, 0.016738995660260384, 0.01735895846249225, 0.017978921264724116, 0.021078735275883446, 0.02541847489150651, 0.029138251704897707, 0.03161810291382517, 0.037197768133911964, 0.04091754494730316, 0.04339739615623062, 0.047117172969621826, 0.050216986980781156, 0.4773713577185369, 0.4829510229386237, 0.4885306881587105, 1.0]",4.0,2.0,2.0,2.0,2.0,2,-5.83948,8.0,-12.0,hrl_dqn_apf,hierarchical,dqn,-10.901,10.079,3.920,0.00,0.00,0.00,-6.543,9.869,3.028,0.00,0.00,0.00,1.305,7.158,-0.474,0.00,0.00,0.00,3.000,3.000,3.000
2026-02-04 17:38:06,799.02,32,394,426,7.51%,185.11,1.98%,"[0, 5, 10, 15, 20, 25, 30, 35, 40, 45, 50, 55, 60, 65, 70, 75, 80, 85, 90, 95, 100]","[10, 4, 6, 4, 6, 2, 1, 3, 6, 6, 4, 9, 5, 4, 6, 4, 691, 9, 9, 824]","[0.006199628022318661, 0.008679479231246125, 0.012399256044637322, 0.014879107253564786, 0.018598884066955982, 0.019838809671419714, 0.02045877247365158, 0.022318660880347178, 0.026038437693738377, 0.029758214507129573, 0.032238065716057036, 0.03781773093614383, 0.04091754494730316, 0.04339739615623062, 0.047117172969621826, 0.04959702417854929, 0.47799132052076876, 0.48357098574085555, 0.48915065096094235, 1.0]",4.0,2.0,2.0,2.0,2.0,2,-5.83948,8.0,-12.0,hrl_dqn_apf,hierarchical,dqn,-11.560,10.098,4.083,0.00,0.00,0.00,-5.894,9.849,2.856,0.00,0.00,0.00,1.302,7.155,-1.232,0.00,0.00,0.00,3.000,3.000,3.000
2026-02-04 17:38:07,800.03,35,383,418,8.37%,185.23,2.17%,"[0, 5, 10, 15, 20, 25, 30, 35, 40, 45, 50, 55, 60, 65, 70, 75, 80, 85, 90, 95, 100]","[12, 7, 5, 3, 3, 5, 1, 2, 5, 7, 4, 8, 6, 4, 6, 2, 691, 10, 8, 824]","[0.007439553626782393, 0.011779293242405457, 0.014879107253564786, 0.016738995660260384, 0.018598884066955982, 0.02169869807811531, 0.022318660880347178, 0.023558586484810913, 0.026658400495970243, 0.030998140111593304, 0.03347799132052077, 0.038437693738375696, 0.04215747055176689, 0.044637321760694355, 0.04835709857408556, 0.04959702417854929, 0.47799132052076876, 0.4841909485430874, 0.48915065096094235, 1.0]",4.0,2.0,2.0,2.0,2.0,11,-11.9998,8.0,0.0,hrl_dqn_apf,hierarchical,dqn,-12.738,9.684,4.340,0.00,0.00,0.00,-4.732,9.926,2.910,0.00,0.00,0.00,1.302,7.149,-2.755,0.00,0.00,0.00,3.000,3.000,3.000
2026-02-04 17:38:08,801.03,35,389,424,8.25%,185.39,2.17%,"[0, 5, 10, 15, 20, 25, 30, 35, 40, 45, 50, 55, 60, 65, 70, 75, 80, 85, 90, 95, 100]","[11, 7, 4, 4, 3, 6, 1, 3, 5, 6, 4, 8, 6, 4, 6, 2, 689, 13, 7, 824]","[0.006819590824550527, 0.011159330440173589, 0.013639181649101054, 0.016119032858028518, 0.017978921264724116, 0.02169869807811531, 0.022318660880347178, 0.02417854928704278, 0.02727836329820211, 0.030998140111593304, 0.03347799132052077, 0.038437693738375696, 0.04215747055176689, 0.044637321760694355, 0.04835709857408556, 0.04959702417854929, 0.476751394916305, 0.4848109113453193, 0.48915065096094235, 1.0]",4.0,2.0,2.0,2.0,2.0,21,-12.079740000000001,8.0,12.0,hrl_dqn_apf,hierarchical,dqn,-12.887,9.278,4.373,0.00,0.00,0.00,-4.586,9.937,3.504,0.00,0.00,0.00,1.303,7.146,-3.518,0.00,0.00,0.00,3.000,3.000,3.000
2026-02-04 17:38:09,802.03,36,390,426,8.45%,185.49,2.23%,"[0, 5, 10, 15, 20, 25, 30, 35, 40, 45, 50, 55, 60, 65, 70, 75, 80, 85, 90, 95, 100]","[8, 11, 4, 4, 3, 6, 1, 3, 4, 7, 4, 8, 6, 4, 6, 2, 689, 12, 7, 824]","[0.0049597024178549285, 0.011779293242405457, 0.01425914445133292, 0.016738995660260384, 0.018598884066955982, 0.022318660880347178, 0.022938623682579044, 0.024798512089274645, 0.02727836329820211, 0.03161810291382517, 0.034097954122752634, 0.03905765654060756, 0.04277743335399876, 0.04525728456292622, 0.048977061376317424, 0.050216986980781156, 0.4773713577185369, 0.4848109113453193, 0.48915065096094235, 1.0]",4.0,2.0,2.0,2.0,2.0,21,-12.079740000000001,8.0,12.0,hrl_dqn_apf,hierarchical,dqn,-12.932,9.150,4.283,0.00,0.00,0.00,-4.540,9.936,4.218,0.00,0.00,0.00,1.218,7.195,-4.194,0.00,0.00,0.00,3.000,3.000,3.000
2026-02-04 17:38:10,803.03,36,388,424,8.49%,185.55,2.23%,"[0, 5, 10, 15, 20, 25, 30, 35, 40, 45, 50, 55, 60, 65, 70, 75, 80, 85, 90, 95, 100]","[9, 10, 4, 4, 3, 6, 1, 3, 5, 6, 3, 9, 6, 4, 7, 2, 688, 11, 9, 823]","[0.005579665220086794, 0.011779293242405457, 0.01425914445133292, 0.016738995660260384, 0.018598884066955982, 0.022318660880347178, 0.022938623682579044, 0.024798512089274645, 0.027898326100433975, 0.03161810291382517, 0.03347799132052077, 0.03905765654060756, 0.04277743335399876, 0.04525728456292622, 0.04959702417854929, 0.05083694978301302, 0.4773713577185369, 0.4841909485430874, 0.4897706137631742, 1.0]",4.0,2.0,2.0,2.0,2.0,12,-6.23987,8.0,0.0,hrl_dqn_apf,hierarchical,dqn,-12.944,9.179,3.782,0.00,0.00,0.00,-4.526,9.933,4.965,0.00,0.00,0.00,0.728,7.231,-4.473,0.00,0.00,0.00,3.000,3.000,3.000
2026-02-04 17:38:11,804.03,34,394,428,7.94%,185.67,2.11%,"[0, 5, 10, 15, 20, 25, 30, 35, 40, 45, 50, 55, 60, 65, 70, 75, 80, 85, 90, 95, 100]","[4, 12, 6, 5, 4, 3, 4, 3, 4, 6, 4, 10, 6, 5, 6, 3, 687, 12, 9, 820]","[0.0024798512089274642, 0.009919404835709857, 0.013639181649101054, 0.016738995660260384, 0.019218846869187848, 0.021078735275883446, 0.023558586484810913, 0.02541847489150651, 0.027898326100433975, 0.03161810291382517, 0.034097954122752634, 0.040297582145071294, 0.04401735895846249, 0.047117172969621826, 0.05083694978301302, 0.05269683818970862, 0.4786112833230006, 0.486050836949783, 0.4916305021698698, 1.0]",4.0,2.0,2.0,2.0,2.0,9,5.59963,8.0,-6.0,hrl_dqn_apf,hierarchical,dqn,-12.648,9.259,2.647,0.00,0.00,0.00,-4.822,10.009,6.189,0.00,0.00,0.00,-0.697,7.229,-4.588,0.00,0.00,0.00,3.000,3.000,3.000
2026-02-04 17:38:12,805.04,35,392,427,8.20%,185.77,2.17%,"[0, 5, 10, 15, 20, 25, 30, 35, 40, 45, 50, 55, 60, 65, 70, 75, 80, 85, 90, 95, 100]","[6, 11, 7, 5, 3, 3, 5, 2, 4, 5, 4, 10, 6, 4, 7, 1, 687, 15, 9, 819]","[0.0037197768133911966, 0.010539367637941723, 0.014879107253564786, 0.017978921264724116, 0.019838809671419714, 0.02169869807811531, 0.024798512089274645, 0.026038437693738377, 0.02851828890266584, 0.03161810291382517, 0.034097954122752634, 0.040297582145071294, 0.04401735895846249, 0.04649721016738995, 0.05083694978301302, 0.05145691258524489, 0.4773713577185369, 0.4866707997520149, 0.4922504649721017, 1.0]",4.0,2.0,2.0,2.0,2.0,9,5.59963,8.0,-6.0,hrl_dqn_apf,hierarchical,dqn,-12.027,9.269,2.499,0.00,0.00,0.00,-5.262,9.678,6.352,0.00,0.00,0.00,-1.455,7.226,-4.597,0.00,0.00,0.00,3.000,3.000,3.000
2026-02-04 17:38:13,806.04,36,391,427,8.43%,185.88,2.23%,"[0, 5, 10, 15, 20, 25, 30, 35, 40, 45, 50, 55, 60, 65, 70, 75, 80, 85, 90, 95, 100]","[5, 10, 9, 4, 5, 3, 5, 2, 4, 5, 4, 10, 5, 5, 7, 1, 687, 11, 12, 819]","[0.0030998140111593306, 0.009299442033477991, 0.014879107253564786, 0.01735895846249225, 0.02045877247365158, 0.022318660880347178, 0.02541847489150651, 0.026658400495970243, 0.029138251704897707, 0.032238065716057036, 0.0347179169249845, 0.04091754494730316, 0.04401735895846249, 0.047117172969621826, 0.05145691258524489, 0.052076875387476754, 0.47799132052076876, 0.4848109113453193, 0.4922504649721017, 1.0]",4.0,2.0,2.0,2.0,2.0,7,-6.5604,8.0,-6.0,hrl_dqn_apf,hierarchical,dqn,-11.304,9.267,2.454,0.00,0.00,0.00,-5.421,9.549,6.305,0.00,0.00,0.00,-2.216,7.223,-4.601,0.00,0.00,0.00,3.000,3.000,3.000
2026-02-04 17:38:14,807.04,34,393,427,7.96%,185.97,2.11%,"[0, 5, 10, 15, 20, 25, 30, 35, 40, 45, 50, 55, 60, 65, 70, 75, 80, 85, 90, 95, 100]","[5, 7, 11, 4, 4, 3, 6, 2, 6, 5, 4, 10, 5, 5, 7, 1, 687, 11, 12, 818]","[0.0030998140111593306, 0.007439553626782393, 0.01425914445133292, 0.016738995660260384, 0.019218846869187848, 0.021078735275883446, 0.024798512089274645, 0.026038437693738377, 0.029758214507129573, 0.0328580285182889, 0.035337879727216366, 0.041537507749535026, 0.044637321760694355, 0.04773713577185369, 0.052076875387476754, 0.05269683818970862, 0.4786112833230006, 0.48543087414755115, 0.49287042777433354, 1.0]",4.0,2.0,2.0,2.0,2.0,18,-0.7206900000000003,8.0,6.0,hrl_dqn_apf,hierarchical,dqn,-10.554,9.264,2.441,0.00,0.00,0.00,-5.466,9.577,5.816,0.00,0.00,0.00,-2.950,7.246,-4.576,0.00,0.00,0.00,3.000,3.000,3.000
2026-02-04 17:38:15,808.04,36,391,427,8.43%,186.14,2.23%,"[0, 5, 10, 15, 20, 25, 30, 35, 40, 45, 50, 55, 60, 65, 70, 75, 80, 85, 90, 95, 100]","[4, 7, 10, 7, 5, 3, 5, 2, 4, 5, 3, 10, 7, 5, 6, 3, 687, 10, 11, 819]","[0.0024798512089274642, 0.006819590824550527, 0.013019218846869188, 0.01735895846249225, 0.02045877247365158, 0.022318660880347178, 0.02541847489150651, 0.026658400495970243, 0.029138251704897707, 0.032238065716057036, 0.034097954122752634, 0.040297582145071294, 0.044637321760694355, 0.04773713577185369, 0.05145691258524489, 0.053316800991940486, 0.4792312461252325, 0.48543087414755115, 0.4922504649721017, 1.0]",4.0,2.0,2.0,2.0,2.0,18,-0.7206900000000003,8.0,6.0,hrl_dqn_apf,hierarchical,dqn,-9.327,9.340,2.137,0.00,0.00,0.00,-5.485,9.578,4.391,0.00,0.00,0.00,-3.438,7.309,-3.520,0.00,0.00,0.00,3.000,3.000,3.000
2026-02-04 17:38:16,809.04,37,390,427,8.67%,186.23,2.29%,"[0, 5, 10, 15, 20, 25, 30, 35, 40, 45, 50, 55, 60, 65, 70, 75, 80, 85, 90, 95, 100]","[5, 4, 11, 8, 5, 4, 3, 4, 4, 5, 3, 10, 6, 4, 7, 3, 687, 9, 12, 819]","[0.0030998140111593306, 0.005579665220086794, 0.012399256044637322, 0.01735895846249225, 0.02045877247365158, 0.022938623682579044, 0.024798512089274645, 0.02727836329820211, 0.029758214507129573, 0.0328580285182889, 0.0347179169249845, 0.04091754494730316, 0.044637321760694355, 0.047117172969621826, 0.05145691258524489, 0.053316800991940486, 0.4792312461252325, 0.4848109113453193, 0.4922504649721017, 1.0]",4.0,2.0,2.0,2.0,2.0,7,-6.8812,8.0,-6.0,hrl_dqn_apf,hierarchical,dqn,-9.170,9.349,1.501,0.00,0.00,0.00,-5.487,9.576,3.617,0.00,0.00,0.00,-3.475,7.307,-2.769,0.00,0.00,0.00,3.000,3.000,3.000
2026-02-04 17:38:17,810.05,39,389,428,9.11%,186.32,2.42%,"[0, 5, 10, 15, 20, 25, 30, 35, 40, 45, 50, 55, 60, 65, 70, 75, 80, 85, 90, 95, 100]","[7, 3, 11, 9, 5, 4, 1, 5, 3, 4, 4, 8, 8, 4, 6, 3, 687, 9, 13, 819]","[0.0043397396156230625, 0.006199628022318661, 0.013019218846869188, 0.018598884066955982, 0.02169869807811531, 0.02417854928704278, 0.024798512089274645, 0.027898326100433975, 0.029758214507129573, 0.032238065716057036, 0.0347179169249845, 0.03967761934283943, 0.044637321760694355, 0.047117172969621826, 0.05083694978301302, 0.05269683818970862, 0.4786112833230006, 0.4841909485430874, 0.4922504649721017, 1.0]",4.0,2.0,2.0,2.0,2.0,12,-7.04131,8.0,0.0,hrl_dqn_apf,hierarchical,dqn,-9.205,9.363,0.825,0.00,0.00,0.00,-5.403,9.667,3.001,0.00,0.00,0.00,-3.487,7.304,-2.016,0.00,0.00,0.00,3.000,3.000,3.000
2026-02-04 17:38:18,811.05,38,388,426,8.92%,186.40,2.36%,"[0, 5, 10, 15, 20, 25, 30, 35, 40, 45, 50, 55, 60, 65, 70, 75, 80, 85, 90, 95, 100]","[7, 4, 9, 9, 4, 5, 2, 5, 3, 4, 3, 9, 7, 4, 7, 3, 687, 10, 12, 819]","[0.0043397396156230625, 0.006819590824550527, 0.012399256044637322, 0.017978921264724116, 0.02045877247365158, 0.023558586484810913, 0.024798512089274645, 0.027898326100433975, 0.029758214507129573, 0.032238065716057036, 0.034097954122752634, 0.03967761934283943, 0.04401735895846249, 0.04649721016738995, 0.05083694978301302, 0.05269683818970862, 0.4786112833230006, 0.4848109113453193, 0.4922504649721017, 1.0]",4.0,2.0,2.0,2.0,2.0,12,-7.04131,8.0,0.0,hrl_dqn_apf,hierarchical,dqn,-9.626,9.355,0.320,0.00,0.00,0.00,-4.969,9.744,2.982,0.00,0.00,0.00,-3.521,7.328,-1.287,0.00,0.00,0.00,3.000,3.000,3.000
2026-02-04 17:38:19,812.05,36,390,426,8.45%,186.64,2.23%,"[0, 5, 10, 15, 20, 25, 30, 35, 40, 45, 50, 55, 60, 65, 70, 75, 80, 85, 90, 95, 100]","[7, 3, 7, 12, 3, 4, 3, 5, 4, 4, 3, 10, 6, 4, 7, 3, 688, 10, 9, 821]","[0.0043397396156230625, 0.006199628022318661, 0.010539367637941723, 0.017978921264724116, 0.019838809671419714, 0.022318660880347178, 0.02417854928704278, 0.02727836329820211, 0.029758214507129573, 0.032238065716057036, 0.034097954122752634, 0.040297582145071294, 0.04401735895846249, 0.04649721016738995, 0.05083694978301302, 0.05269683818970862, 0.4792312461252325, 0.48543087414755115, 0.49101053936763794, 1.0]",4.0,2.0,2.0,2.0,2.0,16,-13.20157,8.0,6.0,hrl_dqn_apf,hierarchical,dqn,-10.607,9.363,-0.654,0.00,0.00,0.00,-3.983,9.876,3.140,0.00,0.00,0.00,-4.590,7.389,-0.811,0.00,0.00,0.00,3.000,3.000,3.000
2026-02-04 17:38:20,813.05,36,388,424,8.49%,186.73,2.23%,"[0, 5, 10, 15, 20, 25, 30, 35, 40, 45, 50, 55, 60, 65, 70, 75, 80, 85, 90, 95, 100]","[7, 3, 7, 10, 5, 4, 3, 5, 4, 4, 3, 8, 7, 5, 7, 2, 689, 10, 10, 820]","[0.0043397396156230625, 0.006199628022318661, 0.010539367637941723, 0.016738995660260384, 0.019838809671419714, 0.022318660880347178, 0.02417854928704278, 0.02727836329820211, 0.029758214507129573, 0.032238065716057036, 0.034097954122752634, 0.03905765654060756, 0.04339739615623062, 0.04649721016738995, 0.05083694978301302, 0.052076875387476754, 0.4792312461252325, 0.48543087414755115, 0.4916305021698698, 1.0]",4.0,2.0,2.0,2.0,2.0,10,-19.362099999999998,8.0,0.0,hrl_dqn_apf,hierarchical,dqn,-10.918,9.406,-1.166,0.00,0.00,0.00,-3.854,9.890,2.585,0.00,0.00,0.00,-5.322,7.386,-0.777,0.00,0.00,0.00,3.000,3.000,3.000
2026-02-04 17:38:21,814.06,37,385,422,8.77%,186.76,2.29%,"[0, 5, 10, 15, 20, 25, 30, 35, 40, 45, 50, 55, 60, 65, 70, 75, 80, 85, 90, 95, 100]","[7, 4, 4, 11, 7, 4, 4, 3, 5, 4, 4, 8, 6, 5, 7, 2, 688, 12, 8, 820]","[0.0043397396156230625, 0.006819590824550527, 0.009299442033477991, 0.016119032858028518, 0.02045877247365158, 0.022938623682579044, 0.02541847489150651, 0.02727836329820211, 0.03037817730936144, 0.0328580285182889, 0.035337879727216366, 0.040297582145071294, 0.04401735895846249, 0.047117172969621826, 0.05145691258524489, 0.05269683818970862, 0.4792312461252325, 0.4866707997520149, 0.4916305021698698, 1.0]",4.0,2.0,2.0,2.0,2.0,10,-19.362099999999998,8.0,0.0,hrl_dqn_apf,hierarchical,dqn,-11.526,9.419,-1.351,0.00,0.00,0.00,-3.777,10.114,2.061,0.00,0.00,0.00,-6.026,7.274,-0.846,0.00,0.00,0.00,3.000,3.000,3.000
2026-02-04 17:38:22,815.06,38,386,424,8.96%,186.87,2.36%,"[0, 5, 10, 15, 20, 25, 30, 35, 40, 45, 50, 55, 60, 65, 70, 75, 80, 85, 90, 95, 100]","[7, 5, 3, 11, 8, 4, 4, 2, 6, 4, 2, 10, 4, 7, 6, 2, 688, 11, 9, 820]","[0.0043397396156230625, 0.007439553626782393, 0.009299442033477991, 0.016119032858028518, 0.021078735275883446, 0.023558586484810913, 0.026038437693738377, 0.02727836329820211, 0.030998140111593304, 0.03347799132052077, 0.0347179169249845, 0.04091754494730316, 0.04339739615623062, 0.04773713577185369, 0.05145691258524489, 0.05269683818970862, 0.4792312461252325, 0.486050836949783, 0.4916305021698698, 1.0]",4.0,2.0,2.0,2.0,2.0,14,4.47794,8.0,0.0,hrl_dqn_apf,hierarchical,dqn,-12.243,9.418,-1.408,0.00,0.00,0.00,-3.558,10.416,2.263,0.00,0.00,0.00,-6.501,7.054,-1.291,0.00,0.00,0.00,3.000,3.000,3.000
2026-02-04 17:38:23,816.06,38,386,424,8.96%,186.98,2.36%,"[0, 5, 10, 15, 20, 25, 30, 35, 40, 45, 50, 55, 60, 65, 70, 75, 80, 85, 90, 95, 100]","[6, 5, 4, 9, 11, 3, 4, 4, 5, 5, 2, 9, 4, 7, 6, 4, 688, 10, 9, 818]","[0.0037197768133911966, 0.006819590824550527, 0.009299442033477991, 0.014879107253564786, 0.02169869807811531, 0.023558586484810913, 0.026038437693738377, 0.02851828890266584, 0.03161810291382517, 0.0347179169249845, 0.03595784252944823, 0.041537507749535026, 0.04401735895846249, 0.04835709857408556, 0.052076875387476754, 0.05455672659640422, 0.4810911345319281, 0.48729076255424675, 0.49287042777433354, 1.0]",4.0,2.0,2.0,2.0,2.0,8,-1.6021799999999997,8.0,-6.0,hrl_dqn_apf,hierarchical,dqn,-13.752,9.412,-1.433,0.00,0.00,0.00,-2.918,10.223,3.134,0.00,0.00,0.00,-6.889,6.954,-1.520,0.00,0.00,0.00,3.000,3.000,3.000
2026-02-04 17:38:24,817.06,37,389,426,8.69%,187.06,2.29%,"[0, 5, 10, 15, 20, 25, 30, 35, 40, 45, 50, 55, 60, 65, 70, 75, 80, 85, 90, 95, 100]","[5, 6, 5, 6, 12, 3, 4, 4, 6, 4, 2, 10, 4, 8, 5, 5, 688, 11, 9, 816]","[0.0030998140111593306, 0.006819590824550527, 0.009919404835709857, 0.013639181649101054, 0.021078735275883446, 0.022938623682579044, 0.02541847489150651, 0.027898326100433975, 0.03161810291382517, 0.034097954122752634, 0.035337879727216366, 0.041537507749535026, 0.04401735895846249, 0.048977061376317424, 0.052076875387476754, 0.05517668939863608, 0.48171109733415995, 0.4885306881587105, 0.4941103533787973, 1.0]",4.0,2.0,2.0,2.0,2.0,8,-1.6021799999999997,8.0,-6.0,hrl_dqn_apf,hierarchical,dqn,-14.330,9.479,-1.620,0.00,0.00,0.00,-2.826,9.808,3.255,0.00,0.00,0.00,-6.539,6.982,-1.512,0.00,0.00,0.00,3.000,3.000,3.000
2026-02-04 17:38:25,818.06,38,390,428,8.88%,187.12,2.36%,"[0, 5, 10, 15, 20, 25, 30, 35, 40, 45, 50, 55, 60, 65, 70, 75, 80, 85, 90, 95, 100]","[6, 6, 3, 8, 11, 4, 4, 4, 6, 4, 2, 9, 4, 7, 7, 4, 688, 13, 9, 814]","[0.0037197768133911966, 0.007439553626782393, 0.009299442033477991, 0.01425914445133292, 0.021078735275883446, 0.023558586484810913, 0.026038437693738377, 0.02851828890266584, 0.032238065716057036, 0.0347179169249845, 0.03595784252944823, 0.041537507749535026, 0.04401735895846249, 0.04835709857408556, 0.05269683818970862, 0.05517668939863608, 0.48171109733415995, 0.4897706137631742, 0.495350278983261, 1.0]",4.0,2.0,2.0,2.0,2.0,2,-7.76253,8.0,-12.0,hrl_dqn_apf,hierarchical,dqn,-14.535,9.498,-2.187,0.00,0.00,0.00,-2.706,9.663,3.291,0.00,0.00,0.00,-5.975,6.993,-1.515,0.00,0.00,0.00,3.000,3.000,3.000
2026-02-04 17:38:26,819.07,39,388,427,9.13%,187.20,2.42%,"[0, 5, 10, 15, 20, 25, 30, 35, 40, 45, 50, 55, 60, 65, 70, 75, 80, 85, 90, 95, 100]","[6, 6, 4, 5, 12, 6, 4, 5, 6, 5, 2, 9, 3, 7, 7, 3, 689, 13, 9, 812]","[0.0037197768133911966, 0.007439553626782393, 0.009919404835709857, 0.013019218846869188, 0.02045877247365158, 0.02417854928704278, 0.026658400495970243, 0.029758214507129573, 0.03347799132052077, 0.0365778053316801, 0.03781773093614383, 0.04339739615623062, 0.04525728456292622, 0.04959702417854929, 0.05393676379417235, 0.05579665220086795, 0.4829510229386237, 0.49101053936763794, 0.49659020458772474, 1.0]",4.0,2.0,2.0,2.0,2.0,4,4.07733,8.0,-12.0,hrl_dqn_apf,hierarchical,dqn,-14.599,9.497,-2.896,0.00,0.00,0.00,-2.225,9.705,3.275,0.00,0.00,0.00,-5.295,7.017,-1.542,0.00,0.00,0.00,3.000,3.000,3.000
2026-02-04 17:38:27,820.07,41,386,427,9.60%,187.40,2.54%,"[0, 5, 10, 15, 20, 25, 30, 35, 40, 45, 50, 55, 60, 65, 70, 75, 80, 85, 90, 95, 100]","[6, 6, 6, 4, 10, 9, 5, 4, 5, 7, 2, 7, 4, 6, 8, 2, 690, 12, 7, 813]","[0.0037197768133911966, 0.007439553626782393, 0.011159330440173589, 0.013639181649101054, 0.019838809671419714, 0.02541847489150651, 0.02851828890266584, 0.030998140111593304, 0.034097954122752634, 0.038437693738375696, 0.03967761934283943, 0.04401735895846249, 0.04649721016738995, 0.050216986980781156, 0.05517668939863608, 0.056416615003099815, 0.4841909485430874, 0.4916305021698698, 0.49597024178549287, 1.0]",4.0,2.0,2.0,2.0,2.0,4,4.07733,8.0,-12.0,hrl_dqn_apf,hierarchical,dqn,-14.624,9.491,-4.401,0.00,0.00,0.00,-1.836,9.761,2.219,0.00,0.00,0.00,-5.132,7.158,-2.315,0.00,0.00,0.00,3.000,3.000,3.000
2026-02-04 17:38:28,821.07,42,387,429,9.79%,187.50,2.60%,"[0, 5, 10, 15, 20, 25, 30, 35, 40, 45, 50, 55, 60, 65, 70, 75, 80, 85, 90, 95, 100]","[6, 6, 5, 5, 9, 11, 3, 5, 6, 7, 2, 7, 5, 4, 9, 2, 690, 11, 8, 812]","[0.0037197768133911966, 0.007439553626782393, 0.010539367637941723, 0.013639181649101054, 0.019218846869187848, 0.026038437693738377, 0.027898326100433975, 0.030998140111593304, 0.0347179169249845, 0.03905765654060756, 0.040297582145071294, 0.044637321760694355, 0.04773713577185369, 0.050216986980781156, 0.05579665220086795, 0.05703657780533168, 0.4848109113453193, 0.4916305021698698, 0.49659020458772474, 1.0]",4.0,2.0,2.0,2.0,2.0,15,-20.08279,8.0,6.0,hrl_dqn_apf,hierarchical,dqn,-14.625,9.488,-5.161,0.00,0.00,0.00,-1.806,9.759,1.487,0.00,0.00,0.00,-5.717,7.168,-2.439,0.00,0.00,0.00,3.000,3.000,3.000
2026-02-04 17:38:29,822.07,41,386,427,9.60%,187.63,2.54%,"[0, 5, 10, 15, 20, 25, 30, 35, 40, 45, 50, 55, 60, 65, 70, 75, 80, 85, 90, 95, 100]","[7, 6, 6, 4, 6, 12, 4, 5, 5, 8, 2, 8, 3, 4, 10, 2, 690, 11, 8, 812]","[0.0043397396156230625, 0.008059516429014259, 0.011779293242405457, 0.01425914445133292, 0.017978921264724116, 0.02541847489150651, 0.027898326100433975, 0.030998140111593304, 0.034097954122752634, 0.03905765654060756, 0.040297582145071294, 0.04525728456292622, 0.047117172969621826, 0.04959702417854929, 0.05579665220086795, 0.05703657780533168, 0.4848109113453193, 0.4916305021698698, 0.49659020458772474, 1.0]",4.0,2.0,2.0,2.0,2.0,8,-2.2432800000000004,8.0,-6.0,hrl_dqn_apf,hierarchical,dqn,-14.533,9.539,-5.833,0.00,0.00,0.00,-1.797,9.756,0.732,0.00,0.00,0.00,-6.431,7.166,-2.479,0.00,0.00,0.00,3.000,3.000,3.000
2026-02-04 17:38:30,823.08,42,385,427,9.84%,187.74,2.60%,"[0, 5, 10, 15, 20, 25, 30, 35, 40, 45, 50, 55, 60, 65, 70, 75, 80, 85, 90, 95, 100]","[9, 4, 6, 3, 8, 12, 4, 5, 5, 8, 2, 7, 3, 4, 8, 3, 690, 10, 10, 812]","[0.005579665220086794, 0.008059516429014259, 0.011779293242405457, 0.013639181649101054, 0.018598884066955982, 0.026038437693738377, 0.02851828890266584, 0.03161810291382517, 0.0347179169249845, 0.03967761934283943, 0.04091754494730316, 0.04525728456292622, 0.047117172969621826, 0.04959702417854929, 0.05455672659640422, 0.056416615003099815, 0.4841909485430874, 0.4903905765654061, 0.49659020458772474, 1.0]",4.0,2.0,2.0,2.0,2.0,8,-2.2432800000000004,8.0,-6.0,hrl_dqn_apf,hierarchical,dqn,-14.037,9.574,-6.106,0.00,0.00,0.00,-1.794,9.753,-0.026,0.00,0.00,0.00,-6.849,7.176,-2.495,0.00,0.00,0.00,3.000,3.000,3.000
2026-02-04 17:38:31,824.08,38,390,428,8.88%,187.96,2.36%,"[0, 5, 10, 15, 20, 25, 30, 35, 40, 45, 50, 55, 60, 65, 70, 75, 80, 85, 90, 95, 100]","[9, 4, 6, 3, 4, 12, 8, 5, 6, 4, 7, 7, 2, 4, 8, 3, 689, 11, 9, 812]","[0.005579665220086794, 0.008059516429014259, 0.011779293242405457, 0.013639181649101054, 0.016119032858028518, 0.023558586484810913, 0.02851828890266584, 0.03161810291382517, 0.035337879727216366, 0.03781773093614383, 0.04215747055176689, 0.04649721016738995, 0.04773713577185369, 0.050216986980781156, 0.05517668939863608, 0.05703657780533168, 0.4841909485430874, 0.49101053936763794, 0.49659020458772474, 1.0]",4.0,2.0,2.0,2.0,2.0,1,-14.40332,8.0,-12.0,hrl_dqn_apf,hierarchical,dqn,-12.590,9.572,-6.218,0.00,0.00,0.00,-2.096,9.829,-1.272,0.00,0.00,0.00,-8.227,7.176,-2.500,0.00,0.00,0.00,3.000,3.000,3.000
2026-02-04 17:38:32,825.08,37,387,424,8.73%,188.06,2.29%,"[0, 5, 10, 15, 20, 25, 30, 35, 40, 45, 50, 55, 60, 65, 70, 75, 80, 85, 90, 95, 100]","[7, 4, 5, 6, 4, 11, 10, 5, 6, 4, 6, 7, 2, 3, 7, 4, 690, 10, 10, 812]","[0.0043397396156230625, 0.006819590824550527, 0.009919404835709857, 0.013639181649101054, 0.016119032858028518, 0.022938623682579044, 0.029138251704897707, 0.032238065716057036, 0.03595784252944823, 0.038437693738375696, 0.04215747055176689, 0.04649721016738995, 0.04773713577185369, 0.04959702417854929, 0.05393676379417235, 0.056416615003099815, 0.4841909485430874, 0.4903905765654061, 0.49659020458772474, 1.0]",4.0,2.0,2.0,2.0,2.0,1,-14.40332,8.0,-12.0,hrl_dqn_apf,hierarchical,dqn,-11.835,9.569,-6.225,0.00,0.00,0.00,-2.714,9.839,-1.424,0.00,0.00,0.00,-8.793,7.244,-2.312,0.00,0.00,0.00,3.000,3.000,3.000
2026-02-04 17:38:33,826.08,34,390,424,8.02%,188.16,2.11%,"[0, 5, 10, 15, 20, 25, 30, 35, 40, 45, 50, 55, 60, 65, 70, 75, 80, 85, 90, 95, 100]","[6, 5, 5, 5, 4, 9, 12, 4, 8, 4, 6, 7, 2, 4, 6, 5, 689, 11, 9, 812]","[0.0037197768133911966, 0.006819590824550527, 0.009919404835709857, 0.013019218846869188, 0.015499070055796652, 0.021078735275883446, 0.02851828890266584, 0.030998140111593304, 0.03595784252944823, 0.038437693738375696, 0.04215747055176689, 0.04649721016738995, 0.04773713577185369, 0.050216986980781156, 0.05393676379417235, 0.05703657780533168, 0.4841909485430874, 0.49101053936763794, 0.49659020458772474, 1.0]",4.0,2.0,2.0,2.0,2.0,20,-20.56348,8.0,12.0,hrl_dqn_apf,hierarchical,dqn,-11.073,9.566,-6.227,0.00,0.00,0.00,-3.438,9.837,-1.472,0.00,0.00,0.00,-8.993,7.262,-1.740,0.00,0.00,0.00,3.000,3.000,3.000
2026-02-04 17:38:34,827.08,31,395,426,7.28%,188.26,1.92%,"[0, 5, 10, 15, 20, 25, 30, 35, 40, 45, 50, 55, 60, 65, 70, 75, 80, 85, 90, 95, 100]","[7, 4, 5, 5, 4, 6, 14, 4, 7, 5, 6, 8, 3, 3, 5, 6, 689, 11, 9, 812]","[0.0043397396156230625, 0.006819590824550527, 0.009919404835709857, 0.013019218846869188, 0.015499070055796652, 0.019218846869187848, 0.027898326100433975, 0.03037817730936144, 0.0347179169249845, 0.03781773093614383, 0.041537507749535026, 0.04649721016738995, 0.04835709857408556, 0.050216986980781156, 0.053316800991940486, 0.05703657780533168, 0.4841909485430874, 0.49101053936763794, 0.49659020458772474, 1.0]",4.0,2.0,2.0,2.0,2.0,2,-8.72398,8.0,-12.0,hrl_dqn_apf,hierarchical,dqn,-10.347,9.593,-6.261,0.00,0.00,0.00,-4.187,9.834,-1.486,0.00,0.00,0.00,-9.058,7.262,-1.028,0.00,0.00,0.00,3.000,3.000,3.000
2026-02-04 17:38:35,828.09,30,392,422,7.11%,188.44,1.86%,"[0, 5, 10, 15, 20, 25, 30, 35, 40, 45, 50, 55, 60, 65, 70, 75, 80, 85, 90, 95, 100]","[7, 5, 4, 5, 3, 6, 11, 9, 7, 5, 6, 7, 2, 5, 5, 4, 690, 11, 9, 812]","[0.0043397396156230625, 0.007439553626782393, 0.009919404835709857, 0.013019218846869188, 0.014879107253564786, 0.018598884066955982, 0.02541847489150651, 0.030998140111593304, 0.035337879727216366, 0.038437693738375696, 0.04215747055176689, 0.04649721016738995, 0.04773713577185369, 0.05083694978301302, 0.05393676379417235, 0.056416615003099815, 0.4841909485430874, 0.49101053936763794, 0.49659020458772474, 1.0]",4.0,2.0,2.0,2.0,2.0,2,-8.72398,8.0,-12.0,hrl_dqn_apf,hierarchical,dqn,-9.881,9.651,-7.340,0.00,0.00,0.00,-5.412,9.909,-1.794,0.00,0.00,0.00,-9.084,7.256,0.477,0.00,0.00,0.00,3.000,3.000,3.000
2026-02-04 17:38:36,829.09,28,398,426,6.57%,188.54,1.74%,"[0, 5, 10, 15, 20, 25, 30, 35, 40, 45, 50, 55, 60, 65, 70, 75, 80, 85, 90, 95, 100]","[5, 6, 4, 5, 3, 5, 11, 10, 7, 6, 2, 11, 2, 5, 5, 4, 691, 11, 9, 811]","[0.0030998140111593306, 0.006819590824550527, 0.009299442033477991, 0.012399256044637322, 0.01425914445133292, 0.01735895846249225, 0.02417854928704278, 0.03037817730936144, 0.0347179169249845, 0.038437693738375696, 0.03967761934283943, 0.04649721016738995, 0.04773713577185369, 0.05083694978301302, 0.05393676379417235, 0.056416615003099815, 0.4848109113453193, 0.4916305021698698, 0.4972101673899566, 1.0]",4.0,2.0,2.0,2.0,2.0,3,-2.884029999999999,8.0,-12.0,hrl_dqn_apf,hierarchical,dqn,-9.846,9.649,-8.073,0.00,0.00,0.00,-5.566,9.918,-2.413,0.00,0.00,0.00,-9.087,7.253,1.237,0.00,0.00,0.00,3.000,3.000,3.000
2026-02-04 17:38:37,830.09,27,397,424,6.37%,188.65,1.67%,"[0, 5, 10, 15, 20, 25, 30, 35, 40, 45, 50, 55, 60, 65, 70, 75, 80, 85, 90, 95, 100]","[5, 5, 4, 4, 5, 4, 11, 11, 7, 6, 2, 11, 2, 4, 6, 2, 693, 11, 8, 812]","[0.0030998140111593306, 0.006199628022318661, 0.008679479231246125, 0.011159330440173589, 0.01425914445133292, 0.016738995660260384, 0.023558586484810913, 0.03037817730936144, 0.0347179169249845, 0.038437693738375696, 0.03967761934283943, 0.04649721016738995, 0.04773713577185369, 0.050216986980781156, 0.05393676379417235, 0.05517668939863608, 0.4848109113453193, 0.4916305021698698, 0.49659020458772474, 1.0]",4.0,2.0,2.0,2.0,2.0,6,-15.04428,8.0,-6.0,hrl_dqn_apf,hierarchical,dqn,-9.835,9.646,-8.829,0.00,0.00,0.00,-5.614,9.916,-3.137,0.00,0.00,0.00,-9.171,7.344,1.730,0.00,0.00,0.00,3.000,3.000,3.000
2026-02-04 17:38:38,831.09,27,397,424,6.37%,188.68,1.67%,"[0, 5, 10, 15, 20, 25, 30, 35, 40, 45, 50, 55, 60, 65, 70, 75, 80, 85, 90, 95, 100]","[4, 5, 3, 5, 5, 5, 9, 12, 7, 8, 2, 11, 1, 5, 5, 2, 693, 11, 9, 811]","[0.0024798512089274642, 0.005579665220086794, 0.007439553626782393, 0.010539367637941723, 0.013639181649101054, 0.016738995660260384, 0.022318660880347178, 0.029758214507129573, 0.034097954122752634, 0.03905765654060756, 0.040297582145071294, 0.047117172969621826, 0.04773713577185369, 0.05083694978301302, 0.05393676379417235, 0.05517668939863608, 0.4848109113453193, 0.4916305021698698, 0.4972101673899566, 1.0]",4.0,2.0,2.0,2.0,2.0,6,-15.04428,8.0,-6.0,hrl_dqn_apf,hierarchical,dqn,-9.865,9.674,-9.557,0.00,0.00,0.00,-5.628,9.913,-3.889,0.00,0.00,0.00,-9.263,7.401,1.429,0.00,0.00,0.00,3.000,3.000,3.000
2026-02-04 17:38:39,832.09,25,403,428,5.84%,188.86,1.55%,"[0, 5, 10, 15, 20, 25, 30, 35, 40, 45, 50, 55, 60, 65, 70, 75, 80, 85, 90, 95, 100]","[4, 4, 5, 4, 5, 3, 8, 14, 7, 7, 3, 11, 2, 3, 7, 1, 693, 11, 10, 811]","[0.0024798512089274642, 0.0049597024178549285, 0.008059516429014259, 0.010539367637941723, 0.013639181649101054, 0.015499070055796652, 0.02045877247365158, 0.029138251704897707, 0.03347799132052077, 0.03781773093614383, 0.03967761934283943, 0.04649721016738995, 0.04773713577185369, 0.04959702417854929, 0.05393676379417235, 0.05455672659640422, 0.4841909485430874, 0.49101053936763794, 0.4972101673899566, 1.0]",4.0,2.0,2.0,2.0,2.0,0,-21.20465,8.0,-12.0,hrl_dqn_apf,hierarchical,dqn,-10.939,9.732,-10.019,0.00,0.00,0.00,-5.634,9.907,-5.406,0.00,0.00,0.00,-9.302,7.401,0.078,0.00,0.00,0.00,3.000,3.000,3.000
2026-02-04 17:38:40,833.10,25,402,427,5.85%,188.92,1.55%,"[0, 5, 10, 15, 20, 25, 30, 35, 40, 45, 50, 55, 60, 65, 70, 75, 80, 85, 90, 95, 100]","[4, 4, 5, 4, 5, 3, 7, 13, 9, 8, 3, 11, 2, 3, 6, 1, 691, 12, 11, 811]","[0.0024798512089274642, 0.0049597024178549285, 0.008059516429014259, 0.010539367637941723, 0.013639181649101054, 0.015499070055796652, 0.019838809671419714, 0.027898326100433975, 0.03347799132052077, 0.038437693738375696, 0.040297582145071294, 0.047117172969621826, 0.04835709857408556, 0.050216986980781156, 0.05393676379417235, 0.05455672659640422, 0.4829510229386237, 0.4903905765654061, 0.4972101673899566, 1.0]",4.0,2.0,2.0,2.0,2.0,3,-3.2845899999999997,8.0,-12.0,hrl_dqn_apf,hierarchical,dqn,-11.672,9.730,-10.054,0.00,0.00,0.00,-5.635,9.904,-6.166,0.00,0.00,0.00,-9.304,7.398,-0.673,0.00,0.00,0.00,3.000,3.000,3.000
2026-02-04 17:38:41,834.10,25,402,427,5.85%,188.97,1.55%,"[0, 5, 10, 15, 20, 25, 30, 35, 40, 45, 50, 55, 60, 65, 70, 75, 80, 85, 90, 95, 100]","[4, 3, 6, 4, 5, 3, 5, 12, 12, 7, 4, 9, 4, 3, 6, 1, 691, 12, 11, 811]","[0.0024798512089274642, 0.0043397396156230625, 0.008059516429014259, 0.010539367637941723, 0.013639181649101054, 0.015499070055796652, 0.018598884066955982, 0.026038437693738377, 0.03347799132052077, 0.03781773093614383, 0.040297582145071294, 0.04587724736515809, 0.04835709857408556, 0.050216986980781156, 0.05393676379417235, 0.05455672659640422, 0.4829510229386237, 0.4903905765654061, 0.4972101673899566, 1.0]",4.0,2.0,2.0,2.0,2.0,3,-3.2845899999999997,8.0,-12.0,hrl_dqn_apf,hierarchical,dqn,-12.428,9.726,-10.065,0.00,0.00,0.00,-5.635,9.901,-6.930,0.00,0.00,0.00,-9.304,7.503,-1.240,0.00,0.00,0.00,3.000,3.000,3.000
2026-02-04 17:38:42,835.10,25,404,429,5.83%,189.06,1.55%,"[0, 5, 10, 15, 20, 25, 30, 35, 40, 45, 50, 55, 60, 65, 70, 75, 80, 85, 90, 95, 100]","[4, 3, 5, 5, 4, 4, 4, 12, 13, 7, 4, 7, 6, 3, 5, 2, 689, 14, 11, 811]","[0.0024798512089274642, 0.0043397396156230625, 0.007439553626782393, 0.010539367637941723, 0.013019218846869188, 0.015499070055796652, 0.017978921264724116, 0.02541847489150651, 0.03347799132052077, 0.03781773093614383, 0.040297582145071294, 0.044637321760694355, 0.04835709857408556, 0.050216986980781156, 0.053316800991940486, 0.05455672659640422, 0.48171109733415995, 0.4903905765654061, 0.4972101673899566, 1.0]",4.0,2.0,2.0,2.0,2.0,17,-9.44454,8.0,6.0,hrl_dqn_apf,hierarchical,dqn,-13.186,9.723,-10.069,0.00,0.00,0.00,-5.635,9.898,-7.690,0.00,0.00,0.00,-9.304,7.574,-1.006,0.00,0.00,0.00,3.000,3.000,3.000
2026-02-04 17:38:43,836.10,24,403,427,5.62%,189.23,1.49%,"[0, 5, 10, 15, 20, 25, 30, 35, 40, 45, 50, 55, 60, 65, 70, 75, 80, 85, 90, 95, 100]","[3, 3, 4, 4, 5, 5, 4, 9, 16, 6, 5, 8, 5, 3, 6, 1, 689, 14, 10, 813]","[0.0018598884066955983, 0.0037197768133911966, 0.006199628022318661, 0.008679479231246125, 0.011779293242405457, 0.014879107253564786, 0.01735895846249225, 0.022938623682579044, 0.0328580285182889, 0.0365778053316801, 0.03967761934283943, 0.044637321760694355, 0.04773713577185369, 0.04959702417854929, 0.053316800991940486, 0.05393676379417235, 0.4810911345319281, 0.4897706137631742, 0.49597024178549287, 1.0]",4.0,2.0,2.0,2.0,2.0,22,-9.60511,8.0,12.0,hrl_dqn_apf,hierarchical,dqn,-14.404,9.800,-9.761,0.00,0.00,0.00,-5.635,9.892,-9.214,0.00,0.00,0.00,-9.305,7.576,0.323,0.00,0.00,0.00,3.000,3.000,3.000
2026-02-04 17:38:44,837.10,23,404,427,5.39%,189.30,1.43%,"[0, 5, 10, 15, 20, 25, 30, 35, 40, 45, 50, 55, 60, 65, 70, 75, 80, 85, 90, 95, 100]","[3, 2, 5, 4, 4, 5, 5, 7, 16, 7, 5, 8, 6, 3, 5, 2, 689, 15, 9, 813]","[0.0018598884066955983, 0.0030998140111593306, 0.006199628022318661, 0.008679479231246125, 0.011159330440173589, 0.01425914445133292, 0.01735895846249225, 0.02169869807811531, 0.03161810291382517, 0.03595784252944823, 0.03905765654060756, 0.04401735895846249, 0.04773713577185369, 0.04959702417854929, 0.05269683818970862, 0.05393676379417235, 0.4810911345319281, 0.4903905765654061, 0.49597024178549287, 1.0]",4.0,2.0,2.0,2.0,2.0,22,-9.60511,8.0,12.0,hrl_dqn_apf,hierarchical,dqn,-14.554,9.809,-9.139,0.00,0.00,0.00,-5.817,9.960,-9.795,0.00,0.00,0.00,-9.305,7.572,1.072,0.00,0.00,0.00,3.000,3.000,3.000
2026-02-04 17:38:45,838.11,24,404,428,5.61%,189.41,1.49%,"[0, 5, 10, 15, 20, 25, 30, 35, 40, 45, 50, 55, 60, 65, 70, 75, 80, 85, 90, 95, 100]","[3, 2, 4, 5, 4, 6, 3, 9, 14, 8, 5, 8, 7, 3, 5, 2, 689, 13, 10, 813]","[0.0018598884066955983, 0.0030998140111593306, 0.005579665220086794, 0.008679479231246125, 0.011159330440173589, 0.014879107253564786, 0.016738995660260384, 0.022318660880347178, 0.030998140111593304, 0.03595784252944823, 0.03905765654060756, 0.04401735895846249, 0.04835709857408556, 0.050216986980781156, 0.053316800991940486, 0.05455672659640422, 0.48171109733415995, 0.4897706137631742, 0.49597024178549287, 1.0]",4.0,2.0,2.0,2.0,2.0,7,-9.76499,8.0,-6.0,hrl_dqn_apf,hierarchical,dqn,-14.601,9.807,-8.414,0.00,0.00,0.00,-6.384,9.979,-10.002,0.00,0.00,0.00,-9.306,7.569,1.832,0.00,0.00,0.00,3.000,3.000,3.000
2026-02-04 17:38:46,839.11,23,403,426,5.40%,189.50,1.43%,"[0, 5, 10, 15, 20, 25, 30, 35, 40, 45, 50, 55, 60, 65, 70, 75, 80, 85, 90, 95, 100]","[4, 1, 4, 5, 4, 5, 4, 6, 14, 10, 5, 9, 6, 4, 5, 2, 689, 12, 11, 813]","[0.0024798512089274642, 0.0030998140111593306, 0.005579665220086794, 0.008679479231246125, 0.011159330440173589, 0.01425914445133292, 0.016738995660260384, 0.02045877247365158, 0.029138251704897707, 0.035337879727216366, 0.038437693738375696, 0.04401735895846249, 0.04773713577185369, 0.050216986980781156, 0.053316800991940486, 0.05455672659640422, 0.48171109733415995, 0.48915065096094235, 0.49597024178549287, 1.0]",4.0,2.0,2.0,2.0,2.0,15,-21.92509,8.0,6.0,hrl_dqn_apf,hierarchical,dqn,-14.617,9.804,-7.644,0.00,0.00,0.00,-7.077,10.009,-10.033,0.00,0.00,0.00,-9.642,7.579,2.312,0.00,0.00,0.00,3.000,3.000,3.000
2026-02-04 17:38:47,840.11,21,405,426,4.93%,189.65,1.30%,"[0, 5, 10, 15, 20, 25, 30, 35, 40, 45, 50, 55, 60, 65, 70, 75, 80, 85, 90, 95, 100]","[5, 0, 3, 5, 4, 4, 6, 5, 12, 13, 4, 10, 3, 7, 4, 2, 688, 13, 12, 813]","[0.0030998140111593306, 0.0030998140111593306, 0.0049597024178549285, 0.008059516429014259, 0.010539367637941723, 0.013019218846869188, 0.016738995660260384, 0.019838809671419714, 0.02727836329820211, 0.035337879727216366, 0.03781773093614383, 0.04401735895846249, 0.04587724736515809, 0.050216986980781156, 0.05269683818970862, 0.05393676379417235, 0.4804711717296962, 0.4885306881587105, 0.49597024178549287, 1.0]",4.0,2.0,2.0,2.0,2.0,15,-21.92509,8.0,6.0,hrl_dqn_apf,hierarchical,dqn,-14.624,9.798,-6.124,0.00,0.00,0.00,-7.538,9.618,-9.285,0.00,0.00,0.00,-10.919,7.597,2.624,0.00,0.00,0.00,3.000,3.000,3.000
2026-02-04 17:38:48,841.11,22,402,424,5.19%,189.74,1.36%,"[0, 5, 10, 15, 20, 25, 30, 35, 40, 45, 50, 55, 60, 65, 70, 75, 80, 85, 90, 95, 100]","[4, 2, 3, 4, 4, 5, 5, 5, 12, 15, 3, 10, 4, 7, 4, 2, 688, 11, 13, 812]","[0.0024798512089274642, 0.0037197768133911966, 0.005579665220086794, 0.008059516429014259, 0.010539367637941723, 0.013639181649101054, 0.016738995660260384, 0.019838809671419714, 0.02727836329820211, 0.0365778053316801, 0.038437693738375696, 0.044637321760694355, 0.047117172969621826, 0.05145691258524489, 0.05393676379417235, 0.05517668939863608, 0.48171109733415995, 0.4885306881587105, 0.49659020458772474, 1.0]",4.0,2.0,2.0,2.0,2.0,17,-10.08572,8.0,6.0,hrl_dqn_apf,hierarchical,dqn,-14.625,9.795,-5.363,0.00,0.00,0.00,-7.575,9.211,-9.166,0.00,0.00,0.00,-11.664,7.594,2.647,0.00,0.00,0.00,3.000,3.000,3.000
2026-02-04 17:38:49,842.12,24,396,420,5.71%,189.77,1.49%,"[0, 5, 10, 15, 20, 25, 30, 35, 40, 45, 50, 55, 60, 65, 70, 75, 80, 85, 90, 95, 100]","[6, 3, 2, 5, 4, 4, 6, 4, 9, 15, 4, 10, 4, 6, 5, 2, 688, 10, 14, 812]","[0.0037197768133911966, 0.005579665220086794, 0.006819590824550527, 0.009919404835709857, 0.012399256044637322, 0.014879107253564786, 0.018598884066955982, 0.021078735275883446, 0.026658400495970243, 0.03595784252944823, 0.038437693738375696, 0.044637321760694355, 0.047117172969621826, 0.05083694978301302, 0.05393676379417235, 0.05517668939863608, 0.48171109733415995, 0.4879107253564786, 0.49659020458772474, 1.0]",4.0,2.0,2.0,2.0,2.0,15,-22.245620000000002,8.0,6.0,hrl_dqn_apf,hierarchical,dqn,-14.626,9.792,-4.600,0.00,0.00,0.00,-7.586,9.081,-9.029,0.00,0.00,0.00,-12.423,7.591,2.653,0.00,0.00,0.00,3.000,3.000,3.000
2026-02-04 17:38:50,843.12,24,400,424,5.66%,189.91,1.49%,"[0, 5, 10, 15, 20, 25, 30, 35, 40, 45, 50, 55, 60, 65, 70, 75, 80, 85, 90, 95, 100]","[7, 3, 2, 4, 4, 4, 5, 3, 11, 15, 4, 10, 4, 6, 5, 1, 689, 10, 12, 814]","[0.0043397396156230625, 0.006199628022318661, 0.007439553626782393, 0.009919404835709857, 0.012399256044637322, 0.014879107253564786, 0.017978921264724116, 0.019838809671419714, 0.026658400495970243, 0.03595784252944823, 0.038437693738375696, 0.044637321760694355, 0.047117172969621826, 0.05083694978301302, 0.05393676379417235, 0.05455672659640422, 0.48171109733415995, 0.4879107253564786, 0.495350278983261, 1.0]",4.0,2.0,2.0,2.0,2.0,15,-22.245620000000002,8.0,6.0,hrl_dqn_apf,hierarchical,dqn,-14.626,9.789,-3.840,0.00,0.00,0.00,-7.590,9.106,-8.572,0.00,0.00,0.00,-13.148,7.620,2.619,0.00,0.00,0.00,3.000,3.000,3.000
2026-02-04 17:38:51,844.12,24,398,422,5.69%,190.05,1.49%,"[0, 5, 10, 15, 20, 25, 30, 35, 40, 45, 50, 55, 60, 65, 70, 75, 80, 85, 90, 95, 100]","[7, 3, 2, 3, 5, 4, 6, 4, 7, 14, 8, 10, 4, 4, 7, 1, 688, 11, 11, 814]","[0.0043397396156230625, 0.006199628022318661, 0.007439553626782393, 0.009299442033477991, 0.012399256044637322, 0.014879107253564786, 0.018598884066955982, 0.021078735275883446, 0.02541847489150651, 0.034097954122752634, 0.03905765654060756, 0.04525728456292622, 0.04773713577185369, 0.050216986980781156, 0.05455672659640422, 0.05517668939863608, 0.48171109733415995, 0.4885306881587105, 0.495350278983261, 1.0]",4.0,2.0,2.0,2.0,2.0,2,-10.40579,8.0,-12.0,hrl_dqn_apf,hierarchical,dqn,-14.628,9.783,-2.316,0.00,0.00,0.00,-7.898,9.189,-7.771,0.00,0.00,0.00,-13.610,7.677,1.538,0.00,0.00,0.00,3.000,3.000,3.000
2026-02-04 17:38:52,845.12,23,403,426,5.40%,190.13,1.43%,"[0, 5, 10, 15, 20, 25, 30, 35, 40, 45, 50, 55, 60, 65, 70, 75, 80, 85, 90, 95, 100]","[7, 4, 1, 4, 4, 3, 5, 6, 7, 13, 9, 10, 4, 4, 7, 0, 689, 10, 11, 815]","[0.0043397396156230625, 0.006819590824550527, 0.007439553626782393, 0.009919404835709857, 0.012399256044637322, 0.01425914445133292, 0.01735895846249225, 0.021078735275883446, 0.02541847489150651, 0.03347799132052077, 0.03905765654060756, 0.04525728456292622, 0.04773713577185369, 0.050216986980781156, 0.05455672659640422, 0.05455672659640422, 0.48171109733415995, 0.4879107253564786, 0.49473031618102914, 1.0]",4.0,2.0,2.0,2.0,2.0,9,1.4337900000000001,8.0,-6.0,hrl_dqn_apf,hierarchical,dqn,-14.428,9.853,-1.750,0.00,0.00,0.00,-8.521,9.197,-7.649,0.00,0.00,0.00,-13.644,7.675,0.802,0.00,0.00,0.00,3.000,3.000,3.000
2026-02-04 17:38:53,846.12,23,405,428,5.37%,190.19,1.43%,"[0, 5, 10, 15, 20, 25, 30, 35, 40, 45, 50, 55, 60, 65, 70, 75, 80, 85, 90, 95, 100]","[7, 4, 2, 3, 4, 3, 5, 6, 6, 12, 11, 8, 6, 4, 8, 0, 689, 10, 10, 815]","[0.0043397396156230625, 0.006819590824550527, 0.008059516429014259, 0.009919404835709857, 0.012399256044637322, 0.01425914445133292, 0.01735895846249225, 0.021078735275883446, 0.024798512089274645, 0.032238065716057036, 0.03905765654060756, 0.04401735895846249, 0.04773713577185369, 0.050216986980781156, 0.05517668939863608, 0.05517668939863608, 0.4823310601363918, 0.4885306881587105, 0.49473031618102914, 1.0]",4.0,2.0,2.0,2.0,2.0,9,1.4337900000000001,8.0,-6.0,hrl_dqn_apf,hierarchical,dqn,-13.984,10.101,-1.665,0.00,0.00,0.00,-9.242,9.195,-7.611,0.00,0.00,0.00,-13.625,7.615,0.241,0.00,0.00,0.00,3.000,3.000,3.000
2026-02-04 17:38:54,847.13,25,402,427,5.85%,190.30,1.55%,"[0, 5, 10, 15, 20, 25, 30, 35, 40, 45, 50, 55, 60, 65, 70, 75, 80, 85, 90, 95, 100]","[7, 4, 3, 3, 5, 3, 5, 6, 6, 9, 13, 8, 5, 5, 7, 1, 689, 10, 9, 815]","[0.0043397396156230625, 0.006819590824550527, 0.008679479231246125, 0.010539367637941723, 0.013639181649101054, 0.015499070055796652, 0.018598884066955982, 0.022318660880347178, 0.026038437693738377, 0.03161810291382517, 0.03967761934283943, 0.044637321760694355, 0.04773713577185369, 0.05083694978301302, 0.05517668939863608, 0.05579665220086795, 0.4829510229386237, 0.48915065096094235, 0.49473031618102914, 1.0]",4.0,2.0,2.0,2.0,2.0,5,-22.726210000000002,8.0,-6.0,hrl_dqn_apf,hierarchical,dqn,-13.921,10.428,-2.106,0.00,0.00,0.00,-9.998,9.193,-7.596,0.00,0.00,0.00,-13.482,7.399,0.458,0.00,0.00,0.00,3.000,3.000,3.000
2026-02-04 17:38:55,848.13,26,401,427,6.09%,190.56,1.61%,"[0, 5, 10, 15, 20, 25, 30, 35, 40, 45, 50, 55, 60, 65, 70, 75, 80, 85, 90, 95, 100]","[7, 5, 4, 1, 5, 4, 4, 6, 5, 9, 11, 12, 5, 4, 8, 1, 688, 11, 9, 814]","[0.0043397396156230625, 0.007439553626782393, 0.009919404835709857, 0.010539367637941723, 0.013639181649101054, 0.016119032858028518, 0.018598884066955982, 0.022318660880347178, 0.02541847489150651, 0.030998140111593304, 0.03781773093614383, 0.04525728456292622, 0.04835709857408556, 0.05083694978301302, 0.05579665220086795, 0.056416615003099815, 0.4829510229386237, 0.4897706137631742, 0.495350278983261, 1.0]",4.0,2.0,2.0,2.0,2.0,16,-16.80631,8.0,6.0,hrl_dqn_apf,hierarchical,dqn,-14.142,11.048,-3.488,0.00,0.00,0.00,-11.515,9.187,-7.591,0.00,0.00,0.00,-13.178,6.780,1.748,0.00,0.00,0.00,3.000,3.000,3.000
2026-02-04 17:38:56,849.13,26,401,427,6.09%,190.70,1.61%,"[0, 5, 10, 15, 20, 25, 30, 35, 40, 45, 50, 55, 60, 65, 70, 75, 80, 85, 90, 95, 100]","[9, 4, 3, 2, 3, 5, 3, 6, 5, 8, 11, 13, 5, 5, 6, 3, 688, 11, 9, 814]","[0.005579665220086794, 0.008059516429014259, 0.009919404835709857, 0.011159330440173589, 0.013019218846869188, 0.016119032858028518, 0.017978921264724116, 0.02169869807811531, 0.024798512089274645, 0.029758214507129573, 0.0365778053316801, 0.044637321760694355, 0.04773713577185369, 0.05083694978301302, 0.05455672659640422, 0.056416615003099815, 0.4829510229386237, 0.4897706137631742, 0.495350278983261, 1.0]",4.0,2.0,2.0,2.0,2.0,16,-16.80631,8.0,6.0,hrl_dqn_apf,hierarchical,dqn,-14.244,10.753,-4.060,0.00,0.00,0.00,-12.278,9.184,-7.591,0.00,0.00,0.00,-13.074,6.752,2.493,0.00,0.00,0.00,3.000,3.000,3.000
2026-02-04 17:38:57,850.13,26,401,427,6.09%,190.78,1.61%,"[0, 5, 10, 15, 20, 25, 30, 35, 40, 45, 50, 55, 60, 65, 70, 75, 80, 85, 90, 95, 100]","[9, 4, 4, 2, 3, 4, 3, 6, 7, 6, 11, 14, 5, 5, 6, 3, 688, 9, 11, 813]","[0.005579665220086794, 0.008059516429014259, 0.010539367637941723, 0.011779293242405457, 0.013639181649101054, 0.016119032858028518, 0.017978921264724116, 0.02169869807811531, 0.026038437693738377, 0.029758214507129573, 0.0365778053316801, 0.04525728456292622, 0.04835709857408556, 0.05145691258524489, 0.05517668939863608, 0.05703657780533168, 0.48357098574085555, 0.48915065096094235, 0.49597024178549287, 1.0]",4.0,2.0,2.0,2.0,2.0,23,-4.966900000000001,8.0,12.0,hrl_dqn_apf,hierarchical,dqn,-14.333,10.719,-4.152,0.00,0.00,0.00,-12.904,9.169,-7.671,0.00,0.00,0.00,-13.138,6.814,3.150,0.00,0.00,0.00,3.000,3.000,3.000
2026-02-04 17:38:58,851.14,26,401,427,6.09%,190.92,1.61%,"[0, 5, 10, 15, 20, 25, 30, 35, 40, 45, 50, 55, 60, 65, 70, 75, 80, 85, 90, 95, 100]","[9, 4, 3, 2, 3, 5, 2, 6, 8, 6, 9, 16, 4, 7, 6, 3, 687, 10, 9, 814]","[0.005579665220086794, 0.008059516429014259, 0.009919404835709857, 0.011159330440173589, 0.013019218846869188, 0.016119032858028518, 0.01735895846249225, 0.021078735275883446, 0.026038437693738377, 0.029758214507129573, 0.035337879727216366, 0.04525728456292622, 0.04773713577185369, 0.052076875387476754, 0.05579665220086795, 0.05765654060756355, 0.48357098574085555, 0.4897706137631742, 0.495350278983261, 1.0]",4.0,2.0,2.0,2.0,2.0,1,-17.126910000000002,8.0,-12.0,hrl_dqn_apf,hierarchical,dqn,-14.593,10.903,-3.748,0.00,0.00,0.00,-12.940,9.070,-8.110,0.00,0.00,0.00,-13.634,6.851,3.414,0.00,0.00,0.00,3.000,3.000,3.000
2026-02-04 17:38:59,852.14,25,400,425,5.88%,191.11,1.55%,"[0, 5, 10, 15, 20, 25, 30, 35, 40, 45, 50, 55, 60, 65, 70, 75, 80, 85, 90, 95, 100]","[7, 3, 5, 3, 2, 5, 4, 4, 9, 4, 9, 18, 5, 6, 7, 3, 688, 9, 10, 812]","[0.0043397396156230625, 0.006199628022318661, 0.009299442033477991, 0.011159330440173589, 0.012399256044637322, 0.015499070055796652, 0.017978921264724116, 0.02045877247365158, 0.026038437693738377, 0.02851828890266584, 0.034097954122752634, 0.04525728456292622, 0.04835709857408556, 0.052076875387476754, 0.056416615003099815, 0.05827650340979541, 0.4848109113453193, 0.4903905765654061, 0.49659020458772474, 1.0]",4.0,2.0,2.0,2.0,2.0,1,-17.126910000000002,8.0,-12.0,hrl_dqn_apf,hierarchical,dqn,-15.079,10.594,-2.723,0.00,0.00,0.00,-12.895,9.037,-9.142,0.00,0.00,0.00,-14.756,6.922,3.849,0.00,0.00,0.00,3.000,3.000,3.000
2026-02-04 17:39:00,853.14,25,396,421,5.94%,191.22,1.55%,"[0, 5, 10, 15, 20, 25, 30, 35, 40, 45, 50, 55, 60, 65, 70, 75, 80, 85, 90, 95, 100]","[7, 4, 4, 4, 2, 4, 4, 4, 9, 5, 8, 18, 5, 7, 6, 4, 688, 9, 10, 811]","[0.0043397396156230625, 0.006819590824550527, 0.009299442033477991, 0.011779293242405457, 0.013019218846869188, 0.015499070055796652, 0.017978921264724116, 0.02045877247365158, 0.026038437693738377, 0.029138251704897707, 0.034097954122752634, 0.04525728456292622, 0.04835709857408556, 0.05269683818970862, 0.056416615003099815, 0.05889646621202728, 0.48543087414755115, 0.49101053936763794, 0.4972101673899566, 1.0]",4.0,2.0,2.0,2.0,2.0,17,-11.28719,8.0,6.0,hrl_dqn_apf,hierarchical,dqn,-15.139,10.185,-2.593,0.00,0.00,0.00,-13.471,9.052,-9.272,0.00,0.00,0.00,-14.689,7.005,4.284,0.00,0.00,0.00,3.000,3.000,3.000
2026-02-04 17:39:01,854.14,24,399,423,5.67%,191.35,1.49%,"[0, 5, 10, 15, 20, 25, 30, 35, 40, 45, 50, 55, 60, 65, 70, 75, 80, 85, 90, 95, 100]","[7, 5, 4, 4, 1, 3, 5, 4, 9, 6, 5, 17, 7, 7, 7, 3, 689, 9, 10, 811]","[0.0043397396156230625, 0.007439553626782393, 0.009919404835709857, 0.012399256044637322, 0.013019218846869188, 0.014879107253564786, 0.017978921264724116, 0.02045877247365158, 0.026038437693738377, 0.029758214507129573, 0.0328580285182889, 0.04339739615623062, 0.04773713577185369, 0.052076875387476754, 0.056416615003099815, 0.05827650340979541, 0.48543087414755115, 0.49101053936763794, 0.4972101673899566, 1.0]",4.0,2.0,2.0,2.0,2.0,18,-5.4476700000000005,8.0,6.0,hrl_dqn_apf,hierarchical,dqn,-15.158,9.776,-2.552,0.00,0.00,0.00,-14.183,9.052,-9.313,0.00,0.00,0.00,-14.150,7.023,4.443,0.00,0.00,0.00,3.000,3.000,3.000
2026-02-04 17:39:02,855.15,24,397,421,5.70%,191.48,1.49%,"[0, 5, 10, 15, 20, 25, 30, 35, 40, 45, 50, 55, 60, 65, 70, 75, 80, 85, 90, 95, 100]","[5, 7, 4, 3, 2, 3, 4, 5, 8, 8, 4, 17, 8, 7, 7, 3, 689, 9, 8, 812]","[0.0030998140111593306, 0.007439553626782393, 0.009919404835709857, 0.011779293242405457, 0.013019218846869188, 0.014879107253564786, 0.01735895846249225, 0.02045877247365158, 0.02541847489150651, 0.03037817730936144, 0.0328580285182889, 0.04339739615623062, 0.04835709857408556, 0.05269683818970862, 0.05703657780533168, 0.05889646621202728, 0.486050836949783, 0.4916305021698698, 0.49659020458772474, 1.0]",4.0,2.0,2.0,2.0,2.0,18,-5.4476700000000005,8.0,6.0,hrl_dqn_apf,hierarchical,dqn,-15.118,9.555,-2.540,0.00,0.00,0.00,-14.929,9.049,-9.326,0.00,0.00,0.00,-13.452,7.022,4.493,0.00,0.00,0.00,3.000,3.000,3.000
2026-02-04 17:39:03,856.15,25,396,421,5.94%,191.73,1.55%,"[0, 5, 10, 15, 20, 25, 30, 35, 40, 45, 50, 55, 60, 65, 70, 75, 80, 85, 90, 95, 100]","[6, 6, 3, 5, 2, 3, 4, 5, 7, 10, 2, 15, 11, 5, 8, 4, 688, 9, 9, 811]","[0.0037197768133911966, 0.007439553626782393, 0.009299442033477991, 0.012399256044637322, 0.013639181649101054, 0.015499070055796652, 0.017978921264724116, 0.021078735275883446, 0.02541847489150651, 0.03161810291382517, 0.0328580285182889, 0.04215747055176689, 0.048977061376317424, 0.052076875387476754, 0.05703657780533168, 0.059516429014259145, 0.486050836949783, 0.4916305021698698, 0.4972101673899566, 1.0]",4.0,2.0,2.0,2.0,2.0,17,-11.76772,8.0,6.0,hrl_dqn_apf,hierarchical,dqn,-14.014,9.602,-2.535,0.00,0.00,0.00,-15.817,9.207,-9.331,0.00,0.00,0.00,-11.950,7.015,4.514,0.00,0.00,0.00,3.000,3.000,3.000
2026-02-04 17:39:04,857.15,25,398,423,5.91%,191.88,1.55%,"[0, 5, 10, 15, 20, 25, 30, 35, 40, 45, 50, 55, 60, 65, 70, 75, 80, 85, 90, 95, 100]","[6, 6, 4, 4, 3, 2, 5, 4, 6, 9, 4, 13, 12, 5, 9, 3, 689, 9, 8, 812]","[0.0037197768133911966, 0.007439553626782393, 0.009919404835709857, 0.012399256044637322, 0.01425914445133292, 0.015499070055796652, 0.018598884066955982, 0.021078735275883446, 0.024798512089274645, 0.03037817730936144, 0.0328580285182889, 0.04091754494730316, 0.04835709857408556, 0.05145691258524489, 0.05703657780533168, 0.05889646621202728, 0.486050836949783, 0.4916305021698698, 0.49659020458772474, 1.0]",4.0,2.0,2.0,2.0,2.0,17,-11.76772,8.0,6.0,hrl_dqn_apf,hierarchical,dqn,-13.277,9.602,-2.534,0.00,0.00,0.00,-15.336,9.228,-9.331,0.00,0.00,0.00,-11.390,7.086,4.722,0.00,0.00,0.00,3.000,3.000,3.000
2026-02-04 17:39:05,858.15,25,396,421,5.94%,191.99,1.55%,"[0, 5, 10, 15, 20, 25, 30, 35, 40, 45, 50, 55, 60, 65, 70, 75, 80, 85, 90, 95, 100]","[6, 5, 4, 5, 3, 2, 4, 5, 6, 9, 3, 14, 11, 6, 10, 2, 690, 9, 8, 811]","[0.0037197768133911966, 0.006819590824550527, 0.009299442033477991, 0.012399256044637322, 0.01425914445133292, 0.015499070055796652, 0.017978921264724116, 0.021078735275883446, 0.024798512089274645, 0.03037817730936144, 0.032238065716057036, 0.04091754494730316, 0.04773713577185369, 0.05145691258524489, 0.05765654060756355, 0.05889646621202728, 0.4866707997520149, 0.4922504649721017, 0.4972101673899566, 1.0]",4.0,2.0,2.0,2.0,2.0,5,-23.84803,8.0,-6.0,hrl_dqn_apf,hierarchical,dqn,-12.746,9.715,-2.533,0.00,0.00,0.00,-14.652,9.227,-9.331,0.00,0.00,0.00,-11.195,7.102,5.304,0.00,0.00,0.00,3.000,3.000,3.000
2026-02-04 17:39:06,859.15,25,396,421,5.94%,192.07,1.55%,"[0, 5, 10, 15, 20, 25, 30, 35, 40, 45, 50, 55, 60, 65, 70, 75, 80, 85, 90, 95, 100]","[5, 5, 4, 5, 4, 2, 6, 5, 6, 9, 4, 11, 11, 6, 10, 3, 689, 10, 8, 810]","[0.0030998140111593306, 0.006199628022318661, 0.008679479231246125, 0.011779293242405457, 0.01425914445133292, 0.015499070055796652, 0.019218846869187848, 0.022318660880347178, 0.026038437693738377, 0.03161810291382517, 0.034097954122752634, 0.04091754494730316, 0.04773713577185369, 0.05145691258524489, 0.05765654060756355, 0.059516429014259145, 0.4866707997520149, 0.49287042777433354, 0.49783013019218847, 1.0]",4.0,2.0,2.0,2.0,2.0,5,-23.84803,8.0,-6.0,hrl_dqn_apf,hierarchical,dqn,-13.009,9.779,-2.533,0.00,0.00,0.00,-13.950,9.254,-9.297,0.00,0.00,0.00,-11.136,7.101,6.011,0.00,0.00,0.00,3.000,3.000,3.000
2026-02-04 17:39:07,860.16,26,394,420,6.19%,192.31,1.61%,"[0, 5, 10, 15, 20, 25, 30, 35, 40, 45, 50, 55, 60, 65, 70, 75, 80, 85, 90, 95, 100]","[8, 3, 6, 4, 4, 1, 4, 6, 5, 8, 6, 9, 10, 9, 9, 4, 689, 10, 7, 811]","[0.0049597024178549285, 0.006819590824550527, 0.010539367637941723, 0.013019218846869188, 0.015499070055796652, 0.016119032858028518, 0.018598884066955982, 0.022318660880347178, 0.02541847489150651, 0.03037817730936144, 0.034097954122752634, 0.03967761934283943, 0.04587724736515809, 0.05145691258524489, 0.05703657780533168, 0.059516429014259145, 0.4866707997520149, 0.49287042777433354, 0.4972101673899566, 1.0]",4.0,2.0,2.0,2.0,2.0,16,-17.927979999999998,8.0,6.0,hrl_dqn_apf,hierarchical,dqn,-14.352,9.780,-2.534,0.00,0.00,0.00,-13.493,9.310,-8.214,0.00,0.00,0.00,-11.439,7.179,7.198,0.00,0.00,0.00,3.000,3.000,3.000
2026-02-04 17:39:08,861.16,26,394,420,6.19%,192.41,1.61%,"[0, 5, 10, 15, 20, 25, 30, 35, 40, 45, 50, 55, 60, 65, 70, 75, 80, 85, 90, 95, 100]","[8, 2, 6, 5, 3, 2, 4, 5, 6, 7, 7, 8, 10, 10, 8, 5, 689, 10, 7, 811]","[0.0049597024178549285, 0.006199628022318661, 0.009919404835709857, 0.013019218846869188, 0.014879107253564786, 0.016119032858028518, 0.018598884066955982, 0.02169869807811531, 0.02541847489150651, 0.029758214507129573, 0.034097954122752634, 0.03905765654060756, 0.04525728456292622, 0.05145691258524489, 0.056416615003099815, 0.059516429014259145, 0.4866707997520149, 0.49287042777433354, 0.4972101673899566, 1.0]",4.0,2.0,2.0,2.0,2.0,7,-12.08843,8.0,-6.0,hrl_dqn_apf,hierarchical,dqn,-15.101,9.777,-2.534,0.00,0.00,0.00,-13.460,9.308,-7.481,0.00,0.00,0.00,-11.866,7.262,7.135,0.00,0.00,0.00,3.000,3.000,3.000
2026-02-04 17:39:09,862.16,26,394,420,6.19%,192.50,1.61%,"[0, 5, 10, 15, 20, 25, 30, 35, 40, 45, 50, 55, 60, 65, 70, 75, 80, 85, 90, 95, 100]","[7, 2, 7, 3, 4, 3, 3, 6, 6, 6, 8, 8, 7, 13, 7, 6, 688, 10, 8, 811]","[0.0043397396156230625, 0.005579665220086794, 0.009919404835709857, 0.011779293242405457, 0.01425914445133292, 0.016119032858028518, 0.017978921264724116, 0.02169869807811531, 0.02541847489150651, 0.029138251704897707, 0.034097954122752634, 0.03905765654060756, 0.04339739615623062, 0.05145691258524489, 0.05579665220086795, 0.059516429014259145, 0.486050836949783, 0.4922504649721017, 0.4972101673899566, 1.0]",4.0,2.0,2.0,2.0,2.0,7,-12.08843,8.0,-6.0,hrl_dqn_apf,hierarchical,dqn,-15.865,9.774,-2.535,0.00,0.00,0.00,-13.449,9.305,-6.722,0.00,0.00,0.00,-12.023,7.280,6.595,0.00,0.00,0.00,3.000,3.000,3.000
2026-02-04 17:39:10,863.16,27,393,420,6.43%,192.55,1.67%,"[0, 5, 10, 15, 20, 25, 30, 35, 40, 45, 50, 55, 60, 65, 70, 75, 80, 85, 90, 95, 100]","[7, 3, 5, 4, 5, 3, 3, 5, 7, 6, 7, 8, 8, 12, 6, 7, 688, 10, 8, 811]","[0.0043397396156230625, 0.006199628022318661, 0.009299442033477991, 0.011779293242405457, 0.014879107253564786, 0.016738995660260384, 0.018598884066955982, 0.02169869807811531, 0.026038437693738377, 0.029758214507129573, 0.034097954122752634, 0.03905765654060756, 0.04401735895846249, 0.05145691258524489, 0.05517668939863608, 0.059516429014259145, 0.486050836949783, 0.4922504649721017, 0.4972101673899566, 1.0]",4.0,2.0,2.0,2.0,2.0,10,-24.24869,8.0,0.0,hrl_dqn_apf,hierarchical,dqn,-16.621,9.771,-2.536,0.00,0.00,0.00,-13.446,9.302,-5.966,0.00,0.00,0.00,-12.071,7.279,5.900,0.00,0.00,0.00,3.000,3.000,3.000
2026-02-04 17:39:11,864.16,27,391,418,6.46%,192.77,1.67%,"[0, 5, 10, 15, 20, 25, 30, 35, 40, 45, 50, 55, 60, 65, 70, 75, 80, 85, 90, 95, 100]","[7, 3, 4, 5, 5, 3, 3, 5, 8, 6, 6, 9, 3, 14, 8, 7, 688, 10, 9, 810]","[0.0043397396156230625, 0.006199628022318661, 0.008679479231246125, 0.011779293242405457, 0.014879107253564786, 0.016738995660260384, 0.018598884066955982, 0.02169869807811531, 0.026658400495970243, 0.03037817730936144, 0.034097954122752634, 0.03967761934283943, 0.041537507749535026, 0.050216986980781156, 0.05517668939863608, 0.059516429014259145, 0.486050836949783, 0.4922504649721017, 0.49783013019218847, 1.0]",4.0,2.0,2.0,2.0,2.0,3,-6.4081399999999995,8.0,-12.0,hrl_dqn_apf,hierarchical,dqn,-18.042,9.840,-2.297,0.00,0.00,0.00,-13.231,9.392,-4.983,0.00,0.00,0.00,-12.090,7.272,4.398,0.00,0.00,0.00,3.000,3.000,3.000
2026-02-04 17:39:12,865.17,28,390,418,6.70%,192.82,1.74%,"[0, 5, 10, 15, 20, 25, 30, 35, 40, 45, 50, 55, 60, 65, 70, 75, 80, 85, 90, 95, 100]","[7, 4, 3, 6, 4, 4, 2, 7, 7, 5, 5, 12, 3, 13, 8, 7, 688, 10, 9, 809]","[0.0043397396156230625, 0.006819590824550527, 0.008679479231246125, 0.012399256044637322, 0.014879107253564786, 0.01735895846249225, 0.018598884066955982, 0.022938623682579044, 0.02727836329820211, 0.03037817730936144, 0.03347799132052077, 0.04091754494730316, 0.04277743335399876, 0.05083694978301302, 0.05579665220086795, 0.06013639181649101, 0.4866707997520149, 0.49287042777433354, 0.49845009299442034, 1.0]",4.0,2.0,2.0,2.0,2.0,3,-6.4081399999999995,8.0,-12.0,hrl_dqn_apf,hierarchical,dqn,-18.639,9.878,-1.866,0.00,0.00,0.00,-12.777,9.366,-5.263,0.00,0.00,0.00,-12.091,7.416,4.050,0.00,0.00,0.00,3.000,3.000,3.000
2026-02-04 17:39:13,866.17,27,391,418,6.46%,192.92,1.67%,"[0, 5, 10, 15, 20, 25, 30, 35, 40, 45, 50, 55, 60, 65, 70, 75, 80, 85, 90, 95, 100]","[5, 6, 3, 6, 4, 3, 3, 6, 7, 6, 5, 12, 2, 13, 10, 5, 690, 10, 9, 808]","[0.0030998140111593306, 0.006819590824550527, 0.008679479231246125, 0.012399256044637322, 0.014879107253564786, 0.016738995660260384, 0.018598884066955982, 0.022318660880347178, 0.026658400495970243, 0.03037817730936144, 0.03347799132052077, 0.04091754494730316, 0.04215747055176689, 0.050216986980781156, 0.056416615003099815, 0.059516429014259145, 0.48729076255424675, 0.4934903905765654, 0.4990700557966522, 1.0]",4.0,2.0,2.0,2.0,2.0,22,-12.5691,8.0,12.0,hrl_dqn_apf,hierarchical,dqn,-19.273,9.898,-1.487,0.00,0.00,0.00,-12.279,9.372,-5.699,0.00,0.00,0.00,-12.091,7.452,4.436,0.00,0.00,0.00,3.000,3.000,3.000
2026-02-04 17:39:14,867.17,27,387,414,6.52%,193.02,1.67%,"[0, 5, 10, 15, 20, 25, 30, 35, 40, 45, 50, 55, 60, 65, 70, 75, 80, 85, 90, 95, 100]","[6, 6, 2, 6, 3, 4, 4, 5, 8, 6, 5, 12, 2, 10, 12, 4, 691, 10, 8, 809]","[0.0037197768133911966, 0.007439553626782393, 0.008679479231246125, 0.012399256044637322, 0.01425914445133292, 0.016738995660260384, 0.019218846869187848, 0.022318660880347178, 0.02727836329820211, 0.030998140111593304, 0.034097954122752634, 0.041537507749535026, 0.04277743335399876, 0.048977061376317424, 0.056416615003099815, 0.05889646621202728, 0.48729076255424675, 0.4934903905765654, 0.49845009299442034, 1.0]",4.0,2.0,2.0,2.0,2.0,20,-24.72943,8.0,12.0,hrl_dqn_apf,hierarchical,dqn,-19.966,9.925,-1.288,0.00,0.00,0.00,-12.067,9.384,-6.361,0.00,0.00,0.00,-12.091,7.453,5.112,0.00,0.00,0.00,3.000,3.000,3.000
2026-02-04 17:39:15,868.17,29,383,412,7.04%,193.16,1.80%,"[0, 5, 10, 15, 20, 25, 30, 35, 40, 45, 50, 55, 60, 65, 70, 75, 80, 85, 90, 95, 100]","[7, 6, 3, 5, 3, 5, 4, 4, 9, 7, 4, 12, 2, 9, 12, 5, 691, 9, 9, 807]","[0.0043397396156230625, 0.008059516429014259, 0.009919404835709857, 0.013019218846869188, 0.014879107253564786, 0.017978921264724116, 0.02045877247365158, 0.022938623682579044, 0.02851828890266584, 0.0328580285182889, 0.035337879727216366, 0.04277743335399876, 0.04401735895846249, 0.04959702417854929, 0.05703657780533168, 0.06013639181649101, 0.4885306881587105, 0.4941103533787973, 0.49969001859888407, 1.0]",4.0,2.0,2.0,2.0,2.0,20,-24.72943,8.0,12.0,hrl_dqn_apf,hierarchical,dqn,-20.387,9.967,-0.125,0.00,0.00,0.00,-11.984,9.380,-7.844,0.00,0.00,0.00,-12.092,7.447,6.600,0.00,0.00,0.00,3.000,3.000,3.000
2026-02-04 17:39:16,869.17,30,380,410,7.32%,193.20,1.86%,"[0, 5, 10, 15, 20, 25, 30, 35, 40, 45, 50, 55, 60, 65, 70, 75, 80, 85, 90, 95, 100]","[7, 5, 3, 5, 5, 5, 3, 5, 7, 8, 4, 12, 3, 8, 12, 5, 691, 10, 8, 807]","[0.0043397396156230625, 0.007439553626782393, 0.009299442033477991, 0.012399256044637322, 0.015499070055796652, 0.018598884066955982, 0.02045877247365158, 0.023558586484810913, 0.027898326100433975, 0.0328580285182889, 0.035337879727216366, 0.04277743335399876, 0.044637321760694355, 0.04959702417854929, 0.05703657780533168, 0.06013639181649101, 0.4885306881587105, 0.49473031618102914, 0.49969001859888407, 1.0]",4.0,2.0,2.0,2.0,2.0,2,-12.88962,8.0,-12.0,hrl_dqn_apf,hierarchical,dqn,-20.419,9.964,0.617,0.00,0.00,0.00,-11.978,9.377,-8.605,0.00,0.00,0.00,-12.093,7.444,7.361,0.00,0.00,0.00,3.000,3.000,3.000
2026-02-04 17:39:17,870.18,29,379,408,7.11%,193.24,1.80%,"[0, 5, 10, 15, 20, 25, 30, 35, 40, 45, 50, 55, 60, 65, 70, 75, 80, 85, 90, 95, 100]","[7, 5, 4, 3, 6, 4, 4, 4, 8, 7, 4, 10, 6, 7, 13, 5, 692, 10, 8, 806]","[0.0043397396156230625, 0.007439553626782393, 0.009919404835709857, 0.011779293242405457, 0.015499070055796652, 0.017978921264724116, 0.02045877247365158, 0.022938623682579044, 0.027898326100433975, 0.032238065716057036, 0.0347179169249845, 0.04091754494730316, 0.044637321760694355, 0.048977061376317424, 0.05703657780533168, 0.06013639181649101, 0.48915065096094235, 0.495350278983261, 0.5003099814011159, 1.0]",4.0,2.0,2.0,2.0,2.0,1,-19.05,8.0,-12.0,hrl_dqn_apf,hierarchical,dqn,-20.430,9.961,1.371,0.00,0.00,0.00,-11.976,9.374,-9.364,0.00,0.00,0.00,-12.094,7.558,7.890,0.00,0.00,0.00,3.000,3.000,3.000
2026-02-04 17:39:18,871.18,30,380,410,7.32%,193.27,1.86%,"[0, 5, 10, 15, 20, 25, 30, 35, 40, 45, 50, 55, 60, 65, 70, 75, 80, 85, 90, 95, 100]","[8, 4, 5, 3, 6, 4, 3, 4, 8, 8, 3, 11, 6, 6, 13, 6, 689, 12, 8, 806]","[0.0049597024178549285, 0.007439553626782393, 0.010539367637941723, 0.012399256044637322, 0.016119032858028518, 0.018598884066955982, 0.02045877247365158, 0.022938623682579044, 0.027898326100433975, 0.0328580285182889, 0.0347179169249845, 0.041537507749535026, 0.04525728456292622, 0.048977061376317424, 0.05703657780533168, 0.06075635461872288, 0.4879107253564786, 0.495350278983261, 0.5003099814011159, 1.0]",4.0,2.0,2.0,2.0,2.0,1,-19.05,8.0,-12.0,hrl_dqn_apf,hierarchical,dqn,-20.479,9.995,2.088,0.00,0.00,0.00,-11.976,9.371,-10.127,0.00,0.00,0.00,-12.094,7.621,7.620,0.00,0.00,0.00,3.000,3.000,3.000
2026-02-04 17:39:19,872.18,27,381,408,6.62%,193.45,1.67%,"[0, 5, 10, 15, 20, 25, 30, 35, 40, 45, 50, 55, 60, 65, 70, 75, 80, 85, 90, 95, 100]","[4, 6, 6, 2, 5, 4, 5, 4, 8, 7, 5, 10, 6, 7, 12, 8, 688, 13, 8, 805]","[0.0024798512089274642, 0.006199628022318661, 0.009919404835709857, 0.011159330440173589, 0.01425914445133292, 0.016738995660260384, 0.019838809671419714, 0.022318660880347178, 0.02727836329820211, 0.03161810291382517, 0.0347179169249845, 0.04091754494730316, 0.044637321760694355, 0.048977061376317424, 0.056416615003099815, 0.06137631742095474, 0.4879107253564786, 0.49597024178549287, 0.5009299442033478, 1.0]",4.0,2.0,2.0,2.0,2.0,10,-25.210369999999998,8.0,0.0,hrl_dqn_apf,hierarchical,dqn,-21.583,10.047,2.523,0.00,0.00,0.00,-11.975,9.365,-11.648,0.00,0.00,0.00,-12.093,7.622,6.280,0.00,0.00,0.00,3.000,3.000,3.000
2026-02-04 17:39:20,873.18,26,382,408,6.37%,193.53,1.61%,"[0, 5, 10, 15, 20, 25, 30, 35, 40, 45, 50, 55, 60, 65, 70, 75, 80, 85, 90, 95, 100]","[4, 6, 5, 3, 5, 3, 5, 5, 8, 7, 5, 10, 6, 7, 11, 7, 690, 13, 7, 806]","[0.0024798512089274642, 0.006199628022318661, 0.009299442033477991, 0.011159330440173589, 0.01425914445133292, 0.016119032858028518, 0.019218846869187848, 0.022318660880347178, 0.02727836329820211, 0.03161810291382517, 0.0347179169249845, 0.04091754494730316, 0.044637321760694355, 0.048977061376317424, 0.05579665220086795, 0.06013639181649101, 0.4879107253564786, 0.49597024178549287, 0.5003099814011159, 1.0]",4.0,2.0,2.0,2.0,2.0,3,-7.3705300000000005,8.0,-12.0,hrl_dqn_apf,hierarchical,dqn,-22.118,9.691,2.558,0.00,0.00,0.00,-11.771,9.436,-12.214,0.00,0.00,0.00,-12.093,7.618,5.525,0.00,0.00,0.00,3.000,3.000,3.000
2026-02-04 17:39:21,874.18,26,381,407,6.39%,193.63,1.61%,"[0, 5, 10, 15, 20, 25, 30, 35, 40, 45, 50, 55, 60, 65, 70, 75, 80, 85, 90, 95, 100]","[4, 5, 6, 2, 5, 4, 5, 5, 6, 7, 6, 10, 6, 8, 10, 8, 690, 13, 8, 805]","[0.0024798512089274642, 0.005579665220086794, 0.009299442033477991, 0.010539367637941723, 0.013639181649101054, 0.016119032858028518, 0.019218846869187848, 0.022318660880347178, 0.026038437693738377, 0.03037817730936144, 0.034097954122752634, 0.040297582145071294, 0.04401735895846249, 0.048977061376317424, 0.05517668939863608, 0.06013639181649101, 0.4879107253564786, 0.49597024178549287, 0.5009299442033478, 1.0]",4.0,2.0,2.0,2.0,2.0,3,-7.3705300000000005,8.0,-12.0,hrl_dqn_apf,hierarchical,dqn,-22.413,9.577,2.568,0.00,0.00,0.00,-11.197,9.453,-12.408,0.00,0.00,0.00,-12.204,7.674,4.881,0.00,0.00,0.00,3.000,3.000,3.000
2026-02-04 17:39:22,875.19,27,380,407,6.63%,193.70,1.67%,"[0, 5, 10, 15, 20, 25, 30, 35, 40, 45, 50, 55, 60, 65, 70, 75, 80, 85, 90, 95, 100]","[5, 4, 5, 4, 3, 6, 5, 4, 6, 8, 5, 11, 5, 8, 9, 9, 690, 13, 8, 805]","[0.0030998140111593306, 0.005579665220086794, 0.008679479231246125, 0.011159330440173589, 0.013019218846869188, 0.016738995660260384, 0.019838809671419714, 0.022318660880347178, 0.026038437693738377, 0.030998140111593304, 0.034097954122752634, 0.04091754494730316, 0.04401735895846249, 0.048977061376317424, 0.05455672659640422, 0.06013639181649101, 0.4879107253564786, 0.49597024178549287, 0.5009299442033478, 1.0]",4.0,2.0,2.0,2.0,2.0,21,-19.52992,8.0,12.0,hrl_dqn_apf,hierarchical,dqn,-22.988,9.593,2.571,0.00,0.00,0.00,-10.486,9.451,-12.469,0.00,0.00,0.00,-12.722,7.704,4.627,0.00,0.00,0.00,3.000,3.000,3.000
2026-02-04 17:39:23,876.19,27,384,411,6.57%,193.84,1.67%,"[0, 5, 10, 15, 20, 25, 30, 35, 40, 45, 50, 55, 60, 65, 70, 75, 80, 85, 90, 95, 100]","[5, 3, 5, 6, 2, 6, 2, 7, 6, 8, 5, 10, 5, 10, 9, 8, 691, 11, 10, 804]","[0.0030998140111593306, 0.0049597024178549285, 0.008059516429014259, 0.011779293242405457, 0.013019218846869188, 0.016738995660260384, 0.017978921264724116, 0.022318660880347178, 0.026038437693738377, 0.030998140111593304, 0.034097954122752634, 0.040297582145071294, 0.04339739615623062, 0.04959702417854929, 0.05517668939863608, 0.06013639181649101, 0.4885306881587105, 0.495350278983261, 0.5015499070055797, 1.0]",4.0,2.0,2.0,2.0,2.0,2,-13.61076,8.0,-12.0,hrl_dqn_apf,hierarchical,dqn,-24.114,9.672,2.233,0.00,0.00,0.00,-8.980,9.445,-12.493,0.00,0.00,0.00,-13.829,7.786,4.860,0.00,0.00,0.00,3.000,3.000,3.000
2026-02-04 17:39:24,877.19,26,379,405,6.42%,193.92,1.61%,"[0, 5, 10, 15, 20, 25, 30, 35, 40, 45, 50, 55, 60, 65, 70, 75, 80, 85, 90, 95, 100]","[5, 4, 4, 7, 1, 5, 4, 5, 7, 7, 6, 10, 4, 10, 9, 8, 692, 10, 11, 804]","[0.0030998140111593306, 0.005579665220086794, 0.008059516429014259, 0.012399256044637322, 0.013019218846869188, 0.016119032858028518, 0.018598884066955982, 0.02169869807811531, 0.026038437693738377, 0.03037817730936144, 0.034097954122752634, 0.040297582145071294, 0.04277743335399876, 0.048977061376317424, 0.05455672659640422, 0.059516429014259145, 0.4885306881587105, 0.49473031618102914, 0.5015499070055797, 1.0]",4.0,2.0,2.0,2.0,2.0,2,-13.61076,8.0,-12.0,hrl_dqn_apf,hierarchical,dqn,-24.251,9.680,1.603,0.00,0.00,0.00,-8.418,9.516,-12.294,0.00,0.00,0.00,-13.966,7.794,5.484,0.00,0.00,0.00,3.000,3.000,3.000
2026-02-04 17:39:25,878.19,26,379,405,6.42%,193.97,1.61%,"[0, 5, 10, 15, 20, 25, 30, 35, 40, 45, 50, 55, 60, 65, 70, 75, 80, 85, 90, 95, 100]","[5, 3, 5, 6, 2, 5, 3, 6, 6, 8, 5, 11, 4, 10, 9, 8, 690, 13, 11, 803]","[0.0030998140111593306, 0.0049597024178549285, 0.008059516429014259, 0.011779293242405457, 0.013019218846869188, 0.016119032858028518, 0.017978921264724116, 0.02169869807811531, 0.02541847489150651, 0.03037817730936144, 0.03347799132052077, 0.040297582145071294, 0.04277743335399876, 0.048977061376317424, 0.05455672659640422, 0.059516429014259145, 0.48729076255424675, 0.495350278983261, 0.5021698698078115, 1.0]",4.0,2.0,2.0,2.0,2.0,17,-13.77079,8.0,6.0,hrl_dqn_apf,hierarchical,dqn,-24.294,9.678,0.875,0.00,0.00,0.00,-8.221,9.533,-11.716,0.00,0.00,0.00,-14.009,7.792,6.209,0.00,0.00,0.00,3.000,3.000,3.000
2026-02-04 17:39:26,879.20,25,380,405,6.17%,193.99,1.55%,"[0, 5, 10, 15, 20, 25, 30, 35, 40, 45, 50, 55, 60, 65, 70, 75, 80, 85, 90, 95, 100]","[4, 3, 5, 6, 2, 5, 4, 6, 7, 6, 5, 12, 4, 10, 9, 8, 691, 11, 11, 804]","[0.0024798512089274642, 0.0043397396156230625, 0.007439553626782393, 0.011159330440173589, 0.012399256044637322, 0.015499070055796652, 0.017978921264724116, 0.02169869807811531, 0.026038437693738377, 0.029758214507129573, 0.0328580285182889, 0.040297582145071294, 0.04277743335399876, 0.048977061376317424, 0.05455672659640422, 0.059516429014259145, 0.4879107253564786, 0.49473031618102914, 0.5015499070055797, 1.0]",4.0,2.0,2.0,2.0,2.0,1,-19.93111,8.0,-12.0,hrl_dqn_apf,hierarchical,dqn,-24.306,9.675,0.125,0.00,0.00,0.00,-8.160,9.532,-11.008,0.00,0.00,0.00,-14.023,7.858,6.872,0.00,0.00,0.00,3.000,3.000,3.000
2026-02-04 17:39:27,880.20,24,379,403,5.96%,194.03,1.49%,"[0, 5, 10, 15, 20, 25, 30, 35, 40, 45, 50, 55, 60, 65, 70, 75, 80, 85, 90, 95, 100]","[2, 5, 4, 5, 4, 4, 6, 5, 7, 5, 6, 12, 3, 9, 12, 7, 691, 12, 11, 803]","[0.0012399256044637321, 0.0043397396156230625, 0.006819590824550527, 0.009919404835709857, 0.012399256044637322, 0.014879107253564786, 0.018598884066955982, 0.02169869807811531, 0.026038437693738377, 0.029138251704897707, 0.0328580285182889, 0.040297582145071294, 0.04215747055176689, 0.04773713577185369, 0.05517668939863608, 0.059516429014259145, 0.4879107253564786, 0.495350278983261, 0.5021698698078115, 1.0]",4.0,2.0,2.0,2.0,2.0,1,-19.93111,8.0,-12.0,hrl_dqn_apf,hierarchical,dqn,-23.961,9.754,-1.072,0.00,0.00,0.00,-8.135,9.526,-9.482,0.00,0.00,0.00,-14.029,7.970,6.187,0.00,0.00,0.00,3.000,3.000,3.000
2026-02-04 17:39:28,881.20,23,376,399,5.76%,194.05,1.43%,"[0, 5, 10, 15, 20, 25, 30, 35, 40, 45, 50, 55, 60, 65, 70, 75, 80, 85, 90, 95, 100]","[2, 4, 3, 5, 6, 3, 6, 6, 6, 7, 6, 11, 4, 9, 12, 7, 691, 13, 10, 802]","[0.0012399256044637321, 0.0037197768133911966, 0.005579665220086794, 0.008679479231246125, 0.012399256044637322, 0.01425914445133292, 0.017978921264724116, 0.02169869807811531, 0.02541847489150651, 0.029758214507129573, 0.03347799132052077, 0.040297582145071294, 0.04277743335399876, 0.04835709857408556, 0.05579665220086795, 0.06013639181649101, 0.4885306881587105, 0.49659020458772474, 0.5027898326100434, 1.0]",4.0,2.0,2.0,2.0,2.0,3,-8.09136,8.0,-12.0,hrl_dqn_apf,hierarchical,dqn,-23.325,9.761,-1.209,0.00,0.00,0.00,-8.134,9.523,-8.720,0.00,0.00,0.00,-14.029,7.968,5.477,0.00,0.00,0.00,3.000,3.000,3.000
2026-02-04 17:39:29,882.20,22,379,401,5.49%,194.14,1.36%,"[0, 5, 10, 15, 20, 25, 30, 35, 40, 45, 50, 55, 60, 65, 70, 75, 80, 85, 90, 95, 100]","[1, 6, 3, 5, 6, 1, 8, 3, 8, 8, 5, 12, 4, 8, 13, 7, 690, 13, 9, 803]","[0.0006199628022318661, 0.0043397396156230625, 0.006199628022318661, 0.009299442033477991, 0.013019218846869188, 0.013639181649101054, 0.018598884066955982, 0.02045877247365158, 0.02541847489150651, 0.03037817730936144, 0.03347799132052077, 0.04091754494730316, 0.04339739615623062, 0.04835709857408556, 0.056416615003099815, 0.06075635461872288, 0.4885306881587105, 0.49659020458772474, 0.5021698698078115, 1.0]",4.0,2.0,2.0,2.0,2.0,8,-8.25148,8.0,-6.0,hrl_dqn_apf,hierarchical,dqn,-22.600,9.759,-1.251,0.00,0.00,0.00,-8.131,9.551,-8.607,0.00,0.00,0.00,-14.028,7.965,4.731,0.00,0.00,0.00,3.000,3.000,3.000
2026-02-04 17:39:30,883.20,22,377,399,5.51%,194.25,1.36%,"[0, 5, 10, 15, 20, 25, 30, 35, 40, 45, 50, 55, 60, 65, 70, 75, 80, 85, 90, 95, 100]","[3, 4, 3, 5, 6, 1, 6, 4, 9, 7, 6, 11, 5, 9, 12, 7, 691, 13, 9, 802]","[0.0018598884066955983, 0.0043397396156230625, 0.006199628022318661, 0.009299442033477991, 0.013019218846869188, 0.013639181649101054, 0.01735895846249225, 0.019838809671419714, 0.02541847489150651, 0.029758214507129573, 0.03347799132052077, 0.040297582145071294, 0.04339739615623062, 0.048977061376317424, 0.056416615003099815, 0.06075635461872288, 0.48915065096094235, 0.4972101673899566, 0.5027898326100434, 1.0]",4.0,2.0,2.0,2.0,2.0,8,-8.25148,8.0,-6.0,hrl_dqn_apf,hierarchical,dqn,-21.846,9.756,-1.264,0.00,0.00,0.00,-8.131,9.608,-8.611,0.00,0.00,0.00,-14.027,7.961,3.971,0.00,0.00,0.00,3.000,3.000,3.000
2026-02-04 17:39:31,884.21,23,372,395,5.82%,194.53,1.43%,"[0, 5, 10, 15, 20, 25, 30, 35, 40, 45, 50, 55, 60, 65, 70, 75, 80, 85, 90, 95, 100]","[5, 3, 3, 4, 5, 3, 4, 5, 8, 7, 5, 11, 6, 8, 13, 7, 691, 11, 11, 803]","[0.0030998140111593306, 0.0049597024178549285, 0.006819590824550527, 0.009299442033477991, 0.012399256044637322, 0.01425914445133292, 0.016738995660260384, 0.019838809671419714, 0.024798512089274645, 0.029138251704897707, 0.032238065716057036, 0.03905765654060756, 0.04277743335399876, 0.04773713577185369, 0.05579665220086795, 0.06013639181649101, 0.4885306881587105, 0.495350278983261, 0.5021698698078115, 1.0]",4.0,2.0,2.0,2.0,2.0,0,-26.41186,8.0,-12.0,hrl_dqn_apf,hierarchical,dqn,-20.326,9.749,-1.268,0.00,0.00,0.00,-8.131,9.724,-8.597,0.00,0.00,0.00,-14.026,7.955,2.449,0.00,0.00,0.00,3.000,3.000,3.000
2026-02-04 17:39:32,885.21,23,372,395,5.82%,194.72,1.43%,"[0, 5, 10, 15, 20, 25, 30, 35, 40, 45, 50, 55, 60, 65, 70, 75, 80, 85, 90, 95, 100]","[5, 2, 4, 3, 5, 4, 3, 6, 7, 8, 3, 13, 5, 7, 12, 10, 691, 11, 11, 803]","[0.0030998140111593306, 0.0043397396156230625, 0.006819590824550527, 0.008679479231246125, 0.011779293242405457, 0.01425914445133292, 0.016119032858028518, 0.019838809671419714, 0.02417854928704278, 0.029138251704897707, 0.030998140111593304, 0.03905765654060756, 0.04215747055176689, 0.04649721016738995, 0.05393676379417235, 0.06013639181649101, 0.4885306881587105, 0.495350278983261, 0.5021698698078115, 1.0]",4.0,2.0,2.0,2.0,2.0,21,-20.5723,8.0,12.0,hrl_dqn_apf,hierarchical,dqn,-19.785,9.822,-1.043,0.00,0.00,0.00,-8.131,9.781,-8.604,0.00,0.00,0.00,-14.025,7.952,1.689,0.00,0.00,0.00,3.000,3.000,3.000
2026-02-04 17:39:33,886.21,23,368,391,5.88%,194.84,1.43%,"[0, 5, 10, 15, 20, 25, 30, 35, 40, 45, 50, 55, 60, 65, 70, 75, 80, 85, 90, 95, 100]","[5, 1, 4, 3, 4, 6, 3, 6, 7, 6, 5, 12, 5, 8, 12, 10, 691, 11, 11, 803]","[0.0030998140111593306, 0.0037197768133911966, 0.006199628022318661, 0.008059516429014259, 0.010539367637941723, 0.01425914445133292, 0.016119032858028518, 0.019838809671419714, 0.02417854928704278, 0.027898326100433975, 0.030998140111593304, 0.038437693738375696, 0.041537507749535026, 0.04649721016738995, 0.05393676379417235, 0.06013639181649101, 0.4885306881587105, 0.495350278983261, 0.5021698698078115, 1.0]",4.0,2.0,2.0,2.0,2.0,21,-20.5723,8.0,12.0,hrl_dqn_apf,hierarchical,dqn,-19.600,9.837,-0.456,0.00,0.00,0.00,-8.131,9.838,-8.607,0.00,0.00,0.00,-14.024,7.949,0.928,0.00,0.00,0.00,3.000,3.000,3.000
2026-02-04 17:39:34,887.21,24,367,391,6.14%,194.94,1.49%,"[0, 5, 10, 15, 20, 25, 30, 35, 40, 45, 50, 55, 60, 65, 70, 75, 80, 85, 90, 95, 100]","[6, 0, 5, 3, 4, 6, 2, 5, 5, 8, 6, 11, 6, 8, 12, 10, 691, 10, 12, 803]","[0.0037197768133911966, 0.0037197768133911966, 0.006819590824550527, 0.008679479231246125, 0.011159330440173589, 0.014879107253564786, 0.016119032858028518, 0.019218846869187848, 0.022318660880347178, 0.02727836329820211, 0.030998140111593304, 0.03781773093614383, 0.041537507749535026, 0.04649721016738995, 0.05393676379417235, 0.06013639181649101, 0.4885306881587105, 0.49473031618102914, 0.5021698698078115, 1.0]",4.0,2.0,2.0,2.0,2.0,6,-20.73223,8.0,-6.0,hrl_dqn_apf,hierarchical,dqn,-19.542,9.836,0.258,0.00,0.00,0.00,-8.167,9.886,-8.601,0.00,0.00,0.00,-14.024,7.946,0.165,0.00,0.00,0.00,3.000,3.000,3.000
2026-02-04 17:39:35,888.21,23,367,390,5.90%,195.09,1.43%,"[0, 5, 10, 15, 20, 25, 30, 35, 40, 45, 50, 55, 60, 65, 70, 75, 80, 85, 90, 95, 100]","[6, 1, 4, 2, 5, 5, 3, 6, 4, 8, 6, 10, 6, 10, 11, 10, 690, 11, 11, 804]","[0.0037197768133911966, 0.0043397396156230625, 0.006819590824550527, 0.008059516429014259, 0.011159330440173589, 0.01425914445133292, 0.016119032858028518, 0.019838809671419714, 0.022318660880347178, 0.02727836329820211, 0.030998140111593304, 0.037197768133911964, 0.04091754494730316, 0.047117172969621826, 0.05393676379417235, 0.06013639181649101, 0.4879107253564786, 0.49473031618102914, 0.5015499070055797, 1.0]",4.0,2.0,2.0,2.0,2.0,1,-20.89237,8.0,-12.0,hrl_dqn_apf,hierarchical,dqn,-19.520,9.830,1.765,0.00,0.00,0.00,-9.249,9.911,-8.601,0.00,0.00,0.00,-14.022,7.940,-1.359,0.00,0.00,0.00,3.000,3.000,3.000
2026-02-04 17:39:36,889.22,22,368,390,5.64%,195.15,1.36%,"[0, 5, 10, 15, 20, 25, 30, 35, 40, 45, 50, 55, 60, 65, 70, 75, 80, 85, 90, 95, 100]","[6, 2, 3, 3, 4, 4, 4, 5, 5, 8, 5, 11, 5, 10, 10, 11, 691, 11, 10, 805]","[0.0037197768133911966, 0.0049597024178549285, 0.006819590824550527, 0.008679479231246125, 0.011159330440173589, 0.013639181649101054, 0.016119032858028518, 0.019218846869187848, 0.022318660880347178, 0.02727836329820211, 0.03037817730936144, 0.037197768133911964, 0.040297582145071294, 0.04649721016738995, 0.05269683818970862, 0.059516429014259145, 0.4879107253564786, 0.49473031618102914, 0.5009299442033478, 1.0]",4.0,2.0,2.0,2.0,2.0,1,-20.89237,8.0,-12.0,hrl_dqn_apf,hierarchical,dqn,-19.519,9.827,2.528,0.00,0.00,0.00,-9.985,9.908,-8.600,0.00,0.00,0.00,-14.021,7.937,-2.122,0.00,0.00,0.00,3.000,3.000,3.000
2026-02-04 17:39:37,890.22,21,369,390,5.38%,195.24,1.30%,"[0, 5, 10, 15, 20, 25, 30, 35, 40, 45, 50, 55, 60, 65, 70, 75, 80, 85, 90, 95, 100]","[6, 2, 2, 4, 3, 4, 4, 5, 6, 7, 6, 9, 7, 9, 10, 9, 694, 11, 10, 805]","[0.0037197768133911966, 0.0049597024178549285, 0.006199628022318661, 0.008679479231246125, 0.010539367637941723, 0.013019218846869188, 0.015499070055796652, 0.018598884066955982, 0.022318660880347178, 0.026658400495970243, 0.03037817730936144, 0.03595784252944823, 0.040297582145071294, 0.04587724736515809, 0.052076875387476754, 0.05765654060756355, 0.4879107253564786, 0.49473031618102914, 0.5009299442033478, 1.0]",4.0,2.0,2.0,2.0,2.0,16,-21.05276,8.0,6.0,hrl_dqn_apf,hierarchical,dqn,-19.520,9.824,3.288,0.00,0.00,0.00,-10.738,9.905,-8.600,0.00,0.00,0.00,-14.021,7.934,-2.882,0.00,0.00,0.00,3.000,3.000,3.000
2026-02-04 17:39:38,891.22,22,366,388,5.67%,195.29,1.36%,"[0, 5, 10, 15, 20, 25, 30, 35, 40, 45, 50, 55, 60, 65, 70, 75, 80, 85, 90, 95, 100]","[6, 3, 1, 5, 3, 4, 4, 4, 6, 7, 4, 11, 6, 10, 9, 10, 694, 11, 11, 804]","[0.0037197768133911966, 0.005579665220086794, 0.006199628022318661, 0.009299442033477991, 0.011159330440173589, 0.013639181649101054, 0.016119032858028518, 0.018598884066955982, 0.022318660880347178, 0.026658400495970243, 0.029138251704897707, 0.03595784252944823, 0.03967761934283943, 0.04587724736515809, 0.05145691258524489, 0.05765654060756355, 0.4879107253564786, 0.49473031618102914, 0.5015499070055797, 1.0]",4.0,2.0,2.0,2.0,2.0,16,-21.05276,8.0,6.0,hrl_dqn_apf,hierarchical,dqn,-19.520,9.821,4.048,0.00,0.00,0.00,-11.497,9.902,-8.600,0.00,0.00,0.00,-14.020,7.931,-3.643,0.00,0.00,0.00,3.000,3.000,3.000
2026-02-04 17:39:39,892.22,22,366,388,5.67%,195.47,1.36%,"[0, 5, 10, 15, 20, 25, 30, 35, 40, 45, 50, 55, 60, 65, 70, 75, 80, 85, 90, 95, 100]","[7, 5, 0, 4, 3, 3, 4, 3, 7, 4, 7, 11, 6, 9, 11, 9, 694, 11, 10, 805]","[0.0043397396156230625, 0.007439553626782393, 0.007439553626782393, 0.009919404835709857, 0.011779293242405457, 0.013639181649101054, 0.016119032858028518, 0.017978921264724116, 0.022318660880347178, 0.024798512089274645, 0.029138251704897707, 0.03595784252944823, 0.03967761934283943, 0.04525728456292622, 0.052076875387476754, 0.05765654060756355, 0.4879107253564786, 0.49473031618102914, 0.5009299442033478, 1.0]",4.0,2.0,2.0,2.0,2.0,10,-27.13259,8.0,0.0,hrl_dqn_apf,hierarchical,dqn,-19.522,9.815,5.572,0.00,0.00,0.00,-13.020,9.896,-8.600,0.00,0.00,0.00,-14.018,7.925,-5.167,0.00,0.00,0.00,3.000,3.000,3.000
2026-02-04 17:39:40,893.23,23,365,388,5.93%,195.58,1.43%,"[0, 5, 10, 15, 20, 25, 30, 35, 40, 45, 50, 55, 60, 65, 70, 75, 80, 85, 90, 95, 100]","[7, 5, 1, 4, 3, 3, 3, 4, 7, 4, 5, 12, 6, 9, 11, 9, 694, 11, 9, 806]","[0.0043397396156230625, 0.007439553626782393, 0.008059516429014259, 0.010539367637941723, 0.012399256044637322, 0.01425914445133292, 0.016119032858028518, 0.018598884066955982, 0.022938623682579044, 0.02541847489150651, 0.02851828890266584, 0.03595784252944823, 0.03967761934283943, 0.04525728456292622, 0.052076875387476754, 0.05765654060756355, 0.4879107253564786, 0.49473031618102914, 0.5003099814011159, 1.0]",4.0,2.0,2.0,2.0,2.0,3,-9.29294,8.0,-12.0,hrl_dqn_apf,hierarchical,dqn,-19.745,9.887,6.116,0.00,0.00,0.00,-13.783,9.893,-8.600,0.00,0.00,0.00,-14.018,7.922,-5.930,0.00,0.00,0.00,3.000,3.000,3.000
2026-02-04 17:39:41,894.23,22,364,386,5.70%,195.66,1.36%,"[0, 5, 10, 15, 20, 25, 30, 35, 40, 45, 50, 55, 60, 65, 70, 75, 80, 85, 90, 95, 100]","[6, 5, 2, 3, 3, 3, 4, 4, 6, 5, 5, 12, 4, 9, 12, 9, 694, 11, 10, 806]","[0.0037197768133911966, 0.006819590824550527, 0.008059516429014259, 0.009919404835709857, 0.011779293242405457, 0.013639181649101054, 0.016119032858028518, 0.018598884066955982, 0.022318660880347178, 0.02541847489150651, 0.02851828890266584, 0.03595784252944823, 0.038437693738375696, 0.04401735895846249, 0.05145691258524489, 0.05703657780533168, 0.48729076255424675, 0.4941103533787973, 0.5003099814011159, 1.0]",4.0,2.0,2.0,2.0,2.0,3,-9.29294,8.0,-12.0,hrl_dqn_apf,hierarchical,dqn,-20.091,9.981,6.299,0.00,0.00,0.00,-14.425,10.112,-8.713,0.00,0.00,0.00,-14.027,7.871,-6.460,0.00,0.00,0.00,3.000,3.000,3.000
2026-02-04 17:39:42,895.23,23,359,382,6.02%,195.72,1.43%,"[0, 5, 10, 15, 20, 25, 30, 35, 40, 45, 50, 55, 60, 65, 70, 75, 80, 85, 90, 95, 100]","[6, 5, 2, 3, 4, 3, 3, 4, 7, 6, 5, 11, 4, 10, 11, 9, 694, 12, 10, 804]","[0.0037197768133911966, 0.006819590824550527, 0.008059516429014259, 0.009919404835709857, 0.012399256044637322, 0.01425914445133292, 0.016119032858028518, 0.018598884066955982, 0.022938623682579044, 0.026658400495970243, 0.029758214507129573, 0.0365778053316801, 0.03905765654060756, 0.04525728456292622, 0.052076875387476754, 0.05765654060756355, 0.4879107253564786, 0.495350278983261, 0.5015499070055797, 1.0]",4.0,2.0,2.0,2.0,2.0,23,-9.45328,8.0,12.0,hrl_dqn_apf,hierarchical,dqn,-19.761,10.029,6.354,0.00,0.00,0.00,-14.643,10.404,-9.230,0.00,0.00,0.00,-14.061,7.671,-6.193,0.00,0.00,0.00,3.000,3.000,3.000
2026-02-04 17:39:43,896.23,23,359,382,6.02%,195.95,1.43%,"[0, 5, 10, 15, 20, 25, 30, 35, 40, 45, 50, 55, 60, 65, 70, 75, 80, 85, 90, 95, 100]","[6, 5, 4, 1, 4, 3, 3, 4, 6, 7, 3, 11, 5, 10, 11, 8, 694, 14, 10, 804]","[0.0037197768133911966, 0.006819590824550527, 0.009299442033477991, 0.009919404835709857, 0.012399256044637322, 0.01425914445133292, 0.016119032858028518, 0.018598884066955982, 0.022318660880347178, 0.026658400495970243, 0.02851828890266584, 0.035337879727216366, 0.038437693738375696, 0.044637321760694355, 0.05145691258524489, 0.056416615003099815, 0.4866707997520149, 0.495350278983261, 0.5015499070055797, 1.0]",4.0,2.0,2.0,2.0,2.0,7,-15.77344,8.0,-6.0,hrl_dqn_apf,hierarchical,dqn,-18.721,9.559,6.378,0.00,0.00,0.00,-14.915,10.954,-10.668,0.00,0.00,0.00,-13.890,7.121,-4.853,0.00,0.00,0.00,3.000,3.000,3.000
2026-02-04 17:39:44,897.23,23,353,376,6.12%,196.04,1.43%,"[0, 5, 10, 15, 20, 25, 30, 35, 40, 45, 50, 55, 60, 65, 70, 75, 80, 85, 90, 95, 100]","[5, 6, 4, 0, 4, 4, 2, 4, 5, 8, 3, 11, 6, 9, 11, 9, 693, 14, 10, 805]","[0.0030998140111593306, 0.006819590824550527, 0.009299442033477991, 0.009299442033477991, 0.011779293242405457, 0.01425914445133292, 0.015499070055796652, 0.017978921264724116, 0.021078735275883446, 0.026038437693738377, 0.027898326100433975, 0.0347179169249845, 0.038437693738375696, 0.04401735895846249, 0.05083694978301302, 0.056416615003099815, 0.486050836949783, 0.49473031618102914, 0.5009299442033478, 1.0]",4.0,2.0,2.0,2.0,2.0,7,-15.77344,8.0,-6.0,hrl_dqn_apf,hierarchical,dqn,-18.606,9.587,6.139,0.00,0.00,0.00,-15.023,10.624,-11.220,0.00,0.00,0.00,-14.034,7.200,-4.344,0.00,0.00,0.00,3.000,3.000,3.000
2026-02-04 17:39:45,898.24,22,356,378,5.82%,196.07,1.36%,"[0, 5, 10, 15, 20, 25, 30, 35, 40, 45, 50, 55, 60, 65, 70, 75, 80, 85, 90, 95, 100]","[6, 3, 5, 1, 4, 3, 3, 4, 6, 8, 2, 12, 5, 10, 11, 9, 693, 14, 10, 804]","[0.0037197768133911966, 0.005579665220086794, 0.008679479231246125, 0.009299442033477991, 0.011779293242405457, 0.013639181649101054, 0.015499070055796652, 0.017978921264724116, 0.02169869807811531, 0.026658400495970243, 0.027898326100433975, 0.035337879727216366, 0.038437693738375696, 0.044637321760694355, 0.05145691258524489, 0.05703657780533168, 0.4866707997520149, 0.495350278983261, 0.5015499070055797, 1.0]",4.0,2.0,2.0,2.0,2.0,11,-21.77367,8.0,0.0,hrl_dqn_apf,hierarchical,dqn,-18.570,9.600,5.545,0.00,0.00,0.00,-15.062,10.209,-11.413,0.00,0.00,0.00,-14.595,7.223,-4.170,0.00,0.00,0.00,3.000,3.000,3.000
2026-02-04 17:39:46,899.24,23,355,378,6.08%,196.11,1.43%,"[0, 5, 10, 15, 20, 25, 30, 35, 40, 45, 50, 55, 60, 65, 70, 75, 80, 85, 90, 95, 100]","[6, 5, 5, 1, 3, 3, 3, 5, 5, 7, 3, 10, 6, 8, 11, 10, 693, 14, 10, 805]","[0.0037197768133911966, 0.006819590824550527, 0.009919404835709857, 0.010539367637941723, 0.012399256044637322, 0.01425914445133292, 0.016119032858028518, 0.019218846869187848, 0.022318660880347178, 0.026658400495970243, 0.02851828890266584, 0.0347179169249845, 0.038437693738375696, 0.04339739615623062, 0.050216986980781156, 0.056416615003099815, 0.486050836949783, 0.49473031618102914, 0.5009299442033478, 1.0]",4.0,2.0,2.0,2.0,2.0,7,-15.93375,8.0,-6.0,hrl_dqn_apf,hierarchical,dqn,-18.559,9.601,4.828,0.00,0.00,0.00,-15.074,9.797,-11.473,0.00,0.00,0.00,-15.252,7.264,-4.168,0.00,0.00,0.00,3.000,3.000,3.000
2026-02-04 17:39:47,900.24,24,350,374,6.42%,196.26,1.49%,"[0, 5, 10, 15, 20, 25, 30, 35, 40, 45, 50, 55, 60, 65, 70, 75, 80, 85, 90, 95, 100]","[6, 4, 5, 3, 1, 5, 3, 3, 6, 7, 4, 9, 7, 7, 12, 10, 691, 14, 13, 803]","[0.0037197768133911966, 0.006199628022318661, 0.009299442033477991, 0.011159330440173589, 0.011779293242405457, 0.014879107253564786, 0.016738995660260384, 0.018598884066955982, 0.022318660880347178, 0.026658400495970243, 0.029138251704897707, 0.0347179169249845, 0.03905765654060756, 0.04339739615623062, 0.05083694978301302, 0.05703657780533168, 0.48543087414755115, 0.4941103533787973, 0.5021698698078115, 1.0]",4.0,2.0,2.0,2.0,2.0,7,-15.93375,8.0,-6.0,hrl_dqn_apf,hierarchical,dqn,-18.553,9.596,3.320,0.00,0.00,0.00,-15.079,9.517,-11.145,0.00,0.00,0.00,-15.654,7.429,-4.558,0.00,0.00,0.00,3.000,3.000,3.000
2026-02-04 17:39:48,901.24,24,350,374,6.42%,196.32,1.49%,"[0, 5, 10, 15, 20, 25, 30, 35, 40, 45, 50, 55, 60, 65, 70, 75, 80, 85, 90, 95, 100]","[5, 5, 5, 4, 1, 4, 3, 4, 6, 6, 5, 9, 4, 9, 12, 10, 691, 14, 13, 803]","[0.0030998140111593306, 0.006199628022318661, 0.009299442033477991, 0.011779293242405457, 0.012399256044637322, 0.014879107253564786, 0.016738995660260384, 0.019218846869187848, 0.022938623682579044, 0.026658400495970243, 0.029758214507129573, 0.035337879727216366, 0.03781773093614383, 0.04339739615623062, 0.05083694978301302, 0.05703657780533168, 0.48543087414755115, 0.4941103533787973, 0.5021698698078115, 1.0]",4.0,2.0,2.0,2.0,2.0,18,-10.094059999999999,8.0,6.0,hrl_dqn_apf,hierarchical,dqn,-18.553,9.594,2.561,0.00,0.00,0.00,-15.079,9.527,-10.511,0.00,0.00,0.00,-15.683,7.442,-4.025,0.00,0.00,0.00,3.000,3.000,3.000
2026-02-04 17:39:49,902.24,24,349,373,6.43%,196.40,1.49%,"[0, 5, 10, 15, 20, 25, 30, 35, 40, 45, 50, 55, 60, 65, 70, 75, 80, 85, 90, 95, 100]","[6, 3, 6, 4, 0, 5, 3, 4, 6, 4, 7, 7, 5, 10, 11, 11, 692, 13, 14, 802]","[0.0037197768133911966, 0.005579665220086794, 0.009299442033477991, 0.011779293242405457, 0.011779293242405457, 0.014879107253564786, 0.016738995660260384, 0.019218846869187848, 0.022938623682579044, 0.02541847489150651, 0.029758214507129573, 0.034097954122752634, 0.037197768133911964, 0.04339739615623062, 0.050216986980781156, 0.05703657780533168, 0.486050836949783, 0.4941103533787973, 0.5027898326100434, 1.0]",4.0,2.0,2.0,2.0,2.0,10,-28.25437,8.0,0.0,hrl_dqn_apf,hierarchical,dqn,-18.680,9.653,1.924,0.00,0.00,0.00,-15.079,9.527,-9.783,0.00,0.00,0.00,-15.693,7.441,-3.326,0.00,0.00,0.00,3.000,3.000,3.000
2026-02-04 17:39:50,903.25,24,349,373,6.43%,196.45,1.49%,"[0, 5, 10, 15, 20, 25, 30, 35, 40, 45, 50, 55, 60, 65, 70, 75, 80, 85, 90, 95, 100]","[6, 4, 4, 5, 1, 4, 4, 4, 5, 5, 6, 8, 5, 9, 12, 10, 692, 13, 13, 803]","[0.0037197768133911966, 0.006199628022318661, 0.008679479231246125, 0.011779293242405457, 0.012399256044637322, 0.014879107253564786, 0.01735895846249225, 0.019838809671419714, 0.022938623682579044, 0.026038437693738377, 0.029758214507129573, 0.0347179169249845, 0.03781773093614383, 0.04339739615623062, 0.05083694978301302, 0.05703657780533168, 0.486050836949783, 0.4941103533787973, 0.5021698698078115, 1.0]",4.0,2.0,2.0,2.0,2.0,10,-28.25437,8.0,0.0,hrl_dqn_apf,hierarchical,dqn,-19.209,9.680,1.682,0.00,0.00,0.00,-15.035,9.562,-9.077,0.00,0.00,0.00,-15.696,7.438,-2.583,0.00,0.00,0.00,3.000,3.000,3.000
2026-02-04 17:39:51,904.25,25,344,369,6.78%,196.65,1.55%,"[0, 5, 10, 15, 20, 25, 30, 35, 40, 45, 50, 55, 60, 65, 70, 75, 80, 85, 90, 95, 100]","[7, 4, 4, 5, 2, 3, 4, 4, 5, 5, 4, 9, 4, 9, 11, 11, 693, 12, 13, 804]","[0.0043397396156230625, 0.006819590824550527, 0.009299442033477991, 0.012399256044637322, 0.013639181649101054, 0.015499070055796652, 0.017978921264724116, 0.02045877247365158, 0.023558586484810913, 0.026658400495970243, 0.029138251704897707, 0.0347179169249845, 0.037197768133911964, 0.04277743335399876, 0.04959702417854929, 0.056416615003099815, 0.486050836949783, 0.4934903905765654, 0.5015499070055797, 1.0]",4.0,2.0,2.0,2.0,2.0,3,-10.414380000000001,8.0,-12.0,hrl_dqn_apf,hierarchical,dqn,-20.649,9.677,1.583,0.00,0.00,0.00,-13.931,9.614,-8.642,0.00,0.00,0.00,-15.698,7.431,-1.065,0.00,0.00,0.00,3.000,3.000,3.000
2026-02-04 17:39:52,905.25,24,345,369,6.50%,196.72,1.49%,"[0, 5, 10, 15, 20, 25, 30, 35, 40, 45, 50, 55, 60, 65, 70, 75, 80, 85, 90, 95, 100]","[8, 4, 3, 5, 2, 2, 5, 4, 4, 7, 3, 10, 3, 10, 9, 13, 693, 10, 11, 807]","[0.0049597024178549285, 0.007439553626782393, 0.009299442033477991, 0.012399256044637322, 0.013639181649101054, 0.014879107253564786, 0.017978921264724116, 0.02045877247365158, 0.022938623682579044, 0.02727836329820211, 0.029138251704897707, 0.035337879727216366, 0.037197768133911964, 0.04339739615623062, 0.048977061376317424, 0.05703657780533168, 0.4866707997520149, 0.49287042777433354, 0.49969001859888407, 1.0]",4.0,2.0,2.0,2.0,2.0,8,-10.57461,8.0,-6.0,hrl_dqn_apf,hierarchical,dqn,-21.405,9.674,1.576,0.00,0.00,0.00,-13.196,9.612,-8.610,0.00,0.00,0.00,-15.471,7.505,-0.529,0.00,0.00,0.00,3.000,3.000,3.000
2026-02-04 17:39:53,906.25,23,346,369,6.23%,196.80,1.43%,"[0, 5, 10, 15, 20, 25, 30, 35, 40, 45, 50, 55, 60, 65, 70, 75, 80, 85, 90, 95, 100]","[7, 3, 3, 5, 4, 1, 4, 5, 5, 7, 3, 10, 3, 8, 11, 12, 694, 10, 11, 807]","[0.0043397396156230625, 0.006199628022318661, 0.008059516429014259, 0.011159330440173589, 0.013639181649101054, 0.01425914445133292, 0.016738995660260384, 0.019838809671419714, 0.022938623682579044, 0.02727836329820211, 0.029138251704897707, 0.035337879727216366, 0.037197768133911964, 0.04215747055176689, 0.048977061376317424, 0.056416615003099815, 0.4866707997520149, 0.49287042777433354, 0.49969001859888407, 1.0]",4.0,2.0,2.0,2.0,2.0,8,-10.57461,8.0,-6.0,hrl_dqn_apf,hierarchical,dqn,-22.042,9.733,1.446,0.00,0.00,0.00,-12.555,9.669,-8.716,0.00,0.00,0.00,-15.001,7.582,-0.474,0.00,0.00,0.00,3.000,3.000,3.000
2026-02-04 17:39:54,907.26,23,346,369,6.23%,196.84,1.43%,"[0, 5, 10, 15, 20, 25, 30, 35, 40, 45, 50, 55, 60, 65, 70, 75, 80, 85, 90, 95, 100]","[7, 5, 3, 4, 4, 0, 5, 4, 5, 7, 2, 11, 1, 9, 13, 11, 696, 10, 11, 805]","[0.0043397396156230625, 0.007439553626782393, 0.009299442033477991, 0.011779293242405457, 0.01425914445133292, 0.01425914445133292, 0.01735895846249225, 0.019838809671419714, 0.022938623682579044, 0.02727836329820211, 0.02851828890266584, 0.035337879727216366, 0.03595784252944823, 0.041537507749535026, 0.04959702417854929, 0.056416615003099815, 0.4879107253564786, 0.4941103533787973, 0.5009299442033478, 1.0]",4.0,2.0,2.0,2.0,2.0,1,-22.73519,8.0,-12.0,hrl_dqn_apf,hierarchical,dqn,-22.284,9.760,0.921,0.00,0.00,0.00,-12.306,9.699,-9.229,0.00,0.00,0.00,-14.806,7.612,-0.943,0.00,0.00,0.00,3.000,3.000,3.000
2026-02-04 17:39:55,908.26,23,342,365,6.30%,197.09,1.43%,"[0, 5, 10, 15, 20, 25, 30, 35, 40, 45, 50, 55, 60, 65, 70, 75, 80, 85, 90, 95, 100]","[6, 5, 3, 3, 5, 1, 4, 3, 7, 6, 2, 11, 2, 8, 13, 10, 696, 12, 10, 806]","[0.0037197768133911966, 0.006819590824550527, 0.008679479231246125, 0.010539367637941723, 0.013639181649101054, 0.01425914445133292, 0.016738995660260384, 0.018598884066955982, 0.022938623682579044, 0.026658400495970243, 0.027898326100433975, 0.0347179169249845, 0.03595784252944823, 0.04091754494730316, 0.048977061376317424, 0.05517668939863608, 0.4866707997520149, 0.4941103533787973, 0.5003099814011159, 1.0]",4.0,2.0,2.0,2.0,2.0,13,-10.81504,8.0,0.0,hrl_dqn_apf,hierarchical,dqn,-22.383,9.757,-0.518,0.00,0.00,0.00,-12.204,9.853,-9.986,0.00,0.00,0.00,-14.724,7.609,-2.363,0.00,0.00,0.00,3.000,3.000,3.000
2026-02-04 17:39:56,909.26,24,341,365,6.58%,197.20,1.49%,"[0, 5, 10, 15, 20, 25, 30, 35, 40, 45, 50, 55, 60, 65, 70, 75, 80, 85, 90, 95, 100]","[7, 4, 3, 4, 4, 2, 3, 4, 6, 6, 3, 10, 3, 8, 11, 12, 694, 13, 9, 807]","[0.0043397396156230625, 0.006819590824550527, 0.008679479231246125, 0.011159330440173589, 0.013639181649101054, 0.014879107253564786, 0.016738995660260384, 0.019218846869187848, 0.022938623682579044, 0.026658400495970243, 0.02851828890266584, 0.0347179169249845, 0.0365778053316801, 0.041537507749535026, 0.04835709857408556, 0.05579665220086795, 0.486050836949783, 0.4941103533787973, 0.49969001859888407, 1.0]",4.0,2.0,2.0,2.0,2.0,13,-10.81504,8.0,0.0,hrl_dqn_apf,hierarchical,dqn,-22.390,9.754,-1.276,0.00,0.00,0.00,-12.197,9.870,-9.484,0.00,0.00,0.00,-14.490,7.680,-2.896,0.00,0.00,0.00,3.000,3.000,3.000
2026-02-04 17:39:57,910.26,24,339,363,6.61%,197.31,1.49%,"[0, 5, 10, 15, 20, 25, 30, 35, 40, 45, 50, 55, 60, 65, 70, 75, 80, 85, 90, 95, 100]","[8, 6, 3, 1, 4, 2, 2, 5, 6, 5, 4, 9, 4, 7, 12, 10, 696, 13, 7, 809]","[0.0049597024178549285, 0.008679479231246125, 0.010539367637941723, 0.011159330440173589, 0.013639181649101054, 0.014879107253564786, 0.016119032858028518, 0.019218846869187848, 0.022938623682579044, 0.026038437693738377, 0.02851828890266584, 0.034097954122752634, 0.0365778053316801, 0.04091754494730316, 0.04835709857408556, 0.05455672659640422, 0.486050836949783, 0.4941103533787973, 0.49845009299442034, 1.0]",4.0,2.0,2.0,2.0,2.0,9,-4.975300000000001,8.0,-6.0,hrl_dqn_apf,hierarchical,dqn,-22.392,9.751,-2.055,0.00,0.00,0.00,-12.194,9.868,-8.778,0.00,0.00,0.00,-13.882,7.694,-3.080,0.00,0.00,0.00,3.000,3.000,3.000
2026-02-04 17:39:58,911.26,24,337,361,6.65%,197.40,1.49%,"[0, 5, 10, 15, 20, 25, 30, 35, 40, 45, 50, 55, 60, 65, 70, 75, 80, 85, 90, 95, 100]","[8, 5, 2, 3, 3, 3, 1, 5, 6, 5, 5, 9, 4, 7, 10, 12, 696, 11, 9, 809]","[0.0049597024178549285, 0.008059516429014259, 0.009299442033477991, 0.011159330440173589, 0.013019218846869188, 0.014879107253564786, 0.015499070055796652, 0.018598884066955982, 0.022318660880347178, 0.02541847489150651, 0.02851828890266584, 0.034097954122752634, 0.0365778053316801, 0.04091754494730316, 0.047117172969621826, 0.05455672659640422, 0.486050836949783, 0.49287042777433354, 0.49845009299442034, 1.0]",4.0,2.0,2.0,2.0,2.0,21,-23.13563,8.0,12.0,hrl_dqn_apf,hierarchical,dqn,-22.392,9.832,-2.699,0.00,0.00,0.00,-12.194,9.865,-8.034,0.00,0.00,0.00,-13.165,7.692,-3.134,0.00,0.00,0.00,3.000,3.000,3.000
2026-02-04 17:39:59,912.26,28,329,357,7.84%,197.49,1.74%,"[0, 5, 10, 15, 20, 25, 30, 35, 40, 45, 50, 55, 60, 65, 70, 75, 80, 85, 90, 95, 100]","[10, 4, 4, 2, 2, 6, 0, 5, 5, 5, 3, 8, 5, 6, 11, 12, 696, 11, 10, 808]","[0.006199628022318661, 0.008679479231246125, 0.011159330440173589, 0.012399256044637322, 0.013639181649101054, 0.01735895846249225, 0.01735895846249225, 0.02045877247365158, 0.023558586484810913, 0.026658400495970243, 0.02851828890266584, 0.03347799132052077, 0.0365778053316801, 0.040297582145071294, 0.047117172969621826, 0.05455672659640422, 0.486050836949783, 0.49287042777433354, 0.4990700557966522, 1.0]",4.0,2.0,2.0,2.0,2.0,21,-23.13563,8.0,12.0,hrl_dqn_apf,hierarchical,dqn,-22.392,9.931,-1.972,0.00,0.00,0.00,-12.194,9.859,-6.520,0.00,0.00,0.00,-11.660,7.685,-3.155,0.00,0.00,0.00,3.000,3.000,3.000
2026-02-04 17:40:00,913.27,27,328,355,7.61%,197.58,1.67%,"[0, 5, 10, 15, 20, 25, 30, 35, 40, 45, 50, 55, 60, 65, 70, 75, 80, 85, 90, 95, 100]","[10, 4, 4, 3, 1, 5, 1, 5, 5, 5, 3, 8, 5, 6, 10, 13, 696, 11, 10, 808]","[0.006199628022318661, 0.008679479231246125, 0.011159330440173589, 0.013019218846869188, 0.013639181649101054, 0.016738995660260384, 0.01735895846249225, 0.02045877247365158, 0.023558586484810913, 0.026658400495970243, 0.02851828890266584, 0.03347799132052077, 0.0365778053316801, 0.040297582145071294, 0.04649721016738995, 0.05455672659640422, 0.486050836949783, 0.49287042777433354, 0.4990700557966522, 1.0]",4.0,2.0,2.0,2.0,2.0,21,-23.29568,8.0,12.0,hrl_dqn_apf,hierarchical,dqn,-22.393,9.929,-1.262,0.00,0.00,0.00,-12.181,10.185,-6.217,0.00,0.00,0.00,-11.142,7.577,-2.922,0.00,0.00,0.00,3.000,3.000,3.000
2026-02-04 17:40:01,914.27,26,327,353,7.37%,197.68,1.61%,"[0, 5, 10, 15, 20, 25, 30, 35, 40, 45, 50, 55, 60, 65, 70, 75, 80, 85, 90, 95, 100]","[10, 4, 4, 3, 1, 4, 2, 4, 6, 4, 4, 8, 4, 7, 10, 12, 695, 11, 12, 808]","[0.006199628022318661, 0.008679479231246125, 0.011159330440173589, 0.013019218846869188, 0.013639181649101054, 0.016119032858028518, 0.01735895846249225, 0.019838809671419714, 0.023558586484810913, 0.026038437693738377, 0.02851828890266584, 0.03347799132052077, 0.03595784252944823, 0.040297582145071294, 0.04649721016738995, 0.05393676379417235, 0.4848109113453193, 0.4916305021698698, 0.4990700557966522, 1.0]",4.0,2.0,2.0,2.0,2.0,20,-29.45573,8.0,12.0,hrl_dqn_apf,hierarchical,dqn,-22.393,9.926,-0.516,0.00,0.00,0.00,-12.191,10.449,-6.623,0.00,0.00,0.00,-10.947,7.356,-2.340,0.00,0.00,0.00,3.000,3.000,3.000
2026-02-04 17:40:02,915.27,27,326,353,7.65%,197.74,1.67%,"[0, 5, 10, 15, 20, 25, 30, 35, 40, 45, 50, 55, 60, 65, 70, 75, 80, 85, 90, 95, 100]","[9, 3, 7, 3, 1, 4, 2, 3, 7, 4, 4, 9, 3, 8, 9, 12, 695, 12, 11, 807]","[0.005579665220086794, 0.007439553626782393, 0.011779293242405457, 0.013639181649101054, 0.01425914445133292, 0.016738995660260384, 0.017978921264724116, 0.019838809671419714, 0.02417854928704278, 0.026658400495970243, 0.029138251704897707, 0.0347179169249845, 0.0365778053316801, 0.041537507749535026, 0.047117172969621826, 0.05455672659640422, 0.48543087414755115, 0.49287042777433354, 0.49969001859888407, 1.0]",4.0,2.0,2.0,2.0,2.0,20,-29.45573,8.0,12.0,hrl_dqn_apf,hierarchical,dqn,-22.394,9.923,0.264,0.00,0.00,0.00,-12.329,10.421,-7.239,0.00,0.00,0.00,-10.819,7.278,-1.692,0.00,0.00,0.00,3.000,3.000,3.000
2026-02-04 17:40:03,916.27,26,326,352,7.39%,197.89,1.61%,"[0, 5, 10, 15, 20, 25, 30, 35, 40, 45, 50, 55, 60, 65, 70, 75, 80, 85, 90, 95, 100]","[7, 6, 5, 3, 2, 3, 4, 2, 8, 5, 3, 11, 2, 9, 8, 11, 696, 13, 9, 806]","[0.0043397396156230625, 0.008059516429014259, 0.011159330440173589, 0.013019218846869188, 0.01425914445133292, 0.016119032858028518, 0.018598884066955982, 0.019838809671419714, 0.024798512089274645, 0.027898326100433975, 0.029758214507129573, 0.0365778053316801, 0.03781773093614383, 0.04339739615623062, 0.04835709857408556, 0.05517668939863608, 0.4866707997520149, 0.49473031618102914, 0.5003099814011159, 1.0]",4.0,2.0,2.0,2.0,2.0,5,-29.61585,8.0,-6.0,hrl_dqn_apf,hierarchical,dqn,-22.775,10.002,1.409,0.00,0.00,0.00,-12.428,9.595,-7.621,0.00,0.00,0.00,-11.850,7.345,-1.324,0.00,0.00,0.00,3.000,3.000,3.000
2026-02-04 17:40:04,917.27,27,325,352,7.67%,198.02,1.67%,"[0, 5, 10, 15, 20, 25, 30, 35, 40, 45, 50, 55, 60, 65, 70, 75, 80, 85, 90, 95, 100]","[7, 7, 4, 4, 2, 3, 4, 1, 7, 6, 3, 10, 2, 9, 8, 12, 696, 13, 10, 805]","[0.0043397396156230625, 0.008679479231246125, 0.011159330440173589, 0.013639181649101054, 0.014879107253564786, 0.016738995660260384, 0.019218846869187848, 0.019838809671419714, 0.02417854928704278, 0.027898326100433975, 0.029758214507129573, 0.03595784252944823, 0.037197768133911964, 0.04277743335399876, 0.04773713577185369, 0.05517668939863608, 0.4866707997520149, 0.49473031618102914, 0.5009299442033478, 1.0]",4.0,2.0,2.0,2.0,2.0,23,-11.77789,8.0,12.0,hrl_dqn_apf,hierarchical,dqn,-23.418,10.008,1.538,0.00,0.00,0.00,-12.436,9.188,-7.650,0.00,0.00,0.00,-12.580,7.344,-1.297,0.00,0.00,0.00,3.000,3.000,3.000
2026-02-04 17:40:05,918.28,27,325,352,7.67%,198.10,1.67%,"[0, 5, 10, 15, 20, 25, 30, 35, 40, 45, 50, 55, 60, 65, 70, 75, 80, 85, 90, 95, 100]","[7, 8, 5, 3, 3, 1, 5, 2, 7, 6, 3, 10, 2, 9, 8, 9, 697, 13, 9, 806]","[0.0043397396156230625, 0.009299442033477991, 0.012399256044637322, 0.01425914445133292, 0.016119032858028518, 0.016738995660260384, 0.019838809671419714, 0.021078735275883446, 0.02541847489150651, 0.029138251704897707, 0.030998140111593304, 0.037197768133911964, 0.038437693738375696, 0.04401735895846249, 0.048977061376317424, 0.05455672659640422, 0.4866707997520149, 0.49473031618102914, 0.5003099814011159, 1.0]",4.0,2.0,2.0,2.0,2.0,23,-11.77789,8.0,12.0,hrl_dqn_apf,hierarchical,dqn,-24.015,9.723,1.580,0.00,0.00,0.00,-12.438,9.110,-7.521,0.00,0.00,0.00,-13.335,7.341,-1.289,0.00,0.00,0.00,3.000,3.000,3.000
2026-02-04 17:40:06,919.28,27,326,353,7.65%,198.27,1.67%,"[0, 5, 10, 15, 20, 25, 30, 35, 40, 45, 50, 55, 60, 65, 70, 75, 80, 85, 90, 95, 100]","[9, 7, 3, 4, 3, 1, 4, 3, 6, 7, 2, 11, 2, 8, 9, 9, 697, 11, 9, 808]","[0.005579665220086794, 0.009919404835709857, 0.011779293242405457, 0.01425914445133292, 0.016119032858028518, 0.016738995660260384, 0.019218846869187848, 0.021078735275883446, 0.024798512089274645, 0.029138251704897707, 0.03037817730936144, 0.037197768133911964, 0.038437693738375696, 0.04339739615623062, 0.048977061376317424, 0.05455672659640422, 0.4866707997520149, 0.4934903905765654, 0.4990700557966522, 1.0]",4.0,2.0,2.0,2.0,2.0,1,-23.862,8.0,-12.0,hrl_dqn_apf,hierarchical,dqn,-24.235,9.548,1.525,0.00,0.00,0.00,-12.438,9.134,-6.985,0.00,0.00,0.00,-14.035,7.382,-1.349,0.00,0.00,0.00,3.000,3.000,3.000
2026-02-04 17:40:07,920.28,28,327,355,7.89%,198.56,1.74%,"[0, 5, 10, 15, 20, 25, 30, 35, 40, 45, 50, 55, 60, 65, 70, 75, 80, 85, 90, 95, 100]","[9, 5, 4, 5, 3, 2, 3, 4, 4, 8, 3, 8, 4, 7, 10, 8, 695, 12, 11, 808]","[0.005579665220086794, 0.008679479231246125, 0.011159330440173589, 0.01425914445133292, 0.016119032858028518, 0.01735895846249225, 0.019218846869187848, 0.02169869807811531, 0.02417854928704278, 0.029138251704897707, 0.030998140111593304, 0.03595784252944823, 0.038437693738375696, 0.04277743335399876, 0.048977061376317424, 0.05393676379417235, 0.4848109113453193, 0.4922504649721017, 0.4990700557966522, 1.0]",4.0,2.0,2.0,2.0,2.0,1,-23.862,8.0,-12.0,hrl_dqn_apf,hierarchical,dqn,-24.317,9.584,0.382,0.00,0.00,0.00,-12.439,9.136,-5.543,0.00,0.00,0.00,-14.440,7.428,-2.487,0.00,0.00,0.00,3.000,3.000,3.000
2026-02-04 17:40:08,921.28,27,330,357,7.56%,198.59,1.67%,"[0, 5, 10, 15, 20, 25, 30, 35, 40, 45, 50, 55, 60, 65, 70, 75, 80, 85, 90, 95, 100]","[10, 4, 3, 5, 3, 2, 3, 5, 4, 8, 3, 9, 5, 6, 11, 8, 694, 13, 11, 806]","[0.006199628022318661, 0.008679479231246125, 0.010539367637941723, 0.013639181649101054, 0.015499070055796652, 0.016738995660260384, 0.018598884066955982, 0.02169869807811531, 0.02417854928704278, 0.029138251704897707, 0.030998140111593304, 0.0365778053316801, 0.03967761934283943, 0.04339739615623062, 0.050216986980781156, 0.05517668939863608, 0.48543087414755115, 0.4934903905765654, 0.5003099814011159, 1.0]",4.0,2.0,2.0,2.0,2.0,8,-11.54148,8.0,-6.0,hrl_dqn_apf,hierarchical,dqn,-24.323,9.583,-0.356,0.00,0.00,0.00,-12.439,9.134,-4.787,0.00,0.00,0.00,-14.470,7.425,-3.224,0.00,0.00,0.00,3.000,3.000,3.000
2026-02-04 17:40:09,922.29,29,328,357,8.12%,198.67,1.80%,"[0, 5, 10, 15, 20, 25, 30, 35, 40, 45, 50, 55, 60, 65, 70, 75, 80, 85, 90, 95, 100]","[11, 3, 5, 4, 4, 2, 4, 5, 3, 8, 3, 8, 5, 5, 12, 7, 694, 13, 10, 807]","[0.006819590824550527, 0.008679479231246125, 0.011779293242405457, 0.01425914445133292, 0.016738995660260384, 0.017978921264724116, 0.02045877247365158, 0.023558586484810913, 0.02541847489150651, 0.03037817730936144, 0.032238065716057036, 0.037197768133911964, 0.040297582145071294, 0.04339739615623062, 0.05083694978301302, 0.05517668939863608, 0.48543087414755115, 0.4934903905765654, 0.49969001859888407, 1.0]",4.0,2.0,2.0,2.0,2.0,6,-23.54148,8.0,-6.0,hrl_dqn_apf,hierarchical,dqn,-24.324,9.581,-1.113,0.00,0.00,0.00,-12.331,9.392,-4.242,0.00,0.00,0.00,-14.587,7.353,-3.759,0.00,0.00,0.00,3.000,3.000,3.000
2026-02-04 17:40:10,923.29,29,332,361,8.03%,198.80,1.80%,"[0, 5, 10, 15, 20, 25, 30, 35, 40, 45, 50, 55, 60, 65, 70, 75, 80, 85, 90, 95, 100]","[10, 4, 5, 4, 3, 3, 2, 6, 4, 7, 4, 8, 4, 6, 11, 8, 694, 12, 11, 807]","[0.006199628022318661, 0.008679479231246125, 0.011779293242405457, 0.01425914445133292, 0.016119032858028518, 0.017978921264724116, 0.019218846869187848, 0.022938623682579044, 0.02541847489150651, 0.029758214507129573, 0.032238065716057036, 0.037197768133911964, 0.03967761934283943, 0.04339739615623062, 0.050216986980781156, 0.05517668939863608, 0.48543087414755115, 0.49287042777433354, 0.49969001859888407, 1.0]",4.0,2.0,2.0,2.0,2.0,6,-23.54148,8.0,-6.0,hrl_dqn_apf,hierarchical,dqn,-24.264,9.621,-1.809,0.00,0.00,0.00,-11.898,9.680,-4.313,0.00,0.00,0.00,-15.024,7.142,-3.690,0.00,0.00,0.00,3.000,3.000,3.000
2026-02-04 17:40:11,924.29,30,335,365,8.22%,198.93,1.86%,"[0, 5, 10, 15, 20, 25, 30, 35, 40, 45, 50, 55, 60, 65, 70, 75, 80, 85, 90, 95, 100]","[10, 4, 5, 4, 4, 3, 1, 6, 5, 6, 4, 8, 4, 6, 10, 9, 693, 11, 11, 809]","[0.006199628022318661, 0.008679479231246125, 0.011779293242405457, 0.01425914445133292, 0.016738995660260384, 0.018598884066955982, 0.019218846869187848, 0.022938623682579044, 0.026038437693738377, 0.029758214507129573, 0.032238065716057036, 0.037197768133911964, 0.03967761934283943, 0.04339739615623062, 0.04959702417854929, 0.05517668939863608, 0.4848109113453193, 0.4916305021698698, 0.49845009299442034, 1.0]",4.0,2.0,2.0,2.0,2.0,18,-11.38092,8.0,6.0,hrl_dqn_apf,hierarchical,dqn,-23.109,9.667,-2.216,0.00,0.00,0.00,-10.525,10.196,-4.664,0.00,0.00,0.00,-16.398,6.628,-3.345,0.00,0.00,0.00,3.000,3.000,3.000
2026-02-04 17:40:12,925.29,30,335,365,8.22%,198.98,1.86%,"[0, 5, 10, 15, 20, 25, 30, 35, 40, 45, 50, 55, 60, 65, 70, 75, 80, 85, 90, 95, 100]","[9, 6, 3, 3, 6, 3, 1, 5, 6, 5, 4, 9, 2, 8, 9, 10, 692, 12, 10, 810]","[0.005579665220086794, 0.009299442033477991, 0.011159330440173589, 0.013019218846869188, 0.016738995660260384, 0.018598884066955982, 0.019218846869187848, 0.022318660880347178, 0.026038437693738377, 0.029138251704897707, 0.03161810291382517, 0.037197768133911964, 0.038437693738375696, 0.04339739615623062, 0.048977061376317424, 0.05517668939863608, 0.4841909485430874, 0.4916305021698698, 0.49783013019218847, 1.0]",4.0,2.0,2.0,2.0,2.0,17,-17.30094,8.0,6.0,hrl_dqn_apf,hierarchical,dqn,-22.372,9.664,-2.244,0.00,0.00,0.00,-10.019,10.285,-4.534,0.00,0.00,0.00,-17.142,6.632,-3.239,0.00,0.00,0.00,3.000,3.000,3.000
2026-02-04 17:40:13,926.29,28,339,367,7.63%,199.04,1.74%,"[0, 5, 10, 15, 20, 25, 30, 35, 40, 45, 50, 55, 60, 65, 70, 75, 80, 85, 90, 95, 100]","[5, 9, 4, 3, 5, 2, 2, 5, 7, 4, 5, 8, 3, 8, 9, 10, 693, 11, 11, 809]","[0.0030998140111593306, 0.008679479231246125, 0.011159330440173589, 0.013019218846869188, 0.016119032858028518, 0.01735895846249225, 0.018598884066955982, 0.02169869807811531, 0.026038437693738377, 0.02851828890266584, 0.03161810291382517, 0.0365778053316801, 0.038437693738375696, 0.04339739615623062, 0.048977061376317424, 0.05517668939863608, 0.4848109113453193, 0.4916305021698698, 0.49845009299442034, 1.0]",4.0,2.0,2.0,2.0,2.0,17,-17.30094,8.0,6.0,hrl_dqn_apf,hierarchical,dqn,-21.617,9.661,-2.253,0.00,0.00,0.00,-9.838,9.997,-4.112,0.00,0.00,0.00,-17.753,6.694,-3.056,0.00,0.00,0.00,3.000,3.000,3.000
2026-02-04 17:40:14,927.30,29,340,369,7.86%,199.04,1.80%,"[0, 5, 10, 15, 20, 25, 30, 35, 40, 45, 50, 55, 60, 65, 70, 75, 80, 85, 90, 95, 100]","[6, 9, 2, 4, 4, 4, 2, 5, 7, 3, 6, 8, 2, 9, 8, 11, 691, 11, 12, 809]","[0.0037197768133911966, 0.009299442033477991, 0.010539367637941723, 0.013019218846869188, 0.015499070055796652, 0.017978921264724116, 0.019218846869187848, 0.022318660880347178, 0.026658400495970243, 0.02851828890266584, 0.032238065716057036, 0.037197768133911964, 0.038437693738375696, 0.04401735895846249, 0.048977061376317424, 0.05579665220086795, 0.4841909485430874, 0.49101053936763794, 0.49845009299442034, 1.0]",4.0,2.0,2.0,2.0,2.0,12,-17.14052,8.0,0.0,hrl_dqn_apf,hierarchical,dqn,-20.856,9.658,-2.255,0.00,0.00,0.00,-9.781,9.795,-3.878,0.00,0.00,0.00,-17.980,6.719,-2.499,0.00,0.00,0.00,3.000,3.000,3.000
2026-02-04 17:40:15,928.30,29,340,369,7.86%,199.08,1.80%,"[0, 5, 10, 15, 20, 25, 30, 35, 40, 45, 50, 55, 60, 65, 70, 75, 80, 85, 90, 95, 100]","[4, 10, 4, 4, 3, 4, 3, 3, 8, 4, 4, 10, 2, 9, 8, 11, 691, 11, 11, 809]","[0.0024798512089274642, 0.008679479231246125, 0.011159330440173589, 0.013639181649101054, 0.015499070055796652, 0.017978921264724116, 0.019838809671419714, 0.02169869807811531, 0.026658400495970243, 0.029138251704897707, 0.03161810291382517, 0.03781773093614383, 0.03905765654060756, 0.044637321760694355, 0.04959702417854929, 0.056416615003099815, 0.4848109113453193, 0.4916305021698698, 0.49845009299442034, 1.0]",4.0,2.0,2.0,2.0,2.0,22,-16.98022,8.0,12.0,hrl_dqn_apf,hierarchical,dqn,-20.128,10.193,-2.221,0.00,0.00,0.00,-9.759,9.820,-2.676,0.00,0.00,0.00,-17.694,6.436,-1.457,0.00,0.00,0.00,3.000,3.000,3.000
2026-02-04 17:40:16,929.30,29,340,369,7.86%,199.15,1.80%,"[0, 5, 10, 15, 20, 25, 30, 35, 40, 45, 50, 55, 60, 65, 70, 75, 80, 85, 90, 95, 100]","[4, 9, 4, 4, 4, 4, 3, 2, 8, 5, 4, 10, 2, 9, 8, 10, 692, 11, 9, 811]","[0.0024798512089274642, 0.008059516429014259, 0.010539367637941723, 0.013019218846869188, 0.015499070055796652, 0.017978921264724116, 0.019838809671419714, 0.021078735275883446, 0.026038437693738377, 0.029138251704897707, 0.03161810291382517, 0.03781773093614383, 0.03905765654060756, 0.044637321760694355, 0.04959702417854929, 0.05579665220086795, 0.4848109113453193, 0.4916305021698698, 0.4972101673899566, 1.0]",4.0,2.0,2.0,2.0,2.0,22,-16.98022,8.0,12.0,hrl_dqn_apf,hierarchical,dqn,-20.652,10.543,-2.239,0.00,0.00,0.00,-10.000,9.892,-2.174,0.00,0.00,0.00,-17.067,6.105,-1.314,0.00,0.00,0.00,3.000,3.000,3.000
2026-02-04 17:40:17,930.30,30,343,373,8.04%,199.21,1.86%,"[0, 5, 10, 15, 20, 25, 30, 35, 40, 45, 50, 55, 60, 65, 70, 75, 80, 85, 90, 95, 100]","[3, 8, 6, 3, 3, 7, 4, 2, 8, 5, 3, 10, 2, 7, 9, 9, 692, 10, 11, 811]","[0.0018598884066955983, 0.006819590824550527, 0.010539367637941723, 0.012399256044637322, 0.01425914445133292, 0.018598884066955982, 0.021078735275883446, 0.022318660880347178, 0.02727836329820211, 0.03037817730936144, 0.032238065716057036, 0.038437693738375696, 0.03967761934283943, 0.04401735895846249, 0.04959702417854929, 0.05517668939863608, 0.4841909485430874, 0.4903905765654061, 0.4972101673899566, 1.0]",4.0,2.0,2.0,2.0,2.0,6,-22.82031,8.0,-6.0,hrl_dqn_apf,hierarchical,dqn,-21.210,10.340,-2.324,0.00,0.00,0.00,-10.598,9.906,-2.004,0.00,0.00,0.00,-16.497,6.075,-1.039,0.00,0.00,0.00,3.000,3.000,3.000
2026-02-04 17:40:18,931.30,30,343,373,8.04%,199.34,1.86%,"[0, 5, 10, 15, 20, 25, 30, 35, 40, 45, 50, 55, 60, 65, 70, 75, 80, 85, 90, 95, 100]","[5, 5, 8, 4, 3, 5, 2, 4, 6, 7, 2, 11, 1, 8, 9, 9, 692, 10, 10, 812]","[0.0030998140111593306, 0.006199628022318661, 0.011159330440173589, 0.013639181649101054, 0.015499070055796652, 0.018598884066955982, 0.019838809671419714, 0.022318660880347178, 0.026038437693738377, 0.03037817730936144, 0.03161810291382517, 0.038437693738375696, 0.03905765654060756, 0.04401735895846249, 0.04959702417854929, 0.05517668939863608, 0.4841909485430874, 0.4903905765654061, 0.49659020458772474, 1.0]",4.0,2.0,2.0,2.0,2.0,13,-10.6601,8.0,0.0,hrl_dqn_apf,hierarchical,dqn,-21.424,9.921,-2.359,0.00,0.00,0.00,-11.310,9.904,-1.951,0.00,0.00,0.00,-16.222,6.115,-0.512,0.00,0.00,0.00,3.000,3.000,3.000
2026-02-04 17:40:19,932.31,29,345,374,7.75%,199.59,1.80%,"[0, 5, 10, 15, 20, 25, 30, 35, 40, 45, 50, 55, 60, 65, 70, 75, 80, 85, 90, 95, 100]","[8, 4, 7, 3, 3, 4, 4, 3, 6, 8, 1, 11, 2, 6, 10, 8, 693, 10, 10, 812]","[0.0049597024178549285, 0.007439553626782393, 0.011779293242405457, 0.013639181649101054, 0.015499070055796652, 0.017978921264724116, 0.02045877247365158, 0.022318660880347178, 0.026038437693738377, 0.030998140111593304, 0.03161810291382517, 0.038437693738375696, 0.03967761934283943, 0.04339739615623062, 0.04959702417854929, 0.05455672659640422, 0.4841909485430874, 0.4903905765654061, 0.49659020458772474, 1.0]",4.0,2.0,2.0,2.0,2.0,13,-10.6601,8.0,0.0,hrl_dqn_apf,hierarchical,dqn,-21.510,9.664,-1.974,0.00,0.00,0.00,-12.820,9.898,-1.929,0.00,0.00,0.00,-14.994,6.147,-0.175,0.00,0.00,0.00,3.000,3.000,3.000
2026-02-04 17:40:20,933.31,29,345,374,7.75%,199.68,1.80%,"[0, 5, 10, 15, 20, 25, 30, 35, 40, 45, 50, 55, 60, 65, 70, 75, 80, 85, 90, 95, 100]","[10, 3, 7, 3, 3, 3, 4, 4, 5, 7, 2, 11, 2, 6, 11, 8, 693, 9, 10, 812]","[0.006199628022318661, 0.008059516429014259, 0.012399256044637322, 0.01425914445133292, 0.016119032858028518, 0.017978921264724116, 0.02045877247365158, 0.022938623682579044, 0.026038437693738377, 0.03037817730936144, 0.03161810291382517, 0.038437693738375696, 0.03967761934283943, 0.04339739615623062, 0.050216986980781156, 0.05517668939863608, 0.4848109113453193, 0.4903905765654061, 0.49659020458772474, 1.0]",4.0,2.0,2.0,2.0,2.0,17,-16.49964,8.0,6.0,hrl_dqn_apf,hierarchical,dqn,-21.516,9.671,-1.328,0.00,0.00,0.00,-13.579,9.895,-1.928,0.00,0.00,0.00,-14.252,6.144,-0.150,0.00,0.00,0.00,3.000,3.000,3.000
2026-02-04 17:40:21,934.31,30,346,376,7.98%,199.82,1.86%,"[0, 5, 10, 15, 20, 25, 30, 35, 40, 45, 50, 55, 60, 65, 70, 75, 80, 85, 90, 95, 100]","[11, 2, 8, 2, 3, 4, 4, 4, 4, 7, 3, 10, 3, 6, 10, 7, 693, 10, 10, 812]","[0.006819590824550527, 0.008059516429014259, 0.013019218846869188, 0.01425914445133292, 0.016119032858028518, 0.018598884066955982, 0.021078735275883446, 0.023558586484810913, 0.026038437693738377, 0.03037817730936144, 0.032238065716057036, 0.038437693738375696, 0.040297582145071294, 0.04401735895846249, 0.050216986980781156, 0.05455672659640422, 0.4841909485430874, 0.4903905765654061, 0.49659020458772474, 1.0]",4.0,2.0,2.0,2.0,2.0,4,-4.33962,8.0,-12.0,hrl_dqn_apf,hierarchical,dqn,-21.518,9.671,-0.596,0.00,0.00,0.00,-14.147,10.241,-2.065,0.00,0.00,0.00,-13.683,5.949,-0.009,0.00,0.00,0.00,3.000,3.000,3.000
2026-02-04 17:40:22,935.31,28,350,378,7.41%,199.96,1.74%,"[0, 5, 10, 15, 20, 25, 30, 35, 40, 45, 50, 55, 60, 65, 70, 75, 80, 85, 90, 95, 100]","[12, 1, 7, 3, 3, 2, 6, 4, 4, 7, 3, 9, 4, 6, 9, 8, 692, 10, 9, 814]","[0.007439553626782393, 0.008059516429014259, 0.012399256044637322, 0.01425914445133292, 0.016119032858028518, 0.01735895846249225, 0.021078735275883446, 0.023558586484810913, 0.026038437693738377, 0.03037817730936144, 0.032238065716057036, 0.03781773093614383, 0.040297582145071294, 0.04401735895846249, 0.04959702417854929, 0.05455672659640422, 0.48357098574085555, 0.4897706137631742, 0.495350278983261, 1.0]",4.0,2.0,2.0,2.0,2.0,4,-4.33962,8.0,-12.0,hrl_dqn_apf,hierarchical,dqn,-21.519,9.668,0.156,0.00,0.00,0.00,-14.217,10.639,-2.575,0.00,0.00,0.00,-13.606,5.611,0.501,0.00,0.00,0.00,3.000,3.000,3.000
2026-02-04 17:40:23,936.32,29,347,376,7.71%,200.19,1.80%,"[0, 5, 10, 15, 20, 25, 30, 35, 40, 45, 50, 55, 60, 65, 70, 75, 80, 85, 90, 95, 100]","[13, 3, 3, 6, 1, 3, 5, 4, 5, 6, 5, 8, 5, 5, 9, 8, 692, 10, 8, 814]","[0.008059516429014259, 0.009919404835709857, 0.011779293242405457, 0.015499070055796652, 0.016119032858028518, 0.017978921264724116, 0.021078735275883446, 0.023558586484810913, 0.026658400495970243, 0.03037817730936144, 0.03347799132052077, 0.038437693738375696, 0.041537507749535026, 0.044637321760694355, 0.050216986980781156, 0.05517668939863608, 0.4841909485430874, 0.4903905765654061, 0.495350278983261, 1.0]",4.0,2.0,2.0,2.0,2.0,0,-28.17932,8.0,-12.0,hrl_dqn_apf,hierarchical,dqn,-21.520,9.664,1.673,0.00,0.00,0.00,-14.363,10.449,-3.644,0.00,0.00,0.00,-13.456,5.881,1.506,0.00,0.00,0.00,3.000,3.000,3.000
2026-02-04 17:40:24,937.32,29,353,382,7.59%,200.36,1.80%,"[0, 5, 10, 15, 20, 25, 30, 35, 40, 45, 50, 55, 60, 65, 70, 75, 80, 85, 90, 95, 100]","[12, 4, 3, 6, 1, 3, 5, 5, 5, 6, 5, 7, 4, 6, 8, 8, 692, 10, 9, 814]","[0.007439553626782393, 0.009919404835709857, 0.011779293242405457, 0.015499070055796652, 0.016119032858028518, 0.017978921264724116, 0.021078735275883446, 0.02417854928704278, 0.02727836329820211, 0.030998140111593304, 0.034097954122752634, 0.038437693738375696, 0.04091754494730316, 0.044637321760694355, 0.04959702417854929, 0.05455672659640422, 0.48357098574085555, 0.4897706137631742, 0.495350278983261, 1.0]",4.0,2.0,2.0,2.0,2.0,5,-28.01888,8.0,-6.0,hrl_dqn_apf,hierarchical,dqn,-21.521,9.817,1.920,0.00,0.00,0.00,-14.386,10.029,-3.776,0.00,0.00,0.00,-13.435,6.305,1.618,0.00,0.00,0.00,3.000,3.000,3.000
2026-02-04 17:40:25,938.32,29,355,384,7.55%,200.55,1.80%,"[0, 5, 10, 15, 20, 25, 30, 35, 40, 45, 50, 55, 60, 65, 70, 75, 80, 85, 90, 95, 100]","[8, 7, 3, 6, 2, 3, 4, 5, 6, 5, 5, 8, 4, 6, 8, 8, 692, 10, 8, 815]","[0.0049597024178549285, 0.009299442033477991, 0.011159330440173589, 0.014879107253564786, 0.016119032858028518, 0.017978921264724116, 0.02045877247365158, 0.023558586484810913, 0.02727836329820211, 0.03037817730936144, 0.03347799132052077, 0.038437693738375696, 0.04091754494730316, 0.044637321760694355, 0.04959702417854929, 0.05455672659640422, 0.48357098574085555, 0.4897706137631742, 0.49473031618102914, 1.0]",4.0,2.0,2.0,2.0,2.0,5,-28.01888,8.0,-6.0,hrl_dqn_apf,hierarchical,dqn,-21.521,9.845,1.482,0.00,0.00,0.00,-14.393,9.616,-3.816,0.00,0.00,0.00,-13.564,6.435,1.655,0.00,0.00,0.00,3.000,3.000,3.000
2026-02-04 17:40:26,939.32,30,352,382,7.85%,200.69,1.86%,"[0, 5, 10, 15, 20, 25, 30, 35, 40, 45, 50, 55, 60, 65, 70, 75, 80, 85, 90, 95, 100]","[8, 8, 2, 7, 2, 3, 3, 6, 6, 4, 4, 9, 3, 7, 8, 8, 691, 11, 8, 815]","[0.0049597024178549285, 0.009919404835709857, 0.011159330440173589, 0.015499070055796652, 0.016738995660260384, 0.018598884066955982, 0.02045877247365158, 0.02417854928704278, 0.027898326100433975, 0.03037817730936144, 0.0328580285182889, 0.038437693738375696, 0.040297582145071294, 0.044637321760694355, 0.04959702417854929, 0.05455672659640422, 0.4829510229386237, 0.4897706137631742, 0.49473031618102914, 1.0]",4.0,2.0,2.0,2.0,2.0,8,-9.85879,8.0,-6.0,hrl_dqn_apf,hierarchical,dqn,-21.521,9.844,0.812,0.00,0.00,0.00,-14.332,9.428,-3.829,0.00,0.00,0.00,-14.099,6.442,1.666,0.00,0.00,0.00,3.000,3.000,3.000
2026-02-04 17:40:27,940.32,28,360,388,7.22%,200.83,1.74%,"[0, 5, 10, 15, 20, 25, 30, 35, 40, 45, 50, 55, 60, 65, 70, 75, 80, 85, 90, 95, 100]","[6, 10, 1, 3, 6, 2, 3, 7, 6, 5, 5, 9, 4, 8, 8, 7, 691, 11, 8, 813]","[0.0037197768133911966, 0.009919404835709857, 0.010539367637941723, 0.012399256044637322, 0.016119032858028518, 0.01735895846249225, 0.019218846869187848, 0.023558586484810913, 0.02727836329820211, 0.03037817730936144, 0.03347799132052077, 0.03905765654060756, 0.041537507749535026, 0.04649721016738995, 0.05145691258524489, 0.05579665220086795, 0.4841909485430874, 0.49101053936763794, 0.49597024178549287, 1.0]",4.0,2.0,2.0,2.0,2.0,10,-27.69872,8.0,0.0,hrl_dqn_apf,hierarchical,dqn,-21.520,9.839,-0.699,0.00,0.00,0.00,-13.174,9.468,-3.833,0.00,0.00,0.00,-15.562,6.434,1.670,0.00,0.00,0.00,3.000,3.000,3.000
2026-02-04 17:40:28,941.33,28,360,388,7.22%,200.93,1.74%,"[0, 5, 10, 15, 20, 25, 30, 35, 40, 45, 50, 55, 60, 65, 70, 75, 80, 85, 90, 95, 100]","[7, 9, 2, 3, 6, 1, 3, 7, 6, 5, 4, 10, 4, 8, 7, 8, 691, 10, 9, 813]","[0.0043397396156230625, 0.009919404835709857, 0.011159330440173589, 0.013019218846869188, 0.016738995660260384, 0.01735895846249225, 0.019218846869187848, 0.023558586484810913, 0.02727836329820211, 0.03037817730936144, 0.0328580285182889, 0.03905765654060756, 0.041537507749535026, 0.04649721016738995, 0.05083694978301302, 0.05579665220086795, 0.4841909485430874, 0.4903905765654061, 0.49597024178549287, 1.0]",4.0,2.0,2.0,2.0,2.0,10,-27.69872,8.0,0.0,hrl_dqn_apf,hierarchical,dqn,-21.788,9.914,-1.194,0.00,0.00,0.00,-12.437,9.468,-3.833,0.00,0.00,0.00,-16.317,6.430,1.670,0.00,0.00,0.00,3.000,3.000,3.000
2026-02-04 17:40:29,942.33,28,360,388,7.22%,200.97,1.74%,"[0, 5, 10, 15, 20, 25, 30, 35, 40, 45, 50, 55, 60, 65, 70, 75, 80, 85, 90, 95, 100]","[8, 7, 4, 3, 6, 0, 3, 6, 7, 6, 4, 10, 3, 9, 7, 6, 693, 9, 10, 812]","[0.0049597024178549285, 0.009299442033477991, 0.011779293242405457, 0.013639181649101054, 0.01735895846249225, 0.01735895846249225, 0.019218846869187848, 0.022938623682579044, 0.02727836329820211, 0.030998140111593304, 0.03347799132052077, 0.03967761934283943, 0.041537507749535026, 0.047117172969621826, 0.05145691258524489, 0.05517668939863608, 0.4848109113453193, 0.4903905765654061, 0.49659020458772474, 1.0]",4.0,2.0,2.0,2.0,2.0,0,-27.61845,8.0,-12.0,hrl_dqn_apf,hierarchical,dqn,-22.244,9.946,-1.513,0.00,0.00,0.00,-11.680,9.466,-3.833,0.00,0.00,0.00,-17.079,6.427,1.669,0.00,0.00,0.00,3.000,3.000,3.000
2026-02-04 17:40:30,943.33,29,359,388,7.47%,201.05,1.80%,"[0, 5, 10, 15, 20, 25, 30, 35, 40, 45, 50, 55, 60, 65, 70, 75, 80, 85, 90, 95, 100]","[10, 4, 6, 3, 5, 1, 3, 5, 7, 6, 3, 11, 4, 8, 8, 6, 691, 10, 9, 813]","[0.006199628022318661, 0.008679479231246125, 0.012399256044637322, 0.01425914445133292, 0.01735895846249225, 0.017978921264724116, 0.019838809671419714, 0.022938623682579044, 0.02727836329820211, 0.030998140111593304, 0.0328580285182889, 0.03967761934283943, 0.04215747055176689, 0.047117172969621826, 0.052076875387476754, 0.05579665220086795, 0.4841909485430874, 0.4903905765654061, 0.49597024178549287, 1.0]",4.0,2.0,2.0,2.0,2.0,1,-21.458489999999998,8.0,-12.0,hrl_dqn_apf,hierarchical,dqn,-22.421,9.959,-2.110,0.00,0.00,0.00,-11.051,9.552,-3.834,0.00,0.00,0.00,-17.840,6.424,1.668,0.00,0.00,0.00,3.000,3.000,3.000
2026-02-04 17:40:31,944.33,30,360,390,7.69%,201.21,1.86%,"[0, 5, 10, 15, 20, 25, 30, 35, 40, 45, 50, 55, 60, 65, 70, 75, 80, 85, 90, 95, 100]","[8, 5, 7, 2, 7, 1, 2, 5, 8, 6, 2, 10, 4, 8, 9, 6, 691, 9, 11, 812]","[0.0049597024178549285, 0.008059516429014259, 0.012399256044637322, 0.013639181649101054, 0.017978921264724116, 0.018598884066955982, 0.019838809671419714, 0.022938623682579044, 0.027898326100433975, 0.03161810291382517, 0.0328580285182889, 0.03905765654060756, 0.041537507749535026, 0.04649721016738995, 0.052076875387476754, 0.05579665220086795, 0.4841909485430874, 0.4897706137631742, 0.49659020458772474, 1.0]",4.0,2.0,2.0,2.0,2.0,1,-21.458489999999998,8.0,-12.0,hrl_dqn_apf,hierarchical,dqn,-22.493,9.955,-3.572,0.00,0.00,0.00,-11.799,9.647,-3.834,0.00,0.00,0.00,-19.359,6.419,1.667,0.00,0.00,0.00,3.000,3.000,3.000
2026-02-04 17:40:32,945.34,32,358,390,8.21%,201.27,1.98%,"[0, 5, 10, 15, 20, 25, 30, 35, 40, 45, 50, 55, 60, 65, 70, 75, 80, 85, 90, 95, 100]","[7, 6, 9, 1, 6, 3, 1, 4, 9, 6, 2, 10, 3, 9, 9, 6, 690, 9, 10, 813]","[0.0043397396156230625, 0.008059516429014259, 0.013639181649101054, 0.01425914445133292, 0.017978921264724116, 0.019838809671419714, 0.02045877247365158, 0.022938623682579044, 0.02851828890266584, 0.032238065716057036, 0.03347799132052077, 0.03967761934283943, 0.041537507749535026, 0.047117172969621826, 0.05269683818970862, 0.056416615003099815, 0.4841909485430874, 0.4897706137631742, 0.49597024178549287, 1.0]",4.0,2.0,2.0,2.0,2.0,8,-9.29818,8.0,-6.0,hrl_dqn_apf,hierarchical,dqn,-22.498,9.951,-4.335,0.00,0.00,0.00,-12.516,9.644,-3.834,0.00,0.00,0.00,-19.590,6.573,1.666,0.00,0.00,0.00,3.000,3.000,3.000
2026-02-04 17:40:33,946.34,32,359,391,8.18%,201.38,1.98%,"[0, 5, 10, 15, 20, 25, 30, 35, 40, 45, 50, 55, 60, 65, 70, 75, 80, 85, 90, 95, 100]","[8, 5, 8, 2, 3, 6, 1, 4, 7, 6, 3, 10, 4, 8, 10, 5, 691, 9, 10, 813]","[0.0049597024178549285, 0.008059516429014259, 0.013019218846869188, 0.01425914445133292, 0.016119032858028518, 0.019838809671419714, 0.02045877247365158, 0.022938623682579044, 0.02727836329820211, 0.030998140111593304, 0.0328580285182889, 0.03905765654060756, 0.041537507749535026, 0.04649721016738995, 0.05269683818970862, 0.05579665220086795, 0.4841909485430874, 0.4897706137631742, 0.49597024178549287, 1.0]",4.0,2.0,2.0,2.0,2.0,10,-27.137439999999998,8.0,0.0,hrl_dqn_apf,hierarchical,dqn,-22.656,10.015,-4.940,0.00,0.00,0.00,-13.263,9.641,-3.834,0.00,0.00,0.00,-19.147,6.599,1.666,0.00,0.00,0.00,3.000,3.000,3.000
2026-02-04 17:40:34,947.34,32,359,391,8.18%,201.46,1.98%,"[0, 5, 10, 15, 20, 25, 30, 35, 40, 45, 50, 55, 60, 65, 70, 75, 80, 85, 90, 95, 100]","[9, 4, 6, 4, 3, 6, 1, 4, 7, 7, 3, 10, 4, 7, 12, 5, 690, 10, 9, 812]","[0.005579665220086794, 0.008059516429014259, 0.011779293242405457, 0.01425914445133292, 0.016119032858028518, 0.019838809671419714, 0.02045877247365158, 0.022938623682579044, 0.02727836329820211, 0.03161810291382517, 0.03347799132052077, 0.03967761934283943, 0.04215747055176689, 0.04649721016738995, 0.05393676379417235, 0.05703657780533168, 0.4848109113453193, 0.49101053936763794, 0.49659020458772474, 1.0]",4.0,2.0,2.0,2.0,2.0,10,-27.137439999999998,8.0,0.0,hrl_dqn_apf,hierarchical,dqn,-23.137,9.825,-5.169,0.00,0.00,0.00,-14.020,9.638,-3.834,0.00,0.00,0.00,-18.476,6.599,1.666,0.00,0.00,0.00,3.000,3.000,3.000
2026-02-04 17:40:35,948.34,32,361,393,8.14%,201.61,1.98%,"[0, 5, 10, 15, 20, 25, 30, 35, 40, 45, 50, 55, 60, 65, 70, 75, 80, 85, 90, 95, 100]","[8, 6, 3, 7, 1, 7, 1, 4, 5, 8, 4, 9, 4, 9, 10, 7, 690, 9, 9, 812]","[0.0049597024178549285, 0.008679479231246125, 0.010539367637941723, 0.014879107253564786, 0.015499070055796652, 0.019838809671419714, 0.02045877247365158, 0.022938623682579044, 0.026038437693738377, 0.030998140111593304, 0.03347799132052077, 0.03905765654060756, 0.041537507749535026, 0.047117172969621826, 0.053316800991940486, 0.05765654060756355, 0.48543087414755115, 0.49101053936763794, 0.49659020458772474, 1.0]",4.0,2.0,2.0,2.0,2.0,20,-26.977420000000002,8.0,12.0,hrl_dqn_apf,hierarchical,dqn,-23.438,9.593,-4.856,0.00,0.00,0.00,-15.169,9.718,-3.452,0.00,0.00,0.00,-16.984,6.593,1.668,0.00,0.00,0.00,3.000,3.000,3.000
2026-02-04 17:40:36,949.34,34,361,395,8.61%,201.66,2.11%,"[0, 5, 10, 15, 20, 25, 30, 35, 40, 45, 50, 55, 60, 65, 70, 75, 80, 85, 90, 95, 100]","[9, 6, 4, 7, 1, 7, 1, 3, 5, 8, 4, 8, 4, 8, 11, 7, 690, 9, 8, 813]","[0.005579665220086794, 0.009299442033477991, 0.011779293242405457, 0.016119032858028518, 0.016738995660260384, 0.021078735275883446, 0.02169869807811531, 0.023558586484810913, 0.026658400495970243, 0.03161810291382517, 0.034097954122752634, 0.03905765654060756, 0.041537507749535026, 0.04649721016738995, 0.053316800991940486, 0.05765654060756355, 0.48543087414755115, 0.49101053936763794, 0.49597024178549287, 1.0]",4.0,2.0,2.0,2.0,2.0,20,-26.977420000000002,8.0,12.0,hrl_dqn_apf,hierarchical,dqn,-23.459,9.600,-4.212,0.00,0.00,0.00,-15.298,9.724,-2.808,0.00,0.00,0.00,-16.483,6.668,1.932,0.00,0.00,0.00,3.000,3.000,3.000
2026-02-04 17:40:37,950.35,32,363,395,8.10%,201.74,1.98%,"[0, 5, 10, 15, 20, 25, 30, 35, 40, 45, 50, 55, 60, 65, 70, 75, 80, 85, 90, 95, 100]","[9, 5, 5, 7, 1, 5, 3, 2, 5, 9, 4, 8, 4, 7, 11, 8, 691, 8, 8, 813]","[0.005579665220086794, 0.008679479231246125, 0.011779293242405457, 0.016119032858028518, 0.016738995660260384, 0.019838809671419714, 0.02169869807811531, 0.022938623682579044, 0.026038437693738377, 0.03161810291382517, 0.034097954122752634, 0.03905765654060756, 0.041537507749535026, 0.04587724736515809, 0.05269683818970862, 0.05765654060756355, 0.486050836949783, 0.49101053936763794, 0.49597024178549287, 1.0]",4.0,2.0,2.0,2.0,2.0,23,-8.8172,8.0,12.0,hrl_dqn_apf,hierarchical,dqn,-23.465,9.599,-3.481,0.00,0.00,0.00,-15.338,9.721,-2.078,0.00,0.00,0.00,-16.315,6.680,2.539,0.00,0.00,0.00,3.000,3.000,3.000
2026-02-04 17:40:38,951.35,29,370,399,7.27%,201.80,1.80%,"[0, 5, 10, 15, 20, 25, 30, 35, 40, 45, 50, 55, 60, 65, 70, 75, 80, 85, 90, 95, 100]","[8, 6, 4, 8, 1, 2, 6, 2, 6, 8, 3, 10, 3, 9, 10, 9, 689, 9, 8, 812]","[0.0049597024178549285, 0.008679479231246125, 0.011159330440173589, 0.016119032858028518, 0.016738995660260384, 0.017978921264724116, 0.02169869807811531, 0.022938623682579044, 0.026658400495970243, 0.03161810291382517, 0.03347799132052077, 0.03967761934283943, 0.041537507749535026, 0.047117172969621826, 0.053316800991940486, 0.05889646621202728, 0.486050836949783, 0.4916305021698698, 0.49659020458772474, 1.0]",4.0,2.0,2.0,2.0,2.0,8,-8.65675,8.0,-6.0,hrl_dqn_apf,hierarchical,dqn,-23.397,9.644,-2.799,0.00,0.00,0.00,-15.351,9.718,-1.326,0.00,0.00,0.00,-16.264,6.678,3.256,0.00,0.00,0.00,3.000,3.000,3.000
2026-02-04 17:40:39,952.35,30,369,399,7.52%,202.02,1.86%,"[0, 5, 10, 15, 20, 25, 30, 35, 40, 45, 50, 55, 60, 65, 70, 75, 80, 85, 90, 95, 100]","[8, 7, 5, 4, 4, 2, 5, 2, 6, 7, 5, 9, 3, 9, 9, 9, 690, 8, 8, 813]","[0.0049597024178549285, 0.009299442033477991, 0.012399256044637322, 0.014879107253564786, 0.01735895846249225, 0.018598884066955982, 0.02169869807811531, 0.022938623682579044, 0.026658400495970243, 0.030998140111593304, 0.034097954122752634, 0.03967761934283943, 0.041537507749535026, 0.047117172969621826, 0.05269683818970862, 0.05827650340979541, 0.486050836949783, 0.49101053936763794, 0.49597024178549287, 1.0]",4.0,2.0,2.0,2.0,2.0,8,-8.65675,8.0,-6.0,hrl_dqn_apf,hierarchical,dqn,-22.228,9.686,-2.412,0.00,0.00,0.00,-15.356,9.712,0.212,0.00,0.00,0.00,-16.244,6.672,4.782,0.00,0.00,0.00,3.000,3.000,3.000
2026-02-04 17:40:40,953.35,28,373,401,6.98%,202.13,1.74%,"[0, 5, 10, 15, 20, 25, 30, 35, 40, 45, 50, 55, 60, 65, 70, 75, 80, 85, 90, 95, 100]","[8, 6, 7, 2, 4, 1, 7, 2, 6, 5, 6, 10, 3, 8, 10, 9, 690, 8, 8, 813]","[0.0049597024178549285, 0.008679479231246125, 0.013019218846869188, 0.01425914445133292, 0.016738995660260384, 0.01735895846249225, 0.02169869807811531, 0.022938623682579044, 0.026658400495970243, 0.029758214507129573, 0.03347799132052077, 0.03967761934283943, 0.041537507749535026, 0.04649721016738995, 0.05269683818970862, 0.05827650340979541, 0.486050836949783, 0.49101053936763794, 0.49597024178549287, 1.0]",4.0,2.0,2.0,2.0,2.0,16,-20.49689,8.0,6.0,hrl_dqn_apf,hierarchical,dqn,-21.487,9.683,-2.384,0.00,0.00,0.00,-15.356,9.709,0.975,0.00,0.00,0.00,-16.243,6.669,5.544,0.00,0.00,0.00,3.000,3.000,3.000
2026-02-04 17:40:41,954.35,28,377,405,6.91%,202.22,1.74%,"[0, 5, 10, 15, 20, 25, 30, 35, 40, 45, 50, 55, 60, 65, 70, 75, 80, 85, 90, 95, 100]","[7, 7, 5, 4, 4, 1, 7, 2, 5, 6, 6, 10, 2, 8, 12, 8, 691, 8, 8, 812]","[0.0043397396156230625, 0.008679479231246125, 0.011779293242405457, 0.01425914445133292, 0.016738995660260384, 0.01735895846249225, 0.02169869807811531, 0.022938623682579044, 0.026038437693738377, 0.029758214507129573, 0.03347799132052077, 0.03967761934283943, 0.04091754494730316, 0.04587724736515809, 0.053316800991940486, 0.05827650340979541, 0.4866707997520149, 0.4916305021698698, 0.49659020458772474, 1.0]",4.0,2.0,2.0,2.0,2.0,0,-26.336660000000002,8.0,-12.0,hrl_dqn_apf,hierarchical,dqn,-20.733,9.680,-2.375,0.00,0.00,0.00,-15.507,9.772,1.587,0.00,0.00,0.00,-16.244,6.802,5.977,0.00,0.00,0.00,3.000,3.000,3.000
2026-02-04 17:40:42,955.36,29,376,405,7.16%,202.32,1.80%,"[0, 5, 10, 15, 20, 25, 30, 35, 40, 45, 50, 55, 60, 65, 70, 75, 80, 85, 90, 95, 100]","[7, 8, 4, 5, 4, 1, 5, 4, 5, 5, 7, 10, 2, 8, 10, 9, 690, 9, 7, 813]","[0.0043397396156230625, 0.009299442033477991, 0.011779293242405457, 0.014879107253564786, 0.01735895846249225, 0.017978921264724116, 0.021078735275883446, 0.023558586484810913, 0.026658400495970243, 0.029758214507129573, 0.034097954122752634, 0.040297582145071294, 0.041537507749535026, 0.04649721016738995, 0.05269683818970862, 0.05827650340979541, 0.486050836949783, 0.4916305021698698, 0.49597024178549287, 1.0]",4.0,2.0,2.0,2.0,2.0,0,-26.336660000000002,8.0,-12.0,hrl_dqn_apf,hierarchical,dqn,-19.968,9.677,-2.372,0.00,0.00,0.00,-16.057,9.796,1.813,0.00,0.00,0.00,-16.244,6.849,5.635,0.00,0.00,0.00,3.000,3.000,3.000
2026-02-04 17:40:43,956.36,31,374,405,7.65%,202.36,1.92%,"[0, 5, 10, 15, 20, 25, 30, 35, 40, 45, 50, 55, 60, 65, 70, 75, 80, 85, 90, 95, 100]","[7, 7, 6, 4, 6, 1, 2, 7, 3, 6, 6, 10, 3, 8, 10, 8, 692, 8, 8, 811]","[0.0043397396156230625, 0.008679479231246125, 0.012399256044637322, 0.014879107253564786, 0.018598884066955982, 0.019218846869187848, 0.02045877247365158, 0.024798512089274645, 0.026658400495970243, 0.03037817730936144, 0.034097954122752634, 0.040297582145071294, 0.04215747055176689, 0.047117172969621826, 0.053316800991940486, 0.05827650340979541, 0.48729076255424675, 0.4922504649721017, 0.4972101673899566, 1.0]",4.0,2.0,2.0,2.0,2.0,18,-8.17623,8.0,6.0,hrl_dqn_apf,hierarchical,dqn,-18.448,9.671,-2.370,0.00,0.00,0.00,-17.501,9.801,1.903,0.00,0.00,0.00,-16.243,6.834,4.269,0.00,0.00,0.00,3.000,3.000,3.000
2026-02-04 17:40:44,957.36,31,380,411,7.54%,202.43,1.92%,"[0, 5, 10, 15, 20, 25, 30, 35, 40, 45, 50, 55, 60, 65, 70, 75, 80, 85, 90, 95, 100]","[5, 7, 7, 5, 5, 2, 2, 7, 3, 6, 5, 12, 4, 7, 11, 7, 691, 10, 7, 810]","[0.0030998140111593306, 0.007439553626782393, 0.011779293242405457, 0.014879107253564786, 0.017978921264724116, 0.019218846869187848, 0.02045877247365158, 0.024798512089274645, 0.026658400495970243, 0.03037817730936144, 0.03347799132052077, 0.04091754494730316, 0.04339739615623062, 0.04773713577185369, 0.05455672659640422, 0.05889646621202728, 0.48729076255424675, 0.4934903905765654, 0.49783013019218847, 1.0]",4.0,2.0,2.0,2.0,2.0,8,-8.01609,8.0,-6.0,hrl_dqn_apf,hierarchical,dqn,-17.684,9.668,-2.369,0.00,0.00,0.00,-18.019,10.178,1.641,0.00,0.00,0.00,-16.198,6.704,4.049,0.00,0.00,0.00,3.000,3.000,3.000
2026-02-04 17:40:45,958.36,31,376,407,7.62%,202.51,1.92%,"[0, 5, 10, 15, 20, 25, 30, 35, 40, 45, 50, 55, 60, 65, 70, 75, 80, 85, 90, 95, 100]","[6, 6, 6, 6, 4, 3, 1, 7, 4, 6, 5, 12, 4, 8, 11, 8, 691, 10, 7, 808]","[0.0037197768133911966, 0.007439553626782393, 0.011159330440173589, 0.014879107253564786, 0.01735895846249225, 0.019218846869187848, 0.019838809671419714, 0.02417854928704278, 0.026658400495970243, 0.03037817730936144, 0.03347799132052077, 0.04091754494730316, 0.04339739615623062, 0.04835709857408556, 0.05517668939863608, 0.06013639181649101, 0.4885306881587105, 0.49473031618102914, 0.4990700557966522, 1.0]",4.0,2.0,2.0,2.0,2.0,8,-8.01609,8.0,-6.0,hrl_dqn_apf,hierarchical,dqn,-17.070,9.686,-2.530,0.00,0.00,0.00,-18.270,10.495,1.330,0.00,0.00,0.00,-16.029,6.428,4.458,0.00,0.00,0.00,3.000,3.000,3.000
2026-02-04 17:40:46,959.37,33,374,407,8.11%,202.58,2.05%,"[0, 5, 10, 15, 20, 25, 30, 35, 40, 45, 50, 55, 60, 65, 70, 75, 80, 85, 90, 95, 100]","[5, 6, 7, 7, 4, 4, 0, 8, 4, 5, 4, 14, 4, 6, 10, 9, 690, 11, 7, 808]","[0.0030998140111593306, 0.006819590824550527, 0.011159330440173589, 0.015499070055796652, 0.017978921264724116, 0.02045877247365158, 0.02045877247365158, 0.02541847489150651, 0.027898326100433975, 0.030998140111593304, 0.03347799132052077, 0.04215747055176689, 0.044637321760694355, 0.04835709857408556, 0.05455672659640422, 0.06013639181649101, 0.4879107253564786, 0.49473031618102914, 0.4990700557966522, 1.0]",4.0,2.0,2.0,2.0,2.0,21,-19.93589,8.0,12.0,hrl_dqn_apf,hierarchical,dqn,-16.789,9.635,-3.077,0.00,0.00,0.00,-18.513,10.668,1.666,0.00,0.00,0.00,-15.710,6.303,5.035,0.00,0.00,0.00,3.000,3.000,3.000
2026-02-04 17:40:47,960.37,34,374,408,8.33%,202.76,2.11%,"[0, 5, 10, 15, 20, 25, 30, 35, 40, 45, 50, 55, 60, 65, 70, 75, 80, 85, 90, 95, 100]","[6, 7, 5, 5, 5, 6, 0, 3, 9, 4, 5, 12, 5, 8, 10, 6, 691, 12, 8, 806]","[0.0037197768133911966, 0.008059516429014259, 0.011159330440173589, 0.01425914445133292, 0.01735895846249225, 0.021078735275883446, 0.021078735275883446, 0.022938623682579044, 0.02851828890266584, 0.030998140111593304, 0.034097954122752634, 0.041537507749535026, 0.044637321760694355, 0.04959702417854929, 0.05579665220086795, 0.059516429014259145, 0.4879107253564786, 0.495350278983261, 0.5003099814011159, 1.0]",4.0,2.0,2.0,2.0,2.0,16,-19.77564,8.0,6.0,hrl_dqn_apf,hierarchical,dqn,-16.449,9.737,-3.673,0.00,0.00,0.00,-18.878,10.224,2.618,0.00,0.00,0.00,-15.512,6.315,6.477,0.00,0.00,0.00,3.000,3.000,3.000
2026-02-04 17:40:48,961.37,34,374,408,8.33%,202.89,2.11%,"[0, 5, 10, 15, 20, 25, 30, 35, 40, 45, 50, 55, 60, 65, 70, 75, 80, 85, 90, 95, 100]","[6, 6, 5, 6, 4, 7, 0, 3, 9, 4, 4, 13, 5, 7, 10, 7, 691, 12, 6, 808]","[0.0037197768133911966, 0.007439553626782393, 0.010539367637941723, 0.01425914445133292, 0.016738995660260384, 0.021078735275883446, 0.021078735275883446, 0.022938623682579044, 0.02851828890266584, 0.030998140111593304, 0.03347799132052077, 0.041537507749535026, 0.044637321760694355, 0.048977061376317424, 0.05517668939863608, 0.059516429014259145, 0.4879107253564786, 0.495350278983261, 0.4990700557966522, 1.0]",4.0,2.0,2.0,2.0,2.0,16,-19.77564,8.0,6.0,hrl_dqn_apf,hierarchical,dqn,-16.411,9.750,-3.129,0.00,0.00,0.00,-18.920,9.815,2.731,0.00,0.00,0.00,-15.498,6.314,7.232,0.00,0.00,0.00,3.000,3.000,3.000
2026-02-04 17:40:49,962.37,32,376,408,7.84%,203.03,1.98%,"[0, 5, 10, 15, 20, 25, 30, 35, 40, 45, 50, 55, 60, 65, 70, 75, 80, 85, 90, 95, 100]","[6, 4, 5, 6, 6, 5, 2, 3, 9, 4, 4, 12, 6, 7, 10, 7, 690, 12, 7, 808]","[0.0037197768133911966, 0.006199628022318661, 0.009299442033477991, 0.013019218846869188, 0.016738995660260384, 0.019838809671419714, 0.021078735275883446, 0.022938623682579044, 0.02851828890266584, 0.030998140111593304, 0.03347799132052077, 0.04091754494730316, 0.044637321760694355, 0.048977061376317424, 0.05517668939863608, 0.059516429014259145, 0.48729076255424675, 0.49473031618102914, 0.4990700557966522, 1.0]",4.0,2.0,2.0,2.0,2.0,9,-1.6158699999999993,8.0,-6.0,hrl_dqn_apf,hierarchical,dqn,-16.399,9.748,-2.429,0.00,0.00,0.00,-18.776,9.760,2.764,0.00,0.00,0.00,-15.494,6.311,7.991,0.00,0.00,0.00,3.000,3.000,3.000
2026-02-04 17:40:50,963.38,31,379,410,7.56%,203.18,1.92%,"[0, 5, 10, 15, 20, 25, 30, 35, 40, 45, 50, 55, 60, 65, 70, 75, 80, 85, 90, 95, 100]","[6, 5, 4, 5, 7, 4, 3, 3, 8, 5, 4, 11, 6, 8, 9, 7, 691, 11, 8, 808]","[0.0037197768133911966, 0.006819590824550527, 0.009299442033477991, 0.012399256044637322, 0.016738995660260384, 0.019218846869187848, 0.021078735275883446, 0.022938623682579044, 0.027898326100433975, 0.030998140111593304, 0.03347799132052077, 0.040297582145071294, 0.04401735895846249, 0.048977061376317424, 0.05455672659640422, 0.05889646621202728, 0.48729076255424675, 0.4941103533787973, 0.4990700557966522, 1.0]",4.0,2.0,2.0,2.0,2.0,7,-13.45531,8.0,-6.0,hrl_dqn_apf,hierarchical,dqn,-16.396,9.745,-1.682,0.00,0.00,0.00,-18.228,9.781,2.774,0.00,0.00,0.00,-15.494,6.405,8.601,0.00,0.00,0.00,3.000,3.000,3.000
2026-02-04 17:40:51,964.38,30,380,410,7.32%,203.41,1.86%,"[0, 5, 10, 15, 20, 25, 30, 35, 40, 45, 50, 55, 60, 65, 70, 75, 80, 85, 90, 95, 100]","[6, 4, 4, 6, 5, 5, 4, 1, 9, 5, 4, 11, 7, 8, 8, 6, 691, 12, 8, 809]","[0.0037197768133911966, 0.006199628022318661, 0.008679479231246125, 0.012399256044637322, 0.015499070055796652, 0.018598884066955982, 0.021078735275883446, 0.02169869807811531, 0.02727836329820211, 0.03037817730936144, 0.0328580285182889, 0.03967761934283943, 0.04401735895846249, 0.048977061376317424, 0.05393676379417235, 0.05765654060756355, 0.486050836949783, 0.4934903905765654, 0.49845009299442034, 1.0]",4.0,2.0,2.0,2.0,2.0,7,-13.45531,8.0,-6.0,hrl_dqn_apf,hierarchical,dqn,-16.395,9.741,-0.169,0.00,0.00,0.00,-16.784,9.783,2.778,0.00,0.00,0.00,-15.494,6.492,7.817,0.00,0.00,0.00,3.000,3.000,3.000
2026-02-04 17:40:52,965.38,29,383,412,7.04%,203.50,1.80%,"[0, 5, 10, 15, 20, 25, 30, 35, 40, 45, 50, 55, 60, 65, 70, 75, 80, 85, 90, 95, 100]","[6, 2, 6, 5, 5, 5, 5, 1, 7, 7, 3, 11, 7, 8, 8, 6, 691, 12, 9, 809]","[0.0037197768133911966, 0.0049597024178549285, 0.008679479231246125, 0.011779293242405457, 0.014879107253564786, 0.017978921264724116, 0.021078735275883446, 0.02169869807811531, 0.026038437693738377, 0.03037817730936144, 0.032238065716057036, 0.03905765654060756, 0.04339739615623062, 0.04835709857408556, 0.053316800991940486, 0.05703657780533168, 0.48543087414755115, 0.49287042777433354, 0.49845009299442034, 1.0]",4.0,2.0,2.0,2.0,2.0,21,-19.29482,8.0,12.0,hrl_dqn_apf,hierarchical,dqn,-16.315,9.887,0.059,0.00,0.00,0.00,-16.356,9.885,3.026,0.00,0.00,0.00,-15.493,6.490,7.103,0.00,0.00,0.00,3.000,3.000,3.000
2026-02-04 17:40:53,966.38,29,383,412,7.04%,203.54,1.80%,"[0, 5, 10, 15, 20, 25, 30, 35, 40, 45, 50, 55, 60, 65, 70, 75, 80, 85, 90, 95, 100]","[6, 2, 5, 6, 6, 4, 6, 1, 5, 9, 3, 10, 6, 9, 8, 6, 692, 11, 10, 808]","[0.0037197768133911966, 0.0049597024178549285, 0.008059516429014259, 0.011779293242405457, 0.015499070055796652, 0.017978921264724116, 0.02169869807811531, 0.022318660880347178, 0.02541847489150651, 0.030998140111593304, 0.0328580285182889, 0.03905765654060756, 0.04277743335399876, 0.04835709857408556, 0.053316800991940486, 0.05703657780533168, 0.486050836949783, 0.49287042777433354, 0.4990700557966522, 1.0]",4.0,2.0,2.0,2.0,2.0,2,-13.13474,8.0,-12.0,hrl_dqn_apf,hierarchical,dqn,-16.176,9.914,-0.385,0.00,0.00,0.00,-16.324,9.898,3.626,0.00,0.00,0.00,-15.492,6.487,6.335,0.00,0.00,0.00,3.000,3.000,3.000
2026-02-04 17:40:54,967.38,30,384,414,7.25%,203.67,1.86%,"[0, 5, 10, 15, 20, 25, 30, 35, 40, 45, 50, 55, 60, 65, 70, 75, 80, 85, 90, 95, 100]","[8, 3, 4, 4, 7, 4, 4, 3, 5, 9, 1, 10, 6, 10, 8, 6, 692, 10, 11, 808]","[0.0049597024178549285, 0.006819590824550527, 0.009299442033477991, 0.011779293242405457, 0.016119032858028518, 0.018598884066955982, 0.021078735275883446, 0.022938623682579044, 0.026038437693738377, 0.03161810291382517, 0.032238065716057036, 0.038437693738375696, 0.04215747055176689, 0.04835709857408556, 0.053316800991940486, 0.05703657780533168, 0.486050836949783, 0.4922504649721017, 0.4990700557966522, 1.0]",4.0,2.0,2.0,2.0,2.0,2,-13.13474,8.0,-12.0,hrl_dqn_apf,hierarchical,dqn,-16.114,9.916,-1.056,0.00,0.00,0.00,-16.350,10.030,4.339,0.00,0.00,0.00,-15.468,6.401,5.732,0.00,0.00,0.00,3.000,3.000,3.000
2026-02-04 17:40:55,968.39,29,389,418,6.94%,204.03,1.80%,"[0, 5, 10, 15, 20, 25, 30, 35, 40, 45, 50, 55, 60, 65, 70, 75, 80, 85, 90, 95, 100]","[6, 4, 3, 6, 5, 5, 3, 5, 3, 10, 2, 9, 5, 11, 9, 5, 692, 11, 8, 811]","[0.0037197768133911966, 0.006199628022318661, 0.008059516429014259, 0.011779293242405457, 0.014879107253564786, 0.017978921264724116, 0.019838809671419714, 0.022938623682579044, 0.024798512089274645, 0.030998140111593304, 0.032238065716057036, 0.03781773093614383, 0.04091754494730316, 0.04773713577185369, 0.053316800991940486, 0.056416615003099815, 0.48543087414755115, 0.4922504649721017, 0.4972101673899566, 1.0]",4.0,2.0,2.0,2.0,2.0,18,-6.97453,8.0,6.0,hrl_dqn_apf,hierarchical,dqn,-16.058,10.077,-1.706,0.00,0.00,0.00,-16.756,10.819,5.079,0.00,0.00,0.00,-15.021,5.776,6.429,0.00,0.00,0.00,3.000,3.000,3.000
2026-02-04 17:40:56,969.39,27,391,418,6.46%,204.15,1.67%,"[0, 5, 10, 15, 20, 25, 30, 35, 40, 45, 50, 55, 60, 65, 70, 75, 80, 85, 90, 95, 100]","[5, 5, 3, 5, 5, 4, 5, 5, 4, 10, 2, 9, 5, 11, 10, 4, 691, 11, 10, 809]","[0.0030998140111593306, 0.006199628022318661, 0.008059516429014259, 0.011159330440173589, 0.01425914445133292, 0.016738995660260384, 0.019838809671419714, 0.022938623682579044, 0.02541847489150651, 0.03161810291382517, 0.0328580285182889, 0.038437693738375696, 0.041537507749535026, 0.04835709857408556, 0.05455672659640422, 0.05703657780533168, 0.48543087414755115, 0.4922504649721017, 0.49845009299442034, 1.0]",4.0,2.0,2.0,2.0,2.0,13,-6.813890000000001,8.0,0.0,hrl_dqn_apf,hierarchical,dqn,-15.771,10.119,-1.442,0.00,0.00,0.00,-17.199,11.207,4.706,0.00,0.00,0.00,-14.569,5.399,6.975,0.00,0.00,0.00,3.000,3.000,3.000
2026-02-04 17:40:57,970.39,28,390,418,6.70%,204.24,1.74%,"[0, 5, 10, 15, 20, 25, 30, 35, 40, 45, 50, 55, 60, 65, 70, 75, 80, 85, 90, 95, 100]","[5, 4, 3, 5, 6, 5, 6, 5, 3, 9, 3, 8, 5, 11, 11, 4, 691, 10, 10, 809]","[0.0030998140111593306, 0.005579665220086794, 0.007439553626782393, 0.010539367637941723, 0.01425914445133292, 0.01735895846249225, 0.021078735275883446, 0.02417854928704278, 0.026038437693738377, 0.03161810291382517, 0.03347799132052077, 0.038437693738375696, 0.041537507749535026, 0.04835709857408556, 0.05517668939863608, 0.05765654060756355, 0.486050836949783, 0.4922504649721017, 0.49845009299442034, 1.0]",4.0,2.0,2.0,2.0,2.0,13,-6.813890000000001,8.0,0.0,hrl_dqn_apf,hierarchical,dqn,-15.322,9.798,-1.342,0.00,0.00,0.00,-17.650,11.004,4.345,0.00,0.00,0.00,-14.150,5.666,7.351,0.00,0.00,0.00,3.000,3.000,3.000
2026-02-04 17:40:58,971.39,29,391,420,6.90%,204.31,1.80%,"[0, 5, 10, 15, 20, 25, 30, 35, 40, 45, 50, 55, 60, 65, 70, 75, 80, 85, 90, 95, 100]","[6, 5, 2, 5, 5, 6, 4, 7, 3, 5, 6, 8, 4, 10, 11, 5, 690, 12, 9, 810]","[0.0037197768133911966, 0.006819590824550527, 0.008059516429014259, 0.011159330440173589, 0.01425914445133292, 0.017978921264724116, 0.02045877247365158, 0.024798512089274645, 0.026658400495970243, 0.029758214507129573, 0.03347799132052077, 0.038437693738375696, 0.04091754494730316, 0.047117172969621826, 0.05393676379417235, 0.05703657780533168, 0.4848109113453193, 0.4922504649721017, 0.49783013019218847, 1.0]",4.0,2.0,2.0,2.0,2.0,8,-6.65382,8.0,-6.0,hrl_dqn_apf,hierarchical,dqn,-15.070,9.635,-1.310,0.00,0.00,0.00,-17.824,10.578,4.206,0.00,0.00,0.00,-13.999,6.111,7.482,0.00,0.00,0.00,3.000,3.000,3.000
2026-02-04 17:40:59,972.39,30,390,420,7.14%,204.54,1.86%,"[0, 5, 10, 15, 20, 25, 30, 35, 40, 45, 50, 55, 60, 65, 70, 75, 80, 85, 90, 95, 100]","[6, 4, 4, 4, 4, 8, 5, 4, 5, 5, 5, 8, 4, 7, 13, 6, 690, 13, 8, 810]","[0.0037197768133911966, 0.006199628022318661, 0.008679479231246125, 0.011159330440173589, 0.013639181649101054, 0.018598884066955982, 0.02169869807811531, 0.02417854928704278, 0.02727836329820211, 0.03037817730936144, 0.03347799132052077, 0.038437693738375696, 0.04091754494730316, 0.04525728456292622, 0.053316800991940486, 0.05703657780533168, 0.4848109113453193, 0.49287042777433354, 0.49783013019218847, 1.0]",4.0,2.0,2.0,2.0,2.0,6,-18.4937,8.0,-6.0,hrl_dqn_apf,hierarchical,dqn,-13.833,9.657,-1.298,0.00,0.00,0.00,-17.895,9.753,4.149,0.00,0.00,0.00,-13.935,6.438,7.133,0.00,0.00,0.00,3.000,3.000,3.000
2026-02-04 17:41:00,973.40,29,391,420,6.90%,204.68,1.80%,"[0, 5, 10, 15, 20, 25, 30, 35, 40, 45, 50, 55, 60, 65, 70, 75, 80, 85, 90, 95, 100]","[6, 4, 4, 4, 5, 6, 6, 3, 6, 3, 7, 8, 4, 6, 14, 6, 690, 12, 9, 810]","[0.0037197768133911966, 0.006199628022318661, 0.008679479231246125, 0.011159330440173589, 0.01425914445133292, 0.017978921264724116, 0.02169869807811531, 0.023558586484810913, 0.02727836329820211, 0.029138251704897707, 0.03347799132052077, 0.038437693738375696, 0.04091754494730316, 0.044637321760694355, 0.053316800991940486, 0.05703657780533168, 0.4848109113453193, 0.4922504649721017, 0.49783013019218847, 1.0]",4.0,2.0,2.0,2.0,2.0,6,-18.4937,8.0,-6.0,hrl_dqn_apf,hierarchical,dqn,-13.090,9.655,-1.296,0.00,0.00,0.00,-17.901,9.349,4.145,0.00,0.00,0.00,-13.930,6.436,6.488,0.00,0.00,0.00,3.000,3.000,3.000
2026-02-04 17:41:01,974.40,28,393,421,6.65%,204.75,1.74%,"[0, 5, 10, 15, 20, 25, 30, 35, 40, 45, 50, 55, 60, 65, 70, 75, 80, 85, 90, 95, 100]","[7, 3, 5, 3, 5, 5, 7, 5, 5, 3, 8, 8, 3, 7, 13, 6, 689, 11, 11, 809]","[0.0043397396156230625, 0.006199628022318661, 0.009299442033477991, 0.011159330440173589, 0.01425914445133292, 0.01735895846249225, 0.02169869807811531, 0.024798512089274645, 0.027898326100433975, 0.029758214507129573, 0.0347179169249845, 0.03967761934283943, 0.041537507749535026, 0.04587724736515809, 0.05393676379417235, 0.05765654060756355, 0.4848109113453193, 0.4916305021698698, 0.49845009299442034, 1.0]",4.0,2.0,2.0,2.0,2.0,1,-18.41331,8.0,-12.0,hrl_dqn_apf,hierarchical,dqn,-12.499,9.721,-1.463,0.00,0.00,0.00,-17.740,9.301,4.144,0.00,0.00,0.00,-13.928,6.432,5.759,0.00,0.00,0.00,3.000,3.000,3.000
2026-02-04 17:41:02,975.40,32,389,421,7.60%,204.84,1.98%,"[0, 5, 10, 15, 20, 25, 30, 35, 40, 45, 50, 55, 60, 65, 70, 75, 80, 85, 90, 95, 100]","[9, 4, 4, 3, 5, 7, 5, 6, 4, 3, 6, 9, 3, 6, 13, 7, 689, 10, 9, 811]","[0.005579665220086794, 0.008059516429014259, 0.010539367637941723, 0.012399256044637322, 0.015499070055796652, 0.019838809671419714, 0.022938623682579044, 0.026658400495970243, 0.029138251704897707, 0.030998140111593304, 0.0347179169249845, 0.040297582145071294, 0.04215747055176689, 0.04587724736515809, 0.05393676379417235, 0.05827650340979541, 0.48543087414755115, 0.4916305021698698, 0.4972101673899566, 1.0]",4.0,2.0,2.0,2.0,2.0,2,-12.25324,8.0,-12.0,hrl_dqn_apf,hierarchical,dqn,-12.284,9.743,-2.022,0.00,0.00,0.00,-17.254,9.353,4.072,0.00,0.00,0.00,-13.927,6.429,5.005,0.00,0.00,0.00,3.000,3.000,3.000
2026-02-04 17:41:03,976.40,31,392,423,7.33%,205.19,1.92%,"[0, 5, 10, 15, 20, 25, 30, 35, 40, 45, 50, 55, 60, 65, 70, 75, 80, 85, 90, 95, 100]","[10, 4, 4, 3, 5, 5, 5, 5, 5, 4, 3, 12, 1, 5, 13, 9, 689, 10, 10, 811]","[0.006199628022318661, 0.008679479231246125, 0.011159330440173589, 0.013019218846869188, 0.016119032858028518, 0.019218846869187848, 0.022318660880347178, 0.02541847489150651, 0.02851828890266584, 0.030998140111593304, 0.0328580285182889, 0.040297582145071294, 0.04091754494730316, 0.04401735895846249, 0.052076875387476754, 0.05765654060756355, 0.4848109113453193, 0.49101053936763794, 0.4972101673899566, 1.0]",4.0,2.0,2.0,2.0,2.0,2,-12.25324,8.0,-12.0,hrl_dqn_apf,hierarchical,dqn,-12.196,9.739,-3.493,0.00,0.00,0.00,-17.354,9.808,3.187,0.00,0.00,0.00,-13.517,6.175,3.994,0.00,0.00,0.00,3.000,3.000,3.000
2026-02-04 17:41:04,977.40,30,391,421,7.13%,205.33,1.86%,"[0, 5, 10, 15, 20, 25, 30, 35, 40, 45, 50, 55, 60, 65, 70, 75, 80, 85, 90, 95, 100]","[12, 3, 3, 4, 4, 4, 7, 6, 5, 4, 2, 12, 1, 5, 11, 9, 690, 9, 11, 811]","[0.007439553626782393, 0.009299442033477991, 0.011159330440173589, 0.013639181649101054, 0.016119032858028518, 0.018598884066955982, 0.022938623682579044, 0.026658400495970243, 0.029758214507129573, 0.032238065716057036, 0.03347799132052077, 0.04091754494730316, 0.041537507749535026, 0.044637321760694355, 0.05145691258524489, 0.05703657780533168, 0.4848109113453193, 0.4903905765654061, 0.4972101673899566, 1.0]",4.0,2.0,2.0,2.0,2.0,18,-6.09295,8.0,6.0,hrl_dqn_apf,hierarchical,dqn,-12.189,9.736,-4.252,0.00,0.00,0.00,-17.972,10.097,2.930,0.00,0.00,0.00,-12.882,5.896,4.037,0.00,0.00,0.00,3.000,3.000,3.000
2026-02-04 17:41:05,978.41,31,384,415,7.47%,205.46,1.92%,"[0, 5, 10, 15, 20, 25, 30, 35, 40, 45, 50, 55, 60, 65, 70, 75, 80, 85, 90, 95, 100]","[12, 4, 2, 4, 4, 5, 5, 8, 5, 4, 2, 11, 2, 5, 10, 9, 691, 10, 11, 809]","[0.007439553626782393, 0.009919404835709857, 0.011159330440173589, 0.013639181649101054, 0.016119032858028518, 0.019218846869187848, 0.022318660880347178, 0.02727836329820211, 0.03037817730936144, 0.0328580285182889, 0.034097954122752634, 0.04091754494730316, 0.04215747055176689, 0.04525728456292622, 0.05145691258524489, 0.05703657780533168, 0.48543087414755115, 0.4916305021698698, 0.49845009299442034, 1.0]",4.0,2.0,2.0,2.0,2.0,7,-11.93243,8.0,-6.0,hrl_dqn_apf,hierarchical,dqn,-12.186,9.733,-5.011,0.00,0.00,0.00,-18.524,10.185,2.610,0.00,0.00,0.00,-12.162,5.859,4.130,0.00,0.00,0.00,3.000,3.000,3.000
2026-02-04 17:41:06,979.41,33,388,421,7.84%,205.56,2.05%,"[0, 5, 10, 15, 20, 25, 30, 35, 40, 45, 50, 55, 60, 65, 70, 75, 80, 85, 90, 95, 100]","[12, 6, 3, 3, 4, 5, 4, 8, 6, 4, 1, 11, 2, 4, 10, 9, 692, 8, 10, 811]","[0.007439553626782393, 0.011159330440173589, 0.013019218846869188, 0.014879107253564786, 0.01735895846249225, 0.02045877247365158, 0.022938623682579044, 0.027898326100433975, 0.03161810291382517, 0.034097954122752634, 0.0347179169249845, 0.041537507749535026, 0.04277743335399876, 0.04525728456292622, 0.05145691258524489, 0.05703657780533168, 0.486050836949783, 0.49101053936763794, 0.4972101673899566, 1.0]",4.0,2.0,2.0,2.0,2.0,7,-11.93243,8.0,-6.0,hrl_dqn_apf,hierarchical,dqn,-12.185,9.730,-5.771,0.00,0.00,0.00,-18.734,9.974,2.077,0.00,0.00,0.00,-11.503,6.123,4.164,0.00,0.00,0.00,3.000,3.000,3.000
2026-02-04 17:41:07,980.41,34,387,421,8.08%,205.80,2.11%,"[0, 5, 10, 15, 20, 25, 30, 35, 40, 45, 50, 55, 60, 65, 70, 75, 80, 85, 90, 95, 100]","[13, 7, 3, 3, 2, 6, 5, 5, 7, 6, 1, 8, 4, 3, 9, 8, 694, 8, 9, 812]","[0.008059516429014259, 0.012399256044637322, 0.01425914445133292, 0.016119032858028518, 0.01735895846249225, 0.021078735275883446, 0.02417854928704278, 0.02727836329820211, 0.03161810291382517, 0.035337879727216366, 0.03595784252944823, 0.04091754494730316, 0.04339739615623062, 0.04525728456292622, 0.05083694978301302, 0.05579665220086795, 0.486050836949783, 0.49101053936763794, 0.49659020458772474, 1.0]",4.0,2.0,2.0,2.0,2.0,4,0.22799000000000014,8.0,-12.0,hrl_dqn_apf,hierarchical,dqn,-11.754,9.815,-6.869,0.00,0.00,0.00,-18.396,9.752,1.766,0.00,0.00,0.00,-10.724,6.425,4.179,0.00,0.00,0.00,3.000,3.000,3.000
2026-02-04 17:41:08,981.41,33,392,425,7.76%,205.89,2.05%,"[0, 5, 10, 15, 20, 25, 30, 35, 40, 45, 50, 55, 60, 65, 70, 75, 80, 85, 90, 95, 100]","[11, 8, 4, 3, 2, 5, 5, 6, 7, 5, 2, 8, 5, 2, 7, 10, 693, 8, 9, 813]","[0.006819590824550527, 0.011779293242405457, 0.01425914445133292, 0.016119032858028518, 0.01735895846249225, 0.02045877247365158, 0.023558586484810913, 0.02727836329820211, 0.03161810291382517, 0.0347179169249845, 0.03595784252944823, 0.04091754494730316, 0.04401735895846249, 0.04525728456292622, 0.04959702417854929, 0.05579665220086795, 0.48543087414755115, 0.4903905765654061, 0.49597024178549287, 1.0]",4.0,2.0,2.0,2.0,2.0,4,0.22799000000000014,8.0,-12.0,hrl_dqn_apf,hierarchical,dqn,-11.381,9.899,-6.690,0.00,0.00,0.00,-17.745,9.759,1.745,0.00,0.00,0.00,-10.043,6.420,4.180,0.00,0.00,0.00,3.000,3.000,3.000
2026-02-04 17:41:09,982.42,33,394,427,7.73%,205.96,2.05%,"[0, 5, 10, 15, 20, 25, 30, 35, 40, 45, 50, 55, 60, 65, 70, 75, 80, 85, 90, 95, 100]","[12, 9, 3, 2, 3, 4, 4, 7, 8, 5, 2, 7, 5, 2, 8, 9, 693, 10, 9, 811]","[0.007439553626782393, 0.013019218846869188, 0.014879107253564786, 0.016119032858028518, 0.017978921264724116, 0.02045877247365158, 0.022938623682579044, 0.02727836329820211, 0.032238065716057036, 0.035337879727216366, 0.0365778053316801, 0.04091754494730316, 0.04401735895846249, 0.04525728456292622, 0.050216986980781156, 0.05579665220086795, 0.48543087414755115, 0.4916305021698698, 0.4972101673899566, 1.0]",4.0,2.0,2.0,2.0,2.0,18,-5.61177,8.0,6.0,hrl_dqn_apf,hierarchical,dqn,-11.255,9.910,-6.107,0.00,0.00,0.00,-17.015,9.758,1.739,0.00,0.00,0.00,-9.445,6.420,4.273,0.00,0.00,0.00,3.000,3.000,3.000
2026-02-04 17:41:10,983.42,34,393,427,7.96%,206.07,2.11%,"[0, 5, 10, 15, 20, 25, 30, 35, 40, 45, 50, 55, 60, 65, 70, 75, 80, 85, 90, 95, 100]","[11, 11, 4, 2, 1, 5, 4, 6, 9, 5, 2, 7, 4, 3, 7, 8, 694, 10, 8, 812]","[0.006819590824550527, 0.013639181649101054, 0.016119032858028518, 0.01735895846249225, 0.017978921264724116, 0.021078735275883446, 0.023558586484810913, 0.02727836329820211, 0.0328580285182889, 0.03595784252944823, 0.037197768133911964, 0.041537507749535026, 0.04401735895846249, 0.04587724736515809, 0.050216986980781156, 0.05517668939863608, 0.48543087414755115, 0.4916305021698698, 0.49659020458772474, 1.0]",4.0,2.0,2.0,2.0,2.0,24,0.5485399999999991,8.0,12.0,hrl_dqn_apf,hierarchical,dqn,-11.216,9.908,-5.396,0.00,0.00,0.00,-16.263,9.756,1.737,0.00,0.00,0.00,-8.955,6.440,4.481,0.00,0.00,0.00,3.000,3.000,3.000
2026-02-04 17:41:11,984.42,32,395,427,7.49%,206.21,1.98%,"[0, 5, 10, 15, 20, 25, 30, 35, 40, 45, 50, 55, 60, 65, 70, 75, 80, 85, 90, 95, 100]","[10, 7, 8, 2, 2, 3, 4, 6, 8, 8, 3, 6, 6, 3, 6, 7, 694, 12, 7, 811]","[0.006199628022318661, 0.010539367637941723, 0.015499070055796652, 0.016738995660260384, 0.017978921264724116, 0.019838809671419714, 0.022318660880347178, 0.026038437693738377, 0.030998140111593304, 0.03595784252944823, 0.03781773093614383, 0.041537507749535026, 0.04525728456292622, 0.047117172969621826, 0.05083694978301302, 0.05517668939863608, 0.48543087414755115, 0.49287042777433354, 0.4972101673899566, 1.0]",4.0,2.0,2.0,2.0,2.0,24,0.5485399999999991,8.0,12.0,hrl_dqn_apf,hierarchical,dqn,-11.201,9.901,-3.889,0.00,0.00,0.00,-14.742,9.750,1.736,0.00,0.00,0.00,-7.533,6.438,4.572,0.00,0.00,0.00,3.000,3.000,3.000
2026-02-04 17:41:12,985.42,33,394,427,7.73%,206.31,2.05%,"[0, 5, 10, 15, 20, 25, 30, 35, 40, 45, 50, 55, 60, 65, 70, 75, 80, 85, 90, 95, 100]","[10, 7, 9, 3, 2, 2, 5, 6, 7, 8, 3, 6, 4, 4, 5, 6, 695, 12, 7, 812]","[0.006199628022318661, 0.010539367637941723, 0.016119032858028518, 0.017978921264724116, 0.019218846869187848, 0.02045877247365158, 0.023558586484810913, 0.02727836329820211, 0.03161810291382517, 0.0365778053316801, 0.038437693738375696, 0.04215747055176689, 0.044637321760694355, 0.047117172969621826, 0.050216986980781156, 0.05393676379417235, 0.4848109113453193, 0.4922504649721017, 0.49659020458772474, 1.0]",4.0,2.0,2.0,2.0,2.0,18,-5.2915600000000005,8.0,6.0,hrl_dqn_apf,hierarchical,dqn,-11.200,9.898,-3.130,0.00,0.00,0.00,-13.982,9.747,1.736,0.00,0.00,0.00,-6.779,6.435,4.579,0.00,0.00,0.00,3.000,3.000,3.000
2026-02-04 17:41:13,986.42,35,392,427,8.20%,206.39,2.17%,"[0, 5, 10, 15, 20, 25, 30, 35, 40, 45, 50, 55, 60, 65, 70, 75, 80, 85, 90, 95, 100]","[10, 10, 7, 4, 2, 2, 4, 6, 8, 5, 4, 6, 3, 5, 5, 4, 696, 12, 7, 813]","[0.006199628022318661, 0.012399256044637322, 0.016738995660260384, 0.019218846869187848, 0.02045877247365158, 0.02169869807811531, 0.02417854928704278, 0.027898326100433975, 0.0328580285182889, 0.03595784252944823, 0.038437693738375696, 0.04215747055176689, 0.04401735895846249, 0.047117172969621826, 0.050216986980781156, 0.05269683818970862, 0.4841909485430874, 0.4916305021698698, 0.49597024178549287, 1.0]",4.0,2.0,2.0,2.0,2.0,19,0.8687400000000007,8.0,6.0,hrl_dqn_apf,hierarchical,dqn,-11.200,9.895,-2.370,0.00,0.00,0.00,-13.222,9.744,1.736,0.00,0.00,0.00,-6.020,6.432,4.582,0.00,0.00,0.00,3.000,3.000,3.000
2026-02-04 17:41:14,987.43,35,392,427,8.20%,206.52,2.17%,"[0, 5, 10, 15, 20, 25, 30, 35, 40, 45, 50, 55, 60, 65, 70, 75, 80, 85, 90, 95, 100]","[9, 9, 9, 3, 2, 3, 3, 5, 10, 5, 4, 6, 2, 7, 4, 4, 696, 13, 8, 811]","[0.005579665220086794, 0.011159330440173589, 0.016738995660260384, 0.018598884066955982, 0.019838809671419714, 0.02169869807811531, 0.023558586484810913, 0.026658400495970243, 0.0328580285182889, 0.03595784252944823, 0.038437693738375696, 0.04215747055176689, 0.04339739615623062, 0.04773713577185369, 0.050216986980781156, 0.05269683818970862, 0.4841909485430874, 0.4922504649721017, 0.4972101673899566, 1.0]",4.0,2.0,2.0,2.0,2.0,19,0.8687400000000007,8.0,6.0,hrl_dqn_apf,hierarchical,dqn,-11.162,9.998,-1.773,0.00,0.00,0.00,-12.571,9.804,1.807,0.00,0.00,0.00,-5.257,6.429,4.584,0.00,0.00,0.00,3.000,3.000,3.000
2026-02-04 17:41:15,988.43,35,391,426,8.22%,206.78,2.17%,"[0, 5, 10, 15, 20, 25, 30, 35, 40, 45, 50, 55, 60, 65, 70, 75, 80, 85, 90, 95, 100]","[7, 10, 9, 5, 2, 2, 3, 7, 7, 8, 3, 7, 1, 6, 5, 2, 694, 14, 10, 811]","[0.0043397396156230625, 0.010539367637941723, 0.016119032858028518, 0.019218846869187848, 0.02045877247365158, 0.02169869807811531, 0.023558586484810913, 0.027898326100433975, 0.032238065716057036, 0.037197768133911964, 0.03905765654060756, 0.04339739615623062, 0.04401735895846249, 0.04773713577185369, 0.05083694978301302, 0.052076875387476754, 0.4823310601363918, 0.49101053936763794, 0.4972101673899566, 1.0]",4.0,2.0,2.0,2.0,2.0,9,1.0290800000000004,8.0,-6.0,hrl_dqn_apf,hierarchical,dqn,-10.669,10.112,-2.484,0.00,0.00,0.00,-12.679,9.826,2.868,0.00,0.00,0.00,-3.737,6.423,4.586,0.00,0.00,0.00,3.000,3.000,3.000
2026-02-04 17:41:16,989.43,36,386,422,8.53%,206.90,2.23%,"[0, 5, 10, 15, 20, 25, 30, 35, 40, 45, 50, 55, 60, 65, 70, 75, 80, 85, 90, 95, 100]","[8, 10, 7, 7, 2, 2, 3, 6, 7, 7, 4, 7, 1, 6, 5, 2, 694, 14, 10, 811]","[0.0049597024178549285, 0.011159330440173589, 0.015499070055796652, 0.019838809671419714, 0.021078735275883446, 0.022318660880347178, 0.02417854928704278, 0.027898326100433975, 0.032238065716057036, 0.0365778053316801, 0.03905765654060756, 0.04339739615623062, 0.04401735895846249, 0.04773713577185369, 0.05083694978301302, 0.052076875387476754, 0.4823310601363918, 0.49101053936763794, 0.4972101673899566, 1.0]",4.0,2.0,2.0,2.0,2.0,17,-10.81094,8.0,6.0,hrl_dqn_apf,hierarchical,dqn,-10.389,10.131,-3.152,0.00,0.00,0.00,-12.932,9.801,3.558,0.00,0.00,0.00,-2.973,6.420,4.587,0.00,0.00,0.00,3.000,3.000,3.000
2026-02-04 17:41:17,990.43,36,390,426,8.45%,207.06,2.23%,"[0, 5, 10, 15, 20, 25, 30, 35, 40, 45, 50, 55, 60, 65, 70, 75, 80, 85, 90, 95, 100]","[8, 8, 6, 9, 3, 2, 2, 6, 8, 7, 4, 7, 1, 6, 5, 1, 693, 15, 11, 811]","[0.0049597024178549285, 0.009919404835709857, 0.013639181649101054, 0.019218846869187848, 0.021078735275883446, 0.022318660880347178, 0.023558586484810913, 0.02727836329820211, 0.032238065716057036, 0.0365778053316801, 0.03905765654060756, 0.04339739615623062, 0.04401735895846249, 0.04773713577185369, 0.05083694978301302, 0.05145691258524489, 0.4810911345319281, 0.4903905765654061, 0.4972101673899566, 1.0]",4.0,2.0,2.0,2.0,2.0,17,-10.81094,8.0,6.0,hrl_dqn_apf,hierarchical,dqn,-10.170,9.819,-3.703,0.00,0.00,0.00,-13.144,9.799,4.278,0.00,0.00,0.00,-2.383,6.487,4.411,0.00,0.00,0.00,3.000,3.000,3.000
2026-02-04 17:41:18,991.44,37,387,424,8.73%,207.17,2.29%,"[0, 5, 10, 15, 20, 25, 30, 35, 40, 45, 50, 55, 60, 65, 70, 75, 80, 85, 90, 95, 100]","[8, 7, 8, 7, 5, 2, 1, 5, 8, 7, 3, 9, 1, 4, 7, 2, 691, 16, 10, 812]","[0.0049597024178549285, 0.009299442033477991, 0.01425914445133292, 0.018598884066955982, 0.02169869807811531, 0.022938623682579044, 0.023558586484810913, 0.026658400495970243, 0.03161810291382517, 0.03595784252944823, 0.03781773093614383, 0.04339739615623062, 0.04401735895846249, 0.04649721016738995, 0.05083694978301302, 0.052076875387476754, 0.4804711717296962, 0.4903905765654061, 0.49659020458772474, 1.0]",4.0,2.0,2.0,2.0,2.0,2,-10.73083,8.0,-12.0,hrl_dqn_apf,hierarchical,dqn,-10.003,9.675,-3.894,0.00,0.00,0.00,-13.145,9.853,4.949,0.00,0.00,0.00,-2.174,6.507,3.849,0.00,0.00,0.00,3.000,3.000,3.000
2026-02-04 17:41:19,992.44,37,387,424,8.73%,207.38,2.29%,"[0, 5, 10, 15, 20, 25, 30, 35, 40, 45, 50, 55, 60, 65, 70, 75, 80, 85, 90, 95, 100]","[7, 7, 8, 9, 4, 2, 2, 4, 7, 7, 5, 8, 2, 3, 7, 1, 691, 13, 13, 813]","[0.0043397396156230625, 0.008679479231246125, 0.013639181649101054, 0.019218846869187848, 0.02169869807811531, 0.022938623682579044, 0.02417854928704278, 0.026658400495970243, 0.030998140111593304, 0.035337879727216366, 0.038437693738375696, 0.04339739615623062, 0.044637321760694355, 0.04649721016738995, 0.05083694978301302, 0.05145691258524489, 0.47985120892746436, 0.4879107253564786, 0.49597024178549287, 1.0]",4.0,2.0,2.0,2.0,2.0,7,-10.57052,8.0,-6.0,hrl_dqn_apf,hierarchical,dqn,-9.485,9.743,-4.384,0.00,0.00,0.00,-12.011,9.897,5.324,0.00,0.00,0.00,-2.087,6.503,2.396,0.00,0.00,0.00,3.000,3.000,3.000
2026-02-04 17:41:20,993.44,37,389,426,8.69%,207.41,2.29%,"[0, 5, 10, 15, 20, 25, 30, 35, 40, 45, 50, 55, 60, 65, 70, 75, 80, 85, 90, 95, 100]","[8, 5, 9, 8, 5, 2, 2, 4, 8, 7, 5, 9, 2, 2, 8, 1, 690, 12, 13, 813]","[0.0049597024178549285, 0.008059516429014259, 0.013639181649101054, 0.018598884066955982, 0.02169869807811531, 0.022938623682579044, 0.02417854928704278, 0.026658400495970243, 0.03161810291382517, 0.03595784252944823, 0.03905765654060756, 0.044637321760694355, 0.04587724736515809, 0.047117172969621826, 0.052076875387476754, 0.05269683818970862, 0.4804711717296962, 0.4879107253564786, 0.49597024178549287, 1.0]",4.0,2.0,2.0,2.0,2.0,7,-10.57052,8.0,-6.0,hrl_dqn_apf,hierarchical,dqn,-9.464,9.800,-4.362,0.00,0.00,0.00,-11.252,9.894,5.352,0.00,0.00,0.00,-2.080,6.500,1.617,0.00,0.00,0.00,3.000,3.000,3.000
2026-02-04 17:41:21,994.44,37,387,424,8.73%,207.50,2.29%,"[0, 5, 10, 15, 20, 25, 30, 35, 40, 45, 50, 55, 60, 65, 70, 75, 80, 85, 90, 95, 100]","[6, 6, 9, 8, 6, 2, 3, 3, 8, 7, 6, 9, 2, 2, 8, 1, 689, 13, 13, 812]","[0.0037197768133911966, 0.007439553626782393, 0.013019218846869188, 0.017978921264724116, 0.02169869807811531, 0.022938623682579044, 0.024798512089274645, 0.026658400495970243, 0.03161810291382517, 0.03595784252944823, 0.03967761934283943, 0.04525728456292622, 0.04649721016738995, 0.04773713577185369, 0.05269683818970862, 0.053316800991940486, 0.4804711717296962, 0.4885306881587105, 0.49659020458772474, 1.0]",4.0,2.0,2.0,2.0,2.0,17,-10.41066,8.0,6.0,hrl_dqn_apf,hierarchical,dqn,-9.458,9.862,-4.364,0.00,0.00,0.00,-10.498,9.891,5.360,0.00,0.00,0.00,-2.077,6.497,0.857,0.00,0.00,0.00,3.000,3.000,3.000
2026-02-04 17:41:22,995.44,39,387,426,9.15%,207.54,2.42%,"[0, 5, 10, 15, 20, 25, 30, 35, 40, 45, 50, 55, 60, 65, 70, 75, 80, 85, 90, 95, 100]","[8, 6, 7, 6, 9, 3, 2, 2, 8, 8, 5, 10, 2, 2, 8, 1, 688, 13, 13, 812]","[0.0049597024178549285, 0.008679479231246125, 0.013019218846869188, 0.016738995660260384, 0.022318660880347178, 0.02417854928704278, 0.02541847489150651, 0.026658400495970243, 0.03161810291382517, 0.0365778053316801, 0.03967761934283943, 0.04587724736515809, 0.047117172969621826, 0.04835709857408556, 0.053316800991940486, 0.05393676379417235, 0.4804711717296962, 0.4885306881587105, 0.49659020458772474, 1.0]",4.0,2.0,2.0,2.0,2.0,10,-22.25056,8.0,0.0,hrl_dqn_apf,hierarchical,dqn,-9.456,9.924,-4.366,0.00,0.00,0.00,-9.821,9.939,5.447,0.00,0.00,0.00,-2.168,6.548,0.188,0.00,0.00,0.00,3.000,3.000,3.000
2026-02-04 17:41:23,996.45,40,387,427,9.37%,207.71,2.48%,"[0, 5, 10, 15, 20, 25, 30, 35, 40, 45, 50, 55, 60, 65, 70, 75, 80, 85, 90, 95, 100]","[7, 6, 7, 7, 7, 6, 1, 4, 7, 8, 5, 9, 4, 2, 5, 4, 687, 10, 14, 813]","[0.0043397396156230625, 0.008059516429014259, 0.012399256044637322, 0.016738995660260384, 0.021078735275883446, 0.024798512089274645, 0.02541847489150651, 0.027898326100433975, 0.032238065716057036, 0.037197768133911964, 0.040297582145071294, 0.04587724736515809, 0.04835709857408556, 0.04959702417854929, 0.05269683818970862, 0.05517668939863608, 0.4810911345319281, 0.48729076255424675, 0.49597024178549287, 1.0]",4.0,2.0,2.0,2.0,2.0,10,-22.25056,8.0,0.0,hrl_dqn_apf,hierarchical,dqn,-9.457,10.039,-4.366,0.00,0.00,0.00,-9.876,10.035,6.209,0.00,0.00,0.00,-3.353,6.583,-0.169,0.00,0.00,0.00,3.000,3.000,3.000
2026-02-04 17:41:24,997.45,40,387,427,9.37%,207.86,2.48%,"[0, 5, 10, 15, 20, 25, 30, 35, 40, 45, 50, 55, 60, 65, 70, 75, 80, 85, 90, 95, 100]","[6, 6, 8, 7, 8, 5, 2, 3, 6, 7, 6, 9, 4, 3, 5, 4, 687, 10, 13, 814]","[0.0037197768133911966, 0.007439553626782393, 0.012399256044637322, 0.016738995660260384, 0.02169869807811531, 0.024798512089274645, 0.026038437693738377, 0.027898326100433975, 0.03161810291382517, 0.03595784252944823, 0.03967761934283943, 0.04525728456292622, 0.04773713577185369, 0.04959702417854929, 0.05269683818970862, 0.05517668939863608, 0.4810911345319281, 0.48729076255424675, 0.495350278983261, 1.0]",4.0,2.0,2.0,2.0,2.0,10,-22.08991,8.0,0.0,hrl_dqn_apf,hierarchical,dqn,-9.747,10.076,-4.378,0.00,0.00,0.00,-10.223,9.632,6.313,0.00,0.00,0.00,-4.096,6.581,-0.196,0.00,0.00,0.00,3.000,3.000,3.000
2026-02-04 17:41:25,998.45,40,387,427,9.37%,208.02,2.48%,"[0, 5, 10, 15, 20, 25, 30, 35, 40, 45, 50, 55, 60, 65, 70, 75, 80, 85, 90, 95, 100]","[5, 7, 5, 10, 7, 6, 1, 3, 6, 8, 5, 10, 4, 4, 5, 3, 688, 9, 12, 815]","[0.0030998140111593306, 0.007439553626782393, 0.010539367637941723, 0.016738995660260384, 0.021078735275883446, 0.024798512089274645, 0.02541847489150651, 0.02727836329820211, 0.030998140111593304, 0.03595784252944823, 0.03905765654060756, 0.04525728456292622, 0.04773713577185369, 0.050216986980781156, 0.053316800991940486, 0.05517668939863608, 0.48171109733415995, 0.48729076255424675, 0.49473031618102914, 1.0]",4.0,2.0,2.0,2.0,2.0,13,-3.7696400000000008,8.0,0.0,hrl_dqn_apf,hierarchical,dqn,-10.183,9.737,-4.387,0.00,0.00,0.00,-10.333,9.595,6.522,0.00,0.00,0.00,-4.851,6.578,-0.205,0.00,0.00,0.00,3.000,3.000,3.000
2026-02-04 17:41:26,999.45,39,390,429,9.09%,208.12,2.42%,"[0, 5, 10, 15, 20, 25, 30, 35, 40, 45, 50, 55, 60, 65, 70, 75, 80, 85, 90, 95, 100]","[6, 5, 5, 9, 8, 6, 2, 3, 5, 8, 5, 12, 5, 2, 4, 4, 688, 8, 12, 816]","[0.0037197768133911966, 0.006819590824550527, 0.009919404835709857, 0.015499070055796652, 0.02045877247365158, 0.02417854928704278, 0.02541847489150651, 0.02727836329820211, 0.03037817730936144, 0.035337879727216366, 0.038437693738375696, 0.04587724736515809, 0.048977061376317424, 0.050216986980781156, 0.05269683818970862, 0.05517668939863608, 0.48171109733415995, 0.4866707997520149, 0.4941103533787973, 1.0]",4.0,2.0,2.0,2.0,2.0,13,-3.7696400000000008,8.0,0.0,hrl_dqn_apf,hierarchical,dqn,-10.437,9.590,-4.390,0.00,0.00,0.00,-10.366,9.610,7.097,0.00,0.00,0.00,-5.613,6.575,-0.208,0.00,0.00,0.00,3.000,3.000,3.000
2026-02-04 17:41:27,1000.45,39,388,427,9.13%,208.24,2.42%,"[0, 5, 10, 15, 20, 25, 30, 35, 40, 45, 50, 55, 60, 65, 70, 75, 80, 85, 90, 95, 100]","[5, 6, 5, 8, 7, 8, 4, 3, 4, 8, 6, 9, 5, 4, 4, 2, 690, 7, 11, 817]","[0.0030998140111593306, 0.006819590824550527, 0.009919404835709857, 0.014879107253564786, 0.019218846869187848, 0.02417854928704278, 0.026658400495970243, 0.02851828890266584, 0.030998140111593304, 0.03595784252944823, 0.03967761934283943, 0.04525728456292622, 0.04835709857408556, 0.05083694978301302, 0.053316800991940486, 0.05455672659640422, 0.4823310601363918, 0.4866707997520149, 0.4934903905765654, 1.0]",4.0,2.0,2.0,2.0,2.0,8,-3.7694600000000005,8.0,-6.0,hrl_dqn_apf,hierarchical,dqn,-10.811,9.742,-4.391,0.00,0.00,0.00,-10.381,9.612,8.549,0.00,0.00,0.00,-6.257,6.744,-0.210,0.00,0.00,0.00,3.000,3.000,3.000
2026-02-04 17:41:28,1001.46,37,391,428,8.64%,208.38,2.29%,"[0, 5, 10, 15, 20, 25, 30, 35, 40, 45, 50, 55, 60, 65, 70, 75, 80, 85, 90, 95, 100]","[5, 5, 5, 8, 7, 7, 7, 3, 4, 7, 6, 10, 5, 4, 4, 1, 691, 7, 9, 818]","[0.0030998140111593306, 0.006199628022318661, 0.009299442033477991, 0.01425914445133292, 0.018598884066955982, 0.022938623682579044, 0.02727836329820211, 0.029138251704897707, 0.03161810291382517, 0.03595784252944823, 0.03967761934283943, 0.04587724736515809, 0.048977061376317424, 0.05145691258524489, 0.05393676379417235, 0.05455672659640422, 0.4829510229386237, 0.48729076255424675, 0.49287042777433354, 1.0]",4.0,2.0,2.0,2.0,2.0,20,-21.60949,8.0,12.0,hrl_dqn_apf,hierarchical,dqn,-10.242,9.752,-4.391,0.00,0.00,0.00,-10.668,9.687,9.028,0.00,0.00,0.00,-5.707,6.755,-0.210,0.00,0.00,0.00,3.000,3.000,3.000
2026-02-04 17:41:29,1002.46,38,390,428,8.88%,208.53,2.36%,"[0, 5, 10, 15, 20, 25, 30, 35, 40, 45, 50, 55, 60, 65, 70, 75, 80, 85, 90, 95, 100]","[5, 4, 6, 8, 8, 7, 5, 3, 5, 6, 5, 11, 5, 5, 4, 1, 691, 7, 9, 818]","[0.0030998140111593306, 0.005579665220086794, 0.009299442033477991, 0.01425914445133292, 0.019218846869187848, 0.023558586484810913, 0.026658400495970243, 0.02851828890266584, 0.03161810291382517, 0.035337879727216366, 0.038437693738375696, 0.04525728456292622, 0.04835709857408556, 0.05145691258524489, 0.05393676379417235, 0.05455672659640422, 0.4829510229386237, 0.48729076255424675, 0.49287042777433354, 1.0]",4.0,2.0,2.0,2.0,2.0,20,-21.60949,8.0,12.0,hrl_dqn_apf,hierarchical,dqn,-9.537,9.751,-4.390,0.00,0.00,0.00,-11.281,9.697,9.185,0.00,0.00,0.00,-5.005,6.753,-0.210,0.00,0.00,0.00,3.000,3.000,3.000
2026-02-04 17:41:31,1003.46,38,386,424,8.96%,208.62,2.36%,"[0, 5, 10, 15, 20, 25, 30, 35, 40, 45, 50, 55, 60, 65, 70, 75, 80, 85, 90, 95, 100]","[6, 3, 7, 6, 9, 7, 6, 2, 5, 7, 5, 10, 5, 5, 4, 1, 690, 8, 8, 819]","[0.0037197768133911966, 0.005579665220086794, 0.009919404835709857, 0.013639181649101054, 0.019218846869187848, 0.023558586484810913, 0.02727836329820211, 0.02851828890266584, 0.03161810291382517, 0.03595784252944823, 0.03905765654060756, 0.04525728456292622, 0.04835709857408556, 0.05145691258524489, 0.05393676379417235, 0.05455672659640422, 0.4823310601363918, 0.48729076255424675, 0.4922504649721017, 1.0]",4.0,2.0,2.0,2.0,2.0,11,-15.44929,8.0,0.0,hrl_dqn_apf,hierarchical,dqn,-8.787,9.748,-4.390,0.00,0.00,0.00,-12.003,9.695,9.234,0.00,0.00,0.00,-4.446,6.853,-0.209,0.00,0.00,0.00,3.000,3.000,3.000
2026-02-04 17:41:32,1004.46,34,392,426,7.98%,208.81,2.11%,"[0, 5, 10, 15, 20, 25, 30, 35, 40, 45, 50, 55, 60, 65, 70, 75, 80, 85, 90, 95, 100]","[5, 3, 6, 6, 8, 6, 9, 3, 5, 5, 6, 10, 5, 6, 4, 1, 690, 8, 7, 820]","[0.0030998140111593306, 0.0049597024178549285, 0.008679479231246125, 0.012399256044637322, 0.01735895846249225, 0.021078735275883446, 0.026658400495970243, 0.02851828890266584, 0.03161810291382517, 0.0347179169249845, 0.038437693738375696, 0.044637321760694355, 0.04773713577185369, 0.05145691258524489, 0.05393676379417235, 0.05455672659640422, 0.4823310601363918, 0.48729076255424675, 0.4916305021698698, 1.0]",4.0,2.0,2.0,2.0,2.0,13,-3.2888699999999993,8.0,0.0,hrl_dqn_apf,hierarchical,dqn,-7.271,9.742,-4.388,0.00,0.00,0.00,-13.510,9.689,9.254,0.00,0.00,0.00,-5.286,6.929,-0.209,0.00,0.00,0.00,3.000,3.000,3.000
2026-02-04 17:41:33,1005.46,33,389,422,7.82%,208.92,2.05%,"[0, 5, 10, 15, 20, 25, 30, 35, 40, 45, 50, 55, 60, 65, 70, 75, 80, 85, 90, 95, 100]","[5, 1, 7, 7, 7, 6, 8, 5, 5, 4, 7, 10, 4, 6, 5, 1, 689, 8, 6, 822]","[0.0030998140111593306, 0.0037197768133911966, 0.008059516429014259, 0.012399256044637322, 0.016738995660260384, 0.02045877247365158, 0.02541847489150651, 0.02851828890266584, 0.03161810291382517, 0.034097954122752634, 0.038437693738375696, 0.044637321760694355, 0.047117172969621826, 0.05083694978301302, 0.05393676379417235, 0.05455672659640422, 0.48171109733415995, 0.4866707997520149, 0.4903905765654061, 1.0]",4.0,2.0,2.0,2.0,2.0,13,-3.2888699999999993,8.0,0.0,hrl_dqn_apf,hierarchical,dqn,-6.498,9.740,-4.390,0.00,0.00,0.00,-14.272,9.686,9.255,0.00,0.00,0.00,-6.006,6.926,-0.210,0.00,0.00,0.00,3.000,3.000,3.000
2026-02-04 17:41:34,1006.47,33,389,422,7.82%,208.95,2.05%,"[0, 5, 10, 15, 20, 25, 30, 35, 40, 45, 50, 55, 60, 65, 70, 75, 80, 85, 90, 95, 100]","[4, 2, 6, 5, 8, 8, 7, 7, 5, 4, 6, 10, 5, 5, 6, 1, 689, 8, 4, 823]","[0.0024798512089274642, 0.0037197768133911966, 0.007439553626782393, 0.010539367637941723, 0.015499070055796652, 0.02045877247365158, 0.024798512089274645, 0.029138251704897707, 0.032238065716057036, 0.0347179169249845, 0.038437693738375696, 0.044637321760694355, 0.04773713577185369, 0.05083694978301302, 0.05455672659640422, 0.05517668939863608, 0.4823310601363918, 0.48729076255424675, 0.4897706137631742, 1.0]",4.0,2.0,2.0,2.0,2.0,23,-3.1289,8.0,12.0,hrl_dqn_apf,hierarchical,dqn,-5.905,9.809,-4.198,0.00,0.00,0.00,-14.685,9.824,9.256,0.00,0.00,0.00,-6.775,6.923,-0.211,0.00,0.00,0.00,3.000,3.000,3.000
2026-02-04 17:41:35,1007.47,33,393,426,7.75%,209.02,2.05%,"[0, 5, 10, 15, 20, 25, 30, 35, 40, 45, 50, 55, 60, 65, 70, 75, 80, 85, 90, 95, 100]","[4, 3, 5, 5, 8, 8, 7, 6, 5, 5, 5, 9, 7, 5, 6, 1, 688, 9, 4, 823]","[0.0024798512089274642, 0.0043397396156230625, 0.007439553626782393, 0.010539367637941723, 0.015499070055796652, 0.02045877247365158, 0.024798512089274645, 0.02851828890266584, 0.03161810291382517, 0.0347179169249845, 0.03781773093614383, 0.04339739615623062, 0.04773713577185369, 0.05083694978301302, 0.05455672659640422, 0.05517668939863608, 0.48171109733415995, 0.48729076255424675, 0.4897706137631742, 1.0]",4.0,2.0,2.0,2.0,2.0,23,-3.0488599999999995,8.0,12.0,hrl_dqn_apf,hierarchical,dqn,-5.702,9.827,-3.625,0.00,0.00,0.00,-14.321,9.866,9.256,0.00,0.00,0.00,-7.439,6.975,-0.114,0.00,0.00,0.00,3.000,3.000,3.000
2026-02-04 17:41:36,1008.47,32,392,424,7.55%,209.13,1.98%,"[0, 5, 10, 15, 20, 25, 30, 35, 40, 45, 50, 55, 60, 65, 70, 75, 80, 85, 90, 95, 100]","[3, 4, 3, 7, 5, 10, 6, 7, 5, 5, 4, 11, 4, 8, 7, 1, 688, 8, 5, 822]","[0.0018598884066955983, 0.0043397396156230625, 0.006199628022318661, 0.010539367637941723, 0.013639181649101054, 0.019838809671419714, 0.023558586484810913, 0.027898326100433975, 0.030998140111593304, 0.034097954122752634, 0.0365778053316801, 0.04339739615623062, 0.04587724736515809, 0.05083694978301302, 0.05517668939863608, 0.05579665220086795, 0.4823310601363918, 0.48729076255424675, 0.4903905765654061, 1.0]",4.0,2.0,2.0,2.0,2.0,23,-3.0488599999999995,8.0,12.0,hrl_dqn_apf,hierarchical,dqn,-5.624,9.828,-2.175,0.00,0.00,0.00,-12.945,9.864,9.256,0.00,0.00,0.00,-7.791,7.009,1.076,0.00,0.00,0.00,3.000,3.000,3.000
2026-02-04 17:41:37,1009.47,31,397,428,7.24%,209.18,1.92%,"[0, 5, 10, 15, 20, 25, 30, 35, 40, 45, 50, 55, 60, 65, 70, 75, 80, 85, 90, 95, 100]","[3, 4, 3, 6, 6, 9, 7, 8, 5, 5, 4, 10, 5, 6, 8, 1, 688, 8, 5, 822]","[0.0018598884066955983, 0.0043397396156230625, 0.006199628022318661, 0.009919404835709857, 0.013639181649101054, 0.019218846869187848, 0.023558586484810913, 0.02851828890266584, 0.03161810291382517, 0.0347179169249845, 0.037197768133911964, 0.04339739615623062, 0.04649721016738995, 0.050216986980781156, 0.05517668939863608, 0.05579665220086795, 0.4823310601363918, 0.48729076255424675, 0.4903905765654061, 1.0]",4.0,2.0,2.0,2.0,2.0,16,-14.88827,8.0,6.0,hrl_dqn_apf,hierarchical,dqn,-5.924,9.903,-1.716,0.00,0.00,0.00,-12.190,9.861,9.256,0.00,0.00,0.00,-7.818,7.008,1.671,0.00,0.00,0.00,3.000,3.000,3.000
2026-02-04 17:41:38,1010.47,29,399,428,6.78%,209.20,1.80%,"[0, 5, 10, 15, 20, 25, 30, 35, 40, 45, 50, 55, 60, 65, 70, 75, 80, 85, 90, 95, 100]","[3, 4, 2, 7, 6, 7, 6, 10, 6, 5, 3, 11, 5, 6, 7, 2, 689, 8, 5, 821]","[0.0018598884066955983, 0.0043397396156230625, 0.005579665220086794, 0.009919404835709857, 0.013639181649101054, 0.017978921264724116, 0.02169869807811531, 0.027898326100433975, 0.03161810291382517, 0.0347179169249845, 0.0365778053316801, 0.04339739615623062, 0.04649721016738995, 0.050216986980781156, 0.05455672659640422, 0.05579665220086795, 0.4829510229386237, 0.4879107253564786, 0.49101053936763794, 1.0]",4.0,2.0,2.0,2.0,2.0,16,-14.88827,8.0,6.0,hrl_dqn_apf,hierarchical,dqn,-6.483,9.911,-1.568,0.00,0.00,0.00,-11.608,9.928,9.076,0.00,0.00,0.00,-7.826,7.020,2.173,0.00,0.00,0.00,3.000,3.000,3.000
2026-02-04 17:41:39,1011.48,28,399,427,6.56%,209.25,1.74%,"[0, 5, 10, 15, 20, 25, 30, 35, 40, 45, 50, 55, 60, 65, 70, 75, 80, 85, 90, 95, 100]","[3, 5, 1, 7, 4, 8, 8, 7, 9, 5, 3, 10, 5, 6, 7, 3, 688, 7, 6, 821]","[0.0018598884066955983, 0.0049597024178549285, 0.005579665220086794, 0.009919404835709857, 0.012399256044637322, 0.01735895846249225, 0.022318660880347178, 0.026658400495970243, 0.032238065716057036, 0.035337879727216366, 0.037197768133911964, 0.04339739615623062, 0.04649721016738995, 0.050216986980781156, 0.05455672659640422, 0.056416615003099815, 0.4829510229386237, 0.48729076255424675, 0.49101053936763794, 1.0]",4.0,2.0,2.0,2.0,2.0,0,-20.7282,8.0,-12.0,hrl_dqn_apf,hierarchical,dqn,-6.902,9.932,-1.521,0.00,0.00,0.00,-11.400,9.948,8.509,0.00,0.00,0.00,-7.829,7.020,2.859,0.00,0.00,0.00,3.000,3.000,3.000
2026-02-04 17:41:40,1012.48,26,403,429,6.06%,209.34,1.61%,"[0, 5, 10, 15, 20, 25, 30, 35, 40, 45, 50, 55, 60, 65, 70, 75, 80, 85, 90, 95, 100]","[3, 3, 3, 4, 6, 7, 8, 9, 8, 6, 4, 10, 3, 6, 8, 4, 688, 6, 6, 821]","[0.0018598884066955983, 0.0037197768133911966, 0.005579665220086794, 0.008059516429014259, 0.011779293242405457, 0.016119032858028518, 0.021078735275883446, 0.026658400495970243, 0.03161810291382517, 0.035337879727216366, 0.03781773093614383, 0.04401735895846249, 0.04587724736515809, 0.04959702417854929, 0.05455672659640422, 0.05703657780533168, 0.48357098574085555, 0.48729076255424675, 0.49101053936763794, 1.0]",4.0,2.0,2.0,2.0,2.0,15,-20.56785,8.0,6.0,hrl_dqn_apf,hierarchical,dqn,-8.282,9.935,-1.507,0.00,0.00,0.00,-11.316,9.944,7.056,0.00,0.00,0.00,-8.278,7.100,3.918,0.00,0.00,0.00,3.000,3.000,3.000
2026-02-04 17:41:41,1013.48,25,402,427,5.85%,209.38,1.55%,"[0, 5, 10, 15, 20, 25, 30, 35, 40, 45, 50, 55, 60, 65, 70, 75, 80, 85, 90, 95, 100]","[2, 4, 4, 3, 7, 5, 10, 8, 8, 5, 4, 10, 4, 6, 8, 4, 688, 6, 7, 820]","[0.0012399256044637321, 0.0037197768133911966, 0.006199628022318661, 0.008059516429014259, 0.012399256044637322, 0.015499070055796652, 0.02169869807811531, 0.026658400495970243, 0.03161810291382517, 0.0347179169249845, 0.037197768133911964, 0.04339739615623062, 0.04587724736515809, 0.04959702417854929, 0.05455672659640422, 0.05703657780533168, 0.48357098574085555, 0.48729076255424675, 0.4916305021698698, 1.0]",4.0,2.0,2.0,2.0,2.0,15,-20.56785,8.0,6.0,hrl_dqn_apf,hierarchical,dqn,-8.692,10.020,-1.522,0.00,0.00,0.00,-11.310,9.941,6.299,0.00,0.00,0.00,-8.937,7.104,4.028,0.00,0.00,0.00,3.000,3.000,3.000
2026-02-04 17:41:42,1014.48,25,402,427,5.85%,209.48,1.55%,"[0, 5, 10, 15, 20, 25, 30, 35, 40, 45, 50, 55, 60, 65, 70, 75, 80, 85, 90, 95, 100]","[4, 2, 4, 4, 5, 6, 9, 9, 9, 6, 4, 9, 4, 6, 9, 4, 688, 6, 7, 818]","[0.0024798512089274642, 0.0037197768133911966, 0.006199628022318661, 0.008679479231246125, 0.011779293242405457, 0.015499070055796652, 0.021078735275883446, 0.026658400495970243, 0.032238065716057036, 0.03595784252944823, 0.038437693738375696, 0.04401735895846249, 0.04649721016738995, 0.050216986980781156, 0.05579665220086795, 0.05827650340979541, 0.4848109113453193, 0.4885306881587105, 0.49287042777433354, 1.0]",4.0,2.0,2.0,2.0,2.0,2,-8.40746,8.0,-12.0,hrl_dqn_apf,hierarchical,dqn,-8.821,10.085,-1.534,0.00,0.00,0.00,-11.308,9.938,5.537,0.00,0.00,0.00,-9.673,7.101,4.063,0.00,0.00,0.00,3.000,3.000,3.000
2026-02-04 17:41:43,1015.48,25,402,427,5.85%,209.62,1.55%,"[0, 5, 10, 15, 20, 25, 30, 35, 40, 45, 50, 55, 60, 65, 70, 75, 80, 85, 90, 95, 100]","[5, 3, 4, 1, 6, 6, 8, 7, 12, 7, 4, 8, 5, 6, 8, 5, 688, 6, 6, 818]","[0.0030998140111593306, 0.0049597024178549285, 0.007439553626782393, 0.008059516429014259, 0.011779293242405457, 0.015499070055796652, 0.02045877247365158, 0.024798512089274645, 0.032238065716057036, 0.0365778053316801, 0.03905765654060756, 0.04401735895846249, 0.047117172969621826, 0.05083694978301302, 0.05579665220086795, 0.05889646621202728, 0.48543087414755115, 0.48915065096094235, 0.49287042777433354, 1.0]",4.0,2.0,2.0,2.0,2.0,19,3.7522400000000005,8.0,6.0,hrl_dqn_apf,hierarchical,dqn,-8.862,9.877,-1.521,0.00,0.00,0.00,-11.378,10.206,4.933,0.00,0.00,0.00,-10.266,6.993,4.011,0.00,0.00,0.00,3.000,3.000,3.000
2026-02-04 17:41:44,1016.49,23,403,426,5.40%,210.01,1.43%,"[0, 5, 10, 15, 20, 25, 30, 35, 40, 45, 50, 55, 60, 65, 70, 75, 80, 85, 90, 95, 100]","[6, 3, 3, 3, 2, 6, 7, 9, 11, 9, 3, 9, 4, 6, 8, 4, 689, 7, 4, 820]","[0.0037197768133911966, 0.005579665220086794, 0.007439553626782393, 0.009299442033477991, 0.010539367637941723, 0.01425914445133292, 0.018598884066955982, 0.02417854928704278, 0.030998140111593304, 0.0365778053316801, 0.038437693738375696, 0.04401735895846249, 0.04649721016738995, 0.050216986980781156, 0.05517668939863608, 0.05765654060756355, 0.4848109113453193, 0.48915065096094235, 0.4916305021698698, 1.0]",4.0,2.0,2.0,2.0,2.0,19,3.7522400000000005,8.0,6.0,hrl_dqn_apf,hierarchical,dqn,-8.880,9.683,-1.525,0.00,0.00,0.00,-12.276,10.984,5.368,0.00,0.00,0.00,-9.729,6.349,3.230,0.00,0.00,0.00,3.000,3.000,3.000
2026-02-04 17:41:45,1017.49,23,401,424,5.42%,210.11,1.43%,"[0, 5, 10, 15, 20, 25, 30, 35, 40, 45, 50, 55, 60, 65, 70, 75, 80, 85, 90, 95, 100]","[7, 3, 3, 3, 1, 6, 8, 8, 11, 8, 4, 9, 4, 4, 9, 4, 690, 7, 4, 820]","[0.0043397396156230625, 0.006199628022318661, 0.008059516429014259, 0.009919404835709857, 0.010539367637941723, 0.01425914445133292, 0.019218846869187848, 0.02417854928704278, 0.030998140111593304, 0.03595784252944823, 0.038437693738375696, 0.04401735895846249, 0.04649721016738995, 0.048977061376317424, 0.05455672659640422, 0.05703657780533168, 0.4848109113453193, 0.48915065096094235, 0.4916305021698698, 1.0]",4.0,2.0,2.0,2.0,2.0,20,-20.087229999999998,8.0,12.0,hrl_dqn_apf,hierarchical,dqn,-8.881,9.749,-1.524,0.00,0.00,0.00,-12.864,11.345,5.839,0.00,0.00,0.00,-9.185,5.996,2.907,0.00,0.00,0.00,3.000,3.000,3.000
2026-02-04 17:41:46,1018.49,23,403,426,5.40%,210.22,1.43%,"[0, 5, 10, 15, 20, 25, 30, 35, 40, 45, 50, 55, 60, 65, 70, 75, 80, 85, 90, 95, 100]","[7, 2, 3, 4, 1, 6, 5, 11, 10, 8, 4, 9, 4, 6, 9, 4, 690, 7, 4, 819]","[0.0043397396156230625, 0.005579665220086794, 0.007439553626782393, 0.009919404835709857, 0.010539367637941723, 0.01425914445133292, 0.01735895846249225, 0.02417854928704278, 0.03037817730936144, 0.035337879727216366, 0.03781773093614383, 0.04339739615623062, 0.04587724736515809, 0.04959702417854929, 0.05517668939863608, 0.05765654060756355, 0.48543087414755115, 0.4897706137631742, 0.4922504649721017, 1.0]",4.0,2.0,2.0,2.0,2.0,7,-7.92653,8.0,-6.0,hrl_dqn_apf,hierarchical,dqn,-8.881,9.810,-1.545,0.00,0.00,0.00,-13.326,11.080,6.221,0.00,0.00,0.00,-8.971,6.071,2.684,0.00,0.00,0.00,3.000,3.000,3.000
2026-02-04 17:41:47,1019.49,23,401,424,5.42%,210.32,1.43%,"[0, 5, 10, 15, 20, 25, 30, 35, 40, 45, 50, 55, 60, 65, 70, 75, 80, 85, 90, 95, 100]","[8, 2, 3, 3, 2, 5, 5, 10, 11, 9, 4, 9, 3, 5, 9, 5, 690, 7, 4, 819]","[0.0049597024178549285, 0.006199628022318661, 0.008059516429014259, 0.009919404835709857, 0.011159330440173589, 0.01425914445133292, 0.01735895846249225, 0.023558586484810913, 0.03037817730936144, 0.03595784252944823, 0.038437693738375696, 0.04401735895846249, 0.04587724736515809, 0.048977061376317424, 0.05455672659640422, 0.05765654060756355, 0.48543087414755115, 0.4897706137631742, 0.4922504649721017, 1.0]",4.0,2.0,2.0,2.0,2.0,7,-7.92653,8.0,-6.0,hrl_dqn_apf,hierarchical,dqn,-8.882,9.868,-1.540,0.00,0.00,0.00,-13.493,10.660,6.359,0.00,0.00,0.00,-9.405,6.111,2.600,0.00,0.00,0.00,3.000,3.000,3.000
2026-02-04 17:41:48,1020.50,22,402,424,5.19%,210.64,1.36%,"[0, 5, 10, 15, 20, 25, 30, 35, 40, 45, 50, 55, 60, 65, 70, 75, 80, 85, 90, 95, 100]","[7, 3, 3, 4, 1, 4, 5, 9, 10, 12, 5, 9, 2, 5, 10, 3, 689, 9, 5, 818]","[0.0043397396156230625, 0.006199628022318661, 0.008059516429014259, 0.010539367637941723, 0.011159330440173589, 0.013639181649101054, 0.016738995660260384, 0.022318660880347178, 0.02851828890266584, 0.03595784252944823, 0.03905765654060756, 0.044637321760694355, 0.04587724736515809, 0.048977061376317424, 0.05517668939863608, 0.05703657780533168, 0.4841909485430874, 0.4897706137631742, 0.49287042777433354, 1.0]",4.0,2.0,2.0,2.0,2.0,18,-1.76661,8.0,6.0,hrl_dqn_apf,hierarchical,dqn,-8.882,9.983,-1.521,0.00,0.00,0.00,-13.562,9.837,6.415,0.00,0.00,0.00,-10.810,6.121,2.559,0.00,0.00,0.00,3.000,3.000,3.000
2026-02-04 17:41:49,1021.50,21,405,426,4.93%,210.81,1.30%,"[0, 5, 10, 15, 20, 25, 30, 35, 40, 45, 50, 55, 60, 65, 70, 75, 80, 85, 90, 95, 100]","[6, 3, 3, 3, 3, 3, 5, 9, 11, 11, 7, 9, 2, 5, 9, 4, 689, 9, 5, 817]","[0.0037197768133911966, 0.005579665220086794, 0.007439553626782393, 0.009299442033477991, 0.011159330440173589, 0.013019218846869188, 0.016119032858028518, 0.02169869807811531, 0.02851828890266584, 0.035337879727216366, 0.03967761934283943, 0.04525728456292622, 0.04649721016738995, 0.04959702417854929, 0.05517668939863608, 0.05765654060756355, 0.4848109113453193, 0.4903905765654061, 0.4934903905765654, 1.0]",4.0,2.0,2.0,2.0,2.0,1,-13.60613,8.0,-12.0,hrl_dqn_apf,hierarchical,dqn,-8.882,10.044,-1.541,0.00,0.00,0.00,-13.567,9.425,6.420,0.00,0.00,0.00,-11.260,6.193,2.232,0.00,0.00,0.00,3.000,3.000,3.000
2026-02-04 17:41:50,1022.50,20,402,422,4.74%,210.97,1.24%,"[0, 5, 10, 15, 20, 25, 30, 35, 40, 45, 50, 55, 60, 65, 70, 75, 80, 85, 90, 95, 100]","[5, 5, 3, 3, 3, 1, 6, 9, 10, 11, 7, 9, 3, 5, 7, 5, 689, 10, 5, 817]","[0.0030998140111593306, 0.006199628022318661, 0.008059516429014259, 0.009919404835709857, 0.011779293242405457, 0.012399256044637322, 0.016119032858028518, 0.02169869807811531, 0.027898326100433975, 0.0347179169249845, 0.03905765654060756, 0.044637321760694355, 0.04649721016738995, 0.04959702417854929, 0.05393676379417235, 0.05703657780533168, 0.4841909485430874, 0.4903905765654061, 0.4934903905765654, 1.0]",4.0,2.0,2.0,2.0,2.0,1,-13.60613,8.0,-12.0,hrl_dqn_apf,hierarchical,dqn,-8.882,10.102,-1.529,0.00,0.00,0.00,-13.362,9.423,6.421,0.00,0.00,0.00,-11.404,6.202,1.601,0.00,0.00,0.00,3.000,3.000,3.000
2026-02-04 17:41:51,1023.50,20,406,426,4.69%,211.13,1.24%,"[0, 5, 10, 15, 20, 25, 30, 35, 40, 45, 50, 55, 60, 65, 70, 75, 80, 85, 90, 95, 100]","[4, 6, 2, 3, 4, 1, 6, 6, 13, 10, 8, 8, 3, 6, 7, 5, 689, 10, 5, 817]","[0.0024798512089274642, 0.006199628022318661, 0.007439553626782393, 0.009299442033477991, 0.011779293242405457, 0.012399256044637322, 0.016119032858028518, 0.019838809671419714, 0.027898326100433975, 0.034097954122752634, 0.03905765654060756, 0.04401735895846249, 0.04587724736515809, 0.04959702417854929, 0.05393676379417235, 0.05703657780533168, 0.4841909485430874, 0.4903905765654061, 0.4934903905765654, 1.0]",4.0,2.0,2.0,2.0,2.0,10,-19.52592,8.0,0.0,hrl_dqn_apf,hierarchical,dqn,-8.882,9.861,-1.532,0.00,0.00,0.00,-12.784,9.441,6.421,0.00,0.00,0.00,-11.447,6.200,0.877,0.00,0.00,0.00,3.000,3.000,3.000
2026-02-04 17:41:52,1024.50,20,407,427,4.68%,211.40,1.24%,"[0, 5, 10, 15, 20, 25, 30, 35, 40, 45, 50, 55, 60, 65, 70, 75, 80, 85, 90, 95, 100]","[5, 4, 2, 3, 4, 2, 5, 7, 11, 8, 10, 10, 3, 5, 7, 5, 689, 11, 5, 817]","[0.0030998140111593306, 0.005579665220086794, 0.006819590824550527, 0.008679479231246125, 0.011159330440173589, 0.012399256044637322, 0.015499070055796652, 0.019838809671419714, 0.026658400495970243, 0.03161810291382517, 0.03781773093614383, 0.04401735895846249, 0.04587724736515809, 0.048977061376317424, 0.053316800991940486, 0.056416615003099815, 0.48357098574085555, 0.4903905765654061, 0.4934903905765654, 1.0]",4.0,2.0,2.0,2.0,2.0,13,-1.3639599999999996,8.0,0.0,hrl_dqn_apf,hierarchical,dqn,-9.351,9.717,-1.526,0.00,0.00,0.00,-11.325,9.442,6.421,0.00,0.00,0.00,-11.467,6.159,-0.626,0.00,0.00,0.00,3.000,3.000,3.000
2026-02-04 17:41:53,1025.51,20,407,427,4.68%,211.54,1.24%,"[0, 5, 10, 15, 20, 25, 30, 35, 40, 45, 50, 55, 60, 65, 70, 75, 80, 85, 90, 95, 100]","[6, 5, 2, 3, 4, 0, 4, 7, 11, 9, 10, 10, 3, 4, 8, 5, 689, 9, 7, 817]","[0.0037197768133911966, 0.006819590824550527, 0.008059516429014259, 0.009919404835709857, 0.012399256044637322, 0.012399256044637322, 0.014879107253564786, 0.019218846869187848, 0.026038437693738377, 0.03161810291382517, 0.03781773093614383, 0.04401735895846249, 0.04587724736515809, 0.04835709857408556, 0.053316800991940486, 0.056416615003099815, 0.48357098574085555, 0.48915065096094235, 0.4934903905765654, 1.0]",4.0,2.0,2.0,2.0,2.0,13,-1.3639599999999996,8.0,0.0,hrl_dqn_apf,hierarchical,dqn,-9.248,10.109,-1.693,0.00,0.00,0.00,-10.569,9.440,6.421,0.00,0.00,0.00,-11.735,5.962,-0.901,0.00,0.00,0.00,3.000,3.000,3.000
2026-02-04 17:41:54,1026.51,20,407,427,4.68%,211.72,1.24%,"[0, 5, 10, 15, 20, 25, 30, 35, 40, 45, 50, 55, 60, 65, 70, 75, 80, 85, 90, 95, 100]","[6, 4, 2, 3, 4, 1, 3, 6, 11, 10, 9, 12, 3, 4, 7, 5, 690, 8, 7, 818]","[0.0037197768133911966, 0.006199628022318661, 0.007439553626782393, 0.009299442033477991, 0.011779293242405457, 0.012399256044637322, 0.01425914445133292, 0.017978921264724116, 0.024798512089274645, 0.030998140111593304, 0.0365778053316801, 0.04401735895846249, 0.04587724736515809, 0.04835709857408556, 0.05269683818970862, 0.05579665220086795, 0.48357098574085555, 0.4885306881587105, 0.49287042777433354, 1.0]",4.0,2.0,2.0,2.0,2.0,24,4.79625,8.0,12.0,hrl_dqn_apf,hierarchical,dqn,-8.755,10.460,-2.011,0.00,0.00,0.00,-9.806,9.437,6.421,0.00,0.00,0.00,-12.277,5.634,-0.735,0.00,0.00,0.00,3.000,3.000,3.000
2026-02-04 17:41:55,1027.51,21,406,427,4.92%,211.76,1.30%,"[0, 5, 10, 15, 20, 25, 30, 35, 40, 45, 50, 55, 60, 65, 70, 75, 80, 85, 90, 95, 100]","[6, 2, 4, 3, 4, 2, 2, 6, 11, 11, 8, 11, 3, 5, 7, 3, 692, 8, 8, 817]","[0.0037197768133911966, 0.0049597024178549285, 0.007439553626782393, 0.009299442033477991, 0.011779293242405457, 0.013019218846869188, 0.01425914445133292, 0.017978921264724116, 0.024798512089274645, 0.03161810291382517, 0.0365778053316801, 0.04339739615623062, 0.04525728456292622, 0.04835709857408556, 0.05269683818970862, 0.05455672659640422, 0.48357098574085555, 0.4885306881587105, 0.4934903905765654, 1.0]",4.0,2.0,2.0,2.0,2.0,1,-13.043199999999999,8.0,-12.0,hrl_dqn_apf,hierarchical,dqn,-8.199,10.349,-2.290,0.00,0.00,0.00,-9.046,9.434,6.421,0.00,0.00,0.00,-12.824,5.776,-0.513,0.00,0.00,0.00,3.000,3.000,3.000
2026-02-04 17:41:56,1028.51,21,406,427,4.92%,211.85,1.30%,"[0, 5, 10, 15, 20, 25, 30, 35, 40, 45, 50, 55, 60, 65, 70, 75, 80, 85, 90, 95, 100]","[5, 3, 5, 2, 3, 3, 1, 7, 8, 12, 7, 13, 3, 5, 7, 4, 690, 10, 8, 817]","[0.0030998140111593306, 0.0049597024178549285, 0.008059516429014259, 0.009299442033477991, 0.011159330440173589, 0.013019218846869188, 0.013639181649101054, 0.017978921264724116, 0.022938623682579044, 0.03037817730936144, 0.0347179169249845, 0.04277743335399876, 0.044637321760694355, 0.04773713577185369, 0.052076875387476754, 0.05455672659640422, 0.4823310601363918, 0.4885306881587105, 0.4934903905765654, 1.0]",4.0,2.0,2.0,2.0,2.0,1,-13.043199999999999,8.0,-12.0,hrl_dqn_apf,hierarchical,dqn,-7.893,9.574,-2.448,0.00,0.00,0.00,-7.527,9.434,6.424,0.00,0.00,0.00,-13.102,6.581,-0.393,0.00,0.00,0.00,3.000,3.000,3.000
2026-02-04 17:41:57,1029.52,21,407,428,4.91%,211.89,1.30%,"[0, 5, 10, 15, 20, 25, 30, 35, 40, 45, 50, 55, 60, 65, 70, 75, 80, 85, 90, 95, 100]","[5, 3, 5, 1, 3, 4, 2, 5, 9, 12, 7, 14, 3, 5, 7, 3, 691, 7, 11, 816]","[0.0030998140111593306, 0.0049597024178549285, 0.008059516429014259, 0.008679479231246125, 0.010539367637941723, 0.013019218846869188, 0.01425914445133292, 0.01735895846249225, 0.022938623682579044, 0.03037817730936144, 0.0347179169249845, 0.04339739615623062, 0.04525728456292622, 0.04835709857408556, 0.05269683818970862, 0.05455672659640422, 0.4829510229386237, 0.48729076255424675, 0.4941103533787973, 1.0]",4.0,2.0,2.0,2.0,2.0,22,-6.88326,8.0,12.0,hrl_dqn_apf,hierarchical,dqn,-7.874,9.619,-2.749,0.00,0.00,0.00,-7.090,9.506,6.699,0.00,0.00,0.00,-12.849,6.615,-0.384,0.00,0.00,0.00,3.000,3.000,3.000
2026-02-04 17:41:58,1030.52,22,404,426,5.16%,211.96,1.36%,"[0, 5, 10, 15, 20, 25, 30, 35, 40, 45, 50, 55, 60, 65, 70, 75, 80, 85, 90, 95, 100]","[5, 4, 4, 2, 3, 4, 0, 6, 9, 10, 8, 14, 4, 5, 6, 5, 691, 7, 9, 817]","[0.0030998140111593306, 0.005579665220086794, 0.008059516429014259, 0.009299442033477991, 0.011159330440173589, 0.013639181649101054, 0.013639181649101054, 0.01735895846249225, 0.022938623682579044, 0.029138251704897707, 0.034097954122752634, 0.04277743335399876, 0.04525728456292622, 0.04835709857408556, 0.052076875387476754, 0.05517668939863608, 0.48357098574085555, 0.4879107253564786, 0.4934903905765654, 1.0]",4.0,2.0,2.0,2.0,2.0,5,-18.72305,8.0,-6.0,hrl_dqn_apf,hierarchical,dqn,-7.867,9.629,-3.370,0.00,0.00,0.00,-6.927,9.517,7.309,0.00,0.00,0.00,-12.652,6.705,-0.381,0.00,0.00,0.00,3.000,3.000,3.000
2026-02-04 17:41:59,1031.52,22,402,424,5.19%,212.07,1.36%,"[0, 5, 10, 15, 20, 25, 30, 35, 40, 45, 50, 55, 60, 65, 70, 75, 80, 85, 90, 95, 100]","[5, 3, 4, 3, 2, 5, 0, 5, 7, 11, 10, 12, 6, 5, 6, 4, 691, 8, 8, 818]","[0.0030998140111593306, 0.0049597024178549285, 0.007439553626782393, 0.009299442033477991, 0.010539367637941723, 0.013639181649101054, 0.013639181649101054, 0.016738995660260384, 0.021078735275883446, 0.027898326100433975, 0.034097954122752634, 0.041537507749535026, 0.04525728456292622, 0.04835709857408556, 0.052076875387476754, 0.05455672659640422, 0.4829510229386237, 0.4879107253564786, 0.49287042777433354, 1.0]",4.0,2.0,2.0,2.0,2.0,5,-18.72305,8.0,-6.0,hrl_dqn_apf,hierarchical,dqn,-7.864,9.629,-4.111,0.00,0.00,0.00,-6.876,9.515,8.047,0.00,0.00,0.00,-13.100,6.732,-0.380,0.00,0.00,0.00,3.000,3.000,3.000
2026-02-04 17:42:00,1032.52,21,403,424,4.95%,212.15,1.30%,"[0, 5, 10, 15, 20, 25, 30, 35, 40, 45, 50, 55, 60, 65, 70, 75, 80, 85, 90, 95, 100]","[3, 5, 3, 4, 2, 4, 2, 2, 9, 10, 10, 12, 7, 4, 8, 3, 690, 10, 7, 818]","[0.0018598884066955983, 0.0049597024178549285, 0.006819590824550527, 0.009299442033477991, 0.010539367637941723, 0.013019218846869188, 0.01425914445133292, 0.015499070055796652, 0.021078735275883446, 0.02727836329820211, 0.03347799132052077, 0.04091754494730316, 0.04525728456292622, 0.04773713577185369, 0.05269683818970862, 0.05455672659640422, 0.4823310601363918, 0.4885306881587105, 0.49287042777433354, 1.0]",4.0,2.0,2.0,2.0,2.0,7,-6.56261,8.0,-6.0,hrl_dqn_apf,hierarchical,dqn,-7.856,9.619,-5.455,0.00,0.00,0.00,-6.861,9.516,9.551,0.00,0.00,0.00,-14.502,6.736,-0.388,0.00,0.00,0.00,3.000,3.000,3.000
2026-02-04 17:42:01,1033.52,22,396,418,5.26%,212.17,1.36%,"[0, 5, 10, 15, 20, 25, 30, 35, 40, 45, 50, 55, 60, 65, 70, 75, 80, 85, 90, 95, 100]","[3, 6, 3, 5, 2, 3, 3, 2, 9, 8, 12, 11, 6, 4, 8, 3, 690, 10, 7, 818]","[0.0018598884066955983, 0.005579665220086794, 0.007439553626782393, 0.010539367637941723, 0.011779293242405457, 0.013639181649101054, 0.015499070055796652, 0.016738995660260384, 0.022318660880347178, 0.02727836329820211, 0.0347179169249845, 0.041537507749535026, 0.04525728456292622, 0.04773713577185369, 0.05269683818970862, 0.05455672659640422, 0.4823310601363918, 0.4885306881587105, 0.49287042777433354, 1.0]",4.0,2.0,2.0,2.0,2.0,15,-18.40206,8.0,6.0,hrl_dqn_apf,hierarchical,dqn,-7.527,9.662,-5.650,0.00,0.00,0.00,-7.181,9.589,9.996,0.00,0.00,0.00,-14.933,6.806,-0.718,0.00,0.00,0.00,3.000,3.000,3.000
2026-02-04 17:42:02,1034.53,21,403,424,4.95%,212.25,1.30%,"[0, 5, 10, 15, 20, 25, 30, 35, 40, 45, 50, 55, 60, 65, 70, 75, 80, 85, 90, 95, 100]","[4, 5, 3, 5, 2, 2, 4, 2, 7, 9, 11, 13, 6, 4, 8, 3, 689, 10, 7, 819]","[0.0024798512089274642, 0.005579665220086794, 0.007439553626782393, 0.010539367637941723, 0.011779293242405457, 0.013019218846869188, 0.015499070055796652, 0.016738995660260384, 0.021078735275883446, 0.026658400495970243, 0.03347799132052077, 0.041537507749535026, 0.04525728456292622, 0.04773713577185369, 0.05269683818970862, 0.05455672659640422, 0.48171109733415995, 0.4879107253564786, 0.4922504649721017, 1.0]",4.0,2.0,2.0,2.0,2.0,15,-18.40206,8.0,6.0,hrl_dqn_apf,hierarchical,dqn,-6.913,9.666,-5.714,0.00,0.00,0.00,-7.791,9.597,10.139,0.00,0.00,0.00,-15.071,6.813,-1.333,0.00,0.00,0.00,3.000,3.000,3.000
2026-02-04 17:42:03,1035.53,21,405,426,4.93%,212.30,1.30%,"[0, 5, 10, 15, 20, 25, 30, 35, 40, 45, 50, 55, 60, 65, 70, 75, 80, 85, 90, 95, 100]","[4, 4, 4, 4, 2, 3, 5, 1, 8, 9, 9, 13, 7, 5, 8, 2, 689, 10, 6, 820]","[0.0024798512089274642, 0.0049597024178549285, 0.007439553626782393, 0.009919404835709857, 0.011159330440173589, 0.013019218846869188, 0.016119032858028518, 0.016738995660260384, 0.02169869807811531, 0.02727836329820211, 0.0328580285182889, 0.04091754494730316, 0.04525728456292622, 0.04835709857408556, 0.053316800991940486, 0.05455672659640422, 0.48171109733415995, 0.4879107253564786, 0.4916305021698698, 1.0]",4.0,2.0,2.0,2.0,2.0,3,-0.2418800000000001,8.0,-12.0,hrl_dqn_apf,hierarchical,dqn,-6.172,9.664,-5.735,0.00,0.00,0.00,-8.530,9.595,10.185,0.00,0.00,0.00,-15.002,6.871,-1.961,0.00,0.00,0.00,3.000,3.000,3.000
2026-02-04 17:42:04,1036.53,22,404,426,5.16%,212.38,1.36%,"[0, 5, 10, 15, 20, 25, 30, 35, 40, 45, 50, 55, 60, 65, 70, 75, 80, 85, 90, 95, 100]","[4, 3, 6, 3, 3, 3, 3, 3, 5, 9, 9, 15, 6, 7, 6, 4, 689, 9, 7, 819]","[0.0024798512089274642, 0.0043397396156230625, 0.008059516429014259, 0.009919404835709857, 0.011779293242405457, 0.013639181649101054, 0.015499070055796652, 0.01735895846249225, 0.02045877247365158, 0.026038437693738377, 0.03161810291382517, 0.04091754494730316, 0.044637321760694355, 0.048977061376317424, 0.05269683818970862, 0.05517668939863608, 0.4823310601363918, 0.4879107253564786, 0.4922504649721017, 1.0]",4.0,2.0,2.0,2.0,2.0,2,-6.08063,8.0,-12.0,hrl_dqn_apf,hierarchical,dqn,-5.125,9.745,-6.234,0.00,0.00,0.00,-10.057,9.589,10.204,0.00,0.00,0.00,-13.790,6.901,-2.280,0.00,0.00,0.00,3.000,3.000,3.000
2026-02-04 17:42:05,1037.53,22,406,428,5.14%,212.43,1.36%,"[0, 5, 10, 15, 20, 25, 30, 35, 40, 45, 50, 55, 60, 65, 70, 75, 80, 85, 90, 95, 100]","[4, 3, 5, 3, 4, 3, 3, 4, 4, 9, 9, 15, 5, 7, 7, 4, 688, 8, 9, 819]","[0.0024798512089274642, 0.0043397396156230625, 0.007439553626782393, 0.009299442033477991, 0.011779293242405457, 0.013639181649101054, 0.015499070055796652, 0.017978921264724116, 0.02045877247365158, 0.026038437693738377, 0.03161810291382517, 0.04091754494730316, 0.04401735895846249, 0.04835709857408556, 0.05269683818970862, 0.05517668939863608, 0.48171109733415995, 0.4866707997520149, 0.4922504649721017, 1.0]",4.0,2.0,2.0,2.0,2.0,2,-6.08063,8.0,-12.0,hrl_dqn_apf,hierarchical,dqn,-5.023,9.748,-6.903,0.00,0.00,0.00,-10.817,9.586,10.206,0.00,0.00,0.00,-13.049,6.899,-2.302,0.00,0.00,0.00,3.000,3.000,3.000
2026-02-04 17:42:06,1038.53,22,405,427,5.15%,212.51,1.36%,"[0, 5, 10, 15, 20, 25, 30, 35, 40, 45, 50, 55, 60, 65, 70, 75, 80, 85, 90, 95, 100]","[4, 3, 6, 2, 5, 2, 3, 4, 4, 9, 7, 17, 5, 6, 7, 4, 689, 8, 9, 819]","[0.0024798512089274642, 0.0043397396156230625, 0.008059516429014259, 0.009299442033477991, 0.012399256044637322, 0.013639181649101054, 0.015499070055796652, 0.017978921264724116, 0.02045877247365158, 0.026038437693738377, 0.03037817730936144, 0.04091754494730316, 0.04401735895846249, 0.04773713577185369, 0.052076875387476754, 0.05455672659640422, 0.48171109733415995, 0.4866707997520149, 0.4922504649721017, 1.0]",4.0,2.0,2.0,2.0,2.0,2,-5.92055,8.0,-12.0,hrl_dqn_apf,hierarchical,dqn,-4.990,9.745,-7.641,0.00,0.00,0.00,-11.367,9.658,9.988,0.00,0.00,0.00,-12.291,6.895,-2.309,0.00,0.00,0.00,3.000,3.000,3.000
2026-02-04 17:42:07,1039.54,23,404,427,5.39%,212.59,1.43%,"[0, 5, 10, 15, 20, 25, 30, 35, 40, 45, 50, 55, 60, 65, 70, 75, 80, 85, 90, 95, 100]","[4, 3, 6, 3, 5, 2, 3, 4, 4, 7, 7, 16, 6, 7, 7, 4, 689, 7, 9, 820]","[0.0024798512089274642, 0.0043397396156230625, 0.008059516429014259, 0.009919404835709857, 0.013019218846869188, 0.01425914445133292, 0.016119032858028518, 0.018598884066955982, 0.021078735275883446, 0.02541847489150651, 0.029758214507129573, 0.03967761934283943, 0.04339739615623062, 0.04773713577185369, 0.052076875387476754, 0.05455672659640422, 0.48171109733415995, 0.486050836949783, 0.4916305021698698, 1.0]",4.0,2.0,2.0,2.0,2.0,18,0.15957000000000043,8.0,6.0,hrl_dqn_apf,hierarchical,dqn,-4.980,9.742,-8.395,0.00,0.00,0.00,-11.555,9.674,9.404,0.00,0.00,0.00,-11.532,6.892,-2.310,0.00,0.00,0.00,3.000,3.000,3.000
2026-02-04 17:42:08,1040.54,22,407,429,5.13%,212.75,1.36%,"[0, 5, 10, 15, 20, 25, 30, 35, 40, 45, 50, 55, 60, 65, 70, 75, 80, 85, 90, 95, 100]","[4, 4, 4, 3, 5, 2, 3, 5, 3, 7, 6, 15, 7, 7, 9, 4, 689, 7, 8, 821]","[0.0024798512089274642, 0.0049597024178549285, 0.007439553626782393, 0.009299442033477991, 0.012399256044637322, 0.013639181649101054, 0.015499070055796652, 0.018598884066955982, 0.02045877247365158, 0.024798512089274645, 0.02851828890266584, 0.03781773093614383, 0.04215747055176689, 0.04649721016738995, 0.052076875387476754, 0.05455672659640422, 0.48171109733415995, 0.486050836949783, 0.49101053936763794, 1.0]",4.0,2.0,2.0,2.0,2.0,18,0.15957000000000043,8.0,6.0,hrl_dqn_apf,hierarchical,dqn,-4.975,9.758,-9.895,0.00,0.00,0.00,-11.632,9.669,7.946,0.00,0.00,0.00,-10.012,6.886,-2.309,0.00,0.00,0.00,3.000,3.000,3.000
2026-02-04 17:42:09,1041.54,21,406,427,4.92%,212.77,1.30%,"[0, 5, 10, 15, 20, 25, 30, 35, 40, 45, 50, 55, 60, 65, 70, 75, 80, 85, 90, 95, 100]","[3, 3, 3, 6, 4, 2, 3, 4, 5, 6, 7, 15, 8, 6, 11, 3, 690, 8, 8, 818]","[0.0018598884066955983, 0.0037197768133911966, 0.005579665220086794, 0.009299442033477991, 0.011779293242405457, 0.013019218846869188, 0.014879107253564786, 0.01735895846249225, 0.02045877247365158, 0.02417854928704278, 0.02851828890266584, 0.03781773093614383, 0.04277743335399876, 0.04649721016738995, 0.053316800991940486, 0.05517668939863608, 0.4829510229386237, 0.4879107253564786, 0.49287042777433354, 1.0]",4.0,2.0,2.0,2.0,2.0,20,-17.679850000000002,8.0,12.0,hrl_dqn_apf,hierarchical,dqn,-4.974,9.901,-9.979,0.00,0.00,0.00,-11.638,9.666,7.187,0.00,0.00,0.00,-9.570,6.891,-2.308,0.00,0.00,0.00,3.000,3.000,3.000
2026-02-04 17:42:10,1042.54,23,404,427,5.39%,212.84,1.43%,"[0, 5, 10, 15, 20, 25, 30, 35, 40, 45, 50, 55, 60, 65, 70, 75, 80, 85, 90, 95, 100]","[6, 3, 3, 4, 3, 4, 3, 4, 5, 4, 7, 15, 8, 6, 10, 3, 691, 6, 8, 820]","[0.0037197768133911966, 0.005579665220086794, 0.007439553626782393, 0.009919404835709857, 0.011779293242405457, 0.01425914445133292, 0.016119032858028518, 0.018598884066955982, 0.02169869807811531, 0.02417854928704278, 0.02851828890266584, 0.03781773093614383, 0.04277743335399876, 0.04649721016738995, 0.05269683818970862, 0.05455672659640422, 0.4829510229386237, 0.4866707997520149, 0.4916305021698698, 1.0]",4.0,2.0,2.0,2.0,2.0,20,-17.679850000000002,8.0,12.0,hrl_dqn_apf,hierarchical,dqn,-4.973,9.919,-9.477,0.00,0.00,0.00,-11.423,9.739,6.637,0.00,0.00,0.00,-9.554,6.950,-2.307,0.00,0.00,0.00,3.000,3.000,3.000
2026-02-04 17:42:11,1043.54,23,405,428,5.37%,212.97,1.43%,"[0, 5, 10, 15, 20, 25, 30, 35, 40, 45, 50, 55, 60, 65, 70, 75, 80, 85, 90, 95, 100]","[6, 3, 4, 3, 2, 5, 2, 4, 6, 4, 7, 12, 11, 6, 10, 2, 691, 7, 8, 820]","[0.0037197768133911966, 0.005579665220086794, 0.008059516429014259, 0.009919404835709857, 0.011159330440173589, 0.01425914445133292, 0.015499070055796652, 0.017978921264724116, 0.02169869807811531, 0.02417854928704278, 0.02851828890266584, 0.03595784252944823, 0.04277743335399876, 0.04649721016738995, 0.05269683818970862, 0.05393676379417235, 0.4823310601363918, 0.4866707997520149, 0.4916305021698698, 1.0]",4.0,2.0,2.0,2.0,2.0,23,0.4801500000000001,8.0,12.0,hrl_dqn_apf,hierarchical,dqn,-4.974,9.917,-8.792,0.00,0.00,0.00,-10.843,9.754,6.449,0.00,0.00,0.00,-9.561,7.007,-2.307,0.00,0.00,0.00,3.000,3.000,3.000
2026-02-04 17:42:12,1044.55,23,401,424,5.42%,213.16,1.43%,"[0, 5, 10, 15, 20, 25, 30, 35, 40, 45, 50, 55, 60, 65, 70, 75, 80, 85, 90, 95, 100]","[5, 4, 4, 3, 3, 4, 2, 4, 7, 3, 7, 12, 9, 6, 10, 5, 691, 7, 7, 820]","[0.0030998140111593306, 0.005579665220086794, 0.008059516429014259, 0.009919404835709857, 0.011779293242405457, 0.01425914445133292, 0.015499070055796652, 0.017978921264724116, 0.022318660880347178, 0.02417854928704278, 0.02851828890266584, 0.03595784252944823, 0.041537507749535026, 0.04525728456292622, 0.05145691258524489, 0.05455672659640422, 0.4829510229386237, 0.48729076255424675, 0.4916305021698698, 1.0]",4.0,2.0,2.0,2.0,2.0,2,-5.3601,8.0,-12.0,hrl_dqn_apf,hierarchical,dqn,-4.975,9.911,-7.291,0.00,0.00,0.00,-9.381,9.750,6.372,0.00,0.00,0.00,-9.571,7.078,-2.783,0.00,0.00,0.00,3.000,3.000,3.000
2026-02-04 17:42:13,1045.55,23,401,424,5.42%,213.22,1.43%,"[0, 5, 10, 15, 20, 25, 30, 35, 40, 45, 50, 55, 60, 65, 70, 75, 80, 85, 90, 95, 100]","[5, 4, 4, 3, 2, 5, 2, 4, 7, 3, 6, 11, 10, 7, 10, 5, 691, 7, 7, 820]","[0.0030998140111593306, 0.005579665220086794, 0.008059516429014259, 0.009919404835709857, 0.011159330440173589, 0.01425914445133292, 0.015499070055796652, 0.017978921264724116, 0.022318660880347178, 0.02417854928704278, 0.027898326100433975, 0.0347179169249845, 0.04091754494730316, 0.04525728456292622, 0.05145691258524489, 0.05455672659640422, 0.4829510229386237, 0.48729076255424675, 0.4916305021698698, 1.0]",4.0,2.0,2.0,2.0,2.0,2,-5.3601,8.0,-12.0,hrl_dqn_apf,hierarchical,dqn,-4.976,9.908,-6.535,0.00,0.00,0.00,-8.627,9.747,6.367,0.00,0.00,0.00,-9.567,7.077,-3.448,0.00,0.00,0.00,3.000,3.000,3.000
2026-02-04 17:42:14,1046.55,23,401,424,5.42%,213.27,1.43%,"[0, 5, 10, 15, 20, 25, 30, 35, 40, 45, 50, 55, 60, 65, 70, 75, 80, 85, 90, 95, 100]","[5, 3, 4, 3, 4, 4, 2, 4, 6, 4, 5, 11, 9, 9, 8, 7, 691, 7, 7, 820]","[0.0030998140111593306, 0.0049597024178549285, 0.007439553626782393, 0.009299442033477991, 0.011779293242405457, 0.01425914445133292, 0.015499070055796652, 0.017978921264724116, 0.02169869807811531, 0.02417854928704278, 0.02727836329820211, 0.034097954122752634, 0.03967761934283943, 0.04525728456292622, 0.050216986980781156, 0.05455672659640422, 0.4829510229386237, 0.48729076255424675, 0.4916305021698698, 1.0]",4.0,2.0,2.0,2.0,2.0,19,6.80118,8.0,6.0,hrl_dqn_apf,hierarchical,dqn,-4.977,9.905,-5.755,0.00,0.00,0.00,-7.848,9.744,6.365,0.00,0.00,0.00,-9.566,7.074,-4.202,0.00,0.00,0.00,3.000,3.000,3.000
2026-02-04 17:42:15,1047.55,21,401,422,4.98%,213.35,1.30%,"[0, 5, 10, 15, 20, 25, 30, 35, 40, 45, 50, 55, 60, 65, 70, 75, 80, 85, 90, 95, 100]","[6, 3, 3, 3, 4, 2, 4, 4, 5, 5, 4, 10, 10, 10, 7, 7, 690, 9, 6, 821]","[0.0037197768133911966, 0.005579665220086794, 0.007439553626782393, 0.009299442033477991, 0.011779293242405457, 0.013019218846869188, 0.015499070055796652, 0.017978921264724116, 0.021078735275883446, 0.02417854928704278, 0.026658400495970243, 0.0328580285182889, 0.03905765654060756, 0.04525728456292622, 0.04959702417854929, 0.05393676379417235, 0.48171109733415995, 0.48729076255424675, 0.49101053936763794, 1.0]",4.0,2.0,2.0,2.0,2.0,6,-11.03881,8.0,-6.0,hrl_dqn_apf,hierarchical,dqn,-4.849,9.964,-5.121,0.00,0.00,0.00,-7.208,9.802,6.241,0.00,0.00,0.00,-9.569,7.085,-4.622,0.00,0.00,0.00,3.000,3.000,3.000
2026-02-04 17:42:16,1048.56,20,406,426,4.69%,213.50,1.24%,"[0, 5, 10, 15, 20, 25, 30, 35, 40, 45, 50, 55, 60, 65, 70, 75, 80, 85, 90, 95, 100]","[3, 5, 3, 3, 3, 3, 5, 3, 6, 5, 3, 11, 7, 11, 8, 6, 691, 9, 6, 822]","[0.0018598884066955983, 0.0049597024178549285, 0.006819590824550527, 0.008679479231246125, 0.010539367637941723, 0.012399256044637322, 0.015499070055796652, 0.01735895846249225, 0.021078735275883446, 0.02417854928704278, 0.026038437693738377, 0.0328580285182889, 0.037197768133911964, 0.04401735895846249, 0.048977061376317424, 0.05269683818970862, 0.4810911345319281, 0.4866707997520149, 0.4903905765654061, 1.0]",4.0,2.0,2.0,2.0,2.0,6,-11.03881,8.0,-6.0,hrl_dqn_apf,hierarchical,dqn,-3.622,9.991,-4.805,0.00,0.00,0.00,-6.885,9.830,5.018,0.00,0.00,0.00,-9.157,7.166,-5.355,0.00,0.00,0.00,3.000,3.000,3.000
2026-02-04 17:42:17,1049.56,20,404,424,4.72%,213.58,1.24%,"[0, 5, 10, 15, 20, 25, 30, 35, 40, 45, 50, 55, 60, 65, 70, 75, 80, 85, 90, 95, 100]","[2, 5, 4, 3, 3, 3, 5, 2, 6, 6, 3, 10, 7, 10, 8, 8, 691, 9, 6, 822]","[0.0012399256044637321, 0.0043397396156230625, 0.006819590824550527, 0.008679479231246125, 0.010539367637941723, 0.012399256044637322, 0.015499070055796652, 0.016738995660260384, 0.02045877247365158, 0.02417854928704278, 0.026038437693738377, 0.032238065716057036, 0.0365778053316801, 0.04277743335399876, 0.04773713577185369, 0.05269683818970862, 0.4810911345319281, 0.4866707997520149, 0.4903905765654061, 1.0]",4.0,2.0,2.0,2.0,2.0,18,1.1216400000000002,8.0,6.0,hrl_dqn_apf,hierarchical,dqn,-2.860,9.988,-4.781,0.00,0.00,0.00,-6.861,9.827,4.256,0.00,0.00,0.00,-9.129,7.177,-4.776,0.00,0.00,0.00,3.000,3.000,3.000
2026-02-04 17:42:18,1050.56,19,405,424,4.48%,213.66,1.18%,"[0, 5, 10, 15, 20, 25, 30, 35, 40, 45, 50, 55, 60, 65, 70, 75, 80, 85, 90, 95, 100]","[1, 6, 3, 4, 3, 2, 5, 3, 6, 6, 2, 10, 8, 9, 9, 7, 692, 9, 6, 822]","[0.0006199628022318661, 0.0043397396156230625, 0.006199628022318661, 0.008679479231246125, 0.010539367637941723, 0.011779293242405457, 0.014879107253564786, 0.016738995660260384, 0.02045877247365158, 0.02417854928704278, 0.02541847489150651, 0.03161810291382517, 0.0365778053316801, 0.04215747055176689, 0.04773713577185369, 0.052076875387476754, 0.4810911345319281, 0.4866707997520149, 0.4903905765654061, 1.0]",4.0,2.0,2.0,2.0,2.0,24,7.28164,8.0,12.0,hrl_dqn_apf,hierarchical,dqn,-2.341,10.061,-4.528,0.00,0.00,0.00,-6.854,9.824,3.498,0.00,0.00,0.00,-9.119,7.189,-4.326,0.00,0.00,0.00,3.000,3.000,3.000
2026-02-04 17:42:19,1051.56,20,408,428,4.67%,213.69,1.24%,"[0, 5, 10, 15, 20, 25, 30, 35, 40, 45, 50, 55, 60, 65, 70, 75, 80, 85, 90, 95, 100]","[1, 5, 3, 5, 3, 3, 4, 3, 6, 7, 2, 9, 6, 10, 11, 5, 695, 9, 6, 820]","[0.0006199628022318661, 0.0037197768133911966, 0.005579665220086794, 0.008679479231246125, 0.010539367637941723, 0.012399256044637322, 0.014879107253564786, 0.016738995660260384, 0.02045877247365158, 0.024798512089274645, 0.026038437693738377, 0.03161810291382517, 0.035337879727216366, 0.041537507749535026, 0.04835709857408556, 0.05145691258524489, 0.4823310601363918, 0.4879107253564786, 0.4916305021698698, 1.0]",4.0,2.0,2.0,2.0,2.0,24,7.28164,8.0,12.0,hrl_dqn_apf,hierarchical,dqn,-2.158,9.780,-4.063,0.00,0.00,0.00,-6.852,9.821,2.739,0.00,0.00,0.00,-9.117,7.194,-3.723,0.00,0.00,0.00,3.000,3.000,3.000
2026-02-04 17:42:20,1052.56,19,408,427,4.45%,213.84,1.18%,"[0, 5, 10, 15, 20, 25, 30, 35, 40, 45, 50, 55, 60, 65, 70, 75, 80, 85, 90, 95, 100]","[2, 4, 3, 4, 3, 3, 3, 5, 5, 6, 5, 8, 7, 10, 12, 5, 695, 8, 8, 817]","[0.0012399256044637321, 0.0037197768133911966, 0.005579665220086794, 0.008059516429014259, 0.009919404835709857, 0.011779293242405457, 0.013639181649101054, 0.016738995660260384, 0.019838809671419714, 0.023558586484810913, 0.026658400495970243, 0.03161810291382517, 0.03595784252944823, 0.04215747055176689, 0.04959702417854929, 0.05269683818970862, 0.48357098574085555, 0.4885306881587105, 0.4934903905765654, 1.0]",4.0,2.0,2.0,2.0,2.0,18,1.44348,8.0,6.0,hrl_dqn_apf,hierarchical,dqn,-2.083,9.604,-3.299,0.00,0.00,0.00,-6.343,9.905,1.713,0.00,0.00,0.00,-8.612,7.272,-2.749,0.00,0.00,0.00,3.000,3.000,3.000
2026-02-04 17:42:21,1053.57,20,407,427,4.68%,213.91,1.24%,"[0, 5, 10, 15, 20, 25, 30, 35, 40, 45, 50, 55, 60, 65, 70, 75, 80, 85, 90, 95, 100]","[3, 3, 5, 3, 3, 3, 3, 6, 5, 6, 4, 8, 6, 8, 14, 4, 694, 9, 8, 818]","[0.0018598884066955983, 0.0037197768133911966, 0.006819590824550527, 0.008679479231246125, 0.010539367637941723, 0.012399256044637322, 0.01425914445133292, 0.017978921264724116, 0.021078735275883446, 0.024798512089274645, 0.02727836329820211, 0.032238065716057036, 0.03595784252944823, 0.04091754494730316, 0.04959702417854929, 0.052076875387476754, 0.4823310601363918, 0.4879107253564786, 0.49287042777433354, 1.0]",4.0,2.0,2.0,2.0,2.0,20,-16.39641,8.0,12.0,hrl_dqn_apf,hierarchical,dqn,-2.078,9.607,-2.609,0.00,0.00,0.00,-5.671,9.907,1.613,0.00,0.00,0.00,-8.290,7.308,-2.299,0.00,0.00,0.00,3.000,3.000,3.000
2026-02-04 17:42:22,1054.57,20,413,433,4.62%,213.96,1.24%,"[0, 5, 10, 15, 20, 25, 30, 35, 40, 45, 50, 55, 60, 65, 70, 75, 80, 85, 90, 95, 100]","[3, 3, 4, 4, 3, 3, 3, 6, 5, 5, 5, 7, 6, 9, 13, 6, 692, 10, 8, 818]","[0.0018598884066955983, 0.0037197768133911966, 0.006199628022318661, 0.008679479231246125, 0.010539367637941723, 0.012399256044637322, 0.01425914445133292, 0.017978921264724116, 0.021078735275883446, 0.02417854928704278, 0.02727836329820211, 0.03161810291382517, 0.035337879727216366, 0.04091754494730316, 0.048977061376317424, 0.05269683818970862, 0.48171109733415995, 0.4879107253564786, 0.49287042777433354, 1.0]",4.0,2.0,2.0,2.0,2.0,20,-16.39641,8.0,12.0,hrl_dqn_apf,hierarchical,dqn,-2.077,9.605,-1.868,0.00,0.00,0.00,-4.935,9.904,1.582,0.00,0.00,0.00,-8.186,7.310,-1.632,0.00,0.00,0.00,3.000,3.000,3.000
2026-02-04 17:42:23,1055.57,21,406,427,4.92%,214.03,1.30%,"[0, 5, 10, 15, 20, 25, 30, 35, 40, 45, 50, 55, 60, 65, 70, 75, 80, 85, 90, 95, 100]","[4, 2, 5, 3, 4, 3, 3, 5, 5, 6, 5, 6, 7, 8, 12, 5, 693, 11, 8, 818]","[0.0024798512089274642, 0.0037197768133911966, 0.006819590824550527, 0.008679479231246125, 0.011159330440173589, 0.013019218846869188, 0.014879107253564786, 0.017978921264724116, 0.021078735275883446, 0.024798512089274645, 0.027898326100433975, 0.03161810291382517, 0.03595784252944823, 0.04091754494730316, 0.04835709857408556, 0.05145691258524489, 0.4810911345319281, 0.4879107253564786, 0.49287042777433354, 1.0]",4.0,2.0,2.0,2.0,2.0,0,-16.23601,8.0,-12.0,hrl_dqn_apf,hierarchical,dqn,-1.989,9.694,-1.353,0.00,0.00,0.00,-4.392,10.022,1.675,0.00,0.00,0.00,-8.149,7.308,-0.887,0.00,0.00,0.00,3.000,3.000,3.000
2026-02-04 17:42:24,1056.57,20,407,427,4.68%,214.11,1.24%,"[0, 5, 10, 15, 20, 25, 30, 35, 40, 45, 50, 55, 60, 65, 70, 75, 80, 85, 90, 95, 100]","[3, 3, 5, 3, 3, 3, 4, 4, 6, 6, 4, 8, 4, 7, 13, 8, 691, 13, 6, 819]","[0.0018598884066955983, 0.0037197768133911966, 0.006819590824550527, 0.008679479231246125, 0.010539367637941723, 0.012399256044637322, 0.014879107253564786, 0.01735895846249225, 0.021078735275883446, 0.024798512089274645, 0.02727836329820211, 0.032238065716057036, 0.0347179169249845, 0.03905765654060756, 0.047117172969621826, 0.052076875387476754, 0.4804711717296962, 0.4885306881587105, 0.4922504649721017, 1.0]",4.0,2.0,2.0,2.0,2.0,8,1.8440000000000003,8.0,-6.0,hrl_dqn_apf,hierarchical,dqn,-1.204,9.679,-2.013,0.00,0.00,0.00,-4.862,10.134,2.631,0.00,0.00,0.00,-8.137,7.302,0.628,0.00,0.00,0.00,3.000,3.000,3.000
2026-02-04 17:42:25,1057.58,20,408,428,4.67%,214.12,1.24%,"[0, 5, 10, 15, 20, 25, 30, 35, 40, 45, 50, 55, 60, 65, 70, 75, 80, 85, 90, 95, 100]","[2, 4, 5, 2, 4, 3, 3, 4, 7, 6, 5, 8, 3, 7, 13, 8, 692, 12, 7, 818]","[0.0012399256044637321, 0.0037197768133911966, 0.006819590824550527, 0.008059516429014259, 0.010539367637941723, 0.012399256044637322, 0.01425914445133292, 0.016738995660260384, 0.021078735275883446, 0.024798512089274645, 0.027898326100433975, 0.0328580285182889, 0.0347179169249845, 0.03905765654060756, 0.047117172969621826, 0.052076875387476754, 0.4810911345319281, 0.4885306881587105, 0.49287042777433354, 1.0]",4.0,2.0,2.0,2.0,2.0,8,1.8440000000000003,8.0,-6.0,hrl_dqn_apf,hierarchical,dqn,-0.734,9.642,-2.582,0.00,0.00,0.00,-5.312,10.166,3.220,0.00,0.00,0.00,-8.138,7.295,1.391,0.00,0.00,0.00,3.000,3.000,3.000
2026-02-04 17:42:26,1058.58,19,405,424,4.48%,214.12,1.18%,"[0, 5, 10, 15, 20, 25, 30, 35, 40, 45, 50, 55, 60, 65, 70, 75, 80, 85, 90, 95, 100]","[2, 4, 2, 5, 3, 3, 4, 4, 8, 5, 5, 8, 3, 7, 11, 10, 692, 10, 8, 819]","[0.0012399256044637321, 0.0037197768133911966, 0.0049597024178549285, 0.008059516429014259, 0.009919404835709857, 0.011779293242405457, 0.01425914445133292, 0.016738995660260384, 0.02169869807811531, 0.024798512089274645, 0.027898326100433975, 0.0328580285182889, 0.0347179169249845, 0.03905765654060756, 0.04587724736515809, 0.052076875387476754, 0.4810911345319281, 0.48729076255424675, 0.4922504649721017, 1.0]",4.0,2.0,2.0,2.0,2.0,6,-9.995239999999999,8.0,-6.0,hrl_dqn_apf,hierarchical,dqn,-0.656,9.764,-2.984,0.00,0.00,0.00,-5.432,10.483,3.757,0.00,0.00,0.00,-8.330,7.148,1.521,0.00,0.00,0.00,3.000,3.000,3.000
2026-02-04 17:42:27,1059.58,21,403,424,4.95%,214.15,1.30%,"[0, 5, 10, 15, 20, 25, 30, 35, 40, 45, 50, 55, 60, 65, 70, 75, 80, 85, 90, 95, 100]","[2, 3, 3, 5, 4, 4, 3, 4, 8, 5, 5, 8, 3, 7, 11, 9, 693, 9, 9, 818]","[0.0012399256044637321, 0.0030998140111593306, 0.0049597024178549285, 0.008059516429014259, 0.010539367637941723, 0.013019218846869188, 0.014879107253564786, 0.01735895846249225, 0.022318660880347178, 0.02541847489150651, 0.02851828890266584, 0.03347799132052077, 0.035337879727216366, 0.03967761934283943, 0.04649721016738995, 0.052076875387476754, 0.48171109733415995, 0.48729076255424675, 0.49287042777433354, 1.0]",4.0,2.0,2.0,2.0,2.0,16,-9.83492,8.0,6.0,hrl_dqn_apf,hierarchical,dqn,-1.147,9.789,-3.121,0.00,0.00,0.00,-5.145,10.292,4.153,0.00,0.00,0.00,-8.727,7.115,1.158,0.00,0.00,0.00,3.000,3.000,3.000
2026-02-04 17:42:28,1060.58,22,402,424,5.19%,214.34,1.36%,"[0, 5, 10, 15, 20, 25, 30, 35, 40, 45, 50, 55, 60, 65, 70, 75, 80, 85, 90, 95, 100]","[4, 3, 2, 5, 4, 4, 3, 4, 8, 5, 4, 10, 1, 7, 10, 9, 694, 9, 10, 817]","[0.0024798512089274642, 0.0043397396156230625, 0.005579665220086794, 0.008679479231246125, 0.011159330440173589, 0.013639181649101054, 0.015499070055796652, 0.017978921264724116, 0.022938623682579044, 0.026038437693738377, 0.02851828890266584, 0.0347179169249845, 0.035337879727216366, 0.03967761934283943, 0.04587724736515809, 0.05145691258524489, 0.48171109733415995, 0.48729076255424675, 0.4934903905765654, 1.0]",4.0,2.0,2.0,2.0,2.0,16,-9.83492,8.0,6.0,hrl_dqn_apf,hierarchical,dqn,-2.068,9.872,-2.660,0.00,0.00,0.00,-4.986,9.551,4.353,0.00,0.00,0.00,-8.939,7.128,-0.196,0.00,0.00,0.00,3.000,3.000,3.000
2026-02-04 17:42:29,1061.58,21,401,422,4.98%,214.45,1.30%,"[0, 5, 10, 15, 20, 25, 30, 35, 40, 45, 50, 55, 60, 65, 70, 75, 80, 85, 90, 95, 100]","[5, 4, 1, 5, 3, 3, 3, 5, 7, 5, 5, 8, 3, 7, 10, 10, 695, 8, 11, 815]","[0.0030998140111593306, 0.005579665220086794, 0.006199628022318661, 0.009299442033477991, 0.011159330440173589, 0.013019218846869188, 0.014879107253564786, 0.017978921264724116, 0.022318660880347178, 0.02541847489150651, 0.02851828890266584, 0.03347799132052077, 0.035337879727216366, 0.03967761934283943, 0.04587724736515809, 0.052076875387476754, 0.4829510229386237, 0.4879107253564786, 0.49473031618102914, 1.0]",4.0,2.0,2.0,2.0,2.0,15,-15.67493,8.0,6.0,hrl_dqn_apf,hierarchical,dqn,-2.160,9.874,-1.990,0.00,0.00,0.00,-5.332,9.601,4.366,0.00,0.00,0.00,-8.954,7.126,-0.946,0.00,0.00,0.00,3.000,3.000,3.000
2026-02-04 17:42:30,1062.59,21,403,424,4.95%,214.65,1.30%,"[0, 5, 10, 15, 20, 25, 30, 35, 40, 45, 50, 55, 60, 65, 70, 75, 80, 85, 90, 95, 100]","[6, 3, 1, 5, 3, 3, 3, 3, 7, 7, 5, 9, 3, 3, 11, 11, 695, 9, 10, 816]","[0.0037197768133911966, 0.005579665220086794, 0.006199628022318661, 0.009299442033477991, 0.011159330440173589, 0.013019218846869188, 0.014879107253564786, 0.016738995660260384, 0.021078735275883446, 0.02541847489150651, 0.02851828890266584, 0.034097954122752634, 0.03595784252944823, 0.03781773093614383, 0.044637321760694355, 0.05145691258524489, 0.4823310601363918, 0.4879107253564786, 0.4941103533787973, 1.0]",4.0,2.0,2.0,2.0,2.0,4,8.4853,8.0,-12.0,hrl_dqn_apf,hierarchical,dqn,-2.190,9.871,-1.235,0.00,0.00,0.00,-5.987,9.610,4.370,0.00,0.00,0.00,-8.705,7.202,-1.476,0.00,0.00,0.00,3.000,3.000,3.000
2026-02-04 17:42:31,1063.59,20,404,424,4.72%,214.78,1.24%,"[0, 5, 10, 15, 20, 25, 30, 35, 40, 45, 50, 55, 60, 65, 70, 75, 80, 85, 90, 95, 100]","[7, 1, 2, 2, 5, 3, 4, 3, 6, 8, 4, 11, 3, 3, 11, 9, 697, 9, 9, 816]","[0.0043397396156230625, 0.0049597024178549285, 0.006199628022318661, 0.007439553626782393, 0.010539367637941723, 0.012399256044637322, 0.014879107253564786, 0.016738995660260384, 0.02045877247365158, 0.02541847489150651, 0.027898326100433975, 0.0347179169249845, 0.0365778053316801, 0.038437693738375696, 0.04525728456292622, 0.05083694978301302, 0.4829510229386237, 0.4885306881587105, 0.4941103533787973, 1.0]",4.0,2.0,2.0,2.0,2.0,4,8.4853,8.0,-12.0,hrl_dqn_apf,hierarchical,dqn,-2.344,9.931,-0.621,0.00,0.00,0.00,-6.717,9.610,4.371,0.00,0.00,0.00,-8.109,7.212,-1.562,0.00,0.00,0.00,3.000,3.000,3.000
2026-02-04 17:42:32,1064.59,22,406,428,5.14%,215.00,1.36%,"[0, 5, 10, 15, 20, 25, 30, 35, 40, 45, 50, 55, 60, 65, 70, 75, 80, 85, 90, 95, 100]","[8, 0, 3, 1, 6, 4, 3, 3, 8, 7, 4, 11, 3, 2, 12, 8, 696, 9, 8, 817]","[0.0049597024178549285, 0.0049597024178549285, 0.006819590824550527, 0.007439553626782393, 0.011159330440173589, 0.013639181649101054, 0.015499070055796652, 0.01735895846249225, 0.022318660880347178, 0.026658400495970243, 0.029138251704897707, 0.03595784252944823, 0.03781773093614383, 0.03905765654060756, 0.04649721016738995, 0.05145691258524489, 0.4829510229386237, 0.4885306881587105, 0.4934903905765654, 1.0]",4.0,2.0,2.0,2.0,2.0,16,-9.354420000000001,8.0,6.0,hrl_dqn_apf,hierarchical,dqn,-3.581,9.942,-0.323,0.00,0.00,0.00,-8.221,9.595,4.372,0.00,0.00,0.00,-6.673,7.196,-1.561,0.00,0.00,0.00,3.000,3.000,3.000
