timestamp,elapsed_time,scanned_count,unscanned_count,total_count,scan_ratio,global_avg_entropy,global_scan_ratio,entropy_bins,entropy_hist,entropy_cdf,repulsion_coefficient,entropy_coefficient,distance_coefficient,leader_range_coefficient,direction_retention_coefficient,hl_action,hl_goal_x,hl_goal_y,hl_goal_z,algorithm_type,env_type,control_mode,UAV1_x,UAV1_y,UAV1_z,UAV1_roll,UAV1_pitch,UAV1_yaw,UAV2_x,UAV2_y,UAV2_z,UAV2_roll,UAV2_pitch,UAV2_yaw,UAV3_x,UAV3_y,UAV3_z,UAV3_roll,UAV3_pitch,UAV3_yaw,UAV1_battery_voltage,UAV2_battery_voltage,UAV3_battery_voltage
2026-02-04 16:10:33,1.00,4,348,352,1.14%,79.98,0.25%,"[0, 5, 10, 15, 20, 25, 30, 35, 40, 45, 50, 55, 60, 65, 70, 75, 80, 85, 90, 95, 100]","[4, 0, 0, 0, 0, 0, 0, 0, 0, 0, 0, 0, 0, 0, 0, 0, 1609, 0, 0, 0]","[0.0024798512089274642, 0.0024798512089274642, 0.0024798512089274642, 0.0024798512089274642, 0.0024798512089274642, 0.0024798512089274642, 0.0024798512089274642, 0.0024798512089274642, 0.0024798512089274642, 0.0024798512089274642, 0.0024798512089274642, 0.0024798512089274642, 0.0024798512089274642, 0.0024798512089274642, 0.0024798512089274642, 0.0024798512089274642, 1.0, 1.0, 1.0, 1.0]",4.0,2.0,2.0,2.0,2.0,,,,,hrl_dqn_apf,hierarchical,dqn,-10.001,1.572,-0.760,0.00,0.00,0.00,-14.300,1.575,-0.590,0.00,0.00,0.00,-20.110,1.575,-0.590,0.00,0.00,0.00,4.200,4.200,4.200
2026-02-04 16:10:34,2.00,4,348,352,1.14%,80.15,0.25%,"[0, 5, 10, 15, 20, 25, 30, 35, 40, 45, 50, 55, 60, 65, 70, 75, 80, 85, 90, 95, 100]","[4, 0, 0, 0, 0, 0, 0, 0, 0, 0, 0, 0, 0, 0, 0, 0, 1609, 0, 0, 0]","[0.0024798512089274642, 0.0024798512089274642, 0.0024798512089274642, 0.0024798512089274642, 0.0024798512089274642, 0.0024798512089274642, 0.0024798512089274642, 0.0024798512089274642, 0.0024798512089274642, 0.0024798512089274642, 0.0024798512089274642, 0.0024798512089274642, 0.0024798512089274642, 0.0024798512089274642, 0.0024798512089274642, 0.0024798512089274642, 1.0, 1.0, 1.0, 1.0]",4.0,2.0,2.0,2.0,2.0,,,,,hrl_dqn_apf,hierarchical,dqn,-10.001,1.572,-0.760,0.00,0.00,0.00,-14.300,1.575,-0.590,0.00,0.00,0.00,-20.110,1.575,-0.590,0.00,0.00,0.00,4.200,4.200,4.200
2026-02-04 16:10:35,3.01,4,349,353,1.13%,80.32,0.25%,"[0, 5, 10, 15, 20, 25, 30, 35, 40, 45, 50, 55, 60, 65, 70, 75, 80, 85, 90, 95, 100]","[4, 0, 0, 0, 0, 0, 0, 0, 0, 0, 0, 0, 0, 0, 0, 0, 1609, 0, 0, 0]","[0.0024798512089274642, 0.0024798512089274642, 0.0024798512089274642, 0.0024798512089274642, 0.0024798512089274642, 0.0024798512089274642, 0.0024798512089274642, 0.0024798512089274642, 0.0024798512089274642, 0.0024798512089274642, 0.0024798512089274642, 0.0024798512089274642, 0.0024798512089274642, 0.0024798512089274642, 0.0024798512089274642, 0.0024798512089274642, 1.0, 1.0, 1.0, 1.0]",4.0,2.0,2.0,2.0,2.0,,,,,hrl_dqn_apf,hierarchical,dqn,-10.001,1.572,-0.760,0.00,0.00,0.00,-14.300,1.575,-0.590,0.00,0.00,0.00,-20.110,1.575,-0.590,0.00,0.00,0.00,4.199,4.199,4.199
2026-02-04 16:10:36,4.01,4,349,353,1.13%,80.64,0.25%,"[0, 5, 10, 15, 20, 25, 30, 35, 40, 45, 50, 55, 60, 65, 70, 75, 80, 85, 90, 95, 100]","[4, 0, 0, 0, 0, 0, 0, 0, 0, 1, 0, 0, 0, 0, 0, 0, 1608, 0, 0, 0]","[0.0024798512089274642, 0.0024798512089274642, 0.0024798512089274642, 0.0024798512089274642, 0.0024798512089274642, 0.0024798512089274642, 0.0024798512089274642, 0.0024798512089274642, 0.0024798512089274642, 0.0030998140111593306, 0.0030998140111593306, 0.0030998140111593306, 0.0030998140111593306, 0.0030998140111593306, 0.0030998140111593306, 0.0030998140111593306, 1.0, 1.0, 1.0, 1.0]",4.0,2.0,2.0,2.0,2.0,,,,,hrl_dqn_apf,hierarchical,dqn,-9.775,1.542,-0.769,0.00,0.00,0.00,-14.525,1.546,-0.581,0.00,0.00,0.00,-20.110,1.546,-0.816,0.00,0.00,0.00,4.196,4.196,4.196
2026-02-04 16:10:37,5.02,7,348,355,1.97%,80.72,0.43%,"[0, 5, 10, 15, 20, 25, 30, 35, 40, 45, 50, 55, 60, 65, 70, 75, 80, 85, 90, 95, 100]","[4, 1, 0, 1, 0, 1, 0, 0, 0, 0, 0, 0, 0, 0, 0, 0, 1606, 0, 0, 0]","[0.0024798512089274642, 0.0030998140111593306, 0.0030998140111593306, 0.0037197768133911966, 0.0037197768133911966, 0.0043397396156230625, 0.0043397396156230625, 0.0043397396156230625, 0.0043397396156230625, 0.0043397396156230625, 0.0043397396156230625, 0.0043397396156230625, 0.0043397396156230625, 0.0043397396156230625, 0.0043397396156230625, 0.0043397396156230625, 1.0, 1.0, 1.0, 1.0]",4.0,2.0,2.0,2.0,2.0,3,-11.760200000000001,8.0,-12.0,hrl_dqn_apf,hierarchical,dqn,-9.188,1.519,-0.793,0.00,0.00,0.00,-15.113,1.522,-0.557,0.00,0.00,0.00,-20.110,1.523,-1.404,0.00,0.00,0.00,4.193,4.193,4.193
2026-02-04 16:10:38,6.02,7,350,357,1.96%,80.84,0.43%,"[0, 5, 10, 15, 20, 25, 30, 35, 40, 45, 50, 55, 60, 65, 70, 75, 80, 85, 90, 95, 100]","[6, 1, 0, 0, 0, 0, 0, 0, 0, 1, 0, 0, 0, 0, 0, 0, 1261, 344, 0, 0]","[0.0037197768133911966, 0.0043397396156230625, 0.0043397396156230625, 0.0043397396156230625, 0.0043397396156230625, 0.0043397396156230625, 0.0043397396156230625, 0.0043397396156230625, 0.0043397396156230625, 0.0049597024178549285, 0.0049597024178549285, 0.0049597024178549285, 0.0049597024178549285, 0.0049597024178549285, 0.0049597024178549285, 0.0049597024178549285, 0.7867327960322381, 1.0, 1.0, 1.0]",4.0,2.0,2.0,2.0,2.0,3,-11.60034,8.0,-12.0,hrl_dqn_apf,hierarchical,dqn,-8.525,1.703,-0.820,0.00,0.00,0.00,-15.776,1.706,-0.530,0.00,0.00,0.00,-20.109,1.522,-1.894,0.00,0.00,0.00,4.190,4.190,4.190
2026-02-04 16:10:39,7.02,9,348,357,2.52%,80.87,0.56%,"[0, 5, 10, 15, 20, 25, 30, 35, 40, 45, 50, 55, 60, 65, 70, 75, 80, 85, 90, 95, 100]","[7, 0, 1, 1, 0, 0, 1, 0, 0, 1, 0, 0, 1, 0, 0, 0, 1261, 340, 0, 0]","[0.0043397396156230625, 0.0043397396156230625, 0.0049597024178549285, 0.005579665220086794, 0.005579665220086794, 0.005579665220086794, 0.006199628022318661, 0.006199628022318661, 0.006199628022318661, 0.006819590824550527, 0.006819590824550527, 0.006819590824550527, 0.007439553626782393, 0.007439553626782393, 0.007439553626782393, 0.007439553626782393, 0.7892126472411656, 1.0, 1.0, 1.0]",4.0,2.0,2.0,2.0,2.0,3,-11.60034,8.0,-12.0,hrl_dqn_apf,hierarchical,dqn,-8.219,2.129,-0.832,0.00,0.00,0.00,-16.077,2.067,-0.515,0.00,0.00,0.00,-20.118,1.536,-2.437,0.00,0.00,0.00,4.187,4.187,4.187
2026-02-04 16:10:40,8.02,12,353,365,3.29%,81.09,0.74%,"[0, 5, 10, 15, 20, 25, 30, 35, 40, 45, 50, 55, 60, 65, 70, 75, 80, 85, 90, 95, 100]","[10, 1, 1, 0, 0, 0, 0, 0, 0, 1, 0, 0, 1, 0, 0, 0, 1260, 339, 0, 0]","[0.006199628022318661, 0.006819590824550527, 0.007439553626782393, 0.007439553626782393, 0.007439553626782393, 0.007439553626782393, 0.007439553626782393, 0.007439553626782393, 0.007439553626782393, 0.008059516429014259, 0.008059516429014259, 0.008059516429014259, 0.008679479231246125, 0.008679479231246125, 0.008679479231246125, 0.008679479231246125, 0.7898326100433974, 1.0, 1.0, 1.0]",4.0,2.0,2.0,2.0,2.0,13,-11.43949,8.0,0.0,hrl_dqn_apf,hierarchical,dqn,-8.093,2.929,-0.838,0.00,0.00,0.00,-15.296,2.179,-0.187,0.00,0.00,0.00,-21.040,1.502,-3.241,0.00,0.00,0.00,4.184,4.184,4.184
2026-02-04 16:10:41,9.03,13,350,363,3.58%,81.23,0.81%,"[0, 5, 10, 15, 20, 25, 30, 35, 40, 45, 50, 55, 60, 65, 70, 75, 80, 85, 90, 95, 100]","[10, 2, 1, 0, 0, 0, 0, 0, 0, 1, 0, 0, 0, 0, 0, 0, 1260, 339, 0, 0]","[0.006199628022318661, 0.007439553626782393, 0.008059516429014259, 0.008059516429014259, 0.008059516429014259, 0.008059516429014259, 0.008059516429014259, 0.008059516429014259, 0.008059516429014259, 0.008679479231246125, 0.008679479231246125, 0.008679479231246125, 0.008679479231246125, 0.008679479231246125, 0.008679479231246125, 0.008679479231246125, 0.7898326100433974, 1.0, 1.0, 1.0]",4.0,2.0,2.0,2.0,2.0,2,-17.2791,8.0,-12.0,hrl_dqn_apf,hierarchical,dqn,-8.084,3.335,-0.838,0.00,0.00,0.00,-14.742,2.506,0.064,0.00,0.00,0.00,-21.599,1.800,-3.524,0.00,0.00,0.00,4.181,4.181,4.181
2026-02-04 16:10:42,10.03,13,352,365,3.56%,81.41,0.81%,"[0, 5, 10, 15, 20, 25, 30, 35, 40, 45, 50, 55, 60, 65, 70, 75, 80, 85, 90, 95, 100]","[10, 2, 1, 0, 0, 0, 0, 0, 0, 1, 0, 0, 0, 0, 0, 0, 1258, 341, 0, 0]","[0.006199628022318661, 0.007439553626782393, 0.008059516429014259, 0.008059516429014259, 0.008059516429014259, 0.008059516429014259, 0.008059516429014259, 0.008059516429014259, 0.008059516429014259, 0.008679479231246125, 0.008679479231246125, 0.008679479231246125, 0.008679479231246125, 0.008679479231246125, 0.008679479231246125, 0.008679479231246125, 0.7885926844389337, 1.0, 1.0, 1.0]",4.0,2.0,2.0,2.0,2.0,2,-17.2791,8.0,-12.0,hrl_dqn_apf,hierarchical,dqn,-8.081,3.732,-0.838,0.00,0.00,0.00,-14.535,2.925,0.161,0.00,0.00,0.00,-21.807,2.225,-3.629,0.00,0.00,0.00,4.178,4.178,4.178
2026-02-04 16:10:43,11.04,13,356,369,3.52%,81.59,0.81%,"[0, 5, 10, 15, 20, 25, 30, 35, 40, 45, 50, 55, 60, 65, 70, 75, 80, 85, 90, 95, 100]","[8, 3, 2, 0, 0, 0, 0, 0, 0, 1, 0, 0, 0, 0, 0, 0, 1256, 7, 336, 0]","[0.0049597024178549285, 0.006819590824550527, 0.008059516429014259, 0.008059516429014259, 0.008059516429014259, 0.008059516429014259, 0.008059516429014259, 0.008059516429014259, 0.008059516429014259, 0.008679479231246125, 0.008679479231246125, 0.008679479231246125, 0.008679479231246125, 0.008679479231246125, 0.008679479231246125, 0.008679479231246125, 0.78735275883447, 0.791692498450093, 1.0, 1.0]",4.0,2.0,2.0,2.0,2.0,24,-5.1190999999999995,8.0,12.0,hrl_dqn_apf,hierarchical,dqn,-8.080,4.129,-0.838,0.00,0.00,0.00,-14.471,3.327,0.191,0.00,0.00,0.00,-21.872,2.629,-3.662,0.00,0.00,0.00,4.175,4.175,4.175
2026-02-04 16:10:44,12.04,13,356,369,3.52%,81.95,0.81%,"[0, 5, 10, 15, 20, 25, 30, 35, 40, 45, 50, 55, 60, 65, 70, 75, 80, 85, 90, 95, 100]","[6, 5, 1, 1, 0, 0, 0, 0, 0, 1, 0, 0, 0, 0, 0, 0, 1252, 11, 336, 0]","[0.0037197768133911966, 0.006819590824550527, 0.007439553626782393, 0.008059516429014259, 0.008059516429014259, 0.008059516429014259, 0.008059516429014259, 0.008059516429014259, 0.008059516429014259, 0.008679479231246125, 0.008679479231246125, 0.008679479231246125, 0.008679479231246125, 0.008679479231246125, 0.008679479231246125, 0.008679479231246125, 0.7848729076255425, 0.791692498450093, 1.0, 1.0]",4.0,2.0,2.0,2.0,2.0,4,-4.958929999999999,8.0,-12.0,hrl_dqn_apf,hierarchical,dqn,-8.080,4.921,-0.838,0.00,0.00,0.00,-14.445,4.121,0.204,0.00,0.00,0.00,-21.898,3.424,-3.675,0.00,0.00,0.00,4.172,4.172,4.172
2026-02-04 16:10:45,13.04,13,356,369,3.52%,82.13,0.81%,"[0, 5, 10, 15, 20, 25, 30, 35, 40, 45, 50, 55, 60, 65, 70, 75, 80, 85, 90, 95, 100]","[5, 6, 1, 1, 0, 0, 0, 0, 0, 0, 1, 0, 0, 0, 0, 0, 1250, 12, 337, 0]","[0.0030998140111593306, 0.006819590824550527, 0.007439553626782393, 0.008059516429014259, 0.008059516429014259, 0.008059516429014259, 0.008059516429014259, 0.008059516429014259, 0.008059516429014259, 0.008059516429014259, 0.008679479231246125, 0.008679479231246125, 0.008679479231246125, 0.008679479231246125, 0.008679479231246125, 0.008679479231246125, 0.7836329820210788, 0.7910725356478612, 1.0, 1.0]",4.0,2.0,2.0,2.0,2.0,4,-4.958929999999999,8.0,-12.0,hrl_dqn_apf,hierarchical,dqn,-8.080,5.318,-0.838,0.00,0.00,0.00,-14.443,4.518,0.205,0.00,0.00,0.00,-21.900,3.822,-3.676,0.00,0.00,0.00,4.169,4.169,4.169
2026-02-04 16:10:46,14.04,13,358,371,3.50%,82.32,0.81%,"[0, 5, 10, 15, 20, 25, 30, 35, 40, 45, 50, 55, 60, 65, 70, 75, 80, 85, 90, 95, 100]","[4, 7, 1, 1, 0, 0, 0, 0, 0, 0, 1, 0, 0, 0, 0, 0, 1248, 14, 337, 0]","[0.0024798512089274642, 0.006819590824550527, 0.007439553626782393, 0.008059516429014259, 0.008059516429014259, 0.008059516429014259, 0.008059516429014259, 0.008059516429014259, 0.008059516429014259, 0.008059516429014259, 0.008679479231246125, 0.008679479231246125, 0.008679479231246125, 0.008679479231246125, 0.008679479231246125, 0.008679479231246125, 0.782393056416615, 0.7910725356478612, 1.0, 1.0]",4.0,2.0,2.0,2.0,2.0,11,-22.87843,8.0,0.0,hrl_dqn_apf,hierarchical,dqn,-8.080,5.715,-0.838,0.00,0.00,0.00,-14.442,4.916,0.205,0.00,0.00,0.00,-21.900,4.219,-3.676,0.00,0.00,0.00,4.166,4.166,4.166
2026-02-04 16:10:47,15.04,13,360,373,3.49%,82.50,0.81%,"[0, 5, 10, 15, 20, 25, 30, 35, 40, 45, 50, 55, 60, 65, 70, 75, 80, 85, 90, 95, 100]","[4, 6, 2, 1, 0, 0, 0, 0, 0, 0, 1, 0, 0, 0, 0, 0, 1246, 14, 339, 0]","[0.0024798512089274642, 0.006199628022318661, 0.007439553626782393, 0.008059516429014259, 0.008059516429014259, 0.008059516429014259, 0.008059516429014259, 0.008059516429014259, 0.008059516429014259, 0.008059516429014259, 0.008679479231246125, 0.008679479231246125, 0.008679479231246125, 0.008679479231246125, 0.008679479231246125, 0.008679479231246125, 0.7811531308121513, 0.7898326100433974, 1.0, 1.0]",4.0,2.0,2.0,2.0,2.0,23,-10.718499999999999,8.0,12.0,hrl_dqn_apf,hierarchical,dqn,-8.080,6.110,-0.838,0.00,0.00,0.00,-14.442,5.311,0.205,0.00,0.00,0.00,-21.900,4.615,-3.677,0.00,0.00,0.00,4.163,4.163,4.163
2026-02-04 16:10:48,16.04,13,360,373,3.49%,82.87,0.81%,"[0, 5, 10, 15, 20, 25, 30, 35, 40, 45, 50, 55, 60, 65, 70, 75, 80, 85, 90, 95, 100]","[3, 4, 4, 2, 0, 0, 0, 0, 0, 0, 1, 0, 0, 0, 0, 0, 1242, 16, 7, 334]","[0.0018598884066955983, 0.0043397396156230625, 0.006819590824550527, 0.008059516429014259, 0.008059516429014259, 0.008059516429014259, 0.008059516429014259, 0.008059516429014259, 0.008059516429014259, 0.008059516429014259, 0.008679479231246125, 0.008679479231246125, 0.008679479231246125, 0.008679479231246125, 0.008679479231246125, 0.008679479231246125, 0.7786732796032239, 0.7885926844389337, 0.7929324240545568, 1.0]",4.0,2.0,2.0,2.0,2.0,23,-10.718499999999999,8.0,12.0,hrl_dqn_apf,hierarchical,dqn,-8.299,6.551,-0.838,0.00,0.00,0.00,-14.442,6.105,0.205,0.00,0.00,0.00,-21.900,5.409,-3.677,0.00,0.00,0.00,4.160,4.160,4.160
2026-02-04 16:10:49,17.05,13,361,374,3.48%,83.05,0.81%,"[0, 5, 10, 15, 20, 25, 30, 35, 40, 45, 50, 55, 60, 65, 70, 75, 80, 85, 90, 95, 100]","[4, 3, 4, 1, 1, 0, 0, 0, 0, 0, 1, 0, 0, 0, 0, 0, 1242, 16, 7, 334]","[0.0024798512089274642, 0.0043397396156230625, 0.006819590824550527, 0.007439553626782393, 0.008059516429014259, 0.008059516429014259, 0.008059516429014259, 0.008059516429014259, 0.008059516429014259, 0.008059516429014259, 0.008679479231246125, 0.008679479231246125, 0.008679479231246125, 0.008679479231246125, 0.008679479231246125, 0.008679479231246125, 0.7786732796032239, 0.7885926844389337, 0.7929324240545568, 1.0]",4.0,2.0,2.0,2.0,2.0,10,-28.55834,8.0,0.0,hrl_dqn_apf,hierarchical,dqn,-8.885,6.549,-0.838,0.00,0.00,0.00,-14.442,6.243,0.322,0.00,0.00,0.00,-21.900,5.805,-3.677,0.00,0.00,0.00,4.157,4.157,4.157
2026-02-04 16:10:50,18.05,13,361,374,3.48%,83.19,0.81%,"[0, 5, 10, 15, 20, 25, 30, 35, 40, 45, 50, 55, 60, 65, 70, 75, 80, 85, 90, 95, 100]","[4, 2, 5, 1, 1, 0, 1, 0, 0, 0, 0, 1, 0, 0, 0, 0, 1242, 10, 12, 334]","[0.0024798512089274642, 0.0037197768133911966, 0.006819590824550527, 0.007439553626782393, 0.008059516429014259, 0.008059516429014259, 0.008679479231246125, 0.008679479231246125, 0.008679479231246125, 0.008679479231246125, 0.008679479231246125, 0.009299442033477991, 0.009299442033477991, 0.009299442033477991, 0.009299442033477991, 0.009299442033477991, 0.7792932424054557, 0.7854928704277744, 0.7929324240545568, 1.0]",4.0,2.0,2.0,2.0,2.0,1,-22.39801,8.0,-12.0,hrl_dqn_apf,hierarchical,dqn,-9.602,6.543,-0.838,0.00,0.00,0.00,-14.442,6.246,0.850,0.00,0.00,0.00,-21.900,6.203,-3.677,0.00,0.00,0.00,4.154,4.154,4.154
2026-02-04 16:10:51,19.05,14,362,376,3.72%,83.35,0.87%,"[0, 5, 10, 15, 20, 25, 30, 35, 40, 45, 50, 55, 60, 65, 70, 75, 80, 85, 90, 95, 100]","[6, 1, 5, 1, 1, 0, 0, 0, 0, 0, 0, 1, 0, 0, 0, 0, 1240, 10, 14, 334]","[0.0037197768133911966, 0.0043397396156230625, 0.007439553626782393, 0.008059516429014259, 0.008679479231246125, 0.008679479231246125, 0.008679479231246125, 0.008679479231246125, 0.008679479231246125, 0.008679479231246125, 0.008679479231246125, 0.009299442033477991, 0.009299442033477991, 0.009299442033477991, 0.009299442033477991, 0.009299442033477991, 0.778053316800992, 0.7842529448233106, 0.7929324240545568, 1.0]",4.0,2.0,2.0,2.0,2.0,1,-22.39801,8.0,-12.0,hrl_dqn_apf,hierarchical,dqn,-10.346,6.539,-0.838,0.00,0.00,0.00,-14.442,6.241,1.541,0.00,0.00,0.00,-21.908,6.523,-3.677,0.00,0.00,0.00,4.151,4.151,4.151
2026-02-04 16:10:52,20.06,17,361,378,4.50%,83.50,1.05%,"[0, 5, 10, 15, 20, 25, 30, 35, 40, 45, 50, 55, 60, 65, 70, 75, 80, 85, 90, 95, 100]","[8, 1, 4, 2, 2, 0, 0, 0, 1, 0, 0, 1, 0, 0, 0, 0, 1237, 10, 14, 333]","[0.0049597024178549285, 0.005579665220086794, 0.008059516429014259, 0.009299442033477991, 0.010539367637941723, 0.010539367637941723, 0.010539367637941723, 0.010539367637941723, 0.011159330440173589, 0.011159330440173589, 0.011159330440173589, 0.011779293242405457, 0.011779293242405457, 0.011779293242405457, 0.011779293242405457, 0.011779293242405457, 0.7786732796032239, 0.7848729076255425, 0.7935523868567886, 1.0]",4.0,2.0,2.0,2.0,2.0,17,-16.23808,8.0,6.0,hrl_dqn_apf,hierarchical,dqn,-11.438,6.698,-0.956,0.00,0.00,0.00,-14.637,6.245,2.933,0.00,0.00,0.00,-22.879,6.539,-3.677,0.00,0.00,0.00,4.148,4.148,4.148
2026-02-04 16:10:53,21.06,18,362,380,4.74%,83.62,1.12%,"[0, 5, 10, 15, 20, 25, 30, 35, 40, 45, 50, 55, 60, 65, 70, 75, 80, 85, 90, 95, 100]","[10, 0, 3, 3, 2, 0, 0, 0, 1, 0, 0, 1, 0, 0, 0, 0, 1236, 8, 16, 333]","[0.006199628022318661, 0.006199628022318661, 0.008059516429014259, 0.009919404835709857, 0.011159330440173589, 0.011159330440173589, 0.011159330440173589, 0.011159330440173589, 0.011779293242405457, 0.011779293242405457, 0.011779293242405457, 0.012399256044637322, 0.012399256044637322, 0.012399256044637322, 0.012399256044637322, 0.012399256044637322, 0.7786732796032239, 0.7836329820210788, 0.7935523868567886, 1.0]",4.0,2.0,2.0,2.0,2.0,1,-22.07773,8.0,-12.0,hrl_dqn_apf,hierarchical,dqn,-11.212,6.735,-1.315,0.00,0.00,0.00,-15.043,6.252,3.468,0.00,0.00,0.00,-23.482,6.591,-3.801,0.00,0.00,0.00,4.145,4.145,4.145
2026-02-04 16:10:54,22.06,18,364,382,4.71%,83.71,1.12%,"[0, 5, 10, 15, 20, 25, 30, 35, 40, 45, 50, 55, 60, 65, 70, 75, 80, 85, 90, 95, 100]","[9, 1, 3, 3, 1, 1, 0, 1, 1, 0, 0, 3, 0, 0, 0, 0, 1235, 10, 16, 329]","[0.005579665220086794, 0.006199628022318661, 0.008059516429014259, 0.009919404835709857, 0.010539367637941723, 0.011159330440173589, 0.011159330440173589, 0.011779293242405457, 0.012399256044637322, 0.012399256044637322, 0.012399256044637322, 0.01425914445133292, 0.01425914445133292, 0.01425914445133292, 0.01425914445133292, 0.01425914445133292, 0.7799132052076876, 0.7861128332300062, 0.7960322380657161, 1.0]",4.0,2.0,2.0,2.0,2.0,1,-22.07773,8.0,-12.0,hrl_dqn_apf,hierarchical,dqn,-11.146,6.778,-1.890,0.00,0.00,0.00,-15.213,6.259,4.142,0.00,0.00,0.00,-23.718,6.616,-4.330,0.00,0.00,0.00,4.142,4.142,4.142
2026-02-04 16:10:55,23.07,21,363,384,5.47%,83.78,1.30%,"[0, 5, 10, 15, 20, 25, 30, 35, 40, 45, 50, 55, 60, 65, 70, 75, 80, 85, 90, 95, 100]","[10, 3, 2, 4, 1, 1, 0, 0, 2, 0, 0, 0, 1, 0, 0, 0, 1235, 9, 10, 335]","[0.006199628022318661, 0.008059516429014259, 0.009299442033477991, 0.011779293242405457, 0.012399256044637322, 0.013019218846869188, 0.013019218846869188, 0.013019218846869188, 0.01425914445133292, 0.01425914445133292, 0.01425914445133292, 0.01425914445133292, 0.014879107253564786, 0.014879107253564786, 0.014879107253564786, 0.014879107253564786, 0.7805331680099195, 0.7861128332300062, 0.7923124612523249, 1.0]",4.0,2.0,2.0,2.0,2.0,1,-21.917279999999998,8.0,-12.0,hrl_dqn_apf,hierarchical,dqn,-11.559,6.826,-2.175,0.00,0.00,0.00,-15.266,6.257,4.880,0.00,0.00,0.00,-23.791,6.616,-5.027,0.00,0.00,0.00,4.139,4.139,4.139
2026-02-04 16:10:56,24.07,25,361,386,6.48%,83.91,1.55%,"[0, 5, 10, 15, 20, 25, 30, 35, 40, 45, 50, 55, 60, 65, 70, 75, 80, 85, 90, 95, 100]","[11, 4, 2, 5, 1, 2, 0, 0, 1, 1, 0, 0, 1, 0, 0, 0, 1231, 7, 15, 332]","[0.006819590824550527, 0.009299442033477991, 0.010539367637941723, 0.013639181649101054, 0.01425914445133292, 0.015499070055796652, 0.015499070055796652, 0.015499070055796652, 0.016119032858028518, 0.016738995660260384, 0.016738995660260384, 0.016738995660260384, 0.01735895846249225, 0.01735895846249225, 0.01735895846249225, 0.01735895846249225, 0.7805331680099195, 0.7848729076255425, 0.7941723496590205, 1.0]",4.0,2.0,2.0,2.0,2.0,1,-21.917279999999998,8.0,-12.0,hrl_dqn_apf,hierarchical,dqn,-12.957,6.825,-2.293,0.00,0.00,0.00,-15.288,6.402,5.941,0.00,0.00,0.00,-23.821,6.609,-6.531,0.00,0.00,0.00,4.136,4.136,4.136
2026-02-04 16:10:57,25.07,26,362,388,6.70%,83.99,1.61%,"[0, 5, 10, 15, 20, 25, 30, 35, 40, 45, 50, 55, 60, 65, 70, 75, 80, 85, 90, 95, 100]","[10, 7, 2, 4, 2, 1, 1, 0, 1, 1, 0, 0, 1, 0, 0, 0, 1231, 7, 10, 335]","[0.006199628022318661, 0.010539367637941723, 0.011779293242405457, 0.01425914445133292, 0.015499070055796652, 0.016119032858028518, 0.016738995660260384, 0.016738995660260384, 0.01735895846249225, 0.017978921264724116, 0.017978921264724116, 0.017978921264724116, 0.018598884066955982, 0.018598884066955982, 0.018598884066955982, 0.018598884066955982, 0.7817730936143832, 0.7861128332300062, 0.7923124612523249, 1.0]",4.0,2.0,2.0,2.0,2.0,7,-15.75731,8.0,-6.0,hrl_dqn_apf,hierarchical,dqn,-13.606,6.885,-2.445,0.00,0.00,0.00,-15.289,6.434,5.502,0.00,0.00,0.00,-23.823,6.606,-7.327,0.00,0.00,0.00,4.133,4.133,4.133
2026-02-04 16:10:58,26.07,27,361,388,6.96%,84.13,1.67%,"[0, 5, 10, 15, 20, 25, 30, 35, 40, 45, 50, 55, 60, 65, 70, 75, 80, 85, 90, 95, 100]","[12, 7, 0, 4, 2, 2, 0, 0, 1, 1, 0, 0, 1, 1, 0, 0, 1231, 7, 8, 336]","[0.007439553626782393, 0.011779293242405457, 0.011779293242405457, 0.01425914445133292, 0.015499070055796652, 0.016738995660260384, 0.016738995660260384, 0.016738995660260384, 0.01735895846249225, 0.017978921264724116, 0.017978921264724116, 0.017978921264724116, 0.018598884066955982, 0.019218846869187848, 0.019218846869187848, 0.019218846869187848, 0.782393056416615, 0.7867327960322381, 0.791692498450093, 1.0]",4.0,2.0,2.0,2.0,2.0,13,-9.5982,8.0,0.0,hrl_dqn_apf,hierarchical,dqn,-13.836,6.909,-2.988,0.00,0.00,0.00,-15.290,6.434,4.835,0.00,0.00,0.00,-23.762,6.647,-8.026,0.00,0.00,0.00,4.130,4.130,4.130
2026-02-04 16:10:59,27.08,27,361,388,6.96%,84.19,1.67%,"[0, 5, 10, 15, 20, 25, 30, 35, 40, 45, 50, 55, 60, 65, 70, 75, 80, 85, 90, 95, 100]","[10, 9, 1, 3, 3, 1, 1, 0, 1, 2, 2, 0, 1, 0, 0, 0, 1225, 12, 9, 333]","[0.006199628022318661, 0.011779293242405457, 0.012399256044637322, 0.01425914445133292, 0.016119032858028518, 0.016738995660260384, 0.01735895846249225, 0.01735895846249225, 0.017978921264724116, 0.019218846869187848, 0.02045877247365158, 0.02045877247365158, 0.021078735275883446, 0.021078735275883446, 0.021078735275883446, 0.021078735275883446, 0.7805331680099195, 0.7879727216367018, 0.7935523868567886, 1.0]",4.0,2.0,2.0,2.0,2.0,13,-9.5982,8.0,0.0,hrl_dqn_apf,hierarchical,dqn,-13.894,6.925,-3.676,0.00,0.00,0.00,-15.290,6.431,4.098,0.00,0.00,0.00,-23.298,6.690,-8.334,0.00,0.00,0.00,4.127,4.127,4.127
2026-02-04 16:11:00,28.08,32,358,390,8.21%,84.34,1.98%,"[0, 5, 10, 15, 20, 25, 30, 35, 40, 45, 50, 55, 60, 65, 70, 75, 80, 85, 90, 95, 100]","[11, 9, 4, 2, 5, 1, 1, 0, 0, 1, 0, 0, 1, 1, 0, 0, 1223, 15, 9, 330]","[0.006819590824550527, 0.012399256044637322, 0.014879107253564786, 0.016119032858028518, 0.019218846869187848, 0.019838809671419714, 0.02045877247365158, 0.02045877247365158, 0.02045877247365158, 0.021078735275883446, 0.021078735275883446, 0.021078735275883446, 0.02169869807811531, 0.022318660880347178, 0.022318660880347178, 0.022318660880347178, 0.7805331680099195, 0.7898326100433974, 0.7954122752634842, 1.0]",4.0,2.0,2.0,2.0,2.0,8,-9.43334,8.0,-6.0,hrl_dqn_apf,hierarchical,dqn,-12.917,6.998,-4.192,0.00,0.00,0.00,-15.290,6.425,2.583,0.00,0.00,0.00,-21.884,6.689,-8.460,0.00,0.00,0.00,4.124,4.124,4.124
2026-02-04 16:11:01,29.08,34,356,390,8.72%,84.44,2.11%,"[0, 5, 10, 15, 20, 25, 30, 35, 40, 45, 50, 55, 60, 65, 70, 75, 80, 85, 90, 95, 100]","[12, 9, 4, 2, 6, 1, 1, 0, 0, 1, 0, 0, 0, 1, 0, 0, 1219, 15, 7, 335]","[0.007439553626782393, 0.013019218846869188, 0.015499070055796652, 0.016738995660260384, 0.02045877247365158, 0.021078735275883446, 0.02169869807811531, 0.02169869807811531, 0.02169869807811531, 0.022318660880347178, 0.022318660880347178, 0.022318660880347178, 0.022318660880347178, 0.022938623682579044, 0.022938623682579044, 0.022938623682579044, 0.7786732796032239, 0.7879727216367018, 0.7923124612523249, 1.0]",4.0,2.0,2.0,2.0,2.0,17,-15.35344,8.0,6.0,hrl_dqn_apf,hierarchical,dqn,-12.172,6.996,-4.231,0.00,0.00,0.00,-15.290,6.552,2.097,0.00,0.00,0.00,-21.110,6.686,-8.469,0.00,0.00,0.00,4.121,4.121,4.121
2026-02-04 16:11:02,30.09,35,355,390,8.97%,84.52,2.17%,"[0, 5, 10, 15, 20, 25, 30, 35, 40, 45, 50, 55, 60, 65, 70, 75, 80, 85, 90, 95, 100]","[10, 9, 7, 3, 5, 1, 1, 0, 0, 1, 1, 0, 0, 1, 0, 0, 1218, 17, 7, 332]","[0.006199628022318661, 0.011779293242405457, 0.016119032858028518, 0.017978921264724116, 0.021078735275883446, 0.02169869807811531, 0.022318660880347178, 0.022318660880347178, 0.022318660880347178, 0.022938623682579044, 0.023558586484810913, 0.023558586484810913, 0.023558586484810913, 0.02417854928704278, 0.02417854928704278, 0.02417854928704278, 0.7792932424054557, 0.7898326100433974, 0.7941723496590205, 1.0]",4.0,2.0,2.0,2.0,2.0,17,-15.35344,8.0,6.0,hrl_dqn_apf,hierarchical,dqn,-11.421,6.993,-4.242,0.00,0.00,0.00,-15.290,6.603,2.412,0.00,0.00,0.00,-20.352,6.683,-8.472,0.00,0.00,0.00,4.118,4.118,4.118
2026-02-04 16:11:03,31.09,36,355,391,9.21%,84.61,2.23%,"[0, 5, 10, 15, 20, 25, 30, 35, 40, 45, 50, 55, 60, 65, 70, 75, 80, 85, 90, 95, 100]","[10, 11, 8, 2, 3, 2, 2, 0, 0, 1, 0, 0, 0, 1, 0, 0, 1217, 17, 8, 331]","[0.006199628022318661, 0.013019218846869188, 0.017978921264724116, 0.019218846869187848, 0.021078735275883446, 0.022318660880347178, 0.023558586484810913, 0.023558586484810913, 0.023558586484810913, 0.02417854928704278, 0.02417854928704278, 0.02417854928704278, 0.02417854928704278, 0.024798512089274645, 0.024798512089274645, 0.024798512089274645, 0.7792932424054557, 0.7898326100433974, 0.7947923124612524, 1.0]",4.0,2.0,2.0,2.0,2.0,13,-9.19353,8.0,0.0,hrl_dqn_apf,hierarchical,dqn,-10.660,6.990,-4.246,0.00,0.00,0.00,-15.290,6.605,3.048,0.00,0.00,0.00,-19.589,6.680,-8.473,0.00,0.00,0.00,4.115,4.115,4.115
2026-02-04 16:11:04,32.09,39,354,393,9.92%,84.79,2.42%,"[0, 5, 10, 15, 20, 25, 30, 35, 40, 45, 50, 55, 60, 65, 70, 75, 80, 85, 90, 95, 100]","[12, 9, 10, 1, 4, 3, 1, 1, 0, 0, 1, 0, 0, 1, 0, 0, 1217, 8, 15, 330]","[0.007439553626782393, 0.013019218846869188, 0.019218846869187848, 0.019838809671419714, 0.022318660880347178, 0.02417854928704278, 0.024798512089274645, 0.02541847489150651, 0.02541847489150651, 0.02541847489150651, 0.026038437693738377, 0.026038437693738377, 0.026038437693738377, 0.026658400495970243, 0.026658400495970243, 0.026658400495970243, 0.7811531308121513, 0.7861128332300062, 0.7954122752634842, 1.0]",4.0,2.0,2.0,2.0,2.0,3,-9.0325,8.0,-12.0,hrl_dqn_apf,hierarchical,dqn,-9.568,7.054,-4.397,0.00,0.00,0.00,-15.290,6.599,4.527,0.00,0.00,0.00,-18.065,6.674,-8.473,0.00,0.00,0.00,4.112,4.112,4.112
2026-02-04 16:11:05,33.10,40,355,395,10.13%,84.93,2.48%,"[0, 5, 10, 15, 20, 25, 30, 35, 40, 45, 50, 55, 60, 65, 70, 75, 80, 85, 90, 95, 100]","[11, 9, 8, 4, 2, 6, 1, 1, 0, 0, 1, 0, 0, 0, 1, 0, 1211, 14, 15, 329]","[0.006819590824550527, 0.012399256044637322, 0.01735895846249225, 0.019838809671419714, 0.021078735275883446, 0.024798512089274645, 0.02541847489150651, 0.026038437693738377, 0.026038437693738377, 0.026038437693738377, 0.026658400495970243, 0.026658400495970243, 0.026658400495970243, 0.026658400495970243, 0.02727836329820211, 0.02727836329820211, 0.778053316800992, 0.7867327960322381, 0.7960322380657161, 1.0]",4.0,2.0,2.0,2.0,2.0,3,-9.0325,8.0,-12.0,hrl_dqn_apf,hierarchical,dqn,-9.537,7.079,-4.842,0.00,0.00,0.00,-15.433,6.661,5.146,0.00,0.00,0.00,-17.302,6.671,-8.473,0.00,0.00,0.00,4.109,4.109,4.109
2026-02-04 16:11:06,34.10,40,355,395,10.13%,85.09,2.48%,"[0, 5, 10, 15, 20, 25, 30, 35, 40, 45, 50, 55, 60, 65, 70, 75, 80, 85, 90, 95, 100]","[12, 8, 9, 4, 2, 5, 1, 1, 0, 0, 1, 0, 0, 0, 1, 0, 1211, 10, 18, 330]","[0.007439553626782393, 0.012399256044637322, 0.017978921264724116, 0.02045877247365158, 0.02169869807811531, 0.024798512089274645, 0.02541847489150651, 0.026038437693738377, 0.026038437693738377, 0.026038437693738377, 0.026658400495970243, 0.026658400495970243, 0.026658400495970243, 0.026658400495970243, 0.02727836329820211, 0.02727836329820211, 0.778053316800992, 0.7842529448233106, 0.7954122752634842, 1.0]",4.0,2.0,2.0,2.0,2.0,15,-26.87256,8.0,6.0,hrl_dqn_apf,hierarchical,dqn,-9.535,7.079,-5.473,0.00,0.00,0.00,-15.942,6.685,5.369,0.00,0.00,0.00,-16.627,6.707,-8.423,0.00,0.00,0.00,4.108,4.108,4.108
2026-02-04 16:11:07,35.10,40,353,393,10.18%,85.22,2.48%,"[0, 5, 10, 15, 20, 25, 30, 35, 40, 45, 50, 55, 60, 65, 70, 75, 80, 85, 90, 95, 100]","[14, 7, 9, 5, 2, 3, 1, 1, 0, 0, 1, 0, 0, 0, 1, 0, 1211, 9, 18, 331]","[0.008679479231246125, 0.013019218846869188, 0.018598884066955982, 0.02169869807811531, 0.022938623682579044, 0.024798512089274645, 0.02541847489150651, 0.026038437693738377, 0.026038437693738377, 0.026038437693738377, 0.026658400495970243, 0.026658400495970243, 0.026658400495970243, 0.026658400495970243, 0.02727836329820211, 0.02727836329820211, 0.778053316800992, 0.7836329820210788, 0.7947923124612524, 1.0]",4.0,2.0,2.0,2.0,2.0,15,-26.87256,8.0,6.0,hrl_dqn_apf,hierarchical,dqn,-10.000,0.030,-0.751,0.00,0.00,0.00,-14.300,0.034,-0.590,0.00,0.00,0.00,-20.109,0.038,-0.590,0.00,0.00,0.00,4.200,4.200,4.200
2026-02-04 16:11:08,36.10,39,362,401,9.73%,85.61,2.42%,"[0, 5, 10, 15, 20, 25, 30, 35, 40, 45, 50, 55, 60, 65, 70, 75, 80, 85, 90, 95, 100]","[11, 7, 9, 8, 1, 3, 1, 1, 1, 0, 1, 0, 0, 0, 1, 0, 1210, 9, 13, 337]","[0.006819590824550527, 0.011159330440173589, 0.016738995660260384, 0.02169869807811531, 0.022318660880347178, 0.02417854928704278, 0.024798512089274645, 0.02541847489150651, 0.026038437693738377, 0.026038437693738377, 0.026658400495970243, 0.026658400495970243, 0.026658400495970243, 0.026658400495970243, 0.02727836329820211, 0.02727836329820211, 0.7774333539987601, 0.7830130192188469, 0.7910725356478612, 1.0]",4.0,2.0,2.0,2.0,2.0,15,-26.87256,8.0,6.0,hrl_dqn_apf,hierarchical,dqn,-10.000,0.448,-0.757,0.00,0.00,0.00,-14.300,0.034,-0.590,0.00,0.00,0.00,-20.109,0.038,-0.590,0.00,0.00,0.00,4.200,4.200,4.200
2026-02-04 16:11:09,37.11,39,360,399,9.77%,85.81,2.42%,"[0, 5, 10, 15, 20, 25, 30, 35, 40, 45, 50, 55, 60, 65, 70, 75, 80, 85, 90, 95, 100]","[9, 9, 8, 8, 1, 4, 1, 1, 1, 0, 1, 0, 0, 0, 1, 0, 1210, 9, 9, 341]","[0.005579665220086794, 0.011159330440173589, 0.016119032858028518, 0.021078735275883446, 0.02169869807811531, 0.02417854928704278, 0.024798512089274645, 0.02541847489150651, 0.026038437693738377, 0.026038437693738377, 0.026658400495970243, 0.026658400495970243, 0.026658400495970243, 0.026658400495970243, 0.02727836329820211, 0.02727836329820211, 0.7774333539987601, 0.7830130192188469, 0.7885926844389337, 1.0]",4.0,2.0,2.0,2.0,2.0,15,-26.87256,8.0,6.0,hrl_dqn_apf,hierarchical,dqn,-10.000,0.826,-0.757,0.00,0.00,0.00,-14.300,0.034,-0.590,0.00,0.00,0.00,-20.109,0.038,-0.590,0.00,0.00,0.00,4.200,4.200,4.200
2026-02-04 16:11:10,38.11,38,365,403,9.43%,86.00,2.36%,"[0, 5, 10, 15, 20, 25, 30, 35, 40, 45, 50, 55, 60, 65, 70, 75, 80, 85, 90, 95, 100]","[8, 10, 8, 7, 2, 3, 2, 1, 1, 0, 0, 1, 0, 0, 0, 1, 1206, 7, 15, 341]","[0.0049597024178549285, 0.011159330440173589, 0.016119032858028518, 0.02045877247365158, 0.02169869807811531, 0.023558586484810913, 0.024798512089274645, 0.02541847489150651, 0.026038437693738377, 0.026038437693738377, 0.026038437693738377, 0.026658400495970243, 0.026658400495970243, 0.026658400495970243, 0.026658400495970243, 0.02727836329820211, 0.7749535027898327, 0.7792932424054557, 0.7885926844389337, 1.0]",4.0,2.0,2.0,2.0,2.0,15,-26.87256,8.0,6.0,hrl_dqn_apf,hierarchical,dqn,-10.000,1.216,-0.757,0.00,0.00,0.00,-14.300,0.034,-0.590,0.00,0.00,0.00,-20.109,0.038,-0.590,0.00,0.00,0.00,4.200,4.200,4.200
2026-02-04 16:11:11,39.12,37,368,405,9.14%,86.20,2.29%,"[0, 5, 10, 15, 20, 25, 30, 35, 40, 45, 50, 55, 60, 65, 70, 75, 80, 85, 90, 95, 100]","[8, 8, 8, 8, 3, 2, 3, 1, 1, 0, 0, 1, 0, 0, 0, 1, 1206, 7, 13, 343]","[0.0049597024178549285, 0.009919404835709857, 0.014879107253564786, 0.019838809671419714, 0.02169869807811531, 0.022938623682579044, 0.024798512089274645, 0.02541847489150651, 0.026038437693738377, 0.026038437693738377, 0.026038437693738377, 0.026658400495970243, 0.026658400495970243, 0.026658400495970243, 0.026658400495970243, 0.02727836329820211, 0.7749535027898327, 0.7792932424054557, 0.78735275883447, 1.0]",4.0,2.0,2.0,2.0,2.0,15,-26.87256,8.0,6.0,hrl_dqn_apf,hierarchical,dqn,-10.000,1.563,-0.757,0.00,0.00,0.00,-14.300,0.034,-0.590,0.00,0.00,0.00,-20.109,0.038,-0.590,0.00,0.00,0.00,4.200,4.200,4.200
2026-02-04 16:11:12,40.12,37,368,405,9.14%,86.60,2.29%,"[0, 5, 10, 15, 20, 25, 30, 35, 40, 45, 50, 55, 60, 65, 70, 75, 80, 85, 90, 95, 100]","[4, 10, 6, 8, 7, 2, 2, 1, 2, 0, 0, 1, 0, 0, 0, 1, 1200, 12, 10, 347]","[0.0024798512089274642, 0.008679479231246125, 0.012399256044637322, 0.01735895846249225, 0.02169869807811531, 0.022938623682579044, 0.02417854928704278, 0.024798512089274645, 0.026038437693738377, 0.026038437693738377, 0.026038437693738377, 0.026658400495970243, 0.026658400495970243, 0.026658400495970243, 0.026658400495970243, 0.02727836329820211, 0.7712337259764415, 0.7786732796032239, 0.7848729076255425, 1.0]",4.0,2.0,2.0,2.0,2.0,15,-26.87256,8.0,6.0,hrl_dqn_apf,hierarchical,dqn,-10.000,1.492,-1.001,0.00,0.00,0.00,-14.300,0.034,-0.590,0.00,0.00,0.00,-20.109,0.038,-0.590,0.00,0.00,0.00,4.200,4.200,4.200
2026-02-04 16:11:13,41.12,36,369,405,8.89%,86.80,2.23%,"[0, 5, 10, 15, 20, 25, 30, 35, 40, 45, 50, 55, 60, 65, 70, 75, 80, 85, 90, 95, 100]","[4, 7, 8, 9, 7, 1, 3, 1, 2, 0, 0, 1, 0, 0, 0, 1, 1198, 14, 10, 347]","[0.0024798512089274642, 0.006819590824550527, 0.011779293242405457, 0.01735895846249225, 0.02169869807811531, 0.022318660880347178, 0.02417854928704278, 0.024798512089274645, 0.026038437693738377, 0.026038437693738377, 0.026038437693738377, 0.026658400495970243, 0.026658400495970243, 0.026658400495970243, 0.026658400495970243, 0.02727836329820211, 0.7699938003719777, 0.7786732796032239, 0.7848729076255425, 1.0]",4.0,2.0,2.0,2.0,2.0,15,-26.87256,8.0,6.0,hrl_dqn_apf,hierarchical,dqn,-10.000,1.469,-1.614,0.00,0.00,0.00,-14.300,0.165,-0.590,0.00,0.00,0.00,-20.109,0.038,-0.590,0.00,0.00,0.00,4.200,4.200,4.200
2026-02-04 16:11:14,42.12,36,371,407,8.85%,86.96,2.23%,"[0, 5, 10, 15, 20, 25, 30, 35, 40, 45, 50, 55, 60, 65, 70, 75, 80, 85, 90, 95, 100]","[4, 5, 9, 8, 8, 2, 3, 1, 1, 2, 0, 1, 0, 0, 0, 1, 1198, 14, 9, 347]","[0.0024798512089274642, 0.005579665220086794, 0.011159330440173589, 0.016119032858028518, 0.021078735275883446, 0.022318660880347178, 0.02417854928704278, 0.024798512089274645, 0.02541847489150651, 0.026658400495970243, 0.026658400495970243, 0.02727836329820211, 0.02727836329820211, 0.02727836329820211, 0.02727836329820211, 0.027898326100433975, 0.7706137631742096, 0.7792932424054557, 0.7848729076255425, 1.0]",4.0,2.0,2.0,2.0,2.0,15,-26.87256,8.0,6.0,hrl_dqn_apf,hierarchical,dqn,-10.000,1.445,-2.282,0.00,0.00,0.00,-14.300,0.525,-0.590,0.00,0.00,0.00,-20.109,0.038,-0.590,0.00,0.00,0.00,4.200,4.200,4.200
2026-02-04 16:11:15,43.12,36,371,407,8.85%,87.13,2.23%,"[0, 5, 10, 15, 20, 25, 30, 35, 40, 45, 50, 55, 60, 65, 70, 75, 80, 85, 90, 95, 100]","[5, 4, 10, 8, 8, 1, 3, 2, 1, 1, 0, 0, 1, 0, 0, 0, 1195, 16, 5, 353]","[0.0030998140111593306, 0.005579665220086794, 0.011779293242405457, 0.016738995660260384, 0.02169869807811531, 0.022318660880347178, 0.02417854928704278, 0.02541847489150651, 0.026038437693738377, 0.026658400495970243, 0.026658400495970243, 0.026658400495970243, 0.02727836329820211, 0.02727836329820211, 0.02727836329820211, 0.02727836329820211, 0.7681339119652821, 0.778053316800992, 0.7811531308121513, 1.0]",4.0,2.0,2.0,2.0,2.0,15,-26.87256,8.0,6.0,hrl_dqn_apf,hierarchical,dqn,-10.000,1.437,-2.411,0.00,0.00,0.00,-14.300,0.906,-0.590,0.00,0.00,0.00,-20.109,0.038,-0.590,0.00,0.00,0.00,4.200,4.200,4.200
2026-02-04 16:11:16,44.13,36,372,408,8.82%,87.53,2.23%,"[0, 5, 10, 15, 20, 25, 30, 35, 40, 45, 50, 55, 60, 65, 70, 75, 80, 85, 90, 95, 100]","[5, 0, 12, 7, 8, 4, 2, 3, 1, 1, 0, 0, 1, 0, 0, 0, 1193, 16, 7, 353]","[0.0030998140111593306, 0.0030998140111593306, 0.010539367637941723, 0.014879107253564786, 0.019838809671419714, 0.022318660880347178, 0.023558586484810913, 0.02541847489150651, 0.026038437693738377, 0.026658400495970243, 0.026658400495970243, 0.026658400495970243, 0.02727836329820211, 0.02727836329820211, 0.02727836329820211, 0.02727836329820211, 0.7668939863608184, 0.7768133911965283, 0.7811531308121513, 1.0]",4.0,2.0,2.0,2.0,2.0,15,-26.87256,8.0,6.0,hrl_dqn_apf,hierarchical,dqn,-10.000,1.450,-1.853,0.00,0.00,0.00,-14.300,1.563,-0.590,0.00,0.00,0.00,-20.109,0.038,-0.590,0.00,0.00,0.00,4.200,4.200,4.200
2026-02-04 16:11:17,45.13,36,372,408,8.82%,87.73,2.23%,"[0, 5, 10, 15, 20, 25, 30, 35, 40, 45, 50, 55, 60, 65, 70, 75, 80, 85, 90, 95, 100]","[5, 0, 10, 6, 8, 7, 2, 3, 1, 1, 0, 0, 1, 0, 0, 0, 1193, 12, 11, 353]","[0.0030998140111593306, 0.0030998140111593306, 0.009299442033477991, 0.013019218846869188, 0.017978921264724116, 0.022318660880347178, 0.023558586484810913, 0.02541847489150651, 0.026038437693738377, 0.026658400495970243, 0.026658400495970243, 0.026658400495970243, 0.02727836329820211, 0.02727836329820211, 0.02727836329820211, 0.02727836329820211, 0.7668939863608184, 0.7743335399876008, 0.7811531308121513, 1.0]",4.0,2.0,2.0,2.0,2.0,15,-26.87256,8.0,6.0,hrl_dqn_apf,hierarchical,dqn,-10.000,1.444,-2.043,0.00,0.00,0.00,-14.444,1.522,-0.590,0.00,0.00,0.00,-20.109,0.038,-0.590,0.00,0.00,0.00,4.200,4.200,4.200
2026-02-04 16:11:18,46.13,37,371,408,9.07%,87.91,2.29%,"[0, 5, 10, 15, 20, 25, 30, 35, 40, 45, 50, 55, 60, 65, 70, 75, 80, 85, 90, 95, 100]","[6, 0, 8, 7, 9, 7, 1, 2, 1, 2, 0, 0, 1, 0, 0, 0, 1193, 8, 14, 354]","[0.0037197768133911966, 0.0037197768133911966, 0.008679479231246125, 0.013019218846869188, 0.018598884066955982, 0.022938623682579044, 0.023558586484810913, 0.024798512089274645, 0.02541847489150651, 0.026658400495970243, 0.026658400495970243, 0.026658400495970243, 0.02727836329820211, 0.02727836329820211, 0.02727836329820211, 0.02727836329820211, 0.7668939863608184, 0.7718536887786733, 0.7805331680099195, 1.0]",4.0,2.0,2.0,2.0,2.0,15,-26.87256,8.0,6.0,hrl_dqn_apf,hierarchical,dqn,-10.000,1.424,-2.630,0.00,0.00,0.00,-14.988,1.499,-0.590,0.00,0.00,0.00,-20.109,0.038,-0.590,0.00,0.00,0.00,4.200,4.200,4.200
2026-02-04 16:11:19,47.13,37,371,408,9.07%,88.07,2.29%,"[0, 5, 10, 15, 20, 25, 30, 35, 40, 45, 50, 55, 60, 65, 70, 75, 80, 85, 90, 95, 100]","[7, 1, 6, 8, 8, 7, 2, 1, 1, 1, 1, 0, 1, 0, 0, 0, 1187, 14, 14, 354]","[0.0043397396156230625, 0.0049597024178549285, 0.008679479231246125, 0.013639181649101054, 0.018598884066955982, 0.022938623682579044, 0.02417854928704278, 0.024798512089274645, 0.02541847489150651, 0.026038437693738377, 0.026658400495970243, 0.026658400495970243, 0.02727836329820211, 0.02727836329820211, 0.02727836329820211, 0.02727836329820211, 0.7631742095474272, 0.7718536887786733, 0.7805331680099195, 1.0]",4.0,2.0,2.0,2.0,2.0,15,-26.87256,8.0,6.0,hrl_dqn_apf,hierarchical,dqn,-10.000,1.410,-3.342,0.00,0.00,0.00,-15.680,1.474,-0.590,0.00,0.00,0.00,-20.109,0.227,-0.590,0.00,0.00,0.00,4.200,4.200,4.200
2026-02-04 16:11:20,48.14,35,373,408,8.58%,88.46,2.17%,"[0, 5, 10, 15, 20, 25, 30, 35, 40, 45, 50, 55, 60, 65, 70, 75, 80, 85, 90, 95, 100]","[9, 0, 3, 9, 7, 7, 3, 1, 2, 1, 1, 0, 0, 1, 0, 0, 1186, 9, 16, 358]","[0.005579665220086794, 0.005579665220086794, 0.007439553626782393, 0.013019218846869188, 0.01735895846249225, 0.02169869807811531, 0.023558586484810913, 0.02417854928704278, 0.02541847489150651, 0.026038437693738377, 0.026658400495970243, 0.026658400495970243, 0.026658400495970243, 0.02727836329820211, 0.02727836329820211, 0.02727836329820211, 0.7625542467451953, 0.7681339119652821, 0.778053316800992, 1.0]",4.0,2.0,2.0,2.0,2.0,15,-26.87256,8.0,6.0,hrl_dqn_apf,hierarchical,dqn,-10.000,1.385,-4.348,0.00,0.00,0.00,-15.745,1.461,-0.590,0.00,0.00,0.00,-20.109,0.975,-0.590,0.00,0.00,0.00,4.200,4.200,4.200
2026-02-04 16:11:21,49.14,35,377,412,8.50%,88.66,2.17%,"[0, 5, 10, 15, 20, 25, 30, 35, 40, 45, 50, 55, 60, 65, 70, 75, 80, 85, 90, 95, 100]","[9, 0, 0, 11, 7, 8, 3, 1, 2, 1, 1, 0, 0, 1, 0, 0, 1185, 10, 16, 358]","[0.005579665220086794, 0.005579665220086794, 0.005579665220086794, 0.012399256044637322, 0.016738995660260384, 0.02169869807811531, 0.023558586484810913, 0.02417854928704278, 0.02541847489150651, 0.026038437693738377, 0.026658400495970243, 0.026658400495970243, 0.026658400495970243, 0.02727836329820211, 0.02727836329820211, 0.02727836329820211, 0.7619342839429635, 0.7681339119652821, 0.778053316800992, 1.0]",4.0,2.0,2.0,2.0,2.0,15,-26.87256,8.0,6.0,hrl_dqn_apf,hierarchical,dqn,-10.000,1.379,-4.084,0.00,0.00,0.00,-15.443,1.477,-0.590,0.00,0.00,0.00,-20.109,1.367,-0.590,0.00,0.00,0.00,4.200,4.200,4.200
2026-02-04 16:11:22,50.14,33,381,414,7.97%,88.86,2.05%,"[0, 5, 10, 15, 20, 25, 30, 35, 40, 45, 50, 55, 60, 65, 70, 75, 80, 85, 90, 95, 100]","[8, 1, 0, 9, 6, 9, 5, 1, 2, 1, 1, 0, 0, 1, 0, 0, 1185, 10, 12, 362]","[0.0049597024178549285, 0.005579665220086794, 0.005579665220086794, 0.011159330440173589, 0.014879107253564786, 0.02045877247365158, 0.023558586484810913, 0.02417854928704278, 0.02541847489150651, 0.026038437693738377, 0.026658400495970243, 0.026658400495970243, 0.026658400495970243, 0.02727836329820211, 0.02727836329820211, 0.02727836329820211, 0.7619342839429635, 0.7681339119652821, 0.7755734655920645, 1.0]",4.0,2.0,2.0,2.0,2.0,15,-26.87256,8.0,6.0,hrl_dqn_apf,hierarchical,dqn,-10.000,1.389,-3.792,0.00,0.00,0.00,-15.360,1.472,-0.590,0.00,0.00,0.00,-20.109,1.552,-0.590,0.00,0.00,0.00,4.200,4.200,4.200
2026-02-04 16:11:23,51.15,32,380,412,7.77%,89.07,1.98%,"[0, 5, 10, 15, 20, 25, 30, 35, 40, 45, 50, 55, 60, 65, 70, 75, 80, 85, 90, 95, 100]","[7, 2, 0, 9, 6, 8, 6, 1, 1, 1, 2, 0, 0, 1, 0, 0, 1185, 10, 10, 364]","[0.0043397396156230625, 0.005579665220086794, 0.005579665220086794, 0.011159330440173589, 0.014879107253564786, 0.019838809671419714, 0.023558586484810913, 0.02417854928704278, 0.024798512089274645, 0.02541847489150651, 0.026658400495970243, 0.026658400495970243, 0.026658400495970243, 0.02727836329820211, 0.02727836329820211, 0.02727836329820211, 0.7619342839429635, 0.7681339119652821, 0.7743335399876008, 1.0]",4.0,2.0,2.0,2.0,2.0,15,-26.87256,8.0,6.0,hrl_dqn_apf,hierarchical,dqn,-10.000,1.393,-4.034,0.00,0.00,0.00,-15.729,1.451,-0.590,0.00,0.00,0.00,-20.109,1.516,-0.572,0.00,0.00,0.00,4.200,4.200,4.200
2026-02-04 16:11:24,52.15,32,386,418,7.66%,89.29,1.98%,"[0, 5, 10, 15, 20, 25, 30, 35, 40, 45, 50, 55, 60, 65, 70, 75, 80, 85, 90, 95, 100]","[6, 4, 0, 5, 9, 8, 7, 2, 2, 0, 1, 1, 0, 0, 1, 0, 1181, 8, 12, 366]","[0.0037197768133911966, 0.006199628022318661, 0.006199628022318661, 0.009299442033477991, 0.014879107253564786, 0.019838809671419714, 0.02417854928704278, 0.02541847489150651, 0.026658400495970243, 0.026658400495970243, 0.02727836329820211, 0.027898326100433975, 0.027898326100433975, 0.027898326100433975, 0.02851828890266584, 0.02851828890266584, 0.7606943583384997, 0.7656540607563547, 0.7730936143831371, 1.0]",4.0,2.0,2.0,2.0,2.0,15,-26.87256,8.0,6.0,hrl_dqn_apf,hierarchical,dqn,-10.000,1.362,-5.363,0.00,0.00,0.00,-17.106,1.418,-0.590,0.00,0.00,0.00,-20.109,1.473,0.453,0.00,0.00,0.00,4.200,4.200,4.200
2026-02-04 16:11:25,53.15,0,354,354,0.00%,80.00,0.00%,"[0, 5, 10, 15, 20, 25, 30, 35, 40, 45, 50, 55, 60, 65, 70, 75, 80, 85, 90, 95, 100]","[0, 0, 0, 0, 0, 0, 0, 0, 0, 0, 0, 0, 0, 0, 0, 0, 1613, 0, 0, 0]","[0.0, 0.0, 0.0, 0.0, 0.0, 0.0, 0.0, 0.0, 0.0, 0.0, 0.0, 0.0, 0.0, 0.0, 0.0, 0.0, 1.0, 1.0, 1.0, 1.0]",4.0,2.0,2.0,2.0,2.0,15,-26.87256,8.0,6.0,hrl_dqn_apf,hierarchical,dqn,-10.000,1.355,-6.111,0.00,0.00,0.00,-17.858,1.411,-0.590,0.00,0.00,0.00,-20.109,1.461,1.182,0.00,0.00,0.00,4.200,4.200,4.200
2026-02-04 16:11:26,54.16,0,354,354,0.00%,80.00,0.00%,"[0, 5, 10, 15, 20, 25, 30, 35, 40, 45, 50, 55, 60, 65, 70, 75, 80, 85, 90, 95, 100]","[0, 0, 0, 0, 0, 0, 0, 0, 0, 0, 0, 0, 0, 0, 0, 0, 1613, 0, 0, 0]","[0.0, 0.0, 0.0, 0.0, 0.0, 0.0, 0.0, 0.0, 0.0, 0.0, 0.0, 0.0, 0.0, 0.0, 0.0, 0.0, 1.0, 1.0, 1.0, 1.0]",4.0,2.0,2.0,2.0,2.0,15,-26.87256,8.0,6.0,hrl_dqn_apf,hierarchical,dqn,-10.000,1.351,-6.872,0.00,0.00,0.00,-18.619,1.406,-0.590,0.00,0.00,0.00,-20.109,1.455,1.936,0.00,0.00,0.00,4.200,4.200,4.200
2026-02-04 16:11:27,55.17,0,354,354,0.00%,80.00,0.00%,"[0, 5, 10, 15, 20, 25, 30, 35, 40, 45, 50, 55, 60, 65, 70, 75, 80, 85, 90, 95, 100]","[0, 0, 0, 0, 0, 0, 0, 0, 0, 0, 0, 0, 0, 0, 0, 0, 1613, 0, 0, 0]","[0.0, 0.0, 0.0, 0.0, 0.0, 0.0, 0.0, 0.0, 0.0, 0.0, 0.0, 0.0, 0.0, 0.0, 0.0, 0.0, 1.0, 1.0, 1.0, 1.0]",4.0,2.0,2.0,2.0,2.0,15,-26.87256,8.0,6.0,hrl_dqn_apf,hierarchical,dqn,-10.000,1.347,-7.634,0.00,0.00,0.00,-19.381,1.402,-0.590,0.00,0.00,0.00,-20.109,1.450,2.697,0.00,0.00,0.00,4.200,4.200,4.200
2026-02-04 16:11:28,56.17,5,347,352,1.42%,80.07,0.31%,"[0, 5, 10, 15, 20, 25, 30, 35, 40, 45, 50, 55, 60, 65, 70, 75, 80, 85, 90, 95, 100]","[3, 0, 1, 0, 1, 0, 0, 0, 0, 1, 1, 0, 0, 0, 0, 2, 1604, 0, 0, 0]","[0.0018598884066955983, 0.0018598884066955983, 0.0024798512089274642, 0.0024798512089274642, 0.0030998140111593306, 0.0030998140111593306, 0.0030998140111593306, 0.0030998140111593306, 0.0030998140111593306, 0.0037197768133911966, 0.0043397396156230625, 0.0043397396156230625, 0.0043397396156230625, 0.0043397396156230625, 0.0043397396156230625, 0.005579665220086794, 1.0, 1.0, 1.0, 1.0]",4.0,2.0,2.0,2.0,2.0,15,-26.87256,8.0,6.0,hrl_dqn_apf,hierarchical,dqn,-10.000,1.341,-9.157,0.00,0.00,0.00,-20.905,1.396,-0.590,0.00,0.00,0.00,-20.109,1.443,4.220,0.00,0.00,0.00,4.200,4.200,4.200
2026-02-04 16:11:29,57.17,8,345,353,2.27%,80.10,0.50%,"[0, 5, 10, 15, 20, 25, 30, 35, 40, 45, 50, 55, 60, 65, 70, 75, 80, 85, 90, 95, 100]","[4, 0, 3, 0, 0, 1, 0, 1, 0, 0, 1, 0, 0, 0, 0, 2, 1601, 0, 0, 0]","[0.0024798512089274642, 0.0024798512089274642, 0.0043397396156230625, 0.0043397396156230625, 0.0043397396156230625, 0.0049597024178549285, 0.0049597024178549285, 0.005579665220086794, 0.005579665220086794, 0.005579665220086794, 0.006199628022318661, 0.006199628022318661, 0.006199628022318661, 0.006199628022318661, 0.006199628022318661, 0.007439553626782393, 1.0, 1.0, 1.0, 1.0]",4.0,2.0,2.0,2.0,2.0,15,-26.87256,8.0,6.0,hrl_dqn_apf,hierarchical,dqn,-10.000,0.056,-0.757,0.00,0.00,0.00,-14.300,0.024,-0.590,0.00,0.00,0.00,-20.109,0.028,-0.590,0.00,0.00,0.00,4.200,4.200,4.200
2026-02-04 16:11:30,58.17,8,345,353,2.27%,80.25,0.50%,"[0, 5, 10, 15, 20, 25, 30, 35, 40, 45, 50, 55, 60, 65, 70, 75, 80, 85, 90, 95, 100]","[7, 0, 0, 0, 0, 1, 0, 1, 0, 0, 1, 0, 0, 0, 0, 2, 1601, 0, 0, 0]","[0.0043397396156230625, 0.0043397396156230625, 0.0043397396156230625, 0.0043397396156230625, 0.0043397396156230625, 0.0049597024178549285, 0.0049597024178549285, 0.005579665220086794, 0.005579665220086794, 0.005579665220086794, 0.006199628022318661, 0.006199628022318661, 0.006199628022318661, 0.006199628022318661, 0.006199628022318661, 0.007439553626782393, 1.0, 1.0, 1.0, 1.0]",4.0,2.0,2.0,2.0,2.0,15,-26.87256,8.0,6.0,hrl_dqn_apf,hierarchical,dqn,-10.000,0.099,-0.757,0.00,0.00,0.00,-14.300,0.024,-0.590,0.00,0.00,0.00,-20.109,0.028,-0.590,0.00,0.00,0.00,4.200,4.200,4.200
2026-02-04 16:11:31,59.17,8,345,353,2.27%,80.42,0.50%,"[0, 5, 10, 15, 20, 25, 30, 35, 40, 45, 50, 55, 60, 65, 70, 75, 80, 85, 90, 95, 100]","[7, 0, 0, 0, 0, 1, 0, 0, 1, 0, 1, 0, 0, 0, 0, 2, 1601, 0, 0, 0]","[0.0043397396156230625, 0.0043397396156230625, 0.0043397396156230625, 0.0043397396156230625, 0.0043397396156230625, 0.0049597024178549285, 0.0049597024178549285, 0.0049597024178549285, 0.005579665220086794, 0.005579665220086794, 0.006199628022318661, 0.006199628022318661, 0.006199628022318661, 0.006199628022318661, 0.006199628022318661, 0.007439553626782393, 1.0, 1.0, 1.0, 1.0]",4.0,2.0,2.0,2.0,2.0,15,-26.87256,8.0,6.0,hrl_dqn_apf,hierarchical,dqn,-10.000,0.449,-0.757,0.00,0.00,0.00,-14.300,0.024,-0.590,0.00,0.00,0.00,-20.109,0.028,-0.590,0.00,0.00,0.00,4.200,4.200,4.200
2026-02-04 16:11:32,60.18,8,349,357,2.24%,80.77,0.50%,"[0, 5, 10, 15, 20, 25, 30, 35, 40, 45, 50, 55, 60, 65, 70, 75, 80, 85, 90, 95, 100]","[7, 0, 0, 0, 0, 1, 0, 0, 1, 0, 1, 0, 0, 0, 0, 0, 1263, 340, 0, 0]","[0.0043397396156230625, 0.0043397396156230625, 0.0043397396156230625, 0.0043397396156230625, 0.0043397396156230625, 0.0049597024178549285, 0.0049597024178549285, 0.0049597024178549285, 0.005579665220086794, 0.005579665220086794, 0.006199628022318661, 0.006199628022318661, 0.006199628022318661, 0.006199628022318661, 0.006199628022318661, 0.006199628022318661, 0.7892126472411656, 1.0, 1.0, 1.0]",4.0,2.0,2.0,2.0,2.0,15,-26.87256,8.0,6.0,hrl_dqn_apf,hierarchical,dqn,-10.000,1.216,-0.757,0.00,0.00,0.00,-14.300,0.024,-0.590,0.00,0.00,0.00,-20.109,0.028,-0.590,0.00,0.00,0.00,4.200,4.200,4.200
2026-02-04 16:11:33,61.18,8,349,357,2.24%,80.95,0.50%,"[0, 5, 10, 15, 20, 25, 30, 35, 40, 45, 50, 55, 60, 65, 70, 75, 80, 85, 90, 95, 100]","[7, 0, 0, 0, 0, 1, 0, 0, 1, 0, 0, 1, 0, 0, 0, 0, 1263, 340, 0, 0]","[0.0043397396156230625, 0.0043397396156230625, 0.0043397396156230625, 0.0043397396156230625, 0.0043397396156230625, 0.0049597024178549285, 0.0049597024178549285, 0.0049597024178549285, 0.005579665220086794, 0.005579665220086794, 0.005579665220086794, 0.006199628022318661, 0.006199628022318661, 0.006199628022318661, 0.006199628022318661, 0.006199628022318661, 0.7892126472411656, 1.0, 1.0, 1.0]",4.0,2.0,2.0,2.0,2.0,15,-26.87256,8.0,6.0,hrl_dqn_apf,hierarchical,dqn,-10.000,1.588,-0.757,0.00,0.00,0.00,-14.300,0.024,-0.590,0.00,0.00,0.00,-20.109,0.028,-0.590,0.00,0.00,0.00,4.200,4.200,4.200
2026-02-04 16:11:34,62.19,8,353,361,2.22%,81.13,0.50%,"[0, 5, 10, 15, 20, 25, 30, 35, 40, 45, 50, 55, 60, 65, 70, 75, 80, 85, 90, 95, 100]","[4, 3, 0, 0, 0, 1, 0, 0, 1, 0, 0, 1, 0, 0, 0, 0, 1263, 340, 0, 0]","[0.0024798512089274642, 0.0043397396156230625, 0.0043397396156230625, 0.0043397396156230625, 0.0043397396156230625, 0.0049597024178549285, 0.0049597024178549285, 0.0049597024178549285, 0.005579665220086794, 0.005579665220086794, 0.005579665220086794, 0.006199628022318661, 0.006199628022318661, 0.006199628022318661, 0.006199628022318661, 0.006199628022318661, 0.7892126472411656, 1.0, 1.0, 1.0]",4.0,2.0,2.0,2.0,2.0,15,-26.87256,8.0,6.0,hrl_dqn_apf,hierarchical,dqn,-10.000,1.541,-0.761,0.00,0.00,0.00,-14.300,0.024,-0.590,0.00,0.00,0.00,-20.109,0.028,-0.590,0.00,0.00,0.00,4.200,4.200,4.200
2026-02-04 16:11:35,63.19,7,358,365,1.92%,81.30,0.43%,"[0, 5, 10, 15, 20, 25, 30, 35, 40, 45, 50, 55, 60, 65, 70, 75, 80, 85, 90, 95, 100]","[4, 3, 0, 0, 0, 0, 1, 0, 1, 0, 0, 1, 0, 0, 0, 0, 1262, 341, 0, 0]","[0.0024798512089274642, 0.0043397396156230625, 0.0043397396156230625, 0.0043397396156230625, 0.0043397396156230625, 0.0043397396156230625, 0.0049597024178549285, 0.0049597024178549285, 0.005579665220086794, 0.005579665220086794, 0.005579665220086794, 0.006199628022318661, 0.006199628022318661, 0.006199628022318661, 0.006199628022318661, 0.006199628022318661, 0.7885926844389337, 1.0, 1.0, 1.0]",4.0,2.0,2.0,2.0,2.0,15,-26.87256,8.0,6.0,hrl_dqn_apf,hierarchical,dqn,-10.000,1.518,-1.074,0.00,0.00,0.00,-14.300,0.024,-0.590,0.00,0.00,0.00,-20.109,0.028,-0.590,0.00,0.00,0.00,4.200,4.200,4.200
2026-02-04 16:11:36,64.19,8,357,365,2.19%,81.61,0.50%,"[0, 5, 10, 15, 20, 25, 30, 35, 40, 45, 50, 55, 60, 65, 70, 75, 80, 85, 90, 95, 100]","[5, 3, 0, 0, 0, 0, 1, 0, 0, 1, 0, 1, 0, 0, 0, 0, 1260, 342, 0, 0]","[0.0030998140111593306, 0.0049597024178549285, 0.0049597024178549285, 0.0049597024178549285, 0.0049597024178549285, 0.0049597024178549285, 0.005579665220086794, 0.005579665220086794, 0.005579665220086794, 0.006199628022318661, 0.006199628022318661, 0.006819590824550527, 0.006819590824550527, 0.006819590824550527, 0.006819590824550527, 0.006819590824550527, 0.7879727216367018, 1.0, 1.0, 1.0]",4.0,2.0,2.0,2.0,2.0,15,-26.87256,8.0,6.0,hrl_dqn_apf,hierarchical,dqn,-10.000,1.475,-2.334,0.00,0.00,0.00,-14.301,0.482,-0.590,0.00,0.00,0.00,-20.109,0.028,-0.590,0.00,0.00,0.00,4.200,4.200,4.200
2026-02-04 16:11:37,65.19,8,361,369,2.17%,81.79,0.50%,"[0, 5, 10, 15, 20, 25, 30, 35, 40, 45, 50, 55, 60, 65, 70, 75, 80, 85, 90, 95, 100]","[5, 3, 0, 0, 0, 0, 1, 0, 0, 1, 0, 1, 0, 0, 0, 0, 1256, 9, 337, 0]","[0.0030998140111593306, 0.0049597024178549285, 0.0049597024178549285, 0.0049597024178549285, 0.0049597024178549285, 0.0049597024178549285, 0.005579665220086794, 0.005579665220086794, 0.005579665220086794, 0.006199628022318661, 0.006199628022318661, 0.006819590824550527, 0.006819590824550527, 0.006819590824550527, 0.006819590824550527, 0.006819590824550527, 0.7854928704277744, 0.7910725356478612, 1.0, 1.0]",4.0,2.0,2.0,2.0,2.0,15,-26.87256,8.0,6.0,hrl_dqn_apf,hierarchical,dqn,-10.000,1.464,-2.387,0.00,0.00,0.00,-14.301,0.862,-0.590,0.00,0.00,0.00,-20.109,0.028,-0.590,0.00,0.00,0.00,4.200,4.200,4.200
2026-02-04 16:11:38,66.20,8,361,369,2.17%,81.97,0.50%,"[0, 5, 10, 15, 20, 25, 30, 35, 40, 45, 50, 55, 60, 65, 70, 75, 80, 85, 90, 95, 100]","[5, 3, 0, 0, 0, 0, 1, 0, 0, 1, 0, 0, 1, 0, 0, 0, 1256, 9, 337, 0]","[0.0030998140111593306, 0.0049597024178549285, 0.0049597024178549285, 0.0049597024178549285, 0.0049597024178549285, 0.0049597024178549285, 0.005579665220086794, 0.005579665220086794, 0.005579665220086794, 0.006199628022318661, 0.006199628022318661, 0.006199628022318661, 0.006819590824550527, 0.006819590824550527, 0.006819590824550527, 0.006819590824550527, 0.7854928704277744, 0.7910725356478612, 1.0, 1.0]",4.0,2.0,2.0,2.0,2.0,15,-26.87256,8.0,6.0,hrl_dqn_apf,hierarchical,dqn,-10.000,1.470,-2.070,0.00,0.00,0.00,-14.301,1.253,-0.590,0.00,0.00,0.00,-20.109,0.028,-0.590,0.00,0.00,0.00,4.200,4.200,4.200
2026-02-04 16:11:39,67.20,8,361,369,2.17%,82.15,0.50%,"[0, 5, 10, 15, 20, 25, 30, 35, 40, 45, 50, 55, 60, 65, 70, 75, 80, 85, 90, 95, 100]","[5, 0, 3, 0, 0, 0, 1, 0, 0, 1, 0, 0, 1, 0, 0, 0, 1252, 13, 337, 0]","[0.0030998140111593306, 0.0030998140111593306, 0.0049597024178549285, 0.0049597024178549285, 0.0049597024178549285, 0.0049597024178549285, 0.005579665220086794, 0.005579665220086794, 0.005579665220086794, 0.006199628022318661, 0.006199628022318661, 0.006199628022318661, 0.006819590824550527, 0.006819590824550527, 0.006819590824550527, 0.006819590824550527, 0.7830130192188469, 0.7910725356478612, 1.0, 1.0]",4.0,2.0,2.0,2.0,2.0,15,-26.87256,8.0,6.0,hrl_dqn_apf,hierarchical,dqn,-10.000,1.483,-1.835,0.00,0.00,0.00,-14.300,1.559,-0.590,0.00,0.00,0.00,-20.109,0.028,-0.590,0.00,0.00,0.00,4.200,4.200,4.200
2026-02-04 16:11:40,68.20,8,363,371,2.16%,82.48,0.50%,"[0, 5, 10, 15, 20, 25, 30, 35, 40, 45, 50, 55, 60, 65, 70, 75, 80, 85, 90, 95, 100]","[5, 0, 3, 0, 0, 0, 0, 1, 1, 1, 0, 0, 1, 0, 0, 0, 1248, 16, 337, 0]","[0.0030998140111593306, 0.0030998140111593306, 0.0049597024178549285, 0.0049597024178549285, 0.0049597024178549285, 0.0049597024178549285, 0.0049597024178549285, 0.005579665220086794, 0.006199628022318661, 0.006819590824550527, 0.006819590824550527, 0.006819590824550527, 0.007439553626782393, 0.007439553626782393, 0.007439553626782393, 0.007439553626782393, 0.7811531308121513, 0.7910725356478612, 1.0, 1.0]",4.0,2.0,2.0,2.0,2.0,15,-26.87256,8.0,6.0,hrl_dqn_apf,hierarchical,dqn,-10.000,1.449,-2.604,0.00,0.00,0.00,-15.085,1.505,-0.590,0.00,0.00,0.00,-20.109,0.028,-0.590,0.00,0.00,0.00,4.200,4.200,4.200
2026-02-04 16:11:41,69.21,9,364,373,2.41%,82.59,0.56%,"[0, 5, 10, 15, 20, 25, 30, 35, 40, 45, 50, 55, 60, 65, 70, 75, 80, 85, 90, 95, 100]","[6, 0, 3, 0, 0, 0, 0, 1, 0, 0, 3, 0, 1, 0, 0, 0, 1246, 16, 337, 0]","[0.0037197768133911966, 0.0037197768133911966, 0.005579665220086794, 0.005579665220086794, 0.005579665220086794, 0.005579665220086794, 0.005579665220086794, 0.006199628022318661, 0.006199628022318661, 0.006199628022318661, 0.008059516429014259, 0.008059516429014259, 0.008679479231246125, 0.008679479231246125, 0.008679479231246125, 0.008679479231246125, 0.7811531308121513, 0.7910725356478612, 1.0, 1.0]",4.0,2.0,2.0,2.0,2.0,15,-26.87256,8.0,6.0,hrl_dqn_apf,hierarchical,dqn,-10.000,1.424,-3.271,0.00,0.00,0.00,-15.768,1.479,-0.590,0.00,0.00,0.00,-20.109,0.193,-0.588,0.00,0.00,0.00,4.200,4.200,4.200
2026-02-04 16:11:42,70.21,11,362,373,2.95%,82.71,0.68%,"[0, 5, 10, 15, 20, 25, 30, 35, 40, 45, 50, 55, 60, 65, 70, 75, 80, 85, 90, 95, 100]","[8, 0, 3, 0, 0, 0, 0, 1, 0, 0, 1, 0, 1, 0, 0, 0, 1242, 16, 9, 332]","[0.0049597024178549285, 0.0049597024178549285, 0.006819590824550527, 0.006819590824550527, 0.006819590824550527, 0.006819590824550527, 0.006819590824550527, 0.007439553626782393, 0.007439553626782393, 0.007439553626782393, 0.008059516429014259, 0.008059516429014259, 0.008679479231246125, 0.008679479231246125, 0.008679479231246125, 0.008679479231246125, 0.7786732796032239, 0.7885926844389337, 0.7941723496590205, 1.0]",4.0,2.0,2.0,2.0,2.0,15,-26.87256,8.0,6.0,hrl_dqn_apf,hierarchical,dqn,-10.000,1.416,-3.418,0.00,0.00,0.00,-15.975,1.473,-0.590,0.00,0.00,0.00,-20.109,0.551,-0.586,0.00,0.00,0.00,4.200,4.200,4.200
2026-02-04 16:11:43,71.21,11,362,373,2.95%,82.89,0.68%,"[0, 5, 10, 15, 20, 25, 30, 35, 40, 45, 50, 55, 60, 65, 70, 75, 80, 85, 90, 95, 100]","[8, 0, 3, 0, 0, 0, 0, 1, 0, 0, 1, 0, 0, 1, 0, 0, 1242, 16, 9, 332]","[0.0049597024178549285, 0.0049597024178549285, 0.006819590824550527, 0.006819590824550527, 0.006819590824550527, 0.006819590824550527, 0.006819590824550527, 0.007439553626782393, 0.007439553626782393, 0.007439553626782393, 0.008059516429014259, 0.008059516429014259, 0.008059516429014259, 0.008679479231246125, 0.008679479231246125, 0.008679479231246125, 0.7786732796032239, 0.7885926844389337, 0.7941723496590205, 1.0]",4.0,2.0,2.0,2.0,2.0,15,-26.87256,8.0,6.0,hrl_dqn_apf,hierarchical,dqn,-10.000,1.417,-3.126,0.00,0.00,0.00,-15.702,1.470,-0.590,0.00,0.00,0.00,-20.109,0.934,-0.587,0.00,0.00,0.00,4.200,4.200,4.200
2026-02-04 16:11:44,72.21,11,363,374,2.94%,83.25,0.68%,"[0, 5, 10, 15, 20, 25, 30, 35, 40, 45, 50, 55, 60, 65, 70, 75, 80, 85, 90, 95, 100]","[6, 2, 0, 3, 0, 0, 0, 0, 1, 0, 1, 0, 0, 1, 0, 0, 1242, 10, 14, 333]","[0.0037197768133911966, 0.0049597024178549285, 0.0049597024178549285, 0.006819590824550527, 0.006819590824550527, 0.006819590824550527, 0.006819590824550527, 0.006819590824550527, 0.007439553626782393, 0.007439553626782393, 0.008059516429014259, 0.008059516429014259, 0.008059516429014259, 0.008679479231246125, 0.008679479231246125, 0.008679479231246125, 0.7786732796032239, 0.7848729076255425, 0.7935523868567886, 1.0]",4.0,2.0,2.0,2.0,2.0,15,-26.87256,8.0,6.0,hrl_dqn_apf,hierarchical,dqn,-10.000,1.426,-2.821,0.00,0.00,0.00,-15.359,1.482,-0.590,0.00,0.00,0.00,-20.109,1.551,-0.589,0.00,0.00,0.00,4.200,4.200,4.200
2026-02-04 16:11:45,73.22,11,365,376,2.93%,83.44,0.68%,"[0, 5, 10, 15, 20, 25, 30, 35, 40, 45, 50, 55, 60, 65, 70, 75, 80, 85, 90, 95, 100]","[6, 2, 0, 3, 0, 0, 0, 0, 1, 0, 1, 0, 0, 1, 0, 0, 1240, 10, 16, 333]","[0.0037197768133911966, 0.0049597024178549285, 0.0049597024178549285, 0.006819590824550527, 0.006819590824550527, 0.006819590824550527, 0.006819590824550527, 0.006819590824550527, 0.007439553626782393, 0.007439553626782393, 0.008059516429014259, 0.008059516429014259, 0.008059516429014259, 0.008679479231246125, 0.008679479231246125, 0.008679479231246125, 0.7774333539987601, 0.7836329820210788, 0.7935523868567886, 1.0]",4.0,2.0,2.0,2.0,2.0,15,-26.87256,8.0,6.0,hrl_dqn_apf,hierarchical,dqn,-10.000,1.400,-3.173,0.00,0.00,0.00,-15.704,1.457,-0.590,0.00,0.00,0.00,-20.109,1.507,-0.550,0.00,0.00,0.00,4.200,4.200,4.200
2026-02-04 16:11:46,74.22,12,366,378,3.17%,83.57,0.74%,"[0, 5, 10, 15, 20, 25, 30, 35, 40, 45, 50, 55, 60, 65, 70, 75, 80, 85, 90, 95, 100]","[6, 4, 0, 2, 0, 0, 0, 0, 0, 0, 0, 1, 0, 2, 0, 0, 1236, 14, 16, 332]","[0.0037197768133911966, 0.006199628022318661, 0.006199628022318661, 0.007439553626782393, 0.007439553626782393, 0.007439553626782393, 0.007439553626782393, 0.007439553626782393, 0.007439553626782393, 0.007439553626782393, 0.007439553626782393, 0.008059516429014259, 0.008059516429014259, 0.009299442033477991, 0.009299442033477991, 0.009299442033477991, 0.7755734655920645, 0.7842529448233106, 0.7941723496590205, 1.0]",4.0,2.0,2.0,2.0,2.0,15,-26.87256,8.0,6.0,hrl_dqn_apf,hierarchical,dqn,-10.000,1.377,-3.806,0.00,0.00,0.00,-16.334,1.434,-0.590,0.00,0.00,0.00,-20.109,1.485,-0.126,0.00,0.00,0.00,4.200,4.200,4.200
2026-02-04 16:11:47,75.22,0,354,354,0.00%,80.00,0.00%,"[0, 5, 10, 15, 20, 25, 30, 35, 40, 45, 50, 55, 60, 65, 70, 75, 80, 85, 90, 95, 100]","[0, 0, 0, 0, 0, 0, 0, 0, 0, 0, 0, 0, 0, 0, 0, 0, 1613, 0, 0, 0]","[0.0, 0.0, 0.0, 0.0, 0.0, 0.0, 0.0, 0.0, 0.0, 0.0, 0.0, 0.0, 0.0, 0.0, 0.0, 0.0, 1.0, 1.0, 1.0, 1.0]",4.0,2.0,2.0,2.0,2.0,15,-26.87256,8.0,6.0,hrl_dqn_apf,hierarchical,dqn,-10.000,1.357,-5.288,0.00,0.00,0.00,-17.816,1.414,-0.590,0.00,0.00,0.00,-20.109,1.455,1.275,0.00,0.00,0.00,4.200,4.200,4.200
2026-02-04 16:11:48,76.22,0,354,354,0.00%,80.00,0.00%,"[0, 5, 10, 15, 20, 25, 30, 35, 40, 45, 50, 55, 60, 65, 70, 75, 80, 85, 90, 95, 100]","[0, 0, 0, 0, 0, 0, 0, 0, 0, 0, 0, 0, 0, 0, 0, 0, 1613, 0, 0, 0]","[0.0, 0.0, 0.0, 0.0, 0.0, 0.0, 0.0, 0.0, 0.0, 0.0, 0.0, 0.0, 0.0, 0.0, 0.0, 0.0, 1.0, 1.0, 1.0, 1.0]",4.0,2.0,2.0,2.0,2.0,15,-26.87256,8.0,6.0,hrl_dqn_apf,hierarchical,dqn,-10.000,1.352,-6.046,0.00,0.00,0.00,-18.574,1.409,-0.590,0.00,0.00,0.00,-20.109,1.448,2.028,0.00,0.00,0.00,4.200,4.200,4.200
2026-02-04 16:11:49,77.23,0,354,354,0.00%,80.00,0.00%,"[0, 5, 10, 15, 20, 25, 30, 35, 40, 45, 50, 55, 60, 65, 70, 75, 80, 85, 90, 95, 100]","[0, 0, 0, 0, 0, 0, 0, 0, 0, 0, 0, 0, 0, 0, 0, 0, 1613, 0, 0, 0]","[0.0, 0.0, 0.0, 0.0, 0.0, 0.0, 0.0, 0.0, 0.0, 0.0, 0.0, 0.0, 0.0, 0.0, 0.0, 0.0, 1.0, 1.0, 1.0, 1.0]",4.0,2.0,2.0,2.0,2.0,15,-26.87256,8.0,6.0,hrl_dqn_apf,hierarchical,dqn,-10.000,1.348,-6.808,0.00,0.00,0.00,-19.336,1.405,-0.590,0.00,0.00,0.00,-20.109,1.444,2.789,0.00,0.00,0.00,4.200,4.200,4.200
2026-02-04 16:11:50,78.23,0,354,354,0.00%,80.00,0.00%,"[0, 5, 10, 15, 20, 25, 30, 35, 40, 45, 50, 55, 60, 65, 70, 75, 80, 85, 90, 95, 100]","[0, 0, 0, 0, 0, 0, 0, 0, 0, 0, 0, 0, 0, 0, 0, 0, 1613, 0, 0, 0]","[0.0, 0.0, 0.0, 0.0, 0.0, 0.0, 0.0, 0.0, 0.0, 0.0, 0.0, 0.0, 0.0, 0.0, 0.0, 0.0, 1.0, 1.0, 1.0, 1.0]",4.0,2.0,2.0,2.0,2.0,15,-26.87256,8.0,6.0,hrl_dqn_apf,hierarchical,dqn,-10.000,1.345,-7.569,0.00,0.00,0.00,-20.096,1.402,-0.590,0.00,0.00,0.00,-20.109,1.440,3.549,0.00,0.00,0.00,4.200,4.200,4.200
2026-02-04 16:11:51,79.23,4,348,352,1.14%,79.99,0.25%,"[0, 5, 10, 15, 20, 25, 30, 35, 40, 45, 50, 55, 60, 65, 70, 75, 80, 85, 90, 95, 100]","[1, 0, 2, 0, 0, 1, 0, 0, 1, 0, 0, 0, 0, 0, 0, 0, 1608, 0, 0, 0]","[0.0006199628022318661, 0.0006199628022318661, 0.0018598884066955983, 0.0018598884066955983, 0.0018598884066955983, 0.0024798512089274642, 0.0024798512089274642, 0.0024798512089274642, 0.0030998140111593306, 0.0030998140111593306, 0.0030998140111593306, 0.0030998140111593306, 0.0030998140111593306, 0.0030998140111593306, 0.0030998140111593306, 0.0030998140111593306, 1.0, 1.0, 1.0, 1.0]",4.0,2.0,2.0,2.0,2.0,15,-26.87256,8.0,6.0,hrl_dqn_apf,hierarchical,dqn,-10.000,1.342,-8.332,0.00,0.00,0.00,-20.860,1.399,-0.590,0.00,0.00,0.00,-20.109,1.437,4.312,0.00,0.00,0.00,4.200,4.200,4.200
2026-02-04 16:11:52,80.23,7,346,353,1.98%,80.12,0.43%,"[0, 5, 10, 15, 20, 25, 30, 35, 40, 45, 50, 55, 60, 65, 70, 75, 80, 85, 90, 95, 100]","[7, 0, 0, 0, 0, 0, 0, 0, 1, 0, 0, 0, 0, 1, 2, 0, 1602, 0, 0, 0]","[0.0043397396156230625, 0.0043397396156230625, 0.0043397396156230625, 0.0043397396156230625, 0.0043397396156230625, 0.0043397396156230625, 0.0043397396156230625, 0.0043397396156230625, 0.0049597024178549285, 0.0049597024178549285, 0.0049597024178549285, 0.0049597024178549285, 0.0049597024178549285, 0.005579665220086794, 0.006819590824550527, 0.006819590824550527, 1.0, 1.0, 1.0, 1.0]",4.0,2.0,2.0,2.0,2.0,15,-26.87256,8.0,6.0,hrl_dqn_apf,hierarchical,dqn,-10.001,0.050,-0.761,0.00,0.00,0.00,-14.300,0.046,-0.590,0.00,0.00,0.00,-20.109,0.048,-0.590,0.00,0.00,0.00,4.200,4.200,4.200
2026-02-04 16:11:53,81.23,7,346,353,1.98%,80.29,0.43%,"[0, 5, 10, 15, 20, 25, 30, 35, 40, 45, 50, 55, 60, 65, 70, 75, 80, 85, 90, 95, 100]","[7, 0, 0, 0, 0, 0, 0, 0, 0, 1, 0, 0, 0, 1, 2, 0, 1602, 0, 0, 0]","[0.0043397396156230625, 0.0043397396156230625, 0.0043397396156230625, 0.0043397396156230625, 0.0043397396156230625, 0.0043397396156230625, 0.0043397396156230625, 0.0043397396156230625, 0.0043397396156230625, 0.0049597024178549285, 0.0049597024178549285, 0.0049597024178549285, 0.0049597024178549285, 0.005579665220086794, 0.006819590824550527, 0.006819590824550527, 1.0, 1.0, 1.0, 1.0]",4.0,2.0,2.0,2.0,2.0,15,-26.87256,8.0,6.0,hrl_dqn_apf,hierarchical,dqn,-10.001,0.386,-0.761,0.00,0.00,0.00,-14.300,0.046,-0.590,0.00,0.00,0.00,-20.109,0.048,-0.590,0.00,0.00,0.00,4.200,4.200,4.200
2026-02-04 16:11:54,82.23,7,346,353,1.98%,80.47,0.43%,"[0, 5, 10, 15, 20, 25, 30, 35, 40, 45, 50, 55, 60, 65, 70, 75, 80, 85, 90, 95, 100]","[7, 0, 0, 0, 0, 0, 0, 0, 0, 1, 0, 0, 0, 1, 2, 0, 1602, 0, 0, 0]","[0.0043397396156230625, 0.0043397396156230625, 0.0043397396156230625, 0.0043397396156230625, 0.0043397396156230625, 0.0043397396156230625, 0.0043397396156230625, 0.0043397396156230625, 0.0043397396156230625, 0.0049597024178549285, 0.0049597024178549285, 0.0049597024178549285, 0.0049597024178549285, 0.005579665220086794, 0.006819590824550527, 0.006819590824550527, 1.0, 1.0, 1.0, 1.0]",4.0,2.0,2.0,2.0,2.0,15,-26.87256,8.0,6.0,hrl_dqn_apf,hierarchical,dqn,-10.001,0.770,-0.761,0.00,0.00,0.00,-14.300,0.046,-0.590,0.00,0.00,0.00,-20.109,0.048,-0.590,0.00,0.00,0.00,4.200,4.200,4.200
2026-02-04 16:11:55,83.24,7,348,355,1.97%,80.64,0.43%,"[0, 5, 10, 15, 20, 25, 30, 35, 40, 45, 50, 55, 60, 65, 70, 75, 80, 85, 90, 95, 100]","[7, 0, 0, 0, 0, 0, 0, 0, 0, 1, 0, 0, 0, 1, 2, 0, 1602, 0, 0, 0]","[0.0043397396156230625, 0.0043397396156230625, 0.0043397396156230625, 0.0043397396156230625, 0.0043397396156230625, 0.0043397396156230625, 0.0043397396156230625, 0.0043397396156230625, 0.0043397396156230625, 0.0049597024178549285, 0.0049597024178549285, 0.0049597024178549285, 0.0049597024178549285, 0.005579665220086794, 0.006819590824550527, 0.006819590824550527, 1.0, 1.0, 1.0, 1.0]",4.0,2.0,2.0,2.0,2.0,15,-26.87256,8.0,6.0,hrl_dqn_apf,hierarchical,dqn,-10.001,1.158,-0.761,0.00,0.00,0.00,-14.300,0.046,-0.590,0.00,0.00,0.00,-20.109,0.048,-0.590,0.00,0.00,0.00,4.200,4.200,4.200
2026-02-04 16:11:56,84.24,7,350,357,1.96%,80.99,0.43%,"[0, 5, 10, 15, 20, 25, 30, 35, 40, 45, 50, 55, 60, 65, 70, 75, 80, 85, 90, 95, 100]","[4, 3, 0, 0, 0, 0, 0, 0, 0, 1, 0, 0, 0, 0, 2, 1, 1261, 341, 0, 0]","[0.0024798512089274642, 0.0043397396156230625, 0.0043397396156230625, 0.0043397396156230625, 0.0043397396156230625, 0.0043397396156230625, 0.0043397396156230625, 0.0043397396156230625, 0.0043397396156230625, 0.0049597024178549285, 0.0049597024178549285, 0.0049597024178549285, 0.0049597024178549285, 0.0049597024178549285, 0.006199628022318661, 0.006819590824550527, 0.7885926844389337, 1.0, 1.0, 1.0]",4.0,2.0,2.0,2.0,2.0,15,-26.87256,8.0,6.0,hrl_dqn_apf,hierarchical,dqn,-10.001,1.537,-0.761,0.00,0.00,0.00,-14.300,0.046,-0.590,0.00,0.00,0.00,-20.109,0.048,-0.590,0.00,0.00,0.00,4.200,4.200,4.200
2026-02-04 16:11:57,85.24,7,354,361,1.94%,81.17,0.43%,"[0, 5, 10, 15, 20, 25, 30, 35, 40, 45, 50, 55, 60, 65, 70, 75, 80, 85, 90, 95, 100]","[4, 3, 0, 0, 0, 0, 0, 0, 0, 1, 0, 0, 0, 0, 2, 1, 1261, 341, 0, 0]","[0.0024798512089274642, 0.0043397396156230625, 0.0043397396156230625, 0.0043397396156230625, 0.0043397396156230625, 0.0043397396156230625, 0.0043397396156230625, 0.0043397396156230625, 0.0043397396156230625, 0.0049597024178549285, 0.0049597024178549285, 0.0049597024178549285, 0.0049597024178549285, 0.0049597024178549285, 0.006199628022318661, 0.006819590824550527, 0.7885926844389337, 1.0, 1.0, 1.0]",4.0,2.0,2.0,2.0,2.0,15,-26.87256,8.0,6.0,hrl_dqn_apf,hierarchical,dqn,-10.001,1.510,-1.016,0.00,0.00,0.00,-14.300,0.046,-0.590,0.00,0.00,0.00,-20.109,0.048,-0.590,0.00,0.00,0.00,4.200,4.200,4.200
2026-02-04 16:11:58,86.24,7,358,365,1.92%,81.35,0.43%,"[0, 5, 10, 15, 20, 25, 30, 35, 40, 45, 50, 55, 60, 65, 70, 75, 80, 85, 90, 95, 100]","[4, 3, 0, 0, 0, 0, 0, 0, 0, 0, 1, 0, 0, 0, 1, 2, 1260, 342, 0, 0]","[0.0024798512089274642, 0.0043397396156230625, 0.0043397396156230625, 0.0043397396156230625, 0.0043397396156230625, 0.0043397396156230625, 0.0043397396156230625, 0.0043397396156230625, 0.0043397396156230625, 0.0043397396156230625, 0.0049597024178549285, 0.0049597024178549285, 0.0049597024178549285, 0.0049597024178549285, 0.005579665220086794, 0.006819590824550527, 0.7879727216367018, 1.0, 1.0, 1.0]",4.0,2.0,2.0,2.0,2.0,15,-26.87256,8.0,6.0,hrl_dqn_apf,hierarchical,dqn,-10.001,1.488,-1.618,0.00,0.00,0.00,-14.300,0.105,-0.590,0.00,0.00,0.00,-20.109,0.048,-0.590,0.00,0.00,0.00,4.200,4.200,4.200
2026-02-04 16:11:59,87.25,8,357,365,2.19%,81.65,0.50%,"[0, 5, 10, 15, 20, 25, 30, 35, 40, 45, 50, 55, 60, 65, 70, 75, 80, 85, 90, 95, 100]","[5, 3, 0, 0, 0, 0, 0, 0, 0, 0, 1, 0, 0, 0, 1, 2, 1258, 343, 0, 0]","[0.0030998140111593306, 0.0049597024178549285, 0.0049597024178549285, 0.0049597024178549285, 0.0049597024178549285, 0.0049597024178549285, 0.0049597024178549285, 0.0049597024178549285, 0.0049597024178549285, 0.0049597024178549285, 0.005579665220086794, 0.005579665220086794, 0.005579665220086794, 0.005579665220086794, 0.006199628022318661, 0.007439553626782393, 0.78735275883447, 1.0, 1.0, 1.0]",4.0,2.0,2.0,2.0,2.0,15,-26.87256,8.0,6.0,hrl_dqn_apf,hierarchical,dqn,-10.001,1.455,-2.414,0.00,0.00,0.00,-14.301,0.836,-0.590,0.00,0.00,0.00,-20.109,0.048,-0.590,0.00,0.00,0.00,4.200,4.200,4.200
2026-02-04 16:12:00,88.25,8,361,369,2.17%,81.83,0.50%,"[0, 5, 10, 15, 20, 25, 30, 35, 40, 45, 50, 55, 60, 65, 70, 75, 80, 85, 90, 95, 100]","[5, 3, 0, 0, 0, 0, 0, 0, 0, 0, 1, 0, 0, 0, 1, 1, 1257, 7, 338, 0]","[0.0030998140111593306, 0.0049597024178549285, 0.0049597024178549285, 0.0049597024178549285, 0.0049597024178549285, 0.0049597024178549285, 0.0049597024178549285, 0.0049597024178549285, 0.0049597024178549285, 0.0049597024178549285, 0.005579665220086794, 0.005579665220086794, 0.005579665220086794, 0.005579665220086794, 0.006199628022318661, 0.006819590824550527, 0.7861128332300062, 0.7904525728456293, 1.0, 1.0]",4.0,2.0,2.0,2.0,2.0,15,-26.87256,8.0,6.0,hrl_dqn_apf,hierarchical,dqn,-10.001,1.457,-2.115,0.00,0.00,0.00,-14.301,1.225,-0.590,0.00,0.00,0.00,-20.109,0.048,-0.590,0.00,0.00,0.00,4.200,4.200,4.200
2026-02-04 16:12:01,89.26,8,361,369,2.17%,82.01,0.50%,"[0, 5, 10, 15, 20, 25, 30, 35, 40, 45, 50, 55, 60, 65, 70, 75, 80, 85, 90, 95, 100]","[5, 0, 3, 0, 0, 0, 0, 0, 0, 0, 1, 0, 0, 0, 0, 2, 1257, 7, 338, 0]","[0.0030998140111593306, 0.0030998140111593306, 0.0049597024178549285, 0.0049597024178549285, 0.0049597024178549285, 0.0049597024178549285, 0.0049597024178549285, 0.0049597024178549285, 0.0049597024178549285, 0.0049597024178549285, 0.005579665220086794, 0.005579665220086794, 0.005579665220086794, 0.005579665220086794, 0.005579665220086794, 0.006819590824550527, 0.7861128332300062, 0.7904525728456293, 1.0, 1.0]",4.0,2.0,2.0,2.0,2.0,15,-26.87256,8.0,6.0,hrl_dqn_apf,hierarchical,dqn,-10.001,1.472,-1.854,0.00,0.00,0.00,-14.300,1.581,-0.590,0.00,0.00,0.00,-20.109,0.048,-0.590,0.00,0.00,0.00,4.200,4.200,4.200
2026-02-04 16:12:02,90.26,8,361,369,2.17%,82.19,0.50%,"[0, 5, 10, 15, 20, 25, 30, 35, 40, 45, 50, 55, 60, 65, 70, 75, 80, 85, 90, 95, 100]","[5, 0, 3, 0, 0, 0, 0, 0, 0, 0, 1, 0, 0, 0, 0, 2, 1253, 11, 338, 0]","[0.0030998140111593306, 0.0030998140111593306, 0.0049597024178549285, 0.0049597024178549285, 0.0049597024178549285, 0.0049597024178549285, 0.0049597024178549285, 0.0049597024178549285, 0.0049597024178549285, 0.0049597024178549285, 0.005579665220086794, 0.005579665220086794, 0.005579665220086794, 0.005579665220086794, 0.005579665220086794, 0.006819590824550527, 0.7836329820210788, 0.7904525728456293, 1.0, 1.0]",4.0,2.0,2.0,2.0,2.0,15,-26.87256,8.0,6.0,hrl_dqn_apf,hierarchical,dqn,-10.001,1.462,-1.963,0.00,0.00,0.00,-14.449,1.552,-0.590,0.00,0.00,0.00,-20.109,0.048,-0.590,0.00,0.00,0.00,4.200,4.200,4.200
2026-02-04 16:12:03,91.26,9,362,371,2.43%,82.45,0.56%,"[0, 5, 10, 15, 20, 25, 30, 35, 40, 45, 50, 55, 60, 65, 70, 75, 80, 85, 90, 95, 100]","[6, 0, 3, 0, 0, 0, 0, 0, 0, 0, 0, 1, 2, 0, 0, 1, 1250, 14, 336, 0]","[0.0037197768133911966, 0.0037197768133911966, 0.005579665220086794, 0.005579665220086794, 0.005579665220086794, 0.005579665220086794, 0.005579665220086794, 0.005579665220086794, 0.005579665220086794, 0.005579665220086794, 0.005579665220086794, 0.006199628022318661, 0.007439553626782393, 0.007439553626782393, 0.007439553626782393, 0.008059516429014259, 0.7830130192188469, 0.791692498450093, 1.0, 1.0]",4.0,2.0,2.0,2.0,2.0,15,-26.87256,8.0,6.0,hrl_dqn_apf,hierarchical,dqn,-10.001,1.414,-3.177,0.00,0.00,0.00,-15.668,1.504,-0.590,0.00,0.00,0.00,-20.109,0.154,-0.590,0.00,0.00,0.00,4.200,4.200,4.200
2026-02-04 16:12:04,92.26,11,362,373,2.95%,82.56,0.68%,"[0, 5, 10, 15, 20, 25, 30, 35, 40, 45, 50, 55, 60, 65, 70, 75, 80, 85, 90, 95, 100]","[8, 0, 3, 0, 0, 0, 0, 0, 0, 0, 0, 1, 0, 0, 0, 1, 1248, 14, 338, 0]","[0.0049597024178549285, 0.0049597024178549285, 0.006819590824550527, 0.006819590824550527, 0.006819590824550527, 0.006819590824550527, 0.006819590824550527, 0.006819590824550527, 0.006819590824550527, 0.006819590824550527, 0.006819590824550527, 0.007439553626782393, 0.007439553626782393, 0.007439553626782393, 0.007439553626782393, 0.008059516429014259, 0.7817730936143832, 0.7904525728456293, 1.0, 1.0]",4.0,2.0,2.0,2.0,2.0,15,-26.87256,8.0,6.0,hrl_dqn_apf,hierarchical,dqn,-10.001,1.408,-3.431,0.00,0.00,0.00,-15.988,1.497,-0.590,0.00,0.00,0.00,-20.109,0.515,-0.590,0.00,0.00,0.00,4.200,4.200,4.200
2026-02-04 16:12:05,93.27,11,362,373,2.95%,82.75,0.68%,"[0, 5, 10, 15, 20, 25, 30, 35, 40, 45, 50, 55, 60, 65, 70, 75, 80, 85, 90, 95, 100]","[8, 0, 3, 0, 0, 0, 0, 0, 0, 0, 0, 1, 0, 0, 0, 1, 1243, 17, 7, 333]","[0.0049597024178549285, 0.0049597024178549285, 0.006819590824550527, 0.006819590824550527, 0.006819590824550527, 0.006819590824550527, 0.006819590824550527, 0.006819590824550527, 0.006819590824550527, 0.006819590824550527, 0.006819590824550527, 0.007439553626782393, 0.007439553626782393, 0.007439553626782393, 0.007439553626782393, 0.008059516429014259, 0.7786732796032239, 0.7892126472411656, 0.7935523868567886, 1.0]",4.0,2.0,2.0,2.0,2.0,15,-26.87256,8.0,6.0,hrl_dqn_apf,hierarchical,dqn,-10.001,1.404,-3.173,0.00,0.00,0.00,-15.756,1.490,-0.590,0.00,0.00,0.00,-20.109,0.896,-0.590,0.00,0.00,0.00,4.200,4.200,4.200
2026-02-04 16:12:06,94.27,11,362,373,2.95%,82.93,0.68%,"[0, 5, 10, 15, 20, 25, 30, 35, 40, 45, 50, 55, 60, 65, 70, 75, 80, 85, 90, 95, 100]","[8, 0, 2, 1, 0, 0, 0, 0, 0, 0, 0, 1, 0, 0, 0, 1, 1243, 17, 7, 333]","[0.0049597024178549285, 0.0049597024178549285, 0.006199628022318661, 0.006819590824550527, 0.006819590824550527, 0.006819590824550527, 0.006819590824550527, 0.006819590824550527, 0.006819590824550527, 0.006819590824550527, 0.006819590824550527, 0.007439553626782393, 0.007439553626782393, 0.007439553626782393, 0.007439553626782393, 0.008059516429014259, 0.7786732796032239, 0.7892126472411656, 0.7935523868567886, 1.0]",4.0,2.0,2.0,2.0,2.0,15,-26.87256,8.0,6.0,hrl_dqn_apf,hierarchical,dqn,-10.001,1.420,-2.883,0.00,0.00,0.00,-15.452,1.506,-0.590,0.00,0.00,0.00,-20.109,1.285,-0.590,0.00,0.00,0.00,4.200,4.200,4.200
2026-02-04 16:12:07,95.27,11,363,374,2.94%,83.29,0.68%,"[0, 5, 10, 15, 20, 25, 30, 35, 40, 45, 50, 55, 60, 65, 70, 75, 80, 85, 90, 95, 100]","[6, 3, 0, 2, 0, 0, 0, 0, 0, 0, 0, 1, 0, 0, 0, 0, 1243, 12, 12, 334]","[0.0037197768133911966, 0.005579665220086794, 0.005579665220086794, 0.006819590824550527, 0.006819590824550527, 0.006819590824550527, 0.006819590824550527, 0.006819590824550527, 0.006819590824550527, 0.006819590824550527, 0.006819590824550527, 0.007439553626782393, 0.007439553626782393, 0.007439553626782393, 0.007439553626782393, 0.007439553626782393, 0.778053316800992, 0.7854928704277744, 0.7929324240545568, 1.0]",4.0,2.0,2.0,2.0,2.0,15,-26.87256,8.0,6.0,hrl_dqn_apf,hierarchical,dqn,-10.001,1.422,-2.808,0.00,0.00,0.00,-15.355,1.509,-0.590,0.00,0.00,0.00,-20.109,1.581,-0.590,0.00,0.00,0.00,4.200,4.200,4.200
2026-02-04 16:12:08,96.28,12,364,376,3.19%,83.41,0.74%,"[0, 5, 10, 15, 20, 25, 30, 35, 40, 45, 50, 55, 60, 65, 70, 75, 80, 85, 90, 95, 100]","[6, 3, 0, 2, 1, 0, 0, 0, 0, 0, 0, 0, 1, 0, 0, 1, 1241, 12, 14, 332]","[0.0037197768133911966, 0.005579665220086794, 0.005579665220086794, 0.006819590824550527, 0.007439553626782393, 0.007439553626782393, 0.007439553626782393, 0.007439553626782393, 0.007439553626782393, 0.007439553626782393, 0.007439553626782393, 0.007439553626782393, 0.008059516429014259, 0.008059516429014259, 0.008059516429014259, 0.008679479231246125, 0.778053316800992, 0.7854928704277744, 0.7941723496590205, 1.0]",4.0,2.0,2.0,2.0,2.0,15,-26.87256,8.0,6.0,hrl_dqn_apf,hierarchical,dqn,-10.001,1.369,-3.718,0.00,0.00,0.00,-16.252,1.458,-0.590,0.00,0.00,0.00,-20.109,1.526,0.198,0.00,0.00,0.00,4.200,4.200,4.200
2026-02-04 16:12:09,97.28,13,365,378,3.44%,83.47,0.81%,"[0, 5, 10, 15, 20, 25, 30, 35, 40, 45, 50, 55, 60, 65, 70, 75, 80, 85, 90, 95, 100]","[8, 3, 0, 2, 0, 0, 0, 0, 1, 0, 0, 1, 1, 0, 0, 0, 1238, 16, 14, 329]","[0.0049597024178549285, 0.006819590824550527, 0.006819590824550527, 0.008059516429014259, 0.008059516429014259, 0.008059516429014259, 0.008059516429014259, 0.008059516429014259, 0.008679479231246125, 0.008679479231246125, 0.008679479231246125, 0.009299442033477991, 0.009919404835709857, 0.009919404835709857, 0.009919404835709857, 0.009919404835709857, 0.7774333539987601, 0.78735275883447, 0.7960322380657161, 1.0]",4.0,2.0,2.0,2.0,2.0,15,-26.87256,8.0,6.0,hrl_dqn_apf,hierarchical,dqn,-10.001,1.355,-4.441,0.00,0.00,0.00,-16.974,1.444,-0.590,0.00,0.00,0.00,-20.109,1.511,0.910,0.00,0.00,0.00,4.200,4.200,4.200
2026-02-04 16:12:10,98.28,0,354,354,0.00%,80.00,0.00%,"[0, 5, 10, 15, 20, 25, 30, 35, 40, 45, 50, 55, 60, 65, 70, 75, 80, 85, 90, 95, 100]","[0, 0, 0, 0, 0, 0, 0, 0, 0, 0, 0, 0, 0, 0, 0, 0, 1613, 0, 0, 0]","[0.0, 0.0, 0.0, 0.0, 0.0, 0.0, 0.0, 0.0, 0.0, 0.0, 0.0, 0.0, 0.0, 0.0, 0.0, 0.0, 1.0, 1.0, 1.0, 1.0]",4.0,2.0,2.0,2.0,2.0,15,-26.87256,8.0,6.0,hrl_dqn_apf,hierarchical,dqn,-10.001,1.347,-5.193,0.00,0.00,0.00,-17.726,1.436,-0.590,0.00,0.00,0.00,-20.109,1.503,1.660,0.00,0.00,0.00,4.200,4.200,4.200
2026-02-04 16:12:11,99.29,0,354,354,0.00%,80.00,0.00%,"[0, 5, 10, 15, 20, 25, 30, 35, 40, 45, 50, 55, 60, 65, 70, 75, 80, 85, 90, 95, 100]","[0, 0, 0, 0, 0, 0, 0, 0, 0, 0, 0, 0, 0, 0, 0, 0, 1613, 0, 0, 0]","[0.0, 0.0, 0.0, 0.0, 0.0, 0.0, 0.0, 0.0, 0.0, 0.0, 0.0, 0.0, 0.0, 0.0, 0.0, 0.0, 1.0, 1.0, 1.0, 1.0]",4.0,2.0,2.0,2.0,2.0,15,-26.87256,8.0,6.0,hrl_dqn_apf,hierarchical,dqn,-10.001,1.338,-6.713,0.00,0.00,0.00,-19.246,1.427,-0.590,0.00,0.00,0.00,-20.109,1.494,3.178,0.00,0.00,0.00,4.200,4.200,4.200
2026-02-04 16:12:13,100.29,0,354,354,0.00%,80.00,0.00%,"[0, 5, 10, 15, 20, 25, 30, 35, 40, 45, 50, 55, 60, 65, 70, 75, 80, 85, 90, 95, 100]","[0, 0, 0, 0, 0, 0, 0, 0, 0, 0, 0, 0, 0, 0, 0, 0, 1613, 0, 0, 0]","[0.0, 0.0, 0.0, 0.0, 0.0, 0.0, 0.0, 0.0, 0.0, 0.0, 0.0, 0.0, 0.0, 0.0, 0.0, 0.0, 1.0, 1.0, 1.0, 1.0]",4.0,2.0,2.0,2.0,2.0,15,-26.87256,8.0,6.0,hrl_dqn_apf,hierarchical,dqn,-10.001,1.335,-7.476,0.00,0.00,0.00,-20.009,1.424,-0.590,0.00,0.00,0.00,-20.109,1.491,3.941,0.00,0.00,0.00,4.200,4.200,4.200
2026-02-04 16:12:14,101.30,3,349,352,0.85%,79.97,0.19%,"[0, 5, 10, 15, 20, 25, 30, 35, 40, 45, 50, 55, 60, 65, 70, 75, 80, 85, 90, 95, 100]","[0, 0, 0, 1, 0, 2, 2, 0, 0, 1, 1, 0, 0, 0, 0, 0, 1606, 0, 0, 0]","[0.0, 0.0, 0.0, 0.0006199628022318661, 0.0006199628022318661, 0.0018598884066955983, 0.0030998140111593306, 0.0030998140111593306, 0.0030998140111593306, 0.0037197768133911966, 0.0043397396156230625, 0.0043397396156230625, 0.0043397396156230625, 0.0043397396156230625, 0.0043397396156230625, 0.0043397396156230625, 1.0, 1.0, 1.0, 1.0]",4.0,2.0,2.0,2.0,2.0,15,-26.87256,8.0,6.0,hrl_dqn_apf,hierarchical,dqn,-10.001,1.332,-8.237,0.00,0.00,0.00,-20.770,1.421,-0.590,0.00,0.00,0.00,-20.109,1.488,4.702,0.00,0.00,0.00,4.200,4.200,4.200
2026-02-04 16:12:15,102.30,5,347,352,1.42%,79.96,0.31%,"[0, 5, 10, 15, 20, 25, 30, 35, 40, 45, 50, 55, 60, 65, 70, 75, 80, 85, 90, 95, 100]","[3, 0, 0, 1, 1, 0, 5, 0, 0, 0, 0, 0, 0, 1, 0, 0, 1602, 0, 0, 0]","[0.0018598884066955983, 0.0018598884066955983, 0.0018598884066955983, 0.0024798512089274642, 0.0030998140111593306, 0.0030998140111593306, 0.006199628022318661, 0.006199628022318661, 0.006199628022318661, 0.006199628022318661, 0.006199628022318661, 0.006199628022318661, 0.006199628022318661, 0.006819590824550527, 0.006819590824550527, 0.006819590824550527, 1.0, 1.0, 1.0, 1.0]",4.0,2.0,2.0,2.0,2.0,15,-26.87256,8.0,6.0,hrl_dqn_apf,hierarchical,dqn,-10.001,0.054,-0.761,0.00,0.00,0.00,-14.300,0.056,-0.590,0.00,0.00,0.00,-20.109,0.058,-0.590,0.00,0.00,0.00,4.200,4.200,4.200
2026-02-04 16:12:16,103.30,8,345,353,2.27%,80.25,0.50%,"[0, 5, 10, 15, 20, 25, 30, 35, 40, 45, 50, 55, 60, 65, 70, 75, 80, 85, 90, 95, 100]","[6, 0, 0, 1, 1, 0, 2, 0, 0, 0, 0, 0, 0, 0, 1, 0, 1602, 0, 0, 0]","[0.0037197768133911966, 0.0037197768133911966, 0.0037197768133911966, 0.0043397396156230625, 0.0049597024178549285, 0.0049597024178549285, 0.006199628022318661, 0.006199628022318661, 0.006199628022318661, 0.006199628022318661, 0.006199628022318661, 0.006199628022318661, 0.006199628022318661, 0.006199628022318661, 0.006819590824550527, 0.006819590824550527, 1.0, 1.0, 1.0, 1.0]",4.0,2.0,2.0,2.0,2.0,15,-26.87256,8.0,6.0,hrl_dqn_apf,hierarchical,dqn,-10.000,0.350,-0.760,0.00,0.00,0.00,-14.300,0.026,-0.590,0.00,0.00,0.00,-20.109,0.028,-0.590,0.00,0.00,0.00,4.200,4.200,4.200
2026-02-04 16:12:17,104.30,8,345,353,2.27%,80.42,0.50%,"[0, 5, 10, 15, 20, 25, 30, 35, 40, 45, 50, 55, 60, 65, 70, 75, 80, 85, 90, 95, 100]","[6, 0, 0, 1, 1, 0, 0, 2, 0, 0, 0, 0, 0, 0, 1, 0, 1602, 0, 0, 0]","[0.0037197768133911966, 0.0037197768133911966, 0.0037197768133911966, 0.0043397396156230625, 0.0049597024178549285, 0.0049597024178549285, 0.0049597024178549285, 0.006199628022318661, 0.006199628022318661, 0.006199628022318661, 0.006199628022318661, 0.006199628022318661, 0.006199628022318661, 0.006199628022318661, 0.006819590824550527, 0.006819590824550527, 1.0, 1.0, 1.0, 1.0]",4.0,2.0,2.0,2.0,2.0,15,-26.87256,8.0,6.0,hrl_dqn_apf,hierarchical,dqn,-10.000,0.723,-0.760,0.00,0.00,0.00,-14.300,0.026,-0.590,0.00,0.00,0.00,-20.109,0.028,-0.590,0.00,0.00,0.00,4.200,4.200,4.200
2026-02-04 16:12:18,105.30,8,347,355,2.25%,80.59,0.50%,"[0, 5, 10, 15, 20, 25, 30, 35, 40, 45, 50, 55, 60, 65, 70, 75, 80, 85, 90, 95, 100]","[6, 0, 0, 1, 1, 0, 0, 2, 0, 0, 0, 0, 0, 0, 1, 0, 1602, 0, 0, 0]","[0.0037197768133911966, 0.0037197768133911966, 0.0037197768133911966, 0.0043397396156230625, 0.0049597024178549285, 0.0049597024178549285, 0.0049597024178549285, 0.006199628022318661, 0.006199628022318661, 0.006199628022318661, 0.006199628022318661, 0.006199628022318661, 0.006199628022318661, 0.006199628022318661, 0.006819590824550527, 0.006819590824550527, 1.0, 1.0, 1.0, 1.0]",4.0,2.0,2.0,2.0,2.0,15,-26.87256,8.0,6.0,hrl_dqn_apf,hierarchical,dqn,-10.000,1.108,-0.760,0.00,0.00,0.00,-14.300,0.026,-0.590,0.00,0.00,0.00,-20.109,0.028,-0.590,0.00,0.00,0.00,4.200,4.200,4.200
2026-02-04 16:12:19,106.30,8,349,357,2.24%,80.77,0.50%,"[0, 5, 10, 15, 20, 25, 30, 35, 40, 45, 50, 55, 60, 65, 70, 75, 80, 85, 90, 95, 100]","[6, 0, 0, 1, 0, 1, 0, 2, 0, 0, 0, 0, 0, 0, 1, 0, 1261, 341, 0, 0]","[0.0037197768133911966, 0.0037197768133911966, 0.0037197768133911966, 0.0043397396156230625, 0.0043397396156230625, 0.0049597024178549285, 0.0049597024178549285, 0.006199628022318661, 0.006199628022318661, 0.006199628022318661, 0.006199628022318661, 0.006199628022318661, 0.006199628022318661, 0.006199628022318661, 0.006819590824550527, 0.006819590824550527, 0.7885926844389337, 1.0, 1.0, 1.0]",4.0,2.0,2.0,2.0,2.0,15,-26.87256,8.0,6.0,hrl_dqn_apf,hierarchical,dqn,-10.000,1.503,-0.759,0.00,0.00,0.00,-14.300,0.026,-0.590,0.00,0.00,0.00,-20.109,0.028,-0.590,0.00,0.00,0.00,4.200,4.200,4.200
2026-02-04 16:12:20,107.31,8,353,361,2.22%,81.12,0.50%,"[0, 5, 10, 15, 20, 25, 30, 35, 40, 45, 50, 55, 60, 65, 70, 75, 80, 85, 90, 95, 100]","[4, 2, 0, 0, 1, 1, 0, 2, 0, 0, 0, 0, 0, 0, 0, 1, 1261, 341, 0, 0]","[0.0024798512089274642, 0.0037197768133911966, 0.0037197768133911966, 0.0037197768133911966, 0.0043397396156230625, 0.0049597024178549285, 0.0049597024178549285, 0.006199628022318661, 0.006199628022318661, 0.006199628022318661, 0.006199628022318661, 0.006199628022318661, 0.006199628022318661, 0.006199628022318661, 0.006199628022318661, 0.006819590824550527, 0.7885926844389337, 1.0, 1.0, 1.0]",4.0,2.0,2.0,2.0,2.0,15,-26.87256,8.0,6.0,hrl_dqn_apf,hierarchical,dqn,-10.000,1.524,-0.950,0.00,0.00,0.00,-14.300,0.026,-0.590,0.00,0.00,0.00,-20.109,0.028,-0.590,0.00,0.00,0.00,4.200,4.200,4.200
2026-02-04 16:12:21,108.31,8,357,365,2.19%,81.30,0.50%,"[0, 5, 10, 15, 20, 25, 30, 35, 40, 45, 50, 55, 60, 65, 70, 75, 80, 85, 90, 95, 100]","[4, 2, 0, 0, 1, 1, 0, 2, 0, 0, 0, 0, 0, 0, 0, 1, 1260, 342, 0, 0]","[0.0024798512089274642, 0.0037197768133911966, 0.0037197768133911966, 0.0037197768133911966, 0.0043397396156230625, 0.0049597024178549285, 0.0049597024178549285, 0.006199628022318661, 0.006199628022318661, 0.006199628022318661, 0.006199628022318661, 0.006199628022318661, 0.006199628022318661, 0.006199628022318661, 0.006199628022318661, 0.006819590824550527, 0.7879727216367018, 1.0, 1.0, 1.0]",4.0,2.0,2.0,2.0,2.0,15,-26.87256,8.0,6.0,hrl_dqn_apf,hierarchical,dqn,-10.000,1.501,-1.523,0.00,0.00,0.00,-14.300,0.040,-0.590,0.00,0.00,0.00,-20.109,0.028,-0.590,0.00,0.00,0.00,4.200,4.200,4.200
2026-02-04 16:12:22,109.31,9,354,363,2.48%,81.44,0.56%,"[0, 5, 10, 15, 20, 25, 30, 35, 40, 45, 50, 55, 60, 65, 70, 75, 80, 85, 90, 95, 100]","[4, 2, 0, 0, 2, 1, 0, 0, 2, 0, 0, 0, 0, 0, 0, 1, 1260, 341, 0, 0]","[0.0024798512089274642, 0.0037197768133911966, 0.0037197768133911966, 0.0037197768133911966, 0.0049597024178549285, 0.005579665220086794, 0.005579665220086794, 0.005579665220086794, 0.006819590824550527, 0.006819590824550527, 0.006819590824550527, 0.006819590824550527, 0.006819590824550527, 0.006819590824550527, 0.006819590824550527, 0.007439553626782393, 0.7885926844389337, 1.0, 1.0, 1.0]",4.0,2.0,2.0,2.0,2.0,15,-26.87256,8.0,6.0,hrl_dqn_apf,hierarchical,dqn,-10.000,1.474,-2.224,0.00,0.00,0.00,-14.301,0.390,-0.590,0.00,0.00,0.00,-20.109,0.028,-0.590,0.00,0.00,0.00,4.200,4.200,4.200
2026-02-04 16:12:23,110.31,9,356,365,2.47%,81.60,0.56%,"[0, 5, 10, 15, 20, 25, 30, 35, 40, 45, 50, 55, 60, 65, 70, 75, 80, 85, 90, 95, 100]","[5, 2, 0, 0, 1, 1, 0, 0, 2, 0, 0, 0, 0, 0, 0, 1, 1258, 343, 0, 0]","[0.0030998140111593306, 0.0043397396156230625, 0.0043397396156230625, 0.0043397396156230625, 0.0049597024178549285, 0.005579665220086794, 0.005579665220086794, 0.005579665220086794, 0.006819590824550527, 0.006819590824550527, 0.006819590824550527, 0.006819590824550527, 0.006819590824550527, 0.006819590824550527, 0.006819590824550527, 0.007439553626782393, 0.78735275883447, 1.0, 1.0, 1.0]",4.0,2.0,2.0,2.0,2.0,15,-26.87256,8.0,6.0,hrl_dqn_apf,hierarchical,dqn,-10.000,1.468,-2.430,0.00,0.00,0.00,-14.301,0.767,-0.590,0.00,0.00,0.00,-20.109,0.028,-0.590,0.00,0.00,0.00,4.200,4.200,4.200
2026-02-04 16:12:24,111.32,8,361,369,2.17%,81.96,0.50%,"[0, 5, 10, 15, 20, 25, 30, 35, 40, 45, 50, 55, 60, 65, 70, 75, 80, 85, 90, 95, 100]","[5, 0, 2, 0, 0, 1, 1, 0, 2, 0, 0, 0, 0, 0, 0, 1, 1256, 7, 338, 0]","[0.0030998140111593306, 0.0030998140111593306, 0.0043397396156230625, 0.0043397396156230625, 0.0043397396156230625, 0.0049597024178549285, 0.005579665220086794, 0.005579665220086794, 0.006819590824550527, 0.006819590824550527, 0.006819590824550527, 0.006819590824550527, 0.006819590824550527, 0.006819590824550527, 0.006819590824550527, 0.007439553626782393, 0.7861128332300062, 0.7904525728456293, 1.0, 1.0]",4.0,2.0,2.0,2.0,2.0,15,-26.87256,8.0,6.0,hrl_dqn_apf,hierarchical,dqn,-10.000,1.482,-1.872,0.00,0.00,0.00,-14.300,1.546,-0.590,0.00,0.00,0.00,-20.109,0.028,-0.590,0.00,0.00,0.00,4.200,4.200,4.200
2026-02-04 16:12:25,112.32,8,361,369,2.17%,82.14,0.50%,"[0, 5, 10, 15, 20, 25, 30, 35, 40, 45, 50, 55, 60, 65, 70, 75, 80, 85, 90, 95, 100]","[5, 0, 2, 0, 0, 1, 1, 0, 2, 0, 0, 0, 0, 0, 0, 1, 1252, 11, 338, 0]","[0.0030998140111593306, 0.0030998140111593306, 0.0043397396156230625, 0.0043397396156230625, 0.0043397396156230625, 0.0049597024178549285, 0.005579665220086794, 0.005579665220086794, 0.006819590824550527, 0.006819590824550527, 0.006819590824550527, 0.006819590824550527, 0.006819590824550527, 0.006819590824550527, 0.006819590824550527, 0.007439553626782393, 0.7836329820210788, 0.7904525728456293, 1.0, 1.0]",4.0,2.0,2.0,2.0,2.0,15,-26.87256,8.0,6.0,hrl_dqn_apf,hierarchical,dqn,-10.000,1.475,-1.916,0.00,0.00,0.00,-14.405,1.535,-0.590,0.00,0.00,0.00,-20.109,0.028,-0.590,0.00,0.00,0.00,4.200,4.200,4.200
2026-02-04 16:12:26,113.33,8,361,369,2.17%,82.31,0.50%,"[0, 5, 10, 15, 20, 25, 30, 35, 40, 45, 50, 55, 60, 65, 70, 75, 80, 85, 90, 95, 100]","[5, 0, 2, 0, 0, 1, 1, 0, 2, 0, 0, 0, 1, 0, 0, 0, 1251, 12, 338, 0]","[0.0030998140111593306, 0.0030998140111593306, 0.0043397396156230625, 0.0043397396156230625, 0.0043397396156230625, 0.0049597024178549285, 0.005579665220086794, 0.005579665220086794, 0.006819590824550527, 0.006819590824550527, 0.006819590824550527, 0.006819590824550527, 0.007439553626782393, 0.007439553626782393, 0.007439553626782393, 0.007439553626782393, 0.7830130192188469, 0.7904525728456293, 1.0, 1.0]",4.0,2.0,2.0,2.0,2.0,15,-26.87256,8.0,6.0,hrl_dqn_apf,hierarchical,dqn,-10.000,1.453,-2.426,0.00,0.00,0.00,-14.916,1.512,-0.590,0.00,0.00,0.00,-20.109,0.028,-0.590,0.00,0.00,0.00,4.200,4.200,4.200
2026-02-04 16:12:27,114.33,9,362,371,2.43%,82.42,0.56%,"[0, 5, 10, 15, 20, 25, 30, 35, 40, 45, 50, 55, 60, 65, 70, 75, 80, 85, 90, 95, 100]","[6, 0, 2, 0, 0, 1, 1, 0, 0, 2, 0, 0, 0, 0, 2, 0, 1249, 14, 336, 0]","[0.0037197768133911966, 0.0037197768133911966, 0.0049597024178549285, 0.0049597024178549285, 0.0049597024178549285, 0.005579665220086794, 0.006199628022318661, 0.006199628022318661, 0.006199628022318661, 0.007439553626782393, 0.007439553626782393, 0.007439553626782393, 0.007439553626782393, 0.007439553626782393, 0.008679479231246125, 0.008679479231246125, 0.7830130192188469, 0.791692498450093, 1.0, 1.0]",4.0,2.0,2.0,2.0,2.0,15,-26.87256,8.0,6.0,hrl_dqn_apf,hierarchical,dqn,-10.000,1.428,-3.113,0.00,0.00,0.00,-15.607,1.490,-0.590,0.00,0.00,0.00,-20.109,0.100,-0.590,0.00,0.00,0.00,4.200,4.200,4.200
2026-02-04 16:12:28,115.33,11,362,373,2.95%,82.70,0.68%,"[0, 5, 10, 15, 20, 25, 30, 35, 40, 45, 50, 55, 60, 65, 70, 75, 80, 85, 90, 95, 100]","[8, 0, 2, 0, 0, 1, 0, 1, 0, 2, 0, 0, 0, 0, 0, 0, 1243, 16, 7, 333]","[0.0049597024178549285, 0.0049597024178549285, 0.006199628022318661, 0.006199628022318661, 0.006199628022318661, 0.006819590824550527, 0.006819590824550527, 0.007439553626782393, 0.007439553626782393, 0.008679479231246125, 0.008679479231246125, 0.008679479231246125, 0.008679479231246125, 0.008679479231246125, 0.008679479231246125, 0.008679479231246125, 0.7792932424054557, 0.7892126472411656, 0.7935523868567886, 1.0]",4.0,2.0,2.0,2.0,2.0,15,-26.87256,8.0,6.0,hrl_dqn_apf,hierarchical,dqn,-10.000,1.413,-3.212,0.00,0.00,0.00,-15.783,1.470,-0.590,0.00,0.00,0.00,-20.109,0.833,-0.590,0.00,0.00,0.00,4.200,4.200,4.200
2026-02-04 16:12:29,116.33,11,362,373,2.95%,82.88,0.68%,"[0, 5, 10, 15, 20, 25, 30, 35, 40, 45, 50, 55, 60, 65, 70, 75, 80, 85, 90, 95, 100]","[8, 0, 2, 0, 0, 1, 0, 1, 0, 2, 0, 0, 0, 0, 0, 0, 1243, 16, 7, 333]","[0.0049597024178549285, 0.0049597024178549285, 0.006199628022318661, 0.006199628022318661, 0.006199628022318661, 0.006819590824550527, 0.006819590824550527, 0.007439553626782393, 0.007439553626782393, 0.008679479231246125, 0.008679479231246125, 0.008679479231246125, 0.008679479231246125, 0.008679479231246125, 0.008679479231246125, 0.008679479231246125, 0.7792932424054557, 0.7892126472411656, 0.7935523868567886, 1.0]",4.0,2.0,2.0,2.0,2.0,15,-26.87256,8.0,6.0,hrl_dqn_apf,hierarchical,dqn,-10.000,1.429,-2.907,0.00,0.00,0.00,-15.468,1.485,-0.590,0.00,0.00,0.00,-20.109,1.221,-0.590,0.00,0.00,0.00,4.200,4.200,4.200
2026-02-04 16:12:30,117.33,10,364,374,2.67%,83.07,0.62%,"[0, 5, 10, 15, 20, 25, 30, 35, 40, 45, 50, 55, 60, 65, 70, 75, 80, 85, 90, 95, 100]","[8, 0, 0, 2, 0, 0, 1, 1, 0, 2, 0, 0, 0, 0, 0, 0, 1243, 16, 7, 333]","[0.0049597024178549285, 0.0049597024178549285, 0.0049597024178549285, 0.006199628022318661, 0.006199628022318661, 0.006199628022318661, 0.006819590824550527, 0.007439553626782393, 0.007439553626782393, 0.008679479231246125, 0.008679479231246125, 0.008679479231246125, 0.008679479231246125, 0.008679479231246125, 0.008679479231246125, 0.008679479231246125, 0.7792932424054557, 0.7892126472411656, 0.7935523868567886, 1.0]",4.0,2.0,2.0,2.0,2.0,15,-26.87256,8.0,6.0,hrl_dqn_apf,hierarchical,dqn,-10.000,1.435,-2.807,0.00,0.00,0.00,-15.350,1.492,-0.590,0.00,0.00,0.00,-20.109,1.563,-0.590,0.00,0.00,0.00,4.200,4.200,4.200
2026-02-04 16:12:31,118.34,10,364,374,2.67%,83.25,0.62%,"[0, 5, 10, 15, 20, 25, 30, 35, 40, 45, 50, 55, 60, 65, 70, 75, 80, 85, 90, 95, 100]","[6, 2, 0, 2, 0, 0, 1, 1, 0, 2, 0, 0, 0, 0, 0, 0, 1242, 11, 12, 334]","[0.0037197768133911966, 0.0049597024178549285, 0.0049597024178549285, 0.006199628022318661, 0.006199628022318661, 0.006199628022318661, 0.006819590824550527, 0.007439553626782393, 0.007439553626782393, 0.008679479231246125, 0.008679479231246125, 0.008679479231246125, 0.008679479231246125, 0.008679479231246125, 0.008679479231246125, 0.008679479231246125, 0.7786732796032239, 0.7854928704277744, 0.7929324240545568, 1.0]",4.0,2.0,2.0,2.0,2.0,15,-26.87256,8.0,6.0,hrl_dqn_apf,hierarchical,dqn,-10.000,1.406,-3.048,0.00,0.00,0.00,-15.582,1.465,-0.590,0.00,0.00,0.00,-20.109,1.512,-0.583,0.00,0.00,0.00,4.200,4.200,4.200
2026-02-04 16:12:32,119.34,12,366,378,3.17%,83.47,0.74%,"[0, 5, 10, 15, 20, 25, 30, 35, 40, 45, 50, 55, 60, 65, 70, 75, 80, 85, 90, 95, 100]","[7, 4, 0, 1, 0, 0, 1, 1, 0, 0, 2, 0, 0, 1, 0, 0, 1236, 15, 15, 330]","[0.0043397396156230625, 0.006819590824550527, 0.006819590824550527, 0.007439553626782393, 0.007439553626782393, 0.007439553626782393, 0.008059516429014259, 0.008679479231246125, 0.008679479231246125, 0.008679479231246125, 0.009919404835709857, 0.009919404835709857, 0.009919404835709857, 0.010539367637941723, 0.010539367637941723, 0.010539367637941723, 0.7768133911965283, 0.7861128332300062, 0.7954122752634842, 1.0]",4.0,2.0,2.0,2.0,2.0,15,-26.87256,8.0,6.0,hrl_dqn_apf,hierarchical,dqn,-10.000,1.366,-4.361,0.00,0.00,0.00,-16.892,1.425,-0.590,0.00,0.00,0.00,-20.109,1.468,0.374,0.00,0.00,0.00,4.200,4.200,4.200
2026-02-04 16:12:33,120.34,0,354,354,0.00%,80.00,0.00%,"[0, 5, 10, 15, 20, 25, 30, 35, 40, 45, 50, 55, 60, 65, 70, 75, 80, 85, 90, 95, 100]","[0, 0, 0, 0, 0, 0, 0, 0, 0, 0, 0, 0, 0, 0, 0, 0, 1613, 0, 0, 0]","[0.0, 0.0, 0.0, 0.0, 0.0, 0.0, 0.0, 0.0, 0.0, 0.0, 0.0, 0.0, 0.0, 0.0, 0.0, 0.0, 1.0, 1.0, 1.0, 1.0]",4.0,2.0,2.0,2.0,2.0,15,-26.87256,8.0,6.0,hrl_dqn_apf,hierarchical,dqn,-10.000,1.358,-5.109,0.00,0.00,0.00,-17.639,1.417,-0.590,0.00,0.00,0.00,-20.109,1.455,1.098,0.00,0.00,0.00,4.200,4.200,4.200
2026-02-04 16:12:34,121.35,0,354,354,0.00%,80.00,0.00%,"[0, 5, 10, 15, 20, 25, 30, 35, 40, 45, 50, 55, 60, 65, 70, 75, 80, 85, 90, 95, 100]","[0, 0, 0, 0, 0, 0, 0, 0, 0, 0, 0, 0, 0, 0, 0, 0, 1613, 0, 0, 0]","[0.0, 0.0, 0.0, 0.0, 0.0, 0.0, 0.0, 0.0, 0.0, 0.0, 0.0, 0.0, 0.0, 0.0, 0.0, 0.0, 1.0, 1.0, 1.0, 1.0]",4.0,2.0,2.0,2.0,2.0,15,-26.87256,8.0,6.0,hrl_dqn_apf,hierarchical,dqn,-10.000,1.353,-5.869,0.00,0.00,0.00,-18.399,1.412,-0.590,0.00,0.00,0.00,-20.109,1.448,1.851,0.00,0.00,0.00,4.200,4.200,4.200
2026-02-04 16:12:35,122.36,0,354,354,0.00%,80.00,0.00%,"[0, 5, 10, 15, 20, 25, 30, 35, 40, 45, 50, 55, 60, 65, 70, 75, 80, 85, 90, 95, 100]","[0, 0, 0, 0, 0, 0, 0, 0, 0, 0, 0, 0, 0, 0, 0, 0, 1613, 0, 0, 0]","[0.0, 0.0, 0.0, 0.0, 0.0, 0.0, 0.0, 0.0, 0.0, 0.0, 0.0, 0.0, 0.0, 0.0, 0.0, 0.0, 1.0, 1.0, 1.0, 1.0]",4.0,2.0,2.0,2.0,2.0,15,-26.87256,8.0,6.0,hrl_dqn_apf,hierarchical,dqn,-10.000,1.349,-6.628,0.00,0.00,0.00,-19.158,1.408,-0.590,0.00,0.00,0.00,-20.109,1.443,2.609,0.00,0.00,0.00,4.200,4.200,4.200
2026-02-04 16:12:36,123.36,3,349,352,0.85%,79.98,0.19%,"[0, 5, 10, 15, 20, 25, 30, 35, 40, 45, 50, 55, 60, 65, 70, 75, 80, 85, 90, 95, 100]","[1, 1, 0, 0, 1, 0, 1, 1, 0, 0, 0, 0, 0, 0, 0, 1, 1607, 0, 0, 0]","[0.0006199628022318661, 0.0012399256044637321, 0.0012399256044637321, 0.0012399256044637321, 0.0018598884066955983, 0.0018598884066955983, 0.0024798512089274642, 0.0030998140111593306, 0.0030998140111593306, 0.0030998140111593306, 0.0030998140111593306, 0.0030998140111593306, 0.0030998140111593306, 0.0030998140111593306, 0.0030998140111593306, 0.0037197768133911966, 1.0, 1.0, 1.0, 1.0]",4.0,2.0,2.0,2.0,2.0,15,-26.87256,8.0,6.0,hrl_dqn_apf,hierarchical,dqn,-10.000,1.342,-8.143,0.00,0.00,0.00,-20.673,1.401,-0.590,0.00,0.00,0.00,-20.109,1.436,4.123,0.00,0.00,0.00,4.200,4.200,4.200
2026-02-04 16:12:37,124.37,5,347,352,1.42%,80.02,0.31%,"[0, 5, 10, 15, 20, 25, 30, 35, 40, 45, 50, 55, 60, 65, 70, 75, 80, 85, 90, 95, 100]","[3, 1, 0, 0, 1, 0, 2, 1, 0, 0, 0, 0, 0, 0, 0, 1, 1604, 0, 0, 0]","[0.0018598884066955983, 0.0024798512089274642, 0.0024798512089274642, 0.0024798512089274642, 0.0030998140111593306, 0.0030998140111593306, 0.0043397396156230625, 0.0049597024178549285, 0.0049597024178549285, 0.0049597024178549285, 0.0049597024178549285, 0.0049597024178549285, 0.0049597024178549285, 0.0049597024178549285, 0.0049597024178549285, 0.005579665220086794, 1.0, 1.0, 1.0, 1.0]",4.0,2.0,2.0,2.0,2.0,15,-26.87256,8.0,6.0,hrl_dqn_apf,hierarchical,dqn,-10.000,1.399,-8.874,0.00,0.00,0.00,-21.406,1.405,-0.595,0.00,0.00,0.00,-20.096,1.436,4.860,0.00,0.00,0.00,4.134,4.134,4.194
2026-02-04 16:12:38,125.37,9,344,353,2.55%,80.06,0.56%,"[0, 5, 10, 15, 20, 25, 30, 35, 40, 45, 50, 55, 60, 65, 70, 75, 80, 85, 90, 95, 100]","[7, 1, 0, 0, 1, 0, 0, 1, 0, 0, 0, 0, 0, 0, 0, 1, 1602, 0, 0, 0]","[0.0043397396156230625, 0.0049597024178549285, 0.0049597024178549285, 0.0049597024178549285, 0.005579665220086794, 0.005579665220086794, 0.005579665220086794, 0.006199628022318661, 0.006199628022318661, 0.006199628022318661, 0.006199628022318661, 0.006199628022318661, 0.006199628022318661, 0.006199628022318661, 0.006199628022318661, 0.006819590824550527, 1.0, 1.0, 1.0, 1.0]",4.0,2.0,2.0,2.0,2.0,22,-17.92074,8.0,12.0,hrl_dqn_apf,hierarchical,dqn,-10.000,1.846,-9.313,0.00,0.00,0.00,-21.890,1.465,-0.911,0.00,0.00,0.00,-20.040,1.503,5.528,0.00,0.00,0.00,4.131,4.131,4.191
2026-02-04 16:12:39,126.38,10,343,353,2.83%,80.20,0.62%,"[0, 5, 10, 15, 20, 25, 30, 35, 40, 45, 50, 55, 60, 65, 70, 75, 80, 85, 90, 95, 100]","[8, 1, 0, 0, 1, 0, 0, 0, 0, 0, 0, 0, 0, 0, 0, 1, 1602, 0, 0, 0]","[0.0049597024178549285, 0.005579665220086794, 0.005579665220086794, 0.005579665220086794, 0.006199628022318661, 0.006199628022318661, 0.006199628022318661, 0.006199628022318661, 0.006199628022318661, 0.006199628022318661, 0.006199628022318661, 0.006199628022318661, 0.006199628022318661, 0.006199628022318661, 0.006199628022318661, 0.006819590824550527, 1.0, 1.0, 1.0, 1.0]",4.0,2.0,2.0,2.0,2.0,22,-17.92074,8.0,12.0,hrl_dqn_apf,hierarchical,dqn,-10.000,2.256,-9.456,0.00,0.00,0.00,-22.077,1.478,-1.313,0.00,0.00,0.00,-20.007,1.608,5.429,0.00,0.00,0.00,4.128,4.128,4.188
2026-02-04 16:12:40,127.38,11,344,355,3.10%,80.50,0.68%,"[0, 5, 10, 15, 20, 25, 30, 35, 40, 45, 50, 55, 60, 65, 70, 75, 80, 85, 90, 95, 100]","[9, 0, 1, 0, 0, 1, 0, 0, 0, 0, 0, 0, 0, 0, 0, 0, 1602, 0, 0, 0]","[0.005579665220086794, 0.005579665220086794, 0.006199628022318661, 0.006199628022318661, 0.006199628022318661, 0.006819590824550527, 0.006819590824550527, 0.006819590824550527, 0.006819590824550527, 0.006819590824550527, 0.006819590824550527, 0.006819590824550527, 0.006819590824550527, 0.006819590824550527, 0.006819590824550527, 0.006819590824550527, 1.0, 1.0, 1.0, 1.0]",4.0,2.0,2.0,2.0,2.0,18,-11.761199999999999,8.0,6.0,hrl_dqn_apf,hierarchical,dqn,-10.000,3.054,-9.514,0.00,0.00,0.00,-22.150,2.163,-1.421,0.00,0.00,0.00,-19.993,2.015,4.366,0.00,0.00,0.00,4.125,4.125,4.185
2026-02-04 16:12:41,128.38,11,346,357,3.08%,80.67,0.68%,"[0, 5, 10, 15, 20, 25, 30, 35, 40, 45, 50, 55, 60, 65, 70, 75, 80, 85, 90, 95, 100]","[9, 0, 1, 0, 0, 1, 0, 0, 0, 0, 0, 0, 0, 0, 0, 0, 1262, 340, 0, 0]","[0.005579665220086794, 0.005579665220086794, 0.006199628022318661, 0.006199628022318661, 0.006199628022318661, 0.006819590824550527, 0.006819590824550527, 0.006819590824550527, 0.006819590824550527, 0.006819590824550527, 0.006819590824550527, 0.006819590824550527, 0.006819590824550527, 0.006819590824550527, 0.006819590824550527, 0.006819590824550527, 0.7892126472411656, 1.0, 1.0, 1.0]",4.0,2.0,2.0,2.0,2.0,22,-17.68048,8.0,12.0,hrl_dqn_apf,hierarchical,dqn,-10.000,3.450,-9.518,0.00,0.00,0.00,-22.155,2.563,-1.439,0.00,0.00,0.00,-19.992,2.428,4.192,0.00,0.00,0.00,4.122,4.122,4.182
2026-02-04 16:12:42,129.38,11,346,357,3.08%,80.85,0.68%,"[0, 5, 10, 15, 20, 25, 30, 35, 40, 45, 50, 55, 60, 65, 70, 75, 80, 85, 90, 95, 100]","[9, 0, 1, 0, 0, 1, 0, 0, 0, 0, 0, 0, 0, 0, 0, 0, 1262, 340, 0, 0]","[0.005579665220086794, 0.005579665220086794, 0.006199628022318661, 0.006199628022318661, 0.006199628022318661, 0.006819590824550527, 0.006819590824550527, 0.006819590824550527, 0.006819590824550527, 0.006819590824550527, 0.006819590824550527, 0.006819590824550527, 0.006819590824550527, 0.006819590824550527, 0.006819590824550527, 0.006819590824550527, 0.7892126472411656, 1.0, 1.0, 1.0]",4.0,2.0,2.0,2.0,2.0,22,-17.68048,8.0,12.0,hrl_dqn_apf,hierarchical,dqn,-10.000,3.847,-9.519,0.00,0.00,0.00,-22.157,2.962,-1.444,0.00,0.00,0.00,-19.991,2.829,4.139,0.00,0.00,0.00,4.119,4.119,4.179
2026-02-04 16:12:43,130.39,11,350,361,3.05%,81.03,0.68%,"[0, 5, 10, 15, 20, 25, 30, 35, 40, 45, 50, 55, 60, 65, 70, 75, 80, 85, 90, 95, 100]","[7, 2, 1, 0, 0, 1, 0, 0, 0, 0, 0, 0, 0, 0, 0, 0, 1262, 340, 0, 0]","[0.0043397396156230625, 0.005579665220086794, 0.006199628022318661, 0.006199628022318661, 0.006199628022318661, 0.006819590824550527, 0.006819590824550527, 0.006819590824550527, 0.006819590824550527, 0.006819590824550527, 0.006819590824550527, 0.006819590824550527, 0.006819590824550527, 0.006819590824550527, 0.006819590824550527, 0.006819590824550527, 0.7892126472411656, 1.0, 1.0, 1.0]",4.0,2.0,2.0,2.0,2.0,17,-17.51951,8.0,6.0,hrl_dqn_apf,hierarchical,dqn,-10.000,4.240,-9.520,0.00,0.00,0.00,-22.158,3.355,-1.446,0.00,0.00,0.00,-19.991,3.224,4.122,0.00,0.00,0.00,4.116,4.116,4.176
2026-02-04 16:12:44,131.39,10,353,363,2.75%,81.39,0.62%,"[0, 5, 10, 15, 20, 25, 30, 35, 40, 45, 50, 55, 60, 65, 70, 75, 80, 85, 90, 95, 100]","[6, 3, 0, 1, 0, 0, 1, 0, 0, 0, 0, 0, 0, 0, 0, 0, 1260, 342, 0, 0]","[0.0037197768133911966, 0.005579665220086794, 0.005579665220086794, 0.006199628022318661, 0.006199628022318661, 0.006199628022318661, 0.006819590824550527, 0.006819590824550527, 0.006819590824550527, 0.006819590824550527, 0.006819590824550527, 0.006819590824550527, 0.006819590824550527, 0.006819590824550527, 0.006819590824550527, 0.006819590824550527, 0.7879727216367018, 1.0, 1.0, 1.0]",4.0,2.0,2.0,2.0,2.0,8,-11.360109999999999,8.0,-6.0,hrl_dqn_apf,hierarchical,dqn,-10.000,5.033,-9.520,0.00,0.00,0.00,-22.158,4.149,-1.446,0.00,0.00,0.00,-19.991,4.017,4.115,0.00,0.00,0.00,4.113,4.113,4.173
2026-02-04 16:12:45,132.39,10,355,365,2.74%,81.57,0.62%,"[0, 5, 10, 15, 20, 25, 30, 35, 40, 45, 50, 55, 60, 65, 70, 75, 80, 85, 90, 95, 100]","[5, 4, 0, 1, 0, 0, 1, 0, 0, 0, 0, 0, 0, 0, 0, 0, 1258, 344, 0, 0]","[0.0030998140111593306, 0.005579665220086794, 0.005579665220086794, 0.006199628022318661, 0.006199628022318661, 0.006199628022318661, 0.006819590824550527, 0.006819590824550527, 0.006819590824550527, 0.006819590824550527, 0.006819590824550527, 0.006819590824550527, 0.006819590824550527, 0.006819590824550527, 0.006819590824550527, 0.006819590824550527, 0.7867327960322381, 1.0, 1.0, 1.0]",4.0,2.0,2.0,2.0,2.0,8,-11.360109999999999,8.0,-6.0,hrl_dqn_apf,hierarchical,dqn,-10.000,5.430,-9.520,0.00,0.00,0.00,-22.158,4.544,-1.446,0.00,0.00,0.00,-19.991,4.415,4.115,0.00,0.00,0.00,4.110,4.110,4.170
2026-02-04 16:12:46,133.40,10,359,369,2.71%,81.75,0.62%,"[0, 5, 10, 15, 20, 25, 30, 35, 40, 45, 50, 55, 60, 65, 70, 75, 80, 85, 90, 95, 100]","[4, 5, 0, 1, 0, 0, 1, 0, 0, 0, 0, 0, 0, 0, 0, 0, 1256, 8, 338, 0]","[0.0024798512089274642, 0.005579665220086794, 0.005579665220086794, 0.006199628022318661, 0.006199628022318661, 0.006199628022318661, 0.006819590824550527, 0.006819590824550527, 0.006819590824550527, 0.006819590824550527, 0.006819590824550527, 0.006819590824550527, 0.006819590824550527, 0.006819590824550527, 0.006819590824550527, 0.006819590824550527, 0.7854928704277744, 0.7904525728456293, 1.0, 1.0]",4.0,2.0,2.0,2.0,2.0,19,-5.197990000000001,8.0,6.0,hrl_dqn_apf,hierarchical,dqn,-10.000,5.836,-9.520,0.00,0.00,0.00,-22.158,4.952,-1.446,0.00,0.00,0.00,-19.991,4.821,4.114,0.00,0.00,0.00,4.107,4.107,4.167
2026-02-04 16:12:47,134.40,10,359,369,2.71%,81.93,0.62%,"[0, 5, 10, 15, 20, 25, 30, 35, 40, 45, 50, 55, 60, 65, 70, 75, 80, 85, 90, 95, 100]","[4, 5, 0, 1, 0, 0, 1, 0, 0, 0, 0, 0, 0, 0, 0, 0, 1256, 8, 338, 0]","[0.0024798512089274642, 0.005579665220086794, 0.005579665220086794, 0.006199628022318661, 0.006199628022318661, 0.006199628022318661, 0.006819590824550527, 0.006819590824550527, 0.006819590824550527, 0.006819590824550527, 0.006819590824550527, 0.006819590824550527, 0.006819590824550527, 0.006819590824550527, 0.006819590824550527, 0.006819590824550527, 0.7854928704277744, 0.7904525728456293, 1.0, 1.0]",4.0,2.0,2.0,2.0,2.0,1,-23.03732,8.0,-12.0,hrl_dqn_apf,hierarchical,dqn,-10.000,6.232,-9.520,0.00,0.00,0.00,-22.158,5.347,-1.446,0.00,0.00,0.00,-19.991,5.216,4.114,0.00,0.00,0.00,4.104,4.104,4.164
2026-02-04 16:12:48,135.41,10,359,369,2.71%,82.26,0.62%,"[0, 5, 10, 15, 20, 25, 30, 35, 40, 45, 50, 55, 60, 65, 70, 75, 80, 85, 90, 95, 100]","[4, 3, 2, 1, 0, 0, 1, 0, 0, 1, 0, 0, 0, 0, 0, 0, 1250, 13, 338, 0]","[0.0024798512089274642, 0.0043397396156230625, 0.005579665220086794, 0.006199628022318661, 0.006199628022318661, 0.006199628022318661, 0.006819590824550527, 0.006819590824550527, 0.006819590824550527, 0.007439553626782393, 0.007439553626782393, 0.007439553626782393, 0.007439553626782393, 0.007439553626782393, 0.007439553626782393, 0.007439553626782393, 0.782393056416615, 0.7904525728456293, 1.0, 1.0]",4.0,2.0,2.0,2.0,2.0,1,-23.03732,8.0,-12.0,hrl_dqn_apf,hierarchical,dqn,-10.621,6.386,-9.520,0.00,0.00,0.00,-22.158,6.140,-1.446,0.00,0.00,0.00,-19.991,6.009,4.114,0.00,0.00,0.00,4.101,4.101,4.161
2026-02-04 16:12:49,136.41,11,362,373,2.95%,82.41,0.68%,"[0, 5, 10, 15, 20, 25, 30, 35, 40, 45, 50, 55, 60, 65, 70, 75, 80, 85, 90, 95, 100]","[5, 2, 3, 0, 1, 0, 0, 1, 0, 0, 0, 0, 0, 0, 0, 0, 1248, 14, 339, 0]","[0.0030998140111593306, 0.0043397396156230625, 0.006199628022318661, 0.006199628022318661, 0.006819590824550527, 0.006819590824550527, 0.006819590824550527, 0.007439553626782393, 0.007439553626782393, 0.007439553626782393, 0.007439553626782393, 0.007439553626782393, 0.007439553626782393, 0.007439553626782393, 0.007439553626782393, 0.007439553626782393, 0.7811531308121513, 0.7898326100433974, 1.0, 1.0]",4.0,2.0,2.0,2.0,2.0,3,-10.87725,8.0,-12.0,hrl_dqn_apf,hierarchical,dqn,-11.314,6.380,-9.520,0.00,0.00,0.00,-22.153,6.476,-1.446,0.00,0.00,0.00,-19.876,6.151,4.114,0.00,0.00,0.00,4.098,4.098,4.158
2026-02-04 16:12:50,137.42,11,362,373,2.95%,82.57,0.68%,"[0, 5, 10, 15, 20, 25, 30, 35, 40, 45, 50, 55, 60, 65, 70, 75, 80, 85, 90, 95, 100]","[6, 0, 4, 0, 1, 0, 0, 1, 0, 0, 1, 0, 0, 0, 0, 0, 1246, 14, 340, 0]","[0.0037197768133911966, 0.0037197768133911966, 0.006199628022318661, 0.006199628022318661, 0.006819590824550527, 0.006819590824550527, 0.006819590824550527, 0.007439553626782393, 0.007439553626782393, 0.007439553626782393, 0.008059516429014259, 0.008059516429014259, 0.008059516429014259, 0.008059516429014259, 0.008059516429014259, 0.008059516429014259, 0.7805331680099195, 0.7892126472411656, 1.0, 1.0]",4.0,2.0,2.0,2.0,2.0,9,-4.7170999999999985,8.0,-6.0,hrl_dqn_apf,hierarchical,dqn,-12.055,6.376,-9.520,0.00,0.00,0.00,-21.837,6.498,-1.446,0.00,0.00,0.00,-19.356,6.154,4.114,0.00,0.00,0.00,4.095,4.095,4.155
2026-02-04 16:12:51,138.42,13,360,373,3.49%,82.67,0.81%,"[0, 5, 10, 15, 20, 25, 30, 35, 40, 45, 50, 55, 60, 65, 70, 75, 80, 85, 90, 95, 100]","[7, 0, 4, 0, 2, 0, 0, 1, 0, 0, 0, 0, 0, 0, 0, 0, 1242, 16, 8, 333]","[0.0043397396156230625, 0.0043397396156230625, 0.006819590824550527, 0.006819590824550527, 0.008059516429014259, 0.008059516429014259, 0.008059516429014259, 0.008679479231246125, 0.008679479231246125, 0.008679479231246125, 0.008679479231246125, 0.008679479231246125, 0.008679479231246125, 0.008679479231246125, 0.008679479231246125, 0.008679479231246125, 0.7786732796032239, 0.7885926844389337, 0.7935523868567886, 1.0]",4.0,2.0,2.0,2.0,2.0,9,-4.7170999999999985,8.0,-6.0,hrl_dqn_apf,hierarchical,dqn,-12.813,6.372,-9.520,0.00,0.00,0.00,-21.209,6.494,-1.446,0.00,0.00,0.00,-18.661,6.149,4.114,0.00,0.00,0.00,4.092,4.092,4.152
2026-02-04 16:12:52,139.43,16,358,374,4.28%,82.81,0.99%,"[0, 5, 10, 15, 20, 25, 30, 35, 40, 45, 50, 55, 60, 65, 70, 75, 80, 85, 90, 95, 100]","[10, 1, 3, 2, 0, 0, 0, 2, 0, 0, 0, 0, 0, 0, 0, 0, 1242, 16, 8, 329]","[0.006199628022318661, 0.006819590824550527, 0.008679479231246125, 0.009919404835709857, 0.009919404835709857, 0.009919404835709857, 0.009919404835709857, 0.011159330440173589, 0.011159330440173589, 0.011159330440173589, 0.011159330440173589, 0.011159330440173589, 0.011159330440173589, 0.011159330440173589, 0.011159330440173589, 0.011159330440173589, 0.7811531308121513, 0.7910725356478612, 0.7960322380657161, 1.0]",4.0,2.0,2.0,2.0,2.0,0,-28.55668,8.0,-12.0,hrl_dqn_apf,hierarchical,dqn,-14.335,6.365,-9.520,0.00,0.00,0.00,-20.306,6.575,-2.034,0.00,0.00,0.00,-17.161,6.140,4.114,0.00,0.00,0.00,4.089,4.089,4.149
2026-02-04 16:12:53,140.43,18,356,374,4.81%,82.84,1.12%,"[0, 5, 10, 15, 20, 25, 30, 35, 40, 45, 50, 55, 60, 65, 70, 75, 80, 85, 90, 95, 100]","[12, 1, 2, 2, 0, 1, 1, 1, 0, 1, 0, 0, 0, 0, 0, 0, 1243, 10, 13, 326]","[0.007439553626782393, 0.008059516429014259, 0.009299442033477991, 0.010539367637941723, 0.010539367637941723, 0.011159330440173589, 0.011779293242405457, 0.012399256044637322, 0.012399256044637322, 0.013019218846869188, 0.013019218846869188, 0.013019218846869188, 0.013019218846869188, 0.013019218846869188, 0.013019218846869188, 0.013019218846869188, 0.7836329820210788, 0.7898326100433974, 0.7978921264724117, 1.0]",4.0,2.0,2.0,2.0,2.0,4,-4.397310000000001,8.0,-12.0,hrl_dqn_apf,hierarchical,dqn,-15.092,6.362,-9.520,0.00,0.00,0.00,-19.810,6.605,-2.307,0.00,0.00,0.00,-16.405,6.137,4.114,0.00,0.00,0.00,4.086,4.086,4.146
2026-02-04 16:12:54,141.43,21,355,376,5.59%,82.91,1.30%,"[0, 5, 10, 15, 20, 25, 30, 35, 40, 45, 50, 55, 60, 65, 70, 75, 80, 85, 90, 95, 100]","[14, 1, 4, 2, 0, 0, 0, 1, 0, 0, 0, 0, 0, 0, 0, 0, 1240, 10, 14, 327]","[0.008679479231246125, 0.009299442033477991, 0.011779293242405457, 0.013019218846869188, 0.013019218846869188, 0.013019218846869188, 0.013019218846869188, 0.013639181649101054, 0.013639181649101054, 0.013639181649101054, 0.013639181649101054, 0.013639181649101054, 0.013639181649101054, 0.013639181649101054, 0.013639181649101054, 0.013639181649101054, 0.782393056416615, 0.7885926844389337, 0.7972721636701798, 1.0]",4.0,2.0,2.0,2.0,2.0,4,-4.397310000000001,8.0,-12.0,hrl_dqn_apf,hierarchical,dqn,-15.853,6.359,-9.520,0.00,0.00,0.00,-19.127,6.605,-2.395,0.00,0.00,0.00,-15.690,6.171,4.161,0.00,0.00,0.00,4.083,4.083,4.143
2026-02-04 16:12:55,142.44,23,355,378,6.08%,82.97,1.43%,"[0, 5, 10, 15, 20, 25, 30, 35, 40, 45, 50, 55, 60, 65, 70, 75, 80, 85, 90, 95, 100]","[13, 2, 2, 6, 0, 0, 0, 0, 1, 0, 1, 0, 0, 0, 0, 0, 1236, 14, 12, 326]","[0.008059516429014259, 0.009299442033477991, 0.010539367637941723, 0.01425914445133292, 0.01425914445133292, 0.01425914445133292, 0.01425914445133292, 0.01425914445133292, 0.014879107253564786, 0.014879107253564786, 0.015499070055796652, 0.015499070055796652, 0.015499070055796652, 0.015499070055796652, 0.015499070055796652, 0.015499070055796652, 0.7817730936143832, 0.7904525728456293, 0.7978921264724117, 1.0]",4.0,2.0,2.0,2.0,2.0,21,-22.23656,8.0,12.0,hrl_dqn_apf,hierarchical,dqn,-16.616,6.356,-9.520,0.00,0.00,0.00,-18.385,6.602,-2.422,0.00,0.00,0.00,-15.358,6.220,4.602,0.00,0.00,0.00,4.080,4.080,4.140
2026-02-04 16:12:56,143.44,25,355,380,6.58%,83.14,1.55%,"[0, 5, 10, 15, 20, 25, 30, 35, 40, 45, 50, 55, 60, 65, 70, 75, 80, 85, 90, 95, 100]","[12, 7, 2, 4, 0, 0, 0, 0, 2, 0, 0, 2, 0, 0, 0, 0, 1236, 8, 16, 324]","[0.007439553626782393, 0.011779293242405457, 0.013019218846869188, 0.015499070055796652, 0.015499070055796652, 0.015499070055796652, 0.015499070055796652, 0.015499070055796652, 0.016738995660260384, 0.016738995660260384, 0.016738995660260384, 0.017978921264724116, 0.017978921264724116, 0.017978921264724116, 0.017978921264724116, 0.017978921264724116, 0.7842529448233106, 0.7892126472411656, 0.7991320520768754, 1.0]",4.0,2.0,2.0,2.0,2.0,1,-22.07604,8.0,-12.0,hrl_dqn_apf,hierarchical,dqn,-18.140,6.350,-9.520,0.00,0.00,0.00,-16.868,6.596,-2.433,0.00,0.00,0.00,-15.222,6.220,6.007,0.00,0.00,0.00,4.077,4.077,4.137
2026-02-04 16:12:57,144.44,28,354,382,7.33%,83.20,1.74%,"[0, 5, 10, 15, 20, 25, 30, 35, 40, 45, 50, 55, 60, 65, 70, 75, 80, 85, 90, 95, 100]","[12, 8, 2, 5, 1, 0, 0, 0, 1, 0, 0, 0, 1, 1, 0, 0, 1235, 9, 16, 322]","[0.007439553626782393, 0.012399256044637322, 0.013639181649101054, 0.016738995660260384, 0.01735895846249225, 0.01735895846249225, 0.01735895846249225, 0.01735895846249225, 0.017978921264724116, 0.017978921264724116, 0.017978921264724116, 0.017978921264724116, 0.018598884066955982, 0.019218846869187848, 0.019218846869187848, 0.019218846869187848, 0.7848729076255425, 0.7904525728456293, 0.8003719776813392, 1.0]",4.0,2.0,2.0,2.0,2.0,1,-22.07604,8.0,-12.0,hrl_dqn_apf,hierarchical,dqn,-18.903,6.347,-9.520,0.00,0.00,0.00,-16.115,6.606,-2.434,0.00,0.00,0.00,-15.331,6.278,6.646,0.00,0.00,0.00,4.074,4.074,4.134
2026-02-04 16:12:58,145.44,30,354,384,7.81%,83.27,1.86%,"[0, 5, 10, 15, 20, 25, 30, 35, 40, 45, 50, 55, 60, 65, 70, 75, 80, 85, 90, 95, 100]","[10, 12, 2, 3, 3, 0, 1, 0, 1, 0, 0, 0, 0, 0, 0, 0, 1235, 9, 10, 327]","[0.006199628022318661, 0.013639181649101054, 0.014879107253564786, 0.016738995660260384, 0.018598884066955982, 0.018598884066955982, 0.019218846869187848, 0.019218846869187848, 0.019838809671419714, 0.019838809671419714, 0.019838809671419714, 0.019838809671419714, 0.019838809671419714, 0.019838809671419714, 0.019838809671419714, 0.019838809671419714, 0.7854928704277744, 0.7910725356478612, 0.7972721636701798, 1.0]",4.0,2.0,2.0,2.0,2.0,15,-27.996029999999998,8.0,6.0,hrl_dqn_apf,hierarchical,dqn,-19.664,6.344,-9.520,0.00,0.00,0.00,-15.983,6.755,-2.434,0.00,0.00,0.00,-15.849,6.307,6.893,0.00,0.00,0.00,4.071,4.071,4.131
2026-02-04 16:12:59,146.45,32,352,384,8.33%,83.37,1.98%,"[0, 5, 10, 15, 20, 25, 30, 35, 40, 45, 50, 55, 60, 65, 70, 75, 80, 85, 90, 95, 100]","[10, 11, 2, 5, 3, 1, 0, 0, 1, 0, 0, 1, 0, 0, 0, 0, 1233, 11, 8, 327]","[0.006199628022318661, 0.013019218846869188, 0.01425914445133292, 0.01735895846249225, 0.019218846869187848, 0.019838809671419714, 0.019838809671419714, 0.019838809671419714, 0.02045877247365158, 0.02045877247365158, 0.02045877247365158, 0.021078735275883446, 0.021078735275883446, 0.021078735275883446, 0.021078735275883446, 0.021078735275883446, 0.7854928704277744, 0.7923124612523249, 0.7972721636701798, 1.0]",4.0,2.0,2.0,2.0,2.0,6,-21.83586,8.0,-6.0,hrl_dqn_apf,hierarchical,dqn,-20.427,6.341,-9.520,0.00,0.00,0.00,-16.467,6.775,-2.434,0.00,0.00,0.00,-16.537,6.316,6.963,0.00,0.00,0.00,4.068,4.068,4.128
2026-02-04 16:13:00,147.46,34,354,388,8.76%,83.63,2.11%,"[0, 5, 10, 15, 20, 25, 30, 35, 40, 45, 50, 55, 60, 65, 70, 75, 80, 85, 90, 95, 100]","[9, 11, 4, 5, 5, 0, 0, 0, 0, 1, 0, 0, 0, 0, 0, 0, 1231, 7, 11, 329]","[0.005579665220086794, 0.012399256044637322, 0.014879107253564786, 0.017978921264724116, 0.021078735275883446, 0.021078735275883446, 0.021078735275883446, 0.021078735275883446, 0.021078735275883446, 0.02169869807811531, 0.02169869807811531, 0.02169869807811531, 0.02169869807811531, 0.02169869807811531, 0.02169869807811531, 0.02169869807811531, 0.7848729076255425, 0.7892126472411656, 0.7960322380657161, 1.0]",4.0,2.0,2.0,2.0,2.0,6,-21.83586,8.0,-6.0,hrl_dqn_apf,hierarchical,dqn,-21.341,6.465,-10.063,0.00,0.00,0.00,-17.888,6.771,-2.434,0.00,0.00,0.00,-17.094,6.397,6.031,0.00,0.00,0.00,4.065,4.065,4.125
2026-02-04 16:13:01,148.46,34,354,388,8.76%,83.77,2.11%,"[0, 5, 10, 15, 20, 25, 30, 35, 40, 45, 50, 55, 60, 65, 70, 75, 80, 85, 90, 95, 100]","[10, 11, 5, 2, 6, 0, 1, 0, 0, 1, 0, 0, 0, 0, 0, 0, 1231, 7, 8, 331]","[0.006199628022318661, 0.013019218846869188, 0.016119032858028518, 0.01735895846249225, 0.021078735275883446, 0.021078735275883446, 0.02169869807811531, 0.02169869807811531, 0.02169869807811531, 0.022318660880347178, 0.022318660880347178, 0.022318660880347178, 0.022318660880347178, 0.022318660880347178, 0.022318660880347178, 0.022318660880347178, 0.7854928704277744, 0.7898326100433974, 0.7947923124612524, 1.0]",4.0,2.0,2.0,2.0,2.0,23,-9.67535,8.0,12.0,hrl_dqn_apf,hierarchical,dqn,-21.420,6.551,-9.896,0.00,0.00,0.00,-18.662,6.768,-2.434,0.00,0.00,0.00,-17.137,6.394,5.292,0.00,0.00,0.00,4.062,4.062,4.122
2026-02-04 16:13:02,149.46,35,353,388,9.02%,83.91,2.17%,"[0, 5, 10, 15, 20, 25, 30, 35, 40, 45, 50, 55, 60, 65, 70, 75, 80, 85, 90, 95, 100]","[10, 8, 8, 2, 6, 1, 1, 0, 0, 1, 0, 0, 0, 0, 0, 0, 1225, 12, 9, 330]","[0.006199628022318661, 0.011159330440173589, 0.016119032858028518, 0.01735895846249225, 0.021078735275883446, 0.02169869807811531, 0.022318660880347178, 0.022318660880347178, 0.022318660880347178, 0.022938623682579044, 0.022938623682579044, 0.022938623682579044, 0.022938623682579044, 0.022938623682579044, 0.022938623682579044, 0.022938623682579044, 0.782393056416615, 0.7898326100433974, 0.7954122752634842, 1.0]",4.0,2.0,2.0,2.0,2.0,23,-9.67535,8.0,12.0,hrl_dqn_apf,hierarchical,dqn,-21.444,6.557,-9.307,0.00,0.00,0.00,-19.424,6.765,-2.434,0.00,0.00,0.00,-17.150,6.391,4.539,0.00,0.00,0.00,4.059,4.059,4.119
2026-02-04 16:13:03,150.47,35,353,388,9.02%,84.05,2.17%,"[0, 5, 10, 15, 20, 25, 30, 35, 40, 45, 50, 55, 60, 65, 70, 75, 80, 85, 90, 95, 100]","[10, 6, 10, 2, 3, 4, 1, 0, 1, 1, 0, 0, 0, 0, 0, 0, 1223, 14, 9, 329]","[0.006199628022318661, 0.009919404835709857, 0.016119032858028518, 0.01735895846249225, 0.019218846869187848, 0.02169869807811531, 0.022318660880347178, 0.022318660880347178, 0.022938623682579044, 0.023558586484810913, 0.023558586484810913, 0.023558586484810913, 0.023558586484810913, 0.023558586484810913, 0.023558586484810913, 0.023558586484810913, 0.7817730936143832, 0.7904525728456293, 0.7960322380657161, 1.0]",4.0,2.0,2.0,2.0,2.0,21,-21.51596,8.0,12.0,hrl_dqn_apf,hierarchical,dqn,-21.452,6.555,-8.595,0.00,0.00,0.00,-19.983,6.836,-2.229,0.00,0.00,0.00,-17.162,6.399,3.789,0.00,0.00,0.00,4.056,4.056,4.116
2026-02-04 16:13:04,151.47,36,354,390,9.23%,84.32,2.23%,"[0, 5, 10, 15, 20, 25, 30, 35, 40, 45, 50, 55, 60, 65, 70, 75, 80, 85, 90, 95, 100]","[12, 5, 9, 2, 3, 5, 1, 0, 0, 0, 2, 1, 0, 0, 0, 0, 1219, 14, 7, 333]","[0.007439553626782393, 0.010539367637941723, 0.016119032858028518, 0.01735895846249225, 0.019218846869187848, 0.022318660880347178, 0.022938623682579044, 0.022938623682579044, 0.022938623682579044, 0.022938623682579044, 0.02417854928704278, 0.024798512089274645, 0.024798512089274645, 0.024798512089274645, 0.024798512089274645, 0.024798512089274645, 0.7805331680099195, 0.7892126472411656, 0.7935523868567886, 1.0]",4.0,2.0,2.0,2.0,2.0,6,-21.19443,8.0,-6.0,hrl_dqn_apf,hierarchical,dqn,-21.454,6.549,-7.091,0.00,0.00,0.00,-20.239,6.851,-0.942,0.00,0.00,0.00,-18.134,6.476,3.223,0.00,0.00,0.00,4.053,4.053,4.113
2026-02-04 16:13:05,152.47,37,353,390,9.49%,84.43,2.29%,"[0, 5, 10, 15, 20, 25, 30, 35, 40, 45, 50, 55, 60, 65, 70, 75, 80, 85, 90, 95, 100]","[11, 7, 6, 5, 3, 5, 0, 2, 0, 0, 1, 0, 1, 0, 0, 0, 1217, 16, 7, 332]","[0.006819590824550527, 0.011159330440173589, 0.014879107253564786, 0.017978921264724116, 0.019838809671419714, 0.022938623682579044, 0.022938623682579044, 0.02417854928704278, 0.02417854928704278, 0.02417854928704278, 0.024798512089274645, 0.024798512089274645, 0.02541847489150651, 0.02541847489150651, 0.02541847489150651, 0.02541847489150651, 0.7799132052076876, 0.7898326100433974, 0.7941723496590205, 1.0]",4.0,2.0,2.0,2.0,2.0,6,-21.19443,8.0,-6.0,hrl_dqn_apf,hierarchical,dqn,-21.454,6.545,-6.332,0.00,0.00,0.00,-20.260,6.864,-0.205,0.00,0.00,0.00,-18.690,6.537,3.286,0.00,0.00,0.00,4.050,4.050,4.110
2026-02-04 16:13:06,153.47,38,353,391,9.72%,84.59,2.36%,"[0, 5, 10, 15, 20, 25, 30, 35, 40, 45, 50, 55, 60, 65, 70, 75, 80, 85, 90, 95, 100]","[12, 5, 7, 6, 2, 6, 0, 2, 0, 0, 1, 0, 0, 0, 0, 0, 1217, 16, 7, 332]","[0.007439553626782393, 0.010539367637941723, 0.014879107253564786, 0.018598884066955982, 0.019838809671419714, 0.023558586484810913, 0.023558586484810913, 0.024798512089274645, 0.024798512089274645, 0.024798512089274645, 0.02541847489150651, 0.02541847489150651, 0.02541847489150651, 0.02541847489150651, 0.02541847489150651, 0.02541847489150651, 0.7799132052076876, 0.7898326100433974, 0.7941723496590205, 1.0]",4.0,2.0,2.0,2.0,2.0,22,-15.11458,8.0,12.0,hrl_dqn_apf,hierarchical,dqn,-21.454,6.542,-5.569,0.00,0.00,0.00,-20.410,7.036,-0.044,0.00,0.00,0.00,-18.697,6.546,3.743,0.00,0.00,0.00,4.049,4.049,4.109
2026-02-04 16:13:07,154.48,38,353,391,9.72%,84.68,2.36%,"[0, 5, 10, 15, 20, 25, 30, 35, 40, 45, 50, 55, 60, 65, 70, 75, 80, 85, 90, 95, 100]","[10, 7, 5, 8, 2, 6, 0, 2, 0, 0, 1, 3, 0, 0, 0, 0, 1217, 10, 12, 330]","[0.006199628022318661, 0.010539367637941723, 0.013639181649101054, 0.018598884066955982, 0.019838809671419714, 0.023558586484810913, 0.023558586484810913, 0.024798512089274645, 0.024798512089274645, 0.024798512089274645, 0.02541847489150651, 0.02727836329820211, 0.02727836329820211, 0.02727836329820211, 0.02727836329820211, 0.02727836329820211, 0.7817730936143832, 0.7879727216367018, 0.7954122752634842, 1.0]",4.0,2.0,2.0,2.0,2.0,22,-15.11458,8.0,12.0,hrl_dqn_apf,hierarchical,dqn,-10.000,0.058,-0.759,0.00,0.00,0.00,-14.300,-0.009,-0.589,0.00,0.00,0.00,-20.109,-0.005,-0.590,0.00,0.00,0.00,4.049,4.049,4.109
2026-02-04 16:13:08,155.48,38,357,395,9.62%,84.96,2.36%,"[0, 5, 10, 15, 20, 25, 30, 35, 40, 45, 50, 55, 60, 65, 70, 75, 80, 85, 90, 95, 100]","[9, 9, 6, 7, 4, 3, 3, 2, 0, 0, 1, 0, 0, 0, 0, 0, 1211, 14, 14, 330]","[0.005579665220086794, 0.011159330440173589, 0.014879107253564786, 0.019218846869187848, 0.02169869807811531, 0.023558586484810913, 0.02541847489150651, 0.026658400495970243, 0.026658400495970243, 0.026658400495970243, 0.02727836329820211, 0.02727836329820211, 0.02727836329820211, 0.02727836329820211, 0.02727836329820211, 0.02727836329820211, 0.778053316800992, 0.7867327960322381, 0.7954122752634842, 1.0]",4.0,2.0,2.0,2.0,2.0,22,-15.11458,8.0,12.0,hrl_dqn_apf,hierarchical,dqn,-10.000,0.381,-0.759,0.00,0.00,0.00,-14.300,0.029,-0.589,0.00,0.00,0.00,-20.109,0.033,-0.590,0.00,0.00,0.00,4.200,4.200,4.200
2026-02-04 16:13:09,156.48,37,358,395,9.37%,85.15,2.29%,"[0, 5, 10, 15, 20, 25, 30, 35, 40, 45, 50, 55, 60, 65, 70, 75, 80, 85, 90, 95, 100]","[8, 9, 6, 8, 3, 3, 4, 2, 0, 0, 0, 1, 0, 0, 0, 0, 1211, 10, 16, 332]","[0.0049597024178549285, 0.010539367637941723, 0.01425914445133292, 0.019218846869187848, 0.021078735275883446, 0.022938623682579044, 0.02541847489150651, 0.026658400495970243, 0.026658400495970243, 0.026658400495970243, 0.026658400495970243, 0.02727836329820211, 0.02727836329820211, 0.02727836329820211, 0.02727836329820211, 0.02727836329820211, 0.778053316800992, 0.7842529448233106, 0.7941723496590205, 1.0]",4.0,2.0,2.0,2.0,2.0,22,-15.11458,8.0,12.0,hrl_dqn_apf,hierarchical,dqn,-10.000,0.751,-0.759,0.00,0.00,0.00,-14.300,0.029,-0.589,0.00,0.00,0.00,-20.109,0.033,-0.590,0.00,0.00,0.00,4.200,4.200,4.200
2026-02-04 16:13:10,157.49,36,357,393,9.16%,85.35,2.23%,"[0, 5, 10, 15, 20, 25, 30, 35, 40, 45, 50, 55, 60, 65, 70, 75, 80, 85, 90, 95, 100]","[7, 8, 7, 6, 6, 2, 5, 0, 2, 0, 0, 1, 0, 0, 0, 0, 1211, 8, 16, 334]","[0.0043397396156230625, 0.009299442033477991, 0.013639181649101054, 0.01735895846249225, 0.021078735275883446, 0.022318660880347178, 0.02541847489150651, 0.02541847489150651, 0.026658400495970243, 0.026658400495970243, 0.026658400495970243, 0.02727836329820211, 0.02727836329820211, 0.02727836329820211, 0.02727836329820211, 0.02727836329820211, 0.778053316800992, 0.7830130192188469, 0.7929324240545568, 1.0]",4.0,2.0,2.0,2.0,2.0,22,-15.11458,8.0,12.0,hrl_dqn_apf,hierarchical,dqn,-10.000,1.139,-0.759,0.00,0.00,0.00,-14.300,0.029,-0.589,0.00,0.00,0.00,-20.109,0.033,-0.590,0.00,0.00,0.00,4.200,4.200,4.200
2026-02-04 16:13:11,158.49,35,364,399,8.77%,85.54,2.17%,"[0, 5, 10, 15, 20, 25, 30, 35, 40, 45, 50, 55, 60, 65, 70, 75, 80, 85, 90, 95, 100]","[7, 8, 6, 6, 6, 2, 6, 0, 2, 0, 0, 1, 0, 0, 0, 0, 1210, 9, 16, 334]","[0.0043397396156230625, 0.009299442033477991, 0.013019218846869188, 0.016738995660260384, 0.02045877247365158, 0.02169869807811531, 0.02541847489150651, 0.02541847489150651, 0.026658400495970243, 0.026658400495970243, 0.026658400495970243, 0.02727836329820211, 0.02727836329820211, 0.02727836329820211, 0.02727836329820211, 0.02727836329820211, 0.7774333539987601, 0.7830130192188469, 0.7929324240545568, 1.0]",4.0,2.0,2.0,2.0,2.0,22,-15.11458,8.0,12.0,hrl_dqn_apf,hierarchical,dqn,-10.000,1.534,-0.759,0.00,0.00,0.00,-14.300,0.029,-0.589,0.00,0.00,0.00,-20.109,0.033,-0.590,0.00,0.00,0.00,4.200,4.200,4.200
2026-02-04 16:13:12,159.49,35,364,399,8.77%,85.93,2.17%,"[0, 5, 10, 15, 20, 25, 30, 35, 40, 45, 50, 55, 60, 65, 70, 75, 80, 85, 90, 95, 100]","[4, 7, 8, 6, 8, 2, 6, 0, 2, 0, 0, 1, 0, 0, 0, 0, 1210, 9, 8, 342]","[0.0024798512089274642, 0.006819590824550527, 0.011779293242405457, 0.015499070055796652, 0.02045877247365158, 0.02169869807811531, 0.02541847489150651, 0.02541847489150651, 0.026658400495970243, 0.026658400495970243, 0.026658400495970243, 0.02727836329820211, 0.02727836329820211, 0.02727836329820211, 0.02727836329820211, 0.02727836329820211, 0.7774333539987601, 0.7830130192188469, 0.7879727216367018, 1.0]",4.0,2.0,2.0,2.0,2.0,22,-15.11458,8.0,12.0,hrl_dqn_apf,hierarchical,dqn,-10.000,1.534,-0.717,0.00,0.00,0.00,-14.300,0.029,-0.589,0.00,0.00,0.00,-20.109,0.033,-0.590,0.00,0.00,0.00,4.200,4.200,4.200
2026-02-04 16:13:13,160.49,36,367,403,8.93%,86.08,2.23%,"[0, 5, 10, 15, 20, 25, 30, 35, 40, 45, 50, 55, 60, 65, 70, 75, 80, 85, 90, 95, 100]","[4, 5, 9, 6, 7, 5, 3, 3, 2, 0, 0, 1, 0, 0, 0, 0, 1206, 7, 14, 341]","[0.0024798512089274642, 0.005579665220086794, 0.011159330440173589, 0.014879107253564786, 0.019218846869187848, 0.022318660880347178, 0.02417854928704278, 0.026038437693738377, 0.02727836329820211, 0.02727836329820211, 0.02727836329820211, 0.027898326100433975, 0.027898326100433975, 0.027898326100433975, 0.027898326100433975, 0.027898326100433975, 0.7755734655920645, 0.7799132052076876, 0.7885926844389337, 1.0]",4.0,2.0,2.0,2.0,2.0,22,-15.11458,8.0,12.0,hrl_dqn_apf,hierarchical,dqn,-10.000,1.511,-0.282,0.00,0.00,0.00,-14.300,0.062,-0.589,0.00,0.00,0.00,-20.109,0.033,-0.590,0.00,0.00,0.00,4.200,4.200,4.200
2026-02-04 16:13:14,161.50,35,370,405,8.64%,86.26,2.17%,"[0, 5, 10, 15, 20, 25, 30, 35, 40, 45, 50, 55, 60, 65, 70, 75, 80, 85, 90, 95, 100]","[5, 4, 9, 7, 7, 3, 4, 3, 2, 0, 0, 1, 0, 0, 0, 0, 1206, 7, 12, 343]","[0.0030998140111593306, 0.005579665220086794, 0.011159330440173589, 0.015499070055796652, 0.019838809671419714, 0.02169869807811531, 0.02417854928704278, 0.026038437693738377, 0.02727836329820211, 0.02727836329820211, 0.02727836329820211, 0.027898326100433975, 0.027898326100433975, 0.027898326100433975, 0.027898326100433975, 0.027898326100433975, 0.7755734655920645, 0.7799132052076876, 0.78735275883447, 1.0]",4.0,2.0,2.0,2.0,2.0,22,-15.11458,8.0,12.0,hrl_dqn_apf,hierarchical,dqn,-10.000,1.492,0.386,0.00,0.00,0.00,-14.300,0.410,-0.589,0.00,0.00,0.00,-20.109,0.033,-0.590,0.00,0.00,0.00,4.200,4.200,4.200
2026-02-04 16:13:15,162.50,35,370,405,8.64%,86.42,2.17%,"[0, 5, 10, 15, 20, 25, 30, 35, 40, 45, 50, 55, 60, 65, 70, 75, 80, 85, 90, 95, 100]","[5, 3, 9, 6, 6, 6, 2, 5, 0, 2, 1, 0, 1, 0, 0, 0, 1206, 7, 8, 346]","[0.0030998140111593306, 0.0049597024178549285, 0.010539367637941723, 0.01425914445133292, 0.017978921264724116, 0.02169869807811531, 0.022938623682579044, 0.026038437693738377, 0.026038437693738377, 0.02727836329820211, 0.027898326100433975, 0.027898326100433975, 0.02851828890266584, 0.02851828890266584, 0.02851828890266584, 0.02851828890266584, 0.7761934283942964, 0.7805331680099195, 0.7854928704277744, 1.0]",4.0,2.0,2.0,2.0,2.0,22,-15.11458,8.0,12.0,hrl_dqn_apf,hierarchical,dqn,-10.000,1.474,0.904,0.00,0.00,0.00,-14.300,0.796,-0.589,0.00,0.00,0.00,-20.109,0.033,-0.590,0.00,0.00,0.00,4.200,4.200,4.200
2026-02-04 16:13:16,163.50,35,370,405,8.64%,86.78,2.17%,"[0, 5, 10, 15, 20, 25, 30, 35, 40, 45, 50, 55, 60, 65, 70, 75, 80, 85, 90, 95, 100]","[6, 0, 9, 7, 5, 8, 2, 6, 0, 2, 0, 0, 1, 0, 0, 0, 1198, 14, 9, 346]","[0.0037197768133911966, 0.0037197768133911966, 0.009299442033477991, 0.013639181649101054, 0.016738995660260384, 0.02169869807811531, 0.022938623682579044, 0.026658400495970243, 0.026658400495970243, 0.027898326100433975, 0.027898326100433975, 0.027898326100433975, 0.02851828890266584, 0.02851828890266584, 0.02851828890266584, 0.02851828890266584, 0.7712337259764415, 0.7799132052076876, 0.7854928704277744, 1.0]",4.0,2.0,2.0,2.0,2.0,22,-15.11458,8.0,12.0,hrl_dqn_apf,hierarchical,dqn,-10.000,1.475,0.461,0.00,0.00,0.00,-14.300,1.560,-0.589,0.00,0.00,0.00,-20.109,0.033,-0.590,0.00,0.00,0.00,4.200,4.200,4.200
2026-02-04 16:13:17,164.51,35,372,407,8.60%,86.99,2.17%,"[0, 5, 10, 15, 20, 25, 30, 35, 40, 45, 50, 55, 60, 65, 70, 75, 80, 85, 90, 95, 100]","[6, 0, 8, 7, 6, 8, 2, 6, 0, 2, 0, 0, 1, 0, 0, 0, 1198, 14, 9, 346]","[0.0037197768133911966, 0.0037197768133911966, 0.008679479231246125, 0.013019218846869188, 0.016738995660260384, 0.02169869807811531, 0.022938623682579044, 0.026658400495970243, 0.026658400495970243, 0.027898326100433975, 0.027898326100433975, 0.027898326100433975, 0.02851828890266584, 0.02851828890266584, 0.02851828890266584, 0.02851828890266584, 0.7712337259764415, 0.7799132052076876, 0.7854928704277744, 1.0]",4.0,2.0,2.0,2.0,2.0,22,-15.11458,8.0,12.0,hrl_dqn_apf,hierarchical,dqn,-10.000,1.482,0.435,0.00,0.00,0.00,-14.303,1.521,-0.595,0.00,0.00,0.00,-20.109,0.033,-0.590,0.00,0.00,0.00,4.200,4.200,4.200
2026-02-04 16:13:18,165.51,34,373,407,8.35%,87.18,2.11%,"[0, 5, 10, 15, 20, 25, 30, 35, 40, 45, 50, 55, 60, 65, 70, 75, 80, 85, 90, 95, 100]","[5, 1, 7, 8, 5, 8, 3, 3, 3, 2, 0, 0, 1, 0, 0, 0, 1194, 16, 5, 352]","[0.0030998140111593306, 0.0037197768133911966, 0.008059516429014259, 0.013019218846869188, 0.016119032858028518, 0.021078735275883446, 0.022938623682579044, 0.024798512089274645, 0.026658400495970243, 0.027898326100433975, 0.027898326100433975, 0.027898326100433975, 0.02851828890266584, 0.02851828890266584, 0.02851828890266584, 0.02851828890266584, 0.768753874767514, 0.7786732796032239, 0.7817730936143832, 1.0]",4.0,2.0,2.0,2.0,2.0,22,-15.11458,8.0,12.0,hrl_dqn_apf,hierarchical,dqn,-10.000,1.465,0.929,0.00,0.00,0.00,-14.437,1.534,-0.893,0.00,0.00,0.00,-20.109,0.033,-0.590,0.00,0.00,0.00,4.200,4.200,4.200
2026-02-04 16:13:19,166.51,33,374,407,8.11%,87.39,2.05%,"[0, 5, 10, 15, 20, 25, 30, 35, 40, 45, 50, 55, 60, 65, 70, 75, 80, 85, 90, 95, 100]","[5, 1, 5, 8, 7, 7, 3, 4, 3, 2, 0, 0, 1, 0, 0, 0, 1192, 16, 7, 352]","[0.0030998140111593306, 0.0037197768133911966, 0.006819590824550527, 0.011779293242405457, 0.016119032858028518, 0.02045877247365158, 0.022318660880347178, 0.024798512089274645, 0.026658400495970243, 0.027898326100433975, 0.027898326100433975, 0.027898326100433975, 0.02851828890266584, 0.02851828890266584, 0.02851828890266584, 0.02851828890266584, 0.7675139491630503, 0.7774333539987601, 0.7817730936143832, 1.0]",4.0,2.0,2.0,2.0,2.0,22,-15.11458,8.0,12.0,hrl_dqn_apf,hierarchical,dqn,-10.000,1.439,1.599,0.00,0.00,0.00,-14.696,1.547,-1.463,0.00,0.00,0.00,-20.109,0.126,-0.590,0.00,0.00,0.00,4.200,4.200,4.200
2026-02-04 16:13:20,167.51,31,377,408,7.60%,87.69,1.92%,"[0, 5, 10, 15, 20, 25, 30, 35, 40, 45, 50, 55, 60, 65, 70, 75, 80, 85, 90, 95, 100]","[7, 1, 3, 8, 7, 5, 6, 2, 5, 0, 2, 0, 0, 1, 0, 0, 1192, 12, 11, 351]","[0.0043397396156230625, 0.0049597024178549285, 0.006819590824550527, 0.011779293242405457, 0.016119032858028518, 0.019218846869187848, 0.022938623682579044, 0.02417854928704278, 0.02727836329820211, 0.02727836329820211, 0.02851828890266584, 0.02851828890266584, 0.02851828890266584, 0.029138251704897707, 0.029138251704897707, 0.029138251704897707, 0.7681339119652821, 0.7755734655920645, 0.782393056416615, 1.0]",4.0,2.0,2.0,2.0,2.0,22,-15.11458,8.0,12.0,hrl_dqn_apf,hierarchical,dqn,-10.000,1.427,1.648,0.00,0.00,0.00,-14.979,1.527,-2.080,0.00,0.00,0.00,-20.109,0.861,-0.590,0.00,0.00,0.00,4.200,4.200,4.200
2026-02-04 16:13:21,168.52,31,377,408,7.60%,87.89,1.92%,"[0, 5, 10, 15, 20, 25, 30, 35, 40, 45, 50, 55, 60, 65, 70, 75, 80, 85, 90, 95, 100]","[7, 1, 3, 8, 5, 7, 6, 2, 5, 0, 2, 0, 0, 1, 0, 0, 1192, 8, 14, 352]","[0.0043397396156230625, 0.0049597024178549285, 0.006819590824550527, 0.011779293242405457, 0.014879107253564786, 0.019218846869187848, 0.022938623682579044, 0.02417854928704278, 0.02727836329820211, 0.02727836329820211, 0.02851828890266584, 0.02851828890266584, 0.02851828890266584, 0.029138251704897707, 0.029138251704897707, 0.029138251704897707, 0.7681339119652821, 0.7730936143831371, 0.7817730936143832, 1.0]",4.0,2.0,2.0,2.0,2.0,22,-15.11458,8.0,12.0,hrl_dqn_apf,hierarchical,dqn,-10.000,1.443,1.350,0.00,0.00,0.00,-14.845,1.533,-1.788,0.00,0.00,0.00,-20.109,1.251,-0.590,0.00,0.00,0.00,4.200,4.200,4.200
2026-02-04 16:13:22,169.52,29,379,408,7.11%,88.09,1.80%,"[0, 5, 10, 15, 20, 25, 30, 35, 40, 45, 50, 55, 60, 65, 70, 75, 80, 85, 90, 95, 100]","[7, 1, 0, 9, 7, 5, 8, 2, 5, 0, 2, 0, 0, 1, 0, 0, 1186, 14, 14, 352]","[0.0043397396156230625, 0.0049597024178549285, 0.0049597024178549285, 0.010539367637941723, 0.014879107253564786, 0.017978921264724116, 0.022938623682579044, 0.02417854928704278, 0.02727836329820211, 0.02727836329820211, 0.02851828890266584, 0.02851828890266584, 0.02851828890266584, 0.029138251704897707, 0.029138251704897707, 0.029138251704897707, 0.7644141351518909, 0.7730936143831371, 0.7817730936143832, 1.0]",4.0,2.0,2.0,2.0,2.0,22,-15.11458,8.0,12.0,hrl_dqn_apf,hierarchical,dqn,-10.000,1.448,1.262,0.00,0.00,0.00,-14.745,1.547,-1.575,0.00,0.00,0.00,-20.109,1.567,-0.590,0.00,0.00,0.00,4.200,4.200,4.200
2026-02-04 16:13:23,170.52,28,382,410,6.83%,88.29,1.74%,"[0, 5, 10, 15, 20, 25, 30, 35, 40, 45, 50, 55, 60, 65, 70, 75, 80, 85, 90, 95, 100]","[5, 3, 0, 7, 8, 5, 8, 3, 2, 3, 2, 0, 0, 1, 0, 0, 1186, 12, 14, 354]","[0.0030998140111593306, 0.0049597024178549285, 0.0049597024178549285, 0.009299442033477991, 0.01425914445133292, 0.01735895846249225, 0.022318660880347178, 0.02417854928704278, 0.02541847489150651, 0.02727836329820211, 0.02851828890266584, 0.02851828890266584, 0.02851828890266584, 0.029138251704897707, 0.029138251704897707, 0.029138251704897707, 0.7644141351518909, 0.7718536887786733, 0.7805331680099195, 1.0]",4.0,2.0,2.0,2.0,2.0,22,-15.11458,8.0,12.0,hrl_dqn_apf,hierarchical,dqn,-10.000,1.418,1.519,0.00,0.00,0.00,-14.814,1.567,-1.730,0.00,0.00,0.00,-20.106,1.509,-0.583,0.00,0.00,0.00,4.200,4.200,4.200
2026-02-04 16:13:24,171.53,27,385,412,6.55%,88.62,1.67%,"[0, 5, 10, 15, 20, 25, 30, 35, 40, 45, 50, 55, 60, 65, 70, 75, 80, 85, 90, 95, 100]","[5, 2, 2, 3, 10, 5, 8, 4, 2, 4, 2, 0, 0, 0, 1, 0, 1185, 9, 16, 355]","[0.0030998140111593306, 0.0043397396156230625, 0.005579665220086794, 0.007439553626782393, 0.013639181649101054, 0.016738995660260384, 0.02169869807811531, 0.02417854928704278, 0.02541847489150651, 0.027898326100433975, 0.029138251704897707, 0.029138251704897707, 0.029138251704897707, 0.029138251704897707, 0.029758214507129573, 0.029758214507129573, 0.7644141351518909, 0.7699938003719777, 0.7799132052076876, 1.0]",4.0,2.0,2.0,2.0,2.0,22,-15.11458,8.0,12.0,hrl_dqn_apf,hierarchical,dqn,-10.000,1.379,2.842,0.00,0.00,0.00,-15.349,1.599,-2.907,0.00,0.00,0.00,-19.705,1.395,0.304,0.00,0.00,0.00,4.200,4.200,4.200
2026-02-04 16:13:25,172.53,0,354,354,0.00%,80.00,0.00%,"[0, 5, 10, 15, 20, 25, 30, 35, 40, 45, 50, 55, 60, 65, 70, 75, 80, 85, 90, 95, 100]","[0, 0, 0, 0, 0, 0, 0, 0, 0, 0, 0, 0, 0, 0, 0, 0, 1613, 0, 0, 0]","[0.0, 0.0, 0.0, 0.0, 0.0, 0.0, 0.0, 0.0, 0.0, 0.0, 0.0, 0.0, 0.0, 0.0, 0.0, 0.0, 1.0, 1.0, 1.0, 1.0]",4.0,2.0,2.0,2.0,2.0,22,-15.11458,8.0,12.0,hrl_dqn_apf,hierarchical,dqn,-10.000,1.371,3.608,0.00,0.00,0.00,-15.670,1.626,-3.605,0.00,0.00,0.00,-19.394,1.347,0.982,0.00,0.00,0.00,4.200,4.200,4.200
2026-02-04 16:13:26,173.54,0,354,354,0.00%,80.00,0.00%,"[0, 5, 10, 15, 20, 25, 30, 35, 40, 45, 50, 55, 60, 65, 70, 75, 80, 85, 90, 95, 100]","[0, 0, 0, 0, 0, 0, 0, 0, 0, 0, 0, 0, 0, 0, 0, 0, 1613, 0, 0, 0]","[0.0, 0.0, 0.0, 0.0, 0.0, 0.0, 0.0, 0.0, 0.0, 0.0, 0.0, 0.0, 0.0, 0.0, 0.0, 0.0, 1.0, 1.0, 1.0, 1.0]",4.0,2.0,2.0,2.0,2.0,22,-15.11458,8.0,12.0,hrl_dqn_apf,hierarchical,dqn,-10.000,1.366,4.365,0.00,0.00,0.00,-15.988,1.655,-4.298,0.00,0.00,0.00,-19.079,1.306,1.670,0.00,0.00,0.00,4.200,4.200,4.200
2026-02-04 16:13:27,174.54,0,354,354,0.00%,80.00,0.00%,"[0, 5, 10, 15, 20, 25, 30, 35, 40, 45, 50, 55, 60, 65, 70, 75, 80, 85, 90, 95, 100]","[0, 0, 0, 0, 0, 0, 0, 0, 0, 0, 0, 0, 0, 0, 0, 0, 1613, 0, 0, 0]","[0.0, 0.0, 0.0, 0.0, 0.0, 0.0, 0.0, 0.0, 0.0, 0.0, 0.0, 0.0, 0.0, 0.0, 0.0, 0.0, 1.0, 1.0, 1.0, 1.0]",4.0,2.0,2.0,2.0,2.0,22,-15.11458,8.0,12.0,hrl_dqn_apf,hierarchical,dqn,-10.000,1.362,5.127,0.00,0.00,0.00,-16.309,1.685,-4.996,0.00,0.00,0.00,-18.776,1.303,2.327,0.00,0.00,0.00,4.200,4.200,4.200
2026-02-04 16:13:28,175.54,3,349,352,0.85%,80.00,0.19%,"[0, 5, 10, 15, 20, 25, 30, 35, 40, 45, 50, 55, 60, 65, 70, 75, 80, 85, 90, 95, 100]","[3, 0, 0, 0, 0, 0, 0, 0, 0, 0, 0, 0, 2, 1, 0, 0, 1607, 0, 0, 0]","[0.0018598884066955983, 0.0018598884066955983, 0.0018598884066955983, 0.0018598884066955983, 0.0018598884066955983, 0.0018598884066955983, 0.0018598884066955983, 0.0018598884066955983, 0.0018598884066955983, 0.0018598884066955983, 0.0018598884066955983, 0.0018598884066955983, 0.0030998140111593306, 0.0037197768133911966, 0.0037197768133911966, 0.0037197768133911966, 1.0, 1.0, 1.0, 1.0]",4.0,2.0,2.0,2.0,2.0,22,-15.11458,8.0,12.0,hrl_dqn_apf,hierarchical,dqn,-10.000,1.356,6.653,0.00,0.00,0.00,-16.943,1.756,-6.055,0.00,0.00,0.00,-18.170,1.312,3.644,0.00,0.00,0.00,4.200,4.200,4.200
2026-02-04 16:13:29,176.54,4,348,352,1.14%,80.03,0.25%,"[0, 5, 10, 15, 20, 25, 30, 35, 40, 45, 50, 55, 60, 65, 70, 75, 80, 85, 90, 95, 100]","[3, 0, 0, 0, 0, 1, 0, 4, 0, 0, 0, 0, 1, 1, 1, 0, 1602, 0, 0, 0]","[0.0018598884066955983, 0.0018598884066955983, 0.0018598884066955983, 0.0018598884066955983, 0.0018598884066955983, 0.0024798512089274642, 0.0024798512089274642, 0.0049597024178549285, 0.0049597024178549285, 0.0049597024178549285, 0.0049597024178549285, 0.0049597024178549285, 0.005579665220086794, 0.006199628022318661, 0.006819590824550527, 0.006819590824550527, 1.0, 1.0, 1.0, 1.0]",4.0,2.0,2.0,2.0,2.0,22,-15.11458,8.0,12.0,hrl_dqn_apf,hierarchical,dqn,-10.000,0.113,-0.759,0.00,0.00,0.00,-14.300,0.110,-0.587,0.00,0.00,0.00,-20.109,0.118,-0.590,0.00,0.00,0.00,4.200,4.200,4.200
2026-02-04 16:13:30,177.55,8,345,353,2.27%,80.11,0.50%,"[0, 5, 10, 15, 20, 25, 30, 35, 40, 45, 50, 55, 60, 65, 70, 75, 80, 85, 90, 95, 100]","[7, 0, 0, 0, 0, 1, 0, 0, 0, 0, 0, 0, 0, 2, 1, 0, 1602, 0, 0, 0]","[0.0043397396156230625, 0.0043397396156230625, 0.0043397396156230625, 0.0043397396156230625, 0.0043397396156230625, 0.0049597024178549285, 0.0049597024178549285, 0.0049597024178549285, 0.0049597024178549285, 0.0049597024178549285, 0.0049597024178549285, 0.0049597024178549285, 0.0049597024178549285, 0.006199628022318661, 0.006819590824550527, 0.006819590824550527, 1.0, 1.0, 1.0, 1.0]",4.0,2.0,2.0,2.0,2.0,22,-15.11458,8.0,12.0,hrl_dqn_apf,hierarchical,dqn,-10.001,0.052,-0.759,0.00,0.00,0.00,-14.300,0.023,-0.590,0.00,0.00,0.00,-20.110,0.023,-0.590,0.00,0.00,0.00,4.200,4.200,4.200
2026-02-04 16:13:31,178.55,8,345,353,2.27%,80.28,0.50%,"[0, 5, 10, 15, 20, 25, 30, 35, 40, 45, 50, 55, 60, 65, 70, 75, 80, 85, 90, 95, 100]","[7, 0, 0, 0, 0, 1, 0, 0, 0, 0, 0, 0, 0, 2, 1, 0, 1602, 0, 0, 0]","[0.0043397396156230625, 0.0043397396156230625, 0.0043397396156230625, 0.0043397396156230625, 0.0043397396156230625, 0.0049597024178549285, 0.0049597024178549285, 0.0049597024178549285, 0.0049597024178549285, 0.0049597024178549285, 0.0049597024178549285, 0.0049597024178549285, 0.0049597024178549285, 0.006199628022318661, 0.006819590824550527, 0.006819590824550527, 1.0, 1.0, 1.0, 1.0]",4.0,2.0,2.0,2.0,2.0,22,-15.11458,8.0,12.0,hrl_dqn_apf,hierarchical,dqn,-10.001,0.338,-0.759,0.00,0.00,0.00,-14.300,0.023,-0.590,0.00,0.00,0.00,-20.110,0.023,-0.590,0.00,0.00,0.00,4.200,4.200,4.200
2026-02-04 16:13:32,179.56,8,347,355,2.25%,80.63,0.50%,"[0, 5, 10, 15, 20, 25, 30, 35, 40, 45, 50, 55, 60, 65, 70, 75, 80, 85, 90, 95, 100]","[7, 0, 0, 0, 0, 1, 0, 0, 0, 0, 0, 0, 0, 1, 2, 0, 1602, 0, 0, 0]","[0.0043397396156230625, 0.0043397396156230625, 0.0043397396156230625, 0.0043397396156230625, 0.0043397396156230625, 0.0049597024178549285, 0.0049597024178549285, 0.0049597024178549285, 0.0049597024178549285, 0.0049597024178549285, 0.0049597024178549285, 0.0049597024178549285, 0.0049597024178549285, 0.005579665220086794, 0.006819590824550527, 0.006819590824550527, 1.0, 1.0, 1.0, 1.0]",4.0,2.0,2.0,2.0,2.0,22,-15.11458,8.0,12.0,hrl_dqn_apf,hierarchical,dqn,-10.001,1.095,-0.759,0.00,0.00,0.00,-14.304,-0.000,-0.599,0.00,0.00,0.00,-20.110,0.023,-0.590,0.00,0.00,0.00,4.200,4.200,4.200
2026-02-04 16:13:33,180.56,8,349,357,2.24%,80.80,0.50%,"[0, 5, 10, 15, 20, 25, 30, 35, 40, 45, 50, 55, 60, 65, 70, 75, 80, 85, 90, 95, 100]","[7, 0, 0, 0, 0, 1, 0, 0, 0, 0, 0, 0, 0, 1, 2, 0, 1261, 341, 0, 0]","[0.0043397396156230625, 0.0043397396156230625, 0.0043397396156230625, 0.0043397396156230625, 0.0043397396156230625, 0.0049597024178549285, 0.0049597024178549285, 0.0049597024178549285, 0.0049597024178549285, 0.0049597024178549285, 0.0049597024178549285, 0.0049597024178549285, 0.0049597024178549285, 0.005579665220086794, 0.006819590824550527, 0.006819590824550527, 0.7885926844389337, 1.0, 1.0, 1.0]",4.0,2.0,2.0,2.0,2.0,22,-15.11458,8.0,12.0,hrl_dqn_apf,hierarchical,dqn,-10.001,1.488,-0.759,0.00,0.00,0.00,-14.315,-0.018,-0.623,0.00,0.00,0.00,-20.110,0.023,-0.590,0.00,0.00,0.00,4.200,4.200,4.200
2026-02-04 16:13:34,181.57,7,350,357,1.96%,80.98,0.43%,"[0, 5, 10, 15, 20, 25, 30, 35, 40, 45, 50, 55, 60, 65, 70, 75, 80, 85, 90, 95, 100]","[4, 3, 0, 0, 0, 0, 1, 0, 0, 0, 0, 0, 0, 1, 1, 1, 1261, 341, 0, 0]","[0.0024798512089274642, 0.0043397396156230625, 0.0043397396156230625, 0.0043397396156230625, 0.0043397396156230625, 0.0043397396156230625, 0.0049597024178549285, 0.0049597024178549285, 0.0049597024178549285, 0.0049597024178549285, 0.0049597024178549285, 0.0049597024178549285, 0.0049597024178549285, 0.005579665220086794, 0.006199628022318661, 0.006819590824550527, 0.7885926844389337, 1.0, 1.0, 1.0]",4.0,2.0,2.0,2.0,2.0,22,-15.11458,8.0,12.0,hrl_dqn_apf,hierarchical,dqn,-10.001,1.552,-0.759,0.00,0.00,0.00,-14.309,-0.005,-0.610,0.00,0.00,0.00,-20.110,0.023,-0.590,0.00,0.00,0.00,4.200,4.200,4.200
2026-02-04 16:13:35,182.57,7,354,361,1.94%,81.13,0.43%,"[0, 5, 10, 15, 20, 25, 30, 35, 40, 45, 50, 55, 60, 65, 70, 75, 80, 85, 90, 95, 100]","[4, 3, 0, 0, 0, 0, 1, 0, 1, 0, 0, 0, 0, 0, 2, 1, 1261, 340, 0, 0]","[0.0024798512089274642, 0.0043397396156230625, 0.0043397396156230625, 0.0043397396156230625, 0.0043397396156230625, 0.0043397396156230625, 0.0049597024178549285, 0.0049597024178549285, 0.005579665220086794, 0.005579665220086794, 0.005579665220086794, 0.005579665220086794, 0.005579665220086794, 0.005579665220086794, 0.006819590824550527, 0.007439553626782393, 0.7892126472411656, 1.0, 1.0, 1.0]",4.0,2.0,2.0,2.0,2.0,22,-15.11458,8.0,12.0,hrl_dqn_apf,hierarchical,dqn,-10.001,1.522,-0.583,0.00,0.00,0.00,-14.299,0.020,-0.588,0.00,0.00,0.00,-20.110,0.023,-0.590,0.00,0.00,0.00,4.200,4.200,4.200
2026-02-04 16:13:36,183.57,8,355,363,2.20%,81.45,0.50%,"[0, 5, 10, 15, 20, 25, 30, 35, 40, 45, 50, 55, 60, 65, 70, 75, 80, 85, 90, 95, 100]","[5, 3, 0, 0, 0, 0, 1, 0, 0, 0, 0, 0, 0, 1, 2, 1, 1260, 340, 0, 0]","[0.0030998140111593306, 0.0049597024178549285, 0.0049597024178549285, 0.0049597024178549285, 0.0049597024178549285, 0.0049597024178549285, 0.005579665220086794, 0.005579665220086794, 0.005579665220086794, 0.005579665220086794, 0.005579665220086794, 0.005579665220086794, 0.005579665220086794, 0.006199628022318661, 0.007439553626782393, 0.008059516429014259, 0.7892126472411656, 1.0, 1.0, 1.0]",4.0,2.0,2.0,2.0,2.0,22,-15.11458,8.0,12.0,hrl_dqn_apf,hierarchical,dqn,-10.001,1.472,0.684,0.00,0.00,0.00,-14.295,0.368,-0.581,0.00,0.00,0.00,-20.110,0.023,-0.590,0.00,0.00,0.00,4.200,4.200,4.200
2026-02-04 16:13:37,184.58,9,356,365,2.47%,81.58,0.56%,"[0, 5, 10, 15, 20, 25, 30, 35, 40, 45, 50, 55, 60, 65, 70, 75, 80, 85, 90, 95, 100]","[6, 3, 0, 0, 0, 0, 1, 0, 0, 0, 0, 0, 0, 0, 1, 2, 1258, 342, 0, 0]","[0.0037197768133911966, 0.005579665220086794, 0.005579665220086794, 0.005579665220086794, 0.005579665220086794, 0.005579665220086794, 0.006199628022318661, 0.006199628022318661, 0.006199628022318661, 0.006199628022318661, 0.006199628022318661, 0.006199628022318661, 0.006199628022318661, 0.006199628022318661, 0.006819590824550527, 0.008059516429014259, 0.7879727216367018, 1.0, 1.0, 1.0]",4.0,2.0,2.0,2.0,2.0,22,-15.11458,8.0,12.0,hrl_dqn_apf,hierarchical,dqn,-10.001,1.466,0.914,0.00,0.00,0.00,-14.295,0.743,-0.581,0.00,0.00,0.00,-20.110,0.023,-0.590,0.00,0.00,0.00,4.200,4.200,4.200
2026-02-04 16:13:38,185.58,9,360,369,2.44%,81.76,0.56%,"[0, 5, 10, 15, 20, 25, 30, 35, 40, 45, 50, 55, 60, 65, 70, 75, 80, 85, 90, 95, 100]","[6, 3, 0, 0, 0, 0, 1, 0, 0, 0, 0, 0, 0, 0, 1, 2, 1256, 7, 337, 0]","[0.0037197768133911966, 0.005579665220086794, 0.005579665220086794, 0.005579665220086794, 0.005579665220086794, 0.005579665220086794, 0.006199628022318661, 0.006199628022318661, 0.006199628022318661, 0.006199628022318661, 0.006199628022318661, 0.006199628022318661, 0.006199628022318661, 0.006199628022318661, 0.006819590824550527, 0.008059516429014259, 0.7867327960322381, 0.7910725356478612, 1.0, 1.0]",4.0,2.0,2.0,2.0,2.0,22,-15.11458,8.0,12.0,hrl_dqn_apf,hierarchical,dqn,-10.001,1.463,0.657,0.00,0.00,0.00,-14.295,1.120,-0.581,0.00,0.00,0.00,-20.110,0.023,-0.590,0.00,0.00,0.00,4.200,4.200,4.200
2026-02-04 16:13:39,186.59,9,360,369,2.44%,81.94,0.56%,"[0, 5, 10, 15, 20, 25, 30, 35, 40, 45, 50, 55, 60, 65, 70, 75, 80, 85, 90, 95, 100]","[6, 0, 3, 0, 0, 0, 0, 1, 0, 0, 0, 0, 0, 0, 1, 1, 1257, 7, 337, 0]","[0.0037197768133911966, 0.0037197768133911966, 0.005579665220086794, 0.005579665220086794, 0.005579665220086794, 0.005579665220086794, 0.005579665220086794, 0.006199628022318661, 0.006199628022318661, 0.006199628022318661, 0.006199628022318661, 0.006199628022318661, 0.006199628022318661, 0.006199628022318661, 0.006819590824550527, 0.007439553626782393, 0.7867327960322381, 0.7910725356478612, 1.0, 1.0]",4.0,2.0,2.0,2.0,2.0,22,-15.11458,8.0,12.0,hrl_dqn_apf,hierarchical,dqn,-10.001,1.479,0.361,0.00,0.00,0.00,-14.295,1.523,-0.580,0.00,0.00,0.00,-20.110,0.023,-0.590,0.00,0.00,0.00,4.200,4.200,4.200
2026-02-04 16:13:40,187.59,9,360,369,2.44%,82.31,0.56%,"[0, 5, 10, 15, 20, 25, 30, 35, 40, 45, 50, 55, 60, 65, 70, 75, 80, 85, 90, 95, 100]","[5, 1, 3, 0, 0, 0, 0, 1, 0, 0, 0, 0, 0, 0, 0, 2, 1251, 12, 338, 0]","[0.0030998140111593306, 0.0037197768133911966, 0.005579665220086794, 0.005579665220086794, 0.005579665220086794, 0.005579665220086794, 0.005579665220086794, 0.006199628022318661, 0.006199628022318661, 0.006199628022318661, 0.006199628022318661, 0.006199628022318661, 0.006199628022318661, 0.006199628022318661, 0.006199628022318661, 0.007439553626782393, 0.7830130192188469, 0.7904525728456293, 1.0, 1.0]",4.0,2.0,2.0,2.0,2.0,22,-15.11458,8.0,12.0,hrl_dqn_apf,hierarchical,dqn,-10.001,1.452,0.890,0.00,0.00,0.00,-14.540,1.554,-1.123,0.00,0.00,0.00,-20.110,0.023,-0.590,0.00,0.00,0.00,4.200,4.200,4.200
2026-02-04 16:13:41,188.59,9,362,371,2.43%,82.49,0.56%,"[0, 5, 10, 15, 20, 25, 30, 35, 40, 45, 50, 55, 60, 65, 70, 75, 80, 85, 90, 95, 100]","[5, 1, 3, 0, 0, 0, 0, 1, 0, 0, 0, 0, 0, 0, 0, 2, 1249, 15, 337, 0]","[0.0030998140111593306, 0.0037197768133911966, 0.005579665220086794, 0.005579665220086794, 0.005579665220086794, 0.005579665220086794, 0.005579665220086794, 0.006199628022318661, 0.006199628022318661, 0.006199628022318661, 0.006199628022318661, 0.006199628022318661, 0.006199628022318661, 0.006199628022318661, 0.006199628022318661, 0.007439553626782393, 0.7817730936143832, 0.7910725356478612, 1.0, 1.0]",4.0,2.0,2.0,2.0,2.0,22,-15.11458,8.0,12.0,hrl_dqn_apf,hierarchical,dqn,-10.001,1.427,1.577,0.00,0.00,0.00,-14.827,1.567,-1.752,0.00,0.00,0.00,-20.109,0.086,-0.590,0.00,0.00,0.00,4.200,4.200,4.200
2026-02-04 16:13:42,189.59,11,362,373,2.95%,82.58,0.68%,"[0, 5, 10, 15, 20, 25, 30, 35, 40, 45, 50, 55, 60, 65, 70, 75, 80, 85, 90, 95, 100]","[5, 2, 3, 0, 0, 1, 0, 1, 0, 0, 0, 0, 0, 0, 0, 1, 1248, 14, 338, 0]","[0.0030998140111593306, 0.0043397396156230625, 0.006199628022318661, 0.006199628022318661, 0.006199628022318661, 0.006819590824550527, 0.006819590824550527, 0.007439553626782393, 0.007439553626782393, 0.007439553626782393, 0.007439553626782393, 0.007439553626782393, 0.007439553626782393, 0.007439553626782393, 0.007439553626782393, 0.008059516429014259, 0.7817730936143832, 0.7904525728456293, 1.0, 1.0]",4.0,2.0,2.0,2.0,2.0,22,-15.11458,8.0,12.0,hrl_dqn_apf,hierarchical,dqn,-10.001,1.418,1.924,0.00,0.00,0.00,-14.998,1.551,-2.125,0.00,0.00,0.00,-20.109,0.438,-0.590,0.00,0.00,0.00,4.200,4.200,4.200
2026-02-04 16:13:43,190.59,11,362,373,2.95%,82.74,0.68%,"[0, 5, 10, 15, 20, 25, 30, 35, 40, 45, 50, 55, 60, 65, 70, 75, 80, 85, 90, 95, 100]","[7, 1, 3, 0, 0, 0, 0, 1, 0, 0, 0, 0, 0, 0, 0, 1, 1244, 16, 7, 333]","[0.0043397396156230625, 0.0049597024178549285, 0.006819590824550527, 0.006819590824550527, 0.006819590824550527, 0.006819590824550527, 0.006819590824550527, 0.007439553626782393, 0.007439553626782393, 0.007439553626782393, 0.007439553626782393, 0.007439553626782393, 0.007439553626782393, 0.007439553626782393, 0.007439553626782393, 0.008059516429014259, 0.7792932424054557, 0.7892126472411656, 0.7935523868567886, 1.0]",4.0,2.0,2.0,2.0,2.0,22,-15.11458,8.0,12.0,hrl_dqn_apf,hierarchical,dqn,-10.001,1.410,1.710,0.00,0.00,0.00,-14.921,1.541,-1.957,0.00,0.00,0.00,-20.109,0.817,-0.590,0.00,0.00,0.00,4.200,4.200,4.200
2026-02-04 16:13:44,191.60,11,363,374,2.94%,83.11,0.68%,"[0, 5, 10, 15, 20, 25, 30, 35, 40, 45, 50, 55, 60, 65, 70, 75, 80, 85, 90, 95, 100]","[7, 1, 0, 3, 0, 0, 0, 0, 1, 0, 0, 0, 0, 0, 0, 1, 1243, 17, 7, 333]","[0.0043397396156230625, 0.0049597024178549285, 0.0049597024178549285, 0.006819590824550527, 0.006819590824550527, 0.006819590824550527, 0.006819590824550527, 0.006819590824550527, 0.007439553626782393, 0.007439553626782393, 0.007439553626782393, 0.007439553626782393, 0.007439553626782393, 0.007439553626782393, 0.007439553626782393, 0.008059516429014259, 0.7786732796032239, 0.7892126472411656, 0.7935523868567886, 1.0]",4.0,2.0,2.0,2.0,2.0,22,-15.11458,8.0,12.0,hrl_dqn_apf,hierarchical,dqn,-10.001,1.432,1.293,0.00,0.00,0.00,-14.731,1.564,-1.545,0.00,0.00,0.00,-20.109,1.557,-0.590,0.00,0.00,0.00,4.200,4.200,4.200
2026-02-04 16:13:45,192.60,11,363,374,2.94%,83.29,0.68%,"[0, 5, 10, 15, 20, 25, 30, 35, 40, 45, 50, 55, 60, 65, 70, 75, 80, 85, 90, 95, 100]","[6, 1, 1, 3, 0, 0, 0, 0, 1, 0, 0, 0, 0, 0, 0, 0, 1244, 11, 12, 334]","[0.0037197768133911966, 0.0043397396156230625, 0.0049597024178549285, 0.006819590824550527, 0.006819590824550527, 0.006819590824550527, 0.006819590824550527, 0.006819590824550527, 0.007439553626782393, 0.007439553626782393, 0.007439553626782393, 0.007439553626782393, 0.007439553626782393, 0.007439553626782393, 0.007439553626782393, 0.007439553626782393, 0.7786732796032239, 0.7854928704277744, 0.7929324240545568, 1.0]",4.0,2.0,2.0,2.0,2.0,22,-15.11458,8.0,12.0,hrl_dqn_apf,hierarchical,dqn,-10.001,1.405,1.509,0.00,0.00,0.00,-14.816,1.569,-1.734,0.00,0.00,0.00,-20.061,1.496,-0.482,0.00,0.00,0.00,4.200,4.200,4.200
2026-02-04 16:13:46,193.61,12,364,376,3.19%,83.43,0.74%,"[0, 5, 10, 15, 20, 25, 30, 35, 40, 45, 50, 55, 60, 65, 70, 75, 80, 85, 90, 95, 100]","[5, 2, 1, 3, 1, 0, 0, 0, 1, 0, 0, 0, 0, 0, 0, 0, 1242, 11, 14, 333]","[0.0030998140111593306, 0.0043397396156230625, 0.0049597024178549285, 0.006819590824550527, 0.007439553626782393, 0.007439553626782393, 0.007439553626782393, 0.007439553626782393, 0.008059516429014259, 0.008059516429014259, 0.008059516429014259, 0.008059516429014259, 0.008059516429014259, 0.008059516429014259, 0.008059516429014259, 0.008059516429014259, 0.778053316800992, 0.7848729076255425, 0.7935523868567886, 1.0]",4.0,2.0,2.0,2.0,2.0,22,-15.11458,8.0,12.0,hrl_dqn_apf,hierarchical,dqn,-10.001,1.380,2.091,0.00,0.00,0.00,-15.056,1.579,-2.263,0.00,0.00,0.00,-19.846,1.440,-0.006,0.00,0.00,0.00,4.200,4.200,4.200
2026-02-04 16:13:47,194.61,0,354,354,0.00%,80.00,0.00%,"[0, 5, 10, 15, 20, 25, 30, 35, 40, 45, 50, 55, 60, 65, 70, 75, 80, 85, 90, 95, 100]","[0, 0, 0, 0, 0, 0, 0, 0, 0, 0, 0, 0, 0, 0, 0, 0, 1613, 0, 0, 0]","[0.0, 0.0, 0.0, 0.0, 0.0, 0.0, 0.0, 0.0, 0.0, 0.0, 0.0, 0.0, 0.0, 0.0, 0.0, 0.0, 1.0, 1.0, 1.0, 1.0]",4.0,2.0,2.0,2.0,2.0,22,-15.11458,8.0,12.0,hrl_dqn_apf,hierarchical,dqn,-10.001,1.357,3.381,0.00,0.00,0.00,-15.596,1.617,-3.443,0.00,0.00,0.00,-19.316,1.355,1.154,0.00,0.00,0.00,4.200,4.200,4.200
2026-02-04 16:13:48,195.62,0,354,354,0.00%,80.00,0.00%,"[0, 5, 10, 15, 20, 25, 30, 35, 40, 45, 50, 55, 60, 65, 70, 75, 80, 85, 90, 95, 100]","[0, 0, 0, 0, 0, 0, 0, 0, 0, 0, 0, 0, 0, 0, 0, 0, 1613, 0, 0, 0]","[0.0, 0.0, 0.0, 0.0, 0.0, 0.0, 0.0, 0.0, 0.0, 0.0, 0.0, 0.0, 0.0, 0.0, 0.0, 0.0, 1.0, 1.0, 1.0, 1.0]",4.0,2.0,2.0,2.0,2.0,22,-15.11458,8.0,12.0,hrl_dqn_apf,hierarchical,dqn,-10.001,1.350,4.310,0.00,0.00,0.00,-15.987,1.652,-4.293,0.00,0.00,0.00,-18.926,1.306,2.003,0.00,0.00,0.00,4.200,4.200,4.200
2026-02-04 16:13:49,196.63,0,354,354,0.00%,80.00,0.00%,"[0, 5, 10, 15, 20, 25, 30, 35, 40, 45, 50, 55, 60, 65, 70, 75, 80, 85, 90, 95, 100]","[0, 0, 0, 0, 0, 0, 0, 0, 0, 0, 0, 0, 0, 0, 0, 0, 1613, 0, 0, 0]","[0.0, 0.0, 0.0, 0.0, 0.0, 0.0, 0.0, 0.0, 0.0, 0.0, 0.0, 0.0, 0.0, 0.0, 0.0, 0.0, 1.0, 1.0, 1.0, 1.0]",4.0,2.0,2.0,2.0,2.0,22,-15.11458,8.0,12.0,hrl_dqn_apf,hierarchical,dqn,-10.001,1.346,5.069,0.00,0.00,0.00,-16.307,1.682,-4.989,0.00,0.00,0.00,-18.624,1.311,2.659,0.00,0.00,0.00,4.200,4.200,4.200
2026-02-04 16:13:50,197.63,0,354,354,0.00%,80.00,0.00%,"[0, 5, 10, 15, 20, 25, 30, 35, 40, 45, 50, 55, 60, 65, 70, 75, 80, 85, 90, 95, 100]","[0, 0, 0, 0, 0, 0, 0, 0, 0, 0, 0, 0, 0, 0, 0, 0, 1613, 0, 0, 0]","[0.0, 0.0, 0.0, 0.0, 0.0, 0.0, 0.0, 0.0, 0.0, 0.0, 0.0, 0.0, 0.0, 0.0, 0.0, 0.0, 1.0, 1.0, 1.0, 1.0]",4.0,2.0,2.0,2.0,2.0,22,-15.11458,8.0,12.0,hrl_dqn_apf,hierarchical,dqn,-10.001,1.343,5.832,0.00,0.00,0.00,-16.628,1.712,-5.687,0.00,0.00,0.00,-18.320,1.315,3.319,0.00,0.00,0.00,4.200,4.200,4.200
2026-02-04 16:13:51,198.64,3,349,352,0.85%,79.99,0.19%,"[0, 5, 10, 15, 20, 25, 30, 35, 40, 45, 50, 55, 60, 65, 70, 75, 80, 85, 90, 95, 100]","[3, 0, 0, 0, 0, 0, 0, 0, 0, 0, 0, 1, 2, 0, 0, 0, 1607, 0, 0, 0]","[0.0018598884066955983, 0.0018598884066955983, 0.0018598884066955983, 0.0018598884066955983, 0.0018598884066955983, 0.0018598884066955983, 0.0018598884066955983, 0.0018598884066955983, 0.0018598884066955983, 0.0018598884066955983, 0.0018598884066955983, 0.0024798512089274642, 0.0037197768133911966, 0.0037197768133911966, 0.0037197768133911966, 0.0037197768133911966, 1.0, 1.0, 1.0, 1.0]",4.0,2.0,2.0,2.0,2.0,22,-15.11458,8.0,12.0,hrl_dqn_apf,hierarchical,dqn,-10.001,1.340,6.593,0.00,0.00,0.00,-16.941,1.752,-6.062,0.00,0.00,0.00,-18.010,1.298,3.992,0.00,0.00,0.00,4.200,4.200,4.200
2026-02-04 16:13:52,199.65,8,345,353,2.27%,80.06,0.50%,"[0, 5, 10, 15, 20, 25, 30, 35, 40, 45, 50, 55, 60, 65, 70, 75, 80, 85, 90, 95, 100]","[7, 0, 0, 0, 1, 0, 0, 1, 0, 0, 1, 1, 0, 1, 0, 0, 1601, 0, 0, 0]","[0.0043397396156230625, 0.0043397396156230625, 0.0043397396156230625, 0.0043397396156230625, 0.0049597024178549285, 0.0049597024178549285, 0.0049597024178549285, 0.005579665220086794, 0.005579665220086794, 0.005579665220086794, 0.006199628022318661, 0.006819590824550527, 0.006819590824550527, 0.007439553626782393, 0.007439553626782393, 0.007439553626782393, 1.0, 1.0, 1.0, 1.0]",4.0,2.0,2.0,2.0,2.0,22,-15.11458,8.0,12.0,hrl_dqn_apf,hierarchical,dqn,-10.000,-2.288,-0.714,0.00,0.00,0.00,-14.300,0.027,-0.587,0.00,0.00,0.00,-20.109,0.033,-0.590,0.00,0.00,0.00,4.200,4.200,4.200
2026-02-04 16:13:53,200.65,9,344,353,2.55%,80.20,0.56%,"[0, 5, 10, 15, 20, 25, 30, 35, 40, 45, 50, 55, 60, 65, 70, 75, 80, 85, 90, 95, 100]","[8, 0, 0, 0, 1, 0, 0, 1, 0, 0, 0, 1, 0, 1, 0, 0, 1601, 0, 0, 0]","[0.0049597024178549285, 0.0049597024178549285, 0.0049597024178549285, 0.0049597024178549285, 0.005579665220086794, 0.005579665220086794, 0.005579665220086794, 0.006199628022318661, 0.006199628022318661, 0.006199628022318661, 0.006199628022318661, 0.006819590824550527, 0.006819590824550527, 0.007439553626782393, 0.007439553626782393, 0.007439553626782393, 1.0, 1.0, 1.0, 1.0]",4.0,2.0,2.0,2.0,2.0,22,-15.11458,8.0,12.0,hrl_dqn_apf,hierarchical,dqn,-10.000,-6.841,-0.643,0.00,0.00,0.00,-14.300,0.027,-0.587,0.00,0.00,0.00,-20.109,0.033,-0.590,0.00,0.00,0.00,4.200,4.200,4.200
2026-02-04 16:13:54,201.66,9,344,353,2.55%,80.37,0.56%,"[0, 5, 10, 15, 20, 25, 30, 35, 40, 45, 50, 55, 60, 65, 70, 75, 80, 85, 90, 95, 100]","[8, 0, 0, 0, 1, 0, 0, 0, 1, 0, 0, 1, 0, 1, 0, 0, 1601, 0, 0, 0]","[0.0049597024178549285, 0.0049597024178549285, 0.0049597024178549285, 0.0049597024178549285, 0.005579665220086794, 0.005579665220086794, 0.005579665220086794, 0.005579665220086794, 0.006199628022318661, 0.006199628022318661, 0.006199628022318661, 0.006819590824550527, 0.006819590824550527, 0.007439553626782393, 0.007439553626782393, 0.007439553626782393, 1.0, 1.0, 1.0, 1.0]",4.0,2.0,2.0,2.0,2.0,22,-15.11458,8.0,12.0,hrl_dqn_apf,hierarchical,dqn,-10.000,-10.563,-0.505,0.00,0.00,0.00,-14.300,0.027,-0.587,0.00,0.00,0.00,-20.109,0.033,-0.590,0.00,0.00,0.00,4.200,4.200,4.200
2026-02-04 16:13:55,202.67,9,346,355,2.54%,80.55,0.56%,"[0, 5, 10, 15, 20, 25, 30, 35, 40, 45, 50, 55, 60, 65, 70, 75, 80, 85, 90, 95, 100]","[7, 1, 0, 0, 1, 0, 0, 0, 1, 0, 0, 1, 0, 1, 0, 0, 1601, 0, 0, 0]","[0.0043397396156230625, 0.0049597024178549285, 0.0049597024178549285, 0.0049597024178549285, 0.005579665220086794, 0.005579665220086794, 0.005579665220086794, 0.005579665220086794, 0.006199628022318661, 0.006199628022318661, 0.006199628022318661, 0.006819590824550527, 0.006819590824550527, 0.007439553626782393, 0.007439553626782393, 0.007439553626782393, 1.0, 1.0, 1.0, 1.0]",4.0,2.0,2.0,2.0,2.0,22,-15.11458,8.0,12.0,hrl_dqn_apf,hierarchical,dqn,-10.000,-10.759,0.061,0.00,0.00,0.00,-14.300,0.112,-0.587,0.00,0.00,0.00,-20.109,0.033,-0.590,0.00,0.00,0.00,4.200,4.200,4.200
2026-02-04 16:13:56,203.67,10,347,357,2.80%,80.84,0.62%,"[0, 5, 10, 15, 20, 25, 30, 35, 40, 45, 50, 55, 60, 65, 70, 75, 80, 85, 90, 95, 100]","[6, 3, 0, 0, 0, 1, 0, 0, 1, 0, 0, 0, 1, 1, 0, 0, 1261, 339, 0, 0]","[0.0037197768133911966, 0.005579665220086794, 0.005579665220086794, 0.005579665220086794, 0.005579665220086794, 0.006199628022318661, 0.006199628022318661, 0.006199628022318661, 0.006819590824550527, 0.006819590824550527, 0.006819590824550527, 0.006819590824550527, 0.007439553626782393, 0.008059516429014259, 0.008059516429014259, 0.008059516429014259, 0.7898326100433974, 1.0, 1.0, 1.0]",4.0,2.0,2.0,2.0,2.0,22,-15.11458,8.0,12.0,hrl_dqn_apf,hierarchical,dqn,-10.000,-10.638,1.270,0.00,0.00,0.00,-14.300,0.900,-0.588,0.00,0.00,0.00,-20.109,0.033,-0.590,0.00,0.00,0.00,4.200,4.200,4.200
2026-02-04 16:13:57,204.67,10,351,361,2.77%,81.02,0.62%,"[0, 5, 10, 15, 20, 25, 30, 35, 40, 45, 50, 55, 60, 65, 70, 75, 80, 85, 90, 95, 100]","[6, 3, 0, 0, 0, 1, 0, 0, 1, 0, 0, 0, 1, 1, 0, 0, 1261, 339, 0, 0]","[0.0037197768133911966, 0.005579665220086794, 0.005579665220086794, 0.005579665220086794, 0.005579665220086794, 0.006199628022318661, 0.006199628022318661, 0.006199628022318661, 0.006819590824550527, 0.006819590824550527, 0.006819590824550527, 0.006819590824550527, 0.007439553626782393, 0.008059516429014259, 0.008059516429014259, 0.008059516429014259, 0.7898326100433974, 1.0, 1.0, 1.0]",4.0,2.0,2.0,2.0,2.0,22,-15.11458,8.0,12.0,hrl_dqn_apf,hierarchical,dqn,-10.000,-10.652,1.137,0.00,0.00,0.00,-14.300,1.295,-0.588,0.00,0.00,0.00,-20.109,0.033,-0.590,0.00,0.00,0.00,4.200,4.200,4.200
2026-02-04 16:13:58,205.67,10,355,365,2.74%,81.20,0.62%,"[0, 5, 10, 15, 20, 25, 30, 35, 40, 45, 50, 55, 60, 65, 70, 75, 80, 85, 90, 95, 100]","[6, 3, 0, 0, 0, 1, 0, 0, 1, 0, 0, 0, 1, 0, 1, 0, 1260, 340, 0, 0]","[0.0037197768133911966, 0.005579665220086794, 0.005579665220086794, 0.005579665220086794, 0.005579665220086794, 0.006199628022318661, 0.006199628022318661, 0.006199628022318661, 0.006819590824550527, 0.006819590824550527, 0.006819590824550527, 0.006819590824550527, 0.007439553626782393, 0.007439553626782393, 0.008059516429014259, 0.008059516429014259, 0.7892126472411656, 1.0, 1.0, 1.0]",4.0,2.0,2.0,2.0,2.0,22,-15.11458,8.0,12.0,hrl_dqn_apf,hierarchical,dqn,-10.000,-10.643,0.803,0.00,0.00,0.00,-14.300,1.560,-0.587,0.00,0.00,0.00,-20.109,0.033,-0.590,0.00,0.00,0.00,4.200,4.200,4.200
2026-02-04 16:13:59,206.67,10,353,363,2.75%,81.38,0.62%,"[0, 5, 10, 15, 20, 25, 30, 35, 40, 45, 50, 55, 60, 65, 70, 75, 80, 85, 90, 95, 100]","[6, 3, 0, 0, 0, 1, 0, 0, 1, 0, 0, 0, 1, 0, 1, 0, 1260, 340, 0, 0]","[0.0037197768133911966, 0.005579665220086794, 0.005579665220086794, 0.005579665220086794, 0.005579665220086794, 0.006199628022318661, 0.006199628022318661, 0.006199628022318661, 0.006819590824550527, 0.006819590824550527, 0.006819590824550527, 0.006819590824550527, 0.007439553626782393, 0.007439553626782393, 0.008059516429014259, 0.008059516429014259, 0.7892126472411656, 1.0, 1.0, 1.0]",4.0,2.0,2.0,2.0,2.0,22,-15.11458,8.0,12.0,hrl_dqn_apf,hierarchical,dqn,-10.000,-10.631,0.912,0.00,0.00,0.00,-14.304,1.521,-0.597,0.00,0.00,0.00,-20.109,0.033,-0.590,0.00,0.00,0.00,4.200,4.200,4.200
2026-02-04 16:14:00,207.68,9,360,369,2.44%,81.70,0.56%,"[0, 5, 10, 15, 20, 25, 30, 35, 40, 45, 50, 55, 60, 65, 70, 75, 80, 85, 90, 95, 100]","[5, 3, 1, 0, 0, 0, 2, 0, 0, 1, 0, 0, 1, 0, 1, 0, 1256, 7, 336, 0]","[0.0030998140111593306, 0.0049597024178549285, 0.005579665220086794, 0.005579665220086794, 0.005579665220086794, 0.005579665220086794, 0.006819590824550527, 0.006819590824550527, 0.006819590824550527, 0.007439553626782393, 0.007439553626782393, 0.007439553626782393, 0.008059516429014259, 0.008059516429014259, 0.008679479231246125, 0.008679479231246125, 0.78735275883447, 0.791692498450093, 1.0, 1.0]",4.0,2.0,2.0,2.0,2.0,22,-15.11458,8.0,12.0,hrl_dqn_apf,hierarchical,dqn,-10.000,-10.672,2.109,0.00,0.00,0.00,-14.714,1.547,-1.502,0.00,0.00,0.00,-20.109,0.226,-0.590,0.00,0.00,0.00,4.200,4.200,4.200
2026-02-04 16:14:01,208.68,10,359,369,2.71%,81.83,0.62%,"[0, 5, 10, 15, 20, 25, 30, 35, 40, 45, 50, 55, 60, 65, 70, 75, 80, 85, 90, 95, 100]","[5, 3, 2, 0, 0, 0, 1, 1, 0, 1, 0, 0, 0, 1, 1, 0, 1256, 7, 335, 0]","[0.0030998140111593306, 0.0049597024178549285, 0.006199628022318661, 0.006199628022318661, 0.006199628022318661, 0.006199628022318661, 0.006819590824550527, 0.007439553626782393, 0.007439553626782393, 0.008059516429014259, 0.008059516429014259, 0.008059516429014259, 0.008059516429014259, 0.008679479231246125, 0.009299442033477991, 0.009299442033477991, 0.7879727216367018, 0.7923124612523249, 1.0, 1.0]",4.0,2.0,2.0,2.0,2.0,22,-15.11458,8.0,12.0,hrl_dqn_apf,hierarchical,dqn,-10.000,-10.681,2.198,0.00,0.00,0.00,-14.969,1.538,-2.059,0.00,0.00,0.00,-20.109,0.590,-0.590,0.00,0.00,0.00,4.200,4.200,4.200
2026-02-04 16:14:02,209.68,11,358,369,2.98%,81.99,0.68%,"[0, 5, 10, 15, 20, 25, 30, 35, 40, 45, 50, 55, 60, 65, 70, 75, 80, 85, 90, 95, 100]","[6, 2, 3, 0, 0, 0, 1, 0, 0, 1, 0, 0, 0, 1, 1, 0, 1252, 11, 335, 0]","[0.0037197768133911966, 0.0049597024178549285, 0.006819590824550527, 0.006819590824550527, 0.006819590824550527, 0.006819590824550527, 0.007439553626782393, 0.007439553626782393, 0.007439553626782393, 0.008059516429014259, 0.008059516429014259, 0.008059516429014259, 0.008059516429014259, 0.008679479231246125, 0.009299442033477991, 0.009299442033477991, 0.7854928704277744, 0.7923124612523249, 1.0, 1.0]",4.0,2.0,2.0,2.0,2.0,22,-15.11458,8.0,12.0,hrl_dqn_apf,hierarchical,dqn,-10.000,-10.676,1.887,0.00,0.00,0.00,-14.970,1.525,-2.059,0.00,0.00,0.00,-20.109,0.983,-0.590,0.00,0.00,0.00,4.200,4.200,4.200
2026-02-04 16:14:03,210.68,11,358,369,2.98%,82.35,0.68%,"[0, 5, 10, 15, 20, 25, 30, 35, 40, 45, 50, 55, 60, 65, 70, 75, 80, 85, 90, 95, 100]","[6, 2, 3, 0, 0, 0, 1, 0, 0, 1, 0, 0, 0, 1, 0, 1, 1248, 14, 336, 0]","[0.0037197768133911966, 0.0049597024178549285, 0.006819590824550527, 0.006819590824550527, 0.006819590824550527, 0.006819590824550527, 0.007439553626782393, 0.007439553626782393, 0.007439553626782393, 0.008059516429014259, 0.008059516429014259, 0.008059516429014259, 0.008059516429014259, 0.008679479231246125, 0.008679479231246125, 0.009299442033477991, 0.7830130192188469, 0.791692498450093, 1.0, 1.0]",4.0,2.0,2.0,2.0,2.0,22,-15.11458,8.0,12.0,hrl_dqn_apf,hierarchical,dqn,-10.000,-10.662,1.647,0.00,0.00,0.00,-14.832,1.534,-1.760,0.00,0.00,0.00,-20.109,1.375,-0.590,0.00,0.00,0.00,4.200,4.200,4.200
2026-02-04 16:14:04,211.68,11,362,373,2.95%,82.53,0.68%,"[0, 5, 10, 15, 20, 25, 30, 35, 40, 45, 50, 55, 60, 65, 70, 75, 80, 85, 90, 95, 100]","[5, 2, 3, 1, 0, 0, 1, 0, 0, 0, 1, 0, 0, 1, 0, 1, 1247, 14, 337, 0]","[0.0030998140111593306, 0.0043397396156230625, 0.006199628022318661, 0.006819590824550527, 0.006819590824550527, 0.006819590824550527, 0.007439553626782393, 0.007439553626782393, 0.007439553626782393, 0.007439553626782393, 0.008059516429014259, 0.008059516429014259, 0.008059516429014259, 0.008679479231246125, 0.008679479231246125, 0.009299442033477991, 0.782393056416615, 0.7910725356478612, 1.0, 1.0]",4.0,2.0,2.0,2.0,2.0,22,-15.11458,8.0,12.0,hrl_dqn_apf,hierarchical,dqn,-10.000,-10.698,2.039,0.00,0.00,0.00,-14.872,1.576,-1.858,0.00,0.00,0.00,-20.030,1.482,-0.414,0.00,0.00,0.00,4.200,4.200,4.200
2026-02-04 16:14:05,212.69,12,361,373,3.22%,82.66,0.74%,"[0, 5, 10, 15, 20, 25, 30, 35, 40, 45, 50, 55, 60, 65, 70, 75, 80, 85, 90, 95, 100]","[6, 2, 3, 1, 0, 0, 0, 1, 0, 0, 1, 0, 0, 1, 0, 1, 1242, 16, 7, 332]","[0.0037197768133911966, 0.0049597024178549285, 0.006819590824550527, 0.007439553626782393, 0.007439553626782393, 0.007439553626782393, 0.007439553626782393, 0.008059516429014259, 0.008059516429014259, 0.008059516429014259, 0.008679479231246125, 0.008679479231246125, 0.008679479231246125, 0.009299442033477991, 0.009299442033477991, 0.009919404835709857, 0.7799132052076876, 0.7898326100433974, 0.7941723496590205, 1.0]",4.0,2.0,2.0,2.0,2.0,22,-15.11458,8.0,12.0,hrl_dqn_apf,hierarchical,dqn,-10.000,-10.719,2.696,0.00,0.00,0.00,-15.132,1.591,-2.432,0.00,0.00,0.00,-19.793,1.424,0.110,0.00,0.00,0.00,4.200,4.200,4.200
2026-02-04 16:14:06,213.69,12,361,373,3.22%,82.79,0.74%,"[0, 5, 10, 15, 20, 25, 30, 35, 40, 45, 50, 55, 60, 65, 70, 75, 80, 85, 90, 95, 100]","[6, 1, 3, 2, 0, 0, 0, 2, 0, 0, 1, 0, 0, 0, 1, 2, 1242, 17, 7, 329]","[0.0037197768133911966, 0.0043397396156230625, 0.006199628022318661, 0.007439553626782393, 0.007439553626782393, 0.007439553626782393, 0.007439553626782393, 0.008679479231246125, 0.008679479231246125, 0.008679479231246125, 0.009299442033477991, 0.009299442033477991, 0.009299442033477991, 0.009299442033477991, 0.009919404835709857, 0.011159330440173589, 0.7811531308121513, 0.791692498450093, 0.7960322380657161, 1.0]",4.0,2.0,2.0,2.0,2.0,22,-15.11458,8.0,12.0,hrl_dqn_apf,hierarchical,dqn,-10.000,-10.731,3.427,0.00,0.00,0.00,-15.435,1.613,-3.093,0.00,0.00,0.00,-19.497,1.375,0.757,0.00,0.00,0.00,4.200,4.200,4.200
2026-02-04 16:14:07,214.69,0,354,354,0.00%,80.00,0.00%,"[0, 5, 10, 15, 20, 25, 30, 35, 40, 45, 50, 55, 60, 65, 70, 75, 80, 85, 90, 95, 100]","[0, 0, 0, 0, 0, 0, 0, 0, 0, 0, 0, 0, 0, 0, 0, 0, 1613, 0, 0, 0]","[0.0, 0.0, 0.0, 0.0, 0.0, 0.0, 0.0, 0.0, 0.0, 0.0, 0.0, 0.0, 0.0, 0.0, 0.0, 0.0, 1.0, 1.0, 1.0, 1.0]",4.0,2.0,2.0,2.0,2.0,22,-15.11458,8.0,12.0,hrl_dqn_apf,hierarchical,dqn,-10.000,-10.743,4.934,0.00,0.00,0.00,-16.068,1.669,-4.471,0.00,0.00,0.00,-18.875,1.315,2.114,0.00,0.00,0.00,4.200,4.200,4.200
2026-02-04 16:14:08,215.70,0,354,354,0.00%,80.00,0.00%,"[0, 5, 10, 15, 20, 25, 30, 35, 40, 45, 50, 55, 60, 65, 70, 75, 80, 85, 90, 95, 100]","[0, 0, 0, 0, 0, 0, 0, 0, 0, 0, 0, 0, 0, 0, 0, 0, 1613, 0, 0, 0]","[0.0, 0.0, 0.0, 0.0, 0.0, 0.0, 0.0, 0.0, 0.0, 0.0, 0.0, 0.0, 0.0, 0.0, 0.0, 0.0, 1.0, 1.0, 1.0, 1.0]",4.0,2.0,2.0,2.0,2.0,22,-15.11458,8.0,12.0,hrl_dqn_apf,hierarchical,dqn,-10.000,-10.746,5.697,0.00,0.00,0.00,-16.389,1.700,-5.169,0.00,0.00,0.00,-18.569,1.319,2.777,0.00,0.00,0.00,4.200,4.200,4.200
2026-02-04 16:14:09,216.70,2,350,352,0.57%,79.98,0.12%,"[0, 5, 10, 15, 20, 25, 30, 35, 40, 45, 50, 55, 60, 65, 70, 75, 80, 85, 90, 95, 100]","[2, 0, 0, 0, 0, 0, 1, 1, 0, 1, 0, 1, 0, 0, 0, 0, 1607, 0, 0, 0]","[0.0012399256044637321, 0.0012399256044637321, 0.0012399256044637321, 0.0012399256044637321, 0.0012399256044637321, 0.0012399256044637321, 0.0018598884066955983, 0.0024798512089274642, 0.0024798512089274642, 0.0030998140111593306, 0.0030998140111593306, 0.0037197768133911966, 0.0037197768133911966, 0.0037197768133911966, 0.0037197768133911966, 0.0037197768133911966, 1.0, 1.0, 1.0, 1.0]",4.0,2.0,2.0,2.0,2.0,22,-15.11458,8.0,12.0,hrl_dqn_apf,hierarchical,dqn,-10.000,-10.750,6.460,0.00,0.00,0.00,-16.693,1.730,-5.723,0.00,0.00,0.00,-18.258,1.303,3.454,0.00,0.00,0.00,4.200,4.200,4.200
2026-02-04 16:14:10,217.71,4,348,352,1.14%,80.04,0.25%,"[0, 5, 10, 15, 20, 25, 30, 35, 40, 45, 50, 55, 60, 65, 70, 75, 80, 85, 90, 95, 100]","[4, 0, 0, 0, 0, 0, 1, 1, 0, 1, 1, 0, 0, 1, 0, 0, 1604, 0, 0, 0]","[0.0024798512089274642, 0.0024798512089274642, 0.0024798512089274642, 0.0024798512089274642, 0.0024798512089274642, 0.0024798512089274642, 0.0030998140111593306, 0.0037197768133911966, 0.0037197768133911966, 0.0043397396156230625, 0.0049597024178549285, 0.0049597024178549285, 0.0049597024178549285, 0.005579665220086794, 0.005579665220086794, 0.005579665220086794, 1.0, 1.0, 1.0, 1.0]",4.0,2.0,2.0,2.0,2.0,22,-15.11458,8.0,12.0,hrl_dqn_apf,hierarchical,dqn,-10.000,-10.753,7.220,0.00,0.00,0.00,-16.967,1.801,-5.706,0.00,0.00,0.00,-17.946,1.285,4.131,0.00,0.00,0.00,4.200,4.200,4.200
2026-02-04 16:14:11,218.71,8,345,353,2.27%,80.18,0.50%,"[0, 5, 10, 15, 20, 25, 30, 35, 40, 45, 50, 55, 60, 65, 70, 75, 80, 85, 90, 95, 100]","[8, 0, 0, 0, 0, 0, 1, 1, 0, 1, 0, 2, 0, 0, 0, 0, 1600, 0, 0, 0]","[0.0049597024178549285, 0.0049597024178549285, 0.0049597024178549285, 0.0049597024178549285, 0.0049597024178549285, 0.0049597024178549285, 0.005579665220086794, 0.006199628022318661, 0.006199628022318661, 0.006819590824550527, 0.006819590824550527, 0.008059516429014259, 0.008059516429014259, 0.008059516429014259, 0.008059516429014259, 0.008059516429014259, 1.0, 1.0, 1.0, 1.0]",4.0,2.0,2.0,2.0,2.0,22,-15.11458,8.0,12.0,hrl_dqn_apf,hierarchical,dqn,-10.000,0.086,-0.758,0.00,0.00,0.00,-14.300,0.037,-0.587,0.00,0.00,0.00,-20.109,0.043,-0.590,0.00,0.00,0.00,4.200,4.200,4.200
2026-02-04 16:14:12,219.71,8,345,353,2.27%,80.35,0.50%,"[0, 5, 10, 15, 20, 25, 30, 35, 40, 45, 50, 55, 60, 65, 70, 75, 80, 85, 90, 95, 100]","[8, 0, 0, 0, 0, 0, 0, 2, 0, 1, 0, 2, 0, 0, 0, 0, 1600, 0, 0, 0]","[0.0049597024178549285, 0.0049597024178549285, 0.0049597024178549285, 0.0049597024178549285, 0.0049597024178549285, 0.0049597024178549285, 0.0049597024178549285, 0.006199628022318661, 0.006199628022318661, 0.006819590824550527, 0.006819590824550527, 0.008059516429014259, 0.008059516429014259, 0.008059516429014259, 0.008059516429014259, 0.008059516429014259, 1.0, 1.0, 1.0, 1.0]",4.0,2.0,2.0,2.0,2.0,22,-15.11458,8.0,12.0,hrl_dqn_apf,hierarchical,dqn,-10.000,0.438,-0.758,0.00,0.00,0.00,-14.300,0.037,-0.587,0.00,0.00,0.00,-20.109,0.043,-0.590,0.00,0.00,0.00,4.200,4.200,4.200
2026-02-04 16:14:13,220.71,8,347,355,2.25%,80.53,0.50%,"[0, 5, 10, 15, 20, 25, 30, 35, 40, 45, 50, 55, 60, 65, 70, 75, 80, 85, 90, 95, 100]","[8, 0, 0, 0, 0, 0, 0, 1, 1, 0, 1, 2, 0, 0, 0, 0, 1600, 0, 0, 0]","[0.0049597024178549285, 0.0049597024178549285, 0.0049597024178549285, 0.0049597024178549285, 0.0049597024178549285, 0.0049597024178549285, 0.0049597024178549285, 0.005579665220086794, 0.006199628022318661, 0.006199628022318661, 0.006819590824550527, 0.008059516429014259, 0.008059516429014259, 0.008059516429014259, 0.008059516429014259, 0.008059516429014259, 1.0, 1.0, 1.0, 1.0]",4.0,2.0,2.0,2.0,2.0,22,-15.11458,8.0,12.0,hrl_dqn_apf,hierarchical,dqn,-10.000,0.815,-0.758,0.00,0.00,0.00,-14.300,0.037,-0.587,0.00,0.00,0.00,-20.109,0.043,-0.590,0.00,0.00,0.00,4.200,4.200,4.200
2026-02-04 16:14:14,221.72,8,349,357,2.24%,80.70,0.50%,"[0, 5, 10, 15, 20, 25, 30, 35, 40, 45, 50, 55, 60, 65, 70, 75, 80, 85, 90, 95, 100]","[8, 0, 0, 0, 0, 0, 0, 1, 1, 0, 1, 2, 0, 0, 0, 0, 1261, 339, 0, 0]","[0.0049597024178549285, 0.0049597024178549285, 0.0049597024178549285, 0.0049597024178549285, 0.0049597024178549285, 0.0049597024178549285, 0.0049597024178549285, 0.005579665220086794, 0.006199628022318661, 0.006199628022318661, 0.006819590824550527, 0.008059516429014259, 0.008059516429014259, 0.008059516429014259, 0.008059516429014259, 0.008059516429014259, 0.7898326100433974, 1.0, 1.0, 1.0]",4.0,2.0,2.0,2.0,2.0,22,-15.11458,8.0,12.0,hrl_dqn_apf,hierarchical,dqn,-10.000,1.202,-0.758,0.00,0.00,0.00,-14.309,0.020,-0.611,0.00,0.00,0.00,-20.109,0.043,-0.590,0.00,0.00,0.00,4.200,4.200,4.200
2026-02-04 16:14:15,222.72,8,353,361,2.22%,81.05,0.50%,"[0, 5, 10, 15, 20, 25, 30, 35, 40, 45, 50, 55, 60, 65, 70, 75, 80, 85, 90, 95, 100]","[4, 4, 0, 0, 0, 0, 0, 1, 1, 0, 1, 2, 0, 0, 0, 0, 1261, 339, 0, 0]","[0.0024798512089274642, 0.0049597024178549285, 0.0049597024178549285, 0.0049597024178549285, 0.0049597024178549285, 0.0049597024178549285, 0.0049597024178549285, 0.005579665220086794, 0.006199628022318661, 0.006199628022318661, 0.006819590824550527, 0.008059516429014259, 0.008059516429014259, 0.008059516429014259, 0.008059516429014259, 0.008059516429014259, 0.7898326100433974, 1.0, 1.0, 1.0]",4.0,2.0,2.0,2.0,2.0,22,-15.11458,8.0,12.0,hrl_dqn_apf,hierarchical,dqn,-10.000,1.521,-0.752,0.00,0.00,0.00,-14.305,0.023,-0.602,0.00,0.00,0.00,-20.109,0.043,-0.590,0.00,0.00,0.00,4.200,4.200,4.200
2026-02-04 16:14:16,223.73,9,356,365,2.47%,81.19,0.56%,"[0, 5, 10, 15, 20, 25, 30, 35, 40, 45, 50, 55, 60, 65, 70, 75, 80, 85, 90, 95, 100]","[4, 4, 0, 1, 0, 0, 0, 1, 1, 0, 1, 1, 1, 0, 0, 0, 1260, 339, 0, 0]","[0.0024798512089274642, 0.0049597024178549285, 0.0049597024178549285, 0.005579665220086794, 0.005579665220086794, 0.005579665220086794, 0.005579665220086794, 0.006199628022318661, 0.006819590824550527, 0.006819590824550527, 0.007439553626782393, 0.008059516429014259, 0.008679479231246125, 0.008679479231246125, 0.008679479231246125, 0.008679479231246125, 0.7898326100433974, 1.0, 1.0, 1.0]",4.0,2.0,2.0,2.0,2.0,22,-15.11458,8.0,12.0,hrl_dqn_apf,hierarchical,dqn,-10.000,1.499,-0.428,0.00,0.00,0.00,-14.296,0.029,-0.583,0.00,0.00,0.00,-20.109,0.043,-0.590,0.00,0.00,0.00,4.200,4.200,4.200
2026-02-04 16:14:17,224.73,9,354,363,2.48%,81.36,0.56%,"[0, 5, 10, 15, 20, 25, 30, 35, 40, 45, 50, 55, 60, 65, 70, 75, 80, 85, 90, 95, 100]","[5, 4, 0, 0, 0, 0, 0, 0, 2, 0, 1, 0, 2, 0, 0, 0, 1260, 339, 0, 0]","[0.0030998140111593306, 0.005579665220086794, 0.005579665220086794, 0.005579665220086794, 0.005579665220086794, 0.005579665220086794, 0.005579665220086794, 0.005579665220086794, 0.006819590824550527, 0.006819590824550527, 0.007439553626782393, 0.007439553626782393, 0.008679479231246125, 0.008679479231246125, 0.008679479231246125, 0.008679479231246125, 0.7898326100433974, 1.0, 1.0, 1.0]",4.0,2.0,2.0,2.0,2.0,22,-15.11458,8.0,12.0,hrl_dqn_apf,hierarchical,dqn,-10.000,1.477,0.195,0.00,0.00,0.00,-14.295,0.138,-0.580,0.00,0.00,0.00,-20.109,0.043,-0.590,0.00,0.00,0.00,4.200,4.200,4.200
2026-02-04 16:14:18,225.74,9,356,365,2.47%,81.51,0.56%,"[0, 5, 10, 15, 20, 25, 30, 35, 40, 45, 50, 55, 60, 65, 70, 75, 80, 85, 90, 95, 100]","[5, 4, 0, 0, 0, 0, 0, 0, 2, 1, 0, 1, 2, 0, 0, 0, 1258, 340, 0, 0]","[0.0030998140111593306, 0.005579665220086794, 0.005579665220086794, 0.005579665220086794, 0.005579665220086794, 0.005579665220086794, 0.005579665220086794, 0.005579665220086794, 0.006819590824550527, 0.007439553626782393, 0.007439553626782393, 0.008059516429014259, 0.009299442033477991, 0.009299442033477991, 0.009299442033477991, 0.009299442033477991, 0.7892126472411656, 1.0, 1.0, 1.0]",4.0,2.0,2.0,2.0,2.0,22,-15.11458,8.0,12.0,hrl_dqn_apf,hierarchical,dqn,-10.000,1.456,0.835,0.00,0.00,0.00,-14.295,0.504,-0.581,0.00,0.00,0.00,-20.109,0.043,-0.590,0.00,0.00,0.00,4.200,4.200,4.200
2026-02-04 16:14:19,226.74,10,359,369,2.71%,81.84,0.62%,"[0, 5, 10, 15, 20, 25, 30, 35, 40, 45, 50, 55, 60, 65, 70, 75, 80, 85, 90, 95, 100]","[6, 3, 1, 0, 0, 0, 0, 0, 1, 1, 0, 1, 2, 0, 0, 0, 1256, 7, 335, 0]","[0.0037197768133911966, 0.005579665220086794, 0.006199628022318661, 0.006199628022318661, 0.006199628022318661, 0.006199628022318661, 0.006199628022318661, 0.006199628022318661, 0.006819590824550527, 0.007439553626782393, 0.007439553626782393, 0.008059516429014259, 0.009299442033477991, 0.009299442033477991, 0.009299442033477991, 0.009299442033477991, 0.7879727216367018, 0.7923124612523249, 1.0, 1.0]",4.0,2.0,2.0,2.0,2.0,22,-15.11458,8.0,12.0,hrl_dqn_apf,hierarchical,dqn,-10.000,1.452,0.541,0.00,0.00,0.00,-14.295,1.274,-0.580,0.00,0.00,0.00,-20.109,0.043,-0.590,0.00,0.00,0.00,4.200,4.200,4.200
2026-02-04 16:14:20,227.75,10,359,369,2.71%,82.02,0.62%,"[0, 5, 10, 15, 20, 25, 30, 35, 40, 45, 50, 55, 60, 65, 70, 75, 80, 85, 90, 95, 100]","[6, 0, 4, 0, 0, 0, 0, 0, 1, 1, 0, 1, 2, 0, 0, 0, 1252, 11, 335, 0]","[0.0037197768133911966, 0.0037197768133911966, 0.006199628022318661, 0.006199628022318661, 0.006199628022318661, 0.006199628022318661, 0.006199628022318661, 0.006199628022318661, 0.006819590824550527, 0.007439553626782393, 0.007439553626782393, 0.008059516429014259, 0.009299442033477991, 0.009299442033477991, 0.009299442033477991, 0.009299442033477991, 0.7854928704277744, 0.7923124612523249, 1.0, 1.0]",4.0,2.0,2.0,2.0,2.0,22,-15.11458,8.0,12.0,hrl_dqn_apf,hierarchical,dqn,-10.000,1.464,0.525,0.00,0.00,0.00,-14.295,1.564,-0.580,0.00,0.00,0.00,-20.109,0.043,-0.590,0.00,0.00,0.00,4.200,4.200,4.200
