timestamp,elapsed_time,scanned_count,unscanned_count,total_count,scan_ratio,global_avg_entropy,global_scan_ratio,entropy_bins,entropy_hist,entropy_cdf,repulsion_coefficient,entropy_coefficient,distance_coefficient,leader_range_coefficient,direction_retention_coefficient,hl_action,hl_goal_x,hl_goal_y,hl_goal_z,algorithm_type,env_type,control_mode,UAV1_x,UAV1_y,UAV1_z,UAV1_roll,UAV1_pitch,UAV1_yaw,UAV2_x,UAV2_y,UAV2_z,UAV2_roll,UAV2_pitch,UAV2_yaw,UAV3_x,UAV3_y,UAV3_z,UAV3_roll,UAV3_pitch,UAV3_yaw,UAV1_battery_voltage,UAV2_battery_voltage,UAV3_battery_voltage
2026-02-04 20:45:36,1.00,4,348,352,1.14%,79.98,0.25%,"[0, 5, 10, 15, 20, 25, 30, 35, 40, 45, 50, 55, 60, 65, 70, 75, 80, 85, 90, 95, 100]","[4, 0, 0, 0, 0, 0, 0, 0, 0, 0, 0, 0, 0, 0, 0, 0, 1609, 0, 0, 0]","[0.0024798512089274642, 0.0024798512089274642, 0.0024798512089274642, 0.0024798512089274642, 0.0024798512089274642, 0.0024798512089274642, 0.0024798512089274642, 0.0024798512089274642, 0.0024798512089274642, 0.0024798512089274642, 0.0024798512089274642, 0.0024798512089274642, 0.0024798512089274642, 0.0024798512089274642, 0.0024798512089274642, 0.0024798512089274642, 1.0, 1.0, 1.0, 1.0]",4.0,2.0,2.0,2.0,2.0,,,,,hrl_dqn_apf,hierarchical,dqn,-10.001,1.572,-0.760,0.00,0.00,0.00,-14.300,1.575,-0.590,0.00,0.00,0.00,-20.110,1.566,-0.590,0.00,0.00,0.00,4.200,4.200,4.200
2026-02-04 20:45:37,2.00,4,348,352,1.14%,80.15,0.25%,"[0, 5, 10, 15, 20, 25, 30, 35, 40, 45, 50, 55, 60, 65, 70, 75, 80, 85, 90, 95, 100]","[4, 0, 0, 0, 0, 0, 0, 0, 0, 0, 0, 0, 0, 0, 0, 0, 1609, 0, 0, 0]","[0.0024798512089274642, 0.0024798512089274642, 0.0024798512089274642, 0.0024798512089274642, 0.0024798512089274642, 0.0024798512089274642, 0.0024798512089274642, 0.0024798512089274642, 0.0024798512089274642, 0.0024798512089274642, 0.0024798512089274642, 0.0024798512089274642, 0.0024798512089274642, 0.0024798512089274642, 0.0024798512089274642, 0.0024798512089274642, 1.0, 1.0, 1.0, 1.0]",4.0,2.0,2.0,2.0,2.0,,,,,hrl_dqn_apf,hierarchical,dqn,-10.001,1.572,-0.760,0.00,0.00,0.00,-14.300,1.575,-0.590,0.00,0.00,0.00,-20.110,1.571,-0.590,0.00,0.00,0.00,4.200,4.200,4.200
2026-02-04 20:45:38,3.01,4,349,353,1.13%,80.50,0.25%,"[0, 5, 10, 15, 20, 25, 30, 35, 40, 45, 50, 55, 60, 65, 70, 75, 80, 85, 90, 95, 100]","[4, 0, 0, 0, 0, 0, 0, 0, 0, 0, 0, 0, 0, 0, 0, 0, 1609, 0, 0, 0]","[0.0024798512089274642, 0.0024798512089274642, 0.0024798512089274642, 0.0024798512089274642, 0.0024798512089274642, 0.0024798512089274642, 0.0024798512089274642, 0.0024798512089274642, 0.0024798512089274642, 0.0024798512089274642, 0.0024798512089274642, 0.0024798512089274642, 0.0024798512089274642, 0.0024798512089274642, 0.0024798512089274642, 0.0024798512089274642, 1.0, 1.0, 1.0, 1.0]",4.0,2.0,2.0,2.0,2.0,,,,,hrl_dqn_apf,hierarchical,dqn,-10.001,1.572,-0.760,0.00,0.00,0.00,-14.300,1.575,-0.590,0.00,0.00,0.00,-20.110,1.574,-0.590,0.00,0.00,0.00,4.200,4.200,4.200
2026-02-04 20:45:39,4.01,4,349,353,1.13%,80.67,0.25%,"[0, 5, 10, 15, 20, 25, 30, 35, 40, 45, 50, 55, 60, 65, 70, 75, 80, 85, 90, 95, 100]","[4, 0, 0, 0, 0, 0, 0, 0, 0, 0, 0, 0, 0, 0, 0, 0, 1609, 0, 0, 0]","[0.0024798512089274642, 0.0024798512089274642, 0.0024798512089274642, 0.0024798512089274642, 0.0024798512089274642, 0.0024798512089274642, 0.0024798512089274642, 0.0024798512089274642, 0.0024798512089274642, 0.0024798512089274642, 0.0024798512089274642, 0.0024798512089274642, 0.0024798512089274642, 0.0024798512089274642, 0.0024798512089274642, 0.0024798512089274642, 1.0, 1.0, 1.0, 1.0]",4.0,2.0,2.0,2.0,2.0,6,-23.67798,8.0,-6.0,hrl_dqn_apf,hierarchical,dqn,-9.997,1.562,-0.760,0.00,0.00,0.00,-14.303,1.565,-0.590,0.00,0.00,0.00,-20.110,1.565,-0.594,0.00,0.00,0.00,4.197,4.197,4.197
2026-02-04 20:45:40,5.01,4,351,355,1.13%,80.81,0.25%,"[0, 5, 10, 15, 20, 25, 30, 35, 40, 45, 50, 55, 60, 65, 70, 75, 80, 85, 90, 95, 100]","[4, 0, 0, 0, 0, 0, 1, 0, 0, 0, 0, 0, 0, 0, 0, 0, 1608, 0, 0, 0]","[0.0024798512089274642, 0.0024798512089274642, 0.0024798512089274642, 0.0024798512089274642, 0.0024798512089274642, 0.0024798512089274642, 0.0030998140111593306, 0.0030998140111593306, 0.0030998140111593306, 0.0030998140111593306, 0.0030998140111593306, 0.0030998140111593306, 0.0030998140111593306, 0.0030998140111593306, 0.0030998140111593306, 0.0030998140111593306, 1.0, 1.0, 1.0, 1.0]",4.0,2.0,2.0,2.0,2.0,0,-29.59774,8.0,-12.0,hrl_dqn_apf,hierarchical,dqn,-9.691,1.538,-0.772,0.00,0.00,0.00,-14.610,1.541,-0.578,0.00,0.00,0.00,-20.110,1.541,-0.900,0.00,0.00,0.00,4.194,4.194,4.194
2026-02-04 20:45:41,6.01,7,350,357,1.96%,80.88,0.43%,"[0, 5, 10, 15, 20, 25, 30, 35, 40, 45, 50, 55, 60, 65, 70, 75, 80, 85, 90, 95, 100]","[4, 2, 0, 1, 0, 0, 0, 0, 0, 0, 0, 0, 0, 0, 0, 0, 1261, 345, 0, 0]","[0.0024798512089274642, 0.0037197768133911966, 0.0037197768133911966, 0.0043397396156230625, 0.0043397396156230625, 0.0043397396156230625, 0.0043397396156230625, 0.0043397396156230625, 0.0043397396156230625, 0.0043397396156230625, 0.0043397396156230625, 0.0043397396156230625, 0.0043397396156230625, 0.0043397396156230625, 0.0043397396156230625, 0.0043397396156230625, 0.7861128332300062, 1.0, 1.0, 1.0]",4.0,2.0,2.0,2.0,2.0,22,-17.43764,8.0,12.0,hrl_dqn_apf,hierarchical,dqn,-9.070,1.516,-0.797,0.00,0.00,0.00,-15.231,1.519,-0.553,0.00,0.00,0.00,-20.110,1.891,-1.335,0.00,0.00,0.00,4.191,4.191,4.191
2026-02-04 20:45:42,7.01,8,353,361,2.22%,81.11,0.50%,"[0, 5, 10, 15, 20, 25, 30, 35, 40, 45, 50, 55, 60, 65, 70, 75, 80, 85, 90, 95, 100]","[7, 0, 1, 0, 0, 0, 1, 0, 0, 1, 0, 0, 0, 0, 0, 0, 1261, 342, 0, 0]","[0.0043397396156230625, 0.0043397396156230625, 0.0049597024178549285, 0.0049597024178549285, 0.0049597024178549285, 0.0049597024178549285, 0.005579665220086794, 0.005579665220086794, 0.005579665220086794, 0.006199628022318661, 0.006199628022318661, 0.006199628022318661, 0.006199628022318661, 0.006199628022318661, 0.006199628022318661, 0.006199628022318661, 0.7879727216367018, 1.0, 1.0, 1.0]",4.0,2.0,2.0,2.0,2.0,1,-23.35742,8.0,-12.0,hrl_dqn_apf,hierarchical,dqn,-8.193,2.200,-0.834,0.00,0.00,0.00,-16.081,2.064,-0.510,0.00,0.00,0.00,-20.139,2.568,-1.552,0.00,0.00,0.00,4.188,4.188,4.188
2026-02-04 20:45:43,8.02,10,355,365,2.74%,81.24,0.62%,"[0, 5, 10, 15, 20, 25, 30, 35, 40, 45, 50, 55, 60, 65, 70, 75, 80, 85, 90, 95, 100]","[8, 1, 1, 0, 0, 0, 0, 0, 0, 0, 0, 0, 0, 0, 0, 0, 1261, 342, 0, 0]","[0.0049597024178549285, 0.005579665220086794, 0.006199628022318661, 0.006199628022318661, 0.006199628022318661, 0.006199628022318661, 0.006199628022318661, 0.006199628022318661, 0.006199628022318661, 0.006199628022318661, 0.006199628022318661, 0.006199628022318661, 0.006199628022318661, 0.006199628022318661, 0.006199628022318661, 0.006199628022318661, 0.7879727216367018, 1.0, 1.0, 1.0]",4.0,2.0,2.0,2.0,2.0,9,-5.2770399999999995,8.0,-6.0,hrl_dqn_apf,hierarchical,dqn,-8.115,2.602,-0.837,0.00,0.00,0.00,-15.766,2.050,-0.414,0.00,0.00,0.00,-20.541,2.631,-1.661,0.00,0.00,0.00,4.185,4.185,4.185
2026-02-04 20:45:44,9.02,11,352,363,3.03%,81.35,0.68%,"[0, 5, 10, 15, 20, 25, 30, 35, 40, 45, 50, 55, 60, 65, 70, 75, 80, 85, 90, 95, 100]","[9, 1, 1, 0, 0, 0, 0, 0, 0, 0, 0, 1, 0, 0, 0, 0, 1260, 341, 0, 0]","[0.005579665220086794, 0.006199628022318661, 0.006819590824550527, 0.006819590824550527, 0.006819590824550527, 0.006819590824550527, 0.006819590824550527, 0.006819590824550527, 0.006819590824550527, 0.006819590824550527, 0.006819590824550527, 0.007439553626782393, 0.007439553626782393, 0.007439553626782393, 0.007439553626782393, 0.007439553626782393, 0.7885926844389337, 1.0, 1.0, 1.0]",4.0,2.0,2.0,2.0,2.0,17,-17.19703,8.0,6.0,hrl_dqn_apf,hierarchical,dqn,-8.091,2.999,-0.838,0.00,0.00,0.00,-15.151,1.999,-0.256,0.00,0.00,0.00,-21.181,2.675,-1.823,0.00,0.00,0.00,4.182,4.182,4.182
2026-02-04 20:45:45,10.02,12,353,365,3.29%,81.47,0.74%,"[0, 5, 10, 15, 20, 25, 30, 35, 40, 45, 50, 55, 60, 65, 70, 75, 80, 85, 90, 95, 100]","[10, 1, 1, 0, 0, 0, 0, 0, 0, 0, 1, 0, 0, 0, 0, 0, 1258, 342, 0, 0]","[0.006199628022318661, 0.006819590824550527, 0.007439553626782393, 0.007439553626782393, 0.007439553626782393, 0.007439553626782393, 0.007439553626782393, 0.007439553626782393, 0.007439553626782393, 0.007439553626782393, 0.008059516429014259, 0.008059516429014259, 0.008059516429014259, 0.008059516429014259, 0.008059516429014259, 0.008059516429014259, 0.7879727216367018, 1.0, 1.0, 1.0]",4.0,2.0,2.0,2.0,2.0,14,-5.036819999999999,8.0,0.0,hrl_dqn_apf,hierarchical,dqn,-8.083,3.396,-0.838,0.00,0.00,0.00,-14.636,2.374,-0.121,0.00,0.00,0.00,-21.706,3.063,-1.960,0.00,0.00,0.00,4.178,4.178,4.178
2026-02-04 20:45:46,11.02,13,356,369,3.52%,81.80,0.81%,"[0, 5, 10, 15, 20, 25, 30, 35, 40, 45, 50, 55, 60, 65, 70, 75, 80, 85, 90, 95, 100]","[9, 2, 1, 1, 0, 0, 0, 0, 0, 0, 0, 0, 0, 0, 0, 0, 1256, 7, 337, 0]","[0.005579665220086794, 0.006819590824550527, 0.007439553626782393, 0.008059516429014259, 0.008059516429014259, 0.008059516429014259, 0.008059516429014259, 0.008059516429014259, 0.008059516429014259, 0.008059516429014259, 0.008059516429014259, 0.008059516429014259, 0.008059516429014259, 0.008059516429014259, 0.008059516429014259, 0.008059516429014259, 0.7867327960322381, 0.7910725356478612, 1.0, 1.0]",4.0,2.0,2.0,2.0,2.0,22,-17.03682,8.0,12.0,hrl_dqn_apf,hierarchical,dqn,-8.080,4.199,-0.838,0.00,0.00,0.00,-14.398,3.203,-0.057,0.00,0.00,0.00,-21.948,3.886,-2.025,0.00,0.00,0.00,4.176,4.176,4.176
2026-02-04 20:45:47,12.02,13,356,369,3.52%,81.98,0.81%,"[0, 5, 10, 15, 20, 25, 30, 35, 40, 45, 50, 55, 60, 65, 70, 75, 80, 85, 90, 95, 100]","[8, 3, 1, 1, 0, 0, 0, 0, 0, 0, 0, 0, 0, 0, 0, 0, 1252, 11, 337, 0]","[0.0049597024178549285, 0.006819590824550527, 0.007439553626782393, 0.008059516429014259, 0.008059516429014259, 0.008059516429014259, 0.008059516429014259, 0.008059516429014259, 0.008059516429014259, 0.008059516429014259, 0.008059516429014259, 0.008059516429014259, 0.008059516429014259, 0.008059516429014259, 0.008059516429014259, 0.008059516429014259, 0.7842529448233106, 0.7910725356478612, 1.0, 1.0]",4.0,2.0,2.0,2.0,2.0,0,-28.87644,8.0,-12.0,hrl_dqn_apf,hierarchical,dqn,-8.080,4.596,-0.838,0.00,0.00,0.00,-14.381,3.602,-0.053,0.00,0.00,0.00,-21.965,4.285,-2.030,0.00,0.00,0.00,4.172,4.173,4.173
2026-02-04 20:45:48,13.03,13,356,369,3.52%,82.16,0.81%,"[0, 5, 10, 15, 20, 25, 30, 35, 40, 45, 50, 55, 60, 65, 70, 75, 80, 85, 90, 95, 100]","[8, 3, 1, 1, 0, 0, 0, 0, 0, 0, 0, 0, 0, 0, 0, 0, 1250, 12, 338, 0]","[0.0049597024178549285, 0.006819590824550527, 0.007439553626782393, 0.008059516429014259, 0.008059516429014259, 0.008059516429014259, 0.008059516429014259, 0.008059516429014259, 0.008059516429014259, 0.008059516429014259, 0.008059516429014259, 0.008059516429014259, 0.008059516429014259, 0.008059516429014259, 0.008059516429014259, 0.008059516429014259, 0.7830130192188469, 0.7904525728456293, 1.0, 1.0]",4.0,2.0,2.0,2.0,2.0,19,-4.796140000000001,8.0,6.0,hrl_dqn_apf,hierarchical,dqn,-8.080,4.992,-0.838,0.00,0.00,0.00,-14.375,3.998,-0.051,0.00,0.00,0.00,-21.970,4.681,-2.031,0.00,0.00,0.00,4.170,4.170,4.170
2026-02-04 20:45:49,14.03,13,360,373,3.49%,82.34,0.81%,"[0, 5, 10, 15, 20, 25, 30, 35, 40, 45, 50, 55, 60, 65, 70, 75, 80, 85, 90, 95, 100]","[6, 5, 1, 1, 0, 0, 0, 0, 0, 0, 0, 0, 0, 0, 0, 0, 1248, 14, 338, 0]","[0.0037197768133911966, 0.006819590824550527, 0.007439553626782393, 0.008059516429014259, 0.008059516429014259, 0.008059516429014259, 0.008059516429014259, 0.008059516429014259, 0.008059516429014259, 0.008059516429014259, 0.008059516429014259, 0.008059516429014259, 0.008059516429014259, 0.008059516429014259, 0.008059516429014259, 0.008059516429014259, 0.7817730936143832, 0.7904525728456293, 1.0, 1.0]",4.0,2.0,2.0,2.0,2.0,13,-10.716149999999999,8.0,0.0,hrl_dqn_apf,hierarchical,dqn,-8.080,5.389,-0.838,0.00,0.00,0.00,-14.374,4.396,-0.051,0.00,0.00,0.00,-21.972,5.078,-2.032,0.00,0.00,0.00,4.167,4.167,4.167
2026-02-04 20:45:50,15.03,13,360,373,3.49%,82.71,0.81%,"[0, 5, 10, 15, 20, 25, 30, 35, 40, 45, 50, 55, 60, 65, 70, 75, 80, 85, 90, 95, 100]","[4, 6, 2, 1, 0, 0, 0, 0, 0, 0, 0, 0, 0, 0, 0, 0, 1242, 16, 7, 335]","[0.0024798512089274642, 0.006199628022318661, 0.007439553626782393, 0.008059516429014259, 0.008059516429014259, 0.008059516429014259, 0.008059516429014259, 0.008059516429014259, 0.008059516429014259, 0.008059516429014259, 0.008059516429014259, 0.008059516429014259, 0.008059516429014259, 0.008059516429014259, 0.008059516429014259, 0.008059516429014259, 0.778053316800992, 0.7879727216367018, 0.7923124612523249, 1.0]",4.0,2.0,2.0,2.0,2.0,14,-4.63625,8.0,0.0,hrl_dqn_apf,hierarchical,dqn,-8.080,6.182,-0.838,0.00,0.00,0.00,-14.373,5.189,-0.051,0.00,0.00,0.00,-21.973,5.871,-2.032,0.00,0.00,0.00,4.163,4.163,4.163
2026-02-04 20:45:51,16.04,13,360,373,3.49%,82.89,0.81%,"[0, 5, 10, 15, 20, 25, 30, 35, 40, 45, 50, 55, 60, 65, 70, 75, 80, 85, 90, 95, 100]","[3, 6, 2, 1, 1, 0, 0, 0, 0, 0, 0, 0, 0, 0, 0, 0, 1242, 16, 7, 335]","[0.0018598884066955983, 0.005579665220086794, 0.006819590824550527, 0.007439553626782393, 0.008059516429014259, 0.008059516429014259, 0.008059516429014259, 0.008059516429014259, 0.008059516429014259, 0.008059516429014259, 0.008059516429014259, 0.008059516429014259, 0.008059516429014259, 0.008059516429014259, 0.008059516429014259, 0.008059516429014259, 0.778053316800992, 0.7879727216367018, 0.7923124612523249, 1.0]",4.0,2.0,2.0,2.0,2.0,22,-16.47586,8.0,12.0,hrl_dqn_apf,hierarchical,dqn,-8.080,6.530,-0.836,0.00,0.00,0.00,-14.373,5.586,-0.050,0.00,0.00,0.00,-21.973,6.268,-2.032,0.00,0.00,0.00,4.161,4.161,4.161
2026-02-04 20:45:52,17.04,13,361,374,3.48%,83.05,0.81%,"[0, 5, 10, 15, 20, 25, 30, 35, 40, 45, 50, 55, 60, 65, 70, 75, 80, 85, 90, 95, 100]","[3, 5, 3, 1, 1, 0, 0, 0, 0, 0, 1, 0, 0, 0, 0, 0, 1242, 14, 9, 334]","[0.0018598884066955983, 0.0049597024178549285, 0.006819590824550527, 0.007439553626782393, 0.008059516429014259, 0.008059516429014259, 0.008059516429014259, 0.008059516429014259, 0.008059516429014259, 0.008059516429014259, 0.008679479231246125, 0.008679479231246125, 0.008679479231246125, 0.008679479231246125, 0.008679479231246125, 0.008679479231246125, 0.7786732796032239, 0.78735275883447, 0.7929324240545568, 1.0]",4.0,2.0,2.0,2.0,2.0,2,-16.39605,8.0,-12.0,hrl_dqn_apf,hierarchical,dqn,-8.080,6.553,-0.535,0.00,0.00,0.00,-14.373,5.982,-0.050,0.00,0.00,0.00,-21.973,6.664,-2.032,0.00,0.00,0.00,4.157,4.157,4.157
2026-02-04 20:45:53,18.04,14,360,374,3.74%,83.20,0.87%,"[0, 5, 10, 15, 20, 25, 30, 35, 40, 45, 50, 55, 60, 65, 70, 75, 80, 85, 90, 95, 100]","[4, 5, 3, 1, 1, 0, 0, 0, 0, 0, 0, 0, 0, 0, 0, 0, 1242, 10, 12, 335]","[0.0024798512089274642, 0.005579665220086794, 0.007439553626782393, 0.008059516429014259, 0.008679479231246125, 0.008679479231246125, 0.008679479231246125, 0.008679479231246125, 0.008679479231246125, 0.008679479231246125, 0.008679479231246125, 0.008679479231246125, 0.008679479231246125, 0.008679479231246125, 0.008679479231246125, 0.008679479231246125, 0.7786732796032239, 0.7848729076255425, 0.7923124612523249, 1.0]",4.0,2.0,2.0,2.0,2.0,20,-28.31592,8.0,12.0,hrl_dqn_apf,hierarchical,dqn,-8.080,6.549,0.088,0.00,0.00,0.00,-14.373,6.379,-0.050,0.00,0.00,0.00,-21.973,6.736,-2.218,0.00,0.00,0.00,4.155,4.155,4.155
2026-02-04 20:45:54,19.04,15,363,378,3.97%,83.47,0.93%,"[0, 5, 10, 15, 20, 25, 30, 35, 40, 45, 50, 55, 60, 65, 70, 75, 80, 85, 90, 95, 100]","[6, 1, 6, 1, 1, 0, 0, 0, 1, 0, 0, 0, 0, 0, 0, 0, 1236, 14, 12, 335]","[0.0037197768133911966, 0.0043397396156230625, 0.008059516429014259, 0.008679479231246125, 0.009299442033477991, 0.009299442033477991, 0.009299442033477991, 0.009299442033477991, 0.009919404835709857, 0.009919404835709857, 0.009919404835709857, 0.009919404835709857, 0.009919404835709857, 0.009919404835709857, 0.009919404835709857, 0.009919404835709857, 0.7761934283942964, 0.7848729076255425, 0.7923124612523249, 1.0]",4.0,2.0,2.0,2.0,2.0,3,-10.155529999999999,8.0,-12.0,hrl_dqn_apf,hierarchical,dqn,-8.080,6.600,1.491,0.00,0.00,0.00,-14.965,6.551,-0.050,0.00,0.00,0.00,-21.939,6.758,-3.463,0.00,0.00,0.00,4.151,4.151,4.151
2026-02-04 20:45:55,20.05,16,362,378,4.23%,83.63,0.99%,"[0, 5, 10, 15, 20, 25, 30, 35, 40, 45, 50, 55, 60, 65, 70, 75, 80, 85, 90, 95, 100]","[7, 0, 6, 2, 1, 0, 0, 0, 0, 0, 0, 0, 0, 0, 0, 0, 1236, 10, 14, 337]","[0.0043397396156230625, 0.0043397396156230625, 0.008059516429014259, 0.009299442033477991, 0.009919404835709857, 0.009919404835709857, 0.009919404835709857, 0.009919404835709857, 0.009919404835709857, 0.009919404835709857, 0.009919404835709857, 0.009919404835709857, 0.009919404835709857, 0.009919404835709857, 0.009919404835709857, 0.009919404835709857, 0.7761934283942964, 0.782393056416615, 0.7910725356478612, 1.0]",4.0,2.0,2.0,2.0,2.0,15,-28.07564,8.0,6.0,hrl_dqn_apf,hierarchical,dqn,-8.080,6.710,1.417,0.00,0.00,0.00,-15.653,6.551,-0.055,0.00,0.00,0.00,-21.524,6.814,-3.797,0.00,0.00,0.00,4.148,4.149,4.149
2026-02-04 20:45:56,21.05,16,364,380,4.21%,83.80,0.99%,"[0, 5, 10, 15, 20, 25, 30, 35, 40, 45, 50, 55, 60, 65, 70, 75, 80, 85, 90, 95, 100]","[8, 0, 5, 2, 1, 0, 0, 0, 0, 0, 0, 0, 0, 0, 0, 0, 1236, 8, 16, 337]","[0.0049597024178549285, 0.0049597024178549285, 0.008059516429014259, 0.009299442033477991, 0.009919404835709857, 0.009919404835709857, 0.009919404835709857, 0.009919404835709857, 0.009919404835709857, 0.009919404835709857, 0.009919404835709857, 0.009919404835709857, 0.009919404835709857, 0.009919404835709857, 0.009919404835709857, 0.009919404835709857, 0.7761934283942964, 0.7811531308121513, 0.7910725356478612, 1.0]",4.0,2.0,2.0,2.0,2.0,24,-3.99653,8.0,12.0,hrl_dqn_apf,hierarchical,dqn,-8.080,6.720,0.864,0.00,0.00,0.00,-16.088,6.618,-0.364,0.00,0.00,0.00,-21.165,6.894,-3.592,0.00,0.00,0.00,4.145,4.145,4.145
2026-02-04 20:45:57,22.06,16,366,382,4.19%,83.97,0.99%,"[0, 5, 10, 15, 20, 25, 30, 35, 40, 45, 50, 55, 60, 65, 70, 75, 80, 85, 90, 95, 100]","[10, 0, 3, 2, 0, 1, 0, 0, 0, 0, 0, 0, 0, 0, 0, 0, 1235, 9, 16, 337]","[0.006199628022318661, 0.006199628022318661, 0.008059516429014259, 0.009299442033477991, 0.009299442033477991, 0.009919404835709857, 0.009919404835709857, 0.009919404835709857, 0.009919404835709857, 0.009919404835709857, 0.009919404835709857, 0.009919404835709857, 0.009919404835709857, 0.009919404835709857, 0.009919404835709857, 0.009919404835709857, 0.7755734655920645, 0.7811531308121513, 0.7910725356478612, 1.0]",4.0,2.0,2.0,2.0,2.0,8,-9.91522,8.0,-6.0,hrl_dqn_apf,hierarchical,dqn,-8.273,6.780,0.350,0.00,0.00,0.00,-16.229,6.723,-0.602,0.00,0.00,0.00,-21.044,6.903,-3.000,0.00,0.00,0.00,4.142,4.143,4.143
2026-02-04 20:45:58,23.06,16,368,384,4.17%,84.34,0.99%,"[0, 5, 10, 15, 20, 25, 30, 35, 40, 45, 50, 55, 60, 65, 70, 75, 80, 85, 90, 95, 100]","[10, 2, 1, 2, 0, 1, 0, 0, 0, 0, 0, 0, 0, 0, 0, 0, 1233, 11, 8, 345]","[0.006199628022318661, 0.007439553626782393, 0.008059516429014259, 0.009299442033477991, 0.009299442033477991, 0.009919404835709857, 0.009919404835709857, 0.009919404835709857, 0.009919404835709857, 0.009919404835709857, 0.009919404835709857, 0.009919404835709857, 0.009919404835709857, 0.009919404835709857, 0.009919404835709857, 0.009919404835709857, 0.7743335399876008, 0.7811531308121513, 0.7861128332300062, 1.0]",4.0,2.0,2.0,2.0,2.0,11,-21.755200000000002,8.0,0.0,hrl_dqn_apf,hierarchical,dqn,-8.951,6.831,-0.472,0.00,0.00,0.00,-16.286,6.754,0.451,0.00,0.00,0.00,-20.995,6.898,-1.564,0.00,0.00,0.00,4.139,4.139,4.139
2026-02-04 20:45:59,24.06,17,369,386,4.40%,84.47,1.05%,"[0, 5, 10, 15, 20, 25, 30, 35, 40, 45, 50, 55, 60, 65, 70, 75, 80, 85, 90, 95, 100]","[9, 3, 0, 3, 0, 2, 0, 0, 0, 0, 0, 0, 0, 0, 0, 0, 1231, 7, 14, 344]","[0.005579665220086794, 0.007439553626782393, 0.007439553626782393, 0.009299442033477991, 0.009299442033477991, 0.010539367637941723, 0.010539367637941723, 0.010539367637941723, 0.010539367637941723, 0.010539367637941723, 0.010539367637941723, 0.010539367637941723, 0.010539367637941723, 0.010539367637941723, 0.010539367637941723, 0.010539367637941723, 0.7737135771853689, 0.778053316800992, 0.7867327960322381, 1.0]",4.0,2.0,2.0,2.0,2.0,7,-15.67504,8.0,-6.0,hrl_dqn_apf,hierarchical,dqn,-9.024,6.834,-1.172,0.00,0.00,0.00,-16.290,6.761,1.178,0.00,0.00,0.00,-20.991,6.895,-0.804,0.00,0.00,0.00,4.136,4.136,4.136
2026-02-04 20:46:00,25.07,18,370,388,4.64%,84.60,1.12%,"[0, 5, 10, 15, 20, 25, 30, 35, 40, 45, 50, 55, 60, 65, 70, 75, 80, 85, 90, 95, 100]","[10, 3, 0, 2, 1, 2, 0, 0, 0, 0, 0, 0, 0, 0, 0, 0, 1231, 7, 10, 347]","[0.006199628022318661, 0.008059516429014259, 0.008059516429014259, 0.009299442033477991, 0.009919404835709857, 0.011159330440173589, 0.011159330440173589, 0.011159330440173589, 0.011159330440173589, 0.011159330440173589, 0.011159330440173589, 0.011159330440173589, 0.011159330440173589, 0.011159330440173589, 0.011159330440173589, 0.011159330440173589, 0.7743335399876008, 0.7786732796032239, 0.7848729076255425, 1.0]",4.0,2.0,2.0,2.0,2.0,1,-21.5946,8.0,-12.0,hrl_dqn_apf,hierarchical,dqn,-9.328,6.897,-1.521,0.00,0.00,0.00,-16.291,6.908,1.315,0.00,0.00,0.00,-20.990,6.892,-0.045,0.00,0.00,0.00,4.133,4.133,4.133
2026-02-04 20:46:01,26.07,18,370,388,4.64%,84.78,1.12%,"[0, 5, 10, 15, 20, 25, 30, 35, 40, 45, 50, 55, 60, 65, 70, 75, 80, 85, 90, 95, 100]","[10, 4, 0, 2, 1, 1, 0, 0, 0, 0, 0, 0, 0, 0, 0, 0, 1231, 7, 8, 349]","[0.006199628022318661, 0.008679479231246125, 0.008679479231246125, 0.009919404835709857, 0.010539367637941723, 0.011159330440173589, 0.011159330440173589, 0.011159330440173589, 0.011159330440173589, 0.011159330440173589, 0.011159330440173589, 0.011159330440173589, 0.011159330440173589, 0.011159330440173589, 0.011159330440173589, 0.011159330440173589, 0.7743335399876008, 0.7786732796032239, 0.7836329820210788, 1.0]",4.0,2.0,2.0,2.0,2.0,14,-3.4344199999999994,8.0,0.0,hrl_dqn_apf,hierarchical,dqn,-9.668,6.923,-1.507,0.00,0.00,0.00,-16.292,6.928,0.818,0.00,0.00,0.00,-20.989,7.035,0.331,0.00,0.00,0.00,4.130,4.130,4.130
2026-02-04 20:46:02,27.07,17,371,388,4.38%,85.12,1.05%,"[0, 5, 10, 15, 20, 25, 30, 35, 40, 45, 50, 55, 60, 65, 70, 75, 80, 85, 90, 95, 100]","[9, 5, 1, 1, 1, 0, 1, 0, 0, 0, 0, 0, 0, 0, 0, 1, 1223, 14, 9, 348]","[0.005579665220086794, 0.008679479231246125, 0.009299442033477991, 0.009919404835709857, 0.010539367637941723, 0.010539367637941723, 0.011159330440173589, 0.011159330440173589, 0.011159330440173589, 0.011159330440173589, 0.011159330440173589, 0.011159330440173589, 0.011159330440173589, 0.011159330440173589, 0.011159330440173589, 0.011779293242405457, 0.7699938003719777, 0.7786732796032239, 0.7842529448233106, 1.0]",4.0,2.0,2.0,2.0,2.0,23,-9.35442,8.0,12.0,hrl_dqn_apf,hierarchical,dqn,-11.012,6.923,-1.498,0.00,0.00,0.00,-15.716,7.030,0.091,0.00,0.00,0.00,-21.524,7.152,-0.165,0.00,0.00,0.00,4.127,4.127,4.127
2026-02-04 20:46:03,28.07,18,372,390,4.62%,85.22,1.12%,"[0, 5, 10, 15, 20, 25, 30, 35, 40, 45, 50, 55, 60, 65, 70, 75, 80, 85, 90, 95, 100]","[9, 6, 1, 1, 1, 0, 2, 0, 0, 0, 0, 0, 0, 0, 0, 0, 1223, 14, 9, 347]","[0.005579665220086794, 0.009299442033477991, 0.009919404835709857, 0.010539367637941723, 0.011159330440173589, 0.011159330440173589, 0.012399256044637322, 0.012399256044637322, 0.012399256044637322, 0.012399256044637322, 0.012399256044637322, 0.012399256044637322, 0.012399256044637322, 0.012399256044637322, 0.012399256044637322, 0.012399256044637322, 0.7706137631742096, 0.7792932424054557, 0.7848729076255425, 1.0]",4.0,2.0,2.0,2.0,2.0,7,-15.27402,8.0,-6.0,hrl_dqn_apf,hierarchical,dqn,-11.759,6.927,-1.502,0.00,0.00,0.00,-15.440,7.081,0.471,0.00,0.00,0.00,-21.371,7.238,-0.240,0.00,0.00,0.00,4.124,4.124,4.124
2026-02-04 20:46:04,29.07,19,371,390,4.87%,85.38,1.18%,"[0, 5, 10, 15, 20, 25, 30, 35, 40, 45, 50, 55, 60, 65, 70, 75, 80, 85, 90, 95, 100]","[8, 7, 2, 0, 2, 0, 1, 0, 0, 0, 0, 0, 0, 0, 0, 0, 1219, 15, 7, 352]","[0.0049597024178549285, 0.009299442033477991, 0.010539367637941723, 0.010539367637941723, 0.011779293242405457, 0.011779293242405457, 0.012399256044637322, 0.012399256044637322, 0.012399256044637322, 0.012399256044637322, 0.012399256044637322, 0.012399256044637322, 0.012399256044637322, 0.012399256044637322, 0.012399256044637322, 0.012399256044637322, 0.7681339119652821, 0.7774333539987601, 0.7817730936143832, 1.0]",4.0,2.0,2.0,2.0,2.0,14,-3.1942199999999996,8.0,0.0,hrl_dqn_apf,hierarchical,dqn,-12.208,7.000,-1.817,0.00,0.00,0.00,-15.351,7.084,1.121,0.00,0.00,0.00,-20.792,7.245,-0.264,0.00,0.00,0.00,4.121,4.121,4.121
2026-02-04 20:46:05,30.08,20,370,390,5.13%,85.50,1.24%,"[0, 5, 10, 15, 20, 25, 30, 35, 40, 45, 50, 55, 60, 65, 70, 75, 80, 85, 90, 95, 100]","[7, 8, 3, 0, 2, 0, 1, 0, 0, 0, 0, 0, 0, 0, 0, 0, 1217, 16, 8, 351]","[0.0043397396156230625, 0.009299442033477991, 0.011159330440173589, 0.011159330440173589, 0.012399256044637322, 0.012399256044637322, 0.013019218846869188, 0.013019218846869188, 0.013019218846869188, 0.013019218846869188, 0.013019218846869188, 0.013019218846869188, 0.013019218846869188, 0.013019218846869188, 0.013019218846869188, 0.013019218846869188, 0.7675139491630503, 0.7774333539987601, 0.782393056416615, 1.0]",4.0,2.0,2.0,2.0,2.0,6,-21.03391,8.0,-6.0,hrl_dqn_apf,hierarchical,dqn,-12.181,7.043,-2.342,0.00,0.00,0.00,-15.497,7.135,1.749,0.00,0.00,0.00,-20.082,7.243,-0.271,0.00,0.00,0.00,4.118,4.118,4.118
2026-02-04 20:46:06,31.08,22,369,391,5.63%,85.71,1.36%,"[0, 5, 10, 15, 20, 25, 30, 35, 40, 45, 50, 55, 60, 65, 70, 75, 80, 85, 90, 95, 100]","[9, 7, 4, 0, 1, 1, 0, 1, 0, 1, 0, 0, 0, 0, 0, 0, 1217, 10, 13, 349]","[0.005579665220086794, 0.009919404835709857, 0.012399256044637322, 0.012399256044637322, 0.013019218846869188, 0.013639181649101054, 0.013639181649101054, 0.01425914445133292, 0.01425914445133292, 0.014879107253564786, 0.014879107253564786, 0.014879107253564786, 0.014879107253564786, 0.014879107253564786, 0.014879107253564786, 0.014879107253564786, 0.7693738375697459, 0.7755734655920645, 0.7836329820210788, 1.0]",4.0,2.0,2.0,2.0,2.0,19,-2.9536599999999993,8.0,6.0,hrl_dqn_apf,hierarchical,dqn,-12.170,7.181,-2.870,0.00,0.00,0.00,-16.070,7.301,1.759,0.00,0.00,0.00,-18.639,7.292,-0.294,0.00,0.00,0.00,4.115,4.115,4.115
2026-02-04 20:46:07,32.09,23,370,393,5.85%,85.81,1.43%,"[0, 5, 10, 15, 20, 25, 30, 35, 40, 45, 50, 55, 60, 65, 70, 75, 80, 85, 90, 95, 100]","[9, 4, 6, 2, 1, 1, 0, 1, 0, 1, 0, 0, 0, 1, 0, 0, 1218, 8, 14, 347]","[0.005579665220086794, 0.008059516429014259, 0.011779293242405457, 0.013019218846869188, 0.013639181649101054, 0.01425914445133292, 0.01425914445133292, 0.014879107253564786, 0.014879107253564786, 0.015499070055796652, 0.015499070055796652, 0.015499070055796652, 0.015499070055796652, 0.016119032858028518, 0.016119032858028518, 0.016119032858028518, 0.7712337259764415, 0.7761934283942964, 0.7848729076255425, 1.0]",4.0,2.0,2.0,2.0,2.0,9,-2.8737600000000008,8.0,-6.0,hrl_dqn_apf,hierarchical,dqn,-11.978,7.253,-2.914,0.00,0.00,0.00,-15.782,7.368,1.759,0.00,0.00,0.00,-18.633,7.395,-0.532,0.00,0.00,0.00,4.112,4.112,4.112
2026-02-04 20:46:08,33.09,25,370,395,6.33%,85.89,1.55%,"[0, 5, 10, 15, 20, 25, 30, 35, 40, 45, 50, 55, 60, 65, 70, 75, 80, 85, 90, 95, 100]","[9, 6, 6, 2, 1, 1, 0, 1, 0, 1, 0, 0, 0, 0, 0, 1, 1211, 14, 14, 346]","[0.005579665220086794, 0.009299442033477991, 0.013019218846869188, 0.01425914445133292, 0.014879107253564786, 0.015499070055796652, 0.015499070055796652, 0.016119032858028518, 0.016119032858028518, 0.016738995660260384, 0.016738995660260384, 0.016738995660260384, 0.016738995660260384, 0.016738995660260384, 0.016738995660260384, 0.01735895846249225, 0.7681339119652821, 0.7768133911965283, 0.7854928704277744, 1.0]",4.0,2.0,2.0,2.0,2.0,1,-20.79373,8.0,-12.0,hrl_dqn_apf,hierarchical,dqn,-11.387,7.259,-2.928,0.00,0.00,0.00,-15.265,7.375,2.079,0.00,0.00,0.00,-19.058,7.401,-0.927,0.00,0.00,0.00,4.109,4.109,4.109
2026-02-04 20:46:09,34.10,26,369,395,6.58%,86.01,1.61%,"[0, 5, 10, 15, 20, 25, 30, 35, 40, 45, 50, 55, 60, 65, 70, 75, 80, 85, 90, 95, 100]","[10, 5, 8, 2, 0, 1, 0, 1, 0, 1, 0, 0, 0, 0, 0, 0, 1211, 10, 16, 348]","[0.006199628022318661, 0.009299442033477991, 0.01425914445133292, 0.015499070055796652, 0.015499070055796652, 0.016119032858028518, 0.016119032858028518, 0.016738995660260384, 0.016738995660260384, 0.01735895846249225, 0.01735895846249225, 0.01735895846249225, 0.01735895846249225, 0.01735895846249225, 0.01735895846249225, 0.01735895846249225, 0.7681339119652821, 0.7743335399876008, 0.7842529448233106, 1.0]",4.0,2.0,2.0,2.0,2.0,3,-8.7136,8.0,-12.0,hrl_dqn_apf,hierarchical,dqn,-11.055,7.384,-2.933,0.00,0.00,0.00,-14.684,7.370,2.517,0.00,0.00,0.00,-19.613,7.402,-1.388,0.00,0.00,0.00,4.106,4.106,4.106
2026-02-04 20:46:10,35.10,27,372,399,6.77%,86.30,1.67%,"[0, 5, 10, 15, 20, 25, 30, 35, 40, 45, 50, 55, 60, 65, 70, 75, 80, 85, 90, 95, 100]","[9, 6, 7, 4, 0, 1, 0, 1, 0, 0, 2, 0, 0, 0, 0, 0, 1210, 9, 16, 348]","[0.005579665220086794, 0.009299442033477991, 0.013639181649101054, 0.016119032858028518, 0.016119032858028518, 0.016738995660260384, 0.016738995660260384, 0.01735895846249225, 0.01735895846249225, 0.01735895846249225, 0.018598884066955982, 0.018598884066955982, 0.018598884066955982, 0.018598884066955982, 0.018598884066955982, 0.018598884066955982, 0.768753874767514, 0.7743335399876008, 0.7842529448233106, 1.0]",4.0,2.0,2.0,2.0,2.0,17,-14.6344,8.0,6.0,hrl_dqn_apf,hierarchical,dqn,-12.089,7.450,-2.977,0.00,0.00,0.00,-13.953,7.531,2.548,0.00,0.00,0.00,-19.699,7.558,-1.975,0.00,0.00,0.00,4.103,4.103,4.103
2026-02-04 20:46:11,36.10,27,374,401,6.73%,86.47,1.67%,"[0, 5, 10, 15, 20, 25, 30, 35, 40, 45, 50, 55, 60, 65, 70, 75, 80, 85, 90, 95, 100]","[10, 5, 8, 4, 0, 0, 1, 0, 1, 0, 1, 0, 0, 0, 0, 0, 1210, 9, 10, 354]","[0.006199628022318661, 0.009299442033477991, 0.01425914445133292, 0.016738995660260384, 0.016738995660260384, 0.016738995660260384, 0.01735895846249225, 0.01735895846249225, 0.017978921264724116, 0.017978921264724116, 0.018598884066955982, 0.018598884066955982, 0.018598884066955982, 0.018598884066955982, 0.018598884066955982, 0.018598884066955982, 0.768753874767514, 0.7743335399876008, 0.7805331680099195, 1.0]",4.0,2.0,2.0,2.0,2.0,4,-2.4700299999999995,8.0,-12.0,hrl_dqn_apf,hierarchical,dqn,-12.392,7.505,-3.406,0.00,0.00,0.00,-13.892,7.600,2.765,0.00,0.00,0.00,-19.068,7.568,-2.019,0.00,0.00,0.00,4.100,4.100,4.100
2026-02-04 20:46:12,37.10,27,372,399,6.77%,86.62,1.67%,"[0, 5, 10, 15, 20, 25, 30, 35, 40, 45, 50, 55, 60, 65, 70, 75, 80, 85, 90, 95, 100]","[9, 6, 5, 5, 2, 0, 1, 0, 1, 0, 1, 0, 0, 0, 0, 0, 1211, 9, 9, 354]","[0.005579665220086794, 0.009299442033477991, 0.012399256044637322, 0.015499070055796652, 0.016738995660260384, 0.016738995660260384, 0.01735895846249225, 0.01735895846249225, 0.017978921264724116, 0.017978921264724116, 0.018598884066955982, 0.018598884066955982, 0.018598884066955982, 0.018598884066955982, 0.018598884066955982, 0.018598884066955982, 0.7693738375697459, 0.7749535027898327, 0.7805331680099195, 1.0]",4.0,2.0,2.0,2.0,2.0,6,-20.39024,8.0,-6.0,hrl_dqn_apf,hierarchical,dqn,-12.171,7.581,-3.748,0.00,0.00,0.00,-13.872,7.605,3.349,0.00,0.00,0.00,-18.668,7.636,-1.718,0.00,0.00,0.00,4.097,4.097,4.097
2026-02-04 20:46:13,38.10,29,374,403,7.20%,86.71,1.80%,"[0, 5, 10, 15, 20, 25, 30, 35, 40, 45, 50, 55, 60, 65, 70, 75, 80, 85, 90, 95, 100]","[8, 5, 7, 6, 3, 0, 1, 0, 1, 0, 1, 0, 0, 0, 0, 0, 1207, 7, 14, 353]","[0.0049597024178549285, 0.008059516429014259, 0.012399256044637322, 0.016119032858028518, 0.017978921264724116, 0.017978921264724116, 0.018598884066955982, 0.018598884066955982, 0.019218846869187848, 0.019218846869187848, 0.019838809671419714, 0.019838809671419714, 0.019838809671419714, 0.019838809671419714, 0.019838809671419714, 0.019838809671419714, 0.7681339119652821, 0.7724736515809052, 0.7811531308121513, 1.0]",4.0,2.0,2.0,2.0,2.0,14,-2.31006,8.0,0.0,hrl_dqn_apf,hierarchical,dqn,-11.575,7.590,-3.866,0.00,0.00,0.00,-13.866,7.734,3.638,0.00,0.00,0.00,-18.534,7.740,-1.517,0.00,0.00,0.00,4.094,4.094,4.094
2026-02-04 20:46:14,39.11,30,375,405,7.41%,86.99,1.86%,"[0, 5, 10, 15, 20, 25, 30, 35, 40, 45, 50, 55, 60, 65, 70, 75, 80, 85, 90, 95, 100]","[9, 4, 6, 7, 4, 0, 1, 0, 1, 0, 1, 0, 1, 0, 0, 0, 1207, 7, 8, 357]","[0.005579665220086794, 0.008059516429014259, 0.011779293242405457, 0.016119032858028518, 0.018598884066955982, 0.018598884066955982, 0.019218846869187848, 0.019218846869187848, 0.019838809671419714, 0.019838809671419714, 0.02045877247365158, 0.02045877247365158, 0.021078735275883446, 0.021078735275883446, 0.021078735275883446, 0.021078735275883446, 0.7693738375697459, 0.7737135771853689, 0.7786732796032239, 1.0]",4.0,2.0,2.0,2.0,2.0,22,-14.22974,8.0,12.0,hrl_dqn_apf,hierarchical,dqn,-11.321,7.760,-3.872,0.00,0.00,0.00,-13.237,7.803,3.184,0.00,0.00,0.00,-18.480,7.768,-2.621,0.00,0.00,0.00,4.091,4.091,4.091
2026-02-04 20:46:15,40.11,30,375,405,7.41%,87.13,1.86%,"[0, 5, 10, 15, 20, 25, 30, 35, 40, 45, 50, 55, 60, 65, 70, 75, 80, 85, 90, 95, 100]","[9, 4, 6, 7, 4, 0, 1, 0, 1, 0, 0, 1, 2, 0, 0, 0, 1201, 12, 10, 355]","[0.005579665220086794, 0.008059516429014259, 0.011779293242405457, 0.016119032858028518, 0.018598884066955982, 0.018598884066955982, 0.019218846869187848, 0.019218846869187848, 0.019838809671419714, 0.019838809671419714, 0.019838809671419714, 0.02045877247365158, 0.02169869807811531, 0.02169869807811531, 0.02169869807811531, 0.02169869807811531, 0.7662740235585865, 0.7737135771853689, 0.7799132052076876, 1.0]",4.0,2.0,2.0,2.0,2.0,0,-26.06965,8.0,-12.0,hrl_dqn_apf,hierarchical,dqn,-11.519,7.793,-3.443,0.00,0.00,0.00,-12.550,7.809,3.129,0.00,0.00,0.00,-18.476,7.765,-3.358,0.00,0.00,0.00,4.088,4.088,4.088
2026-02-04 20:46:16,41.12,32,373,405,7.90%,87.22,1.98%,"[0, 5, 10, 15, 20, 25, 30, 35, 40, 45, 50, 55, 60, 65, 70, 75, 80, 85, 90, 95, 100]","[9, 5, 6, 8, 4, 0, 0, 1, 1, 0, 0, 1, 1, 0, 0, 0, 1200, 14, 9, 354]","[0.005579665220086794, 0.008679479231246125, 0.012399256044637322, 0.01735895846249225, 0.019838809671419714, 0.019838809671419714, 0.019838809671419714, 0.02045877247365158, 0.021078735275883446, 0.021078735275883446, 0.021078735275883446, 0.02169869807811531, 0.022318660880347178, 0.022318660880347178, 0.022318660880347178, 0.022318660880347178, 0.7662740235585865, 0.7749535027898327, 0.7805331680099195, 1.0]",4.0,2.0,2.0,2.0,2.0,20,-25.98967,8.0,12.0,hrl_dqn_apf,hierarchical,dqn,-11.583,7.794,-2.776,0.00,0.00,0.00,-12.128,7.874,2.785,0.00,0.00,0.00,-18.475,7.762,-4.115,0.00,0.00,0.00,4.085,4.085,4.085
2026-02-04 20:46:17,42.12,32,375,407,7.86%,87.36,1.98%,"[0, 5, 10, 15, 20, 25, 30, 35, 40, 45, 50, 55, 60, 65, 70, 75, 80, 85, 90, 95, 100]","[9, 5, 6, 7, 4, 1, 0, 1, 1, 1, 0, 1, 0, 1, 0, 0, 1198, 16, 9, 353]","[0.005579665220086794, 0.008679479231246125, 0.012399256044637322, 0.016738995660260384, 0.019218846869187848, 0.019838809671419714, 0.019838809671419714, 0.02045877247365158, 0.021078735275883446, 0.02169869807811531, 0.02169869807811531, 0.022318660880347178, 0.022318660880347178, 0.022938623682579044, 0.022938623682579044, 0.022938623682579044, 0.7656540607563547, 0.7755734655920645, 0.7811531308121513, 1.0]",4.0,2.0,2.0,2.0,2.0,8,-7.9092,8.0,-6.0,hrl_dqn_apf,hierarchical,dqn,-11.603,7.791,-2.039,0.00,0.00,0.00,-12.205,7.957,2.354,0.00,0.00,0.00,-18.475,7.759,-4.876,0.00,0.00,0.00,4.082,4.082,4.082
2026-02-04 20:46:18,43.13,34,373,407,8.35%,87.64,2.11%,"[0, 5, 10, 15, 20, 25, 30, 35, 40, 45, 50, 55, 60, 65, 70, 75, 80, 85, 90, 95, 100]","[10, 5, 5, 4, 8, 2, 0, 1, 0, 1, 0, 1, 0, 1, 0, 0, 1192, 18, 8, 357]","[0.006199628022318661, 0.009299442033477991, 0.012399256044637322, 0.014879107253564786, 0.019838809671419714, 0.021078735275883446, 0.021078735275883446, 0.02169869807811531, 0.02169869807811531, 0.022318660880347178, 0.022318660880347178, 0.022938623682579044, 0.022938623682579044, 0.023558586484810913, 0.023558586484810913, 0.023558586484810913, 0.7625542467451953, 0.7737135771853689, 0.7786732796032239, 1.0]",4.0,2.0,2.0,2.0,2.0,12,-13.74928,8.0,0.0,hrl_dqn_apf,hierarchical,dqn,-11.519,7.940,-1.767,0.00,0.00,0.00,-12.923,8.070,2.772,0.00,0.00,0.00,-17.891,7.880,-5.740,0.00,0.00,0.00,4.079,4.079,4.079
2026-02-04 20:46:19,44.13,35,373,408,8.58%,87.79,2.17%,"[0, 5, 10, 15, 20, 25, 30, 35, 40, 45, 50, 55, 60, 65, 70, 75, 80, 85, 90, 95, 100]","[8, 6, 6, 5, 6, 4, 0, 1, 0, 1, 0, 1, 0, 1, 0, 0, 1192, 18, 7, 357]","[0.0049597024178549285, 0.008679479231246125, 0.012399256044637322, 0.015499070055796652, 0.019218846869187848, 0.02169869807811531, 0.02169869807811531, 0.022318660880347178, 0.022318660880347178, 0.022938623682579044, 0.022938623682579044, 0.023558586484810913, 0.023558586484810913, 0.02417854928704278, 0.02417854928704278, 0.02417854928704278, 0.7631742095474272, 0.7743335399876008, 0.7786732796032239, 1.0]",4.0,2.0,2.0,2.0,2.0,1,-19.66901,8.0,-12.0,hrl_dqn_apf,hierarchical,dqn,-11.368,7.930,-2.365,0.00,0.00,0.00,-13.135,8.083,3.431,0.00,0.00,0.00,-17.619,7.936,-5.388,0.00,0.00,0.00,4.076,4.076,4.076
2026-02-04 20:46:20,45.14,35,373,408,8.58%,87.98,2.17%,"[0, 5, 10, 15, 20, 25, 30, 35, 40, 45, 50, 55, 60, 65, 70, 75, 80, 85, 90, 95, 100]","[8, 7, 4, 5, 7, 4, 0, 1, 0, 1, 0, 1, 0, 1, 0, 0, 1192, 14, 11, 357]","[0.0049597024178549285, 0.009299442033477991, 0.011779293242405457, 0.014879107253564786, 0.019218846869187848, 0.02169869807811531, 0.02169869807811531, 0.022318660880347178, 0.022318660880347178, 0.022938623682579044, 0.022938623682579044, 0.023558586484810913, 0.023558586484810913, 0.02417854928704278, 0.02417854928704278, 0.02417854928704278, 0.7631742095474272, 0.7718536887786733, 0.7786732796032239, 1.0]",4.0,2.0,2.0,2.0,2.0,3,-7.588710000000001,8.0,-12.0,hrl_dqn_apf,hierarchical,dqn,-11.161,7.916,-3.078,0.00,0.00,0.00,-13.360,8.091,4.161,0.00,0.00,0.00,-17.531,7.939,-4.728,0.00,0.00,0.00,4.073,4.073,4.073
2026-02-04 20:46:21,46.14,36,372,408,8.82%,88.07,2.23%,"[0, 5, 10, 15, 20, 25, 30, 35, 40, 45, 50, 55, 60, 65, 70, 75, 80, 85, 90, 95, 100]","[8, 7, 4, 6, 7, 4, 0, 0, 1, 2, 0, 0, 1, 0, 0, 0, 1193, 10, 14, 356]","[0.0049597024178549285, 0.009299442033477991, 0.011779293242405457, 0.015499070055796652, 0.019838809671419714, 0.022318660880347178, 0.022318660880347178, 0.022318660880347178, 0.022938623682579044, 0.02417854928704278, 0.02417854928704278, 0.02417854928704278, 0.024798512089274645, 0.024798512089274645, 0.024798512089274645, 0.024798512089274645, 0.7644141351518909, 0.7706137631742096, 0.7792932424054557, 1.0]",4.0,2.0,2.0,2.0,2.0,9,-1.5083099999999998,8.0,-6.0,hrl_dqn_apf,hierarchical,dqn,-11.000,7.916,-3.809,0.00,0.00,0.00,-13.524,8.233,4.456,0.00,0.00,0.00,-17.504,7.936,-3.996,0.00,0.00,0.00,4.070,4.070,4.070
2026-02-04 20:46:22,47.14,37,373,410,9.02%,88.30,2.29%,"[0, 5, 10, 15, 20, 25, 30, 35, 40, 45, 50, 55, 60, 65, 70, 75, 80, 85, 90, 95, 100]","[11, 4, 6, 5, 5, 6, 2, 0, 1, 0, 1, 0, 1, 0, 0, 0, 1186, 12, 16, 357]","[0.006819590824550527, 0.009299442033477991, 0.013019218846869188, 0.016119032858028518, 0.019218846869187848, 0.022938623682579044, 0.02417854928704278, 0.02417854928704278, 0.024798512089274645, 0.024798512089274645, 0.02541847489150651, 0.02541847489150651, 0.026038437693738377, 0.026038437693738377, 0.026038437693738377, 0.026038437693738377, 0.7613143211407316, 0.768753874767514, 0.7786732796032239, 1.0]",4.0,2.0,2.0,2.0,2.0,5,-25.348689999999998,8.0,-6.0,hrl_dqn_apf,hierarchical,dqn,-10.927,7.911,-5.320,0.00,0.00,0.00,-13.643,8.349,4.610,0.00,0.00,0.00,-16.856,8.020,-3.110,0.00,0.00,0.00,4.067,4.067,4.067
2026-02-04 20:46:23,48.14,37,371,408,9.07%,88.38,2.29%,"[0, 5, 10, 15, 20, 25, 30, 35, 40, 45, 50, 55, 60, 65, 70, 75, 80, 85, 90, 95, 100]","[11, 4, 5, 5, 6, 6, 2, 1, 1, 0, 1, 1, 1, 0, 0, 0, 1186, 9, 18, 356]","[0.006819590824550527, 0.009299442033477991, 0.012399256044637322, 0.015499070055796652, 0.019218846869187848, 0.022938623682579044, 0.02417854928704278, 0.024798512089274645, 0.02541847489150651, 0.02541847489150651, 0.026038437693738377, 0.026658400495970243, 0.02727836329820211, 0.02727836329820211, 0.02727836329820211, 0.02727836329820211, 0.7625542467451953, 0.7681339119652821, 0.7792932424054557, 1.0]",4.0,2.0,2.0,2.0,2.0,5,-25.26757,8.0,-6.0,hrl_dqn_apf,hierarchical,dqn,-10.929,7.918,-6.073,0.00,0.00,0.00,-14.084,8.382,4.832,0.00,0.00,0.00,-16.170,8.030,-3.040,0.00,0.00,0.00,4.064,4.064,4.064
2026-02-04 20:46:24,49.14,37,375,412,8.98%,88.44,2.29%,"[0, 5, 10, 15, 20, 25, 30, 35, 40, 45, 50, 55, 60, 65, 70, 75, 80, 85, 90, 95, 100]","[9, 6, 7, 4, 5, 6, 5, 0, 1, 0, 1, 0, 1, 0, 0, 0, 1185, 9, 19, 355]","[0.005579665220086794, 0.009299442033477991, 0.013639181649101054, 0.016119032858028518, 0.019218846869187848, 0.022938623682579044, 0.026038437693738377, 0.026038437693738377, 0.026658400495970243, 0.026658400495970243, 0.02727836329820211, 0.02727836329820211, 0.027898326100433975, 0.027898326100433975, 0.027898326100433975, 0.027898326100433975, 0.7625542467451953, 0.7681339119652821, 0.7799132052076876, 1.0]",4.0,2.0,2.0,2.0,2.0,24,-1.18764,8.0,12.0,hrl_dqn_apf,hierarchical,dqn,-11.261,7.989,-6.508,0.00,0.00,0.00,-14.755,8.383,4.904,0.00,0.00,0.00,-15.751,8.102,-3.351,0.00,0.00,0.00,4.061,4.061,4.061
2026-02-04 20:46:25,50.15,39,375,414,9.42%,88.51,2.42%,"[0, 5, 10, 15, 20, 25, 30, 35, 40, 45, 50, 55, 60, 65, 70, 75, 80, 85, 90, 95, 100]","[9, 6, 7, 5, 5, 7, 4, 1, 1, 0, 2, 0, 1, 0, 0, 0, 1185, 9, 14, 357]","[0.005579665220086794, 0.009299442033477991, 0.013639181649101054, 0.016738995660260384, 0.019838809671419714, 0.02417854928704278, 0.026658400495970243, 0.02727836329820211, 0.027898326100433975, 0.027898326100433975, 0.029138251704897707, 0.029138251704897707, 0.029758214507129573, 0.029758214507129573, 0.029758214507129573, 0.029758214507129573, 0.7644141351518909, 0.7699938003719777, 0.7786732796032239, 1.0]",4.0,2.0,2.0,2.0,2.0,23,-7.02749,8.0,12.0,hrl_dqn_apf,hierarchical,dqn,-11.891,7.997,-6.649,0.00,0.00,0.00,-15.490,8.381,4.926,0.00,0.00,0.00,-15.618,8.208,-3.556,0.00,0.00,0.00,4.058,4.058,4.058
2026-02-04 20:46:26,51.16,40,376,416,9.62%,88.70,2.48%,"[0, 5, 10, 15, 20, 25, 30, 35, 40, 45, 50, 55, 60, 65, 70, 75, 80, 85, 90, 95, 100]","[8, 8, 6, 4, 7, 7, 4, 2, 0, 2, 1, 1, 0, 1, 0, 0, 1183, 5, 14, 360]","[0.0049597024178549285, 0.009919404835709857, 0.013639181649101054, 0.016119032858028518, 0.02045877247365158, 0.024798512089274645, 0.02727836329820211, 0.02851828890266584, 0.02851828890266584, 0.029758214507129573, 0.03037817730936144, 0.030998140111593304, 0.030998140111593304, 0.03161810291382517, 0.03161810291382517, 0.03161810291382517, 0.7650340979541228, 0.7681339119652821, 0.7768133911965283, 1.0]",4.0,2.0,2.0,2.0,2.0,20,-24.947200000000002,8.0,12.0,hrl_dqn_apf,hierarchical,dqn,-12.752,8.113,-7.250,0.00,0.00,0.00,-15.750,8.556,4.936,0.00,0.00,0.00,-15.564,8.236,-2.453,0.00,0.00,0.00,4.055,4.055,4.055
2026-02-04 20:46:27,52.16,39,379,418,9.33%,88.86,2.42%,"[0, 5, 10, 15, 20, 25, 30, 35, 40, 45, 50, 55, 60, 65, 70, 75, 80, 85, 90, 95, 100]","[8, 9, 5, 6, 5, 6, 5, 3, 0, 1, 1, 1, 0, 1, 0, 0, 1181, 7, 12, 362]","[0.0049597024178549285, 0.010539367637941723, 0.013639181649101054, 0.01735895846249225, 0.02045877247365158, 0.02417854928704278, 0.02727836329820211, 0.029138251704897707, 0.029138251704897707, 0.029758214507129573, 0.03037817730936144, 0.030998140111593304, 0.030998140111593304, 0.03161810291382517, 0.03161810291382517, 0.03161810291382517, 0.7637941723496591, 0.7681339119652821, 0.7755734655920645, 1.0]",4.0,2.0,2.0,2.0,2.0,15,-24.86734,8.0,6.0,hrl_dqn_apf,hierarchical,dqn,-12.826,8.198,-7.090,0.00,0.00,0.00,-15.139,8.565,4.942,0.00,0.00,0.00,-15.566,8.241,-1.724,0.00,0.00,0.00,4.052,4.052,4.052
2026-02-04 20:46:28,53.17,39,379,418,9.33%,89.04,2.42%,"[0, 5, 10, 15, 20, 25, 30, 35, 40, 45, 50, 55, 60, 65, 70, 75, 80, 85, 90, 95, 100]","[7, 10, 5, 5, 5, 7, 5, 3, 0, 1, 1, 1, 0, 1, 0, 0, 1181, 7, 8, 366]","[0.0043397396156230625, 0.010539367637941723, 0.013639181649101054, 0.016738995660260384, 0.019838809671419714, 0.02417854928704278, 0.02727836329820211, 0.029138251704897707, 0.029138251704897707, 0.029758214507129573, 0.03037817730936144, 0.030998140111593304, 0.030998140111593304, 0.03161810291382517, 0.03161810291382517, 0.03161810291382517, 0.7637941723496591, 0.7681339119652821, 0.7730936143831371, 1.0]",4.0,2.0,2.0,2.0,2.0,4,-0.7872400000000006,8.0,-12.0,hrl_dqn_apf,hierarchical,dqn,-12.849,8.205,-6.505,0.00,0.00,0.00,-14.734,8.629,5.268,0.00,0.00,0.00,-15.891,8.312,-1.288,0.00,0.00,0.00,4.049,4.049,4.049
2026-02-04 20:46:29,54.17,38,380,418,9.09%,89.15,2.36%,"[0, 5, 10, 15, 20, 25, 30, 35, 40, 45, 50, 55, 60, 65, 70, 75, 80, 85, 90, 95, 100]","[7, 8, 5, 7, 5, 6, 7, 3, 0, 2, 0, 2, 0, 1, 0, 0, 1177, 11, 8, 364]","[0.0043397396156230625, 0.009299442033477991, 0.012399256044637322, 0.016738995660260384, 0.019838809671419714, 0.023558586484810913, 0.027898326100433975, 0.029758214507129573, 0.029758214507129573, 0.030998140111593304, 0.030998140111593304, 0.032238065716057036, 0.032238065716057036, 0.0328580285182889, 0.0328580285182889, 0.0328580285182889, 0.7625542467451953, 0.7693738375697459, 0.7743335399876008, 1.0]",4.0,2.0,2.0,2.0,2.0,24,-0.6269600000000004,8.0,12.0,hrl_dqn_apf,hierarchical,dqn,-13.065,8.266,-5.999,0.00,0.00,0.00,-14.605,8.736,5.481,0.00,0.00,0.00,-16.519,8.319,-1.147,0.00,0.00,0.00,4.046,4.046,4.046
2026-02-04 20:46:30,55.17,39,385,424,9.20%,89.39,2.42%,"[0, 5, 10, 15, 20, 25, 30, 35, 40, 45, 50, 55, 60, 65, 70, 75, 80, 85, 90, 95, 100]","[9, 7, 6, 6, 4, 7, 6, 4, 1, 1, 0, 2, 0, 0, 1, 1, 1173, 14, 9, 362]","[0.005579665220086794, 0.009919404835709857, 0.013639181649101054, 0.01735895846249225, 0.019838809671419714, 0.02417854928704278, 0.027898326100433975, 0.03037817730936144, 0.030998140111593304, 0.03161810291382517, 0.03161810291382517, 0.0328580285182889, 0.0328580285182889, 0.0328580285182889, 0.03347799132052077, 0.034097954122752634, 0.7613143211407316, 0.7699938003719777, 0.7755734655920645, 1.0]",4.0,2.0,2.0,2.0,2.0,2,-12.54711,8.0,-12.0,hrl_dqn_apf,hierarchical,dqn,-13.745,8.316,-5.145,0.00,0.00,0.00,-14.553,8.764,4.382,0.00,0.00,0.00,-17.382,8.407,-1.718,0.00,0.00,0.00,4.043,4.043,4.043
2026-02-04 20:46:31,56.17,39,381,420,9.29%,89.53,2.42%,"[0, 5, 10, 15, 20, 25, 30, 35, 40, 45, 50, 55, 60, 65, 70, 75, 80, 85, 90, 95, 100]","[11, 5, 9, 3, 5, 6, 7, 4, 1, 0, 1, 1, 1, 0, 1, 0, 1171, 14, 9, 364]","[0.006819590824550527, 0.009919404835709857, 0.015499070055796652, 0.01735895846249225, 0.02045877247365158, 0.02417854928704278, 0.02851828890266584, 0.030998140111593304, 0.03161810291382517, 0.03161810291382517, 0.032238065716057036, 0.0328580285182889, 0.03347799132052077, 0.03347799132052077, 0.034097954122752634, 0.034097954122752634, 0.7600743955362679, 0.768753874767514, 0.7743335399876008, 1.0]",4.0,2.0,2.0,2.0,2.0,12,-12.467,8.0,0.0,hrl_dqn_apf,hierarchical,dqn,-13.803,8.323,-4.442,0.00,0.00,0.00,-14.549,8.761,3.644,0.00,0.00,0.00,-17.459,8.408,-2.408,0.00,0.00,0.00,4.040,4.040,4.040
2026-02-04 20:46:32,57.17,39,381,420,9.29%,89.71,2.42%,"[0, 5, 10, 15, 20, 25, 30, 35, 40, 45, 50, 55, 60, 65, 70, 75, 80, 85, 90, 95, 100]","[12, 3, 9, 2, 6, 7, 4, 5, 3, 0, 1, 2, 1, 0, 1, 0, 1167, 16, 7, 367]","[0.007439553626782393, 0.009299442033477991, 0.014879107253564786, 0.016119032858028518, 0.019838809671419714, 0.02417854928704278, 0.026658400495970243, 0.029758214507129573, 0.03161810291382517, 0.03161810291382517, 0.032238065716057036, 0.03347799132052077, 0.034097954122752634, 0.034097954122752634, 0.0347179169249845, 0.0347179169249845, 0.7582145071295723, 0.7681339119652821, 0.7724736515809052, 1.0]",4.0,2.0,2.0,2.0,2.0,18,-6.38669,8.0,6.0,hrl_dqn_apf,hierarchical,dqn,-13.500,8.397,-4.013,0.00,0.00,0.00,-14.549,8.758,2.891,0.00,0.00,0.00,-17.483,8.405,-3.148,0.00,0.00,0.00,4.037,4.037,4.037
2026-02-04 20:46:33,58.18,37,383,420,8.81%,89.85,2.29%,"[0, 5, 10, 15, 20, 25, 30, 35, 40, 45, 50, 55, 60, 65, 70, 75, 80, 85, 90, 95, 100]","[14, 3, 9, 3, 3, 5, 7, 5, 3, 0, 1, 1, 1, 0, 1, 0, 1167, 16, 7, 367]","[0.008679479231246125, 0.010539367637941723, 0.016119032858028518, 0.017978921264724116, 0.019838809671419714, 0.022938623682579044, 0.02727836329820211, 0.03037817730936144, 0.032238065716057036, 0.032238065716057036, 0.0328580285182889, 0.03347799132052077, 0.034097954122752634, 0.034097954122752634, 0.0347179169249845, 0.0347179169249845, 0.7582145071295723, 0.7681339119652821, 0.7724736515809052, 1.0]",4.0,2.0,2.0,2.0,2.0,21,-18.30688,8.0,12.0,hrl_dqn_apf,hierarchical,dqn,-12.903,8.416,-3.972,0.00,0.00,0.00,-14.550,8.755,2.132,0.00,0.00,0.00,-17.672,8.516,-3.599,0.00,0.00,0.00,4.034,4.034,4.034
2026-02-04 20:46:34,59.18,37,384,421,8.79%,90.11,2.29%,"[0, 5, 10, 15, 20, 25, 30, 35, 40, 45, 50, 55, 60, 65, 70, 75, 80, 85, 90, 95, 100]","[15, 6, 4, 4, 4, 4, 5, 6, 4, 2, 1, 0, 2, 0, 1, 0, 1167, 10, 12, 366]","[0.009299442033477991, 0.013019218846869188, 0.015499070055796652, 0.017978921264724116, 0.02045877247365158, 0.022938623682579044, 0.026038437693738377, 0.029758214507129573, 0.032238065716057036, 0.03347799132052077, 0.034097954122752634, 0.034097954122752634, 0.035337879727216366, 0.035337879727216366, 0.03595784252944823, 0.03595784252944823, 0.759454432734036, 0.7656540607563547, 0.7730936143831371, 1.0]",4.0,2.0,2.0,2.0,2.0,8,-6.226559999999999,8.0,-6.0,hrl_dqn_apf,hierarchical,dqn,-11.492,8.402,-4.300,0.00,0.00,0.00,-14.551,8.933,1.862,0.00,0.00,0.00,-18.898,8.549,-3.468,0.00,0.00,0.00,4.031,4.031,4.031
2026-02-04 20:46:35,60.18,35,386,421,8.31%,90.29,2.17%,"[0, 5, 10, 15, 20, 25, 30, 35, 40, 45, 50, 55, 60, 65, 70, 75, 80, 85, 90, 95, 100]","[14, 6, 4, 5, 3, 3, 7, 6, 4, 2, 1, 0, 2, 0, 0, 1, 1163, 12, 14, 366]","[0.008679479231246125, 0.012399256044637322, 0.014879107253564786, 0.017978921264724116, 0.019838809671419714, 0.02169869807811531, 0.026038437693738377, 0.029758214507129573, 0.032238065716057036, 0.03347799132052077, 0.034097954122752634, 0.034097954122752634, 0.035337879727216366, 0.035337879727216366, 0.035337879727216366, 0.03595784252944823, 0.7569745815251085, 0.7644141351518909, 0.7730936143831371, 1.0]",4.0,2.0,2.0,2.0,2.0,1,-18.06655,8.0,-12.0,hrl_dqn_apf,hierarchical,dqn,-10.738,8.400,-4.348,0.00,0.00,0.00,-14.551,8.950,2.470,0.00,0.00,0.00,-19.634,8.556,-3.440,0.00,0.00,0.00,4.028,4.028,4.028
2026-02-04 20:46:36,61.18,36,387,423,8.51%,90.42,2.23%,"[0, 5, 10, 15, 20, 25, 30, 35, 40, 45, 50, 55, 60, 65, 70, 75, 80, 85, 90, 95, 100]","[12, 8, 3, 6, 2, 5, 6, 7, 4, 2, 0, 1, 2, 0, 0, 1, 1161, 12, 14, 367]","[0.007439553626782393, 0.012399256044637322, 0.01425914445133292, 0.017978921264724116, 0.019218846869187848, 0.022318660880347178, 0.026038437693738377, 0.03037817730936144, 0.0328580285182889, 0.034097954122752634, 0.034097954122752634, 0.0347179169249845, 0.03595784252944823, 0.03595784252944823, 0.03595784252944823, 0.0365778053316801, 0.7563546187228767, 0.7637941723496591, 0.7724736515809052, 1.0]",4.0,2.0,2.0,2.0,2.0,10,-23.98648,8.0,0.0,hrl_dqn_apf,hierarchical,dqn,-9.980,8.397,-4.364,0.00,0.00,0.00,-14.550,9.079,2.530,0.00,0.00,0.00,-20.063,8.628,-3.761,0.00,0.00,0.00,4.025,4.025,4.025
2026-02-04 20:46:37,62.18,36,383,419,8.59%,90.55,2.23%,"[0, 5, 10, 15, 20, 25, 30, 35, 40, 45, 50, 55, 60, 65, 70, 75, 80, 85, 90, 95, 100]","[13, 8, 2, 7, 2, 4, 7, 5, 5, 2, 1, 1, 1, 1, 0, 1, 1161, 10, 14, 368]","[0.008059516429014259, 0.013019218846869188, 0.01425914445133292, 0.018598884066955982, 0.019838809671419714, 0.022318660880347178, 0.026658400495970243, 0.029758214507129573, 0.0328580285182889, 0.034097954122752634, 0.0347179169249845, 0.035337879727216366, 0.03595784252944823, 0.0365778053316801, 0.0365778053316801, 0.037197768133911964, 0.7569745815251085, 0.7631742095474272, 0.7718536887786733, 1.0]",4.0,2.0,2.0,2.0,2.0,3,-5.9060500000000005,8.0,-12.0,hrl_dqn_apf,hierarchical,dqn,-9.433,8.401,-4.371,0.00,0.00,0.00,-14.765,9.122,2.233,0.00,0.00,0.00,-20.204,8.636,-4.392,0.00,0.00,0.00,4.022,4.022,4.022
2026-02-04 20:46:38,63.18,36,385,421,8.55%,90.77,2.23%,"[0, 5, 10, 15, 20, 25, 30, 35, 40, 45, 50, 55, 60, 65, 70, 75, 80, 85, 90, 95, 100]","[10, 10, 4, 6, 2, 4, 5, 5, 8, 3, 1, 2, 1, 2, 0, 0, 1160, 9, 16, 365]","[0.006199628022318661, 0.012399256044637322, 0.014879107253564786, 0.018598884066955982, 0.019838809671419714, 0.022318660880347178, 0.02541847489150651, 0.02851828890266584, 0.03347799132052077, 0.035337879727216366, 0.03595784252944823, 0.037197768133911964, 0.03781773093614383, 0.03905765654060756, 0.03905765654060756, 0.03905765654060756, 0.7582145071295723, 0.7637941723496591, 0.7737135771853689, 1.0]",4.0,2.0,2.0,2.0,2.0,0,-23.74632,8.0,-12.0,hrl_dqn_apf,hierarchical,dqn,-8.832,8.467,-5.012,0.00,0.00,0.00,-15.971,9.196,2.084,0.00,0.00,0.00,-19.667,8.728,-5.289,0.00,0.00,0.00,4.019,4.019,4.019
2026-02-04 20:46:39,64.19,39,382,421,9.26%,90.79,2.42%,"[0, 5, 10, 15, 20, 25, 30, 35, 40, 45, 50, 55, 60, 65, 70, 75, 80, 85, 90, 95, 100]","[12, 10, 5, 5, 3, 4, 4, 6, 5, 4, 2, 1, 0, 2, 0, 0, 1160, 11, 10, 369]","[0.007439553626782393, 0.013639181649101054, 0.016738995660260384, 0.019838809671419714, 0.02169869807811531, 0.02417854928704278, 0.026658400495970243, 0.03037817730936144, 0.03347799132052077, 0.03595784252944823, 0.037197768133911964, 0.03781773093614383, 0.03781773093614383, 0.03905765654060756, 0.03905765654060756, 0.03905765654060756, 0.7582145071295723, 0.7650340979541228, 0.7712337259764415, 1.0]",4.0,2.0,2.0,2.0,2.0,17,-11.66617,8.0,6.0,hrl_dqn_apf,hierarchical,dqn,-8.788,8.470,-5.350,0.00,0.00,0.00,-15.853,9.294,2.074,0.00,0.00,0.00,-19.404,8.756,-5.797,0.00,0.00,0.00,4.016,4.016,4.016
2026-02-04 20:46:40,65.19,39,384,423,9.22%,90.92,2.42%,"[0, 5, 10, 15, 20, 25, 30, 35, 40, 45, 50, 55, 60, 65, 70, 75, 80, 85, 90, 95, 100]","[11, 11, 6, 3, 4, 4, 4, 7, 6, 4, 2, 1, 0, 2, 0, 0, 1158, 9, 10, 371]","[0.006819590824550527, 0.013639181649101054, 0.01735895846249225, 0.019218846869187848, 0.02169869807811531, 0.02417854928704278, 0.026658400495970243, 0.030998140111593304, 0.0347179169249845, 0.037197768133911964, 0.038437693738375696, 0.03905765654060756, 0.03905765654060756, 0.040297582145071294, 0.040297582145071294, 0.040297582145071294, 0.7582145071295723, 0.7637941723496591, 0.7699938003719777, 1.0]",4.0,2.0,2.0,2.0,2.0,18,-5.58583,8.0,6.0,hrl_dqn_apf,hierarchical,dqn,-8.784,8.514,-5.091,0.00,0.00,0.00,-15.283,9.302,2.070,0.00,0.00,0.00,-19.321,8.757,-6.484,0.00,0.00,0.00,4.013,4.013,4.013
2026-02-04 20:46:41,66.20,38,389,427,8.90%,91.08,2.36%,"[0, 5, 10, 15, 20, 25, 30, 35, 40, 45, 50, 55, 60, 65, 70, 75, 80, 85, 90, 95, 100]","[9, 9, 9, 2, 6, 3, 5, 7, 6, 4, 2, 1, 1, 2, 0, 0, 1156, 7, 14, 370]","[0.005579665220086794, 0.011159330440173589, 0.016738995660260384, 0.017978921264724116, 0.02169869807811531, 0.023558586484810913, 0.026658400495970243, 0.030998140111593304, 0.0347179169249845, 0.037197768133911964, 0.038437693738375696, 0.03905765654060756, 0.03967761934283943, 0.04091754494730316, 0.04091754494730316, 0.04091754494730316, 0.7575945443273404, 0.7619342839429635, 0.7706137631742096, 1.0]",4.0,2.0,2.0,2.0,2.0,7,-11.50604,8.0,-6.0,hrl_dqn_apf,hierarchical,dqn,-8.783,8.519,-4.558,0.00,0.00,0.00,-14.573,9.300,2.069,0.00,0.00,0.00,-19.082,8.820,-7.017,0.00,0.00,0.00,4.010,4.010,4.010
2026-02-04 20:46:42,67.20,39,388,427,9.13%,91.29,2.42%,"[0, 5, 10, 15, 20, 25, 30, 35, 40, 45, 50, 55, 60, 65, 70, 75, 80, 85, 90, 95, 100]","[8, 8, 10, 3, 6, 4, 5, 6, 6, 5, 3, 1, 1, 1, 1, 0, 1152, 11, 8, 374]","[0.0049597024178549285, 0.009919404835709857, 0.016119032858028518, 0.017978921264724116, 0.02169869807811531, 0.02417854928704278, 0.02727836329820211, 0.030998140111593304, 0.0347179169249845, 0.03781773093614383, 0.03967761934283943, 0.040297582145071294, 0.04091754494730316, 0.041537507749535026, 0.04215747055176689, 0.04215747055176689, 0.7563546187228767, 0.7631742095474272, 0.7681339119652821, 1.0]",4.0,2.0,2.0,2.0,2.0,17,-11.34553,8.0,6.0,hrl_dqn_apf,hierarchical,dqn,-8.782,8.595,-3.532,0.00,0.00,0.00,-13.689,9.424,1.521,0.00,0.00,0.00,-17.780,8.833,-7.258,0.00,0.00,0.00,4.007,4.007,4.007
2026-02-04 20:46:43,68.21,40,387,427,9.37%,91.39,2.48%,"[0, 5, 10, 15, 20, 25, 30, 35, 40, 45, 50, 55, 60, 65, 70, 75, 80, 85, 90, 95, 100]","[9, 9, 9, 4, 6, 3, 4, 5, 8, 5, 3, 1, 1, 0, 2, 0, 1150, 12, 9, 373]","[0.005579665220086794, 0.011159330440173589, 0.016738995660260384, 0.019218846869187848, 0.022938623682579044, 0.024798512089274645, 0.02727836329820211, 0.03037817730936144, 0.035337879727216366, 0.038437693738375696, 0.040297582145071294, 0.04091754494730316, 0.041537507749535026, 0.041537507749535026, 0.04277743335399876, 0.04277743335399876, 0.7557346559206448, 0.7631742095474272, 0.768753874767514, 1.0]",4.0,2.0,2.0,2.0,2.0,15,-23.26567,8.0,6.0,hrl_dqn_apf,hierarchical,dqn,-8.788,8.687,-3.652,0.00,0.00,0.00,-13.613,9.507,1.689,0.00,0.00,0.00,-17.044,8.848,-7.276,0.00,0.00,0.00,4.004,4.004,4.004
2026-02-04 20:46:44,69.21,40,389,429,9.32%,91.53,2.48%,"[0, 5, 10, 15, 20, 25, 30, 35, 40, 45, 50, 55, 60, 65, 70, 75, 80, 85, 90, 95, 100]","[9, 8, 11, 4, 4, 4, 5, 4, 7, 5, 5, 1, 1, 0, 2, 0, 1148, 14, 9, 372]","[0.005579665220086794, 0.010539367637941723, 0.01735895846249225, 0.019838809671419714, 0.022318660880347178, 0.024798512089274645, 0.027898326100433975, 0.03037817730936144, 0.0347179169249845, 0.03781773093614383, 0.04091754494730316, 0.041537507749535026, 0.04215747055176689, 0.04215747055176689, 0.04339739615623062, 0.04339739615623062, 0.755114693118413, 0.7637941723496591, 0.7693738375697459, 1.0]",4.0,2.0,2.0,2.0,2.0,14,0.8147099999999998,8.0,0.0,hrl_dqn_apf,hierarchical,dqn,-9.114,8.731,-3.904,0.00,0.00,0.00,-13.590,9.514,2.274,0.00,0.00,0.00,-16.942,8.992,-7.281,0.00,0.00,0.00,4.001,4.001,4.001
2026-02-04 20:46:45,70.21,40,387,427,9.37%,91.72,2.48%,"[0, 5, 10, 15, 20, 25, 30, 35, 40, 45, 50, 55, 60, 65, 70, 75, 80, 85, 90, 95, 100]","[10, 6, 11, 7, 2, 4, 4, 4, 7, 6, 4, 2, 1, 0, 2, 0, 1146, 14, 11, 372]","[0.006199628022318661, 0.009919404835709857, 0.016738995660260384, 0.021078735275883446, 0.022318660880347178, 0.024798512089274645, 0.02727836329820211, 0.029758214507129573, 0.034097954122752634, 0.03781773093614383, 0.040297582145071294, 0.041537507749535026, 0.04215747055176689, 0.04215747055176689, 0.04339739615623062, 0.04339739615623062, 0.7538747675139492, 0.7625542467451953, 0.7693738375697459, 1.0]",4.0,2.0,2.0,2.0,2.0,7,-11.10519,8.0,-6.0,hrl_dqn_apf,hierarchical,dqn,-9.746,8.736,-3.986,0.00,0.00,0.00,-13.582,9.511,2.985,0.00,0.00,0.00,-17.016,9.060,-7.283,0.00,0.00,0.00,3.998,3.998,3.998
2026-02-04 20:46:46,71.22,40,387,427,9.37%,92.12,2.48%,"[0, 5, 10, 15, 20, 25, 30, 35, 40, 45, 50, 55, 60, 65, 70, 75, 80, 85, 90, 95, 100]","[9, 6, 9, 8, 2, 6, 2, 5, 7, 6, 4, 3, 0, 1, 1, 1, 1142, 16, 7, 378]","[0.005579665220086794, 0.009299442033477991, 0.014879107253564786, 0.019838809671419714, 0.021078735275883446, 0.024798512089274645, 0.026038437693738377, 0.029138251704897707, 0.03347799132052077, 0.037197768133911964, 0.03967761934283943, 0.041537507749535026, 0.041537507749535026, 0.04215747055176689, 0.04277743335399876, 0.04339739615623062, 0.7513949163050218, 0.7613143211407316, 0.7656540607563547, 1.0]",4.0,2.0,2.0,2.0,2.0,14,1.0553000000000008,8.0,0.0,hrl_dqn_apf,hierarchical,dqn,-10.567,8.855,-3.428,0.00,0.00,0.00,-13.578,9.684,3.236,0.00,0.00,0.00,-15.898,9.109,-7.243,0.00,0.00,0.00,3.995,3.995,3.995
2026-02-04 20:46:47,72.22,39,389,428,9.11%,92.28,2.42%,"[0, 5, 10, 15, 20, 25, 30, 35, 40, 45, 50, 55, 60, 65, 70, 75, 80, 85, 90, 95, 100]","[7, 7, 7, 11, 2, 5, 2, 6, 5, 6, 6, 3, 1, 1, 1, 1, 1142, 16, 7, 377]","[0.0043397396156230625, 0.008679479231246125, 0.013019218846869188, 0.019838809671419714, 0.021078735275883446, 0.02417854928704278, 0.02541847489150651, 0.029138251704897707, 0.032238065716057036, 0.03595784252944823, 0.03967761934283943, 0.041537507749535026, 0.04215747055176689, 0.04277743335399876, 0.04339739615623062, 0.04401735895846249, 0.7520148791072536, 0.7619342839429635, 0.7662740235585865, 1.0]",4.0,2.0,2.0,2.0,2.0,4,1.1353100000000005,8.0,-12.0,hrl_dqn_apf,hierarchical,dqn,-10.212,8.910,-3.158,0.00,0.00,0.00,-13.578,9.688,2.617,0.00,0.00,0.00,-15.574,9.153,-6.820,0.00,0.00,0.00,3.992,3.992,3.992
2026-02-04 20:46:48,73.22,40,386,426,9.39%,92.41,2.48%,"[0, 5, 10, 15, 20, 25, 30, 35, 40, 45, 50, 55, 60, 65, 70, 75, 80, 85, 90, 95, 100]","[7, 7, 8, 9, 4, 5, 2, 4, 5, 8, 5, 3, 1, 1, 1, 1, 1142, 10, 13, 377]","[0.0043397396156230625, 0.008679479231246125, 0.013639181649101054, 0.019218846869187848, 0.02169869807811531, 0.024798512089274645, 0.026038437693738377, 0.02851828890266584, 0.03161810291382517, 0.0365778053316801, 0.03967761934283943, 0.041537507749535026, 0.04215747055176689, 0.04277743335399876, 0.04339739615623062, 0.04401735895846249, 0.7520148791072536, 0.7582145071295723, 0.7662740235585865, 1.0]",4.0,2.0,2.0,2.0,2.0,15,-22.78468,8.0,6.0,hrl_dqn_apf,hierarchical,dqn,-9.551,8.913,-3.071,0.00,0.00,0.00,-13.578,9.685,1.876,0.00,0.00,0.00,-15.140,9.191,-6.465,0.00,0.00,0.00,3.989,3.989,3.989
2026-02-04 20:46:49,74.22,38,386,424,8.96%,92.53,2.36%,"[0, 5, 10, 15, 20, 25, 30, 35, 40, 45, 50, 55, 60, 65, 70, 75, 80, 85, 90, 95, 100]","[7, 7, 6, 11, 4, 3, 3, 6, 4, 7, 7, 3, 1, 2, 0, 2, 1140, 10, 14, 376]","[0.0043397396156230625, 0.008679479231246125, 0.012399256044637322, 0.019218846869187848, 0.02169869807811531, 0.023558586484810913, 0.02541847489150651, 0.029138251704897707, 0.03161810291382517, 0.03595784252944823, 0.040297582145071294, 0.04215747055176689, 0.04277743335399876, 0.04401735895846249, 0.04401735895846249, 0.04525728456292622, 0.7520148791072536, 0.7582145071295723, 0.7668939863608184, 1.0]",4.0,2.0,2.0,2.0,2.0,1,-16.62463,8.0,-12.0,hrl_dqn_apf,hierarchical,dqn,-9.377,8.957,-3.248,0.00,0.00,0.00,-13.784,9.754,1.339,0.00,0.00,0.00,-14.492,9.195,-6.353,0.00,0.00,0.00,3.986,3.986,3.986
2026-02-04 20:46:50,75.22,37,387,424,8.73%,92.88,2.29%,"[0, 5, 10, 15, 20, 25, 30, 35, 40, 45, 50, 55, 60, 65, 70, 75, 80, 85, 90, 95, 100]","[11, 4, 5, 8, 7, 2, 5, 4, 5, 7, 6, 4, 2, 1, 0, 2, 1136, 10, 14, 380]","[0.006819590824550527, 0.009299442033477991, 0.012399256044637322, 0.01735895846249225, 0.02169869807811531, 0.022938623682579044, 0.026038437693738377, 0.02851828890266584, 0.03161810291382517, 0.03595784252944823, 0.03967761934283943, 0.04215747055176689, 0.04339739615623062, 0.04401735895846249, 0.04401735895846249, 0.04525728456292622, 0.749535027898326, 0.7557346559206448, 0.7644141351518909, 1.0]",4.0,2.0,2.0,2.0,2.0,15,-22.54446,8.0,6.0,hrl_dqn_apf,hierarchical,dqn,-9.278,8.965,-4.556,0.00,0.00,0.00,-15.047,9.804,1.131,0.00,0.00,0.00,-13.607,9.271,-5.679,0.00,0.00,0.00,3.983,3.983,3.983
2026-02-04 20:46:51,76.23,37,381,418,8.85%,93.05,2.29%,"[0, 5, 10, 15, 20, 25, 30, 35, 40, 45, 50, 55, 60, 65, 70, 75, 80, 85, 90, 95, 100]","[13, 3, 5, 7, 7, 2, 6, 2, 7, 5, 7, 4, 2, 0, 1, 1, 1137, 8, 16, 380]","[0.008059516429014259, 0.009919404835709857, 0.013019218846869188, 0.01735895846249225, 0.02169869807811531, 0.022938623682579044, 0.026658400495970243, 0.027898326100433975, 0.032238065716057036, 0.035337879727216366, 0.03967761934283943, 0.04215747055176689, 0.04339739615623062, 0.04339739615623062, 0.04401735895846249, 0.044637321760694355, 0.749535027898326, 0.7544947303161811, 0.7644141351518909, 1.0]",4.0,2.0,2.0,2.0,2.0,3,-4.46439,8.0,-12.0,hrl_dqn_apf,hierarchical,dqn,-9.267,8.968,-5.283,0.00,0.00,0.00,-15.373,9.859,1.533,0.00,0.00,0.00,-13.535,9.285,-4.992,0.00,0.00,0.00,3.980,3.980,3.980
2026-02-04 20:46:52,77.23,38,386,424,8.96%,93.22,2.36%,"[0, 5, 10, 15, 20, 25, 30, 35, 40, 45, 50, 55, 60, 65, 70, 75, 80, 85, 90, 95, 100]","[13, 3, 5, 7, 8, 2, 6, 1, 6, 6, 4, 5, 3, 1, 1, 1, 1136, 9, 16, 380]","[0.008059516429014259, 0.009919404835709857, 0.013019218846869188, 0.01735895846249225, 0.022318660880347178, 0.023558586484810913, 0.02727836329820211, 0.027898326100433975, 0.03161810291382517, 0.035337879727216366, 0.03781773093614383, 0.04091754494730316, 0.04277743335399876, 0.04339739615623062, 0.04401735895846249, 0.044637321760694355, 0.7489150650960942, 0.7544947303161811, 0.7644141351518909, 1.0]",4.0,2.0,2.0,2.0,2.0,13,-4.38405,8.0,0.0,hrl_dqn_apf,hierarchical,dqn,-9.170,9.035,-5.415,0.00,0.00,0.00,-15.473,9.971,1.550,0.00,0.00,0.00,-13.827,9.405,-4.647,0.00,0.00,0.00,3.977,3.977,3.977
2026-02-04 20:46:53,78.23,38,388,426,8.92%,93.42,2.36%,"[0, 5, 10, 15, 20, 25, 30, 35, 40, 45, 50, 55, 60, 65, 70, 75, 80, 85, 90, 95, 100]","[13, 4, 4, 6, 8, 3, 5, 2, 5, 4, 7, 5, 3, 1, 1, 1, 1136, 9, 10, 386]","[0.008059516429014259, 0.010539367637941723, 0.013019218846869188, 0.016738995660260384, 0.02169869807811531, 0.023558586484810913, 0.026658400495970243, 0.027898326100433975, 0.030998140111593304, 0.03347799132052077, 0.03781773093614383, 0.04091754494730316, 0.04277743335399876, 0.04339739615623062, 0.04401735895846249, 0.044637321760694355, 0.7489150650960942, 0.7544947303161811, 0.7606943583384997, 1.0]",4.0,2.0,2.0,2.0,2.0,2,-10.2241,8.0,-12.0,hrl_dqn_apf,hierarchical,dqn,-8.804,9.039,-5.220,0.00,0.00,0.00,-15.504,9.986,1.032,0.00,0.00,0.00,-14.435,9.441,-4.603,0.00,0.00,0.00,3.974,3.974,3.974
2026-02-04 20:46:54,79.23,40,386,426,9.39%,93.71,2.48%,"[0, 5, 10, 15, 20, 25, 30, 35, 40, 45, 50, 55, 60, 65, 70, 75, 80, 85, 90, 95, 100]","[12, 6, 3, 6, 7, 6, 2, 4, 5, 4, 4, 6, 4, 2, 1, 0, 1133, 7, 14, 387]","[0.007439553626782393, 0.011159330440173589, 0.013019218846869188, 0.016738995660260384, 0.021078735275883446, 0.024798512089274645, 0.026038437693738377, 0.02851828890266584, 0.03161810291382517, 0.034097954122752634, 0.0365778053316801, 0.040297582145071294, 0.04277743335399876, 0.04401735895846249, 0.044637321760694355, 0.044637321760694355, 0.7470551766893986, 0.7513949163050218, 0.7600743955362679, 1.0]",4.0,2.0,2.0,2.0,2.0,20,-22.14398,8.0,12.0,hrl_dqn_apf,hierarchical,dqn,-8.084,9.131,-4.578,0.00,0.00,0.00,-14.934,9.900,0.200,0.00,0.00,0.00,-15.291,9.534,-5.176,0.00,0.00,0.00,3.971,3.971,3.971
2026-02-04 20:46:56,81.23,37,388,425,8.71%,124.88,8.69%,"[0, 5, 10, 15, 20, 25, 30, 35, 40, 45, 50, 55, 60, 65, 70, 75, 80, 85, 90, 95, 100]","[8, 8, 2, 4, 8, 7, 2, 6, 4, 5, 4, 7, 3, 2, 0, 1, 15, 6, 6, 328]","[0.018779342723004695, 0.03755868544600939, 0.04225352112676056, 0.051643192488262914, 0.07042253521126761, 0.08685446009389672, 0.09154929577464789, 0.1056338028169014, 0.11502347417840375, 0.1267605633802817, 0.13615023474178403, 0.15258215962441316, 0.1596244131455399, 0.1643192488262911, 0.1643192488262911, 0.16666666666666666, 0.20187793427230047, 0.215962441314554, 0.2300469483568075, 1.0]",4.0,2.0,2.0,2.0,2.0,13,-4.063879999999999,8.0,0.0,hrl_dqn_apf,hierarchical,dqn,-9.081,9.170,-4.628,0.00,0.00,0.00,-14.589,9.614,0.435,0.00,0.00,0.00,-15.062,9.615,-6.283,0.00,0.00,0.00,4.200,4.200,4.200
2026-02-04 20:46:57,82.24,0,354,354,0.00%,80.00,0.00%,"[0, 5, 10, 15, 20, 25, 30, 35, 40, 45, 50, 55, 60, 65, 70, 75, 80, 85, 90, 95, 100]","[0, 0, 0, 0, 0, 0, 0, 0, 0, 0, 0, 0, 0, 0, 0, 0, 1613, 0, 0, 0]","[0.0, 0.0, 0.0, 0.0, 0.0, 0.0, 0.0, 0.0, 0.0, 0.0, 0.0, 0.0, 0.0, 0.0, 0.0, 0.0, 1.0, 1.0, 1.0, 1.0]",4.0,2.0,2.0,2.0,2.0,13,-4.063879999999999,8.0,0.0,hrl_dqn_apf,hierarchical,dqn,-9.603,9.153,-4.633,0.00,0.00,0.00,-14.566,9.591,0.858,0.00,0.00,0.00,-14.642,9.594,-6.412,0.00,0.00,0.00,4.200,4.200,4.200
2026-02-04 20:46:58,83.24,0,354,354,0.00%,80.00,0.00%,"[0, 5, 10, 15, 20, 25, 30, 35, 40, 45, 50, 55, 60, 65, 70, 75, 80, 85, 90, 95, 100]","[0, 0, 0, 0, 0, 0, 0, 0, 0, 0, 0, 0, 0, 0, 0, 0, 1613, 0, 0, 0]","[0.0, 0.0, 0.0, 0.0, 0.0, 0.0, 0.0, 0.0, 0.0, 0.0, 0.0, 0.0, 0.0, 0.0, 0.0, 0.0, 1.0, 1.0, 1.0, 1.0]",4.0,2.0,2.0,2.0,2.0,13,-4.063879999999999,8.0,0.0,hrl_dqn_apf,hierarchical,dqn,-9.192,9.153,-4.652,0.00,0.00,0.00,-14.580,9.599,0.517,0.00,0.00,0.00,-14.982,9.601,-6.313,0.00,0.00,0.00,4.200,4.200,4.200
2026-02-04 20:46:59,84.24,4,348,352,1.14%,79.98,0.25%,"[0, 5, 10, 15, 20, 25, 30, 35, 40, 45, 50, 55, 60, 65, 70, 75, 80, 85, 90, 95, 100]","[2, 0, 0, 0, 1, 1, 1, 0, 0, 0, 0, 0, 0, 0, 0, 0, 1608, 0, 0, 0]","[0.0012399256044637321, 0.0012399256044637321, 0.0012399256044637321, 0.0012399256044637321, 0.0018598884066955983, 0.0024798512089274642, 0.0030998140111593306, 0.0030998140111593306, 0.0030998140111593306, 0.0030998140111593306, 0.0030998140111593306, 0.0030998140111593306, 0.0030998140111593306, 0.0030998140111593306, 0.0030998140111593306, 0.0030998140111593306, 1.0, 1.0, 1.0, 1.0]",4.0,2.0,2.0,2.0,2.0,13,-4.063879999999999,8.0,0.0,hrl_dqn_apf,hierarchical,dqn,-9.012,9.164,-4.636,0.00,0.00,0.00,-14.588,9.609,0.370,0.00,0.00,0.00,-15.128,9.610,-6.273,0.00,0.00,0.00,4.200,4.200,4.200
2026-02-04 20:47:00,85.24,4,348,352,1.14%,80.52,1.14%,"[0, 5, 10, 15, 20, 25, 30, 35, 40, 45, 50, 55, 60, 65, 70, 75, 80, 85, 90, 95, 100]","[4, 0, 0, 0, 0, 0, 1, 0, 0, 0, 0, 0, 0, 0, 0, 0, 347, 0, 0, 0]","[0.011363636363636364, 0.011363636363636364, 0.011363636363636364, 0.011363636363636364, 0.011363636363636364, 0.011363636363636364, 0.014204545454545454, 0.014204545454545454, 0.014204545454545454, 0.014204545454545454, 0.014204545454545454, 0.014204545454545454, 0.014204545454545454, 0.014204545454545454, 0.014204545454545454, 0.014204545454545454, 1.0, 1.0, 1.0, 1.0]",4.0,2.0,2.0,2.0,2.0,13,-4.063879999999999,8.0,0.0,hrl_dqn_apf,hierarchical,dqn,-9.041,9.164,-4.622,0.00,0.00,0.00,-14.590,9.610,0.396,0.00,0.00,0.00,-15.100,9.612,-6.279,0.00,0.00,0.00,4.200,4.200,4.200
2026-02-04 20:47:01,86.24,0,354,354,0.00%,80.00,0.00%,"[0, 5, 10, 15, 20, 25, 30, 35, 40, 45, 50, 55, 60, 65, 70, 75, 80, 85, 90, 95, 100]","[0, 0, 0, 0, 0, 0, 0, 0, 0, 0, 0, 0, 0, 0, 0, 0, 1613, 0, 0, 0]","[0.0, 0.0, 0.0, 0.0, 0.0, 0.0, 0.0, 0.0, 0.0, 0.0, 0.0, 0.0, 0.0, 0.0, 0.0, 0.0, 1.0, 1.0, 1.0, 1.0]",4.0,2.0,2.0,2.0,2.0,13,-4.063879999999999,8.0,0.0,hrl_dqn_apf,hierarchical,dqn,-9.144,9.166,-4.620,0.00,0.00,0.00,-14.588,9.612,0.483,0.00,0.00,0.00,-15.014,9.614,-6.302,0.00,0.00,0.00,4.200,4.200,4.200
2026-02-04 20:47:02,87.25,0,354,354,0.00%,80.00,0.00%,"[0, 5, 10, 15, 20, 25, 30, 35, 40, 45, 50, 55, 60, 65, 70, 75, 80, 85, 90, 95, 100]","[0, 0, 0, 0, 0, 0, 0, 0, 0, 0, 0, 0, 0, 0, 0, 0, 1613, 0, 0, 0]","[0.0, 0.0, 0.0, 0.0, 0.0, 0.0, 0.0, 0.0, 0.0, 0.0, 0.0, 0.0, 0.0, 0.0, 0.0, 0.0, 1.0, 1.0, 1.0, 1.0]",4.0,2.0,2.0,2.0,2.0,13,-4.063879999999999,8.0,0.0,hrl_dqn_apf,hierarchical,dqn,-9.188,9.167,-4.631,0.00,0.00,0.00,-14.583,9.613,0.518,0.00,0.00,0.00,-14.980,9.615,-6.314,0.00,0.00,0.00,4.200,4.200,4.200
2026-02-04 20:47:03,88.25,0,354,354,0.00%,80.00,0.00%,"[0, 5, 10, 15, 20, 25, 30, 35, 40, 45, 50, 55, 60, 65, 70, 75, 80, 85, 90, 95, 100]","[0, 0, 0, 0, 0, 0, 0, 0, 0, 0, 0, 0, 0, 0, 0, 0, 1613, 0, 0, 0]","[0.0, 0.0, 0.0, 0.0, 0.0, 0.0, 0.0, 0.0, 0.0, 0.0, 0.0, 0.0, 0.0, 0.0, 0.0, 0.0, 1.0, 1.0, 1.0, 1.0]",4.0,2.0,2.0,2.0,2.0,13,-4.063879999999999,8.0,0.0,hrl_dqn_apf,hierarchical,dqn,-9.155,9.167,-4.632,0.00,0.00,0.00,-14.583,9.613,0.490,0.00,0.00,0.00,-15.008,9.615,-6.307,0.00,0.00,0.00,4.200,4.200,4.200
2026-02-04 20:47:04,89.25,3,349,352,0.85%,80.03,0.19%,"[0, 5, 10, 15, 20, 25, 30, 35, 40, 45, 50, 55, 60, 65, 70, 75, 80, 85, 90, 95, 100]","[3, 0, 0, 0, 0, 0, 0, 0, 0, 0, 0, 0, 0, 0, 0, 0, 1610, 0, 0, 0]","[0.0018598884066955983, 0.0018598884066955983, 0.0018598884066955983, 0.0018598884066955983, 0.0018598884066955983, 0.0018598884066955983, 0.0018598884066955983, 0.0018598884066955983, 0.0018598884066955983, 0.0018598884066955983, 0.0018598884066955983, 0.0018598884066955983, 0.0018598884066955983, 0.0018598884066955983, 0.0018598884066955983, 0.0018598884066955983, 1.0, 1.0, 1.0, 1.0]",4.0,2.0,2.0,2.0,2.0,13,-4.063879999999999,8.0,0.0,hrl_dqn_apf,hierarchical,dqn,-9.137,9.167,-4.630,0.00,0.00,0.00,-14.585,9.613,0.476,0.00,0.00,0.00,-15.022,9.615,-6.303,0.00,0.00,0.00,4.200,4.200,4.200
2026-02-04 20:47:05,90.25,0,354,354,0.00%,80.00,0.00%,"[0, 5, 10, 15, 20, 25, 30, 35, 40, 45, 50, 55, 60, 65, 70, 75, 80, 85, 90, 95, 100]","[0, 0, 0, 0, 0, 0, 0, 0, 0, 0, 0, 0, 0, 0, 0, 0, 1613, 0, 0, 0]","[0.0, 0.0, 0.0, 0.0, 0.0, 0.0, 0.0, 0.0, 0.0, 0.0, 0.0, 0.0, 0.0, 0.0, 0.0, 0.0, 1.0, 1.0, 1.0, 1.0]",4.0,2.0,2.0,2.0,2.0,13,-4.063879999999999,8.0,0.0,hrl_dqn_apf,hierarchical,dqn,-9.151,9.167,-4.628,0.00,0.00,0.00,-14.585,9.613,0.487,0.00,0.00,0.00,-15.010,9.615,-6.304,0.00,0.00,0.00,4.200,4.200,4.200
2026-02-04 20:47:06,91.25,0,354,354,0.00%,80.00,0.00%,"[0, 5, 10, 15, 20, 25, 30, 35, 40, 45, 50, 55, 60, 65, 70, 75, 80, 85, 90, 95, 100]","[0, 0, 0, 0, 0, 0, 0, 0, 0, 0, 0, 0, 0, 0, 0, 0, 1613, 0, 0, 0]","[0.0, 0.0, 0.0, 0.0, 0.0, 0.0, 0.0, 0.0, 0.0, 0.0, 0.0, 0.0, 0.0, 0.0, 0.0, 0.0, 1.0, 1.0, 1.0, 1.0]",4.0,2.0,2.0,2.0,2.0,13,-4.063879999999999,8.0,0.0,hrl_dqn_apf,hierarchical,dqn,-9.158,9.167,-4.629,0.00,0.00,0.00,-14.585,9.613,0.493,0.00,0.00,0.00,-15.004,9.615,-6.306,0.00,0.00,0.00,4.200,4.200,4.200
2026-02-04 20:47:07,92.26,0,354,354,0.00%,80.00,0.00%,"[0, 5, 10, 15, 20, 25, 30, 35, 40, 45, 50, 55, 60, 65, 70, 75, 80, 85, 90, 95, 100]","[0, 0, 0, 0, 0, 0, 0, 0, 0, 0, 0, 0, 0, 0, 0, 0, 1613, 0, 0, 0]","[0.0, 0.0, 0.0, 0.0, 0.0, 0.0, 0.0, 0.0, 0.0, 0.0, 0.0, 0.0, 0.0, 0.0, 0.0, 0.0, 1.0, 1.0, 1.0, 1.0]",4.0,2.0,2.0,2.0,2.0,13,-4.063879999999999,8.0,0.0,hrl_dqn_apf,hierarchical,dqn,-9.156,9.167,-4.629,0.00,0.00,0.00,-14.584,9.613,0.492,0.00,0.00,0.00,-15.006,9.615,-6.306,0.00,0.00,0.00,4.200,4.200,4.200
2026-02-04 20:47:08,93.26,0,354,354,0.00%,80.00,0.00%,"[0, 5, 10, 15, 20, 25, 30, 35, 40, 45, 50, 55, 60, 65, 70, 75, 80, 85, 90, 95, 100]","[0, 0, 0, 0, 0, 0, 0, 0, 0, 0, 0, 0, 0, 0, 0, 0, 1613, 0, 0, 0]","[0.0, 0.0, 0.0, 0.0, 0.0, 0.0, 0.0, 0.0, 0.0, 0.0, 0.0, 0.0, 0.0, 0.0, 0.0, 0.0, 1.0, 1.0, 1.0, 1.0]",4.0,2.0,2.0,2.0,2.0,13,-4.063879999999999,8.0,0.0,hrl_dqn_apf,hierarchical,dqn,-9.153,9.167,-4.629,0.00,0.00,0.00,-14.584,9.613,0.489,0.00,0.00,0.00,-15.009,9.615,-6.306,0.00,0.00,0.00,4.200,4.200,4.200
2026-02-04 20:47:10,95.26,0,354,354,0.00%,80.00,0.00%,"[0, 5, 10, 15, 20, 25, 30, 35, 40, 45, 50, 55, 60, 65, 70, 75, 80, 85, 90, 95, 100]","[0, 0, 0, 0, 0, 0, 0, 0, 0, 0, 0, 0, 0, 0, 0, 0, 1613, 0, 0, 0]","[0.0, 0.0, 0.0, 0.0, 0.0, 0.0, 0.0, 0.0, 0.0, 0.0, 0.0, 0.0, 0.0, 0.0, 0.0, 0.0, 1.0, 1.0, 1.0, 1.0]",4.0,2.0,2.0,2.0,2.0,13,-4.063879999999999,8.0,0.0,hrl_dqn_apf,hierarchical,dqn,-9.153,9.167,-4.629,0.00,0.00,0.00,-14.585,9.613,0.489,0.00,0.00,0.00,-15.009,9.615,-6.305,0.00,0.00,0.00,4.200,4.200,4.200
2026-02-04 20:47:11,96.26,0,354,354,0.00%,80.00,0.00%,"[0, 5, 10, 15, 20, 25, 30, 35, 40, 45, 50, 55, 60, 65, 70, 75, 80, 85, 90, 95, 100]","[0, 0, 0, 0, 0, 0, 0, 0, 0, 0, 0, 0, 0, 0, 0, 0, 1613, 0, 0, 0]","[0.0, 0.0, 0.0, 0.0, 0.0, 0.0, 0.0, 0.0, 0.0, 0.0, 0.0, 0.0, 0.0, 0.0, 0.0, 0.0, 1.0, 1.0, 1.0, 1.0]",4.0,2.0,2.0,2.0,2.0,13,-4.063879999999999,8.0,0.0,hrl_dqn_apf,hierarchical,dqn,-9.153,9.167,-4.629,0.00,0.00,0.00,-14.585,9.613,0.489,0.00,0.00,0.00,-15.008,9.615,-6.306,0.00,0.00,0.00,4.200,4.200,4.200
2026-02-04 20:47:12,97.26,0,354,354,0.00%,80.00,0.00%,"[0, 5, 10, 15, 20, 25, 30, 35, 40, 45, 50, 55, 60, 65, 70, 75, 80, 85, 90, 95, 100]","[0, 0, 0, 0, 0, 0, 0, 0, 0, 0, 0, 0, 0, 0, 0, 0, 1613, 0, 0, 0]","[0.0, 0.0, 0.0, 0.0, 0.0, 0.0, 0.0, 0.0, 0.0, 0.0, 0.0, 0.0, 0.0, 0.0, 0.0, 0.0, 1.0, 1.0, 1.0, 1.0]",4.0,2.0,2.0,2.0,2.0,13,-4.063879999999999,8.0,0.0,hrl_dqn_apf,hierarchical,dqn,-9.153,9.167,-4.629,0.00,0.00,0.00,-14.585,9.613,0.489,0.00,0.00,0.00,-15.008,9.615,-6.306,0.00,0.00,0.00,4.200,4.200,4.200
2026-02-04 20:47:13,98.26,0,354,354,0.00%,80.00,0.00%,"[0, 5, 10, 15, 20, 25, 30, 35, 40, 45, 50, 55, 60, 65, 70, 75, 80, 85, 90, 95, 100]","[0, 0, 0, 0, 0, 0, 0, 0, 0, 0, 0, 0, 0, 0, 0, 0, 1613, 0, 0, 0]","[0.0, 0.0, 0.0, 0.0, 0.0, 0.0, 0.0, 0.0, 0.0, 0.0, 0.0, 0.0, 0.0, 0.0, 0.0, 0.0, 1.0, 1.0, 1.0, 1.0]",4.0,2.0,2.0,2.0,2.0,13,-4.063879999999999,8.0,0.0,hrl_dqn_apf,hierarchical,dqn,-9.153,9.167,-4.629,0.00,0.00,0.00,-14.585,9.613,0.489,0.00,0.00,0.00,-15.009,9.615,-6.305,0.00,0.00,0.00,4.200,4.200,4.200
2026-02-04 20:47:14,99.27,3,349,352,0.85%,80.89,0.85%,"[0, 5, 10, 15, 20, 25, 30, 35, 40, 45, 50, 55, 60, 65, 70, 75, 80, 85, 90, 95, 100]","[3, 0, 0, 0, 0, 0, 0, 0, 0, 0, 0, 0, 0, 0, 0, 0, 349, 0, 0, 0]","[0.008522727272727272, 0.008522727272727272, 0.008522727272727272, 0.008522727272727272, 0.008522727272727272, 0.008522727272727272, 0.008522727272727272, 0.008522727272727272, 0.008522727272727272, 0.008522727272727272, 0.008522727272727272, 0.008522727272727272, 0.008522727272727272, 0.008522727272727272, 0.008522727272727272, 0.008522727272727272, 1.0, 1.0, 1.0, 1.0]",4.0,2.0,2.0,2.0,2.0,13,-4.063879999999999,8.0,0.0,hrl_dqn_apf,hierarchical,dqn,-9.153,9.167,-4.629,0.00,0.00,0.00,-14.585,9.613,0.489,0.00,0.00,0.00,-15.009,9.615,-6.305,0.00,0.00,0.00,4.200,4.200,4.200
2026-02-04 20:47:15,100.27,0,354,354,0.00%,80.00,0.00%,"[0, 5, 10, 15, 20, 25, 30, 35, 40, 45, 50, 55, 60, 65, 70, 75, 80, 85, 90, 95, 100]","[0, 0, 0, 0, 0, 0, 0, 0, 0, 0, 0, 0, 0, 0, 0, 0, 1613, 0, 0, 0]","[0.0, 0.0, 0.0, 0.0, 0.0, 0.0, 0.0, 0.0, 0.0, 0.0, 0.0, 0.0, 0.0, 0.0, 0.0, 0.0, 1.0, 1.0, 1.0, 1.0]",4.0,2.0,2.0,2.0,2.0,13,-4.063879999999999,8.0,0.0,hrl_dqn_apf,hierarchical,dqn,-9.153,9.167,-4.629,0.00,0.00,0.00,-14.585,9.613,0.489,0.00,0.00,0.00,-15.009,9.615,-6.305,0.00,0.00,0.00,4.200,4.200,4.200
2026-02-04 20:47:16,101.27,0,354,354,0.00%,80.00,0.00%,"[0, 5, 10, 15, 20, 25, 30, 35, 40, 45, 50, 55, 60, 65, 70, 75, 80, 85, 90, 95, 100]","[0, 0, 0, 0, 0, 0, 0, 0, 0, 0, 0, 0, 0, 0, 0, 0, 1613, 0, 0, 0]","[0.0, 0.0, 0.0, 0.0, 0.0, 0.0, 0.0, 0.0, 0.0, 0.0, 0.0, 0.0, 0.0, 0.0, 0.0, 0.0, 1.0, 1.0, 1.0, 1.0]",4.0,2.0,2.0,2.0,2.0,13,-4.063879999999999,8.0,0.0,hrl_dqn_apf,hierarchical,dqn,-9.153,9.167,-4.629,0.00,0.00,0.00,-14.585,9.613,0.489,0.00,0.00,0.00,-15.009,9.615,-6.305,0.00,0.00,0.00,4.200,4.200,4.200
2026-02-04 20:47:17,102.28,0,354,354,0.00%,80.00,0.00%,"[0, 5, 10, 15, 20, 25, 30, 35, 40, 45, 50, 55, 60, 65, 70, 75, 80, 85, 90, 95, 100]","[0, 0, 0, 0, 0, 0, 0, 0, 0, 0, 0, 0, 0, 0, 0, 0, 1613, 0, 0, 0]","[0.0, 0.0, 0.0, 0.0, 0.0, 0.0, 0.0, 0.0, 0.0, 0.0, 0.0, 0.0, 0.0, 0.0, 0.0, 0.0, 1.0, 1.0, 1.0, 1.0]",4.0,2.0,2.0,2.0,2.0,13,-4.063879999999999,8.0,0.0,hrl_dqn_apf,hierarchical,dqn,-9.153,9.167,-4.629,0.00,0.00,0.00,-14.585,9.613,0.489,0.00,0.00,0.00,-15.009,9.615,-6.305,0.00,0.00,0.00,4.200,4.200,4.200
2026-02-04 20:47:18,103.28,3,349,352,0.85%,80.03,0.19%,"[0, 5, 10, 15, 20, 25, 30, 35, 40, 45, 50, 55, 60, 65, 70, 75, 80, 85, 90, 95, 100]","[3, 0, 0, 0, 0, 0, 0, 0, 0, 0, 0, 0, 0, 0, 0, 0, 1610, 0, 0, 0]","[0.0018598884066955983, 0.0018598884066955983, 0.0018598884066955983, 0.0018598884066955983, 0.0018598884066955983, 0.0018598884066955983, 0.0018598884066955983, 0.0018598884066955983, 0.0018598884066955983, 0.0018598884066955983, 0.0018598884066955983, 0.0018598884066955983, 0.0018598884066955983, 0.0018598884066955983, 0.0018598884066955983, 0.0018598884066955983, 1.0, 1.0, 1.0, 1.0]",4.0,2.0,2.0,2.0,2.0,13,-4.063879999999999,8.0,0.0,hrl_dqn_apf,hierarchical,dqn,-9.153,9.167,-4.629,0.00,0.00,0.00,-14.585,9.613,0.489,0.00,0.00,0.00,-15.009,9.615,-6.305,0.00,0.00,0.00,4.186,4.186,4.197
2026-02-04 20:47:19,104.29,3,349,352,0.85%,80.20,0.19%,"[0, 5, 10, 15, 20, 25, 30, 35, 40, 45, 50, 55, 60, 65, 70, 75, 80, 85, 90, 95, 100]","[3, 0, 0, 0, 0, 0, 0, 0, 0, 0, 0, 0, 0, 0, 0, 0, 1610, 0, 0, 0]","[0.0018598884066955983, 0.0018598884066955983, 0.0018598884066955983, 0.0018598884066955983, 0.0018598884066955983, 0.0018598884066955983, 0.0018598884066955983, 0.0018598884066955983, 0.0018598884066955983, 0.0018598884066955983, 0.0018598884066955983, 0.0018598884066955983, 0.0018598884066955983, 0.0018598884066955983, 0.0018598884066955983, 0.0018598884066955983, 1.0, 1.0, 1.0, 1.0]",4.0,2.0,2.0,2.0,2.0,12,-17.92122,8.0,0.0,hrl_dqn_apf,hierarchical,dqn,-9.153,9.157,-4.625,0.00,0.00,0.00,-14.585,9.603,0.485,0.00,0.00,0.00,-15.009,9.605,-6.309,0.00,0.00,0.00,4.183,4.183,4.194
2026-02-04 20:47:20,105.29,4,349,353,1.13%,80.29,0.25%,"[0, 5, 10, 15, 20, 25, 30, 35, 40, 45, 50, 55, 60, 65, 70, 75, 80, 85, 90, 95, 100]","[3, 0, 0, 0, 1, 0, 0, 0, 0, 1, 1, 0, 0, 0, 0, 0, 1607, 0, 0, 0]","[0.0018598884066955983, 0.0018598884066955983, 0.0018598884066955983, 0.0018598884066955983, 0.0024798512089274642, 0.0024798512089274642, 0.0024798512089274642, 0.0024798512089274642, 0.0024798512089274642, 0.0030998140111593306, 0.0037197768133911966, 0.0037197768133911966, 0.0037197768133911966, 0.0037197768133911966, 0.0037197768133911966, 0.0037197768133911966, 1.0, 1.0, 1.0, 1.0]",4.0,2.0,2.0,2.0,2.0,24,-5.841069999999998,8.0,12.0,hrl_dqn_apf,hierarchical,dqn,-9.153,9.153,-4.596,0.00,0.00,0.00,-14.585,9.579,0.179,0.00,0.00,0.00,-15.009,9.581,-6.616,0.00,0.00,0.00,4.180,4.180,4.191
2026-02-04 20:47:21,106.29,6,347,353,1.70%,80.39,0.37%,"[0, 5, 10, 15, 20, 25, 30, 35, 40, 45, 50, 55, 60, 65, 70, 75, 80, 85, 90, 95, 100]","[6, 0, 0, 0, 0, 0, 0, 0, 0, 0, 0, 0, 0, 0, 0, 0, 1607, 0, 0, 0]","[0.0037197768133911966, 0.0037197768133911966, 0.0037197768133911966, 0.0037197768133911966, 0.0037197768133911966, 0.0037197768133911966, 0.0037197768133911966, 0.0037197768133911966, 0.0037197768133911966, 0.0037197768133911966, 0.0037197768133911966, 0.0037197768133911966, 0.0037197768133911966, 0.0037197768133911966, 0.0037197768133911966, 0.0037197768133911966, 1.0, 1.0, 1.0, 1.0]",4.0,2.0,2.0,2.0,2.0,23,-11.760919999999999,8.0,12.0,hrl_dqn_apf,hierarchical,dqn,-9.153,9.186,-4.601,0.00,0.00,0.00,-14.768,9.605,-0.241,0.00,0.00,0.00,-15.009,9.653,-6.848,0.00,0.00,0.00,4.177,4.177,4.188
2026-02-04 20:47:23,107.58,6,349,355,1.69%,80.74,0.37%,"[0, 5, 10, 15, 20, 25, 30, 35, 40, 45, 50, 55, 60, 65, 70, 75, 80, 85, 90, 95, 100]","[6, 0, 0, 0, 0, 0, 0, 0, 0, 0, 0, 0, 0, 0, 0, 0, 1607, 0, 0, 0]","[0.0037197768133911966, 0.0037197768133911966, 0.0037197768133911966, 0.0037197768133911966, 0.0037197768133911966, 0.0037197768133911966, 0.0037197768133911966, 0.0037197768133911966, 0.0037197768133911966, 0.0037197768133911966, 0.0037197768133911966, 0.0037197768133911966, 0.0037197768133911966, 0.0037197768133911966, 0.0037197768133911966, 0.0037197768133911966, 1.0, 1.0, 1.0, 1.0]",4.0,2.0,2.0,2.0,2.0,4,-5.60031,8.0,-12.0,hrl_dqn_apf,hierarchical,dqn,-9.153,9.270,-4.607,0.00,0.00,0.00,-15.446,9.691,0.161,0.00,0.00,0.00,-15.009,9.670,-5.776,0.00,0.00,0.00,4.173,4.173,4.184
2026-02-04 20:47:24,108.59,7,350,357,1.96%,80.86,0.43%,"[0, 5, 10, 15, 20, 25, 30, 35, 40, 45, 50, 55, 60, 65, 70, 75, 80, 85, 90, 95, 100]","[6, 0, 0, 0, 0, 1, 0, 0, 0, 1, 0, 0, 0, 0, 0, 0, 1261, 344, 0, 0]","[0.0037197768133911966, 0.0037197768133911966, 0.0037197768133911966, 0.0037197768133911966, 0.0037197768133911966, 0.0043397396156230625, 0.0043397396156230625, 0.0043397396156230625, 0.0043397396156230625, 0.0049597024178549285, 0.0049597024178549285, 0.0049597024178549285, 0.0049597024178549285, 0.0049597024178549285, 0.0049597024178549285, 0.0049597024178549285, 0.7867327960322381, 1.0, 1.0, 1.0]",4.0,2.0,2.0,2.0,2.0,22,-17.52043,8.0,12.0,hrl_dqn_apf,hierarchical,dqn,-9.153,9.303,-4.962,0.00,0.00,0.00,-15.508,9.695,0.832,0.00,0.00,0.00,-15.008,9.665,-5.043,0.00,0.00,0.00,4.171,4.171,4.181
2026-02-04 20:47:25,109.59,10,351,361,2.77%,81.05,0.62%,"[0, 5, 10, 15, 20, 25, 30, 35, 40, 45, 50, 55, 60, 65, 70, 75, 80, 85, 90, 95, 100]","[8, 2, 0, 0, 0, 0, 0, 0, 0, 0, 0, 0, 0, 0, 0, 1, 1261, 341, 0, 0]","[0.0049597024178549285, 0.006199628022318661, 0.006199628022318661, 0.006199628022318661, 0.006199628022318661, 0.006199628022318661, 0.006199628022318661, 0.006199628022318661, 0.006199628022318661, 0.006199628022318661, 0.006199628022318661, 0.006199628022318661, 0.006199628022318661, 0.006199628022318661, 0.006199628022318661, 0.006819590824550527, 0.7885926844389337, 1.0, 1.0, 1.0]",4.0,2.0,2.0,2.0,2.0,19,-5.36036,8.0,6.0,hrl_dqn_apf,hierarchical,dqn,-9.674,9.327,-5.799,0.00,0.00,0.00,-14.598,9.775,1.406,0.00,0.00,0.00,-15.007,9.658,-3.529,0.00,0.00,0.00,4.167,4.167,4.178
2026-02-04 20:47:26,110.59,11,354,365,3.01%,81.15,0.68%,"[0, 5, 10, 15, 20, 25, 30, 35, 40, 45, 50, 55, 60, 65, 70, 75, 80, 85, 90, 95, 100]","[10, 1, 0, 0, 0, 0, 0, 0, 1, 0, 0, 0, 0, 0, 0, 0, 1261, 340, 0, 0]","[0.006199628022318661, 0.006819590824550527, 0.006819590824550527, 0.006819590824550527, 0.006819590824550527, 0.006819590824550527, 0.006819590824550527, 0.006819590824550527, 0.007439553626782393, 0.007439553626782393, 0.007439553626782393, 0.007439553626782393, 0.007439553626782393, 0.007439553626782393, 0.007439553626782393, 0.007439553626782393, 0.7892126472411656, 1.0, 1.0, 1.0]",4.0,2.0,2.0,2.0,2.0,12,-17.36036,8.0,0.0,hrl_dqn_apf,hierarchical,dqn,-10.322,9.333,-5.922,0.00,0.00,0.00,-13.869,9.773,1.450,0.00,0.00,0.00,-15.007,9.655,-2.761,0.00,0.00,0.00,4.164,4.164,4.175
2026-02-04 20:47:27,111.59,13,350,363,3.58%,81.24,0.81%,"[0, 5, 10, 15, 20, 25, 30, 35, 40, 45, 50, 55, 60, 65, 70, 75, 80, 85, 90, 95, 100]","[12, 1, 0, 0, 0, 0, 0, 0, 0, 0, 0, 0, 0, 0, 0, 0, 1261, 339, 0, 0]","[0.007439553626782393, 0.008059516429014259, 0.008059516429014259, 0.008059516429014259, 0.008059516429014259, 0.008059516429014259, 0.008059516429014259, 0.008059516429014259, 0.008059516429014259, 0.008059516429014259, 0.008059516429014259, 0.008059516429014259, 0.008059516429014259, 0.008059516429014259, 0.008059516429014259, 0.008059516429014259, 0.7898326100433974, 1.0, 1.0, 1.0]",4.0,2.0,2.0,2.0,2.0,14,-5.200109999999999,8.0,0.0,hrl_dqn_apf,hierarchical,dqn,-11.052,9.331,-5.960,0.00,0.00,0.00,-13.145,9.798,1.501,0.00,0.00,0.00,-15.017,9.713,-2.077,0.00,0.00,0.00,4.162,4.162,4.172
2026-02-04 20:47:28,112.60,14,351,365,3.84%,81.35,0.87%,"[0, 5, 10, 15, 20, 25, 30, 35, 40, 45, 50, 55, 60, 65, 70, 75, 80, 85, 90, 95, 100]","[12, 2, 0, 0, 0, 0, 0, 0, 0, 0, 0, 1, 0, 0, 0, 0, 1258, 340, 0, 0]","[0.007439553626782393, 0.008679479231246125, 0.008679479231246125, 0.008679479231246125, 0.008679479231246125, 0.008679479231246125, 0.008679479231246125, 0.008679479231246125, 0.008679479231246125, 0.008679479231246125, 0.008679479231246125, 0.009299442033477991, 0.009299442033477991, 0.009299442033477991, 0.009299442033477991, 0.009299442033477991, 0.7892126472411656, 1.0, 1.0, 1.0]",4.0,2.0,2.0,2.0,2.0,13,-11.119689999999999,8.0,0.0,hrl_dqn_apf,hierarchical,dqn,-11.798,9.335,-5.966,0.00,0.00,0.00,-12.694,9.844,1.916,0.00,0.00,0.00,-15.130,9.807,-2.150,0.00,0.00,0.00,4.158,4.158,4.169
2026-02-04 20:47:29,113.60,16,353,369,4.34%,81.59,0.99%,"[0, 5, 10, 15, 20, 25, 30, 35, 40, 45, 50, 55, 60, 65, 70, 75, 80, 85, 90, 95, 100]","[11, 3, 1, 0, 1, 0, 0, 0, 0, 1, 1, 0, 0, 0, 0, 0, 1256, 7, 332, 0]","[0.006819590824550527, 0.008679479231246125, 0.009299442033477991, 0.009299442033477991, 0.009919404835709857, 0.009919404835709857, 0.009919404835709857, 0.009919404835709857, 0.009919404835709857, 0.010539367637941723, 0.011159330440173589, 0.011159330440173589, 0.011159330440173589, 0.011159330440173589, 0.011159330440173589, 0.011159330440173589, 0.7898326100433974, 0.7941723496590205, 1.0, 1.0]",4.0,2.0,2.0,2.0,2.0,5,-29.03973,8.0,-6.0,hrl_dqn_apf,hierarchical,dqn,-12.388,9.416,-5.022,0.00,0.00,0.00,-11.984,9.851,3.191,0.00,0.00,0.00,-15.703,9.802,-3.291,0.00,0.00,0.00,4.156,4.156,4.166
2026-02-04 20:47:30,114.60,18,351,369,4.88%,81.69,1.12%,"[0, 5, 10, 15, 20, 25, 30, 35, 40, 45, 50, 55, 60, 65, 70, 75, 80, 85, 90, 95, 100]","[11, 6, 1, 0, 0, 0, 0, 0, 0, 0, 0, 0, 0, 0, 0, 0, 1252, 11, 332, 0]","[0.006819590824550527, 0.010539367637941723, 0.011159330440173589, 0.011159330440173589, 0.011159330440173589, 0.011159330440173589, 0.011159330440173589, 0.011159330440173589, 0.011159330440173589, 0.011159330440173589, 0.011159330440173589, 0.011159330440173589, 0.011159330440173589, 0.011159330440173589, 0.011159330440173589, 0.011159330440173589, 0.78735275883447, 0.7941723496590205, 1.0, 1.0]",4.0,2.0,2.0,2.0,2.0,10,-28.87946,8.0,0.0,hrl_dqn_apf,hierarchical,dqn,-12.338,9.469,-4.453,0.00,0.00,0.00,-11.755,9.935,3.758,0.00,0.00,0.00,-16.122,9.879,-3.803,0.00,0.00,0.00,4.152,4.152,4.163
2026-02-04 20:47:31,115.61,18,351,369,4.88%,81.86,1.12%,"[0, 5, 10, 15, 20, 25, 30, 35, 40, 45, 50, 55, 60, 65, 70, 75, 80, 85, 90, 95, 100]","[10, 7, 1, 0, 0, 0, 0, 0, 0, 0, 0, 0, 0, 0, 1, 0, 1250, 12, 332, 0]","[0.006199628022318661, 0.010539367637941723, 0.011159330440173589, 0.011159330440173589, 0.011159330440173589, 0.011159330440173589, 0.011159330440173589, 0.011159330440173589, 0.011159330440173589, 0.011159330440173589, 0.011159330440173589, 0.011159330440173589, 0.011159330440173589, 0.011159330440173589, 0.011779293242405457, 0.011779293242405457, 0.7867327960322381, 0.7941723496590205, 1.0, 1.0]",4.0,2.0,2.0,2.0,2.0,17,-16.79903,8.0,6.0,hrl_dqn_apf,hierarchical,dqn,-11.892,9.470,-4.431,0.00,0.00,0.00,-12.134,9.985,3.984,0.00,0.00,0.00,-16.708,9.948,-3.801,0.00,0.00,0.00,4.149,4.149,4.160
2026-02-04 20:47:32,116.61,20,351,371,5.39%,81.90,1.24%,"[0, 5, 10, 15, 20, 25, 30, 35, 40, 45, 50, 55, 60, 65, 70, 75, 80, 85, 90, 95, 100]","[9, 9, 1, 0, 0, 1, 0, 0, 1, 0, 0, 1, 0, 0, 0, 0, 1248, 14, 329, 0]","[0.005579665220086794, 0.011159330440173589, 0.011779293242405457, 0.011779293242405457, 0.011779293242405457, 0.012399256044637322, 0.012399256044637322, 0.012399256044637322, 0.013019218846869188, 0.013019218846869188, 0.013019218846869188, 0.013639181649101054, 0.013639181649101054, 0.013639181649101054, 0.013639181649101054, 0.013639181649101054, 0.78735275883447, 0.7960322380657161, 1.0, 1.0]",4.0,2.0,2.0,2.0,2.0,24,-4.719239999999999,8.0,12.0,hrl_dqn_apf,hierarchical,dqn,-11.245,9.440,-4.549,0.00,0.00,0.00,-12.787,9.987,4.054,0.00,0.00,0.00,-17.397,9.988,-3.664,0.00,0.00,0.00,4.146,4.146,4.157
2026-02-04 20:47:33,117.61,23,350,373,6.17%,82.07,1.43%,"[0, 5, 10, 15, 20, 25, 30, 35, 40, 45, 50, 55, 60, 65, 70, 75, 80, 85, 90, 95, 100]","[9, 10, 2, 1, 0, 1, 0, 0, 2, 0, 0, 1, 0, 0, 0, 0, 1242, 16, 7, 322]","[0.005579665220086794, 0.011779293242405457, 0.013019218846869188, 0.013639181649101054, 0.013639181649101054, 0.01425914445133292, 0.01425914445133292, 0.01425914445133292, 0.015499070055796652, 0.015499070055796652, 0.015499070055796652, 0.016119032858028518, 0.016119032858028518, 0.016119032858028518, 0.016119032858028518, 0.016119032858028518, 0.7861128332300062, 0.7960322380657161, 0.8003719776813392, 1.0]",4.0,2.0,2.0,2.0,2.0,7,-16.559,8.0,-6.0,hrl_dqn_apf,hierarchical,dqn,-10.890,9.600,-3.896,0.00,0.00,0.00,-14.077,10.054,3.887,0.00,0.00,0.00,-17.966,10.048,-2.619,0.00,0.00,0.00,4.143,4.143,4.154
2026-02-04 20:47:34,118.62,24,349,373,6.43%,82.16,1.49%,"[0, 5, 10, 15, 20, 25, 30, 35, 40, 45, 50, 55, 60, 65, 70, 75, 80, 85, 90, 95, 100]","[10, 10, 3, 1, 0, 0, 0, 1, 2, 0, 0, 0, 0, 0, 0, 0, 1242, 16, 7, 321]","[0.006199628022318661, 0.012399256044637322, 0.01425914445133292, 0.014879107253564786, 0.014879107253564786, 0.014879107253564786, 0.014879107253564786, 0.015499070055796652, 0.016738995660260384, 0.016738995660260384, 0.016738995660260384, 0.016738995660260384, 0.016738995660260384, 0.016738995660260384, 0.016738995660260384, 0.016738995660260384, 0.7867327960322381, 0.796652200867948, 0.800991940483571, 1.0]",4.0,2.0,2.0,2.0,2.0,24,-4.478660000000001,8.0,12.0,hrl_dqn_apf,hierarchical,dqn,-11.425,9.619,-3.742,0.00,0.00,0.00,-14.283,9.820,3.411,0.00,0.00,0.00,-18.011,9.809,-1.978,0.00,0.00,0.00,4.140,4.140,4.151
2026-02-04 20:47:35,119.62,25,349,374,6.68%,82.32,1.55%,"[0, 5, 10, 15, 20, 25, 30, 35, 40, 45, 50, 55, 60, 65, 70, 75, 80, 85, 90, 95, 100]","[10, 8, 6, 1, 0, 0, 0, 0, 2, 0, 0, 0, 0, 0, 0, 0, 1242, 16, 7, 321]","[0.006199628022318661, 0.011159330440173589, 0.014879107253564786, 0.015499070055796652, 0.015499070055796652, 0.015499070055796652, 0.015499070055796652, 0.015499070055796652, 0.016738995660260384, 0.016738995660260384, 0.016738995660260384, 0.016738995660260384, 0.016738995660260384, 0.016738995660260384, 0.016738995660260384, 0.016738995660260384, 0.7867327960322381, 0.796652200867948, 0.800991940483571, 1.0]",4.0,2.0,2.0,2.0,2.0,16,-22.3987,8.0,6.0,hrl_dqn_apf,hierarchical,dqn,-12.088,9.643,-3.660,0.00,0.00,0.00,-14.349,9.574,3.166,0.00,0.00,0.00,-18.025,9.567,-1.683,0.00,0.00,0.00,4.137,4.137,4.148
2026-02-04 20:47:36,120.62,25,349,374,6.68%,82.39,1.55%,"[0, 5, 10, 15, 20, 25, 30, 35, 40, 45, 50, 55, 60, 65, 70, 75, 80, 85, 90, 95, 100]","[10, 7, 7, 1, 0, 0, 1, 0, 2, 2, 0, 0, 0, 0, 0, 0, 1242, 10, 12, 319]","[0.006199628022318661, 0.010539367637941723, 0.014879107253564786, 0.015499070055796652, 0.015499070055796652, 0.015499070055796652, 0.016119032858028518, 0.016119032858028518, 0.01735895846249225, 0.018598884066955982, 0.018598884066955982, 0.018598884066955982, 0.018598884066955982, 0.018598884066955982, 0.018598884066955982, 0.018598884066955982, 0.7885926844389337, 0.7947923124612524, 0.8022318660880348, 1.0]",4.0,2.0,2.0,2.0,2.0,17,-16.31867,8.0,6.0,hrl_dqn_apf,hierarchical,dqn,-12.423,9.691,-3.226,0.00,0.00,0.00,-14.367,9.600,2.682,0.00,0.00,0.00,-18.029,9.592,-1.186,0.00,0.00,0.00,4.134,4.134,4.145
2026-02-04 20:47:37,121.62,30,348,378,7.94%,82.56,1.86%,"[0, 5, 10, 15, 20, 25, 30, 35, 40, 45, 50, 55, 60, 65, 70, 75, 80, 85, 90, 95, 100]","[13, 7, 8, 2, 0, 0, 0, 0, 1, 1, 0, 0, 0, 0, 0, 0, 1236, 14, 14, 317]","[0.008059516429014259, 0.012399256044637322, 0.01735895846249225, 0.018598884066955982, 0.018598884066955982, 0.018598884066955982, 0.018598884066955982, 0.018598884066955982, 0.019218846869187848, 0.019838809671419714, 0.019838809671419714, 0.019838809671419714, 0.019838809671419714, 0.019838809671419714, 0.019838809671419714, 0.019838809671419714, 0.7861128332300062, 0.7947923124612524, 0.8034717916924985, 1.0]",4.0,2.0,2.0,2.0,2.0,2,-16.15814,8.0,-12.0,hrl_dqn_apf,hierarchical,dqn,-12.562,9.692,-1.824,0.00,0.00,0.00,-14.375,9.740,1.653,0.00,0.00,0.00,-17.836,9.663,0.048,0.00,0.00,0.00,4.131,4.131,4.142
2026-02-04 20:47:38,122.62,31,347,378,8.20%,82.69,1.92%,"[0, 5, 10, 15, 20, 25, 30, 35, 40, 45, 50, 55, 60, 65, 70, 75, 80, 85, 90, 95, 100]","[10, 9, 9, 2, 0, 1, 0, 0, 0, 2, 0, 0, 0, 0, 1, 0, 1236, 10, 14, 319]","[0.006199628022318661, 0.011779293242405457, 0.01735895846249225, 0.018598884066955982, 0.018598884066955982, 0.019218846869187848, 0.019218846869187848, 0.019218846869187848, 0.019218846869187848, 0.02045877247365158, 0.02045877247365158, 0.02045877247365158, 0.02045877247365158, 0.02045877247365158, 0.021078735275883446, 0.021078735275883446, 0.78735275883447, 0.7935523868567886, 0.8022318660880348, 1.0]",4.0,2.0,2.0,2.0,2.0,1,-22.0782,8.0,-12.0,hrl_dqn_apf,hierarchical,dqn,-12.521,9.793,-1.256,0.00,0.00,0.00,-14.338,9.786,2.044,0.00,0.00,0.00,-17.451,9.755,0.195,0.00,0.00,0.00,4.128,4.128,4.139
2026-02-04 20:47:39,123.63,32,348,380,8.42%,82.81,1.98%,"[0, 5, 10, 15, 20, 25, 30, 35, 40, 45, 50, 55, 60, 65, 70, 75, 80, 85, 90, 95, 100]","[11, 9, 8, 4, 0, 0, 0, 0, 0, 2, 0, 0, 0, 0, 0, 0, 1236, 8, 16, 319]","[0.006819590824550527, 0.012399256044637322, 0.01735895846249225, 0.019838809671419714, 0.019838809671419714, 0.019838809671419714, 0.019838809671419714, 0.019838809671419714, 0.019838809671419714, 0.021078735275883446, 0.021078735275883446, 0.021078735275883446, 0.021078735275883446, 0.021078735275883446, 0.021078735275883446, 0.021078735275883446, 0.78735275883447, 0.7923124612523249, 0.8022318660880348, 1.0]",4.0,2.0,2.0,2.0,2.0,22,-15.99804,8.0,12.0,hrl_dqn_apf,hierarchical,dqn,-12.284,9.851,-1.458,0.00,0.00,0.00,-14.155,9.794,2.670,0.00,0.00,0.00,-17.711,9.802,0.029,0.00,0.00,0.00,4.125,4.125,4.136
2026-02-04 20:47:40,124.63,32,350,382,8.38%,82.99,1.98%,"[0, 5, 10, 15, 20, 25, 30, 35, 40, 45, 50, 55, 60, 65, 70, 75, 80, 85, 90, 95, 100]","[11, 7, 8, 5, 1, 0, 0, 0, 0, 2, 0, 0, 0, 0, 0, 0, 1235, 9, 16, 319]","[0.006819590824550527, 0.011159330440173589, 0.016119032858028518, 0.019218846869187848, 0.019838809671419714, 0.019838809671419714, 0.019838809671419714, 0.019838809671419714, 0.019838809671419714, 0.021078735275883446, 0.021078735275883446, 0.021078735275883446, 0.021078735275883446, 0.021078735275883446, 0.021078735275883446, 0.021078735275883446, 0.7867327960322381, 0.7923124612523249, 0.8022318660880348, 1.0]",4.0,2.0,2.0,2.0,2.0,8,-9.83776,8.0,-6.0,hrl_dqn_apf,hierarchical,dqn,-11.953,9.855,-1.992,0.00,0.00,0.00,-13.925,9.792,3.365,0.00,0.00,0.00,-18.258,9.802,-0.288,0.00,0.00,0.00,4.122,4.122,4.133
2026-02-04 20:47:41,125.64,34,348,382,8.90%,83.27,2.11%,"[0, 5, 10, 15, 20, 25, 30, 35, 40, 45, 50, 55, 60, 65, 70, 75, 80, 85, 90, 95, 100]","[12, 5, 8, 8, 1, 0, 0, 0, 0, 0, 1, 0, 0, 0, 0, 0, 1233, 11, 8, 326]","[0.007439553626782393, 0.010539367637941723, 0.015499070055796652, 0.02045877247365158, 0.021078735275883446, 0.021078735275883446, 0.021078735275883446, 0.021078735275883446, 0.021078735275883446, 0.021078735275883446, 0.02169869807811531, 0.02169869807811531, 0.02169869807811531, 0.02169869807811531, 0.02169869807811531, 0.02169869807811531, 0.7861128332300062, 0.7929324240545568, 0.7978921264724117, 1.0]",4.0,2.0,2.0,2.0,2.0,13,-9.7578,8.0,0.0,hrl_dqn_apf,hierarchical,dqn,-11.363,9.863,-3.335,0.00,0.00,0.00,-13.299,9.831,4.618,0.00,0.00,0.00,-19.120,9.928,-1.012,0.00,0.00,0.00,4.119,4.119,4.130
2026-02-04 20:47:42,126.64,35,351,386,9.07%,83.43,2.17%,"[0, 5, 10, 15, 20, 25, 30, 35, 40, 45, 50, 55, 60, 65, 70, 75, 80, 85, 90, 95, 100]","[13, 5, 7, 8, 2, 0, 0, 0, 0, 0, 0, 0, 0, 0, 0, 0, 1231, 7, 14, 326]","[0.008059516429014259, 0.011159330440173589, 0.015499070055796652, 0.02045877247365158, 0.02169869807811531, 0.02169869807811531, 0.02169869807811531, 0.02169869807811531, 0.02169869807811531, 0.02169869807811531, 0.02169869807811531, 0.02169869807811531, 0.02169869807811531, 0.02169869807811531, 0.02169869807811531, 0.02169869807811531, 0.7848729076255425, 0.7892126472411656, 0.7978921264724117, 1.0]",4.0,2.0,2.0,2.0,2.0,18,-9.67761,8.0,6.0,hrl_dqn_apf,hierarchical,dqn,-11.380,9.926,-3.977,0.00,0.00,0.00,-12.761,9.906,4.698,0.00,0.00,0.00,-18.699,9.962,-1.127,0.00,0.00,0.00,4.116,4.116,4.127
2026-02-04 20:47:43,127.64,35,353,388,9.02%,83.61,2.17%,"[0, 5, 10, 15, 20, 25, 30, 35, 40, 45, 50, 55, 60, 65, 70, 75, 80, 85, 90, 95, 100]","[14, 2, 8, 9, 2, 0, 0, 0, 0, 0, 0, 0, 0, 0, 0, 0, 1231, 7, 10, 330]","[0.008679479231246125, 0.009919404835709857, 0.014879107253564786, 0.02045877247365158, 0.02169869807811531, 0.02169869807811531, 0.02169869807811531, 0.02169869807811531, 0.02169869807811531, 0.02169869807811531, 0.02169869807811531, 0.02169869807811531, 0.02169869807811531, 0.02169869807811531, 0.02169869807811531, 0.02169869807811531, 0.7848729076255425, 0.7892126472411656, 0.7954122752634842, 1.0]",4.0,2.0,2.0,2.0,2.0,22,-15.59724,8.0,12.0,hrl_dqn_apf,hierarchical,dqn,-11.862,9.961,-4.233,0.00,0.00,0.00,-12.498,9.944,4.279,0.00,0.00,0.00,-18.070,9.992,-1.126,0.00,0.00,0.00,4.113,4.113,4.124
2026-02-04 20:47:44,128.65,35,353,388,9.02%,83.79,2.17%,"[0, 5, 10, 15, 20, 25, 30, 35, 40, 45, 50, 55, 60, 65, 70, 75, 80, 85, 90, 95, 100]","[14, 4, 6, 7, 4, 0, 0, 0, 0, 0, 0, 0, 0, 0, 0, 0, 1231, 7, 8, 332]","[0.008679479231246125, 0.011159330440173589, 0.014879107253564786, 0.019218846869187848, 0.02169869807811531, 0.02169869807811531, 0.02169869807811531, 0.02169869807811531, 0.02169869807811531, 0.02169869807811531, 0.02169869807811531, 0.02169869807811531, 0.02169869807811531, 0.02169869807811531, 0.02169869807811531, 0.02169869807811531, 0.7848729076255425, 0.7892126472411656, 0.7941723496590205, 1.0]",4.0,2.0,2.0,2.0,2.0,3,-9.43736,8.0,-12.0,hrl_dqn_apf,hierarchical,dqn,-12.542,9.969,-4.309,0.00,0.00,0.00,-12.015,9.978,4.018,0.00,0.00,0.00,-17.748,10.042,-0.713,0.00,0.00,0.00,4.110,4.110,4.121
2026-02-04 20:47:45,129.65,36,352,388,9.28%,84.09,2.23%,"[0, 5, 10, 15, 20, 25, 30, 35, 40, 45, 50, 55, 60, 65, 70, 75, 80, 85, 90, 95, 100]","[12, 5, 5, 7, 6, 1, 0, 0, 0, 0, 0, 0, 0, 0, 0, 0, 1223, 14, 9, 331]","[0.007439553626782393, 0.010539367637941723, 0.013639181649101054, 0.017978921264724116, 0.02169869807811531, 0.022318660880347178, 0.022318660880347178, 0.022318660880347178, 0.022318660880347178, 0.022318660880347178, 0.022318660880347178, 0.022318660880347178, 0.022318660880347178, 0.022318660880347178, 0.022318660880347178, 0.022318660880347178, 0.7805331680099195, 0.7892126472411656, 0.7947923124612524, 1.0]",4.0,2.0,2.0,2.0,2.0,8,-9.3573,8.0,-6.0,hrl_dqn_apf,hierarchical,dqn,-13.113,10.051,-3.398,0.00,0.00,0.00,-12.468,10.114,3.914,0.00,0.00,0.00,-17.612,9.709,0.495,0.00,0.00,0.00,4.107,4.107,4.118
2026-02-04 20:47:46,130.65,37,353,390,9.49%,84.23,2.29%,"[0, 5, 10, 15, 20, 25, 30, 35, 40, 45, 50, 55, 60, 65, 70, 75, 80, 85, 90, 95, 100]","[11, 6, 4, 7, 8, 1, 0, 0, 0, 0, 0, 0, 0, 0, 0, 0, 1223, 14, 9, 330]","[0.006819590824550527, 0.010539367637941723, 0.013019218846869188, 0.01735895846249225, 0.022318660880347178, 0.022938623682579044, 0.022938623682579044, 0.022938623682579044, 0.022938623682579044, 0.022938623682579044, 0.022938623682579044, 0.022938623682579044, 0.022938623682579044, 0.022938623682579044, 0.022938623682579044, 0.022938623682579044, 0.7811531308121513, 0.7898326100433974, 0.7954122752634842, 1.0]",4.0,2.0,2.0,2.0,2.0,24,-3.2770600000000005,8.0,12.0,hrl_dqn_apf,hierarchical,dqn,-13.158,9.814,-2.766,0.00,0.00,0.00,-13.068,9.874,3.906,0.00,0.00,0.00,-17.498,9.587,0.682,0.00,0.00,0.00,4.104,4.104,4.115
2026-02-04 20:47:47,131.65,38,352,390,9.74%,84.36,2.36%,"[0, 5, 10, 15, 20, 25, 30, 35, 40, 45, 50, 55, 60, 65, 70, 75, 80, 85, 90, 95, 100]","[11, 7, 4, 6, 9, 1, 0, 0, 0, 0, 0, 0, 0, 0, 0, 0, 1219, 14, 7, 335]","[0.006819590824550527, 0.011159330440173589, 0.013639181649101054, 0.01735895846249225, 0.022938623682579044, 0.023558586484810913, 0.023558586484810913, 0.023558586484810913, 0.023558586484810913, 0.023558586484810913, 0.023558586484810913, 0.023558586484810913, 0.023558586484810913, 0.023558586484810913, 0.023558586484810913, 0.023558586484810913, 0.7792932424054557, 0.7879727216367018, 0.7923124612523249, 1.0]",4.0,2.0,2.0,2.0,2.0,21,-21.19726,8.0,12.0,hrl_dqn_apf,hierarchical,dqn,-13.173,9.566,-2.473,0.00,0.00,0.00,-13.314,9.635,3.867,0.00,0.00,0.00,-16.984,9.612,0.735,0.00,0.00,0.00,4.101,4.101,4.112
2026-02-04 20:47:48,132.65,38,352,390,9.74%,84.48,2.36%,"[0, 5, 10, 15, 20, 25, 30, 35, 40, 45, 50, 55, 60, 65, 70, 75, 80, 85, 90, 95, 100]","[13, 7, 4, 4, 8, 2, 0, 0, 1, 0, 0, 0, 0, 0, 0, 0, 1217, 16, 7, 334]","[0.008059516429014259, 0.012399256044637322, 0.014879107253564786, 0.01735895846249225, 0.022318660880347178, 0.023558586484810913, 0.023558586484810913, 0.023558586484810913, 0.02417854928704278, 0.02417854928704278, 0.02417854928704278, 0.02417854928704278, 0.02417854928704278, 0.02417854928704278, 0.02417854928704278, 0.02417854928704278, 0.7786732796032239, 0.7885926844389337, 0.7929324240545568, 1.0]",4.0,2.0,2.0,2.0,2.0,1,-21.11679,8.0,-12.0,hrl_dqn_apf,hierarchical,dqn,-13.177,9.595,-1.987,0.00,0.00,0.00,-13.384,9.675,3.444,0.00,0.00,0.00,-16.294,9.619,0.755,0.00,0.00,0.00,4.098,4.098,4.109
2026-02-04 20:47:49,133.66,37,354,391,9.46%,84.85,2.29%,"[0, 5, 10, 15, 20, 25, 30, 35, 40, 45, 50, 55, 60, 65, 70, 75, 80, 85, 90, 95, 100]","[11, 8, 2, 5, 8, 3, 1, 0, 1, 0, 0, 0, 0, 0, 0, 0, 1217, 10, 12, 335]","[0.006819590824550527, 0.011779293242405457, 0.013019218846869188, 0.016119032858028518, 0.021078735275883446, 0.022938623682579044, 0.023558586484810913, 0.023558586484810913, 0.02417854928704278, 0.02417854928704278, 0.02417854928704278, 0.02417854928704278, 0.02417854928704278, 0.02417854928704278, 0.02417854928704278, 0.02417854928704278, 0.7786732796032239, 0.7848729076255425, 0.7923124612523249, 1.0]",4.0,2.0,2.0,2.0,2.0,21,-21.03697,8.0,12.0,hrl_dqn_apf,hierarchical,dqn,-13.039,9.746,-2.353,0.00,0.00,0.00,-13.269,9.798,2.365,0.00,0.00,0.00,-15.900,9.774,1.489,0.00,0.00,0.00,4.095,4.095,4.106
2026-02-04 20:47:50,134.66,37,356,393,9.41%,85.04,2.29%,"[0, 5, 10, 15, 20, 25, 30, 35, 40, 45, 50, 55, 60, 65, 70, 75, 80, 85, 90, 95, 100]","[11, 8, 2, 5, 6, 5, 1, 0, 1, 0, 0, 0, 0, 0, 0, 0, 1217, 8, 14, 335]","[0.006819590824550527, 0.011779293242405457, 0.013019218846869188, 0.016119032858028518, 0.019838809671419714, 0.022938623682579044, 0.023558586484810913, 0.023558586484810913, 0.02417854928704278, 0.02417854928704278, 0.02417854928704278, 0.02417854928704278, 0.02417854928704278, 0.02417854928704278, 0.02417854928704278, 0.02417854928704278, 0.7786732796032239, 0.7836329820210788, 0.7923124612523249, 1.0]",4.0,2.0,2.0,2.0,2.0,18,-8.87731,8.0,6.0,hrl_dqn_apf,hierarchical,dqn,-12.653,9.748,-2.877,0.00,0.00,0.00,-12.838,9.832,2.541,0.00,0.00,0.00,-16.422,9.794,1.588,0.00,0.00,0.00,4.092,4.092,4.103
2026-02-04 20:47:51,135.67,37,358,395,9.37%,85.22,2.29%,"[0, 5, 10, 15, 20, 25, 30, 35, 40, 45, 50, 55, 60, 65, 70, 75, 80, 85, 90, 95, 100]","[11, 7, 3, 4, 5, 7, 1, 0, 1, 0, 0, 0, 0, 0, 0, 0, 1211, 14, 14, 335]","[0.006819590824550527, 0.011159330440173589, 0.013019218846869188, 0.015499070055796652, 0.018598884066955982, 0.022938623682579044, 0.023558586484810913, 0.023558586484810913, 0.02417854928704278, 0.02417854928704278, 0.02417854928704278, 0.02417854928704278, 0.02417854928704278, 0.02417854928704278, 0.02417854928704278, 0.02417854928704278, 0.7749535027898327, 0.7836329820210788, 0.7923124612523249, 1.0]",4.0,2.0,2.0,2.0,2.0,2,-14.79601,8.0,-12.0,hrl_dqn_apf,hierarchical,dqn,-12.350,9.749,-3.529,0.00,0.00,0.00,-12.237,9.836,2.852,0.00,0.00,0.00,-17.105,9.791,1.514,0.00,0.00,0.00,4.089,4.089,4.100
2026-02-04 20:47:52,136.67,37,358,395,9.37%,85.41,2.29%,"[0, 5, 10, 15, 20, 25, 30, 35, 40, 45, 50, 55, 60, 65, 70, 75, 80, 85, 90, 95, 100]","[12, 4, 5, 4, 5, 7, 1, 0, 0, 1, 0, 0, 0, 0, 0, 0, 1211, 10, 16, 337]","[0.007439553626782393, 0.009919404835709857, 0.013019218846869188, 0.015499070055796652, 0.018598884066955982, 0.022938623682579044, 0.023558586484810913, 0.023558586484810913, 0.023558586484810913, 0.02417854928704278, 0.02417854928704278, 0.02417854928704278, 0.02417854928704278, 0.02417854928704278, 0.02417854928704278, 0.02417854928704278, 0.7749535027898327, 0.7811531308121513, 0.7910725356478612, 1.0]",4.0,2.0,2.0,2.0,2.0,3,-8.71625,8.0,-12.0,hrl_dqn_apf,hierarchical,dqn,-12.213,9.751,-4.252,0.00,0.00,0.00,-11.556,9.846,3.115,0.00,0.00,0.00,-17.825,9.789,1.357,0.00,0.00,0.00,4.086,4.086,4.097
2026-02-04 20:47:53,137.67,37,362,399,9.27%,85.71,2.29%,"[0, 5, 10, 15, 20, 25, 30, 35, 40, 45, 50, 55, 60, 65, 70, 75, 80, 85, 90, 95, 100]","[15, 2, 5, 3, 4, 8, 2, 0, 0, 1, 0, 0, 0, 0, 0, 0, 1210, 9, 16, 338]","[0.009299442033477991, 0.010539367637941723, 0.013639181649101054, 0.015499070055796652, 0.017978921264724116, 0.022938623682579044, 0.02417854928704278, 0.02417854928704278, 0.02417854928704278, 0.024798512089274645, 0.024798512089274645, 0.024798512089274645, 0.024798512089274645, 0.024798512089274645, 0.024798512089274645, 0.024798512089274645, 0.7749535027898327, 0.7805331680099195, 0.7904525728456293, 1.0]",4.0,2.0,2.0,2.0,2.0,6,-20.63608,8.0,-6.0,hrl_dqn_apf,hierarchical,dqn,-12.155,9.745,-5.783,0.00,0.00,0.00,-11.928,10.012,3.304,0.00,0.00,0.00,-18.419,9.851,0.269,0.00,0.00,0.00,4.083,4.083,4.094
2026-02-04 20:47:54,138.68,35,366,401,8.73%,85.89,2.17%,"[0, 5, 10, 15, 20, 25, 30, 35, 40, 45, 50, 55, 60, 65, 70, 75, 80, 85, 90, 95, 100]","[14, 2, 6, 2, 4, 7, 3, 1, 0, 1, 0, 0, 0, 0, 0, 0, 1210, 9, 12, 342]","[0.008679479231246125, 0.009919404835709857, 0.013639181649101054, 0.014879107253564786, 0.01735895846249225, 0.02169869807811531, 0.023558586484810913, 0.02417854928704278, 0.02417854928704278, 0.024798512089274645, 0.024798512089274645, 0.024798512089274645, 0.024798512089274645, 0.024798512089274645, 0.024798512089274645, 0.024798512089274645, 0.7749535027898327, 0.7805331680099195, 0.7879727216367018, 1.0]",4.0,2.0,2.0,2.0,2.0,0,-26.47579,8.0,-12.0,hrl_dqn_apf,hierarchical,dqn,-12.151,9.742,-6.543,0.00,0.00,0.00,-12.520,9.770,3.319,0.00,0.00,0.00,-18.463,9.848,-0.464,0.00,0.00,0.00,4.080,4.080,4.091
2026-02-04 20:47:55,139.68,34,365,399,8.52%,86.04,2.11%,"[0, 5, 10, 15, 20, 25, 30, 35, 40, 45, 50, 55, 60, 65, 70, 75, 80, 85, 90, 95, 100]","[13, 3, 5, 3, 4, 6, 5, 1, 0, 1, 0, 0, 0, 0, 0, 0, 1210, 9, 8, 345]","[0.008059516429014259, 0.009919404835709857, 0.013019218846869188, 0.014879107253564786, 0.01735895846249225, 0.021078735275883446, 0.02417854928704278, 0.024798512089274645, 0.024798512089274645, 0.02541847489150651, 0.02541847489150651, 0.02541847489150651, 0.02541847489150651, 0.02541847489150651, 0.02541847489150651, 0.02541847489150651, 0.7755734655920645, 0.7811531308121513, 0.7861128332300062, 1.0]",4.0,2.0,2.0,2.0,2.0,2,-14.396,8.0,-12.0,hrl_dqn_apf,hierarchical,dqn,-12.185,9.771,-7.271,0.00,0.00,0.00,-12.801,9.526,3.324,0.00,0.00,0.00,-18.477,9.845,-1.219,0.00,0.00,0.00,4.077,4.077,4.088
2026-02-04 20:47:56,140.68,33,370,403,8.19%,86.20,2.05%,"[0, 5, 10, 15, 20, 25, 30, 35, 40, 45, 50, 55, 60, 65, 70, 75, 80, 85, 90, 95, 100]","[13, 5, 4, 3, 4, 4, 6, 1, 0, 1, 0, 0, 0, 0, 0, 0, 1206, 7, 14, 345]","[0.008059516429014259, 0.011159330440173589, 0.013639181649101054, 0.015499070055796652, 0.017978921264724116, 0.02045877247365158, 0.02417854928704278, 0.024798512089274645, 0.024798512089274645, 0.02541847489150651, 0.02541847489150651, 0.02541847489150651, 0.02541847489150651, 0.02541847489150651, 0.02541847489150651, 0.02541847489150651, 0.7730936143831371, 0.7774333539987601, 0.7861128332300062, 1.0]",4.0,2.0,2.0,2.0,2.0,22,-14.31595,8.0,12.0,hrl_dqn_apf,hierarchical,dqn,-12.601,9.832,-7.617,0.00,0.00,0.00,-13.296,9.551,3.325,0.00,0.00,0.00,-18.482,9.842,-1.981,0.00,0.00,0.00,4.074,4.074,4.085
2026-02-04 20:47:57,141.69,31,374,405,7.65%,86.55,1.92%,"[0, 5, 10, 15, 20, 25, 30, 35, 40, 45, 50, 55, 60, 65, 70, 75, 80, 85, 90, 95, 100]","[10, 9, 2, 4, 3, 3, 7, 2, 0, 1, 1, 0, 0, 0, 0, 0, 1206, 7, 8, 350]","[0.006199628022318661, 0.011779293242405457, 0.013019218846869188, 0.015499070055796652, 0.01735895846249225, 0.019218846869187848, 0.023558586484810913, 0.024798512089274645, 0.024798512089274645, 0.02541847489150651, 0.026038437693738377, 0.026038437693738377, 0.026038437693738377, 0.026038437693738377, 0.026038437693738377, 0.026038437693738377, 0.7737135771853689, 0.778053316800992, 0.7830130192188469, 1.0]",4.0,2.0,2.0,2.0,2.0,21,-20.155549999999998,8.0,12.0,hrl_dqn_apf,hierarchical,dqn,-13.078,9.922,-6.817,0.00,0.00,0.00,-14.528,9.623,3.522,0.00,0.00,0.00,-18.485,9.836,-3.504,0.00,0.00,0.00,4.071,4.071,4.082
2026-02-04 20:47:58,142.69,31,374,405,7.65%,86.67,1.92%,"[0, 5, 10, 15, 20, 25, 30, 35, 40, 45, 50, 55, 60, 65, 70, 75, 80, 85, 90, 95, 100]","[9, 11, 2, 3, 2, 4, 8, 2, 1, 0, 1, 0, 0, 0, 0, 0, 1200, 12, 9, 349]","[0.005579665220086794, 0.012399256044637322, 0.013639181649101054, 0.015499070055796652, 0.016738995660260384, 0.019218846869187848, 0.02417854928704278, 0.02541847489150651, 0.026038437693738377, 0.026038437693738377, 0.026658400495970243, 0.026658400495970243, 0.026658400495970243, 0.026658400495970243, 0.026658400495970243, 0.026658400495970243, 0.7706137631742096, 0.778053316800992, 0.7836329820210788, 1.0]",4.0,2.0,2.0,2.0,2.0,8,-8.07554,8.0,-6.0,hrl_dqn_apf,hierarchical,dqn,-13.115,9.920,-6.104,0.00,0.00,0.00,-14.819,9.656,3.998,0.00,0.00,0.00,-18.486,9.833,-4.264,0.00,0.00,0.00,4.068,4.068,4.079
2026-02-04 20:47:59,143.70,33,372,405,8.15%,86.75,2.05%,"[0, 5, 10, 15, 20, 25, 30, 35, 40, 45, 50, 55, 60, 65, 70, 75, 80, 85, 90, 95, 100]","[10, 10, 2, 4, 1, 6, 6, 4, 0, 0, 1, 1, 0, 0, 0, 0, 1198, 14, 9, 347]","[0.006199628022318661, 0.012399256044637322, 0.013639181649101054, 0.016119032858028518, 0.016738995660260384, 0.02045877247365158, 0.02417854928704278, 0.026658400495970243, 0.026658400495970243, 0.026658400495970243, 0.02727836329820211, 0.027898326100433975, 0.027898326100433975, 0.027898326100433975, 0.027898326100433975, 0.027898326100433975, 0.7706137631742096, 0.7792932424054557, 0.7848729076255425, 1.0]",4.0,2.0,2.0,2.0,2.0,7,-13.99533,8.0,-6.0,hrl_dqn_apf,hierarchical,dqn,-13.127,9.978,-5.425,0.00,0.00,0.00,-15.383,9.675,4.210,0.00,0.00,0.00,-18.453,9.861,-4.993,0.00,0.00,0.00,4.065,4.065,4.076
2026-02-04 20:48:00,144.70,33,376,409,8.07%,86.85,2.05%,"[0, 5, 10, 15, 20, 25, 30, 35, 40, 45, 50, 55, 60, 65, 70, 75, 80, 85, 90, 95, 100]","[9, 12, 2, 4, 2, 4, 6, 4, 1, 1, 1, 0, 0, 0, 0, 0, 1198, 14, 9, 346]","[0.005579665220086794, 0.013019218846869188, 0.01425914445133292, 0.016738995660260384, 0.017978921264724116, 0.02045877247365158, 0.02417854928704278, 0.026658400495970243, 0.02727836329820211, 0.027898326100433975, 0.02851828890266584, 0.02851828890266584, 0.02851828890266584, 0.02851828890266584, 0.02851828890266584, 0.02851828890266584, 0.7712337259764415, 0.7799132052076876, 0.7854928704277744, 1.0]",4.0,2.0,2.0,2.0,2.0,12,-13.91505,8.0,0.0,hrl_dqn_apf,hierarchical,dqn,-13.131,10.088,-5.499,0.00,0.00,0.00,-16.084,9.679,4.272,0.00,0.00,0.00,-18.036,9.916,-5.344,0.00,0.00,0.00,4.062,4.062,4.073
2026-02-04 20:48:01,145.71,34,373,407,8.35%,87.03,2.11%,"[0, 5, 10, 15, 20, 25, 30, 35, 40, 45, 50, 55, 60, 65, 70, 75, 80, 85, 90, 95, 100]","[9, 9, 7, 3, 3, 3, 4, 8, 1, 0, 1, 1, 0, 0, 0, 1, 1192, 16, 7, 348]","[0.005579665220086794, 0.011159330440173589, 0.015499070055796652, 0.01735895846249225, 0.019218846869187848, 0.021078735275883446, 0.023558586484810913, 0.02851828890266584, 0.029138251704897707, 0.029138251704897707, 0.029758214507129573, 0.03037817730936144, 0.03037817730936144, 0.03037817730936144, 0.03037817730936144, 0.030998140111593304, 0.7699938003719777, 0.7799132052076876, 0.7842529448233106, 1.0]",4.0,2.0,2.0,2.0,2.0,5,-25.754939999999998,8.0,-6.0,hrl_dqn_apf,hierarchical,dqn,-13.132,9.764,-6.581,0.00,0.00,0.00,-16.675,9.858,3.748,0.00,0.00,0.00,-16.641,9.917,-5.490,0.00,0.00,0.00,4.059,4.059,4.070
2026-02-04 20:48:02,146.71,36,372,408,8.82%,87.10,2.23%,"[0, 5, 10, 15, 20, 25, 30, 35, 40, 45, 50, 55, 60, 65, 70, 75, 80, 85, 90, 95, 100]","[8, 10, 8, 3, 4, 3, 4, 7, 2, 0, 1, 1, 0, 0, 0, 0, 1192, 16, 7, 347]","[0.0049597024178549285, 0.011159330440173589, 0.016119032858028518, 0.017978921264724116, 0.02045877247365158, 0.022318660880347178, 0.024798512089274645, 0.029138251704897707, 0.03037817730936144, 0.03037817730936144, 0.030998140111593304, 0.03161810291382517, 0.03161810291382517, 0.03161810291382517, 0.03161810291382517, 0.03161810291382517, 0.7706137631742096, 0.7805331680099195, 0.7848729076255425, 1.0]",4.0,2.0,2.0,2.0,2.0,11,-19.67499,8.0,0.0,hrl_dqn_apf,hierarchical,dqn,-13.037,9.621,-6.794,0.00,0.00,0.00,-16.719,9.890,4.164,0.00,0.00,0.00,-16.079,10.030,-5.472,0.00,0.00,0.00,4.056,4.056,4.067
2026-02-04 20:48:03,147.72,36,372,408,8.82%,87.24,2.23%,"[0, 5, 10, 15, 20, 25, 30, 35, 40, 45, 50, 55, 60, 65, 70, 75, 80, 85, 90, 95, 100]","[11, 9, 9, 2, 4, 1, 4, 8, 2, 0, 0, 1, 0, 0, 0, 0, 1192, 12, 11, 347]","[0.006819590824550527, 0.012399256044637322, 0.017978921264724116, 0.019218846869187848, 0.02169869807811531, 0.022318660880347178, 0.024798512089274645, 0.029758214507129573, 0.030998140111593304, 0.030998140111593304, 0.030998140111593304, 0.03161810291382517, 0.03161810291382517, 0.03161810291382517, 0.03161810291382517, 0.03161810291382517, 0.7706137631742096, 0.778053316800992, 0.7848729076255425, 1.0]",4.0,2.0,2.0,2.0,2.0,7,-13.59492,8.0,-6.0,hrl_dqn_apf,hierarchical,dqn,-12.556,9.616,-7.000,0.00,0.00,0.00,-16.733,9.939,4.761,0.00,0.00,0.00,-16.296,10.127,-5.320,0.00,0.00,0.00,4.053,4.053,4.064
2026-02-04 20:48:04,148.72,36,372,408,8.82%,87.44,2.23%,"[0, 5, 10, 15, 20, 25, 30, 35, 40, 45, 50, 55, 60, 65, 70, 75, 80, 85, 90, 95, 100]","[9, 9, 10, 2, 4, 2, 4, 6, 4, 0, 0, 1, 0, 0, 0, 0, 1192, 8, 14, 348]","[0.005579665220086794, 0.011159330440173589, 0.01735895846249225, 0.018598884066955982, 0.021078735275883446, 0.022318660880347178, 0.024798512089274645, 0.02851828890266584, 0.030998140111593304, 0.030998140111593304, 0.030998140111593304, 0.03161810291382517, 0.03161810291382517, 0.03161810291382517, 0.03161810291382517, 0.03161810291382517, 0.7706137631742096, 0.7755734655920645, 0.7842529448233106, 1.0]",4.0,2.0,2.0,2.0,2.0,8,-7.43454,8.0,-6.0,hrl_dqn_apf,hierarchical,dqn,-11.916,9.568,-7.264,0.00,0.00,0.00,-16.737,10.042,4.675,0.00,0.00,0.00,-16.859,10.180,-5.072,0.00,0.00,0.00,4.050,4.050,4.061
2026-02-04 20:48:05,149.72,36,374,410,8.78%,87.74,2.23%,"[0, 5, 10, 15, 20, 25, 30, 35, 40, 45, 50, 55, 60, 65, 70, 75, 80, 85, 90, 95, 100]","[10, 6, 11, 3, 4, 2, 4, 5, 5, 1, 0, 1, 0, 0, 0, 0, 1186, 12, 15, 348]","[0.006199628022318661, 0.009919404835709857, 0.016738995660260384, 0.018598884066955982, 0.021078735275883446, 0.022318660880347178, 0.024798512089274645, 0.027898326100433975, 0.030998140111593304, 0.03161810291382517, 0.03161810291382517, 0.032238065716057036, 0.032238065716057036, 0.032238065716057036, 0.032238065716057036, 0.032238065716057036, 0.7675139491630503, 0.7749535027898327, 0.7842529448233106, 1.0]",4.0,2.0,2.0,2.0,2.0,13,-7.35459,8.0,0.0,hrl_dqn_apf,hierarchical,dqn,-10.520,9.515,-7.806,0.00,0.00,0.00,-16.739,9.715,3.589,0.00,0.00,0.00,-18.051,9.906,-4.534,0.00,0.00,0.00,4.047,4.047,4.058
2026-02-04 20:48:06,150.72,37,371,408,9.07%,87.87,2.29%,"[0, 5, 10, 15, 20, 25, 30, 35, 40, 45, 50, 55, 60, 65, 70, 75, 80, 85, 90, 95, 100]","[10, 4, 11, 6, 3, 3, 3, 4, 7, 1, 0, 0, 1, 0, 0, 0, 1186, 9, 16, 349]","[0.006199628022318661, 0.008679479231246125, 0.015499070055796652, 0.019218846869187848, 0.021078735275883446, 0.022938623682579044, 0.024798512089274645, 0.02727836329820211, 0.03161810291382517, 0.032238065716057036, 0.032238065716057036, 0.032238065716057036, 0.0328580285182889, 0.0328580285182889, 0.0328580285182889, 0.0328580285182889, 0.7681339119652821, 0.7737135771853689, 0.7836329820210788, 1.0]",4.0,2.0,2.0,2.0,2.0,5,-25.27456,8.0,-6.0,hrl_dqn_apf,hierarchical,dqn,-9.963,9.620,-7.890,0.00,0.00,0.00,-16.637,9.590,3.408,0.00,0.00,0.00,-18.127,9.796,-4.451,0.00,0.00,0.00,4.044,4.044,4.055
2026-02-04 20:48:07,151.73,37,373,410,9.02%,88.03,2.29%,"[0, 5, 10, 15, 20, 25, 30, 35, 40, 45, 50, 55, 60, 65, 70, 75, 80, 85, 90, 95, 100]","[10, 3, 10, 8, 2, 4, 4, 4, 7, 1, 0, 0, 1, 0, 0, 0, 1185, 9, 16, 349]","[0.006199628022318661, 0.008059516429014259, 0.01425914445133292, 0.019218846869187848, 0.02045877247365158, 0.022938623682579044, 0.02541847489150651, 0.027898326100433975, 0.032238065716057036, 0.0328580285182889, 0.0328580285182889, 0.0328580285182889, 0.03347799132052077, 0.03347799132052077, 0.03347799132052077, 0.03347799132052077, 0.7681339119652821, 0.7737135771853689, 0.7836329820210788, 1.0]",4.0,2.0,2.0,2.0,2.0,3,-7.19425,8.0,-12.0,hrl_dqn_apf,hierarchical,dqn,-10.197,9.691,-7.915,0.00,0.00,0.00,-16.162,9.630,3.324,0.00,0.00,0.00,-17.702,9.842,-4.396,0.00,0.00,0.00,4.041,4.041,4.052
2026-02-04 20:48:08,152.73,38,376,414,9.18%,88.21,2.36%,"[0, 5, 10, 15, 20, 25, 30, 35, 40, 45, 50, 55, 60, 65, 70, 75, 80, 85, 90, 95, 100]","[10, 4, 9, 9, 2, 4, 3, 2, 8, 2, 0, 0, 1, 0, 0, 0, 1185, 9, 12, 353]","[0.006199628022318661, 0.008679479231246125, 0.01425914445133292, 0.019838809671419714, 0.021078735275883446, 0.023558586484810913, 0.02541847489150651, 0.026658400495970243, 0.03161810291382517, 0.0328580285182889, 0.0328580285182889, 0.0328580285182889, 0.03347799132052077, 0.03347799132052077, 0.03347799132052077, 0.03347799132052077, 0.7681339119652821, 0.7737135771853689, 0.7811531308121513, 1.0]",4.0,2.0,2.0,2.0,2.0,5,-25.034219999999998,8.0,-6.0,hrl_dqn_apf,hierarchical,dqn,-10.802,9.698,-7.926,0.00,0.00,0.00,-15.881,9.679,2.899,0.00,0.00,0.00,-17.432,9.887,-3.977,0.00,0.00,0.00,4.038,4.038,4.049
2026-02-04 20:48:09,153.74,39,375,414,9.42%,88.41,2.42%,"[0, 5, 10, 15, 20, 25, 30, 35, 40, 45, 50, 55, 60, 65, 70, 75, 80, 85, 90, 95, 100]","[10, 4, 6, 12, 2, 5, 1, 4, 7, 3, 1, 0, 1, 1, 0, 0, 1183, 9, 10, 354]","[0.006199628022318661, 0.008679479231246125, 0.012399256044637322, 0.019838809671419714, 0.021078735275883446, 0.02417854928704278, 0.024798512089274645, 0.02727836329820211, 0.03161810291382517, 0.03347799132052077, 0.034097954122752634, 0.034097954122752634, 0.0347179169249845, 0.035337879727216366, 0.035337879727216366, 0.035337879727216366, 0.768753874767514, 0.7743335399876008, 0.7805331680099195, 1.0]",4.0,2.0,2.0,2.0,2.0,11,-18.95411,8.0,0.0,hrl_dqn_apf,hierarchical,dqn,-11.371,9.869,-8.477,0.00,0.00,0.00,-16.707,9.769,2.404,0.00,0.00,0.00,-17.515,9.962,-2.754,0.00,0.00,0.00,4.035,4.035,4.046
2026-02-04 20:48:10,154.74,38,380,418,9.09%,88.60,2.36%,"[0, 5, 10, 15, 20, 25, 30, 35, 40, 45, 50, 55, 60, 65, 70, 75, 80, 85, 90, 95, 100]","[9, 6, 5, 11, 3, 4, 2, 4, 5, 5, 1, 0, 1, 1, 0, 0, 1181, 7, 12, 356]","[0.005579665220086794, 0.009299442033477991, 0.012399256044637322, 0.019218846869187848, 0.021078735275883446, 0.023558586484810913, 0.024798512089274645, 0.02727836329820211, 0.03037817730936144, 0.03347799132052077, 0.034097954122752634, 0.034097954122752634, 0.0347179169249845, 0.035337879727216366, 0.035337879727216366, 0.035337879727216366, 0.7675139491630503, 0.7718536887786733, 0.7792932424054557, 1.0]",4.0,2.0,2.0,2.0,2.0,8,-6.87406,8.0,-6.0,hrl_dqn_apf,hierarchical,dqn,-11.413,9.901,-8.059,0.00,0.00,0.00,-17.325,9.814,2.265,0.00,0.00,0.00,-17.879,10.050,-2.566,0.00,0.00,0.00,4.032,4.032,4.043
2026-02-04 20:48:11,155.74,38,380,418,9.09%,88.74,2.36%,"[0, 5, 10, 15, 20, 25, 30, 35, 40, 45, 50, 55, 60, 65, 70, 75, 80, 85, 90, 95, 100]","[10, 6, 3, 9, 6, 4, 3, 3, 4, 7, 1, 0, 1, 1, 0, 0, 1181, 7, 10, 357]","[0.006199628022318661, 0.009919404835709857, 0.011779293242405457, 0.01735895846249225, 0.021078735275883446, 0.023558586484810913, 0.02541847489150651, 0.02727836329820211, 0.029758214507129573, 0.034097954122752634, 0.0347179169249845, 0.0347179169249845, 0.035337879727216366, 0.03595784252944823, 0.03595784252944823, 0.03595784252944823, 0.7681339119652821, 0.7724736515809052, 0.7786732796032239, 1.0]",4.0,2.0,2.0,2.0,2.0,23,-6.79388,8.0,12.0,hrl_dqn_apf,hierarchical,dqn,-11.426,9.900,-7.396,0.00,0.00,0.00,-17.540,9.876,1.780,0.00,0.00,0.00,-17.615,9.941,-2.508,0.00,0.00,0.00,4.029,4.029,4.040
2026-02-04 20:48:12,156.74,37,381,418,8.85%,88.93,2.29%,"[0, 5, 10, 15, 20, 25, 30, 35, 40, 45, 50, 55, 60, 65, 70, 75, 80, 85, 90, 95, 100]","[9, 6, 4, 7, 8, 3, 4, 3, 4, 7, 1, 0, 0, 2, 0, 0, 1177, 11, 8, 359]","[0.005579665220086794, 0.009299442033477991, 0.011779293242405457, 0.016119032858028518, 0.021078735275883446, 0.022938623682579044, 0.02541847489150651, 0.02727836329820211, 0.029758214507129573, 0.034097954122752634, 0.0347179169249845, 0.0347179169249845, 0.0347179169249845, 0.03595784252944823, 0.03595784252944823, 0.03595784252944823, 0.7656540607563547, 0.7724736515809052, 0.7774333539987601, 1.0]",4.0,2.0,2.0,2.0,2.0,20,-24.71347,8.0,12.0,hrl_dqn_apf,hierarchical,dqn,-11.430,9.898,-6.660,0.00,0.00,0.00,-17.200,9.937,1.502,0.00,0.00,0.00,-17.405,9.581,-2.494,0.00,0.00,0.00,4.026,4.026,4.037
2026-02-04 20:48:13,157.75,37,387,424,8.73%,89.27,2.29%,"[0, 5, 10, 15, 20, 25, 30, 35, 40, 45, 50, 55, 60, 65, 70, 75, 80, 85, 90, 95, 100]","[8, 7, 4, 6, 10, 2, 4, 3, 2, 7, 3, 1, 0, 1, 1, 0, 1173, 14, 9, 358]","[0.0049597024178549285, 0.009299442033477991, 0.011779293242405457, 0.015499070055796652, 0.02169869807811531, 0.022938623682579044, 0.02541847489150651, 0.02727836329820211, 0.02851828890266584, 0.0328580285182889, 0.0347179169249845, 0.035337879727216366, 0.035337879727216366, 0.03595784252944823, 0.0365778053316801, 0.0365778053316801, 0.7637941723496591, 0.7724736515809052, 0.778053316800992, 1.0]",4.0,2.0,2.0,2.0,2.0,12,-12.55347,8.0,0.0,hrl_dqn_apf,hierarchical,dqn,-11.432,9.891,-5.148,0.00,0.00,0.00,-16.729,10.043,2.325,0.00,0.00,0.00,-17.349,9.614,-3.433,0.00,0.00,0.00,4.023,4.023,4.033
2026-02-04 20:48:14,158.75,35,385,420,8.33%,89.48,2.17%,"[0, 5, 10, 15, 20, 25, 30, 35, 40, 45, 50, 55, 60, 65, 70, 75, 80, 85, 90, 95, 100]","[8, 6, 4, 6, 10, 1, 6, 1, 3, 7, 3, 2, 0, 1, 1, 0, 1171, 14, 9, 360]","[0.0049597024178549285, 0.008679479231246125, 0.011159330440173589, 0.014879107253564786, 0.021078735275883446, 0.02169869807811531, 0.02541847489150651, 0.026038437693738377, 0.027898326100433975, 0.032238065716057036, 0.034097954122752634, 0.035337879727216366, 0.035337879727216366, 0.03595784252944823, 0.0365778053316801, 0.0365778053316801, 0.7625542467451953, 0.7712337259764415, 0.7768133911965283, 1.0]",4.0,2.0,2.0,2.0,2.0,24,-0.4733099999999997,8.0,12.0,hrl_dqn_apf,hierarchical,dqn,-11.335,9.944,-4.481,0.00,0.00,0.00,-16.665,9.816,2.950,0.00,0.00,0.00,-17.269,9.654,-4.058,0.00,0.00,0.00,4.020,4.020,4.031
2026-02-04 20:48:15,159.75,35,385,420,8.33%,89.67,2.17%,"[0, 5, 10, 15, 20, 25, 30, 35, 40, 45, 50, 55, 60, 65, 70, 75, 80, 85, 90, 95, 100]","[10, 3, 5, 5, 9, 3, 6, 2, 2, 5, 5, 2, 0, 1, 1, 0, 1167, 16, 7, 364]","[0.006199628022318661, 0.008059516429014259, 0.011159330440173589, 0.01425914445133292, 0.019838809671419714, 0.02169869807811531, 0.02541847489150651, 0.026658400495970243, 0.027898326100433975, 0.030998140111593304, 0.034097954122752634, 0.035337879727216366, 0.035337879727216366, 0.03595784252944823, 0.0365778053316801, 0.0365778053316801, 0.7600743955362679, 0.7699938003719777, 0.7743335399876008, 1.0]",4.0,2.0,2.0,2.0,2.0,13,-6.39302,8.0,0.0,hrl_dqn_apf,hierarchical,dqn,-10.833,9.977,-4.214,0.00,0.00,0.00,-16.603,9.584,3.201,0.00,0.00,0.00,-16.773,9.688,-4.310,0.00,0.00,0.00,4.017,4.017,4.027
2026-02-04 20:48:16,160.75,36,384,420,8.57%,89.85,2.23%,"[0, 5, 10, 15, 20, 25, 30, 35, 40, 45, 50, 55, 60, 65, 70, 75, 80, 85, 90, 95, 100]","[10, 4, 5, 3, 9, 5, 5, 2, 2, 4, 6, 2, 0, 1, 1, 0, 1167, 16, 7, 364]","[0.006199628022318661, 0.008679479231246125, 0.011779293242405457, 0.013639181649101054, 0.019218846869187848, 0.022318660880347178, 0.02541847489150651, 0.026658400495970243, 0.027898326100433975, 0.03037817730936144, 0.034097954122752634, 0.035337879727216366, 0.035337879727216366, 0.03595784252944823, 0.0365778053316801, 0.0365778053316801, 0.7600743955362679, 0.7699938003719777, 0.7743335399876008, 1.0]",4.0,2.0,2.0,2.0,2.0,2,-12.31311,8.0,-12.0,hrl_dqn_apf,hierarchical,dqn,-10.143,9.978,-4.130,0.00,0.00,0.00,-16.169,9.620,3.273,0.00,0.00,0.00,-16.089,9.696,-4.385,0.00,0.00,0.00,4.014,4.014,4.025
2026-02-04 20:48:17,161.76,39,382,421,9.26%,90.11,2.42%,"[0, 5, 10, 15, 20, 25, 30, 35, 40, 45, 50, 55, 60, 65, 70, 75, 80, 85, 90, 95, 100]","[13, 4, 4, 3, 7, 8, 3, 4, 1, 3, 5, 3, 0, 0, 2, 0, 1167, 10, 12, 364]","[0.008059516429014259, 0.010539367637941723, 0.013019218846869188, 0.014879107253564786, 0.019218846869187848, 0.02417854928704278, 0.026038437693738377, 0.02851828890266584, 0.029138251704897707, 0.030998140111593304, 0.034097954122752634, 0.03595784252944823, 0.03595784252944823, 0.03595784252944823, 0.037197768133911964, 0.037197768133911964, 0.7606943583384997, 0.7668939863608184, 0.7743335399876008, 1.0]",4.0,2.0,2.0,2.0,2.0,12,-12.15304,8.0,0.0,hrl_dqn_apf,hierarchical,dqn,-9.686,10.015,-4.097,0.00,0.00,0.00,-14.767,9.624,3.302,0.00,0.00,0.00,-15.512,9.874,-3.862,0.00,0.00,0.00,4.011,4.011,4.022
2026-02-04 20:48:18,162.76,39,382,421,9.26%,90.32,2.42%,"[0, 5, 10, 15, 20, 25, 30, 35, 40, 45, 50, 55, 60, 65, 70, 75, 80, 85, 90, 95, 100]","[11, 5, 4, 4, 5, 10, 2, 4, 2, 1, 7, 2, 1, 0, 1, 1, 1165, 10, 14, 364]","[0.006819590824550527, 0.009919404835709857, 0.012399256044637322, 0.014879107253564786, 0.017978921264724116, 0.02417854928704278, 0.02541847489150651, 0.027898326100433975, 0.029138251704897707, 0.029758214507129573, 0.034097954122752634, 0.035337879727216366, 0.03595784252944823, 0.03595784252944823, 0.0365778053316801, 0.037197768133911964, 0.759454432734036, 0.7656540607563547, 0.7743335399876008, 1.0]",4.0,2.0,2.0,2.0,2.0,16,-18.07278,8.0,6.0,hrl_dqn_apf,hierarchical,dqn,-10.125,9.780,-4.095,0.00,0.00,0.00,-14.106,9.676,3.210,0.00,0.00,0.00,-15.376,9.920,-4.186,0.00,0.00,0.00,4.008,4.008,4.018
2026-02-04 20:48:19,163.76,38,385,423,8.98%,90.51,2.36%,"[0, 5, 10, 15, 20, 25, 30, 35, 40, 45, 50, 55, 60, 65, 70, 75, 80, 85, 90, 95, 100]","[11, 5, 5, 3, 6, 8, 2, 5, 2, 1, 5, 4, 1, 0, 1, 1, 1161, 14, 12, 366]","[0.006819590824550527, 0.009919404835709857, 0.013019218846869188, 0.014879107253564786, 0.018598884066955982, 0.023558586484810913, 0.024798512089274645, 0.027898326100433975, 0.029138251704897707, 0.029758214507129573, 0.0328580285182889, 0.035337879727216366, 0.03595784252944823, 0.03595784252944823, 0.0365778053316801, 0.037197768133911964, 0.7569745815251085, 0.7656540607563547, 0.7730936143831371, 1.0]",4.0,2.0,2.0,2.0,2.0,16,-17.99286,8.0,6.0,hrl_dqn_apf,hierarchical,dqn,-10.326,9.530,-4.059,0.00,0.00,0.00,-13.805,9.712,2.739,0.00,0.00,0.00,-14.861,9.940,-4.356,0.00,0.00,0.00,4.005,4.005,4.016
2026-02-04 20:48:20,164.77,38,383,421,9.03%,90.66,2.36%,"[0, 5, 10, 15, 20, 25, 30, 35, 40, 45, 50, 55, 60, 65, 70, 75, 80, 85, 90, 95, 100]","[11, 5, 3, 6, 4, 9, 2, 5, 2, 1, 5, 3, 2, 0, 1, 1, 1161, 10, 14, 368]","[0.006819590824550527, 0.009919404835709857, 0.011779293242405457, 0.015499070055796652, 0.017978921264724116, 0.023558586484810913, 0.024798512089274645, 0.027898326100433975, 0.029138251704897707, 0.029758214507129573, 0.0328580285182889, 0.0347179169249845, 0.03595784252944823, 0.03595784252944823, 0.0365778053316801, 0.037197768133911964, 0.7569745815251085, 0.7631742095474272, 0.7718536887786733, 1.0]",4.0,2.0,2.0,2.0,2.0,17,-11.83287,8.0,6.0,hrl_dqn_apf,hierarchical,dqn,-10.382,9.566,-3.643,0.00,0.00,0.00,-13.312,9.743,2.454,0.00,0.00,0.00,-14.173,9.950,-4.410,0.00,0.00,0.00,4.002,4.002,4.012
2026-02-04 20:48:21,165.77,36,385,421,8.55%,90.95,2.23%,"[0, 5, 10, 15, 20, 25, 30, 35, 40, 45, 50, 55, 60, 65, 70, 75, 80, 85, 90, 95, 100]","[9, 8, 3, 6, 3, 7, 5, 5, 3, 1, 3, 4, 2, 0, 0, 2, 1160, 9, 17, 366]","[0.005579665220086794, 0.010539367637941723, 0.012399256044637322, 0.016119032858028518, 0.017978921264724116, 0.022318660880347178, 0.02541847489150651, 0.02851828890266584, 0.03037817730936144, 0.030998140111593304, 0.0328580285182889, 0.035337879727216366, 0.0365778053316801, 0.0365778053316801, 0.0365778053316801, 0.03781773093614383, 0.7569745815251085, 0.7625542467451953, 0.7730936143831371, 1.0]",4.0,2.0,2.0,2.0,2.0,19,0.2474299999999996,8.0,6.0,hrl_dqn_apf,hierarchical,dqn,-9.537,9.559,-3.071,0.00,0.00,0.00,-12.069,9.814,2.519,0.00,0.00,0.00,-14.503,10.191,-4.516,0.00,0.00,0.00,3.999,3.999,4.009
2026-02-04 20:48:22,166.77,37,384,421,8.79%,91.07,2.29%,"[0, 5, 10, 15, 20, 25, 30, 35, 40, 45, 50, 55, 60, 65, 70, 75, 80, 85, 90, 95, 100]","[10, 8, 5, 5, 3, 6, 6, 3, 4, 1, 2, 4, 3, 0, 0, 2, 1160, 9, 10, 372]","[0.006199628022318661, 0.011159330440173589, 0.01425914445133292, 0.01735895846249225, 0.019218846869187848, 0.022938623682579044, 0.026658400495970243, 0.02851828890266584, 0.030998140111593304, 0.03161810291382517, 0.0328580285182889, 0.035337879727216366, 0.037197768133911964, 0.037197768133911964, 0.037197768133911964, 0.038437693738375696, 0.7575945443273404, 0.7631742095474272, 0.7693738375697459, 1.0]",4.0,2.0,2.0,2.0,2.0,16,-17.67279,8.0,6.0,hrl_dqn_apf,hierarchical,dqn,-9.112,9.561,-2.925,0.00,0.00,0.00,-11.962,9.887,2.990,0.00,0.00,0.00,-15.090,9.977,-4.625,0.00,0.00,0.00,3.996,3.996,4.006
2026-02-04 20:48:23,167.77,37,386,423,8.75%,91.24,2.29%,"[0, 5, 10, 15, 20, 25, 30, 35, 40, 45, 50, 55, 60, 65, 70, 75, 80, 85, 90, 95, 100]","[10, 6, 6, 6, 3, 6, 6, 3, 4, 1, 1, 5, 3, 0, 0, 1, 1159, 10, 10, 373]","[0.006199628022318661, 0.009919404835709857, 0.013639181649101054, 0.01735895846249225, 0.019218846869187848, 0.022938623682579044, 0.026658400495970243, 0.02851828890266584, 0.030998140111593304, 0.03161810291382517, 0.032238065716057036, 0.035337879727216366, 0.037197768133911964, 0.037197768133911964, 0.037197768133911964, 0.03781773093614383, 0.7563546187228767, 0.7625542467451953, 0.768753874767514, 1.0]",4.0,2.0,2.0,2.0,2.0,3,-5.592829999999999,8.0,-12.0,hrl_dqn_apf,hierarchical,dqn,-8.517,9.608,-2.866,0.00,0.00,0.00,-12.395,9.924,3.207,0.00,0.00,0.00,-15.337,9.730,-4.641,0.00,0.00,0.00,3.993,3.993,4.003
2026-02-04 20:48:24,168.77,36,391,427,8.43%,91.39,2.23%,"[0, 5, 10, 15, 20, 25, 30, 35, 40, 45, 50, 55, 60, 65, 70, 75, 80, 85, 90, 95, 100]","[8, 9, 6, 5, 4, 4, 7, 2, 5, 2, 1, 3, 4, 1, 0, 1, 1157, 7, 14, 373]","[0.0049597024178549285, 0.010539367637941723, 0.01425914445133292, 0.01735895846249225, 0.019838809671419714, 0.022318660880347178, 0.026658400495970243, 0.027898326100433975, 0.030998140111593304, 0.032238065716057036, 0.0328580285182889, 0.0347179169249845, 0.037197768133911964, 0.03781773093614383, 0.03781773093614383, 0.038437693738375696, 0.7557346559206448, 0.7600743955362679, 0.768753874767514, 1.0]",4.0,2.0,2.0,2.0,2.0,5,-23.43234,8.0,-6.0,hrl_dqn_apf,hierarchical,dqn,-8.592,9.716,-2.848,0.00,0.00,0.00,-13.066,9.928,3.273,0.00,0.00,0.00,-15.406,9.773,-4.243,0.00,0.00,0.00,3.990,3.990,4.000
2026-02-04 20:48:25,169.78,35,392,427,8.20%,91.78,2.17%,"[0, 5, 10, 15, 20, 25, 30, 35, 40, 45, 50, 55, 60, 65, 70, 75, 80, 85, 90, 95, 100]","[12, 4, 8, 3, 5, 3, 7, 2, 5, 2, 1, 4, 3, 2, 0, 1, 1155, 9, 8, 379]","[0.007439553626782393, 0.009919404835709857, 0.014879107253564786, 0.016738995660260384, 0.019838809671419714, 0.02169869807811531, 0.026038437693738377, 0.02727836329820211, 0.03037817730936144, 0.03161810291382517, 0.032238065716057036, 0.0347179169249845, 0.0365778053316801, 0.03781773093614383, 0.03781773093614383, 0.038437693738375696, 0.7544947303161811, 0.7600743955362679, 0.7650340979541228, 1.0]",4.0,2.0,2.0,2.0,2.0,6,-17.35252,8.0,-6.0,hrl_dqn_apf,hierarchical,dqn,-9.854,9.725,-2.840,0.00,0.00,0.00,-13.472,10.082,2.560,0.00,0.00,0.00,-14.517,9.849,-3.755,0.00,0.00,0.00,3.987,3.987,3.997
2026-02-04 20:48:26,170.78,33,394,427,7.73%,91.98,2.05%,"[0, 5, 10, 15, 20, 25, 30, 35, 40, 45, 50, 55, 60, 65, 70, 75, 80, 85, 90, 95, 100]","[12, 3, 8, 4, 5, 1, 6, 6, 4, 2, 1, 3, 4, 2, 0, 0, 1152, 12, 9, 379]","[0.007439553626782393, 0.009299442033477991, 0.01425914445133292, 0.016738995660260384, 0.019838809671419714, 0.02045877247365158, 0.02417854928704278, 0.027898326100433975, 0.03037817730936144, 0.03161810291382517, 0.032238065716057036, 0.034097954122752634, 0.0365778053316801, 0.03781773093614383, 0.03781773093614383, 0.03781773093614383, 0.7520148791072536, 0.759454432734036, 0.7650340979541228, 1.0]",4.0,2.0,2.0,2.0,2.0,8,-5.2722999999999995,8.0,-6.0,hrl_dqn_apf,hierarchical,dqn,-10.421,9.816,-2.822,0.00,0.00,0.00,-13.037,9.862,2.390,0.00,0.00,0.00,-13.975,9.950,-3.736,0.00,0.00,0.00,3.984,3.984,3.994
2026-02-04 20:48:27,171.78,34,393,427,7.96%,92.16,2.11%,"[0, 5, 10, 15, 20, 25, 30, 35, 40, 45, 50, 55, 60, 65, 70, 75, 80, 85, 90, 95, 100]","[12, 3, 8, 4, 5, 2, 5, 6, 3, 3, 1, 3, 4, 2, 0, 0, 1150, 14, 9, 379]","[0.007439553626782393, 0.009299442033477991, 0.01425914445133292, 0.016738995660260384, 0.019838809671419714, 0.021078735275883446, 0.02417854928704278, 0.027898326100433975, 0.029758214507129573, 0.03161810291382517, 0.032238065716057036, 0.034097954122752634, 0.0365778053316801, 0.03781773093614383, 0.03781773093614383, 0.03781773093614383, 0.7507749535027899, 0.759454432734036, 0.7650340979541228, 1.0]",4.0,2.0,2.0,2.0,2.0,13,-5.111840000000001,8.0,0.0,hrl_dqn_apf,hierarchical,dqn,-10.206,9.876,-2.723,0.00,0.00,0.00,-12.832,9.603,2.304,0.00,0.00,0.00,-14.197,10.033,-3.823,0.00,0.00,0.00,3.981,3.981,3.991
2026-02-04 20:48:28,172.79,34,393,427,7.96%,92.37,2.11%,"[0, 5, 10, 15, 20, 25, 30, 35, 40, 45, 50, 55, 60, 65, 70, 75, 80, 85, 90, 95, 100]","[12, 3, 6, 5, 5, 3, 5, 6, 3, 3, 1, 2, 4, 3, 0, 0, 1150, 12, 11, 379]","[0.007439553626782393, 0.009299442033477991, 0.013019218846869188, 0.016119032858028518, 0.019218846869187848, 0.021078735275883446, 0.02417854928704278, 0.027898326100433975, 0.029758214507129573, 0.03161810291382517, 0.032238065716057036, 0.03347799132052077, 0.03595784252944823, 0.03781773093614383, 0.03781773093614383, 0.03781773093614383, 0.7507749535027899, 0.7582145071295723, 0.7650340979541228, 1.0]",4.0,2.0,2.0,2.0,2.0,9,0.9681099999999994,8.0,-6.0,hrl_dqn_apf,hierarchical,dqn,-9.602,9.865,-2.561,0.00,0.00,0.00,-12.772,9.642,1.870,0.00,0.00,0.00,-14.805,10.053,-3.982,0.00,0.00,0.00,3.978,3.978,3.988
2026-02-04 20:48:29,173.79,34,393,427,7.96%,92.74,2.11%,"[0, 5, 10, 15, 20, 25, 30, 35, 40, 45, 50, 55, 60, 65, 70, 75, 80, 85, 90, 95, 100]","[13, 2, 6, 5, 4, 4, 3, 7, 2, 5, 1, 1, 3, 3, 2, 0, 1143, 17, 7, 385]","[0.008059516429014259, 0.009299442033477991, 0.013019218846869188, 0.016119032858028518, 0.018598884066955982, 0.021078735275883446, 0.022938623682579044, 0.02727836329820211, 0.02851828890266584, 0.03161810291382517, 0.032238065716057036, 0.0328580285182889, 0.0347179169249845, 0.0365778053316801, 0.03781773093614383, 0.03781773093614383, 0.7464352138871667, 0.7569745815251085, 0.7613143211407316, 1.0]",4.0,2.0,2.0,2.0,2.0,15,-23.03167,8.0,6.0,hrl_dqn_apf,hierarchical,dqn,-8.956,9.963,-2.222,0.00,0.00,0.00,-12.750,9.780,2.312,0.00,0.00,0.00,-16.059,9.741,-4.326,0.00,0.00,0.00,3.975,3.975,3.985
2026-02-04 20:48:30,174.79,34,394,428,7.94%,92.95,2.11%,"[0, 5, 10, 15, 20, 25, 30, 35, 40, 45, 50, 55, 60, 65, 70, 75, 80, 85, 90, 95, 100]","[11, 4, 4, 7, 3, 5, 3, 7, 2, 4, 2, 1, 3, 3, 2, 0, 1143, 17, 7, 385]","[0.006819590824550527, 0.009299442033477991, 0.011779293242405457, 0.016119032858028518, 0.017978921264724116, 0.021078735275883446, 0.022938623682579044, 0.02727836329820211, 0.02851828890266584, 0.030998140111593304, 0.032238065716057036, 0.0328580285182889, 0.0347179169249845, 0.0365778053316801, 0.03781773093614383, 0.03781773093614383, 0.7464352138871667, 0.7569745815251085, 0.7613143211407316, 1.0]",4.0,2.0,2.0,2.0,2.0,0,-22.871650000000002,8.0,-12.0,hrl_dqn_apf,hierarchical,dqn,-9.364,9.997,-2.166,0.00,0.00,0.00,-12.653,9.826,2.910,0.00,0.00,0.00,-16.250,9.606,-4.477,0.00,0.00,0.00,3.972,3.972,3.982
2026-02-04 20:48:31,175.79,34,392,426,7.98%,93.16,2.11%,"[0, 5, 10, 15, 20, 25, 30, 35, 40, 45, 50, 55, 60, 65, 70, 75, 80, 85, 90, 95, 100]","[12, 3, 3, 7, 4, 5, 1, 6, 5, 4, 2, 1, 2, 4, 2, 0, 1143, 11, 12, 386]","[0.007439553626782393, 0.009299442033477991, 0.011159330440173589, 0.015499070055796652, 0.017978921264724116, 0.021078735275883446, 0.02169869807811531, 0.02541847489150651, 0.02851828890266584, 0.030998140111593304, 0.032238065716057036, 0.0328580285182889, 0.034097954122752634, 0.0365778053316801, 0.03781773093614383, 0.03781773093614383, 0.7464352138871667, 0.7532548047117174, 0.7606943583384997, 1.0]",4.0,2.0,2.0,2.0,2.0,19,1.2084899999999994,8.0,6.0,hrl_dqn_apf,hierarchical,dqn,-9.965,10.044,-2.149,0.00,0.00,0.00,-12.153,9.858,3.160,0.00,0.00,0.00,-16.305,9.630,-4.994,0.00,0.00,0.00,3.969,3.969,3.979
2026-02-04 20:48:32,176.79,33,391,424,7.78%,93.35,2.05%,"[0, 5, 10, 15, 20, 25, 30, 35, 40, 45, 50, 55, 60, 65, 70, 75, 80, 85, 90, 95, 100]","[10, 5, 4, 7, 3, 4, 2, 5, 6, 3, 3, 1, 2, 4, 2, 0, 1142, 10, 14, 386]","[0.006199628022318661, 0.009299442033477991, 0.011779293242405457, 0.016119032858028518, 0.017978921264724116, 0.02045877247365158, 0.02169869807811531, 0.024798512089274645, 0.02851828890266584, 0.03037817730936144, 0.032238065716057036, 0.0328580285182889, 0.034097954122752634, 0.0365778053316801, 0.03781773093614383, 0.03781773093614383, 0.7458152510849348, 0.7520148791072536, 0.7606943583384997, 1.0]",4.0,2.0,2.0,2.0,2.0,5,-22.71125,8.0,-6.0,hrl_dqn_apf,hierarchical,dqn,-9.894,10.113,-2.144,0.00,0.00,0.00,-11.467,9.858,3.238,0.00,0.00,0.00,-16.320,9.635,-5.683,0.00,0.00,0.00,3.966,3.966,3.976
2026-02-04 20:48:33,177.80,32,392,424,7.55%,93.69,1.98%,"[0, 5, 10, 15, 20, 25, 30, 35, 40, 45, 50, 55, 60, 65, 70, 75, 80, 85, 90, 95, 100]","[9, 6, 2, 5, 5, 5, 3, 4, 8, 2, 3, 2, 1, 3, 3, 1, 1136, 11, 15, 389]","[0.005579665220086794, 0.009299442033477991, 0.010539367637941723, 0.013639181649101054, 0.016738995660260384, 0.019838809671419714, 0.02169869807811531, 0.02417854928704278, 0.029138251704897707, 0.03037817730936144, 0.032238065716057036, 0.03347799132052077, 0.034097954122752634, 0.03595784252944823, 0.03781773093614383, 0.038437693738375696, 0.7427154370737755, 0.749535027898326, 0.7588344699318041, 1.0]",4.0,2.0,2.0,2.0,2.0,14,1.4488400000000006,8.0,0.0,hrl_dqn_apf,hierarchical,dqn,-9.576,9.295,-2.142,0.00,0.00,0.00,-10.148,9.924,3.084,0.00,0.00,0.00,-15.590,9.791,-6.105,0.00,0.00,0.00,3.963,3.963,3.973
2026-02-04 20:48:34,178.80,32,386,418,7.66%,93.83,1.98%,"[0, 5, 10, 15, 20, 25, 30, 35, 40, 45, 50, 55, 60, 65, 70, 75, 80, 85, 90, 95, 100]","[8, 8, 1, 6, 5, 4, 3, 4, 7, 1, 5, 1, 1, 3, 3, 3, 1136, 9, 17, 388]","[0.0049597024178549285, 0.009919404835709857, 0.010539367637941723, 0.01425914445133292, 0.01735895846249225, 0.019838809671419714, 0.02169869807811531, 0.02417854928704278, 0.02851828890266584, 0.029138251704897707, 0.032238065716057036, 0.0328580285182889, 0.03347799132052077, 0.035337879727216366, 0.037197768133911964, 0.03905765654060756, 0.7433353998760074, 0.7489150650960942, 0.759454432734036, 1.0]",4.0,2.0,2.0,2.0,2.0,11,-16.47139,8.0,0.0,hrl_dqn_apf,hierarchical,dqn,-9.572,9.160,-2.046,0.00,0.00,0.00,-9.943,9.943,2.516,0.00,0.00,0.00,-15.335,9.824,-5.669,0.00,0.00,0.00,3.960,3.960,3.970
2026-02-04 20:48:35,179.80,33,391,424,7.78%,93.93,2.05%,"[0, 5, 10, 15, 20, 25, 30, 35, 40, 45, 50, 55, 60, 65, 70, 75, 80, 85, 90, 95, 100]","[8, 8, 3, 4, 7, 3, 4, 3, 7, 2, 4, 2, 1, 3, 2, 2, 1135, 10, 17, 388]","[0.0049597024178549285, 0.009919404835709857, 0.011779293242405457, 0.01425914445133292, 0.018598884066955982, 0.02045877247365158, 0.022938623682579044, 0.024798512089274645, 0.029138251704897707, 0.03037817730936144, 0.0328580285182889, 0.034097954122752634, 0.0347179169249845, 0.0365778053316801, 0.03781773093614383, 0.03905765654060756, 0.7427154370737755, 0.7489150650960942, 0.759454432734036, 1.0]",4.0,2.0,2.0,2.0,2.0,13,-4.3907799999999995,8.0,0.0,hrl_dqn_apf,hierarchical,dqn,-9.570,9.180,-1.721,0.00,0.00,0.00,-9.883,10.016,1.871,0.00,0.00,0.00,-14.790,9.844,-5.463,0.00,0.00,0.00,3.957,3.957,3.967
2026-02-04 20:48:37,181.80,0,354,354,0.00%,80.00,0.00%,"[0, 5, 10, 15, 20, 25, 30, 35, 40, 45, 50, 55, 60, 65, 70, 75, 80, 85, 90, 95, 100]","[0, 0, 0, 0, 0, 0, 0, 0, 0, 0, 0, 0, 0, 0, 0, 0, 1613, 0, 0, 0]","[0.0, 0.0, 0.0, 0.0, 0.0, 0.0, 0.0, 0.0, 0.0, 0.0, 0.0, 0.0, 0.0, 0.0, 0.0, 0.0, 1.0, 1.0, 1.0, 1.0]",4.0,2.0,2.0,2.0,2.0,18,-4.31085,8.0,6.0,hrl_dqn_apf,hierarchical,dqn,-9.580,9.044,-3.158,0.00,0.00,0.00,-9.996,10.298,3.010,0.00,0.00,0.00,-12.766,9.826,-5.377,0.00,0.00,0.00,4.200,4.200,4.200
2026-02-04 20:48:38,182.81,0,354,354,0.00%,80.00,0.00%,"[0, 5, 10, 15, 20, 25, 30, 35, 40, 45, 50, 55, 60, 65, 70, 75, 80, 85, 90, 95, 100]","[0, 0, 0, 0, 0, 0, 0, 0, 0, 0, 0, 0, 0, 0, 0, 0, 1613, 0, 0, 0]","[0.0, 0.0, 0.0, 0.0, 0.0, 0.0, 0.0, 0.0, 0.0, 0.0, 0.0, 0.0, 0.0, 0.0, 0.0, 0.0, 1.0, 1.0, 1.0, 1.0]",4.0,2.0,2.0,2.0,2.0,18,-4.31085,8.0,6.0,hrl_dqn_apf,hierarchical,dqn,-9.577,9.034,-3.101,0.00,0.00,0.00,-9.985,10.286,2.951,0.00,0.00,0.00,-12.831,9.812,-5.389,0.00,0.00,0.00,4.200,4.200,4.200
2026-02-04 20:48:39,183.81,0,354,354,0.00%,80.00,0.00%,"[0, 5, 10, 15, 20, 25, 30, 35, 40, 45, 50, 55, 60, 65, 70, 75, 80, 85, 90, 95, 100]","[0, 0, 0, 0, 0, 0, 0, 0, 0, 0, 0, 0, 0, 0, 0, 0, 1613, 0, 0, 0]","[0.0, 0.0, 0.0, 0.0, 0.0, 0.0, 0.0, 0.0, 0.0, 0.0, 0.0, 0.0, 0.0, 0.0, 0.0, 0.0, 1.0, 1.0, 1.0, 1.0]",4.0,2.0,2.0,2.0,2.0,18,-4.31085,8.0,6.0,hrl_dqn_apf,hierarchical,dqn,-9.574,9.045,-2.783,0.00,0.00,0.00,-9.952,10.298,2.636,0.00,0.00,0.00,-13.173,9.823,-5.399,0.00,0.00,0.00,4.200,4.200,4.200
2026-02-04 20:48:40,184.81,0,354,354,0.00%,80.00,0.00%,"[0, 5, 10, 15, 20, 25, 30, 35, 40, 45, 50, 55, 60, 65, 70, 75, 80, 85, 90, 95, 100]","[0, 0, 0, 0, 0, 0, 0, 0, 0, 0, 0, 0, 0, 0, 0, 0, 1613, 0, 0, 0]","[0.0, 0.0, 0.0, 0.0, 0.0, 0.0, 0.0, 0.0, 0.0, 0.0, 0.0, 0.0, 0.0, 0.0, 0.0, 0.0, 1.0, 1.0, 1.0, 1.0]",4.0,2.0,2.0,2.0,2.0,18,-4.31085,8.0,6.0,hrl_dqn_apf,hierarchical,dqn,-9.574,9.056,-2.600,0.00,0.00,0.00,-9.940,10.309,2.455,0.00,0.00,0.00,-13.370,9.834,-5.391,0.00,0.00,0.00,4.200,4.200,4.200
2026-02-04 20:48:41,185.81,3,348,351,0.85%,80.90,0.85%,"[0, 5, 10, 15, 20, 25, 30, 35, 40, 45, 50, 55, 60, 65, 70, 75, 80, 85, 90, 95, 100]","[3, 0, 0, 0, 0, 0, 0, 0, 0, 0, 0, 0, 0, 0, 0, 0, 348, 0, 0, 0]","[0.008547008547008548, 0.008547008547008548, 0.008547008547008548, 0.008547008547008548, 0.008547008547008548, 0.008547008547008548, 0.008547008547008548, 0.008547008547008548, 0.008547008547008548, 0.008547008547008548, 0.008547008547008548, 0.008547008547008548, 0.008547008547008548, 0.008547008547008548, 0.008547008547008548, 0.008547008547008548, 1.0, 1.0, 1.0, 1.0]",4.0,2.0,2.0,2.0,2.0,18,-4.31085,8.0,6.0,hrl_dqn_apf,hierarchical,dqn,-9.577,9.058,-2.724,0.00,0.00,0.00,-9.964,10.312,2.578,0.00,0.00,0.00,-13.236,9.836,-5.365,0.00,0.00,0.00,4.200,4.200,4.200
2026-02-04 20:48:42,186.81,0,354,354,0.00%,80.00,0.00%,"[0, 5, 10, 15, 20, 25, 30, 35, 40, 45, 50, 55, 60, 65, 70, 75, 80, 85, 90, 95, 100]","[0, 0, 0, 0, 0, 0, 0, 0, 0, 0, 0, 0, 0, 0, 0, 0, 1613, 0, 0, 0]","[0.0, 0.0, 0.0, 0.0, 0.0, 0.0, 0.0, 0.0, 0.0, 0.0, 0.0, 0.0, 0.0, 0.0, 0.0, 0.0, 1.0, 1.0, 1.0, 1.0]",4.0,2.0,2.0,2.0,2.0,18,-4.31085,8.0,6.0,hrl_dqn_apf,hierarchical,dqn,-9.577,9.059,-2.781,0.00,0.00,0.00,-9.967,10.313,2.635,0.00,0.00,0.00,-13.174,9.837,-5.371,0.00,0.00,0.00,4.200,4.200,4.200
2026-02-04 20:48:43,187.82,0,354,354,0.00%,80.00,0.00%,"[0, 5, 10, 15, 20, 25, 30, 35, 40, 45, 50, 55, 60, 65, 70, 75, 80, 85, 90, 95, 100]","[0, 0, 0, 0, 0, 0, 0, 0, 0, 0, 0, 0, 0, 0, 0, 0, 1613, 0, 0, 0]","[0.0, 0.0, 0.0, 0.0, 0.0, 0.0, 0.0, 0.0, 0.0, 0.0, 0.0, 0.0, 0.0, 0.0, 0.0, 0.0, 1.0, 1.0, 1.0, 1.0]",4.0,2.0,2.0,2.0,2.0,18,-4.31085,8.0,6.0,hrl_dqn_apf,hierarchical,dqn,-9.576,9.059,-2.771,0.00,0.00,0.00,-9.961,10.313,2.624,0.00,0.00,0.00,-13.185,9.837,-5.381,0.00,0.00,0.00,4.200,4.200,4.200
2026-02-04 20:48:44,188.82,0,354,354,0.00%,80.00,0.00%,"[0, 5, 10, 15, 20, 25, 30, 35, 40, 45, 50, 55, 60, 65, 70, 75, 80, 85, 90, 95, 100]","[0, 0, 0, 0, 0, 0, 0, 0, 0, 0, 0, 0, 0, 0, 0, 0, 1613, 0, 0, 0]","[0.0, 0.0, 0.0, 0.0, 0.0, 0.0, 0.0, 0.0, 0.0, 0.0, 0.0, 0.0, 0.0, 0.0, 0.0, 0.0, 1.0, 1.0, 1.0, 1.0]",4.0,2.0,2.0,2.0,2.0,18,-4.31085,8.0,6.0,hrl_dqn_apf,hierarchical,dqn,-9.575,9.059,-2.721,0.00,0.00,0.00,-9.956,10.313,2.575,0.00,0.00,0.00,-13.240,9.837,-5.382,0.00,0.00,0.00,4.200,4.200,4.200
2026-02-04 20:48:45,189.82,3,349,352,0.85%,80.03,0.19%,"[0, 5, 10, 15, 20, 25, 30, 35, 40, 45, 50, 55, 60, 65, 70, 75, 80, 85, 90, 95, 100]","[3, 0, 0, 0, 0, 0, 0, 0, 0, 0, 0, 0, 0, 0, 0, 0, 1610, 0, 0, 0]","[0.0018598884066955983, 0.0018598884066955983, 0.0018598884066955983, 0.0018598884066955983, 0.0018598884066955983, 0.0018598884066955983, 0.0018598884066955983, 0.0018598884066955983, 0.0018598884066955983, 0.0018598884066955983, 0.0018598884066955983, 0.0018598884066955983, 0.0018598884066955983, 0.0018598884066955983, 0.0018598884066955983, 0.0018598884066955983, 1.0, 1.0, 1.0, 1.0]",4.0,2.0,2.0,2.0,2.0,18,-4.31085,8.0,6.0,hrl_dqn_apf,hierarchical,dqn,-9.576,9.059,-2.725,0.00,0.00,0.00,-9.958,10.313,2.579,0.00,0.00,0.00,-13.236,9.837,-5.377,0.00,0.00,0.00,4.200,4.200,4.200
2026-02-04 20:48:46,190.82,3,349,352,0.85%,80.90,0.85%,"[0, 5, 10, 15, 20, 25, 30, 35, 40, 45, 50, 55, 60, 65, 70, 75, 80, 85, 90, 95, 100]","[3, 0, 0, 0, 0, 0, 0, 0, 0, 0, 0, 0, 0, 0, 0, 0, 349, 0, 0, 0]","[0.008522727272727272, 0.008522727272727272, 0.008522727272727272, 0.008522727272727272, 0.008522727272727272, 0.008522727272727272, 0.008522727272727272, 0.008522727272727272, 0.008522727272727272, 0.008522727272727272, 0.008522727272727272, 0.008522727272727272, 0.008522727272727272, 0.008522727272727272, 0.008522727272727272, 0.008522727272727272, 1.0, 1.0, 1.0, 1.0]",4.0,2.0,2.0,2.0,2.0,18,-4.31085,8.0,6.0,hrl_dqn_apf,hierarchical,dqn,-9.576,9.059,-2.736,0.00,0.00,0.00,-9.960,10.313,2.589,0.00,0.00,0.00,-13.224,9.837,-5.376,0.00,0.00,0.00,4.200,4.200,4.200
2026-02-04 20:48:47,191.83,0,354,354,0.00%,80.00,0.00%,"[0, 5, 10, 15, 20, 25, 30, 35, 40, 45, 50, 55, 60, 65, 70, 75, 80, 85, 90, 95, 100]","[0, 0, 0, 0, 0, 0, 0, 0, 0, 0, 0, 0, 0, 0, 0, 0, 1613, 0, 0, 0]","[0.0, 0.0, 0.0, 0.0, 0.0, 0.0, 0.0, 0.0, 0.0, 0.0, 0.0, 0.0, 0.0, 0.0, 0.0, 0.0, 1.0, 1.0, 1.0, 1.0]",4.0,2.0,2.0,2.0,2.0,18,-4.31085,8.0,6.0,hrl_dqn_apf,hierarchical,dqn,-9.576,9.059,-2.741,0.00,0.00,0.00,-9.960,10.313,2.595,0.00,0.00,0.00,-13.218,9.837,-5.377,0.00,0.00,0.00,4.200,4.200,4.200
2026-02-04 20:48:48,192.83,0,354,354,0.00%,80.00,0.00%,"[0, 5, 10, 15, 20, 25, 30, 35, 40, 45, 50, 55, 60, 65, 70, 75, 80, 85, 90, 95, 100]","[0, 0, 0, 0, 0, 0, 0, 0, 0, 0, 0, 0, 0, 0, 0, 0, 1613, 0, 0, 0]","[0.0, 0.0, 0.0, 0.0, 0.0, 0.0, 0.0, 0.0, 0.0, 0.0, 0.0, 0.0, 0.0, 0.0, 0.0, 0.0, 1.0, 1.0, 1.0, 1.0]",4.0,2.0,2.0,2.0,2.0,18,-4.31085,8.0,6.0,hrl_dqn_apf,hierarchical,dqn,-9.576,9.059,-2.736,0.00,0.00,0.00,-9.958,10.313,2.590,0.00,0.00,0.00,-13.223,9.837,-5.380,0.00,0.00,0.00,4.200,4.200,4.200
2026-02-04 20:48:49,193.83,0,354,354,0.00%,80.00,0.00%,"[0, 5, 10, 15, 20, 25, 30, 35, 40, 45, 50, 55, 60, 65, 70, 75, 80, 85, 90, 95, 100]","[0, 0, 0, 0, 0, 0, 0, 0, 0, 0, 0, 0, 0, 0, 0, 0, 1613, 0, 0, 0]","[0.0, 0.0, 0.0, 0.0, 0.0, 0.0, 0.0, 0.0, 0.0, 0.0, 0.0, 0.0, 0.0, 0.0, 0.0, 0.0, 1.0, 1.0, 1.0, 1.0]",4.0,2.0,2.0,2.0,2.0,18,-4.31085,8.0,6.0,hrl_dqn_apf,hierarchical,dqn,-9.576,9.059,-2.734,0.00,0.00,0.00,-9.958,10.313,2.588,0.00,0.00,0.00,-13.225,9.837,-5.379,0.00,0.00,0.00,4.200,4.200,4.200
2026-02-04 20:48:51,195.83,2,349,351,0.57%,81.14,0.57%,"[0, 5, 10, 15, 20, 25, 30, 35, 40, 45, 50, 55, 60, 65, 70, 75, 80, 85, 90, 95, 100]","[2, 0, 0, 0, 0, 0, 0, 0, 0, 0, 0, 0, 0, 0, 0, 0, 349, 0, 0, 0]","[0.005698005698005698, 0.005698005698005698, 0.005698005698005698, 0.005698005698005698, 0.005698005698005698, 0.005698005698005698, 0.005698005698005698, 0.005698005698005698, 0.005698005698005698, 0.005698005698005698, 0.005698005698005698, 0.005698005698005698, 0.005698005698005698, 0.005698005698005698, 0.005698005698005698, 0.005698005698005698, 1.0, 1.0, 1.0, 1.0]",4.0,2.0,2.0,2.0,2.0,18,-4.31085,8.0,6.0,hrl_dqn_apf,hierarchical,dqn,-9.576,9.059,-2.736,0.00,0.00,0.00,-9.959,10.313,2.590,0.00,0.00,0.00,-13.223,9.837,-5.378,0.00,0.00,0.00,4.200,4.200,4.200
2026-02-04 20:48:52,196.83,0,354,354,0.00%,80.00,0.00%,"[0, 5, 10, 15, 20, 25, 30, 35, 40, 45, 50, 55, 60, 65, 70, 75, 80, 85, 90, 95, 100]","[0, 0, 0, 0, 0, 0, 0, 0, 0, 0, 0, 0, 0, 0, 0, 0, 1613, 0, 0, 0]","[0.0, 0.0, 0.0, 0.0, 0.0, 0.0, 0.0, 0.0, 0.0, 0.0, 0.0, 0.0, 0.0, 0.0, 0.0, 0.0, 1.0, 1.0, 1.0, 1.0]",4.0,2.0,2.0,2.0,2.0,18,-4.31085,8.0,6.0,hrl_dqn_apf,hierarchical,dqn,-9.576,9.059,-2.736,0.00,0.00,0.00,-9.959,10.313,2.590,0.00,0.00,0.00,-13.223,9.837,-5.379,0.00,0.00,0.00,4.200,4.200,4.200
2026-02-04 20:48:53,197.84,0,354,354,0.00%,80.00,0.00%,"[0, 5, 10, 15, 20, 25, 30, 35, 40, 45, 50, 55, 60, 65, 70, 75, 80, 85, 90, 95, 100]","[0, 0, 0, 0, 0, 0, 0, 0, 0, 0, 0, 0, 0, 0, 0, 0, 1613, 0, 0, 0]","[0.0, 0.0, 0.0, 0.0, 0.0, 0.0, 0.0, 0.0, 0.0, 0.0, 0.0, 0.0, 0.0, 0.0, 0.0, 0.0, 1.0, 1.0, 1.0, 1.0]",4.0,2.0,2.0,2.0,2.0,18,-4.31085,8.0,6.0,hrl_dqn_apf,hierarchical,dqn,-9.576,9.059,-2.736,0.00,0.00,0.00,-9.959,10.313,2.590,0.00,0.00,0.00,-13.223,9.837,-5.379,0.00,0.00,0.00,4.200,4.200,4.200
2026-02-04 20:48:54,198.84,0,354,354,0.00%,80.00,0.00%,"[0, 5, 10, 15, 20, 25, 30, 35, 40, 45, 50, 55, 60, 65, 70, 75, 80, 85, 90, 95, 100]","[0, 0, 0, 0, 0, 0, 0, 0, 0, 0, 0, 0, 0, 0, 0, 0, 1613, 0, 0, 0]","[0.0, 0.0, 0.0, 0.0, 0.0, 0.0, 0.0, 0.0, 0.0, 0.0, 0.0, 0.0, 0.0, 0.0, 0.0, 0.0, 1.0, 1.0, 1.0, 1.0]",4.0,2.0,2.0,2.0,2.0,18,-4.31085,8.0,6.0,hrl_dqn_apf,hierarchical,dqn,-9.576,9.059,-2.736,0.00,0.00,0.00,-9.959,10.313,2.590,0.00,0.00,0.00,-13.224,9.837,-5.378,0.00,0.00,0.00,4.200,4.200,4.200
2026-02-04 20:48:56,200.84,0,354,354,0.00%,80.00,0.00%,"[0, 5, 10, 15, 20, 25, 30, 35, 40, 45, 50, 55, 60, 65, 70, 75, 80, 85, 90, 95, 100]","[0, 0, 0, 0, 0, 0, 0, 0, 0, 0, 0, 0, 0, 0, 0, 0, 1613, 0, 0, 0]","[0.0, 0.0, 0.0, 0.0, 0.0, 0.0, 0.0, 0.0, 0.0, 0.0, 0.0, 0.0, 0.0, 0.0, 0.0, 0.0, 1.0, 1.0, 1.0, 1.0]",4.0,2.0,2.0,2.0,2.0,18,-4.31085,8.0,6.0,hrl_dqn_apf,hierarchical,dqn,-9.576,9.059,-2.736,0.00,0.00,0.00,-9.959,10.313,2.590,0.00,0.00,0.00,-13.223,9.837,-5.378,0.00,0.00,0.00,4.200,4.200,4.200
2026-02-04 20:48:57,201.84,0,354,354,0.00%,80.00,0.00%,"[0, 5, 10, 15, 20, 25, 30, 35, 40, 45, 50, 55, 60, 65, 70, 75, 80, 85, 90, 95, 100]","[0, 0, 0, 0, 0, 0, 0, 0, 0, 0, 0, 0, 0, 0, 0, 0, 1613, 0, 0, 0]","[0.0, 0.0, 0.0, 0.0, 0.0, 0.0, 0.0, 0.0, 0.0, 0.0, 0.0, 0.0, 0.0, 0.0, 0.0, 0.0, 1.0, 1.0, 1.0, 1.0]",4.0,2.0,2.0,2.0,2.0,18,-4.31085,8.0,6.0,hrl_dqn_apf,hierarchical,dqn,-9.576,9.059,-2.736,0.00,0.00,0.00,-9.959,10.313,2.590,0.00,0.00,0.00,-13.223,9.837,-5.378,0.00,0.00,0.00,4.200,4.200,4.200
2026-02-04 20:48:58,202.85,0,354,354,0.00%,80.00,0.00%,"[0, 5, 10, 15, 20, 25, 30, 35, 40, 45, 50, 55, 60, 65, 70, 75, 80, 85, 90, 95, 100]","[0, 0, 0, 0, 0, 0, 0, 0, 0, 0, 0, 0, 0, 0, 0, 0, 1613, 0, 0, 0]","[0.0, 0.0, 0.0, 0.0, 0.0, 0.0, 0.0, 0.0, 0.0, 0.0, 0.0, 0.0, 0.0, 0.0, 0.0, 0.0, 1.0, 1.0, 1.0, 1.0]",4.0,2.0,2.0,2.0,2.0,18,-4.31085,8.0,6.0,hrl_dqn_apf,hierarchical,dqn,-9.576,9.059,-2.736,0.00,0.00,0.00,-9.959,10.313,2.590,0.00,0.00,0.00,-13.223,9.837,-5.378,0.00,0.00,0.00,4.200,4.200,4.200
2026-02-04 20:48:59,203.86,0,354,354,0.00%,80.00,0.00%,"[0, 5, 10, 15, 20, 25, 30, 35, 40, 45, 50, 55, 60, 65, 70, 75, 80, 85, 90, 95, 100]","[0, 0, 0, 0, 0, 0, 0, 0, 0, 0, 0, 0, 0, 0, 0, 0, 1613, 0, 0, 0]","[0.0, 0.0, 0.0, 0.0, 0.0, 0.0, 0.0, 0.0, 0.0, 0.0, 0.0, 0.0, 0.0, 0.0, 0.0, 0.0, 1.0, 1.0, 1.0, 1.0]",4.0,2.0,2.0,2.0,2.0,18,-4.31085,8.0,6.0,hrl_dqn_apf,hierarchical,dqn,-9.576,9.059,-2.736,0.00,0.00,0.00,-9.959,10.313,2.590,0.00,0.00,0.00,-13.223,9.837,-5.378,0.00,0.00,0.00,4.200,4.200,4.200
2026-02-04 20:49:00,204.87,3,349,352,0.85%,80.20,0.19%,"[0, 5, 10, 15, 20, 25, 30, 35, 40, 45, 50, 55, 60, 65, 70, 75, 80, 85, 90, 95, 100]","[3, 0, 0, 0, 0, 0, 0, 0, 0, 0, 0, 0, 0, 0, 0, 0, 1610, 0, 0, 0]","[0.0018598884066955983, 0.0018598884066955983, 0.0018598884066955983, 0.0018598884066955983, 0.0018598884066955983, 0.0018598884066955983, 0.0018598884066955983, 0.0018598884066955983, 0.0018598884066955983, 0.0018598884066955983, 0.0018598884066955983, 0.0018598884066955983, 0.0018598884066955983, 0.0018598884066955983, 0.0018598884066955983, 0.0018598884066955983, 1.0, 1.0, 1.0, 1.0]",4.0,2.0,2.0,2.0,2.0,10,-30.0,8.0,0.0,hrl_dqn_apf,hierarchical,dqn,-9.576,9.059,-2.736,0.00,0.00,0.00,-9.959,10.313,2.590,0.00,0.00,0.00,-13.223,9.837,-5.378,0.00,0.00,0.00,4.184,4.184,4.195
2026-02-04 20:49:01,205.87,3,350,353,0.85%,80.37,0.19%,"[0, 5, 10, 15, 20, 25, 30, 35, 40, 45, 50, 55, 60, 65, 70, 75, 80, 85, 90, 95, 100]","[3, 0, 0, 0, 0, 0, 0, 0, 0, 0, 0, 0, 0, 0, 0, 0, 1610, 0, 0, 0]","[0.0018598884066955983, 0.0018598884066955983, 0.0018598884066955983, 0.0018598884066955983, 0.0018598884066955983, 0.0018598884066955983, 0.0018598884066955983, 0.0018598884066955983, 0.0018598884066955983, 0.0018598884066955983, 0.0018598884066955983, 0.0018598884066955983, 0.0018598884066955983, 0.0018598884066955983, 0.0018598884066955983, 0.0018598884066955983, 1.0, 1.0, 1.0, 1.0]",4.0,2.0,2.0,2.0,2.0,21,-23.84119,8.0,12.0,hrl_dqn_apf,hierarchical,dqn,-9.572,8.981,-2.632,0.00,0.00,0.00,-9.959,9.890,2.590,0.00,0.00,0.00,-13.379,9.872,-5.491,0.00,0.00,0.00,4.181,4.181,4.191
2026-02-04 20:49:02,206.88,3,350,353,0.85%,80.54,0.19%,"[0, 5, 10, 15, 20, 25, 30, 35, 40, 45, 50, 55, 60, 65, 70, 75, 80, 85, 90, 95, 100]","[3, 0, 0, 0, 0, 0, 0, 0, 0, 0, 0, 0, 0, 0, 0, 0, 1610, 0, 0, 0]","[0.0018598884066955983, 0.0018598884066955983, 0.0018598884066955983, 0.0018598884066955983, 0.0018598884066955983, 0.0018598884066955983, 0.0018598884066955983, 0.0018598884066955983, 0.0018598884066955983, 0.0018598884066955983, 0.0018598884066955983, 0.0018598884066955983, 0.0018598884066955983, 0.0018598884066955983, 0.0018598884066955983, 0.0018598884066955983, 1.0, 1.0, 1.0, 1.0]",4.0,2.0,2.0,2.0,2.0,24,-5.761040000000001,8.0,12.0,hrl_dqn_apf,hierarchical,dqn,-9.619,8.972,-2.368,0.00,0.00,0.00,-9.854,9.726,2.590,0.00,0.00,0.00,-13.766,9.929,-5.674,0.00,0.00,0.00,4.178,4.178,4.189
2026-02-04 20:49:03,207.89,3,350,353,0.85%,80.68,0.19%,"[0, 5, 10, 15, 20, 25, 30, 35, 40, 45, 50, 55, 60, 65, 70, 75, 80, 85, 90, 95, 100]","[3, 0, 0, 0, 0, 0, 1, 0, 0, 0, 0, 0, 0, 0, 0, 0, 1609, 0, 0, 0]","[0.0018598884066955983, 0.0018598884066955983, 0.0018598884066955983, 0.0018598884066955983, 0.0018598884066955983, 0.0018598884066955983, 0.0024798512089274642, 0.0024798512089274642, 0.0024798512089274642, 0.0024798512089274642, 0.0024798512089274642, 0.0024798512089274642, 0.0024798512089274642, 0.0024798512089274642, 0.0024798512089274642, 0.0024798512089274642, 1.0, 1.0, 1.0, 1.0]",4.0,2.0,2.0,2.0,2.0,0,-29.68066,8.0,-12.0,hrl_dqn_apf,hierarchical,dqn,-10.070,8.987,-2.243,0.00,0.00,0.00,-9.377,9.754,2.622,0.00,0.00,0.00,-13.939,9.958,-5.294,0.00,0.00,0.00,4.175,4.175,4.185
2026-02-04 20:49:04,208.89,6,351,357,1.68%,80.89,0.37%,"[0, 5, 10, 15, 20, 25, 30, 35, 40, 45, 50, 55, 60, 65, 70, 75, 80, 85, 90, 95, 100]","[6, 0, 0, 0, 0, 0, 0, 0, 0, 0, 1, 0, 0, 0, 0, 0, 1261, 345, 0, 0]","[0.0037197768133911966, 0.0037197768133911966, 0.0037197768133911966, 0.0037197768133911966, 0.0037197768133911966, 0.0037197768133911966, 0.0037197768133911966, 0.0037197768133911966, 0.0037197768133911966, 0.0037197768133911966, 0.0043397396156230625, 0.0043397396156230625, 0.0043397396156230625, 0.0043397396156230625, 0.0043397396156230625, 0.0043397396156230625, 0.7861128332300062, 1.0, 1.0, 1.0]",4.0,2.0,2.0,2.0,2.0,23,-11.52072,8.0,12.0,hrl_dqn_apf,hierarchical,dqn,-11.483,8.977,-2.192,0.00,0.00,0.00,-9.317,9.877,3.395,0.00,0.00,0.00,-14.010,9.948,-3.908,0.00,0.00,0.00,4.172,4.172,4.182
2026-02-04 20:49:05,209.89,7,350,357,1.96%,80.97,0.43%,"[0, 5, 10, 15, 20, 25, 30, 35, 40, 45, 50, 55, 60, 65, 70, 75, 80, 85, 90, 95, 100]","[7, 0, 0, 0, 0, 0, 1, 0, 0, 1, 0, 0, 0, 0, 0, 0, 1261, 343, 0, 0]","[0.0043397396156230625, 0.0043397396156230625, 0.0043397396156230625, 0.0043397396156230625, 0.0043397396156230625, 0.0043397396156230625, 0.0049597024178549285, 0.0049597024178549285, 0.0049597024178549285, 0.005579665220086794, 0.005579665220086794, 0.005579665220086794, 0.005579665220086794, 0.005579665220086794, 0.005579665220086794, 0.005579665220086794, 0.78735275883447, 1.0, 1.0, 1.0]",4.0,2.0,2.0,2.0,2.0,14,-5.4407,8.0,0.0,hrl_dqn_apf,hierarchical,dqn,-11.896,9.016,-2.070,0.00,0.00,0.00,-9.916,9.885,3.515,0.00,0.00,0.00,-14.170,10.139,-3.462,0.00,0.00,0.00,4.169,4.169,4.179
2026-02-04 20:49:06,210.90,10,351,361,2.77%,81.07,0.62%,"[0, 5, 10, 15, 20, 25, 30, 35, 40, 45, 50, 55, 60, 65, 70, 75, 80, 85, 90, 95, 100]","[9, 0, 0, 0, 0, 1, 0, 0, 0, 0, 0, 0, 0, 0, 0, 0, 1261, 342, 0, 0]","[0.005579665220086794, 0.005579665220086794, 0.005579665220086794, 0.005579665220086794, 0.005579665220086794, 0.006199628022318661, 0.006199628022318661, 0.006199628022318661, 0.006199628022318661, 0.006199628022318661, 0.006199628022318661, 0.006199628022318661, 0.006199628022318661, 0.006199628022318661, 0.006199628022318661, 0.006199628022318661, 0.7879727216367018, 1.0, 1.0, 1.0]",4.0,2.0,2.0,2.0,2.0,21,-23.36079,8.0,12.0,hrl_dqn_apf,hierarchical,dqn,-11.634,8.917,-1.733,0.00,0.00,0.00,-10.433,9.984,3.552,0.00,0.00,0.00,-14.636,10.303,-3.604,0.00,0.00,0.00,4.166,4.166,4.176
2026-02-04 20:49:07,211.90,10,355,365,2.74%,81.22,0.62%,"[0, 5, 10, 15, 20, 25, 30, 35, 40, 45, 50, 55, 60, 65, 70, 75, 80, 85, 90, 95, 100]","[10, 0, 0, 0, 0, 0, 0, 0, 0, 0, 0, 0, 0, 0, 0, 1, 1261, 341, 0, 0]","[0.006199628022318661, 0.006199628022318661, 0.006199628022318661, 0.006199628022318661, 0.006199628022318661, 0.006199628022318661, 0.006199628022318661, 0.006199628022318661, 0.006199628022318661, 0.006199628022318661, 0.006199628022318661, 0.006199628022318661, 0.006199628022318661, 0.006199628022318661, 0.006199628022318661, 0.006819590824550527, 0.7885926844389337, 1.0, 1.0, 1.0]",4.0,2.0,2.0,2.0,2.0,12,-17.28045,8.0,0.0,hrl_dqn_apf,hierarchical,dqn,-11.098,8.763,-1.341,0.00,0.00,0.00,-10.247,10.056,3.563,0.00,0.00,0.00,-15.234,10.457,-3.939,0.00,0.00,0.00,4.163,4.163,4.173
2026-02-04 20:49:08,212.90,14,351,365,3.84%,81.39,0.87%,"[0, 5, 10, 15, 20, 25, 30, 35, 40, 45, 50, 55, 60, 65, 70, 75, 80, 85, 90, 95, 100]","[10, 2, 0, 2, 0, 0, 0, 0, 0, 0, 0, 0, 0, 0, 0, 0, 1258, 341, 0, 0]","[0.006199628022318661, 0.007439553626782393, 0.007439553626782393, 0.008679479231246125, 0.008679479231246125, 0.008679479231246125, 0.008679479231246125, 0.008679479231246125, 0.008679479231246125, 0.008679479231246125, 0.008679479231246125, 0.008679479231246125, 0.008679479231246125, 0.008679479231246125, 0.008679479231246125, 0.008679479231246125, 0.7885926844389337, 1.0, 1.0, 1.0]",4.0,2.0,2.0,2.0,2.0,16,-23.12007,8.0,6.0,hrl_dqn_apf,hierarchical,dqn,-10.424,8.782,-0.690,0.00,0.00,0.00,-10.752,9.652,3.568,0.00,0.00,0.00,-16.277,10.147,-4.582,0.00,0.00,0.00,4.160,4.160,4.170
2026-02-04 20:49:09,213.90,14,355,369,3.79%,81.56,0.87%,"[0, 5, 10, 15, 20, 25, 30, 35, 40, 45, 50, 55, 60, 65, 70, 75, 80, 85, 90, 95, 100]","[10, 3, 0, 0, 1, 0, 0, 0, 0, 0, 0, 0, 0, 0, 0, 0, 1256, 7, 336, 0]","[0.006199628022318661, 0.008059516429014259, 0.008059516429014259, 0.008059516429014259, 0.008679479231246125, 0.008679479231246125, 0.008679479231246125, 0.008679479231246125, 0.008679479231246125, 0.008679479231246125, 0.008679479231246125, 0.008679479231246125, 0.008679479231246125, 0.008679479231246125, 0.008679479231246125, 0.008679479231246125, 0.78735275883447, 0.791692498450093, 1.0, 1.0]",4.0,2.0,2.0,2.0,2.0,6,-23.03982,8.0,-6.0,hrl_dqn_apf,hierarchical,dqn,-10.736,8.732,-0.808,0.00,0.00,0.00,-10.839,9.752,3.783,0.00,0.00,0.00,-16.407,9.736,-4.664,0.00,0.00,0.00,4.157,4.157,4.167
2026-02-04 20:49:10,214.91,14,355,369,3.79%,81.72,0.87%,"[0, 5, 10, 15, 20, 25, 30, 35, 40, 45, 50, 55, 60, 65, 70, 75, 80, 85, 90, 95, 100]","[8, 5, 0, 0, 1, 0, 0, 0, 0, 0, 1, 0, 0, 0, 0, 0, 1256, 7, 335, 0]","[0.0049597024178549285, 0.008059516429014259, 0.008059516429014259, 0.008059516429014259, 0.008679479231246125, 0.008679479231246125, 0.008679479231246125, 0.008679479231246125, 0.008679479231246125, 0.008679479231246125, 0.009299442033477991, 0.009299442033477991, 0.009299442033477991, 0.009299442033477991, 0.009299442033477991, 0.009299442033477991, 0.7879727216367018, 0.7923124612523249, 1.0, 1.0]",4.0,2.0,2.0,2.0,2.0,9,-4.95984,8.0,-6.0,hrl_dqn_apf,hierarchical,dqn,-10.857,8.646,-1.360,0.00,0.00,0.00,-10.864,9.871,4.365,0.00,0.00,0.00,-16.445,9.624,-4.576,0.00,0.00,0.00,4.154,4.154,4.164
2026-02-04 20:49:11,215.91,15,354,369,4.07%,81.86,0.93%,"[0, 5, 10, 15, 20, 25, 30, 35, 40, 45, 50, 55, 60, 65, 70, 75, 80, 85, 90, 95, 100]","[8, 6, 0, 0, 1, 0, 0, 0, 0, 0, 0, 0, 0, 0, 0, 0, 1252, 11, 335, 0]","[0.0049597024178549285, 0.008679479231246125, 0.008679479231246125, 0.008679479231246125, 0.009299442033477991, 0.009299442033477991, 0.009299442033477991, 0.009299442033477991, 0.009299442033477991, 0.009299442033477991, 0.009299442033477991, 0.009299442033477991, 0.009299442033477991, 0.009299442033477991, 0.009299442033477991, 0.009299442033477991, 0.7854928704277744, 0.7923124612523249, 1.0, 1.0]",4.0,2.0,2.0,2.0,2.0,5,-28.7995,8.0,-6.0,hrl_dqn_apf,hierarchical,dqn,-10.924,8.621,-2.027,0.00,0.00,0.00,-10.881,9.924,5.078,0.00,0.00,0.00,-16.419,9.670,-4.102,0.00,0.00,0.00,4.151,4.151,4.161
2026-02-04 20:49:12,216.91,16,355,371,4.31%,82.14,0.99%,"[0, 5, 10, 15, 20, 25, 30, 35, 40, 45, 50, 55, 60, 65, 70, 75, 80, 85, 90, 95, 100]","[8, 6, 1, 0, 1, 0, 0, 0, 0, 0, 1, 0, 0, 0, 0, 0, 1248, 14, 334, 0]","[0.0049597024178549285, 0.008679479231246125, 0.009299442033477991, 0.009299442033477991, 0.009919404835709857, 0.009919404835709857, 0.009919404835709857, 0.009919404835709857, 0.009919404835709857, 0.009919404835709857, 0.010539367637941723, 0.010539367637941723, 0.010539367637941723, 0.010539367637941723, 0.010539367637941723, 0.010539367637941723, 0.7842529448233106, 0.7929324240545568, 1.0, 1.0]",4.0,2.0,2.0,2.0,2.0,13,-10.719149999999999,8.0,0.0,hrl_dqn_apf,hierarchical,dqn,-12.019,8.677,-2.461,0.00,0.00,0.00,-11.212,9.999,6.268,0.00,0.00,0.00,-15.651,9.755,-3.420,0.00,0.00,0.00,4.148,4.148,4.158
2026-02-04 20:49:13,217.91,17,356,373,4.56%,82.27,1.05%,"[0, 5, 10, 15, 20, 25, 30, 35, 40, 45, 50, 55, 60, 65, 70, 75, 80, 85, 90, 95, 100]","[9, 6, 1, 0, 1, 0, 0, 0, 0, 0, 1, 0, 0, 0, 0, 0, 1246, 14, 335, 0]","[0.005579665220086794, 0.009299442033477991, 0.009919404835709857, 0.009919404835709857, 0.010539367637941723, 0.010539367637941723, 0.010539367637941723, 0.010539367637941723, 0.010539367637941723, 0.010539367637941723, 0.011159330440173589, 0.011159330440173589, 0.011159330440173589, 0.011159330440173589, 0.011159330440173589, 0.011159330440173589, 0.7836329820210788, 0.7923124612523249, 1.0, 1.0]",4.0,2.0,2.0,2.0,2.0,15,-28.63924,8.0,6.0,hrl_dqn_apf,hierarchical,dqn,-12.561,8.749,-2.293,0.00,0.00,0.00,-11.840,10.007,6.413,0.00,0.00,0.00,-15.533,9.760,-2.767,0.00,0.00,0.00,4.145,4.145,4.155
2026-02-04 20:49:14,218.91,18,355,373,4.83%,82.39,1.12%,"[0, 5, 10, 15, 20, 25, 30, 35, 40, 45, 50, 55, 60, 65, 70, 75, 80, 85, 90, 95, 100]","[10, 4, 3, 0, 0, 1, 0, 0, 0, 0, 1, 0, 0, 0, 0, 0, 1242, 16, 8, 328]","[0.006199628022318661, 0.008679479231246125, 0.010539367637941723, 0.010539367637941723, 0.010539367637941723, 0.011159330440173589, 0.011159330440173589, 0.011159330440173589, 0.011159330440173589, 0.011159330440173589, 0.011779293242405457, 0.011779293242405457, 0.011779293242405457, 0.011779293242405457, 0.011779293242405457, 0.011779293242405457, 0.7817730936143832, 0.791692498450093, 0.796652200867948, 1.0]",4.0,2.0,2.0,2.0,2.0,18,-10.5592,8.0,6.0,hrl_dqn_apf,hierarchical,dqn,-12.655,8.733,-1.808,0.00,0.00,0.00,-12.470,9.762,6.461,0.00,0.00,0.00,-15.603,9.908,-2.155,0.00,0.00,0.00,4.142,4.142,4.152
2026-02-04 20:49:15,219.92,20,353,373,5.36%,82.44,1.24%,"[0, 5, 10, 15, 20, 25, 30, 35, 40, 45, 50, 55, 60, 65, 70, 75, 80, 85, 90, 95, 100]","[12, 2, 4, 0, 1, 1, 0, 0, 0, 0, 0, 1, 0, 0, 2, 0, 1242, 16, 7, 325]","[0.007439553626782393, 0.008679479231246125, 0.011159330440173589, 0.011159330440173589, 0.011779293242405457, 0.012399256044637322, 0.012399256044637322, 0.012399256044637322, 0.012399256044637322, 0.012399256044637322, 0.012399256044637322, 0.013019218846869188, 0.013019218846869188, 0.013019218846869188, 0.01425914445133292, 0.01425914445133292, 0.7842529448233106, 0.7941723496590205, 0.7985120892746436, 1.0]",4.0,2.0,2.0,2.0,2.0,14,-4.479040000000001,8.0,0.0,hrl_dqn_apf,hierarchical,dqn,-12.216,8.626,-1.522,0.00,0.00,0.00,-12.678,9.549,6.476,0.00,0.00,0.00,-16.098,10.084,-1.983,0.00,0.00,0.00,4.139,4.139,4.149
2026-02-04 20:49:16,220.92,21,353,374,5.61%,82.73,1.30%,"[0, 5, 10, 15, 20, 25, 30, 35, 40, 45, 50, 55, 60, 65, 70, 75, 80, 85, 90, 95, 100]","[11, 4, 5, 0, 0, 1, 0, 0, 0, 0, 0, 1, 0, 0, 1, 1, 1242, 10, 12, 325]","[0.006819590824550527, 0.009299442033477991, 0.012399256044637322, 0.012399256044637322, 0.012399256044637322, 0.013019218846869188, 0.013019218846869188, 0.013019218846869188, 0.013019218846869188, 0.013019218846869188, 0.013019218846869188, 0.013639181649101054, 0.013639181649101054, 0.013639181649101054, 0.01425914445133292, 0.014879107253564786, 0.7848729076255425, 0.7910725356478612, 0.7985120892746436, 1.0]",4.0,2.0,2.0,2.0,2.0,21,-22.39893,8.0,12.0,hrl_dqn_apf,hierarchical,dqn,-10.819,8.335,-1.249,0.00,0.00,0.00,-11.672,9.607,6.481,0.00,0.00,0.00,-17.516,10.370,-2.067,0.00,0.00,0.00,4.136,4.136,4.146
2026-02-04 20:49:17,221.92,22,354,376,5.85%,82.84,1.36%,"[0, 5, 10, 15, 20, 25, 30, 35, 40, 45, 50, 55, 60, 65, 70, 75, 80, 85, 90, 95, 100]","[12, 3, 6, 0, 0, 1, 0, 0, 0, 1, 0, 0, 1, 0, 0, 1, 1240, 10, 14, 324]","[0.007439553626782393, 0.009299442033477991, 0.013019218846869188, 0.013019218846869188, 0.013019218846869188, 0.013639181649101054, 0.013639181649101054, 0.013639181649101054, 0.013639181649101054, 0.01425914445133292, 0.01425914445133292, 0.01425914445133292, 0.014879107253564786, 0.014879107253564786, 0.014879107253564786, 0.015499070055796652, 0.7842529448233106, 0.7904525728456293, 0.7991320520768754, 1.0]",4.0,2.0,2.0,2.0,2.0,11,-22.23848,8.0,0.0,hrl_dqn_apf,hierarchical,dqn,-10.257,8.380,-0.980,0.00,0.00,0.00,-11.343,9.741,6.480,0.00,0.00,0.00,-18.087,10.051,-2.130,0.00,0.00,0.00,4.133,4.133,4.143
2026-02-04 20:49:18,222.93,23,355,378,6.08%,82.98,1.43%,"[0, 5, 10, 15, 20, 25, 30, 35, 40, 45, 50, 55, 60, 65, 70, 75, 80, 85, 90, 95, 100]","[10, 5, 5, 1, 1, 1, 0, 0, 0, 0, 0, 0, 2, 0, 0, 1, 1236, 14, 14, 323]","[0.006199628022318661, 0.009299442033477991, 0.012399256044637322, 0.013019218846869188, 0.013639181649101054, 0.01425914445133292, 0.01425914445133292, 0.01425914445133292, 0.01425914445133292, 0.01425914445133292, 0.01425914445133292, 0.01425914445133292, 0.015499070055796652, 0.015499070055796652, 0.015499070055796652, 0.016119032858028518, 0.782393056416615, 0.7910725356478612, 0.7997520148791073, 1.0]",4.0,2.0,2.0,2.0,2.0,23,-10.15869,8.0,12.0,hrl_dqn_apf,hierarchical,dqn,-10.159,8.457,-0.473,0.00,0.00,0.00,-11.638,9.794,6.379,0.00,0.00,0.00,-18.289,9.640,-2.153,0.00,0.00,0.00,4.130,4.130,4.140
2026-02-04 20:49:19,223.94,23,355,378,6.08%,83.11,1.43%,"[0, 5, 10, 15, 20, 25, 30, 35, 40, 45, 50, 55, 60, 65, 70, 75, 80, 85, 90, 95, 100]","[9, 7, 3, 3, 1, 0, 1, 0, 0, 0, 0, 0, 2, 0, 0, 1, 1236, 10, 14, 326]","[0.005579665220086794, 0.009919404835709857, 0.011779293242405457, 0.013639181649101054, 0.01425914445133292, 0.01425914445133292, 0.014879107253564786, 0.014879107253564786, 0.014879107253564786, 0.014879107253564786, 0.014879107253564786, 0.014879107253564786, 0.016119032858028518, 0.016119032858028518, 0.016119032858028518, 0.016738995660260384, 0.7830130192188469, 0.7892126472411656, 0.7978921264724117, 1.0]",4.0,2.0,2.0,2.0,2.0,8,-10.07845,8.0,-6.0,hrl_dqn_apf,hierarchical,dqn,-10.604,8.495,-0.252,0.00,0.00,0.00,-11.793,9.815,5.871,0.00,0.00,0.00,-18.350,9.405,-2.119,0.00,0.00,0.00,4.127,4.127,4.137
2026-02-04 20:49:20,224.94,26,356,382,6.81%,83.30,1.61%,"[0, 5, 10, 15, 20, 25, 30, 35, 40, 45, 50, 55, 60, 65, 70, 75, 80, 85, 90, 95, 100]","[9, 9, 2, 5, 1, 0, 1, 0, 0, 0, 0, 0, 1, 1, 0, 1, 1235, 9, 16, 323]","[0.005579665220086794, 0.011159330440173589, 0.012399256044637322, 0.015499070055796652, 0.016119032858028518, 0.016119032858028518, 0.016738995660260384, 0.016738995660260384, 0.016738995660260384, 0.016738995660260384, 0.016738995660260384, 0.016738995660260384, 0.01735895846249225, 0.017978921264724116, 0.017978921264724116, 0.018598884066955982, 0.7842529448233106, 0.7898326100433974, 0.7997520148791073, 1.0]",4.0,2.0,2.0,2.0,2.0,20,-27.998150000000003,8.0,12.0,hrl_dqn_apf,hierarchical,dqn,-12.010,8.494,-0.161,0.00,0.00,0.00,-11.860,9.812,4.441,0.00,0.00,0.00,-18.372,9.565,-1.664,0.00,0.00,0.00,4.124,4.124,4.134
2026-02-04 20:49:21,225.95,28,356,384,7.29%,83.40,1.74%,"[0, 5, 10, 15, 20, 25, 30, 35, 40, 45, 50, 55, 60, 65, 70, 75, 80, 85, 90, 95, 100]","[9, 8, 4, 5, 1, 1, 1, 0, 0, 0, 0, 0, 1, 0, 0, 0, 1236, 9, 10, 328]","[0.005579665220086794, 0.010539367637941723, 0.013019218846869188, 0.016119032858028518, 0.016738995660260384, 0.01735895846249225, 0.017978921264724116, 0.017978921264724116, 0.017978921264724116, 0.017978921264724116, 0.017978921264724116, 0.017978921264724116, 0.018598884066955982, 0.018598884066955982, 0.018598884066955982, 0.018598884066955982, 0.7848729076255425, 0.7904525728456293, 0.796652200867948, 1.0]",4.0,2.0,2.0,2.0,2.0,9,-3.8380399999999995,8.0,-6.0,hrl_dqn_apf,hierarchical,dqn,-12.787,8.491,-0.155,0.00,0.00,0.00,-11.866,9.954,4.084,0.00,0.00,0.00,-18.374,9.583,-2.193,0.00,0.00,0.00,4.121,4.121,4.131
2026-02-04 20:49:22,226.95,28,354,382,7.33%,83.54,1.74%,"[0, 5, 10, 15, 20, 25, 30, 35, 40, 45, 50, 55, 60, 65, 70, 75, 80, 85, 90, 95, 100]","[9, 9, 3, 6, 1, 0, 1, 0, 0, 0, 1, 0, 0, 1, 0, 0, 1234, 11, 8, 329]","[0.005579665220086794, 0.011159330440173589, 0.013019218846869188, 0.016738995660260384, 0.01735895846249225, 0.01735895846249225, 0.017978921264724116, 0.017978921264724116, 0.017978921264724116, 0.017978921264724116, 0.018598884066955982, 0.018598884066955982, 0.018598884066955982, 0.019218846869187848, 0.019218846869187848, 0.019218846869187848, 0.7842529448233106, 0.7910725356478612, 0.7960322380657161, 1.0]",4.0,2.0,2.0,2.0,2.0,0,-27.757939999999998,8.0,-12.0,hrl_dqn_apf,hierarchical,dqn,-13.466,8.447,-0.252,0.00,0.00,0.00,-11.845,10.078,4.481,0.00,0.00,0.00,-18.265,9.634,-2.778,0.00,0.00,0.00,4.118,4.118,4.128
2026-02-04 20:49:23,227.96,29,357,386,7.51%,83.69,1.80%,"[0, 5, 10, 15, 20, 25, 30, 35, 40, 45, 50, 55, 60, 65, 70, 75, 80, 85, 90, 95, 100]","[10, 7, 5, 5, 1, 1, 1, 0, 0, 0, 0, 0, 0, 1, 0, 0, 1232, 7, 14, 329]","[0.006199628022318661, 0.010539367637941723, 0.013639181649101054, 0.016738995660260384, 0.01735895846249225, 0.017978921264724116, 0.018598884066955982, 0.018598884066955982, 0.018598884066955982, 0.018598884066955982, 0.018598884066955982, 0.018598884066955982, 0.018598884066955982, 0.019218846869187848, 0.019218846869187848, 0.019218846869187848, 0.7830130192188469, 0.78735275883447, 0.7960322380657161, 1.0]",4.0,2.0,2.0,2.0,2.0,8,-9.67751,8.0,-6.0,hrl_dqn_apf,hierarchical,dqn,-13.828,8.396,-0.753,0.00,0.00,0.00,-11.743,10.006,5.097,0.00,0.00,0.00,-17.788,9.697,-2.973,0.00,0.00,0.00,4.115,4.115,4.125
2026-02-04 20:49:24,228.97,31,357,388,7.99%,83.90,1.92%,"[0, 5, 10, 15, 20, 25, 30, 35, 40, 45, 50, 55, 60, 65, 70, 75, 80, 85, 90, 95, 100]","[11, 7, 6, 2, 4, 1, 0, 1, 0, 0, 1, 1, 0, 0, 0, 0, 1232, 7, 8, 332]","[0.006819590824550527, 0.011159330440173589, 0.014879107253564786, 0.016119032858028518, 0.018598884066955982, 0.019218846869187848, 0.019218846869187848, 0.019838809671419714, 0.019838809671419714, 0.019838809671419714, 0.02045877247365158, 0.021078735275883446, 0.021078735275883446, 0.021078735275883446, 0.021078735275883446, 0.021078735275883446, 0.7848729076255425, 0.7892126472411656, 0.7941723496590205, 1.0]",4.0,2.0,2.0,2.0,2.0,11,-21.51745,8.0,0.0,hrl_dqn_apf,hierarchical,dqn,-13.728,8.396,-1.709,0.00,0.00,0.00,-11.664,9.192,5.511,0.00,0.00,0.00,-17.728,9.982,-2.452,0.00,0.00,0.00,4.112,4.112,4.122
2026-02-04 20:49:25,229.97,32,356,388,8.25%,84.07,1.98%,"[0, 5, 10, 15, 20, 25, 30, 35, 40, 45, 50, 55, 60, 65, 70, 75, 80, 85, 90, 95, 100]","[11, 5, 7, 2, 6, 1, 0, 1, 0, 0, 0, 0, 1, 0, 0, 0, 1226, 12, 9, 332]","[0.006819590824550527, 0.009919404835709857, 0.01425914445133292, 0.015499070055796652, 0.019218846869187848, 0.019838809671419714, 0.019838809671419714, 0.02045877247365158, 0.02045877247365158, 0.02045877247365158, 0.02045877247365158, 0.02045877247365158, 0.021078735275883446, 0.021078735275883446, 0.021078735275883446, 0.021078735275883446, 0.7811531308121513, 0.7885926844389337, 0.7941723496590205, 1.0]",4.0,2.0,2.0,2.0,2.0,20,-27.43742,8.0,12.0,hrl_dqn_apf,hierarchical,dqn,-13.181,8.270,-1.576,0.00,0.00,0.00,-11.876,9.200,5.539,0.00,0.00,0.00,-18.270,10.129,-2.619,0.00,0.00,0.00,4.109,4.109,4.119
2026-02-04 20:49:26,230.98,32,356,388,8.25%,84.25,1.98%,"[0, 5, 10, 15, 20, 25, 30, 35, 40, 45, 50, 55, 60, 65, 70, 75, 80, 85, 90, 95, 100]","[9, 5, 7, 4, 6, 1, 0, 1, 0, 0, 0, 0, 1, 0, 0, 0, 1224, 15, 9, 331]","[0.005579665220086794, 0.008679479231246125, 0.013019218846869188, 0.015499070055796652, 0.019218846869187848, 0.019838809671419714, 0.019838809671419714, 0.02045877247365158, 0.02045877247365158, 0.02045877247365158, 0.02045877247365158, 0.02045877247365158, 0.021078735275883446, 0.021078735275883446, 0.021078735275883446, 0.021078735275883446, 0.7799132052076876, 0.7892126472411656, 0.7947923124612524, 1.0]",4.0,2.0,2.0,2.0,2.0,20,-27.3572,8.0,12.0,hrl_dqn_apf,hierarchical,dqn,-12.604,8.285,-1.494,0.00,0.00,0.00,-12.461,9.216,5.548,0.00,0.00,0.00,-18.849,9.929,-2.816,0.00,0.00,0.00,4.106,4.106,4.116
2026-02-04 20:49:27,231.98,33,357,390,8.46%,84.34,2.05%,"[0, 5, 10, 15, 20, 25, 30, 35, 40, 45, 50, 55, 60, 65, 70, 75, 80, 85, 90, 95, 100]","[11, 4, 7, 4, 6, 1, 0, 1, 1, 0, 0, 0, 1, 0, 0, 0, 1223, 15, 9, 330]","[0.006819590824550527, 0.009299442033477991, 0.013639181649101054, 0.016119032858028518, 0.019838809671419714, 0.02045877247365158, 0.02045877247365158, 0.021078735275883446, 0.02169869807811531, 0.02169869807811531, 0.02169869807811531, 0.02169869807811531, 0.022318660880347178, 0.022318660880347178, 0.022318660880347178, 0.022318660880347178, 0.7805331680099195, 0.7898326100433974, 0.7954122752634842, 1.0]",4.0,2.0,2.0,2.0,2.0,18,-9.27728,8.0,6.0,hrl_dqn_apf,hierarchical,dqn,-12.405,8.356,-1.894,0.00,0.00,0.00,-13.088,9.280,5.551,0.00,0.00,0.00,-19.079,9.707,-2.851,0.00,0.00,0.00,4.103,4.103,4.113
2026-02-04 20:49:28,232.98,32,358,390,8.21%,84.71,1.98%,"[0, 5, 10, 15, 20, 25, 30, 35, 40, 45, 50, 55, 60, 65, 70, 75, 80, 85, 90, 95, 100]","[8, 6, 6, 6, 4, 2, 1, 1, 0, 1, 0, 0, 1, 0, 0, 0, 1217, 17, 7, 336]","[0.0049597024178549285, 0.008679479231246125, 0.012399256044637322, 0.016119032858028518, 0.018598884066955982, 0.019838809671419714, 0.02045877247365158, 0.021078735275883446, 0.021078735275883446, 0.02169869807811531, 0.02169869807811531, 0.02169869807811531, 0.022318660880347178, 0.022318660880347178, 0.022318660880347178, 0.022318660880347178, 0.7768133911965283, 0.78735275883447, 0.791692498450093, 1.0]",4.0,2.0,2.0,2.0,2.0,16,-21.1171,8.0,6.0,hrl_dqn_apf,hierarchical,dqn,-13.084,8.446,-2.547,0.00,0.00,0.00,-12.414,9.392,5.553,0.00,0.00,0.00,-18.837,9.812,-2.098,0.00,0.00,0.00,4.100,4.100,4.110
2026-02-04 20:49:29,233.99,32,359,391,8.18%,84.87,1.98%,"[0, 5, 10, 15, 20, 25, 30, 35, 40, 45, 50, 55, 60, 65, 70, 75, 80, 85, 90, 95, 100]","[8, 7, 5, 6, 3, 3, 1, 0, 1, 1, 0, 0, 2, 0, 0, 0, 1217, 17, 7, 335]","[0.0049597024178549285, 0.009299442033477991, 0.012399256044637322, 0.016119032858028518, 0.017978921264724116, 0.019838809671419714, 0.02045877247365158, 0.02045877247365158, 0.021078735275883446, 0.02169869807811531, 0.02169869807811531, 0.02169869807811531, 0.022938623682579044, 0.022938623682579044, 0.022938623682579044, 0.022938623682579044, 0.7774333539987601, 0.7879727216367018, 0.7923124612523249, 1.0]",4.0,2.0,2.0,2.0,2.0,10,-27.03667,8.0,0.0,hrl_dqn_apf,hierarchical,dqn,-13.197,8.450,-3.197,0.00,0.00,0.00,-12.118,9.518,5.552,0.00,0.00,0.00,-18.213,9.820,-1.983,0.00,0.00,0.00,4.097,4.097,4.107
2026-02-04 20:49:30,235.00,33,358,391,8.44%,85.01,2.05%,"[0, 5, 10, 15, 20, 25, 30, 35, 40, 45, 50, 55, 60, 65, 70, 75, 80, 85, 90, 95, 100]","[9, 7, 4, 6, 3, 4, 1, 0, 1, 1, 0, 0, 0, 1, 0, 0, 1217, 11, 12, 336]","[0.005579665220086794, 0.009919404835709857, 0.012399256044637322, 0.016119032858028518, 0.017978921264724116, 0.02045877247365158, 0.021078735275883446, 0.021078735275883446, 0.02169869807811531, 0.022318660880347178, 0.022318660880347178, 0.022318660880347178, 0.022318660880347178, 0.022938623682579044, 0.022938623682579044, 0.022938623682579044, 0.7774333539987601, 0.7842529448233106, 0.791692498450093, 1.0]",4.0,2.0,2.0,2.0,2.0,11,-20.956690000000002,8.0,0.0,hrl_dqn_apf,hierarchical,dqn,-13.333,8.497,-3.829,0.00,0.00,0.00,-12.310,9.586,5.552,0.00,0.00,0.00,-17.488,9.818,-1.948,0.00,0.00,0.00,4.094,4.094,4.104
2026-02-04 20:49:31,236.01,33,360,393,8.40%,85.15,2.05%,"[0, 5, 10, 15, 20, 25, 30, 35, 40, 45, 50, 55, 60, 65, 70, 75, 80, 85, 90, 95, 100]","[11, 6, 4, 6, 2, 4, 1, 0, 1, 1, 1, 0, 0, 1, 0, 0, 1217, 8, 15, 335]","[0.006819590824550527, 0.010539367637941723, 0.013019218846869188, 0.016738995660260384, 0.017978921264724116, 0.02045877247365158, 0.021078735275883446, 0.021078735275883446, 0.02169869807811531, 0.022318660880347178, 0.022938623682579044, 0.022938623682579044, 0.022938623682579044, 0.023558586484810913, 0.023558586484810913, 0.023558586484810913, 0.778053316800992, 0.7830130192188469, 0.7923124612523249, 1.0]",4.0,2.0,2.0,2.0,2.0,10,-26.79653,8.0,0.0,hrl_dqn_apf,hierarchical,dqn,-13.782,8.511,-4.098,0.00,0.00,0.00,-11.950,9.625,5.552,0.00,0.00,0.00,-16.817,9.922,-1.922,0.00,0.00,0.00,4.091,4.091,4.101
2026-02-04 20:49:32,237.01,33,362,395,8.35%,85.49,2.05%,"[0, 5, 10, 15, 20, 25, 30, 35, 40, 45, 50, 55, 60, 65, 70, 75, 80, 85, 90, 95, 100]","[12, 3, 5, 4, 5, 4, 2, 0, 1, 1, 0, 0, 0, 1, 0, 0, 1211, 10, 17, 337]","[0.007439553626782393, 0.009299442033477991, 0.012399256044637322, 0.014879107253564786, 0.017978921264724116, 0.02045877247365158, 0.02169869807811531, 0.02169869807811531, 0.022318660880347178, 0.022938623682579044, 0.022938623682579044, 0.022938623682579044, 0.022938623682579044, 0.023558586484810913, 0.023558586484810913, 0.023558586484810913, 0.7743335399876008, 0.7805331680099195, 0.7910725356478612, 1.0]",4.0,2.0,2.0,2.0,2.0,1,-20.71624,8.0,-12.0,hrl_dqn_apf,hierarchical,dqn,-13.190,8.331,-4.704,0.00,0.00,0.00,-11.225,9.772,5.551,0.00,0.00,0.00,-17.348,10.294,-1.406,0.00,0.00,0.00,4.087,4.087,4.098
2026-02-04 20:49:33,238.02,34,359,393,8.65%,85.64,2.11%,"[0, 5, 10, 15, 20, 25, 30, 35, 40, 45, 50, 55, 60, 65, 70, 75, 80, 85, 90, 95, 100]","[12, 2, 5, 4, 7, 4, 1, 1, 1, 0, 1, 0, 0, 1, 0, 0, 1211, 8, 17, 338]","[0.007439553626782393, 0.008679479231246125, 0.011779293242405457, 0.01425914445133292, 0.018598884066955982, 0.021078735275883446, 0.02169869807811531, 0.022318660880347178, 0.022938623682579044, 0.022938623682579044, 0.023558586484810913, 0.023558586484810913, 0.023558586484810913, 0.02417854928704278, 0.02417854928704278, 0.02417854928704278, 0.7749535027898327, 0.7799132052076876, 0.7904525728456293, 1.0]",4.0,2.0,2.0,2.0,2.0,1,-20.63624,8.0,-12.0,hrl_dqn_apf,hierarchical,dqn,-12.610,8.178,-5.136,0.00,0.00,0.00,-11.723,9.790,5.551,0.00,0.00,0.00,-17.925,10.443,-0.979,0.00,0.00,0.00,4.085,4.085,4.095
2026-02-04 20:49:34,239.02,32,367,399,8.02%,85.76,1.98%,"[0, 5, 10, 15, 20, 25, 30, 35, 40, 45, 50, 55, 60, 65, 70, 75, 80, 85, 90, 95, 100]","[10, 6, 4, 4, 6, 2, 3, 1, 0, 1, 1, 0, 0, 2, 0, 1, 1210, 9, 17, 336]","[0.006199628022318661, 0.009919404835709857, 0.012399256044637322, 0.014879107253564786, 0.018598884066955982, 0.019838809671419714, 0.02169869807811531, 0.022318660880347178, 0.022318660880347178, 0.022938623682579044, 0.023558586484810913, 0.023558586484810913, 0.023558586484810913, 0.024798512089274645, 0.024798512089274645, 0.02541847489150651, 0.7755734655920645, 0.7811531308121513, 0.791692498450093, 1.0]",4.0,2.0,2.0,2.0,2.0,1,-20.55619,8.0,-12.0,hrl_dqn_apf,hierarchical,dqn,-12.203,8.218,-5.542,0.00,0.00,0.00,-12.410,9.789,5.552,0.00,0.00,0.00,-18.444,10.256,-0.569,0.00,0.00,0.00,4.082,4.082,4.092
2026-02-04 20:49:35,240.02,35,366,401,8.73%,85.85,2.17%,"[0, 5, 10, 15, 20, 25, 30, 35, 40, 45, 50, 55, 60, 65, 70, 75, 80, 85, 90, 95, 100]","[13, 4, 5, 3, 8, 2, 2, 1, 0, 1, 1, 0, 0, 0, 1, 0, 1210, 9, 13, 340]","[0.008059516429014259, 0.010539367637941723, 0.013639181649101054, 0.015499070055796652, 0.02045877247365158, 0.02169869807811531, 0.022938623682579044, 0.023558586484810913, 0.023558586484810913, 0.02417854928704278, 0.024798512089274645, 0.024798512089274645, 0.024798512089274645, 0.024798512089274645, 0.02541847489150651, 0.02541847489150651, 0.7755734655920645, 0.7811531308121513, 0.7892126472411656, 1.0]",4.0,2.0,2.0,2.0,2.0,20,-26.39591,8.0,12.0,hrl_dqn_apf,hierarchical,dqn,-12.475,8.299,-5.673,0.00,0.00,0.00,-13.115,9.818,5.515,0.00,0.00,0.00,-18.656,9.850,-0.401,0.00,0.00,0.00,4.079,4.079,4.089
2026-02-04 20:49:36,241.02,36,367,403,8.93%,86.09,2.23%,"[0, 5, 10, 15, 20, 25, 30, 35, 40, 45, 50, 55, 60, 65, 70, 75, 80, 85, 90, 95, 100]","[14, 5, 5, 2, 6, 4, 3, 1, 0, 1, 1, 0, 0, 0, 1, 0, 1206, 7, 14, 343]","[0.008679479231246125, 0.011779293242405457, 0.014879107253564786, 0.016119032858028518, 0.019838809671419714, 0.022318660880347178, 0.02417854928704278, 0.024798512089274645, 0.024798512089274645, 0.02541847489150651, 0.026038437693738377, 0.026038437693738377, 0.026038437693738377, 0.026038437693738377, 0.026658400495970243, 0.026658400495970243, 0.7743335399876008, 0.7786732796032239, 0.78735275883447, 1.0]",4.0,2.0,2.0,2.0,2.0,2,-14.31699,8.0,-12.0,hrl_dqn_apf,hierarchical,dqn,-12.767,8.349,-4.638,0.00,0.00,0.00,-13.564,9.872,4.406,0.00,0.00,0.00,-19.082,9.540,-0.333,0.00,0.00,0.00,4.075,4.075,4.086
2026-02-04 20:49:37,242.02,35,370,405,8.64%,86.24,2.17%,"[0, 5, 10, 15, 20, 25, 30, 35, 40, 45, 50, 55, 60, 65, 70, 75, 80, 85, 90, 95, 100]","[14, 5, 3, 4, 6, 3, 4, 1, 0, 1, 2, 0, 0, 0, 1, 0, 1206, 7, 12, 344]","[0.008679479231246125, 0.011779293242405457, 0.013639181649101054, 0.016119032858028518, 0.019838809671419714, 0.02169869807811531, 0.02417854928704278, 0.024798512089274645, 0.024798512089274645, 0.02541847489150651, 0.026658400495970243, 0.026658400495970243, 0.026658400495970243, 0.026658400495970243, 0.02727836329820211, 0.02727836329820211, 0.7749535027898327, 0.7792932424054557, 0.7867327960322381, 1.0]",4.0,2.0,2.0,2.0,2.0,22,-14.23569,8.0,12.0,hrl_dqn_apf,hierarchical,dqn,-12.789,8.347,-3.908,0.00,0.00,0.00,-13.597,9.870,3.672,0.00,0.00,0.00,-19.516,9.602,-0.535,0.00,0.00,0.00,4.073,4.073,4.083
2026-02-04 20:49:38,243.03,36,369,405,8.89%,86.36,2.23%,"[0, 5, 10, 15, 20, 25, 30, 35, 40, 45, 50, 55, 60, 65, 70, 75, 80, 85, 90, 95, 100]","[13, 7, 2, 5, 4, 5, 4, 0, 1, 1, 1, 1, 0, 0, 1, 0, 1206, 7, 8, 347]","[0.008059516429014259, 0.012399256044637322, 0.013639181649101054, 0.016738995660260384, 0.019218846869187848, 0.022318660880347178, 0.024798512089274645, 0.024798512089274645, 0.02541847489150651, 0.026038437693738377, 0.026658400495970243, 0.02727836329820211, 0.02727836329820211, 0.02727836329820211, 0.027898326100433975, 0.027898326100433975, 0.7755734655920645, 0.7799132052076876, 0.7848729076255425, 1.0]",4.0,2.0,2.0,2.0,2.0,3,-8.15594,8.0,-12.0,hrl_dqn_apf,hierarchical,dqn,-12.796,8.344,-3.153,0.00,0.00,0.00,-13.500,9.925,3.022,0.00,0.00,0.00,-19.674,9.618,-1.116,0.00,0.00,0.00,4.069,4.069,4.080
2026-02-04 20:49:39,244.03,37,368,405,9.14%,86.46,2.29%,"[0, 5, 10, 15, 20, 25, 30, 35, 40, 45, 50, 55, 60, 65, 70, 75, 80, 85, 90, 95, 100]","[15, 5, 3, 4, 4, 6, 2, 2, 2, 0, 1, 1, 0, 0, 1, 0, 1200, 12, 9, 346]","[0.009299442033477991, 0.012399256044637322, 0.01425914445133292, 0.016738995660260384, 0.019218846869187848, 0.022938623682579044, 0.02417854928704278, 0.02541847489150651, 0.026658400495970243, 0.026658400495970243, 0.02727836329820211, 0.027898326100433975, 0.027898326100433975, 0.027898326100433975, 0.02851828890266584, 0.02851828890266584, 0.7724736515809052, 0.7799132052076876, 0.7854928704277744, 1.0]",4.0,2.0,2.0,2.0,2.0,1,-20.07577,8.0,-12.0,hrl_dqn_apf,hierarchical,dqn,-12.799,8.341,-2.395,0.00,0.00,0.00,-12.990,9.956,2.767,0.00,0.00,0.00,-19.683,9.652,-1.787,0.00,0.00,0.00,4.067,4.067,4.077
2026-02-04 20:49:40,245.04,37,372,409,9.05%,86.79,2.29%,"[0, 5, 10, 15, 20, 25, 30, 35, 40, 45, 50, 55, 60, 65, 70, 75, 80, 85, 90, 95, 100]","[13, 8, 2, 4, 4, 6, 2, 3, 2, 0, 1, 1, 0, 0, 0, 1, 1198, 14, 9, 345]","[0.008059516429014259, 0.013019218846869188, 0.01425914445133292, 0.016738995660260384, 0.019218846869187848, 0.022938623682579044, 0.02417854928704278, 0.026038437693738377, 0.02727836329820211, 0.02727836329820211, 0.027898326100433975, 0.02851828890266584, 0.02851828890266584, 0.02851828890266584, 0.02851828890266584, 0.029138251704897707, 0.7718536887786733, 0.7805331680099195, 0.7861128332300062, 1.0]",4.0,2.0,2.0,2.0,2.0,16,-19.995449999999998,8.0,6.0,hrl_dqn_apf,hierarchical,dqn,-12.801,8.334,-0.869,0.00,0.00,0.00,-11.876,10.026,2.335,0.00,0.00,0.00,-18.927,9.791,-1.887,0.00,0.00,0.00,4.063,4.063,4.074
2026-02-04 20:49:41,246.05,35,372,407,8.60%,86.93,2.17%,"[0, 5, 10, 15, 20, 25, 30, 35, 40, 45, 50, 55, 60, 65, 70, 75, 80, 85, 90, 95, 100]","[12, 10, 2, 3, 2, 6, 4, 4, 1, 1, 1, 1, 0, 0, 0, 1, 1194, 16, 7, 348]","[0.007439553626782393, 0.013639181649101054, 0.014879107253564786, 0.016738995660260384, 0.017978921264724116, 0.02169869807811531, 0.02417854928704278, 0.026658400495970243, 0.02727836329820211, 0.027898326100433975, 0.02851828890266584, 0.029138251704897707, 0.029138251704897707, 0.029138251704897707, 0.029138251704897707, 0.029758214507129573, 0.7699938003719777, 0.7799132052076876, 0.7842529448233106, 1.0]",4.0,2.0,2.0,2.0,2.0,17,-13.83543,8.0,6.0,hrl_dqn_apf,hierarchical,dqn,-12.825,8.347,-0.516,0.00,0.00,0.00,-11.719,10.262,2.111,0.00,0.00,0.00,-18.811,9.799,-1.288,0.00,0.00,0.00,4.061,4.061,4.071
2026-02-04 20:49:42,247.05,36,371,407,8.85%,87.10,2.23%,"[0, 5, 10, 15, 20, 25, 30, 35, 40, 45, 50, 55, 60, 65, 70, 75, 80, 85, 90, 95, 100]","[12, 10, 3, 2, 3, 6, 3, 4, 1, 1, 1, 1, 0, 0, 0, 1, 1192, 16, 7, 350]","[0.007439553626782393, 0.013639181649101054, 0.015499070055796652, 0.016738995660260384, 0.018598884066955982, 0.022318660880347178, 0.02417854928704278, 0.026658400495970243, 0.02727836329820211, 0.027898326100433975, 0.02851828890266584, 0.029138251704897707, 0.029138251704897707, 0.029138251704897707, 0.029138251704897707, 0.029758214507129573, 0.768753874767514, 0.7786732796032239, 0.7830130192188469, 1.0]",4.0,2.0,2.0,2.0,2.0,6,-19.75543,8.0,-6.0,hrl_dqn_apf,hierarchical,dqn,-12.921,8.185,-0.889,0.00,0.00,0.00,-11.583,10.489,2.531,0.00,0.00,0.00,-18.774,9.797,-0.570,0.00,0.00,0.00,4.057,4.057,4.068
2026-02-04 20:49:43,248.06,34,374,408,8.33%,87.28,2.11%,"[0, 5, 10, 15, 20, 25, 30, 35, 40, 45, 50, 55, 60, 65, 70, 75, 80, 85, 90, 95, 100]","[13, 8, 5, 2, 2, 4, 5, 4, 0, 2, 1, 1, 0, 0, 0, 1, 1192, 16, 7, 350]","[0.008059516429014259, 0.013019218846869188, 0.016119032858028518, 0.01735895846249225, 0.018598884066955982, 0.021078735275883446, 0.02417854928704278, 0.026658400495970243, 0.026658400495970243, 0.027898326100433975, 0.02851828890266584, 0.029138251704897707, 0.029138251704897707, 0.029138251704897707, 0.029138251704897707, 0.029758214507129573, 0.768753874767514, 0.7786732796032239, 0.7830130192188469, 1.0]",4.0,2.0,2.0,2.0,2.0,0,-25.674970000000002,8.0,-12.0,hrl_dqn_apf,hierarchical,dqn,-13.143,7.964,-1.500,0.00,0.00,0.00,-11.348,10.710,3.160,0.00,0.00,0.00,-18.761,9.859,0.099,0.00,0.00,0.00,4.054,4.054,4.065
2026-02-04 20:49:44,249.06,34,374,408,8.33%,87.65,2.11%,"[0, 5, 10, 15, 20, 25, 30, 35, 40, 45, 50, 55, 60, 65, 70, 75, 80, 85, 90, 95, 100]","[13, 8, 6, 0, 3, 4, 5, 2, 2, 2, 0, 1, 1, 0, 0, 1, 1192, 8, 14, 351]","[0.008059516429014259, 0.013019218846869188, 0.016738995660260384, 0.016738995660260384, 0.018598884066955982, 0.021078735275883446, 0.02417854928704278, 0.02541847489150651, 0.026658400495970243, 0.027898326100433975, 0.027898326100433975, 0.02851828890266584, 0.029138251704897707, 0.029138251704897707, 0.029138251704897707, 0.029758214507129573, 0.768753874767514, 0.7737135771853689, 0.782393056416615, 1.0]",4.0,2.0,2.0,2.0,2.0,0,-25.51503,8.0,-12.0,hrl_dqn_apf,hierarchical,dqn,-13.902,7.836,-2.586,0.00,0.00,0.00,-10.902,10.450,4.274,0.00,0.00,0.00,-18.755,9.975,-0.551,0.00,0.00,0.00,4.051,4.051,4.062
2026-02-04 20:49:45,250.06,33,375,408,8.09%,87.85,2.05%,"[0, 5, 10, 15, 20, 25, 30, 35, 40, 45, 50, 55, 60, 65, 70, 75, 80, 85, 90, 95, 100]","[12, 8, 6, 1, 3, 3, 6, 1, 3, 2, 0, 1, 1, 0, 0, 0, 1187, 14, 14, 351]","[0.007439553626782393, 0.012399256044637322, 0.016119032858028518, 0.016738995660260384, 0.018598884066955982, 0.02045877247365158, 0.02417854928704278, 0.024798512089274645, 0.026658400495970243, 0.027898326100433975, 0.027898326100433975, 0.02851828890266584, 0.029138251704897707, 0.029138251704897707, 0.029138251704897707, 0.029138251704897707, 0.7650340979541228, 0.7737135771853689, 0.782393056416615, 1.0]",4.0,2.0,2.0,2.0,2.0,11,-19.435000000000002,8.0,0.0,hrl_dqn_apf,hierarchical,dqn,-14.385,7.926,-2.513,0.00,0.00,0.00,-10.845,10.036,4.414,0.00,0.00,0.00,-18.756,9.973,-1.259,0.00,0.00,0.00,4.048,4.048,4.059
2026-02-04 20:49:46,251.07,33,377,410,8.05%,88.02,2.05%,"[0, 5, 10, 15, 20, 25, 30, 35, 40, 45, 50, 55, 60, 65, 70, 75, 80, 85, 90, 95, 100]","[13, 6, 8, 2, 1, 3, 4, 3, 3, 1, 1, 1, 1, 0, 0, 0, 1187, 12, 14, 353]","[0.008059516429014259, 0.011779293242405457, 0.016738995660260384, 0.017978921264724116, 0.018598884066955982, 0.02045877247365158, 0.022938623682579044, 0.024798512089274645, 0.026658400495970243, 0.02727836329820211, 0.027898326100433975, 0.02851828890266584, 0.029138251704897707, 0.029138251704897707, 0.029138251704897707, 0.029138251704897707, 0.7650340979541228, 0.7724736515809052, 0.7811531308121513, 1.0]",4.0,2.0,2.0,2.0,2.0,24,-1.3546499999999995,8.0,12.0,hrl_dqn_apf,hierarchical,dqn,-14.558,7.947,-1.975,0.00,0.00,0.00,-10.827,9.628,4.457,0.00,0.00,0.00,-18.862,10.025,-1.902,0.00,0.00,0.00,4.045,4.045,4.056
2026-02-04 20:49:47,252.07,32,376,408,7.84%,88.22,1.98%,"[0, 5, 10, 15, 20, 25, 30, 35, 40, 45, 50, 55, 60, 65, 70, 75, 80, 85, 90, 95, 100]","[12, 7, 8, 2, 1, 2, 5, 2, 4, 1, 1, 1, 1, 0, 0, 0, 1187, 8, 16, 355]","[0.007439553626782393, 0.011779293242405457, 0.016738995660260384, 0.017978921264724116, 0.018598884066955982, 0.019838809671419714, 0.022938623682579044, 0.02417854928704278, 0.026658400495970243, 0.02727836329820211, 0.027898326100433975, 0.02851828890266584, 0.029138251704897707, 0.029138251704897707, 0.029138251704897707, 0.029138251704897707, 0.7650340979541228, 0.7699938003719777, 0.7799132052076876, 1.0]",4.0,2.0,2.0,2.0,2.0,22,-13.27469,8.0,12.0,hrl_dqn_apf,hierarchical,dqn,-14.577,7.908,-1.311,0.00,0.00,0.00,-10.862,9.396,4.470,0.00,0.00,0.00,-19.377,10.127,-2.156,0.00,0.00,0.00,4.042,4.042,4.053
2026-02-04 20:49:48,253.07,31,383,414,7.49%,88.55,1.92%,"[0, 5, 10, 15, 20, 25, 30, 35, 40, 45, 50, 55, 60, 65, 70, 75, 80, 85, 90, 95, 100]","[12, 6, 7, 4, 0, 2, 3, 5, 4, 1, 2, 1, 0, 1, 0, 0, 1186, 9, 12, 358]","[0.007439553626782393, 0.011159330440173589, 0.015499070055796652, 0.017978921264724116, 0.017978921264724116, 0.019218846869187848, 0.021078735275883446, 0.02417854928704278, 0.026658400495970243, 0.02727836329820211, 0.02851828890266584, 0.029138251704897707, 0.029138251704897707, 0.029758214507129573, 0.029758214507129573, 0.029758214507129573, 0.7650340979541228, 0.7706137631742096, 0.778053316800992, 1.0]",4.0,2.0,2.0,2.0,2.0,23,-7.11458,8.0,12.0,hrl_dqn_apf,hierarchical,dqn,-13.510,7.816,-0.893,0.00,0.00,0.00,-11.956,9.444,4.476,0.00,0.00,0.00,-20.515,9.844,-2.244,0.00,0.00,0.00,4.039,4.039,4.050
2026-02-04 20:49:49,254.07,32,380,412,7.77%,88.73,1.98%,"[0, 5, 10, 15, 20, 25, 30, 35, 40, 45, 50, 55, 60, 65, 70, 75, 80, 85, 90, 95, 100]","[10, 7, 8, 5, 0, 2, 3, 5, 2, 2, 2, 0, 1, 1, 0, 0, 1186, 9, 10, 360]","[0.006199628022318661, 0.010539367637941723, 0.015499070055796652, 0.018598884066955982, 0.018598884066955982, 0.019838809671419714, 0.02169869807811531, 0.024798512089274645, 0.026038437693738377, 0.02727836329820211, 0.02851828890266584, 0.02851828890266584, 0.029138251704897707, 0.029758214507129573, 0.029758214507129573, 0.029758214507129573, 0.7650340979541228, 0.7706137631742096, 0.7768133911965283, 1.0]",4.0,2.0,2.0,2.0,2.0,3,-7.03431,8.0,-12.0,hrl_dqn_apf,hierarchical,dqn,-12.777,7.815,-0.864,0.00,0.00,0.00,-12.497,9.512,4.674,0.00,0.00,0.00,-20.661,9.434,-2.250,0.00,0.00,0.00,4.036,4.036,4.047
2026-02-04 20:49:50,255.08,33,381,414,7.97%,88.92,2.05%,"[0, 5, 10, 15, 20, 25, 30, 35, 40, 45, 50, 55, 60, 65, 70, 75, 80, 85, 90, 95, 100]","[10, 7, 8, 6, 0, 2, 2, 5, 2, 2, 2, 0, 1, 1, 0, 0, 1183, 10, 10, 362]","[0.006199628022318661, 0.010539367637941723, 0.015499070055796652, 0.019218846869187848, 0.019218846869187848, 0.02045877247365158, 0.02169869807811531, 0.024798512089274645, 0.026038437693738377, 0.02727836329820211, 0.02851828890266584, 0.02851828890266584, 0.029138251704897707, 0.029758214507129573, 0.029758214507129573, 0.029758214507129573, 0.7631742095474272, 0.7693738375697459, 0.7755734655920645, 1.0]",4.0,2.0,2.0,2.0,2.0,12,-12.87418,8.0,0.0,hrl_dqn_apf,hierarchical,dqn,-12.121,7.870,-0.956,0.00,0.00,0.00,-12.686,9.602,5.047,0.00,0.00,0.00,-20.705,9.313,-2.360,0.00,0.00,0.00,4.033,4.033,4.044
2026-02-04 20:49:51,256.08,32,386,418,7.66%,89.12,1.98%,"[0, 5, 10, 15, 20, 25, 30, 35, 40, 45, 50, 55, 60, 65, 70, 75, 80, 85, 90, 95, 100]","[10, 7, 6, 7, 1, 1, 3, 5, 1, 3, 1, 1, 1, 1, 0, 0, 1181, 8, 12, 364]","[0.006199628022318661, 0.010539367637941723, 0.01425914445133292, 0.018598884066955982, 0.019218846869187848, 0.019838809671419714, 0.02169869807811531, 0.024798512089274645, 0.02541847489150651, 0.02727836329820211, 0.027898326100433975, 0.02851828890266584, 0.029138251704897707, 0.029758214507129573, 0.029758214507129573, 0.029758214507129573, 0.7619342839429635, 0.7668939863608184, 0.7743335399876008, 1.0]",4.0,2.0,2.0,2.0,2.0,1,-18.79434,8.0,-12.0,hrl_dqn_apf,hierarchical,dqn,-11.860,7.938,-1.390,0.00,0.00,0.00,-12.744,9.657,4.746,0.00,0.00,0.00,-20.718,9.339,-2.875,0.00,0.00,0.00,4.030,4.030,4.041
2026-02-04 20:49:52,257.08,33,385,418,7.89%,89.40,2.05%,"[0, 5, 10, 15, 20, 25, 30, 35, 40, 45, 50, 55, 60, 65, 70, 75, 80, 85, 90, 95, 100]","[8, 8, 5, 8, 3, 1, 2, 2, 4, 4, 1, 1, 1, 1, 0, 1, 1177, 12, 8, 366]","[0.0049597024178549285, 0.009919404835709857, 0.013019218846869188, 0.017978921264724116, 0.019838809671419714, 0.02045877247365158, 0.02169869807811531, 0.022938623682579044, 0.02541847489150651, 0.027898326100433975, 0.02851828890266584, 0.029138251704897707, 0.029758214507129573, 0.03037817730936144, 0.03037817730936144, 0.030998140111593304, 0.7606943583384997, 0.7681339119652821, 0.7730936143831371, 1.0]",4.0,2.0,2.0,2.0,2.0,17,-12.71428,8.0,6.0,hrl_dqn_apf,hierarchical,dqn,-11.756,8.033,-0.660,0.00,0.00,0.00,-12.768,9.657,3.391,0.00,0.00,0.00,-20.726,9.342,-4.310,0.00,0.00,0.00,4.027,4.027,4.038
2026-02-04 20:49:53,258.08,34,384,418,8.13%,89.53,2.11%,"[0, 5, 10, 15, 20, 25, 30, 35, 40, 45, 50, 55, 60, 65, 70, 75, 80, 85, 90, 95, 100]","[8, 9, 5, 7, 5, 0, 1, 2, 5, 4, 0, 2, 1, 0, 1, 1, 1173, 15, 9, 365]","[0.0049597024178549285, 0.010539367637941723, 0.013639181649101054, 0.017978921264724116, 0.021078735275883446, 0.021078735275883446, 0.02169869807811531, 0.022938623682579044, 0.026038437693738377, 0.02851828890266584, 0.02851828890266584, 0.029758214507129573, 0.03037817730936144, 0.03037817730936144, 0.030998140111593304, 0.03161810291382517, 0.7588344699318041, 0.7681339119652821, 0.7737135771853689, 1.0]",4.0,2.0,2.0,2.0,2.0,24,-0.6339900000000007,8.0,12.0,hrl_dqn_apf,hierarchical,dqn,-11.544,8.094,-0.132,0.00,0.00,0.00,-12.771,9.797,3.035,0.00,0.00,0.00,-20.728,9.339,-5.085,0.00,0.00,0.00,4.024,4.024,4.035
2026-02-04 20:49:54,259.08,34,390,424,8.02%,89.70,2.11%,"[0, 5, 10, 15, 20, 25, 30, 35, 40, 45, 50, 55, 60, 65, 70, 75, 80, 85, 90, 95, 100]","[8, 9, 4, 7, 5, 1, 1, 2, 5, 2, 2, 2, 0, 1, 1, 1, 1173, 15, 9, 365]","[0.0049597024178549285, 0.010539367637941723, 0.013019218846869188, 0.01735895846249225, 0.02045877247365158, 0.021078735275883446, 0.02169869807811531, 0.022938623682579044, 0.026038437693738377, 0.02727836329820211, 0.02851828890266584, 0.029758214507129573, 0.029758214507129573, 0.03037817730936144, 0.030998140111593304, 0.03161810291382517, 0.7588344699318041, 0.7681339119652821, 0.7737135771853689, 1.0]",4.0,2.0,2.0,2.0,2.0,3,-6.473990000000001,8.0,-12.0,hrl_dqn_apf,hierarchical,dqn,-11.030,8.030,-0.048,0.00,0.00,0.00,-12.810,9.957,3.429,0.00,0.00,0.00,-20.621,9.395,-5.740,0.00,0.00,0.00,4.021,4.021,4.032
2026-02-04 20:49:55,260.09,35,385,420,8.33%,89.86,2.17%,"[0, 5, 10, 15, 20, 25, 30, 35, 40, 45, 50, 55, 60, 65, 70, 75, 80, 85, 90, 95, 100]","[7, 7, 6, 8, 6, 1, 2, 1, 5, 2, 2, 2, 0, 1, 1, 1, 1171, 14, 10, 366]","[0.0043397396156230625, 0.008679479231246125, 0.012399256044637322, 0.01735895846249225, 0.021078735275883446, 0.02169869807811531, 0.022938623682579044, 0.023558586484810913, 0.026658400495970243, 0.027898326100433975, 0.029138251704897707, 0.03037817730936144, 0.03037817730936144, 0.030998140111593304, 0.03161810291382517, 0.032238065716057036, 0.7582145071295723, 0.7668939863608184, 0.7730936143831371, 1.0]",4.0,2.0,2.0,2.0,2.0,23,-6.39391,8.0,12.0,hrl_dqn_apf,hierarchical,dqn,-10.635,7.868,-0.468,0.00,0.00,0.00,-13.002,10.141,4.058,0.00,0.00,0.00,-20.107,9.426,-5.997,0.00,0.00,0.00,4.018,4.018,4.029
2026-02-04 20:49:56,261.09,36,384,420,8.57%,90.17,2.23%,"[0, 5, 10, 15, 20, 25, 30, 35, 40, 45, 50, 55, 60, 65, 70, 75, 80, 85, 90, 95, 100]","[9, 5, 9, 4, 7, 2, 1, 0, 4, 4, 3, 1, 1, 1, 1, 1, 1167, 16, 8, 369]","[0.005579665220086794, 0.008679479231246125, 0.01425914445133292, 0.016738995660260384, 0.021078735275883446, 0.022318660880347178, 0.022938623682579044, 0.022938623682579044, 0.02541847489150651, 0.027898326100433975, 0.029758214507129573, 0.03037817730936144, 0.030998140111593304, 0.03161810291382517, 0.032238065716057036, 0.0328580285182889, 0.7563546187228767, 0.7662740235585865, 0.7712337259764415, 1.0]",4.0,2.0,2.0,2.0,2.0,21,-18.393909999999998,8.0,12.0,hrl_dqn_apf,hierarchical,dqn,-10.412,7.836,-1.449,0.00,0.00,0.00,-13.490,9.848,5.135,0.00,0.00,0.00,-18.675,9.423,-6.103,0.00,0.00,0.00,4.015,4.015,4.026
2026-02-04 20:49:57,262.09,37,384,421,8.79%,90.35,2.29%,"[0, 5, 10, 15, 20, 25, 30, 35, 40, 45, 50, 55, 60, 65, 70, 75, 80, 85, 90, 95, 100]","[10, 5, 8, 4, 7, 3, 1, 0, 3, 3, 4, 1, 1, 1, 1, 0, 1168, 12, 12, 369]","[0.006199628022318661, 0.009299442033477991, 0.01425914445133292, 0.016738995660260384, 0.021078735275883446, 0.022938623682579044, 0.023558586484810913, 0.023558586484810913, 0.02541847489150651, 0.02727836329820211, 0.029758214507129573, 0.03037817730936144, 0.030998140111593304, 0.03161810291382517, 0.032238065716057036, 0.032238065716057036, 0.7563546187228767, 0.7637941723496591, 0.7712337259764415, 1.0]",4.0,2.0,2.0,2.0,2.0,11,-18.233719999999998,8.0,0.0,hrl_dqn_apf,hierarchical,dqn,-10.975,7.852,-1.572,0.00,0.00,0.00,-13.556,9.438,5.269,0.00,0.00,0.00,-18.120,9.495,-5.908,0.00,0.00,0.00,4.012,4.012,4.023
2026-02-04 20:49:58,263.10,37,384,421,8.79%,90.48,2.29%,"[0, 5, 10, 15, 20, 25, 30, 35, 40, 45, 50, 55, 60, 65, 70, 75, 80, 85, 90, 95, 100]","[10, 4, 8, 5, 6, 4, 0, 1, 1, 5, 4, 0, 3, 1, 0, 1, 1168, 10, 13, 369]","[0.006199628022318661, 0.008679479231246125, 0.013639181649101054, 0.016738995660260384, 0.02045877247365158, 0.022938623682579044, 0.022938623682579044, 0.023558586484810913, 0.02417854928704278, 0.02727836329820211, 0.029758214507129573, 0.029758214507129573, 0.03161810291382517, 0.032238065716057036, 0.032238065716057036, 0.0328580285182889, 0.7569745815251085, 0.7631742095474272, 0.7712337259764415, 1.0]",4.0,2.0,2.0,2.0,2.0,0,-24.153399999999998,8.0,-12.0,hrl_dqn_apf,hierarchical,dqn,-11.684,7.852,-1.611,0.00,0.00,0.00,-13.575,9.326,5.197,0.00,0.00,0.00,-17.823,9.527,-5.433,0.00,0.00,0.00,4.009,4.009,4.020
2026-02-04 20:49:59,264.10,37,384,421,8.79%,90.60,2.29%,"[0, 5, 10, 15, 20, 25, 30, 35, 40, 45, 50, 55, 60, 65, 70, 75, 80, 85, 90, 95, 100]","[10, 4, 9, 4, 6, 4, 1, 1, 3, 4, 2, 2, 2, 0, 1, 1, 1166, 10, 15, 368]","[0.006199628022318661, 0.008679479231246125, 0.01425914445133292, 0.016738995660260384, 0.02045877247365158, 0.022938623682579044, 0.023558586484810913, 0.02417854928704278, 0.026038437693738377, 0.02851828890266584, 0.029758214507129573, 0.030998140111593304, 0.032238065716057036, 0.032238065716057036, 0.0328580285182889, 0.03347799132052077, 0.7563546187228767, 0.7625542467451953, 0.7718536887786733, 1.0]",4.0,2.0,2.0,2.0,2.0,7,-12.07342,8.0,-6.0,hrl_dqn_apf,hierarchical,dqn,-12.432,7.850,-1.624,0.00,0.00,0.00,-13.581,9.354,4.690,0.00,0.00,0.00,-17.253,9.545,-5.226,0.00,0.00,0.00,4.006,4.006,4.017
2026-02-04 20:50:00,265.10,37,384,421,8.79%,90.95,2.29%,"[0, 5, 10, 15, 20, 25, 30, 35, 40, 45, 50, 55, 60, 65, 70, 75, 80, 85, 90, 95, 100]","[12, 5, 4, 6, 4, 6, 2, 1, 2, 4, 2, 3, 2, 0, 0, 1, 1162, 10, 14, 373]","[0.007439553626782393, 0.010539367637941723, 0.013019218846869188, 0.016738995660260384, 0.019218846869187848, 0.022938623682579044, 0.02417854928704278, 0.024798512089274645, 0.026038437693738377, 0.02851828890266584, 0.029758214507129573, 0.03161810291382517, 0.0328580285182889, 0.0328580285182889, 0.0328580285182889, 0.03347799132052077, 0.7538747675139492, 0.7600743955362679, 0.768753874767514, 1.0]",4.0,2.0,2.0,2.0,2.0,6,-17.91311,8.0,-6.0,hrl_dqn_apf,hierarchical,dqn,-13.951,7.844,-1.631,0.00,0.00,0.00,-13.585,9.356,3.259,0.00,0.00,0.00,-15.800,9.541,-5.143,0.00,0.00,0.00,4.003,4.003,4.014
2026-02-04 20:50:01,266.10,39,380,419,9.31%,91.08,2.42%,"[0, 5, 10, 15, 20, 25, 30, 35, 40, 45, 50, 55, 60, 65, 70, 75, 80, 85, 90, 95, 100]","[13, 5, 3, 8, 3, 7, 2, 1, 1, 4, 2, 3, 1, 0, 0, 1, 1162, 8, 16, 373]","[0.008059516429014259, 0.011159330440173589, 0.013019218846869188, 0.017978921264724116, 0.019838809671419714, 0.02417854928704278, 0.02541847489150651, 0.026038437693738377, 0.026658400495970243, 0.029138251704897707, 0.03037817730936144, 0.032238065716057036, 0.0328580285182889, 0.0328580285182889, 0.0328580285182889, 0.03347799132052077, 0.7538747675139492, 0.7588344699318041, 0.768753874767514, 1.0]",4.0,2.0,2.0,2.0,2.0,0,-23.83288,8.0,-12.0,hrl_dqn_apf,hierarchical,dqn,-14.711,7.841,-1.633,0.00,0.00,0.00,-13.586,9.354,2.504,0.00,0.00,0.00,-15.243,9.610,-4.936,0.00,0.00,0.00,4.000,4.000,4.011
2026-02-04 20:50:02,267.11,38,383,421,9.03%,91.27,2.36%,"[0, 5, 10, 15, 20, 25, 30, 35, 40, 45, 50, 55, 60, 65, 70, 75, 80, 85, 90, 95, 100]","[14, 5, 3, 6, 4, 6, 3, 1, 1, 4, 1, 4, 1, 0, 0, 1, 1160, 10, 16, 373]","[0.008679479231246125, 0.011779293242405457, 0.013639181649101054, 0.01735895846249225, 0.019838809671419714, 0.023558586484810913, 0.02541847489150651, 0.026038437693738377, 0.026658400495970243, 0.029138251704897707, 0.029758214507129573, 0.032238065716057036, 0.0328580285182889, 0.0328580285182889, 0.0328580285182889, 0.03347799132052077, 0.7526348419094855, 0.7588344699318041, 0.768753874767514, 1.0]",4.0,2.0,2.0,2.0,2.0,3,-5.753119999999999,8.0,-12.0,hrl_dqn_apf,hierarchical,dqn,-15.368,7.691,-1.532,0.00,0.00,0.00,-13.557,9.552,1.958,0.00,0.00,0.00,-15.072,9.830,-4.567,0.00,0.00,0.00,3.997,3.997,4.008
2026-02-04 20:50:03,268.11,38,383,421,9.03%,91.43,2.36%,"[0, 5, 10, 15, 20, 25, 30, 35, 40, 45, 50, 55, 60, 65, 70, 75, 80, 85, 90, 95, 100]","[12, 7, 2, 6, 5, 6, 4, 1, 1, 2, 3, 4, 0, 1, 0, 1, 1160, 10, 10, 378]","[0.007439553626782393, 0.011779293242405457, 0.013019218846869188, 0.016738995660260384, 0.019838809671419714, 0.023558586484810913, 0.026038437693738377, 0.026658400495970243, 0.02727836329820211, 0.02851828890266584, 0.03037817730936144, 0.0328580285182889, 0.0328580285182889, 0.03347799132052077, 0.03347799132052077, 0.034097954122752634, 0.7532548047117174, 0.759454432734036, 0.7656540607563547, 1.0]",4.0,2.0,2.0,2.0,2.0,6,-17.672980000000003,8.0,-6.0,hrl_dqn_apf,hierarchical,dqn,-15.620,7.389,-1.035,0.00,0.00,0.00,-13.414,9.767,2.198,0.00,0.00,0.00,-15.090,10.092,-4.872,0.00,0.00,0.00,3.994,3.994,4.005
2026-02-04 20:50:04,269.11,36,391,427,8.43%,91.72,2.23%,"[0, 5, 10, 15, 20, 25, 30, 35, 40, 45, 50, 55, 60, 65, 70, 75, 80, 85, 90, 95, 100]","[11, 8, 2, 3, 6, 6, 5, 1, 1, 2, 5, 2, 2, 2, 0, 0, 1157, 8, 14, 378]","[0.006819590824550527, 0.011779293242405457, 0.013019218846869188, 0.014879107253564786, 0.018598884066955982, 0.022318660880347178, 0.02541847489150651, 0.026038437693738377, 0.026658400495970243, 0.027898326100433975, 0.030998140111593304, 0.032238065716057036, 0.03347799132052077, 0.0347179169249845, 0.0347179169249845, 0.0347179169249845, 0.7520148791072536, 0.7569745815251085, 0.7656540607563547, 1.0]",4.0,2.0,2.0,2.0,2.0,6,-17.51239,8.0,-6.0,hrl_dqn_apf,hierarchical,dqn,-16.505,6.760,-0.187,0.00,0.00,0.00,-12.781,10.158,3.388,0.00,0.00,0.00,-15.009,10.555,-6.219,0.00,0.00,0.00,3.991,3.991,4.002
2026-02-04 20:50:05,270.11,37,390,427,8.67%,91.82,2.29%,"[0, 5, 10, 15, 20, 25, 30, 35, 40, 45, 50, 55, 60, 65, 70, 75, 80, 85, 90, 95, 100]","[12, 8, 3, 3, 6, 5, 5, 2, 1, 2, 4, 1, 3, 1, 0, 0, 1157, 8, 11, 381]","[0.007439553626782393, 0.012399256044637322, 0.01425914445133292, 0.016119032858028518, 0.019838809671419714, 0.022938623682579044, 0.026038437693738377, 0.02727836329820211, 0.027898326100433975, 0.029138251704897707, 0.03161810291382517, 0.032238065716057036, 0.034097954122752634, 0.0347179169249845, 0.0347179169249845, 0.0347179169249845, 0.7520148791072536, 0.7569745815251085, 0.7637941723496591, 1.0]",4.0,2.0,2.0,2.0,2.0,7,-11.4324,8.0,-6.0,hrl_dqn_apf,hierarchical,dqn,-16.992,6.797,-0.411,0.00,0.00,0.00,-12.677,10.282,3.858,0.00,0.00,0.00,-14.941,10.244,-6.787,0.00,0.00,0.00,3.988,3.988,3.999
2026-02-04 20:50:06,271.11,37,390,427,8.67%,91.96,2.29%,"[0, 5, 10, 15, 20, 25, 30, 35, 40, 45, 50, 55, 60, 65, 70, 75, 80, 85, 90, 95, 100]","[10, 9, 6, 3, 6, 3, 6, 2, 1, 1, 4, 2, 3, 1, 0, 0, 1155, 10, 8, 383]","[0.006199628022318661, 0.011779293242405457, 0.015499070055796652, 0.01735895846249225, 0.021078735275883446, 0.022938623682579044, 0.026658400495970243, 0.027898326100433975, 0.02851828890266584, 0.029138251704897707, 0.03161810291382517, 0.0328580285182889, 0.0347179169249845, 0.035337879727216366, 0.035337879727216366, 0.035337879727216366, 0.7513949163050218, 0.7575945443273404, 0.7625542467451953, 1.0]",4.0,2.0,2.0,2.0,2.0,2,-11.35219,8.0,-12.0,hrl_dqn_apf,hierarchical,dqn,-17.166,6.819,-1.021,0.00,0.00,0.00,-13.047,10.026,4.032,0.00,0.00,0.00,-14.916,9.820,-6.989,0.00,0.00,0.00,3.985,3.985,3.996
2026-02-04 20:50:07,272.12,37,390,427,8.67%,92.17,2.29%,"[0, 5, 10, 15, 20, 25, 30, 35, 40, 45, 50, 55, 60, 65, 70, 75, 80, 85, 90, 95, 100]","[9, 11, 4, 3, 6, 4, 5, 3, 1, 1, 4, 1, 4, 1, 0, 0, 1151, 12, 10, 383]","[0.005579665220086794, 0.012399256044637322, 0.014879107253564786, 0.016738995660260384, 0.02045877247365158, 0.022938623682579044, 0.026038437693738377, 0.027898326100433975, 0.02851828890266584, 0.029138251704897707, 0.03161810291382517, 0.032238065716057036, 0.0347179169249845, 0.035337879727216366, 0.035337879727216366, 0.035337879727216366, 0.7489150650960942, 0.7563546187228767, 0.7625542467451953, 1.0]",4.0,2.0,2.0,2.0,2.0,15,-23.191679999999998,8.0,6.0,hrl_dqn_apf,hierarchical,dqn,-17.218,6.821,-1.739,0.00,0.00,0.00,-13.216,9.615,4.087,0.00,0.00,0.00,-14.908,9.598,-7.001,0.00,0.00,0.00,3.982,3.982,3.993
2026-02-04 20:50:08,273.13,37,390,427,8.67%,92.54,2.29%,"[0, 5, 10, 15, 20, 25, 30, 35, 40, 45, 50, 55, 60, 65, 70, 75, 80, 85, 90, 95, 100]","[11, 9, 6, 1, 7, 3, 6, 2, 0, 2, 1, 4, 2, 2, 1, 0, 1148, 13, 12, 383]","[0.006819590824550527, 0.012399256044637322, 0.016119032858028518, 0.016738995660260384, 0.021078735275883446, 0.022938623682579044, 0.026658400495970243, 0.027898326100433975, 0.027898326100433975, 0.029138251704897707, 0.029758214507129573, 0.032238065716057036, 0.03347799132052077, 0.0347179169249845, 0.035337879727216366, 0.035337879727216366, 0.7470551766893986, 0.755114693118413, 0.7625542467451953, 1.0]",4.0,2.0,2.0,2.0,2.0,8,-5.1118500000000004,8.0,-6.0,hrl_dqn_apf,hierarchical,dqn,-17.237,6.982,-2.575,0.00,0.00,0.00,-13.283,9.327,3.763,0.00,0.00,0.00,-14.904,9.645,-5.912,0.00,0.00,0.00,3.979,3.979,3.990
2026-02-04 20:50:09,274.13,36,391,427,8.43%,92.75,2.23%,"[0, 5, 10, 15, 20, 25, 30, 35, 40, 45, 50, 55, 60, 65, 70, 75, 80, 85, 90, 95, 100]","[7, 10, 8, 2, 4, 5, 6, 2, 1, 1, 2, 4, 2, 2, 1, 0, 1144, 15, 8, 389]","[0.0043397396156230625, 0.010539367637941723, 0.015499070055796652, 0.016738995660260384, 0.019218846869187848, 0.022318660880347178, 0.026038437693738377, 0.02727836329820211, 0.027898326100433975, 0.02851828890266584, 0.029758214507129573, 0.032238065716057036, 0.03347799132052077, 0.0347179169249845, 0.035337879727216366, 0.035337879727216366, 0.7445753254804711, 0.7538747675139492, 0.7588344699318041, 1.0]",4.0,2.0,2.0,2.0,2.0,5,-23.03171,8.0,-6.0,hrl_dqn_apf,hierarchical,dqn,-17.238,7.001,-2.079,0.00,0.00,0.00,-13.501,9.387,3.338,0.00,0.00,0.00,-14.689,9.714,-5.385,0.00,0.00,0.00,3.976,3.976,3.987
2026-02-04 20:50:10,275.14,37,390,427,8.67%,92.92,2.29%,"[0, 5, 10, 15, 20, 25, 30, 35, 40, 45, 50, 55, 60, 65, 70, 75, 80, 85, 90, 95, 100]","[8, 9, 8, 3, 3, 6, 5, 2, 1, 1, 2, 4, 1, 3, 1, 0, 1142, 17, 8, 389]","[0.0049597024178549285, 0.010539367637941723, 0.015499070055796652, 0.01735895846249225, 0.019218846869187848, 0.022938623682579044, 0.026038437693738377, 0.02727836329820211, 0.027898326100433975, 0.02851828890266584, 0.029758214507129573, 0.032238065716057036, 0.0328580285182889, 0.0347179169249845, 0.035337879727216366, 0.035337879727216366, 0.7433353998760074, 0.7538747675139492, 0.7588344699318041, 1.0]",4.0,2.0,2.0,2.0,2.0,14,1.0487699999999993,8.0,0.0,hrl_dqn_apf,hierarchical,dqn,-17.128,7.050,-1.502,0.00,0.00,0.00,-14.084,9.403,3.185,0.00,0.00,0.00,-14.108,9.730,-5.203,0.00,0.00,0.00,3.973,3.973,3.984
2026-02-04 20:50:11,276.14,37,391,428,8.64%,93.08,2.29%,"[0, 5, 10, 15, 20, 25, 30, 35, 40, 45, 50, 55, 60, 65, 70, 75, 80, 85, 90, 95, 100]","[8, 6, 9, 5, 3, 6, 3, 4, 2, 1, 1, 5, 1, 3, 1, 0, 1142, 17, 8, 388]","[0.0049597024178549285, 0.008679479231246125, 0.01425914445133292, 0.01735895846249225, 0.019218846869187848, 0.022938623682579044, 0.024798512089274645, 0.02727836329820211, 0.02851828890266584, 0.029138251704897707, 0.029758214507129573, 0.0328580285182889, 0.03347799132052077, 0.035337879727216366, 0.03595784252944823, 0.03595784252944823, 0.7439553626782393, 0.7544947303161811, 0.759454432734036, 1.0]",4.0,2.0,2.0,2.0,2.0,11,-16.7911,8.0,0.0,hrl_dqn_apf,hierarchical,dqn,-16.614,7.077,-1.267,0.00,0.00,0.00,-14.754,9.431,3.097,0.00,0.00,0.00,-13.437,9.757,-5.108,0.00,0.00,0.00,3.970,3.970,3.981
2026-02-04 20:50:12,277.14,39,385,424,9.20%,93.35,2.42%,"[0, 5, 10, 15, 20, 25, 30, 35, 40, 45, 50, 55, 60, 65, 70, 75, 80, 85, 90, 95, 100]","[12, 4, 9, 5, 3, 6, 3, 4, 1, 1, 1, 2, 3, 4, 1, 0, 1142, 9, 14, 389]","[0.007439553626782393, 0.009919404835709857, 0.015499070055796652, 0.018598884066955982, 0.02045877247365158, 0.02417854928704278, 0.026038437693738377, 0.02851828890266584, 0.029138251704897707, 0.029758214507129573, 0.03037817730936144, 0.03161810291382517, 0.03347799132052077, 0.03595784252944823, 0.0365778053316801, 0.0365778053316801, 0.7445753254804711, 0.750154990700558, 0.7588344699318041, 1.0]",4.0,2.0,2.0,2.0,2.0,22,-10.71128,8.0,12.0,hrl_dqn_apf,hierarchical,dqn,-15.176,7.074,-1.170,0.00,0.00,0.00,-15.184,9.481,1.979,0.00,0.00,0.00,-12.678,9.838,-4.313,0.00,0.00,0.00,3.967,3.967,3.978
2026-02-04 20:50:13,278.14,38,388,426,8.92%,93.52,2.36%,"[0, 5, 10, 15, 20, 25, 30, 35, 40, 45, 50, 55, 60, 65, 70, 75, 80, 85, 90, 95, 100]","[11, 5, 8, 6, 2, 6, 4, 4, 1, 0, 2, 1, 4, 3, 1, 1, 1136, 14, 15, 389]","[0.006819590824550527, 0.009919404835709857, 0.014879107253564786, 0.018598884066955982, 0.019838809671419714, 0.023558586484810913, 0.026038437693738377, 0.02851828890266584, 0.029138251704897707, 0.029138251704897707, 0.03037817730936144, 0.030998140111593304, 0.03347799132052077, 0.035337879727216366, 0.03595784252944823, 0.0365778053316801, 0.7408555486670799, 0.749535027898326, 0.7588344699318041, 1.0]",4.0,2.0,2.0,2.0,2.0,20,-22.631,8.0,12.0,hrl_dqn_apf,hierarchical,dqn,-14.666,6.965,-1.363,0.00,0.00,0.00,-15.167,9.809,1.666,0.00,0.00,0.00,-12.226,9.876,-3.991,0.00,0.00,0.00,3.964,3.964,3.975
2026-02-04 20:50:14,279.14,37,387,424,8.73%,93.66,2.29%,"[0, 5, 10, 15, 20, 25, 30, 35, 40, 45, 50, 55, 60, 65, 70, 75, 80, 85, 90, 95, 100]","[11, 2, 9, 7, 2, 6, 3, 5, 2, 1, 1, 2, 4, 2, 2, 1, 1136, 10, 15, 392]","[0.006819590824550527, 0.008059516429014259, 0.013639181649101054, 0.017978921264724116, 0.019218846869187848, 0.022938623682579044, 0.024798512089274645, 0.027898326100433975, 0.029138251704897707, 0.029758214507129573, 0.03037817730936144, 0.03161810291382517, 0.034097954122752634, 0.035337879727216366, 0.0365778053316801, 0.037197768133911964, 0.7414755114693118, 0.7476751394916304, 0.7569745815251085, 1.0]",4.0,2.0,2.0,2.0,2.0,19,1.44928,8.0,6.0,hrl_dqn_apf,hierarchical,dqn,-14.602,6.670,-1.922,0.00,0.00,0.00,-15.090,10.102,2.061,0.00,0.00,0.00,-11.991,10.116,-3.566,0.00,0.00,0.00,3.961,3.961,3.972
2026-02-04 20:50:15,280.15,35,383,418,8.37%,93.84,2.17%,"[0, 5, 10, 15, 20, 25, 30, 35, 40, 45, 50, 55, 60, 65, 70, 75, 80, 85, 90, 95, 100]","[9, 6, 6, 9, 2, 3, 6, 5, 1, 1, 1, 2, 4, 2, 2, 1, 1136, 8, 17, 392]","[0.005579665220086794, 0.009299442033477991, 0.013019218846869188, 0.018598884066955982, 0.019838809671419714, 0.02169869807811531, 0.02541847489150651, 0.02851828890266584, 0.029138251704897707, 0.029758214507129573, 0.03037817730936144, 0.03161810291382517, 0.034097954122752634, 0.035337879727216366, 0.0365778053316801, 0.037197768133911964, 0.7414755114693118, 0.7464352138871667, 0.7569745815251085, 1.0]",4.0,2.0,2.0,2.0,2.0,18,-4.47067,8.0,6.0,hrl_dqn_apf,hierarchical,dqn,-14.765,6.372,-2.540,0.00,0.00,0.00,-15.124,10.131,2.679,0.00,0.00,0.00,-11.586,10.433,-3.726,0.00,0.00,0.00,3.958,3.958,3.969
2026-02-04 20:50:16,281.15,32,392,424,7.55%,126.25,7.55%,"[0, 5, 10, 15, 20, 25, 30, 35, 40, 45, 50, 55, 60, 65, 70, 75, 80, 85, 90, 95, 100]","[6, 6, 4, 9, 4, 3, 7, 2, 4, 1, 1, 2, 4, 2, 3, 2, 12, 7, 9, 336]","[0.014150943396226415, 0.02830188679245283, 0.03773584905660377, 0.0589622641509434, 0.06839622641509434, 0.07547169811320754, 0.09198113207547169, 0.09669811320754718, 0.10613207547169812, 0.10849056603773585, 0.11084905660377359, 0.11556603773584906, 0.125, 0.12971698113207547, 0.13679245283018868, 0.14150943396226415, 0.16981132075471697, 0.18632075471698112, 0.20754716981132076, 1.0]",4.0,2.0,2.0,2.0,2.0,15,-22.39062,8.0,6.0,hrl_dqn_apf,hierarchical,dqn,-15.520,6.257,-2.867,0.00,0.00,0.00,-15.164,9.300,3.102,0.00,0.00,0.00,-10.661,10.243,-4.326,0.00,0.00,0.00,4.200,4.200,4.200
2026-02-04 20:50:17,282.15,0,354,354,0.00%,80.00,0.00%,"[0, 5, 10, 15, 20, 25, 30, 35, 40, 45, 50, 55, 60, 65, 70, 75, 80, 85, 90, 95, 100]","[0, 0, 0, 0, 0, 0, 0, 0, 0, 0, 0, 0, 0, 0, 0, 0, 1613, 0, 0, 0]","[0.0, 0.0, 0.0, 0.0, 0.0, 0.0, 0.0, 0.0, 0.0, 0.0, 0.0, 0.0, 0.0, 0.0, 0.0, 0.0, 1.0, 1.0, 1.0, 1.0]",4.0,2.0,2.0,2.0,2.0,15,-22.39062,8.0,6.0,hrl_dqn_apf,hierarchical,dqn,-15.616,6.233,-3.263,0.00,0.00,0.00,-15.166,9.220,3.129,0.00,0.00,0.00,-10.558,10.164,-4.395,0.00,0.00,0.00,4.200,4.200,4.200
2026-02-04 20:50:18,283.15,0,354,354,0.00%,80.00,0.00%,"[0, 5, 10, 15, 20, 25, 30, 35, 40, 45, 50, 55, 60, 65, 70, 75, 80, 85, 90, 95, 100]","[0, 0, 0, 0, 0, 0, 0, 0, 0, 0, 0, 0, 0, 0, 0, 0, 1613, 0, 0, 0]","[0.0, 0.0, 0.0, 0.0, 0.0, 0.0, 0.0, 0.0, 0.0, 0.0, 0.0, 0.0, 0.0, 0.0, 0.0, 0.0, 1.0, 1.0, 1.0, 1.0]",4.0,2.0,2.0,2.0,2.0,15,-22.39062,8.0,6.0,hrl_dqn_apf,hierarchical,dqn,-15.587,6.230,-3.197,0.00,0.00,0.00,-15.165,9.235,3.123,0.00,0.00,0.00,-10.584,10.177,-4.382,0.00,0.00,0.00,4.200,4.200,4.200
2026-02-04 20:50:19,284.16,0,354,354,0.00%,80.00,0.00%,"[0, 5, 10, 15, 20, 25, 30, 35, 40, 45, 50, 55, 60, 65, 70, 75, 80, 85, 90, 95, 100]","[0, 0, 0, 0, 0, 0, 0, 0, 0, 0, 0, 0, 0, 0, 0, 0, 1613, 0, 0, 0]","[0.0, 0.0, 0.0, 0.0, 0.0, 0.0, 0.0, 0.0, 0.0, 0.0, 0.0, 0.0, 0.0, 0.0, 0.0, 0.0, 1.0, 1.0, 1.0, 1.0]",4.0,2.0,2.0,2.0,2.0,15,-22.39062,8.0,6.0,hrl_dqn_apf,hierarchical,dqn,-15.502,6.252,-2.800,0.00,0.00,0.00,-15.163,9.253,3.099,0.00,0.00,0.00,-10.674,10.195,-4.322,0.00,0.00,0.00,4.200,4.200,4.200
2026-02-04 20:50:20,285.17,5,347,352,1.42%,79.93,0.31%,"[0, 5, 10, 15, 20, 25, 30, 35, 40, 45, 50, 55, 60, 65, 70, 75, 80, 85, 90, 95, 100]","[5, 0, 0, 0, 0, 0, 0, 0, 0, 0, 0, 0, 0, 0, 0, 0, 1608, 0, 0, 0]","[0.0030998140111593306, 0.0030998140111593306, 0.0030998140111593306, 0.0030998140111593306, 0.0030998140111593306, 0.0030998140111593306, 0.0030998140111593306, 0.0030998140111593306, 0.0030998140111593306, 0.0030998140111593306, 0.0030998140111593306, 0.0030998140111593306, 0.0030998140111593306, 0.0030998140111593306, 0.0030998140111593306, 0.0030998140111593306, 1.0, 1.0, 1.0, 1.0]",4.0,2.0,2.0,2.0,2.0,15,-22.39062,8.0,6.0,hrl_dqn_apf,hierarchical,dqn,-15.521,6.254,-2.827,0.00,0.00,0.00,-15.164,9.256,3.102,0.00,0.00,0.00,-10.661,10.198,-4.324,0.00,0.00,0.00,4.200,4.200,4.200
2026-02-04 20:50:21,286.17,5,347,352,1.42%,79.98,0.31%,"[0, 5, 10, 15, 20, 25, 30, 35, 40, 45, 50, 55, 60, 65, 70, 75, 80, 85, 90, 95, 100]","[5, 0, 0, 0, 0, 0, 4, 0, 0, 0, 0, 0, 0, 0, 0, 0, 1604, 0, 0, 0]","[0.0030998140111593306, 0.0030998140111593306, 0.0030998140111593306, 0.0030998140111593306, 0.0030998140111593306, 0.0030998140111593306, 0.005579665220086794, 0.005579665220086794, 0.005579665220086794, 0.005579665220086794, 0.005579665220086794, 0.005579665220086794, 0.005579665220086794, 0.005579665220086794, 0.005579665220086794, 0.005579665220086794, 1.0, 1.0, 1.0, 1.0]",4.0,2.0,2.0,2.0,2.0,15,-22.39062,8.0,6.0,hrl_dqn_apf,hierarchical,dqn,-10.005,0.086,-0.760,0.00,0.00,0.00,-14.300,0.090,-0.590,0.00,0.00,0.00,-20.110,0.090,-0.590,0.00,0.00,0.00,4.200,4.200,4.200
2026-02-04 20:50:22,287.18,9,344,353,2.55%,80.30,2.55%,"[0, 5, 10, 15, 20, 25, 30, 35, 40, 45, 50, 55, 60, 65, 70, 75, 80, 85, 90, 95, 100]","[9, 0, 0, 0, 0, 0, 0, 0, 0, 0, 0, 0, 0, 0, 0, 0, 344, 0, 0, 0]","[0.025495750708215296, 0.025495750708215296, 0.025495750708215296, 0.025495750708215296, 0.025495750708215296, 0.025495750708215296, 0.025495750708215296, 0.025495750708215296, 0.025495750708215296, 0.025495750708215296, 0.025495750708215296, 0.025495750708215296, 0.025495750708215296, 0.025495750708215296, 0.025495750708215296, 0.025495750708215296, 1.0, 1.0, 1.0, 1.0]",4.0,2.0,2.0,2.0,2.0,15,-22.39062,8.0,6.0,hrl_dqn_apf,hierarchical,dqn,-10.002,0.046,-0.759,0.00,0.00,0.00,-14.300,0.029,-0.590,0.00,0.00,0.00,-20.110,0.029,-0.590,0.00,0.00,0.00,4.200,4.200,4.200
2026-02-04 20:50:23,288.18,9,344,353,2.55%,81.89,2.55%,"[0, 5, 10, 15, 20, 25, 30, 35, 40, 45, 50, 55, 60, 65, 70, 75, 80, 85, 90, 95, 100]","[9, 0, 0, 0, 0, 0, 0, 0, 0, 0, 0, 0, 0, 0, 0, 0, 344, 0, 0, 0]","[0.025495750708215296, 0.025495750708215296, 0.025495750708215296, 0.025495750708215296, 0.025495750708215296, 0.025495750708215296, 0.025495750708215296, 0.025495750708215296, 0.025495750708215296, 0.025495750708215296, 0.025495750708215296, 0.025495750708215296, 0.025495750708215296, 0.025495750708215296, 0.025495750708215296, 0.025495750708215296, 1.0, 1.0, 1.0, 1.0]",4.0,2.0,2.0,2.0,2.0,15,-22.39062,8.0,6.0,hrl_dqn_apf,hierarchical,dqn,-10.002,0.721,-0.759,0.00,0.00,0.00,-14.300,0.029,-0.590,0.00,0.00,0.00,-20.110,0.029,-0.590,0.00,0.00,0.00,4.200,4.200,4.200
2026-02-04 20:50:24,289.18,9,346,355,2.54%,82.67,2.54%,"[0, 5, 10, 15, 20, 25, 30, 35, 40, 45, 50, 55, 60, 65, 70, 75, 80, 85, 90, 95, 100]","[9, 0, 0, 0, 0, 0, 0, 0, 0, 0, 0, 0, 0, 0, 0, 0, 346, 0, 0, 0]","[0.02535211267605634, 0.02535211267605634, 0.02535211267605634, 0.02535211267605634, 0.02535211267605634, 0.02535211267605634, 0.02535211267605634, 0.02535211267605634, 0.02535211267605634, 0.02535211267605634, 0.02535211267605634, 0.02535211267605634, 0.02535211267605634, 0.02535211267605634, 0.02535211267605634, 0.02535211267605634, 1.0, 1.0, 1.0, 1.0]",4.0,2.0,2.0,2.0,2.0,15,-22.39062,8.0,6.0,hrl_dqn_apf,hierarchical,dqn,-10.002,1.107,-0.759,0.00,0.00,0.00,-14.300,0.029,-0.590,0.00,0.00,0.00,-20.110,0.029,-0.590,0.00,0.00,0.00,4.200,4.200,4.200
2026-02-04 20:50:25,290.18,9,348,357,2.52%,83.45,2.52%,"[0, 5, 10, 15, 20, 25, 30, 35, 40, 45, 50, 55, 60, 65, 70, 75, 80, 85, 90, 95, 100]","[9, 0, 0, 0, 0, 0, 0, 0, 0, 0, 0, 0, 0, 0, 0, 0, 5, 343, 0, 0]","[0.025210084033613446, 0.025210084033613446, 0.025210084033613446, 0.025210084033613446, 0.025210084033613446, 0.025210084033613446, 0.025210084033613446, 0.025210084033613446, 0.025210084033613446, 0.025210084033613446, 0.025210084033613446, 0.025210084033613446, 0.025210084033613446, 0.025210084033613446, 0.025210084033613446, 0.025210084033613446, 0.0392156862745098, 1.0, 1.0, 1.0]",4.0,2.0,2.0,2.0,2.0,15,-22.39062,8.0,6.0,hrl_dqn_apf,hierarchical,dqn,-10.002,1.499,-0.759,0.00,0.00,0.00,-14.300,0.029,-0.590,0.00,0.00,0.00,-20.110,0.029,-0.590,0.00,0.00,0.00,4.200,4.200,4.200
2026-02-04 20:50:26,291.18,9,348,357,2.52%,84.24,2.52%,"[0, 5, 10, 15, 20, 25, 30, 35, 40, 45, 50, 55, 60, 65, 70, 75, 80, 85, 90, 95, 100]","[4, 5, 0, 0, 0, 0, 0, 0, 0, 0, 0, 0, 0, 0, 0, 0, 5, 343, 0, 0]","[0.011204481792717087, 0.025210084033613446, 0.025210084033613446, 0.025210084033613446, 0.025210084033613446, 0.025210084033613446, 0.025210084033613446, 0.025210084033613446, 0.025210084033613446, 0.025210084033613446, 0.025210084033613446, 0.025210084033613446, 0.025210084033613446, 0.025210084033613446, 0.025210084033613446, 0.025210084033613446, 0.0392156862745098, 1.0, 1.0, 1.0]",4.0,2.0,2.0,2.0,2.0,15,-22.39062,8.0,6.0,hrl_dqn_apf,hierarchical,dqn,-10.002,1.545,-0.759,0.00,0.00,0.00,-14.300,0.029,-0.590,0.00,0.00,0.00,-20.110,0.029,-0.590,0.00,0.00,0.00,4.200,4.200,4.200
2026-02-04 20:50:27,292.18,9,356,365,2.47%,85.71,2.47%,"[0, 5, 10, 15, 20, 25, 30, 35, 40, 45, 50, 55, 60, 65, 70, 75, 80, 85, 90, 95, 100]","[4, 5, 0, 0, 0, 0, 0, 0, 0, 0, 0, 0, 0, 0, 0, 0, 12, 344, 0, 0]","[0.010958904109589041, 0.024657534246575342, 0.024657534246575342, 0.024657534246575342, 0.024657534246575342, 0.024657534246575342, 0.024657534246575342, 0.024657534246575342, 0.024657534246575342, 0.024657534246575342, 0.024657534246575342, 0.024657534246575342, 0.024657534246575342, 0.024657534246575342, 0.024657534246575342, 0.024657534246575342, 0.057534246575342465, 1.0, 1.0, 1.0]",4.0,2.0,2.0,2.0,2.0,15,-22.39062,8.0,6.0,hrl_dqn_apf,hierarchical,dqn,-10.002,1.558,-0.759,0.00,0.00,0.00,-14.300,0.048,-0.590,0.00,0.00,0.00,-20.110,0.029,-0.590,0.00,0.00,0.00,4.200,4.200,4.200
2026-02-04 20:50:28,293.19,9,354,363,2.48%,86.50,2.47%,"[0, 5, 10, 15, 20, 25, 30, 35, 40, 45, 50, 55, 60, 65, 70, 75, 80, 85, 90, 95, 100]","[4, 5, 0, 0, 0, 0, 0, 0, 0, 0, 0, 0, 0, 0, 0, 0, 12, 344, 0, 0]","[0.010958904109589041, 0.024657534246575342, 0.024657534246575342, 0.024657534246575342, 0.024657534246575342, 0.024657534246575342, 0.024657534246575342, 0.024657534246575342, 0.024657534246575342, 0.024657534246575342, 0.024657534246575342, 0.024657534246575342, 0.024657534246575342, 0.024657534246575342, 0.024657534246575342, 0.024657534246575342, 0.057534246575342465, 1.0, 1.0, 1.0]",4.0,2.0,2.0,2.0,2.0,15,-22.39062,8.0,6.0,hrl_dqn_apf,hierarchical,dqn,-10.002,1.567,-0.759,0.00,0.00,0.00,-14.300,0.391,-0.590,0.00,0.00,0.00,-20.110,0.029,-0.590,0.00,0.00,0.00,4.200,4.200,4.200
2026-02-04 20:50:29,294.19,9,356,365,2.47%,87.25,2.45%,"[0, 5, 10, 15, 20, 25, 30, 35, 40, 45, 50, 55, 60, 65, 70, 75, 80, 85, 90, 95, 100]","[4, 5, 0, 0, 0, 0, 0, 0, 0, 0, 0, 0, 0, 0, 0, 0, 12, 346, 0, 0]","[0.010899182561307902, 0.02452316076294278, 0.02452316076294278, 0.02452316076294278, 0.02452316076294278, 0.02452316076294278, 0.02452316076294278, 0.02452316076294278, 0.02452316076294278, 0.02452316076294278, 0.02452316076294278, 0.02452316076294278, 0.02452316076294278, 0.02452316076294278, 0.02452316076294278, 0.02452316076294278, 0.05722070844686648, 1.0, 1.0, 1.0]",4.0,2.0,2.0,2.0,2.0,15,-22.39062,8.0,6.0,hrl_dqn_apf,hierarchical,dqn,-10.002,1.572,-0.759,0.00,0.00,0.00,-14.300,0.766,-0.590,0.00,0.00,0.00,-20.110,0.029,-0.590,0.00,0.00,0.00,4.200,4.200,4.200
2026-02-04 20:50:30,295.19,9,360,369,2.44%,87.96,2.43%,"[0, 5, 10, 15, 20, 25, 30, 35, 40, 45, 50, 55, 60, 65, 70, 75, 80, 85, 90, 95, 100]","[4, 5, 0, 0, 0, 0, 0, 0, 0, 0, 0, 0, 0, 0, 0, 0, 14, 7, 341, 0]","[0.01078167115902965, 0.02425876010781671, 0.02425876010781671, 0.02425876010781671, 0.02425876010781671, 0.02425876010781671, 0.02425876010781671, 0.02425876010781671, 0.02425876010781671, 0.02425876010781671, 0.02425876010781671, 0.02425876010781671, 0.02425876010781671, 0.02425876010781671, 0.02425876010781671, 0.02425876010781671, 0.06199460916442048, 0.08086253369272237, 1.0, 1.0]",4.0,2.0,2.0,2.0,2.0,15,-22.39062,8.0,6.0,hrl_dqn_apf,hierarchical,dqn,-10.002,1.574,-0.759,0.00,0.00,0.00,-14.300,1.155,-0.590,0.00,0.00,0.00,-20.110,0.029,-0.590,0.00,0.00,0.00,4.200,4.200,4.200
2026-02-04 20:50:31,296.19,9,360,369,2.44%,89.53,2.43%,"[0, 5, 10, 15, 20, 25, 30, 35, 40, 45, 50, 55, 60, 65, 70, 75, 80, 85, 90, 95, 100]","[4, 0, 5, 0, 0, 0, 0, 0, 0, 0, 0, 0, 0, 0, 0, 0, 10, 11, 341, 0]","[0.01078167115902965, 0.01078167115902965, 0.02425876010781671, 0.02425876010781671, 0.02425876010781671, 0.02425876010781671, 0.02425876010781671, 0.02425876010781671, 0.02425876010781671, 0.02425876010781671, 0.02425876010781671, 0.02425876010781671, 0.02425876010781671, 0.02425876010781671, 0.02425876010781671, 0.02425876010781671, 0.05121293800539083, 0.08086253369272237, 1.0, 1.0]",4.0,2.0,2.0,2.0,2.0,15,-22.39062,8.0,6.0,hrl_dqn_apf,hierarchical,dqn,-10.002,1.576,-0.759,0.00,0.00,0.00,-14.300,1.525,-0.590,0.00,0.00,0.00,-20.110,0.029,-0.590,0.00,0.00,0.00,4.200,4.200,4.200
2026-02-04 20:50:32,297.19,9,360,369,2.44%,90.32,2.43%,"[0, 5, 10, 15, 20, 25, 30, 35, 40, 45, 50, 55, 60, 65, 70, 75, 80, 85, 90, 95, 100]","[4, 0, 5, 0, 0, 0, 0, 0, 0, 0, 0, 0, 0, 0, 0, 0, 8, 12, 342, 0]","[0.01078167115902965, 0.01078167115902965, 0.02425876010781671, 0.02425876010781671, 0.02425876010781671, 0.02425876010781671, 0.02425876010781671, 0.02425876010781671, 0.02425876010781671, 0.02425876010781671, 0.02425876010781671, 0.02425876010781671, 0.02425876010781671, 0.02425876010781671, 0.02425876010781671, 0.02425876010781671, 0.04582210242587601, 0.07816711590296496, 1.0, 1.0]",4.0,2.0,2.0,2.0,2.0,15,-22.39062,8.0,6.0,hrl_dqn_apf,hierarchical,dqn,-10.002,1.576,-0.759,0.00,0.00,0.00,-14.300,1.531,-0.590,0.00,0.00,0.00,-20.110,0.029,-0.590,0.00,0.00,0.00,4.200,4.200,4.200
2026-02-04 20:50:33,298.19,9,362,371,2.43%,91.05,2.41%,"[0, 5, 10, 15, 20, 25, 30, 35, 40, 45, 50, 55, 60, 65, 70, 75, 80, 85, 90, 95, 100]","[4, 0, 5, 0, 0, 0, 0, 0, 0, 0, 0, 0, 0, 0, 0, 0, 8, 14, 342, 0]","[0.010723860589812333, 0.010723860589812333, 0.024128686327077747, 0.024128686327077747, 0.024128686327077747, 0.024128686327077747, 0.024128686327077747, 0.024128686327077747, 0.024128686327077747, 0.024128686327077747, 0.024128686327077747, 0.024128686327077747, 0.024128686327077747, 0.024128686327077747, 0.024128686327077747, 0.024128686327077747, 0.045576407506702415, 0.08310991957104558, 1.0, 1.0]",4.0,2.0,2.0,2.0,2.0,15,-22.39062,8.0,6.0,hrl_dqn_apf,hierarchical,dqn,-10.002,1.576,-0.759,0.00,0.00,0.00,-14.300,1.544,-0.590,0.00,0.00,0.00,-20.110,0.106,-0.590,0.00,0.00,0.00,4.200,4.200,4.200
2026-02-04 20:50:34,299.19,9,364,373,2.41%,91.72,2.39%,"[0, 5, 10, 15, 20, 25, 30, 35, 40, 45, 50, 55, 60, 65, 70, 75, 80, 85, 90, 95, 100]","[4, 0, 5, 0, 0, 0, 0, 0, 0, 0, 0, 0, 0, 0, 0, 0, 10, 14, 344, 0]","[0.010610079575596816, 0.010610079575596816, 0.023872679045092837, 0.023872679045092837, 0.023872679045092837, 0.023872679045092837, 0.023872679045092837, 0.023872679045092837, 0.023872679045092837, 0.023872679045092837, 0.023872679045092837, 0.023872679045092837, 0.023872679045092837, 0.023872679045092837, 0.023872679045092837, 0.023872679045092837, 0.050397877984084884, 0.08753315649867374, 1.0, 1.0]",4.0,2.0,2.0,2.0,2.0,15,-22.39062,8.0,6.0,hrl_dqn_apf,hierarchical,dqn,-10.002,1.576,-0.759,0.00,0.00,0.00,-14.300,1.552,-0.590,0.00,0.00,0.00,-20.110,0.461,-0.590,0.00,0.00,0.00,4.200,4.200,4.200
2026-02-04 20:50:36,300.59,9,364,373,2.41%,92.51,2.39%,"[0, 5, 10, 15, 20, 25, 30, 35, 40, 45, 50, 55, 60, 65, 70, 75, 80, 85, 90, 95, 100]","[4, 0, 5, 0, 0, 0, 0, 0, 0, 0, 0, 0, 0, 0, 0, 0, 6, 16, 7, 339]","[0.010610079575596816, 0.010610079575596816, 0.023872679045092837, 0.023872679045092837, 0.023872679045092837, 0.023872679045092837, 0.023872679045092837, 0.023872679045092837, 0.023872679045092837, 0.023872679045092837, 0.023872679045092837, 0.023872679045092837, 0.023872679045092837, 0.023872679045092837, 0.023872679045092837, 0.023872679045092837, 0.03978779840848806, 0.08222811671087533, 0.10079575596816977, 1.0]",4.0,2.0,2.0,2.0,2.0,15,-22.39062,8.0,6.0,hrl_dqn_apf,hierarchical,dqn,-10.002,1.576,-0.759,0.00,0.00,0.00,-14.300,1.556,-0.590,0.00,0.00,0.00,-20.110,0.841,-0.590,0.00,0.00,0.00,4.200,4.200,4.200
2026-02-04 20:50:37,301.60,9,365,374,2.41%,94.04,2.38%,"[0, 5, 10, 15, 20, 25, 30, 35, 40, 45, 50, 55, 60, 65, 70, 75, 80, 85, 90, 95, 100]","[4, 0, 0, 5, 0, 0, 0, 0, 0, 0, 0, 0, 0, 0, 0, 0, 7, 16, 7, 339]","[0.010582010582010581, 0.010582010582010581, 0.010582010582010581, 0.023809523809523808, 0.023809523809523808, 0.023809523809523808, 0.023809523809523808, 0.023809523809523808, 0.023809523809523808, 0.023809523809523808, 0.023809523809523808, 0.023809523809523808, 0.023809523809523808, 0.023809523809523808, 0.023809523809523808, 0.023809523809523808, 0.042328042328042326, 0.08465608465608465, 0.10317460317460317, 1.0]",4.0,2.0,2.0,2.0,2.0,15,-22.39062,8.0,6.0,hrl_dqn_apf,hierarchical,dqn,-10.002,1.577,-0.759,0.00,0.00,0.00,-14.300,1.559,-0.590,0.00,0.00,0.00,-20.110,1.563,-0.590,0.00,0.00,0.00,4.200,4.200,4.200
2026-02-04 20:50:38,302.60,9,367,376,2.39%,95.53,2.37%,"[0, 5, 10, 15, 20, 25, 30, 35, 40, 45, 50, 55, 60, 65, 70, 75, 80, 85, 90, 95, 100]","[4, 0, 0, 5, 0, 0, 0, 0, 0, 0, 0, 0, 0, 0, 0, 0, 7, 10, 14, 340]","[0.010526315789473684, 0.010526315789473684, 0.010526315789473684, 0.02368421052631579, 0.02368421052631579, 0.02368421052631579, 0.02368421052631579, 0.02368421052631579, 0.02368421052631579, 0.02368421052631579, 0.02368421052631579, 0.02368421052631579, 0.02368421052631579, 0.02368421052631579, 0.02368421052631579, 0.02368421052631579, 0.042105263157894736, 0.06842105263157895, 0.10526315789473684, 1.0]",4.0,2.0,2.0,2.0,2.0,15,-22.39062,8.0,6.0,hrl_dqn_apf,hierarchical,dqn,-10.002,1.577,-0.759,0.00,0.00,0.00,-14.300,1.560,-0.590,0.00,0.00,0.00,-20.110,1.533,-0.590,0.00,0.00,0.00,4.200,4.200,4.200
2026-02-04 20:50:39,303.60,9,369,378,2.38%,96.23,2.36%,"[0, 5, 10, 15, 20, 25, 30, 35, 40, 45, 50, 55, 60, 65, 70, 75, 80, 85, 90, 95, 100]","[4, 0, 0, 5, 0, 0, 0, 0, 0, 0, 0, 0, 0, 0, 0, 0, 5, 14, 14, 340]","[0.010471204188481676, 0.010471204188481676, 0.010471204188481676, 0.02356020942408377, 0.02356020942408377, 0.02356020942408377, 0.02356020942408377, 0.02356020942408377, 0.02356020942408377, 0.02356020942408377, 0.02356020942408377, 0.02356020942408377, 0.02356020942408377, 0.02356020942408377, 0.02356020942408377, 0.02356020942408377, 0.03664921465968586, 0.07329842931937172, 0.1099476439790576, 1.0]",4.0,2.0,2.0,2.0,2.0,15,-22.39062,8.0,6.0,hrl_dqn_apf,hierarchical,dqn,-10.002,1.577,-0.759,0.00,0.00,0.00,-14.300,1.560,-0.590,0.00,0.00,0.00,-20.110,1.545,-0.590,0.00,0.00,0.00,4.200,4.200,4.200
2026-02-04 20:50:40,304.60,0,354,354,0.00%,80.00,0.00%,"[0, 5, 10, 15, 20, 25, 30, 35, 40, 45, 50, 55, 60, 65, 70, 75, 80, 85, 90, 95, 100]","[0, 0, 0, 0, 0, 0, 0, 0, 0, 0, 0, 0, 0, 0, 0, 0, 1613, 0, 0, 0]","[0.0, 0.0, 0.0, 0.0, 0.0, 0.0, 0.0, 0.0, 0.0, 0.0, 0.0, 0.0, 0.0, 0.0, 0.0, 0.0, 1.0, 1.0, 1.0, 1.0]",4.0,2.0,2.0,2.0,2.0,15,-22.39062,8.0,6.0,hrl_dqn_apf,hierarchical,dqn,-10.002,1.577,-0.759,0.00,0.00,0.00,-14.300,1.560,-0.590,0.00,0.00,0.00,-20.110,1.553,-0.590,0.00,0.00,0.00,4.200,4.200,4.200
2026-02-04 20:50:41,305.60,0,354,354,0.00%,80.00,0.00%,"[0, 5, 10, 15, 20, 25, 30, 35, 40, 45, 50, 55, 60, 65, 70, 75, 80, 85, 90, 95, 100]","[0, 0, 0, 0, 0, 0, 0, 0, 0, 0, 0, 0, 0, 0, 0, 0, 1613, 0, 0, 0]","[0.0, 0.0, 0.0, 0.0, 0.0, 0.0, 0.0, 0.0, 0.0, 0.0, 0.0, 0.0, 0.0, 0.0, 0.0, 0.0, 1.0, 1.0, 1.0, 1.0]",4.0,2.0,2.0,2.0,2.0,15,-22.39062,8.0,6.0,hrl_dqn_apf,hierarchical,dqn,-10.002,1.577,-0.759,0.00,0.00,0.00,-14.300,1.560,-0.590,0.00,0.00,0.00,-20.110,1.556,-0.590,0.00,0.00,0.00,4.200,4.200,4.200
2026-02-04 20:50:42,306.60,0,354,354,0.00%,80.00,0.00%,"[0, 5, 10, 15, 20, 25, 30, 35, 40, 45, 50, 55, 60, 65, 70, 75, 80, 85, 90, 95, 100]","[0, 0, 0, 0, 0, 0, 0, 0, 0, 0, 0, 0, 0, 0, 0, 0, 1613, 0, 0, 0]","[0.0, 0.0, 0.0, 0.0, 0.0, 0.0, 0.0, 0.0, 0.0, 0.0, 0.0, 0.0, 0.0, 0.0, 0.0, 0.0, 1.0, 1.0, 1.0, 1.0]",4.0,2.0,2.0,2.0,2.0,15,-22.39062,8.0,6.0,hrl_dqn_apf,hierarchical,dqn,-10.002,1.577,-0.759,0.00,0.00,0.00,-14.300,1.560,-0.590,0.00,0.00,0.00,-20.110,1.559,-0.590,0.00,0.00,0.00,4.200,4.200,4.200
2026-02-04 20:50:43,307.61,4,348,352,1.14%,79.98,0.25%,"[0, 5, 10, 15, 20, 25, 30, 35, 40, 45, 50, 55, 60, 65, 70, 75, 80, 85, 90, 95, 100]","[4, 0, 0, 0, 0, 0, 0, 0, 0, 0, 0, 0, 0, 0, 0, 0, 1609, 0, 0, 0]","[0.0024798512089274642, 0.0024798512089274642, 0.0024798512089274642, 0.0024798512089274642, 0.0024798512089274642, 0.0024798512089274642, 0.0024798512089274642, 0.0024798512089274642, 0.0024798512089274642, 0.0024798512089274642, 0.0024798512089274642, 0.0024798512089274642, 0.0024798512089274642, 0.0024798512089274642, 0.0024798512089274642, 0.0024798512089274642, 1.0, 1.0, 1.0, 1.0]",4.0,2.0,2.0,2.0,2.0,15,-22.39062,8.0,6.0,hrl_dqn_apf,hierarchical,dqn,-10.002,1.577,-0.759,0.00,0.00,0.00,-14.300,1.560,-0.590,0.00,0.00,0.00,-20.110,1.559,-0.590,0.00,0.00,0.00,4.200,4.200,4.200
2026-02-04 20:50:44,308.61,4,348,352,1.14%,80.66,1.14%,"[0, 5, 10, 15, 20, 25, 30, 35, 40, 45, 50, 55, 60, 65, 70, 75, 80, 85, 90, 95, 100]","[4, 0, 0, 0, 0, 0, 0, 0, 0, 0, 0, 0, 0, 0, 0, 0, 348, 0, 0, 0]","[0.011363636363636364, 0.011363636363636364, 0.011363636363636364, 0.011363636363636364, 0.011363636363636364, 0.011363636363636364, 0.011363636363636364, 0.011363636363636364, 0.011363636363636364, 0.011363636363636364, 0.011363636363636364, 0.011363636363636364, 0.011363636363636364, 0.011363636363636364, 0.011363636363636364, 0.011363636363636364, 1.0, 1.0, 1.0, 1.0]",4.0,2.0,2.0,2.0,2.0,15,-22.39062,8.0,6.0,hrl_dqn_apf,hierarchical,dqn,-10.002,1.577,-0.759,0.00,0.00,0.00,-14.300,1.560,-0.590,0.00,0.00,0.00,-20.110,1.560,-0.590,0.00,0.00,0.00,4.200,4.200,4.200
2026-02-04 20:50:45,309.61,0,354,354,0.00%,80.00,0.00%,"[0, 5, 10, 15, 20, 25, 30, 35, 40, 45, 50, 55, 60, 65, 70, 75, 80, 85, 90, 95, 100]","[0, 0, 0, 0, 0, 0, 0, 0, 0, 0, 0, 0, 0, 0, 0, 0, 1613, 0, 0, 0]","[0.0, 0.0, 0.0, 0.0, 0.0, 0.0, 0.0, 0.0, 0.0, 0.0, 0.0, 0.0, 0.0, 0.0, 0.0, 0.0, 1.0, 1.0, 1.0, 1.0]",4.0,2.0,2.0,2.0,2.0,15,-22.39062,8.0,6.0,hrl_dqn_apf,hierarchical,dqn,-10.002,1.577,-0.759,0.00,0.00,0.00,-14.300,1.560,-0.590,0.00,0.00,0.00,-20.110,1.560,-0.590,0.00,0.00,0.00,4.200,4.200,4.200
2026-02-04 20:50:46,310.61,0,354,354,0.00%,80.00,0.00%,"[0, 5, 10, 15, 20, 25, 30, 35, 40, 45, 50, 55, 60, 65, 70, 75, 80, 85, 90, 95, 100]","[0, 0, 0, 0, 0, 0, 0, 0, 0, 0, 0, 0, 0, 0, 0, 0, 1613, 0, 0, 0]","[0.0, 0.0, 0.0, 0.0, 0.0, 0.0, 0.0, 0.0, 0.0, 0.0, 0.0, 0.0, 0.0, 0.0, 0.0, 0.0, 1.0, 1.0, 1.0, 1.0]",4.0,2.0,2.0,2.0,2.0,15,-22.39062,8.0,6.0,hrl_dqn_apf,hierarchical,dqn,-10.002,1.577,-0.759,0.00,0.00,0.00,-14.300,1.560,-0.590,0.00,0.00,0.00,-20.110,1.560,-0.590,0.00,0.00,0.00,4.200,4.200,4.200
2026-02-04 20:50:47,311.61,0,354,354,0.00%,80.00,0.00%,"[0, 5, 10, 15, 20, 25, 30, 35, 40, 45, 50, 55, 60, 65, 70, 75, 80, 85, 90, 95, 100]","[0, 0, 0, 0, 0, 0, 0, 0, 0, 0, 0, 0, 0, 0, 0, 0, 1613, 0, 0, 0]","[0.0, 0.0, 0.0, 0.0, 0.0, 0.0, 0.0, 0.0, 0.0, 0.0, 0.0, 0.0, 0.0, 0.0, 0.0, 0.0, 1.0, 1.0, 1.0, 1.0]",4.0,2.0,2.0,2.0,2.0,15,-22.39062,8.0,6.0,hrl_dqn_apf,hierarchical,dqn,-10.002,1.577,-0.759,0.00,0.00,0.00,-14.300,1.560,-0.590,0.00,0.00,0.00,-20.110,1.560,-0.590,0.00,0.00,0.00,4.200,4.200,4.200
2026-02-04 20:50:49,313.62,4,348,352,1.14%,80.66,1.14%,"[0, 5, 10, 15, 20, 25, 30, 35, 40, 45, 50, 55, 60, 65, 70, 75, 80, 85, 90, 95, 100]","[4, 0, 0, 0, 0, 0, 0, 0, 0, 0, 0, 0, 0, 0, 0, 0, 348, 0, 0, 0]","[0.011363636363636364, 0.011363636363636364, 0.011363636363636364, 0.011363636363636364, 0.011363636363636364, 0.011363636363636364, 0.011363636363636364, 0.011363636363636364, 0.011363636363636364, 0.011363636363636364, 0.011363636363636364, 0.011363636363636364, 0.011363636363636364, 0.011363636363636364, 0.011363636363636364, 0.011363636363636364, 1.0, 1.0, 1.0, 1.0]",4.0,2.0,2.0,2.0,2.0,15,-22.39062,8.0,6.0,hrl_dqn_apf,hierarchical,dqn,-10.002,1.577,-0.759,0.00,0.00,0.00,-14.300,1.560,-0.590,0.00,0.00,0.00,-20.110,1.560,-0.590,0.00,0.00,0.00,4.200,4.200,4.200
2026-02-04 20:50:50,314.62,0,354,354,0.00%,80.00,0.00%,"[0, 5, 10, 15, 20, 25, 30, 35, 40, 45, 50, 55, 60, 65, 70, 75, 80, 85, 90, 95, 100]","[0, 0, 0, 0, 0, 0, 0, 0, 0, 0, 0, 0, 0, 0, 0, 0, 1613, 0, 0, 0]","[0.0, 0.0, 0.0, 0.0, 0.0, 0.0, 0.0, 0.0, 0.0, 0.0, 0.0, 0.0, 0.0, 0.0, 0.0, 0.0, 1.0, 1.0, 1.0, 1.0]",4.0,2.0,2.0,2.0,2.0,15,-22.39062,8.0,6.0,hrl_dqn_apf,hierarchical,dqn,-10.002,1.577,-0.759,0.00,0.00,0.00,-14.300,1.560,-0.590,0.00,0.00,0.00,-20.110,1.560,-0.590,0.00,0.00,0.00,4.200,4.200,4.200
2026-02-04 20:50:51,315.62,0,354,354,0.00%,80.00,0.00%,"[0, 5, 10, 15, 20, 25, 30, 35, 40, 45, 50, 55, 60, 65, 70, 75, 80, 85, 90, 95, 100]","[0, 0, 0, 0, 0, 0, 0, 0, 0, 0, 0, 0, 0, 0, 0, 0, 1613, 0, 0, 0]","[0.0, 0.0, 0.0, 0.0, 0.0, 0.0, 0.0, 0.0, 0.0, 0.0, 0.0, 0.0, 0.0, 0.0, 0.0, 0.0, 1.0, 1.0, 1.0, 1.0]",4.0,2.0,2.0,2.0,2.0,15,-22.39062,8.0,6.0,hrl_dqn_apf,hierarchical,dqn,-10.002,1.577,-0.759,0.00,0.00,0.00,-14.300,1.560,-0.590,0.00,0.00,0.00,-20.110,1.560,-0.590,0.00,0.00,0.00,4.200,4.200,4.200
2026-02-04 20:50:52,316.62,4,348,352,1.14%,79.98,0.25%,"[0, 5, 10, 15, 20, 25, 30, 35, 40, 45, 50, 55, 60, 65, 70, 75, 80, 85, 90, 95, 100]","[4, 0, 0, 0, 0, 0, 0, 0, 0, 0, 0, 0, 0, 0, 0, 0, 1609, 0, 0, 0]","[0.0024798512089274642, 0.0024798512089274642, 0.0024798512089274642, 0.0024798512089274642, 0.0024798512089274642, 0.0024798512089274642, 0.0024798512089274642, 0.0024798512089274642, 0.0024798512089274642, 0.0024798512089274642, 0.0024798512089274642, 0.0024798512089274642, 0.0024798512089274642, 0.0024798512089274642, 0.0024798512089274642, 0.0024798512089274642, 1.0, 1.0, 1.0, 1.0]",4.0,2.0,2.0,2.0,2.0,15,-22.39062,8.0,6.0,hrl_dqn_apf,hierarchical,dqn,-10.002,1.577,-0.759,0.00,0.00,0.00,-14.300,1.560,-0.590,0.00,0.00,0.00,-20.110,1.560,-0.590,0.00,0.00,0.00,4.200,4.200,4.200
2026-02-04 20:50:54,318.63,0,354,354,0.00%,80.00,0.00%,"[0, 5, 10, 15, 20, 25, 30, 35, 40, 45, 50, 55, 60, 65, 70, 75, 80, 85, 90, 95, 100]","[0, 0, 0, 0, 0, 0, 0, 0, 0, 0, 0, 0, 0, 0, 0, 0, 1613, 0, 0, 0]","[0.0, 0.0, 0.0, 0.0, 0.0, 0.0, 0.0, 0.0, 0.0, 0.0, 0.0, 0.0, 0.0, 0.0, 0.0, 0.0, 1.0, 1.0, 1.0, 1.0]",4.0,2.0,2.0,2.0,2.0,15,-22.39062,8.0,6.0,hrl_dqn_apf,hierarchical,dqn,-10.002,1.577,-0.759,0.00,0.00,0.00,-14.300,1.560,-0.590,0.00,0.00,0.00,-20.110,1.560,-0.590,0.00,0.00,0.00,4.200,4.200,4.200
2026-02-04 20:50:55,319.63,0,354,354,0.00%,80.00,0.00%,"[0, 5, 10, 15, 20, 25, 30, 35, 40, 45, 50, 55, 60, 65, 70, 75, 80, 85, 90, 95, 100]","[0, 0, 0, 0, 0, 0, 0, 0, 0, 0, 0, 0, 0, 0, 0, 0, 1613, 0, 0, 0]","[0.0, 0.0, 0.0, 0.0, 0.0, 0.0, 0.0, 0.0, 0.0, 0.0, 0.0, 0.0, 0.0, 0.0, 0.0, 0.0, 1.0, 1.0, 1.0, 1.0]",4.0,2.0,2.0,2.0,2.0,15,-22.39062,8.0,6.0,hrl_dqn_apf,hierarchical,dqn,-10.002,1.577,-0.759,0.00,0.00,0.00,-14.300,1.560,-0.590,0.00,0.00,0.00,-20.110,1.560,-0.590,0.00,0.00,0.00,4.200,4.200,4.200
2026-02-04 20:50:56,320.63,0,354,354,0.00%,80.00,0.00%,"[0, 5, 10, 15, 20, 25, 30, 35, 40, 45, 50, 55, 60, 65, 70, 75, 80, 85, 90, 95, 100]","[0, 0, 0, 0, 0, 0, 0, 0, 0, 0, 0, 0, 0, 0, 0, 0, 1613, 0, 0, 0]","[0.0, 0.0, 0.0, 0.0, 0.0, 0.0, 0.0, 0.0, 0.0, 0.0, 0.0, 0.0, 0.0, 0.0, 0.0, 0.0, 1.0, 1.0, 1.0, 1.0]",4.0,2.0,2.0,2.0,2.0,15,-22.39062,8.0,6.0,hrl_dqn_apf,hierarchical,dqn,-10.002,1.577,-0.759,0.00,0.00,0.00,-14.300,1.560,-0.590,0.00,0.00,0.00,-20.110,1.560,-0.590,0.00,0.00,0.00,4.200,4.200,4.200
2026-02-04 20:50:57,321.64,4,348,352,1.14%,79.98,0.25%,"[0, 5, 10, 15, 20, 25, 30, 35, 40, 45, 50, 55, 60, 65, 70, 75, 80, 85, 90, 95, 100]","[4, 0, 0, 0, 0, 0, 0, 0, 0, 0, 0, 0, 0, 0, 0, 0, 1609, 0, 0, 0]","[0.0024798512089274642, 0.0024798512089274642, 0.0024798512089274642, 0.0024798512089274642, 0.0024798512089274642, 0.0024798512089274642, 0.0024798512089274642, 0.0024798512089274642, 0.0024798512089274642, 0.0024798512089274642, 0.0024798512089274642, 0.0024798512089274642, 0.0024798512089274642, 0.0024798512089274642, 0.0024798512089274642, 0.0024798512089274642, 1.0, 1.0, 1.0, 1.0]",4.0,2.0,2.0,2.0,2.0,15,-22.39062,8.0,6.0,hrl_dqn_apf,hierarchical,dqn,-10.002,1.577,-0.759,0.00,0.00,0.00,-14.300,1.560,-0.590,0.00,0.00,0.00,-20.110,1.560,-0.590,0.00,0.00,0.00,4.186,4.186,4.197
2026-02-04 20:50:58,322.64,5,348,353,1.42%,80.29,0.31%,"[0, 5, 10, 15, 20, 25, 30, 35, 40, 45, 50, 55, 60, 65, 70, 75, 80, 85, 90, 95, 100]","[4, 0, 0, 0, 0, 1, 0, 0, 0, 0, 0, 0, 0, 0, 0, 0, 1608, 0, 0, 0]","[0.0024798512089274642, 0.0024798512089274642, 0.0024798512089274642, 0.0024798512089274642, 0.0024798512089274642, 0.0030998140111593306, 0.0030998140111593306, 0.0030998140111593306, 0.0030998140111593306, 0.0030998140111593306, 0.0030998140111593306, 0.0030998140111593306, 0.0030998140111593306, 0.0030998140111593306, 0.0030998140111593306, 0.0030998140111593306, 1.0, 1.0, 1.0, 1.0]",4.0,2.0,2.0,2.0,2.0,20,-29.84021,8.0,12.0,hrl_dqn_apf,hierarchical,dqn,-9.686,1.544,-0.771,0.00,0.00,0.00,-14.615,1.524,-0.578,0.00,0.00,0.00,-20.110,1.526,-0.906,0.00,0.00,0.00,4.183,4.183,4.194
2026-02-04 20:50:59,323.65,7,346,353,1.98%,80.35,0.43%,"[0, 5, 10, 15, 20, 25, 30, 35, 40, 45, 50, 55, 60, 65, 70, 75, 80, 85, 90, 95, 100]","[5, 1, 1, 0, 0, 0, 0, 0, 0, 0, 0, 0, 0, 0, 0, 0, 1606, 0, 0, 0]","[0.0030998140111593306, 0.0037197768133911966, 0.0043397396156230625, 0.0043397396156230625, 0.0043397396156230625, 0.0043397396156230625, 0.0043397396156230625, 0.0043397396156230625, 0.0043397396156230625, 0.0043397396156230625, 0.0043397396156230625, 0.0043397396156230625, 0.0043397396156230625, 0.0043397396156230625, 0.0043397396156230625, 0.0043397396156230625, 1.0, 1.0, 1.0, 1.0]",4.0,2.0,2.0,2.0,2.0,9,-5.759920000000001,8.0,-6.0,hrl_dqn_apf,hierarchical,dqn,-9.061,1.524,-0.796,0.00,0.00,0.00,-15.241,1.501,-0.552,0.00,0.00,0.00,-20.110,1.880,-1.340,0.00,0.00,0.00,4.180,4.180,4.191
2026-02-04 20:51:00,324.66,8,345,353,2.27%,80.48,0.50%,"[0, 5, 10, 15, 20, 25, 30, 35, 40, 45, 50, 55, 60, 65, 70, 75, 80, 85, 90, 95, 100]","[6, 1, 0, 0, 0, 1, 0, 0, 0, 0, 0, 0, 0, 0, 0, 0, 1605, 0, 0, 0]","[0.0037197768133911966, 0.0043397396156230625, 0.0043397396156230625, 0.0043397396156230625, 0.0043397396156230625, 0.0049597024178549285, 0.0049597024178549285, 0.0049597024178549285, 0.0049597024178549285, 0.0049597024178549285, 0.0049597024178549285, 0.0049597024178549285, 0.0049597024178549285, 0.0049597024178549285, 0.0049597024178549285, 0.0049597024178549285, 1.0, 1.0, 1.0, 1.0]",4.0,2.0,2.0,2.0,2.0,6,-23.67992,8.0,-6.0,hrl_dqn_apf,hierarchical,dqn,-8.453,1.782,-0.821,0.00,0.00,0.00,-15.848,1.757,-0.528,0.00,0.00,0.00,-20.110,2.270,-1.495,0.00,0.00,0.00,4.177,4.177,4.188
2026-02-04 20:51:01,325.66,8,347,355,2.25%,80.58,0.50%,"[0, 5, 10, 15, 20, 25, 30, 35, 40, 45, 50, 55, 60, 65, 70, 75, 80, 85, 90, 95, 100]","[7, 1, 0, 0, 0, 0, 1, 0, 0, 1, 0, 0, 0, 0, 0, 0, 1603, 0, 0, 0]","[0.0043397396156230625, 0.0049597024178549285, 0.0049597024178549285, 0.0049597024178549285, 0.0049597024178549285, 0.0049597024178549285, 0.005579665220086794, 0.005579665220086794, 0.005579665220086794, 0.006199628022318661, 0.006199628022318661, 0.006199628022318661, 0.006199628022318661, 0.006199628022318661, 0.006199628022318661, 0.006199628022318661, 1.0, 1.0, 1.0, 1.0]",4.0,2.0,2.0,2.0,2.0,1,-23.59966,8.0,-12.0,hrl_dqn_apf,hierarchical,dqn,-8.197,2.203,-0.832,0.00,0.00,0.00,-16.079,2.034,-0.510,0.00,0.00,0.00,-20.141,2.543,-1.554,0.00,0.00,0.00,4.174,4.174,4.185
2026-02-04 20:51:02,326.66,11,346,357,3.08%,80.81,0.68%,"[0, 5, 10, 15, 20, 25, 30, 35, 40, 45, 50, 55, 60, 65, 70, 75, 80, 85, 90, 95, 100]","[9, 2, 0, 0, 0, 0, 0, 0, 0, 1, 0, 0, 0, 0, 0, 0, 1261, 340, 0, 0]","[0.005579665220086794, 0.006819590824550527, 0.006819590824550527, 0.006819590824550527, 0.006819590824550527, 0.006819590824550527, 0.006819590824550527, 0.006819590824550527, 0.006819590824550527, 0.007439553626782393, 0.007439553626782393, 0.007439553626782393, 0.007439553626782393, 0.007439553626782393, 0.007439553626782393, 0.007439553626782393, 0.7892126472411656, 1.0, 1.0, 1.0]",4.0,2.0,2.0,2.0,2.0,9,-5.519690000000001,8.0,-6.0,hrl_dqn_apf,hierarchical,dqn,-8.092,3.011,-0.836,0.00,0.00,0.00,-15.131,1.968,-0.252,0.00,0.00,0.00,-21.204,2.650,-1.830,0.00,0.00,0.00,4.171,4.171,4.182
2026-02-04 20:51:03,327.67,12,349,361,3.32%,80.93,0.74%,"[0, 5, 10, 15, 20, 25, 30, 35, 40, 45, 50, 55, 60, 65, 70, 75, 80, 85, 90, 95, 100]","[10, 2, 0, 0, 0, 0, 0, 0, 0, 0, 1, 0, 0, 0, 0, 0, 1261, 339, 0, 0]","[0.006199628022318661, 0.007439553626782393, 0.007439553626782393, 0.007439553626782393, 0.007439553626782393, 0.007439553626782393, 0.007439553626782393, 0.007439553626782393, 0.007439553626782393, 0.007439553626782393, 0.008059516429014259, 0.008059516429014259, 0.008059516429014259, 0.008059516429014259, 0.008059516429014259, 0.008059516429014259, 0.7898326100433974, 1.0, 1.0, 1.0]",4.0,2.0,2.0,2.0,2.0,20,-29.35927,8.0,12.0,hrl_dqn_apf,hierarchical,dqn,-8.085,3.407,-0.836,0.00,0.00,0.00,-14.628,2.358,-0.119,0.00,0.00,0.00,-21.716,3.051,-1.964,0.00,0.00,0.00,4.168,4.168,4.179
2026-02-04 20:51:04,328.67,13,352,365,3.56%,81.08,0.81%,"[0, 5, 10, 15, 20, 25, 30, 35, 40, 45, 50, 55, 60, 65, 70, 75, 80, 85, 90, 95, 100]","[9, 3, 1, 0, 0, 0, 0, 0, 0, 0, 0, 0, 0, 0, 0, 0, 1260, 340, 0, 0]","[0.005579665220086794, 0.007439553626782393, 0.008059516429014259, 0.008059516429014259, 0.008059516429014259, 0.008059516429014259, 0.008059516429014259, 0.008059516429014259, 0.008059516429014259, 0.008059516429014259, 0.008059516429014259, 0.008059516429014259, 0.008059516429014259, 0.008059516429014259, 0.008059516429014259, 0.008059516429014259, 0.7892126472411656, 1.0, 1.0, 1.0]",4.0,2.0,2.0,2.0,2.0,5,-29.27885,8.0,-6.0,hrl_dqn_apf,hierarchical,dqn,-8.082,3.805,-0.837,0.00,0.00,0.00,-14.454,2.775,-0.073,0.00,0.00,0.00,-21.893,3.464,-2.012,0.00,0.00,0.00,4.165,4.165,4.176
2026-02-04 20:51:05,329.68,13,350,363,3.58%,81.26,0.81%,"[0, 5, 10, 15, 20, 25, 30, 35, 40, 45, 50, 55, 60, 65, 70, 75, 80, 85, 90, 95, 100]","[9, 3, 1, 0, 0, 0, 0, 0, 0, 0, 0, 0, 0, 0, 0, 0, 1260, 340, 0, 0]","[0.005579665220086794, 0.007439553626782393, 0.008059516429014259, 0.008059516429014259, 0.008059516429014259, 0.008059516429014259, 0.008059516429014259, 0.008059516429014259, 0.008059516429014259, 0.008059516429014259, 0.008059516429014259, 0.008059516429014259, 0.008059516429014259, 0.008059516429014259, 0.008059516429014259, 0.008059516429014259, 0.7892126472411656, 1.0, 1.0, 1.0]",4.0,2.0,2.0,2.0,2.0,7,-17.19899,8.0,-6.0,hrl_dqn_apf,hierarchical,dqn,-8.082,4.202,-0.837,0.00,0.00,0.00,-14.400,3.177,-0.058,0.00,0.00,0.00,-21.948,3.865,-2.027,0.00,0.00,0.00,4.162,4.162,4.173
2026-02-04 20:51:06,330.69,13,356,369,3.52%,81.62,0.81%,"[0, 5, 10, 15, 20, 25, 30, 35, 40, 45, 50, 55, 60, 65, 70, 75, 80, 85, 90, 95, 100]","[8, 3, 2, 0, 0, 0, 0, 0, 0, 0, 0, 0, 0, 0, 0, 0, 1256, 7, 337, 0]","[0.0049597024178549285, 0.006819590824550527, 0.008059516429014259, 0.008059516429014259, 0.008059516429014259, 0.008059516429014259, 0.008059516429014259, 0.008059516429014259, 0.008059516429014259, 0.008059516429014259, 0.008059516429014259, 0.008059516429014259, 0.008059516429014259, 0.008059516429014259, 0.008059516429014259, 0.008059516429014259, 0.7867327960322381, 0.7910725356478612, 1.0, 1.0]",4.0,2.0,2.0,2.0,2.0,20,-29.11882,8.0,12.0,hrl_dqn_apf,hierarchical,dqn,-8.081,4.995,-0.837,0.00,0.00,0.00,-14.378,3.973,-0.052,0.00,0.00,0.00,-21.970,4.659,-2.033,0.00,0.00,0.00,4.159,4.159,4.170
2026-02-04 20:51:07,331.69,13,356,369,3.52%,81.80,0.81%,"[0, 5, 10, 15, 20, 25, 30, 35, 40, 45, 50, 55, 60, 65, 70, 75, 80, 85, 90, 95, 100]","[6, 5, 2, 0, 0, 0, 0, 0, 0, 0, 0, 0, 0, 0, 0, 0, 1256, 7, 337, 0]","[0.0037197768133911966, 0.006819590824550527, 0.008059516429014259, 0.008059516429014259, 0.008059516429014259, 0.008059516429014259, 0.008059516429014259, 0.008059516429014259, 0.008059516429014259, 0.008059516429014259, 0.008059516429014259, 0.008059516429014259, 0.008059516429014259, 0.008059516429014259, 0.008059516429014259, 0.008059516429014259, 0.7867327960322381, 0.7910725356478612, 1.0, 1.0]",4.0,2.0,2.0,2.0,2.0,18,-10.95844,8.0,6.0,hrl_dqn_apf,hierarchical,dqn,-8.081,5.390,-0.837,0.00,0.00,0.00,-14.376,4.369,-0.052,0.00,0.00,0.00,-21.972,5.055,-2.033,0.00,0.00,0.00,4.156,4.156,4.167
2026-02-04 20:51:08,332.69,13,356,369,3.52%,81.98,0.81%,"[0, 5, 10, 15, 20, 25, 30, 35, 40, 45, 50, 55, 60, 65, 70, 75, 80, 85, 90, 95, 100]","[5, 6, 2, 0, 0, 0, 0, 0, 0, 0, 0, 0, 0, 0, 0, 0, 1252, 11, 337, 0]","[0.0030998140111593306, 0.006819590824550527, 0.008059516429014259, 0.008059516429014259, 0.008059516429014259, 0.008059516429014259, 0.008059516429014259, 0.008059516429014259, 0.008059516429014259, 0.008059516429014259, 0.008059516429014259, 0.008059516429014259, 0.008059516429014259, 0.008059516429014259, 0.008059516429014259, 0.008059516429014259, 0.7842529448233106, 0.7910725356478612, 1.0, 1.0]",4.0,2.0,2.0,2.0,2.0,17,-16.87858,8.0,6.0,hrl_dqn_apf,hierarchical,dqn,-8.081,5.787,-0.837,0.00,0.00,0.00,-14.376,4.766,-0.051,0.00,0.00,0.00,-21.973,5.452,-2.033,0.00,0.00,0.00,4.153,4.153,4.164
2026-02-04 20:51:09,333.69,13,356,369,3.52%,82.17,0.81%,"[0, 5, 10, 15, 20, 25, 30, 35, 40, 45, 50, 55, 60, 65, 70, 75, 80, 85, 90, 95, 100]","[4, 6, 3, 0, 0, 0, 0, 0, 0, 0, 0, 0, 0, 0, 0, 0, 1250, 12, 338, 0]","[0.0024798512089274642, 0.006199628022318661, 0.008059516429014259, 0.008059516429014259, 0.008059516429014259, 0.008059516429014259, 0.008059516429014259, 0.008059516429014259, 0.008059516429014259, 0.008059516429014259, 0.008059516429014259, 0.008059516429014259, 0.008059516429014259, 0.008059516429014259, 0.008059516429014259, 0.008059516429014259, 0.7830130192188469, 0.7904525728456293, 1.0, 1.0]",4.0,2.0,2.0,2.0,2.0,22,-16.79835,8.0,12.0,hrl_dqn_apf,hierarchical,dqn,-8.081,6.183,-0.837,0.00,0.00,0.00,-14.376,5.162,-0.051,0.00,0.00,0.00,-21.973,5.848,-2.033,0.00,0.00,0.00,4.150,4.150,4.161
2026-02-04 20:51:10,334.69,13,360,373,3.49%,82.53,0.81%,"[0, 5, 10, 15, 20, 25, 30, 35, 40, 45, 50, 55, 60, 65, 70, 75, 80, 85, 90, 95, 100]","[4, 5, 2, 2, 0, 0, 0, 0, 0, 0, 0, 0, 0, 0, 0, 0, 1246, 14, 340, 0]","[0.0024798512089274642, 0.005579665220086794, 0.006819590824550527, 0.008059516429014259, 0.008059516429014259, 0.008059516429014259, 0.008059516429014259, 0.008059516429014259, 0.008059516429014259, 0.008059516429014259, 0.008059516429014259, 0.008059516429014259, 0.008059516429014259, 0.008059516429014259, 0.008059516429014259, 0.008059516429014259, 0.7805331680099195, 0.7892126472411656, 1.0, 1.0]",4.0,2.0,2.0,2.0,2.0,14,-4.637930000000001,8.0,0.0,hrl_dqn_apf,hierarchical,dqn,-8.393,6.550,-0.837,0.00,0.00,0.00,-14.376,5.956,-0.051,0.00,0.00,0.00,-21.973,6.642,-2.033,0.00,0.00,0.00,4.147,4.147,4.158
2026-02-04 20:51:11,335.70,13,360,373,3.49%,82.71,0.81%,"[0, 5, 10, 15, 20, 25, 30, 35, 40, 45, 50, 55, 60, 65, 70, 75, 80, 85, 90, 95, 100]","[4, 5, 2, 2, 0, 0, 0, 0, 0, 0, 0, 0, 0, 0, 0, 0, 1242, 16, 7, 335]","[0.0024798512089274642, 0.005579665220086794, 0.006819590824550527, 0.008059516429014259, 0.008059516429014259, 0.008059516429014259, 0.008059516429014259, 0.008059516429014259, 0.008059516429014259, 0.008059516429014259, 0.008059516429014259, 0.008059516429014259, 0.008059516429014259, 0.008059516429014259, 0.008059516429014259, 0.008059516429014259, 0.778053316800992, 0.7879727216367018, 0.7923124612523249, 1.0]",4.0,2.0,2.0,2.0,2.0,20,-28.55804,8.0,12.0,hrl_dqn_apf,hierarchical,dqn,-8.612,6.643,-0.837,0.00,0.00,0.00,-14.376,6.352,-0.051,0.00,0.00,0.00,-21.973,6.708,-1.842,0.00,0.00,0.00,4.144,4.144,4.155
2026-02-04 20:51:12,336.70,13,360,373,3.49%,82.89,0.81%,"[0, 5, 10, 15, 20, 25, 30, 35, 40, 45, 50, 55, 60, 65, 70, 75, 80, 85, 90, 95, 100]","[5, 2, 4, 2, 0, 0, 0, 0, 0, 0, 0, 0, 0, 0, 0, 0, 1242, 16, 7, 335]","[0.0030998140111593306, 0.0043397396156230625, 0.006819590824550527, 0.008059516429014259, 0.008059516429014259, 0.008059516429014259, 0.008059516429014259, 0.008059516429014259, 0.008059516429014259, 0.008059516429014259, 0.008059516429014259, 0.008059516429014259, 0.008059516429014259, 0.008059516429014259, 0.008059516429014259, 0.008059516429014259, 0.778053316800992, 0.7879727216367018, 0.7923124612523249, 1.0]",4.0,2.0,2.0,2.0,2.0,21,-22.47788,8.0,12.0,hrl_dqn_apf,hierarchical,dqn,-8.396,6.708,-0.837,0.00,0.00,0.00,-14.279,6.513,-0.051,0.00,0.00,0.00,-21.973,6.708,-1.271,0.00,0.00,0.00,4.141,4.141,4.152
2026-02-04 20:51:13,337.70,13,361,374,3.48%,83.06,0.81%,"[0, 5, 10, 15, 20, 25, 30, 35, 40, 45, 50, 55, 60, 65, 70, 75, 80, 85, 90, 95, 100]","[5, 1, 5, 2, 0, 0, 0, 0, 0, 0, 0, 0, 0, 0, 1, 0, 1242, 16, 7, 334]","[0.0030998140111593306, 0.0037197768133911966, 0.006819590824550527, 0.008059516429014259, 0.008059516429014259, 0.008059516429014259, 0.008059516429014259, 0.008059516429014259, 0.008059516429014259, 0.008059516429014259, 0.008059516429014259, 0.008059516429014259, 0.008059516429014259, 0.008059516429014259, 0.008679479231246125, 0.008679479231246125, 0.7786732796032239, 0.7885926844389337, 0.7929324240545568, 1.0]",4.0,2.0,2.0,2.0,2.0,7,-16.39753,8.0,-6.0,hrl_dqn_apf,hierarchical,dqn,-8.749,6.749,-0.837,0.00,0.00,0.00,-13.809,6.536,-0.014,0.00,0.00,0.00,-21.973,6.702,-0.561,0.00,0.00,0.00,4.138,4.138,4.149
2026-02-04 20:51:14,338.71,15,361,376,3.99%,83.30,0.93%,"[0, 5, 10, 15, 20, 25, 30, 35, 40, 45, 50, 55, 60, 65, 70, 75, 80, 85, 90, 95, 100]","[7, 0, 4, 2, 1, 1, 0, 0, 0, 0, 0, 1, 0, 0, 0, 0, 1240, 10, 14, 333]","[0.0043397396156230625, 0.0043397396156230625, 0.006819590824550527, 0.008059516429014259, 0.008679479231246125, 0.009299442033477991, 0.009299442033477991, 0.009299442033477991, 0.009299442033477991, 0.009299442033477991, 0.009299442033477991, 0.009919404835709857, 0.009919404835709857, 0.009919404835709857, 0.009919404835709857, 0.009919404835709857, 0.7786732796032239, 0.7848729076255425, 0.7935523868567886, 1.0]",4.0,2.0,2.0,2.0,2.0,0,-28.23771,8.0,-12.0,hrl_dqn_apf,hierarchical,dqn,-10.123,6.747,-0.837,0.00,0.00,0.00,-13.772,6.653,0.759,0.00,0.00,0.00,-21.973,6.694,0.945,0.00,0.00,0.00,4.135,4.135,4.146
2026-02-04 20:51:15,339.71,16,362,378,4.23%,83.41,0.99%,"[0, 5, 10, 15, 20, 25, 30, 35, 40, 45, 50, 55, 60, 65, 70, 75, 80, 85, 90, 95, 100]","[8, 0, 4, 2, 2, 0, 1, 0, 0, 0, 0, 0, 0, 0, 0, 0, 1236, 14, 12, 334]","[0.0049597024178549285, 0.0049597024178549285, 0.007439553626782393, 0.008679479231246125, 0.009919404835709857, 0.009919404835709857, 0.010539367637941723, 0.010539367637941723, 0.010539367637941723, 0.010539367637941723, 0.010539367637941723, 0.010539367637941723, 0.010539367637941723, 0.010539367637941723, 0.010539367637941723, 0.010539367637941723, 0.7768133911965283, 0.7854928704277744, 0.7929324240545568, 1.0]",4.0,2.0,2.0,2.0,2.0,20,-28.15766,8.0,12.0,hrl_dqn_apf,hierarchical,dqn,-10.479,6.900,-0.899,0.00,0.00,0.00,-14.380,6.641,0.937,0.00,0.00,0.00,-21.973,6.838,1.300,0.00,0.00,0.00,4.132,4.132,4.143
2026-02-04 20:51:16,340.72,17,361,378,4.50%,83.57,1.05%,"[0, 5, 10, 15, 20, 25, 30, 35, 40, 45, 50, 55, 60, 65, 70, 75, 80, 85, 90, 95, 100]","[8, 1, 4, 2, 2, 0, 0, 0, 0, 0, 0, 0, 0, 0, 0, 0, 1236, 10, 14, 336]","[0.0049597024178549285, 0.005579665220086794, 0.008059516429014259, 0.009299442033477991, 0.010539367637941723, 0.010539367637941723, 0.010539367637941723, 0.010539367637941723, 0.010539367637941723, 0.010539367637941723, 0.010539367637941723, 0.010539367637941723, 0.010539367637941723, 0.010539367637941723, 0.010539367637941723, 0.010539367637941723, 0.7768133911965283, 0.7830130192188469, 0.791692498450093, 1.0]",4.0,2.0,2.0,2.0,2.0,23,-10.077380000000002,8.0,12.0,hrl_dqn_apf,hierarchical,dqn,-10.111,6.955,-1.083,0.00,0.00,0.00,-15.071,6.617,1.156,0.00,0.00,0.00,-21.864,6.890,1.011,0.00,0.00,0.00,4.129,4.129,4.140
2026-02-04 20:51:17,341.72,18,362,380,4.74%,83.71,1.12%,"[0, 5, 10, 15, 20, 25, 30, 35, 40, 45, 50, 55, 60, 65, 70, 75, 80, 85, 90, 95, 100]","[7, 2, 2, 3, 3, 1, 0, 0, 0, 0, 0, 0, 0, 0, 0, 0, 1236, 8, 16, 335]","[0.0043397396156230625, 0.005579665220086794, 0.006819590824550527, 0.008679479231246125, 0.010539367637941723, 0.011159330440173589, 0.011159330440173589, 0.011159330440173589, 0.011159330440173589, 0.011159330440173589, 0.011159330440173589, 0.011159330440173589, 0.011159330440173589, 0.011159330440173589, 0.011159330440173589, 0.011159330440173589, 0.7774333539987601, 0.782393056416615, 0.7923124612523249, 1.0]",4.0,2.0,2.0,2.0,2.0,14,-3.9173600000000004,8.0,0.0,hrl_dqn_apf,hierarchical,dqn,-9.545,7.010,-1.306,0.00,0.00,0.00,-15.728,6.646,1.388,0.00,0.00,0.00,-21.351,6.909,0.861,0.00,0.00,0.00,4.126,4.126,4.137
2026-02-04 20:51:18,342.72,19,365,384,4.95%,83.99,1.18%,"[0, 5, 10, 15, 20, 25, 30, 35, 40, 45, 50, 55, 60, 65, 70, 75, 80, 85, 90, 95, 100]","[9, 4, 1, 4, 1, 0, 0, 0, 0, 0, 0, 0, 0, 0, 0, 0, 1235, 9, 10, 340]","[0.005579665220086794, 0.008059516429014259, 0.008679479231246125, 0.011159330440173589, 0.011779293242405457, 0.011779293242405457, 0.011779293242405457, 0.011779293242405457, 0.011779293242405457, 0.011779293242405457, 0.011779293242405457, 0.011779293242405457, 0.011779293242405457, 0.011779293242405457, 0.011779293242405457, 0.011779293242405457, 0.7774333539987601, 0.7830130192188469, 0.7892126472411656, 1.0]",4.0,2.0,2.0,2.0,2.0,13,-9.83712,8.0,0.0,hrl_dqn_apf,hierarchical,dqn,-9.167,7.082,-0.383,0.00,0.00,0.00,-16.139,6.726,0.468,0.00,0.00,0.00,-19.913,6.905,0.798,0.00,0.00,0.00,4.123,4.123,4.134
2026-02-04 20:51:19,343.73,19,363,382,4.97%,84.15,1.18%,"[0, 5, 10, 15, 20, 25, 30, 35, 40, 45, 50, 55, 60, 65, 70, 75, 80, 85, 90, 95, 100]","[11, 3, 0, 3, 2, 0, 0, 0, 0, 0, 0, 0, 0, 0, 0, 0, 1233, 11, 9, 341]","[0.006819590824550527, 0.008679479231246125, 0.008679479231246125, 0.010539367637941723, 0.011779293242405457, 0.011779293242405457, 0.011779293242405457, 0.011779293242405457, 0.011779293242405457, 0.011779293242405457, 0.011779293242405457, 0.011779293242405457, 0.011779293242405457, 0.011779293242405457, 0.011779293242405457, 0.011779293242405457, 0.7761934283942964, 0.7830130192188469, 0.7885926844389337, 1.0]",4.0,2.0,2.0,2.0,2.0,4,-3.7567299999999992,8.0,-12.0,hrl_dqn_apf,hierarchical,dqn,-9.138,7.080,0.340,0.00,0.00,0.00,-15.969,6.784,-0.046,0.00,0.00,0.00,-19.563,7.061,0.781,0.00,0.00,0.00,4.120,4.120,4.131
2026-02-04 20:51:20,344.73,19,367,386,4.92%,84.29,1.18%,"[0, 5, 10, 15, 20, 25, 30, 35, 40, 45, 50, 55, 60, 65, 70, 75, 80, 85, 90, 95, 100]","[9, 5, 0, 3, 2, 0, 1, 0, 0, 0, 0, 0, 0, 0, 0, 1, 1231, 7, 14, 340]","[0.005579665220086794, 0.008679479231246125, 0.008679479231246125, 0.010539367637941723, 0.011779293242405457, 0.011779293242405457, 0.012399256044637322, 0.012399256044637322, 0.012399256044637322, 0.012399256044637322, 0.012399256044637322, 0.012399256044637322, 0.012399256044637322, 0.012399256044637322, 0.012399256044637322, 0.013019218846869188, 0.7761934283942964, 0.7805331680099195, 0.7892126472411656, 1.0]",4.0,2.0,2.0,2.0,2.0,1,-21.67673,8.0,-12.0,hrl_dqn_apf,hierarchical,dqn,-9.130,7.181,0.879,0.00,0.00,0.00,-15.429,6.774,-0.219,0.00,0.00,0.00,-19.925,7.123,0.771,0.00,0.00,0.00,4.117,4.117,4.128
2026-02-04 20:51:21,345.73,20,368,388,5.15%,84.46,1.24%,"[0, 5, 10, 15, 20, 25, 30, 35, 40, 45, 50, 55, 60, 65, 70, 75, 80, 85, 90, 95, 100]","[10, 4, 1, 3, 2, 0, 0, 0, 0, 0, 0, 0, 0, 0, 0, 0, 1232, 7, 10, 344]","[0.006199628022318661, 0.008679479231246125, 0.009299442033477991, 0.011159330440173589, 0.012399256044637322, 0.012399256044637322, 0.012399256044637322, 0.012399256044637322, 0.012399256044637322, 0.012399256044637322, 0.012399256044637322, 0.012399256044637322, 0.012399256044637322, 0.012399256044637322, 0.012399256044637322, 0.012399256044637322, 0.7761934283942964, 0.7805331680099195, 0.7867327960322381, 1.0]",4.0,2.0,2.0,2.0,2.0,15,-27.59653,8.0,6.0,hrl_dqn_apf,hierarchical,dqn,-9.127,7.253,0.650,0.00,0.00,0.00,-14.735,6.741,-0.378,0.00,0.00,0.00,-20.565,7.156,0.868,0.00,0.00,0.00,4.114,4.114,4.125
2026-02-04 20:51:22,346.74,20,368,388,5.15%,84.79,1.24%,"[0, 5, 10, 15, 20, 25, 30, 35, 40, 45, 50, 55, 60, 65, 70, 75, 80, 85, 90, 95, 100]","[10, 4, 2, 1, 2, 1, 0, 0, 0, 0, 0, 1, 0, 0, 0, 0, 1226, 12, 9, 345]","[0.006199628022318661, 0.008679479231246125, 0.009919404835709857, 0.010539367637941723, 0.011779293242405457, 0.012399256044637322, 0.012399256044637322, 0.012399256044637322, 0.012399256044637322, 0.012399256044637322, 0.012399256044637322, 0.013019218846869188, 0.013019218846869188, 0.013019218846869188, 0.013019218846869188, 0.013019218846869188, 0.7730936143831371, 0.7805331680099195, 0.7861128332300062, 1.0]",4.0,2.0,2.0,2.0,2.0,15,-27.5165,8.0,6.0,hrl_dqn_apf,hierarchical,dqn,-9.442,7.326,-0.364,0.00,0.00,0.00,-13.260,6.712,-0.647,0.00,0.00,0.00,-21.711,7.273,0.795,0.00,0.00,0.00,4.111,4.111,4.122
2026-02-04 20:51:23,347.74,21,367,388,5.41%,84.91,1.30%,"[0, 5, 10, 15, 20, 25, 30, 35, 40, 45, 50, 55, 60, 65, 70, 75, 80, 85, 90, 95, 100]","[13, 1, 3, 0, 3, 1, 0, 0, 0, 0, 0, 0, 1, 0, 0, 0, 1224, 14, 9, 344]","[0.008059516429014259, 0.008679479231246125, 0.010539367637941723, 0.010539367637941723, 0.012399256044637322, 0.013019218846869188, 0.013019218846869188, 0.013019218846869188, 0.013019218846869188, 0.013019218846869188, 0.013019218846869188, 0.013019218846869188, 0.013639181649101054, 0.013639181649101054, 0.013639181649101054, 0.013639181649101054, 0.7724736515809052, 0.7811531308121513, 0.7867327960322381, 1.0]",4.0,2.0,2.0,2.0,2.0,24,-3.3565000000000005,8.0,12.0,hrl_dqn_apf,hierarchical,dqn,-10.068,7.334,-0.500,0.00,0.00,0.00,-12.501,6.709,-0.681,0.00,0.00,0.00,-22.049,7.302,0.391,0.00,0.00,0.00,4.108,4.108,4.119
2026-02-04 20:51:25,349.74,0,354,354,0.00%,80.00,0.00%,"[0, 5, 10, 15, 20, 25, 30, 35, 40, 45, 50, 55, 60, 65, 70, 75, 80, 85, 90, 95, 100]","[0, 0, 0, 0, 0, 0, 0, 0, 0, 0, 0, 0, 0, 0, 0, 0, 1613, 0, 0, 0]","[0.0, 0.0, 0.0, 0.0, 0.0, 0.0, 0.0, 0.0, 0.0, 0.0, 0.0, 0.0, 0.0, 0.0, 0.0, 0.0, 1.0, 1.0, 1.0, 1.0]",4.0,2.0,2.0,2.0,2.0,14,-3.27613,8.0,0.0,hrl_dqn_apf,hierarchical,dqn,-10.204,7.584,-0.495,0.00,0.00,0.00,-12.312,6.714,-0.754,0.00,0.00,0.00,-22.832,7.370,0.971,0.00,0.00,0.00,4.200,4.200,4.200
2026-02-04 20:51:26,350.74,0,354,354,0.00%,80.00,0.00%,"[0, 5, 10, 15, 20, 25, 30, 35, 40, 45, 50, 55, 60, 65, 70, 75, 80, 85, 90, 95, 100]","[0, 0, 0, 0, 0, 0, 0, 0, 0, 0, 0, 0, 0, 0, 0, 0, 1613, 0, 0, 0]","[0.0, 0.0, 0.0, 0.0, 0.0, 0.0, 0.0, 0.0, 0.0, 0.0, 0.0, 0.0, 0.0, 0.0, 0.0, 0.0, 1.0, 1.0, 1.0, 1.0]",4.0,2.0,2.0,2.0,2.0,14,-3.27613,8.0,0.0,hrl_dqn_apf,hierarchical,dqn,-10.362,7.592,-0.509,0.00,0.00,0.00,-12.155,6.723,-0.734,0.00,0.00,0.00,-22.771,7.372,0.756,0.00,0.00,0.00,4.200,4.200,4.200
2026-02-04 20:51:27,351.75,0,354,354,0.00%,80.00,0.00%,"[0, 5, 10, 15, 20, 25, 30, 35, 40, 45, 50, 55, 60, 65, 70, 75, 80, 85, 90, 95, 100]","[0, 0, 0, 0, 0, 0, 0, 0, 0, 0, 0, 0, 0, 0, 0, 0, 1613, 0, 0, 0]","[0.0, 0.0, 0.0, 0.0, 0.0, 0.0, 0.0, 0.0, 0.0, 0.0, 0.0, 0.0, 0.0, 0.0, 0.0, 0.0, 1.0, 1.0, 1.0, 1.0]",4.0,2.0,2.0,2.0,2.0,14,-3.27613,8.0,0.0,hrl_dqn_apf,hierarchical,dqn,-10.536,7.605,-0.524,0.00,0.00,0.00,-11.981,6.736,-0.715,0.00,0.00,0.00,-22.714,7.386,0.529,0.00,0.00,0.00,4.200,4.200,4.200
2026-02-04 20:51:28,352.75,0,354,354,0.00%,80.00,0.00%,"[0, 5, 10, 15, 20, 25, 30, 35, 40, 45, 50, 55, 60, 65, 70, 75, 80, 85, 90, 95, 100]","[0, 0, 0, 0, 0, 0, 0, 0, 0, 0, 0, 0, 0, 0, 0, 0, 1613, 0, 0, 0]","[0.0, 0.0, 0.0, 0.0, 0.0, 0.0, 0.0, 0.0, 0.0, 0.0, 0.0, 0.0, 0.0, 0.0, 0.0, 0.0, 1.0, 1.0, 1.0, 1.0]",4.0,2.0,2.0,2.0,2.0,14,-3.27613,8.0,0.0,hrl_dqn_apf,hierarchical,dqn,-10.579,7.611,-0.528,0.00,0.00,0.00,-11.937,6.740,-0.713,0.00,0.00,0.00,-22.703,7.391,0.475,0.00,0.00,0.00,4.200,4.200,4.200
2026-02-04 20:51:30,354.75,0,354,354,0.00%,80.00,0.00%,"[0, 5, 10, 15, 20, 25, 30, 35, 40, 45, 50, 55, 60, 65, 70, 75, 80, 85, 90, 95, 100]","[0, 0, 0, 0, 0, 0, 0, 0, 0, 0, 0, 0, 0, 0, 0, 0, 1613, 0, 0, 0]","[0.0, 0.0, 0.0, 0.0, 0.0, 0.0, 0.0, 0.0, 0.0, 0.0, 0.0, 0.0, 0.0, 0.0, 0.0, 0.0, 1.0, 1.0, 1.0, 1.0]",4.0,2.0,2.0,2.0,2.0,14,-3.27613,8.0,0.0,hrl_dqn_apf,hierarchical,dqn,-10.460,7.615,-0.518,0.00,0.00,0.00,-12.056,6.744,-0.726,0.00,0.00,0.00,-22.743,7.394,0.631,0.00,0.00,0.00,4.200,4.200,4.200
2026-02-04 20:51:31,355.75,0,354,354,0.00%,80.00,0.00%,"[0, 5, 10, 15, 20, 25, 30, 35, 40, 45, 50, 55, 60, 65, 70, 75, 80, 85, 90, 95, 100]","[0, 0, 0, 0, 0, 0, 0, 0, 0, 0, 0, 0, 0, 0, 0, 0, 1613, 0, 0, 0]","[0.0, 0.0, 0.0, 0.0, 0.0, 0.0, 0.0, 0.0, 0.0, 0.0, 0.0, 0.0, 0.0, 0.0, 0.0, 0.0, 1.0, 1.0, 1.0, 1.0]",4.0,2.0,2.0,2.0,2.0,14,-3.27613,8.0,0.0,hrl_dqn_apf,hierarchical,dqn,-10.478,7.615,-0.519,0.00,0.00,0.00,-12.038,6.744,-0.724,0.00,0.00,0.00,-22.737,7.394,0.607,0.00,0.00,0.00,4.200,4.200,4.200
2026-02-04 20:51:32,356.75,0,354,354,0.00%,80.00,0.00%,"[0, 5, 10, 15, 20, 25, 30, 35, 40, 45, 50, 55, 60, 65, 70, 75, 80, 85, 90, 95, 100]","[0, 0, 0, 0, 0, 0, 0, 0, 0, 0, 0, 0, 0, 0, 0, 0, 1613, 0, 0, 0]","[0.0, 0.0, 0.0, 0.0, 0.0, 0.0, 0.0, 0.0, 0.0, 0.0, 0.0, 0.0, 0.0, 0.0, 0.0, 0.0, 1.0, 1.0, 1.0, 1.0]",4.0,2.0,2.0,2.0,2.0,14,-3.27613,8.0,0.0,hrl_dqn_apf,hierarchical,dqn,-10.495,7.616,-0.521,0.00,0.00,0.00,-12.021,6.745,-0.722,0.00,0.00,0.00,-22.731,7.394,0.585,0.00,0.00,0.00,4.200,4.200,4.200
2026-02-04 20:51:33,357.76,0,354,354,0.00%,80.00,0.00%,"[0, 5, 10, 15, 20, 25, 30, 35, 40, 45, 50, 55, 60, 65, 70, 75, 80, 85, 90, 95, 100]","[0, 0, 0, 0, 0, 0, 0, 0, 0, 0, 0, 0, 0, 0, 0, 0, 1613, 0, 0, 0]","[0.0, 0.0, 0.0, 0.0, 0.0, 0.0, 0.0, 0.0, 0.0, 0.0, 0.0, 0.0, 0.0, 0.0, 0.0, 0.0, 1.0, 1.0, 1.0, 1.0]",4.0,2.0,2.0,2.0,2.0,14,-3.27613,8.0,0.0,hrl_dqn_apf,hierarchical,dqn,-10.498,7.616,-0.521,0.00,0.00,0.00,-12.018,6.745,-0.722,0.00,0.00,0.00,-22.731,7.394,0.581,0.00,0.00,0.00,4.200,4.200,4.200
2026-02-04 20:51:34,358.76,3,348,351,0.85%,80.90,0.85%,"[0, 5, 10, 15, 20, 25, 30, 35, 40, 45, 50, 55, 60, 65, 70, 75, 80, 85, 90, 95, 100]","[3, 0, 0, 0, 0, 0, 0, 0, 0, 0, 0, 0, 0, 0, 0, 0, 348, 0, 0, 0]","[0.008547008547008548, 0.008547008547008548, 0.008547008547008548, 0.008547008547008548, 0.008547008547008548, 0.008547008547008548, 0.008547008547008548, 0.008547008547008548, 0.008547008547008548, 0.008547008547008548, 0.008547008547008548, 0.008547008547008548, 0.008547008547008548, 0.008547008547008548, 0.008547008547008548, 0.008547008547008548, 1.0, 1.0, 1.0, 1.0]",4.0,2.0,2.0,2.0,2.0,14,-3.27613,8.0,0.0,hrl_dqn_apf,hierarchical,dqn,-10.487,7.616,-0.520,0.00,0.00,0.00,-12.029,6.745,-0.723,0.00,0.00,0.00,-22.734,7.394,0.596,0.00,0.00,0.00,4.200,4.200,4.200
2026-02-04 20:51:35,359.76,0,354,354,0.00%,80.00,0.00%,"[0, 5, 10, 15, 20, 25, 30, 35, 40, 45, 50, 55, 60, 65, 70, 75, 80, 85, 90, 95, 100]","[0, 0, 0, 0, 0, 0, 0, 0, 0, 0, 0, 0, 0, 0, 0, 0, 1613, 0, 0, 0]","[0.0, 0.0, 0.0, 0.0, 0.0, 0.0, 0.0, 0.0, 0.0, 0.0, 0.0, 0.0, 0.0, 0.0, 0.0, 0.0, 1.0, 1.0, 1.0, 1.0]",4.0,2.0,2.0,2.0,2.0,14,-3.27613,8.0,0.0,hrl_dqn_apf,hierarchical,dqn,-10.486,7.616,-0.520,0.00,0.00,0.00,-12.030,6.745,-0.723,0.00,0.00,0.00,-22.735,7.394,0.597,0.00,0.00,0.00,4.200,4.200,4.200
2026-02-04 20:51:36,360.76,0,354,354,0.00%,80.00,0.00%,"[0, 5, 10, 15, 20, 25, 30, 35, 40, 45, 50, 55, 60, 65, 70, 75, 80, 85, 90, 95, 100]","[0, 0, 0, 0, 0, 0, 0, 0, 0, 0, 0, 0, 0, 0, 0, 0, 1613, 0, 0, 0]","[0.0, 0.0, 0.0, 0.0, 0.0, 0.0, 0.0, 0.0, 0.0, 0.0, 0.0, 0.0, 0.0, 0.0, 0.0, 0.0, 1.0, 1.0, 1.0, 1.0]",4.0,2.0,2.0,2.0,2.0,14,-3.27613,8.0,0.0,hrl_dqn_apf,hierarchical,dqn,-10.488,7.616,-0.520,0.00,0.00,0.00,-12.028,6.745,-0.723,0.00,0.00,0.00,-22.734,7.394,0.594,0.00,0.00,0.00,4.200,4.200,4.200
2026-02-04 20:51:37,361.94,0,354,354,0.00%,80.00,0.00%,"[0, 5, 10, 15, 20, 25, 30, 35, 40, 45, 50, 55, 60, 65, 70, 75, 80, 85, 90, 95, 100]","[0, 0, 0, 0, 0, 0, 0, 0, 0, 0, 0, 0, 0, 0, 0, 0, 1613, 0, 0, 0]","[0.0, 0.0, 0.0, 0.0, 0.0, 0.0, 0.0, 0.0, 0.0, 0.0, 0.0, 0.0, 0.0, 0.0, 0.0, 0.0, 1.0, 1.0, 1.0, 1.0]",4.0,2.0,2.0,2.0,2.0,14,-3.27613,8.0,0.0,hrl_dqn_apf,hierarchical,dqn,-10.490,7.616,-0.520,0.00,0.00,0.00,-12.026,6.745,-0.723,0.00,0.00,0.00,-22.733,7.394,0.592,0.00,0.00,0.00,4.200,4.200,4.200
2026-02-04 20:51:38,362.94,4,348,352,1.14%,80.67,1.14%,"[0, 5, 10, 15, 20, 25, 30, 35, 40, 45, 50, 55, 60, 65, 70, 75, 80, 85, 90, 95, 100]","[4, 0, 0, 0, 0, 0, 0, 0, 0, 0, 0, 0, 0, 0, 0, 0, 348, 0, 0, 0]","[0.011363636363636364, 0.011363636363636364, 0.011363636363636364, 0.011363636363636364, 0.011363636363636364, 0.011363636363636364, 0.011363636363636364, 0.011363636363636364, 0.011363636363636364, 0.011363636363636364, 0.011363636363636364, 0.011363636363636364, 0.011363636363636364, 0.011363636363636364, 0.011363636363636364, 0.011363636363636364, 1.0, 1.0, 1.0, 1.0]",4.0,2.0,2.0,2.0,2.0,14,-3.27613,8.0,0.0,hrl_dqn_apf,hierarchical,dqn,-10.489,7.616,-0.520,0.00,0.00,0.00,-12.027,6.745,-0.723,0.00,0.00,0.00,-22.734,7.394,0.593,0.00,0.00,0.00,4.200,4.200,4.200
2026-02-04 20:51:39,363.95,0,354,354,0.00%,80.00,0.00%,"[0, 5, 10, 15, 20, 25, 30, 35, 40, 45, 50, 55, 60, 65, 70, 75, 80, 85, 90, 95, 100]","[0, 0, 0, 0, 0, 0, 0, 0, 0, 0, 0, 0, 0, 0, 0, 0, 1613, 0, 0, 0]","[0.0, 0.0, 0.0, 0.0, 0.0, 0.0, 0.0, 0.0, 0.0, 0.0, 0.0, 0.0, 0.0, 0.0, 0.0, 0.0, 1.0, 1.0, 1.0, 1.0]",4.0,2.0,2.0,2.0,2.0,14,-3.27613,8.0,0.0,hrl_dqn_apf,hierarchical,dqn,-10.489,7.616,-0.520,0.00,0.00,0.00,-12.027,6.745,-0.723,0.00,0.00,0.00,-22.734,7.394,0.593,0.00,0.00,0.00,4.200,4.200,4.200
2026-02-04 20:51:40,364.95,0,354,354,0.00%,80.00,0.00%,"[0, 5, 10, 15, 20, 25, 30, 35, 40, 45, 50, 55, 60, 65, 70, 75, 80, 85, 90, 95, 100]","[0, 0, 0, 0, 0, 0, 0, 0, 0, 0, 0, 0, 0, 0, 0, 0, 1613, 0, 0, 0]","[0.0, 0.0, 0.0, 0.0, 0.0, 0.0, 0.0, 0.0, 0.0, 0.0, 0.0, 0.0, 0.0, 0.0, 0.0, 0.0, 1.0, 1.0, 1.0, 1.0]",4.0,2.0,2.0,2.0,2.0,14,-3.27613,8.0,0.0,hrl_dqn_apf,hierarchical,dqn,-10.489,7.616,-0.520,0.00,0.00,0.00,-12.027,6.745,-0.723,0.00,0.00,0.00,-22.734,7.394,0.593,0.00,0.00,0.00,4.200,4.200,4.200
2026-02-04 20:51:41,365.95,0,354,354,0.00%,80.00,0.00%,"[0, 5, 10, 15, 20, 25, 30, 35, 40, 45, 50, 55, 60, 65, 70, 75, 80, 85, 90, 95, 100]","[0, 0, 0, 0, 0, 0, 0, 0, 0, 0, 0, 0, 0, 0, 0, 0, 1613, 0, 0, 0]","[0.0, 0.0, 0.0, 0.0, 0.0, 0.0, 0.0, 0.0, 0.0, 0.0, 0.0, 0.0, 0.0, 0.0, 0.0, 0.0, 1.0, 1.0, 1.0, 1.0]",4.0,2.0,2.0,2.0,2.0,14,-3.27613,8.0,0.0,hrl_dqn_apf,hierarchical,dqn,-10.489,7.616,-0.520,0.00,0.00,0.00,-12.027,6.745,-0.723,0.00,0.00,0.00,-22.734,7.394,0.593,0.00,0.00,0.00,4.200,4.200,4.200
2026-02-04 20:51:42,366.96,4,348,352,1.14%,79.98,0.25%,"[0, 5, 10, 15, 20, 25, 30, 35, 40, 45, 50, 55, 60, 65, 70, 75, 80, 85, 90, 95, 100]","[4, 0, 0, 0, 0, 0, 0, 0, 0, 0, 0, 0, 0, 0, 0, 0, 1609, 0, 0, 0]","[0.0024798512089274642, 0.0024798512089274642, 0.0024798512089274642, 0.0024798512089274642, 0.0024798512089274642, 0.0024798512089274642, 0.0024798512089274642, 0.0024798512089274642, 0.0024798512089274642, 0.0024798512089274642, 0.0024798512089274642, 0.0024798512089274642, 0.0024798512089274642, 0.0024798512089274642, 0.0024798512089274642, 0.0024798512089274642, 1.0, 1.0, 1.0, 1.0]",4.0,2.0,2.0,2.0,2.0,14,-3.27613,8.0,0.0,hrl_dqn_apf,hierarchical,dqn,-10.489,7.616,-0.520,0.00,0.00,0.00,-12.027,6.745,-0.723,0.00,0.00,0.00,-22.734,7.394,0.593,0.00,0.00,0.00,4.200,4.200,4.200
2026-02-04 20:51:43,367.96,4,348,352,1.14%,80.67,1.14%,"[0, 5, 10, 15, 20, 25, 30, 35, 40, 45, 50, 55, 60, 65, 70, 75, 80, 85, 90, 95, 100]","[4, 0, 0, 0, 0, 0, 0, 0, 0, 0, 0, 0, 0, 0, 0, 0, 348, 0, 0, 0]","[0.011363636363636364, 0.011363636363636364, 0.011363636363636364, 0.011363636363636364, 0.011363636363636364, 0.011363636363636364, 0.011363636363636364, 0.011363636363636364, 0.011363636363636364, 0.011363636363636364, 0.011363636363636364, 0.011363636363636364, 0.011363636363636364, 0.011363636363636364, 0.011363636363636364, 0.011363636363636364, 1.0, 1.0, 1.0, 1.0]",4.0,2.0,2.0,2.0,2.0,14,-3.27613,8.0,0.0,hrl_dqn_apf,hierarchical,dqn,-10.489,7.616,-0.520,0.00,0.00,0.00,-12.027,6.745,-0.723,0.00,0.00,0.00,-22.734,7.394,0.593,0.00,0.00,0.00,4.200,4.200,4.200
2026-02-04 20:51:44,368.96,0,354,354,0.00%,80.00,0.00%,"[0, 5, 10, 15, 20, 25, 30, 35, 40, 45, 50, 55, 60, 65, 70, 75, 80, 85, 90, 95, 100]","[0, 0, 0, 0, 0, 0, 0, 0, 0, 0, 0, 0, 0, 0, 0, 0, 1613, 0, 0, 0]","[0.0, 0.0, 0.0, 0.0, 0.0, 0.0, 0.0, 0.0, 0.0, 0.0, 0.0, 0.0, 0.0, 0.0, 0.0, 0.0, 1.0, 1.0, 1.0, 1.0]",4.0,2.0,2.0,2.0,2.0,14,-3.27613,8.0,0.0,hrl_dqn_apf,hierarchical,dqn,-10.489,7.616,-0.520,0.00,0.00,0.00,-12.027,6.745,-0.723,0.00,0.00,0.00,-22.734,7.394,0.593,0.00,0.00,0.00,4.200,4.200,4.200
2026-02-04 20:51:45,369.96,0,354,354,0.00%,80.00,0.00%,"[0, 5, 10, 15, 20, 25, 30, 35, 40, 45, 50, 55, 60, 65, 70, 75, 80, 85, 90, 95, 100]","[0, 0, 0, 0, 0, 0, 0, 0, 0, 0, 0, 0, 0, 0, 0, 0, 1613, 0, 0, 0]","[0.0, 0.0, 0.0, 0.0, 0.0, 0.0, 0.0, 0.0, 0.0, 0.0, 0.0, 0.0, 0.0, 0.0, 0.0, 0.0, 1.0, 1.0, 1.0, 1.0]",4.0,2.0,2.0,2.0,2.0,14,-3.27613,8.0,0.0,hrl_dqn_apf,hierarchical,dqn,-10.489,7.616,-0.520,0.00,0.00,0.00,-12.027,6.745,-0.723,0.00,0.00,0.00,-22.734,7.394,0.593,0.00,0.00,0.00,4.200,4.200,4.200
2026-02-04 20:51:46,370.97,0,354,354,0.00%,80.00,0.00%,"[0, 5, 10, 15, 20, 25, 30, 35, 40, 45, 50, 55, 60, 65, 70, 75, 80, 85, 90, 95, 100]","[0, 0, 0, 0, 0, 0, 0, 0, 0, 0, 0, 0, 0, 0, 0, 0, 1613, 0, 0, 0]","[0.0, 0.0, 0.0, 0.0, 0.0, 0.0, 0.0, 0.0, 0.0, 0.0, 0.0, 0.0, 0.0, 0.0, 0.0, 0.0, 1.0, 1.0, 1.0, 1.0]",4.0,2.0,2.0,2.0,2.0,14,-3.27613,8.0,0.0,hrl_dqn_apf,hierarchical,dqn,-10.489,7.616,-0.520,0.00,0.00,0.00,-12.027,6.745,-0.723,0.00,0.00,0.00,-22.734,7.394,0.593,0.00,0.00,0.00,4.200,4.200,4.200
2026-02-04 20:51:47,371.97,4,348,352,1.14%,79.98,0.25%,"[0, 5, 10, 15, 20, 25, 30, 35, 40, 45, 50, 55, 60, 65, 70, 75, 80, 85, 90, 95, 100]","[4, 0, 0, 0, 0, 0, 0, 0, 0, 0, 0, 0, 0, 0, 0, 0, 1609, 0, 0, 0]","[0.0024798512089274642, 0.0024798512089274642, 0.0024798512089274642, 0.0024798512089274642, 0.0024798512089274642, 0.0024798512089274642, 0.0024798512089274642, 0.0024798512089274642, 0.0024798512089274642, 0.0024798512089274642, 0.0024798512089274642, 0.0024798512089274642, 0.0024798512089274642, 0.0024798512089274642, 0.0024798512089274642, 0.0024798512089274642, 1.0, 1.0, 1.0, 1.0]",4.0,2.0,2.0,2.0,2.0,13,-11.92062,8.0,0.0,hrl_dqn_apf,hierarchical,dqn,-10.489,7.616,-0.520,0.00,0.00,0.00,-12.027,6.745,-0.723,0.00,0.00,0.00,-22.734,7.394,0.593,0.00,0.00,0.00,4.186,4.186,4.197
2026-02-04 20:51:49,373.97,0,354,354,0.00%,80.00,0.00%,"[0, 5, 10, 15, 20, 25, 30, 35, 40, 45, 50, 55, 60, 65, 70, 75, 80, 85, 90, 95, 100]","[0, 0, 0, 0, 0, 0, 0, 0, 0, 0, 0, 0, 0, 0, 0, 0, 1613, 0, 0, 0]","[0.0, 0.0, 0.0, 0.0, 0.0, 0.0, 0.0, 0.0, 0.0, 0.0, 0.0, 0.0, 0.0, 0.0, 0.0, 0.0, 1.0, 1.0, 1.0, 1.0]",4.0,2.0,2.0,2.0,2.0,11,-23.9208,8.0,0.0,hrl_dqn_apf,hierarchical,dqn,-10.021,7.835,-0.458,0.00,0.00,0.00,-12.484,6.430,-0.784,0.00,0.00,0.00,-22.734,7.346,0.126,0.00,0.00,0.00,4.200,4.200,4.200
2026-02-04 20:51:50,374.98,0,354,354,0.00%,80.00,0.00%,"[0, 5, 10, 15, 20, 25, 30, 35, 40, 45, 50, 55, 60, 65, 70, 75, 80, 85, 90, 95, 100]","[0, 0, 0, 0, 0, 0, 0, 0, 0, 0, 0, 0, 0, 0, 0, 0, 1613, 0, 0, 0]","[0.0, 0.0, 0.0, 0.0, 0.0, 0.0, 0.0, 0.0, 0.0, 0.0, 0.0, 0.0, 0.0, 0.0, 0.0, 0.0, 1.0, 1.0, 1.0, 1.0]",4.0,2.0,2.0,2.0,2.0,11,-23.9208,8.0,0.0,hrl_dqn_apf,hierarchical,dqn,-9.717,7.805,-0.417,0.00,0.00,0.00,-12.789,6.428,-0.824,0.00,0.00,0.00,-22.733,7.331,-0.181,0.00,0.00,0.00,4.200,4.200,4.200
2026-02-04 20:51:51,375.98,0,354,354,0.00%,80.00,0.00%,"[0, 5, 10, 15, 20, 25, 30, 35, 40, 45, 50, 55, 60, 65, 70, 75, 80, 85, 90, 95, 100]","[0, 0, 0, 0, 0, 0, 0, 0, 0, 0, 0, 0, 0, 0, 0, 0, 1613, 0, 0, 0]","[0.0, 0.0, 0.0, 0.0, 0.0, 0.0, 0.0, 0.0, 0.0, 0.0, 0.0, 0.0, 0.0, 0.0, 0.0, 0.0, 1.0, 1.0, 1.0, 1.0]",4.0,2.0,2.0,2.0,2.0,11,-23.9208,8.0,0.0,hrl_dqn_apf,hierarchical,dqn,-9.880,7.803,-0.438,0.00,0.00,0.00,-12.626,6.428,-0.801,0.00,0.00,0.00,-22.733,7.330,-0.016,0.00,0.00,0.00,4.200,4.200,4.200
2026-02-04 20:51:52,376.98,0,354,354,0.00%,80.00,0.00%,"[0, 5, 10, 15, 20, 25, 30, 35, 40, 45, 50, 55, 60, 65, 70, 75, 80, 85, 90, 95, 100]","[0, 0, 0, 0, 0, 0, 0, 0, 0, 0, 0, 0, 0, 0, 0, 0, 1613, 0, 0, 0]","[0.0, 0.0, 0.0, 0.0, 0.0, 0.0, 0.0, 0.0, 0.0, 0.0, 0.0, 0.0, 0.0, 0.0, 0.0, 0.0, 1.0, 1.0, 1.0, 1.0]",4.0,2.0,2.0,2.0,2.0,11,-23.9208,8.0,0.0,hrl_dqn_apf,hierarchical,dqn,-10.138,7.818,-0.473,0.00,0.00,0.00,-12.369,6.442,-0.765,0.00,0.00,0.00,-22.733,7.344,0.243,0.00,0.00,0.00,4.200,4.200,4.200
